date,open,high,low,close,adj_close,volume
2013-07-18,50.2300,50.2300,50.1500,50.1500,41.5949,200
2013-07-19,50.6000,50.6000,49.7600,49.7600,41.2715,3900
2013-07-22,50.4800,50.4800,49.9500,50.0000,41.4705,3500
2013-07-23,50.3900,50.3900,49.9000,49.9200,41.4042,4700
2013-07-24,49.8000,49.8500,49.8000,49.8500,41.3461,400
2013-07-25,49.8500,50.1100,49.8300,50.1100,41.5617,2900
2013-07-26,49.9400,50.0600,49.7800,49.8700,41.3627,3000
2013-07-29,50.2000,50.2000,50.0500,50.0500,41.5120,1200
2013-07-30,50.1500,50.2500,50.1300,50.2500,41.6779,1100
2013-07-31,50.3400,50.3400,50.1200,50.1200,41.5700,2300
2013-08-01,50.1200,50.1200,50.1200,50.1200,41.5700,0
2013-08-02,50.4900,50.7200,50.4900,50.7200,42.0677,3400
2013-08-05,51.1800,51.1800,50.7000,50.7300,42.0760,800
2013-08-06,50.6500,50.6500,50.3900,50.4600,41.8520,75600
2013-08-07,50.8300,50.8300,50.1200,50.2500,41.6779,16100
2013-08-08,50.6800,50.6800,50.3100,50.4900,41.8769,3900
2013-08-09,50.4500,50.4500,50.3100,50.3800,41.7857,96800
2013-08-12,50.5900,50.5900,50.1800,50.2200,41.6530,72100
2013-08-13,50.5400,50.5600,50.5200,50.5200,41.9018,700
2013-08-14,50.5800,50.5800,50.1800,50.1800,41.6198,61000
2013-08-15,49.8400,49.8400,49.4200,49.4600,41.0226,24300
2013-08-16,49.5000,49.5400,49.3000,49.3200,40.9065,28800
2013-08-19,49.5000,49.5000,49.2600,49.2600,40.8567,5500
2013-08-20,49.7600,49.7600,49.5200,49.6500,41.1802,1200
2013-08-21,51.6600,51.6600,49.1900,49.6200,41.1553,7700
2013-08-22,49.6500,53.2700,49.6100,50.0000,41.4705,2800
2013-08-23,50.0100,50.0400,49.8500,49.9600,41.4373,35300
2013-08-26,50.5100,50.5100,49.8900,49.8900,41.3793,17500
2013-08-27,49.9100,49.9100,49.0000,49.0900,40.7157,11300
2013-08-28,49.5100,49.5100,49.2000,49.2700,40.8650,9100
2013-08-29,49.4700,49.5100,49.3600,49.3900,40.9646,8300
2013-08-30,49.4900,49.4900,49.0100,49.0800,40.7074,20200
2013-09-03,49.5400,49.5400,49.1700,49.2900,40.8816,26300
2013-09-04,49.3900,49.7800,49.3900,49.7100,41.2300,26000
2013-09-05,49.8000,49.8500,49.7700,49.7700,41.2797,1900
2013-09-06,49.5600,50.0400,49.5600,50.0200,41.4871,41000
2013-09-09,50.0200,50.3500,50.0200,50.3000,41.7193,2300
2013-09-10,51.0500,51.0500,50.5600,50.5900,41.9599,4100
2013-09-11,50.5000,50.7700,50.5000,50.7700,42.1091,900
2013-09-12,53.3400,53.3400,50.7300,50.8300,42.1589,2600
2013-09-13,51.1200,51.1200,50.8700,50.9600,42.2667,4000
2013-09-16,51.1500,51.2500,51.0400,51.0400,42.3331,1200
2013-09-17,51.2800,51.3200,51.2500,51.3200,42.5653,1700
2013-09-18,51.6000,52.0500,51.6000,52.0000,43.1293,11800
2013-09-19,52.3000,52.3000,52.0000,52.0700,43.1874,6000
2013-09-20,52.2600,52.2600,51.7000,51.8600,43.0132,8400
2013-09-23,51.2800,51.7000,51.2800,51.5800,42.7810,7100
2013-09-24,51.3000,51.5000,51.2500,51.2500,42.6486,1000
2013-09-25,51.2000,51.2000,51.0200,51.0400,42.4739,4500
2013-09-26,51.4100,51.4100,51.1800,51.3300,42.7152,14300
2013-09-27,51.6100,51.6100,51.0300,51.1000,42.5238,36900
2013-09-30,51.0000,51.0000,50.3300,50.7800,42.2575,7200
2013-10-01,51.1000,51.1800,50.9100,51.0300,42.4656,3600
2013-10-02,50.9600,51.1500,50.8900,51.1100,42.5322,1800
2013-10-03,51.5400,51.5400,50.4500,50.7400,42.2243,41700
2013-10-04,51.1800,51.1800,50.6400,50.9700,42.4157,10700
2013-10-07,50.9500,50.9500,50.5500,50.5800,42.0911,29500
2013-10-08,50.2400,50.4600,49.8000,49.8000,41.4420,25900
2013-10-09,50.4100,50.4100,49.5000,49.8400,41.4753,8600
2013-10-10,50.7100,50.7100,50.3900,50.5600,42.0745,20300
2013-10-11,50.8300,51.0700,50.8300,51.0000,42.4406,25800
2013-10-14,51.3500,51.4600,50.8500,51.3900,42.7652,91300
2013-10-15,51.7700,51.7700,51.0000,51.0700,42.4989,33700
2013-10-16,51.8100,51.8100,51.4000,51.7400,43.0564,45300
2013-10-17,52.0300,52.0300,51.4200,51.9400,43.2229,45600
2013-10-18,52.5300,52.5300,52.1300,52.4400,43.6390,39200
2013-10-21,52.7800,52.7800,52.4000,52.5400,43.7221,46400
2013-10-22,53.0500,53.0500,52.5700,52.7400,43.8886,69900
2013-10-23,52.7400,52.7400,52.4900,52.6800,43.8387,37600
2013-10-24,53.0400,53.0400,52.6800,52.8300,43.9635,127900
2013-10-25,53.1500,53.1500,52.9000,52.9600,44.0717,42900
2013-10-28,53.5000,53.5000,53.0700,53.2100,44.2797,55300
2013-10-29,53.5500,53.5500,53.2400,53.5500,44.5627,36400
2013-10-30,54.0000,54.0000,53.2700,53.4400,44.4711,48700
2013-10-31,53.1700,53.4900,53.1700,53.2500,44.3130,27800
2013-11-01,53.8100,53.8100,53.0200,53.2900,44.3463,14700
2013-11-04,53.9200,53.9200,53.3100,53.5300,44.5460,45200
2013-11-05,53.5200,53.6000,53.1800,53.5200,44.5377,54300
2013-11-06,54.0900,54.0900,53.5700,53.7900,44.7624,49200
2013-11-07,53.8700,53.8700,53.0100,53.1000,44.1882,14300
2013-11-08,53.3000,53.5600,53.2500,53.5600,44.5710,30600
2013-11-11,53.8100,53.8100,53.6100,53.7400,44.7208,43500
2013-11-12,53.8800,53.8800,53.5600,53.7700,44.7457,50700
2013-11-13,53.6800,54.2700,53.6800,54.2700,45.1618,39400
2013-11-14,54.4300,54.6000,54.4300,54.6000,45.4364,21200
2013-11-15,54.9500,54.9500,54.5700,54.8500,45.6445,32700
2013-11-18,54.9000,54.9600,54.5000,54.5200,45.3699,32200
2013-11-19,54.7000,54.7500,54.4900,54.5900,45.4281,27000
2013-11-20,54.6200,54.7000,54.2600,54.4000,45.2700,31500
2013-11-21,54.9300,54.9300,54.5800,54.8700,45.6611,47900
2013-11-22,54.8600,55.0600,54.8500,55.0600,45.8192,59200
2013-11-25,55.4700,55.4700,55.0000,55.0000,45.7693,32100
2013-11-26,55.2800,55.2800,55.0100,55.1900,45.9274,12400
2013-11-27,55.5200,55.5200,55.2400,55.3600,46.0689,9900
2013-11-29,55.5400,55.5700,55.4400,55.4400,46.1354,6000
2013-12-02,55.7400,55.7400,55.1800,55.1800,45.9191,11400
2013-12-03,55.1000,55.1500,54.8700,55.0500,45.8109,32900
2013-12-04,55.2100,55.2100,54.6100,55.0000,45.7693,67900
2013-12-05,55.0500,55.0500,54.7900,54.8600,45.6528,158100
2013-12-06,55.1600,55.3800,55.0500,55.2700,45.9940,30700
2013-12-09,55.7100,55.7100,55.3500,55.4400,46.1354,26200
2013-12-10,55.5000,55.5000,55.1200,55.1800,45.9191,37200
2013-12-11,55.3000,55.3000,54.6600,54.6600,45.4863,20200
2013-12-12,54.7200,54.7200,54.4200,54.5400,45.3865,19000
2013-12-13,54.5400,54.5400,54.2500,54.4100,45.2783,10700
2013-12-16,54.8500,54.9300,54.6500,54.7700,45.5779,126100
2013-12-17,55.0800,55.0800,54.4700,54.5600,45.4031,64300
2013-12-18,54.7500,55.3800,54.3000,55.3400,46.0522,302700
2013-12-19,55.3900,55.4800,55.2300,55.4300,46.1271,188900
2013-12-20,55.5000,55.8900,55.5000,55.8000,46.4350,36800
2013-12-23,56.0100,56.4300,55.7400,55.9200,46.6897,106200
2013-12-24,56.0800,56.0800,55.9200,56.0300,46.7815,29500
2013-12-26,55.9600,56.3900,55.9600,56.3900,47.0821,217600
2013-12-27,56.5900,56.5900,56.2400,56.3000,47.0070,75500
2013-12-30,56.4600,56.4600,56.1900,56.3000,47.0070,55800
2013-12-31,56.5700,56.6500,56.3300,56.5200,47.1906,55200
2014-01-02,56.4600,56.7600,55.9400,56.1000,46.8400,78500
2014-01-03,56.5700,56.5700,55.9000,55.9900,46.7481,76100
2014-01-06,55.9800,55.9800,55.6300,55.7700,46.5644,63200
2014-01-07,56.1100,56.2600,56.0200,56.2200,46.9402,86100
2014-01-08,56.3800,56.3800,56.0000,56.2000,46.9235,71200
2014-01-09,56.3700,56.3900,55.9200,56.1700,46.8984,72600
2014-01-10,56.1500,56.4000,56.0400,56.2900,46.9986,17100
2014-01-13,56.3400,56.3600,55.4000,55.5100,46.3474,40400
2014-01-14,55.7900,56.1700,55.6700,56.1500,46.8817,19800
2014-01-15,56.3900,56.5200,56.2600,56.4300,47.1155,39400
2014-01-16,56.4700,56.4700,56.2400,56.4600,47.1405,17400
2014-01-17,56.5700,56.5700,56.2100,56.3100,47.0153,25100
2014-01-21,56.8700,56.8700,56.1200,56.5300,47.1990,27300
2014-01-22,56.4400,56.4400,56.2200,56.3900,47.0821,25800
2014-01-23,56.2700,56.2700,55.6600,55.9700,46.7314,27100
2014-01-24,55.5700,55.6100,54.8100,54.8100,45.7629,355400
2014-01-27,54.8100,54.9500,54.0200,54.3700,45.3955,66000
2014-01-28,54.5400,54.5400,54.2200,54.4700,45.4790,37100
2014-01-29,54.2800,54.3400,53.7800,54.0000,45.0866,33100
2014-01-30,54.5100,54.5300,54.1300,54.4000,45.4206,24100
2014-01-31,53.8000,54.4200,53.8000,54.1500,45.2119,43900
2014-02-03,54.2900,54.2900,52.8100,52.8800,44.1515,52300
2014-02-04,52.9900,53.3600,52.9900,53.2900,44.4938,366100
2014-02-05,53.2800,53.2800,52.7300,53.1400,44.3686,70000
2014-02-06,53.3000,53.7900,53.3000,53.7900,44.9113,11700
2014-02-07,54.1600,54.6300,53.9600,54.6300,45.6126,20700
2014-02-10,54.7900,54.7900,54.4800,54.7500,45.7128,36100
2014-02-11,54.8700,55.3800,54.8100,55.3400,46.2054,31900
2014-02-12,55.4700,55.6300,55.3600,55.4600,46.3056,24800
2014-02-13,55.2800,55.8800,55.2200,55.8200,46.6062,22900
2014-02-14,55.9400,56.1400,55.7300,56.0600,46.8066,34200
2014-02-18,56.2100,56.2700,56.0000,56.2600,46.9736,35900
2014-02-19,56.2200,56.3900,55.8400,55.8500,46.6312,54100
2014-02-20,55.8000,56.2700,55.7400,56.2700,46.9819,34300
2014-02-21,56.3900,56.4800,56.1500,56.1500,46.8817,21100
2014-02-24,56.3900,56.7000,56.2900,56.4600,47.1405,62900
2014-02-25,56.2900,56.6100,56.2900,56.3900,47.0821,18800
2014-02-26,56.7000,56.8000,56.3700,56.5800,47.2407,34500
2014-02-27,56.7600,56.7900,56.3900,56.7300,47.3660,14000
2014-02-28,56.5300,57.0700,56.4600,56.8000,47.4244,61000
2014-03-03,56.7100,56.7100,55.9400,56.2600,46.9736,82700
2014-03-04,57.0800,57.2600,56.9800,57.2100,47.7668,28200
2014-03-05,57.3300,57.3300,57.0000,57.0600,47.6415,27200
2014-03-06,57.3300,57.3300,57.0000,57.1000,47.6749,27600
2014-03-07,57.4400,57.4400,56.8300,56.9400,47.5413,12300
2014-03-10,56.9400,57.0400,56.7500,57.0400,47.6248,14500
2014-03-11,57.2500,57.2700,56.7900,56.9000,47.5079,5300
2014-03-12,56.9800,56.9800,56.4700,56.9200,47.5246,23100
2014-03-13,57.0300,57.0300,56.0000,56.1700,46.8984,30800
2014-03-14,55.9400,56.2900,55.9400,56.0000,46.7565,18200
2014-03-17,56.1200,56.6800,56.1200,56.5800,47.2407,24900
2014-03-18,56.8400,57.1100,56.7000,57.0800,47.6582,12500
2014-03-19,57.2700,57.2700,56.3300,56.6700,47.3159,52500
2014-03-20,56.4300,56.8800,56.4300,56.7400,47.3743,12000
2014-03-21,56.9900,57.1100,56.3400,56.4400,47.1238,212500
2014-03-24,56.7100,56.7100,55.9100,56.3300,47.0320,25000
2014-03-25,56.7800,56.7800,55.9500,56.3200,47.1937,24200
2014-03-26,56.8000,56.8000,55.8500,55.8500,46.7999,44200
2014-03-27,55.6700,55.7600,55.3900,55.6600,46.6407,15000
2014-03-28,56.0200,56.2000,55.7000,55.8000,46.7580,18400
2014-03-31,56.2000,56.4400,56.1500,56.3300,47.2021,9300
2014-04-01,56.7000,56.8800,56.6100,56.8800,47.6630,13600
2014-04-02,57.1300,57.1300,56.8400,57.0300,47.7887,12600
2014-04-03,56.8500,57.1000,56.6300,56.8100,47.6043,8900
2014-04-04,56.9300,56.9300,55.8000,55.9400,46.8753,202700
2014-04-07,55.6200,55.8600,55.1700,55.4600,46.4731,196200
2014-04-08,55.2900,55.6700,55.2000,55.4900,46.4982,31300
2014-04-09,55.8100,56.2600,55.6600,56.2600,47.1435,10800
2014-04-10,56.4100,56.4100,55.0300,55.2200,46.2720,13200
2014-04-11,54.7400,55.1200,54.4400,54.5400,45.7022,29800
2014-04-14,54.9700,55.1100,54.6400,54.9500,46.0457,26900
2014-04-15,55.0800,55.4600,54.5000,55.4200,46.4396,28800
2014-04-16,55.7600,56.0600,55.6700,56.0600,46.9759,25400
2014-04-17,56.0500,56.2600,55.8000,56.1700,47.0680,44100
2014-04-21,55.9800,56.3000,55.9800,56.2900,47.1686,42900
2014-04-22,56.5100,56.7200,56.3600,56.6000,47.4284,24900
2014-04-23,56.4500,56.4500,56.3000,56.3300,47.2021,20200
2014-04-24,56.6100,56.7200,56.0300,56.3800,47.2440,15300
2014-04-25,56.1800,56.2100,55.9000,55.9600,46.8921,16900
2014-04-28,56.0300,56.4000,55.7800,56.3700,47.2356,30100
2014-04-29,56.6300,56.7100,56.4900,56.6700,47.4870,332700
2014-04-30,56.3700,56.8200,56.3700,56.7500,47.5541,91400
2014-05-01,56.9400,57.0300,56.6700,56.8300,47.6211,39600
2014-05-02,56.9600,57.0300,56.6800,56.7000,47.5122,8000
2014-05-05,56.4300,56.9700,56.4300,56.9600,47.7300,26000
2014-05-06,56.6800,56.8800,56.4800,56.5000,47.3446,6600
2014-05-07,56.6000,56.6000,55.9600,56.4600,47.3110,9800
2014-05-08,56.4600,56.9400,56.4200,56.4800,47.3278,9300
2014-05-09,56.6000,56.7200,56.4500,56.7200,47.5289,10200
2014-05-12,57.0100,57.3200,57.0100,57.3200,48.0317,9200
2014-05-13,57.4800,57.5400,57.3400,57.4200,48.1155,10700
2014-05-14,57.4200,57.4200,57.0800,57.0800,47.8306,39500
2014-05-15,56.8700,56.8700,56.3200,56.4900,47.3362,24500
2014-05-16,56.4700,56.7700,56.3000,56.7700,47.5708,11200
2014-05-19,56.6900,57.0200,56.6700,56.9700,47.7384,71700
2014-05-20,56.8200,56.8900,56.4700,56.6200,47.4451,53900
2014-05-21,56.7900,57.0200,56.7900,57.0200,47.7803,12200
2014-05-22,57.1500,57.2900,57.0200,57.1600,47.8976,42200
2014-05-23,57.3000,57.4500,57.3000,57.4500,48.1406,9400
2014-05-27,57.5600,57.7200,57.5600,57.6700,48.3250,19600
2014-05-28,57.7800,57.8100,57.6200,57.6600,48.3166,16700
2014-05-29,57.7300,57.8800,57.7100,57.8800,48.5009,14400
2014-05-30,57.9500,58.0700,57.8300,58.0700,48.6602,43000
2014-06-02,58.2400,58.2400,57.8800,58.1100,48.6937,267000
2014-06-03,57.9600,58.0400,57.8500,57.9800,48.5847,12900
2014-06-04,57.7500,58.2900,57.7200,58.1100,48.6937,11100
2014-06-05,58.2200,58.5400,58.0900,58.4700,48.9953,10100
2014-06-06,58.6200,58.7100,58.6100,58.7000,49.1881,14300
2014-06-09,58.8400,58.8700,58.7000,58.7500,49.2300,14000
2014-06-10,58.7800,58.7800,58.5400,58.6300,49.1294,18600
2014-06-11,58.5300,58.5500,58.3300,58.4400,48.9702,12900
2014-06-12,58.4700,58.4700,57.7500,57.8800,48.5009,53100
2014-06-13,58.0000,58.0900,57.8900,57.9500,48.5596,7700
2014-06-16,57.8100,58.1700,57.8100,58.0500,48.6434,5100
2014-06-17,57.9900,58.1800,57.9400,58.1600,48.7356,24000
2014-06-18,58.0600,58.3300,57.9600,58.3300,48.8780,11200
2014-06-19,58.4800,58.5700,58.3600,58.4900,49.0121,13500
2014-06-20,58.5900,58.6100,58.4800,58.5700,49.0791,25600
2014-06-23,58.6700,58.6700,58.4500,58.5700,49.0791,23500
2014-06-24,58.4500,58.7600,58.1300,58.2100,48.7775,21000
2014-06-25,57.9800,58.2500,57.9500,58.2500,48.9970,13300
2014-06-26,57.9500,58.1500,57.8900,58.1500,48.9129,9900
2014-06-27,58.0900,58.3600,58.0900,58.2800,49.0222,54200
2014-06-30,58.3900,58.4200,58.1700,58.1900,48.9465,24200
2014-07-01,58.4000,58.8600,58.4000,58.8100,49.4680,33700
2014-07-02,58.8600,58.9100,58.8200,58.8600,49.5101,15200
2014-07-03,59.0000,59.1900,59.0000,59.1900,49.7877,3800
2014-07-07,59.1700,59.1900,58.9900,59.0100,49.6363,9100
2014-07-08,58.8100,58.8100,58.4300,58.7000,49.3755,27500
2014-07-09,58.7100,58.9800,58.7100,58.8900,49.5353,34100
2014-07-10,58.4000,58.7700,58.2100,58.5500,49.2494,12500
2014-07-11,58.6500,58.6800,58.4000,58.6100,49.2998,12500
2014-07-14,58.9000,59.0400,58.9000,58.9800,49.6110,24200
2014-07-15,58.8600,58.9800,58.6600,58.7100,49.3839,9400
2014-07-16,58.9800,58.9800,58.7500,58.8000,49.4596,12200
2014-07-17,58.7000,58.8400,58.1000,58.1000,48.8708,13800
2014-07-18,58.4200,58.8600,58.3600,58.8600,49.5101,38500
2014-07-21,58.7100,58.7100,58.4700,58.6400,49.3251,4800
2014-07-22,59.0400,59.1800,58.9700,59.0500,49.6699,19700
2014-07-23,59.2400,59.3700,59.2300,59.3400,49.9139,6900
2014-07-24,59.2000,59.3000,59.1100,59.1700,49.7709,16400
2014-07-25,59.0000,59.0800,58.8700,58.9000,49.5438,12700
2014-07-28,59.0500,59.2200,58.7100,59.1100,49.7204,28800
2014-07-29,59.2100,59.2100,58.8200,58.9000,49.5438,10300
2014-07-30,58.8900,59.1000,58.7500,58.9100,49.5522,19100
2014-07-31,58.5700,58.5700,57.7200,57.7500,48.5764,30700
2014-08-01,57.6500,57.8300,57.2700,57.5100,48.3745,22700
2014-08-04,57.6900,57.8800,57.3400,57.8800,48.6858,12700
2014-08-05,57.6400,57.8200,57.0000,57.4500,48.3241,11300
2014-08-06,57.2900,57.7500,57.1800,57.6000,48.4503,13100
2014-08-07,57.7200,57.7800,57.1300,57.2300,48.1390,20400
2014-08-08,57.2900,57.9000,57.2300,57.8900,48.6942,200300
2014-08-11,58.1600,58.2200,58.0300,58.0300,48.8119,16100
2014-08-12,57.9600,58.0900,57.7600,57.9800,48.7699,10400
2014-08-13,58.1100,58.4200,58.1000,58.3500,49.0811,44000
2014-08-14,58.5000,58.6400,58.4400,58.6300,49.3166,8700
2014-08-15,58.8700,58.9800,58.4300,58.6900,49.3671,27700
2014-08-18,59.0300,59.3200,59.0300,59.2800,49.8634,49800
2014-08-19,59.4900,59.7800,59.4800,59.7200,50.2335,25700
2014-08-20,59.6800,59.9700,59.6800,59.9700,50.4438,23400
2014-08-21,60.0500,60.0900,60.0300,60.0300,50.4943,17600
2014-08-22,60.0200,60.1500,60.0100,60.0200,50.4858,13600
2014-08-25,60.3000,60.4100,60.2000,60.2500,50.6793,9100
2014-08-26,60.2600,60.4400,60.2500,60.3600,50.7718,12600
2014-08-27,60.3700,60.3700,60.1500,60.2100,50.6456,22600
2014-08-28,60.0100,60.2300,59.9900,60.1600,50.6036,4500
2014-08-29,60.3100,60.3100,60.0300,60.2600,50.6877,7100
2014-09-02,60.4100,60.4100,60.1200,60.4000,50.8055,61100
2014-09-03,60.6100,60.6100,60.1100,60.1500,50.5952,233900
2014-09-04,60.2400,60.4600,59.9400,60.0100,50.4774,21200
2014-09-05,59.9900,60.3100,59.8400,60.2700,50.6961,10600
2014-09-08,60.2800,60.3100,60.0900,60.2400,50.6709,7600
2014-09-09,60.1600,60.2700,59.7900,59.8900,50.3765,6700
2014-09-10,59.8000,60.2600,59.8000,60.2600,50.6877,6700
2014-09-11,60.1000,60.1400,59.8700,60.0800,50.5363,9000
2014-09-12,60.0000,60.0200,59.6700,59.8400,50.3344,521900
2014-09-15,59.7200,59.7700,59.5400,59.6800,50.1998,81900
2014-09-16,59.5200,60.2400,59.4800,60.1700,50.6120,21100
2014-09-17,60.3000,60.3300,59.8600,60.1600,50.6036,21000
2014-09-18,60.3400,60.5800,60.3400,60.5800,50.9569,543300
2014-09-19,60.7000,60.7700,60.4300,60.5800,50.9569,31600
2014-09-22,60.3500,60.3900,59.9700,60.1400,50.5868,9400
2014-09-23,59.8900,60.1200,59.8000,59.8200,50.3176,18500
2014-09-24,59.6200,60.2400,59.6000,60.2400,50.8281,16100
2014-09-25,59.8300,59.8300,59.2200,59.2200,49.9675,56600
2014-09-26,59.4700,59.8300,59.3200,59.8300,50.4821,140100
2014-09-29,59.2900,59.7400,58.8100,59.7400,50.4062,42400
2014-09-30,59.6500,59.8400,59.4500,59.6100,50.2965,11500
2014-10-01,59.5300,59.5300,58.5700,58.7700,49.5878,233600
2014-10-02,58.6400,58.9200,58.2200,58.7800,49.5962,80700
2014-10-03,59.0100,59.4800,58.9300,59.3900,50.1109,21000
2014-10-06,59.6400,59.6400,59.1500,59.2700,50.0096,16100
2014-10-07,58.9900,58.9900,58.4100,58.4100,49.2840,125600
2014-10-08,58.3000,59.4800,58.1600,59.4800,50.1868,38200
2014-10-09,59.3200,59.3200,58.2900,58.4200,49.2924,221000
2014-10-10,58.4500,58.5900,57.5400,57.6000,48.6006,100700
2014-10-13,57.5600,57.6900,56.5500,56.6200,47.7737,26600
2014-10-14,56.9100,57.2200,56.5700,56.7000,47.8412,72000
2014-10-15,55.9000,56.5000,55.2700,56.4100,47.5965,97200
2014-10-16,55.1400,56.7000,55.1400,56.3900,47.5796,34600
2014-10-17,56.9100,57.3500,56.6200,57.0100,48.1027,185000
2014-10-20,56.7300,57.3300,56.7300,57.3000,48.3474,33700
2014-10-21,57.8000,58.4700,57.8000,58.4200,49.2924,249300
2014-10-22,58.6100,58.6100,58.1100,58.1100,49.0309,185900
2014-10-23,58.7000,59.1500,58.6300,58.9300,49.7228,20900
2014-10-24,59.0100,59.3900,58.9200,59.3500,50.0771,10100
2014-10-27,59.2500,59.4800,59.1300,59.4700,50.1784,51500
2014-10-28,59.6500,60.0600,59.6300,60.0600,50.6762,62500
2014-10-29,60.0200,60.2300,59.6800,59.9500,50.5834,39400
2014-10-30,59.8600,60.7300,59.8600,60.6300,51.1572,91100
2014-10-31,61.4800,61.4800,60.9800,61.2000,51.6381,84700
2014-11-03,61.3300,61.3300,61.0600,61.1100,51.5622,68900
2014-11-04,61.0300,61.0400,60.6900,60.9500,51.4272,16500
2014-11-05,61.4100,61.4100,60.9300,61.0900,51.5453,71600
2014-11-06,61.1100,61.3800,60.9700,61.3800,51.7900,49000
2014-11-07,61.4300,61.4300,61.1700,61.3100,51.7309,20400
2014-11-10,61.3900,61.6900,61.3700,61.6400,52.0093,23300
2014-11-11,61.7900,61.8100,61.6200,61.7100,52.0684,28200
2014-11-12,61.5200,61.8200,61.5200,61.7900,52.1359,10300
2014-11-13,61.9700,62.0500,61.6000,61.8500,52.1865,41400
2014-11-14,61.8700,61.8700,61.4600,61.7700,52.1190,470400
2014-11-17,61.7400,61.8000,61.6100,61.6400,52.0093,180500
2014-11-18,61.7200,62.0600,61.7200,61.9300,52.2540,143200
2014-11-19,61.8100,61.9100,61.5800,61.7900,52.1359,21000
2014-11-20,61.6300,62.0300,61.6300,61.9700,52.2878,44600
2014-11-21,62.8100,62.8100,62.1300,62.2800,52.5494,50800
2014-11-24,62.5500,62.5500,62.3800,62.4900,52.7265,127500
2014-11-25,62.6900,62.6900,62.4400,62.4400,52.6844,208300
2014-11-26,62.5900,62.5900,62.4100,62.5800,52.8025,35000
2014-11-28,62.5900,62.8500,62.5200,62.6000,52.8194,8100
2014-12-01,62.3300,62.5200,62.2400,62.2900,52.5578,30800
2014-12-02,62.3900,62.6700,62.3400,62.6100,52.8278,64500
2014-12-03,62.8000,62.9400,62.6000,62.9100,53.0809,105000
2014-12-04,62.8800,63.0400,62.6500,62.9000,53.0725,159300
2014-12-05,62.9200,63.1200,62.9000,62.9700,53.1316,37200
2014-12-08,62.8400,63.0000,62.3300,62.5000,52.7350,133900
2014-12-09,61.9300,62.6100,61.8200,62.6000,52.8194,36500
2014-12-10,62.5100,62.5100,61.4600,61.5500,51.9334,22400
2014-12-11,61.8300,62.5400,61.1400,61.8800,52.2119,24200
2014-12-12,61.7000,61.9600,61.0000,61.0000,51.4693,14600
2014-12-15,61.3700,61.4800,60.4400,60.7000,51.2162,39600
2014-12-16,60.2600,61.0700,59.9600,59.9800,50.6087,54400
2014-12-17,59.9600,61.1000,59.9600,60.9800,51.4525,55700
2014-12-18,61.9400,62.7100,61.8400,62.7100,52.9122,21900
2014-12-19,62.9000,63.1700,62.5700,62.9800,53.1400,30200
2014-12-22,62.6800,62.9800,62.6700,62.9800,53.1400,28800
2014-12-23,63.2000,63.2000,62.8700,63.0000,53.1569,16000
2014-12-24,62.6900,62.9800,62.6900,62.8800,53.0556,4400
2014-12-26,62.9100,63.1200,62.9100,63.0300,53.1822,29200
2014-12-29,63.1000,63.1200,62.9600,63.0500,53.1991,18200
2014-12-30,62.9000,62.9000,62.6400,62.8100,52.9966,34200
2014-12-31,62.9100,63.0500,62.2400,62.2500,52.5240,30300
2015-01-02,62.7000,62.7100,61.7600,62.2400,52.5156,29700
2015-01-05,61.9100,61.9100,61.1400,61.3000,51.7225,21300
2015-01-06,61.3500,61.5100,60.4000,60.7700,51.2753,26800
2015-01-07,60.8700,61.4700,60.8700,61.4600,51.8575,18500
2015-01-08,62.0500,62.6100,62.0500,62.6100,52.8278,511700
2015-01-09,62.6200,62.6200,61.8900,62.0700,52.3722,68400
2015-01-12,62.1200,62.1200,61.3900,61.5600,51.9419,41900
2015-01-13,62.0000,62.5000,61.0500,61.3900,51.7984,532900
2015-01-14,60.9500,61.2700,60.6500,61.1500,51.5959,51000
2015-01-15,61.5000,61.5800,60.5800,60.5800,51.1150,92400
2015-01-16,60.3900,61.4000,60.3900,61.4000,51.8068,32700
2015-01-20,61.7800,61.7800,60.9800,61.6800,52.0431,272200
2015-01-21,61.4900,61.9200,61.4700,61.8000,52.1443,36500
2015-01-22,62.1400,62.7900,61.6100,62.7900,52.9797,250400
2015-01-23,62.7900,62.9800,62.6500,62.6500,52.8615,34200
2015-01-26,62.6000,62.7800,62.3800,62.7600,52.9544,26400
2015-01-27,61.8900,62.1400,61.4400,61.7100,52.0684,1670800
2015-01-28,62.1200,62.1800,61.1300,61.1300,51.5790,70700
2015-01-29,61.1300,61.7700,60.6900,61.7200,52.0768,26100
2015-01-30,61.6200,61.9600,61.1200,61.1700,51.6128,42900
2015-02-02,61.4600,61.7600,60.5800,61.7200,52.0768,107100
2015-02-03,62.2400,62.6500,61.8700,62.6500,52.8615,40400
2015-02-04,62.2400,62.5300,62.0900,62.2000,52.4819,99800
2015-02-05,62.5300,62.9600,62.5300,62.9600,53.1231,39000
2015-02-06,63.0100,63.0700,62.4500,62.5400,52.7687,28600
2015-02-09,62.1800,62.6500,62.1800,62.3400,52.6000,31400
2015-02-10,62.7100,63.0100,62.4700,63.0000,53.1569,81500
2015-02-11,62.9300,63.1300,62.7600,63.0300,53.1822,104200
2015-02-12,63.1900,63.6000,63.1900,63.5500,53.6209,60200
2015-02-13,63.8000,63.9400,63.6300,63.9400,53.9500,57600
2015-02-17,63.9900,64.0700,63.7300,63.9800,53.9838,186600
2015-02-18,63.9600,64.1300,63.8200,64.1100,54.0934,24900
2015-02-19,64.0100,64.3400,64.0100,64.2300,54.1947,24200
2015-02-20,64.2600,64.7000,64.0100,64.7000,54.5913,28100
2015-02-23,64.7200,64.7500,64.4600,64.7500,54.6334,34300
2015-02-24,64.7500,64.9800,64.6600,64.8900,54.7516,31300
2015-02-25,64.7600,65.1200,64.7600,64.9900,54.8359,25300
2015-02-26,65.0700,65.0700,64.7900,64.9500,54.8022,91300
2015-02-27,64.8300,65.0500,64.8200,64.8500,54.7178,40700
2015-03-02,64.9600,65.3600,64.9500,65.3500,55.1397,31900
2015-03-03,65.3300,65.3300,64.6700,64.9800,54.8275,92100
2015-03-04,64.8900,64.8900,64.4100,64.7100,54.5997,51300
2015-03-05,64.8600,64.9400,64.6700,64.9100,54.7684,36300
2015-03-06,64.5900,64.6800,63.8600,63.9300,53.9416,51200
2015-03-09,63.9700,64.4000,63.9700,64.2900,54.2453,290300
2015-03-10,63.8000,63.8300,63.2200,63.2200,53.3425,39500
2015-03-11,63.2600,63.4000,62.8600,62.9000,53.0725,28700
2015-03-12,63.0100,63.5700,63.0100,63.5600,53.6294,26300
2015-03-13,63.4400,63.4400,62.8400,63.1300,53.2666,24900
2015-03-16,63.4600,64.0600,63.4500,64.0600,54.0512,33100
2015-03-17,63.8800,63.9800,63.5800,63.7800,53.8150,43600
2015-03-18,63.7600,64.7600,63.3000,64.5600,54.4731,35900
2015-03-19,64.5400,64.6000,64.3500,64.5500,54.4647,49400
2015-03-20,64.9000,65.3300,64.8900,65.1700,54.9878,32800
2015-03-23,65.1500,65.2300,65.0700,65.1600,54.9794,17100
2015-03-24,64.9200,65.2200,64.7100,64.7100,54.5997,16300
2015-03-25,64.7000,64.8300,63.5000,63.5600,53.8165,25400
2015-03-26,63.1400,63.7100,63.1400,63.4600,53.7318,876800
2015-03-27,63.4700,63.6000,63.4000,63.4900,53.7572,94500
2015-03-30,63.9800,64.2600,63.9800,64.2200,54.3753,40000
2015-03-31,63.9200,64.1100,63.6000,63.6100,53.8588,555200
2015-04-01,63.4300,63.5700,62.8800,63.2300,53.5371,84900
2015-04-02,63.3200,63.5200,63.1100,63.3500,53.6387,51000
2015-04-06,63.0000,63.8800,62.9100,63.7000,53.9350,34700
2015-04-07,63.8600,64.1500,63.8200,63.8200,54.0366,36600
2015-04-08,63.8200,64.0800,63.6700,63.9000,54.1044,29000
2015-04-09,64.0100,64.2500,63.8200,64.2200,54.3753,41100
2015-04-10,64.2300,64.4800,64.1900,64.3800,54.5108,18100
2015-04-13,64.5800,64.6800,64.1500,64.1700,54.3330,26700
2015-04-14,64.1000,64.2100,63.7800,64.0100,54.1975,76900
2015-04-15,64.2400,64.5700,64.2400,64.4100,54.5362,27200
2015-04-16,64.2200,64.3900,64.1600,64.2500,54.4007,217100
2015-04-17,63.8600,63.8600,63.2500,63.4400,53.7149,72300
2015-04-20,63.7600,64.2300,63.7600,64.1400,54.3076,30000
2015-04-21,64.4500,64.4500,64.1600,64.2000,54.3584,31600
2015-04-22,64.4100,64.7100,64.1400,64.5800,54.6801,31000
2015-04-23,64.5100,65.0400,64.4700,64.8900,54.9426,49800
2015-04-24,65.1300,65.2100,64.9100,65.1300,55.1458,244300
2015-04-27,65.4200,65.4200,64.8000,64.8800,54.9342,562200
2015-04-28,64.9300,65.0500,64.3600,64.9500,54.9934,201300
2015-04-29,64.6000,64.8400,64.3000,64.5800,54.6801,44400
2015-04-30,64.3500,64.3800,63.5400,63.7200,53.9520,579700
2015-05-01,64.1600,64.6900,64.1600,64.6300,54.7225,42300
2015-05-04,64.9400,65.1000,64.7700,64.7700,54.8410,977000
2015-05-05,64.6800,64.7500,64.0100,64.1000,54.2737,78800
2015-05-06,64.2900,64.3000,63.4200,63.7400,53.9689,23400
2015-05-07,63.6200,64.2100,63.6000,64.0800,54.2568,115500
2015-05-08,64.7200,65.0400,64.7200,65.0400,55.0696,16200
2015-05-11,64.9600,65.0300,64.8000,64.8400,54.9003,17800
2015-05-12,64.4000,64.8300,64.1400,64.6400,54.7309,38800
2015-05-13,64.7600,65.0200,64.5600,64.6200,54.7140,30300
2015-05-14,65.0000,65.4200,64.9900,65.4000,55.3744,39200
2015-05-15,65.3300,65.4700,65.2300,65.4500,55.4168,17800
2015-05-18,65.4700,65.7600,65.3000,65.6300,55.5692,29900
2015-05-19,65.9000,65.9000,65.5700,65.6900,55.6200,33700
2015-05-20,65.7300,65.7900,65.5100,65.6200,55.5607,13800
2015-05-21,65.5500,65.7900,65.4700,65.7300,55.6538,36500
2015-05-22,65.6600,65.7300,65.5300,65.5300,55.4845,30300
2015-05-26,65.4200,65.4200,64.5900,64.7300,54.8071,19900
2015-05-27,64.9200,65.3300,64.7700,65.2600,55.2559,85200
2015-05-28,65.2200,65.2600,65.0600,65.2200,55.2220,37300
2015-05-29,65.2600,65.2600,64.6700,64.6900,54.7733,26600
2015-06-01,65.0800,65.0800,64.5000,64.8600,54.9172,19700
2015-06-02,64.7200,65.0600,64.5900,64.8000,54.8664,25600
2015-06-03,65.1200,65.1900,64.8200,64.9200,54.9680,36300
2015-06-04,64.7700,64.7800,64.2500,64.3300,54.4685,20800
2015-06-05,64.2900,64.3300,63.9400,64.2000,54.3584,22600
2015-06-08,64.0100,64.0700,63.7900,63.7900,54.0112,19000
2015-06-09,63.8400,63.9000,63.5900,63.7800,54.0028,45300
2015-06-10,64.1000,64.7500,64.1000,64.6500,54.7394,26900
2015-06-11,64.9400,64.9700,64.7600,64.9100,54.9595,20700
2015-06-12,64.6100,64.6100,64.3200,64.3900,54.5193,24000
2015-06-15,63.9300,64.0900,63.7300,64.0500,54.2314,27500
2015-06-16,63.9200,64.5500,63.9200,64.4700,54.5870,36500
2015-06-17,64.6700,64.8400,64.2600,64.7200,54.7987,24100
2015-06-18,64.8600,65.5000,64.8600,65.3900,55.3660,37900
2015-06-19,65.4700,65.4700,65.0500,65.1800,55.1881,25400
2015-06-22,65.5100,65.6100,65.3200,65.4100,55.3829,27500
2015-06-23,65.5300,65.5300,65.1700,65.3000,55.2898,42100
2015-06-24,65.0300,65.0300,64.6100,64.6400,54.9869,14500
2015-06-25,64.9600,64.9600,64.3700,64.4000,54.7828,33700
2015-06-26,64.5500,64.6000,64.1900,64.3400,54.7317,34700
2015-06-29,63.7100,63.8800,62.8900,62.9100,53.5153,43000
2015-06-30,63.6300,63.6300,62.9900,63.2000,53.7620,52600
2015-07-01,63.8200,63.8200,63.3100,63.5200,54.0342,29800
2015-07-02,63.7400,63.7400,63.3700,63.6200,54.1192,38200
2015-07-06,63.1100,63.6600,63.0000,63.3500,53.8896,34000
2015-07-07,63.5000,63.7900,62.7400,63.7900,54.2638,16200
2015-07-08,63.4400,63.4400,62.7800,62.8200,53.4387,26500
2015-07-09,63.5200,63.7500,62.9200,63.0100,53.6003,54600
2015-07-10,63.7300,63.7700,63.4700,63.6700,54.1618,41700
2015-07-13,64.0000,64.5400,64.0000,64.5200,54.8848,17400
2015-07-14,64.5700,64.9000,64.5000,64.8000,55.1230,50500
2015-07-15,64.8800,65.0200,64.6500,64.7600,55.0890,60200
2015-07-16,65.2000,65.2300,65.0200,65.2200,55.4803,42600
2015-07-17,65.5000,65.6700,65.3900,65.6700,55.8631,34900
2015-07-20,65.7000,65.9600,65.6700,65.8100,55.9822,156000
2015-07-21,65.9300,65.9300,65.4900,65.6200,55.8206,106100
2015-07-22,65.2100,65.5900,65.2100,65.3500,55.5909,141700
2015-07-23,65.4100,65.4600,64.8500,65.0000,55.2932,45200
2015-07-24,64.9000,64.9000,63.9800,64.0300,54.4680,25300
2015-07-27,63.8900,63.8900,63.5400,63.6200,54.1192,46000
2015-07-28,64.0200,64.5600,63.7100,64.4700,54.8423,24000
2015-07-29,64.6800,65.1000,64.6700,65.0100,55.3017,94000
2015-07-30,64.8800,65.2500,64.6000,65.2200,55.4803,15300
2015-07-31,65.4300,65.4300,64.9200,65.0200,55.3102,485900
2015-08-03,65.1100,65.1100,64.4800,64.7600,55.0890,172600
2015-08-04,64.8300,65.0000,64.6200,64.7800,55.1060,119900
2015-08-05,65.1900,65.6100,65.1900,65.3100,55.5569,116900
2015-08-06,65.4100,65.4100,64.3600,64.5200,54.8848,68900
2015-08-07,64.4200,64.4200,64.0100,64.3800,54.7657,31600
2015-08-10,64.8100,65.2200,64.6800,65.1200,55.3952,39000
2015-08-11,64.9800,64.9800,64.3200,64.6100,54.9614,37000
2015-08-12,64.2400,64.7100,63.6500,64.7000,55.0380,115400
2015-08-13,64.7300,65.0000,64.4900,64.7100,55.0465,35800
2015-08-14,64.6700,64.8900,64.4900,64.8600,55.1741,34800
2015-08-17,64.6900,65.2000,64.4400,65.2000,55.4633,24800
2015-08-18,65.2500,65.3500,65.0900,65.1200,55.3952,86800
2015-08-19,64.9400,65.2100,64.5000,64.8700,55.1826,139700
2015-08-20,64.3000,64.4100,63.5200,63.5200,54.0342,34000
2015-08-21,62.9200,62.9400,61.1800,61.2800,52.1287,126900
2015-08-24,57.7500,60.7600,41.1000,58.9400,50.1381,141900
2015-08-25,59.5300,61.1400,58.2500,58.2500,49.5512,120400
2015-08-26,59.1000,60.9400,58.9600,60.9300,51.8309,83500
2015-08-27,61.5300,62.1800,61.0100,62.1600,52.8773,86700
2015-08-28,61.8800,62.3200,61.8100,62.1800,52.8943,46300
2015-08-31,61.8200,62.0100,61.3800,61.5000,52.3158,65700
2015-09-01,60.8900,60.8900,59.5200,59.8200,50.8867,58500
2015-09-02,60.4100,60.8600,60.0700,60.8600,51.7714,78700
2015-09-03,61.2200,61.5400,60.8100,60.9900,51.8820,51600
2015-09-04,60.4300,60.4500,59.8000,60.1200,51.1419,445200
2015-09-08,61.1500,61.5900,60.8800,61.5900,52.3924,80700
2015-09-09,62.1500,62.1500,60.5900,60.5900,51.5417,384100
2015-09-10,60.6100,61.3800,60.6100,60.9800,51.8735,57600
2015-09-11,60.8200,61.3600,60.7500,61.3600,52.1967,29500
2015-09-14,61.5200,61.5200,61.0000,61.1100,51.9841,49300
2015-09-15,61.3700,62.0600,61.1600,61.9000,52.6561,63500
2015-09-16,62.0000,62.4000,61.8600,62.3200,53.0134,49300
2015-09-17,62.3400,63.1300,62.2200,62.2500,52.9538,65000
2015-09-18,61.3900,61.9500,61.1800,61.3100,52.1542,52900
2015-09-21,61.6700,62.0100,61.2200,61.5800,52.3839,117700
2015-09-22,60.8000,61.0800,60.5400,61.0700,51.9500,57100
2015-09-23,60.8600,61.1700,60.6700,60.9300,51.8309,86200
2015-09-24,60.5300,60.8600,60.1000,60.7600,51.6863,70400
2015-09-25,61.0700,61.1100,60.2600,60.5600,51.7316,515200
2015-09-28,60.2600,60.2600,59.1400,59.2300,50.5955,240800
2015-09-29,59.3700,59.7400,59.0900,59.4100,50.7493,1586900
2015-09-30,60.1300,60.4600,59.7700,60.4500,51.6376,353000
2015-10-01,60.6800,60.6800,59.8400,60.4400,51.6291,50000
2015-10-02,59.7500,61.2400,59.5100,61.2400,52.3125,115100
2015-10-05,61.7000,62.2500,61.7000,62.2100,53.1411,56800
2015-10-06,62.1900,62.1900,61.8600,61.9900,52.9531,40500
2015-10-07,62.4200,62.6000,62.0100,62.4900,53.3803,160600
2015-10-08,62.3900,63.2000,62.2400,63.1000,53.9013,104800
2015-10-09,63.2100,63.2800,62.9000,63.1500,53.9440,644600
2015-10-12,63.1600,63.1600,63.0200,63.0800,53.8843,26600
2015-10-13,62.7600,63.1400,62.5700,62.6200,53.4913,43300
2015-10-14,62.6200,62.7800,62.1500,62.2400,53.1667,81400
2015-10-15,62.4500,63.1900,62.4100,63.1900,53.9782,53600
2015-10-16,63.3200,63.5500,63.1700,63.5500,54.2857,88900
2015-10-19,63.3500,63.6300,63.3100,63.6300,54.3541,881900
2015-10-20,63.5300,63.7800,63.4900,63.6500,54.3712,61700
2015-10-21,63.9300,64.0000,63.4500,63.5000,54.2430,316400
2015-10-22,63.8900,65.0400,63.7800,64.9200,55.4560,468500
2015-10-23,65.6000,65.6100,65.0600,65.5300,55.9771,101500
2015-10-26,65.4900,65.5500,65.3300,65.4700,55.9258,133000
2015-10-27,65.2900,65.4000,65.1300,65.3300,55.8063,225800
2015-10-28,65.4600,65.9800,65.1600,65.9800,56.3615,502100
2015-10-29,65.8400,66.0100,65.6200,65.9300,56.3188,378200
2015-10-30,66.0900,66.1300,65.6800,65.6800,56.1052,326900
2015-11-02,65.8300,66.4000,65.7800,66.3200,56.6519,302800
2015-11-03,66.3100,66.8200,66.1400,66.6400,56.9253,387400
2015-11-04,66.7400,66.7400,66.3000,66.4400,56.7544,246600
2015-11-05,66.3400,66.4000,65.9100,66.1500,56.5067,256600
2015-11-06,66.0900,66.1700,65.6300,66.1700,56.5238,182500
2015-11-09,65.9800,65.9800,65.1800,65.4400,55.9002,546900
2015-11-10,65.2700,65.5800,65.2100,65.5800,56.0198,229500
2015-11-11,65.6800,65.7700,65.4100,65.4200,55.8831,47400
2015-11-12,65.0000,65.1200,64.5000,64.5100,55.1058,385000
2015-11-13,64.3000,64.3700,63.6700,63.7300,54.4395,143200
2015-11-16,63.6700,64.7100,63.6700,64.7000,55.2681,85800
2015-11-17,64.9500,65.1400,64.5900,64.7200,55.2852,122700
2015-11-18,64.9000,65.7500,64.7500,65.7300,56.1479,231800
2015-11-19,65.7700,65.9000,65.6900,65.7500,56.1650,123100
2015-11-20,66.1700,66.3200,65.9800,66.0700,56.4384,89700
2015-11-23,66.1300,66.3400,65.9700,66.1400,56.4982,71000
2015-11-24,65.8100,66.3200,65.6400,66.1800,56.5323,305100
2015-11-25,66.2200,66.3600,66.1200,66.2300,56.5750,579800
2015-11-27,66.2200,66.3800,66.1300,66.3100,56.6434,72400
2015-11-30,66.3600,66.4300,65.9500,65.9700,56.3530,311800
2015-12-01,66.2100,66.4700,66.0800,66.4100,56.7288,357600
2015-12-02,66.4400,66.5000,65.8100,65.8900,56.2846,1250000
2015-12-03,66.0200,66.0200,64.6500,64.9000,55.4389,126400
2015-12-04,64.9800,66.4000,64.9800,66.3500,56.6776,86200
2015-12-07,66.1900,66.2100,65.7000,66.0100,56.3871,190500
2015-12-08,65.4800,65.9100,65.2900,65.6300,56.0625,75300
2015-12-09,65.4200,66.0900,64.8000,65.0400,55.5585,146800
2015-12-10,65.0800,65.6600,65.0200,65.2400,55.7294,104200
2015-12-11,64.5100,64.6400,63.8800,63.9400,54.6189,109600
2015-12-14,64.0100,64.3700,63.4600,64.3700,54.9862,156600
2015-12-15,64.8500,65.2300,64.8400,64.9600,55.4902,184200
2015-12-16,65.3700,65.8900,64.9300,65.7800,56.1907,87400
2015-12-17,65.9100,65.9100,64.8500,64.8600,55.4048,410400
2015-12-18,64.6200,64.6200,63.6400,63.6600,54.3797,157100
2015-12-21,64.0500,64.2200,63.7300,64.2200,54.8581,135500
2015-12-22,64.5200,64.8600,64.1400,64.7600,55.3193,802200
2015-12-23,65.1900,65.5500,65.1100,65.5100,55.9600,475700
2015-12-24,65.1700,65.3300,65.0800,65.1700,55.9000,63000
2015-12-28,64.8500,65.0100,64.6200,65.0100,55.7627,174800
2015-12-29,65.3700,65.8000,65.3700,65.7000,56.3546,141800
2015-12-30,65.6300,65.6300,65.2400,65.2600,55.9772,79700
2015-12-31,65.1400,65.1600,64.5500,64.5700,55.3853,99800
2016-01-04,63.5900,63.6200,62.8800,63.6200,54.5704,196700
2016-01-05,63.7800,63.9400,63.3400,63.7900,54.7163,543300
2016-01-06,63.0200,63.3400,62.7000,63.0300,54.0644,180100
2016-01-07,61.8600,62.4900,61.4000,61.5300,52.7777,166000
2016-01-08,61.9000,62.0200,60.7500,60.8300,52.1773,541400
2016-01-11,61.1700,61.2200,60.2200,60.9200,52.2545,276200
2016-01-12,61.4600,61.7000,60.7600,61.5400,52.7863,342700
2016-01-13,61.7700,61.8700,60.0800,60.1500,51.5940,212800
2016-01-14,60.3700,61.5500,59.8400,61.0500,52.3660,311400
2016-01-15,59.1200,60.1200,59.1200,59.8500,51.3367,659700
2016-01-19,60.6100,60.6100,59.4300,59.9200,51.3967,615000
2016-01-20,59.0400,59.7100,57.8600,59.1800,50.7620,857800
2016-01-21,59.3000,59.9800,58.8500,59.4400,50.9850,1410700
2016-01-22,60.3200,60.7700,60.1600,60.7300,52.0915,700600
2016-01-25,60.5700,60.6600,59.8000,59.8000,51.2938,228700
2016-01-26,60.0200,60.7500,59.9900,60.6900,52.0572,307900
2016-01-27,60.4300,60.9000,59.6000,59.9300,51.4053,771500
2016-01-28,60.3800,60.4000,59.6100,60.1400,51.5855,338100
2016-01-29,60.4400,61.6500,60.4000,61.5900,52.8292,365400
2016-02-01,61.2700,61.9000,61.1000,61.6400,52.8721,346300
2016-02-02,61.1200,61.1200,60.4200,60.6100,51.9886,688000
2016-02-03,60.9400,61.1700,59.8800,61.0500,52.3660,215800
2016-02-04,60.9200,61.3900,60.6700,61.1700,52.4689,495400
2016-02-05,60.9500,60.9600,59.7600,60.0600,51.5168,677500
2016-02-08,59.3800,59.6800,58.6700,59.4400,50.9850,616600
2016-02-09,58.8900,60.0500,58.8900,59.5900,51.1137,155800
2016-02-10,60.0200,60.5600,59.6200,59.6600,51.1737,362700
2016-02-11,58.6900,59.2500,58.3300,58.9300,50.5476,358600
2016-02-12,59.4100,60.0000,59.2200,59.9700,51.4396,539000
2016-02-16,60.6500,60.9600,60.3500,60.9300,52.2631,129500
2016-02-17,61.3900,61.9100,61.3500,61.8300,53.0351,199900
2016-02-18,61.9200,62.0100,61.6200,61.7000,52.9235,501900
2016-02-19,61.4200,61.6800,61.2400,61.6400,52.8721,125100
2016-02-22,62.1700,62.4600,62.1300,62.3700,53.4982,210200
2016-02-23,62.2500,62.3100,61.6500,61.6900,52.9150,1070400
2016-02-24,61.2100,62.1100,60.8600,62.0200,53.1980,122900
2016-02-25,62.1800,62.7000,61.9100,62.6800,53.7641,334900
2016-02-26,63.0300,63.0700,62.3900,62.4200,53.5411,971800
2016-02-29,62.4200,62.8300,61.9600,61.9600,53.1466,176000
2016-03-01,62.4600,63.3600,62.3800,63.3600,54.3474,128900
2016-03-02,63.2200,63.4900,63.0300,63.4700,54.4418,448100
2016-03-03,63.4100,63.5500,63.0900,63.5500,54.5104,252500
2016-03-04,63.5700,63.9000,63.2300,63.6900,54.6305,185500
2016-03-07,63.3700,63.8500,63.3700,63.7300,54.6648,110500
2016-03-08,63.4000,63.7800,63.3000,63.3100,54.3045,1532200
2016-03-09,63.5800,63.7300,63.2100,63.4300,54.4075,104800
2016-03-10,63.6900,63.9500,62.8500,63.4800,54.4504,173000
2016-03-11,64.0600,64.4200,63.9700,64.3900,55.2309,115800
2016-03-14,64.2100,64.5000,64.2100,64.3800,55.2223,326500
2016-03-15,64.0400,64.4500,64.0400,64.4500,55.2824,100900
2016-03-16,64.2900,64.9000,64.2300,64.7400,55.5311,122700
2016-03-17,64.7500,65.3900,64.6500,65.2500,55.9686,692700
2016-03-18,65.5100,65.5100,65.2400,65.4000,56.0973,104600
2016-03-21,65.2700,65.6100,65.2700,65.5400,56.2173,81500
2016-03-22,65.2200,65.7100,65.2200,65.5100,56.1916,763200
2016-03-23,65.0200,65.0900,64.8200,64.8800,55.6512,88700
2016-03-24,64.4700,64.8000,64.4400,64.8000,55.5826,178200
2016-03-28,64.9300,65.0600,64.8000,64.8900,55.6598,123800
2016-03-29,64.7600,65.4800,64.6200,65.4600,56.1487,141800
2016-03-30,65.7900,65.9800,65.6300,65.7900,56.4318,495100
2016-03-31,65.7400,65.9200,65.5500,65.6200,56.2860,768700
2016-04-01,65.2700,66.1500,65.1900,66.1200,56.7149,255200
2016-04-04,66.1500,66.1500,65.7600,65.8900,56.5175,153600
2016-04-05,65.5200,65.7400,65.3700,65.4300,56.1230,133100
2016-04-06,65.4700,66.0600,65.4000,66.0500,56.6548,157700
2016-04-07,65.6800,65.7100,65.0800,65.3400,56.0458,201500
2016-04-08,65.7500,65.8900,65.3400,65.5000,56.1830,76400
2016-04-11,65.6800,66.0200,65.3100,65.3300,56.0372,161600
2016-04-12,65.4000,65.9800,65.2200,65.9200,56.5433,424200
2016-04-13,66.2400,66.5000,66.0800,66.4700,57.0151,180200
2016-04-14,66.4400,66.6100,66.2900,66.4400,56.9893,589100
2016-04-15,66.4400,66.5400,66.3000,66.4500,56.9979,225600
2016-04-18,66.2300,66.8800,66.2300,66.8600,57.3496,244900
2016-04-19,67.1100,67.2100,66.7800,67.0100,57.4783,615500
2016-04-20,67.0000,67.2300,66.8400,66.9600,57.4353,263300
2016-04-21,66.9800,67.0000,66.5200,66.5700,57.1008,1008400
2016-04-22,66.4800,66.6400,66.2100,66.5100,57.0494,247400
2016-04-25,66.2800,66.4700,66.1300,66.4600,57.0065,178000
2016-04-26,66.5800,66.7800,66.3600,66.5600,57.0922,675600
2016-04-27,66.3400,66.7700,66.1600,66.6000,57.1265,94300
2016-04-28,66.2700,66.6900,65.8500,65.9800,56.5948,166700
2016-04-29,65.6600,65.6600,65.0200,65.3600,56.0629,295600
2016-05-02,65.5900,66.0100,65.4500,65.9500,56.5690,340300
2016-05-03,65.5100,65.5800,65.1900,65.4300,56.1230,94900
2016-05-04,65.1000,65.2200,64.9100,65.0200,55.7713,133100
2016-05-05,65.2100,65.2600,64.9500,65.0500,55.7970,76400
2016-05-06,64.8600,65.2400,64.7000,65.2000,55.9257,83300
2016-05-09,65.2000,65.4900,65.1700,65.3400,56.0458,69000
2016-05-10,65.5900,66.1000,65.5900,66.0800,56.6805,397400
2016-05-11,66.0000,66.0000,65.3800,65.3800,56.0801,111600
2016-05-12,65.7300,65.8100,65.1500,65.5100,56.1916,68200
2016-05-13,65.3400,65.6300,64.8400,64.9300,55.6941,84900
2016-05-16,64.9500,65.7100,64.9500,65.5500,56.2259,79900
2016-05-17,65.5700,65.6400,64.7400,64.9400,55.7027,117000
2016-05-18,64.8600,65.2700,64.5000,64.8400,55.6169,277400
2016-05-19,64.5000,64.6200,64.1100,64.5700,55.3853,191000
2016-05-20,64.8000,65.0800,64.7400,64.8700,55.6427,54900
2016-05-23,64.9200,65.0300,64.7600,64.7600,55.5483,714900
2016-05-24,65.1800,65.8600,65.1800,65.7500,56.3975,188800
2016-05-25,65.9200,66.1700,65.8700,66.0300,56.6376,167100
2016-05-26,66.1400,66.1700,65.9500,66.0100,56.6205,196900
2016-05-27,66.0700,66.3000,66.0500,66.2400,56.8178,75900
2016-05-31,66.4700,66.4700,65.8300,66.0600,56.6634,95600
2016-06-01,65.8900,66.2100,65.7700,66.1600,56.7491,112300
2016-06-02,66.0500,66.2100,65.7800,66.2100,56.7920,224100
2016-06-03,66.0700,66.1900,65.7800,66.0800,56.6805,310000
2016-06-06,66.2200,66.5800,66.1300,66.5000,57.0408,228600
2016-06-07,66.5000,66.6500,66.4200,66.4500,56.9979,137500
2016-06-08,66.4400,66.7000,66.4400,66.6500,57.1694,114300
2016-06-09,66.4500,66.6400,66.3300,66.5700,57.1008,76300
2016-06-10,66.0700,66.2300,65.8000,66.0300,56.6376,439500
2016-06-13,65.7500,66.0100,65.4700,65.5100,56.1916,1613300
2016-06-14,65.3300,65.4500,65.0500,65.4200,56.1144,102700
2016-06-15,65.5500,65.6400,65.1700,65.2400,55.9600,358500
2016-06-16,64.9700,65.6200,64.7000,65.5700,56.2430,161400
2016-06-17,65.5800,65.5800,65.0600,65.3100,56.0200,272900
2016-06-20,65.8900,66.2000,65.6800,65.7300,56.3803,135200
2016-06-21,65.5600,65.6300,65.4000,65.4800,56.4890,177800
2016-06-22,65.5900,65.8200,65.3600,65.3800,56.4027,290400
2016-06-23,65.9200,66.2100,65.7800,66.2100,57.1188,341900
2016-06-24,64.2200,64.9800,63.7000,63.9200,55.1432,523000
2016-06-27,63.4600,63.4600,62.6400,62.9400,54.2978,1835400
2016-06-28,63.6400,63.9800,63.3800,63.9800,55.1950,159500
2016-06-29,64.4900,65.0700,64.4600,65.0300,56.1008,178200
2016-06-30,65.1200,66.0000,65.0800,66.0000,56.9376,147500
2016-07-01,66.0200,66.2800,66.0000,66.1200,57.0411,228000
2016-07-05,65.8700,65.8700,65.5600,65.7300,56.7047,80600
2016-07-06,65.5200,66.0100,65.3500,66.0000,56.9376,117900
2016-07-07,66.1100,66.3700,65.7400,65.9600,56.9031,160600
2016-07-08,66.4100,66.9200,66.3700,66.8700,57.6881,180300
2016-07-11,67.0300,67.2400,66.9400,67.0500,57.8434,112900
2016-07-12,67.2700,67.5400,67.2200,67.4100,58.1540,517500
2016-07-13,67.5100,67.6300,67.2600,67.4000,58.1454,202900
2016-07-14,67.7100,67.8700,67.5800,67.7100,58.4128,742300
2016-07-15,67.8600,68.0000,67.5600,67.7200,58.4214,104400
2016-07-18,67.8000,67.9200,67.6500,67.8400,58.5249,3234700
2016-07-19,67.7500,67.8800,67.7000,67.8800,58.5595,119000
2016-07-20,68.1100,68.2500,67.9600,68.1900,58.8269,250200
2016-07-21,68.1700,68.2300,67.7500,67.9200,58.5940,76500
2016-07-22,67.9700,68.2600,67.8900,68.2500,58.8787,76600
2016-07-25,68.2200,68.2200,67.8900,68.1500,58.7924,78800
2016-07-26,68.0200,68.1600,67.7200,67.9800,58.6457,141000
2016-07-27,68.2200,68.2200,67.7300,67.9400,58.6112,855000
2016-07-28,67.9000,68.0400,67.6300,67.9600,58.6285,57100
2016-07-29,67.7700,68.0800,67.6800,68.0100,58.6716,96000
2016-08-01,68.0100,68.1700,67.8100,67.9400,58.6112,183600
2016-08-02,67.8800,67.9200,67.3000,67.6900,58.3956,752600
2016-08-03,67.6200,67.7900,67.5100,67.7900,58.4818,119900
2016-08-04,67.8000,67.9300,67.6600,67.7700,58.4646,202900
2016-08-05,68.0900,68.3400,68.0500,68.3400,58.9563,155800
2016-08-08,68.4400,68.4400,68.1700,68.3000,58.9218,114000
2016-08-09,68.3500,68.4300,68.1700,68.2500,58.8787,80800
2016-08-10,68.3200,68.3300,68.0500,68.1300,58.7751,299300
2016-08-11,68.3600,68.5900,68.2800,68.4900,59.0857,143600
2016-08-12,68.4100,68.4800,68.3200,68.4000,59.0081,64200
2016-08-15,68.5600,68.7100,68.5600,68.5900,59.1720,135200
2016-08-16,68.4100,68.4300,68.1600,68.1700,58.8096,63500
2016-08-17,68.1400,68.4100,67.9900,68.3700,58.9822,79500
2016-08-18,68.3900,68.4400,68.2400,68.4200,59.0253,222700
2016-08-19,68.2700,68.4400,68.1200,68.4100,59.0167,83500
2016-08-22,68.3500,68.5200,68.2000,68.3700,58.9822,120500
2016-08-23,68.5500,68.7200,68.4900,68.5200,59.1116,120900
2016-08-24,68.5100,68.5100,68.1200,68.2400,58.8700,162700
2016-08-25,68.1600,68.3800,68.1200,68.2400,58.8700,129300
2016-08-26,68.3000,68.6600,67.8000,68.0400,58.6975,123400
2016-08-29,68.1000,68.3600,68.1000,68.2800,58.9046,79900
2016-08-30,68.2300,68.2700,67.9000,68.0400,58.6975,72400
2016-08-31,67.9600,67.9900,67.6100,67.8600,58.5422,129300
2016-09-01,67.8400,67.9100,67.4600,67.8100,58.4991,327000
2016-09-02,68.1100,68.2500,67.9200,68.1300,58.7751,60900
2016-09-06,68.1800,68.2500,67.9200,68.2100,58.8441,141700
2016-09-07,68.2200,68.2200,68.0000,68.2200,58.8528,125600
2016-09-08,68.0600,68.2400,67.8400,67.9300,58.6026,724500
2016-09-09,67.5000,67.5000,66.3800,66.3900,57.2740,177900
2016-09-12,66.1400,67.3900,66.0900,67.2700,58.0332,148300
2016-09-13,66.9100,67.0200,66.3100,66.4900,57.3603,2599800
2016-09-14,66.5500,66.8900,66.2900,66.4900,57.3603,2585000
2016-09-15,66.4600,67.2600,66.3500,67.1400,57.9211,655600
2016-09-16,66.9700,66.9700,66.6100,66.8400,57.6623,729400
2016-09-19,67.0600,67.3000,66.8200,66.9200,57.7313,127500
2016-09-20,67.1700,67.2600,66.9400,67.0000,57.8003,248000
2016-09-21,67.2200,67.7500,66.9600,67.7100,58.4128,206300
2016-09-22,68.0500,68.1900,67.9500,68.0700,58.7234,124900
2016-09-23,67.9300,68.0300,67.6400,67.6400,58.3524,112100
2016-09-26,67.0600,67.1300,66.8500,66.8900,57.9624,151800
2016-09-27,66.8300,67.2800,66.7500,67.2700,58.2918,247100
2016-09-28,67.3400,67.5000,67.0200,67.4700,58.4651,247200
2016-09-29,67.4500,67.5800,66.7500,66.8800,57.9538,677700
2016-09-30,67.2000,67.6900,67.2000,67.4900,58.4824,2026800
2016-10-03,67.3500,67.3900,67.0800,67.2800,58.3004,2197000
2016-10-04,67.3100,67.3900,66.6900,66.8500,57.9278,925600
2016-10-05,67.0300,67.2200,66.9800,67.1000,58.1444,784100
2016-10-06,67.0400,67.2200,66.8700,67.1600,58.1964,440600
2016-10-07,67.2300,67.3300,66.7500,66.9600,58.0231,166100
2016-10-10,67.3200,67.4800,67.2800,67.2900,58.3091,148500
2016-10-11,67.2200,67.2200,66.3300,66.5500,57.6679,66600
2016-10-12,66.5600,66.8300,66.4500,66.6400,57.7458,968800
2016-10-13,66.2500,66.6900,66.0000,66.4900,57.6158,233800
2016-10-14,66.7300,66.9700,66.5500,66.5600,57.6765,289600
2016-10-17,66.5400,66.6400,66.3500,66.4500,57.5812,106000
2016-10-18,66.7600,66.9300,66.4700,66.4800,57.6072,175600
2016-10-19,66.6200,66.7300,66.4900,66.6000,57.7112,196200
2016-10-20,66.5500,66.7000,66.2900,66.3900,57.5292,289100
2016-10-21,66.2300,66.3700,66.0900,66.2800,57.4339,105000
2016-10-24,66.5500,66.7000,66.5200,66.5800,57.6938,124000
2016-10-25,66.4500,66.5200,66.2000,66.2800,57.4339,76200
2016-10-26,66.0100,66.4800,65.9600,66.3500,57.4945,277800
2016-10-27,66.5200,66.6100,66.0800,66.0900,57.2692,184900
2016-10-28,66.0900,66.4900,65.9000,66.1100,57.2866,212400
2016-10-31,66.1600,66.3000,66.0500,66.1100,57.2866,235900
2016-11-01,66.3000,66.3200,65.3100,65.6500,56.8880,471200
2016-11-02,65.5000,65.6500,65.2700,65.3200,56.6020,117700
2016-11-03,65.4000,65.5700,65.0800,65.1700,56.4720,304400
2016-11-04,65.2200,65.4700,65.0600,65.0600,56.3767,560300
2016-11-07,65.9100,66.4600,65.9000,66.4300,57.5639,564200
2016-11-08,66.4600,66.9800,66.4100,66.7500,57.8412,182100
2016-11-09,66.1100,67.7100,66.1100,67.5400,58.5257,695300
2016-11-10,67.8800,68.1000,67.2700,67.6300,58.6037,770800
2016-11-11,67.4600,67.6300,67.2300,67.5600,58.5431,621100
2016-11-14,67.6900,67.8300,67.1600,67.3800,58.3871,514200
2016-11-15,67.4400,67.6900,67.3500,67.6700,58.6384,231300
2016-11-16,67.5900,67.7900,67.5800,67.7800,58.7337,1023800
2016-11-17,67.8400,68.1000,67.7700,68.1000,59.0110,156300
2016-11-18,68.1300,68.1300,67.8900,67.9800,58.9070,194300
2016-11-21,68.1100,68.4500,68.1000,68.4200,59.2883,1778900
2016-11-22,68.6100,68.7900,68.3700,68.6300,59.4702,855300
2016-11-23,68.2600,68.4500,68.2600,68.4300,59.2969,318200
2016-11-25,68.5200,68.7100,68.5200,68.7100,59.5396,73300
2016-11-28,68.6300,68.7500,68.4600,68.4800,59.3403,319200
2016-11-29,68.4500,68.6500,68.3300,68.5000,59.3576,245200
2016-11-30,68.6600,68.6800,68.1000,68.1000,59.0110,248900
2016-12-01,68.1500,68.1900,67.7400,67.8700,58.8117,522700
2016-12-02,67.8700,68.0200,67.7500,67.8700,58.8117,82800
2016-12-05,68.1200,68.2600,68.0400,68.1700,59.0716,184700
2016-12-06,68.2600,68.2900,68.0500,68.2900,59.1756,165700
2016-12-07,68.2800,69.2400,68.2400,69.1900,59.9555,1243700
2016-12-08,69.2300,69.4600,69.1200,69.3300,60.0768,226600
2016-12-09,69.4200,69.7000,69.4200,69.7000,60.3974,389500
2016-12-12,69.7000,69.8500,69.6600,69.8200,60.5014,162400
2016-12-13,70.0900,70.4200,70.0900,70.3200,60.9347,131700
2016-12-14,70.2600,70.5000,69.6400,69.7500,60.4408,204600
2016-12-15,69.8000,70.2500,69.7500,69.9400,60.6054,305600
2016-12-16,70.1100,70.3300,69.8400,69.9100,60.5794,196900
2016-12-19,70.0000,70.2000,69.9500,70.0500,60.7007,173700
2016-12-20,70.2100,70.3700,70.1200,70.2800,60.9000,241800
2016-12-21,70.2700,70.3200,70.1000,70.1000,60.7440,988000
2016-12-22,69.7500,69.8500,69.5100,69.7000,60.7109,800300
2016-12-23,69.6700,69.7600,69.6400,69.7500,60.7545,748600
2016-12-27,69.7900,70.0300,69.7900,69.8100,60.8068,562100
2016-12-28,69.9000,69.9700,69.2800,69.3100,60.3712,805600
2016-12-29,69.3600,69.5100,69.3000,69.3900,60.4409,586200
2016-12-30,69.5400,69.5700,68.9400,69.1000,60.1883,888800
2017-01-03,69.4800,69.7200,69.2800,69.6000,60.6239,854400
2017-01-04,69.7000,70.0800,69.6500,69.9900,60.9635,815600
2017-01-05,69.9200,70.1600,69.7100,69.9200,60.9026,171900
2017-01-06,69.9400,70.2600,69.8100,70.1600,61.1116,181300
2017-01-09,70.0800,70.1600,69.7900,69.8100,60.8068,185400
2017-01-10,69.8100,70.0300,69.6700,69.7000,60.7109,323100
2017-01-11,69.7000,69.8000,69.4300,69.7400,60.7458,253000
2017-01-12,69.5800,69.6900,69.1800,69.6600,60.6761,545800
2017-01-13,69.6300,69.8300,69.6300,69.6600,60.6761,287300
2017-01-17,69.5400,69.7800,69.5100,69.7000,60.7109,225300
2017-01-18,69.8700,69.8700,69.6300,69.8200,60.8155,194200
2017-01-19,69.7800,69.8900,69.3600,69.4700,60.5106,415000
2017-01-20,69.6100,69.7900,69.4000,69.6600,60.6761,135000
2017-01-23,69.5400,69.6600,69.3300,69.5600,60.5890,468100
2017-01-24,69.6500,70.1200,69.6500,70.0300,60.9984,170800
2017-01-25,70.2900,70.6600,70.2900,70.6200,61.5123,466500
2017-01-26,70.5500,70.6600,70.3600,70.4500,61.3642,1655200
2017-01-27,70.4400,70.5400,70.2600,70.3500,61.2771,80200
2017-01-30,70.1400,70.1400,69.7600,70.0400,61.0071,2298700
2017-01-31,69.7800,69.9200,69.6200,69.9000,60.8851,564700
2017-02-01,70.0600,70.1900,69.6700,69.8000,60.7981,275000
2017-02-02,69.7300,69.9200,69.6100,69.8200,60.8155,116700
2017-02-03,70.1600,70.3600,70.0400,70.3300,61.2597,308500
2017-02-06,70.1600,70.3200,70.0500,70.2500,61.1900,103700
2017-02-07,70.3700,70.4700,70.3000,70.3600,61.2859,1683800
2017-02-08,70.1800,70.3500,70.1000,70.3300,61.2597,292800
2017-02-09,70.4600,70.8000,70.4400,70.6800,61.5646,284100
2017-02-10,70.7800,71.1400,70.7800,71.0200,61.8607,285500
2017-02-13,71.1800,71.4800,71.1800,71.4100,62.2004,132000
2017-02-14,71.3500,71.7200,71.2600,71.7200,62.4704,118600
2017-02-15,71.6700,72.2000,71.6300,72.1700,62.8624,201100
2017-02-16,72.1800,72.2600,71.9500,72.2500,62.9321,217900
2017-02-17,72.0800,72.5500,72.0500,72.5500,63.1934,236800
2017-02-21,72.5800,72.9500,72.5800,72.8700,63.4721,97300
2017-02-22,72.7600,72.9200,72.7600,72.8600,63.4634,95100
2017-02-23,73.0300,73.1300,72.7700,73.0700,63.6463,224600
2017-02-24,72.8100,73.3000,72.8100,73.3000,63.8467,182000
2017-02-27,73.2500,73.3700,73.1400,73.2900,63.8380,94500
2017-02-28,73.1600,73.3200,73.1100,73.1800,63.7421,307700
2017-03-01,73.6700,74.2900,73.6600,74.1400,64.5783,249400
2017-03-02,74.0900,74.1200,73.8700,73.8700,64.3432,137500
2017-03-03,73.8500,73.9400,73.6300,73.8400,64.3170,259900
2017-03-06,73.5700,73.7600,73.4800,73.6500,64.1515,134400
2017-03-07,73.4700,73.7200,73.3600,73.4600,63.9860,215900
2017-03-08,73.4500,73.6100,73.3200,73.3400,63.8815,128900
2017-03-09,73.3600,73.4200,73.0400,73.3400,63.8815,534200
2017-03-10,73.6500,73.7300,73.3100,73.6300,64.1341,197200
2017-03-13,73.6000,73.6700,73.4500,73.6400,64.1428,125000
2017-03-14,73.5200,73.5900,73.3300,73.4100,63.9425,164200
2017-03-15,73.6100,74.2200,73.6000,74.0900,64.5348,117100
2017-03-16,74.1300,74.2200,73.7900,73.9300,64.3954,175400
2017-03-17,74.0300,74.2100,73.9200,73.9200,64.3867,60700
2017-03-20,73.9500,73.9500,73.6500,73.8200,64.2996,120900
2017-03-21,73.9900,74.1300,73.0500,73.0900,63.6638,92100
2017-03-22,73.1900,73.3000,72.9000,73.2300,63.7857,81000
2017-03-23,73.1500,73.5600,73.0700,73.1400,63.7073,451800
2017-03-24,72.9300,73.0400,72.5000,72.7000,63.6259,170700
2017-03-27,72.1700,72.6700,72.0000,72.5700,63.5121,110600
2017-03-28,72.5100,73.0900,72.3800,72.9400,63.8360,188600
2017-03-29,72.9100,72.9500,72.7500,72.8700,63.7747,273200
2017-03-30,72.8300,73.0100,72.7300,72.9500,63.8447,129100
2017-03-31,72.8800,73.0400,72.8000,72.8000,63.7134,135600
2017-04-03,72.8500,72.8600,72.2400,72.6200,63.5559,152600
2017-04-04,72.4800,72.6200,72.3900,72.6000,63.5384,130900
2017-04-05,72.7800,73.1300,72.3900,72.4000,63.3634,101300
2017-04-06,72.4600,72.7100,72.3600,72.5700,63.5121,71600
2017-04-07,72.5300,72.7300,72.3700,72.5500,63.4947,82200
2017-04-10,72.5700,72.8400,72.4500,72.5500,63.4947,111500
2017-04-11,72.4900,72.5900,72.1000,72.5600,63.5034,150500
2017-04-12,72.4600,72.5200,72.2400,72.3300,63.3021,156000
2017-04-13,72.2400,72.4400,71.9600,71.9600,62.9783,81300
2017-04-17,72.0800,72.5100,72.0800,72.5000,63.4509,78400
2017-04-18,72.2600,72.3900,72.0800,72.2700,63.2496,281600
2017-04-19,72.3400,72.4300,71.9600,72.0200,63.0308,88100
2017-04-20,72.2000,72.7100,72.1700,72.5400,63.4859,56600
2017-04-21,72.5000,72.6000,72.2900,72.4100,63.3721,76700
2017-04-24,72.9600,73.1400,72.8200,73.0200,63.9060,84400
2017-04-25,73.2900,73.5800,73.2900,73.5100,64.3348,280100
2017-04-26,73.4900,73.6300,73.3300,73.3800,64.2210,117100
2017-04-27,73.4500,73.5200,73.2500,73.4400,64.2736,62200
2017-04-28,73.5300,73.5300,73.1700,73.2500,64.1073,280600
2017-05-01,73.3100,73.3700,73.1300,73.1700,64.0372,82900
2017-05-02,73.2700,73.3600,73.1900,73.3000,64.1510,96100
2017-05-03,73.1600,73.2800,72.9600,73.2000,64.0635,151000
2017-05-04,73.2500,73.3800,72.9600,73.2800,64.1335,66600
2017-05-05,73.3200,73.5400,73.2900,73.5300,64.3523,154900
2017-05-08,73.5500,73.5700,73.3500,73.5000,64.3260,70200
2017-05-09,73.5400,73.6200,73.3800,73.4900,64.3173,157600
2017-05-10,73.4300,73.5300,73.3600,73.4800,64.3086,68100
2017-05-11,73.3200,73.4600,72.9700,73.3100,64.1598,80000
2017-05-12,73.2600,73.3000,73.1500,73.2100,64.0723,172800
2017-05-15,73.3500,73.6600,73.3500,73.6300,64.4398,135400
2017-05-16,73.6700,73.7000,73.4600,73.5700,64.3873,401700
2017-05-17,73.0400,73.2300,72.5900,72.6300,63.5646,128600
2017-05-18,72.5300,72.9900,72.4800,72.7800,63.6959,211900
2017-05-19,72.8800,73.3400,72.8300,73.1600,64.0285,98400
2017-05-22,73.3300,73.6600,73.2500,73.6300,64.4398,191600
2017-05-23,73.7300,73.9300,73.6000,73.6000,64.4136,116600
2017-05-24,73.6900,73.8700,73.6400,73.8100,64.5974,157800
2017-05-25,73.9700,74.3100,73.9500,74.2400,64.9737,58700
2017-05-26,74.1300,74.2800,74.1300,74.2200,64.9562,48300
2017-05-30,74.0900,74.2300,74.0300,74.1800,64.9212,65000
2017-05-31,74.2800,74.3900,74.1500,74.3400,65.0612,208800
2017-06-01,74.4900,74.8500,74.3600,74.8500,65.5076,553600
2017-06-02,74.8600,75.1600,74.7800,75.0600,65.6913,125700
2017-06-05,75.0500,75.1300,74.9800,75.0100,65.6476,194000
2017-06-06,74.8500,74.9400,74.7000,74.7400,65.4113,253000
2017-06-07,74.8500,74.9600,74.6400,74.8000,65.4638,1181800
2017-06-08,74.8400,75.0000,74.6800,74.8800,65.5338,67900
2017-06-09,74.9800,75.2400,74.4900,74.9400,65.5863,223500
2017-06-12,74.7600,74.9300,74.6600,74.9000,65.5513,382200
2017-06-13,75.0800,75.3200,75.0000,75.2900,65.8927,85800
2017-06-14,75.3700,75.4400,74.9900,75.2700,65.8751,363100
2017-06-15,74.8300,75.2300,74.7500,75.2300,65.8401,867700
2017-06-16,75.2100,75.2900,74.8900,75.2900,65.8927,334400
2017-06-19,75.5300,75.8600,75.4900,75.8400,66.3740,1075700
2017-06-20,75.7800,75.7800,75.3200,75.3300,65.9277,441900
2017-06-21,75.4300,75.4500,75.1600,75.2600,65.8664,63600
2017-06-22,75.2600,75.3800,75.0500,75.1900,65.8051,58300
2017-06-23,75.1300,75.4200,75.0200,75.3200,65.9189,73100
2017-06-26,75.5000,75.6400,75.3500,75.3500,65.9452,132200
2017-06-27,74.9500,74.9900,74.4200,74.4200,65.4727,270400
2017-06-28,74.6900,75.0600,74.6200,74.9900,65.9742,117800
2017-06-29,74.9400,74.9400,73.7900,74.1200,65.2088,91700
2017-06-30,74.4900,74.6800,74.3000,74.3700,65.4287,103400
2017-07-03,74.7200,74.8900,74.6400,74.6400,65.6663,115500
2017-07-05,74.7100,74.7100,74.4000,74.6100,65.6399,121300
2017-07-06,74.3700,74.4900,73.9500,74.0000,65.1032,132800
2017-07-07,74.1400,74.5800,74.1400,74.4900,65.5343,219400
2017-07-10,74.5000,74.6500,74.3900,74.5400,65.5783,166500
2017-07-11,74.4600,74.5100,73.9600,74.3200,65.3848,78500
2017-07-12,74.6900,74.9800,74.6900,74.9200,65.9126,60100
2017-07-13,74.8700,75.0500,74.8200,74.9800,65.9654,899200
2017-07-14,75.1000,75.5700,75.0700,75.4400,66.3701,2505700
2017-07-17,75.3400,75.4600,75.2900,75.3600,66.2997,77400
2017-07-18,75.1900,75.4900,75.1000,75.4700,66.3965,62200
2017-07-19,75.5200,75.7400,75.4800,75.7000,66.5988,321000
2017-07-20,75.8600,75.9900,75.7700,75.9000,66.7748,47600
2017-07-21,75.7300,75.8800,75.7000,75.8800,66.7572,94700
2017-07-24,75.8100,75.8700,75.5300,75.6900,66.5900,153200
2017-07-25,75.8900,76.0000,75.6800,75.7900,66.6780,45400
2017-07-26,75.9100,75.9100,75.7000,75.7800,66.6692,85600
2017-07-27,75.7300,75.7300,75.2800,75.6800,66.5812,137500
2017-07-28,75.4600,75.5700,74.5700,75.1300,66.0974,444900
2017-07-31,75.1700,75.2400,75.0000,75.1300,66.0974,79100
2017-08-01,75.3900,75.3900,75.1600,75.3900,66.3261,92400
2017-08-02,75.6500,75.6500,75.0900,75.3800,66.3173,331100
2017-08-03,75.6100,75.6100,75.2100,75.2500,66.2029,218800
2017-08-04,75.4800,75.5100,75.3100,75.3400,66.2821,54800
2017-08-07,75.6400,75.6400,75.4000,75.5600,66.4756,94200
2017-08-08,75.5700,75.7500,75.2500,75.3900,66.3261,144800
2017-08-09,75.2200,75.3300,75.0400,75.3300,66.2733,300600
2017-08-10,75.1500,75.2500,74.2700,74.3100,65.3759,175600
2017-08-11,74.2300,74.5400,74.2300,74.2900,65.3584,64900
2017-08-14,74.5300,75.0900,74.5300,75.0000,65.9830,110300
2017-08-15,75.2100,75.2300,74.9200,75.0000,65.9830,81100
2017-08-16,75.0100,75.3300,75.0100,75.1500,66.1149,104700
2017-08-17,75.0000,75.0900,73.9700,73.9800,65.0856,73500
2017-08-18,73.9200,74.2100,73.6900,73.7900,64.9184,110600
2017-08-21,73.7100,74.0300,73.6200,73.9600,65.0680,128700
2017-08-22,74.0100,74.7200,74.0100,74.6400,65.6663,59300
2017-08-23,74.3100,74.5200,74.3100,74.4300,65.4815,105500
2017-08-24,74.4500,74.7400,74.2900,74.3800,65.4375,85500
2017-08-25,74.4800,74.8500,74.4800,74.5400,65.5783,83900
2017-08-28,74.7800,74.7900,74.5100,74.6000,65.6311,100200
2017-08-29,74.3800,74.7000,74.2200,74.5800,65.6135,66500
2017-08-30,74.5200,75.1100,74.5200,75.0400,66.0181,97000
2017-08-31,75.1800,75.5800,75.1800,75.4800,66.4053,72200
2017-09-01,75.5900,75.8300,75.5300,75.6200,66.5285,66500
2017-09-05,75.3800,75.4800,74.7400,75.1000,66.0709,203800
2017-09-06,75.1200,75.4300,75.1200,75.2700,66.2205,97400
2017-09-07,75.4700,75.7100,75.1700,75.5000,66.4229,71100
2017-09-08,75.2900,75.6800,75.2900,75.5800,66.4933,215100
2017-09-11,75.8400,76.3400,75.8400,76.3100,67.1355,102800
2017-09-12,76.5500,76.5800,76.4000,76.5500,67.3466,80700
2017-09-13,76.4900,76.6800,76.3200,76.4400,67.2499,104400
2017-09-14,76.3600,76.5500,76.2300,76.5000,67.3026,1189700
2017-09-15,76.4900,76.8200,76.2000,76.8100,67.5754,431800
2017-09-18,76.9800,77.0900,76.6000,77.0500,67.7865,1651600
2017-09-19,77.0100,77.2000,77.0100,77.1700,67.8921,87100
2017-09-20,77.2100,77.2100,76.6700,77.0300,67.7689,61600
2017-09-21,76.8500,77.1800,76.7700,76.8100,67.5754,71000
2017-09-22,76.7200,77.1200,76.6900,77.0600,67.7953,228600
2017-09-25,77.0300,77.2100,76.8200,77.1400,67.8657,97300
2017-09-26,77.1200,77.1200,76.8500,76.8900,67.9452,644500
2017-09-27,76.9200,77.2600,76.7600,77.1500,68.1750,1134400
2017-09-28,76.9400,77.1000,76.9100,77.0700,68.1043,183900
2017-09-29,77.1100,77.1600,76.9800,77.1400,68.1661,219800
2017-10-02,77.2900,77.5800,77.2200,77.5800,68.5550,348500
2017-10-03,77.8100,77.8200,77.3500,77.7700,68.7229,84400
2017-10-04,77.6800,77.9800,77.6200,77.9100,68.8466,161000
2017-10-05,78.0300,78.4100,78.0100,78.4000,69.2796,59500
2017-10-06,78.3400,78.3500,78.0700,78.2500,69.1470,164700
2017-10-09,78.3700,78.4800,78.2700,78.3300,69.2177,269900
2017-10-10,78.4800,78.7600,78.4700,78.6600,69.5093,1568700
2017-10-11,78.6800,78.8900,78.6200,78.8500,69.6772,520000
2017-10-12,78.7500,78.9500,78.7000,78.8600,69.6861,163600
2017-10-13,78.8500,79.1300,78.8500,78.9100,69.7302,56100
2017-10-16,78.8700,79.2000,78.7300,78.8900,69.7126,53400
2017-10-17,79.0200,79.0500,78.8600,78.9900,69.8009,103900
2017-10-18,79.0400,79.2200,79.0400,79.0900,69.8893,116500
2017-10-19,78.8100,79.2200,78.6100,79.2200,70.0042,60500
2017-10-20,79.6500,79.7700,79.3800,79.5800,70.3223,116900
2017-10-23,79.6900,79.7300,79.4200,79.4500,70.2074,102700
2017-10-24,79.5400,79.8100,79.3500,79.4800,70.2339,467400
2017-10-25,79.3000,79.5200,78.7500,79.2600,70.0395,95800
2017-10-26,79.3100,79.6900,79.3100,79.3900,70.1544,205000
2017-10-27,79.6500,79.6500,79.1900,79.5800,70.3223,260300
2017-10-30,79.6500,79.7500,79.1800,79.3200,70.0926,113400
2017-10-31,79.5100,79.5400,79.2100,79.3900,70.1544,219500
2017-11-01,79.7500,79.8700,79.3800,79.4300,70.1897,158800
2017-11-02,79.5200,79.6000,79.2100,79.5800,70.3223,103900
2017-11-03,79.7500,79.8000,79.5100,79.7200,70.4460,64300
2017-11-06,79.8100,79.9000,79.3600,79.8200,70.5344,1006500
2017-11-07,79.7800,79.9900,79.5000,79.7000,70.4283,699300
2017-11-08,79.6200,79.9900,79.6000,79.9800,70.6757,69000
2017-11-09,79.6500,79.7400,79.1500,79.6800,70.4107,90700
2017-11-10,79.6400,79.8100,79.4000,79.7800,70.4990,222800
2017-11-13,79.6800,79.9400,79.5300,79.8500,70.5609,1091700
2017-11-14,79.7700,79.8800,79.4600,79.8800,70.5874,80600
2017-11-15,79.4200,79.7500,79.3200,79.4100,70.1721,145900
2017-11-16,79.5800,80.1300,79.5800,80.0100,70.7023,152000
2017-11-17,80.0700,80.1000,79.9500,80.0200,70.7111,111500
2017-11-20,80.0700,80.3000,80.0200,80.1700,70.8437,185500
2017-11-21,80.4100,80.7000,80.4000,80.6700,71.2855,104300
2017-11-22,80.7200,80.7200,80.4400,80.5000,71.1353,191200
2017-11-24,80.6600,80.7100,80.5000,80.6400,71.2590,29900
2017-11-27,80.6700,80.7900,80.5900,80.6200,71.2413,94200
2017-11-28,80.7600,81.5300,80.7300,81.4900,72.0101,210200
2017-11-29,81.6900,81.8300,81.3100,81.6400,72.1426,141300
2017-11-30,82.0300,82.5700,81.6400,82.2500,72.6817,125600
2017-12-01,82.5300,82.5300,81.0300,82.2800,72.7082,333500
2017-12-04,82.8400,82.9000,82.3400,82.3400,72.7612,182900
2017-12-05,82.5100,82.6400,82.1000,82.1300,72.5756,368400
2017-12-06,82.2200,82.2700,81.8500,82.0800,72.5315,66300
2017-12-07,81.9200,82.4700,81.9200,82.4000,72.8142,98900
2017-12-08,82.7300,82.7800,82.4400,82.7800,73.1500,86700
2017-12-11,82.8600,82.9500,82.7200,82.9300,73.2826,146200
2017-12-12,83.1700,83.1800,82.8600,82.9700,73.3180,1910000
2017-12-13,83.0100,83.2900,82.8800,83.0100,73.3533,149900
2017-12-14,83.0100,83.2200,82.6600,82.6700,73.0528,227600
2017-12-15,83.0200,83.4900,82.9300,83.2900,73.6007,749000
2017-12-18,83.7800,84.0100,83.6300,83.7900,74.0425,183400
2017-12-19,83.8500,84.1500,83.6100,83.6300,73.9011,133000
2017-12-20,84.1200,84.1200,83.4800,83.6000,73.8746,322300
2017-12-21,83.6100,83.6100,83.1100,83.1700,73.8285,106100
2017-12-22,83.0000,83.1500,82.9800,83.1100,73.7752,118400
2017-12-26,83.0300,83.1400,82.9700,83.1300,73.7930,147700
2017-12-27,83.3900,83.3900,83.1400,83.2200,73.8729,141200
2017-12-28,83.4000,83.4000,83.1800,83.3200,73.9616,222500
2017-12-29,83.4600,83.5300,82.9000,82.9000,73.5888,236800
2018-01-02,83.3200,83.3200,83.0400,83.2800,73.9261,472100
2018-01-03,83.3700,83.9000,83.3600,83.8700,74.4499,421600
2018-01-04,84.2100,84.3600,83.8800,84.2500,74.7872,194200
2018-01-05,84.5500,84.8100,84.3200,84.8000,75.2754,182600
2018-01-08,84.8300,85.1400,84.8300,85.0600,75.5062,375200
2018-01-09,85.1900,85.5400,85.0200,85.3200,75.7370,250000
2018-01-10,85.1200,85.2200,84.7300,85.1600,75.5949,300900
2018-01-11,85.4000,85.6500,85.1700,85.6100,75.9944,178400
2018-01-12,85.8800,86.2800,85.7600,86.2300,76.5448,238200
2018-01-16,86.6700,86.8700,85.6700,85.9300,76.2785,181400
2018-01-17,86.4300,87.2500,86.1300,87.1300,77.3437,146300
2018-01-18,87.2500,87.2600,86.7400,86.8800,77.1218,248900
2018-01-19,87.0500,87.4500,86.8000,87.4300,77.6100,154000
2018-01-22,87.4500,87.8900,87.3000,87.8900,78.0183,132500
2018-01-23,88.0500,88.0600,87.6000,87.9100,78.0361,115000
2018-01-24,88.0500,88.1100,87.2500,87.6800,77.8319,342300
2018-01-25,88.0300,88.0600,87.4800,87.7000,77.8497,216100
2018-01-26,87.7700,88.6300,87.7700,88.6100,78.6575,196900
2018-01-29,88.4900,88.4900,87.8200,87.8300,77.9651,228800
2018-01-30,87.4000,87.4800,86.7800,86.8900,77.1307,570600
2018-01-31,87.0700,87.1500,86.3600,86.6900,76.9531,442800
2018-02-01,86.5500,87.0100,86.4300,86.7600,77.0153,1376600
2018-02-02,86.4400,86.4500,84.9200,84.9700,75.4263,558400
2018-02-05,84.1800,85.1200,81.3000,81.7200,72.5413,618700
2018-02-06,80.1100,83.1800,79.7200,82.9900,73.6687,2287500
2018-02-07,82.9800,84.0800,82.6900,82.6900,73.4024,630600
2018-02-08,82.9300,82.9300,79.8000,79.8200,70.8548,426000
2018-02-09,80.6000,81.7300,78.6300,81.1300,72.0176,788800
2018-02-12,81.9300,82.6700,81.1900,82.1000,72.8787,794600
2018-02-13,81.6300,82.5400,81.6000,82.4000,73.1450,175400
2018-02-14,81.7100,83.6000,81.7100,83.4800,74.1037,530400
2018-02-15,84.1700,84.5100,83.2700,84.5100,75.0180,313700
2018-02-16,84.5000,85.2500,84.3800,84.5600,75.0623,188300
2018-02-20,84.3900,84.7600,83.8600,84.0900,74.6451,177900
2018-02-21,84.2500,84.9800,83.5200,83.5400,74.1569,144800
2018-02-22,83.5800,84.3500,83.4000,83.5700,74.1836,295000
2018-02-23,83.9000,84.9300,83.8700,84.9300,75.3908,149800
2018-02-26,85.3200,85.9300,85.0900,85.8900,76.2430,139600
2018-02-27,86.0500,86.3500,84.9300,84.9300,75.3908,237100
2018-02-28,85.4200,85.6400,84.1700,84.1700,74.7162,130900
2018-03-01,84.2800,84.7000,82.5500,83.1000,73.7663,1494800
2018-03-02,82.5000,83.7500,82.2300,83.6100,74.2191,191100
2018-03-05,83.2000,84.6100,83.1900,84.4200,74.9381,163000
2018-03-06,84.7200,84.9900,84.3200,84.8200,75.2932,378200
2018-03-07,83.9900,84.8900,83.9700,84.7100,75.1955,143800
2018-03-08,84.8900,85.2600,84.7500,85.2400,75.6660,163400
2018-03-09,85.7200,86.6800,85.6200,86.6700,76.9353,155000
2018-03-12,86.8600,87.0000,86.5100,86.6600,76.9265,393500
2018-03-13,87.1200,87.3700,86.0900,86.2500,76.5625,229000
2018-03-14,86.6000,86.7400,85.5000,85.6600,76.0388,136400
2018-03-15,85.7200,86.1500,85.5300,85.6800,76.0565,170800
2018-03-16,85.6900,86.2100,85.6900,85.8900,76.2430,251200
2018-03-19,85.5500,85.9400,84.2300,84.8000,75.2754,222800
2018-03-20,84.9000,85.3600,84.9000,85.1500,75.5861,151400
2018-03-21,85.2200,85.7800,84.9500,85.0100,75.4618,133100
2018-03-22,83.9900,84.0500,82.4400,82.4400,73.5064,171300
2018-03-23,82.5400,82.5500,80.5700,80.6000,71.8659,852700
2018-03-26,81.9900,82.9400,81.2700,82.8800,73.8988,217300
2018-03-27,83.0400,83.4000,81.1500,81.6500,72.8021,484900
2018-03-28,81.5300,82.2300,81.1800,81.5100,72.6772,316700
2018-03-29,82.1000,83.2300,81.6100,82.7100,73.7472,217100
2018-04-02,82.7400,82.7400,79.9300,80.7300,71.9818,684000
2018-04-03,81.3300,82.0100,80.8600,81.8700,72.9982,225700
2018-04-04,80.6500,83.0700,80.6500,82.8900,73.9077,329800
2018-04-05,83.4000,83.5300,82.8800,83.2700,74.2465,265000
2018-04-06,82.6700,83.0700,80.8100,81.3900,72.5702,320900
2018-04-09,82.0400,82.7800,81.5100,81.5900,72.7486,276700
2018-04-10,82.3500,83.2100,82.3500,82.9800,73.9880,354000
2018-04-11,82.4900,83.0500,82.3800,82.4800,73.5421,928900
2018-04-12,82.8700,83.4000,82.8700,83.0400,74.0414,296500
2018-04-13,83.5000,83.5400,82.4000,82.7300,73.7650,223600
2018-04-16,83.2200,83.6000,83.0800,83.3800,74.3446,257600
2018-04-17,83.9800,84.2800,83.5800,84.0800,74.9688,2021700
2018-04-18,84.2500,84.2500,83.6600,83.7800,74.7013,562400
2018-04-19,83.6800,83.6800,82.4900,82.8200,73.8453,339500
2018-04-20,82.9200,82.9200,81.7800,82.1000,73.2033,190900
2018-04-23,82.3800,82.4400,81.7000,82.0100,73.1231,162000
2018-04-24,82.3500,82.4100,80.5000,81.0500,72.2671,383400
2018-04-25,81.1900,81.3500,80.4300,81.1900,72.3919,261800
2018-04-26,81.7300,82.2000,81.2100,82.0300,73.1409,220700
2018-04-27,81.7100,82.2400,81.7100,82.1400,73.2389,292500
2018-04-30,82.3900,82.5700,81.6300,81.6300,72.7842,172100
2018-05-01,81.4800,81.7400,80.8700,81.6700,72.8199,531600
2018-05-02,81.6000,82.1300,81.3100,81.4000,72.5791,328000
2018-05-03,81.0200,81.6000,80.3000,81.4200,72.5970,401900
2018-05-04,81.1800,82.6800,81.1000,82.4200,73.4886,103200
2018-05-07,82.8000,82.9700,82.4200,82.6100,73.6580,210300
2018-05-08,82.6100,82.8200,82.3000,82.7000,73.7383,226400
2018-05-09,83.0500,83.5400,82.7200,83.4000,74.3624,240100
2018-05-10,83.6600,84.1500,83.5600,84.0700,74.9598,548900
2018-05-11,84.1500,84.5300,84.0400,84.3000,75.1649,645900
2018-05-14,84.5800,84.5800,84.0300,84.2100,75.0846,278100
2018-05-15,83.9300,83.9300,83.3500,83.6600,74.5943,1999200
2018-05-16,83.8700,84.2700,83.8200,84.1000,74.9866,737600
2018-05-17,84.0900,84.4900,83.9700,84.1900,75.0668,189100
2018-05-18,84.1100,84.2000,83.8800,84.0300,74.9242,283400
2018-05-21,84.6400,84.7100,84.3200,84.4700,75.3165,341400
2018-05-22,84.8800,84.8800,84.1000,84.1900,75.0668,200600
2018-05-23,83.9000,84.5600,83.9000,84.5400,75.3789,208100
2018-05-24,84.5700,84.5700,83.8800,84.5100,75.3522,295000
2018-05-25,84.3700,84.4800,84.0600,84.2500,75.1203,252600
2018-05-29,83.7400,83.9400,82.9900,83.4200,74.3803,207200
2018-05-30,83.7000,84.6300,83.7000,84.5100,75.3522,184000
2018-05-31,84.4900,84.5700,83.7500,83.8300,74.7458,187000
2018-06-01,84.3700,84.8400,84.2800,84.7500,75.5662,292200
2018-06-04,84.9400,85.3500,84.9400,85.2600,76.0209,195400
2018-06-05,85.3500,85.4300,85.0000,85.3900,76.1368,238800
2018-06-06,85.4200,86.1500,85.4100,86.1500,76.8144,196500
2018-06-07,86.2800,86.4900,85.7700,86.0600,76.7342,418400
2018-06-08,85.8500,86.3300,85.7600,86.3200,76.9660,240600
2018-06-11,86.2600,86.6100,86.1800,86.2000,76.8590,143200
2018-06-12,86.3600,86.5200,86.0700,86.3300,76.9749,844300
2018-06-13,86.3900,86.4900,85.8300,85.8400,76.5380,172900
2018-06-14,86.1800,86.2100,85.8400,85.9500,76.6361,248000
2018-06-15,85.6700,86.1000,85.4100,86.1000,76.7698,217700
2018-06-18,85.6600,85.8700,85.3300,85.8400,76.5380,164800
2018-06-19,85.0400,85.5700,84.9600,85.5100,76.2438,1095900
2018-06-20,85.7900,85.7900,85.3300,85.4200,76.1635,621700
2018-06-21,85.3800,85.3800,84.6200,84.7700,75.5840,535100
2018-06-22,85.2500,85.2500,84.8300,84.8300,75.6375,457800
2018-06-25,84.4600,84.4600,83.2400,83.7500,74.6745,673300
2018-06-26,83.6600,83.8000,83.3700,83.4700,74.7614,373200
2018-06-27,83.6300,83.9900,82.6400,82.6600,74.0359,349900
2018-06-28,82.6400,83.4600,82.5600,83.2500,74.5643,1297100
2018-06-29,83.8500,84.1400,83.4500,83.4500,74.7435,255000
2018-07-02,82.9900,83.5200,82.7300,83.4700,74.7614,419100
2018-07-03,83.8200,83.9400,83.2300,83.3400,74.6449,109000
2018-07-05,83.9100,84.0300,83.3900,84.0200,75.2540,240800
2018-07-06,84.1600,84.8600,83.9200,84.7400,75.8989,284400
2018-07-09,85.1500,85.4200,84.9400,85.4200,76.5079,335400
2018-07-10,85.5000,85.7800,85.5000,85.7400,76.7946,138400
2018-07-11,85.2500,85.4600,84.9800,85.1200,76.2393,248500
2018-07-12,85.6000,85.8400,85.3700,85.8100,76.8573,1247500
2018-07-13,85.7900,85.9800,85.7700,85.9100,76.9468,230500
2018-07-16,85.7800,85.8600,85.3900,85.5200,76.5975,156300
2018-07-17,85.4200,86.1800,85.4200,86.0800,77.0991,124200
2018-07-18,86.0500,86.2800,85.8700,86.2600,77.2603,172800
2018-07-19,86.1000,86.2600,85.8600,86.1000,77.1170,260400
2018-07-20,86.0400,86.1700,85.9000,85.9300,76.9647,260500
2018-07-23,85.8900,85.9400,85.6200,85.9200,76.9558,190100
2018-07-24,86.1900,86.5400,86.0000,86.2900,77.2872,363300
2018-07-25,86.3100,87.1800,86.0600,87.1600,78.0664,337100
2018-07-26,86.9100,87.3200,86.9000,87.0900,78.0037,299500
2018-07-27,87.2500,87.2500,86.2700,86.5500,77.5201,292700
2018-07-30,86.5300,86.6300,85.8900,85.9700,77.0006,321400
2018-07-31,86.3100,86.7400,86.3000,86.5500,77.5201,261400
2018-08-01,86.7700,86.7700,86.0700,86.3200,77.3140,655700
2018-08-02,85.9700,86.7000,85.7800,86.6200,77.5827,250500
2018-08-03,86.7800,87.0600,86.6400,87.0200,77.9410,208300
2018-08-06,86.9100,87.3500,86.8400,87.2900,78.1828,257000
2018-08-07,87.4800,87.7500,87.3900,87.6600,78.5142,163800
2018-08-08,87.6200,87.8000,87.3600,87.5500,78.4157,109600
2018-08-09,87.5200,87.5900,87.3100,87.3500,78.2366,141900
2018-08-10,86.9700,87.0800,86.6100,86.7900,77.7350,391000
2018-08-13,86.9800,87.0900,86.3900,86.4600,77.4394,561200
2018-08-14,86.8300,87.1200,86.6100,87.0500,77.9679,162800
2018-08-15,86.7000,86.9400,86.1200,86.6600,77.6186,230000
2018-08-16,87.1000,87.6100,86.8600,87.3500,78.2366,162000
2018-08-17,87.2700,87.8600,87.0300,87.7300,78.5769,145200
2018-08-20,87.8300,88.1800,87.8300,88.1100,78.9173,223900
2018-08-21,88.2300,88.5100,88.2000,88.2700,79.0606,187900
2018-08-22,88.2000,88.4900,88.1000,88.2700,79.0606,162100
2018-08-23,88.2600,88.5800,88.1300,88.3000,79.0874,254600
2018-08-24,88.3200,88.8200,88.3200,88.7800,79.5174,325000
2018-08-27,89.1400,89.4500,89.1200,89.3600,80.0369,1721400
2018-08-28,89.5100,89.6600,89.1800,89.3400,80.0190,868800
2018-08-29,89.3600,89.9300,89.3400,89.8600,80.4847,425700
2018-08-30,89.7500,89.8300,89.2700,89.4500,80.1175,399400
2018-08-31,89.3100,89.7900,89.3100,89.7800,80.4130,177000
2018-09-04,89.4900,89.7900,89.3000,89.6800,80.3235,648300
2018-09-05,89.4800,89.7500,89.2000,89.6800,80.3235,605400
2018-09-06,89.7200,89.8300,89.1500,89.5700,80.2249,172200
2018-09-07,89.2800,89.6500,89.0800,89.2600,79.9473,165300
2018-09-10,89.6500,89.8100,89.4400,89.4800,80.1444,177900
2018-09-11,89.3700,89.8400,89.2100,89.6900,80.3324,239600
2018-09-12,89.7800,89.9300,89.5100,89.7300,80.3683,486300
2018-09-13,90.1300,90.2900,89.9900,90.2500,80.8340,796600
2018-09-14,90.3700,90.4600,90.1200,90.3900,80.9594,827500
2018-09-17,90.4700,90.4700,89.8800,89.9600,80.5743,200400
2018-09-18,90.2000,90.5800,89.9800,90.3800,80.9504,322600
2018-09-19,90.4600,90.6200,90.2900,90.3700,80.9415,374500
2018-09-20,90.8400,91.1400,90.4200,91.0600,81.5595,320000
2018-09-21,91.2400,91.4700,91.2000,91.2600,81.7387,1055900
2018-09-24,91.2000,91.2300,90.7200,90.8400,81.3625,210100
2018-09-25,91.1700,91.1700,90.5600,90.6100,81.1565,245400
2018-09-26,90.4200,90.7800,89.9800,90.0800,81.0107,327400
2018-09-27,90.2100,90.6200,90.1800,90.2400,81.1547,399600
2018-09-28,90.1900,90.5200,90.1000,90.3700,81.2716,695600
2018-10-01,90.7100,91.0200,90.5100,90.7100,81.5773,430600
2018-10-02,90.6800,90.9800,90.5500,90.7800,81.6403,2124400
2018-10-03,91.2400,91.2500,90.5900,90.7400,81.6043,574700
2018-10-04,90.5000,90.6200,89.4400,89.9300,80.8758,441100
2018-10-05,90.2100,90.2100,88.8400,89.2900,80.3003,552600
2018-10-08,89.1900,89.4100,88.5900,89.2700,80.2823,246500
2018-10-09,89.0800,89.5700,88.9900,89.1000,80.1294,291900
2018-10-10,88.9400,89.1400,85.9200,86.0500,77.3865,2979300
2018-10-11,85.5100,86.2400,83.6300,84.0500,75.5879,2571500
2018-10-12,85.6300,85.6300,84.1800,85.2700,76.6850,850800
2018-10-15,85.1500,85.5700,84.8200,84.8300,76.2893,456800
2018-10-16,85.2800,86.5400,85.1400,86.4000,77.7013,2862600
2018-10-17,86.1500,86.6000,85.5300,86.3500,77.6563,1921500
2018-10-18,86.0500,86.3500,84.7500,85.2300,76.6491,640000
2018-10-19,85.7100,85.7600,84.6400,84.8300,76.2893,754600
2018-10-22,84.9000,85.1600,84.4100,84.6800,76.1544,326300
2018-10-23,83.4400,84.5400,82.5600,84.1300,75.6598,636400
2018-10-24,83.9500,84.1900,81.4400,81.5300,73.3216,513900
2018-10-25,82.0000,83.2500,81.4300,82.7600,74.4277,1281100
2018-10-26,81.6600,82.5500,80.7300,81.6300,73.4115,1171300
2018-10-29,82.7000,83.2400,80.3300,81.4700,73.2676,520300
2018-10-30,81.4800,82.8400,81.4800,82.7800,74.4457,705400
2018-10-31,83.7000,84.3400,83.3500,83.5300,75.1202,952200
2018-11-01,83.7300,84.5500,83.3900,84.4900,75.9836,3218800
2018-11-02,84.8200,85.0900,83.2900,83.9500,75.4979,1045500
2018-11-05,84.1600,84.6500,83.7600,84.4500,75.9476,1054600
2018-11-06,84.5700,85.0600,84.5000,85.0000,76.4422,385000
2018-11-07,85.8300,86.7900,85.4900,86.7400,78.0070,938100
2018-11-08,86.5500,86.8800,86.3100,86.6400,77.9171,946100
2018-11-09,86.3000,86.5100,85.4200,85.8500,77.2066,374300
2018-11-12,85.8200,85.8200,84.1400,84.2600,75.7767,1671800
2018-11-13,84.5300,85.0500,83.8200,84.0500,75.5879,965900
2018-11-14,84.5800,84.9500,82.9200,83.3900,74.9943,1461700
2018-11-15,83.0400,84.3500,82.4600,84.2900,75.8037,1420700
2018-11-16,83.8300,84.4700,83.4100,84.1900,75.7137,677300
2018-11-19,84.0900,84.1000,82.4600,82.7300,74.4008,1083700
2018-11-20,81.5000,82.1800,81.0400,81.3200,73.1327,1594100
2018-11-21,81.9700,81.9800,81.2900,81.2900,73.1057,1064500
2018-11-23,80.8100,81.1400,80.5800,80.7100,72.5841,350500
2018-11-26,81.4800,81.7900,81.1400,81.7500,73.5194,620500
2018-11-27,81.4600,81.9200,81.2200,81.9200,73.6723,621600
2018-11-28,82.4600,83.8800,82.0300,83.8800,75.4350,750700
2018-11-29,83.7800,83.9500,83.1300,83.4900,75.0842,724400
2018-11-30,83.5400,84.4500,83.3900,84.3000,75.8127,976400
2018-12-03,85.9600,85.9600,84.8000,85.2700,76.6850,1004600
2018-12-04,85.1300,85.2400,82.5200,82.6600,74.3378,1273100
2018-12-06,81.5000,82.6400,80.3800,82.6400,74.3198,1646700
2018-12-07,82.6000,83.0400,80.4200,80.7400,72.6111,1073100
2018-12-10,80.5800,81.3000,79.3500,80.9900,72.8359,1435400
2018-12-11,82.0600,82.1000,80.5500,81.0400,72.8809,1017400
2018-12-12,82.1000,82.4500,81.4100,81.4600,73.2586,3225100
2018-12-13,81.8800,81.9900,81.0300,81.5100,73.3036,2250800
2018-12-14,80.6400,81.0000,79.5200,79.7000,71.6758,803000
2018-12-17,78.9300,79.2400,77.0900,77.5600,70.1137,2653600
2018-12-18,78.2600,78.5300,77.2000,77.6700,70.2132,1583100
2018-12-19,77.9800,78.5900,75.8300,76.3700,69.0380,3323800
2018-12-20,76.0100,76.4700,74.4300,75.2400,68.0165,2956000
2018-12-21,75.5400,76.3600,73.4800,73.6700,66.5972,2949700
2018-12-24,73.0600,73.6500,71.8700,71.9100,65.0061,1707000
2018-12-26,72.3300,75.2900,71.7900,75.2800,68.0526,3150200
2018-12-27,74.3400,76.1600,73.4400,76.1600,68.8481,2685800
2018-12-28,76.5300,77.0000,75.6000,75.9700,68.6764,1299100
2018-12-31,76.5400,76.7600,75.9600,76.7600,69.3905,1550500
2019-01-02,75.5900,77.0000,75.5600,76.7200,69.3544,1536000
2019-01-03,76.2400,76.2700,74.6900,74.7900,67.6096,1054200
2019-01-04,75.9500,77.5800,75.5300,77.4300,69.9962,995400
2019-01-07,77.3700,78.4200,77.0700,77.9000,70.4211,2560500
2019-01-08,78.6600,78.8300,77.8300,78.7400,71.1805,18799300
2019-01-09,79.0600,79.4900,78.7100,79.1800,71.5782,1956100
2019-01-10,78.7000,79.5600,78.4800,79.5400,71.9036,846700
2019-01-11,79.1500,79.3300,78.7400,79.3100,71.6957,2167700
2019-01-14,78.7600,79.0800,78.5200,78.8900,71.3160,1009100
2019-01-15,79.0400,79.7100,78.8900,79.6100,71.9669,739800
2019-01-16,79.8000,79.9600,79.5800,79.6800,72.0302,951400
2019-01-17,79.4500,80.6300,79.4400,80.4000,72.6811,907200
2019-01-18,80.9600,81.6400,80.7900,81.4800,73.6574,941900
2019-01-22,81.0200,81.2400,79.8300,80.3200,72.6088,1669100
2019-01-23,80.7100,80.9600,79.6700,80.3700,72.6539,982900
2019-01-24,80.4300,80.7000,80.0000,80.4400,72.7172,646800
2019-01-25,81.0600,81.5200,81.0000,81.3200,73.5127,722500
2019-01-28,80.7700,80.8300,80.1500,80.7600,73.0065,709000
2019-01-29,80.9400,81.0600,80.4900,80.8000,73.0427,441600
2019-01-30,81.3100,82.0600,80.6800,81.8200,73.9647,994700
2019-01-31,82.0700,83.2300,82.0700,83.0900,75.1128,1253200
2019-02-01,83.2200,83.7000,83.1300,83.4600,75.4473,1241100
2019-02-04,83.5200,84.0100,83.1500,84.0100,75.9445,623100
2019-02-05,84.2300,84.5800,84.1000,84.5600,76.4417,2436900
2019-02-06,84.4800,84.5600,84.1700,84.4100,76.3061,988600
2019-02-07,83.8700,84.0000,83.0200,83.5700,75.5467,912400
2019-02-08,83.1900,83.8000,83.0200,83.7900,75.7456,1047300
2019-02-11,84.0100,84.0200,83.6800,83.8800,75.8269,494400
2019-02-12,84.3300,85.0000,84.1100,84.8400,76.6948,1099500
2019-02-13,85.1500,85.5100,85.0900,85.3200,77.1287,903200
2019-02-14,85.0400,85.4600,84.7600,85.1600,76.9841,933400
2019-02-15,85.5700,86.0300,85.5600,86.0300,77.7705,1518900
2019-02-19,85.8600,86.2800,85.7400,86.0300,77.7705,1130500
2019-02-20,86.0400,86.4800,86.0000,86.3800,78.0869,1082800
2019-02-21,86.2100,86.2100,85.6000,85.9100,77.6621,642800
2019-02-22,86.2200,86.7800,86.1400,86.7500,78.4214,820600
2019-02-25,87.2400,87.3600,86.7700,86.8200,78.4847,1406200
2019-02-26,86.6500,87.0900,86.6500,86.8000,78.4666,1152800
2019-02-27,86.5900,87.0700,86.3000,86.9200,78.5751,760800
2019-02-28,86.8300,86.9900,86.5800,86.7100,78.3853,550400
2019-03-01,87.2700,87.4800,86.8500,87.3400,78.9548,851400
2019-03-04,87.7300,87.8900,86.2900,87.1100,78.7468,1665500
2019-03-05,87.1900,87.2900,86.9000,87.0100,78.6565,919000
2019-03-06,87.1200,87.3700,86.5700,86.6900,78.3672,1091000
2019-03-07,86.5500,86.8400,85.6700,85.9900,77.7344,1409200
2019-03-08,85.3300,85.8800,85.1100,85.8300,77.5897,848500
2019-03-11,86.0900,87.1500,86.0500,87.1500,78.7830,1241100
2019-03-12,87.3300,87.6800,87.2900,87.5100,79.1085,3455700
2019-03-13,87.8200,88.3100,87.7200,87.9800,79.5333,1014400
2019-03-14,87.7900,88.2100,87.7000,87.9500,79.5062,569200
2019-03-15,88.1000,88.5300,88.0200,88.3400,79.8588,2075400
2019-03-18,88.4600,88.6100,88.1700,88.4500,79.9582,668700
2019-03-19,88.9000,89.0600,88.1100,88.4000,79.9130,926500
2019-03-20,88.2200,88.4300,87.4100,87.8700,79.7533,1530800
2019-03-21,87.5800,88.9700,87.1100,88.7400,80.5429,1001600
2019-03-22,88.3800,88.5000,87.0900,87.1200,79.0725,1808600
2019-03-25,87.0000,87.4000,86.6500,87.0900,79.0453,889900
2019-03-26,87.6800,88.1900,87.4300,87.8800,79.7623,1337800
2019-03-27,87.9300,88.1100,86.9700,87.5000,79.4174,1612000
2019-03-28,87.6900,88.0900,87.4900,87.9100,79.7896,1376700
2019-03-29,88.4900,88.6000,88.1100,88.5500,80.3704,833700
2019-04-01,89.2000,89.5500,89.0700,89.4700,81.2055,885700
2019-04-02,89.5600,89.6400,89.2800,89.5500,81.2781,611000
2019-04-03,89.8700,90.1200,89.3800,89.6400,81.3598,1393900
2019-04-04,89.6800,90.0200,89.4500,89.8500,81.5503,1109700
2019-04-05,90.1200,90.3300,89.9500,90.3100,81.9679,1683300
2019-04-08,90.1100,90.4300,89.9700,90.4200,82.0677,815400
2019-04-09,90.1600,90.2100,89.7700,89.9200,81.6139,2881700
2019-04-10,90.1100,90.3700,89.9500,90.3100,81.9679,1293100
2019-04-11,90.4000,90.7200,90.1500,90.3700,82.0223,554700
2019-04-12,90.9800,91.1600,90.6500,91.1600,82.7393,872600
2019-04-15,91.2100,91.3300,90.8700,91.1600,82.7393,513300
2019-04-16,91.4800,91.5900,91.0700,91.3100,82.8755,3927900
2019-04-17,91.6600,91.6600,90.9600,91.0300,82.6214,1270100
2019-04-18,91.2400,91.2900,90.6300,90.9400,82.5396,1982600
2019-04-22,90.7000,90.9700,90.5500,90.9400,82.5396,897600
2019-04-23,91.1200,92.0400,91.0900,91.9500,83.4564,541000
2019-04-24,91.9900,92.1600,91.8300,91.8900,83.4019,827000
2019-04-25,91.8500,91.8900,91.1400,91.5800,83.1206,2443600
2019-04-26,91.4900,91.8900,91.1300,91.8900,83.4019,467500
2019-04-29,92.0300,92.0500,91.7200,91.8800,83.3929,597700
2019-04-30,91.7600,92.0000,91.2400,91.9100,83.4201,594800
2019-05-01,92.2000,92.2200,91.1000,91.1100,82.6940,752100
2019-05-02,91.0000,91.3600,90.3500,90.9700,82.5669,861400
2019-05-03,91.6200,91.7900,91.3200,91.6700,83.2022,764000
2019-05-06,90.2000,91.4300,90.0900,91.3200,82.8846,462800
2019-05-07,90.5000,90.7600,89.0700,89.7600,81.4687,1109200
2019-05-08,89.6700,90.2100,89.4500,89.7100,81.4233,1254200
2019-05-09,89.0000,89.5900,88.3800,89.4200,81.1601,783800
2019-05-10,89.0800,90.0900,88.0200,89.8300,81.5322,1336300
2019-05-13,88.1200,88.3800,87.3200,87.6400,79.5445,1060700
2019-05-14,87.9900,88.9100,87.8900,88.3400,80.1799,1062200
2019-05-15,87.8800,89.2700,87.8500,89.0600,80.8333,1028500
2019-05-16,89.2500,90.2400,89.1800,89.7500,81.4596,553600
2019-05-17,89.1300,90.0400,88.8900,89.2600,81.0148,1084400
2019-05-20,88.6500,89.0200,88.3400,88.6300,80.4430,671700
2019-05-21,89.2000,89.5300,89.1000,89.4100,81.1510,1455900
2019-05-22,89.1000,89.3500,88.9500,89.1400,80.9059,655000
2019-05-23,88.3500,88.8700,87.4800,87.9700,79.8440,1394700
2019-05-24,88.4400,88.6000,87.8500,88.0200,79.8894,589600
2019-05-28,88.1000,88.5300,87.2600,87.2600,79.1996,1546900
2019-05-29,86.9100,86.9200,85.9500,86.5900,78.5915,4972500
2019-05-30,86.5200,87.1500,86.5000,86.8100,78.7912,1379600
2019-05-31,85.9400,86.3400,85.7300,85.8600,77.9289,1025300
2019-06-03,85.7900,86.2300,85.1700,85.5900,77.6839,1168800
2019-06-04,86.4000,87.6300,86.2900,87.6100,79.5173,657800
2019-06-05,88.1800,88.4300,87.4900,88.4100,80.2434,4141400
2019-06-06,88.5600,89.1800,88.1900,88.9700,80.7517,695900
2019-06-07,89.3400,90.3400,89.2000,90.0300,81.7137,489600
2019-06-10,90.4800,90.9200,90.3400,90.3800,82.0314,1889400
2019-06-11,91.0600,91.2400,90.2300,90.4500,82.0949,531600
2019-06-12,90.3100,90.6700,90.1200,90.3000,81.9588,908300
2019-06-13,90.6500,90.9000,90.3400,90.6700,82.2946,875100
2019-06-14,90.5800,90.6000,90.1200,90.3700,82.0223,428800
2019-06-17,90.1100,90.2200,89.8600,89.9000,82.0087,401200
2019-06-18,90.6000,91.2100,90.4700,90.8000,82.8297,604700
2019-06-19,91.0000,91.2600,90.5800,91.1300,83.1307,668800
2019-06-20,92.1000,92.3400,91.4800,92.2200,84.1250,1216400
2019-06-21,92.1300,92.3900,91.8700,91.9600,83.8878,7531100
2019-06-24,92.0700,92.1100,91.6300,91.6800,83.6324,1790400
2019-06-25,91.7100,92.0100,90.8900,90.9000,82.9209,374800
2019-06-26,91.1900,91.4500,90.6800,90.7100,82.7475,1037900
2019-06-27,91.0000,91.1400,90.7800,91.0100,83.0212,549400
2019-06-28,91.3500,91.5900,91.0200,91.4700,83.4408,930000
2019-07-01,92.5900,92.6800,91.8400,92.2300,84.1341,3548200
2019-07-02,92.2600,92.5400,91.9800,92.4600,84.3439,1924500
2019-07-03,92.6300,93.3500,92.5000,93.3500,85.1558,299000
2019-07-05,92.8400,93.2300,92.3600,93.1500,84.9734,333600
2019-07-08,92.7500,92.8000,92.4500,92.6000,84.4716,286300
2019-07-09,92.3100,92.7800,92.2500,92.7500,84.6085,469300
2019-07-10,93.1500,93.4200,92.8800,93.1400,84.9642,459900
2019-07-11,93.2200,93.3500,92.9200,93.3500,85.1558,860500
2019-07-12,93.4100,93.7200,93.3100,93.6800,85.4568,738000
2019-07-15,93.8800,93.9700,93.5400,93.7800,85.5481,1001700
2019-07-16,93.7700,93.8200,93.4000,93.4700,85.2653,1028700
2019-07-17,93.6000,93.6000,92.8300,92.8300,84.6815,438800
2019-07-18,92.7700,93.3700,92.5100,93.2200,85.0372,657500
2019-07-19,93.4300,93.7300,92.5100,92.5300,84.4078,541300
2019-07-22,92.7600,93.0200,92.5500,92.8200,84.6723,300500
2019-07-23,93.2200,93.5000,92.8900,93.4700,85.2653,508100
2019-07-24,93.3100,93.9600,93.2800,93.9500,85.7031,342400
2019-07-25,93.8800,93.8800,93.2400,93.5100,85.3018,401100
2019-07-26,93.8200,94.1600,93.6100,94.1000,85.8400,1134500
2019-07-29,94.1100,94.4500,93.8600,94.0700,85.8126,1388400
2019-07-30,93.6300,93.8700,93.3300,93.7000,85.4751,862300
2019-07-31,93.9000,93.9000,91.9700,92.7300,84.5902,617300
2019-08-01,92.8200,93.7900,91.5600,91.8800,83.8148,1148800
2019-08-02,91.6400,91.6600,90.5800,91.0300,83.0394,4307500
2019-08-05,89.6700,89.7000,87.4000,88.1400,80.4031,3982100
2019-08-06,88.9100,89.5400,88.3900,89.4500,81.5981,1924300
2019-08-07,88.3500,89.7700,87.6800,89.5200,81.6620,1310000
2019-08-08,90.1300,91.4300,89.9900,91.4300,83.4043,1277700
2019-08-09,91.0700,91.4500,90.0300,90.6500,82.6928,887100
2019-08-12,90.0500,90.3900,89.2900,89.6400,81.7715,491700
2019-08-13,89.5600,91.5600,89.1200,91.1200,83.1216,731200
2019-08-14,89.8400,89.9000,88.3100,88.3100,80.5582,869600
2019-08-15,88.6700,88.8800,87.9400,88.6100,80.8319,1321000
2019-08-16,89.1700,90.1100,89.1700,89.9200,82.0269,472200
2019-08-19,91.1200,91.2500,90.7300,91.0000,83.0121,460900
2019-08-20,90.8600,90.9600,90.2800,90.3000,82.3735,532000
2019-08-21,90.9500,91.3100,90.8400,91.0500,83.0577,301800
2019-08-22,91.3700,91.5000,90.3600,91.0600,83.0668,480500
2019-08-23,90.7100,91.0700,88.1200,88.5100,80.7407,735500
2019-08-26,89.3800,89.5300,88.8000,89.5200,81.6620,707800
2019-08-27,90.0700,90.4200,89.2500,89.4800,81.6255,1075600
2019-08-28,89.2100,90.1300,89.0300,90.0600,82.1546,1037100
2019-08-29,90.9100,91.3600,90.5200,91.1400,83.1398,530800
2019-08-30,91.6100,91.7900,90.7200,91.0800,83.0851,679900
2019-09-03,90.6400,90.8600,90.0600,90.4100,82.4739,635800
2019-09-04,91.2500,91.4500,90.9200,91.4300,83.4043,590100
2019-09-05,91.9400,93.2200,91.8100,92.9000,84.7453,348200
2019-09-06,92.9600,93.2500,92.9100,93.0200,84.8548,387100
2019-09-09,93.2500,93.2700,92.4500,92.8300,84.6815,709200
2019-09-10,92.5900,92.7700,91.9700,92.7400,84.5994,794300
2019-09-11,92.9300,93.2400,92.6200,93.2400,85.0555,367200
2019-09-12,93.6400,93.9100,93.3100,93.5400,85.3291,579500
2019-09-13,93.5700,93.7300,93.3000,93.3900,85.1923,631600
2019-09-16,93.0900,93.2000,92.8000,92.9700,84.8092,428900
2019-09-17,92.8800,93.3300,92.8800,93.3300,85.1376,398100
2019-09-18,93.2600,93.4000,92.4400,93.3800,85.1832,430200
2019-09-19,93.4800,93.7500,93.1300,93.2400,85.0555,288800
2019-09-20,93.4300,93.6100,92.6100,92.7200,84.5811,386800
2019-09-23,92.4100,93.1300,92.4100,92.9200,84.7636,453100
2019-09-24,92.9400,93.1600,91.5400,91.9100,84.1747,3374200
2019-09-25,92.0600,92.6200,91.5000,92.4600,84.6784,1542100
2019-09-26,92.4800,92.7400,91.7500,92.2300,84.4677,971800
2019-09-27,92.4000,92.5000,91.2900,91.8200,84.0922,438200
2019-09-30,92.0600,92.6200,92.0400,92.4000,84.6234,726200
2019-10-01,92.6500,92.8500,91.2300,91.2300,83.5519,6723000
2019-10-02,90.8100,90.8600,89.2600,89.6600,82.1140,2051000
2019-10-03,89.7300,90.4600,88.7500,90.4600,82.8467,2195100
2019-10-04,90.7900,91.8800,90.7900,91.8000,84.0739,1775700
2019-10-07,91.4800,92.0000,91.2400,91.3400,83.6526,864200
2019-10-08,90.8100,90.9000,89.8400,89.8400,82.2789,1076300
2019-10-09,90.5300,91.0000,90.2800,90.6700,83.0390,941200
2019-10-10,90.6500,91.5900,90.6500,91.2800,83.5977,1109400
2019-10-11,92.2000,93.3500,92.2000,92.6300,84.8341,893900
2019-10-14,92.5600,92.9400,92.4200,92.6400,84.8432,480400
2019-10-15,92.9800,93.7500,92.6300,93.4400,85.5759,466300
2019-10-16,93.3400,93.4300,93.0400,93.2200,85.3744,606200
2019-10-17,93.5600,93.8700,93.3300,93.5200,85.6492,733900
2019-10-18,93.3200,93.6300,92.7200,93.0200,85.1913,405300
2019-10-21,93.5400,93.6600,93.1200,93.6400,85.7591,679200
2019-10-22,94.0800,94.3900,93.3400,93.3500,85.4935,1363300
2019-10-23,93.1800,93.4800,93.1300,93.4000,85.5393,756600
2019-10-24,93.7900,94.0000,93.3900,93.8600,85.9606,835700
2019-10-25,93.7600,94.5400,93.6300,94.3400,86.4001,811600
2019-10-28,94.6900,94.9200,94.4000,94.8100,86.8306,710800
2019-10-29,94.7600,95.0300,94.5000,94.6600,86.6932,678400
2019-10-30,94.8100,94.8800,94.1700,94.8100,86.8306,654800
2019-10-31,94.9000,94.9000,94.0600,94.4400,86.4918,834500
2019-11-01,95.0500,95.4000,95.0000,95.4000,87.3709,533500
2019-11-04,96.0300,96.0800,95.6100,95.7600,87.7007,740000
2019-11-05,95.8700,96.0100,95.5300,95.6700,87.6182,1529100
2019-11-06,95.6400,95.7600,95.3200,95.6900,87.6365,641900
2019-11-07,96.1300,96.3900,95.8500,96.0100,87.9296,625200
2019-11-08,96.0000,96.2200,95.7800,96.2100,88.1128,771200
2019-11-11,95.7200,96.0800,95.7200,96.0600,87.9754,426900
2019-11-12,96.2400,96.6400,96.0400,96.2500,88.1494,636700
2019-11-13,95.9900,96.6500,95.8500,96.5200,88.3967,642700
2019-11-14,96.4400,96.7600,96.2500,96.7200,88.5798,5564300
2019-11-15,97.1600,97.4600,96.9900,97.4600,89.2576,1173300
2019-11-18,97.3600,97.5500,97.0700,97.4800,89.2759,809900
2019-11-19,97.7600,97.7600,97.3300,97.5900,89.3766,867500
2019-11-20,97.4200,97.5200,96.6000,97.1400,88.9645,1385500
2019-11-21,97.2900,97.2900,96.7400,97.0100,88.8454,564000
2019-11-22,97.2700,97.4300,96.8000,97.2500,89.0652,985100
2019-11-25,97.6400,98.1200,97.5500,98.1000,89.8437,3346700
2019-11-26,98.2400,98.5400,98.0500,98.4300,90.1459,1596200
2019-11-27,98.7100,98.9700,98.5300,98.9400,90.6130,555600
2019-11-29,98.8900,98.9500,98.5600,98.6500,90.3474,269700
2019-12-02,98.7700,98.7700,97.6800,97.8500,89.6148,955300
2019-12-03,97.0900,97.2200,96.5000,97.1900,89.0103,616000
2019-12-04,97.6200,98.1100,97.5100,97.9000,89.6605,833400
2019-12-05,98.2100,98.2100,97.6600,98.1800,89.9170,550600
2019-12-06,98.9100,99.2400,98.6300,99.0000,90.6680,583600
2019-12-09,98.9000,99.0700,98.8200,98.8300,90.5122,541500
2019-12-10,98.8700,99.0400,98.5200,98.7000,90.3932,778600
2019-12-11,98.8600,99.1500,98.7800,99.0600,90.7229,695700
2019-12-12,99.1100,100.1000,98.9300,99.8000,91.4007,887400
2019-12-13,99.7600,100.1700,99.3700,99.7100,91.3182,763800
2019-12-16,99.9200,100.0800,99.7600,99.9300,91.9253,690900
2019-12-17,100.0400,100.0700,99.7900,99.8500,91.8517,1117800
2019-12-18,100.0800,100.1400,99.9300,99.9500,91.9437,647200
2019-12-19,100.2100,100.4000,99.9700,100.3600,92.3209,829100
2019-12-20,100.7500,101.2700,100.5900,100.9300,92.8452,1828300
2019-12-23,101.2300,101.2400,100.8600,100.9400,92.8544,1238000
2019-12-24,101.0500,101.0500,100.7700,100.9100,92.8269,380000
2019-12-26,101.0700,101.2800,100.9800,101.2800,93.1672,428800
2019-12-27,101.5700,101.6200,101.1200,101.3000,93.1856,490900
2019-12-30,101.3800,101.3800,100.5900,100.8100,92.7349,718100
2019-12-31,100.5900,101.0600,100.5000,101.0000,92.9096,567100
2020-01-02,101.6200,101.8800,101.2300,101.8800,93.7191,1885300
2020-01-03,100.9300,101.5500,100.7100,101.2200,93.1120,826800
2020-01-06,100.6200,101.4800,100.5100,101.4600,93.3328,767600
2020-01-07,101.3000,101.5300,101.0500,101.3200,93.2040,3601600
2020-01-08,101.3400,102.2000,101.2800,101.7300,93.5812,701900
2020-01-09,102.3300,102.5600,102.1900,102.5600,94.3447,1218200
2020-01-10,102.7600,102.9800,102.2800,102.4200,94.2159,676700
2020-01-13,102.7300,103.2700,102.5500,103.2700,94.9978,718700
2020-01-14,103.2300,103.5000,102.9700,103.1200,94.8598,1070900
2020-01-15,103.1200,103.6600,103.0900,103.4300,95.1450,1140300
2020-01-16,103.9700,104.2800,103.8500,104.2700,95.9177,911500
2020-01-17,104.5500,104.6100,104.2900,104.5600,96.1844,721700
2020-01-21,104.2700,104.5700,104.1200,104.2800,95.9269,947400
2020-01-22,104.5100,104.8800,104.2500,104.3400,95.9821,912300
2020-01-23,104.1700,104.2800,103.5800,104.2400,95.8901,865300
2020-01-24,104.4700,104.4700,102.8000,103.1600,94.8966,903100
2020-01-27,101.4000,102.0200,101.2100,101.4500,93.3236,1150300
2020-01-28,102.0200,102.6500,101.6400,102.3600,94.1607,909100
2020-01-29,102.8600,103.1300,102.2700,102.5000,94.2895,684200
2020-01-30,101.7200,102.7000,101.3300,102.6400,94.4182,925100
2020-01-31,102.2100,102.2100,100.0500,100.3100,92.2749,957400
2020-02-03,101.0100,101.9500,100.9500,101.3100,93.1948,1121600
2020-02-04,102.5300,103.1700,102.4400,102.8000,94.5654,680100
2020-02-05,103.8900,104.0800,103.2200,104.0500,95.7153,964900
2020-02-06,104.6500,104.6500,104.1300,104.4200,96.0557,582600
2020-02-07,104.1400,104.1400,103.5100,103.7300,95.4209,642700
2020-02-10,103.4900,104.2300,103.4000,104.2300,95.8809,1313100
2020-02-11,104.7200,104.8400,104.2400,104.4200,96.0557,627100
2020-02-12,104.9200,105.1200,104.6300,105.0500,96.6352,3387300
2020-02-13,104.8300,105.1000,104.3700,104.8000,96.4052,2212100
2020-02-14,105.0600,105.1000,104.4900,105.0000,96.5892,2023400
2020-02-18,104.8400,104.9300,104.3200,104.7100,96.3224,741600
2020-02-19,105.1000,105.2300,104.8800,105.0600,96.6444,5644100
2020-02-20,105.0000,105.3200,103.8400,104.7400,96.3500,1375700
2020-02-21,104.4100,104.4100,103.4500,103.7300,95.4209,4847600
2020-02-24,100.0000,101.2300,99.8100,100.1500,92.1277,1180400
2020-02-25,100.6300,100.7100,96.8100,97.0900,89.3128,1325800
2020-02-26,97.8200,98.8500,96.6700,96.8800,89.1197,3605500
2020-02-27,94.9300,96.5600,92.7200,92.7600,85.3297,1943600
2020-02-28,89.6800,92.1700,89.3400,91.9500,84.5846,4074200
2020-03-02,93.2900,96.0200,91.6600,96.0200,88.3285,3411300
2020-03-03,96.3600,97.2800,92.3800,93.1400,85.6792,2987700
2020-03-04,94.9000,96.8500,93.8700,96.7700,89.0185,2320500
2020-03-05,94.2900,95.4100,92.9700,93.7200,86.2128,1424900
2020-03-06,90.8100,92.7600,90.1700,92.3500,84.9525,1870000
2020-03-09,85.6700,88.7100,84.7500,85.8500,78.9732,3206400
2020-03-10,89.0000,90.2900,85.5000,90.2900,83.0575,4144600
2020-03-11,87.8000,88.1700,84.7900,85.8500,78.9732,2998000
2020-03-12,79.3800,83.2700,77.6500,77.8100,71.5772,3878100
2020-03-13,82.3200,84.8700,78.0900,84.8600,78.0625,4118200
2020-03-16,82.3700,82.3700,75.2500,76.2200,70.1146,2575100
2020-03-17,76.6400,80.4800,74.9300,79.5400,73.1686,3226100
2020-03-18,74.8800,77.2800,72.3800,76.1200,70.0226,3259800
2020-03-19,75.8800,78.0600,73.6200,76.1400,70.0410,3322700
2020-03-20,77.0100,77.2500,71.7700,72.0600,66.2878,2211900
2020-03-23,71.6300,71.8200,68.2000,69.2800,63.7305,2590700
2020-03-24,73.3100,76.5400,72.1900,76.4600,70.3354,2369300
2020-03-25,76.1200,80.7100,75.3000,77.6700,71.8336,3679900
2020-03-26,78.8300,82.5400,78.2500,82.0300,75.8660,3189600
2020-03-27,79.4200,82.0400,78.8100,79.4800,73.5076,2472500
2020-03-30,80.3200,82.6000,79.7800,82.4500,76.2544,3603000
2020-03-31,82.4000,82.8400,80.7000,81.0400,74.9504,2733100
2020-04-01,78.3100,79.2800,76.9400,77.6600,71.8244,1873500
2020-04-02,77.4500,79.7600,77.2700,79.4900,73.5168,1756400
2020-04-03,79.4200,79.9400,77.3500,78.2600,72.3793,1748300
2020-04-06,81.2200,84.2900,81.1100,83.5000,77.2255,2474900
2020-04-07,86.7900,86.9100,83.7200,83.7500,77.4567,7883800
2020-04-08,84.9800,86.9800,83.7500,86.5500,80.0463,3358700
2020-04-09,87.5300,88.3800,86.6300,87.4400,80.8695,19224800
2020-04-13,86.9700,87.1700,84.9200,86.0400,79.5747,5263600
2020-04-14,87.9500,89.0800,87.6800,88.7500,82.0810,2715400
2020-04-15,86.8500,87.2200,85.9500,86.7000,80.1851,2006000
2020-04-16,87.0900,87.4300,85.7700,86.8800,80.3515,1622500
2020-04-17,89.2300,89.5500,88.1400,89.3900,82.6730,1733200
2020-04-20,88.0200,88.9800,87.6000,87.7600,81.1654,2107200
2020-04-21,86.2700,86.3900,84.9000,85.1600,78.7608,1565900
2020-04-22,86.5300,87.6700,86.3000,87.1200,80.5735,1771500
2020-04-23,87.7700,88.5700,86.9400,87.0300,80.4903,1617600
2020-04-24,87.3800,88.5900,86.9700,88.4100,81.7666,1381100
2020-04-27,88.9400,90.2700,88.7800,89.9300,83.1724,1812800
2020-04-28,91.2500,91.4500,89.8000,89.9400,83.1816,2230900
2020-04-29,92.0700,92.8200,91.5500,92.3000,85.3643,2788900
2020-04-30,91.9600,91.9600,90.5900,90.9900,84.1527,2355700
2020-05-01,89.2800,89.8400,88.4400,88.8100,82.1365,1630100
2020-05-04,88.2800,89.1700,87.7400,89.0900,82.3955,1679100
2020-05-05,90.0500,90.8400,89.7500,89.9400,83.1816,1724600
2020-05-06,90.7200,90.7200,89.4300,89.4800,82.7562,1839500
2020-05-07,90.6000,91.1900,90.3000,90.4900,83.6903,3149000
2020-05-08,91.8000,92.1400,91.1900,92.0000,85.0868,1812400
2020-05-11,91.3400,92.6300,91.1700,92.1500,85.2255,1693100
2020-05-12,92.4800,92.6000,90.1000,90.1200,83.3481,1695200
2020-05-13,90.1000,90.4200,87.8000,88.7200,82.0533,1780600
2020-05-14,87.7800,89.7900,86.9700,89.7900,83.0429,1951700
2020-05-15,88.8800,90.4900,88.6600,90.4700,83.6718,1256700
2020-05-18,92.3300,93.7100,92.3300,93.2700,86.2614,1413000
2020-05-19,93.1100,93.4600,92.1500,92.1800,85.2533,1946400
2020-05-20,93.4800,93.9800,93.2200,93.6500,86.6128,1139600
2020-05-21,93.7800,93.9300,92.7100,93.0900,86.0949,815300
2020-05-22,93.0500,93.3000,92.5200,93.2700,86.2614,1073400
2020-05-26,95.2800,95.5800,94.6000,94.7700,87.6487,1662900
2020-05-27,95.8300,95.8600,94.1500,95.8500,88.6475,1326500
2020-05-28,96.3500,96.8500,95.4200,95.5700,88.3885,2391700
2020-05-29,95.5300,96.2800,94.5700,96.1000,88.8787,1285600
2020-06-01,95.9400,96.5900,95.6100,96.4200,89.1747,1033700
2020-06-02,96.7600,97.2100,96.2500,97.1700,89.8683,1110700
2020-06-03,97.9400,98.9000,97.5800,98.6200,91.2094,1283500
2020-06-04,98.3300,98.6800,97.3200,98.0600,90.6914,2975300
2020-06-05,99.9800,101.1200,99.5000,100.5200,92.9666,1183700
2020-06-08,101.0000,101.4300,100.4000,101.4300,93.8082,1701100
2020-06-09,100.6000,100.8700,100.1300,100.4200,92.8741,1907600
2020-06-10,100.6000,100.7900,99.4800,99.8200,92.3192,1503000
2020-06-11,97.7600,97.7800,93.7100,93.9000,86.8440,1691300
2020-06-12,96.5600,96.5600,93.0400,94.9100,87.7781,1761300
2020-06-15,92.4200,95.7800,92.1100,95.3900,88.5533,1202200
2020-06-16,98.1500,98.1500,95.7600,97.1700,90.2057,1014300
2020-06-17,97.5600,97.5600,96.5400,96.7400,89.8065,1369400
2020-06-18,96.2700,96.7900,95.9700,96.6700,89.7416,1124100
2020-06-19,97.8800,97.8900,95.6200,96.1100,89.2217,1103900
2020-06-22,95.9200,96.8000,95.4500,96.7600,89.8251,936300
2020-06-23,97.7600,97.9600,97.1100,97.2900,90.3171,962800
2020-06-24,96.5800,96.7600,94.0500,94.6700,87.8849,2237600
2020-06-25,94.5700,95.6200,93.7400,95.5300,88.6832,1217900
2020-06-26,95.1500,95.1700,92.9300,93.0700,86.3996,1200100
2020-06-29,93.3600,94.4900,92.7700,94.4600,87.6900,1541000
2020-06-30,94.5000,96.2900,94.3800,95.9200,89.0453,1245500
2020-07-01,96.2300,96.8600,96.0900,96.4300,89.5188,1036000
2020-07-02,97.6900,97.9800,96.8400,97.0200,90.0665,715000
2020-07-06,98.2500,98.6000,98.0200,98.4200,91.3661,890300
2020-07-07,97.9600,98.6000,97.1500,97.2200,90.2521,1313600
2020-07-08,97.6000,97.9100,96.8400,97.7600,90.7534,1403500
2020-07-09,97.9900,97.9900,96.0700,97.0900,90.1314,881900
2020-07-10,97.1200,98.1300,96.5500,98.0800,91.0505,627400
2020-07-13,98.8200,99.5200,97.1400,97.2500,90.2800,703100
2020-07-14,96.7100,98.6700,96.6000,98.6300,91.5611,1310300
2020-07-15,99.7600,100.1900,99.1400,99.9200,92.7586,1518200
2020-07-16,99.1800,99.5800,99.0000,99.4400,92.3130,835900
2020-07-17,99.7600,100.1800,99.2400,99.8800,92.7215,859100
2020-07-20,99.6800,100.5800,99.3300,100.3400,93.1485,810700
2020-07-21,101.1900,101.3300,100.5000,100.7500,93.5291,974000
2020-07-22,100.8200,101.6400,100.8200,101.5600,94.2811,745400
2020-07-23,101.4800,101.8100,100.0400,100.4400,93.2414,1086200
2020-07-24,99.6300,99.8600,98.9700,99.4100,92.2852,769400
2020-07-27,99.6900,100.1500,99.3200,100.1200,92.9443,699500
2020-07-28,99.8200,100.1300,99.2900,99.3600,92.2388,758500
2020-07-29,99.6000,100.6100,99.5400,100.4100,93.2135,1914500
2020-07-30,99.3600,100.0200,98.5900,99.9500,92.7865,1073000
2020-07-31,100.1800,100.6700,99.0200,100.6700,93.4549,985100
2020-08-03,101.1900,101.3600,100.8000,101.0200,93.7798,1074000
2020-08-04,100.9000,101.3900,100.7600,101.3900,94.1233,806900
2020-08-05,101.9800,102.4500,101.8200,102.3800,95.0423,710800
2020-08-06,102.3400,103.0300,102.0100,102.9900,95.6086,778000
2020-08-07,102.6700,103.2700,102.5700,103.2700,95.8685,626000
2020-08-10,103.4200,103.6400,102.9100,103.5200,96.1006,707400
2020-08-11,104.2400,104.4300,102.8200,103.0000,95.6179,3373600
2020-08-12,103.6100,104.5200,103.6100,104.2900,96.8154,672300
2020-08-13,104.0600,104.4200,103.7200,104.0400,96.5833,729300
2020-08-14,104.2100,104.2900,103.6700,103.9900,96.5369,1018200
2020-08-17,104.3700,104.5400,104.1300,104.3100,96.8340,385700
2020-08-18,104.7400,104.7400,103.8200,104.3600,96.8804,610500
2020-08-19,104.4600,104.8200,103.8800,104.0400,96.5833,756100
2020-08-20,103.5000,104.4200,103.3500,104.2800,96.8061,643300
2020-08-21,104.2200,104.7100,104.0700,104.5900,97.0939,471400
2020-08-24,105.5300,105.7700,105.2200,105.7400,98.1615,646100
2020-08-25,106.0700,106.1400,105.6200,106.1000,98.4957,1289500
2020-08-26,106.2300,107.2000,106.0500,107.0700,99.3962,656600
2020-08-27,107.5000,107.7800,106.7000,107.1600,99.4797,1311000
2020-08-28,107.6600,108.3000,107.2900,108.2200,100.4637,584400
2020-08-31,108.2100,108.3000,107.5300,107.5800,99.8696,597800
2020-09-01,107.5600,108.3400,107.3500,108.3400,100.5751,1558500
2020-09-02,108.8900,110.4200,108.6400,110.1600,102.2647,1143900
2020-09-03,109.4600,109.7500,105.7300,106.4900,98.8577,1105100
2020-09-04,107.0200,107.1700,103.6300,105.5300,97.9666,1061300
2020-09-08,104.3400,104.3400,102.8600,103.0100,95.6272,1460300
2020-09-09,104.2100,105.4500,103.7600,104.6600,97.1589,913600
2020-09-10,105.4000,105.4000,102.6000,102.9400,95.5622,642200
2020-09-11,103.7000,103.9100,102.2000,103.0200,95.6364,1137700
2020-09-14,104.0800,104.8800,103.9300,104.3700,96.8897,587300
2020-09-15,105.2800,105.6400,104.6700,104.9400,97.4188,1531700
2020-09-16,105.4500,105.9800,104.7100,104.7800,97.2703,752200
2020-09-17,103.7100,104.4600,103.0300,103.8500,96.4070,660500
2020-09-18,104.3200,104.3200,102.1600,102.8800,95.5065,717700
2020-09-21,101.5800,101.5800,99.9600,101.2300,93.9747,1012100
2020-09-22,101.6600,102.4800,100.9000,102.3100,94.9773,918200
2020-09-23,102.5900,102.6100,99.9700,100.1400,93.3662,680800
2020-09-24,99.6600,101.3100,99.1700,100.2800,93.4967,843500
2020-09-25,100.1700,101.9000,99.6100,101.6900,94.8114,448400
2020-09-28,103.1100,103.6200,102.7600,103.3600,96.3684,861900
2020-09-29,103.5000,103.6400,102.7300,103.0600,96.0887,556600
2020-09-30,103.3700,104.7200,103.1600,103.7400,96.7227,948500
2020-10-01,104.4600,104.9000,103.7400,104.3100,97.2542,873200
2020-10-02,102.7600,104.1300,102.3800,103.4800,96.4803,673100
2020-10-05,104.4300,105.2300,104.2300,105.1900,98.0746,622700
2020-10-06,105.3800,106.1000,103.7300,103.9600,96.9278,652700
2020-10-07,104.9100,105.8400,104.7700,105.5900,98.4475,977100
2020-10-08,106.4500,106.5800,106.0300,106.5600,99.3520,705400
2020-10-09,107.1800,107.7400,106.9400,107.5900,100.3123,746200
2020-10-12,108.4000,109.3600,108.1300,108.9600,101.5896,471100
2020-10-13,109.1400,109.1400,107.9300,108.2200,100.8997,734700
2020-10-14,108.3000,108.7400,107.3300,107.5800,100.3030,711000
2020-10-15,106.5300,107.6000,105.8100,107.4400,100.1724,614100
2020-10-16,107.8400,108.2700,107.4100,107.4200,100.1538,787300
2020-10-19,107.6900,107.9700,105.4900,105.7100,98.5594,1506100
2020-10-20,106.3500,107.2600,106.0600,106.2300,99.0443,811900
2020-10-21,106.4300,107.2000,106.2800,106.4000,99.2028,466500
2020-10-22,106.6800,107.2400,105.8900,106.9900,99.7528,831100
2020-10-23,107.3600,107.5400,106.6500,107.5400,100.2656,666100
2020-10-26,106.5500,106.5500,104.0400,105.2400,98.1212,667500
2020-10-27,105.4400,105.4400,104.6900,104.7700,97.6830,740200
2020-10-28,103.0300,103.0300,100.6700,100.8600,94.0375,1156100
2020-10-29,100.8900,102.8300,100.2900,101.9800,95.0818,1093500
2020-10-30,101.5500,101.9200,99.7300,101.0500,94.2147,1017700
2020-11-02,102.2800,103.0600,101.4600,102.3200,95.3988,717500
2020-11-03,103.4500,104.8000,103.2800,104.2400,97.1889,508600
2020-11-04,105.6400,108.1600,105.3400,106.7700,99.5477,841900
2020-11-05,108.7800,109.2200,108.0600,108.6100,101.2633,1207200
2020-11-06,108.6500,108.8700,107.8400,108.4200,101.0861,815000
2020-11-09,114.3300,114.8500,110.9100,110.9700,103.4636,1136300
2020-11-10,110.9500,111.1800,109.7300,110.7800,103.2865,1141900
2020-11-11,111.7400,111.7400,110.6000,111.1200,103.6035,659000
2020-11-12,110.5800,110.8200,109.2400,109.8000,102.3728,3356700
2020-11-13,110.8300,111.8100,110.4300,111.5400,103.9951,906400
2020-11-16,112.8500,112.9300,111.8000,112.9300,105.2911,513500
2020-11-17,112.4200,112.8300,111.6500,112.4700,104.8622,1396900
2020-11-18,112.8200,112.8400,111.1000,111.1400,103.6221,586800
2020-11-19,110.9500,111.4200,110.1500,111.2900,103.7620,550500
2020-11-20,111.4700,111.4700,110.4300,110.4600,102.9881,769700
2020-11-23,111.0900,111.5200,110.3800,111.2300,103.7061,737100
2020-11-24,112.2000,113.2300,111.7400,113.0200,105.3750,938300
2020-11-25,113.0700,113.0700,112.2600,112.6200,105.0020,636600
2020-11-27,113.1200,113.1200,112.6000,112.8800,105.2444,206800
2020-11-30,112.7500,112.7500,111.6000,112.4600,104.8529,1590000
2020-12-01,113.5800,114.5100,113.5300,114.0100,106.2980,1018300
2020-12-02,113.3700,113.8300,113.2900,113.7800,106.0836,464600
2020-12-03,113.7800,114.3200,113.5900,113.9000,106.1954,594300
2020-12-04,114.1100,114.8400,114.0900,114.8400,107.0719,776900
2020-12-07,114.6300,114.8200,114.2800,114.6800,106.9227,710900
2020-12-08,114.2600,115.4000,114.2600,115.1300,107.3422,1000500
2020-12-09,115.2800,115.4100,113.9500,114.2800,106.5497,1725300
2020-12-10,114.0700,114.3000,113.4300,113.9200,106.2141,718600
2020-12-11,113.3200,114.0300,113.0900,113.9400,106.2328,716800
2020-12-14,114.1300,114.7100,112.9000,112.9000,105.6414,899000
2020-12-15,113.7600,114.3800,113.4400,114.3200,106.9701,2387500
2020-12-16,114.5100,114.6500,114.0500,114.3200,106.9701,926800
2020-12-17,115.0900,115.2400,114.8700,115.1800,107.7748,1328100
2020-12-18,115.6900,115.6900,114.0500,114.7600,107.3818,2240300
2020-12-21,113.3800,114.4000,112.2900,114.1900,106.8484,1008600
2020-12-22,114.0300,114.3000,113.7200,113.9400,106.6145,1179800
2020-12-23,114.3500,114.5400,113.8500,113.8700,106.5490,1023800
2020-12-24,114.0200,114.4600,113.9900,114.4600,107.1011,242400
2020-12-28,115.0600,115.5300,115.0600,115.3100,107.8964,616200
2020-12-29,115.7600,115.9200,115.0300,115.2000,107.7935,691400
2020-12-30,115.3900,115.9200,115.3600,115.4700,108.0461,613400
2020-12-31,115.2900,116.2900,115.2400,116.2100,108.7386,351700
2021-01-04,116.4200,116.4700,113.1500,114.3600,107.0075,949900
2021-01-05,113.9400,115.1500,113.9400,114.8200,107.4380,719000
2021-01-06,114.2800,116.2300,114.0000,115.3500,107.9338,659200
2021-01-07,116.0200,116.8900,115.8400,116.6500,109.1503,667800
2021-01-08,117.1000,117.3000,116.0600,117.2200,109.6836,831500
2021-01-11,116.5600,117.2100,116.3400,116.6800,109.1784,721000
2021-01-12,116.7900,116.7900,115.7200,116.4300,108.9444,990600
2021-01-13,116.6100,116.8900,116.1400,116.4700,108.9819,868100
2021-01-14,116.7800,116.9100,115.7000,115.8100,108.3643,1663900
2021-01-15,115.5900,115.6300,114.5500,115.2200,107.8122,2510900
2021-01-19,115.8900,116.2400,115.4500,116.1300,108.6637,823700
2021-01-20,116.5900,117.6700,116.5200,117.3200,109.7772,1562500
2021-01-21,117.5900,117.8600,117.1600,117.4100,109.8614,1728700
2021-01-22,116.9100,117.1800,116.5700,116.7000,109.1971,4288800
2021-01-25,116.6700,117.0700,115.4700,117.0200,109.4965,4228600
2021-01-26,117.3000,117.4400,116.7400,116.7800,109.2719,3805100
2021-01-27,115.6600,115.6600,113.4200,114.1000,106.7642,2105600
2021-01-28,114.4700,116.5800,114.4700,115.3700,107.9526,837800
2021-01-29,114.9700,114.9700,112.3500,112.9200,105.6601,5358700
2021-02-01,114.0700,114.8600,113.2900,114.4600,107.1011,790800
2021-02-02,115.5600,116.6600,115.4900,116.1900,108.7199,781200
2021-02-03,116.5900,116.5900,115.6900,115.9700,108.5140,1077100
2021-02-04,116.3000,117.3800,116.1600,117.3700,109.8240,1119700
2021-02-05,117.8800,118.2300,117.7900,118.0100,110.4229,883900
2021-02-08,118.4200,118.8700,118.2500,118.8400,111.1995,2200200
2021-02-09,118.6200,118.9500,118.4100,118.7600,111.1246,1062100
2021-02-10,119.3700,119.3700,118.1200,118.8600,111.2182,667000
2021-02-11,119.3200,119.6200,118.7500,119.4900,111.8077,911000
2021-02-12,119.2500,119.8800,119.2100,119.8000,112.0978,891700
2021-02-16,119.9600,120.2500,119.3900,119.4700,111.7890,824800
2021-02-17,119.1500,119.7000,118.6600,119.6600,111.9668,644300
2021-02-18,118.9700,119.6700,118.3900,119.3900,111.7141,804100
2021-02-19,119.9400,119.9400,118.9100,119.0100,111.3586,552500
2021-02-22,118.1500,118.8900,117.9500,118.2600,110.6568,530300
2021-02-23,117.8300,119.0600,116.7200,118.6200,110.9936,874300
2021-02-24,118.0600,120.0900,117.8500,119.9700,112.2568,3870700
2021-02-25,119.1000,119.8200,116.6400,117.0400,109.5152,2761700
2021-02-26,117.6200,117.9200,115.9100,116.5300,109.0380,1580400
2021-03-01,117.8100,119.6500,117.7900,119.2100,111.5457,640100
2021-03-02,119.2100,119.4100,118.2100,118.3200,110.7129,911800
2021-03-03,118.1700,118.2700,116.6200,116.6300,109.1316,958400
2021-03-04,116.4300,117.3100,113.8200,114.9900,107.5970,1069900
2021-03-05,116.1600,118.0000,114.3800,117.7100,110.1421,1635000
2021-03-08,117.8300,119.3700,117.4700,117.5400,109.9831,2280400
2021-03-09,118.6900,119.8700,118.6900,118.9800,111.3305,1237500
2021-03-10,119.5900,120.3600,119.3100,119.8000,112.0978,1003100
2021-03-11,120.7300,121.6100,120.4500,120.8000,113.0335,961100
2021-03-12,120.4500,120.7400,119.9600,120.6700,112.9118,999500
2021-03-15,120.7700,121.9400,120.4700,121.8800,114.0440,853300
2021-03-16,121.9500,122.4300,121.6400,121.9000,114.0627,932900
2021-03-17,121.3800,122.1600,120.8500,121.9100,114.0721,1168300
2021-03-18,121.0200,121.6600,120.0100,120.1300,112.4065,896900
2021-03-19,120.1600,120.5700,119.2900,119.7100,112.0135,1553400
2021-03-22,119.7700,121.0400,119.7600,120.7800,113.0147,716400
2021-03-23,120.1700,121.0800,119.7200,119.9700,112.2568,811700
2021-03-24,120.4100,121.0100,119.5000,119.5000,111.8170,935300
2021-03-25,118.6900,119.7100,117.8300,119.4700,112.2964,903800
2021-03-26,119.9500,122.0800,119.5600,122.0100,114.6839,1725800
2021-03-29,121.8600,122.4300,121.1600,122.1600,114.8249,1001500
2021-03-30,121.8800,121.8800,121.0500,121.4600,114.1669,967200
2021-03-31,121.7300,122.2800,121.6300,121.7800,114.4677,880900
2021-04-01,122.4300,123.1000,122.3600,123.0900,115.6990,1097500
2021-04-05,123.6400,124.9100,123.6400,124.6100,117.1278,1613200
2021-04-06,124.5300,125.0200,124.2900,124.5900,117.1090,904200
2021-04-07,124.4600,124.7700,124.2200,124.5500,117.0714,772900
2021-04-08,124.8100,125.0700,124.7100,125.0500,117.5414,890700
2021-04-09,125.1900,126.1000,125.0600,126.0400,118.4719,1084400
2021-04-12,125.7300,126.0500,125.4900,125.8800,118.3215,835600
2021-04-13,125.9000,126.0300,125.4800,125.9100,118.3497,1557000
2021-04-14,125.7000,126.2100,125.4000,125.6100,118.0677,962000
2021-04-15,126.1100,127.1200,126.1100,126.9900,119.3649,1371100
2021-04-16,127.3300,127.7800,127.2400,127.5900,119.9289,713900
2021-04-19,127.3100,127.5500,126.6200,127.0300,119.4025,981600
2021-04-20,126.7400,126.9000,125.7800,126.2100,118.6317,917600
2021-04-21,126.2800,127.5400,126.2800,127.4000,119.7503,985200
2021-04-22,127.4800,127.7000,126.1300,126.4600,118.8667,1417600
2021-04-23,126.6400,128.0500,126.4500,127.5600,119.9006,1025500
2021-04-26,127.7400,127.9100,127.3700,127.5400,119.8819,725700
2021-04-27,127.6900,127.6900,127.1200,127.4400,119.7879,733200
2021-04-28,127.7200,127.8800,127.3100,127.3800,119.7314,742100
2021-04-29,128.1100,128.7000,127.5100,128.5700,120.8500,1230400
2021-04-30,128.0000,128.0000,127.4000,127.6300,119.9664,747100
2021-05-03,128.3500,128.5900,128.1200,128.2400,120.5398,924100
2021-05-04,127.7500,127.8000,126.6400,127.6600,119.9947,1055900
2021-05-05,128.1000,128.1500,127.4600,127.5800,119.9195,1270800
2021-05-06,127.7200,128.5600,127.1100,128.5400,120.8218,855500
2021-05-07,128.6800,129.7200,128.6700,129.5300,121.7524,533300
2021-05-10,129.5700,129.8200,128.3600,128.3600,120.6526,817200
2021-05-11,127.0500,127.4700,126.0400,127.2600,119.6187,2188400
2021-05-12,126.3500,126.5700,124.3000,124.4500,116.9774,1184900
2021-05-13,124.8400,126.7800,124.5900,126.2000,118.6223,1016800
2021-05-14,127.0200,128.3200,126.9900,127.9700,120.2860,702100
2021-05-17,127.5400,127.8100,126.9200,127.4000,119.7503,870100
2021-05-18,127.3700,127.6200,126.3500,126.3500,118.7633,672300
2021-05-19,124.9200,126.2800,124.4500,126.1700,118.5941,1118800
2021-05-20,126.3500,128.0600,126.3300,127.6200,119.9571,813200
2021-05-21,128.0800,128.4800,127.2900,127.4300,119.7785,642500
2021-05-24,128.2500,128.9900,128.0900,128.6400,120.9158,523500
2021-05-25,129.0100,129.0400,128.3000,128.4700,120.7560,2059100
2021-05-26,128.8900,128.9100,128.5000,128.7100,120.9816,737800
2021-05-27,129.1300,129.1600,128.6700,128.7700,121.0380,682800
2021-05-28,129.5300,129.5300,128.8900,128.9200,121.1790,696700
2021-06-01,129.4800,129.7800,128.5100,128.6600,120.9346,650400
2021-06-02,128.9400,129.4100,128.7700,129.2400,121.4798,2932400
2021-06-03,128.3800,129.1500,127.9500,128.8700,121.1320,1002300
2021-06-04,129.5500,130.2800,129.2900,130.1900,122.3728,567200
2021-06-07,130.1000,130.3400,129.8000,130.2600,122.4385,892600
2021-06-08,130.2600,130.6200,129.5800,130.1400,122.3257,533800
2021-06-09,130.5000,130.5400,129.8900,129.8900,122.0908,680600
2021-06-10,129.6300,130.3900,129.5000,130.2600,122.7959,1092000
2021-06-11,130.5000,130.7400,129.9700,130.5200,123.0410,828600
2021-06-14,130.7500,130.7900,130.0300,130.7900,123.2955,647100
2021-06-15,130.9300,130.9300,130.2200,130.4500,122.9750,548000
2021-06-16,130.6400,130.6400,128.8000,129.4000,121.9852,645700
2021-06-17,129.1600,130.0000,128.8600,129.6200,122.1926,932200
2021-06-18,128.4900,128.8300,127.8900,127.9400,120.6088,836900
2021-06-21,128.2300,129.8300,128.2300,129.7400,122.3057,558900
2021-06-22,129.9200,130.7600,129.6200,130.5500,123.0693,585200
2021-06-23,131.1900,131.1900,130.1500,130.1500,122.6922,699500
2021-06-24,131.0300,131.1500,130.7100,130.9800,123.4746,515800
2021-06-25,131.7700,132.3700,131.7300,132.2100,124.6341,487500
2021-06-28,132.6500,132.8200,132.2200,132.8000,125.1903,417400
2021-06-29,132.8500,133.1700,132.8100,133.0100,125.3883,489900
2021-06-30,132.6300,133.0100,132.6300,132.8700,125.2563,602800
2021-07-01,133.0900,133.6800,132.9400,133.6700,126.0105,625700
2021-07-02,134.2600,134.9400,133.9600,134.8600,127.1323,796400
2021-07-06,134.7600,134.9700,133.6200,134.5300,126.8212,1114800
2021-07-07,134.9300,135.2800,134.3000,135.2000,127.4528,3849800
2021-07-08,133.2900,134.3200,133.1900,134.0900,126.4064,1825500
2021-07-09,134.1700,135.3200,134.1700,135.2700,127.5188,770800
2021-07-12,135.1300,135.7000,135.1300,135.6800,127.9053,651900
2021-07-13,135.5100,135.9200,135.2600,135.4300,127.6696,2844800
2021-07-14,135.9800,135.9800,135.1800,135.5600,127.7922,782600
2021-07-15,135.2800,135.2800,134.5200,135.0500,127.3114,792000
2021-07-16,135.3500,135.4000,134.1900,134.2900,126.5949,667500
2021-07-19,132.9100,133.1800,131.7000,132.5800,124.9830,6085500
2021-07-20,132.8200,134.7100,132.4500,134.3100,126.6138,1608200
2021-07-21,134.4200,135.3200,134.4200,135.3100,127.5565,3358900
2021-07-22,135.5100,135.6500,134.9900,135.6100,127.8393,3478200
2021-07-23,136.2100,137.6300,136.2000,137.5300,129.6493,852600
2021-07-26,137.0700,137.6400,137.0400,137.6000,129.7153,1275200
2021-07-27,137.4300,137.4300,136.0600,137.0500,129.1968,773100
2021-07-28,137.0700,137.5400,136.7300,137.0900,129.2345,945600
2021-07-29,137.3600,137.8900,137.2900,137.7300,129.8379,1008300
2021-07-30,137.3800,137.7400,137.1000,137.3600,129.4890,812100
2021-08-02,138.3900,138.3900,136.9900,137.1400,129.2816,940800
2021-08-03,137.2300,138.1800,136.8100,138.1600,130.2432,860100
2021-08-04,138.1600,138.3300,137.7000,137.9500,130.0453,835300
2021-08-05,138.4600,138.9000,138.2400,138.8500,130.8937,556000
2021-08-06,139.0000,139.0400,138.6000,138.8600,130.9031,741600
2021-08-09,138.7600,139.0500,138.5600,138.7200,130.7711,864700
2021-08-10,138.7500,139.1600,138.5000,138.7600,130.8088,702100
2021-08-11,138.9900,139.1200,138.6700,138.9300,130.9691,711700
2021-08-12,138.7400,139.1600,138.4500,139.0600,131.0916,726400
2021-08-13,139.2800,139.6100,139.0800,139.6100,131.6101,526100
2021-08-16,139.1900,140.4500,139.0700,140.4400,132.3925,535700
2021-08-17,139.7300,139.7300,138.4600,139.2600,131.2802,3552300
2021-08-18,138.9100,139.4200,137.4900,137.6000,129.7153,975700
2021-08-19,136.5800,138.6800,136.5700,138.1900,130.2715,885400
2021-08-20,138.3300,139.6600,138.1900,139.5500,131.5535,875400
2021-08-23,140.0200,140.8400,140.0200,140.4200,132.3737,785900
2021-08-24,140.7400,140.7400,140.3800,140.5100,132.4586,784800
2021-08-25,140.8800,140.9600,140.4900,140.7400,132.6754,532000
2021-08-26,140.5300,140.6000,139.6800,139.7900,131.7798,1314500
2021-08-27,140.2900,141.3300,140.1000,141.2000,133.1090,723500
2021-08-30,141.3500,142.0700,141.3500,141.7800,133.6557,681400
2021-08-31,141.9200,141.9200,141.1200,141.2500,133.1561,642300
2021-09-01,141.5300,141.6000,141.0600,141.3300,133.2316,1484200
2021-09-02,141.6100,141.7800,140.9300,141.4000,133.2975,1013400
2021-09-03,141.1200,141.6800,140.8600,141.3900,133.2881,588800
2021-09-07,141.2700,141.3600,140.1200,140.2800,132.2417,1107500
2021-09-08,139.8400,140.2400,139.5100,140.0700,132.0438,5565800
2021-09-09,140.1600,140.6400,139.4800,139.5400,131.5441,1055900
2021-09-10,140.1400,140.4000,138.7700,138.8200,130.8654,1212700
2021-09-13,139.6000,139.8700,137.9400,138.6800,130.7334,871400
2021-09-14,139.0000,139.1900,137.7700,138.0500,130.1395,1109200
2021-09-15,138.1300,139.0800,137.7800,138.9200,130.9597,661500
2021-09-16,138.7200,139.0300,137.8500,138.7100,130.7617,591400
2021-09-17,138.5300,138.5300,137.0500,137.2300,129.3665,684200
2021-09-20,135.2100,135.9200,133.4700,135.0300,127.2926,1081100
2021-09-21,135.7600,136.1900,134.6800,134.9200,127.1889,5180600
2021-09-22,135.4000,136.4100,134.9500,135.8100,128.0279,1357500
2021-09-23,136.4900,137.8200,136.3500,137.2100,129.3477,1066900
2021-09-24,136.1500,137.0100,136.0300,136.7700,129.3268,942500
2021-09-27,136.4800,136.6000,135.6500,135.9200,128.5231,923500
2021-09-28,134.9800,135.0000,132.7400,133.0200,125.7809,1778500
2021-09-29,133.5700,134.0400,133.1000,133.2000,125.9511,1300300
2021-09-30,133.9200,134.1200,131.7100,131.7300,124.5611,1491700
2021-10-01,132.4600,133.6900,130.9200,133.0700,125.8282,1624900
2021-10-04,132.4800,132.7100,130.2000,130.8900,123.7668,3004600
2021-10-05,131.4200,133.1000,131.2800,132.4300,125.2230,930000
2021-10-06,131.4000,132.8800,130.8000,132.8300,125.6013,1137700
2021-10-07,133.9300,135.1400,133.9300,134.1100,126.8116,886500
2021-10-08,134.5000,134.5700,133.7900,133.9800,126.6887,543300
2021-10-11,133.9600,134.7900,133.1800,133.1800,125.9322,864200
2021-10-12,133.5800,133.6000,132.6200,132.8900,125.6580,3984900
2021-10-13,133.3300,134.1600,132.6900,133.8800,126.5941,1294800
2021-10-14,135.1800,136.3700,135.0600,136.3000,128.8824,799600
2021-10-15,137.0900,137.2800,136.7400,137.0600,129.6010,605500
2021-10-18,136.5700,137.9000,136.3500,137.8200,130.3197,592100
2021-10-19,138.5800,139.0100,138.3300,139.0000,131.4355,1090900
2021-10-20,139.1100,139.5900,139.1100,139.4600,131.8704,1135400
2021-10-21,139.3800,140.2300,138.9600,140.1900,132.5608,581100
2021-10-22,139.8400,140.5600,139.5100,140.1400,132.5134,753100
2021-10-25,140.4300,141.1700,139.9000,140.9000,133.2321,842400
2021-10-26,141.1300,141.3600,140.4400,140.5200,132.8728,896100
2021-10-27,140.3200,140.5600,139.4700,139.4900,131.8988,604300
2021-10-28,140.0100,140.8400,140.0100,140.8000,133.1375,657500
2021-10-29,140.4900,141.9700,140.1800,141.8900,134.1682,606800
2021-11-01,142.2800,142.3400,141.1100,141.6100,133.9034,824800
2021-11-02,141.9200,142.5200,141.8600,142.4200,134.6693,660700
2021-11-03,142.3200,143.1700,142.0000,143.1000,135.3124,947700
2021-11-04,143.5100,144.7100,143.3700,144.7100,136.8348,631800
2021-11-05,145.0400,145.6400,144.3600,144.8000,136.9198,667500
2021-11-08,145.1400,145.3900,144.5400,144.9800,137.0900,1011700
2021-11-09,145.3200,145.4200,144.5400,145.0900,137.1940,548000
2021-11-10,144.3800,144.8100,143.3000,143.6900,135.8703,800700
2021-11-11,144.2300,144.2300,143.7700,143.9100,136.0783,480100
2021-11-12,144.4600,145.6600,144.2500,145.4400,137.5250,525900
2021-11-15,145.7100,146.0700,145.2100,145.5000,137.5817,1230500
2021-11-16,145.5000,146.4700,145.2800,146.0900,138.1396,476700
2021-11-17,145.7000,145.7000,144.7400,144.9200,137.0333,1430800
2021-11-18,145.4900,145.5600,144.3900,145.1000,137.2036,598600
2021-11-19,145.2800,146.2300,145.0100,145.4300,137.5155,567100
2021-11-22,145.8200,146.5200,144.2700,144.3200,136.4660,786400
2021-11-23,144.0200,144.6400,143.0600,144.5300,136.6645,611200
2021-11-24,143.7600,145.1100,143.4300,145.0900,137.1940,811200
2021-11-26,143.0000,143.7400,141.6200,142.0700,134.3384,905900
2021-11-29,143.3900,144.3500,142.6800,143.8400,136.0121,631800
2021-11-30,143.1500,143.5600,140.7500,141.0300,133.3550,1208800
2021-12-01,142.8600,143.2300,139.0000,139.0600,131.4922,2059400
2021-12-02,139.0100,141.5300,138.7000,140.9800,133.3077,2091300
2021-12-03,141.5500,142.0400,138.3200,139.6900,132.0879,1550300
2021-12-06,140.4200,141.1600,139.2700,140.7600,133.0997,2283900
2021-12-07,142.9000,144.3300,142.5800,144.0800,136.2390,1333100
2021-12-08,144.1800,144.4100,143.4600,144.2600,136.4092,991800
2021-12-09,143.8500,144.2800,143.0300,143.0900,135.3029,1035800
2021-12-10,143.6900,144.2700,142.9700,144.2500,136.3998,1254300
2021-12-13,144.1300,144.1300,142.7200,142.7800,135.3918,1306700
2021-12-14,141.5100,142.2700,140.5600,141.6200,134.2918,1290300
2021-12-15,141.7900,144.5000,141.1900,144.4600,136.9848,1428000
2021-12-16,145.0700,145.0700,142.0400,142.6500,135.2685,1631000
2021-12-17,141.7000,142.5400,140.6000,141.0200,133.7228,1507700
2021-12-20,139.3700,139.6200,138.0400,139.1000,131.9022,1570500
2021-12-21,140.6100,141.7500,139.5900,141.7200,134.3866,1246000
2021-12-22,141.5200,142.9100,141.4200,142.9100,135.5151,1095000
2021-12-23,143.2600,144.3400,143.1700,143.8800,136.4349,703100
2021-12-27,144.3500,146.2900,144.3500,146.2800,138.7107,681400
2021-12-28,146.7100,146.7700,145.6800,145.9100,138.3598,935500
2021-12-29,146.0100,146.6400,145.7000,146.3000,138.7296,674300
2021-12-30,146.3300,146.8300,145.7800,145.9100,138.3598,649900
2021-12-31,145.7900,146.1100,145.4300,145.5600,138.0279,595700
2022-01-03,145.7900,145.9600,144.2300,145.1700,137.6581,1352600
2022-01-04,145.2500,145.7600,144.3500,145.0000,137.4969,3915900
2022-01-05,144.7800,144.8700,141.4900,141.5100,134.1875,4518300
2022-01-06,141.2800,142.4600,140.5600,141.6400,134.3108,2014000
2022-01-07,141.7600,141.7600,140.0100,140.3100,133.0496,1075300
2022-01-10,139.0500,139.7900,136.9600,139.6800,132.4522,2396800
2022-01-11,139.6000,141.0100,138.3600,140.9800,133.6849,1978000
2022-01-12,141.5600,141.9700,140.4900,141.1800,133.8746,1297900
2022-01-13,141.7600,141.9000,138.8100,139.1600,131.9591,1483500
2022-01-14,138.2000,139.1700,137.4500,138.9100,131.7220,987800
2022-01-18,137.8900,137.8900,136.1800,136.4300,129.3704,1075700
2022-01-19,136.9800,137.6800,135.1400,135.1800,128.1850,1124200
2022-01-20,135.5600,137.3300,133.2500,133.4200,126.5161,1722600
2022-01-21,132.8700,134.4200,131.1900,131.2200,124.4300,2600500
2022-01-24,129.8600,132.2700,126.1900,132.1000,125.2644,3337700
2022-01-25,130.2700,132.0100,128.3700,130.2000,123.4628,2229400
2022-01-26,132.3100,133.3500,128.5800,129.8900,123.1688,2504600
2022-01-27,131.2000,132.2400,128.7300,129.3200,122.6283,2253000
2022-01-28,129.8800,132.8600,128.2300,132.8100,125.9377,2830800
2022-01-31,132.5900,135.5000,132.2900,135.4400,128.4316,1469400
2022-02-01,135.5900,136.3100,134.3600,136.2100,129.1618,1786100
2022-02-02,137.2300,138.2900,136.6700,138.0700,130.9255,1156900
2022-02-03,134.9700,135.7200,133.5500,133.8500,126.9239,2714600
2022-02-04,133.4700,134.5300,132.0900,133.3900,126.4877,1332500
2022-02-07,133.5000,134.0100,132.5200,132.8400,125.9661,1234800
2022-02-08,132.6000,133.7700,132.0200,133.4200,126.5161,1657600
2022-02-09,134.9100,136.1100,134.9100,135.9800,128.9437,1652000
2022-02-10,133.9600,135.7500,132.4000,133.0000,126.1178,1562800
2022-02-11,133.2700,133.5400,129.8300,130.2400,123.5007,1444600
2022-02-14,129.9000,130.4800,128.4300,129.5300,122.8274,1763700
2022-02-15,130.8400,131.9700,130.8400,131.8400,125.0179,1153600
2022-02-16,131.3300,132.5500,130.6900,132.1000,125.2644,1048200
2022-02-17,131.4200,131.4200,129.0100,129.1700,122.4860,1129500
2022-02-18,129.3500,129.6500,127.8100,128.3600,121.7179,1609300
2022-02-22,127.9700,128.7900,125.6800,126.7000,120.1438,1645700
2022-02-23,127.5400,128.0900,124.4900,124.6400,118.1904,1505300
2022-02-24,121.9800,127.1900,121.5100,127.0000,120.4283,2931400
2022-02-25,127.5900,130.1300,126.9900,130.1300,123.3964,1626200
2022-02-28,128.7500,130.3800,128.1200,129.8800,123.1593,1608300
2022-03-01,129.8600,130.5000,127.3000,128.1600,121.5283,1675700
2022-03-02,128.7700,131.0600,128.4900,130.5900,123.8325,2210500
2022-03-03,131.4500,131.5200,129.3900,130.0600,123.3300,1604100
2022-03-04,129.1000,129.3400,127.6100,128.8600,122.1921,1433300
2022-03-07,128.6000,128.8200,124.9700,125.0500,118.5792,2976800
2022-03-08,125.0100,127.2900,123.7400,124.1300,117.7068,3383100
2022-03-09,126.4700,128.1600,126.0500,127.4500,120.8551,1571400
2022-03-10,125.7900,126.9700,125.0500,126.6200,120.0680,1806900
2022-03-11,127.3400,127.5900,124.6000,124.7700,118.3137,1589000
2022-03-14,124.7800,125.8900,123.1800,123.5500,117.1568,1471400
2022-03-15,124.1200,126.4300,123.9900,126.2200,119.6887,1548000
2022-03-16,127.4800,128.9800,125.6200,128.9500,122.2774,2189200
2022-03-17,128.4300,130.7800,128.4300,130.7400,123.9748,1151400
2022-03-18,130.2500,132.7900,130.2500,132.7100,125.8428,988200
2022-03-21,132.6300,133.2900,131.1800,132.4200,125.5679,867700
2022-03-22,132.8600,134.1000,132.8600,133.7600,126.8385,819000
2022-03-23,133.1300,133.2100,131.8200,131.8500,125.0274,1068100
2022-03-24,132.0100,133.6000,131.8000,133.5600,127.0169,875800
2022-03-25,133.6300,134.1500,132.7600,133.9800,127.4163,1478500
2022-03-28,133.9300,134.9400,133.1000,134.9300,128.3197,736100
2022-03-29,136.0300,137.6400,135.8600,137.3900,130.6592,1083800
2022-03-30,137.3200,137.4100,135.9000,136.4400,129.7558,1414600
2022-03-31,136.5400,136.7200,134.3400,134.6300,128.0344,1269200
2022-04-01,134.7100,134.9400,133.7700,134.8100,128.2056,1357600
2022-04-04,134.7800,136.0300,134.7800,135.9800,129.3183,793600
2022-04-05,135.4900,136.1800,133.8300,134.1800,127.6065,1663800
2022-04-06,132.7800,133.5300,131.8400,132.9400,126.4272,1591400
2022-04-07,132.6900,134.2600,132.1600,133.6000,127.0549,1328500
2022-04-08,133.5800,134.1800,132.7700,133.0500,126.5319,965500
2022-04-11,132.3300,132.3300,130.6600,130.7800,124.3731,2177300
2022-04-12,131.8800,132.7100,129.7200,130.2200,123.8405,1288600
2022-04-13,130.4600,131.9900,130.2200,131.7200,125.2670,1088400
2022-04-14,131.8100,132.2100,130.2000,130.2500,123.8690,653200
2022-04-18,129.7900,130.5500,129.2400,129.9000,123.5362,1031700
2022-04-19,129.8500,132.8200,129.8500,132.5700,126.0754,771000
2022-04-20,133.3900,133.6200,132.2800,132.5100,126.0183,1245200
2022-04-21,133.6700,134.0000,130.0000,130.2600,123.8785,1379600
2022-04-22,129.9100,130.2300,126.6700,126.8000,120.5881,1291400
2022-04-25,126.0700,127.8900,124.8900,127.8500,121.5866,1452900
2022-04-26,127.1600,127.4000,124.5700,124.6100,118.5053,1267500
2022-04-27,124.6000,126.3800,124.1600,124.4900,118.3912,2377900
2022-04-28,126.5000,128.7000,124.9000,128.0100,121.7388,1903800
2022-04-29,127.1500,127.8800,123.2900,123.4800,117.4307,1920400
2022-05-02,123.4600,125.0800,121.7200,124.5700,118.4673,2221800
2022-05-03,124.2000,125.6200,123.9200,124.9000,118.7811,1856300
2022-05-04,125.2500,129.0500,123.9300,128.8500,122.5376,1909700
2022-05-05,127.2800,127.5700,122.4100,123.6900,117.6304,1835900
2022-05-06,122.9000,123.5200,120.6300,122.3200,116.3275,1953300
2022-05-09,120.5000,121.0400,118.2500,118.7100,112.8944,3111100
2022-05-10,120.7400,121.1700,117.6900,118.8800,113.0560,3784200
2022-05-11,118.5600,120.0800,116.6600,116.8400,111.1160,2370500
2022-05-12,115.8600,118.2400,115.2000,117.3500,111.6010,3560100
2022-05-13,118.6500,120.7400,118.4400,120.2200,114.3304,1926200
2022-05-16,119.7800,120.9100,118.9600,119.8100,113.9405,1948800
2022-05-17,121.5400,122.1300,120.4200,122.0400,116.0612,1407900
2022-05-18,119.8800,120.0200,116.0300,116.4200,110.7166,1035000
2022-05-19,115.3900,116.8700,114.7500,115.3800,109.7275,1512200
2022-05-20,116.7200,116.8500,113.2300,115.9800,110.2981,1732600
2022-05-23,116.5800,118.0400,116.1200,117.8800,112.1050,1413000
2022-05-24,116.5100,117.1500,114.6000,116.7900,111.0684,1141100
2022-05-25,116.2200,118.6600,116.0900,118.0900,112.3047,1194900
2022-05-26,118.4200,121.6500,118.4200,121.1000,115.1673,1865800
2022-05-27,121.9500,124.3600,121.9100,124.3500,118.2581,1003000
2022-05-31,123.8000,124.1700,122.2400,123.2700,117.2310,2154300
2022-06-01,123.2800,123.9900,121.1700,121.8200,115.8520,1356100
2022-06-02,121.8400,124.7000,121.5600,124.7000,118.5909,995200
2022-06-03,123.2600,123.7100,122.4800,122.7700,116.7555,807800
2022-06-06,124.0900,124.4200,122.7100,123.0400,117.0122,1187300
2022-06-07,121.8700,124.4800,121.7500,124.3100,118.2200,1559600
2022-06-08,123.7800,124.4600,122.7000,122.9300,116.9076,682500
2022-06-09,122.1200,122.6800,119.6100,119.6200,114.1517,772200
2022-06-10,117.8000,117.8000,115.9600,116.0000,110.6972,1526700
2022-06-13,113.0200,113.3000,110.8800,111.3000,106.2120,2709600
2022-06-14,112.0000,112.1000,110.0800,111.0000,105.9257,2728900
2022-06-15,112.1600,114.0300,110.5500,112.5100,107.3667,2054800
2022-06-16,109.9900,109.9900,107.6700,108.5700,103.6068,1702900
2022-06-17,108.6300,109.7600,107.5900,108.6200,103.6545,1610000
2022-06-21,110.2800,111.5500,110.1800,110.9400,105.8685,2091700
2022-06-22,109.5400,112.0300,109.4400,110.7500,105.6871,1735400
2022-06-23,111.3600,112.5300,110.7700,112.3500,107.2140,1267900
2022-06-24,113.1800,116.1400,113.1800,116.0600,110.7544,1352600
2022-06-27,116.3500,116.4600,115.2000,115.5600,110.2773,1077000
2022-06-28,115.9100,116.6200,112.5500,112.6200,107.4717,879300
2022-06-29,112.7500,113.0400,111.7500,112.4100,107.2712,1287900
2022-06-30,111.3300,112.7900,110.3000,111.7300,106.6224,1508900
2022-07-01,111.4500,112.5300,110.4000,112.3200,107.1854,1807300
2022-07-05,110.9700,113.1200,110.1900,113.0800,107.9106,2534700
2022-07-06,113.2000,114.4800,112.5600,113.7000,108.5023,1151800
2022-07-07,114.2500,115.9100,114.2500,115.6700,110.3822,1139700
2022-07-08,114.9800,116.1100,114.5400,115.5300,110.2486,690400
2022-07-11,114.7100,115.0000,113.9800,114.1900,108.9699,4932900
2022-07-12,114.1100,114.9400,112.4800,113.0800,107.9106,2187300
2022-07-13,111.4400,113.4100,111.1600,112.5900,107.4430,1404800
2022-07-14,111.2300,112.7300,110.3600,112.5500,107.4049,1975200
2022-07-15,113.7900,114.5300,113.2300,114.4800,109.2466,1096300
2022-07-18,115.4800,115.8500,113.3000,113.6400,108.4450,817000
2022-07-19,114.9600,117.1000,114.7800,116.9400,111.5942,976700
2022-07-20,117.0400,118.5300,116.6800,118.1400,112.7393,1453800
2022-07-21,117.9500,119.1400,117.0200,119.1100,113.6650,1680400
2022-07-22,119.2100,119.6000,117.0200,117.6800,112.3003,1737800
2022-07-25,117.8300,117.8300,116.7700,117.5000,112.1286,1088200
2022-07-26,116.8400,116.9600,115.6300,115.8900,110.5922,657300
2022-07-27,116.8500,119.3600,116.6200,118.8400,113.4073,1180700
2022-07-28,118.9600,120.9600,117.9700,120.7300,115.2109,1272400
2022-07-29,120.6300,122.2500,120.3800,122.0200,116.4419,1081100
2022-08-01,121.2900,122.4900,120.8600,121.7100,116.1461,1103800
2022-08-02,121.1700,122.2100,120.1800,120.6800,115.1632,678200
2022-08-03,121.3000,122.6200,121.0300,122.2400,116.6519,875800
2022-08-04,122.4600,122.7100,121.8500,122.5300,116.9286,875200
2022-08-05,121.1000,122.4900,120.9700,122.3200,116.7282,768900
2022-08-08,122.4500,123.3600,121.7900,122.2500,116.6614,622200
2022-08-09,121.8600,121.8800,120.6600,121.0700,115.5354,586600
2022-08-10,123.1600,124.1600,123.0600,124.1100,118.4364,637900
2022-08-11,124.7900,125.5000,123.4600,123.7000,118.0451,783500
2022-08-12,124.4600,125.8200,124.2000,125.7900,120.0396,1286300
2022-08-15,125.1000,126.4700,125.1000,126.2600,120.4881,770800
2022-08-16,126.1600,127.1400,125.5200,126.4800,120.6981,529000
2022-08-17,125.2100,126.3000,124.8300,125.4000,119.6674,941600
2022-08-18,125.6000,126.3000,125.3200,126.0000,120.2400,652400
2022-08-19,124.9500,125.1700,123.7700,124.0400,118.3696,492500
2022-08-22,122.7200,122.7200,121.1900,121.5400,115.9839,777700
2022-08-23,121.5200,122.2200,121.0700,121.1600,115.6213,758000
2022-08-24,121.0500,122.0500,120.8100,121.5300,115.9743,646900
2022-08-25,122.0500,123.6600,121.7300,123.6600,118.0070,494300
2022-08-26,123.4700,123.6800,119.0200,119.0700,113.6268,854500
2022-08-29,118.0200,119.0000,117.7900,117.9200,112.5294,6389900
2022-08-30,118.2400,118.4300,116.0300,116.7200,111.3842,847300
2022-08-31,117.1400,117.6400,115.7500,115.7500,110.4586,1447600
2022-09-01,114.8200,116.1100,114.0300,115.9900,110.6876,1443800
2022-09-02,117.2400,117.5600,114.2600,114.8200,109.5711,1432500
2022-09-06,114.9400,115.7500,113.9000,114.7100,109.4661,1224000
2022-09-07,114.5500,116.9800,114.4700,116.7500,111.4129,1389800
2022-09-08,115.7900,117.6900,115.6200,117.6400,112.2622,1194800
2022-09-09,118.3700,120.0100,118.3700,119.6900,114.2185,539200
2022-09-12,120.0300,121.0500,119.9400,120.4200,114.9151,1071200
2022-09-13,117.5600,117.9500,114.6000,114.9500,109.6951,986900
2022-09-14,115.3100,115.6600,114.1100,115.0800,109.8192,1042200
2022-09-15,114.6200,115.2200,113.0100,113.4600,108.2733,1089500
2022-09-16,112.0100,112.8500,111.6300,112.6000,107.4526,994000
2022-09-19,111.6200,113.3900,111.6100,113.3600,108.1778,683600
2022-09-20,112.3500,112.3500,110.8900,111.7600,106.6510,793400
2022-09-21,112.0400,113.5200,109.9500,109.9800,104.9523,1002400
2022-09-22,109.7000,109.9200,108.6800,108.8800,103.9026,1167300
2022-09-23,107.6800,107.8000,106.0000,107.2900,102.3853,1691500
2022-09-26,106.4100,107.3700,105.2800,105.5800,101.2537,2608100
2022-09-27,106.6100,107.4800,104.7500,105.4300,101.1098,2636600
2022-09-28,106.0500,108.4200,105.5900,107.9400,103.5170,2341600
2022-09-29,106.7800,107.0500,104.8500,105.7200,101.3879,1378500
2022-09-30,105.1400,106.3200,103.8900,103.9400,99.6809,2155700
2022-10-03,105.0600,107.4100,104.7200,106.8300,102.4525,1925400
2022-10-04,108.2200,109.9600,108.2200,109.9200,105.4158,1537700
2022-10-05,108.7500,110.6900,108.0400,109.9400,105.4350,1252600
2022-10-06,109.3900,110.6900,108.8700,109.0000,104.5335,1310600
2022-10-07,107.7300,107.7300,105.4000,105.9400,101.5989,1094200
2022-10-10,106.4400,106.4400,104.4600,105.3200,101.0043,1043000
2022-10-11,104.6300,106.1700,104.0100,104.7100,100.4193,1414700
2022-10-12,104.6000,105.3000,104.2500,104.3000,100.0261,1120800
2022-10-13,102.0000,107.0400,101.6000,106.4900,102.1264,1763800
2022-10-14,107.1800,107.6600,103.6800,103.8200,99.5658,2319500
2022-10-17,105.4900,106.9000,105.4900,106.5500,102.1839,1475800
2022-10-18,108.9000,108.9400,106.7200,107.7700,103.3539,1505500
2022-10-19,107.2000,107.9100,106.0000,106.8900,102.5100,1310000
2022-10-20,106.9400,108.2700,105.8100,106.0500,101.7044,1419400
2022-10-21,105.8600,108.8700,105.6700,108.7400,104.2842,1342400
2022-10-24,109.1400,110.4900,108.3500,110.0700,105.5597,1037800
2022-10-25,109.9300,112.5300,109.9300,112.4400,107.8326,991900
2022-10-26,111.4600,113.7600,111.4600,111.9600,107.3722,1232500
2022-10-27,112.0700,112.5600,110.8800,110.9900,106.4420,1085900
2022-10-28,110.9500,113.7400,110.9500,113.6200,108.9642,880400
2022-10-31,112.8800,113.2000,112.3300,112.5600,107.9476,1072900
2022-11-01,113.4500,113.8600,111.9200,112.5200,107.9093,1347200
2022-11-02,112.1100,113.4800,109.3500,109.3800,104.8980,1541300
2022-11-03,108.1200,109.3000,107.4600,108.3800,103.9389,1570000
2022-11-04,110.0300,110.9200,108.3200,110.1400,105.6268,1361100
2022-11-07,110.5600,111.6300,110.0500,111.4100,106.8448,852100
2022-11-08,111.9000,113.2200,110.8100,112.0700,107.4777,894200
2022-11-09,111.3100,111.8600,109.6200,109.7500,105.2528,797600
2022-11-10,113.6300,116.9900,113.6300,116.8300,112.0427,1682100
2022-11-11,116.6900,118.8400,116.6900,118.5000,113.6442,1060600
2022-11-14,118.2300,119.1600,117.5200,117.5300,112.7140,1107200
2022-11-15,119.6400,119.9100,117.6500,118.8500,113.9799,1151400
2022-11-16,117.3800,117.9600,116.9800,117.1700,112.3687,799800
2022-11-17,115.5600,117.0500,115.4500,116.9600,112.1674,678500
2022-11-18,117.7700,118.0800,116.4100,117.4000,112.5893,1962300
2022-11-21,116.6300,117.1000,116.2700,116.7600,111.9756,3035200
2022-11-22,117.0900,118.7300,116.9300,118.6700,113.8073,717200
2022-11-23,118.4700,119.6600,118.4700,119.4300,114.5361,628700
2022-11-25,119.0400,119.3800,119.0400,119.2100,114.3251,260800
2022-11-28,118.0400,118.8200,117.2900,117.5900,112.7715,502000
2022-11-29,117.6000,118.0000,116.8800,117.5200,112.7044,569000
2022-11-30,117.5900,121.2400,117.0200,121.2400,116.2720,952700
2022-12-01,121.4400,121.9100,120.4100,121.2100,116.2432,1570100
2022-12-02,119.5300,121.4800,119.4400,121.1700,116.2048,816400
2022-12-05,120.6600,120.6600,118.6800,119.1800,114.2964,834600
2022-12-06,118.9800,119.0000,116.6000,117.2400,112.4359,571500
2022-12-07,116.9000,117.8800,116.8000,117.0900,112.2920,640800
2022-12-08,117.7900,118.4600,117.2700,118.0800,113.2414,585800
2022-12-09,117.7700,118.2900,116.9600,116.9800,112.1865,741700
2022-12-12,117.0900,118.9400,117.0900,118.9300,114.0566,1345000
2022-12-13,121.6900,122.1600,118.6800,119.4800,115.0494,1313700
2022-12-14,119.4000,120.6600,117.9400,119.0000,114.5872,792500
2022-12-15,117.4500,117.6200,115.3200,115.9200,111.6214,742400
2022-12-16,115.0700,115.4200,113.8900,114.5700,110.3215,652100
2022-12-19,114.8100,114.8100,112.8900,113.3400,109.1371,939600
2022-12-20,112.9700,113.9800,112.6500,113.5200,109.3104,1173800
2022-12-21,114.6100,115.8200,114.4200,115.5500,111.2651,784000
2022-12-22,114.4300,114.5000,112.0700,113.7700,109.5511,1355800
2022-12-23,113.5000,114.4900,113.0100,114.4400,110.1963,799700
2022-12-27,114.4700,114.6900,113.7100,114.0800,109.8496,786700
2022-12-28,114.1000,114.6300,112.5500,112.5600,108.3860,835200
2022-12-29,113.3300,114.8900,113.2700,114.5300,110.2829,806600
2022-12-30,113.8000,114.0900,112.9300,113.9600,109.7341,1086200
2023-01-03,115.1200,115.3800,112.8200,113.6400,109.4259,1781800
2023-01-04,114.0800,115.0900,113.5000,114.5600,110.3118,1521800
2023-01-05,113.9000,114.0300,113.0300,113.2300,109.0312,857600
2023-01-06,114.2900,116.4500,113.6600,116.1400,111.8332,532000
2023-01-09,116.5600,117.8500,116.0300,116.0500,111.7466,925400
2023-01-10,115.8700,116.8900,115.5500,116.8900,112.5554,691500
2023-01-11,117.3800,118.5700,117.2100,118.5700,114.1731,2110400
2023-01-12,118.9500,119.4700,117.6700,119.1300,114.7124,1750200
2023-01-13,117.9400,119.5700,117.9400,119.3900,114.9627,684400
2023-01-17,119.2400,119.9600,118.8700,119.1400,114.7220,1410800
2023-01-18,119.4000,120.0000,117.4200,117.4800,113.1236,1460200
2023-01-19,116.7800,117.3100,116.2400,116.4700,112.1510,824900
2023-01-20,117.0600,118.9000,116.4500,118.8100,114.4042,487800
2023-01-23,119.0700,120.9000,118.8700,120.3900,115.9256,1017200
2023-01-24,119.9100,120.5200,119.4800,120.3100,115.8486,492700
2023-01-25,119.0900,120.3000,118.3500,120.1700,115.7138,616900
2023-01-26,120.8600,121.5100,120.0900,121.4600,116.9560,1065500
2023-01-27,121.2600,122.5000,121.1100,121.7500,117.2352,889500
2023-01-30,121.0800,121.6400,120.0800,120.1100,115.6560,615200
2023-01-31,120.3800,122.1100,120.3700,122.1100,117.5819,765600
2023-02-01,121.6100,124.4400,120.9900,123.5800,118.9973,646800
2023-02-02,125.0900,126.7500,125.0900,126.2000,121.5202,814000
2023-02-03,124.6500,126.1000,124.4300,124.7500,120.1240,965400
2023-02-06,123.7900,124.2300,123.2500,123.6500,119.0648,472800
2023-02-07,123.4400,125.5600,122.9400,125.1600,120.5188,608900
2023-02-08,124.4700,124.7400,123.2200,123.4200,118.8433,506600
2023-02-09,124.3800,124.5000,121.8000,122.1800,117.6493,510300
2023-02-10,121.7200,122.4800,121.5100,122.3700,117.8322,937200
2023-02-13,122.5800,124.1500,122.5800,124.1500,119.5462,428100
2023-02-14,123.5200,124.7400,122.7500,123.9800,119.3825,536300
2023-02-15,123.0000,124.0400,122.7500,124.0400,119.4403,599500
2023-02-16,122.3100,123.7000,122.3100,122.3300,117.7937,559500
2023-02-17,121.6100,121.9200,120.9100,121.8400,117.3219,426700
2023-02-21,120.3300,120.8800,119.1600,119.2200,114.7990,652200
2023-02-22,119.4400,119.8500,118.5700,118.9500,114.5390,473400
2023-02-23,120.2800,120.4400,118.7500,120.1100,115.6560,471800
2023-02-24,118.5200,119.0300,117.9500,118.7100,114.3080,320700
2023-02-27,119.5600,120.1400,118.6700,118.9000,114.4909,538300
2023-02-28,118.7300,119.7400,118.6900,118.7500,114.3465,556100
2023-03-01,118.6100,118.9500,117.9700,118.4000,114.0095,681100
2023-03-02,117.6800,119.8100,117.6600,119.5500,115.1168,583700
2023-03-03,120.1500,121.4800,119.7900,121.4100,116.9078,484000
2023-03-06,121.6800,122.4000,121.4000,121.5300,117.0234,2735800
2023-03-07,121.7400,121.8100,119.7100,119.8300,115.3864,701400
2023-03-08,120.0300,120.4900,119.5500,120.2400,115.7812,1216500
2023-03-09,120.3000,121.1300,118.0000,118.2600,113.8746,649700
2023-03-10,118.0700,118.6400,115.8900,116.3100,111.9969,1178100
2023-03-13,115.4400,117.7800,115.0300,116.2700,111.9584,1633800
2023-03-14,117.5600,118.8100,116.8600,118.3400,113.9517,1308900
2023-03-15,116.8200,117.8300,116.0400,117.7700,113.4028,1630100
2023-03-16,117.4300,119.9200,116.9300,119.8400,115.3960,1830100
2023-03-17,119.8500,120.1900,118.5200,118.9800,114.5679,43206800
2023-03-20,119.5400,120.1900,118.9800,120.0100,115.5597,11609200
2023-03-21,121.2200,121.5200,120.2900,121.3400,116.8404,2873300
2023-03-22,120.9600,122.5400,119.3300,119.3300,114.9050,2788900
2023-03-23,120.0400,121.3700,118.8700,119.7700,115.6825,2169600
2023-03-24,119.4600,120.4100,118.5100,120.2800,116.1751,2440900
2023-03-27,120.7500,121.0800,120.0200,120.2400,116.1364,1428300
2023-03-28,120.1900,120.2000,119.3700,119.9100,115.8177,1522100
2023-03-29,121.1400,121.6400,120.7900,121.5300,117.3824,2106200
2023-03-30,122.2500,122.4100,121.6700,122.2500,118.0778,1530100
2023-03-31,122.5100,124.1600,122.5100,124.0700,119.8357,1363300
2023-04-03,123.9500,124.6700,123.6400,124.6300,120.3766,1155900
2023-04-04,124.9200,124.9200,123.1700,123.5000,119.2852,1041500
2023-04-05,123.3500,123.6000,122.6700,123.3700,119.1596,911900
2023-04-06,123.1700,123.7300,122.5100,123.6600,119.4397,894800
2023-04-10,123.0200,124.1000,122.8400,124.1000,119.8647,1295800
2023-04-11,124.3500,124.7900,124.0300,124.3300,120.0869,1754400
2023-04-12,124.9700,125.0900,123.5500,123.7000,119.4783,3721800
2023-04-13,124.1200,125.3200,123.7000,125.1500,120.8789,2224700
2023-04-14,124.9000,125.8500,124.2200,125.0000,120.7340,1281000
2023-04-17,124.7100,125.1800,124.3300,125.1700,120.8982,1223800
2023-04-18,125.8000,125.8200,124.9600,125.3700,121.0914,1193300
2023-04-19,124.8100,125.3200,124.5900,125.0600,120.7919,1193400
2023-04-20,124.2000,125.6600,124.2000,125.0500,120.7823,1353300
2023-04-21,125.2300,125.2300,124.4000,124.8600,120.5988,917900
2023-04-24,124.6200,125.1200,124.2900,125.0500,120.7823,743900
2023-04-25,124.4900,124.6400,122.8600,122.9100,118.7153,746700
2023-04-26,123.0600,123.1200,121.8000,121.9800,117.8171,1230100
2023-04-27,123.1100,124.9700,123.1100,124.8600,120.5988,864800
2023-04-28,124.6400,126.1900,124.6400,126.1900,121.8834,972200
2023-05-01,125.9900,126.8800,125.9900,126.4400,122.1248,827400
2023-05-02,126.2100,126.3400,123.7500,124.7000,120.4442,935400
2023-05-03,124.7200,125.7000,123.8200,123.8900,119.6619,1169400
2023-05-04,123.3600,123.4500,122.2200,122.4800,118.3000,1470900
2023-05-05,123.4400,124.8900,123.4400,124.5400,120.2897,973700
2023-05-08,124.5800,124.6900,124.0900,124.5500,120.2994,687600
2023-05-09,124.0800,124.3900,123.9100,124.0500,119.8164,1668700
2023-05-10,124.9400,125.1600,123.4100,124.6500,120.3959,782800
2023-05-11,124.4100,124.6400,123.9200,124.5200,120.2704,1219100
2023-05-12,124.8600,125.0200,123.8600,124.6300,120.3766,921000
2023-05-15,124.9000,125.2400,124.2900,125.1700,120.8982,988700
2023-05-16,124.6100,124.8600,124.1200,124.1400,119.9033,598200
2023-05-17,124.5700,125.9200,124.2700,125.7000,121.4101,1554400
2023-05-18,125.5600,127.2000,125.5300,127.0300,122.6947,869200
2023-05-19,127.2100,127.3700,126.2800,126.7200,122.3953,1132200
2023-05-22,126.5300,127.3400,126.5000,126.8800,122.5498,840600
2023-05-23,126.2200,126.4500,125.1500,125.3500,121.0720,939200
2023-05-24,124.8700,124.9200,123.9600,124.4600,120.2124,930500
2023-05-25,126.4900,127.0400,125.6900,126.5300,122.2118,1027100
2023-05-26,126.7900,128.5400,126.6300,128.2800,123.9020,880700
2023-05-30,129.1900,129.1900,127.8800,128.3000,123.9214,988800
2023-05-31,127.5100,127.7900,126.6600,127.1000,122.7623,1441700
2023-06-01,127.4300,128.5500,126.8800,128.2300,123.8538,1195000
2023-06-02,129.2700,130.3300,128.9900,130.0800,125.6406,1513400
2023-06-05,129.9400,130.3000,129.3400,129.4500,125.0321,1587800
2023-06-06,129.4600,129.8800,129.1900,129.7500,125.3219,1090000
2023-06-07,129.4200,129.8700,128.5000,128.6000,124.5808,1025000
2023-06-08,128.3000,129.3000,128.3000,129.1500,125.1136,941500
2023-06-09,129.4700,130.0700,129.1100,129.3300,125.2880,1338500
2023-06-12,129.8000,130.8500,129.4500,130.8200,126.7314,1011700
2023-06-13,131.4200,131.8300,131.0000,131.6400,127.5258,834100
2023-06-14,131.5400,132.5100,131.0100,132.2600,128.1264,870200
2023-06-15,131.9200,134.2000,131.8300,133.8200,129.6376,1326900
2023-06-16,134.4200,134.6600,133.4200,133.5000,129.3276,676300
2023-06-20,132.8600,133.2600,132.3000,132.9100,128.7561,1248700
2023-06-21,132.7700,133.0200,132.1300,132.5300,128.3880,863900
2023-06-22,132.0700,132.9000,132.0000,132.8900,128.7367,1003100
2023-06-23,131.9500,132.4800,131.6800,132.0500,127.9229,884400
2023-06-26,131.8900,132.4400,131.3200,131.3400,127.2351,735400
2023-06-27,131.8200,133.3600,131.6500,133.1200,128.9595,1070100
2023-06-28,132.7000,133.3100,132.3700,132.8100,128.6592,1109000
2023-06-29,132.8900,133.5400,132.6900,133.4000,129.2308,803400
2023-06-30,134.3400,135.1100,134.2700,134.8700,130.6548,1022000
2023-07-03,134.4700,134.7700,134.3900,134.6900,130.4805,480500
2023-07-05,134.2500,134.9600,134.1600,134.5700,130.3642,851500
2023-07-06,133.3000,133.6400,132.7400,133.5100,129.3373,921500
2023-07-07,133.1700,134.2100,132.8700,132.8900,128.7367,993400
2023-07-10,132.9600,133.7500,132.9000,133.7500,129.5698,1057400
2023-07-11,133.9400,134.7800,133.6200,134.6500,130.4417,968400
2023-07-12,135.6200,136.2200,135.4500,135.8900,131.6430,1094300
2023-07-13,136.7700,137.4200,136.5400,137.1800,132.8926,1862000
2023-07-14,137.4800,137.9500,137.0200,137.2500,132.9604,786900
2023-07-17,137.2500,138.2900,137.0400,138.0200,133.7064,727600
2023-07-18,137.8800,138.9800,137.8200,138.7800,134.4426,829300
2023-07-19,138.9900,139.1900,138.5500,138.8100,134.4717,1013400
2023-07-20,138.1900,138.8600,137.6300,137.8000,133.4933,14984000
2023-07-21,138.6300,138.6700,137.9200,137.9200,133.6095,2723900
2023-07-24,138.2600,138.7400,138.0400,138.5300,134.2005,1466900
2023-07-25,138.5100,139.7100,138.5100,139.3900,135.0336,1071100
2023-07-26,139.0700,139.8300,138.6800,139.3400,134.9851,1297400
2023-07-27,140.5700,140.8000,138.3300,138.7200,134.3845,834600
2023-07-28,139.4500,140.1100,139.2400,139.9300,135.5567,897000
2023-07-31,140.1100,140.2400,139.4800,139.9700,135.5954,951900
2023-08-01,139.5300,140.1100,139.4100,139.9700,135.5954,1067400
2023-08-02,138.8300,138.9200,137.5700,137.7900,133.4836,1103500
2023-08-03,137.2500,138.0100,136.9600,137.5300,133.2317,1061900
2023-08-04,137.7400,138.5200,136.5100,136.7600,132.4857,909000
2023-08-07,137.1800,138.2900,137.1800,138.2900,133.9679,802700
2023-08-08,137.6800,137.8100,136.8000,137.7400,133.4351,875700
2023-08-09,137.8400,137.8400,136.5700,136.8800,132.6020,720100
2023-08-10,137.3200,138.5900,136.1900,136.7200,132.4470,832600
2023-08-11,136.1400,136.7500,135.7900,136.1800,131.9239,806500
2023-08-14,136.0700,137.6500,135.8400,137.6500,133.3480,830600
2023-08-15,137.1000,137.4200,136.2200,136.4300,132.1661,945100
2023-08-16,136.2500,137.0600,135.6100,135.6100,131.3717,982200
2023-08-17,136.1600,136.3100,134.5700,134.7200,130.5096,1886900
2023-08-18,133.8500,135.2500,133.6700,134.8600,130.6451,837300
2023-08-21,135.2300,136.4100,134.8100,136.1600,131.9045,1475000
2023-08-22,136.6500,136.6500,135.3900,135.5600,131.3233,3756000
2023-08-23,135.9400,137.1400,135.6800,137.0000,132.7182,1258600
2023-08-24,137.8900,138.0800,135.1400,135.1500,130.9261,1269000
2023-08-25,135.6100,136.5400,134.4100,135.9600,131.7108,1036400
2023-08-28,136.5900,137.0400,136.1700,136.8600,132.5826,806100
2023-08-29,136.7500,138.9500,136.6800,138.9200,134.5783,1324400
2023-08-30,139.0700,139.6300,138.7700,139.3300,134.9754,795600
2023-08-31,139.4600,140.1100,139.3200,139.3600,135.0045,815200
2023-09-01,140.0200,140.3800,139.2300,139.6800,135.3145,629800
2023-09-05,139.4700,139.6000,138.8200,138.8900,134.5492,968000
2023-09-06,138.6700,138.7200,137.2100,137.9700,133.6580,783700
2023-09-07,136.7800,137.6700,136.7600,137.4400,133.1445,478100
2023-09-08,137.5000,138.0600,137.1800,137.4300,133.1348,654100
2023-09-11,138.1300,138.3400,137.3200,137.8900,133.5804,1155000
2023-09-12,137.5100,137.7200,136.8600,137.0400,132.7570,1549600
2023-09-13,136.9500,137.6600,136.8300,137.2800,132.9895,1293100
2023-09-14,137.9200,138.3200,137.3200,138.1700,133.8517,1288500
2023-09-15,137.5400,137.7600,135.9400,136.0700,131.8173,1002900
2023-09-18,135.8400,136.8400,135.7800,136.4500,132.1855,829400
2023-09-19,136.3000,136.4200,135.4000,136.2800,132.0208,779500
2023-09-20,136.5700,136.8300,134.9200,134.9700,130.7517,792500
2023-09-21,134.0000,134.0000,132.3800,132.4100,128.2717,919000
2023-09-22,132.9600,133.6500,132.4800,132.5900,128.4461,1016900
2023-09-25,132.1800,133.0600,132.1000,133.0300,128.8723,1410300
2023-09-26,131.7900,131.8400,130.5600,130.7700,127.1705,5988000
2023-09-27,131.4400,131.6600,130.0400,131.0800,127.4720,1259600
2023-09-28,131.2000,132.5600,130.8700,132.0200,128.3861,1281500
2023-09-29,133.2100,133.3000,131.4000,131.7900,128.1624,1756300
2023-10-02,131.7900,132.4200,131.1400,132.1100,128.4736,1149400
2023-10-03,131.3500,132.0100,130.0200,130.4500,126.8593,1114100
2023-10-04,130.4900,131.6400,130.2600,131.4700,127.8512,1082200
2023-10-05,131.3300,131.8100,130.6400,131.5300,127.9096,1421000
2023-10-06,131.0700,133.7900,130.6600,133.3900,129.7184,1498600
2023-10-09,132.8000,134.5800,132.7300,134.4200,130.7200,1109800
2023-10-10,134.8000,135.9600,134.4800,134.9500,131.2354,1928700
2023-10-11,135.3900,135.9900,134.9300,135.9100,132.1691,1500200
2023-10-12,136.1900,136.4600,134.6400,135.5000,131.7703,1369400
2023-10-13,135.8200,136.2400,134.2900,134.7600,131.0507,1353000
2023-10-16,135.2500,136.5700,135.2500,136.2500,132.4997,1410400
2023-10-17,135.1500,136.5600,134.9200,136.0300,132.2857,1049800
2023-10-18,135.3500,135.7200,133.9700,134.2900,130.5936,980400
2023-10-19,134.7000,134.8000,132.7200,132.9300,129.2711,4343800
2023-10-20,132.8500,133.2100,131.4300,131.4700,127.8512,1722600
2023-10-23,130.9500,132.6700,130.4900,131.4000,127.7831,1528400
2023-10-24,132.2200,132.7500,131.4400,132.3600,128.7168,1643100
2023-10-25,131.7500,131.7500,130.0700,130.2700,126.6843,1478800
2023-10-26,129.4400,129.7300,127.8600,128.1200,124.5934,1592200
2023-10-27,128.6400,128.7900,127.1500,127.6600,124.1461,1972400
2023-10-30,128.3200,129.5800,128.2300,129.2600,125.7021,1459100
2023-10-31,129.2200,130.0000,128.6400,129.8400,126.2661,9310800
2023-11-01,129.9000,131.4000,129.9000,131.1800,127.5692,1705000
2023-11-02,132.2800,133.9400,132.2800,133.8400,130.1560,2483800
2023-11-03,134.8800,135.5400,134.6200,134.9900,131.2743,1488200
2023-11-06,135.1400,135.5100,134.8900,135.4600,131.7314,1157400
2023-11-07,135.4200,136.3100,135.1600,136.0600,132.3149,1478100
2023-11-08,136.2100,136.7100,135.7300,136.4800,132.7233,1562100
2023-11-09,136.9900,137.0000,135.4500,135.6000,131.8676,1165900
2023-11-10,136.3300,137.8500,135.8800,137.8000,134.0070,1166600
2023-11-13,137.3700,137.9200,137.0100,137.5700,133.7833,1405000
2023-11-14,139.3300,140.3800,139.2600,140.0100,136.1562,1721600
2023-11-15,140.2700,140.5500,139.6300,139.8800,136.0298,1882300
2023-11-16,139.5800,139.8700,139.0700,139.8000,135.9520,1522300
2023-11-17,139.8300,140.1100,139.4000,139.8800,136.0298,906900
2023-11-20,139.3900,141.2600,139.3900,141.0200,137.1384,2028900
2023-11-21,140.4800,140.8900,140.3100,140.7600,136.8855,1172600
2023-11-22,141.0900,141.6900,140.7200,141.1700,137.2842,1110400
2023-11-24,141.1600,141.3000,141.0000,141.1700,137.2842,328700
2023-11-27,140.6400,141.2400,140.6400,140.7500,136.8758,1004000
2023-11-28,140.4000,141.1800,140.2700,140.6500,136.7786,843300
2023-11-29,141.2400,141.5500,140.4600,140.5800,136.7105,1055000
2023-11-30,140.9800,141.0700,139.9400,141.0700,137.1870,1462900
2023-12-01,140.8700,142.0700,140.6400,141.9100,138.0039,1171000
2023-12-04,140.9500,141.3000,140.4500,141.1900,137.3037,986000
2023-12-05,140.7300,141.3700,140.5300,141.1200,137.2356,1313500
2023-12-06,141.8900,141.8900,140.5900,140.7100,136.8369,1626600
2023-12-07,141.1700,141.8900,141.0000,141.7800,137.8775,727600
2023-12-08,141.3500,142.7200,141.3500,142.5100,138.5873,949500
2023-12-11,142.7700,143.7900,142.6900,143.7400,139.7835,1890100
2023-12-12,143.8300,144.8700,143.6500,144.8600,140.8727,3530900
2023-12-13,144.8400,146.7000,144.8200,146.5300,142.4967,1079600
2023-12-14,146.8800,146.9200,145.6800,146.4300,142.3995,1660200
2023-12-15,146.0900,146.7100,145.9400,146.3000,142.2730,1461600
2023-12-18,146.8700,147.5500,146.7800,147.3200,143.2650,1034600
2023-12-19,147.4100,148.0200,147.3700,147.9900,143.9165,3666000
2023-12-20,147.3500,148.0000,145.5700,145.6200,142.0427,1358200
2023-12-21,146.5600,147.0000,145.8100,146.9100,143.3010,1062100
2023-12-22,146.7500,147.2200,146.1500,146.7000,143.0962,993000
2023-12-26,146.8300,147.6800,146.8200,147.3600,143.7400,778700
2023-12-27,147.5000,147.7000,147.1400,147.6400,144.0131,1057400
2023-12-28,147.6200,147.8300,147.4400,147.5000,143.9711,1089400
2023-12-29,147.6100,147.7600,146.6300,147.1400,143.6197,997600
2024-01-02,146.1200,146.3600,145.4200,146.0700,142.5753,1070000
2024-01-03,145.4800,145.7200,144.9300,145.1300,141.6578,944400
2024-01-04,145.0500,145.8200,144.5500,144.6200,141.1600,1251500
2024-01-05,144.7100,145.4400,144.2600,144.7500,141.2869,1067600
2024-01-08,144.7900,146.9100,144.7900,146.8900,143.3757,1165900
2024-01-09,146.2200,147.1300,145.9700,146.7800,143.2683,877500
2024-01-10,147.0200,147.9400,146.8800,147.6600,144.1273,1512100
2024-01-11,148.0000,148.3100,146.5100,148.0200,144.4787,1142800
2024-01-12,148.3600,148.7500,147.8600,148.3800,144.8301,720000
2024-01-16,147.9900,148.4100,147.2300,147.7400,144.2054,1311800
2024-01-17,146.9700,147.2400,146.4100,147.1500,143.6295,1230300
2024-01-18,147.8000,148.8200,147.3600,148.6500,145.0936,1928800
2024-01-19,149.4400,150.8900,149.0000,150.8100,147.2019,1213400
2024-01-22,151.3900,151.6300,151.0400,151.3400,147.7193,1338700
2024-01-23,151.1800,151.1800,150.4500,151.0000,147.3874,1184600
2024-01-24,152.0200,152.4600,151.1300,151.2700,147.6509,1262700
2024-01-25,151.7300,152.1600,150.9100,151.7100,148.0804,18640200
2024-01-26,151.3600,151.8600,151.0700,151.3500,147.7290,3662400
2024-01-29,151.4100,152.8100,151.4100,152.7300,149.0760,2663000
2024-01-30,152.6400,152.9300,152.4300,152.7300,149.0760,1571500
2024-01-31,151.9100,152.3900,150.4700,150.5000,146.8993,1592000
2024-02-01,150.8900,152.3000,150.8100,152.3000,148.6563,1645100
2024-02-02,152.9400,154.8600,152.6800,154.3000,150.6084,1876800
2024-02-05,154.4300,154.6500,153.3800,154.2100,150.5206,1646200
2024-02-06,154.7400,155.0000,153.7200,154.4800,150.7841,1181000
2024-02-07,155.1800,156.4900,155.1800,156.2900,152.5508,1295100
2024-02-08,156.5400,156.8600,156.3800,156.6600,152.9120,1232700
2024-02-09,157.0000,157.8500,156.7600,157.6400,153.8685,1018700
2024-02-12,157.8400,158.4700,157.2900,157.6300,153.8588,916800
2024-02-13,155.2600,156.4200,154.7100,155.6700,151.9457,1166800
2024-02-14,156.6000,157.3900,155.9000,157.2500,153.4878,1076800
2024-02-15,157.7100,158.3900,157.4000,158.1600,154.3761,1883200
2024-02-16,158.6100,158.6100,156.9500,156.9600,153.2048,912300
2024-02-20,156.2400,156.4500,155.0200,155.7900,152.0628,948800
2024-02-21,155.1300,156.0600,154.7800,156.0400,152.3068,1505100
2024-02-22,158.5200,160.3200,158.4000,160.0600,156.2306,1276000
2024-02-23,160.8200,161.1800,159.8900,160.2600,156.4258,814100
2024-02-26,160.5600,160.7000,160.0300,160.1100,156.2794,992600
2024-02-27,160.1300,160.3400,159.5500,160.1000,156.2697,1142200
2024-02-28,159.4600,159.9500,159.2200,159.7500,155.9281,812200
2024-02-29,160.5900,160.6300,159.4000,160.2800,156.4454,1299200
2024-03-01,160.8200,162.3800,160.5600,162.3800,158.4951,878100
2024-03-04,162.4600,163.0000,162.2100,162.2600,158.3780,1473200
2024-03-05,161.7800,161.8800,159.6900,160.5000,156.6601,1681100
2024-03-06,161.9200,162.3800,161.1400,161.6700,157.8021,894500
2024-03-07,162.6400,163.8500,162.5000,163.5600,159.6469,934400
2024-03-08,164.0400,164.2900,161.4300,161.6100,157.7435,1007400
2024-03-11,161.2900,161.4300,160.1200,161.1600,157.3043,840400
2024-03-12,162.0800,163.6400,161.3400,163.5100,159.5981,834800
2024-03-13,163.4600,163.7300,162.8100,163.2700,159.3638,857300
2024-03-14,163.9300,164.1400,162.0800,163.0100,159.1100,17780600
2024-03-15,162.2800,162.3100,161.1400,161.4800,157.6167,3647200
2024-03-18,162.7900,163.3800,162.2700,162.3900,158.5049,1331100
2024-03-19,161.9300,163.4500,161.4900,163.3400,159.4321,1508900
2024-03-20,163.6200,164.9500,163.2400,164.9400,160.9939,1451100
2024-03-21,165.6500,166.2400,165.2100,165.4400,161.8499,1790900
2024-03-22,165.0000,165.1200,164.3600,164.5800,161.0086,920200
2024-03-25,164.0300,164.3800,163.7900,163.9400,160.3824,1108100
2024-03-26,164.5800,164.5800,163.2400,163.3100,159.7661,1365400
2024-03-27,164.1700,164.2300,162.9800,164.1600,160.5977,1132800
2024-03-28,164.0700,164.5800,163.9000,164.3500,160.7836,1573300
2024-04-01,164.5000,164.6900,163.4200,163.8700,160.3140,1193600
2024-04-02,162.3100,162.8500,161.8200,162.8500,159.3161,1215000
2024-04-03,162.5900,163.5100,162.4200,162.9000,159.3650,1172300
2024-04-04,164.1800,164.4000,160.5500,160.6000,157.1149,1262600
2024-04-05,161.2100,163.0700,160.9100,162.5400,159.0128,880900
2024-04-08,162.7100,162.9400,162.1100,162.4400,158.9150,834200
2024-04-09,162.8300,163.0400,160.6100,162.4600,158.9346,1379300
2024-04-10,160.8400,161.5400,160.3800,160.8800,157.3889,1455100
2024-04-11,161.5600,162.6700,160.4800,162.3100,158.7878,1156100
2024-04-12,161.3300,161.5500,159.6800,160.1500,156.6747,1303600
2024-04-15,161.5900,161.7000,157.8800,158.1700,154.7377,1304100
2024-04-16,158.2400,159.1700,157.8800,158.3200,154.8844,1218700
2024-04-17,159.1800,159.3000,156.8500,157.2100,153.7985,1170600
2024-04-18,157.7500,158.4200,156.6300,156.8700,153.4659,1849400
2024-04-19,156.5700,156.9100,154.1700,154.5600,151.2060,2146600
2024-04-22,155.4400,156.8500,154.5800,155.8800,152.4973,1467900
2024-04-23,156.6900,157.9600,156.3900,157.6700,154.2485,1015100
2024-04-24,158.3400,158.5800,156.9700,157.5600,154.1409,1212000
2024-04-25,155.5400,157.4800,155.1300,157.0800,153.6713,1011900
2024-04-26,158.2000,159.4900,157.9000,159.0500,155.5985,716600
2024-04-29,159.1900,159.3500,158.0800,158.9700,155.5203,895000
2024-04-30,158.7300,159.2300,156.9200,156.9600,153.5539,1171400
2024-05-01,156.6500,158.6900,156.0900,156.1900,152.8006,1627000
2024-05-02,157.3700,157.6400,155.8000,157.3700,153.9550,1854500
2024-05-03,159.1100,159.4400,158.1900,159.1900,155.7355,1411100
2024-05-06,160.0000,161.3400,159.7500,161.3400,157.8389,1093300
2024-05-07,161.7200,162.3400,161.5100,161.8600,158.3476,1449600
2024-05-08,161.4500,162.1900,161.3700,161.8600,158.3476,852600
2024-05-09,161.9500,162.4400,161.6100,162.3900,158.8661,738300
2024-05-10,162.9400,163.4100,162.5300,162.9400,159.4041,946600
2024-05-13,163.4300,163.4300,162.5200,162.8400,159.3063,869400
2024-05-14,162.8700,163.7200,162.6700,163.5600,160.0107,940500
2024-05-15,164.3600,166.3100,164.3000,166.2100,162.6032,1216600
2024-05-16,166.2500,166.6200,165.5300,165.5700,161.9771,1034900
2024-05-17,165.6600,165.7200,164.8900,165.5400,161.9477,914200
2024-05-20,165.5200,166.4500,165.5200,166.1000,162.4956,490600
2024-05-21,165.8800,166.3100,165.7600,166.2500,162.6423,777100
2024-05-22,166.1800,166.2200,165.0800,165.7400,162.1434,754300
2024-05-23,167.1400,167.2600,164.8800,165.3400,161.7521,762500
2024-05-24,165.9900,166.8000,165.6800,166.5200,162.9064,630500
2024-05-28,167.3600,167.3600,166.0100,166.9300,163.3075,753700
2024-05-29,165.2000,166.0600,165.2000,165.6000,162.0064,976400
2024-05-30,165.3700,165.5400,164.2700,164.6900,161.1162,618600
2024-05-31,165.1600,165.8300,163.0900,165.7400,162.1434,896000
2024-06-03,166.6100,166.6100,164.4000,165.8900,162.2901,1064900
2024-06-04,165.6700,166.5200,165.1700,166.2900,162.6815,973100
2024-06-05,167.2500,168.4000,166.5700,168.4000,164.7456,776600
2024-06-06,168.5800,168.6300,167.8300,168.3300,164.6772,1597900
2024-06-07,168.1800,169.1500,167.7200,168.1500,164.5011,828600
2024-06-10,167.9500,168.9200,167.6600,168.8300,165.1663,1002400
2024-06-11,168.2700,169.3200,167.4700,169.2600,165.9260,982500
2024-06-12,170.9600,171.3200,170.0100,170.4000,167.0436,1129900
2024-06-13,170.6100,171.1100,169.7400,170.8600,167.4946,986900
2024-06-14,170.6200,171.1300,170.2400,171.1300,167.7592,976500
2024-06-17,171.1100,172.9500,170.6800,172.4900,169.0924,813700
2024-06-18,172.7500,173.3100,172.6000,173.1900,169.7786,1471700
2024-06-20,173.7300,173.8200,171.9000,172.4200,169.0238,1036100
2024-06-21,172.1100,172.5300,171.6800,172.0500,168.6611,924300
2024-06-24,171.9900,172.7100,171.4000,171.4300,168.0533,800100
2024-06-25,171.9900,172.3100,171.4400,172.2100,168.8180,692800
2024-06-26,171.8400,172.0300,171.1900,171.8400,168.4552,760200
2024-06-27,171.8900,172.2700,171.3000,171.7400,168.3572,1606900
2024-06-28,171.7100,172.6300,170.2800,170.7600,167.3965,1007500
2024-07-01,171.0300,171.0700,169.5600,170.4300,167.0730,1055800
2024-07-02,169.9600,171.5000,169.8500,171.4600,168.0827,1169800
2024-07-03,171.4800,172.3200,171.3400,172.2100,168.8180,674100
2024-07-05,172.3600,173.5400,172.0700,173.4100,169.9943,976700
2024-07-08,173.8500,173.8500,172.8100,173.2300,169.8179,779700
2024-07-09,173.7300,173.7700,173.1400,173.2900,169.8767,958700
2024-07-10,173.6100,174.7400,173.1700,174.6600,171.2197,896800
2024-07-11,174.7700,174.8900,173.0400,173.0500,169.6414,861400
2024-07-12,173.4500,175.6200,173.4200,174.3200,170.8864,784800
2024-07-15,175.0900,175.8800,174.3200,174.9800,171.5334,977800
2024-07-16,175.4600,176.1500,175.2100,176.0800,172.6117,957400
2024-07-17,174.0100,174.4600,173.2200,173.2200,169.8080,1965400
2024-07-18,173.9300,174.2100,171.4200,172.0700,168.6807,1188100
2024-07-19,172.2400,172.8200,170.6000,170.7800,167.4161,547200
2024-07-22,172.3200,173.2300,171.7300,173.0900,169.6806,803000
2024-07-23,173.0200,173.3100,172.3700,172.4900,169.0924,812400
2024-07-24,170.9900,171.1300,168.1900,168.4700,165.1516,1101700
2024-07-25,168.4200,170.0100,166.8600,167.2000,163.9066,1081100
2024-07-26,168.6100,170.3000,168.4700,169.3600,166.0241,914000
2024-07-29,170.0000,170.2200,168.8200,169.3400,166.0045,697900
2024-07-30,169.9000,170.3300,167.5400,168.6500,165.3281,821200
2024-07-31,171.3400,172.5300,170.8000,171.7800,168.3964,1807200
2024-08-01,172.6500,173.5900,168.6700,169.8600,166.5143,1332000
2024-08-02,167.7800,168.6700,166.0800,167.5200,164.2204,1076000
2024-08-05,160.7400,164.8300,160.7400,162.6400,159.4364,1538200
2024-08-06,163.6400,166.7500,163.0900,164.3900,161.1520,1777800
2024-08-07,166.0700,167.1200,162.9100,163.0400,159.8286,819800
2024-08-08,164.6600,167.4300,164.5000,167.2400,163.9459,641600
2024-08-09,167.2200,168.7500,166.9500,168.2600,164.9458,700300
2024-08-12,168.6800,169.3100,167.7200,168.5400,165.2202,744400
2024-08-13,169.4100,171.0900,169.2300,171.0500,167.6808,587400
2024-08-14,171.4100,171.8800,170.4200,171.4700,168.0925,925400
2024-08-15,173.2200,174.6600,173.1800,174.5300,171.0922,619400
2024-08-16,174.1000,174.9800,173.8200,174.6300,171.1903,904500
2024-08-19,174.7800,175.9300,174.2400,175.9100,172.4451,557700
2024-08-20,175.9600,176.5700,175.4100,175.8700,172.4058,829600
2024-08-21,176.3900,177.4500,176.2400,177.1400,173.6508,1155700
2024-08-22,177.3600,177.7600,175.3900,175.7700,172.3078,695000
2024-08-23,176.8200,177.7100,175.9300,177.3800,173.8861,674700
2024-08-26,177.5700,177.9300,176.6700,177.1200,173.6312,829300
2024-08-27,176.4700,177.8700,176.4100,177.7600,174.2586,561900
2024-08-28,177.7300,177.7800,175.3800,176.4000,172.9254,668300
2024-08-29,177.0100,178.1400,176.1100,176.4200,172.9450,1046400
2024-08-30,177.0900,177.8900,175.7000,177.7800,174.2782,655300
2024-09-03,177.0200,177.0200,173.1800,173.9500,170.5237,1037900
2024-09-04,173.2200,174.5500,173.1800,173.7200,170.2982,722800
2024-09-05,173.5500,173.8500,171.9100,172.7100,169.3081,2281300
2024-09-06,173.0500,173.5800,170.2900,170.6600,167.2985,1176700
2024-09-09,171.8800,172.9900,171.5100,172.5600,169.1611,865200
2024-09-10,172.9100,173.1800,171.5300,172.9900,169.5826,1145800
2024-09-11,173.0500,175.0500,170.2400,174.7900,171.3471,1938900
2024-09-12,175.2100,176.1300,174.1500,176.0600,172.5921,793400
2024-09-13,176.2900,177.2600,175.9300,176.8200,173.3372,589800
2024-09-16,176.7600,177.2400,176.1100,177.1600,173.6704,620800
2024-09-17,177.8200,178.0600,176.4900,177.1400,173.6508,731000
2024-09-18,177.3000,178.6100,176.1900,176.3700,172.8960,1093500
2024-09-19,179.0700,179.6600,178.5500,178.9800,175.4546,777300
2024-09-20,178.8200,178.8500,177.8700,178.4000,174.8860,670700
2024-09-23,178.7500,179.2300,178.4300,179.0300,175.5036,634300
2024-09-24,179.4200,179.4200,178.1900,179.0900,175.5624,673000
2024-09-25,178.5000,178.8400,177.8900,178.2800,175.2999,1260700
2024-09-26,179.6700,180.0000,178.3300,179.0900,176.0964,789900
2024-09-27,179.3900,179.6400,178.4100,178.6900,175.7030,916800
2024-09-30,178.3000,179.3900,177.5400,179.3000,176.3029,1017200
2024-10-01,179.1900,179.4700,177.2300,178.1400,175.1622,1619600
2024-10-02,177.7300,178.6700,176.9800,178.4400,175.4572,725200
2024-10-03,177.9500,178.8500,177.6300,178.3600,175.3786,802700
2024-10-04,179.4100,179.5700,177.8900,179.2100,176.2144,744900
2024-10-07,178.6900,178.9100,177.3200,177.5900,174.6214,1077200
2024-10-08,178.2500,179.5700,178.2500,179.3800,176.3815,891900
2024-10-09,179.4700,180.7500,179.3900,180.5500,177.5320,1034600
2024-10-10,180.2000,180.6200,179.6800,180.2600,177.2468,757200
2024-10-11,180.3500,181.6400,180.3500,181.4300,178.3972,840600
2024-10-14,181.9900,183.4300,181.8700,183.1900,180.1278,511300
2024-10-15,182.8700,182.9900,180.5800,180.9400,177.9154,673300
2024-10-16,181.1100,182.0200,180.5700,181.9100,178.8692,836100
2024-10-17,183.0500,183.0900,181.6100,181.6100,178.5742,763500
2024-10-18,182.3500,182.5900,181.9800,182.4200,179.3707,558200
2024-10-21,182.0500,182.4500,181.2100,181.9700,178.9282,717300
2024-10-22,181.1700,181.8600,180.8700,181.3800,178.3481,655000
2024-10-23,180.8100,180.9900,178.7900,179.8500,176.8437,711500
2024-10-24,180.2300,180.2800,179.1600,179.7200,176.7158,708800
2024-10-25,180.6700,181.4300,179.6100,179.7600,176.7551,578500
2024-10-28,180.6000,180.7100,179.9900,180.0900,177.0796,566100
2024-10-29,179.8500,180.9500,179.2800,180.5500,177.5320,697000
2024-10-30,179.7300,180.6900,179.0600,179.6200,176.6175,795900
2024-10-31,178.8700,178.8700,176.4200,176.4200,173.4710,1933200
2024-11-01,177.0400,178.1200,176.6400,177.0900,174.1298,765600
2024-11-04,177.0300,177.7500,176.4400,176.8900,173.9331,820500
2024-11-05,177.1300,178.6900,177.0100,178.6900,175.7030,828500
2024-11-06,182.3100,182.4900,180.5400,182.2600,179.2134,1038600
2024-11-07,182.7300,184.2500,182.7300,183.9800,180.9046,1169300
2024-11-08,184.0500,185.0100,183.9300,184.4200,181.3372,1784400
2024-11-11,184.7000,184.8600,183.9100,184.2500,181.1701,1005600
2024-11-12,184.3500,184.6700,183.3500,184.0700,180.9931,903800
2024-11-13,184.0700,184.3100,183.1500,183.6200,180.5506,1084600
2024-11-14,183.7300,183.7300,182.3400,182.5500,179.4985,1272500
2024-11-15,181.3000,181.3000,179.1800,179.5600,176.5585,1164900
2024-11-18,179.3800,180.4000,178.9700,179.9800,176.9715,959300
2024-11-19,178.9000,180.6200,178.6500,180.4000,177.3844,818000
2024-11-20,180.7000,181.0300,179.1300,180.8900,177.8663,1847200
2024-11-21,181.5200,182.4800,180.1400,182.0800,179.0364,934200
2024-11-22,182.0400,183.0900,182.0400,182.7500,179.6952,742200
2024-11-25,183.6800,184.3200,182.7300,183.7500,180.6785,2910600
2024-11-26,184.1800,184.7500,183.8200,184.5500,181.4651,864900
2024-11-27,184.5600,184.7400,183.8400,184.2500,181.1701,630100
2024-11-29,184.8100,185.6600,184.5100,185.2900,182.1927,553400
2024-12-02,185.3200,186.0100,185.1000,185.9800,182.8712,961000
2024-12-03,185.8100,186.1800,185.3400,186.0200,182.9105,675900
2024-12-04,186.5600,187.0200,186.2400,186.8500,183.7267,860900
2024-12-05,187.0200,187.0200,185.9100,186.0600,182.9498,1031400
2024-12-06,186.6000,187.2600,186.4600,186.4600,183.3432,752700
2024-12-09,186.5200,186.5200,185.4100,185.5700,182.4680,1079500
2024-12-10,185.8100,185.9500,184.9200,185.1500,182.0550,1005800
2024-12-11,185.8200,186.6600,185.7000,186.1200,183.0089,704100
2024-12-12,185.5300,185.5600,184.7300,184.7400,181.6519,629800
2024-12-13,184.7300,185.0600,183.5900,183.9600,180.8849,955000
2024-12-16,184.3300,184.8300,183.8400,183.9100,180.8358,1977000
2024-12-17,182.7100,183.1800,182.3100,182.6900,180.1730,798200
2024-12-18,182.9200,183.5900,177.8000,177.9200,175.4687,1295100
2024-12-19,179.4000,179.7200,177.7000,177.7100,175.2617,1380400
2024-12-20,177.2900,181.1300,177.0200,179.4300,176.9580,1271400
2024-12-23,179.6800,180.8800,178.6200,180.7900,178.2992,1036900
2024-12-24,181.0000,182.1900,180.7000,182.1400,179.6306,442300
2024-12-26,181.5800,182.5000,181.3900,182.2500,179.7391,557600
2024-12-27,181.3300,181.3400,179.3300,180.5200,178.0329,700800
2024-12-30,178.6200,179.6200,177.4700,178.5800,176.1197,681200
2024-12-31,179.1200,179.2500,177.6900,178.0800,175.6266,2818700
2025-01-02,179.0000,179.7700,176.4700,177.6100,175.1630,1252200
2025-01-03,178.3000,179.6000,178.0100,179.3000,176.8298,760700
2025-01-06,180.2300,181.3400,179.5600,180.0000,177.5201,1500900
2025-01-07,180.7100,181.1000,178.1000,178.6400,176.1788,893800
2025-01-08,178.5400,179.2500,177.9300,178.9900,176.5240,2389400
2025-01-10,177.8500,178.1100,176.0200,176.3500,173.9204,1262000
2025-01-13,175.1900,176.7400,174.8500,176.6500,174.2162,1901100
2025-01-14,177.3300,177.3400,175.2500,176.6400,174.2064,1012000
2025-01-15,178.8600,179.9100,178.7100,179.4500,176.9777,1138200
2025-01-16,179.9000,180.4100,179.2600,179.4700,176.9974,869900
2025-01-17,181.1400,181.3500,180.4300,180.6900,178.2006,1840500
2025-01-21,181.5200,182.3000,181.2100,182.1400,179.6306,1063100
2025-01-22,183.4200,184.2100,183.1500,183.7200,181.1888,902100
2025-01-23,183.2400,184.6600,183.1700,184.6100,182.0666,1208900
2025-01-24,184.7100,184.8400,183.8100,184.1000,181.5636,775200
2025-01-27,180.5200,182.5900,180.4800,182.5500,180.0350,677700
2025-01-28,182.6500,184.1800,181.9400,183.7100,181.1790,905700
2025-01-29,183.6600,183.7700,182.4400,183.1500,180.6267,3288400
2025-01-30,183.7900,185.2700,183.7100,184.8600,182.3131,1429500
2025-01-31,185.4700,185.8500,183.2300,183.3600,180.8338,2191700
2025-02-03,180.6300,183.2700,180.2300,182.4600,179.9462,1249800
2025-02-04,182.1900,183.5200,182.0200,183.3200,180.7944,807100
2025-02-05,182.8200,184.1600,182.2600,184.1200,181.5833,1862400
2025-02-06,184.2100,184.7400,183.4200,184.3600,181.8200,1305300
2025-02-07,184.6900,184.9700,182.7800,182.9100,180.3900,1001000
2025-02-10,183.9600,184.3300,183.6400,184.2500,181.7115,1096900
2025-02-11,183.5700,184.7000,183.5700,184.4200,181.8792,681900
2025-02-12,182.5100,184.0100,182.3700,183.8500,181.3171,963800
2025-02-13,184.3100,185.8300,184.0500,185.8000,183.2402,1739600
2025-02-14,185.6900,185.8900,185.0700,185.1100,182.5597,751700
2025-02-18,185.5300,185.5900,184.6800,185.5800,183.0232,1277000
2025-02-19,185.2500,186.2100,185.0100,186.2100,183.6445,890500
2025-02-20,185.9100,186.1400,184.9000,185.7000,183.1416,913600
2025-02-21,185.6100,185.6100,182.5600,182.6000,180.0843,1060800
2025-02-24,183.2500,183.6300,181.8900,182.0200,179.5123,899000
2025-02-25,181.6500,182.5000,180.5100,181.8300,179.3249,1313400
2025-02-26,181.9400,183.0600,180.8700,181.5400,179.0389,897900
2025-02-27,182.4400,182.5000,178.8500,178.9400,176.4747,8412200
2025-02-28,178.8400,181.7000,178.1100,181.5700,179.0685,2606400
2025-03-03,181.8300,182.4900,178.0500,179.1000,176.6325,2434900
2025-03-04,177.8500,179.7100,176.2100,177.2600,174.8178,2011700
2025-03-05,177.2700,179.7000,176.2300,179.1500,176.6818,1704600
2025-03-06,177.1600,178.5700,175.4500,176.2200,173.7922,2249500
2025-03-07,175.5900,177.3500,173.8400,176.8300,174.3938,2098300
2025-03-10,174.5500,175.4500,171.5100,172.8800,170.4982,1185400
2025-03-11,172.2100,172.8300,169.7300,170.7500,168.3975,2518200
2025-03-12,172.5600,172.6200,169.8000,171.1100,168.7526,2190500
2025-03-13,170.7900,170.7900,167.7500,168.1600,165.8432,2020000
2025-03-14,169.5700,171.7100,169.3400,171.3800,169.0189,1198400
2025-03-17,171.3900,173.7900,171.3900,173.1000,170.7152,970600
2025-03-18,171.9100,172.1700,170.2400,170.9600,168.9864,2089700
2025-03-19,171.1300,173.6200,171.1000,172.5800,170.5876,2371700
2025-03-20,171.4700,173.6300,171.1200,171.9300,169.9451,1347500
2025-03-21,170.4200,171.7200,169.9500,171.6000,169.6190,1350900
2025-03-24,173.3200,174.9100,173.2200,174.5700,172.5547,854000
2025-03-25,175.0700,175.3000,174.3600,174.8400,172.8216,1084500
2025-03-26,174.6900,175.2100,172.9000,173.3600,171.3587,1040000
2025-03-27,172.9800,174.2000,172.3900,173.0700,171.0720,928900
2025-03-28,172.7000,172.8800,169.4100,169.6100,167.6520,1179300
2025-03-31,167.8200,171.4400,167.1800,170.8900,168.9172,3072200
2025-04-01,170.2800,171.7300,169.2600,171.2900,169.3125,1278300
2025-04-02,169.7900,173.0600,169.6100,172.2600,170.2713,1616400
2025-04-03,166.0700,167.3400,164.4600,164.6100,162.7097,2361800
2025-04-04,160.6100,161.5300,155.4500,155.4900,153.6950,3771500
2025-04-07,150.7700,160.3600,148.3400,154.5900,152.8053,4311300
2025-04-08,159.6600,160.6600,150.2400,152.4200,150.6604,3128700
2025-04-09,151.4100,166.8000,151.3700,165.6500,163.7377,3466000
2025-04-10,162.9100,163.2100,156.1700,160.7000,158.8448,4111300
2025-04-11,160.3000,164.4100,159.4000,163.4500,161.5630,2062700
2025-04-14,166.4500,166.5800,163.4300,164.8500,162.9469,2014700
2025-04-15,165.0100,166.1700,164.1300,164.4400,162.5416,1508200
2025-04-16,162.6900,163.6600,159.4600,161.0100,159.1512,1734600
2025-04-17,161.4800,162.8200,160.4700,161.4300,159.5664,1457900
2025-04-21,159.8300,160.1100,156.1300,157.8600,156.0376,1667400
2025-04-22,159.5300,162.3200,159.3700,161.7700,159.9024,2565300
2025-04-23,165.5400,166.7000,163.0600,163.6700,161.7805,1241300
2025-04-24,164.0900,166.9300,163.6200,166.8200,164.8941,877300
2025-04-25,166.5800,167.9100,165.7700,167.7300,165.7936,1556700
2025-04-28,167.8700,168.3900,166.1600,167.8800,165.9419,777600
2025-04-29,167.4600,169.2400,167.3200,168.8900,166.9402,968800
2025-04-30,166.6900,169.7500,165.2800,169.3700,167.4147,2175700
2025-05-01,170.6100,171.0900,169.3300,169.4100,167.4543,1304800
2025-05-02,171.4000,172.7700,171.4000,172.2800,170.2911,1541700
2025-05-05,171.1600,172.6200,171.0800,171.7000,169.7178,1108400
2025-05-06,170.2200,171.4000,169.7900,170.0300,168.0671,2539100
2025-05-07,170.5300,171.5600,169.2300,170.9700,168.9962,1491000
2025-05-08,172.0100,173.2000,170.8800,171.4700,169.4905,1041200
2025-05-09,171.9900,172.2300,170.6400,170.9200,168.9468,810700
2025-05-12,176.0100,176.4100,174.5200,176.3400,174.3042,1268200
2025-05-13,176.2600,177.4500,176.0700,176.6500,174.6107,1770500
2025-05-14,177.0000,177.2000,176.3100,176.7200,174.6799,1142900
2025-05-15,176.0100,178.1200,176.0100,177.9300,175.8759,942900
2025-05-16,178.0200,179.2100,177.7500,179.1400,177.0719,749100
2025-05-19,177.3400,179.8500,177.3400,179.6700,177.5958,1043800
2025-05-20,179.1400,179.3100,178.1100,178.9600,176.8940,2310200
2025-05-21,177.6700,178.9000,175.7700,176.1200,174.0868,2373400
2025-05-22,175.8800,176.8200,175.3700,175.8200,173.7903,1312600
2025-05-23,173.2300,174.7900,173.0000,174.0100,172.0011,1292400
2025-05-27,176.1800,177.5800,175.5300,177.5800,175.5299,813200
2025-05-28,177.5300,178.0500,176.1600,176.3900,174.3537,1519200
2025-05-29,178.0000,178.0000,175.8700,176.8900,174.8479,2050100
2025-05-30,176.6400,177.5600,175.2900,177.0600,175.0159,1167200
2025-06-02,176.6500,177.9000,175.6400,177.8500,175.7968,1042700
2025-06-03,177.8200,179.0700,177.3400,178.9600,176.8940,1254900
2025-06-04,179.2300,180.1300,179.2300,179.6300,177.5563,855300
2025-06-05,179.9300,180.5100,178.6300,179.1600,177.0917,1310800
2025-06-06,180.3900,180.8700,179.7100,180.4000,178.3174,652300
2025-06-09,180.6400,180.8200,179.7400,179.7400,177.6650,910000
2025-06-10,179.8800,181.2400,179.8800,181.1500,179.0587,1182000
2025-06-11,181.4200,181.7300,179.9500,180.5700,178.4854,1270800
2025-06-12,180.2100,181.1900,180.1200,181.1900,179.0983,932300
2025-06-13,179.3200,179.9800,177.8300,178.2800,176.2218,1251900
2025-06-16,179.0000,180.2400,178.9200,179.5100,177.8246,923000
2025-06-17,178.8000,179.2200,177.6100,177.7900,176.1208,901300
2025-06-18,178.1500,178.4100,176.3300,176.5800,174.9222,1341400
2025-06-20,177.1700,177.2000,175.2000,175.6400,173.9910,1103700
2025-06-23,175.6600,177.6900,175.2100,177.6000,175.9326,978400
2025-06-24,178.8400,179.8400,178.4600,179.6100,177.9237,974500
2025-06-25,179.8600,179.9200,179.0100,179.3700,177.6860,1032700
2025-06-26,179.8000,180.5000,179.2800,180.3700,178.6766,975300
2025-06-27,180.8800,182.3000,180.6600,181.5900,179.8851,1126400
2025-06-30,182.2400,183.1400,181.7700,182.8200,181.1036,1095200
2025-07-01,182.4600,183.8700,182.4300,183.4300,181.7078,1450100
2025-07-02,183.1300,183.9600,183.0600,183.9400,182.2131,1420600
2025-07-03,184.2300,185.2600,184.2300,184.9700,183.2334,615400
2025-07-07,184.4700,184.7200,182.7400,183.6000,181.8763,1379200
2025-07-08,183.7800,184.2800,183.3700,183.8100,182.0843,1198600
2025-07-09,184.2000,185.0500,183.8900,184.9400,183.2037,943000
2025-07-10,184.8800,185.4700,184.4300,184.9300,183.1938,686100
2025-07-11,184.1200,184.2200,183.6200,183.8600,182.1338,1169300
2025-07-14,183.6100,184.0800,183.3800,183.9000,182.1734,790200
2025-07-15,184.7200,184.7200,182.6000,182.6200,180.9054,1407800
2025-07-16,182.9700,183.5600,181.5500,183.3800,181.6583,2614300
2025-07-17,183.4300,184.6800,183.3000,184.4800,182.7480,1649200
2025-07-18,184.8600,184.8600,183.7000,184.0300,182.3022,2240000
2025-07-21,184.3100,185.2200,184.2400,184.4200,182.6886,884900
2025-07-22,184.6400,185.0200,184.1900,184.8300,183.0947,1582300
2025-07-23,185.6000,186.2500,185.0400,186.2500,184.5014,998400
2025-07-24,186.2600,186.6400,185.9500,186.1500,184.4023,1446000
2025-07-25,186.4000,187.0400,186.3100,186.8900,185.1354,890000
2025-07-28,187.1100,187.3800,186.4300,186.7800,185.0264,908900
2025-07-29,186.7400,186.8500,185.8700,186.0300,184.2834,991200
2025-07-30,186.1600,186.3300,184.4800,185.2800,183.5405,1598800
2025-07-31,186.2000,186.5700,183.8200,184.1200,182.3914,1796900
2025-08-01,183.0800,183.3400,181.6500,182.3300,180.6182,1466600
2025-08-04,183.2900,185.5000,183.2900,185.4500,183.7089,1087300
2025-08-05,185.0500,185.1600,183.8000,183.8800,182.1536,1089900
2025-08-06,184.3600,185.6300,184.2300,185.3900,183.6495,1195400
2025-08-07,185.8000,185.8200,183.2800,184.1200,182.3914,1306800
2025-08-08,184.6000,185.7700,184.6000,185.6500,183.9070,966100
2025-08-11,185.6000,186.1100,184.9600,185.3000,183.5603,864200
2025-08-12,185.9200,187.3000,185.5800,187.2300,185.4722,854100
2025-08-13,187.7800,188.7400,187.7800,188.7000,186.9284,704000
2025-08-14,187.8500,188.8100,187.7200,188.6100,186.8392,932700
2025-08-15,188.6400,188.8800,187.9100,188.1100,186.3439,716200
2025-08-18,187.9800,188.5100,187.9100,188.1000,186.3340,624000
2025-08-19,188.2200,188.6600,187.2700,187.5500,185.7892,1211800
2025-08-20,187.5800,187.9600,186.1400,187.1500,185.3929,3373700
2025-08-21,186.4400,187.1600,185.9600,186.5600,184.8085,823300
2025-08-22,187.1000,189.7500,187.1000,189.3700,187.5921,712200
2025-08-25,188.9500,189.2300,188.4100,188.4100,186.6411,758900
2025-08-26,188.4700,189.1400,188.3300,189.0600,187.2850,665100
2025-08-27,188.8700,189.5600,188.8700,189.3500,187.5723,633500
2025-08-28,189.6200,189.8400,188.8400,189.6900,187.9091,659600
2025-08-29,189.2200,189.4700,188.5000,188.9500,187.1760,675400
2025-09-02,186.7400,187.7000,186.1900,187.6100,185.8486,992900
2025-09-03,188.1900,188.7100,187.8200,188.6700,186.8987,887400
2025-09-04,188.7200,190.3500,188.6000,190.3300,188.5431,858900
2025-09-05,190.1200,190.6400,188.3300,189.2200,187.4435,1321900
2025-09-08,189.7600,189.9500,189.2900,189.7100,187.9289,1093200
2025-09-09,189.7400,190.1200,189.1500,190.0000,188.2162,957300
2025-09-10,190.4600,190.4600,189.1000,189.5700,187.7902,1370200
2025-09-11,190.0500,191.7600,190.0400,191.5700,189.7714,1082500
2025-09-12,191.4500,191.4500,190.7300,190.8100,189.0186,1141000
2025-09-15,191.1600,191.5000,190.9700,191.4400,189.6427,948900
2025-09-16,190.8800,191.1300,190.3300,190.7900,189.4629,13653700
2025-09-17,190.9300,192.1600,190.0700,191.2900,189.9594,3811600
2025-09-18,192.3400,193.1600,191.8500,192.0200,190.6844,4099300
2025-09-19,192.7300,192.9100,191.7100,192.7100,191.3696,1500900
2025-09-22,192.3600,193.8500,192.3200,193.7800,192.4321,1552500
2025-09-23,193.5300,194.0000,192.5300,192.8700,191.5284,1556700
2025-09-24,192.9300,192.9500,191.9000,192.2000,190.8631,1162500
2025-09-25,191.3000,191.6600,190.3700,191.3000,189.9694,1539400
2025-09-26,191.5700,192.6800,191.3200,192.6000,191.2603,1036900
2025-09-29,193.3000,193.7500,192.9300,193.3600,192.0150,1336900
2025-09-30,193.0500,194.6200,192.9700,194.5000,193.1471,1080300
2025-10-01,193.8300,196.0200,193.7200,195.8400,194.4778,2328500
2025-10-02,196.1600,196.4600,195.3900,196.3600,194.9942,2024000
2025-10-03,196.3500,197.5000,196.3500,196.4700,195.1034,1474900
2025-10-06,196.9100,197.3700,196.3800,196.8100,195.4410,1483500
2025-10-07,197.0200,197.2800,195.5000,195.8100,194.4480,1223400
2025-10-08,196.1100,196.8000,195.9300,196.6900,195.3219,1005100
2025-10-09,196.8900,197.0100,195.3800,195.7700,194.4083,1041100
2025-10-10,196.1200,196.4800,190.9000,191.0100,189.6814,1424000
2025-10-13,192.7900,193.3300,192.0700,192.8800,191.5384,874000
2025-10-14,191.1000,193.8500,190.7400,193.0300,191.6873,1099100
2025-10-15,194.3300,195.2500,192.1700,193.7100,192.3626,968500
2025-10-16,194.1400,194.1600,191.2300,192.2900,190.9525,1565400
2025-10-17,191.6600,193.8200,191.6600,193.4600,192.1143,1309700
2025-10-20,194.2700,195.9700,194.2700,195.6100,194.2494,765400
2025-10-21,195.3600,196.5500,195.2600,196.1300,194.7658,1041400
2025-10-22,195.8100,196.1200,193.9800,194.8500,193.4947,1752400
2025-10-23,194.9400,196.5000,194.9400,196.0900,194.7260,1504500
2025-10-24,197.1200,197.4800,196.8000,196.8600,195.4907,822800
2025-10-27,198.5100,199.2700,198.1900,199.1800,197.7946,1147200
2025-10-28,199.5900,199.6700,198.8500,199.1300,197.7449,1534900
2025-10-29,199.5300,199.9700,197.6300,198.3200,196.9406,4191900
2025-10-30,197.2000,198.2200,196.7000,196.7000,195.3318,1446300
2025-10-31,197.3200,197.3200,195.6100,196.3000,194.9346,2342300
2025-11-03,197.0100,197.0800,195.0700,196.0200,194.6565,1333000
2025-11-04,194.2900,195.4500,194.2200,194.5200,193.1670,1205500
2025-11-05,194.2700,196.3400,194.2500,195.2900,193.9316,1211500
2025-11-06,195.0400,195.0400,192.8300,193.2700,191.9257,1324400
2025-11-07,192.6000,193.2500,190.9000,193.2100,191.8661,1772400
2025-11-10,194.7900,196.1200,194.3000,195.9100,194.5473,1166000
2025-11-11,195.3200,196.7200,195.3200,196.5200,195.1531,1078500
2025-11-12,197.2000,197.2900,196.2900,197.0100,195.6396,1099600
2025-11-13,196.3500,196.7600,194.4800,194.9100,193.5542,1971400
2025-11-14,192.9500,195.5100,192.8100,194.3800,193.0279,2055200
2025-11-17,193.6000,194.6200,191.5300,192.3200,190.9823,1302700
2025-11-18,191.2800,192.2000,189.6900,191.0700,189.7410,28135600
2025-11-19,191.3000,192.9600,190.8500,191.7500,190.4162,4873700
2025-11-20,194.2500,194.9900,189.2200,189.3600,188.0429,4122300
2025-11-21,189.8200,193.5100,189.8200,191.9800,190.6446,4583500
2025-11-24,192.6600,194.1000,192.0200,193.6800,192.3328,1851400
2025-11-25,193.5800,196.2400,193.0200,195.9900,194.6267,2470000
2025-11-26,196.7800,197.9100,196.6200,197.3400,195.9674,1368200
2025-11-28,197.6000,198.2100,197.3200,198.0800,196.7022,696100
2025-12-01,196.8200,198.6500,196.7600,197.6700,196.2951,1540600
2025-12-02,197.9400,198.8700,197.6300,198.4300,197.0498,1586300
2025-12-03,197.9700,199.3800,197.9000,199.1200,197.7350,1577800
2025-12-04,199.6800,199.6900,198.6000,199.2800,197.8939,1427800
2025-12-05,199.4200,200.4800,199.4200,199.7600,198.3705,1407500
2025-12-08,200.0600,200.0600,198.1800,198.5500,197.1689,1428500
2025-12-09,198.3900,198.8600,198.2800,198.4100,197.0299,1655700
2025-12-10,198.3000,199.8000,197.8800,199.3400,197.9534,1518500
2025-12-11,199.1900,201.0100,198.7600,201.0100,199.6118,1642600
2025-12-12,201.0800,201.6500,199.0900,199.5100,198.1223,3550600
2025-12-15,200.5200,200.7400,199.0600,199.6900,198.3010,1896800
2025-12-16,198.6300,198.9500,197.1700,198.1900,197.4155,1893600
2025-12-17,198.3200,198.7000,196.3600,196.3600,195.5926,1757900
2025-12-18,198.0900,199.1200,197.3200,197.7700,196.9971,1557900
2025-12-19,197.8700,199.1700,197.8700,198.8400,198.0629,1262600
2025-12-22,199.7100,200.0000,199.4800,199.8700,199.0889,987300
2025-12-23,199.3600,200.2600,199.3600,200.1600,199.3778,922700
2025-12-24,200.1100,201.1700,200.1100,200.9900,200.2046,570200
2025-12-26,201.0500,201.3500,200.6500,201.0300,200.2444,629700
2025-12-29,200.3000,201.0600,199.9100,200.5000,199.7165,1054800
2025-12-30,200.3000,200.6900,200.0100,200.1000,199.3180,881300
2025-12-31,200.2200,200.2200,198.5900,198.6200,197.8438,937700
2026-01-02,199.8900,199.9500,198.1800,199.1900,198.4116,1995300
2026-01-05,200.1100,202.0500,199.9800,201.1800,200.3938,1279500
2026-01-06,201.5200,203.0900,201.3400,202.9100,202.1170,1137100
2026-01-07,202.7100,203.2000,201.8900,201.9300,201.1409,1705200
2026-01-08,201.5400,202.7300,201.2200,202.4100,201.6190,1481100
2026-01-09,203.0800,204.4100,202.8200,204.0700,203.2725,1058800
2026-01-12,203.2300,204.4800,202.9900,204.2300,203.4319,974000
2026-01-13,204.3100,204.3500,202.8800,203.5300,202.7346,975000
2026-01-14,202.8600,203.1100,201.4400,202.6100,201.8182,1117700
2026-01-15,204.4600,204.6500,203.2200,203.4900,202.6948,1518700
2026-01-16,203.8500,203.8800,202.8000,203.3100,202.5155,1010400
2026-01-20,200.3200,201.4600,199.3100,199.5300,198.7502,1515300
2026-01-21,200.1300,202.8800,199.8300,201.9700,201.1807,1725900
2026-01-22,203.3800,203.6400,202.3200,202.6300,201.8382,1119200
2026-01-23,202.6900,203.3600,202.2000,202.6800,201.8879,901100
2026-01-26,203.0300,204.0700,202.9900,203.7300,202.9338,1092700
2026-01-27,203.9700,204.5800,203.8200,204.1400,203.3422,1015300
2026-01-28,204.4300,204.8700,203.6900,204.2700,203.4717,6841100
2026-01-29,205.0300,205.4800,201.9400,204.7400,203.9399,3248600
2026-01-30,203.2200,203.8700,201.4600,202.4200,201.6290,2173800
2026-02-02,201.8000,204.0800,201.8000,203.7300,202.9338,1481000
2026-02-03,203.4300,203.4900,200.1400,201.3700,200.5831,2024600
2026-02-04,202.0600,202.7400,200.4800,201.6200,200.8321,3069200
2026-02-05,200.0900,200.7100,198.9000,199.2400,198.4614,2079400
2026-02-06,200.8700,204.0300,200.8700,203.6400,202.8442,2733300
2026-02-09,203.3800,204.4800,203.0400,204.0300,203.2327,1198600
2026-02-10,204.2200,204.6200,203.4100,203.6200,202.8242,1610600
2026-02-11,204.7900,205.1200,202.8900,203.7900,202.9936,966400
2026-02-12,204.0300,204.4000,200.5600,200.7400,199.9555,2571900
2026-02-13,201.7000,203.1500,200.8300,201.7500,200.9616,2255800
2026-02-17,201.4400,202.8100,200.0800,202.2400,201.4497,2688100
2026-02-18,202.9100,204.1800,202.4100,203.4900,202.6948,1817100
2026-02-19,202.5100,203.1400,201.8400,203.0300,202.2366,1694200
2026-02-20,202.3200,204.8500,202.3200,204.3900,203.5913,2213200
2026-02-23,203.9300,204.7500,201.7700,202.2600,201.4696,1782000
2026-02-24,202.2600,204.1700,201.7700,203.9700,203.1729,1259200
2026-02-25,204.6300,205.5600,204.6300,205.4500,204.6471,1398600
2026-02-26,205.5200,205.6500,203.2700,204.8000,203.9996,1666400
2026-02-27,203.2000,204.9800,203.0900,204.8600,204.0594,2188400
2026-03-02,202.7900,205.3200,202.5300,204.4700,203.6710,2951200
2026-03-03,201.1800,202.8700,199.4900,202.2900,201.4995,3568500
2026-03-04,202.6600,203.9000,202.0500,203.4400,202.6450,2112600
2026-03-05,202.2700,203.0400,199.8600,201.6800,200.8918,2448800
2026-03-06,199.1000,199.9400,198.1200,198.6600,197.8837,2682000
2026-03-09,196.5800,201.0000,195.8000,200.7100,199.9256,3126400
2026-03-10,200.3000,202.2200,199.4100,200.2800,199.4973,3097900
2026-03-11,200.0500,200.6700,198.9200,199.5200,198.7403,1797700
2026-03-12,198.2500,198.2500,196.1100,196.2200,195.4532,2853600
2026-03-13,196.8100,197.8600,194.8800,195.1500,194.3874,2775000
2026-03-16,196.6000,197.6300,196.2000,196.9800,196.2102,2161500
2026-03-17,197.2700,198.1400,196.7300,196.8800,196.5296,1465500
2026-03-18,196.0900,196.6100,194.0200,194.0800,193.7346,1518800
2026-03-19,192.5800,195.0300,192.3700,194.2100,193.8644,3629700
2026-03-20,193.9400,194.1300,190.7800,191.8900,191.5485,1860200
2026-03-23,194.5100,196.0900,193.6300,193.9500,193.6049,2546200
2026-03-24,192.7600,194.5600,192.2300,193.3000,192.9560,2198700
2026-03-25,194.7000,195.0300,193.1300,194.1200,193.7746,2117000
2026-03-26,192.4800,193.4400,190.1100,190.1500,189.8116,2171500
2026-03-27,189.4000,189.7500,186.9500,187.3000,186.9667,2664100
2026-03-30,188.7800,189.2200,185.8900,186.4900,186.1581,3147900
2026-03-31,188.4700,192.0900,188.2500,191.8100,191.4687,3552700
2026-04-01,192.4500,194.0300,192.2500,192.7700,192.4270,1841100
2026-04-02,190.2900,193.9700,190.2900,193.1600,192.8163,1696200
2026-04-06,193.1000,194.1400,192.9300,194.0300,193.6847,1680400
2026-04-07,193.3200,193.6000,191.4900,193.3900,193.0459,2380300
2026-04-08,198.5800,199.2700,197.8400,199.0100,198.6558,1240100
2026-04-09,198.8100,200.6300,198.4300,200.2500,199.8936,1111900
2026-04-10,200.9100,200.9300,199.2900,199.4700,199.1150,687300
2026-04-13,199.0000,201.3200,198.7400,201.2500,200.8919,891600
2026-04-14,202.0000,203.2900,201.6900,203.2700,202.9083,1896800
2026-04-15,203.2700,204.4700,202.7200,204.3700,204.0063,913400
2026-04-16,204.8200,204.8700,203.7700,204.3200,203.9564,712700
2026-04-17,205.2100,207.4400,205.2100,206.9200,206.5518,864300
2026-04-20,206.3400,206.9100,206.0400,206.5900,206.2224,974400
2026-04-21,207.3600,207.6700,205.0200,205.4600,205.0944,899900
2026-04-22,206.6900,207.2500,206.3000,207.1700,206.8013,592100
2026-04-23,206.5700,206.9800,203.9900,205.8900,205.5236,1176400
2026-04-24,206.2900,207.7200,206.1200,207.4000,207.0309,664400
2026-04-27,207.0600,207.4200,206.6200,207.1900,206.8213,606400
2026-04-28,206.3000,206.6000,205.4200,205.9100,205.5436,789900
2026-04-29,206.0600,206.3600,204.8100,205.7600,205.3938,709500
2026-04-30,205.6900,207.5500,205.0000,207.2500,206.8812,1126200
2026-05-01,208.1500,208.6700,207.1300,207.1600,206.7914,785300
2026-05-04,206.7200,207.4600,205.3500,206.1000,205.7332,1471400
2026-05-05,207.1700,207.7900,206.4200,207.5000,207.1307,614000
2026-05-06,208.1900,210.2300,207.9800,210.0400,209.6662,1195700
2026-05-07,210.7700,210.8900,209.1700,209.4600,209.0873,888500
2026-05-08,210.5300,211.0200,209.9700,210.4300,210.0555,1151400
2026-05-11,210.1000,211.2300,210.0600,210.5700,210.1953,972200
2026-05-12,209.6700,210.5900,208.9200,210.3900,210.0156,1350900
2026-05-13,210.4800,211.4400,209.6900,210.9700,210.5946,901800
2026-05-14,211.2300,212.7800,211.1600,212.3700,211.9921,831400
2026-05-15,210.8800,211.5800,210.2200,210.4500,210.0755,913200
2026-05-18,210.7200,211.0900,209.5100,210.9200,210.5446,1156200
2026-05-19,209.9300,210.6000,209.2900,209.5600,209.1871,1008300
2026-05-20,210.1100,212.2300,209.7600,212.2300,211.8523,1042500
2026-05-21,211.3000,213.3300,210.9700,212.7400,212.3614,1105500
2026-05-22,213.8300,215.0300,213.5400,214.3800,213.9985,876500
2026-05-26,215.7000,216.2200,214.8500,215.7900,215.4060,806200
2026-05-27,215.9300,216.0300,214.7000,215.2400,214.8570,662300
2026-05-28,215.5600,216.3200,214.3200,215.8800,215.4958,29883600
2026-05-29,216.1700,216.4400,215.4900,215.4900,215.1065,5294900
2026-06-01,215.3000,216.4000,214.9600,215.9700,215.5857,2168100
2026-06-02,215.0200,215.9000,214.8700,215.7800,215.3960,1284500
2026-06-03,215.0400,215.9800,214.9800,215.6300,215.2463,1870700
2026-06-04,216.2600,217.6500,216.1300,217.3300,216.9433,2203700
2026-06-05,216.1400,216.7600,212.7600,213.1400,212.7607,1592900
2026-06-08,214.2500,215.7100,213.7000,213.8300,213.4495,1316700
2026-06-09,214.7800,216.6600,210.6500,214.1200,213.7390,1869500
2026-06-10,213.5800,216.0400,212.2100,212.3300,211.9521,2001400
2026-06-11,213.5700,216.6900,212.8800,215.9000,215.5158,1859100
2026-06-12,216.0100,217.5200,214.9500,216.9100,216.5240,1646900
2026-06-15,218.9700,219.8200,218.3700,219.2000,219.2000,1305900
2026-06-16,218.7600,219.3700,217.5900,217.7600,217.7600,1165500
2026-06-17,218.0900,218.8800,214.0800,214.4500,214.4500,1757500
2026-06-18,216.2600,216.7200,215.6700,215.8900,215.8900,1821800
2026-06-22,215.8800,217.1300,214.9100,215.8300,215.8300,1155000
2026-06-23,213.0700,213.9800,212.7400,213.0100,213.0100,846900
2026-06-24,212.8400,214.7700,212.4900,213.1900,213.1900,1174700
2026-06-25,214.9600,214.9600,212.4600,213.2500,213.2500,1546200
2026-06-26,212.4400,214.7700,212.0700,213.6600,213.6600,1193700
2026-06-29,215.3500,217.5900,215.1600,217.2900,217.2900,1321200
2026-06-30,217.8200,220.2400,217.4100,219.4300,219.4300,2343500
2026-07-01,218.7800,220.0600,218.0600,218.8700,218.8700,1079100
2026-07-02,219.2800,219.9500,217.0800,218.4300,218.4300,1285800
2026-07-06,219.4100,219.4100,217.7500,218.4900,218.4900,1255300
2026-07-07,217.7500,218.3200,217.2400,217.7400,217.7400,1653700
2026-07-08,216.6500,217.4400,215.5900,216.9200,216.9200,1149600
2026-07-09,217.8700,218.6900,217.3000,218.5000,218.5000,1636000
2026-07-10,218.5400,219.7600,217.5800,219.6900,219.6900,1370100
2026-07-13,218.7500,220.0000,218.3600,218.6500,218.6500,1158900
2026-07-14,219.6000,219.6000,218.2500,219.2400,219.2400,827900
2026-07-15,220.2000,220.2100,218.7600,219.8000,219.8000,1035100
2026-07-16,219.5800,221.1600,219.4900,220.6600,220.6600,1270800
2026-07-17,217.5700,218.7400,217.3700,217.8700,217.8700,922400
2026-07-20,218.5300,218.6300,216.8500,216.9400,216.9400,735700
2026-07-21,218.1900,218.4900,217.3900,218.1300,218.1300,960200
2026-07-22,217.5400,218.1200,217.1100,217.3400,217.3400,760400
2026-07-23,215.2400,216.4900,215.2000,216.0000,216.0000,672200
2026-07-24,215.9000,218.1700,215.8900,216.8100,216.8100,635700
