date,open,high,low,close,adj_close,volume
1981-06-09,2.8750,3.0000,2.8750,2.8750,2.1569,27300
1981-06-10,2.8750,2.8750,2.7500,2.7500,2.0631,13700
1981-06-11,2.7500,2.8750,2.7500,2.7500,2.0631,12400
1981-06-12,2.8750,2.8750,2.8750,2.8750,2.1569,38700
1981-06-15,2.8750,2.8750,2.8750,2.8750,2.1569,38800
1981-06-16,2.8750,2.8750,2.7500,2.7500,2.0631,55100
1981-06-17,2.7500,2.8750,2.7500,2.7500,2.0631,29800
1981-06-18,2.8750,2.8750,2.8750,2.8750,2.1569,25100
1981-06-19,2.8750,2.8750,2.8750,2.8750,2.1569,8900
1981-06-22,2.8750,2.8750,2.7500,2.7500,2.0631,18000
1981-06-23,2.7500,2.8750,2.7500,2.7500,2.0631,171200
1981-06-24,2.7500,2.8750,2.7500,2.7500,2.0631,37300
1981-06-25,2.7500,2.8750,2.7500,2.7500,2.0631,12300
1981-06-26,2.7500,2.8750,2.7500,2.7500,2.0631,53900
1981-06-29,2.7500,2.7500,2.6250,2.6250,1.9693,13800
1981-06-30,2.6250,2.7500,2.6250,2.6250,1.9693,19700
1981-07-01,2.6250,2.7500,2.6250,2.6250,1.9693,17600
1981-07-02,2.6250,2.7500,2.6250,2.6250,1.9693,46100
1981-07-06,2.6250,2.7500,2.6250,2.6250,1.9693,7300
1981-07-07,2.6250,2.7500,2.5000,2.5000,1.8755,20100
1981-07-08,2.6250,2.7500,2.6250,2.6250,1.9693,19200
1981-07-09,2.6250,2.7500,2.6250,2.6250,1.9693,26500
1981-07-10,2.6250,2.7500,2.6250,2.6250,1.9693,10100
1981-07-13,2.6250,2.7500,2.6250,2.6250,1.9693,3900
1981-07-14,2.6250,2.6250,2.5000,2.5000,1.8755,13100
1981-07-15,2.5000,2.6250,2.5000,2.5000,1.8755,4900
1981-07-16,2.6250,2.7500,2.6250,2.6250,1.9693,64700
1981-07-17,2.7500,2.8750,2.7500,2.7500,2.0631,34600
1981-07-20,3.1250,3.2500,3.1250,3.1250,2.3444,102800
1981-07-21,3.1250,3.2500,3.1250,3.1250,2.3444,33500
1981-07-22,3.5000,3.6250,3.5000,3.5000,2.6257,77300
1981-07-23,3.6250,3.7500,3.6250,3.6250,2.7195,37800
1981-07-24,4.0000,4.1250,4.0000,4.0000,3.0008,48400
1981-07-27,4.3750,4.5000,4.3750,4.3750,3.2822,29500
1981-07-28,4.2500,4.2500,4.1250,4.1250,3.0946,52000
1981-07-29,4.1250,4.1250,4.0000,4.0000,3.0008,25800
1981-07-30,4.0000,4.0000,3.8750,3.8750,2.9071,14100
1981-07-31,3.8750,4.0000,3.8750,3.8750,2.9071,17200
1981-08-03,3.8750,3.8750,3.7500,3.7500,2.8133,19300
1981-08-04,3.6250,3.6250,3.5000,3.5000,2.6257,14400
1981-08-05,3.5000,3.6250,3.5000,3.5000,2.6257,4600
1981-08-06,3.5000,3.5000,3.3750,3.3750,2.5320,20100
1981-08-07,3.6250,3.7500,3.6250,3.6250,2.7195,64300
1981-08-10,3.6250,3.6250,3.6250,3.6250,2.7195,0
1981-08-11,3.7500,3.8750,3.7500,3.7500,2.8133,18800
1981-08-12,3.7500,3.8750,3.7500,3.7500,2.8133,6100
1981-08-13,3.7500,3.8750,3.6250,3.6250,2.7195,11800
1981-08-14,3.6250,3.7500,3.6250,3.6250,2.7195,4900
1981-08-17,3.6250,3.6250,3.5000,3.5000,2.6257,14300
1981-08-18,3.5000,3.6250,3.3750,3.3750,2.5320,5500
1981-08-19,3.3750,3.5000,3.3750,3.3750,2.5320,3600
1981-08-20,3.3750,3.5000,3.3125,3.3125,2.4851,15500
1981-08-21,3.3125,3.5000,3.3125,3.3125,2.4851,6600
1981-08-24,3.3125,3.3750,3.1250,3.1250,2.3444,17100
1981-08-25,3.1250,3.1250,3.0000,3.0000,2.2506,18700
1981-08-26,3.0625,3.1250,3.0625,3.0625,2.2975,7700
1981-08-27,3.0625,3.1250,3.0625,3.0625,2.2975,9600
1981-08-28,3.0625,3.1250,3.0000,3.0000,2.2506,9400
1981-08-31,3.0000,3.0000,2.8750,2.8750,2.1569,17500
1981-09-01,2.9375,3.0625,2.9375,2.9375,2.2037,31700
1981-09-02,2.9375,3.0000,2.8750,2.8750,2.1569,1400
1981-09-03,2.8750,2.9375,2.6875,2.6875,2.0162,11000
1981-09-04,2.6875,2.7500,2.5000,2.5000,1.8755,12800
1981-09-08,2.5000,2.6250,2.5000,2.5000,1.8755,19400
1981-09-09,2.5000,2.6250,2.5000,2.5000,1.8755,29000
1981-09-10,3.0000,3.1250,3.0000,3.0000,2.2506,53000
1981-09-11,3.5000,3.6250,3.5000,3.5000,2.6257,67800
1981-09-14,3.7500,4.0000,3.7500,3.7500,2.8133,46600
1981-09-15,3.7500,3.8750,3.6250,3.6250,2.7195,33000
1981-09-16,3.6250,3.7500,3.6250,3.6250,2.7195,24600
1981-09-17,3.6250,3.6250,3.5000,3.5000,2.6257,9400
1981-09-18,3.5000,3.5000,3.3750,3.3750,2.5320,11500
1981-09-21,3.5000,3.6250,3.5000,3.5000,2.6257,17000
1981-09-22,3.5000,3.6250,3.5000,3.5000,2.6257,5700
1981-09-23,3.3750,3.3750,3.2500,3.2500,2.4382,8500
1981-09-24,3.2500,3.3750,3.2500,3.2500,2.4382,15400
1981-09-25,3.2500,3.2500,3.1250,3.1250,2.3444,16300
1981-09-28,3.1250,3.1250,3.0000,3.0000,2.2506,9600
1981-09-29,3.1250,3.2500,3.1250,3.1250,2.3444,7400
1981-09-30,3.3750,3.5000,3.3750,3.3750,2.5320,13500
1981-10-01,3.3750,3.6250,3.3750,3.3750,2.5320,32400
1981-10-02,3.6250,3.7500,3.6250,3.6250,2.7195,9600
1981-10-05,3.7500,3.8750,3.7500,3.7500,2.8133,23200
1981-10-06,4.2500,4.5000,4.2500,4.2500,3.1884,63000
1981-10-07,5.0000,5.1250,5.0000,5.0000,3.7510,57300
1981-10-08,5.2500,5.3750,5.2500,5.2500,3.9386,40600
1981-10-09,6.3750,6.5000,6.3750,6.3750,4.7826,72200
1981-10-12,6.2500,6.2500,6.1250,6.1250,4.5950,91200
1981-10-13,6.1250,6.2500,6.1250,6.1250,4.5950,36400
1981-10-14,6.3750,6.5000,6.3750,6.3750,4.7826,45600
1981-10-15,7.1250,7.2500,7.1250,7.1250,5.3452,42300
1981-10-16,7.1250,7.1250,7.0000,7.0000,5.2515,31000
1981-10-19,7.0000,7.0000,6.8750,6.8750,5.1577,35300
1981-10-20,6.8750,7.0000,6.7500,6.7500,5.0639,20200
1981-10-21,6.1250,6.1250,6.0000,6.0000,4.5013,77800
1981-10-22,6.2500,6.3750,6.2500,6.2500,4.6888,80100
1981-10-23,6.2500,6.2500,6.0000,6.0000,4.5013,15100
1981-10-26,5.7500,5.7500,5.6250,5.6250,4.2199,22700
1981-10-27,5.6250,5.6250,5.5000,5.5000,4.1261,26900
1981-10-28,5.5000,5.6250,5.5000,5.5000,4.1261,6400
1981-10-29,5.5000,5.6250,5.5000,5.5000,4.1261,8200
1981-10-30,6.0000,6.1250,6.0000,6.0000,4.5013,28100
1981-11-02,6.0000,6.1250,6.0000,6.0000,4.5013,10900
1981-11-03,6.0000,6.1250,6.0000,6.0000,4.5013,11600
1981-11-04,6.0000,6.1250,6.0000,6.0000,4.5013,8100
1981-11-05,5.8750,5.8750,5.7500,5.7500,4.3137,14600
1981-11-06,5.7500,5.8750,5.7500,5.7500,4.3137,8100
1981-11-09,5.7500,5.7500,5.5000,5.5000,4.1261,13400
1981-11-10,5.5000,5.6250,5.3750,5.3750,4.0324,14600
1981-11-11,5.6250,5.7500,5.6250,5.6250,4.2199,33500
1981-11-12,5.6250,5.7500,5.6250,5.6250,4.2199,4700
1981-11-13,5.6250,5.6250,5.5000,5.5000,4.1261,4800
1981-11-16,5.5000,5.5000,5.3750,5.3750,4.0324,12300
1981-11-17,5.3750,5.5000,5.3750,5.3750,4.0324,19300
1981-11-18,5.8750,6.1250,5.8750,5.8750,4.4075,43300
1981-11-19,5.8750,6.0000,5.7500,5.7500,4.3137,39400
1981-11-20,5.7500,6.0000,5.7500,5.7500,4.3137,1100
1981-11-23,6.0000,6.1250,6.0000,6.0000,4.5013,16000
1981-11-24,6.0000,6.1250,6.0000,6.0000,4.5013,23500
1981-11-25,6.0000,6.1250,6.0000,6.0000,4.5013,8000
1981-11-27,6.0000,6.1250,6.0000,6.0000,4.5013,13300
1981-11-30,6.0000,6.1250,6.0000,6.0000,4.5013,7900
1981-12-01,6.0000,6.1250,6.0000,6.0000,4.5013,5700
1981-12-02,6.0000,6.1250,6.0000,6.0000,4.5013,11300
1981-12-03,6.1250,6.3750,6.1250,6.1250,4.5950,11700
1981-12-04,6.6250,6.7500,6.6250,6.6250,4.9701,43500
1981-12-07,6.8750,7.0000,6.8750,6.8750,5.1577,31000
1981-12-08,6.8750,7.0000,6.8750,6.8750,5.1577,17900
1981-12-09,6.8750,7.0000,6.8750,6.8750,5.1577,12300
1981-12-10,7.0000,7.1250,7.0000,7.0000,5.2515,12100
1981-12-11,7.1250,7.3750,7.1250,7.1250,5.3452,32900
1981-12-14,7.1250,7.3750,7.1250,7.1250,5.3452,6700
1981-12-15,7.1250,7.2500,7.1250,7.1250,5.3452,5700
1981-12-16,7.1250,7.2500,7.0000,7.0000,5.2515,5600
1981-12-17,7.1250,7.2500,7.1250,7.1250,5.3452,20400
1981-12-18,8.2500,8.3750,8.2500,8.2500,6.1892,65900
1981-12-21,8.0000,8.0000,7.8750,7.8750,5.9079,32300
1981-12-22,7.8750,8.0000,7.8750,7.8750,5.9079,10200
1981-12-23,7.8750,7.8750,7.6250,7.6250,5.7203,10400
1981-12-24,7.0000,7.0000,6.8750,6.8750,5.1577,47200
1981-12-28,6.6250,6.6250,6.5000,6.5000,4.8764,21900
1981-12-29,6.2500,6.2500,6.1250,6.1250,4.5950,20300
1981-12-30,6.3750,6.5000,6.3750,6.3750,4.7826,33700
1981-12-31,6.3750,6.3750,6.2500,6.2500,4.6888,19300
1982-01-04,6.2500,6.2500,6.1250,6.1250,4.5950,19500
1982-01-05,6.1250,6.2500,6.0000,6.0000,4.5013,22600
1982-01-06,6.0000,6.0000,5.7500,5.7500,4.3137,9700
1982-01-07,5.6250,5.6250,5.5000,5.5000,4.1261,8100
1982-01-08,5.7500,5.8750,5.7500,5.7500,4.3137,15700
1982-01-11,5.7500,5.7500,5.6250,5.6250,4.2199,14800
1982-01-12,5.6250,5.7500,5.6250,5.6250,4.2199,17100
1982-01-13,5.6250,5.7500,5.6250,5.6250,4.2199,5400
1982-01-14,5.6250,5.7500,5.6250,5.6250,4.2199,7100
1982-01-15,5.6250,5.7500,5.6250,5.6250,4.2199,18200
1982-01-18,6.1250,6.2500,6.1250,6.1250,4.5950,42400
1982-01-19,6.1250,6.1250,6.0000,6.0000,4.5013,13500
1982-01-20,6.0000,6.0000,5.8750,5.8750,4.4075,9000
1982-01-21,5.8750,6.0000,5.8750,5.8750,4.4075,8500
1982-01-22,5.8750,6.0000,5.8750,5.8750,4.4075,4500
1982-01-25,5.8750,5.8750,5.6250,5.6250,4.2199,13300
1982-01-26,5.6250,5.7500,5.6250,5.6250,4.2199,5400
1982-01-27,5.6250,5.7500,5.5000,5.5000,4.1261,11100
1982-01-28,5.8750,6.0000,5.8750,5.8750,4.4075,14500
1982-01-29,6.0000,6.1250,6.0000,6.0000,4.5013,49700
1982-02-01,6.0000,6.0000,5.8750,5.8750,4.4075,5200
1982-02-02,5.8750,6.0000,5.8750,5.8750,4.4075,5200
1982-02-03,5.8750,6.1250,5.8750,5.8750,4.4075,10100
1982-02-04,5.8750,6.0000,5.8750,5.8750,4.4075,3400
1982-02-05,5.8750,6.0000,5.8750,5.8750,4.4075,12000
1982-02-08,5.8750,5.8750,5.7500,5.7500,4.3137,8700
1982-02-09,5.7500,5.8750,5.6250,5.6250,4.2199,13800
1982-02-10,5.7500,5.8750,5.7500,5.7500,4.3137,4200
1982-02-11,5.7500,5.8750,5.7500,5.7500,4.3137,7600
1982-02-12,5.7500,5.8750,5.7500,5.7500,4.3137,8900
1982-02-16,5.7500,5.8750,5.6250,5.6250,4.2199,4600
1982-02-17,5.6250,5.7500,5.6250,5.6250,4.2199,16200
1982-02-18,5.6250,5.7500,5.5000,5.5000,4.1261,7400
1982-02-19,5.5000,5.7500,5.5000,5.5000,4.1261,7600
1982-02-22,5.5000,5.6250,5.3750,5.3750,4.0324,6600
1982-02-23,5.3750,5.5000,5.2500,5.2500,3.9386,3800
1982-02-24,5.3750,5.6250,5.3750,5.3750,4.0324,10100
1982-02-25,5.5000,5.6250,5.5000,5.5000,4.1261,13700
1982-02-26,5.5000,5.6250,5.5000,5.5000,4.1261,10200
1982-03-01,5.5000,5.6250,5.5000,5.5000,4.1261,3500
1982-03-02,5.5000,5.6250,5.5000,5.5000,4.1261,13700
1982-03-03,5.5000,5.6250,5.5000,5.5000,4.1261,19900
1982-03-04,5.5000,5.7500,5.5000,5.5000,4.1261,17700
1982-03-05,5.5000,5.5000,5.3750,5.3750,4.0324,18700
1982-03-08,5.0000,5.0000,4.8750,4.8750,3.6573,15300
1982-03-09,4.7500,4.7500,4.6250,4.6250,3.4697,23400
1982-03-10,4.8750,5.0000,4.8750,4.8750,3.6573,18000
1982-03-11,4.8750,4.8750,4.6250,4.6250,3.4697,5700
1982-03-12,4.6250,4.6250,4.3750,4.3750,3.2822,9700
1982-03-15,4.3750,4.5000,4.2500,4.2500,3.1884,11700
1982-03-16,4.2500,4.5000,4.2500,4.2500,3.1884,6900
1982-03-17,4.2500,4.5000,4.2500,4.2500,3.1884,2900
1982-03-18,4.3750,4.5000,4.3750,4.3750,3.2822,3100
1982-03-19,4.5000,4.6250,4.5000,4.5000,3.3759,15400
1982-03-22,5.1250,5.2500,5.1250,5.1250,3.8448,35800
1982-03-23,5.1250,5.3750,5.1250,5.1250,3.8448,12100
1982-03-24,5.1250,5.1250,5.0000,5.0000,3.7510,7500
1982-03-25,5.0000,5.1250,4.8750,4.8750,3.6573,2000
1982-03-26,4.8750,5.1250,4.8750,4.8750,3.6573,3100
1982-03-29,4.8750,4.8750,4.6250,4.6250,3.4697,9600
1982-03-30,4.6250,4.7500,4.5000,4.5000,3.3759,3600
1982-03-31,4.5000,4.7500,4.5000,4.5000,3.3759,19700
1982-04-01,4.7500,4.8750,4.7500,4.7500,3.5635,4200
1982-04-02,4.8750,5.0000,4.8750,4.8750,3.6573,6400
1982-04-05,4.8750,5.0000,4.8750,4.8750,3.6573,5700
1982-04-06,4.8750,5.0000,4.8750,4.8750,3.6573,1200
1982-04-07,4.8750,5.0000,4.8750,4.8750,3.6573,11500
1982-04-08,5.0000,5.1250,5.0000,5.0000,3.7510,14200
1982-04-12,5.1250,5.2500,5.1250,5.1250,3.8448,9500
1982-04-13,5.1250,5.2500,5.1250,5.1250,3.8448,10600
1982-04-14,5.1250,5.1250,5.0000,5.0000,3.7510,14500
1982-04-15,5.1250,5.2500,5.1250,5.1250,3.8448,2600
1982-04-16,5.1250,5.1250,5.0000,5.0000,3.7510,9700
1982-04-19,5.0000,5.1250,5.0000,5.0000,3.7510,2100
1982-04-20,5.0000,5.2500,5.0000,5.0000,3.7510,19600
1982-04-21,5.0000,5.1250,5.0000,5.0000,3.7510,30300
1982-04-22,5.2500,5.3750,5.2500,5.2500,3.9386,25300
1982-04-23,6.0000,6.1250,6.0000,6.0000,4.5013,28800
1982-04-26,6.7500,6.8750,6.7500,6.7500,5.0639,20500
1982-04-27,6.6250,6.6250,6.3750,6.3750,4.7826,29000
1982-04-28,6.3750,6.3750,6.1250,6.1250,4.5950,21500
1982-04-29,6.1250,6.1250,6.0000,6.0000,4.5013,23300
1982-04-30,6.1250,6.2500,6.1250,6.1250,4.5950,28000
1982-05-03,6.1250,6.2500,6.0000,6.0000,4.5013,3500
1982-05-04,6.0000,6.1250,5.7500,5.7500,4.3137,11600
1982-05-05,6.0000,6.2500,6.0000,6.0000,4.5013,26600
1982-05-06,6.2500,6.3750,6.2500,6.2500,4.6888,37800
1982-05-07,6.6250,6.8750,6.6250,6.6250,4.9701,38500
1982-05-10,6.8750,7.0000,6.8750,6.8750,5.1577,18300
1982-05-11,6.8750,6.8750,6.7500,6.7500,5.0639,27000
1982-05-12,6.6250,6.6250,6.3750,6.3750,4.7826,18300
1982-05-13,6.3750,6.6250,6.3750,6.3750,4.7826,9800
1982-05-14,6.3750,6.5000,6.3750,6.3750,4.7826,7300
1982-05-17,6.6250,6.7500,6.6250,6.6250,4.9701,24900
1982-05-18,7.0000,7.1250,7.0000,7.0000,5.2515,51500
1982-05-19,7.0000,7.0000,6.8750,6.8750,5.1577,20200
1982-05-20,6.8750,6.8750,6.7500,6.7500,5.0639,19800
1982-05-21,6.8750,7.0000,6.8750,6.8750,5.1577,13600
1982-05-24,7.0000,7.1250,7.0000,7.0000,5.2515,6700
1982-05-25,7.0000,7.1250,6.8750,6.8750,5.1577,19700
1982-05-26,6.8750,6.8750,6.6250,6.6250,4.9701,20600
1982-05-27,6.6250,6.7500,6.5000,6.5000,4.8764,4600
1982-05-28,6.6250,6.7500,6.6250,6.6250,4.9701,17800
1982-06-01,6.6250,6.6250,6.3750,6.3750,4.7826,7900
1982-06-02,6.3750,6.5000,6.2500,6.2500,4.6888,7700
1982-06-03,6.5000,6.7500,6.5000,6.5000,4.8764,8800
1982-06-04,6.5000,6.7500,6.5000,6.5000,4.8764,2400
1982-06-07,6.5000,6.6250,6.5000,6.5000,4.8764,3000
1982-06-08,6.5000,6.6250,6.3750,6.3750,4.7826,3300
1982-06-09,6.3750,6.6250,6.3750,6.3750,4.7826,3800
1982-06-10,6.3750,6.5000,6.2500,6.2500,4.6888,3900
1982-06-11,6.2500,6.5000,6.2500,6.2500,4.6888,3000
1982-06-14,6.2500,6.5000,6.2500,6.2500,4.6888,1300
1982-06-15,6.2500,6.5000,6.2500,6.2500,4.6888,7000
1982-06-16,6.2500,6.3750,6.2500,6.2500,4.6888,6200
1982-06-17,5.8750,5.8750,5.6250,5.6250,4.2199,13300
1982-06-18,5.6250,5.7500,5.5000,5.5000,4.1261,7200
1982-06-21,5.8750,6.1250,5.8750,5.8750,4.4075,11200
1982-06-22,6.2500,6.3750,6.2500,6.2500,4.6888,16300
1982-06-23,6.3750,6.5000,6.3750,6.3750,4.7826,5200
1982-06-24,6.3750,6.6250,6.3750,6.3750,4.7826,7200
1982-06-25,6.8750,7.0000,6.8750,6.8750,5.1577,22800
1982-06-28,7.2500,7.5000,7.2500,7.2500,5.4390,31600
1982-06-29,7.0000,7.0000,6.7500,6.7500,5.0639,9800
1982-06-30,6.7500,7.0000,6.7500,6.7500,5.0639,8200
1982-07-01,6.8750,7.0000,6.8750,6.8750,5.1577,3800
1982-07-02,7.1250,7.2500,7.1250,7.1250,5.3452,27000
1982-07-06,7.2500,7.5000,7.2500,7.2500,5.4390,13200
1982-07-07,7.2500,7.5000,7.2500,7.2500,5.4390,2100
1982-07-08,7.0000,7.0000,6.7500,6.7500,5.0639,30200
1982-07-09,6.8750,7.1250,6.8750,6.8750,5.1577,9000
1982-07-12,6.8750,7.0000,6.8750,6.8750,5.1577,9600
1982-07-13,6.8750,7.0000,6.8750,6.8750,5.1577,12200
1982-07-14,6.8750,6.8750,6.6250,6.6250,4.9701,12900
1982-07-15,6.8750,7.1250,6.8750,6.8750,5.1577,25700
1982-07-16,6.8750,6.8750,6.6250,6.6250,4.9701,27500
1982-07-19,6.6250,6.7500,6.5000,6.5000,4.8764,14500
1982-07-20,6.5000,6.5000,6.2500,6.2500,4.6888,16300
1982-07-21,6.2500,6.3750,6.1250,6.1250,4.5950,5000
1982-07-22,6.1250,6.1250,6.0000,6.0000,4.5013,6000
1982-07-23,6.0000,6.2500,6.0000,6.0000,4.5013,3800
1982-07-26,5.8750,5.8750,5.7500,5.7500,4.3137,13600
1982-07-27,5.7500,5.7500,5.6250,5.6250,4.2199,5200
1982-07-28,5.6250,5.6250,5.3750,5.3750,4.0324,12200
1982-07-29,5.5000,5.6250,5.5000,5.5000,4.1261,3500
1982-07-30,5.6250,5.8750,5.6250,5.6250,4.2199,18600
1982-08-02,5.7500,5.8750,5.7500,5.7500,4.3137,5100
1982-08-03,5.7500,5.8750,5.7500,5.7500,4.3137,10600
1982-08-04,5.7500,5.8750,5.6250,5.6250,4.2199,4900
1982-08-05,5.6250,5.7500,5.5000,5.5000,4.1261,6400
1982-08-06,5.5000,5.7500,5.5000,5.5000,4.1261,5300
1982-08-09,5.5000,5.5000,5.3750,5.3750,4.0324,7200
1982-08-10,5.3750,5.3750,5.2500,5.2500,3.9386,4300
1982-08-11,5.2500,5.3750,5.2500,5.2500,3.9386,9200
1982-08-12,5.3750,5.5000,5.3750,5.3750,4.0324,8300
1982-08-13,5.3750,5.5000,5.3750,5.3750,4.0324,2700
1982-08-16,5.6250,5.7500,5.6250,5.6250,4.2199,7200
1982-08-17,5.6250,5.8750,5.6250,5.6250,4.2199,11200
1982-08-18,6.0000,6.2500,6.0000,6.0000,4.5013,17500
1982-08-19,6.0000,6.1250,5.8750,5.8750,4.4075,11900
1982-08-20,5.8750,6.0000,5.8750,5.8750,4.4075,9400
1982-08-23,6.2500,6.5000,6.2500,6.2500,4.6888,18400
1982-08-24,6.2500,6.3750,6.1250,6.1250,4.5950,17700
1982-08-25,6.1250,6.3750,6.1250,6.1250,4.5950,8300
1982-08-26,6.2500,6.3750,6.2500,6.2500,4.6888,10600
1982-08-27,6.1250,6.1250,5.8750,5.8750,4.4075,8600
1982-08-30,5.8750,6.0000,5.8750,5.8750,4.4075,4000
1982-08-31,5.8750,6.0000,5.8750,5.8750,4.4075,3000
1982-09-01,5.8750,6.0000,5.7500,5.7500,4.3137,3700
1982-09-02,6.1250,6.2500,6.1250,6.1250,4.5950,7300
1982-09-03,6.2500,6.3750,6.2500,6.2500,4.6888,4800
1982-09-07,6.2500,6.3750,6.2500,6.2500,4.6888,4500
1982-09-08,6.3750,6.5000,6.3750,6.3750,4.7826,12600
1982-09-09,6.3750,6.5000,6.3750,6.3750,4.7826,8300
1982-09-10,6.3750,6.3750,6.2500,6.2500,4.6888,18300
1982-09-13,6.2500,6.3750,6.1250,6.1250,4.5950,5000
1982-09-14,6.1250,6.2500,6.0000,6.0000,4.5013,6700
1982-09-15,6.0000,6.1250,6.0000,6.0000,4.5013,8600
1982-09-16,6.0000,6.2500,6.0000,6.0000,4.5013,5900
1982-09-17,6.0000,6.2500,6.0000,6.0000,4.5013,4700
1982-09-20,6.0000,6.0000,5.8750,5.8750,4.4075,6200
1982-09-21,6.0000,6.1250,6.0000,6.0000,4.5013,7000
1982-09-22,6.0000,6.1250,5.8750,5.8750,4.4075,3000
1982-09-23,5.8750,5.8750,5.7500,5.7500,4.3137,3600
1982-09-24,5.7500,5.8750,5.6250,5.6250,4.2199,7600
1982-09-27,5.6250,5.7500,5.6250,5.6250,4.2199,3900
1982-09-28,5.6250,5.8750,5.6250,5.6250,4.2199,5500
1982-09-29,5.6250,5.8750,5.6250,5.6250,4.2199,5500
1982-09-30,5.6250,5.7500,5.6250,5.6250,4.2199,8200
1982-10-01,5.7500,5.8750,5.7500,5.7500,4.3137,14700
1982-10-04,5.7500,5.8750,5.7500,5.7500,4.3137,5700
1982-10-05,5.7500,5.8750,5.7500,5.7500,4.3137,4200
1982-10-06,5.7500,5.7500,5.6250,5.6250,4.2199,10700
1982-10-07,5.8750,6.0000,5.8750,5.8750,4.4075,11700
1982-10-08,5.8750,6.0000,5.8750,5.8750,4.4075,7900
1982-10-11,6.1250,6.3750,6.1250,6.1250,4.5950,45600
1982-10-12,6.2500,6.5000,6.2500,6.2500,4.6888,8900
1982-10-13,6.6250,6.8750,6.6250,6.6250,4.9701,19600
1982-10-14,6.8750,7.1250,6.8750,6.8750,5.1577,10700
1982-10-15,7.2500,7.3750,7.2500,7.2500,5.4390,30000
1982-10-18,7.2500,7.3750,7.1250,7.1250,5.3452,11300
1982-10-19,6.8750,6.8750,6.7500,6.7500,5.0639,21200
1982-10-20,6.7500,6.8750,6.7500,6.7500,5.0639,7500
1982-10-21,7.0000,7.1250,7.0000,7.0000,5.2515,25900
1982-10-22,7.0000,7.1250,7.0000,7.0000,5.2515,23600
1982-10-25,6.8750,6.8750,6.7500,6.7500,5.0639,16900
1982-10-26,6.7500,6.7500,6.6250,6.6250,4.9701,12500
1982-10-27,6.6250,6.7500,6.6250,6.6250,4.9701,5000
1982-10-28,6.6250,6.7500,6.6250,6.6250,4.9701,4000
1982-10-29,6.6250,6.7500,6.5000,6.5000,4.8764,5600
1982-11-01,6.8750,7.1250,6.8750,6.8750,5.1577,25500
1982-11-02,7.1250,7.3750,7.1250,7.1250,5.3452,12600
1982-11-03,7.1250,7.2500,7.1250,7.1250,5.3452,8500
1982-11-04,7.1250,7.1250,7.0000,7.0000,5.2515,22100
1982-11-05,7.0000,7.1250,7.0000,7.0000,5.2515,18100
1982-11-08,7.0000,7.1250,7.0000,7.0000,5.2515,17200
1982-11-09,7.1250,7.2500,7.1250,7.1250,5.3452,16800
1982-11-10,7.1250,7.1250,7.0000,7.0000,5.2515,10100
1982-11-11,7.0000,7.0000,6.7500,6.7500,5.0639,4600
1982-11-12,6.7500,7.0000,6.7500,6.7500,5.0639,15800
1982-11-15,6.7500,6.8750,6.7500,6.7500,5.0639,1600
1982-11-16,6.7500,6.7500,6.6250,6.6250,4.9701,7000
1982-11-17,6.6250,6.7500,6.6250,6.6250,4.9701,700
1982-11-18,6.6250,6.7500,6.6250,6.6250,4.9701,8900
1982-11-19,6.7500,6.8750,6.7500,6.7500,5.0639,9600
1982-11-22,6.7500,6.8750,6.6250,6.6250,4.9701,26800
1982-11-23,6.6250,6.7500,6.6250,6.6250,4.9701,11300
1982-11-24,6.6250,6.7500,6.6250,6.6250,4.9701,5300
1982-11-26,7.2500,7.3750,7.2500,7.2500,5.4390,23900
1982-11-29,7.2500,7.2500,7.1250,7.1250,5.3452,14600
1982-11-30,7.0000,7.0000,6.8750,6.8750,5.1577,5400
1982-12-01,6.8750,7.0000,6.8750,6.8750,5.1577,15800
1982-12-02,6.8750,7.0000,6.8750,6.8750,5.1577,5900
1982-12-03,6.8750,6.8750,6.7500,6.7500,5.0639,2800
1982-12-06,6.7500,6.8750,6.6250,6.6250,4.9701,7600
1982-12-07,6.6250,6.7500,6.6250,6.6250,4.9701,3400
1982-12-08,6.7500,6.8750,6.7500,6.7500,5.0639,8700
1982-12-09,6.7500,6.8750,6.7500,6.7500,5.0639,5200
1982-12-10,6.7500,6.8750,6.7500,6.7500,5.0639,11800
1982-12-13,6.8750,7.0000,6.8750,6.8750,5.1577,16500
1982-12-14,6.8750,7.0000,6.8750,6.8750,5.1577,19200
1982-12-15,6.8750,6.8750,6.7500,6.7500,5.0639,8400
1982-12-16,6.7500,6.8750,6.6250,6.6250,4.9701,10800
1982-12-17,6.6250,6.8750,6.6250,6.6250,4.9701,4700
1982-12-20,6.7500,6.8750,6.7500,6.7500,5.0639,22300
1982-12-21,6.7500,6.8750,6.7500,6.7500,5.0639,8200
1982-12-22,6.7500,6.8750,6.7500,6.7500,5.0639,10500
1982-12-23,6.7500,6.8750,6.7500,6.7500,5.0639,4900
1982-12-27,6.7500,6.8750,6.7500,6.7500,5.0639,11000
1982-12-28,6.7500,6.8750,6.7500,6.7500,5.0639,10800
1982-12-29,6.7500,7.0000,6.7500,6.7500,5.0639,14700
1982-12-30,6.8750,7.0000,6.8750,6.8750,5.1577,9600
1982-12-31,6.8750,7.0000,6.7500,6.7500,5.0639,6400
1983-01-03,6.7500,7.0000,6.7500,6.7500,5.0639,4300
1983-01-04,6.7500,6.8750,6.7500,6.7500,5.0639,11500
1983-01-05,6.7500,6.8750,6.7500,6.7500,5.0639,600
1983-01-06,7.0000,7.1250,7.0000,7.0000,5.2515,19700
1983-01-07,7.1250,7.3750,7.1250,7.1250,5.3452,35800
1983-01-10,7.0000,7.0000,6.8750,6.8750,5.1577,11400
1983-01-11,6.8750,7.0000,6.8750,6.8750,5.1577,5200
1983-01-12,6.8750,7.1250,6.8750,6.8750,5.1577,11800
1983-01-13,6.8750,7.0000,6.8750,6.8750,5.1577,14200
1983-01-14,7.1250,7.2500,7.1250,7.1250,5.3452,7900
1983-01-17,7.1250,7.1250,7.0000,7.0000,5.2515,4700
1983-01-18,7.0000,7.0000,6.8750,6.8750,5.1577,5700
1983-01-19,6.8750,7.0000,6.7500,6.7500,5.0639,14100
1983-01-20,6.7500,7.0000,6.7500,6.7500,5.0639,1200
1983-01-21,6.7500,7.0000,6.7500,6.7500,5.0639,4800
1983-01-24,6.7500,6.8750,6.7500,6.7500,5.0639,8100
1983-01-25,6.6250,6.6250,6.5000,6.5000,4.8764,21600
1983-01-26,6.5000,6.6250,6.3750,6.3750,4.7826,6000
1983-01-27,6.5000,6.7500,6.5000,6.5000,4.8764,8100
1983-01-28,6.6250,6.8750,6.6250,6.6250,4.9701,23600
1983-01-31,6.7500,6.8750,6.7500,6.7500,5.0639,15100
1983-02-01,6.7500,7.0000,6.7500,6.7500,5.0639,15600
1983-02-02,6.7500,6.8750,6.7500,6.7500,5.0639,14500
1983-02-03,6.7500,6.7500,6.5000,6.5000,4.8764,12500
1983-02-04,6.6250,6.7500,6.6250,6.6250,4.9701,21900
1983-02-07,6.7500,6.8750,6.7500,6.7500,5.0639,8000
1983-02-08,6.7500,6.7500,6.6250,6.6250,4.9701,15200
1983-02-09,6.8750,7.1250,6.8750,6.8750,5.1577,21000
1983-02-10,6.8750,7.1250,6.8750,6.8750,5.1577,17200
1983-02-11,6.8750,7.1250,6.8750,6.8750,5.1577,31900
1983-02-14,7.0000,7.1250,7.0000,7.0000,5.2515,50700
1983-02-15,7.0000,7.1250,6.8750,6.8750,5.1577,16800
1983-02-16,6.8750,7.0000,6.8750,6.8750,5.1577,13500
1983-02-17,6.8750,7.0000,6.8750,6.8750,5.1577,14100
1983-02-18,6.8750,7.0000,6.8750,6.8750,5.1577,8200
1983-02-22,6.7500,6.7500,6.5000,6.5000,4.8764,19600
1983-02-23,6.6250,6.7500,6.6250,6.6250,4.9701,34800
1983-02-24,6.7500,7.0000,6.7500,6.7500,5.0639,19100
1983-02-25,7.3750,7.5000,7.3750,7.3750,5.5328,35700
1983-02-28,7.2500,7.2500,7.1250,7.1250,5.3452,15200
1983-03-01,7.1250,7.1250,7.0000,7.0000,5.2515,16200
1983-03-02,7.0000,7.1250,7.0000,7.0000,5.2515,13700
1983-03-03,7.0000,7.2500,7.0000,7.0000,5.2515,34600
1983-03-04,7.1250,7.2500,7.1250,7.1250,5.3452,28200
1983-03-07,7.1250,7.2500,7.1250,7.1250,5.3452,17500
1983-03-08,7.1250,7.2500,7.1250,7.1250,5.3452,16200
1983-03-09,7.1250,7.2500,7.1250,7.1250,5.3452,24600
1983-03-10,7.1250,7.2500,7.1250,7.1250,5.3452,5900
1983-03-11,7.1250,7.1250,6.8750,6.8750,5.1577,20200
1983-03-14,6.8750,7.1250,6.8750,6.8750,5.1577,7600
1983-03-15,6.8750,6.8750,6.7500,6.7500,5.0639,5400
1983-03-16,6.7500,6.8750,6.7500,6.7500,5.0639,5000
1983-03-17,6.7500,6.8750,6.7500,6.7500,5.0639,800
1983-03-18,6.7500,6.8750,6.6250,6.6250,4.9701,5000
1983-03-21,6.6250,6.8750,6.6250,6.6250,4.9701,2000
1983-03-22,6.8750,7.0000,6.8750,6.8750,5.1577,14400
1983-03-23,6.8750,7.0000,6.8750,6.8750,5.1577,9600
1983-03-24,6.8750,7.0000,6.8750,6.8750,5.1577,9000
1983-03-25,6.8750,7.0000,6.8750,6.8750,5.1577,12500
1983-03-28,6.8750,7.0000,6.8750,6.8750,5.1577,26400
1983-03-29,6.8750,7.0000,6.7500,6.7500,5.0639,24400
1983-03-30,6.7500,7.0000,6.7500,6.7500,5.0639,15000
1983-03-31,6.8750,7.1250,6.8750,6.8750,5.1577,35500
1983-04-04,7.1250,7.3750,7.1250,7.1250,5.3452,15900
1983-04-05,7.1250,7.3750,7.1250,7.1250,5.3452,10700
1983-04-06,7.1250,7.3750,7.1250,7.1250,5.3452,25800
1983-04-07,7.3750,7.5000,7.3750,7.3750,5.5328,21400
1983-04-08,7.5000,7.7500,7.5000,7.5000,5.6266,21400
1983-04-11,7.5000,7.7500,7.5000,7.5000,5.6266,5900
1983-04-12,7.6250,7.8750,7.6250,7.6250,5.7203,18500
1983-04-13,8.2500,8.3750,8.2500,8.2500,6.1892,23000
1983-04-14,9.3750,9.5000,9.3750,9.3750,7.0332,29500
1983-04-15,9.5000,9.7500,9.5000,9.5000,7.1270,37500
1983-04-18,9.8750,10.1250,9.8750,9.8750,7.4083,25500
1983-04-19,10.8750,11.1250,10.8750,10.8750,8.1585,56200
1983-04-20,11.3750,11.5000,11.3750,11.3750,8.5336,34100
1983-04-21,11.0000,11.0000,10.8750,10.8750,8.1585,34400
1983-04-22,9.8750,9.8750,9.7500,9.7500,7.3145,88600
1983-04-25,10.1250,10.2500,10.1250,10.1250,7.5959,21200
1983-04-26,10.2500,10.5000,10.2500,10.2500,7.6896,12600
1983-04-27,10.2500,10.2500,10.0000,10.0000,7.5021,7100
1983-04-28,10.0000,10.0000,9.8750,9.8750,7.4083,17700
1983-04-29,10.3750,10.5000,10.3750,10.3750,7.7834,25800
1983-05-02,10.7500,11.0000,10.7500,10.7500,8.0647,14700
1983-05-03,10.5000,10.5000,10.2500,10.2500,7.6896,13500
1983-05-04,10.5000,10.7500,10.5000,10.5000,7.8772,9000
1983-05-05,10.5000,10.6250,10.3750,10.3750,7.7834,11800
1983-05-06,10.5000,10.6250,10.5000,10.5000,7.8772,15200
1983-05-09,10.5000,10.6250,10.2500,10.2500,7.6896,13700
1983-05-10,10.2500,10.2500,10.0000,10.0000,7.5021,27600
1983-05-11,10.1250,10.3750,10.1250,10.1250,7.5959,8400
1983-05-12,10.2500,10.5000,10.2500,10.2500,7.6896,9300
1983-05-13,10.3750,10.6250,10.3750,10.3750,7.7834,16900
1983-05-16,10.2500,10.2500,10.1250,10.1250,7.5959,10600
1983-05-17,10.3750,10.5000,10.3750,10.3750,7.7834,13300
1983-05-18,10.3750,10.5000,10.3750,10.3750,7.7834,7800
1983-05-19,10.8750,11.0000,10.8750,10.8750,8.1585,10900
1983-05-20,11.0000,11.2500,11.0000,11.0000,8.2523,21800
1983-05-23,11.0000,11.2500,11.0000,11.0000,8.2523,11300
1983-05-24,11.0000,11.2500,11.0000,11.0000,8.2523,6100
1983-05-25,11.0000,11.2500,11.0000,11.0000,8.2523,9100
1983-05-26,11.1250,11.2500,11.1250,11.1250,8.3461,1500
1983-05-27,11.2500,11.3750,11.2500,11.2500,8.4398,10700
1983-05-31,11.2500,11.3750,11.1250,11.1250,8.3461,4300
1983-06-01,11.2500,11.5000,11.2500,11.2500,8.4398,8600
1983-06-02,12.5000,12.7500,12.5000,12.5000,9.3776,42100
1983-06-03,13.1250,13.2500,13.1250,13.1250,9.8465,48900
1983-06-06,12.8750,12.8750,12.6250,12.6250,9.4714,6900
1983-06-07,12.8750,13.0000,12.8750,12.8750,9.6589,15700
1983-06-08,12.8750,12.8750,12.7500,12.7500,9.5652,7900
1983-06-09,14.1250,14.2500,14.1250,14.1250,10.5967,20600
1983-06-10,15.1250,15.5000,15.1250,15.1250,11.3469,19400
1983-06-13,17.1250,17.5000,17.1250,17.1250,12.8473,25500
1983-06-14,16.0000,16.0000,15.7500,15.7500,11.8158,24800
1983-06-15,15.6250,15.6250,15.2500,15.2500,11.4407,10400
1983-06-16,15.3750,15.6250,15.3750,15.3750,11.5345,8500
1983-06-17,15.3750,15.5000,15.3750,15.3750,11.5345,8200
1983-06-20,15.6250,15.8750,15.6250,15.6250,11.7220,23500
1983-06-21,15.6250,15.8750,15.6250,15.7500,11.8158,3900
1983-06-22,15.7500,15.8750,15.3750,15.7500,11.8158,33700
1983-06-23,15.7500,15.7500,14.7500,15.0000,11.2531,7800
1983-06-24,14.6250,14.6250,13.8750,13.8750,10.4091,3100
1983-06-27,13.8750,14.0000,13.5000,13.5000,10.1278,14600
1983-06-28,13.5000,13.7500,13.5000,13.6250,10.2216,13300
1983-06-29,13.6250,14.0000,13.3750,14.0000,10.5029,17900
1983-06-30,14.0000,15.0000,14.0000,15.0000,11.2531,10400
1983-07-01,14.5000,14.5000,13.6250,14.0000,10.5029,5300
1983-07-05,14.0000,14.0000,13.5000,13.8750,10.4091,2100
1983-07-06,13.8750,14.0000,13.5000,13.7500,10.3154,8600
1983-07-07,13.8750,14.8750,13.8750,14.8750,11.1594,11200
1983-07-08,14.8750,14.8750,14.5000,14.8750,11.1594,2300
1983-07-11,14.7500,14.7500,14.3750,14.7500,11.0656,11300
1983-07-12,14.5000,14.5000,14.3750,14.5000,10.8780,2200
1983-07-13,14.5000,14.7500,14.2500,14.3750,10.7843,4900
1983-07-14,14.3750,14.7500,14.3750,14.3750,10.7843,1800
1983-07-15,14.3750,14.7500,14.3750,14.3750,10.7843,4800
1983-07-18,14.3750,14.6250,14.1250,14.2500,10.6905,2400
1983-07-19,14.2500,14.5000,14.2500,14.2500,10.6905,3600
1983-07-20,14.2500,14.5000,14.2500,14.2500,10.6905,1200
1983-07-21,14.2500,14.3750,14.0000,14.0000,10.5029,6600
1983-07-22,14.1250,14.5000,14.1250,14.1250,10.5967,2700
1983-07-25,14.1250,14.3750,14.1250,14.1250,10.5967,18300
1983-07-26,14.1250,14.7500,14.1250,14.7500,11.0656,9400
1983-07-27,14.7500,15.0000,14.6250,14.8750,11.1594,3700
1983-07-28,14.8750,14.8750,14.5000,14.8750,11.1594,9800
1983-07-29,14.8750,15.0000,14.7500,14.7500,11.0656,1600
1983-08-01,14.7500,15.1250,14.6250,15.1250,11.3469,4400
1983-08-02,15.1250,15.2500,15.0000,15.2500,11.4407,4700
1983-08-03,15.2500,15.3750,15.0000,15.0000,11.2531,2500
1983-08-04,15.0000,15.5000,14.8750,14.8750,11.1594,5300
1983-08-05,14.8750,15.2500,14.7500,15.0000,11.2531,8200
1983-08-08,15.2500,15.6250,15.2500,15.6250,11.7220,15000
1983-08-09,15.6250,15.8750,15.3750,15.6250,11.7220,13700
1983-08-10,15.6250,16.2500,15.6250,16.2500,12.1909,25600
1983-08-11,16.2500,16.6250,16.0000,16.6250,12.4722,10300
1983-08-12,16.6250,17.5000,16.5000,17.0000,12.7536,10400
1983-08-15,17.0000,17.6250,16.8750,17.6250,13.2224,20200
1983-08-16,17.6250,17.6250,16.5000,16.5000,12.3784,12900
1983-08-17,16.5000,16.8750,16.5000,16.8750,12.6598,6100
1983-08-18,16.8750,17.3750,16.6250,17.0000,12.7536,45700
1983-08-19,17.0000,17.0000,16.5000,16.5000,12.3784,2500
1983-08-22,16.5000,17.0000,16.3750,16.3750,12.2847,3700
1983-08-23,16.3750,16.7500,16.3750,16.6250,12.4722,24900
1983-08-24,16.6250,16.6250,16.3750,16.3750,12.2847,19400
1983-08-25,16.3750,16.6250,16.3750,16.6250,12.4722,14600
1983-08-26,16.6250,16.6250,16.1250,16.3750,12.2847,36800
1983-08-29,16.3750,16.6250,15.0000,15.0000,11.2531,29900
1983-08-30,15.0000,15.2500,13.0000,13.7500,10.3154,37800
1983-08-31,13.7500,14.1250,13.2500,14.1250,10.5967,48100
1983-09-01,14.1250,14.5000,13.8750,14.2500,10.6905,17700
1983-09-02,14.2500,14.7500,14.1250,14.7500,11.0656,12300
1983-09-06,14.7500,15.2500,14.5000,15.2500,11.4407,16000
1983-09-07,15.2500,15.2500,15.0000,15.0000,11.2531,6800
1983-09-08,15.0000,15.6250,15.0000,15.6250,11.7220,18700
1983-09-09,15.6250,16.0000,15.3750,15.6250,11.7220,27600
1983-09-12,15.7500,16.2500,15.7500,15.7500,11.8158,16300
1983-09-13,15.7500,16.0000,15.0000,15.0000,11.2531,16500
1983-09-14,15.0000,15.2500,15.0000,15.2500,11.4407,22000
1983-09-15,15.2500,15.7500,15.2500,15.7500,11.8158,10600
1983-09-16,15.7500,17.0000,15.1250,17.0000,12.7536,11100
1983-09-19,17.0000,17.5000,16.0000,16.5000,12.3784,16100
1983-09-20,16.5000,16.5000,16.0000,16.2500,12.1909,6600
1983-09-21,16.3750,17.2500,16.3750,16.8750,12.6598,17500
1983-09-22,16.8750,17.0000,16.7500,17.0000,12.7536,13400
1983-09-23,17.0000,17.0000,16.6250,16.6250,12.4722,8500
1983-09-26,16.6250,16.7500,16.2500,16.5000,12.3784,4000
1983-09-27,16.2500,16.2500,16.2500,16.2500,12.1909,1800
1983-09-28,16.2500,16.5000,16.0000,16.0000,12.0033,5900
1983-09-29,16.0000,16.0000,15.6250,16.0000,12.0033,9500
1983-09-30,16.0000,16.0000,15.6250,15.6250,11.7220,1900
1983-10-03,15.6250,16.0000,15.6250,15.6250,11.7220,6400
1983-10-04,15.6250,15.8750,15.3750,15.3750,11.5345,6100
1983-10-05,15.2500,15.2500,14.8750,15.1250,11.3469,10400
1983-10-06,15.1250,15.1250,14.7500,14.7500,11.0656,3400
1983-10-07,14.7500,15.2500,14.7500,15.2500,11.4407,8600
1983-10-10,15.2500,15.3750,15.0000,15.1250,11.3469,1900
1983-10-11,15.1250,15.2500,13.7500,14.0000,10.5029,11100
1983-10-12,13.8750,13.8750,13.3750,13.6250,10.2216,12700
1983-10-13,13.6250,13.7500,13.3750,13.7500,10.3154,7800
1983-10-14,13.6250,13.6250,13.3750,13.3750,10.0340,5000
1983-10-17,13.5000,14.0000,13.5000,14.0000,10.5029,16000
1983-10-18,14.3750,15.2500,14.3750,14.6250,10.9718,21300
1983-10-19,14.6250,14.8750,14.5000,14.6250,10.9718,8700
1983-10-20,14.8750,16.3750,14.8750,16.2500,12.1909,29500
1983-10-21,16.2500,16.5000,16.2500,16.2500,12.1909,11600
1983-10-24,16.2500,16.5000,16.2500,16.5000,12.3784,24400
1983-10-25,16.7500,17.5000,16.7500,17.5000,13.1287,27900
1983-10-26,17.5000,18.0000,17.5000,18.0000,13.5038,25800
1983-10-27,18.0000,18.2500,16.6250,17.1250,12.8473,45400
1983-10-28,17.1250,17.2500,16.8750,17.2500,12.9411,13100
1983-10-31,17.2500,17.3750,16.7500,17.1250,12.8473,13100
1983-11-01,17.0000,17.0000,15.7500,16.1250,12.0971,15100
1983-11-02,16.1250,17.0000,15.5000,16.7500,12.5660,27800
1983-11-03,16.7500,16.7500,16.3750,16.6250,12.4722,13900
1983-11-04,16.6250,16.7500,16.3750,16.7500,12.5660,12800
1983-11-07,16.7500,16.7500,16.3750,16.3750,12.2847,3200
1983-11-08,16.5000,16.8750,16.5000,16.6250,12.4722,3100
1983-11-09,16.6250,17.1250,16.5000,17.0000,12.7536,20300
1983-11-10,17.1250,17.6250,17.1250,17.6250,13.2224,12400
1983-11-11,17.6250,18.0000,17.5000,18.0000,13.5038,30700
1983-11-14,18.0000,18.0000,17.6250,17.7500,13.3162,1900
1983-11-15,17.7500,17.7500,15.8750,16.0000,12.0033,29200
1983-11-16,16.0000,16.1250,15.8750,16.0000,12.0033,23600
1983-11-17,16.0000,16.1250,15.2500,15.5000,11.6282,10300
1983-11-18,15.5000,15.6250,15.2500,15.5000,11.6282,6700
1983-11-21,15.5000,15.5000,15.0000,15.0000,11.2531,7200
1983-11-22,14.7500,14.7500,14.1250,14.5000,10.8780,8600
1983-11-23,14.3750,14.3750,13.8750,13.8750,10.4091,11800
1983-11-25,13.8750,14.2500,13.8750,14.1250,10.5967,4400
1983-11-28,14.1250,14.2500,13.8750,14.0000,10.5029,12800
1983-11-29,14.2500,15.0000,14.2500,15.0000,11.2531,9200
1983-11-30,15.0000,15.5000,14.7500,15.5000,11.6282,18900
1983-12-01,15.5000,15.5000,15.0000,15.0000,11.2531,4300
1983-12-02,15.0000,15.2500,14.7500,15.0000,11.2531,3100
1983-12-05,15.0000,15.1250,14.6250,14.6250,10.9718,4300
1983-12-06,14.5000,14.5000,14.2500,14.5000,10.8780,4000
1983-12-07,14.5000,14.5000,14.0000,14.5000,10.8780,800
1983-12-08,14.1250,14.1250,13.7500,14.1250,10.5967,9100
1983-12-09,14.1250,14.1250,13.3750,13.8750,10.4091,10500
1983-12-12,13.7500,13.7500,13.5000,13.7500,10.3154,3700
1983-12-13,13.7500,13.7500,13.2500,13.5000,10.1278,20300
1983-12-14,13.5000,13.6250,13.2500,13.5000,10.1278,11600
1983-12-15,13.5000,13.5000,13.2500,13.3750,10.0340,2500
1983-12-16,13.3750,13.5000,13.2500,13.2500,9.9403,6100
1983-12-19,13.2500,13.5000,13.0000,13.5000,10.1278,15700
1983-12-20,13.5000,13.5000,13.1250,13.5000,10.1278,10600
1983-12-21,13.5000,13.5000,12.1250,12.5000,9.3776,12900
1983-12-22,12.5000,12.8750,12.2500,12.8750,9.6589,9600
1983-12-23,12.8750,12.8750,12.3750,12.7500,9.5652,3900
1983-12-27,12.7500,12.8750,12.6250,12.8750,9.6589,8800
1983-12-28,12.8750,12.8750,12.5000,12.6250,9.4714,2600
1983-12-29,12.6250,12.7500,12.3750,12.7500,9.5652,21300
1983-12-30,12.5000,12.5000,11.5000,11.8750,8.9087,20600
1984-01-03,11.8750,12.0000,11.6250,11.8750,8.9087,12900
1984-01-04,11.8750,11.8750,11.6250,11.8750,8.9087,7900
1984-01-05,11.8750,12.3750,11.5000,12.3750,9.2838,15700
1984-01-06,12.3750,12.3750,12.0000,12.3750,9.2838,6600
1984-01-09,12.3750,12.3750,12.0000,12.3750,9.2838,5000
1984-01-10,12.3750,12.5000,12.0000,12.3750,9.2838,8300
1984-01-11,12.6250,13.0000,12.6250,13.0000,9.7527,9100
1984-01-12,13.0000,13.0000,13.0000,13.0000,9.7527,2100
1984-01-13,13.0000,13.1250,12.7500,12.7500,9.5652,3000
1984-01-16,12.7500,12.7500,12.7500,12.7500,9.5652,0
1984-01-17,12.7500,13.0000,12.5000,12.5000,9.3776,23800
1984-01-18,12.5000,12.8750,12.5000,12.5000,9.3776,8100
1984-01-19,12.5000,12.8750,12.5000,12.8750,9.6589,500
1984-01-20,12.7500,12.7500,12.5000,12.5000,9.3776,4400
1984-01-23,12.5000,12.7500,12.3750,12.5000,9.3776,5400
1984-01-24,12.5000,12.5000,12.3750,12.5000,9.3776,4400
1984-01-25,12.5000,12.7500,12.3750,12.3750,9.2838,3000
1984-01-26,12.3750,12.6250,12.2500,12.2500,9.1901,2400
1984-01-27,12.2500,12.5000,12.1250,12.1250,9.0963,3600
1984-01-30,12.1250,12.3750,12.1250,12.1250,9.0963,3500
1984-01-31,12.1250,12.3750,12.1250,12.1250,9.0963,1800
1984-02-01,12.1250,12.5000,12.1250,12.5000,9.3776,20800
1984-02-02,12.5000,12.5000,12.0000,12.3750,9.2838,7100
1984-02-03,12.3750,12.5000,12.1250,12.1250,9.0963,2600
1984-02-06,12.1250,12.2500,11.8750,12.1250,9.0963,10500
1984-02-07,12.1250,12.2500,12.0000,12.2500,9.1901,2400
1984-02-08,12.2500,12.2500,11.7500,12.0000,9.0025,6100
1984-02-09,12.0000,12.0000,11.5000,11.8750,8.9087,6600
1984-02-10,11.8750,11.8750,11.3750,11.7500,8.8150,5000
1984-02-13,11.5000,11.5000,11.0000,11.2500,8.4398,9200
1984-02-14,11.0000,11.0000,10.2500,11.0000,8.2523,21300
1984-02-15,11.0000,11.2500,10.8750,11.1250,8.3461,5600
1984-02-16,11.1250,11.1250,10.7500,11.1250,8.3461,19500
1984-02-17,11.1250,11.1250,10.6250,11.0000,8.2523,13800
1984-02-21,10.8750,10.8750,10.6250,10.8750,8.1585,5600
1984-02-22,10.8750,10.8750,10.5000,10.7500,8.0647,7000
1984-02-23,10.7500,10.8750,10.3750,10.7500,8.0647,4300
1984-02-24,10.7500,11.0000,10.6250,10.7500,8.0647,7800
1984-02-27,10.7500,10.8750,10.5000,10.7500,8.0647,7100
1984-02-28,10.7500,10.8750,10.5000,10.7500,8.0647,15300
1984-02-29,10.7500,10.7500,10.5000,10.7500,8.0647,16500
1984-03-01,10.7500,11.0000,10.6250,11.0000,8.2523,8400
1984-03-02,11.0000,11.1250,10.7500,11.0000,8.2523,4900
1984-03-05,11.0000,11.1250,10.7500,10.7500,8.0647,3500
1984-03-06,10.7500,11.0000,10.7500,10.7500,8.0647,6900
1984-03-07,10.7500,11.0000,10.7500,11.0000,8.2523,5700
1984-03-08,11.0000,11.0000,10.7500,10.7500,8.0647,4100
1984-03-09,10.7500,11.0000,10.7500,10.7500,8.0647,13500
1984-03-12,10.7500,11.0000,10.7500,11.0000,8.2523,2400
1984-03-13,11.0000,11.0000,10.7500,10.7500,8.0647,2000
1984-03-14,10.7500,11.0000,10.7500,11.0000,8.2523,1700
1984-03-15,11.0000,11.0000,10.7500,10.7500,8.0647,2300
1984-03-16,10.7500,11.0000,10.6250,10.6250,7.9710,2700
1984-03-19,10.6250,11.0000,10.6250,11.0000,8.2523,1100
1984-03-20,10.7500,10.7500,10.6250,10.7500,8.0647,900
1984-03-21,10.7500,11.0000,10.6250,11.0000,8.2523,18500
1984-03-22,10.7500,10.7500,10.5000,10.7500,8.0647,600
1984-03-23,10.7500,10.8750,10.5000,10.5000,7.8772,1400
1984-03-26,10.5000,10.7500,10.5000,10.7500,8.0647,900
1984-03-27,10.7500,10.8750,10.3750,10.5000,7.8772,2800
1984-03-28,10.5000,10.7500,10.5000,10.5000,7.8772,6600
1984-03-29,10.5000,10.7500,10.3750,10.3750,7.7834,1100
1984-03-30,10.3750,10.6250,10.3750,10.6250,7.9710,2700
1984-04-02,10.6250,10.6250,10.3750,10.3750,7.7834,1000
1984-04-03,10.3750,10.6250,10.3750,10.6250,7.9710,800
1984-04-04,10.6250,10.6250,10.6250,10.6250,7.9710,300
1984-04-05,10.5000,10.5000,10.3750,10.5000,7.8772,1500
1984-04-06,10.5000,10.5000,9.7500,10.0000,7.5021,14700
1984-04-09,10.0000,10.0000,9.6250,9.8750,7.4083,9600
1984-04-10,9.8750,9.8750,9.3750,9.5000,7.1270,24100
1984-04-11,9.5000,9.5000,9.1250,9.3750,7.0332,8100
1984-04-12,9.3750,9.3750,8.8750,9.3750,7.0332,6300
1984-04-13,9.3750,9.3750,8.8750,9.3750,7.0332,9400
1984-04-16,9.2500,9.2500,8.8750,9.0000,6.7519,3500
1984-04-17,9.0000,9.0000,8.7500,9.0000,6.7519,9500
1984-04-18,9.0000,9.2500,8.8750,9.0000,6.7519,5600
1984-04-19,9.0000,9.2500,8.7500,9.0000,6.7519,2700
1984-04-23,9.0000,9.0000,8.7500,8.7500,6.5643,9000
1984-04-24,8.7500,8.7500,8.3750,8.7500,6.5643,12100
1984-04-25,8.7500,8.7500,8.2500,8.7500,6.5643,34100
1984-04-26,8.7500,8.8750,8.6250,8.8750,6.6581,12700
1984-04-27,8.8750,8.8750,8.6250,8.8750,6.6581,3100
1984-04-30,8.8750,8.8750,8.6250,8.8750,6.6581,6700
1984-05-01,8.8750,8.8750,8.6250,8.8750,6.6581,1600
1984-05-02,8.8750,9.0000,8.6250,9.0000,6.7519,5200
1984-05-03,9.0000,9.0000,8.6250,9.0000,6.7519,13500
1984-05-04,9.0000,9.1250,8.8750,9.1250,6.8457,2300
1984-05-07,9.1250,9.1250,8.8750,8.8750,6.6581,5900
1984-05-08,8.8750,9.1250,8.8750,8.8750,6.6581,3100
1984-05-09,8.8750,9.1250,8.8750,9.1250,6.8457,2400
1984-05-10,9.1250,9.2500,8.8750,9.2500,6.9394,700
1984-05-11,9.2500,9.2500,8.8750,9.2500,6.9394,3100
1984-05-14,8.8750,8.8750,8.8750,8.8750,6.6581,500
1984-05-15,8.8750,9.2500,8.8750,9.2500,6.9394,2500
1984-05-16,9.2500,9.2500,8.8750,9.2500,6.9394,5400
1984-05-17,9.2500,9.6250,9.2500,9.3750,7.0332,14500
1984-05-18,9.3750,9.6250,9.2500,9.5000,7.1270,8200
1984-05-21,9.5000,9.5000,9.1250,9.5000,7.1270,3600
1984-05-22,9.5000,9.5000,9.1250,9.1250,6.8457,600
1984-05-23,9.1250,9.5000,9.0000,9.5000,7.1270,1300
1984-05-24,9.5000,9.5000,9.1250,9.3750,7.0332,1900
1984-05-25,9.3750,9.5000,9.1250,9.5000,7.1270,2200
1984-05-29,9.5000,9.5000,9.1250,9.5000,7.1270,400
1984-05-30,9.5000,9.5000,9.5000,9.5000,7.1270,0
1984-05-31,9.5000,9.5000,9.1250,9.1250,6.8457,3700
1984-06-01,9.1250,9.3750,9.0000,9.2500,6.9394,2700
1984-06-04,9.2500,9.5000,9.2500,9.2500,6.9394,300
1984-06-05,9.2500,9.5000,9.0000,9.0000,6.7519,2000
1984-06-06,9.2500,9.7500,9.2500,9.6250,7.2208,19000
1984-06-07,9.6250,9.6250,9.3750,9.6250,7.2208,2500
1984-06-08,9.6250,9.6250,9.3750,9.3750,7.0332,6000
1984-06-11,9.3750,9.6250,9.3750,9.3750,7.0332,600
1984-06-12,9.3750,9.6250,9.3750,9.3750,7.0332,200
1984-06-13,9.5000,9.5000,9.5000,9.5000,7.1270,2300
1984-06-14,9.3750,9.3750,9.3750,9.3750,7.0332,100
1984-06-15,9.3750,9.6250,9.3750,9.6250,7.2208,1700
1984-06-18,9.6250,9.6250,9.1250,9.5000,7.1270,6900
1984-06-19,9.5000,9.5000,9.2500,9.5000,7.1270,12600
1984-06-20,9.5000,9.5000,9.1250,9.3750,7.0332,4100
1984-06-21,9.2500,9.2500,9.1250,9.2500,6.9394,8400
1984-06-22,9.2500,9.5000,9.2500,9.3750,7.0332,12900
1984-06-25,9.3750,9.5000,9.3750,9.3750,7.0332,1300
1984-06-26,9.3750,9.5000,9.3750,9.3750,7.0332,3700
1984-06-27,9.3750,9.5000,9.3750,9.5000,7.1270,4600
1984-06-28,9.5000,9.5000,9.3750,9.3750,7.0332,4000
1984-06-29,9.3750,9.5000,9.3750,9.3750,7.0332,2100
1984-07-02,9.3750,9.5000,9.1250,9.2500,6.9394,3600
1984-07-03,9.2500,9.3750,9.1250,9.3750,7.0332,6300
1984-07-05,9.3750,9.3750,9.1250,9.3750,7.0332,1500
1984-07-06,9.3750,9.3750,9.1250,9.3750,7.0332,6300
1984-07-09,9.3750,9.3750,9.1250,9.3750,7.0332,3800
1984-07-10,9.3750,9.3750,9.1250,9.3750,7.0332,1900
1984-07-11,9.2500,9.2500,9.1250,9.2500,6.9394,6600
1984-07-12,9.2500,9.2500,9.1250,9.2500,6.9394,4500
1984-07-13,9.2500,9.3750,9.1250,9.3750,7.0332,3400
1984-07-16,9.3750,9.3750,9.1250,9.3750,7.0332,15500
1984-07-17,9.2500,9.2500,9.2500,9.2500,6.9394,8800
1984-07-18,9.2500,9.5000,9.2500,9.2500,6.9394,2300
1984-07-19,9.2500,9.5000,9.2500,9.2500,6.9394,3400
1984-07-20,9.2500,9.5000,9.1250,9.5000,7.1270,6600
1984-07-23,9.5000,9.5000,9.2500,9.5000,7.1270,6100
1984-07-24,9.5000,9.5000,9.2500,9.5000,7.1270,2300
1984-07-25,9.5000,9.5000,9.1250,9.3750,7.0332,11900
1984-07-26,9.3750,9.3750,9.2500,9.3750,7.0332,5900
1984-07-27,9.3750,9.5000,9.2500,9.5000,7.1270,7300
1984-07-30,9.5000,9.5000,9.2500,9.5000,7.1270,4100
1984-07-31,9.5000,9.5000,9.2500,9.5000,7.1270,27400
1984-08-01,9.5000,9.5000,9.3750,9.5000,7.1270,23800
1984-08-02,9.5000,10.0000,9.3750,10.0000,7.5021,25400
1984-08-03,10.0000,10.2500,10.0000,10.2500,7.6896,8200
1984-08-06,10.2500,10.3750,10.2500,10.2500,7.6896,5700
1984-08-07,10.2500,10.5000,10.1250,10.2500,7.6896,9000
1984-08-08,10.2500,10.3750,10.1250,10.2500,7.6896,9000
1984-08-09,10.2500,11.5000,10.1250,10.5000,7.8772,34400
1984-08-10,11.3750,11.8750,11.3750,11.7500,8.8150,12400
1984-08-13,11.7500,12.7500,11.7500,12.6250,9.4714,22800
1984-08-14,12.6250,13.3750,12.5000,12.5000,9.3776,46900
1984-08-15,12.5000,12.6250,11.8750,12.2500,9.1901,16000
1984-08-16,12.2500,12.6250,12.1250,12.6250,9.4714,11500
1984-08-17,12.6250,12.6250,12.3750,12.6250,9.4714,12200
1984-08-20,12.2500,12.2500,12.1250,12.1250,9.0963,2300
1984-08-21,12.1250,12.2500,11.5000,11.5000,8.6274,12100
1984-08-22,11.5000,11.7500,11.3750,11.6250,8.7212,3600
1984-08-23,11.6250,11.7500,11.5000,11.7500,8.8150,8900
1984-08-24,11.7500,12.1250,11.6250,12.0000,9.0025,12300
1984-08-27,12.0000,12.1250,11.8750,11.8750,8.9087,6600
1984-08-28,11.8750,11.8750,11.5000,11.8750,8.9087,10000
1984-08-29,11.8750,11.8750,11.5000,11.8750,8.9087,12800
1984-08-30,11.8750,12.2500,11.6250,12.0000,9.0025,23200
1984-08-31,12.0000,12.2500,12.0000,12.1250,9.0963,11000
1984-09-04,12.1250,12.3750,12.0000,12.1250,9.0963,12800
1984-09-05,12.1250,12.2500,11.8750,12.1250,9.0963,6800
1984-09-06,11.8750,11.8750,11.8750,11.8750,8.9087,11500
1984-09-07,11.8750,12.1250,11.8750,12.1250,9.0963,12300
1984-09-10,12.1250,12.1250,11.8750,12.1250,9.0963,800
1984-09-11,12.1250,12.2500,11.8750,12.2500,9.1901,18400
1984-09-12,12.2500,12.2500,11.8750,11.8750,8.9087,7500
1984-09-13,11.8750,12.0000,11.8750,12.0000,9.0025,10900
1984-09-14,12.0000,12.2500,11.8750,12.1250,9.0963,9400
1984-09-17,11.8750,11.8750,11.7500,11.7500,8.8150,9000
1984-09-18,11.7500,12.1250,11.7500,11.7500,8.8150,5100
1984-09-19,11.7500,11.7500,11.7500,11.7500,8.8150,1000
1984-09-20,11.7500,11.7500,11.2500,11.5000,8.6274,7500
1984-09-21,11.2500,11.2500,10.8750,10.8750,8.1585,1900
1984-09-24,10.8750,10.8750,10.7500,10.8750,8.1585,6900
1984-09-25,10.8750,11.2500,10.8750,11.2500,8.4398,8300
1984-09-26,11.2500,11.2500,11.1250,11.2500,8.4398,5500
1984-09-27,11.2500,11.3750,11.1250,11.3750,8.5336,2500
1984-09-28,11.3750,11.3750,11.1250,11.3750,8.5336,5100
1984-10-01,11.5000,11.7500,11.5000,11.7500,8.8150,20900
1984-10-02,11.7500,11.7500,11.5000,11.6250,8.7212,11400
1984-10-03,11.6250,11.6250,11.3750,11.6250,8.7212,2700
1984-10-04,11.6250,11.6250,11.1250,11.5000,8.6274,5100
1984-10-05,11.5000,11.5000,11.1250,11.5000,8.6274,7600
1984-10-08,11.1250,11.1250,11.1250,11.1250,8.3461,7500
1984-10-09,11.1250,11.2500,10.8750,11.0000,8.2523,8300
1984-10-10,11.0000,11.1250,10.7500,10.7500,8.0647,8300
1984-10-11,10.7500,11.0000,10.7500,10.7500,8.0647,14100
1984-10-12,10.7500,10.8750,10.7500,10.8750,8.1585,1900
1984-10-15,10.8750,10.8750,10.7500,10.8750,8.1585,3300
1984-10-16,10.8750,10.8750,10.3750,10.7500,8.0647,11300
1984-10-17,10.5000,10.5000,10.2500,10.3750,7.7834,3800
1984-10-18,10.3750,10.5000,10.2500,10.5000,7.8772,4000
1984-10-19,10.3750,10.3750,9.5000,9.7500,7.3145,13700
1984-10-22,9.7500,9.7500,8.7500,9.1250,6.8457,11800
1984-10-23,9.0000,9.0000,8.2500,8.6250,6.4705,11600
1984-10-24,8.6250,8.7500,8.0000,8.7500,6.5643,31100
1984-10-25,8.7500,9.0000,8.5000,9.0000,6.7519,8700
1984-10-26,9.0000,9.0000,8.6250,8.8750,6.6581,3200
1984-10-29,8.8750,8.8750,8.6250,8.7500,6.5643,7800
1984-10-30,8.7500,8.8750,8.5000,8.8750,6.6581,9900
1984-10-31,8.8750,8.8750,8.6250,8.8750,6.6581,5700
1984-11-01,8.8750,9.1250,8.6250,9.1250,6.8457,7500
1984-11-02,9.1250,9.1250,8.8750,9.1250,6.8457,9100
1984-11-05,9.1250,9.1250,8.8750,9.1250,6.8457,3800
1984-11-06,9.1250,9.1250,8.8750,9.1250,6.8457,900
1984-11-07,9.1250,9.1250,8.8750,9.1250,6.8457,4900
1984-11-08,9.1250,9.1250,8.8750,9.0000,6.7519,6400
1984-11-09,9.0000,9.1250,8.8750,9.0000,6.7519,5000
1984-11-12,9.0000,9.1250,8.8750,9.1250,6.8457,11000
1984-11-13,9.1250,9.1250,8.8750,9.1250,6.8457,6500
1984-11-14,9.1250,9.1250,8.8750,9.1250,6.8457,6100
1984-11-15,9.1250,9.1250,8.8750,9.1250,6.8457,3800
1984-11-16,9.1250,9.1250,8.8750,9.1250,6.8457,7600
1984-11-19,9.0000,9.0000,8.8750,9.0000,6.7519,3600
1984-11-20,9.0000,9.0000,8.8750,9.0000,6.7519,11500
1984-11-21,9.0000,9.1250,8.8750,9.1250,6.8457,4500
1984-11-23,9.1250,9.1250,9.0000,9.1250,6.8457,6200
1984-11-26,9.1250,9.2500,9.0000,9.0000,6.7519,10300
1984-11-27,9.0000,9.0000,8.6250,9.0000,6.7519,9200
1984-11-28,8.8750,8.8750,8.6250,8.8750,6.6581,2100
1984-11-29,8.8750,8.8750,8.6250,8.8750,6.6581,8500
1984-11-30,8.8750,8.8750,8.5000,8.8750,6.6581,9900
1984-12-03,8.8750,8.8750,8.5000,8.8750,6.6581,9100
1984-12-04,8.8750,8.8750,8.6250,8.8750,6.6581,7200
1984-12-05,8.8750,8.8750,8.7500,8.8750,6.6581,1500
1984-12-06,8.8750,8.8750,8.6250,8.8750,6.6581,10700
1984-12-07,8.8750,9.0000,8.6250,9.0000,6.7519,12700
1984-12-10,9.0000,9.0000,8.7500,9.0000,6.7519,15600
1984-12-11,9.0000,9.0000,8.7500,9.0000,6.7519,7500
1984-12-12,8.8750,8.8750,8.6250,8.8750,6.6581,7200
1984-12-13,8.8750,8.8750,8.5000,8.8750,6.6581,3500
1984-12-14,8.8750,8.8750,8.6250,8.8750,6.6581,2100
1984-12-17,8.8750,8.8750,8.6250,8.8750,6.6581,8600
1984-12-18,8.8750,8.8750,8.6250,8.8750,6.6581,2100
1984-12-19,8.8750,8.8750,8.2500,8.6250,6.4705,12700
1984-12-20,8.6250,8.6250,8.1250,8.5000,6.3768,9800
1984-12-21,8.1250,8.1250,7.7500,8.0000,6.0017,18700
1984-12-24,8.0000,8.3750,7.7500,8.3750,6.2830,24600
1984-12-26,8.3750,8.3750,8.1250,8.3750,6.2830,3600
1984-12-27,8.2500,8.2500,8.0000,8.2500,6.1892,17800
1984-12-28,8.2500,8.2500,7.7500,8.1250,6.0954,27800
1984-12-31,8.0000,8.0000,7.3750,7.7500,5.8141,18600
1985-01-02,7.6250,7.6250,7.3750,7.6250,5.7203,7700
1985-01-03,7.5000,7.5000,5.8750,6.2500,4.6888,34100
1985-01-04,6.2500,6.7500,5.5000,6.7500,5.0639,266700
1985-01-07,6.7500,7.2500,6.6250,6.7500,5.0639,31600
1985-01-08,6.6250,6.6250,6.1250,6.3750,4.7826,11300
1985-01-09,6.3750,6.3750,6.1250,6.3750,4.7826,37400
1985-01-10,6.2500,6.2500,5.8750,6.1250,4.5950,18200
1985-01-11,6.1250,6.2500,6.0000,6.2500,4.6888,29500
1985-01-14,6.2500,6.2500,6.0000,6.1250,4.5950,6900
1985-01-15,6.1250,6.3750,6.0000,6.3750,4.7826,10700
1985-01-16,6.3750,6.5000,6.2500,6.2500,4.6888,1200
1985-01-17,6.2500,6.5000,6.2500,6.5000,4.8764,6400
1985-01-18,6.5000,6.7500,6.3750,6.7500,5.0639,25000
1985-01-21,6.7500,7.1250,6.6250,6.8750,5.1577,14100
1985-01-22,6.8750,7.1250,6.8750,7.0000,5.2515,22000
1985-01-23,7.0000,7.0000,6.7500,7.0000,5.2515,17800
1985-01-24,7.0000,7.0000,6.7500,6.8750,5.1577,8300
1985-01-25,6.8750,7.0000,6.6250,7.0000,5.2515,8400
1985-01-28,7.0000,7.0000,6.6250,6.6250,4.9701,8500
1985-01-29,6.6250,6.7500,6.5000,6.6250,4.9701,6600
1985-01-30,6.6250,6.6250,6.1250,6.3750,4.7826,16100
1985-01-31,6.3750,6.5000,6.3750,6.5000,4.8764,6300
1985-02-01,6.5000,6.5000,6.1250,6.5000,4.8764,66300
1985-02-04,6.5000,6.5000,6.2500,6.5000,4.8764,6200
1985-02-05,6.5000,6.5000,6.2500,6.3750,4.7826,3400
1985-02-06,6.3750,6.5000,6.2500,6.5000,4.8764,11900
1985-02-07,6.5000,6.5000,6.2500,6.5000,4.8764,3400
1985-02-08,6.5000,6.5000,6.2500,6.3750,4.7826,9400
1985-02-11,6.3750,6.3750,6.1250,6.3750,4.7826,7100
1985-02-12,6.3750,6.3750,6.3750,6.3750,4.7826,200
1985-02-13,6.3750,6.3750,6.1250,6.3750,4.7826,1200
1985-02-14,6.3750,6.3750,6.2500,6.3750,4.7826,13200
1985-02-15,6.3750,6.3750,6.2500,6.3750,4.7826,4300
1985-02-19,6.3750,6.3750,6.2500,6.3750,4.7826,15600
1985-02-20,6.3750,6.7500,6.2500,6.6250,4.9701,19200
1985-02-21,6.6250,6.8750,6.6250,6.8750,5.1577,15200
1985-02-22,6.8750,6.8750,6.6250,6.8750,5.1577,7700
1985-02-25,6.7500,6.7500,6.6250,6.7500,5.0639,10900
1985-02-26,6.7500,6.7500,6.6250,6.7500,5.0639,9800
1985-02-27,6.6250,6.6250,6.5000,6.6250,4.9701,15700
1985-02-28,6.6250,6.6250,6.3750,6.6250,4.9701,2800
1985-03-01,6.6250,6.8750,6.6250,6.8750,5.1577,16500
1985-03-04,6.8750,6.8750,6.6250,6.8750,5.1577,1200
1985-03-05,6.8750,7.0000,6.7500,7.0000,5.2515,700
1985-03-06,7.0000,7.0000,6.6250,7.0000,5.2515,3700
1985-03-07,7.0000,7.0000,6.6250,7.0000,5.2515,2700
1985-03-08,6.8750,6.8750,6.7500,6.8750,5.1577,13300
1985-03-11,6.8750,6.8750,6.6250,6.7500,5.0639,4700
1985-03-12,6.7500,6.7500,6.5000,6.7500,5.0639,4100
1985-03-13,6.7500,6.7500,6.5000,6.7500,5.0639,15500
1985-03-14,6.6250,6.6250,6.5000,6.6250,4.9701,3100
1985-03-15,6.6250,6.6250,6.5000,6.6250,4.9701,4500
1985-03-18,6.5000,6.5000,6.2500,6.5000,4.8764,14700
1985-03-19,6.3750,6.3750,6.2500,6.3750,4.7826,12600
1985-03-20,6.3750,6.3750,6.1250,6.3750,4.7826,3000
1985-03-21,6.2500,6.2500,6.1250,6.2500,4.6888,5900
1985-03-22,6.2500,6.2500,6.0000,6.2500,4.6888,18700
1985-03-25,6.2500,6.2500,5.8750,6.0000,4.5013,5300
1985-03-26,6.0000,6.1250,5.7500,6.1250,4.5950,6400
1985-03-27,6.1250,6.1250,5.7500,6.0000,4.5013,7400
1985-03-28,6.0000,6.1250,5.8750,6.1250,4.5950,5600
1985-03-29,6.1250,6.1250,6.0000,6.1250,4.5950,2300
1985-04-01,6.1250,6.1250,5.8750,6.1250,4.5950,3700
1985-04-02,6.0000,6.0000,5.7500,6.0000,4.5013,5100
1985-04-03,6.0000,6.0000,5.5000,5.7500,4.3137,16700
1985-04-04,5.7500,5.7500,5.3750,5.5000,4.1261,18500
1985-04-08,5.5000,5.6250,5.1250,5.6250,4.2199,37700
1985-04-09,5.6250,5.6250,5.3750,5.6250,4.2199,24700
1985-04-10,5.6250,6.0000,5.6250,6.0000,4.5013,12900
1985-04-11,6.0000,6.0000,5.7500,6.0000,4.5013,5500
1985-04-12,6.0000,6.0000,5.7500,6.0000,4.5013,4800
1985-04-15,5.8750,5.8750,5.6250,5.8750,4.4075,5300
1985-04-16,5.8750,6.0000,5.6250,6.0000,4.5013,3000
1985-04-17,6.0000,6.0000,5.7500,6.0000,4.5013,3700
1985-04-18,6.0000,6.0000,5.6250,6.0000,4.5013,1500
1985-04-19,5.8750,5.8750,5.6250,5.8750,4.4075,1500
1985-04-22,5.8750,6.0000,5.6250,5.8750,4.4075,1000
1985-04-23,5.8750,5.8750,5.6250,5.8750,4.4075,5400
1985-04-24,5.8750,5.8750,5.6250,5.6250,4.2199,6200
1985-04-25,5.6250,5.7500,5.6250,5.6250,4.2199,4300
1985-04-26,5.6250,5.8750,5.6250,5.8750,4.4075,10600
1985-04-29,5.7500,5.7500,5.6250,5.6250,4.2199,6900
1985-04-30,5.8750,6.1250,5.8750,5.8750,4.4075,8300
1985-05-01,5.8750,6.0000,5.8750,6.0000,4.5013,5200
1985-05-02,6.0000,6.0000,5.8750,6.0000,4.5013,7200
1985-05-03,6.0000,6.0000,5.8750,6.0000,4.5013,3900
1985-05-06,6.0000,6.0000,5.8750,6.0000,4.5013,2200
1985-05-07,6.0000,6.0000,5.8750,6.0000,4.5013,2000
1985-05-08,6.0000,6.0000,5.8750,6.0000,4.5013,1900
1985-05-09,6.0000,6.0000,5.8750,6.0000,4.5013,6600
1985-05-10,6.0000,6.0000,5.8750,6.0000,4.5013,5900
1985-05-13,6.0000,6.0000,5.8750,5.8750,4.4075,4600
1985-05-14,5.8750,6.1250,5.8750,5.8750,4.4075,7200
1985-05-15,5.8750,6.0000,5.7500,5.7500,4.3137,8200
1985-05-16,5.7500,5.8750,5.6250,5.6250,4.2199,2800
1985-05-17,5.7500,6.0000,5.7500,6.0000,4.5013,3300
1985-05-20,6.0000,6.0000,5.7500,5.8750,4.4075,10300
1985-05-21,5.8750,6.0000,5.6250,5.7500,4.3137,12900
1985-05-22,5.7500,5.7500,5.6250,5.6250,4.2199,3400
1985-05-23,5.6250,5.7500,5.6250,5.6250,4.2199,200
1985-05-24,5.6250,5.6250,5.3750,5.6250,4.2199,4800
1985-05-28,5.6250,5.6250,5.5000,5.6250,4.2199,18200
1985-05-29,5.6250,5.6250,5.3750,5.5000,4.1261,7400
1985-05-30,5.5000,5.6250,5.3750,5.6250,4.2199,12400
1985-05-31,5.6250,5.6250,5.5000,5.6250,4.2199,10000
1985-06-03,5.6250,5.6250,5.3750,5.6250,4.2199,19400
1985-06-04,5.6250,5.6250,5.3750,5.5000,4.1261,29500
1985-06-05,5.5000,5.6250,5.3750,5.5000,4.1261,9500
1985-06-06,5.5000,5.5000,5.3750,5.5000,4.1261,5700
1985-06-07,5.5000,5.5000,5.3750,5.5000,4.1261,27600
1985-06-10,5.5000,5.5000,5.2500,5.5000,4.1261,11000
1985-06-11,5.3750,5.3750,5.1250,5.3750,4.0324,23100
1985-06-12,5.1250,5.1250,4.6250,4.7500,3.5635,17000
1985-06-13,4.7500,4.8750,4.2500,4.5000,3.3759,18900
1985-06-14,4.5000,4.7500,4.2500,4.7500,3.5635,26400
1985-06-17,4.7500,4.8750,4.6250,4.7500,3.5635,12000
1985-06-18,4.7500,4.7500,4.5000,4.7500,3.5635,4600
1985-06-19,4.7500,4.7500,4.2500,4.6250,3.4697,21300
1985-06-20,4.6250,4.7500,4.3750,4.7500,3.5635,26600
1985-06-21,4.7500,4.8750,4.6250,4.8750,3.6573,12600
1985-06-24,4.8750,4.8750,4.6250,4.8750,3.6573,14300
1985-06-25,4.8750,5.2500,4.7500,5.1250,3.8448,56300
1985-06-26,5.1250,5.3750,4.8750,5.3750,4.0324,8500
1985-06-27,5.3750,5.3750,5.2500,5.3750,4.0324,29600
1985-06-28,5.3750,5.3750,5.2500,5.2500,3.9386,3900
1985-07-01,5.2500,5.3750,5.2500,5.3750,4.0324,3000
1985-07-02,5.2500,5.2500,5.0000,5.2500,3.9386,36400
1985-07-03,5.2500,5.2500,5.2500,5.2500,3.9386,1200
1985-07-05,5.1250,5.1250,5.0000,5.1250,3.8448,12800
1985-07-08,5.1250,5.1250,5.0000,5.1250,3.8448,2200
1985-07-09,5.0000,5.0000,4.8750,5.0000,3.7510,11600
1985-07-10,5.0000,5.0000,4.8750,5.0000,3.7510,9200
1985-07-11,5.0000,5.0000,4.8750,5.0000,3.7510,14100
1985-07-12,5.0000,5.0000,4.6250,4.8750,3.6573,19200
1985-07-15,4.8750,5.0000,4.7500,4.8750,3.6573,24200
1985-07-16,4.8750,5.0000,4.7500,4.8750,3.6573,4200
1985-07-17,4.8750,5.0000,4.7500,5.0000,3.7510,8600
1985-07-18,5.0000,5.0000,4.8750,5.0000,3.7510,3000
1985-07-19,5.0000,5.0000,4.8750,5.0000,3.7510,7200
1985-07-22,5.0000,5.0000,4.7500,5.0000,3.7510,6500
1985-07-23,5.0000,5.0000,4.7500,5.0000,3.7510,28000
1985-07-24,5.0000,5.0000,4.7500,5.0000,3.7510,8200
1985-07-25,4.8750,4.8750,4.8750,4.8750,3.6573,200
1985-07-26,4.8750,5.0000,4.7500,5.0000,3.7510,13700
1985-07-29,5.0000,5.0000,4.8750,5.0000,3.7510,9400
1985-07-30,5.0000,5.0000,5.0000,5.0000,3.7510,1000
1985-07-31,5.0000,5.0000,4.8750,5.0000,3.7510,8900
1985-08-01,5.0000,5.0000,4.8750,5.0000,3.7510,5000
1985-08-02,5.0000,5.0000,4.8750,5.0000,3.7510,2200
1985-08-05,5.0000,5.1250,4.7500,5.0000,3.7510,16000
1985-08-06,5.0000,5.1250,4.8750,5.0000,3.7510,60500
1985-08-07,5.0000,5.0000,4.7500,5.0000,3.7510,37400
1985-08-08,5.0000,5.0000,4.7500,5.0000,3.7510,1200
1985-08-09,4.8750,4.8750,4.6250,4.8750,3.6573,6300
1985-08-12,4.8750,4.8750,4.6250,4.8750,3.6573,200
1985-08-13,4.8750,4.8750,4.5000,4.7500,3.5635,10600
1985-08-14,4.6250,4.6250,4.3750,4.6250,3.4697,9400
1985-08-15,4.6250,4.6250,4.2500,4.6250,3.4697,1500
1985-08-16,4.6250,4.6250,4.2500,4.6250,3.4697,400
1985-08-19,4.6250,4.6250,4.3750,4.5000,3.3759,4400
1985-08-20,4.5000,4.5000,4.2500,4.3750,3.2822,6500
1985-08-21,4.3750,4.3750,4.1250,4.3750,3.2822,10700
1985-08-22,4.2500,4.2500,3.8750,4.2500,3.1884,17900
1985-08-23,4.1250,4.1250,3.8750,4.1250,3.0946,8100
1985-08-26,4.0000,4.0000,3.2500,3.8750,2.9071,17800
1985-08-27,3.5000,3.5000,3.1250,3.3750,2.5320,28500
1985-08-28,3.3750,3.6250,3.2500,3.5000,2.6257,19600
1985-08-29,3.5000,3.5000,3.3750,3.5000,2.6257,24800
1985-08-30,3.5000,3.5000,3.3750,3.5000,2.6257,39500
1985-09-03,3.5000,3.5000,3.2500,3.5000,2.6257,20600
1985-09-04,3.5000,3.5000,3.3750,3.5000,2.6257,8500
1985-09-05,3.5000,3.5000,3.2500,3.5000,2.6257,11600
1985-09-06,3.5000,3.5000,3.3750,3.5000,2.6257,11900
1985-09-09,3.5000,3.5000,3.3750,3.5000,2.6257,19200
1985-09-10,3.5000,3.5000,3.3750,3.5000,2.6257,16300
1985-09-11,3.5000,3.6250,3.3750,3.6250,2.7195,15500
1985-09-12,3.6250,3.7500,3.5000,3.7500,2.8133,19200
1985-09-13,3.7500,3.7500,3.6250,3.7500,2.8133,11500
1985-09-16,3.7500,3.7500,3.5000,3.7500,2.8133,2100
1985-09-17,3.7500,3.7500,3.5000,3.7500,2.8133,6100
1985-09-18,3.6250,3.6250,3.5000,3.5000,2.6257,8800
1985-09-19,3.5000,3.6250,3.5000,3.6250,2.7195,10700
1985-09-20,3.6250,3.6250,3.5000,3.6250,2.7195,7400
1985-09-23,3.6250,3.6250,3.5000,3.6250,2.7195,13100
1985-09-24,3.6250,3.8750,3.5000,3.6250,2.7195,16300
1985-09-25,3.7500,3.8750,3.7500,3.8750,2.9071,5700
1985-09-26,3.8750,3.8750,3.8750,3.8750,2.9071,5700
1985-09-30,3.8750,3.8750,3.6250,3.7500,2.8133,8400
1985-10-01,3.6250,3.6250,3.5000,3.6250,2.7195,20200
1985-10-02,3.6250,3.7500,3.6250,3.7500,2.8133,9900
1985-10-03,3.7500,3.8750,3.6250,3.8750,2.9071,17500
1985-10-04,3.8750,3.8750,3.6250,3.8750,2.9071,11500
1985-10-07,3.8750,3.8750,3.7500,3.8750,2.9071,6600
1985-10-08,3.8750,3.8750,3.7500,3.8750,2.9071,30700
1985-10-09,3.8750,3.8750,3.7500,3.8750,2.9071,10100
1985-10-10,3.8750,3.8750,3.7500,3.8750,2.9071,37700
1985-10-11,3.8750,3.8750,3.7500,3.8750,2.9071,13500
1985-10-14,3.8750,3.8750,3.7500,3.7500,2.8133,17500
1985-10-15,3.7500,3.8750,3.7500,3.8750,2.9071,2800
1985-10-16,3.8750,4.2500,3.7500,4.1250,3.0946,70400
1985-10-17,4.1250,4.7500,4.1250,4.7500,3.5635,22400
1985-10-18,4.7500,4.7500,4.5000,4.6250,3.4697,16400
1985-10-21,4.6250,4.7500,4.5000,4.7500,3.5635,8600
1985-10-22,4.7500,4.8750,4.5000,4.7500,3.5635,7600
1985-10-23,4.7500,4.8750,4.5000,4.8750,3.6573,600
1985-10-24,4.8750,4.8750,4.5000,4.7500,3.5635,4900
1985-10-25,4.7500,4.7500,4.5000,4.6250,3.4697,3200
1985-10-28,4.5000,4.5000,4.3750,4.5000,3.3759,23100
1985-10-29,4.5000,4.5000,4.3750,4.3750,3.2822,12800
1985-10-30,4.3750,4.5000,4.3750,4.3750,3.2822,1900
1985-10-31,4.3750,4.6250,4.3750,4.3750,3.2822,4700
1985-11-01,4.3750,4.5000,4.1250,4.3750,3.2822,60900
1985-11-04,4.2500,4.2500,4.1250,4.2500,3.1884,1300
1985-11-05,4.1250,4.1250,3.7500,4.0000,3.0008,6000
1985-11-06,4.0000,4.0000,3.6250,4.0000,3.0008,14000
1985-11-07,4.0000,4.0000,3.6250,4.0000,3.0008,600
1985-11-08,4.0000,4.0000,3.6250,4.0000,3.0008,800
1985-11-11,4.0000,4.0000,3.6250,4.0000,3.0008,30200
1985-11-12,4.0000,4.0000,3.6250,4.0000,3.0008,1800
1985-11-13,3.8750,3.8750,3.6250,3.8750,2.9071,6000
1985-11-14,3.8750,3.8750,3.6250,3.8750,2.9071,7800
1985-11-15,3.8750,3.8750,3.6250,3.8750,2.9071,3300
1985-11-18,3.8750,3.8750,3.6250,3.8750,2.9071,700
1985-11-19,3.8750,4.0000,3.6250,3.8750,2.9071,19200
1985-11-20,3.8750,3.8750,3.6250,3.8750,2.9071,2400
1985-11-21,3.7500,3.7500,3.3750,3.6250,2.7195,31700
1985-11-22,3.5000,3.5000,3.2500,3.5000,2.6257,25200
1985-11-25,3.5000,3.5000,3.2500,3.5000,2.6257,9400
1985-11-26,3.5000,3.7500,3.2500,3.6250,2.7195,18500
1985-11-27,3.6250,3.7500,3.5000,3.7500,2.8133,24500
1985-11-29,3.7500,3.7500,3.6250,3.7500,2.8133,15400
1985-12-02,3.7500,3.7500,3.6250,3.7500,2.8133,14300
1985-12-03,3.6250,3.6250,3.5000,3.6250,2.7195,11600
1985-12-04,3.6250,3.7500,3.5000,3.6250,2.7195,16700
1985-12-05,3.6250,3.7500,3.5000,3.7500,2.8133,27600
1985-12-06,3.6875,3.6875,3.5000,3.6250,2.7195,22200
1985-12-09,3.5000,3.5000,3.2500,3.3750,2.5320,17400
1985-12-10,3.3750,3.3750,2.5000,2.8750,2.1569,35600
1985-12-11,2.7500,2.7500,2.5000,2.7500,2.0631,9200
1985-12-12,2.7500,2.8750,2.6250,2.7500,2.0631,20900
1985-12-13,2.7500,3.1250,2.6250,3.0000,2.2506,48200
1985-12-16,3.0000,3.1250,2.7500,3.1250,2.3444,45500
1985-12-17,3.0000,3.0000,2.7500,2.8750,2.1569,33200
1985-12-18,2.8750,2.8750,2.7500,2.7500,2.0631,13200
1985-12-19,2.7500,2.8750,2.7500,2.8750,2.1569,25800
1985-12-20,2.8750,2.8750,2.7500,2.7500,2.0631,9800
1985-12-23,2.7500,3.0000,2.7500,2.8750,2.1569,14300
1985-12-24,2.8750,3.0000,2.6250,2.8750,2.1569,18300
1985-12-26,2.7500,2.7500,2.6250,2.7500,2.0631,7000
1985-12-27,2.7500,2.7500,2.6250,2.7500,2.0631,45000
1985-12-30,2.7500,2.8750,2.6250,2.6250,1.9693,35500
1985-12-31,2.6250,3.1250,2.6250,3.0000,2.2506,72300
1986-01-02,3.0000,3.0000,2.8750,3.0000,2.2506,5200
1986-01-03,3.0000,3.0000,2.7500,3.0000,2.2506,2100
1986-01-06,3.0000,3.0000,2.7500,3.0000,2.2506,8600
1986-01-07,2.8750,2.8750,2.6250,2.7500,2.0631,32500
1986-01-08,2.7500,2.8750,2.6250,2.6250,1.9693,3300
1986-01-09,2.6250,2.8750,2.6250,2.8750,2.1569,6300
1986-01-10,2.8750,2.8750,2.8750,2.8750,2.1569,0
1986-01-13,2.8750,3.0000,2.6250,3.0000,2.2506,8900
1986-01-14,3.0000,3.1250,2.7500,2.8750,2.1569,12700
1986-01-15,2.8750,3.0000,2.8750,3.0000,2.2506,800
1986-01-16,3.0000,3.1250,2.7500,3.1250,2.3444,24300
1986-01-17,3.0000,3.0000,2.7500,3.0000,2.2506,2100
1986-01-20,3.0000,3.0000,2.6250,3.0000,2.2506,2600
1986-01-21,2.8750,2.8750,2.3750,2.6250,1.9693,49900
1986-01-22,2.6250,2.6250,2.2500,2.5000,1.8755,12100
1986-01-23,2.5000,2.5000,2.2500,2.5000,1.8755,4200
1986-01-24,2.5000,2.5000,2.3750,2.5000,1.8755,6300
1986-01-27,2.5000,2.5000,2.5000,2.5000,1.8755,0
1986-01-28,2.5000,2.5000,2.3750,2.5000,1.8755,200
1986-01-29,2.5000,2.5000,2.2500,2.3750,1.7817,16000
1986-01-30,2.3750,2.3750,2.3750,2.3750,1.7817,2000
1986-01-31,2.3750,2.5000,2.2500,2.5000,1.8755,2100
1986-02-03,2.2500,2.2500,1.6250,2.0000,1.5004,30600
1986-02-04,2.0000,2.0000,1.6250,2.0000,1.5004,23800
1986-02-05,2.0000,2.0000,1.8750,2.0000,1.5004,28800
1986-02-06,2.0000,2.0000,1.7500,2.0000,1.5004,33700
1986-02-07,2.0000,2.0000,1.7500,2.0000,1.5004,23800
1986-02-10,2.0000,2.0000,1.8750,2.0000,1.5004,6200
1986-02-11,2.0000,2.0000,1.7500,2.0000,1.5004,1400
1986-02-12,2.0000,2.0000,1.7500,2.0000,1.5004,13800
1986-02-13,2.0000,2.0000,1.7500,2.0000,1.5004,17200
1986-02-14,1.8750,1.8750,1.7500,1.7500,1.3129,2300
1986-02-18,1.7500,1.8750,1.7500,1.7500,1.3129,18800
1986-02-19,1.7500,1.8750,1.6250,1.7500,1.3129,11900
1986-02-20,1.7500,1.8750,1.6250,1.7500,1.3129,13300
1986-02-21,1.7500,2.0000,1.7500,2.0000,1.5004,20300
1986-02-24,2.0000,2.0000,1.7500,2.0000,1.5004,2200
1986-02-25,2.0000,2.0000,1.7500,1.8750,1.4066,8000
1986-02-26,1.8750,2.0000,1.7500,2.0000,1.5004,6600
1986-02-27,2.0000,2.2500,1.7500,2.1250,1.5942,12800
1986-02-28,2.1250,2.3750,2.1250,2.1250,1.5942,2000
1986-03-03,2.1250,2.3750,2.0000,2.1250,1.5942,4600
1986-03-04,2.1250,2.1250,1.8750,2.1250,1.5942,2600
1986-03-05,2.1250,2.1250,1.8750,2.1250,1.5942,1600
1986-03-06,2.1250,2.1250,2.0000,2.1250,1.5942,3200
1986-03-07,2.1250,2.1250,1.8750,2.0000,1.5004,18800
1986-03-10,2.0000,2.1250,2.0000,2.1250,1.5942,3000
1986-03-11,2.1250,2.1250,1.8750,2.1250,1.5942,2200
1986-03-12,2.1250,2.1250,2.0000,2.1250,1.5942,10500
1986-03-13,2.1250,2.2500,2.1250,2.2500,1.6880,6000
1986-03-14,2.2500,2.2500,2.0000,2.2500,1.6880,1100
1986-03-17,2.2500,2.2500,2.0000,2.2500,1.6880,5000
1986-03-18,2.2500,2.3750,2.2500,2.3750,1.7817,17300
1986-03-19,2.3750,2.3750,2.2500,2.2500,1.6880,4300
1986-03-20,2.2500,2.3750,2.0000,2.3750,1.7817,16200
1986-03-21,2.3750,2.3750,2.0000,2.2500,1.6880,4300
1986-03-24,2.2500,2.2500,2.0000,2.2500,1.6880,4100
1986-03-25,2.1250,2.1250,2.0000,2.0000,1.5004,5700
1986-03-26,2.0000,2.2500,2.0000,2.1250,1.5942,8000
1986-03-27,2.1250,2.3750,2.1250,2.2500,1.6880,19000
1986-03-31,2.3750,2.6250,2.3750,2.3750,1.7817,12700
1986-04-01,2.3750,2.6250,2.3750,2.6250,1.9693,5000
1986-04-02,2.5000,2.5000,2.3750,2.3750,1.7817,7800
1986-04-03,2.3750,2.5000,2.1250,2.5000,1.8755,56800
1986-04-04,2.5000,2.5000,2.3750,2.5000,1.8755,4600
1986-04-07,2.5000,2.6250,2.3750,2.6250,1.9693,4900
1986-04-08,2.6250,2.6250,2.3750,2.3750,1.7817,2300
1986-04-09,2.3750,2.6250,2.3750,2.6250,1.9693,14000
1986-04-10,2.6250,2.7500,2.3750,2.7500,2.0631,6200
1986-04-11,2.7500,2.8750,2.5000,2.8750,2.1569,14800
1986-04-14,2.8750,2.8750,2.6250,2.8750,2.1569,5300
1986-04-15,2.8750,2.8750,2.6250,2.8750,2.1569,3300
1986-04-16,2.8750,3.0000,2.6250,3.0000,2.2506,4100
1986-04-17,2.8750,2.8750,2.7500,2.7500,2.0631,5500
1986-04-18,2.7500,3.0000,2.7500,3.0000,2.2506,20800
1986-04-21,3.0000,3.0000,2.7500,3.0000,2.2506,7500
1986-04-22,3.0000,3.0000,2.6250,2.8750,2.1569,29800
1986-04-23,2.7500,2.7500,2.5000,2.7500,2.0631,15400
1986-04-24,2.7500,2.8750,2.6250,2.6250,1.9693,1400
1986-04-25,2.6250,2.8750,2.6250,2.8750,2.1569,8400
1986-04-28,2.6250,2.6250,2.6250,2.6250,1.9693,8300
1986-04-29,2.6250,2.8750,2.6250,2.8750,2.1569,5100
1986-04-30,2.8750,2.8750,2.8750,2.8750,2.1569,8100
1986-05-01,2.8750,2.8750,2.6250,2.6250,1.9693,2000
1986-05-02,2.8750,3.0000,2.8750,2.8750,2.1569,8200
1986-05-05,2.8750,3.0000,2.8750,2.8750,2.1569,5300
1986-05-06,2.8750,3.1250,2.8750,2.8750,2.1569,5600
1986-05-07,2.8750,3.0000,2.8750,3.0000,2.2506,20300
1986-05-08,3.0000,3.1250,2.8750,3.1250,2.3444,8700
1986-05-09,3.1250,3.1250,2.8750,2.8750,2.1569,8600
1986-05-12,2.8750,3.1250,2.6250,3.1250,2.3444,5300
1986-05-13,3.0000,3.0000,2.8750,3.0000,2.2506,9300
1986-05-14,3.0000,3.1250,2.8750,2.8750,2.1569,2200
1986-05-15,2.8750,2.8750,2.8750,2.8750,2.1569,0
1986-05-16,2.8750,3.0000,2.8750,3.0000,2.2506,12200
1986-05-19,3.0000,3.0000,2.7500,2.8750,2.1569,15900
1986-05-20,2.8750,2.8750,2.8750,2.8750,2.1569,1800
1986-05-21,2.8750,3.0000,2.7500,2.7500,2.0631,4800
1986-05-22,2.7500,3.0000,2.7500,3.0000,2.2506,5900
1986-05-23,3.0000,3.0000,2.7500,2.8750,2.1569,8900
1986-05-27,2.8125,2.8125,2.7500,2.7500,2.0631,5500
1986-05-28,2.8750,2.8750,2.8750,2.8750,2.1569,300
1986-05-29,2.8750,2.8750,2.7500,2.8750,2.1569,700
1986-05-30,2.7500,2.7500,2.5000,2.6250,1.9693,20600
1986-06-02,2.6250,2.7500,2.5000,2.6250,1.9693,26300
1986-06-03,2.6250,2.6250,2.5000,2.6250,1.9693,23800
1986-06-04,2.6250,2.6250,2.3750,2.3750,1.7817,8900
1986-06-05,2.3750,2.6250,2.3750,2.6250,1.9693,7800
1986-06-06,2.6250,2.6250,2.3750,2.6250,1.9693,1500
1986-06-09,2.6250,2.6250,2.2500,2.5000,1.8755,6400
1986-06-10,2.5000,2.5000,2.3750,2.5000,1.8755,13000
1986-06-11,2.5000,2.5000,2.5000,2.5000,1.8755,2100
1986-06-12,2.5000,2.5000,2.3750,2.3750,1.7817,9200
1986-06-13,2.3750,2.5000,2.3750,2.5000,1.8755,28000
1986-06-16,2.3750,2.3750,2.3750,2.3750,1.7817,5000
1986-06-17,2.3750,2.3750,2.2500,2.3750,1.7817,5300
1986-06-18,2.3750,2.3750,2.1250,2.2500,1.6880,23800
1986-06-19,2.2500,2.2500,2.0000,2.2500,1.6880,16000
1986-06-20,2.2500,2.3750,2.1250,2.3750,1.7817,29600
1986-06-23,2.3750,2.3750,2.1250,2.2500,1.6880,2200
1986-06-24,2.2500,2.7500,2.1250,2.7500,2.0631,33500
1986-06-25,2.7500,3.1250,2.5000,3.1250,2.3444,18000
1986-06-26,3.1250,3.2500,3.0000,3.2500,2.4382,21500
1986-06-27,3.2500,3.3750,3.1250,3.2500,2.4382,10500
1986-06-30,3.2500,3.7500,3.2500,3.5000,2.6257,32100
1986-07-01,3.5000,3.6250,3.1250,3.2500,2.4382,20400
1986-07-02,3.2500,3.3750,3.1250,3.2500,2.4382,10400
1986-07-03,3.2500,3.2500,3.1250,3.2500,2.4382,5400
1986-07-07,3.2500,3.2500,3.0000,3.2500,2.4382,8400
1986-07-08,3.1250,3.1250,2.8750,3.0000,2.2506,2700
1986-07-09,3.0000,3.0000,2.8750,3.0000,2.2506,4200
1986-07-10,3.0000,3.0000,2.8750,3.0000,2.2506,600
1986-07-11,3.0000,3.0000,2.8750,3.0000,2.2506,15200
1986-07-14,3.0000,3.0000,2.7500,3.0000,2.2506,2600
1986-07-15,2.8750,2.8750,2.6250,2.8750,2.1569,10500
1986-07-16,2.8750,2.8750,2.6250,2.8750,2.1569,4000
1986-07-17,2.8750,2.8750,2.6250,2.8750,2.1569,3400
1986-07-18,2.8750,2.8750,2.6250,2.8750,2.1569,12200
1986-07-21,2.8750,2.8750,2.6250,2.8750,2.1569,1000
1986-07-22,2.8750,2.8750,2.6250,2.8750,2.1569,200
1986-07-23,2.8750,2.8750,2.6250,2.8750,2.1569,400
1986-07-24,2.8750,2.8750,2.6250,2.7500,2.0631,17200
1986-07-25,2.7500,2.8750,2.6250,2.8750,2.1569,1100
1986-07-28,2.8750,2.8750,2.6250,2.7500,2.0631,3100
1986-07-29,2.7500,2.7500,2.5000,2.7500,2.0631,4600
1986-07-30,2.7500,2.7500,2.5000,2.7500,2.0631,6800
1986-07-31,2.7500,2.7500,2.5000,2.7500,2.0631,5800
1986-08-01,2.7500,2.7500,2.5000,2.7500,2.0631,7400
1986-08-04,2.7500,2.7500,2.5000,2.7500,2.0631,4900
1986-08-05,2.7500,2.7500,2.5000,2.7500,2.0631,4400
1986-08-06,2.7500,2.7500,2.7500,2.7500,2.0631,8900
1986-08-07,2.7500,2.7500,2.6250,2.6250,1.9693,800
1986-08-08,2.6250,2.7500,2.6250,2.7500,2.0631,13800
1986-08-11,2.8750,2.8750,2.8750,2.8750,2.1569,1700
1986-08-12,2.8750,2.8750,2.6250,2.7500,2.0631,14900
1986-08-13,2.7500,2.7500,2.7500,2.7500,2.0631,2000
1986-08-14,2.7500,2.7500,2.7500,2.7500,2.0631,1000
1986-08-15,2.7500,3.2500,2.6250,3.1250,2.3444,24000
1986-08-18,3.1250,3.1250,3.1250,3.1250,2.3444,5500
1986-08-19,3.1250,3.2500,3.0000,3.0000,2.2506,6700
1986-08-20,3.0000,3.1250,3.0000,3.1250,2.3444,5100
1986-08-21,3.1250,3.1250,3.0000,3.1250,2.3444,7400
1986-08-22,3.0000,3.0000,2.6250,3.0000,2.2506,36700
1986-08-25,3.0000,3.0000,2.8750,3.0000,2.2506,5400
1986-08-26,3.0000,3.0000,2.8750,3.0000,2.2506,6200
1986-08-27,3.0000,3.0000,2.8750,3.0000,2.2506,2000
1986-08-28,3.0000,3.0000,2.8750,3.0000,2.2506,4000
1986-08-29,3.0000,3.1250,2.8750,3.1250,2.3444,1800
1986-09-02,3.1250,3.1250,2.8750,3.1250,2.3444,32300
1986-09-03,3.1250,3.1250,2.8750,3.1250,2.3444,3600
1986-09-04,3.0000,3.0000,2.8750,3.0000,2.2506,23900
1986-09-05,3.0000,3.0000,2.8750,3.0000,2.2506,20700
1986-09-08,3.0000,3.0000,2.6250,2.7500,2.0631,9500
1986-09-09,2.7500,2.7500,2.5000,2.7500,2.0631,1900
1986-09-10,2.7500,2.7500,2.6250,2.7500,2.0631,5200
1986-09-11,2.7500,2.7500,2.5000,2.7500,2.0631,5000
1986-09-12,2.7500,2.7500,2.5000,2.7500,2.0631,700
1986-09-15,2.7500,2.7500,2.5000,2.7500,2.0631,2400
1986-09-16,2.7500,2.7500,2.7500,2.7500,2.0631,0
1986-09-17,2.7500,2.7500,2.7500,2.7500,2.0631,3300
1986-09-18,2.7500,2.7500,2.5000,2.7500,2.0631,13100
1986-09-19,2.7500,2.7500,2.6250,2.7500,2.0631,3600
1986-09-22,2.7500,2.7500,2.6250,2.7500,2.0631,7800
1986-09-23,2.7500,2.8750,2.7500,2.8750,2.1569,5800
1986-09-24,2.8750,2.8750,2.7500,2.8750,2.1569,9600
1986-09-25,2.8750,2.8750,2.7500,2.8750,2.1569,13000
1986-09-26,2.8750,2.8750,2.7500,2.8750,2.1569,17200
1986-09-29,2.8750,2.8750,2.7500,2.8750,2.1569,10800
1986-09-30,2.8750,3.1250,2.7500,3.0000,2.2506,28000
1986-10-01,3.0000,3.3750,3.0000,3.2500,2.4382,31100
1986-10-02,3.2500,3.2500,3.1250,3.2500,2.4382,5400
1986-10-03,3.2500,3.2500,3.1250,3.2500,2.4382,6800
1986-10-06,3.2500,3.5000,3.2500,3.3750,2.5320,11200
1986-10-07,3.3750,3.3750,3.2500,3.3750,2.5320,18500
1986-10-08,3.3750,3.3750,3.1250,3.2500,2.4382,9000
1986-10-09,3.2500,3.3750,3.1250,3.1250,2.3444,4800
1986-10-10,3.1250,3.3750,3.1250,3.3750,2.5320,4200
1986-10-13,3.1250,3.1250,3.1250,3.1250,2.3444,1400
1986-10-14,3.1250,3.3750,3.1250,3.1250,2.3444,16800
1986-10-15,3.1250,3.1250,2.8750,2.8750,2.1569,19100
1986-10-16,2.8750,2.8750,2.7500,2.8750,2.1569,4200
1986-10-17,2.8750,3.1250,2.7500,3.0000,2.2506,5200
1986-10-20,3.0000,3.0000,3.0000,3.0000,2.2506,1000
1986-10-21,3.0000,3.2500,3.0000,3.2500,2.4382,4700
1986-10-22,3.2500,3.2500,3.1250,3.2500,2.4382,19700
1986-10-23,3.2500,3.3750,3.2500,3.3750,2.5320,22400
1986-10-24,3.2500,3.2500,3.0000,3.2500,2.4382,9500
1986-10-27,3.0000,3.0000,3.0000,3.0000,2.2506,1400
1986-10-28,3.0000,3.2500,3.0000,3.0000,2.2506,600
1986-10-29,3.0000,3.0000,3.0000,3.0000,2.2506,0
1986-10-30,3.0000,3.2500,3.0000,3.2500,2.4382,1600
1986-10-31,3.2500,3.2500,3.0000,3.1250,2.3444,6300
1986-11-03,3.0000,3.0000,3.0000,3.0000,2.2506,3300
1986-11-04,3.0000,3.0000,2.6250,3.0000,2.2506,8800
1986-11-05,2.8750,2.8750,2.7500,2.7500,2.0631,14000
1986-11-06,2.7500,2.8750,2.6250,2.8750,2.1569,5100
1986-11-07,2.8750,3.1250,2.8750,3.1250,2.3444,31500
1986-11-10,3.1250,3.2500,3.0000,3.2500,2.4382,18400
1986-11-11,3.2500,3.2500,3.0000,3.2500,2.4382,37800
1986-11-12,3.2500,3.2500,3.0000,3.2500,2.4382,27200
1986-11-13,3.2500,3.5000,3.2500,3.3750,2.5320,35900
1986-11-14,3.3750,3.3750,3.1250,3.2500,2.4382,11700
1986-11-17,3.2500,3.2500,3.0000,3.2500,2.4382,13600
1986-11-18,3.2500,3.2500,3.0000,3.2500,2.4382,4600
1986-11-19,3.1250,3.1250,3.0000,3.1250,2.3444,2400
1986-11-20,3.1250,3.1250,3.0000,3.0625,2.2975,3100
1986-11-21,3.0625,3.1250,3.0000,3.1250,2.3444,3900
1986-11-24,3.0000,3.0000,2.8750,3.0000,2.2506,31900
1986-11-25,3.0000,3.0000,3.0000,3.0000,2.2506,18500
1986-11-26,3.0000,3.0000,2.8750,3.0000,2.2506,4600
1986-11-28,3.0000,3.1250,2.8750,3.0000,2.2506,6800
1986-12-01,2.8750,2.8750,2.7500,2.8750,2.1569,1700
1986-12-02,2.8750,3.0000,2.7500,3.0000,2.2506,2000
1986-12-03,2.7500,2.7500,2.7500,2.7500,2.0631,1000
1986-12-04,2.7500,2.8750,2.7500,2.8750,2.1569,16700
1986-12-05,2.8750,2.8750,2.6250,2.8750,2.1569,3000
1986-12-08,2.8750,2.8750,2.6250,2.8750,2.1569,1400
1986-12-09,2.7500,2.7500,2.6250,2.7500,2.0631,1600
1986-12-10,2.7500,2.7500,2.6250,2.7500,2.0631,5300
1986-12-11,2.7500,2.7500,2.6250,2.7500,2.0631,18500
1986-12-12,2.7500,2.7500,2.6250,2.7500,2.0631,4400
1986-12-15,2.7500,2.7500,2.6250,2.7500,2.0631,16000
1986-12-16,2.7500,2.7500,2.6250,2.7500,2.0631,12200
1986-12-17,2.7500,2.7500,2.6250,2.7500,2.0631,8200
1986-12-18,2.6250,2.6250,2.5000,2.6250,1.9693,5300
1986-12-19,2.6250,2.6250,2.5000,2.6250,1.9693,9600
1986-12-22,2.6250,2.8750,2.5000,2.8750,2.1569,25700
1986-12-23,2.7500,2.7500,2.6250,2.6250,1.9693,37300
1986-12-24,2.6250,2.7500,2.6250,2.7500,2.0631,49100
1986-12-26,2.7500,2.7500,2.6250,2.7500,2.0631,31800
1986-12-29,2.7500,2.7500,2.5000,2.7500,2.0631,11400
1986-12-30,2.7500,2.7500,2.6250,2.7500,2.0631,50300
1986-12-31,2.7500,3.0000,2.6250,2.8750,2.1569,30500
1987-01-02,2.8750,3.1250,2.8750,2.8750,2.1569,1100
1987-01-05,2.8750,3.2500,2.8750,3.2500,2.4382,26900
1987-01-06,3.0000,3.0000,2.8750,2.8750,2.1569,5800
1987-01-07,2.8750,2.8750,2.8750,2.8750,2.1569,700
1987-01-08,2.8750,3.1250,2.8750,2.8750,2.1569,12600
1987-01-09,3.0000,3.1250,3.0000,3.1250,2.3444,9200
1987-01-12,3.1250,3.1250,3.0000,3.1250,2.3444,900
1987-01-13,3.1250,3.1250,3.0000,3.1250,2.3444,3700
1987-01-14,3.1250,3.1250,3.0000,3.1250,2.3444,25600
1987-01-15,3.1250,3.2500,3.0000,3.2500,2.4382,18500
1987-01-16,3.2500,3.8750,3.1250,3.7500,2.8133,50300
1987-01-19,3.7500,3.7500,3.3750,3.7500,2.8133,25700
1987-01-20,3.7500,3.7500,3.6250,3.6250,2.7195,30600
1987-01-21,3.6250,3.8750,3.6250,3.8750,2.9071,16200
1987-01-22,3.8750,4.1250,3.1250,4.1250,3.0946,20300
1987-01-23,4.1250,4.2500,3.8750,4.2500,3.1884,109900
1987-01-26,4.2500,4.2500,4.0000,4.1250,3.0946,19800
1987-01-27,4.1250,4.1250,4.0000,4.0625,3.0477,19600
1987-01-28,4.0625,4.2500,4.0000,4.2500,3.1884,21400
1987-01-29,4.2500,4.8750,4.1250,4.8750,3.6573,23700
1987-01-30,4.8750,5.1250,4.7500,5.0000,3.7510,38100
1987-02-02,5.0000,5.1250,4.7500,5.0000,3.7510,49500
1987-02-03,5.0000,5.0000,4.6250,4.8750,3.6573,106800
1987-02-04,4.8750,4.8750,4.6250,4.8750,3.6573,47400
1987-02-05,4.8750,4.8750,4.6250,4.7500,3.5635,52300
1987-02-06,4.7500,4.7500,4.5000,4.7500,3.5635,5900
1987-02-09,4.7500,4.7500,3.8750,4.0000,3.0008,35700
1987-02-10,4.0000,4.1250,3.6250,4.1250,3.0946,12800
1987-02-11,4.1250,4.5000,4.1250,4.5000,3.3759,28800
1987-02-12,4.5000,4.6250,4.3750,4.6250,3.4697,35800
1987-02-13,4.6250,4.7500,4.5000,4.5000,3.3759,22300
1987-02-17,4.5000,4.7500,4.5000,4.5000,3.3759,8900
1987-02-18,4.5000,4.6250,4.5000,4.6250,3.4697,23500
1987-02-19,4.6250,4.6250,4.3750,4.6250,3.4697,22800
1987-02-20,4.6250,4.8750,4.5000,4.8750,3.6573,32500
1987-02-23,4.8750,5.0000,4.7500,5.0000,3.7510,4600
1987-02-24,5.0000,5.2500,4.8750,5.2500,3.9386,67600
1987-02-25,5.2500,5.3750,5.2500,5.3750,4.0324,26600
1987-02-26,5.3750,5.6250,5.2500,5.6250,4.2199,20900
1987-02-27,5.6250,5.8750,5.5000,5.6250,4.2199,39600
1987-03-02,5.6250,5.7500,5.6250,5.7500,4.3137,59100
1987-03-03,5.7500,5.7500,5.5000,5.6250,4.2199,41100
1987-03-04,5.6250,5.8750,5.5000,5.8750,4.4075,76500
1987-03-05,5.8750,6.5000,5.7500,6.2500,4.6888,62600
1987-03-06,6.2500,7.1250,6.1250,6.7500,5.0639,71000
1987-03-09,6.7500,6.8750,6.0000,6.2500,4.6888,66900
1987-03-10,6.2500,6.8750,6.0000,6.6250,4.9701,43300
1987-03-11,6.6250,6.6250,6.3750,6.6250,4.9701,22400
1987-03-12,6.6250,6.8750,6.5000,6.8750,5.1577,29600
1987-03-13,6.8750,7.1250,6.7500,7.0000,5.2515,52100
1987-03-16,7.1250,7.7500,7.1250,7.5000,5.6266,56200
1987-03-17,7.5000,8.6250,7.5000,8.3750,6.2830,148100
1987-03-18,8.3750,9.2500,8.3750,8.8750,6.6581,243800
1987-03-19,8.8750,9.1250,8.7500,9.0000,6.7519,78700
1987-03-20,8.8750,8.8750,8.3750,8.3750,6.2830,74100
1987-03-23,8.3750,8.6250,7.6250,8.0000,6.0017,70400
1987-03-24,8.0000,8.1250,7.7500,8.1250,6.0954,40700
1987-03-25,8.1250,8.1250,7.8750,8.1250,6.0954,47700
1987-03-26,8.1250,8.1250,7.8750,8.1250,6.0954,44700
1987-03-27,8.1250,8.1250,8.0000,8.1250,6.0954,7400
1987-03-30,8.1250,8.7500,8.0000,8.7500,6.5643,146200
1987-03-31,8.7500,9.1250,8.3750,9.0000,6.7519,34100
1987-04-01,9.0000,9.1250,8.7500,9.0000,6.7519,53800
1987-04-02,9.0000,9.1250,8.8750,9.0000,6.7519,17400
1987-04-03,9.0000,9.1250,8.8750,9.0000,6.7519,25600
1987-04-06,9.0000,10.0000,9.0000,10.0000,7.5021,104900
1987-04-07,10.0000,10.3750,9.7500,10.1250,7.5959,75100
1987-04-08,10.1250,10.2500,10.0000,10.1250,7.5959,83900
1987-04-09,10.1250,10.2500,10.0000,10.1250,7.5959,121500
1987-04-10,10.1250,12.2500,10.0000,11.5000,8.6274,134700
1987-04-13,11.5000,12.5000,11.1250,12.0000,9.0025,69800
1987-04-14,12.0000,12.2500,11.5000,11.7500,8.8150,45100
1987-04-15,11.7500,12.0000,11.7500,12.0000,9.0025,67700
1987-04-16,12.0000,12.1250,11.6250,12.0000,9.0025,128100
1987-04-20,12.0000,12.5000,12.0000,12.0000,9.0025,62500
1987-04-21,12.0000,12.2500,11.6250,11.8750,8.9087,47500
1987-04-22,11.8750,12.0000,11.5000,11.7500,8.8150,40700
1987-04-23,11.5000,11.5000,11.2500,11.5000,8.6274,74600
1987-04-24,11.5000,11.7500,11.1250,11.3750,8.5336,74900
1987-04-27,11.1250,11.1250,9.5000,10.7500,8.0647,154500
1987-04-28,10.5000,10.5000,10.1250,10.5000,7.8772,70100
1987-04-29,10.5000,10.6250,10.2500,10.5000,7.8772,52800
1987-04-30,10.5000,10.6250,10.3750,10.5000,7.8772,47400
1987-05-01,10.5000,10.7500,10.5000,10.5000,7.8772,55700
1987-05-04,10.5000,11.3750,10.5000,11.2500,8.4398,82600
1987-05-05,11.2500,12.2500,11.1250,12.1250,9.0963,182600
1987-05-06,12.1250,12.1250,11.6250,12.1250,9.0963,84100
1987-05-07,12.1250,12.1250,11.6250,12.1250,9.0963,115200
1987-05-08,12.1250,12.1250,12.0000,12.1250,9.0963,33900
1987-05-11,12.1250,12.2500,12.0000,12.1250,9.0963,35900
1987-05-12,12.1250,13.2500,12.0000,13.1250,9.8465,128300
1987-05-13,13.1250,13.3750,12.8750,13.1250,9.8465,80900
1987-05-14,13.1250,14.0000,13.0000,13.8750,10.4091,66100
1987-05-15,13.8750,14.8750,13.8750,14.2500,10.6905,86800
1987-05-18,14.2500,14.2500,13.5000,14.1250,10.5967,38800
1987-05-19,14.0000,14.0000,13.8750,14.0000,10.5029,11900
1987-05-20,14.0000,14.1250,13.5000,13.8750,10.4091,36900
1987-05-21,13.8750,14.0000,13.3750,13.7500,10.3154,34900
1987-05-22,13.7500,14.0000,13.6250,13.6250,10.2216,22700
1987-05-26,13.6250,13.8750,11.5000,12.1250,9.0963,71800
1987-05-27,11.7500,11.7500,10.7500,11.5000,8.6274,64100
1987-05-28,11.6250,12.2500,11.6250,12.0000,9.0025,38900
1987-05-29,12.0000,12.0000,11.7500,12.0000,9.0025,20300
1987-06-01,11.8750,11.8750,11.2500,11.3750,8.5336,29800
1987-06-02,11.3750,11.6250,11.3750,11.6250,8.7212,23500
1987-06-03,11.6250,11.6250,11.2500,11.6250,8.7212,14700
1987-06-04,11.6250,11.8750,11.5000,11.7500,8.8150,27000
1987-06-05,11.7500,12.2500,11.7500,12.2500,9.1901,20300
1987-06-08,12.2500,12.3750,12.1250,12.3750,9.2838,23700
1987-06-09,12.3750,12.3750,12.0000,12.2500,9.1901,14200
1987-06-10,12.2500,12.2500,11.5000,11.5000,8.6274,27200
1987-06-11,11.3750,11.3750,10.7500,11.2500,8.4398,53500
1987-06-12,11.2500,11.3750,11.1250,11.3750,8.5336,20600
1987-06-15,11.3750,11.3750,10.8750,11.1250,8.3461,29600
1987-06-16,11.1250,11.1250,9.6250,10.0000,7.5021,38100
1987-06-17,10.0000,10.1250,9.6250,10.1250,7.5959,23800
1987-06-18,10.1250,11.2500,9.8750,11.2500,8.4398,62800
1987-06-19,11.2500,11.5000,11.2500,11.5000,8.6274,10900
1987-06-22,10.8750,10.8750,9.5000,10.1250,7.5959,35500
1987-06-23,10.1250,10.3750,10.1250,10.3750,7.7834,12100
1987-06-24,10.3750,10.3750,10.0000,10.2500,7.6896,13600
1987-06-25,10.2500,10.2500,9.8750,10.2500,7.6896,15300
1987-06-26,10.2500,10.2500,9.8750,10.2500,7.6896,19700
1987-06-29,10.2500,10.2500,9.8750,10.1250,7.5959,10100
1987-06-30,10.1250,10.3750,10.0000,10.3750,7.7834,12300
1987-07-01,10.3750,10.3750,10.1250,10.1250,7.5959,10900
1987-07-02,10.0000,10.0000,9.7500,10.0000,7.5021,11000
1987-07-06,10.0000,10.0000,9.7500,10.0000,7.5021,6100
1987-07-07,10.0000,10.2500,10.0000,10.2500,7.6896,16900
1987-07-08,10.2500,10.2500,10.0000,10.0000,7.5021,18100
1987-07-09,10.0000,10.5000,9.7500,10.3750,7.7834,32800
1987-07-10,10.3750,11.0000,10.3750,10.7500,8.0647,26500
1987-07-13,10.7500,11.0000,10.6250,11.0000,8.2523,7000
1987-07-14,10.8750,10.8750,10.7500,10.7500,8.0647,2900
1987-07-15,10.7500,11.1250,10.5000,11.1250,8.3461,108400
1987-07-16,11.1250,11.1250,10.7500,11.1250,8.3461,26100
1987-07-17,11.1250,11.2500,10.8750,10.8750,8.1585,20900
1987-07-20,10.8750,11.1250,10.8750,10.8750,8.1585,2800
1987-07-21,10.8750,11.1250,10.7500,10.7500,8.0647,5000
1987-07-22,10.7500,11.0000,10.5000,10.6250,7.9710,7800
1987-07-23,10.6250,10.6250,10.3750,10.6250,7.9710,6700
1987-07-24,10.6250,10.6250,10.3750,10.6250,7.9710,1000
1987-07-27,10.6250,10.6250,10.3750,10.3750,7.7834,3800
1987-07-28,10.3750,10.6250,10.2500,10.6250,7.9710,11700
1987-07-29,10.6250,11.0000,10.3750,10.7500,8.0647,25000
1987-07-30,10.7500,11.0000,10.7500,10.7500,8.0647,14100
1987-07-31,10.7500,11.0000,10.6250,10.8750,8.1585,39200
1987-08-03,10.8750,11.0000,10.5000,10.8750,8.1585,12400
1987-08-04,10.8750,10.8750,10.1250,10.3750,7.7834,12500
1987-08-05,10.2500,10.2500,9.6250,10.2500,7.6896,16700
1987-08-06,10.2500,10.5000,10.1250,10.2500,7.6896,7200
1987-08-07,10.3750,10.6250,10.3750,10.6250,7.9710,26600
1987-08-10,10.8750,11.5000,10.8750,11.2500,8.4398,64700
1987-08-11,11.5000,11.8750,11.5000,11.7500,8.8150,41700
1987-08-12,11.7500,11.7500,11.6250,11.6250,8.7212,20100
1987-08-13,11.6250,11.7500,11.3750,11.5000,8.6274,25200
1987-08-14,11.5000,11.8750,11.3750,11.5000,8.6274,14600
1987-08-17,11.5000,11.6250,11.3750,11.6250,8.7212,16200
1987-08-18,11.6250,12.0000,11.5000,12.0000,9.0025,40900
1987-08-19,12.0000,12.0000,11.3750,11.6250,8.7212,29900
1987-08-20,11.5000,11.5000,11.2500,11.5000,8.6274,13900
1987-08-21,11.5000,11.5000,11.2500,11.5000,8.6274,14200
1987-08-24,11.5000,11.5000,11.1250,11.5000,8.6274,21400
1987-08-25,11.5000,11.6250,11.2500,11.6250,8.7212,21300
1987-08-26,11.6250,12.1250,11.6250,12.1250,9.0963,60500
1987-08-27,12.1250,12.1250,11.7500,12.1250,9.0963,16700
1987-08-28,12.1250,12.2500,12.0000,12.2500,9.1901,23600
1987-08-31,12.2500,12.3750,12.1250,12.2500,9.1901,12700
1987-09-01,12.2500,12.3750,12.0000,12.3750,9.2838,18200
1987-09-02,12.3750,12.5000,12.2500,12.5000,9.3776,31900
1987-09-03,12.5000,12.8750,12.5000,12.7500,9.5652,30200
1987-09-04,12.7500,12.8750,12.5000,12.7500,9.5652,18600
1987-09-08,12.2500,12.2500,12.0000,12.2500,9.1901,30000
1987-09-09,12.2500,12.5000,12.0000,12.5000,9.3776,46300
1987-09-10,12.5000,12.6250,12.5000,12.5000,9.3776,29100
1987-09-11,12.5000,12.6250,12.3750,12.5000,9.3776,20600
1987-09-14,12.5000,12.5000,11.8750,12.2500,9.1901,48200
1987-09-15,12.2500,13.0000,12.2500,12.8750,9.6589,69500
1987-09-16,12.8750,13.1250,12.8750,13.1250,9.8465,37600
1987-09-17,12.8750,12.8750,12.5000,12.6250,9.4714,25000
1987-09-18,12.6250,12.8750,12.5000,12.8750,9.6589,10600
1987-09-21,12.8750,12.8750,12.6250,12.8750,9.6589,7300
1987-09-22,12.8750,12.8750,12.6250,12.8750,9.6589,6400
1987-09-23,12.8750,13.2500,12.6250,13.2500,9.9403,20700
1987-09-24,13.2500,13.2500,13.0000,13.2500,9.9403,12800
1987-09-25,13.2500,14.2500,13.1250,14.1250,10.5967,46800
1987-09-28,14.1250,14.5000,13.6250,13.6250,10.2216,51900
1987-09-29,13.6250,14.1250,13.6250,14.1250,10.5967,18600
1987-09-30,14.1250,14.3750,13.8750,14.3750,10.7843,26800
1987-10-01,14.1250,14.1250,13.6250,14.0000,10.5029,12900
1987-10-02,14.0000,14.1250,13.7500,14.0000,10.5029,14000
1987-10-05,14.0000,14.1250,13.8750,14.1250,10.5967,31900
1987-10-06,14.1250,14.2500,14.0000,14.1250,10.5967,26400
1987-10-07,14.1250,14.1250,14.0000,14.1250,10.5967,9000
1987-10-08,14.0000,14.0000,13.7500,13.8750,10.4091,24100
1987-10-09,13.8750,14.0000,13.6250,14.0000,10.5029,26500
1987-10-12,14.0000,14.0000,13.6250,14.0000,10.5029,19200
1987-10-13,14.0000,14.0000,13.7500,14.0000,10.5029,10700
1987-10-14,13.7500,13.7500,13.7500,13.7500,10.3154,4700
1987-10-15,13.7500,14.0000,13.5000,13.6250,10.2216,8900
1987-10-16,13.6250,13.6250,13.2500,13.2500,9.9403,14200
1987-10-19,13.2500,13.5000,11.2500,11.5000,8.6274,31200
1987-10-20,11.5000,11.6250,9.1250,9.2500,6.9394,141500
1987-10-21,9.2500,9.5000,8.6250,9.0000,6.7519,126200
1987-10-22,8.8750,8.8750,7.8750,8.0000,6.0017,118100
1987-10-23,8.0000,8.0000,5.5000,6.5000,4.8764,711800
1987-10-26,6.2500,6.2500,2.8750,3.3750,2.5320,660500
1987-10-27,3.3750,3.8750,3.0000,3.3750,2.5320,475800
1987-10-28,3.3750,5.1250,3.2500,5.0000,3.7510,194700
1987-10-29,5.0000,5.3750,4.8750,5.2500,3.9386,100900
1987-10-30,5.2500,7.0000,5.0000,6.3750,4.7826,93200
1987-11-02,6.2500,6.2500,5.8750,6.1250,4.5950,68700
1987-11-03,6.1250,6.1250,5.2500,5.5000,4.1261,61700
1987-11-04,5.5000,6.7500,5.2500,5.5000,4.1261,91400
1987-11-05,5.6250,6.1250,5.6250,5.7500,4.3137,32700
1987-11-06,5.7500,6.1250,5.6250,6.1250,4.5950,130300
1987-11-09,6.1250,6.1250,5.7500,5.8750,4.4075,10000
1987-11-10,5.8750,6.0000,5.7500,5.7500,4.3137,41200
1987-11-11,5.7500,6.1250,5.7500,6.1250,4.5950,23800
1987-11-12,6.0000,6.0000,5.5000,5.6250,4.2199,43800
1987-11-13,5.6250,5.7500,5.2500,5.6250,4.2199,7300
1987-11-16,5.6250,5.6250,5.1250,5.3750,4.0324,15400
1987-11-17,5.0000,5.0000,4.1250,4.2500,3.1884,22000
1987-11-18,4.2500,4.7500,4.1250,4.6250,3.4697,44100
1987-11-19,4.6250,4.6250,4.2500,4.2500,3.1884,5100
1987-11-20,4.2500,4.3750,4.0000,4.2500,3.1884,7900
1987-11-23,4.2500,4.2500,4.0000,4.1250,3.0946,33200
1987-11-24,4.1250,4.5000,4.0000,4.5000,3.3759,22000
1987-11-25,4.5000,4.6250,4.2500,4.3750,3.2822,17300
1987-11-27,4.3750,4.7500,4.2500,4.7500,3.5635,35300
1987-11-30,5.0000,5.5000,5.0000,5.0000,3.7510,55600
1987-12-01,5.0000,5.1250,4.6250,4.8750,3.6573,11800
1987-12-02,4.7500,4.7500,4.2500,4.5000,3.3759,26200
1987-12-03,4.5000,4.6250,4.1250,4.1250,3.0946,16900
1987-12-04,4.1250,4.2500,3.7500,4.0000,3.0008,17100
1987-12-07,4.0000,4.1250,3.7500,3.7500,2.8133,9800
1987-12-08,3.7500,4.1250,3.7500,4.1250,3.0946,34800
1987-12-09,4.1250,4.1250,3.8750,4.1250,3.0946,10500
1987-12-10,4.1250,4.1250,3.7500,4.1250,3.0946,26800
1987-12-11,4.1250,4.1250,3.7500,4.0000,3.0008,10200
1987-12-14,4.0000,4.1250,3.8750,4.0000,3.0008,11600
1987-12-15,4.0000,4.1250,3.8750,4.1250,3.0946,8100
1987-12-16,4.1250,4.1250,3.7500,4.0000,3.0008,39100
1987-12-17,4.0000,4.0000,3.7500,3.8750,2.9071,14400
1987-12-18,3.8750,3.8750,3.5000,3.7500,2.8133,23600
1987-12-21,3.7500,3.7500,3.6250,3.7500,2.8133,14800
1987-12-22,3.7500,3.7500,3.5000,3.7500,2.8133,13400
1987-12-23,3.7500,3.7500,3.5000,3.7500,2.8133,21200
1987-12-24,3.7500,3.7500,3.5000,3.7500,2.8133,12600
1987-12-28,3.7500,3.8750,3.5000,3.7500,2.8133,52500
1987-12-29,3.7500,3.7500,3.3750,3.7500,2.8133,17700
1987-12-30,3.5000,3.5000,3.2500,3.5000,2.6257,41300
1987-12-31,3.5000,3.6250,3.0000,3.3750,2.5320,282500
1988-01-04,3.3750,3.8750,3.1250,3.8750,2.9071,59000
1988-01-05,3.8750,3.8750,3.5000,3.8750,2.9071,9000
1988-01-06,3.8750,3.8750,3.6250,3.8750,2.9071,18700
1988-01-07,3.8750,3.8750,3.6250,3.8750,2.9071,4700
1988-01-08,3.8750,4.0000,3.6250,3.8750,2.9071,6100
1988-01-11,3.8750,4.0000,3.6250,4.0000,3.0008,3800
1988-01-12,4.0000,4.0000,3.6250,3.8750,2.9071,12400
1988-01-13,3.8750,3.8750,3.8750,3.8750,2.9071,100
1988-01-14,3.8750,3.8750,3.5000,3.8750,2.9071,2400
1988-01-15,3.8750,3.8750,3.5000,3.8750,2.9071,400
1988-01-18,3.8750,3.8750,3.5000,3.7500,2.8133,2700
1988-01-19,3.7500,3.8750,3.5000,3.7500,2.8133,3600
1988-01-20,3.5000,3.5000,3.5000,3.5000,2.6257,800
1988-01-21,3.5000,3.7500,3.5000,3.5000,2.6257,5400
1988-01-22,3.5000,3.7500,3.5000,3.7500,2.8133,700
1988-01-25,3.5000,3.5000,3.5000,3.5000,2.6257,1500
1988-01-26,3.5000,3.7500,3.5000,3.5000,2.6257,7900
1988-01-27,3.5000,3.7500,3.5000,3.5000,2.6257,4600
1988-01-28,3.5000,3.5000,3.5000,3.5000,2.6257,1500
1988-01-29,3.5000,3.7500,3.2500,3.6875,2.7664,22800
1988-02-01,3.6875,3.7500,3.5000,3.7500,2.8133,8200
1988-02-02,3.7500,4.0000,3.5000,4.0000,3.0008,7400
1988-02-03,4.0000,4.0000,3.6250,4.0000,3.0008,4800
1988-02-04,3.7500,3.7500,3.3750,3.6250,2.7195,18800
1988-02-05,3.6250,3.6250,3.2500,3.6250,2.7195,14500
1988-02-08,3.6250,3.6250,3.2500,3.5000,2.6257,28700
1988-02-09,3.5000,3.5000,3.1250,3.3750,2.5320,20300
1988-02-10,3.2500,3.2500,3.0000,3.2500,2.4382,12700
1988-02-11,3.2500,3.2500,3.0000,3.2500,2.4382,5800
1988-02-12,3.2500,3.3750,3.1250,3.3750,2.5320,3300
1988-02-16,3.3750,3.3750,3.2500,3.3750,2.5320,32900
1988-02-17,3.1250,3.1250,3.1250,3.1250,2.3444,700
1988-02-18,3.2500,3.3750,3.2500,3.3750,2.5320,6500
1988-02-19,3.3750,3.3750,3.2500,3.3750,2.5320,6000
1988-02-22,3.3750,3.3750,3.2500,3.2500,2.4382,1600
1988-02-23,3.2500,3.3750,3.2500,3.3750,2.5320,1800
1988-02-24,3.3750,3.3750,2.8750,3.0000,2.2506,14100
1988-02-25,3.0000,3.1250,3.0000,3.0000,2.2506,5800
1988-02-26,3.0000,3.1250,2.8750,2.8750,2.1569,4100
1988-02-29,2.8750,3.1250,2.8750,2.9375,2.2037,48500
1988-03-01,2.9375,3.1250,2.8750,3.1250,2.3444,11700
1988-03-02,3.1250,3.1250,2.8750,3.1250,2.3444,8800
1988-03-03,3.1250,3.3750,3.1250,3.3750,2.5320,3300
1988-03-04,3.3750,3.3750,3.0000,3.3750,2.5320,7100
1988-03-07,3.3750,3.5000,3.1250,3.5000,2.6257,1700
1988-03-08,3.5000,3.5000,3.2500,3.5000,2.6257,3100
1988-03-09,3.5000,3.6250,3.2500,3.3750,2.5320,11000
1988-03-10,3.3750,3.6250,3.2500,3.6250,2.7195,1400
1988-03-11,3.6250,3.7500,3.3750,3.6250,2.7195,29200
1988-03-14,3.7500,3.7500,3.7500,3.7500,2.8133,1900
1988-03-15,3.7500,3.7500,3.5000,3.6250,2.7195,6100
1988-03-16,3.6250,3.7500,3.3750,3.3750,2.5320,12600
1988-03-17,3.3750,3.7500,3.3750,3.3750,2.5320,3500
1988-03-18,3.3750,3.6250,3.2500,3.5000,2.6257,17200
1988-03-21,3.2500,3.2500,3.2500,3.2500,2.4382,3300
1988-03-22,3.2500,3.5000,3.2500,3.5000,2.6257,4000
1988-03-23,3.5000,3.5000,3.5000,3.5000,2.6257,1900
1988-03-24,3.5000,3.6250,3.3750,3.6250,2.7195,12000
1988-03-25,3.6250,3.6250,3.3750,3.6250,2.7195,7700
1988-03-28,3.6250,3.6250,3.3750,3.3750,2.5320,5400
1988-03-29,3.3750,3.5000,3.2500,3.5000,2.6257,12600
1988-03-30,3.3750,3.3750,3.1250,3.3750,2.5320,700
1988-03-31,3.3750,3.5000,3.3750,3.5000,2.6257,29800
1988-04-04,3.5000,3.6250,3.3750,3.6250,2.7195,13900
1988-04-05,3.6250,3.8750,3.5000,3.8750,2.9071,113200
1988-04-06,3.8750,3.8750,3.5000,3.7500,2.8133,5500
1988-04-07,3.7500,3.7500,3.5000,3.6250,2.7195,6700
1988-04-08,3.6250,3.7500,3.5000,3.6250,2.7195,9300
1988-04-11,3.6250,3.6250,3.3750,3.6250,2.7195,8800
1988-04-12,3.6250,3.6250,3.3750,3.3750,2.5320,3800
1988-04-13,3.3750,3.6250,3.3750,3.5000,2.6257,4800
1988-04-14,3.5000,3.5000,3.0000,3.3750,2.5320,18500
1988-04-15,3.2500,3.2500,2.7500,3.0000,2.2506,34900
1988-04-18,3.0000,3.0000,2.7500,3.0000,2.2506,7900
1988-04-19,3.0000,3.0000,2.8750,2.8750,2.1569,5000
1988-04-20,3.0000,3.1250,3.0000,3.1250,2.3444,7600
1988-04-21,3.1250,3.1250,3.0000,3.0000,2.2506,4800
1988-04-22,3.0000,3.1250,3.0000,3.0000,2.2506,30600
1988-04-25,3.0000,3.1250,3.0000,3.1250,2.3444,7300
1988-04-26,3.1250,3.1250,3.0000,3.0000,2.2506,5700
1988-04-27,3.0000,3.1250,3.0000,3.0000,2.2506,28300
1988-04-28,3.0000,3.3750,3.0000,3.1250,2.3444,18000
1988-04-29,3.3750,3.3750,3.3750,3.3750,2.5320,3300
1988-05-02,3.3750,3.3750,3.1250,3.2500,2.4382,10400
1988-05-03,3.2500,3.2500,3.1250,3.2500,2.4382,3300
1988-05-04,3.2500,3.2500,3.0000,3.2500,2.4382,5400
1988-05-05,3.1875,3.1875,3.1250,3.1875,2.3913,24500
1988-05-06,3.1250,3.1250,3.0000,3.1250,2.3444,6700
1988-05-09,3.0000,3.0000,3.0000,3.0000,2.2506,2800
1988-05-10,3.0000,3.1250,3.0000,3.1250,2.3444,59400
1988-05-11,3.1250,3.1250,3.0000,3.1250,2.3444,1300
1988-05-12,3.0000,3.0000,3.0000,3.0000,2.2506,8400
1988-05-13,3.0000,3.1250,3.0000,3.0000,2.2506,22700
1988-05-16,3.0000,3.2500,3.0000,3.2500,2.4382,28000
1988-05-17,3.2500,3.2500,3.2500,3.2500,2.4382,1300
1988-05-18,3.2500,3.2500,3.0000,3.2500,2.4382,1500
1988-05-19,3.2500,3.2500,3.0000,3.0000,2.2506,8800
1988-05-20,3.0000,3.2500,3.0000,3.2500,2.4382,35900
1988-05-23,3.2500,3.2500,3.1250,3.2500,2.4382,30700
1988-05-24,3.2500,3.5000,3.2500,3.3750,2.5320,9500
1988-05-25,3.3750,3.5000,3.2500,3.5000,2.6257,8400
1988-05-26,3.5000,3.5000,3.2500,3.5000,2.6257,9100
1988-05-27,3.5000,3.5000,3.2500,3.5000,2.6257,1700
1988-05-31,3.5000,4.2500,3.2500,4.2500,3.1884,107900
1988-06-01,4.2500,4.2500,3.7500,3.7500,2.8133,21000
1988-06-02,3.7500,4.0000,3.5000,3.8750,2.9071,26700
1988-06-03,3.8750,4.0000,3.7500,4.0000,3.0008,5800
1988-06-06,4.0000,4.1250,3.7500,4.1250,3.0946,9500
1988-06-07,4.1250,4.1250,3.8750,4.1250,3.0946,9000
1988-06-08,4.0000,4.0000,3.8750,4.0000,3.0008,4900
1988-06-09,4.0000,4.0000,3.8750,3.8750,2.9071,13200
1988-06-10,4.0000,4.0000,4.0000,4.0000,3.0008,500
1988-06-13,4.0000,4.0000,3.7500,3.7500,2.8133,4800
1988-06-14,3.7500,3.7500,3.7500,3.7500,2.8133,5500
1988-06-15,3.7500,3.8750,3.7500,3.8750,2.9071,8200
1988-06-16,3.8750,3.8750,3.7500,3.8750,2.9071,10300
1988-06-17,3.8750,3.8750,3.6250,3.8750,2.9071,14300
1988-06-20,3.8750,3.8750,3.6250,3.8750,2.9071,6500
1988-06-21,3.8750,3.8750,3.6250,3.6250,2.7195,5200
1988-06-22,3.6250,3.7500,3.3750,3.6250,2.7195,27800
1988-06-23,3.6250,3.6250,3.3750,3.6250,2.7195,4400
1988-06-24,3.6250,3.6250,3.3750,3.6250,2.7195,3700
1988-06-27,3.5000,3.5000,3.3750,3.3750,2.5320,5400
1988-06-28,3.5000,3.5000,3.5000,3.5000,2.6257,1000
1988-06-29,3.3750,3.3750,3.3750,3.3750,2.5320,2300
1988-06-30,3.3750,3.3750,3.2500,3.3750,2.5320,8700
1988-07-01,3.2500,3.2500,3.1250,3.2500,2.4382,4400
1988-07-05,3.2500,3.2500,3.1250,3.2500,2.4382,7400
1988-07-06,3.2500,3.2500,3.1250,3.2500,2.4382,7600
1988-07-07,3.1250,3.1250,3.1250,3.1250,2.3444,2300
1988-07-08,3.1250,3.2500,3.0000,3.2500,2.4382,14500
1988-07-11,3.2500,3.3750,3.0000,3.0000,2.2506,40800
1988-07-12,3.0000,3.2500,3.0000,3.2500,2.4382,1100
1988-07-13,3.2500,3.2500,3.2500,3.2500,2.4382,1700
1988-07-14,3.2500,3.2500,3.1250,3.1250,2.3444,4500
1988-07-15,3.1250,3.3750,3.1250,3.3750,2.5320,900
1988-07-18,3.3750,3.3750,3.1250,3.3750,2.5320,900
1988-07-19,3.3750,3.3750,3.2500,3.2500,2.4382,11600
1988-07-20,3.2500,3.3750,3.2500,3.2500,2.4382,8000
1988-07-21,3.3750,3.3750,3.3750,3.3750,2.5320,900
1988-07-22,3.1250,3.1250,3.1250,3.1250,2.3444,3000
1988-07-25,3.1250,3.3750,3.1250,3.3750,2.5320,3200
1988-07-26,3.2500,3.2500,3.1250,3.1250,2.3444,6000
1988-07-27,3.1250,3.2500,3.0000,3.2500,2.4382,8500
1988-07-28,3.2500,3.2500,3.0000,3.0000,2.2506,17100
1988-07-29,3.0000,3.0000,3.0000,3.0000,2.2506,3300
1988-08-01,3.0000,3.2500,3.0000,3.0000,2.2506,2000
1988-08-02,3.1250,3.1250,3.1250,3.1250,2.3444,2100
1988-08-03,3.1250,3.1250,3.0000,3.1250,2.3444,6700
1988-08-04,3.1250,3.1250,3.0000,3.0000,2.2506,4000
1988-08-05,3.0000,3.1250,3.0000,3.1250,2.3444,2400
1988-08-08,3.1250,3.1250,3.1250,3.1250,2.3444,100
1988-08-09,3.1250,3.1250,3.0000,3.1250,2.3444,27300
1988-08-10,3.1250,3.1250,3.1250,3.1250,2.3444,3200
1988-08-11,3.1250,3.2500,3.0000,3.2500,2.4382,5900
1988-08-12,3.2500,3.2500,3.0000,3.1250,2.3444,39400
1988-08-15,3.1250,3.1250,3.0000,3.0000,2.2506,11100
1988-08-16,3.0000,3.1250,3.0000,3.1250,2.3444,18300
1988-08-17,3.1250,3.1250,3.0000,3.1250,2.3444,1900
1988-08-18,3.1250,3.2500,3.0000,3.2500,2.4382,35900
1988-08-19,3.2500,3.2500,3.0000,3.2500,2.4382,3100
1988-08-22,3.2500,3.2500,3.0000,3.2500,2.4382,13800
1988-08-23,3.2500,3.2500,3.1250,3.1250,2.3444,2400
1988-08-24,3.1250,3.3750,3.1250,3.3750,2.5320,21600
1988-08-25,3.3750,3.3750,3.2500,3.3750,2.5320,3000
1988-08-26,3.2500,3.2500,3.2500,3.2500,2.4382,1400
1988-08-29,3.2500,3.2500,3.2500,3.2500,2.4382,0
1988-08-30,3.2500,3.3750,3.1250,3.1250,2.3444,6400
1988-08-31,3.1250,3.1250,3.1250,3.1250,2.3444,3200
1988-09-01,3.1250,3.2500,3.1250,3.2500,2.4382,2400
1988-09-02,3.2500,3.3750,3.1250,3.3750,2.5320,5000
1988-09-06,3.3750,3.3750,3.1250,3.3750,2.5320,1400
1988-09-07,3.2500,3.2500,3.1250,3.1250,2.3444,1200
1988-09-08,3.1250,3.3750,3.1250,3.3750,2.5320,7300
1988-09-09,3.3750,3.3750,3.2500,3.3750,2.5320,24900
1988-09-12,3.3750,4.0000,3.2500,4.0000,3.0008,56100
1988-09-13,4.0000,4.0000,3.6250,3.6250,2.7195,30400
1988-09-14,3.6250,3.6250,3.5000,3.5000,2.6257,7200
1988-09-15,3.5000,3.7500,3.5000,3.6250,2.7195,12300
1988-09-16,3.6250,3.6250,3.5000,3.5000,2.6257,4300
1988-09-19,3.5000,3.5000,3.2500,3.5000,2.6257,14000
1988-09-20,3.5000,3.5000,3.2500,3.5000,2.6257,5300
1988-09-21,3.3750,3.3750,3.2500,3.3750,2.5320,21600
1988-09-22,3.3750,3.3750,3.2500,3.3750,2.5320,9700
1988-09-23,3.2500,3.2500,3.1250,3.2500,2.4382,5000
1988-09-26,3.2500,3.2500,3.1250,3.1250,2.3444,4000
1988-09-27,3.1250,3.1250,3.1250,3.1250,2.3444,10600
1988-09-28,3.1250,3.2500,3.0000,3.2500,2.4382,6100
1988-09-29,3.2500,3.2500,3.2500,3.2500,2.4382,100
1988-09-30,3.1250,3.1250,3.0000,3.1250,2.3444,3500
1988-10-03,3.0000,3.0000,3.0000,3.0000,2.2506,3000
1988-10-04,3.0000,3.1250,3.0000,3.0000,2.2506,2000
1988-10-05,3.0000,3.1250,3.0000,3.1250,2.3444,33400
1988-10-06,3.1250,3.2500,3.0000,3.0000,2.2506,1900
1988-10-07,3.0000,3.0000,3.0000,3.0000,2.2506,400
1988-10-10,3.1250,3.2500,3.1250,3.2500,2.4382,7800
1988-10-11,3.2500,3.2500,3.1250,3.2500,2.4382,12200
1988-10-12,3.2500,3.2500,3.1250,3.1250,2.3444,10500
1988-10-13,3.1250,3.2500,3.1250,3.2500,2.4382,4800
1988-10-14,3.2500,3.2500,3.2500,3.2500,2.4382,4600
1988-10-17,3.2500,3.2500,3.1250,3.1250,2.3444,2300
1988-10-18,3.1250,3.3750,3.1250,3.2500,2.4382,145900
1988-10-19,3.2500,3.5000,3.2500,3.2500,2.4382,19600
1988-10-20,3.2500,3.2500,3.2500,3.2500,2.4382,1300
1988-10-21,3.2500,3.2500,3.2500,3.2500,2.4382,4700
1988-10-24,3.2500,3.3750,3.2500,3.3750,2.5320,18200
1988-10-25,3.3750,3.3750,3.2500,3.3750,2.5320,40900
1988-10-26,3.3750,3.3750,3.2500,3.3750,2.5320,9600
1988-10-27,3.3750,3.3750,3.2500,3.3750,2.5320,1400
1988-10-28,3.3750,4.0000,3.2500,3.7500,2.8133,71400
1988-10-31,3.7500,3.7500,3.4375,3.4375,2.5788,12800
1988-11-01,3.3750,3.3750,3.3750,3.3750,2.5320,100
1988-11-02,3.3750,3.5000,3.2500,3.5000,2.6257,3000
1988-11-03,3.5000,3.5000,3.3750,3.5000,2.6257,37200
1988-11-04,3.5000,3.5000,3.3750,3.3750,2.5320,700
1988-11-07,3.3750,3.5000,3.3750,3.5000,2.6257,200
1988-11-08,3.5000,3.6250,3.2500,3.5000,2.6257,10700
1988-11-09,3.5000,3.6250,3.3750,3.3750,2.5320,12400
1988-11-10,3.3750,3.5000,3.3750,3.3750,2.5320,10200
1988-11-11,3.2500,3.2500,3.2500,3.2500,2.4382,2700
1988-11-14,3.2500,3.3750,3.1250,3.2500,2.4382,6000
1988-11-15,3.2500,3.3750,3.1250,3.2500,2.4382,9900
1988-11-16,3.2500,3.2500,3.2500,3.2500,2.4382,0
1988-11-17,3.2500,3.2500,3.0000,3.0000,2.2506,700
1988-11-18,3.0000,3.1250,3.0000,3.1250,2.3444,25600
1988-11-21,3.1250,3.1250,2.7500,3.0000,2.2506,22400
1988-11-22,3.0000,3.0000,2.7500,3.0000,2.2506,5300
1988-11-23,3.0000,3.0000,2.8750,3.0000,2.2506,5500
1988-11-25,3.0000,3.0000,2.8750,3.0000,2.2506,92700
1988-11-28,3.0000,3.0000,2.7500,3.0000,2.2506,3000
1988-11-29,3.0000,3.0000,2.7500,2.8750,2.1569,2900
1988-11-30,2.8750,3.0000,2.7500,2.7500,2.0631,7000
1988-12-01,2.7500,3.0000,2.7500,3.0000,2.2506,6500
1988-12-02,3.0000,3.0000,3.0000,3.0000,2.2506,200
1988-12-05,3.0000,3.0000,2.7500,2.7500,2.0631,9400
1988-12-06,2.7500,3.0000,2.7500,2.7500,2.0631,4100
1988-12-07,2.7500,3.0000,2.6250,2.7500,2.0631,29400
1988-12-08,2.7500,2.8750,2.6250,2.7500,2.0631,22300
1988-12-09,2.7500,2.8750,2.6250,2.7500,2.0631,14400
1988-12-12,2.7500,2.7500,2.6250,2.6250,1.9693,17000
1988-12-13,2.6250,2.7500,2.5000,2.5000,1.8755,7700
1988-12-14,2.5000,2.7500,2.5000,2.7500,2.0631,7100
1988-12-15,2.7500,2.7500,2.5000,2.6250,1.9693,9600
1988-12-16,2.6250,2.7500,2.5000,2.7500,2.0631,23300
1988-12-19,2.7500,2.7500,2.5000,2.6250,1.9693,85500
1988-12-20,2.6250,2.6250,2.5000,2.6250,1.9693,36900
1988-12-21,2.6250,2.7500,2.5000,2.6250,1.9693,13500
1988-12-22,2.6250,2.7500,2.5000,2.6250,1.9693,7500
1988-12-23,2.6250,2.6250,2.5000,2.6250,1.9693,9300
1988-12-27,2.6250,2.6250,2.5000,2.6250,1.9693,2700
1988-12-28,2.6250,2.6250,2.5000,2.6250,1.9693,31700
1988-12-29,2.6250,2.7500,2.5000,2.6250,1.9693,71500
1988-12-30,2.6250,2.7500,2.6250,2.7500,2.0631,43000
1989-01-03,2.7500,2.7500,2.6250,2.6250,1.9693,8300
1989-01-04,2.6250,2.7500,2.6250,2.6250,1.9693,25700
1989-01-05,2.6250,2.7500,2.6250,2.7500,2.0631,15800
1989-01-06,2.7500,2.8750,2.6250,2.8750,2.1569,6000
1989-01-09,2.8750,2.8750,2.6250,2.8750,2.1569,3100
1989-01-10,2.8750,2.8750,2.8750,2.8750,2.1569,0
1989-01-11,2.7500,2.7500,2.6250,2.6250,1.9693,1500
1989-01-12,2.6250,2.7500,2.6250,2.7500,2.0631,90500
1989-01-13,2.7500,2.8750,2.7500,2.8750,2.1569,26700
1989-01-16,2.8750,3.0000,2.7500,3.0000,2.2506,2500
1989-01-17,3.0000,3.0000,2.7500,2.7500,2.0631,2600
1989-01-18,2.7500,3.0000,2.7500,2.7500,2.0631,9600
1989-01-19,2.7500,2.7500,2.7500,2.7500,2.0631,18800
1989-01-20,2.7500,2.8750,2.7500,2.8750,2.1569,8600
1989-01-23,2.7500,2.7500,2.7500,2.7500,2.0631,200
1989-01-24,2.7500,2.7500,2.7500,2.7500,2.0631,1200
1989-01-25,2.7500,2.8750,2.7500,2.7500,2.0631,2500
1989-01-26,2.7500,2.8750,2.7500,2.8750,2.1569,1900
1989-01-27,2.8750,2.8750,2.7500,2.7500,2.0631,4500
1989-01-30,2.7500,2.7500,2.7500,2.7500,2.0631,600
1989-01-31,2.7500,2.8750,2.7500,2.7500,2.0631,37400
1989-02-01,2.7500,2.8750,2.7500,2.8750,2.1569,2500
1989-02-02,2.8750,2.8750,2.7500,2.7500,2.0631,8500
1989-02-03,2.7500,2.8750,2.7500,2.8750,2.1569,6200
1989-02-06,2.7500,2.7500,2.7500,2.7500,2.0631,3500
1989-02-07,2.7500,2.7500,2.7500,2.7500,2.0631,11500
1989-02-08,2.7500,2.8750,2.7500,2.7500,2.0631,12300
1989-02-09,2.7500,2.8750,2.7500,2.8750,2.1569,3200
1989-02-10,2.8750,2.8750,2.7500,2.8750,2.1569,8200
1989-02-13,2.8750,2.8750,2.7500,2.8750,2.1569,2500
1989-02-14,2.8750,2.8750,2.7500,2.8750,2.1569,10200
1989-02-15,2.8750,2.8750,2.7500,2.8750,2.1569,2500
1989-02-16,2.7500,2.7500,2.7500,2.7500,2.0631,4100
1989-02-17,2.7500,2.8750,2.7500,2.8750,2.1569,18500
1989-02-21,2.8750,2.8750,2.7500,2.8750,2.1569,14500
1989-02-22,2.8750,3.0000,2.7500,2.8750,2.1569,7700
1989-02-23,2.8750,2.8750,2.7500,2.7500,2.0631,25500
1989-02-24,2.8750,2.8750,2.8750,2.8750,2.1569,2600
1989-02-27,2.8750,2.8750,2.8750,2.8750,2.1569,7400
1989-02-28,2.8750,2.8750,2.7500,2.8750,2.1569,14600
1989-03-01,2.8750,2.8750,2.8750,2.8750,2.1569,600
1989-03-02,2.8750,2.8750,2.7500,2.8750,2.1569,3400
1989-03-03,2.8750,2.8750,2.8750,2.8750,2.1569,1800
1989-03-06,2.8750,2.8750,2.8750,2.8750,2.1569,200
1989-03-07,2.7500,2.7500,2.7500,2.7500,2.0631,1500
1989-03-08,2.7500,2.8750,2.6250,2.8750,2.1569,7700
1989-03-09,2.8750,2.8750,2.6250,2.8750,2.1569,3200
1989-03-10,2.8750,2.8750,2.6250,2.8750,2.1569,2400
1989-03-13,2.8750,2.8750,2.6250,2.6250,1.9693,3600
1989-03-14,2.6250,2.8750,2.6250,2.7500,2.0631,2000
1989-03-15,2.7500,2.8750,2.6250,2.8750,2.1569,58400
1989-03-16,2.7500,2.7500,2.7500,2.7500,2.0631,1000
1989-03-17,2.7500,2.7500,2.6250,2.7500,2.0631,10300
1989-03-20,2.7500,2.7500,2.7500,2.7500,2.0631,1400
1989-03-21,2.7500,2.7500,2.6250,2.7500,2.0631,12100
1989-03-22,2.7500,2.7500,2.6250,2.7500,2.0631,2600
1989-03-23,2.7500,2.7500,2.7500,2.7500,2.0631,0
1989-03-27,2.7500,2.7500,2.6250,2.6250,1.9693,6900
1989-03-28,2.7500,2.7500,2.7500,2.7500,2.0631,1000
1989-03-29,2.7500,2.7500,2.7500,2.7500,2.0631,2000
1989-03-30,2.7500,2.7500,2.6250,2.7500,2.0631,13000
1989-03-31,2.7500,2.7500,2.6250,2.6250,1.9693,11900
1989-04-03,2.6250,2.6250,2.6250,2.6250,1.9693,5500
1989-04-04,2.6250,2.6250,2.5000,2.6250,1.9693,4500
1989-04-05,2.6250,2.7500,2.5000,2.5000,1.8755,3000
1989-04-06,2.5000,2.7500,2.5000,2.5000,1.8755,1700
1989-04-07,2.5000,2.7500,2.5000,2.5000,1.8755,1400
1989-04-10,2.5000,2.7500,2.5000,2.5000,1.8755,17300
1989-04-11,2.5000,2.7500,2.3750,2.6250,1.9693,17600
1989-04-12,2.6250,2.6250,2.3750,2.6250,1.9693,4700
1989-04-13,2.5000,2.5000,2.3750,2.5000,1.8755,8000
1989-04-14,2.5000,2.5000,2.3750,2.5000,1.8755,17600
1989-04-17,2.5000,2.5000,2.3750,2.3750,1.7817,1700
1989-04-18,2.3750,2.6250,2.3750,2.6250,1.9693,41900
1989-04-19,2.6250,2.6250,2.6250,2.6250,1.9693,13600
1989-04-20,2.6250,2.6250,2.5000,2.6250,1.9693,4000
1989-04-21,2.6250,2.8750,2.6250,2.8750,2.1569,19700
1989-04-24,2.7500,2.7500,2.7500,2.7500,2.0631,3900
1989-04-25,2.7500,2.7500,2.7500,2.7500,2.0631,0
1989-04-26,2.7500,2.8750,2.6250,2.6250,1.9693,1400
1989-04-27,2.6250,2.6250,2.6250,2.6250,1.9693,500
1989-04-28,2.6250,2.8750,2.6250,2.6250,1.9693,4100
1989-05-01,2.6250,2.7500,2.6250,2.7500,2.0631,3500
1989-05-02,2.7500,2.7500,2.6250,2.7500,2.0631,12000
1989-05-03,2.7500,2.7500,2.6250,2.7500,2.0631,8400
1989-05-04,2.7500,2.7500,2.6250,2.7500,2.0631,6000
1989-05-05,2.7500,2.7500,2.6250,2.7500,2.0631,8700
1989-05-08,2.7500,2.7500,2.6250,2.6250,1.9693,1000
1989-05-09,2.6250,2.6250,2.6250,2.6250,1.9693,300
1989-05-10,2.6250,2.8750,2.6250,2.8750,2.1569,5500
1989-05-11,2.8750,2.8750,2.6250,2.8750,2.1569,4100
1989-05-12,2.8750,2.8750,2.8750,2.8750,2.1569,0
1989-05-15,2.6250,2.6250,2.6250,2.6250,1.9693,800
1989-05-16,2.6250,2.7500,2.6250,2.7500,2.0631,4400
1989-05-17,2.8750,2.8750,2.8750,2.8750,2.1569,200
1989-05-18,2.7500,2.7500,2.6250,2.7500,2.0631,5000
1989-05-19,2.7500,2.7500,2.6250,2.7500,2.0631,3000
1989-05-22,2.7500,2.7500,2.6250,2.7500,2.0631,5400
1989-05-23,2.6875,2.6875,2.6250,2.6250,1.9693,5100
1989-05-24,2.6250,2.7500,2.6250,2.6250,1.9693,2200
1989-05-25,2.6250,2.7500,2.6250,2.6250,1.9693,4100
1989-05-26,2.6250,2.6250,2.6250,2.6250,1.9693,0
1989-05-30,2.6250,2.7500,2.6250,2.6250,1.9693,9100
1989-05-31,2.6250,2.7500,2.6250,2.7500,2.0631,4000
1989-06-01,2.7500,2.7500,2.6250,2.6250,1.9693,3100
1989-06-02,2.7500,2.7500,2.7500,2.7500,2.0631,10500
1989-06-05,2.6250,2.6250,2.6250,2.6250,1.9693,600
1989-06-06,2.6250,2.7500,2.6250,2.6875,2.0162,13400
1989-06-07,2.6875,2.7500,2.6250,2.7500,2.0631,4300
1989-06-08,2.7500,2.7500,2.6250,2.6250,1.9693,8500
1989-06-09,2.6250,2.7500,2.6250,2.6250,1.9693,4900
1989-06-12,2.6250,2.7500,2.6250,2.7500,2.0631,11500
1989-06-13,2.7500,2.7500,2.6250,2.6250,1.9693,7400
1989-06-14,2.6250,2.7500,2.6250,2.7500,2.0631,7500
1989-06-15,2.7500,2.7500,2.6250,2.7500,2.0631,1400
1989-06-16,2.7500,2.7500,2.7500,2.7500,2.0631,1500
1989-06-19,2.6250,2.6250,2.6250,2.6250,1.9693,1000
1989-06-20,2.6250,2.7500,2.6250,2.7500,2.0631,2000
1989-06-21,2.7500,2.7500,2.6250,2.7500,2.0631,6800
1989-06-22,2.7500,2.7500,2.6250,2.7500,2.0631,4800
1989-06-23,2.7500,2.8750,2.6250,2.8750,2.1569,9800
1989-06-26,2.8750,2.8750,2.8750,2.8750,2.1569,4500
1989-06-27,2.8750,2.8750,2.6250,2.8750,2.1569,1000
1989-06-28,2.8750,2.8750,2.6250,2.8750,2.1569,19300
1989-06-29,2.7500,2.7500,2.6250,2.6250,1.9693,6400
1989-06-30,2.6250,2.7500,2.6250,2.6250,1.9693,10500
1989-07-03,2.6250,2.6250,2.6250,2.6250,1.9693,0
1989-07-05,2.6250,2.6250,2.6250,2.6250,1.9693,1800
1989-07-06,2.6250,2.8750,2.6250,2.8750,2.1569,3700
1989-07-07,2.6250,2.6250,2.6250,2.6250,1.9693,39400
1989-07-10,2.6250,2.7500,2.6250,2.6250,1.9693,7200
1989-07-11,2.6250,2.7500,2.6250,2.7500,2.0631,14100
1989-07-12,2.7500,2.7500,2.6250,2.7500,2.0631,16000
1989-07-13,2.7500,2.7500,2.6250,2.7500,2.0631,11100
1989-07-14,2.7500,2.7500,2.5000,2.5000,1.8755,9600
1989-07-17,2.5000,2.7500,2.5000,2.7500,2.0631,3000
1989-07-18,2.7500,2.7500,2.5000,2.7500,2.0631,7600
1989-07-19,2.7500,2.7500,2.5000,2.6875,2.0162,29300
1989-07-20,2.6875,2.7500,2.5000,2.7500,2.0631,4100
1989-07-21,2.7500,2.7500,2.7500,2.7500,2.0631,1800
1989-07-24,2.7500,2.7500,2.5000,2.7500,2.0631,10500
1989-07-25,2.7500,2.7500,2.5000,2.7500,2.0631,9600
1989-07-26,2.7500,2.7500,2.5000,2.7500,2.0631,4900
1989-07-27,2.7500,2.7500,2.7500,2.7500,2.0631,200
1989-07-28,2.7500,2.7500,2.5000,2.5000,1.8755,5000
1989-07-31,2.5000,2.7500,2.5000,2.7500,2.0631,3500
1989-08-01,2.6250,2.6250,2.5000,2.5000,1.8755,4700
1989-08-02,2.5000,2.6250,2.5000,2.6250,1.9693,3400
1989-08-03,2.6250,2.7500,2.5000,2.5000,1.8755,13100
1989-08-04,2.5000,2.6250,2.5000,2.5000,1.8755,6600
1989-08-07,2.5625,2.6250,2.5625,2.6250,1.9693,11600
1989-08-08,2.6250,2.6250,2.6250,2.6250,1.9693,10500
1989-08-09,2.6250,2.6250,2.0000,2.0000,1.5004,1662500
1989-08-10,2.5000,2.6250,2.5000,2.6250,1.9693,53500
1989-08-11,2.6250,2.6250,2.5000,2.6250,1.9693,19200
1989-08-14,2.6250,2.6250,2.5000,2.6250,1.9693,27600
1989-08-15,2.6250,2.6250,2.5000,2.6250,1.9693,14700
1989-08-16,2.6250,2.6250,2.5000,2.6250,1.9693,201400
1989-08-17,2.6250,2.6250,2.4375,2.6250,1.9693,180100
1989-08-18,2.6250,2.7500,2.6250,2.7500,2.0631,146900
1989-08-21,2.7500,2.7500,2.7500,2.7500,2.0631,4700
1989-08-22,2.7500,3.0000,2.5625,3.0000,2.2506,38700
1989-08-23,3.0000,3.5000,2.8750,3.5000,2.6257,87400
1989-08-24,3.5000,3.6250,3.2500,3.6250,2.7195,95000
1989-08-25,3.6250,4.0000,3.5000,3.8750,2.9071,66400
1989-08-28,3.8750,3.8750,3.6250,3.7500,2.8133,29400
1989-08-29,3.7500,3.8750,3.3750,3.6250,2.7195,32800
1989-08-30,3.6250,3.6250,3.3125,3.3750,2.5320,19700
1989-08-31,3.3750,4.0000,3.2500,4.0000,3.0008,451000
1989-09-01,4.0000,4.0000,3.7500,4.0000,3.0008,37400
1989-09-05,4.0000,4.0000,3.7500,4.0000,3.0008,65600
1989-09-06,4.0000,4.0000,3.7500,4.0000,3.0008,50000
1989-09-07,4.0000,4.0000,3.7500,4.0000,3.0008,95900
1989-09-08,4.0000,4.0000,3.7500,4.0000,3.0008,56600
1989-09-11,4.0000,4.0000,3.7500,3.8750,2.9071,56100
1989-09-12,3.8750,4.1250,3.8750,4.0000,3.0008,28800
1989-09-13,4.0000,4.1250,3.7500,4.0000,3.0008,10100
1989-09-14,4.0000,4.0000,3.6250,3.6250,2.7195,20500
1989-09-15,3.8750,3.8750,3.8750,3.8750,2.9071,300
1989-09-18,3.8750,3.8750,3.6250,3.6250,2.7195,15300
1989-09-19,3.6250,3.7500,3.6250,3.6250,2.7195,14900
1989-09-20,3.6250,3.7500,3.5000,3.6250,2.7195,10100
1989-09-21,3.6250,3.6250,3.3750,3.3750,2.5320,9800
1989-09-22,3.3750,3.6250,3.3750,3.5000,2.6257,2500
1989-09-25,3.5000,3.5000,3.1250,3.2500,2.4382,77000
1989-09-26,3.2500,3.2500,3.1250,3.1875,2.3913,9900
1989-09-27,3.1875,3.2500,3.1250,3.2500,2.4382,33600
1989-09-28,3.2500,3.2500,3.1250,3.1250,2.3444,12800
1989-09-29,3.1250,3.1250,3.0000,3.0000,2.2506,32500
1989-10-02,3.0000,3.1250,3.0000,3.0000,2.2506,14600
1989-10-03,3.0000,3.1250,2.7500,2.7500,2.0631,24800
1989-10-04,2.7500,2.8750,2.5000,2.6250,1.9693,45700
1989-10-05,2.6250,2.8750,2.5000,2.5000,1.8755,13400
1989-10-06,2.5000,2.7500,2.5000,2.5000,1.8755,14000
1989-10-09,2.5625,2.7500,2.5625,2.5625,1.9224,2000
1989-10-10,2.5625,2.7500,2.5000,2.5000,1.8755,31200
1989-10-11,2.5000,2.7500,2.5000,2.5000,1.8755,14300
1989-10-12,2.5000,2.6250,2.5000,2.5000,1.8755,49600
1989-10-13,2.5000,2.7500,2.5000,2.5000,1.8755,17700
1989-10-16,2.5000,2.7500,2.3750,2.3750,1.7817,16800
1989-10-17,2.3750,2.5000,2.2500,2.2500,1.6880,34300
1989-10-18,2.2500,2.3750,1.6250,2.2500,1.6880,79600
1989-10-19,2.2500,2.2500,1.5000,1.5625,1.1722,154800
1989-10-20,1.5625,2.0000,1.5000,1.8750,1.4066,106500
1989-10-23,1.8750,2.0000,1.6250,2.0000,1.5004,26800
1989-10-24,2.0000,2.2500,2.0000,2.1250,1.5942,25100
1989-10-25,2.1250,2.2500,2.1250,2.1250,1.5942,2500
1989-10-26,2.2500,2.5000,2.2500,2.3750,1.7817,24800
1989-10-27,2.3750,2.5000,2.2500,2.3750,1.7817,5100
1989-10-30,2.3750,2.3750,2.2500,2.2500,1.6880,8900
1989-10-31,2.2500,2.3750,1.9375,2.0000,1.5004,52300
1989-11-01,1.8750,1.8750,1.6250,1.6250,1.2191,5500
1989-11-02,1.7500,1.8750,1.7500,1.7500,1.3129,17400
1989-11-03,1.7500,1.8750,1.7500,1.8125,1.3598,23400
1989-11-06,1.8125,2.0000,1.8125,2.0000,1.5004,21700
1989-11-07,2.0000,2.0000,1.9375,2.0000,1.5004,24000
1989-11-08,2.0000,2.0000,1.8750,2.0000,1.5004,11500
1989-11-09,2.0000,2.1250,2.0000,2.0000,1.5004,18200
1989-11-10,1.8750,1.8750,1.7500,1.8750,1.4066,2600
1989-11-13,2.0000,2.0000,2.0000,2.0000,1.5004,700
1989-11-14,2.0000,2.1250,1.7500,2.1250,1.5942,68600
1989-11-15,2.1250,2.2500,2.0000,2.0000,1.5004,900
1989-11-16,2.0000,2.2500,2.0000,2.0000,1.5004,34300
1989-11-17,2.0000,2.1250,1.8750,2.1250,1.5942,5100
1989-11-20,2.1250,2.1250,1.8750,1.8750,1.4066,700
1989-11-21,1.8750,2.0000,1.7500,2.0000,1.5004,20400
1989-11-22,1.7500,1.7500,1.7500,1.7500,1.3129,300
1989-11-24,1.8750,2.1250,1.8750,2.1250,1.5942,1700
1989-11-27,2.1250,2.1250,1.8750,2.0000,1.5004,28700
1989-11-28,2.0000,2.1250,1.8750,2.0000,1.5004,9300
1989-11-29,1.9375,1.9375,1.7500,1.8750,1.4066,18100
1989-11-30,1.8750,1.8750,1.7500,1.7500,1.3129,5300
1989-12-01,1.8750,2.0000,1.8750,2.0000,1.5004,9800
1989-12-04,2.0000,2.0000,1.8750,1.8750,1.4066,3000
1989-12-05,1.8750,2.0000,1.7500,1.7500,1.3129,8500
1989-12-06,1.7500,2.0000,1.7500,1.7500,1.3129,22300
1989-12-07,1.7500,1.9375,1.7500,1.7500,1.3129,8400
1989-12-08,1.7500,1.9375,1.7500,1.7500,1.3129,3100
1989-12-11,1.7500,1.9375,1.7500,1.9375,1.4535,8700
1989-12-12,1.9375,1.9375,1.7500,1.7500,1.3129,36000
1989-12-13,1.7500,1.8750,1.5000,1.8750,1.4066,14000
1989-12-14,1.8750,1.8750,1.5000,1.7500,1.3129,29000
1989-12-15,1.7500,1.7500,1.5000,1.5000,1.1253,4500
1989-12-18,1.5000,1.7500,1.5000,1.7500,1.3129,3700
1989-12-19,1.7500,1.7500,1.5000,1.6250,1.2191,11000
1989-12-20,1.6250,1.8750,1.6250,1.8750,1.4066,234700
1989-12-21,1.7500,1.7500,1.7500,1.7500,1.3129,6500
1989-12-22,1.7500,1.8750,1.6250,1.6250,1.2191,8700
1989-12-26,1.6250,1.8750,1.6250,1.7500,1.3129,2800
1989-12-27,1.5000,1.5000,1.3750,1.5000,1.1253,16100
1989-12-28,1.5000,1.6250,1.2500,1.3750,1.0315,47600
1989-12-29,1.3750,1.6250,1.3125,1.6250,1.2191,40300
1990-01-02,1.6250,1.7500,1.5000,1.6250,1.2191,1500
1990-01-03,1.6250,1.6250,1.5000,1.6250,1.2191,2700
1990-01-04,1.5000,1.5000,1.5000,1.5000,1.1253,3300
1990-01-05,1.5000,1.6875,1.5000,1.6875,1.2660,10500
1990-01-08,1.6875,1.6875,1.6875,1.6875,1.2660,100
1990-01-09,1.6875,1.6875,1.6250,1.6250,1.2191,12700
1990-01-10,1.6250,1.6250,1.4375,1.4375,1.0784,3200
1990-01-11,1.4375,1.6250,1.4375,1.6250,1.2191,3400
1990-01-12,1.6250,1.7500,1.5000,1.7500,1.3129,12700
1990-01-15,1.5000,1.5000,1.5000,1.5000,1.1253,200
1990-01-16,1.7500,1.7500,1.7500,1.7500,1.3129,1000
1990-01-17,1.7500,2.1250,1.6250,2.1250,1.5942,24300
1990-01-18,2.1250,2.2500,1.9375,2.0000,1.5004,16700
1990-01-19,2.0000,2.0000,2.0000,2.0000,1.5004,15000
1990-01-22,2.0000,2.0000,1.6250,1.8750,1.4066,10500
1990-01-23,1.8750,1.8750,1.6250,1.7500,1.3129,6000
1990-01-24,1.7500,1.7500,1.6250,1.7500,1.3129,900
1990-01-25,1.7500,1.7500,1.7500,1.7500,1.3129,0
1990-01-26,1.8750,1.8750,1.8750,1.8750,1.4066,2000
1990-01-29,1.6250,1.6250,1.6250,1.6250,1.2191,2300
1990-01-30,1.6250,1.7500,1.6250,1.7500,1.3129,3300
1990-01-31,1.7500,1.7500,1.6250,1.6250,1.2191,2600
1990-02-01,1.6250,1.7500,1.6250,1.7500,1.3129,160200
1990-02-02,1.6250,1.6250,1.6250,1.6250,1.2191,800
1990-02-05,1.6250,1.7500,1.6250,1.7500,1.3129,1300
1990-02-06,1.7500,1.8750,1.6875,1.8750,1.4066,57100
1990-02-07,1.8750,1.8750,1.7500,1.7500,1.3129,19500
1990-02-08,1.7500,1.8750,1.7500,1.7500,1.3129,8600
1990-02-09,1.7500,1.7500,1.7500,1.7500,1.3129,0
1990-02-12,1.7500,1.7500,1.7500,1.7500,1.3129,11200
1990-02-13,1.7500,1.8750,1.6250,1.8750,1.4066,10700
1990-02-14,1.7500,1.7500,1.6250,1.6250,1.2191,4100
1990-02-15,1.6250,1.7500,1.6250,1.6250,1.2191,2100
1990-02-16,1.5000,1.5000,1.5000,1.5000,1.1253,4000
1990-02-20,1.6250,1.7500,1.6250,1.6250,1.2191,2500
1990-02-21,1.6250,1.6250,1.3750,1.6250,1.2191,30600
1990-02-22,1.5000,1.5000,1.5000,1.5000,1.1253,10500
1990-02-23,1.5000,1.6250,1.4375,1.6250,1.2191,7000
1990-02-26,1.6250,1.6250,1.4375,1.4375,1.0784,24800
1990-02-27,1.4375,1.4375,1.4375,1.4375,1.0784,0
1990-02-28,1.5000,1.5000,1.5000,1.5000,1.1253,2000
1990-03-01,1.5000,1.5000,1.5000,1.5000,1.1253,1400
1990-03-02,1.5000,1.6250,1.5000,1.5000,1.1253,8600
1990-03-05,1.5000,1.5000,1.5000,1.5000,1.1253,5900
1990-03-06,1.5000,1.5625,1.5000,1.5000,1.1253,16400
1990-03-07,1.5000,1.5000,1.1250,1.4375,1.0784,9100
1990-03-08,1.4375,1.5000,1.1875,1.5000,1.1253,12700
1990-03-09,1.5000,1.5000,1.5000,1.5000,1.1253,0
1990-03-12,1.5000,1.5000,1.3750,1.3750,1.0315,6700
1990-03-13,1.4375,1.5000,1.4375,1.5000,1.1253,7700
1990-03-14,1.5000,1.5000,1.5000,1.5000,1.1253,0
1990-03-15,1.5000,1.5000,1.5000,1.5000,1.1253,0
1990-03-16,1.5000,1.6250,1.5000,1.6250,1.2191,1800
1990-03-19,1.4688,1.4688,1.3750,1.4375,1.0784,29000
1990-03-20,1.3750,1.3750,1.3125,1.3125,0.9846,13600
1990-03-21,1.3125,1.5000,1.3125,1.3125,0.9846,3600
1990-03-22,1.3125,1.4375,1.3125,1.4375,1.0784,5400
1990-03-23,1.4375,1.4375,1.1875,1.4375,1.0784,14000
1990-03-26,1.1875,1.3750,1.1875,1.3750,1.0315,4100
1990-03-27,1.2500,1.3750,1.1250,1.3750,1.0315,3300
1990-03-28,1.1875,1.3125,1.1875,1.1875,0.8909,10800
1990-03-29,1.2500,1.3750,1.1875,1.3125,0.9846,41800
1990-03-30,1.1875,1.2500,1.1875,1.2500,0.9378,1500
1990-04-02,1.3750,1.3750,1.1875,1.3750,1.0315,1100
1990-04-03,1.2500,1.5000,1.2500,1.5000,1.1253,38900
1990-04-04,1.3125,1.5000,1.3125,1.5000,1.1253,1500
1990-04-05,1.5000,1.5000,1.5000,1.5000,1.1253,10400
1990-04-06,1.6250,1.6250,1.5000,1.5000,1.1253,2700
1990-04-09,1.6250,1.6250,1.3750,1.6250,1.2191,4500
1990-04-10,1.5000,1.5000,1.5000,1.5000,1.1253,7500
1990-04-11,1.3750,1.5625,1.3750,1.5625,1.1722,1500
1990-04-12,1.3750,1.5625,1.3750,1.5625,1.1722,300
1990-04-16,1.5625,1.5625,1.4375,1.5000,1.1253,6100
1990-04-17,1.5625,1.5625,1.5000,1.5000,1.1253,3200
1990-04-18,1.5000,1.5625,1.5000,1.5625,1.1722,15500
1990-04-19,1.5000,1.6250,1.5000,1.5000,1.1253,1100
1990-04-20,1.5000,1.6250,1.5000,1.6250,1.2191,12800
1990-04-23,1.5625,1.6250,1.5625,1.5625,1.1722,17000
1990-04-24,1.5625,1.7500,1.5625,1.7500,1.3129,5100
1990-04-25,1.7500,1.8750,1.7500,1.7500,1.3129,18500
1990-04-26,1.7500,1.7500,1.7500,1.7500,1.3129,0
1990-04-27,1.6250,1.6250,1.6250,1.6250,1.2191,2500
1990-04-30,1.6250,1.6250,1.5625,1.5938,1.1956,13000
1990-05-01,1.5938,1.5938,1.5938,1.5938,1.1956,0
1990-05-02,1.5938,1.5938,1.5938,1.5938,1.1956,0
1990-05-03,1.5625,1.5625,1.5625,1.5625,1.1722,100
1990-05-04,1.5625,1.5625,1.5625,1.5625,1.1722,0
1990-05-07,1.7500,1.7500,1.5625,1.5625,1.1722,500
1990-05-08,1.5625,1.7500,1.5625,1.7500,1.3129,1500
1990-05-09,1.5625,1.5625,1.5625,1.5625,1.1722,1800
1990-05-10,1.5625,1.5625,1.5625,1.5625,1.1722,0
1990-05-11,1.6875,1.6875,1.6875,1.6875,1.2660,3100
1990-05-14,1.5625,1.5625,1.5625,1.5625,1.1722,2100
1990-05-15,1.5625,1.6875,1.5625,1.5625,1.1722,3200
1990-05-16,1.5938,1.6250,1.5000,1.5000,1.1253,5700
1990-05-17,1.5000,1.5000,1.5000,1.5000,1.1253,2000
1990-05-18,1.5000,1.5000,1.5000,1.5000,1.1253,0
1990-05-21,1.6250,1.6250,1.5000,1.5000,1.1253,4300
1990-05-22,1.3750,1.3750,1.3750,1.3750,1.0315,500
1990-05-23,1.5625,1.5625,1.3125,1.3125,0.9846,2000
1990-05-24,1.3125,1.3125,1.3125,1.3125,0.9846,200
1990-05-25,1.5000,1.5000,1.2500,1.5000,1.1253,1300
1990-05-29,1.5000,1.5000,1.3125,1.3125,0.9846,2300
1990-05-30,1.3125,1.3125,1.3125,1.3125,0.9846,1000
1990-05-31,1.5000,1.5000,1.3125,1.3125,0.9846,300
1990-06-01,1.3125,1.4375,1.3125,1.4375,1.0784,5100
1990-06-04,1.3125,1.4375,1.3125,1.4375,1.0784,4500
1990-06-05,1.3125,1.3438,1.3125,1.3125,0.9846,10500
1990-06-06,1.3125,1.3125,1.3125,1.3125,0.9846,9500
1990-06-07,1.3125,1.3125,1.3125,1.3125,0.9846,0
1990-06-08,1.4375,1.4375,1.3125,1.3125,0.9846,2100
1990-06-11,1.2500,1.2500,1.2500,1.2500,0.9378,1000
1990-06-12,1.2500,1.3750,1.2500,1.3750,1.0315,7700
1990-06-13,1.1875,1.3125,1.1250,1.1250,0.8440,14200
1990-06-14,1.1250,1.1250,1.0000,1.0000,0.7502,7500
1990-06-15,0.9375,1.1875,0.9375,1.0000,0.7502,900
1990-06-18,1.0000,1.1250,1.0000,1.1250,0.8440,2000
1990-06-19,1.0000,1.1250,1.0000,1.0000,0.7502,7000
1990-06-20,1.0000,1.1250,0.9375,1.1250,0.8440,7000
1990-06-21,0.9375,1.1250,0.9375,1.1250,0.8440,2700
1990-06-22,1.1250,1.1250,0.9375,0.9375,0.7033,1400
1990-06-25,1.1250,1.1250,1.0000,1.0000,0.7502,5700
1990-06-26,1.0000,1.0000,1.0000,1.0000,0.7502,600
1990-06-27,1.0000,1.1250,1.0000,1.0000,0.7502,8300
1990-06-28,1.1250,1.1250,1.0000,1.0000,0.7502,900
1990-06-29,1.0000,1.0625,1.0000,1.0000,0.7502,18500
1990-07-02,1.0000,1.0000,1.0000,1.0000,0.7502,700
1990-07-03,1.1250,1.1250,1.0625,1.0625,0.7971,2500
1990-07-05,0.9375,1.0625,0.9375,1.0000,0.7502,9200
1990-07-06,1.1250,1.1250,0.9375,0.9375,0.7033,1800
1990-07-09,1.0000,1.0000,1.0000,1.0000,0.7502,1000
1990-07-10,1.1250,1.1250,1.1250,1.1250,0.8440,1500
1990-07-11,0.9375,1.0000,0.9375,1.0000,0.7502,1500
1990-07-12,1.0000,1.0625,1.0000,1.0625,0.7971,4200
1990-07-13,1.0625,1.2500,1.0000,1.2500,0.9378,22500
1990-07-16,1.1250,1.2500,1.1250,1.2500,0.9378,2900
1990-07-17,1.2500,1.2500,1.2500,1.2500,0.9378,0
1990-07-18,1.2500,1.2500,1.2500,1.2500,0.9378,3900
1990-07-19,1.2500,1.2500,1.2500,1.2500,0.9378,1000
1990-07-20,1.1250,1.1250,1.1250,1.1250,0.8440,1400
1990-07-23,1.3750,1.3750,1.1250,1.3750,1.0315,5100
1990-07-24,1.1250,1.1250,1.1250,1.1250,0.8440,3900
1990-07-25,1.0000,1.0000,1.0000,1.0000,0.7502,700
1990-07-26,1.0000,1.1250,1.0000,1.1250,0.8440,3300
1990-07-27,1.0000,1.1250,1.0000,1.1250,0.8440,4000
1990-07-30,1.1250,1.1250,1.0000,1.0000,0.7502,8300
1990-07-31,1.1250,1.1250,1.1250,1.1250,0.8440,7000
1990-08-01,1.1250,1.1250,1.1250,1.1250,0.8440,0
1990-08-02,1.2500,1.3750,1.1250,1.2500,0.9378,13500
1990-08-03,1.2500,1.3750,1.1250,1.3750,1.0315,3000
1990-08-06,1.3750,1.5000,1.2500,1.5000,1.1253,12700
1990-08-07,1.5000,1.5000,1.5000,1.5000,1.1253,2000
1990-08-08,1.5000,1.5000,1.2500,1.2500,0.9378,5600
1990-08-09,1.2500,1.3750,1.2500,1.3750,1.0315,18600
1990-08-10,1.3750,1.3750,1.3750,1.3750,1.0315,4000
1990-08-13,1.3750,1.5000,1.3750,1.5000,1.1253,8400
1990-08-14,1.4375,1.5000,1.3750,1.3750,1.0315,5800
1990-08-15,1.2500,1.2500,1.2500,1.2500,0.9378,4100
1990-08-16,1.2500,1.2500,1.2500,1.2500,0.9378,0
1990-08-17,1.2500,1.5000,1.0000,1.2500,0.9378,17100
1990-08-20,1.0000,1.0000,0.9375,1.0000,0.7502,13400
1990-08-21,1.2500,1.2500,0.9375,0.9375,0.7033,10300
1990-08-22,0.9375,1.0625,0.9375,1.0625,0.7971,22100
1990-08-23,1.0625,1.0625,1.0625,1.0625,0.7971,600
1990-08-24,1.0000,1.0000,0.9688,0.9688,0.7268,52300
1990-08-27,1.0625,1.0625,0.9688,0.9688,0.7268,4500
1990-08-28,0.9688,0.9688,0.9688,0.9688,0.7268,700
1990-08-29,0.9688,0.9688,0.9688,0.9688,0.7268,0
1990-08-30,0.8750,1.0000,0.8750,0.9375,0.7033,11000
1990-08-31,0.9375,0.9375,0.9375,0.9375,0.7033,7200
1990-09-04,0.8750,0.9375,0.7500,0.9375,0.7033,11000
1990-09-05,0.8125,0.9375,0.8125,0.8125,0.6095,16000
1990-09-06,0.9375,0.9375,0.8125,0.8125,0.6095,4000
1990-09-07,0.8125,0.8125,0.8125,0.8125,0.6095,0
1990-09-10,0.8125,0.8750,0.8125,0.8125,0.6095,5000
1990-09-11,0.8750,0.8750,0.8125,0.8750,0.6564,4500
1990-09-12,0.8125,0.8125,0.7500,0.7500,0.5627,8400
1990-09-13,0.8750,0.8750,0.7500,0.7500,0.5627,13000
1990-09-14,0.8750,0.8750,0.7500,0.7500,0.5627,400
1990-09-17,0.8750,0.8750,0.8750,0.8750,0.6564,2000
1990-09-18,0.7500,0.7500,0.7500,0.7500,0.5627,12100
1990-09-19,0.8750,0.8750,0.8750,0.8750,0.6564,5000
1990-09-20,0.8750,0.8750,0.7500,0.7500,0.5627,6700
1990-09-21,0.8125,0.8125,0.8125,0.8125,0.6095,3800
1990-09-24,0.8125,0.9375,0.8125,0.9375,0.7033,2400
1990-09-25,1.0000,1.0000,0.8750,1.0000,0.7502,6100
1990-09-26,1.0000,1.0000,1.0000,1.0000,0.7502,3300
1990-09-27,0.8750,1.0000,0.8750,1.0000,0.7502,900
1990-09-28,0.8750,1.0000,0.8750,1.0000,0.7502,53400
1990-10-01,0.8750,0.8750,0.8750,0.8750,0.6564,2500
1990-10-02,0.8125,0.8125,0.8125,0.8125,0.6095,1000
1990-10-03,0.8750,1.0000,0.8750,0.8750,0.6564,4100
1990-10-04,1.0000,1.0000,1.0000,1.0000,0.7502,200
1990-10-05,0.8750,0.8750,0.8750,0.8750,0.6564,2100
1990-10-08,0.8750,0.8750,0.8750,0.8750,0.6564,3000
1990-10-09,0.8750,0.8750,0.8750,0.8750,0.6564,3500
1990-10-10,0.8125,0.8125,0.8125,0.8125,0.6095,900
1990-10-11,0.8125,0.9375,0.8125,0.8125,0.6095,7000
1990-10-12,0.8750,0.8750,0.7500,0.8750,0.6564,3100
1990-10-15,0.7500,0.7500,0.6250,0.6875,0.5158,3300
1990-10-16,0.6875,0.6875,0.6875,0.6875,0.5158,0
1990-10-17,0.6875,0.6875,0.6875,0.6875,0.5158,200
1990-10-18,0.6875,0.8125,0.6875,0.8125,0.6095,9000
1990-10-19,0.8125,0.8125,0.8125,0.8125,0.6095,0
1990-10-22,0.6875,0.7500,0.6875,0.6875,0.5158,17300
1990-10-23,0.6250,0.6250,0.5000,0.5000,0.3751,6700
1990-10-24,0.5000,0.7500,0.5000,0.7500,0.5627,1600
1990-10-25,0.5000,0.7500,0.5000,0.5625,0.4220,1800
1990-10-26,0.5625,0.5625,0.5625,0.5625,0.4220,0
1990-10-29,0.5625,0.5625,0.5625,0.5625,0.4220,400
1990-10-30,0.7500,0.7500,0.6875,0.7500,0.5627,10400
1990-10-31,0.6250,0.6875,0.5625,0.6250,0.4689,21700
1990-11-01,0.5625,0.7500,0.5625,0.6250,0.4689,26100
1990-11-02,0.6875,0.6875,0.5625,0.6250,0.4689,2500
1990-11-05,0.5625,0.5625,0.5625,0.5625,0.4220,1000
1990-11-06,0.5625,0.5625,0.5625,0.5625,0.4220,4400
1990-11-07,0.6875,0.6875,0.6875,0.6875,0.5158,9000
1990-11-08,0.5625,0.8125,0.5625,0.8125,0.6095,2000
1990-11-09,0.6250,0.6250,0.6250,0.6250,0.4689,1400
1990-11-12,0.8125,0.8125,0.8125,0.8125,0.6095,1000
1990-11-13,0.6250,0.6875,0.6250,0.6875,0.5158,9700
1990-11-14,0.7500,0.8750,0.6250,0.8750,0.6564,55600
1990-11-15,0.6250,0.6250,0.6250,0.6250,0.4689,1000
1990-11-16,0.6250,0.6250,0.6250,0.6250,0.4689,5200
1990-11-19,0.6250,0.6562,0.6250,0.6250,0.4689,31700
1990-11-20,0.6250,0.6250,0.6250,0.6250,0.4689,3800
1990-11-21,0.6250,0.6250,0.5625,0.5625,0.4220,3500
1990-11-23,0.5625,0.5625,0.5625,0.5625,0.4220,3000
1990-11-26,0.5000,0.5000,0.5000,0.5000,0.3751,900
1990-11-27,0.5000,0.6250,0.5000,0.5000,0.3751,4100
1990-11-28,0.5000,0.5000,0.5000,0.5000,0.3751,4900
1990-11-29,0.5000,0.5000,0.5000,0.5000,0.3751,1900
1990-11-30,0.5625,0.5625,0.5625,0.5625,0.4220,6000
1990-12-03,0.5625,0.5625,0.5625,0.5625,0.4220,5000
1990-12-04,0.4375,0.4375,0.4375,0.4375,0.3282,4000
1990-12-05,0.4375,0.5000,0.4375,0.4375,0.3282,13000
1990-12-06,0.3750,0.5000,0.3750,0.5000,0.3751,3000
1990-12-07,0.3750,0.4375,0.3125,0.3750,0.2813,28000
1990-12-10,0.3750,0.3750,0.2500,0.2500,0.1876,66400
1990-12-11,0.3750,0.3750,0.2500,0.3750,0.2813,37300
1990-12-12,0.2500,0.3750,0.2500,0.3750,0.2813,11600
1990-12-13,0.2500,0.3750,0.2500,0.3750,0.2813,8400
1990-12-14,0.2500,0.2500,0.2500,0.2500,0.1876,21400
1990-12-17,0.2500,0.3438,0.2500,0.3438,0.2579,26200
1990-12-18,0.3125,0.3750,0.2500,0.3438,0.2579,87300
1990-12-19,0.3125,0.5000,0.3125,0.3750,0.2813,50100
1990-12-20,0.5312,0.5625,0.3750,0.3750,0.2813,38600
1990-12-21,0.3750,0.5000,0.3750,0.4375,0.3282,10500
1990-12-24,0.5625,0.5625,0.5625,0.5625,0.4220,900
1990-12-26,0.4375,0.5000,0.4375,0.4375,0.3282,26200
1990-12-27,0.4375,0.5000,0.4375,0.5000,0.3751,6500
1990-12-28,0.4375,0.5000,0.3750,0.3750,0.2813,26000
1990-12-31,0.3750,0.4375,0.3750,0.3750,0.2813,34000
1991-01-02,0.3750,0.4375,0.3750,0.4375,0.3282,3200
1991-01-03,0.4375,0.4375,0.4375,0.4375,0.3282,0
1991-01-04,0.3750,0.4375,0.3750,0.4375,0.3282,7500
1991-01-07,0.4375,0.4375,0.3750,0.4375,0.3282,6600
1991-01-08,0.4375,0.4375,0.4375,0.4375,0.3282,0
1991-01-09,0.3750,0.3750,0.3750,0.3750,0.2813,300
1991-01-10,0.3750,0.3750,0.3750,0.3750,0.2813,4000
1991-01-11,0.3750,0.4375,0.3750,0.4375,0.3282,13300
1991-01-14,0.4375,0.4375,0.3438,0.3438,0.2579,7000
1991-01-15,0.4375,0.4375,0.4375,0.4375,0.3282,800
1991-01-16,0.4375,0.4375,0.4375,0.4375,0.3282,6000
1991-01-17,0.4375,0.4375,0.3438,0.3438,0.2579,4500
1991-01-18,0.3750,0.4375,0.3750,0.4375,0.3282,35100
1991-01-21,0.4375,0.4375,0.4062,0.4062,0.3048,8000
1991-01-22,0.3750,0.3750,0.3750,0.3750,0.2813,1200
1991-01-23,0.3750,0.3750,0.3750,0.3750,0.2813,0
1991-01-24,0.3750,0.4375,0.3750,0.4375,0.3282,1800
1991-01-25,0.3750,0.3750,0.3750,0.3750,0.2813,1500
1991-01-28,0.4375,0.5000,0.4375,0.5000,0.3751,11000
1991-01-29,0.5000,0.5625,0.5000,0.5625,0.4220,19500
1991-01-30,0.4375,0.4375,0.4375,0.4375,0.3282,200
1991-01-31,0.5625,0.5625,0.5000,0.5000,0.3751,5100
1991-02-01,0.5000,0.5000,0.5000,0.5000,0.3751,19000
1991-02-04,0.5625,0.5625,0.5000,0.5000,0.3751,12000
1991-02-05,0.5625,0.5625,0.5625,0.5625,0.4220,1000
1991-02-06,0.5625,0.5625,0.5625,0.5625,0.4220,700
1991-02-07,0.5000,0.5625,0.5000,0.5625,0.4220,16000
1991-02-08,0.6250,0.6250,0.5000,0.5000,0.3751,8500
1991-02-11,0.5000,0.5000,0.5000,0.5000,0.3751,3300
1991-02-12,0.5000,0.5000,0.5000,0.5000,0.3751,7300
1991-02-13,0.5000,0.6250,0.5000,0.5000,0.3751,8000
1991-02-14,0.5000,0.5000,0.5000,0.5000,0.3751,0
1991-02-15,0.5000,0.5000,0.3750,0.3750,0.2813,9200
1991-02-19,0.5000,0.5000,0.3750,0.3750,0.2813,23900
1991-02-20,0.5625,0.5625,0.4375,0.4375,0.3282,4700
1991-02-21,0.3750,0.3750,0.3750,0.3750,0.2813,300
1991-02-22,0.5625,0.5625,0.5625,0.5625,0.4220,2900
1991-02-25,0.3750,0.5000,0.3750,0.3750,0.2813,23500
1991-02-26,0.3750,0.3750,0.3750,0.3750,0.2813,20200
1991-02-27,0.3125,0.3125,0.3125,0.3125,0.2344,400
1991-02-28,0.5000,0.5000,0.5000,0.5000,0.3751,4000
1991-03-01,0.5000,0.5000,0.5000,0.5000,0.3751,1000
1991-03-04,0.3125,0.4375,0.3125,0.4375,0.3282,4200
1991-03-05,0.4375,0.4375,0.4375,0.4375,0.3282,2200
1991-03-06,0.3125,0.4375,0.3125,0.3750,0.2813,26900
1991-03-07,0.3125,0.3750,0.3125,0.3750,0.2813,5300
1991-03-08,0.3125,0.3125,0.3125,0.3125,0.2344,200
1991-03-11,0.3125,0.4375,0.3125,0.3750,0.2813,23100
1991-03-12,0.3750,0.3750,0.3438,0.3750,0.2813,30700
1991-03-13,0.3125,0.3125,0.3125,0.3125,0.2344,36300
1991-03-14,0.3125,0.3125,0.3125,0.3125,0.2344,0
1991-03-15,0.3750,0.4375,0.3438,0.4375,0.3282,23700
1991-03-18,0.3750,0.3750,0.3125,0.3125,0.2344,1400
1991-03-19,0.3750,0.3750,0.3750,0.3750,0.2813,1000
1991-03-20,0.3750,0.3750,0.2500,0.2500,0.1876,2800
1991-03-21,0.3125,0.3125,0.3125,0.3125,0.2344,4000
1991-03-22,0.3125,0.3125,0.3125,0.3125,0.2344,0
1991-03-25,0.3750,0.3750,0.3750,0.3750,0.2813,5000
1991-03-26,0.3750,0.3750,0.3750,0.3750,0.2813,0
1991-03-27,0.2500,0.2812,0.2500,0.2500,0.1876,5300
1991-03-28,0.2500,0.2500,0.2500,0.2500,0.1876,100
1991-04-01,0.3750,0.3750,0.2500,0.3750,0.2813,4500
1991-04-02,0.3750,0.3750,0.3750,0.3750,0.2813,0
1991-04-03,0.3125,0.3125,0.3125,0.3125,0.2344,7100
1991-04-04,0.3750,0.3750,0.2812,0.2812,0.2110,6000
1991-04-05,0.3750,0.3750,0.3750,0.3750,0.2813,500
1991-04-08,0.3750,0.3750,0.3750,0.3750,0.2813,0
1991-04-09,0.2500,0.3750,0.2500,0.3750,0.2813,4300
1991-04-10,0.3125,0.3125,0.3125,0.3125,0.2344,10000
1991-04-11,0.2500,0.2500,0.2500,0.2500,0.1876,2500
1991-04-12,0.2500,0.2500,0.2500,0.2500,0.1876,0
1991-04-15,0.3750,0.3750,0.3750,0.3750,0.2813,100
1991-04-16,0.2500,0.3750,0.2500,0.2500,0.1876,5400
1991-04-17,0.3750,0.3750,0.2500,0.2500,0.1876,8000
1991-04-18,0.2500,0.2500,0.2500,0.2500,0.1876,0
1991-04-19,0.2500,0.3125,0.2500,0.3125,0.2344,3300
1991-04-22,0.3750,0.3750,0.3125,0.3125,0.2344,3000
1991-04-23,0.2500,0.2500,0.2500,0.2500,0.1876,1000
1991-04-24,0.2500,0.2500,0.2500,0.2500,0.1876,500
1991-04-25,0.2500,0.2500,0.2500,0.2500,0.1876,500
1991-04-26,0.2500,0.3750,0.2500,0.3125,0.2344,7400
1991-04-29,0.2500,0.2500,0.2500,0.2500,0.1876,1000
1991-04-30,0.3125,0.3750,0.3125,0.3750,0.2813,1800
1991-05-01,0.3125,0.3750,0.3125,0.3750,0.2813,2400
1991-05-02,0.3750,0.3750,0.3750,0.3750,0.2813,0
1991-05-03,0.3750,0.3750,0.3125,0.3125,0.2344,7500
1991-05-06,0.3125,0.3125,0.3125,0.3125,0.2344,800
1991-05-07,0.3125,0.3125,0.3125,0.3125,0.2344,500
1991-05-08,0.3125,0.3125,0.3125,0.3125,0.2344,2000
1991-05-09,0.3750,0.3750,0.3750,0.3750,0.2813,1400
1991-05-10,0.3750,0.3750,0.3750,0.3750,0.2813,0
1991-05-13,0.3125,0.3438,0.3125,0.3125,0.2344,15200
1991-05-14,0.2500,0.2500,0.2500,0.2500,0.1876,1700
1991-05-15,0.2500,0.2500,0.2500,0.2500,0.1876,0
1991-05-16,0.2500,0.2500,0.2500,0.2500,0.1876,0
1991-05-17,0.2500,0.2500,0.2500,0.2500,0.1876,0
1991-05-20,0.2500,0.2500,0.2500,0.2500,0.1876,0
1991-05-21,0.2500,0.2500,0.2500,0.2500,0.1876,200
1991-05-22,0.2500,0.2500,0.1250,0.2500,0.1876,38900
1991-05-23,0.2500,0.2500,0.2500,0.2500,0.1876,1200
1991-05-24,0.2500,0.2500,0.2500,0.2500,0.1876,28100
1991-05-28,0.3750,0.3750,0.3750,0.3750,0.2813,1000
1991-05-29,0.3750,0.3750,0.3750,0.3750,0.2813,0
1991-05-30,0.2500,0.2500,0.2500,0.2500,0.1876,10000
1991-05-31,0.2500,0.2500,0.2500,0.2500,0.1876,0
1991-06-03,0.2500,0.3750,0.2500,0.3750,0.2813,9300
1991-06-04,0.2812,0.2812,0.2812,0.2812,0.2110,17000
1991-06-05,0.2812,0.2812,0.2812,0.2812,0.2110,0
1991-06-06,0.2812,0.2812,0.2812,0.2812,0.2110,1500
1991-06-07,0.3750,0.3750,0.2812,0.2812,0.2110,1800
1991-06-10,0.2812,0.3750,0.2812,0.3125,0.2344,4100
1991-06-11,0.2812,0.2812,0.2812,0.2812,0.2110,600
1991-06-12,0.2812,0.2812,0.2812,0.2812,0.2110,0
1991-06-13,0.2812,0.2812,0.2812,0.2812,0.2110,0
1991-06-14,0.2812,0.2812,0.2812,0.2812,0.2110,0
1991-06-17,0.2812,0.2812,0.2812,0.2812,0.2110,300
1991-06-18,0.2812,0.3750,0.2812,0.2812,0.2110,21700
1991-06-19,0.2812,0.2812,0.2812,0.2812,0.2110,100
1991-06-20,0.2812,0.2812,0.2812,0.2812,0.2110,500
1991-06-21,0.2812,0.3750,0.2812,0.2812,0.2110,2600
1991-06-24,0.2812,0.2812,0.2812,0.2812,0.2110,4200
1991-06-25,0.2812,0.2812,0.2812,0.2812,0.2110,100
1991-06-26,0.2812,0.2812,0.2812,0.2812,0.2110,16700
1991-06-27,0.2500,0.3125,0.2500,0.2500,0.1876,24200
1991-06-28,0.3750,0.3750,0.3750,0.3750,0.2813,1200
1991-07-01,0.3750,0.3750,0.3750,0.3750,0.2813,0
1991-07-02,0.2500,0.2500,0.2500,0.2500,0.1876,19000
1991-07-03,0.3125,0.3125,0.3125,0.3125,0.2344,15000
1991-07-05,0.3125,0.3125,0.3125,0.3125,0.2344,0
1991-07-08,0.3125,0.3125,0.3125,0.3125,0.2344,8000
1991-07-09,0.3125,0.3125,0.3125,0.3125,0.2344,0
1991-07-10,0.2188,0.2812,0.2188,0.2812,0.2110,15000
1991-07-11,0.2188,0.2188,0.2188,0.2188,0.1641,200
1991-07-12,0.3750,0.3750,0.2188,0.2812,0.2110,14100
1991-07-15,0.2500,0.2500,0.2500,0.2500,0.1876,2000
1991-07-16,0.3750,0.3750,0.3750,0.3750,0.2813,1000
1991-07-17,0.3750,0.3750,0.3750,0.3750,0.2813,0
1991-07-18,0.3750,0.3750,0.3750,0.3750,0.2813,0
1991-07-19,0.3750,0.3750,0.3750,0.3750,0.2813,0
1991-07-22,0.4375,0.4375,0.2500,0.2500,0.1876,0
1991-07-23,0.4375,0.4375,0.2500,0.2500,0.1876,0
1991-07-24,0.4375,0.4375,0.3125,0.3125,0.2344,0
1991-07-25,0.4375,0.4375,0.3125,0.3125,0.2344,0
1991-07-26,0.4375,0.4375,0.3125,0.3125,0.2344,0
1991-07-29,0.4375,0.4375,0.3125,0.3125,0.2344,1400
1991-07-30,0.4375,0.4375,0.2500,0.2500,0.1876,3000
1991-07-31,0.4375,0.4375,0.2500,0.2500,0.1876,2400
1991-08-01,0.4375,0.4375,0.2500,0.2500,0.1876,500
1991-08-02,0.4375,0.4375,0.2500,0.2500,0.1876,0
1991-08-05,0.4375,0.4375,0.2500,0.2500,0.1876,0
1991-08-06,0.4375,0.4375,0.2500,0.2500,0.1876,2000
1991-08-07,0.4375,0.4375,0.2500,0.2500,0.1876,100
1991-08-08,0.4375,0.4375,0.2500,0.2500,0.1876,0
1991-08-09,0.4375,0.4375,0.2500,0.2500,0.1876,200
1991-08-12,0.4375,0.4375,0.2500,0.2500,0.1876,500
1991-08-13,0.4375,0.4375,0.2500,0.2500,0.1876,0
1991-08-14,0.4375,0.4375,0.3125,0.3125,0.2344,0
1991-08-15,0.4375,0.4375,0.3125,0.3125,0.2344,0
1991-08-16,0.4375,0.4375,0.3125,0.3125,0.2344,0
1991-08-19,0.4375,0.4375,0.3125,0.3125,0.2344,0
1991-08-20,0.4375,0.4375,0.3125,0.3125,0.2344,0
1991-08-21,0.4375,0.4375,0.3125,0.3125,0.2344,0
1991-08-22,0.4375,0.4375,0.3125,0.3125,0.2344,0
1991-08-23,0.4375,0.4375,0.3125,0.3125,0.2344,0
1991-08-26,0.4375,0.4375,0.3125,0.3125,0.2344,0
1991-08-27,0.4375,0.4375,0.3125,0.3125,0.2344,4000
1991-08-28,0.4375,0.4375,0.3125,0.3125,0.2344,2300
1991-08-29,0.3750,0.3750,0.3125,0.3125,0.2344,0
1991-08-30,0.3750,0.3750,0.2500,0.2500,0.1876,3700
1991-09-03,0.3750,0.3750,0.2500,0.2500,0.1876,0
1991-09-04,0.3750,0.3750,0.2500,0.2500,0.1876,2000
1991-09-05,0.3750,0.3750,0.2500,0.2500,0.1876,0
1991-09-06,0.3750,0.3750,0.2500,0.2500,0.1876,0
1991-09-09,0.3750,0.3750,0.2500,0.2500,0.1876,0
1991-09-10,0.3750,0.3750,0.2500,0.2500,0.1876,0
1991-09-11,0.3750,0.3750,0.2500,0.2500,0.1876,1000
1991-09-12,0.3750,0.3750,0.2500,0.2500,0.1876,0
1991-09-13,0.3438,0.3438,0.2188,0.2188,0.1641,13000
1991-09-16,0.3125,0.3125,0.1875,0.1875,0.1407,3000
1991-09-17,0.3125,0.3125,0.1875,0.1875,0.1407,7000
1991-09-18,0.3125,0.3125,0.1875,0.1875,0.1407,200
1991-09-19,0.3125,0.3125,0.1875,0.1875,0.1407,0
1991-09-20,0.3125,0.3125,0.1875,0.1875,0.1407,1000
1991-09-23,0.3125,0.3125,0.1875,0.1875,0.1407,1300
1991-09-24,0.3125,0.3125,0.1875,0.1875,0.1407,1500
1991-09-25,0.3125,0.3125,0.1875,0.1875,0.1407,13500
1991-09-26,0.3125,0.3125,0.1875,0.1875,0.1407,0
1991-09-27,0.3125,0.3125,0.1875,0.1875,0.1407,0
1991-09-30,0.3125,0.3125,0.1875,0.1875,0.1407,0
1991-10-01,0.3125,0.3125,0.1875,0.1875,0.1407,0
1991-10-02,0.3125,0.3125,0.1875,0.1875,0.1407,0
1991-10-03,0.3125,0.3125,0.1875,0.1875,0.1407,0
1991-10-04,0.3125,0.3125,0.1875,0.1875,0.1407,0
1991-10-07,0.3125,0.3125,0.1875,0.1875,0.1407,0
1991-10-08,0.2500,0.2500,0.1250,0.1250,0.0938,7000
1991-10-09,0.2500,0.2500,0.1250,0.1250,0.0938,0
1991-10-10,0.2500,0.2500,0.1250,0.1250,0.0938,1000
1991-10-11,0.2500,0.2500,0.1250,0.1250,0.0938,0
1991-10-14,0.2500,0.2500,0.1250,0.1250,0.0938,1000
1991-10-15,0.2500,0.2500,0.1250,0.1250,0.0938,0
1991-10-16,0.2500,0.2500,0.1250,0.1250,0.0938,1000
1991-10-17,0.2500,0.2500,0.1250,0.1250,0.0938,0
1991-10-18,0.2500,0.2500,0.1250,0.1250,0.0938,0
1991-10-21,0.2500,0.2500,0.1250,0.1250,0.0938,2300
1991-10-22,0.2500,0.2500,0.1250,0.1250,0.0938,0
1991-10-23,0.2500,0.2500,0.1250,0.1250,0.0938,0
1991-10-24,0.2500,0.2500,0.1250,0.1250,0.0938,2800
1991-10-25,0.2500,0.2500,0.1250,0.1250,0.0938,0
1991-10-28,0.2500,0.2500,0.1250,0.1250,0.0938,1700
1991-10-29,0.2500,0.2500,0.1250,0.1250,0.0938,6200
1991-10-30,0.1875,0.1875,0.1250,0.1250,0.0938,15100
1991-10-31,0.1562,0.1562,0.0625,0.0625,0.0469,37400
1991-11-01,0.1562,0.1562,0.0625,0.0625,0.0469,200
1991-11-04,0.1562,0.1562,0.0625,0.0625,0.0469,0
1991-11-05,0.1562,0.1562,0.0625,0.0625,0.0469,2000
1991-11-06,0.1562,0.1562,0.0625,0.0625,0.0469,0
1991-11-07,0.1562,0.1562,0.0625,0.0625,0.0469,500
1991-11-08,0.1562,0.1562,0.0625,0.0625,0.0469,0
1991-11-11,0.1562,0.1562,0.0625,0.0625,0.0469,0
1991-11-12,0.1562,0.1562,0.0625,0.0625,0.0469,700
1991-11-13,0.1562,0.1562,0.0625,0.0625,0.0469,1900
1991-11-14,0.1562,0.1562,0.0625,0.0625,0.0469,1000
1991-11-15,0.1562,0.1562,0.0625,0.0625,0.0469,1000
1991-11-18,0.1562,0.1562,0.0625,0.0625,0.0469,1200
1991-11-19,0.1562,0.1562,0.0625,0.0625,0.0469,0
1991-11-20,0.1562,0.1562,0.0625,0.0625,0.0469,0
1991-11-21,0.1562,0.1562,0.0625,0.0625,0.0469,1000
1991-11-22,0.1562,0.1562,0.0625,0.0625,0.0469,3000
1991-11-25,0.1562,0.1562,0.0625,0.0625,0.0469,10500
1991-11-26,0.1562,0.1562,0.0625,0.0625,0.0469,1700
1991-11-27,0.1562,0.1562,0.0625,0.0625,0.0469,1900
1991-11-29,0.1562,0.1562,0.0625,0.0625,0.0469,0
1991-12-02,0.1250,0.1250,0.0312,0.0312,0.0234,22000
1991-12-03,0.1250,0.1250,0.0312,0.0312,0.0234,12700
1991-12-04,0.0938,0.0938,0.0312,0.0312,0.0234,2900
1991-12-05,0.0938,0.0938,0.0312,0.0312,0.0234,500
1991-12-06,0.0938,0.0938,0.0312,0.0312,0.0234,74500
1991-12-09,0.0938,0.0938,0.0312,0.0312,0.0234,100
1991-12-10,0.0938,0.0938,0.0312,0.0312,0.0234,9200
1991-12-11,0.0938,0.0938,0.0312,0.0312,0.0234,3700
1991-12-12,0.0938,0.0938,0.0312,0.0312,0.0234,15000
1991-12-13,0.0938,0.0938,0.0312,0.0312,0.0234,3000
1991-12-16,0.0938,0.0938,0.0312,0.0312,0.0234,5000
1991-12-17,0.0938,0.0938,0.0312,0.0312,0.0234,3400
1991-12-18,0.0938,0.0938,0.0312,0.0312,0.0234,13600
1991-12-19,0.0938,0.0938,0.0312,0.0312,0.0234,20000
1991-12-20,0.0938,0.0938,0.0312,0.0312,0.0234,22800
1991-12-23,0.0938,0.0938,0.0312,0.0312,0.0234,5200
1991-12-24,0.0938,0.0938,0.0312,0.0312,0.0234,3500
1991-12-26,0.0938,0.0938,0.0312,0.0312,0.0234,4800
1991-12-27,0.0938,0.0938,0.0312,0.0312,0.0234,11600
1991-12-30,0.0938,0.0938,0.0312,0.0312,0.0234,12800
1991-12-31,0.0938,0.0938,0.0312,0.0312,0.0234,21300
1992-01-02,0.0938,0.0938,0.0312,0.0312,0.0234,0
1992-01-03,0.0938,0.0938,0.0312,0.0312,0.0234,10000
1992-01-06,0.0938,0.0938,0.0312,0.0312,0.0234,2200
1992-01-07,0.0938,0.0938,0.0312,0.0312,0.0234,0
1992-01-08,0.0938,0.0938,0.0312,0.0312,0.0234,1000
1992-01-09,0.0938,0.0938,0.0312,0.0312,0.0234,7500
1992-01-10,0.0938,0.0938,0.0312,0.0312,0.0234,5000
1992-01-13,0.0938,0.0938,0.0312,0.0312,0.0234,100
1992-01-14,0.0938,0.0938,0.0312,0.0312,0.0234,0
1992-01-15,0.0938,0.0938,0.0312,0.0312,0.0234,26000
1992-01-16,0.0938,0.0938,0.0312,0.0312,0.0234,500
1992-01-17,0.0938,0.0938,0.0312,0.0312,0.0234,0
1992-01-20,0.0938,0.0938,0.0312,0.0312,0.0234,0
1992-01-21,0.0938,0.0938,0.0312,0.0312,0.0234,0
1992-01-22,0.0938,0.0938,0.0312,0.0312,0.0234,0
1992-01-23,0.0938,0.0938,0.0312,0.0312,0.0234,1000
1992-01-24,0.0938,0.0938,0.0312,0.0312,0.0234,1000
1992-01-27,0.0938,0.0938,0.0312,0.0312,0.0234,0
1992-01-28,0.0938,0.0938,0.0312,0.0312,0.0234,1400
1992-01-29,0.0938,0.0938,0.0312,0.0312,0.0234,0
1992-01-30,0.0938,0.0938,0.0312,0.0312,0.0234,0
1992-01-31,0.0938,0.0938,0.0312,0.0312,0.0234,0
1992-02-03,0.0938,0.0938,0.0312,0.0312,0.0234,0
1992-02-04,0.0938,0.0938,0.0312,0.0312,0.0234,0
1992-02-05,0.0938,0.0938,0.0312,0.0312,0.0234,1000
1992-02-06,0.0938,0.0938,0.0312,0.0312,0.0234,0
1992-02-07,0.0938,0.0938,0.0312,0.0312,0.0234,0
1992-02-10,0.0938,0.0938,0.0312,0.0312,0.0234,0
1992-02-11,0.0938,0.0938,0.0312,0.0312,0.0234,5000
1992-02-12,0.0938,0.0938,0.0312,0.0312,0.0234,500
1992-02-13,0.0938,0.0938,0.0312,0.0312,0.0234,3500
1992-02-14,0.0938,0.0938,0.0312,0.0312,0.0234,0
1992-02-18,0.0938,0.0938,0.0312,0.0312,0.0234,300
1992-02-19,0.0938,0.0938,0.0312,0.0312,0.0234,0
1992-02-20,0.0938,0.0938,0.0312,0.0312,0.0234,2000
1992-02-21,0.0938,0.0938,0.0312,0.0312,0.0234,200
1992-02-24,0.0938,0.0938,0.0312,0.0312,0.0234,500
1992-02-25,0.0938,0.0938,0.0312,0.0312,0.0234,0
1992-02-26,0.0938,0.0938,0.0312,0.0312,0.0234,0
1992-02-27,0.0938,0.0938,0.0312,0.0312,0.0234,4000
1992-02-28,0.0938,0.0938,0.0312,0.0312,0.0234,400
1992-03-02,0.2188,0.2188,0.0938,0.0938,0.0703,10000
1992-03-03,0.2188,0.2188,0.0938,0.0938,0.0703,0
1992-03-04,0.2188,0.2188,0.0938,0.0938,0.0703,0
1992-03-05,0.2188,0.2188,0.0938,0.0938,0.0703,0
1992-03-06,0.2188,0.2188,0.0938,0.0938,0.0703,6600
1992-03-09,0.2188,0.2188,0.0938,0.0938,0.0703,5500
1992-03-10,0.2188,0.2188,0.0938,0.0938,0.0703,0
1992-03-11,0.2188,0.2188,0.0938,0.0938,0.0703,100
1992-03-12,0.2188,0.2188,0.0938,0.0938,0.0703,0
1992-03-13,0.2188,0.2188,0.0938,0.0938,0.0703,0
1992-03-16,0.2188,0.2188,0.0938,0.0938,0.0703,0
1992-03-17,0.2188,0.2188,0.0938,0.0938,0.0703,400
1992-03-18,0.2188,0.2188,0.0938,0.0938,0.0703,0
1992-03-19,0.2188,0.2188,0.0938,0.0938,0.0703,0
1992-03-20,0.2188,0.2188,0.0938,0.0938,0.0703,0
1992-03-23,0.2188,0.2188,0.0938,0.0938,0.0703,0
1992-03-24,0.2188,0.2188,0.0938,0.0938,0.0703,300
1992-03-25,0.2188,0.2188,0.0938,0.0938,0.0703,0
1992-03-26,0.2188,0.2188,0.0938,0.0938,0.0703,400
1992-03-27,0.2188,0.2188,0.0938,0.0938,0.0703,400
1992-03-30,0.2188,0.2188,0.0938,0.0938,0.0703,0
1992-03-31,0.2188,0.2188,0.0938,0.0938,0.0703,0
1992-04-01,0.2188,0.2188,0.0938,0.0938,0.0703,300
1992-04-02,0.2188,0.2188,0.0938,0.0938,0.0703,0
1992-04-03,0.2188,0.2188,0.0938,0.0938,0.0703,0
1992-04-06,0.2188,0.2188,0.0938,0.0938,0.0703,3500
1992-04-07,0.2188,0.2188,0.0938,0.0938,0.0703,2000
1992-04-08,0.2188,0.2188,0.0938,0.0938,0.0703,2000
1992-04-09,0.2188,0.2188,0.0938,0.0938,0.0703,0
1992-04-10,0.2188,0.2188,0.0938,0.0938,0.0703,0
1992-04-13,0.2188,0.2188,0.0938,0.0938,0.0703,0
1992-04-14,0.2188,0.2188,0.0938,0.0938,0.0703,0
1992-04-15,0.2188,0.2188,0.0938,0.0938,0.0703,0
1992-04-16,0.2188,0.2188,0.0938,0.0938,0.0703,1500
1992-04-20,0.2188,0.2188,0.0938,0.0938,0.0703,0
1992-04-21,0.2188,0.2188,0.0938,0.0938,0.0703,0
1992-04-22,0.2188,0.2188,0.0938,0.0938,0.0703,400
1992-04-23,0.2188,0.2188,0.0938,0.0938,0.0703,1200
1992-04-24,0.2188,0.2188,0.0938,0.0938,0.0703,0
1992-04-27,0.2188,0.2188,0.0938,0.0938,0.0703,0
1992-04-28,0.2188,0.2188,0.0938,0.0938,0.0703,0
1992-04-29,0.2188,0.2188,0.0938,0.0938,0.0703,0
1992-04-30,0.2188,0.2188,0.0938,0.0938,0.0703,0
1992-05-01,0.2188,0.2188,0.0938,0.0938,0.0703,0
1992-05-04,0.2188,0.2188,0.0938,0.0938,0.0703,0
1992-05-05,0.2188,0.2188,0.0938,0.0938,0.0703,0
1992-05-06,0.2188,0.2188,0.0938,0.0938,0.0703,3000
1992-05-07,0.2188,0.2188,0.0938,0.0938,0.0703,0
1992-05-08,0.2188,0.2188,0.0938,0.0938,0.0703,0
1992-05-11,0.2188,0.2188,0.0938,0.0938,0.0703,0
1992-05-12,0.2188,0.2188,0.0938,0.0938,0.0703,0
1992-05-13,0.2188,0.2188,0.0938,0.0938,0.0703,0
1992-05-14,0.2188,0.2188,0.0938,0.0938,0.0703,0
1992-05-15,0.2188,0.2188,0.0938,0.0938,0.0703,0
1992-05-18,0.2188,0.2188,0.0938,0.0938,0.0703,0
1992-05-19,0.2188,0.2188,0.0938,0.0938,0.0703,20000
1992-05-20,0.2188,0.2188,0.0938,0.0938,0.0703,500
1992-05-21,0.2188,0.2188,0.0938,0.0938,0.0703,0
1992-05-22,0.2500,0.2500,0.1250,0.1250,0.0938,15000
1992-05-26,0.2500,0.2500,0.1250,0.1250,0.0938,0
1992-05-27,0.2500,0.2500,0.1250,0.1250,0.0938,1200
1992-05-28,0.2500,0.2500,0.1250,0.1250,0.0938,1200
1992-05-29,0.2500,0.2500,0.1250,0.1250,0.0938,0
1992-06-01,0.7500,0.7500,0.3750,0.3750,0.2813,0
1992-06-02,0.8750,0.8750,0.5000,0.5000,0.3751,68500
1992-06-03,0.8750,0.8750,0.5000,0.5000,0.3751,37000
1992-06-04,1.0000,1.0000,0.5000,0.5000,0.3751,4100
1992-06-05,1.5000,1.5000,1.0000,1.0000,0.7502,32000
1992-06-08,1.1250,1.1250,0.7500,0.7500,0.5627,29300
1992-06-09,1.1250,1.1250,0.7500,0.7500,0.5627,35300
1992-06-10,0.8750,0.8750,0.6250,0.6250,0.4689,6000
1992-06-11,0.8750,0.8750,0.6250,0.6250,0.4689,20200
1992-06-12,0.8750,0.8750,0.7500,0.7500,0.5627,20200
1992-06-15,0.6250,0.6250,0.6250,0.6250,0.4689,9400
1992-06-16,0.6250,0.6250,0.6250,0.6250,0.4689,4800
1992-06-17,0.6250,0.6250,0.6250,0.6250,0.4689,4000
1992-06-18,0.6250,0.6250,0.6250,0.6250,0.4689,0
1992-06-19,0.6250,0.6250,0.6250,0.6250,0.4689,0
1992-06-22,0.6250,0.8750,0.6250,0.6250,0.4689,7300
1992-06-23,0.6250,0.6250,0.6250,0.6250,0.4689,8600
1992-06-24,0.8750,0.8750,0.7500,0.7500,0.5627,5200
1992-06-25,0.6875,0.6875,0.6875,0.6875,0.5158,20000
1992-06-26,0.8750,0.8750,0.7500,0.8750,0.6564,41400
1992-06-29,0.8750,0.8750,0.8750,0.8750,0.6564,0
1992-06-30,0.7500,0.7500,0.7500,0.7500,0.5627,3100
1992-07-01,0.7500,0.7500,0.7500,0.7500,0.5627,0
1992-07-02,0.7500,1.0000,0.7500,0.7500,0.5627,8000
1992-07-06,0.7500,1.0000,0.7500,0.7500,0.5627,5900
1992-07-07,1.0000,1.0000,1.0000,1.0000,0.7502,500
1992-07-08,0.7500,0.7500,0.7500,0.7500,0.5627,20300
1992-07-09,0.8125,1.0000,0.7500,0.8750,0.6564,41600
1992-07-10,1.1250,1.1250,0.8750,0.8750,0.6564,29900
1992-07-13,1.1250,1.1250,0.8750,0.8750,0.6564,30100
1992-07-14,1.1250,1.1250,1.0000,1.0000,0.7502,2000
1992-07-15,0.8750,1.0000,0.8750,1.0000,0.7502,5000
1992-07-16,0.8750,0.8750,0.8750,0.8750,0.6564,22500
1992-07-17,1.0000,1.0000,0.8750,0.8750,0.6564,65500
1992-07-20,0.8750,1.0000,0.8125,0.8750,0.6564,17800
1992-07-21,0.7500,0.7500,0.6250,0.7500,0.5627,10400
1992-07-22,0.7500,0.7500,0.7500,0.7500,0.5627,0
1992-07-23,0.6250,0.6250,0.6250,0.6250,0.4689,2500
1992-07-24,0.6250,0.6250,0.6250,0.6250,0.4689,2700
1992-07-27,0.6250,0.6250,0.6250,0.6250,0.4689,0
1992-07-28,0.6250,0.6250,0.5000,0.6250,0.4689,5500
1992-07-29,0.7500,0.7500,0.7500,0.7500,0.5627,18500
1992-07-30,0.7500,0.7500,0.7500,0.7500,0.5627,1000
1992-07-31,0.7500,0.7500,0.7500,0.7500,0.5627,0
1992-08-03,0.7500,0.7500,0.7500,0.7500,0.5627,600
1992-08-04,0.7500,0.8125,0.7500,0.8125,0.6095,6100
1992-08-05,0.7500,0.7500,0.7500,0.7500,0.5627,4700
1992-08-06,0.7500,0.8750,0.6875,0.6875,0.5158,9200
1992-08-07,0.6875,0.6875,0.6875,0.6875,0.5158,0
1992-08-10,0.7500,0.7500,0.7500,0.7500,0.5627,21100
1992-08-11,0.8125,0.8750,0.7500,0.8750,0.6564,30000
1992-08-12,0.6875,0.7500,0.6875,0.7500,0.5627,21600
1992-08-13,0.7500,0.7500,0.7500,0.7500,0.5627,0
1992-08-14,0.7500,0.7500,0.7500,0.7500,0.5627,2000
1992-08-17,0.6875,0.6875,0.6875,0.6875,0.5158,500
1992-08-18,0.6875,0.6875,0.6875,0.6875,0.5158,700
1992-08-19,0.6875,0.6875,0.6875,0.6875,0.5158,0
1992-08-20,0.6875,0.6875,0.6875,0.6875,0.5158,0
1992-08-21,0.6875,0.6875,0.6875,0.6875,0.5158,0
1992-08-24,0.6875,0.6875,0.6875,0.6875,0.5158,0
1992-08-25,0.8125,0.8125,0.6875,0.8125,0.6095,59400
1992-08-26,0.8125,0.8125,0.7500,0.7500,0.5627,38400
1992-08-27,0.8125,0.8125,0.8125,0.8125,0.6095,600
1992-08-28,1.0000,1.0000,0.8750,1.0000,0.7502,33300
1992-08-31,1.0625,1.1875,0.9375,1.0000,0.7502,156700
1992-09-01,1.0312,1.2500,1.0000,1.0625,0.7971,25800
1992-09-02,1.1875,1.1875,1.0000,1.0000,0.7502,26700
1992-09-03,1.0000,1.0000,0.9375,1.0000,0.7502,36200
1992-09-04,1.0000,1.0000,1.0000,1.0000,0.7502,15500
1992-09-08,0.9375,0.9375,0.9375,0.9375,0.7033,100
1992-09-09,0.9375,0.9375,0.9375,0.9375,0.7033,100
1992-09-10,1.1250,1.1250,1.1250,1.1250,0.8440,500
1992-09-11,0.9375,1.1250,0.9375,1.1250,0.8440,10700
1992-09-14,1.0000,1.1250,1.0000,1.0000,0.7502,46800
1992-09-15,1.0000,1.0000,1.0000,1.0000,0.7502,1200
1992-09-16,1.0000,1.0625,1.0000,1.0000,0.7502,10500
1992-09-17,1.0625,1.1875,1.0625,1.0625,0.7971,17900
1992-09-18,1.0625,1.0625,1.0625,1.0625,0.7971,0
1992-09-21,1.1250,1.6250,1.1250,1.6250,1.2191,76900
1992-09-22,1.6250,1.6250,1.6250,1.6250,1.2191,12300
1992-09-23,1.6250,1.6250,1.2500,1.5000,1.1253,84100
1992-09-24,1.6250,1.6250,1.5000,1.6250,1.2191,12800
1992-09-25,1.6250,2.0000,1.5625,2.0000,1.5004,30800
1992-09-28,2.0000,2.0000,1.7500,1.7500,1.3129,12500
1992-09-29,1.7500,1.8750,1.7500,1.8750,1.4066,12400
1992-09-30,1.7500,2.0000,1.7500,2.0000,1.5004,49300
1992-10-01,1.6250,1.7500,1.5000,1.5000,1.1253,23500
1992-10-02,1.5000,1.7500,1.5000,1.7500,1.3129,14900
1992-10-05,1.5000,1.7500,1.3750,1.6875,1.2660,20900
1992-10-06,1.3750,1.6875,1.3750,1.6250,1.2191,3100
1992-10-07,1.6250,1.6250,1.3750,1.5000,1.1253,15400
1992-10-08,1.3750,1.6250,1.3750,1.6250,1.2191,7700
1992-10-09,1.3750,1.6250,1.3750,1.5000,1.1253,8500
1992-10-12,1.5000,1.5000,1.5000,1.5000,1.1253,1000
1992-10-13,1.6250,1.6250,1.6250,1.6250,1.2191,400
1992-10-14,1.3750,1.3750,1.3750,1.3750,1.0315,3500
1992-10-15,1.2500,1.3750,1.2500,1.2500,0.9378,4900
1992-10-16,1.2500,1.3750,1.1250,1.3750,1.0315,19100
1992-10-19,1.2500,1.3750,1.2500,1.3125,0.9846,3500
1992-10-20,1.3125,1.3125,1.3125,1.3125,0.9846,1100
1992-10-21,1.3125,1.3750,1.3125,1.3750,1.0315,10000
1992-10-22,1.3125,1.3750,1.3125,1.3750,1.0315,6200
1992-10-23,1.3750,1.3750,1.3438,1.3750,1.0315,44000
1992-10-26,1.3750,1.3750,1.3750,1.3750,1.0315,1000
1992-10-27,1.3750,1.3750,1.3750,1.3750,1.0315,5500
1992-10-28,1.4375,1.5625,1.4375,1.5000,1.1253,14800
1992-10-29,1.6250,1.8750,1.5625,1.7500,1.3129,32200
1992-10-30,1.8750,2.0000,1.8750,1.9375,1.4535,43000
1992-11-02,1.8750,1.8750,1.8750,1.8750,1.4066,5500
1992-11-03,1.8750,2.0000,1.8750,2.0000,1.5004,3800
1992-11-04,1.7500,2.0000,1.7500,1.8750,1.4066,86100
1992-11-05,2.0000,2.0000,1.5000,1.7500,1.3129,25400
1992-11-06,1.7500,1.7500,1.7500,1.7500,1.3129,200
1992-11-09,1.5000,1.6250,1.5000,1.5000,1.1253,24200
1992-11-10,1.5000,1.5625,1.5000,1.5625,1.1722,13100
1992-11-11,1.4375,1.5000,1.4375,1.5000,1.1253,7000
1992-11-12,1.6875,1.6875,1.5000,1.5000,1.1253,12200
1992-11-13,1.5000,1.7188,1.5000,1.7188,1.2894,11400
1992-11-16,1.6875,1.8750,1.6250,1.6875,1.2660,36100
1992-11-17,1.8750,1.8750,1.6250,1.6250,1.2191,1200
1992-11-18,1.6250,1.6250,1.6250,1.6250,1.2191,300
1992-11-19,1.6250,1.7500,1.6250,1.7500,1.3129,3000
1992-11-20,1.6875,1.7500,1.6875,1.7500,1.3129,5500
1992-11-23,1.8750,1.8750,1.5000,1.5000,1.1253,73400
1992-11-24,1.5000,1.5000,1.5000,1.5000,1.1253,500
1992-11-25,1.7500,1.7500,1.5625,1.5625,1.1722,4900
1992-11-27,1.7500,1.7500,1.7500,1.7500,1.3129,1000
1992-11-30,1.5625,1.5625,1.5625,1.5625,1.1722,1200
1992-12-01,1.7500,1.7500,1.5625,1.6875,1.2660,8500
1992-12-02,1.7500,1.8125,1.6250,1.6250,1.2191,11500
1992-12-03,1.6250,1.7500,1.6250,1.7500,1.3129,4600
1992-12-04,1.6250,2.0000,1.6250,1.8750,1.4066,31000
1992-12-07,2.0625,2.1250,1.8750,2.0625,1.5473,92600
1992-12-08,2.0625,2.1875,1.8750,2.1875,1.6411,146000
1992-12-09,2.1875,2.8750,2.0000,2.7500,2.0631,267300
1992-12-10,2.8750,2.8750,2.6250,2.7500,2.0631,80300
1992-12-11,3.0000,3.0000,2.6250,2.6250,1.9693,65800
1992-12-14,2.8750,2.8750,2.5000,2.7500,2.0631,34700
1992-12-15,2.5000,2.7500,2.5000,2.5000,1.8755,13900
1992-12-16,2.6250,2.6875,2.5000,2.5000,1.8755,15400
1992-12-17,2.5000,2.7500,2.5000,2.7500,2.0631,19800
1992-12-18,2.7500,2.7500,2.5000,2.7500,2.0631,4500
1992-12-21,2.5000,2.7500,2.5000,2.5000,1.8755,13300
1992-12-22,2.7500,2.7500,2.5000,2.5000,1.8755,4500
1992-12-23,2.5000,3.0000,2.5000,2.8750,2.1569,35100
1992-12-24,2.7500,3.0000,2.7500,3.0000,2.2506,18000
1992-12-28,3.0000,3.0625,2.7500,3.0000,2.2506,17700
1992-12-29,3.0000,3.1250,2.7500,3.0000,2.2506,77700
1992-12-30,3.2500,3.2500,3.0000,3.0000,2.2506,28400
1992-12-31,3.2500,3.2500,3.0000,3.1250,2.3444,7200
1993-01-04,3.0000,3.2500,3.0000,3.2500,2.4382,8400
1993-01-05,3.0000,3.1250,2.8750,2.8750,2.1569,17000
1993-01-06,2.8750,3.1250,2.8750,3.1250,2.3444,52100
1993-01-07,3.1250,3.1250,3.0000,3.0000,2.2506,15300
1993-01-08,3.0000,3.1250,3.0000,3.1250,2.3444,12100
1993-01-11,3.0000,3.1250,3.0000,3.0000,2.2506,42500
1993-01-12,3.0000,3.1250,3.0000,3.1250,2.3444,11900
1993-01-13,3.2500,3.2500,3.2500,3.2500,2.4382,500
1993-01-14,3.0000,3.2500,3.0000,3.0000,2.2506,26200
1993-01-15,3.0000,3.2500,3.0000,3.1250,2.3444,35100
1993-01-18,3.1250,3.2500,2.7500,2.8750,2.1569,52200
1993-01-19,3.0000,3.0000,2.7500,2.8750,2.1569,14400
1993-01-20,2.7500,3.0000,2.7500,2.8750,2.1569,13100
1993-01-21,3.1250,3.1250,2.7500,2.8750,2.1569,7900
1993-01-22,2.8750,3.1250,2.8750,3.0000,2.2506,48500
1993-01-25,3.0000,3.0000,2.8750,2.8750,2.1569,3900
1993-01-26,3.0000,3.1250,3.0000,3.0000,2.2506,35700
1993-01-27,3.0000,3.0000,3.0000,3.0000,2.2506,1200
1993-01-28,3.2500,3.2500,3.0000,3.1250,2.3444,11500
1993-01-29,3.1250,3.3750,3.1250,3.2500,2.4382,27300
1993-02-01,3.2500,3.5000,3.1250,3.5000,2.6257,40500
1993-02-02,3.3750,3.8750,3.3750,3.7500,2.8133,40200
1993-02-03,3.6250,3.7500,3.6250,3.7500,2.8133,18200
1993-02-04,3.6250,3.8750,3.5000,3.6250,2.7195,90200
1993-02-05,3.7500,4.0000,3.7500,3.8750,2.9071,53900
1993-02-08,3.7500,4.0000,3.7500,3.8750,2.9071,11600
1993-02-09,3.8750,3.8750,3.7500,3.8750,2.9071,3900
1993-02-10,3.7500,4.0000,3.7500,3.8750,2.9071,36600
1993-02-11,4.0000,4.1250,3.8750,3.8750,2.9071,104400
1993-02-12,3.8750,4.1250,3.8750,3.8750,2.9071,3800
1993-02-16,3.8750,4.1250,3.6250,3.6875,2.7664,19100
1993-02-17,3.6250,3.7500,3.6250,3.6250,2.7195,21000
1993-02-18,3.6250,3.7500,3.6250,3.6250,2.7195,22000
1993-02-19,3.7500,3.7500,2.7500,2.7500,2.0631,95400
1993-02-22,3.0000,3.5000,2.7500,3.2500,2.4382,197100
1993-02-23,3.3750,3.6250,3.3750,3.5625,2.6726,31900
1993-02-24,3.6250,3.8750,3.5000,3.6250,2.7195,22700
1993-02-25,3.6250,3.6250,3.5625,3.6250,2.7195,10900
1993-02-26,3.7500,3.8750,3.5000,3.5000,2.6257,17200
1993-03-01,3.8750,4.0000,3.7500,3.7500,2.8133,22700
1993-03-02,4.0000,4.2500,3.8750,4.1250,3.0946,51900
1993-03-03,4.0000,4.3750,4.0000,4.2500,3.1884,28400
1993-03-04,4.3750,4.3750,4.1250,4.1250,3.0946,40300
1993-03-05,4.0000,4.1250,4.0000,4.1250,3.0946,3700
1993-03-08,4.0000,4.1250,3.8750,3.8750,2.9071,17100
1993-03-09,3.7500,4.1250,3.7500,4.0000,3.0008,10100
1993-03-10,4.1250,4.1250,3.8750,4.1250,3.0946,3100
1993-03-11,4.1250,4.1250,3.8750,3.8750,2.9071,3300
1993-03-12,4.1250,4.1250,3.8750,3.8750,2.9071,4700
1993-03-15,4.1250,4.1250,3.8750,4.0000,3.0008,5500
1993-03-16,3.8750,4.0000,3.8750,3.8750,2.9071,4300
1993-03-17,4.1250,4.1250,3.8750,4.1250,3.0946,2000
1993-03-18,3.8750,4.1250,3.8750,4.1250,3.0946,3500
1993-03-19,4.0000,4.1250,4.0000,4.1250,3.0946,20200
1993-03-22,4.1250,4.5000,4.1250,4.2500,3.1884,66000
1993-03-23,4.2500,4.3750,3.9375,4.0000,3.0008,25700
1993-03-24,4.0000,4.2500,4.0000,4.1250,3.0946,10900
1993-03-25,4.1250,4.1250,4.0000,4.1250,3.0946,22800
1993-03-26,4.2500,4.2500,4.0000,4.0000,3.0008,10600
1993-03-29,3.8750,4.0000,3.6250,3.7500,2.8133,26200
1993-03-30,3.7500,3.8750,3.6250,3.8750,2.9071,37900
1993-03-31,3.7500,4.1250,3.7500,4.0000,3.0008,26500
1993-04-01,4.1250,4.1250,3.8750,4.1250,3.0946,26000
1993-04-02,4.0000,4.2500,3.8750,4.1250,3.0946,35800
1993-04-05,4.0000,4.1250,3.8750,3.8750,2.9071,53400
1993-04-06,4.0000,4.0000,3.7500,3.7500,2.8133,6500
1993-04-07,3.6250,3.8750,3.6250,3.8750,2.9071,1000
1993-04-08,3.6250,3.7500,3.6250,3.7500,2.8133,3500
1993-04-12,3.7500,3.8750,3.6250,3.6250,2.7195,6700
1993-04-13,3.8750,3.8750,3.6250,3.7500,2.8133,14200
1993-04-14,4.0000,4.0000,3.7500,3.7500,2.8133,2800
1993-04-15,4.0000,4.0000,3.7500,3.7500,2.8133,28400
1993-04-16,4.0000,4.0000,3.7500,3.8750,2.9071,22400
1993-04-19,3.8750,4.1250,3.8750,4.0000,3.0008,3600
1993-04-20,3.8750,4.2500,3.8750,3.8750,2.9071,29600
1993-04-21,4.0000,4.0000,3.8750,4.0000,3.0008,12600
1993-04-22,3.8750,4.1250,3.8750,4.1250,3.0946,4300
1993-04-23,3.8750,4.2500,3.8750,4.2500,3.1884,34400
1993-04-26,4.1250,4.6250,4.1250,4.3750,3.2822,88900
1993-04-27,4.3750,4.6250,4.3750,4.5000,3.3759,39300
1993-04-28,4.3750,4.6250,4.3750,4.3750,3.2822,36400
1993-04-29,4.5000,4.6250,4.5000,4.5000,3.3759,35100
1993-04-30,4.6250,4.6250,4.3750,4.6250,3.4697,7200
1993-05-03,4.6250,4.6250,4.3750,4.3750,3.2822,3700
1993-05-04,4.3750,4.6250,4.3750,4.3750,3.2822,8800
1993-05-05,4.5000,4.5000,4.2500,4.2500,3.1884,16500
1993-05-06,4.5000,4.6250,4.3750,4.4375,3.3291,22200
1993-05-07,4.6250,4.6250,4.3750,4.5000,3.3759,6500
1993-05-10,4.6250,4.6250,4.3750,4.5000,3.3759,8300
1993-05-11,4.3750,4.6250,4.2500,4.5000,3.3759,14200
1993-05-12,4.1250,4.2500,4.1250,4.2500,3.1884,4600
1993-05-13,4.6250,4.7500,4.2500,4.7500,3.5635,48500
1993-05-14,4.5000,4.7500,4.5000,4.5000,3.3759,17500
1993-05-17,4.2500,4.7500,4.2500,4.5000,3.3759,19500
1993-05-18,4.5000,4.6250,4.2500,4.2500,3.1884,7000
1993-05-19,4.5000,4.7500,4.3750,4.6250,3.4697,5700
1993-05-20,4.3750,4.6250,4.3750,4.3750,3.2822,7300
1993-05-21,4.5000,4.6250,4.5000,4.5000,3.3759,5200
1993-05-24,4.7500,4.7500,4.2500,4.5000,3.3759,31600
1993-05-25,4.6250,4.6250,4.2500,4.3750,3.2822,7600
1993-05-26,4.2500,4.2500,4.2500,4.2500,3.1884,5300
1993-05-27,4.2500,4.5000,4.2500,4.5000,3.3759,600
1993-05-28,4.5000,4.5000,4.2500,4.5000,3.3759,9900
1993-06-01,4.3750,4.3750,4.0000,4.1250,3.0946,12800
1993-06-02,3.8750,4.2500,3.8750,3.8750,2.9071,10100
1993-06-03,3.8750,4.2500,3.8750,3.8750,2.9071,2800
1993-06-04,4.1250,4.1250,4.1250,4.1250,3.0946,8000
1993-06-07,4.2500,4.2500,3.8750,4.0000,3.0008,14900
1993-06-08,3.8750,3.8750,3.8750,3.8750,2.9071,100
1993-06-09,3.8750,4.2500,3.7500,4.1250,3.0946,4200
1993-06-10,3.7500,3.7500,3.7500,3.7500,2.8133,5000
1993-06-11,4.0000,4.1250,4.0000,4.1250,3.0946,700
1993-06-14,3.8750,4.0000,3.7500,4.0000,3.0008,3700
1993-06-15,3.7500,4.0000,3.7500,3.9375,2.9539,24300
1993-06-16,3.7500,3.8750,3.7500,3.7500,2.8133,5100
1993-06-17,4.0000,4.2500,3.8750,4.1250,3.0946,12300
1993-06-18,4.0000,4.0000,4.0000,4.0000,3.0008,2200
1993-06-21,4.1250,4.1250,4.0000,4.0000,3.0008,10600
1993-06-22,4.2500,4.2500,4.0000,4.0000,3.0008,11400
1993-06-23,4.0000,4.2500,4.0000,4.1250,3.0946,8700
1993-06-24,4.0000,4.1250,4.0000,4.0000,3.0008,7800
1993-06-25,4.0000,4.2500,4.0000,4.1250,3.0946,10600
1993-06-28,4.0000,4.0000,4.0000,4.0000,3.0008,200
1993-06-29,4.0000,4.2500,4.0000,4.0000,3.0008,15000
1993-06-30,4.0000,4.2500,4.0000,4.1250,3.0946,31200
1993-07-01,4.1250,4.7500,4.1250,4.5000,3.3759,24900
1993-07-02,4.5000,4.6250,4.3750,4.3750,3.2822,16600
1993-07-06,4.3750,4.7500,4.3750,4.5000,3.3759,9800
1993-07-07,4.7500,4.7500,4.1250,4.5000,3.3759,15500
1993-07-08,4.3750,4.3750,4.1250,4.1250,3.0946,4500
1993-07-09,4.1250,4.3750,4.0000,4.1250,3.0946,10300
1993-07-12,4.2500,4.2500,4.0000,4.0000,3.0008,7200
1993-07-13,4.2500,4.2500,4.0000,4.0000,3.0008,2300
1993-07-14,4.0000,4.2500,4.0000,4.0000,3.0008,2000
1993-07-15,4.0000,4.2500,3.8750,3.8750,2.9071,8800
1993-07-16,3.8750,3.8750,3.8750,3.8750,2.9071,1400
1993-07-19,4.0000,4.0000,4.0000,4.0000,3.0008,1500
1993-07-20,4.0000,4.2500,4.0000,4.0000,3.0008,5500
1993-07-21,4.0000,4.0000,4.0000,4.0000,3.0008,0
1993-07-22,4.0000,4.0000,4.0000,4.0000,3.0008,5600
1993-07-23,4.0000,4.1250,3.8750,4.0000,3.0008,1800
1993-07-26,3.8750,4.2500,3.8750,4.1250,3.0946,16400
1993-07-27,4.0000,4.1250,4.0000,4.0625,3.0477,14600
1993-07-28,3.8750,4.2500,3.8750,4.2500,3.1884,11200
1993-07-29,4.3750,4.3750,4.2500,4.2500,3.1884,17700
1993-07-30,4.3750,4.5000,4.3750,4.3750,3.2822,9400
1993-08-02,4.6250,4.6250,4.3750,4.3750,3.2822,10800
1993-08-03,4.3750,4.6250,4.3750,4.5000,3.3759,10100
1993-08-04,4.5000,4.5000,4.2500,4.3750,3.2822,27000
1993-08-05,4.2500,4.5000,4.2500,4.3750,3.2822,34400
1993-08-06,4.2500,4.5000,4.2500,4.2500,3.1884,7600
1993-08-09,4.2500,4.2500,4.2500,4.2500,3.1884,800
1993-08-10,4.2500,4.5000,4.2500,4.2500,3.1884,14600
1993-08-11,4.2500,4.5000,4.2500,4.2500,3.1884,9000
1993-08-12,4.2500,4.2500,4.2500,4.2500,3.1884,1200
1993-08-13,4.5000,4.5000,4.2500,4.4375,3.3291,5400
1993-08-16,4.5000,4.5000,4.3750,4.5000,3.3759,2300
1993-08-17,4.3750,4.3750,4.3750,4.3750,3.2822,8100
1993-08-18,4.5000,4.5000,4.2500,4.2500,3.1884,6400
1993-08-19,4.2500,4.2500,4.2500,4.2500,3.1884,8600
1993-08-20,4.2500,4.3750,4.2500,4.3750,3.2822,8200
1993-08-23,4.3750,4.3750,4.2500,4.2500,3.1884,15700
1993-08-24,4.3750,4.3750,4.2500,4.3750,3.2822,3800
1993-08-25,4.2500,4.3750,4.2500,4.3750,3.2822,3200
1993-08-26,4.5000,4.5000,4.2500,4.2500,3.1884,10800
1993-08-27,4.1250,4.1250,4.1250,4.1250,3.0946,1700
1993-08-30,4.2500,4.2500,4.2500,4.2500,3.1884,400
1993-08-31,4.2500,4.3750,4.1250,4.3750,3.2822,25300
1993-09-01,4.1250,4.2500,4.1250,4.2500,3.1884,5000
1993-09-02,4.1250,4.1250,4.1250,4.1250,3.0946,4700
1993-09-03,4.1250,4.1250,3.8750,3.8750,2.9071,3800
1993-09-07,3.7500,4.0000,3.6250,3.6250,2.7195,8800
1993-09-08,3.6250,3.7500,3.6250,3.6250,2.7195,5200
1993-09-09,3.6250,3.8750,3.6250,3.8750,2.9071,5100
1993-09-10,3.6250,3.6250,3.6250,3.6250,2.7195,1400
1993-09-13,3.6250,3.7500,3.6250,3.6250,2.7195,6100
1993-09-14,3.7500,3.7500,3.6250,3.6250,2.7195,7200
1993-09-15,3.7500,3.7500,3.6250,3.7500,2.8133,3700
1993-09-16,3.7500,3.7500,3.7500,3.7500,2.8133,1700
1993-09-17,3.8750,3.8750,3.7500,3.7500,2.8133,2000
1993-09-20,4.1250,4.1250,3.8750,4.1250,3.0946,12000
1993-09-21,3.8750,4.3750,3.8750,4.3750,3.2822,5000
1993-09-22,4.0000,4.3750,4.0000,4.3750,3.2822,1000
1993-09-23,4.0000,4.0000,4.0000,4.0000,3.0008,2600
1993-09-24,4.0000,4.0000,4.0000,4.0000,3.0008,900
1993-09-27,4.0000,4.1250,4.0000,4.0000,3.0008,3400
1993-09-28,4.0000,4.0000,4.0000,4.0000,3.0008,0
1993-09-29,4.0000,4.3750,4.0000,4.3750,3.2822,2000
1993-09-30,4.0000,4.3750,4.0000,4.3750,3.2822,2000
1993-10-01,4.0000,4.0000,4.0000,4.0000,3.0008,1600
1993-10-04,4.0000,4.0000,4.0000,4.0000,3.0008,9000
1993-10-05,4.0000,4.0000,4.0000,4.0000,3.0008,300
1993-10-06,4.0000,4.0000,4.0000,4.0000,3.0008,900
1993-10-07,4.0000,4.3750,4.0000,4.3750,3.2822,1900
1993-10-08,4.0000,4.2500,3.8750,4.0000,3.0008,12500
1993-10-11,4.1250,4.1250,3.8750,3.8750,2.9071,1400
1993-10-12,3.8750,3.8750,3.6250,3.7500,2.8133,16200
1993-10-13,3.8750,3.8750,3.6250,3.8750,2.9071,4200
1993-10-14,3.8750,3.8750,3.6250,3.7500,2.8133,5000
1993-10-15,3.6250,3.8750,3.6250,3.8750,2.9071,1700
1993-10-18,3.6250,3.6250,3.6250,3.6250,2.7195,500
1993-10-19,3.6250,3.8750,3.6250,3.6250,2.7195,4000
1993-10-20,3.6250,3.6250,3.6250,3.6250,2.7195,600
1993-10-21,3.6250,4.0000,3.6250,4.0000,3.0008,4800
1993-10-22,4.0000,4.0000,3.7500,4.0000,3.0008,3900
1993-10-25,3.8750,3.8750,3.7500,3.7500,2.8133,2100
1993-10-26,4.0000,4.0000,3.8750,3.8750,2.9071,9300
1993-10-27,3.8750,3.8750,3.8750,3.8750,2.9071,600
1993-10-28,4.1250,4.1250,3.8750,3.8750,2.9071,900
1993-10-29,4.1250,4.1250,4.0000,4.1250,3.0946,21900
1993-11-01,4.0000,4.0000,4.0000,4.0000,3.0008,2100
1993-11-02,4.1875,4.2500,4.0000,4.0000,3.0008,19300
1993-11-03,4.0000,4.1250,4.0000,4.0000,3.0008,5300
1993-11-04,4.0000,4.2500,4.0000,4.0000,3.0008,7500
1993-11-05,4.0000,4.2500,3.8750,4.2500,3.1884,10900
1993-11-08,4.2500,4.5000,4.1250,4.2500,3.1884,13100
1993-11-09,4.1250,4.2500,4.1250,4.2500,3.1884,6000
1993-11-10,4.5000,4.5000,4.2500,4.5000,3.3759,3100
1993-11-11,4.5000,4.5000,4.5000,4.5000,3.3759,200
1993-11-12,4.2500,4.4375,4.2500,4.4375,3.3291,3100
1993-11-15,4.5000,4.5000,4.5000,4.5000,3.3759,1300
1993-11-16,4.2500,4.5000,4.2500,4.2500,3.1884,8800
1993-11-17,4.2500,4.2500,4.1250,4.2500,3.1884,20200
1993-11-18,4.1250,4.1250,4.1250,4.1250,3.0946,1000
1993-11-19,4.1250,4.3750,4.1250,4.1250,3.0946,2200
1993-11-22,4.1250,4.3750,4.1250,4.1250,3.0946,4300
1993-11-23,4.0000,4.1250,4.0000,4.1250,3.0946,4900
1993-11-24,4.0000,4.2500,4.0000,4.2500,3.1884,1300
1993-11-26,4.2500,4.2500,4.2500,4.2500,3.1884,0
1993-11-29,4.0000,4.1250,4.0000,4.0000,3.0008,8500
1993-11-30,4.2500,4.2500,4.2500,4.2500,3.1884,100
1993-12-01,4.0000,4.1250,3.8750,4.0000,3.0008,15400
1993-12-02,3.8750,4.1250,3.8750,4.1250,3.0946,4200
1993-12-03,3.8750,4.1250,3.8750,4.0000,3.0008,18000
1993-12-06,4.0000,4.1250,4.0000,4.1250,3.0946,8900
1993-12-07,4.0000,4.1250,4.0000,4.1250,3.0946,5900
1993-12-08,4.0625,4.2500,4.0000,4.0000,3.0008,16700
1993-12-09,4.0000,4.2500,3.8750,4.1250,3.0946,8000
1993-12-10,4.1250,4.1250,4.0000,4.0000,3.0008,3200
1993-12-13,4.1250,4.1250,3.8750,3.8750,2.9071,8400
1993-12-14,3.7500,4.0625,3.7500,4.0312,3.0243,35400
1993-12-15,3.8750,4.5000,3.8750,4.2500,3.1884,61900
1993-12-16,4.1250,5.2500,4.1250,5.1250,3.8448,198400
1993-12-17,5.1250,5.5000,5.0000,5.2500,3.9386,45200
1993-12-20,5.6250,5.8750,5.2500,5.6250,4.2199,66000
1993-12-21,5.7500,6.1250,5.7500,5.7500,4.3137,36800
1993-12-22,6.0000,6.0000,5.7500,6.0000,4.5013,16700
1993-12-23,5.9375,6.3750,5.9375,6.1250,4.5950,49600
1993-12-27,6.3750,6.7500,6.2500,6.5625,4.9232,44200
1993-12-28,6.3750,7.5000,6.3750,7.1250,5.3452,55500
1993-12-29,7.5000,7.5000,7.1250,7.3750,5.5328,87400
1993-12-30,7.2500,8.3750,7.2500,8.3750,6.2830,59900
1993-12-31,8.3750,9.7500,8.1250,8.5625,6.4237,163900
1994-01-03,8.5000,9.1250,8.3750,8.5000,6.3768,152500
1994-01-04,8.6250,9.2500,8.6250,8.9375,6.7050,95300
1994-01-05,9.1250,9.1250,8.5000,8.5000,6.3768,52200
1994-01-06,8.1250,8.5000,8.1250,8.3750,6.2830,36300
1994-01-07,8.3750,8.6250,7.8750,7.8750,5.9079,70400
1994-01-10,7.7500,7.7500,7.1250,7.6250,5.7203,70800
1994-01-11,7.5000,7.8750,7.5000,7.8125,5.8610,34400
1994-01-12,7.7500,8.0000,7.7500,7.7500,5.8141,41100
1994-01-13,8.0000,8.1250,7.7500,8.1250,6.0954,20700
1994-01-14,8.1250,8.2500,7.8750,8.1250,6.0954,63100
1994-01-17,8.2500,8.7500,8.2500,8.5000,6.3768,55600
1994-01-18,8.3750,8.6250,8.3750,8.5000,6.3768,51500
1994-01-19,8.6250,9.3750,8.5000,9.0000,6.7519,77200
1994-01-20,9.3750,9.3750,8.7500,8.7500,6.5643,30300
1994-01-21,9.0000,9.0000,8.3750,8.3750,6.2830,57400
1994-01-24,8.2500,8.6250,8.2500,8.3750,6.2830,6900
1994-01-25,8.3750,8.7500,8.3750,8.5000,6.3768,31600
1994-01-26,8.5000,9.5000,8.5000,9.0000,6.7519,52700
1994-01-27,9.0000,9.1250,8.5000,8.5000,6.3768,13000
1994-01-28,8.2500,8.6250,8.2500,8.5000,6.3768,12000
1994-01-31,8.6250,8.8750,8.3750,8.7500,6.5643,28000
1994-02-01,8.8750,8.8750,8.5000,8.5625,6.4237,53600
1994-02-02,8.8750,8.8750,8.6250,8.7500,6.5643,30000
1994-02-03,8.7500,9.0000,8.6250,9.0000,6.7519,12200
1994-02-04,9.1250,9.1250,8.6250,9.0000,6.7519,40100
1994-02-07,8.7500,8.7500,8.3750,8.5000,6.3768,28400
1994-02-08,8.5000,8.5000,8.1250,8.5000,6.3768,4300
1994-02-09,8.2500,8.5000,8.1250,8.2500,6.1892,14200
1994-02-10,8.5000,8.6250,8.2500,8.5000,6.3768,12100
1994-02-11,8.2500,8.6250,8.2500,8.2500,6.1892,5200
1994-02-14,8.2500,8.5000,8.0000,8.0000,6.0017,6900
1994-02-15,8.3750,8.3750,7.8750,8.1250,6.0954,20200
1994-02-16,8.1250,8.2500,7.8750,8.2500,6.1892,16200
1994-02-17,8.0000,8.0000,8.0000,8.0000,6.0017,4300
1994-02-18,8.0000,8.2500,8.0000,8.0000,6.0017,2000
1994-02-22,8.0000,8.2500,7.8750,8.0000,6.0017,5300
1994-02-23,8.0000,8.5000,8.0000,8.2500,6.1892,32700
1994-02-24,8.3750,8.5000,8.0000,8.1250,6.0954,22900
1994-02-25,8.6250,9.0000,8.2500,8.8438,6.6347,38200
1994-02-28,9.1250,9.1250,8.7500,9.1250,6.8457,24700
1994-03-01,9.0000,9.1250,8.8750,9.1250,6.8457,6700
1994-03-02,8.7500,9.0000,8.7500,9.0000,6.7519,8700
1994-03-03,9.0000,9.0000,8.7500,8.8125,6.6112,11400
1994-03-04,8.7500,8.7500,8.5000,8.5000,6.3768,13000
1994-03-07,8.5000,8.5000,8.5000,8.5000,6.3768,300
1994-03-08,8.5000,8.6250,8.5000,8.6250,6.4705,10200
1994-03-09,9.0000,9.0000,8.6250,8.6250,6.4705,6200
1994-03-10,8.6250,8.7500,8.3750,8.6250,6.4705,21400
1994-03-11,8.6250,8.6250,8.3750,8.3750,6.2830,9700
1994-03-14,8.3750,8.8750,8.3750,8.8750,6.6581,22200
1994-03-15,8.7500,8.7500,8.7500,8.7500,6.5643,3500
1994-03-16,8.6250,8.7500,8.6250,8.6250,6.4705,2500
1994-03-17,9.0000,9.0000,8.6250,8.6250,6.4705,9300
1994-03-18,8.7500,9.0000,8.6250,8.6250,6.4705,16500
1994-03-21,8.6250,8.7500,8.5000,8.5000,6.3768,30200
1994-03-22,8.3750,8.3750,8.3750,8.3750,6.2830,2300
1994-03-23,8.3750,8.3750,8.3750,8.3750,6.2830,0
1994-03-24,8.5000,8.7500,8.5000,8.5000,6.3768,19300
1994-03-25,8.6250,8.9062,8.5000,8.8125,6.6112,9000
1994-03-28,8.8750,9.0000,8.5000,8.6875,6.5174,13400
1994-03-29,8.5000,8.7500,8.2500,8.2500,6.1892,19900
1994-03-30,8.2500,8.6250,8.1250,8.5000,6.3768,41200
1994-03-31,8.3750,8.3750,8.3750,8.3750,6.2830,200
1994-04-04,8.2500,8.7500,8.2500,8.4375,6.3299,15000
1994-04-05,8.2500,8.7500,8.2500,8.7500,6.5643,4600
1994-04-06,8.7500,9.1250,8.6250,9.0000,6.7519,153400
1994-04-07,9.1250,9.1250,9.0000,9.1250,6.8457,11200
1994-04-08,9.1250,9.1250,8.8750,9.1250,6.8457,6900
1994-04-11,9.1250,9.1250,8.8125,8.8750,6.6581,10900
1994-04-12,8.7500,9.0000,8.7500,8.8750,6.6581,25600
1994-04-13,8.7500,8.8750,8.7500,8.7500,6.5643,5300
1994-04-14,8.8750,9.0000,8.7500,9.0000,6.7519,15300
1994-04-15,9.0000,9.0000,8.7500,8.7500,6.5643,8600
1994-04-18,8.7500,9.1250,8.7500,9.0000,6.7519,38600
1994-04-19,9.0000,9.0000,8.3750,8.3750,6.2830,16900
1994-04-20,8.3750,8.6250,8.2500,8.2500,6.1892,13000
1994-04-21,8.3750,8.3750,8.2500,8.2500,6.1892,12500
1994-04-22,8.2500,8.2500,7.6250,7.6250,5.7203,19100
1994-04-25,8.0000,8.1250,7.6250,8.0000,6.0017,27000
1994-04-26,8.0000,8.3750,7.9375,8.0000,6.0017,18400
1994-04-28,8.3750,8.3750,8.1250,8.1250,6.0954,6100
1994-04-29,8.3750,8.3750,8.1250,8.3750,6.2830,500
1994-05-02,8.2500,8.5000,8.2500,8.3750,6.2830,7800
1994-05-03,8.2500,8.3750,8.2500,8.3750,6.2830,1000
1994-05-04,8.3750,8.5000,8.1250,8.3750,6.2830,23400
1994-05-05,8.3750,8.6250,8.3750,8.4375,6.3299,6400
1994-05-06,8.2500,8.6250,8.2500,8.6250,6.4705,6000
1994-05-09,8.3750,8.5000,8.3750,8.5000,6.3768,1600
1994-05-10,8.3750,8.5000,8.3750,8.3750,6.2830,1500
1994-05-11,8.3750,8.3750,8.0000,8.1250,6.0954,15300
1994-05-12,8.1250,8.1250,8.1250,8.1250,6.0954,0
1994-05-13,8.1250,8.2500,7.7500,8.0000,6.0017,21200
1994-05-16,7.7500,8.2500,7.7500,8.2500,6.1892,4700
1994-05-17,8.0000,8.2500,8.0000,8.2500,6.1892,3100
1994-05-18,8.2500,8.2500,8.0000,8.0000,6.0017,1800
1994-05-19,8.0000,8.0000,7.8750,7.8750,5.9079,1500
1994-05-20,8.2500,8.2500,7.8750,7.8750,5.9079,3600
1994-05-23,8.0000,8.0000,7.7500,7.7500,5.8141,9000
1994-05-24,7.7500,8.5000,7.7500,8.5000,6.3768,37300
1994-05-25,8.5000,8.5000,8.2500,8.5000,6.3768,6000
1994-05-26,8.5000,8.5000,8.5000,8.5000,6.3768,300
1994-05-27,8.5000,8.6250,8.3750,8.5625,6.4237,14700
1994-05-31,8.3750,8.7500,8.3750,8.7500,6.5643,8600
1994-06-01,8.3750,8.7969,8.3750,8.7969,6.5995,30600
1994-06-02,8.5000,8.5469,8.3750,8.5000,6.3768,241100
1994-06-03,8.8750,8.8750,8.3750,8.5000,6.3768,3600
1994-06-06,8.6250,8.6250,8.4375,8.6250,6.4705,12100
1994-06-07,8.6250,8.6250,8.6250,8.6250,6.4705,0
1994-06-08,8.5000,8.5000,8.5000,8.5000,6.3768,500
1994-06-09,8.3750,8.5000,8.3750,8.3750,6.2830,1500
1994-06-10,8.6250,8.6250,8.3750,8.6250,6.4705,2300
1994-06-13,8.5000,8.5000,8.3750,8.3750,6.2830,1000
1994-06-14,8.6250,8.6250,8.3750,8.3750,6.2830,18800
1994-06-15,8.2500,8.5000,8.2500,8.5000,6.3768,700
1994-06-16,8.3125,8.3125,8.2500,8.2500,6.1892,11500
1994-06-17,8.1250,8.3750,8.1250,8.3750,6.2830,10000
1994-06-20,8.3750,8.3750,8.1250,8.1250,6.0954,4400
1994-06-21,8.3750,8.3750,8.1250,8.1250,6.0954,1400
1994-06-22,8.3750,8.3750,8.1250,8.1250,6.0954,5200
1994-06-23,8.1250,8.3750,8.1250,8.1250,6.0954,1300
1994-06-24,8.1250,8.3750,8.1250,8.1250,6.0954,3300
1994-06-27,8.1250,8.2500,7.8750,8.0000,6.0017,4700
1994-06-28,8.1250,8.1250,8.1250,8.1250,6.0954,300
1994-06-29,7.7500,8.1250,7.7500,8.1250,6.0954,46600
1994-06-30,7.7500,8.1250,7.7500,8.1250,6.0954,8500
1994-07-01,8.1250,8.1250,7.7500,7.7500,5.8141,3000
1994-07-05,7.8750,8.0000,7.7500,7.8750,5.9079,12300
1994-07-06,8.1250,8.1250,7.6250,7.6250,5.7203,3700
1994-07-07,7.6250,8.0000,7.6250,7.8750,5.9079,1600
1994-07-08,7.6250,8.0000,7.6250,8.0000,6.0017,8800
1994-07-11,7.6250,7.8750,7.5000,7.5000,5.6266,10400
1994-07-12,7.7500,7.7500,7.5000,7.7500,5.8141,1100
1994-07-13,7.5000,7.6250,7.5000,7.6250,5.7203,9700
1994-07-14,7.7500,7.7500,7.5000,7.5000,5.6266,500
1994-07-15,7.5000,7.6250,7.2500,7.5000,5.6266,12900
1994-07-18,7.2500,7.5000,7.2500,7.5000,5.6266,6000
1994-07-19,7.3750,7.6250,7.3750,7.6250,5.7203,1600
1994-07-20,7.5625,7.6250,7.3750,7.6250,5.7203,13800
1994-07-21,7.3750,7.6250,7.3750,7.6250,5.7203,1000
1994-07-22,7.3750,7.6250,7.3750,7.6250,5.7203,6800
1994-07-25,7.5000,7.5000,7.5000,7.5000,5.6266,300
1994-07-26,7.5000,7.6250,7.3750,7.6250,5.7203,7400
1994-07-27,7.6250,7.7500,7.5000,7.7500,5.8141,6700
1994-07-28,7.5000,7.7500,7.5000,7.7500,5.8141,19600
1994-07-29,7.7500,7.7500,7.7500,7.7500,5.8141,0
1994-08-01,7.7500,7.8750,7.6250,7.6250,5.7203,18900
1994-08-02,7.8750,7.8750,7.6250,7.6250,5.7203,1400
1994-08-03,7.8750,8.2500,7.8125,8.2500,6.1892,17900
1994-08-04,8.3750,8.7500,8.3750,8.6250,6.4705,21500
1994-08-05,8.6250,8.6250,8.6250,8.6250,6.4705,0
1994-08-08,8.6250,8.6250,8.3750,8.3750,6.2830,900
1994-08-09,8.6250,8.6250,8.6250,8.6250,6.4705,900
1994-08-10,8.3750,8.5000,8.2500,8.5000,6.3768,5800
1994-08-11,8.3750,8.5000,8.1250,8.1250,6.0954,13000
1994-08-12,8.1250,8.1250,8.1250,8.1250,6.0954,1200
1994-08-15,8.1250,8.1250,8.1250,8.1250,6.0954,200
1994-08-16,8.1250,8.1250,8.1250,8.1250,6.0954,3000
1994-08-17,8.1250,8.1250,8.1250,8.1250,6.0954,200
1994-08-18,8.3750,8.3750,8.0000,8.0000,6.0017,11200
1994-08-19,7.7500,8.0000,7.7500,7.8750,5.9079,5000
1994-08-22,7.7500,8.0000,7.7500,8.0000,6.0017,800
1994-08-23,8.0000,8.0000,8.0000,8.0000,6.0017,200
1994-08-24,7.7500,8.0000,7.7500,7.7500,5.8141,7100
1994-08-25,8.0000,8.0000,7.6250,8.0000,6.0017,8600
1994-08-26,7.6250,7.6250,7.6250,7.6250,5.7203,1600
1994-08-29,7.8750,7.8750,7.6250,7.6250,5.7203,5200
1994-08-30,7.8750,7.8750,7.8750,7.8750,5.9079,800
1994-08-31,7.8750,7.8750,7.6250,7.6250,5.7203,600
1994-09-01,7.8750,7.8750,7.2500,7.2500,5.4390,10700
1994-09-02,7.2500,7.5000,7.1250,7.3750,5.5328,22800
1994-09-06,7.5000,7.5000,7.1250,7.5000,5.6266,8100
1994-09-07,7.5000,7.5000,7.2500,7.5000,5.6266,2700
1994-09-08,7.5000,8.0000,7.4375,7.8125,5.8610,19300
1994-09-09,8.0000,8.0000,7.6250,8.0000,6.0017,1600
1994-09-12,8.0000,8.0000,7.7500,8.0000,6.0017,11200
1994-09-13,8.1250,8.1250,7.8750,8.1250,6.0954,10600
1994-09-14,8.2500,8.2500,8.0000,8.2500,6.1892,4600
1994-09-15,8.0000,8.2500,8.0000,8.0000,6.0017,6600
1994-09-16,8.2500,8.2500,7.8750,7.8750,5.9079,18500
1994-09-19,8.1250,8.1250,7.8750,8.0000,6.0017,16000
1994-09-20,8.2500,8.2500,8.0000,8.0000,6.0017,20000
1994-09-21,8.3750,8.3750,8.0000,8.0000,6.0017,3300
1994-09-22,8.3750,8.3750,8.0000,8.3750,6.2830,700
1994-09-23,8.0000,9.0000,8.0000,8.8750,6.6581,30300
1994-09-26,8.1250,8.7500,8.1250,8.7500,6.5643,61700
1994-09-27,8.7500,8.7500,8.5000,8.7500,6.5643,10600
1994-09-28,8.7500,9.0000,8.6250,8.9375,6.7050,21600
1994-09-29,9.0000,9.0000,8.7500,9.0000,6.7519,6400
1994-09-30,9.0000,9.1250,9.0000,9.1250,6.8457,47900
1994-10-03,8.8750,9.1250,8.8750,9.0000,6.7519,4100
1994-10-04,9.0000,9.0000,8.7500,8.7500,6.5643,3100
1994-10-05,9.0000,9.0000,8.7500,8.7500,6.5643,2000
1994-10-06,8.7500,8.8750,8.7500,8.7500,6.5643,5500
1994-10-07,9.0000,9.0000,8.8750,9.0000,6.7519,11500
1994-10-10,9.0000,9.1250,8.8750,9.0000,6.7519,2200
1994-10-11,8.8750,9.1250,8.8750,9.0625,6.7988,43000
1994-10-12,9.1250,9.2500,9.0000,9.2500,6.9394,9400
1994-10-13,9.0000,9.1250,9.0000,9.0000,6.7519,5100
1994-10-14,9.1250,9.1250,9.0000,9.0000,6.7519,11600
1994-10-17,9.0000,9.1250,9.0000,9.1250,6.8457,1400
1994-10-18,8.8750,8.8750,8.8750,8.8750,6.6581,1800
1994-10-19,8.8750,8.8750,8.8750,8.8750,6.6581,4600
1994-10-20,8.8750,9.0000,8.6250,8.8750,6.6581,18700
1994-10-21,8.8750,8.8750,8.6250,8.8750,6.6581,2600
1994-10-24,8.6250,8.6250,8.6250,8.6250,6.4705,300
1994-10-25,8.8750,8.8750,8.8750,8.8750,6.6581,500
1994-10-26,8.8750,8.8750,8.8750,8.8750,6.6581,0
1994-10-27,8.6250,8.6250,8.6250,8.6250,6.4705,1000
1994-10-28,8.7500,8.7500,8.3750,8.6250,6.4705,3600
1994-10-31,8.6250,8.6250,8.6250,8.6250,6.4705,0
1994-11-01,8.3750,8.6250,8.3750,8.5000,6.3768,8900
1994-11-02,8.3750,8.5000,8.3750,8.5000,6.3768,400
1994-11-03,8.3750,8.3750,8.3750,8.3750,6.2830,600
1994-11-04,8.3750,8.6250,8.0000,8.0000,6.0017,12300
1994-11-07,8.3750,8.3750,7.8750,8.1250,6.0954,5200
1994-11-08,8.1250,8.1250,8.1250,8.1250,6.0954,1000
1994-11-09,8.1250,8.1250,7.8750,8.0000,6.0017,2600
1994-11-10,7.8750,8.1250,7.8750,8.0000,6.0017,2800
1994-11-11,8.1250,8.1250,7.8750,7.8750,5.9079,1100
1994-11-14,7.8750,8.0000,7.8750,8.0000,6.0017,9600
1994-11-15,7.8750,8.1250,7.8750,7.8750,5.9079,2200
1994-11-16,8.1250,8.1250,8.0000,8.0000,6.0017,8400
1994-11-17,8.0000,8.2500,8.0000,8.2500,6.1892,2100
1994-11-18,7.8750,8.0000,7.8750,8.0000,6.0017,12300
1994-11-21,8.1250,8.1719,7.8750,8.0000,6.0017,28300
1994-11-22,8.2500,8.2500,8.0000,8.0000,6.0017,7800
1994-11-23,8.0000,8.0000,8.0000,8.0000,6.0017,0
1994-11-25,8.1250,8.1250,8.1250,8.1250,6.0954,200
1994-11-28,7.8750,7.8750,7.8750,7.8750,5.9079,2700
1994-11-29,7.8750,8.0000,7.8750,7.9375,5.9548,21400
1994-11-30,7.8750,7.8750,7.8750,7.8750,5.9079,12600
1994-12-01,7.8750,8.0000,7.8750,7.8750,5.9079,4600
1994-12-02,7.8750,8.1250,7.8750,8.1250,6.0954,8800
1994-12-05,8.1250,8.1250,7.8750,7.8750,5.9079,1200
1994-12-06,7.8750,7.8750,7.8750,7.8750,5.9079,1800
1994-12-07,7.8750,7.8750,7.8750,7.8750,5.9079,1800
1994-12-08,8.0000,8.0000,8.0000,8.0000,6.0017,900
1994-12-09,7.8750,7.8750,7.8750,7.8750,5.9079,200
1994-12-12,7.8750,8.0000,7.8750,8.0000,6.0017,8000
1994-12-13,8.0000,8.0000,8.0000,8.0000,6.0017,1100
1994-12-14,8.0000,8.0000,8.0000,8.0000,6.0017,0
1994-12-15,7.8750,8.0000,7.8750,7.8750,5.9079,10300
1994-12-16,8.1250,8.1250,7.8750,7.8750,5.9079,12800
1994-12-19,7.8750,8.1250,7.8750,8.1250,6.0954,1000
1994-12-20,7.8750,7.9375,7.8750,7.9375,5.9548,900
1994-12-21,8.1250,8.1250,7.8750,8.1250,6.0954,5900
1994-12-22,7.8750,8.1250,7.8750,8.0000,6.0017,5500
1994-12-23,7.8750,8.1250,7.8750,7.8750,5.9079,8300
1994-12-27,7.8750,8.1250,7.8750,8.1250,6.0954,8300
1994-12-28,8.1250,8.1250,7.8750,7.8750,5.9079,4500
1994-12-29,8.0000,8.0000,7.8750,7.8750,5.9079,7100
1994-12-30,8.0000,8.1250,7.8750,8.1250,6.0954,13900
1995-01-03,8.0000,8.0000,7.8750,8.0000,6.0017,27900
1995-01-04,8.0000,8.0000,7.6250,7.6250,5.7203,18000
1995-01-05,7.6250,7.7500,7.0000,7.0000,5.2515,43400
1995-01-06,7.0000,7.2500,7.0000,7.0000,5.2515,14000
1995-01-09,7.2500,7.2500,6.8750,6.8750,5.1577,9400
1995-01-10,7.1250,7.1250,6.8750,6.8750,5.1577,3800
1995-01-11,7.1250,7.1250,7.0000,7.1250,5.3452,9500
1995-01-12,7.1250,7.3750,7.1250,7.3750,5.5328,4800
1995-01-13,7.3125,7.5000,7.1250,7.1250,5.3452,11500
1995-01-16,7.3750,7.3750,7.1250,7.3125,5.4859,9500
1995-01-17,7.1250,7.1250,7.0000,7.1250,5.3452,11700
1995-01-18,7.1250,7.1250,7.1250,7.1250,5.3452,400
1995-01-19,7.0000,7.0000,7.0000,7.0000,5.2515,200
1995-01-20,6.8750,6.8750,6.8750,6.8750,5.1577,1100
1995-01-23,7.1250,7.1250,6.8750,6.8750,5.1577,8600
1995-01-24,6.9062,7.0000,6.7500,6.7500,5.0639,11100
1995-01-25,6.7500,7.0000,6.1250,6.2500,4.6888,40700
1995-01-26,6.2500,6.3750,6.1250,6.3750,4.7826,3600
1995-01-27,6.3750,6.3750,6.0000,6.0000,4.5013,14100
1995-01-30,6.0000,6.1250,5.6250,5.6250,4.2199,22100
1995-01-31,5.7500,6.0000,5.7500,5.7500,4.3137,7000
1995-02-01,6.0000,6.0000,5.7500,5.8125,4.3606,18900
1995-02-02,6.0000,6.2500,6.0000,6.1250,4.5950,15000
1995-02-03,6.2500,6.3750,6.1250,6.1250,4.5950,5200
1995-02-06,6.2500,6.3750,6.1250,6.3750,4.7826,1800
1995-02-07,6.1250,6.3750,6.1250,6.3750,4.7826,2700
1995-02-08,6.3750,6.3750,6.3750,6.3750,4.7826,0
1995-02-09,6.2500,6.2500,6.1250,6.1250,4.5950,1200
1995-02-10,6.1250,6.1250,6.1250,6.1250,4.5950,0
1995-02-13,6.1250,6.2500,6.1250,6.1250,4.5950,1400
1995-02-14,6.1250,6.3750,6.1250,6.3750,4.7826,500
1995-02-15,6.1250,6.3750,6.1250,6.3750,4.7826,4900
1995-02-16,6.3750,6.3750,6.1250,6.3750,4.7826,13500
1995-02-17,6.1250,6.3750,6.1250,6.2500,4.6888,9100
1995-02-21,6.1250,6.2500,6.1250,6.2500,4.6888,1000
1995-02-22,6.3750,7.3750,6.3750,7.3750,5.5328,39000
1995-02-23,7.0000,7.0000,7.0000,7.0000,5.2515,5100
1995-02-24,7.0000,7.0000,7.0000,7.0000,5.2515,6100
1995-02-27,7.2500,7.2500,7.2500,7.2500,5.4390,4000
1995-02-28,7.2500,7.7500,7.2500,7.7500,5.8141,11000
1995-03-01,7.3750,7.3750,7.3750,7.3750,5.5328,1000
1995-03-02,7.5000,7.5000,7.3750,7.3750,5.5328,5000
1995-03-03,7.3750,7.3750,7.3750,7.3750,5.5328,400
1995-03-06,7.7500,8.0000,7.6250,7.7500,5.8141,17600
1995-03-07,7.8750,8.1250,7.8750,8.1250,6.0954,4900
1995-03-08,7.7500,8.1250,7.7500,8.0000,6.0017,2200
1995-03-09,8.1250,8.1250,7.7500,7.7500,5.8141,5500
1995-03-10,7.7500,8.1250,7.7500,8.1250,6.0954,1700
1995-03-13,8.1250,8.1250,7.8750,8.0000,6.0017,7100
1995-03-14,7.7500,7.7500,7.7500,7.7500,5.8141,400
1995-03-15,8.0000,8.0000,8.0000,8.0000,6.0017,2500
1995-03-16,7.7500,8.1250,7.7500,8.1250,6.0954,3900
1995-03-17,7.9375,7.9375,7.9375,7.9375,5.9548,200
1995-03-20,7.8750,8.1250,7.8750,7.8750,5.9079,800
1995-03-21,7.8750,7.8750,7.8750,7.8750,5.9079,0
1995-03-22,7.8750,7.8750,7.8750,7.8750,5.9079,6200
1995-03-23,7.8750,7.9375,7.7500,7.7500,5.8141,4500
1995-03-24,8.0000,8.0000,7.7500,7.7500,5.8141,1500
1995-03-27,7.7500,7.7500,7.7500,7.7500,5.8141,2800
1995-03-28,7.7500,7.7500,7.7500,7.7500,5.8141,3900
1995-03-29,7.7500,7.7500,7.6250,7.6250,5.7203,3100
1995-03-30,7.6250,7.6250,7.6250,7.6250,5.7203,600
1995-03-31,7.7500,8.1250,7.7500,8.1250,6.0954,9000
1995-04-03,7.7500,8.0000,7.7500,7.8750,5.9079,4800
1995-04-04,7.7500,7.7500,7.7500,7.7500,5.8141,4000
1995-04-05,7.6250,7.6250,7.6250,7.6250,5.7203,1700
1995-04-06,7.7500,8.0000,7.6250,7.7500,5.8141,2000
1995-04-07,7.6250,8.0000,7.6250,7.6250,5.7203,1200
1995-04-10,7.6250,7.6250,7.6250,7.6250,5.7203,0
1995-04-11,8.0000,8.0000,8.0000,8.0000,6.0017,2000
1995-04-12,7.6250,7.6250,7.6250,7.6250,5.7203,100
1995-04-13,7.6250,7.6250,7.6250,7.6250,5.7203,2600
1995-04-17,8.0000,8.0000,7.7500,7.7500,5.8141,900
1995-04-18,7.7500,8.0000,7.5000,7.5625,5.6735,25600
1995-04-19,7.2500,7.3750,7.2500,7.3750,5.5328,13200
1995-04-20,7.3750,7.3750,7.3750,7.3750,5.5328,0
1995-04-21,7.6250,7.6250,7.2500,7.6250,5.7203,1500
1995-04-24,7.5000,7.5000,7.5000,7.5000,5.6266,2000
1995-04-25,7.2500,7.2500,7.2500,7.2500,5.4390,3700
1995-04-26,7.2500,7.2500,7.2500,7.2500,5.4390,7700
1995-04-27,7.6250,7.6250,7.2500,7.4375,5.5797,4300
1995-04-28,7.2500,7.2500,7.2500,7.2500,5.4390,600
1995-05-01,7.2500,7.3750,7.2500,7.2500,5.4390,8700
1995-05-02,7.2500,7.2500,7.2500,7.2500,5.4390,4400
1995-05-03,7.2500,7.2500,7.2500,7.2500,5.4390,2200
1995-05-04,7.2500,7.6250,7.2500,7.2500,5.4390,4100
1995-05-05,7.5000,7.5000,6.7500,7.0000,5.2515,21600
1995-05-08,6.8750,7.0000,6.8750,7.0000,5.2515,6600
1995-05-09,6.8750,7.0000,6.7500,6.7500,5.0639,7800
1995-05-10,6.7500,7.0000,6.7500,6.7500,5.0639,1800
1995-05-11,6.7500,6.7500,6.7500,6.7500,5.0639,2000
1995-05-12,6.7500,6.7500,6.7500,6.7500,5.0639,1300
1995-05-15,7.0000,7.0000,6.7500,6.8125,5.1108,6200
1995-05-16,6.8125,6.8125,6.7500,6.7500,5.0639,3200
1995-05-17,7.0000,7.0000,6.9375,6.9375,5.2046,8000
1995-05-18,6.8750,7.0000,6.8750,7.0000,5.2515,900
1995-05-19,6.8750,6.8750,6.8750,6.8750,5.1577,200
1995-05-22,6.8750,7.0000,6.8750,7.0000,5.2515,2800
1995-05-23,6.8750,7.0000,6.8750,7.0000,5.2515,25000
1995-05-24,7.2500,7.2500,7.0000,7.0000,5.2515,7100
1995-05-25,7.0000,7.0000,7.0000,7.0000,5.2515,3000
1995-05-26,7.3750,7.3750,7.0000,7.2500,5.4390,14600
1995-05-30,7.2500,7.2500,7.2500,7.2500,5.4390,1500
1995-05-31,7.2500,7.5000,7.2500,7.5000,5.6266,600
1995-06-01,7.2500,7.2500,7.2500,7.2500,5.4390,4000
1995-06-02,7.2500,7.2500,6.5000,6.6250,4.9701,49300
1995-06-05,6.8750,6.8750,6.8750,6.8750,5.1577,1000
1995-06-06,6.8750,6.8750,6.7500,6.7500,5.0639,40300
1995-06-07,6.8750,7.1250,6.7500,6.7500,5.0639,36600
1995-06-08,6.6250,6.6250,6.6250,6.6250,4.9701,6000
1995-06-09,6.5000,6.8750,6.5000,6.5000,4.8764,9300
1995-06-12,6.5000,6.8750,6.5000,6.7500,5.0639,1000
1995-06-13,6.8750,6.8750,6.5000,6.5000,4.8764,7000
1995-06-14,6.5000,6.8750,6.5000,6.5000,4.8764,14300
1995-06-15,6.5000,6.5625,6.5000,6.5625,4.9232,6400
1995-06-16,6.8750,7.0000,6.8750,6.8750,5.1577,11300
1995-06-19,7.1250,7.1250,7.0000,7.1250,5.3452,1200
1995-06-20,7.2500,8.1250,7.0000,8.1250,6.0954,43600
1995-06-21,8.1250,8.1250,7.8750,7.9375,5.9548,8600
1995-06-22,8.1250,8.1250,7.8750,8.1250,6.0954,37400
1995-06-23,8.1250,8.2500,8.0000,8.1250,6.0954,7900
1995-06-26,8.2500,8.2500,8.0000,8.0000,6.0017,35700
1995-06-27,8.1250,8.1250,7.8750,7.8750,5.9079,5800
1995-06-28,7.8750,8.2500,7.8750,8.2500,6.1892,1700
1995-06-29,8.0000,8.2500,8.0000,8.1250,6.0954,12300
1995-06-30,8.2500,8.5000,8.1250,8.1250,6.0954,39100
1995-07-03,8.0000,8.0000,8.0000,8.0000,6.0017,800
1995-07-05,8.0000,8.2500,8.0000,8.0000,6.0017,19700
1995-07-06,8.5000,8.5000,8.1250,8.2500,6.1892,25500
1995-07-07,8.5000,8.5000,8.2500,8.3438,6.2596,4800
1995-07-10,8.2500,8.3750,8.2500,8.2500,6.1892,4100
1995-07-11,8.2500,8.2500,8.1250,8.1250,6.0954,16900
1995-07-12,8.1250,8.3750,8.1250,8.1250,6.0954,8200
1995-07-13,8.1250,8.3750,8.1250,8.1250,6.0954,14300
1995-07-14,8.1250,8.1250,8.1250,8.1250,6.0954,2700
1995-07-17,8.1250,8.5000,8.1250,8.2500,6.1892,2600
1995-07-18,8.1250,8.2500,8.1250,8.1250,6.0954,2400
1995-07-19,8.1250,8.1250,8.0000,8.0000,6.0017,5200
1995-07-20,8.0000,8.0000,8.0000,8.0000,6.0017,0
1995-07-21,7.7500,8.1250,7.7500,8.0000,6.0017,10800
1995-07-24,8.0000,8.1250,7.8750,8.1250,6.0954,2400
1995-07-25,8.1250,8.1250,8.1250,8.1250,6.0954,0
1995-07-26,7.8750,8.1250,7.8750,8.1250,6.0954,800
1995-07-27,7.8750,7.8750,7.8750,7.8750,5.9079,100
1995-07-28,7.8750,7.8750,7.8750,7.8750,5.9079,400
1995-07-31,8.2500,8.2500,7.8750,8.2500,6.1892,29000
1995-08-01,8.3750,8.6250,8.1250,8.5000,6.3768,52800
1995-08-02,8.6250,8.7500,8.3750,8.7500,6.5643,23600
1995-08-03,8.5000,8.7500,8.2500,8.6250,6.4705,21000
1995-08-04,8.6250,8.6250,8.3750,8.6250,6.4705,22500
1995-08-07,8.6250,9.0000,8.3750,9.0000,6.7519,36500
1995-08-08,8.8750,9.1250,8.7500,9.1250,6.8457,8300
1995-08-09,9.2500,9.5000,9.1250,9.3750,7.0332,25200
1995-08-10,9.3750,9.3750,8.8750,9.0000,6.7519,29900
1995-08-11,9.0000,9.2500,8.8750,9.0000,6.7519,5500
1995-08-14,9.2500,9.2500,9.2500,9.2500,6.9394,500
1995-08-15,9.2500,9.2500,9.0000,9.2500,6.9394,7300
1995-08-16,8.8750,9.2500,8.8750,9.0000,6.7519,3100
1995-08-17,8.8750,9.1250,8.8750,9.0000,6.7519,4700
1995-08-18,9.1250,9.1250,8.8750,8.8750,6.6581,5000
1995-08-21,8.8750,9.0000,8.3750,8.7500,6.5643,20300
1995-08-22,8.3750,8.7500,8.3750,8.4375,6.3299,12600
1995-08-23,8.3750,8.7500,8.3750,8.7500,6.5643,1400
1995-08-24,8.7500,8.7500,8.7500,8.7500,6.5643,1000
1995-08-25,8.7500,8.7500,8.3750,8.3750,6.2830,400
1995-08-28,8.3750,8.5000,8.3750,8.5000,6.3768,12900
1995-08-29,8.5000,8.5000,8.1250,8.5000,6.3768,6500
1995-08-30,8.1250,8.5000,8.1250,8.5000,6.3768,4300
1995-08-31,8.5000,8.7500,8.1250,8.5000,6.3768,4300
1995-09-01,8.5000,8.5000,8.5000,8.5000,6.3768,3000
1995-09-05,8.7500,9.0000,8.7500,9.0000,6.7519,1300
1995-09-06,9.0000,9.0000,8.6250,9.0000,6.7519,11200
1995-09-07,9.0000,9.0000,9.0000,9.0000,6.7519,200
1995-09-08,9.0000,9.0000,8.6250,8.6250,6.4705,5700
1995-09-11,8.6250,8.7500,8.3750,8.3750,6.2830,7800
1995-09-12,8.5000,8.7500,8.3750,8.5625,6.4237,5900
1995-09-13,8.1250,8.5000,8.1250,8.2500,6.1892,13400
1995-09-14,8.5000,8.6250,8.2500,8.4375,6.3299,29900
1995-09-15,8.2500,8.6250,8.2500,8.4375,6.3299,12900
1995-09-18,8.6250,8.6250,8.2500,8.2500,6.1892,900
1995-09-19,8.6250,8.6250,8.1250,8.5000,6.3768,21400
1995-09-20,8.5000,8.5000,8.1250,8.3125,6.2361,10200
1995-09-21,8.5000,8.5000,8.5000,8.5000,6.3768,1700
1995-09-22,8.5000,8.5000,8.1250,8.2500,6.1892,7300
1995-09-25,8.2500,8.5000,8.2500,8.3750,6.2830,6400
1995-09-26,8.5000,8.5000,8.2500,8.5000,6.3768,1800
1995-09-27,8.2500,8.2500,8.2500,8.2500,6.1892,400
1995-09-28,8.2500,8.2500,8.2500,8.2500,6.1892,1600
1995-09-29,8.2500,8.5000,8.2500,8.5000,6.3768,700
1995-10-02,8.2500,8.5000,8.2500,8.2500,6.1892,4300
1995-10-03,8.2500,8.5000,8.2500,8.5000,6.3768,1200
1995-10-04,8.5000,8.5000,8.5000,8.5000,6.3768,1000
1995-10-05,8.3750,8.6250,8.3750,8.3750,6.2830,3400
1995-10-06,8.3750,8.3750,8.3750,8.3750,6.2830,1000
1995-10-09,8.6250,8.6250,8.2500,8.2500,6.1892,18600
1995-10-10,8.3750,8.6250,8.3750,8.4375,6.3299,7900
1995-10-11,8.6250,8.6250,8.3750,8.3750,6.2830,900
1995-10-12,8.6250,8.6250,8.6250,8.6250,6.4705,200
1995-10-13,8.3750,8.5000,8.2500,8.5000,6.3768,7000
1995-10-16,8.1250,8.5000,8.1250,8.5000,6.3768,4800
1995-10-17,8.5000,8.5000,8.5000,8.5000,6.3768,1100
1995-10-18,8.1250,8.3750,8.1250,8.3750,6.2830,7700
1995-10-19,8.3750,8.3750,8.1250,8.3750,6.2830,9600
1995-10-20,8.3750,8.3750,8.0000,8.1250,6.0954,12500
1995-10-23,8.3750,8.3750,8.0000,8.2500,6.1892,5900
1995-10-24,8.0000,8.2500,8.0000,8.1875,6.1423,5400
1995-10-25,8.0000,8.3750,8.0000,8.0000,6.0017,2400
1995-10-26,8.0000,8.3750,8.0000,8.3750,6.2830,600
1995-10-27,8.3750,8.3750,8.0000,8.1250,6.0954,5000
1995-10-30,8.2500,8.2500,8.2500,8.2500,6.1892,1000
1995-10-31,8.0000,8.0000,8.0000,8.0000,6.0017,400
1995-11-01,8.0000,8.0000,8.0000,8.0000,6.0017,900
1995-11-02,8.0000,8.2500,7.7500,7.7500,5.8141,12400
1995-11-03,8.2500,8.2500,7.7500,7.7500,5.8141,1100
1995-11-06,8.2500,8.2500,8.2500,8.2500,6.1892,200
1995-11-07,8.2500,8.2500,8.1250,8.1250,6.0954,600
1995-11-08,8.1250,8.1250,7.7500,7.7500,5.8141,3000
1995-11-09,8.1250,8.1250,8.1250,8.1250,6.0954,3000
1995-11-10,7.7500,8.1250,7.7500,7.8750,5.9079,3400
1995-11-13,7.8750,7.8750,7.8750,7.8750,5.9079,0
1995-11-14,7.7500,7.7500,7.7500,7.7500,5.8141,1000
1995-11-15,8.1250,8.1250,7.7500,7.7500,5.8141,2700
1995-11-16,8.1250,8.1250,7.7500,7.8750,5.9079,6000
1995-11-17,7.7500,8.0000,7.7500,8.0000,6.0017,5800
1995-11-20,8.2500,8.2500,7.8750,7.8750,5.9079,300
1995-11-21,7.8750,8.0000,7.5000,7.7500,5.8141,10200
1995-11-22,7.3750,7.7500,7.3750,7.6250,5.7203,2000
1995-11-24,7.5000,7.5000,7.5000,7.5000,5.6266,2200
1995-11-27,7.5000,7.7500,7.5000,7.5000,5.6266,1600
1995-11-28,7.7500,7.8750,7.5000,7.5000,5.6266,7300
1995-11-29,7.5000,7.8750,7.5000,7.8750,5.9079,1600
1995-11-30,7.8750,7.8750,7.5000,7.8750,5.9079,1400
1995-12-01,7.5000,7.5000,7.5000,7.5000,5.6266,4200
1995-12-04,7.8750,8.1250,7.7500,7.8750,5.9079,10900
1995-12-05,8.2500,8.3750,8.0000,8.3125,6.2361,15200
1995-12-06,8.1250,8.5000,8.1250,8.3750,6.2830,11200
1995-12-07,8.1250,8.5000,8.1250,8.5000,6.3768,4300
1995-12-08,8.1250,8.2500,8.1250,8.2500,6.1892,14000
1995-12-11,8.5000,8.5000,8.1250,8.3750,6.2830,9700
1995-12-12,8.1250,8.1250,8.1250,8.1250,6.0954,200
1995-12-13,8.1250,8.3125,8.0000,8.2500,6.1892,13700
1995-12-14,7.8750,8.2500,7.8750,8.2500,6.1892,2500
1995-12-15,8.1250,8.1250,7.8750,8.0625,6.0486,7600
1995-12-18,8.0625,8.0625,7.8750,7.8750,5.9079,1700
1995-12-19,7.8750,7.8750,7.8750,7.8750,5.9079,1800
1995-12-20,7.8750,8.2500,7.8750,8.2500,6.1892,9500
1995-12-21,7.8750,8.3125,7.8750,8.1250,6.0954,17000
1995-12-22,8.1250,8.1250,8.1250,8.1250,6.0954,500
1995-12-26,7.8750,8.0000,7.8750,8.0000,6.0017,1100
1995-12-27,7.8750,7.8750,7.8750,7.8750,5.9079,2100
1995-12-28,7.8750,7.8750,7.8750,7.8750,5.9079,200
1995-12-29,7.8750,8.2500,7.8750,7.8750,5.9079,4600
1996-01-02,7.8750,8.2500,7.8750,8.1250,6.0954,5100
1996-01-03,8.1250,8.2500,8.1250,8.2500,6.1892,1600
1996-01-04,8.2500,8.2500,8.0000,8.0000,6.0017,7200
1996-01-05,8.2500,8.3750,8.0000,8.3750,6.2830,10700
1996-01-08,8.3125,8.3750,8.1250,8.3750,6.2830,27300
1996-01-09,8.1250,8.3750,8.1250,8.3750,6.2830,4100
1996-01-10,8.4375,8.6250,8.2500,8.2500,6.1892,22400
1996-01-11,8.6250,8.7500,8.2500,8.7500,6.5643,34600
1996-01-12,8.5000,9.1250,8.5000,9.1250,6.8457,9600
1996-01-15,8.8750,9.1250,8.8750,9.0000,6.7519,25600
1996-01-16,8.8750,9.0000,8.8750,9.0000,6.7519,12200
1996-01-17,8.8750,9.1250,8.8750,8.8750,6.6581,6000
1996-01-18,9.0000,9.0000,8.8750,8.8750,6.6581,1600
1996-01-19,8.8750,9.1250,8.8750,9.1250,6.8457,17400
1996-01-22,9.1250,9.5000,9.0000,9.3750,7.0332,76200
1996-01-23,9.6250,9.6250,9.2500,9.2500,6.9394,56800
1996-01-24,9.5000,9.5000,9.1250,9.1250,6.8457,4900
1996-01-25,9.2500,9.5000,9.2500,9.2500,6.9394,9700
1996-01-26,9.6250,9.6250,9.2500,9.5000,7.1270,13200
1996-01-29,9.3750,9.6250,9.3750,9.5000,7.1270,4000
1996-01-30,9.3750,9.6250,9.3750,9.5000,7.1270,31600
1996-01-31,9.3750,9.6250,9.3750,9.3750,7.0332,92200
1996-02-01,9.6250,9.6250,9.3750,9.6250,7.2208,7600
1996-02-02,9.5000,9.7500,9.3750,9.3750,7.0332,45600
1996-02-05,9.3750,9.7500,9.0000,9.3750,7.0332,50000
1996-02-06,9.3750,9.5000,9.2500,9.5000,7.1270,44800
1996-02-07,9.6250,9.6250,9.2500,9.6250,7.2208,19200
1996-02-08,9.3750,9.7500,9.3750,9.7500,7.3145,21800
1996-02-09,9.7500,9.8750,9.5000,9.8750,7.4083,15200
1996-02-12,9.6250,9.8750,9.6250,9.8750,7.4083,5400
1996-02-13,9.9375,10.3750,9.7500,10.1250,7.5959,118800
1996-02-14,10.3750,11.0000,10.1250,11.0000,8.2523,50300
1996-02-15,11.1250,11.7500,11.0000,11.0000,8.2523,201000
1996-02-16,11.0000,11.2500,11.0000,11.2500,8.4398,16300
1996-02-20,11.1250,11.1250,10.7500,10.8750,8.1585,19700
1996-02-21,10.8750,11.1250,10.7500,10.8750,8.1585,5800
1996-02-22,11.1250,11.1250,10.8750,11.1250,8.3461,5300
1996-02-23,10.7500,11.1250,10.7500,10.7500,8.0647,5600
1996-02-26,11.0000,11.0000,10.6250,10.6250,7.9710,8900
1996-02-27,10.8750,11.1250,10.6250,10.8750,8.1585,4500
1996-02-28,10.6250,10.7500,10.3750,10.3750,7.7834,21500
1996-02-29,10.7500,10.7500,10.3750,10.3750,7.7834,3700
1996-03-01,10.3750,10.7500,10.3750,10.3750,7.7834,7100
1996-03-04,10.7500,10.7500,10.2500,10.2500,7.6896,13000
1996-03-05,10.5000,10.6250,10.1250,10.6250,7.9710,10000
1996-03-06,10.5000,10.6250,10.1250,10.6250,7.9710,12800
1996-03-07,10.6250,10.6250,10.1250,10.3750,7.7834,1200
1996-03-08,10.6250,10.6250,10.1250,10.5000,7.8772,5200
1996-03-11,10.5000,10.6250,10.1250,10.5000,7.8772,23000
1996-03-12,10.2500,10.6250,10.2500,10.6250,7.9710,6800
1996-03-13,10.3750,10.6250,10.3750,10.6250,7.9710,10600
1996-03-14,10.5000,10.6250,10.5000,10.6250,7.9710,22600
1996-03-15,10.5000,10.6250,10.5000,10.5000,7.8772,13900
1996-03-18,10.6250,11.0000,10.6250,11.0000,8.2523,14000
1996-03-19,10.7500,10.9688,10.7500,10.8750,8.1585,17000
1996-03-20,10.7500,11.0000,10.6250,11.0000,8.2523,22600
1996-03-21,11.0000,11.0000,10.6250,10.6250,7.9710,9100
1996-03-22,10.9844,10.9844,10.6250,10.6250,7.9710,9100
1996-03-25,10.6250,10.8750,10.5000,10.6250,7.9710,24900
1996-03-26,10.8750,10.8750,10.6250,10.7500,8.0647,15800
1996-03-27,10.8750,10.8750,10.7500,10.7500,8.0647,6900
1996-03-28,10.6250,10.8750,10.6250,10.7500,8.0647,33900
1996-03-29,10.8750,10.8750,10.6250,10.8750,8.1585,40400
1996-04-01,10.7500,10.8750,10.6250,10.6250,7.9710,90400
1996-04-02,10.6250,10.8750,10.6250,10.7500,8.0647,47900
1996-04-03,10.7500,10.8750,10.7500,10.8750,8.1585,800
1996-04-04,10.6250,10.8750,10.6250,10.8750,8.1585,21200
1996-04-08,10.6250,10.8750,10.6250,10.8750,8.1585,6400
1996-04-09,10.6250,11.1250,10.6250,11.1250,8.3461,14100
1996-04-10,11.1250,11.1250,11.0000,11.1250,8.3461,10000
1996-04-11,11.2500,11.5000,10.8750,11.5000,8.6274,10800
1996-04-12,11.3125,11.5000,11.1250,11.5000,8.6274,10400
1996-04-15,11.1250,11.3750,11.0000,11.3750,8.5336,31500
1996-04-16,11.0000,11.2500,10.8750,11.2500,8.4398,18300
1996-04-17,10.8750,10.8750,10.8750,10.8750,8.1585,300
1996-04-18,10.8750,11.3750,10.8750,11.3750,8.5336,32400
1996-04-19,11.3750,11.3750,11.0000,11.1250,8.3461,38700
1996-04-22,10.8750,11.3750,10.8750,11.0000,8.2523,9600
1996-04-23,11.3750,11.3750,10.8750,11.0000,8.2523,700
1996-04-24,11.1250,11.1250,10.8750,10.8750,8.1585,8600
1996-04-25,11.3750,11.3750,10.8750,10.8750,8.1585,800
1996-04-26,11.1250,11.1250,10.7500,11.0000,8.2523,47200
1996-04-29,10.7500,10.7500,10.2500,10.2500,7.6896,30100
1996-04-30,10.2500,10.6250,10.2500,10.4375,7.8303,16800
1996-05-01,10.6250,11.0000,10.6250,11.0000,8.2523,29000
1996-05-02,11.1250,11.1250,10.7500,11.1250,8.3461,8700
1996-05-03,11.1250,11.2500,10.8750,11.1250,8.3461,16700
1996-05-06,11.3750,12.0000,11.0000,12.0000,9.0025,35000
1996-05-07,12.0000,12.3750,11.9844,12.0000,9.0025,21100
1996-05-08,12.5000,13.2500,12.0000,12.7500,9.5652,48700
1996-05-09,12.7500,13.0000,12.5000,12.6250,9.4714,32200
1996-05-10,12.3750,12.3750,12.0000,12.3750,9.2838,14600
1996-05-13,12.3750,12.5000,12.0000,12.1250,9.0963,15500
1996-05-14,12.5000,12.5000,12.5000,12.5000,9.3776,1000
1996-05-15,12.5000,12.5000,12.1250,12.1250,9.0963,6600
1996-05-16,12.2500,12.6250,12.2500,12.6250,9.4714,12700
1996-05-17,12.3750,12.6250,12.3750,12.3750,9.2838,5500
1996-05-20,12.6250,12.6250,12.3750,12.5000,9.3776,4000
1996-05-21,12.3750,12.5000,12.3750,12.3750,9.2838,7500
1996-05-22,12.5000,12.5000,12.3750,12.5000,9.3776,500
1996-05-23,12.3750,12.6250,12.3750,12.3750,9.2838,1900
1996-05-24,12.3750,12.6250,12.3750,12.6250,9.4714,7900
1996-05-28,12.7500,13.0000,12.3750,13.0000,9.7527,22000
1996-05-29,13.0000,13.6250,12.8750,13.6250,10.2216,26700
1996-05-30,13.3750,13.7500,13.3750,13.7500,10.3154,2900
1996-05-31,13.7500,14.3750,13.3750,14.2500,10.6905,30000
1996-06-03,14.2500,15.8750,14.2500,15.6250,11.7220,80600
1996-06-04,15.5000,15.5000,14.2500,14.2500,10.6905,34900
1996-06-05,14.7500,14.7500,14.1250,14.1250,10.5967,12800
1996-06-06,14.1250,14.1250,13.5000,13.5000,10.1278,28100
1996-06-07,13.3750,13.7500,13.3750,13.6250,10.2216,19800
1996-06-10,13.7500,13.7500,12.7500,13.0000,9.7527,323900
1996-06-11,13.1250,13.3750,13.1250,13.3750,10.0340,5300
1996-06-12,13.1250,13.3750,13.1250,13.1250,9.8465,16900
1996-06-13,13.3750,13.3750,13.2500,13.2500,9.9403,5200
1996-06-14,13.2500,13.5000,13.2500,13.2500,9.9403,5500
1996-06-17,13.3750,13.6250,13.3750,13.6250,10.2216,3700
1996-06-18,13.7500,13.7500,13.6250,13.7500,10.3154,600
1996-06-19,13.5000,13.6250,12.8750,13.1250,9.8465,34300
1996-06-20,12.8750,13.3750,12.8750,13.0625,9.7996,32100
1996-06-21,12.8750,13.2500,12.8750,13.1250,9.8465,22400
1996-06-24,13.0625,13.5000,12.8750,13.0000,9.7527,31800
1996-06-25,13.0000,13.1250,13.0000,13.0000,9.7527,6800
1996-06-26,13.0000,13.3750,12.6250,13.0000,9.7527,45700
1996-06-27,12.7500,13.1250,12.7500,12.7500,9.5652,12800
1996-06-28,12.7500,13.0000,12.2500,13.0000,9.7527,21300
1996-07-01,13.0000,13.1250,12.7500,13.1250,9.8465,12300
1996-07-02,13.2500,13.2500,13.2500,13.2500,9.9403,200
1996-07-03,12.8750,13.0000,12.7500,12.7500,9.5652,16400
1996-07-05,12.7500,13.1250,12.7500,13.1250,9.8465,10400
1996-07-08,13.2500,13.3750,13.0000,13.3750,10.0340,11600
1996-07-09,13.0000,13.0000,13.0000,13.0000,9.7527,200
1996-07-10,13.3750,13.5000,13.0000,13.3750,10.0340,11200
1996-07-11,13.2500,13.2500,12.8750,13.2500,9.9403,16600
1996-07-12,13.0000,13.2500,13.0000,13.1250,9.8465,2700
1996-07-15,13.0000,13.0000,12.8750,12.8750,9.6589,13100
1996-07-16,12.8750,13.0000,12.2500,12.2500,9.1901,20800
1996-07-17,12.0000,12.2500,11.5000,11.5000,8.6274,23800
1996-07-18,11.5000,11.5000,10.6250,11.0000,8.2523,48400
1996-07-19,10.7500,11.1250,10.7500,11.1250,8.3461,7300
1996-07-22,10.7500,11.1250,10.1250,10.1250,7.5959,75300
1996-07-23,10.1250,10.2500,10.0000,10.1250,7.5959,61400
1996-07-24,10.2500,10.2500,9.8750,10.2500,7.6896,2400
1996-07-25,10.0625,10.2500,10.0625,10.2500,7.6896,2600
1996-07-26,10.2500,10.5000,9.8750,10.5000,7.8772,20800
1996-07-29,10.2500,10.2500,10.2500,10.2500,7.6896,2800
1996-07-30,10.5000,10.5000,9.8750,9.8750,7.4083,15100
1996-07-31,9.8750,10.7500,9.8750,10.7500,8.0647,16200
1996-08-01,10.7500,11.0000,10.6250,10.6250,7.9710,5400
1996-08-02,10.7500,11.1250,10.6250,11.1250,8.3461,26800
1996-08-05,11.1250,11.6250,10.6250,11.6250,8.7212,14200
1996-08-06,11.7500,11.7500,11.7500,11.7500,8.8150,1400
1996-08-07,11.3750,11.7500,11.3750,11.3750,8.5336,3900
1996-08-08,11.7500,11.7500,11.3750,11.7500,8.8150,13500
1996-08-09,11.5000,12.0000,11.5000,11.7500,8.8150,5100
1996-08-12,12.0000,12.0000,11.6250,11.6250,8.7212,1200
1996-08-13,11.5000,12.0000,11.5000,12.0000,9.0025,19100
1996-08-14,11.5000,12.0000,11.5000,12.0000,9.0025,800
1996-08-15,12.0000,12.3750,12.0000,12.0000,9.0025,18300
1996-08-16,12.3750,12.3750,12.2500,12.3750,9.2838,7900
1996-08-19,12.5000,12.5000,12.0000,12.3750,9.2838,900
1996-08-20,12.0000,12.6250,12.0000,12.5000,9.3776,55700
1996-08-21,12.3750,12.6250,12.3750,12.6250,9.4714,1600
1996-08-22,12.6250,12.6250,12.2500,12.2500,9.1901,1000
1996-08-23,12.6250,12.8750,12.3750,12.6250,9.4714,8900
1996-08-26,13.0000,13.2500,12.5000,13.2500,9.9403,13300
1996-08-27,13.3750,13.8750,13.3750,13.7500,10.3154,13400
1996-08-28,13.6250,14.0000,13.6250,14.0000,10.5029,3800
1996-08-29,13.6250,13.6250,13.6250,13.6250,10.2216,700
1996-08-30,13.8750,13.8750,13.5000,13.5000,10.1278,7200
1996-09-03,13.6250,13.6250,12.8750,13.6250,10.2216,23300
1996-09-04,13.1250,14.0000,13.1250,14.0000,10.5029,7400
1996-09-05,14.0000,14.0000,13.6250,14.0000,10.5029,1700
1996-09-06,14.0000,14.0000,13.3750,13.3750,10.0340,4700
1996-09-09,13.3750,13.8750,13.3750,13.8750,10.4091,3800
1996-09-10,13.7500,13.7500,13.2500,13.2500,9.9403,5800
1996-09-11,13.2500,13.7500,13.2500,13.5000,10.1278,2900
1996-09-12,13.7500,13.7500,13.2500,13.5000,10.1278,8800
1996-09-13,13.3750,13.3750,13.3750,13.3750,10.0340,7500
1996-09-16,13.2500,13.7500,13.2500,13.2500,9.9403,5500
1996-09-17,13.2500,13.2500,13.2500,13.2500,9.9403,0
1996-09-18,13.2500,13.6250,13.2500,13.5000,10.1278,10700
1996-09-19,13.6250,13.6250,13.6250,13.6250,10.2216,1100
1996-09-20,13.1250,14.1250,13.1250,14.1250,10.5967,47700
1996-09-23,14.5000,14.5000,14.1250,14.1250,10.5967,7800
1996-09-24,14.1250,14.5000,14.0000,14.5000,10.8780,23200
1996-09-25,14.0000,14.2500,14.0000,14.1250,10.5967,17900
1996-09-26,14.5000,14.5000,14.5000,14.5000,10.8780,1300
1996-09-27,14.5000,14.5000,14.2500,14.2500,10.6905,6100
1996-09-30,14.3750,14.3750,13.7500,13.7500,10.3154,1700
1996-10-01,13.7500,14.3750,13.5000,13.5000,10.1278,8600
1996-10-02,13.5000,14.0000,13.5000,14.0000,10.5029,4300
1996-10-03,13.8750,13.8750,13.8750,13.8750,10.4091,400
1996-10-04,13.6250,13.6250,13.5000,13.5000,10.1278,2700
1996-10-07,13.8750,13.8750,13.3750,13.7500,10.3154,2700
1996-10-08,13.7500,13.7500,13.5000,13.5000,10.1278,600
1996-10-09,13.2500,13.6250,13.2500,13.2500,9.9403,313200
1996-10-10,13.2500,13.5000,13.0000,13.0000,9.7527,10700
1996-10-11,13.3750,13.5000,13.0000,13.0000,9.7527,9700
1996-10-14,13.0000,13.0000,13.0000,13.0000,9.7527,5400
1996-10-15,12.7500,13.1250,12.7500,13.1250,9.8465,3200
1996-10-16,13.1250,13.1250,12.5000,13.1250,9.8465,7000
1996-10-17,13.0000,13.0000,12.5000,12.8750,9.6589,5100
1996-10-18,13.1250,13.1250,12.0000,12.0000,9.0025,14800
1996-10-21,12.6250,12.6250,12.3750,12.3750,9.2838,5500
1996-10-22,12.7500,12.7500,12.1250,12.1250,9.0963,4100
1996-10-23,12.1250,12.5000,12.1250,12.1250,9.0963,2200
1996-10-24,12.1250,12.3750,12.0000,12.3750,9.2838,16400
1996-10-25,12.5000,12.5000,12.0000,12.5000,9.3776,9300
1996-10-28,12.5000,13.0000,12.5000,13.0000,9.7527,600
1996-10-29,12.6250,12.6250,12.5000,12.5000,9.3776,6400
1996-10-30,13.0000,13.0000,12.7500,13.0000,9.7527,5300
1996-10-31,12.5000,13.0000,12.5000,12.7500,9.5652,7100
1996-11-01,12.7500,13.0000,12.5000,12.6250,9.4714,4100
1996-11-04,12.6250,13.1250,12.5000,13.1250,9.8465,6500
1996-11-05,12.7500,13.1250,12.7500,12.8750,9.6589,1600
1996-11-06,13.1250,13.1250,12.8750,13.1250,9.8465,4100
1996-11-07,13.1250,13.1250,13.0000,13.1250,9.8465,5800
1996-11-08,13.1250,13.1250,12.8750,12.8750,9.6589,800
1996-11-11,13.0000,13.0000,12.8750,12.8750,9.6589,2400
1996-11-12,12.8750,12.9375,12.8750,12.9375,9.7058,800
1996-11-13,12.7500,13.1250,12.7500,13.1250,9.8465,1600
1996-11-14,13.1250,13.1250,13.0000,13.1250,9.8465,1000
1996-11-15,12.7500,13.1250,12.5000,12.6250,9.4714,8100
1996-11-18,12.5000,13.2500,12.5000,13.2500,9.9403,21600
1996-11-19,12.6250,13.2500,12.6250,13.2500,9.9403,1000
1996-11-20,13.2500,13.2500,13.0000,13.0000,9.7527,3400
1996-11-21,13.2500,13.2500,12.8750,13.2500,9.9403,4600
1996-11-22,13.1250,13.3750,12.8750,13.2500,9.9403,16400
1996-11-25,12.8750,13.3750,12.8750,13.3750,10.0340,2400
1996-11-26,12.8750,13.3750,12.8750,12.8750,9.6589,4000
1996-11-27,12.8750,13.3750,12.8750,13.3750,10.0340,2500
1996-11-29,13.3750,13.3750,12.8750,12.8750,9.6589,3500
1996-12-02,13.3750,13.3750,12.8750,13.3750,10.0340,4200
1996-12-03,12.8750,13.3750,12.8750,13.3750,10.0340,2700
1996-12-04,13.3750,13.5000,12.8750,13.5000,10.1278,14900
1996-12-05,12.8750,13.6250,12.8750,13.2500,9.9403,16300
1996-12-06,13.7500,14.2500,13.3750,14.1250,10.5967,42200
1996-12-09,13.7500,14.1250,13.7500,13.8125,10.3623,4900
1996-12-10,13.6250,14.1250,13.6250,14.1250,10.5967,4100
1996-12-11,13.6250,14.1250,13.6250,14.0000,10.5029,16200
1996-12-12,14.1250,14.1250,13.7500,14.0000,10.5029,15600
1996-12-13,13.8750,14.1250,13.8750,14.0000,10.5029,7000
1996-12-16,14.0000,14.1250,13.6250,13.7500,10.3154,10500
1996-12-17,13.8750,13.8750,13.6250,13.8750,10.4091,4600
1996-12-18,13.6250,13.8750,13.6250,13.8750,10.4091,4900
1996-12-19,13.6250,13.8750,13.5000,13.5000,10.1278,8700
1996-12-20,13.8750,13.8750,13.5000,13.8750,10.4091,6000
1996-12-23,13.8750,13.8750,13.5000,13.8750,10.4091,4500
1996-12-24,13.8750,13.8750,13.5000,13.7500,10.3154,1600
1996-12-26,13.5000,14.0000,13.5000,13.5000,10.1278,13900
1996-12-27,13.3750,13.5000,13.3750,13.5000,10.1278,400
1996-12-30,14.0000,14.0000,13.3750,13.8750,10.4091,800
1996-12-31,13.3750,13.8750,13.3750,13.3750,10.0340,10600
1997-01-02,13.3750,13.8750,13.1250,13.5000,10.1278,3800
1997-01-03,13.0000,13.5000,12.7500,13.1250,9.8465,13100
1997-01-06,12.7500,12.7500,12.2500,12.6250,9.4714,5100
1997-01-07,12.0000,12.5000,12.0000,12.5000,9.3776,5400
1997-01-08,12.0000,12.3750,11.8750,12.3750,9.2838,12200
1997-01-09,11.8750,12.3750,11.8750,11.8750,8.9087,3800
1997-01-10,12.0000,12.0000,11.3750,11.8750,8.9087,9700
1997-01-13,11.5000,11.8750,11.5000,11.8750,8.9087,7500
1997-01-14,11.5000,11.8750,11.5000,11.8750,8.9087,10900
1997-01-15,11.5000,11.8750,11.5000,11.5000,8.6274,8700
1997-01-16,11.8750,11.8750,11.3750,11.6250,8.7212,4700
1997-01-17,11.2500,11.6250,11.2500,11.3750,8.5336,4600
1997-01-20,11.6250,11.6250,10.5000,11.2500,8.4398,312800
1997-01-21,11.2500,11.2500,10.5000,10.6875,8.0179,21900
1997-01-22,11.0000,11.0000,10.5000,10.5000,7.8772,3500
1997-01-23,10.5000,11.1250,10.5000,11.1250,8.3461,24400
1997-01-24,10.7500,11.1250,10.6250,10.7500,8.0647,14100
1997-01-27,10.6250,11.6250,10.6250,11.3750,8.5336,17200
1997-01-28,11.0000,11.8750,11.0000,11.3750,8.5336,19000
1997-01-29,12.0000,12.0000,11.5000,12.0000,9.0025,3400
1997-01-30,12.1250,12.1250,12.0000,12.1250,9.0963,23000
1997-01-31,12.1250,12.1250,11.5000,11.5000,8.6274,8000
1997-02-03,11.3750,12.1250,11.3750,12.1250,9.0963,4400
1997-02-04,11.5000,12.0000,11.5000,12.0000,9.0025,4300
1997-02-05,11.3750,11.5000,11.3750,11.5000,8.6274,2400
1997-02-06,11.6250,12.0000,11.3750,11.3750,8.5336,9000
1997-02-07,12.0000,12.0000,11.3750,11.3750,8.5336,5200
1997-02-10,11.3750,12.0000,11.3750,12.0000,9.0025,5900
1997-02-11,12.0000,12.0000,11.2500,11.6250,8.7212,5900
1997-02-12,11.0000,11.2500,10.7500,11.2500,8.4398,15100
1997-02-13,11.0000,11.6250,11.0000,11.2500,8.4398,9700
1997-02-14,11.2500,12.0000,11.2500,12.0000,9.0025,9300
1997-02-18,12.0000,12.0000,11.6250,12.0000,9.0025,5700
1997-02-19,11.3750,12.0000,11.3750,12.0000,9.0025,10200
1997-02-20,11.3750,12.0000,11.3750,12.0000,9.0025,10000
1997-02-21,12.0000,12.2500,11.7500,12.1250,9.0963,14700
1997-02-24,12.5000,12.6250,11.8750,12.6250,9.4714,10300
1997-02-25,12.0000,12.6250,11.8750,12.0000,9.0025,50700
1997-02-26,11.8750,12.6250,11.8750,12.6250,9.4714,6000
1997-02-27,12.1875,12.6250,11.9375,12.3750,9.2838,3800
1997-02-28,12.3750,12.5000,11.6250,12.0000,9.0025,8300
1997-03-03,12.1250,12.2500,12.0000,12.1250,9.0963,2900
1997-03-04,11.6250,11.7500,11.1250,11.7500,8.8150,14400
1997-03-05,11.1250,11.7500,11.1250,11.7500,8.8150,1400
1997-03-06,11.1250,11.5000,11.1250,11.5000,8.6274,5100
1997-03-07,11.5000,11.5000,11.0000,11.0000,8.2523,9200
1997-03-10,11.0000,11.6250,11.0000,11.3750,8.5336,4300
1997-03-11,11.0000,11.5000,11.0000,11.5000,8.6274,6400
1997-03-12,11.0000,11.5000,11.0000,11.5000,8.6274,10700
1997-03-13,10.7500,11.5000,10.7500,10.7500,8.0647,4400
1997-03-14,11.0000,11.0000,10.7500,10.7500,8.0647,4000
1997-03-17,11.0000,11.2500,11.0000,11.2500,8.4398,3600
1997-03-18,10.7500,11.2500,10.7500,10.7500,8.0647,7000
1997-03-19,11.2500,11.2500,10.0000,10.0000,7.5021,13100
1997-03-20,10.6250,10.6250,10.1250,10.1250,7.5959,13200
1997-03-21,10.1250,10.2500,10.1250,10.2500,7.6896,1100
1997-03-24,10.1250,10.3750,10.1250,10.3750,7.7834,2000
1997-03-25,10.6250,10.7500,10.2500,10.6250,7.9710,13600
1997-03-26,10.2500,10.6250,10.2500,10.6250,7.9710,3700
1997-03-27,10.4375,10.6250,10.3750,10.3750,7.7834,13500
1997-03-31,10.3750,10.6250,10.0000,10.0000,7.5021,37500
1997-04-01,10.0000,10.2500,9.7500,9.7500,7.3145,10600
1997-04-02,9.7500,10.0000,9.6250,9.6250,7.2208,3300
1997-04-03,9.5000,9.7500,9.5000,9.5000,7.1270,4000
1997-04-04,10.2500,10.7500,10.2500,10.5000,7.8772,24000
1997-04-07,10.7500,10.7500,10.2500,10.5000,7.8772,8400
1997-04-08,10.0000,10.2500,8.7500,8.7500,6.5643,25800
1997-04-09,9.2500,9.7500,8.7500,9.7500,7.3145,18600
1997-04-10,9.7500,9.7500,9.2500,9.7500,7.3145,5200
1997-04-11,9.3750,9.3750,9.0000,9.3750,7.0332,18400
1997-04-14,9.0000,9.5000,9.0000,9.5000,7.1270,17200
1997-04-15,9.5000,9.5000,9.0000,9.0000,6.7519,12000
1997-04-16,9.0000,9.5000,9.0000,9.0000,6.7519,40000
1997-04-17,8.7500,9.5000,8.7500,9.0000,6.7519,7600
1997-04-18,9.2500,9.2500,8.8750,9.2500,6.9394,27200
1997-04-21,9.0000,9.0000,9.0000,9.0000,6.7519,7900
1997-04-22,9.5000,9.6250,9.0000,9.6250,7.2208,15100
1997-04-23,9.1875,9.1875,9.0000,9.0000,6.7519,18800
1997-04-24,9.0625,9.3750,9.0625,9.3750,7.0332,500
1997-04-25,9.5000,9.6250,9.0000,9.2500,6.9394,4900
1997-04-28,9.6250,9.6250,9.0000,9.1250,6.8457,14300
1997-04-29,8.8750,9.6250,8.8750,9.2500,6.9394,9100
1997-04-30,8.8750,9.1250,8.7500,8.7500,6.5643,11000
1997-05-01,9.1250,9.1250,8.6250,8.6250,6.4705,13300
1997-05-02,8.6406,9.5000,8.6406,9.0000,6.7519,14500
1997-05-05,9.0000,9.7500,9.0000,9.5000,7.1270,2200
1997-05-06,9.5000,9.5000,8.7500,8.7500,6.5643,8700
1997-05-07,8.7500,9.0000,8.7500,9.0000,6.7519,2300
1997-05-08,9.5000,9.5000,8.2500,8.2500,6.1892,114200
1997-05-09,8.2500,8.7500,8.2500,8.2500,6.1892,45800
1997-05-12,8.2500,8.7500,8.2500,8.4375,6.3299,5200
1997-05-13,8.7500,8.7500,8.2500,8.3125,6.2361,11600
1997-05-14,8.7500,8.7500,8.3750,8.5000,6.3768,35100
1997-05-15,8.2500,9.0000,8.2500,8.2500,6.1892,10100
1997-05-16,8.8750,9.0000,8.4375,9.0000,6.7519,1900
1997-05-19,8.8750,9.0000,8.7500,8.7500,6.5643,5400
1997-05-20,8.2500,9.0000,8.2500,8.7500,6.5643,28100
1997-05-21,8.2500,8.7500,8.2500,8.7500,6.5643,13400
1997-05-22,8.7500,9.0000,8.6250,9.0000,6.7519,7900
1997-05-23,8.2500,9.2500,8.2500,8.7500,6.5643,95600
1997-05-27,8.5000,9.2500,8.5000,8.6250,6.4705,20000
1997-05-28,8.6250,9.5000,8.6250,9.0000,6.7519,14000
1997-05-29,9.0000,9.5000,9.0000,9.2500,6.9394,8600
1997-05-30,9.5000,9.5000,8.7500,9.0000,6.7519,8700
1997-06-02,9.0000,9.5000,9.0000,9.0000,6.7519,18600
1997-06-03,9.0000,9.3125,9.0000,9.3125,6.9863,12600
1997-06-04,9.0000,9.0000,8.6250,8.6250,6.4705,15200
1997-06-05,9.2500,9.2500,8.6250,9.0000,6.7519,8800
1997-06-06,8.7500,9.2500,8.7500,8.8750,6.6581,10400
1997-06-09,8.7500,9.2500,8.7500,9.1250,6.8457,13500
1997-06-10,9.3750,9.3750,8.8750,9.3750,7.0332,6800
1997-06-11,9.3750,9.3750,8.8750,9.0000,6.7519,3900
1997-06-12,8.7500,9.2500,8.7500,9.0000,6.7519,12800
1997-06-13,9.3750,9.6250,9.0000,9.6250,7.2208,66000
1997-06-16,9.6250,9.6250,9.6250,9.6250,7.2208,400
1997-06-17,9.2500,10.0000,9.0000,9.7500,7.3145,103800
1997-06-18,9.8125,10.5000,9.5000,10.1250,7.5959,154700
1997-06-19,10.6250,10.7500,10.2500,10.5000,7.8772,80100
1997-06-20,10.5000,10.8125,10.2500,10.3750,7.7834,25900
1997-06-23,10.3750,10.7500,10.3750,10.7500,8.0647,78300
1997-06-24,10.1250,10.2500,9.5000,10.1250,7.5959,29700
1997-06-25,9.5000,10.0000,9.5000,9.6250,7.2208,12900
1997-06-26,9.7500,9.7500,8.5000,8.7500,6.5643,35200
1997-06-27,8.5625,8.7500,8.2500,8.2500,6.1892,50600
1997-06-30,8.2500,8.5000,8.2500,8.5000,6.3768,6000
1997-07-01,8.5000,9.0000,8.5000,9.0000,6.7519,6000
1997-07-02,8.6875,9.2500,8.6250,9.2500,6.9394,16400
1997-07-03,8.6250,9.3750,8.6250,9.3750,7.0332,3900
1997-07-07,8.6250,9.0000,8.1250,8.4375,6.3299,8300
1997-07-08,8.5000,9.0000,8.1250,9.0000,6.7519,10500
1997-07-09,8.5000,8.5000,7.7500,8.0000,6.0017,7300
1997-07-10,8.1250,8.5000,8.0000,8.5000,6.3768,11900
1997-07-11,8.0000,8.6250,8.0000,8.2500,6.1892,6100
1997-07-14,8.1250,8.1250,8.0000,8.0000,6.0017,1800
1997-07-15,8.5000,8.5000,8.5000,8.5000,6.3768,1400
1997-07-16,8.5000,8.7500,8.5000,8.5000,6.3768,11700
1997-07-17,8.5000,8.5000,8.5000,8.5000,6.3768,15200
1997-07-18,8.0000,8.7500,8.0000,8.7500,6.5643,1400
1997-07-21,8.6250,9.0000,8.2500,8.2500,6.1892,2100
1997-07-22,8.6250,9.0000,8.2500,8.2500,6.1892,1000
1997-07-23,8.0000,8.7500,8.0000,8.7500,6.5643,2600
1997-07-24,8.7500,8.7500,8.7500,8.7500,6.5643,0
1997-07-25,8.3750,8.7500,7.7500,8.0000,6.0017,14900
1997-07-28,8.2500,8.2500,7.3750,7.5000,5.6266,10300
1997-07-29,8.0000,8.0000,7.7500,7.7500,5.8141,300
1997-07-30,7.5000,8.0000,7.5000,8.0000,6.0017,17000
1997-07-31,7.7500,8.6250,7.7500,7.7500,5.8141,3400
1997-08-01,8.0000,8.2500,7.7500,8.2500,6.1892,1300
1997-08-04,8.0000,8.0000,8.0000,8.0000,6.0017,1300
1997-08-05,8.5000,8.5000,7.7500,8.0000,6.0017,105300
1997-08-06,8.0000,8.0000,8.0000,8.0000,6.0017,0
1997-08-07,7.7500,8.5000,7.7500,8.5000,6.3768,500
1997-08-08,8.5000,8.5000,8.0000,8.0000,6.0017,7100
1997-08-11,8.3750,8.3750,7.7500,7.7500,5.8141,5400
1997-08-12,7.5625,7.7500,7.5625,7.7500,5.8141,4000
1997-08-13,8.0000,8.0000,7.2500,7.2500,5.4390,2700
1997-08-14,7.2500,7.8750,7.1250,7.2500,5.4390,16200
1997-08-15,7.3750,7.7500,7.1250,7.2500,5.4390,4200
1997-08-18,7.1250,7.4688,7.1250,7.3750,5.5328,3700
1997-08-19,7.3750,7.7500,7.3750,7.7500,5.8141,4300
1997-08-20,7.3750,8.0000,7.3750,7.3750,5.5328,9100
1997-08-21,7.3750,7.7500,7.3750,7.3750,5.5328,14600
1997-08-22,7.3750,7.3750,7.3750,7.3750,5.5328,100
1997-08-25,7.5000,7.7500,7.5000,7.7500,5.8141,13700
1997-08-26,7.5000,7.8750,7.2500,7.6250,5.7203,17200
1997-08-27,7.8750,8.0000,7.4688,8.0000,6.0017,6800
1997-08-28,7.7500,8.0000,7.5000,7.7500,5.8141,4900
1997-08-29,8.0000,8.0000,7.5000,7.5000,5.6266,4600
1997-09-02,7.5000,8.1250,7.5000,8.1250,6.0954,700
1997-09-03,8.0000,8.0000,7.7500,7.7500,5.8141,248300
1997-09-04,7.7500,7.7500,7.7500,7.7500,5.8141,0
1997-09-05,7.8750,8.5000,7.8750,7.8750,5.9079,3000
1997-09-08,8.5000,8.5000,8.1250,8.1250,6.0954,2300
1997-09-09,7.8750,8.1250,7.8750,7.8750,5.9079,22800
1997-09-10,8.0000,8.2500,7.8750,8.2500,6.1892,7800
1997-09-11,8.0000,8.2500,8.0000,8.0000,6.0017,21900
1997-09-12,7.8750,7.8750,7.8750,7.8750,5.9079,1000
1997-09-15,8.0000,8.0000,7.7500,7.7500,5.8141,4100
1997-09-16,7.5000,8.0000,7.5000,8.0000,6.0017,1800
1997-09-17,7.5000,8.0000,7.5000,8.0000,6.0017,400
1997-09-18,7.8750,8.0000,7.7500,8.0000,6.0017,7300
1997-09-19,7.6250,8.2500,7.6250,8.2500,6.1892,9000
1997-09-22,8.0000,8.3750,8.0000,8.0000,6.0017,10300
1997-09-23,8.0000,8.0000,7.8750,7.8750,5.9079,1400
1997-09-24,7.8750,8.0000,7.8750,8.0000,6.0017,7600
1997-09-25,7.7500,8.2500,7.7500,7.7500,5.8141,6000
1997-09-26,8.2500,8.2500,8.2500,8.2500,6.1892,16800
1997-09-29,8.5000,8.5000,8.0000,8.0000,6.0017,30800
1997-09-30,8.5000,8.5000,8.0000,8.5000,6.3768,58300
1997-10-01,9.0000,9.0000,8.5625,8.7500,6.5643,14100
1997-10-02,8.5625,8.5625,8.5625,8.5625,6.4237,300
1997-10-03,8.5625,8.6250,8.5625,8.5625,6.4237,8900
1997-10-06,8.6250,8.7500,8.2500,8.2500,6.1892,1200
1997-10-07,8.2500,8.5000,8.0000,8.3750,6.2830,31000
1997-10-08,8.3750,8.5000,8.3750,8.3750,6.2830,8800
1997-10-09,8.2500,8.6250,8.2500,8.6250,6.4705,10000
1997-10-10,8.5000,8.5000,8.5000,8.5000,6.3768,1200
1997-10-13,8.5000,8.7500,8.3750,8.3750,6.2830,28600
1997-10-14,8.6250,8.7500,8.2500,8.4375,6.3299,19200
1997-10-15,8.2500,8.6250,8.2500,8.2500,6.1892,2600
1997-10-16,8.2500,8.3750,8.1250,8.1250,6.0954,23700
1997-10-17,8.0000,8.2500,8.0000,8.0000,6.0017,7500
1997-10-20,8.5000,8.7500,8.5000,8.7500,6.5643,2900
1997-10-21,8.7500,9.2500,8.5000,8.7500,6.5643,46200
1997-10-22,8.7500,8.7500,8.2500,8.2500,6.1892,8400
1997-10-23,8.5000,8.5000,8.1250,8.2500,6.1892,19600
1997-10-24,8.0000,8.1250,7.5000,7.5000,5.6266,16700
1997-10-27,7.5000,7.5625,7.0625,7.0625,5.2983,11000
1997-10-28,6.8750,7.0000,6.3750,6.7500,5.0639,66600
1997-10-29,7.0000,7.0000,6.6250,6.6250,4.9701,6200
1997-10-30,6.7500,7.2500,6.7500,6.8750,5.1577,54200
1997-10-31,6.5000,7.0000,6.5000,6.7500,5.0639,30300
1997-11-03,6.7500,6.7500,6.5000,6.6250,4.9701,10200
1997-11-04,6.5000,6.7500,6.5000,6.5000,4.8764,4200
1997-11-05,6.5000,6.7500,6.2500,6.7500,5.0639,30400
1997-11-06,6.7500,7.1250,6.6250,6.7500,5.0639,10300
1997-11-07,6.7500,6.7500,6.6250,6.7500,5.0639,9700
1997-11-10,6.7500,7.2500,6.6250,6.7500,5.0639,10200
1997-11-11,6.6250,6.8750,6.5000,6.8750,5.1577,4900
1997-11-12,6.6250,6.6250,6.5000,6.5000,4.8764,3100
1997-11-13,6.5625,7.0000,6.5000,6.5000,4.8764,18900
1997-11-14,6.5000,6.7500,6.5000,6.7500,5.0639,13400
1997-11-17,6.5000,6.8750,6.5000,6.6250,4.9701,4400
1997-11-18,6.7500,7.0000,6.3750,6.3750,4.7826,27300
1997-11-19,6.3750,6.8750,6.3750,6.7500,5.0639,23700
1997-11-20,6.3750,6.6250,6.3750,6.3750,4.7826,16600
1997-11-21,6.3750,6.7500,6.3750,6.3750,4.7826,2600
1997-11-24,6.3750,6.6250,6.3750,6.3750,4.7826,8300
1997-11-25,6.3750,6.3750,6.0000,6.2500,4.6888,115300
1997-11-26,6.5000,6.5000,6.0000,6.0000,4.5013,13100
1997-11-28,6.1250,6.1250,5.7500,5.7500,4.3137,10900
1997-12-01,6.0000,6.0000,5.7500,6.0000,4.5013,26900
1997-12-02,5.7500,5.7500,5.6250,5.6250,4.2199,34200
1997-12-03,5.6250,5.7500,5.5000,5.5000,4.1261,46500
1997-12-04,5.2500,5.2500,5.0000,5.2500,3.9386,29200
1997-12-05,5.0000,5.2500,4.8750,4.8750,3.6573,47900
1997-12-08,4.8750,5.0000,4.7500,5.0000,3.7510,13500
1997-12-09,4.9375,5.0000,4.7500,4.8750,3.6573,18300
1997-12-10,4.8750,4.8750,4.6250,4.6250,3.4697,124100
1997-12-11,4.6250,5.0000,4.6250,4.7500,3.5635,33800
1997-12-12,4.8750,5.0000,4.7500,4.8750,3.6573,19500
1997-12-15,4.8750,4.8750,4.8750,4.8750,3.6573,7600
1997-12-16,5.0000,5.0000,4.4688,4.6250,3.4697,28300
1997-12-17,4.6250,4.7500,4.4688,4.6875,3.5166,33400
1997-12-18,4.8750,4.8750,4.6250,4.7500,3.5635,72800
1997-12-19,4.6250,4.7500,4.5000,4.7500,3.5635,14600
1997-12-22,4.5000,4.7500,4.0000,4.0000,3.0008,43100
1997-12-23,4.5000,4.7500,4.2500,4.7500,3.5635,102200
1997-12-24,4.7500,4.8750,4.6250,4.8750,3.6573,22900
1997-12-26,4.8750,4.9375,4.6250,4.9375,3.7042,51500
1997-12-29,5.0000,5.0000,4.5000,4.5000,3.3759,93800
1997-12-30,4.5000,4.7500,4.3750,4.7500,3.5635,162400
1997-12-31,4.6250,4.7500,4.2500,4.7500,3.5635,90900
1998-01-02,4.3750,4.7500,4.3750,4.7500,3.5635,5800
1998-01-05,4.3750,4.7500,4.3750,4.3750,3.2822,10300
1998-01-06,4.7500,4.7500,4.2500,4.2500,3.1884,12900
1998-01-07,4.5000,4.7500,4.5000,4.7500,3.5635,10700
1998-01-08,4.7500,4.7500,4.3750,4.3750,3.2822,9700
1998-01-09,4.5000,4.5000,4.5000,4.5000,3.3759,200
1998-01-12,4.5000,4.7500,4.2500,4.7500,3.5635,22800
1998-01-13,4.6250,5.0000,4.5625,5.0000,3.7510,8000
1998-01-14,5.0000,5.0000,4.7500,4.7500,3.5635,1200
1998-01-15,4.7500,4.7500,4.7500,4.7500,3.5635,8100
1998-01-16,4.8750,5.0000,4.6875,4.7500,3.5635,34800
1998-01-20,5.0000,5.1250,4.7500,4.7500,3.5635,16200
1998-01-21,4.8750,5.0000,4.7500,4.8750,3.6573,9200
1998-01-22,4.7500,4.8750,4.6250,4.6250,3.4697,28300
1998-01-23,4.6250,5.5000,4.6250,5.3750,4.0324,55600
1998-01-26,6.0000,6.0000,5.2500,5.2500,3.9386,53600
1998-01-27,5.3750,5.3750,5.2500,5.3438,4.0089,16200
1998-01-28,5.2500,5.3750,5.2500,5.3750,4.0324,900
1998-01-29,5.2500,5.5000,5.2500,5.5000,4.1261,17400
1998-01-30,5.5000,5.5000,5.4375,5.4375,4.0793,6500
1998-02-02,5.2500,5.5000,5.1250,5.1250,3.8448,8500
1998-02-03,5.2500,5.3125,4.8750,4.8750,3.6573,49000
1998-02-04,5.1875,5.5000,4.8750,5.5000,4.1261,18100
1998-02-05,5.5000,5.5000,5.3125,5.3125,3.9855,17100
1998-02-06,5.5000,5.5000,5.5000,5.5000,4.1261,300
1998-02-09,5.5000,5.5000,5.3750,5.3750,4.0324,15600
1998-02-10,5.5000,5.6250,5.5000,5.5000,4.1261,9000
1998-02-11,5.3750,5.3750,5.0625,5.2500,3.9386,20700
1998-02-12,5.2500,5.2500,5.0625,5.1250,3.8448,3200
1998-02-13,5.0625,5.2500,5.0000,5.2500,3.9386,4900
1998-02-17,5.2500,5.2500,5.0000,5.1250,3.8448,12900
1998-02-18,5.1250,5.2500,5.1250,5.2500,3.9386,8900
1998-02-19,5.1250,5.5000,5.1250,5.2500,3.9386,19200
1998-02-20,5.1250,5.1250,5.1250,5.1250,3.8448,1200
1998-02-23,5.1250,5.1250,5.1250,5.1250,3.8448,2000
1998-02-24,5.1250,5.2500,5.1250,5.1250,3.8448,9100
1998-02-25,5.1250,5.2500,5.1250,5.2500,3.9386,1600
1998-02-26,5.1250,5.2500,5.1250,5.1875,3.8917,14400
1998-02-27,5.0000,5.2500,5.0000,5.2500,3.9386,31800
1998-03-02,5.2500,5.3750,5.1250,5.3750,4.0324,11800
1998-03-03,5.5000,5.5000,5.0000,5.0000,3.7510,7000
1998-03-04,5.0000,5.1250,5.0000,5.1250,3.8448,3600
1998-03-05,5.0000,5.3750,5.0000,5.0000,3.7510,4000
1998-03-06,5.0000,5.0000,5.0000,5.0000,3.7510,100
1998-03-09,5.0000,5.0000,5.0000,5.0000,3.7510,5300
1998-03-10,5.1250,5.1250,5.0625,5.0625,3.7979,6500
1998-03-11,5.0625,5.2500,5.0000,5.2500,3.9386,36900
1998-03-12,5.5000,5.5000,5.1250,5.1250,3.8448,8900
1998-03-13,5.1250,5.1250,5.0000,5.1250,3.8448,12300
1998-03-16,5.0000,5.0000,5.0000,5.0000,3.7510,22300
1998-03-17,5.2500,5.2500,5.0000,5.1250,3.8448,26900
1998-03-18,5.0000,5.2500,5.0000,5.0000,3.7510,3700
1998-03-19,5.0000,5.2500,5.0000,5.2500,3.9386,600
1998-03-20,5.0000,5.2500,5.0000,5.0000,3.7510,16100
1998-03-23,5.0000,5.1875,5.0000,5.1875,3.8917,37200
1998-03-24,5.2500,5.2500,5.1250,5.1250,3.8448,800
1998-03-25,5.1875,5.7500,5.1875,5.7500,4.3137,48300
1998-03-26,5.8750,6.0000,5.7500,6.0000,4.5013,43900
1998-03-27,5.7500,5.7500,5.6250,5.6875,4.2668,23400
1998-03-30,5.6875,5.6875,5.5000,5.6875,4.2668,1400
1998-03-31,5.5000,5.6875,5.5000,5.6562,4.2434,4600
1998-04-01,5.5000,5.6875,5.5000,5.6875,4.2668,53300
1998-04-02,5.5625,6.0000,5.3750,5.8750,4.4075,87500
1998-04-03,6.2500,6.5000,6.0625,6.2500,4.6888,97100
1998-04-06,6.0000,6.3125,6.0000,6.2500,4.6888,78300
1998-04-07,6.2500,6.3125,5.8750,6.0000,4.5013,80900
1998-04-08,6.1250,6.2500,5.8750,6.2500,4.6888,10200
1998-04-09,6.0000,6.3750,6.0000,6.2500,4.6888,603000
1998-04-13,6.5000,6.5000,6.1250,6.3750,4.7826,22400
1998-04-14,6.2500,6.3125,6.2500,6.3125,4.7357,15300
1998-04-15,6.2500,6.5000,6.1250,6.5000,4.8764,14800
1998-04-16,6.1250,6.5000,6.0000,6.5000,4.8764,8700
1998-04-17,6.5000,6.5000,6.5000,6.5000,4.8764,500
1998-04-20,6.0000,6.0000,6.0000,6.0000,4.5013,8000
1998-04-21,6.3750,6.5000,6.0000,6.5000,4.8764,18300
1998-04-22,6.8750,7.1250,6.8750,6.9375,5.2046,99800
1998-04-23,7.0000,7.1250,6.7500,7.0000,5.2515,49000
1998-04-24,7.0000,7.0000,6.2500,6.7500,5.0639,15000
1998-04-27,6.8750,6.8750,6.3750,6.3750,4.7826,4500
1998-04-28,6.2500,6.7500,6.2500,6.6250,4.9701,5600
1998-04-29,6.7500,6.7500,6.3750,6.3750,4.7826,81300
1998-04-30,6.5000,6.5000,6.3750,6.5000,4.8764,2600
1998-05-01,6.5000,6.5000,6.3750,6.3750,4.7826,4800
1998-05-04,6.3750,6.7500,6.2500,6.2500,4.6888,35400
1998-05-05,6.1250,6.6250,6.1250,6.6250,4.9701,300
1998-05-06,6.1250,6.1250,6.1250,6.1250,4.5950,500
1998-05-07,6.1250,6.1250,6.0000,6.0000,4.5013,1400
1998-05-08,6.2500,6.2500,6.1250,6.1250,4.5950,5400
1998-05-11,6.0000,6.0000,5.8750,5.8750,4.4075,7400
1998-05-12,5.8750,5.8750,5.2500,5.2500,3.9386,22500
1998-05-13,5.2500,5.6250,5.2500,5.6250,4.2199,28400
1998-05-14,5.2500,5.6250,5.2500,5.5000,4.1261,53900
1998-05-15,5.3750,5.6250,5.3750,5.6250,4.2199,9800
1998-05-18,5.5000,5.6250,5.2500,5.2500,3.9386,15900
1998-05-19,5.5000,5.5000,5.4375,5.4375,4.0793,2000
1998-05-20,5.3750,5.3750,5.2500,5.2500,3.9386,800
1998-05-21,5.3750,5.3750,5.2500,5.2500,3.9386,6100
1998-05-22,5.2500,5.6250,5.2500,5.6250,4.2199,24700
1998-05-26,5.2500,5.2500,5.2500,5.2500,3.9386,2700
1998-05-27,5.2500,5.3125,5.1250,5.2500,3.9386,4700
1998-05-28,5.1250,5.5000,5.1250,5.5000,4.1261,4600
1998-05-29,5.3750,5.3750,5.3750,5.3750,4.0324,2600
1998-06-01,5.3750,5.5000,5.2500,5.2500,3.9386,12000
1998-06-02,5.2500,5.5000,5.2500,5.2500,3.9386,11200
1998-06-03,5.2500,5.2500,5.2500,5.2500,3.9386,4700
1998-06-04,5.2500,5.2500,5.1250,5.1250,3.8448,45600
1998-06-05,5.0000,5.0000,5.0000,5.0000,3.7510,5900
1998-06-08,5.2500,5.7500,5.2500,5.7500,4.3137,36500
1998-06-09,5.7500,5.8750,5.6250,5.6250,4.2199,133300
1998-06-10,5.5000,5.5000,5.0000,5.0000,3.7510,34500
1998-06-11,5.0000,5.0000,4.7500,4.7500,3.5635,9700
1998-06-12,4.7500,4.7500,4.7500,4.7500,3.5635,500
1998-06-15,4.7500,4.8750,4.6250,4.7500,3.5635,14600
1998-06-16,4.7500,4.7500,4.5000,4.5000,3.3759,28800
1998-06-17,4.5625,5.1250,4.5000,5.1250,3.8448,8500
1998-06-18,4.7500,5.0000,4.6250,4.8750,3.6573,10600
1998-06-19,4.7500,5.2500,4.7500,5.1250,3.8448,20800
1998-06-22,5.1250,5.5000,5.1250,5.3750,4.0324,5800
1998-06-23,5.3750,5.3750,4.8750,4.9375,3.7042,54300
1998-06-24,4.8750,4.8750,4.8750,4.8750,3.6573,17000
1998-06-25,4.7500,4.8750,4.7500,4.7500,3.5635,35200
1998-06-26,4.7500,4.7500,4.7500,4.7500,3.5635,600
1998-06-29,5.0000,5.1250,4.7500,4.7500,3.5635,4800
1998-06-30,5.0000,5.0000,5.0000,5.0000,3.7510,4200
1998-07-01,5.0000,5.0000,4.8750,4.9375,3.7042,4500
1998-07-02,5.0000,5.0000,4.6875,4.6875,3.5166,47700
1998-07-06,4.6875,4.6875,4.6250,4.6250,3.4697,26000
1998-07-07,4.6250,4.8125,4.5000,4.8125,3.6104,12700
1998-07-08,4.6250,5.0000,4.5000,4.6875,3.5166,22500
1998-07-09,4.5000,5.0000,4.5000,5.0000,3.7510,1900
1998-07-10,4.8750,4.8750,4.7500,4.7500,3.5635,5100
1998-07-13,4.7500,4.7500,4.7500,4.7500,3.5635,19100
1998-07-14,4.7500,4.7500,4.6250,4.6250,3.4697,400
1998-07-15,5.0000,5.1250,4.8750,5.1250,3.8448,14400
1998-07-16,4.8750,4.8750,4.8750,4.8750,3.6573,4000
1998-07-17,5.1250,5.1250,4.6250,4.6250,3.4697,8300
1998-07-20,4.7500,4.7500,4.6250,4.6250,3.4697,27200
1998-07-21,4.8750,4.9375,4.3750,4.3750,3.2822,13400
1998-07-22,4.3750,4.3750,4.3750,4.3750,3.2822,0
1998-07-23,4.2500,4.4531,4.2500,4.4531,3.3408,5500
1998-07-24,4.3125,4.3125,4.3125,4.3125,3.2353,200
1998-07-27,4.6250,4.6250,4.1875,4.1875,3.1415,19900
1998-07-28,4.1250,4.6250,4.1250,4.2500,3.1884,6300
1998-07-29,4.2500,4.2500,3.8750,4.0625,3.0477,29400
1998-07-30,4.2500,4.2500,4.0000,4.0000,3.0008,6000
1998-07-31,4.0000,4.0000,3.7500,3.7500,2.8133,12800
1998-08-03,3.7500,3.7500,3.7500,3.7500,2.8133,0
1998-08-04,3.7500,3.7500,3.5000,3.5000,2.6257,19300
1998-08-05,3.5000,4.0000,3.5000,3.7500,2.8133,7900
1998-08-06,3.6250,4.0000,3.5000,3.8750,2.9071,15500
1998-08-07,3.8750,3.8750,3.5000,3.5000,2.6257,6900
1998-08-10,3.5000,4.0000,3.5000,3.6250,2.7195,22400
1998-08-11,3.7500,3.7500,3.7500,3.7500,2.8133,1300
1998-08-12,3.7500,3.8750,3.6250,3.6250,2.7195,10300
1998-08-13,3.5000,3.8750,3.5000,3.5000,2.6257,18500
1998-08-14,3.8750,3.8750,3.6250,3.6250,2.7195,6300
1998-08-17,3.8750,4.2500,3.6250,3.8438,2.8836,3600
1998-08-18,3.7500,3.8750,3.5000,3.8750,2.9071,27500
1998-08-19,4.0000,4.0000,4.0000,4.0000,3.0008,100
1998-08-20,3.9375,3.9375,3.5000,3.8750,2.9071,6500
1998-08-21,3.5000,3.8750,3.5000,3.8750,2.9071,9900
1998-08-24,4.1250,4.1250,3.7500,3.8125,2.8602,11100
1998-08-25,3.6250,4.1250,3.6250,4.1250,3.0946,1800
1998-08-26,3.7500,3.7500,3.6250,3.6250,2.7195,9700
1998-08-27,3.6250,3.6250,3.6250,3.6250,2.7195,6900
1998-08-28,3.6250,3.6250,3.5000,3.5625,2.6726,30300
1998-08-31,3.6250,3.6875,3.5000,3.5000,2.6257,6900
1998-09-01,3.5000,3.8750,3.5000,3.6250,2.7195,17500
1998-09-02,3.5625,3.5625,3.3750,3.3750,2.5320,51200
1998-09-03,3.3750,3.8750,3.3750,3.5000,2.6257,24100
1998-09-04,3.5000,4.0000,3.5000,4.0000,3.0008,17100
1998-09-08,4.1250,4.2500,3.8750,3.9688,2.9774,19900
1998-09-09,3.7500,4.0000,3.7500,3.7500,2.8133,2600
1998-09-10,4.2500,4.2500,4.1250,4.1250,3.0946,26500
1998-09-11,4.5000,4.5000,4.0000,4.0000,3.0008,9500
1998-09-14,4.0000,4.0000,3.7500,3.7500,2.8133,18200
1998-09-15,3.8750,3.8750,3.5000,3.6250,2.7195,29300
1998-09-16,3.6250,3.7500,3.6250,3.6875,2.7664,9900
1998-09-17,3.6875,3.7500,3.5000,3.6875,2.7664,26500
1998-09-18,3.6250,3.6250,3.6250,3.6250,2.7195,400
1998-09-21,3.7500,3.7500,3.7500,3.7500,2.8133,8100
1998-09-22,3.6250,3.6250,3.3750,3.3750,2.5320,36700
1998-09-23,3.7500,3.7500,3.5000,3.5000,2.6257,10800
1998-09-24,3.6250,3.8750,3.6250,3.6250,2.7195,5500
1998-09-25,3.8750,4.2500,3.7500,4.2500,3.1884,17400
1998-09-28,4.2500,4.3750,4.2500,4.2500,3.1884,11400
1998-09-29,4.3125,4.3125,4.2500,4.2500,3.1884,3200
1998-09-30,4.2500,4.5000,4.1562,4.3750,3.2822,92800
1998-10-01,4.3750,4.5625,4.3750,4.5000,3.3759,207800
1998-10-02,4.5000,4.5625,4.5000,4.5000,3.3759,27600
1998-10-05,4.5625,4.6250,4.5625,4.6250,3.4697,9300
1998-10-06,4.6250,4.6250,4.5625,4.5625,3.4228,179000
1998-10-07,4.5312,4.7500,4.5312,4.6562,3.4932,140600
1998-10-08,4.7500,5.0312,4.7500,5.0000,3.7510,143100
1998-10-09,5.0000,5.1250,4.9688,5.0000,3.7510,215600
1998-10-12,4.9688,5.0000,4.8750,4.9062,3.6807,225800
1998-10-13,4.8125,4.8750,4.8125,4.8750,3.6573,37700
1998-10-14,4.8438,4.8750,4.5625,4.5625,3.4228,170100
1998-10-15,4.6562,5.0000,4.6250,4.7812,3.5869,9600
1998-10-16,4.7812,4.7812,4.5000,4.6250,3.4697,28500
1998-10-19,4.8750,4.8750,4.5000,4.5000,3.3759,3600
1998-10-20,4.5000,4.5312,4.1250,4.1250,3.0946,40000
1998-10-21,4.1250,4.1250,4.1250,4.1250,3.0946,7000
1998-10-22,4.1250,4.5000,4.1250,4.4375,3.3291,32400
1998-10-23,4.5000,4.5000,4.4375,4.5000,3.3759,9300
1998-10-26,4.5000,4.5000,4.4375,4.4375,3.3291,4900
1998-10-27,4.4375,4.5000,4.4375,4.5000,3.3759,4900
1998-10-28,4.4375,4.5000,4.4375,4.5000,3.3759,26900
1998-10-29,4.3750,4.7500,4.3750,4.5000,3.3759,6900
1998-10-30,4.5000,4.7500,4.5000,4.5000,3.3759,16600
1998-11-02,4.5000,4.5000,4.4375,4.4375,3.3291,3500
1998-11-03,4.4375,4.5000,4.3125,4.4062,3.3056,121100
1998-11-04,4.3125,4.5000,4.3125,4.5000,3.3759,2800
1998-11-05,4.3438,4.5000,4.3438,4.5000,3.3759,19700
1998-11-06,4.4375,4.5938,4.4375,4.4375,3.3291,2000
1998-11-09,4.4375,4.4375,4.4375,4.4375,3.3291,3800
1998-11-10,4.4375,4.6250,4.4375,4.6250,3.4697,25600
1998-11-11,4.5000,4.8750,4.5000,4.8750,3.6573,20400
1998-11-12,4.6250,4.8750,4.6250,4.8750,3.6573,3600
1998-11-13,4.6875,4.7500,4.6250,4.7500,3.5635,18800
1998-11-16,5.0000,5.0000,4.7188,4.7188,3.5400,6700
1998-11-17,4.7188,4.7188,4.5938,4.5938,3.4463,11500
1998-11-18,4.7500,4.7500,4.5000,4.5000,3.3759,1000
1998-11-19,4.5000,4.5000,4.5000,4.5000,3.3759,6600
1998-11-20,4.4375,4.4375,4.4375,4.4375,3.3291,900
1998-11-23,4.3750,4.5000,4.3750,4.3750,3.2822,20000
1998-11-24,4.3750,4.3750,4.3125,4.3750,3.2822,58700
1998-11-25,4.3125,4.3125,4.3125,4.3125,3.2353,2300
1998-11-27,4.3125,4.3125,4.3125,4.3125,3.2353,900
1998-11-30,4.3750,4.3750,4.2500,4.2500,3.1884,50800
1998-12-01,4.2500,4.3125,3.5000,3.5000,2.6257,67100
1998-12-02,3.6250,3.7500,3.5938,3.5938,2.6961,29300
1998-12-03,3.6250,3.8750,3.6250,3.8750,2.9071,7200
1998-12-04,4.0000,4.0000,3.7500,3.8750,2.9071,14100
1998-12-07,3.8750,4.0000,3.8750,3.8750,2.9071,10800
1998-12-08,3.8750,3.9375,3.6250,3.6250,2.7195,82100
1998-12-09,3.6250,3.6875,3.5000,3.6250,2.7195,61000
1998-12-10,3.6250,3.6250,3.5000,3.6250,2.7195,22800
1998-12-11,3.5000,3.6250,3.5000,3.5625,2.6726,14200
1998-12-14,3.5000,3.6250,3.5000,3.6250,2.7195,7600
1998-12-15,3.6250,3.6250,3.5000,3.5000,2.6257,30200
1998-12-16,3.5000,3.5000,3.5000,3.5000,2.6257,24100
1998-12-17,3.5625,3.7500,3.1250,3.5625,2.6726,58200
1998-12-18,3.5000,3.5312,3.5000,3.5000,2.6257,20000
1998-12-21,3.5000,3.6250,3.5000,3.6250,2.7195,5200
1998-12-22,3.5000,3.6250,3.0625,3.3125,2.4851,35000
1998-12-23,3.2500,3.5000,3.2500,3.2500,2.4382,15500
1998-12-24,3.5000,3.5000,3.3750,3.3750,2.5320,400
1998-12-28,3.2500,3.2500,3.2500,3.2500,2.4382,38400
1998-12-29,3.2500,3.3125,3.2500,3.2500,2.4382,27500
1998-12-30,3.2500,3.3750,3.1250,3.2500,2.4382,46300
1998-12-31,3.3750,3.7500,3.3750,3.6250,2.7195,20500
1999-01-04,3.6250,3.6250,3.6250,3.6250,2.7195,0
1999-01-05,3.7500,3.8750,3.7500,3.8750,2.9071,5700
1999-01-06,4.0000,4.0000,3.7500,4.0000,3.0008,8500
1999-01-07,4.1250,4.1250,4.0000,4.0000,3.0008,800
1999-01-08,3.7500,4.0625,3.7500,3.7500,2.8133,1800
1999-01-11,3.7500,4.0625,3.7500,4.0000,3.0008,51700
1999-01-12,3.9375,3.9375,3.8750,3.8750,2.9071,3600
1999-01-13,3.8750,3.8750,3.8750,3.8750,2.9071,0
1999-01-14,3.8125,3.9375,3.8125,3.9375,2.9539,22100
1999-01-15,3.8750,3.9375,3.8750,3.8750,2.9071,8500
1999-01-19,3.8750,3.9375,3.8750,3.9375,2.9539,7800
1999-01-20,3.8750,3.9375,3.8750,3.9375,2.9539,3300
1999-01-21,3.8750,3.8750,3.8750,3.8750,2.9071,1400
1999-01-22,3.8750,3.9375,3.8750,3.9375,2.9539,2800
1999-01-25,3.8750,4.1250,3.8750,4.0000,3.0008,29300
1999-01-26,3.9375,4.0000,3.9375,4.0000,3.0008,30700
1999-01-27,4.0000,4.0000,3.7500,3.8125,2.8602,22600
1999-01-28,3.6875,3.7500,3.6875,3.6875,2.7664,3300
1999-01-29,3.8750,3.8750,3.7500,3.8750,2.9071,7900
1999-02-01,4.0000,4.0000,3.8750,3.8750,2.9071,24000
1999-02-02,3.8750,4.0000,3.8750,3.9375,2.9539,2200
1999-02-03,3.9375,4.1250,3.8750,3.9375,2.9539,15100
1999-02-04,4.0000,4.0000,3.8750,3.9375,2.9539,18400
1999-02-05,3.7500,3.9375,3.7500,3.9375,2.9539,9800
1999-02-08,3.9375,3.9375,3.8750,3.8750,2.9071,5100
1999-02-09,3.8750,3.8750,3.8750,3.8750,2.9071,100
1999-02-10,3.9375,3.9375,3.5625,3.6250,2.7195,41300
1999-02-11,3.5000,3.5000,3.3750,3.4844,2.6140,20700
1999-02-12,3.7500,4.0312,3.7500,4.0000,3.0008,55700
1999-02-16,3.8750,4.0312,3.8750,4.0000,3.0008,5900
1999-02-17,4.0000,4.1250,4.0000,4.1250,3.0946,4500
1999-02-18,4.2500,4.2500,4.0000,4.0000,3.0008,11200
1999-02-19,4.0000,4.0000,4.0000,4.0000,3.0008,0
1999-02-22,4.0000,4.2500,4.0000,4.2500,3.1884,18800
1999-02-23,4.6250,4.7500,4.2500,4.2500,3.1884,30400
1999-02-24,4.4375,4.4375,4.4375,4.4375,3.3291,1600
1999-02-25,4.6250,4.9375,4.5000,4.9375,3.7042,14200
1999-02-26,5.0000,5.5000,5.0000,5.1250,3.8448,54500
1999-03-01,5.0000,5.0625,4.9375,5.0156,3.7628,28000
1999-03-02,5.0625,5.0625,4.9375,4.9375,3.7042,18100
1999-03-03,4.9375,5.0000,4.7500,4.7500,3.5635,24000
1999-03-04,4.8750,4.8750,4.7500,4.8750,3.6573,16500
1999-03-05,4.9375,5.0000,4.7500,5.0000,3.7510,32800
1999-03-08,4.9375,4.9375,4.8750,4.8750,3.6573,8500
1999-03-09,4.8750,4.9375,4.8750,4.8750,3.6573,26400
1999-03-10,4.7500,4.7500,4.7500,4.7500,3.5635,1000
1999-03-11,4.8750,5.0000,4.8750,5.0000,3.7510,1100
1999-03-12,5.0000,5.0000,4.9375,4.9375,3.7042,3100
1999-03-15,4.9375,4.9375,4.8750,4.9375,3.7042,3900
1999-03-16,4.9375,5.0000,4.8750,5.0000,3.7510,13000
1999-03-17,5.0000,5.0000,4.9375,4.9375,3.7042,11100
1999-03-18,4.9375,4.9375,4.8750,4.8750,3.6573,1300
1999-03-19,5.0000,5.0000,4.8750,4.9375,3.7042,18100
1999-03-22,4.9375,4.9375,4.9375,4.9375,3.7042,0
1999-03-23,4.9375,5.0000,4.9375,5.0000,3.7510,2500
1999-03-24,5.0000,5.0000,5.0000,5.0000,3.7510,1000
1999-03-25,4.8750,5.0000,4.8125,4.8750,3.6573,19700
1999-03-26,4.8125,4.8125,4.6250,4.6250,3.4697,12100
1999-03-29,4.8750,4.8750,4.2500,4.2500,3.1884,22300
1999-03-30,4.1875,4.2500,4.1875,4.2500,3.1884,800
1999-03-31,4.2500,4.2500,4.0000,4.0000,3.0008,50000
1999-04-01,4.0000,4.3750,4.0000,4.3750,3.2822,31500
1999-04-05,4.1250,4.1250,3.8750,4.0000,3.0008,21500
1999-04-06,4.0000,4.1250,3.8750,4.1250,3.0946,10100
1999-04-07,4.1250,4.2500,4.1250,4.2500,3.1884,12300
1999-04-08,4.0000,4.1250,4.0000,4.1250,3.0946,300
1999-04-09,4.2500,4.3750,4.2500,4.2500,3.1884,3100
1999-04-12,4.2500,4.3750,4.2500,4.3750,3.2822,1200
1999-04-13,4.2500,4.6250,4.2500,4.3750,3.2822,22300
1999-04-14,4.3750,4.3750,4.3750,4.3750,3.2822,26400
1999-04-15,4.2500,4.3750,4.1250,4.1250,3.0946,42300
1999-04-16,4.2500,4.3750,4.1875,4.3125,3.2353,23000
1999-04-19,4.5000,4.5000,4.5000,4.5000,3.3759,15500
1999-04-20,4.5000,4.6250,4.5000,4.5625,3.4228,4500
1999-04-21,4.5000,4.6250,4.5000,4.6250,3.4697,13000
1999-04-22,4.5000,4.5000,4.5000,4.5000,3.3759,8100
1999-04-23,4.5000,4.6250,4.5000,4.6250,3.4697,3200
1999-04-26,4.5000,4.6250,4.5000,4.5625,3.4228,33200
1999-04-27,4.6250,4.6250,4.5000,4.6250,3.4697,10900
1999-04-28,4.5000,4.8750,4.5000,4.6250,3.4697,30200
1999-04-29,5.0000,5.0000,4.7500,5.0000,3.7510,25100
1999-04-30,5.2500,5.2500,4.5000,4.7500,3.5635,37900
1999-05-03,4.7500,4.7500,4.6250,4.6250,3.4697,1200
1999-05-04,4.6250,4.6250,4.6250,4.6250,3.4697,0
1999-05-05,4.5000,4.6250,4.5000,4.5625,3.4228,39900
1999-05-06,4.7500,4.7500,4.6250,4.6250,3.4697,3300
1999-05-07,4.5000,4.5625,4.5000,4.5625,3.4228,26000
1999-05-10,4.4375,4.5625,4.4375,4.5625,3.4228,32900
1999-05-11,4.2500,4.3750,4.1875,4.1875,3.1415,6000
1999-05-12,4.1875,4.1875,4.1875,4.1875,3.1415,0
1999-05-13,4.5000,4.5000,4.0000,4.0000,3.0008,1200
1999-05-14,4.0000,4.3750,4.0000,4.3750,3.2822,3800
1999-05-17,4.0000,4.0000,4.0000,4.0000,3.0008,500
1999-05-18,4.3750,4.3750,4.0000,4.1875,3.1415,4500
1999-05-19,4.0000,4.0000,4.0000,4.0000,3.0008,1700
1999-05-20,4.0000,4.0000,4.0000,4.0000,3.0008,0
1999-05-21,4.0000,4.7500,4.0000,4.5000,3.3759,37600
1999-05-24,4.5000,4.5000,4.3750,4.3750,3.2822,11700
1999-05-25,4.1250,4.3125,4.0000,4.3125,3.2353,4100
1999-05-26,4.0312,4.0312,4.0312,4.0312,3.0243,3100
1999-05-27,4.0000,4.0000,4.0000,4.0000,3.0008,2000
1999-05-28,4.2500,4.2500,4.0000,4.0000,3.0008,2600
1999-06-01,4.0312,4.2500,3.9375,4.0000,3.0008,17500
1999-06-02,4.0000,4.0625,3.9375,4.0000,3.0008,46300
1999-06-03,3.9375,4.0000,3.9375,3.9375,2.9539,5000
1999-06-04,3.9375,3.9375,3.8750,3.9375,2.9539,6100
1999-06-07,3.7500,3.8750,3.5000,3.8125,2.8602,65200
1999-06-08,3.8125,3.8750,3.8125,3.8750,2.9071,2700
1999-06-09,3.8750,3.8750,3.7500,3.7500,2.8133,1200
1999-06-10,3.8750,3.9375,3.7500,3.7500,2.8133,3800
1999-06-11,4.0000,4.0000,3.7500,3.8125,2.8602,700
1999-06-14,3.8750,4.0000,3.8750,4.0000,3.0008,32000
1999-06-15,3.7500,3.7500,3.7500,3.7500,2.8133,4100
1999-06-16,3.7500,3.8125,3.7500,3.8125,2.8602,5500
1999-06-17,3.7500,3.8750,3.7500,3.8750,2.9071,1300
1999-06-18,3.8750,4.0000,3.8750,4.0000,3.0008,29700
1999-06-21,3.8750,3.8750,3.8750,3.8750,2.9071,1500
1999-06-22,3.8750,3.8750,3.8750,3.8750,2.9071,100
1999-06-23,3.8750,4.0000,3.8750,4.0000,3.0008,2400
1999-06-24,4.0000,4.2500,4.0000,4.2500,3.1884,22500
1999-06-25,4.3125,4.3125,4.0000,4.2812,3.2118,48500
1999-06-28,4.2812,4.3750,4.1250,4.3750,3.2822,48200
1999-06-29,4.5000,4.5000,4.1875,4.3750,3.2822,65000
1999-06-30,4.1875,4.5625,4.1875,4.5625,3.4228,88400
1999-07-01,4.5000,4.5625,4.3750,4.5625,3.4228,23900
1999-07-02,4.5625,4.6875,4.5625,4.6250,3.4697,24700
1999-07-06,4.5625,4.6250,4.5625,4.6250,3.4697,40900
1999-07-07,4.5938,4.5938,4.5000,4.5000,3.3759,9300
1999-07-08,4.3125,4.3125,4.3125,4.3125,3.2353,900
1999-07-09,4.3125,4.3125,4.0000,4.0000,3.0008,8300
1999-07-12,3.8750,4.1250,3.6250,3.8750,2.9071,28000
1999-07-13,3.8750,3.8750,3.5625,3.5625,2.6726,24300
1999-07-14,3.6875,3.6875,3.6250,3.6250,2.7195,29500
1999-07-15,3.7500,3.7500,3.5625,3.6250,2.7195,8200
1999-07-16,3.6250,3.6250,3.6250,3.6250,2.7195,200
1999-07-19,3.5000,3.5625,3.5000,3.5000,2.6257,6500
1999-07-20,3.5625,3.5625,3.5000,3.5000,2.6257,9200
1999-07-21,3.6250,3.6250,3.5625,3.5625,2.6726,2100
1999-07-22,3.5000,3.7500,3.5000,3.7500,2.8133,31400
1999-07-23,3.7500,3.7500,3.3750,3.5625,2.6726,6300
1999-07-26,3.5000,3.5625,3.5000,3.5312,2.6492,8800
1999-07-27,3.5000,3.5000,3.5000,3.5000,2.6257,57700
1999-07-28,3.5156,3.6250,3.4375,3.4375,2.5788,11600
1999-07-29,3.4062,3.7500,3.4062,3.7500,2.8133,6100
1999-07-30,3.5000,3.8750,3.5000,3.8125,2.8602,18100
1999-08-02,3.8750,4.0000,3.8750,4.0000,3.0008,5800
1999-08-03,4.0000,4.1250,3.8750,3.8750,2.9071,2700
1999-08-04,3.8750,4.0625,3.8750,4.0625,3.0477,2500
1999-08-05,4.0000,4.0000,3.8125,4.0000,3.0008,5000
1999-08-06,4.0312,4.0312,4.0000,4.0000,3.0008,200
1999-08-09,4.0000,4.0625,3.9375,3.9375,2.9539,8800
1999-08-10,4.0000,4.0625,3.8125,4.0000,3.0008,75400
1999-08-11,4.0000,4.0000,4.0000,4.0000,3.0008,3000
1999-08-12,4.0312,4.0312,4.0312,4.0312,3.0243,500
1999-08-13,4.0312,4.0625,4.0000,4.0000,3.0008,9800
1999-08-16,4.0000,4.3750,4.0000,4.3750,3.2822,13900
1999-08-17,4.3750,4.3750,4.3750,4.3750,3.2822,0
1999-08-18,4.1250,4.1250,4.1250,4.1250,3.0946,500
1999-08-19,4.3125,4.5000,4.3125,4.5000,3.3759,7400
1999-08-20,4.3750,4.3750,4.2500,4.2500,3.1884,700
1999-08-23,4.3125,4.3125,4.1250,4.1250,3.0946,25200
1999-08-24,4.0000,4.1250,4.0000,4.1250,3.0946,11900
1999-08-25,4.3750,4.3750,4.3750,4.3750,3.2822,200
1999-08-26,4.2500,4.3125,4.1250,4.1250,3.0946,35100
1999-08-27,4.1250,4.1250,4.1250,4.1250,3.0946,0
1999-08-30,4.3125,4.3125,4.0625,4.0625,3.0477,5900
1999-08-31,4.1250,4.1250,4.1250,4.1250,3.0946,23300
1999-09-01,4.1250,4.2500,4.1250,4.1250,3.0946,1300
1999-09-02,4.1875,4.3125,4.1875,4.3125,3.2353,7300
1999-09-03,4.1875,4.3750,3.9375,4.1250,3.0946,8200
1999-09-07,4.3750,4.4375,4.1250,4.1250,3.0946,2400
1999-09-08,4.4375,4.5000,4.4375,4.5000,3.3759,2300
1999-09-09,4.2500,4.2500,4.2500,4.2500,3.1884,100
1999-09-10,4.2500,4.2500,4.1250,4.1250,3.0946,3400
1999-09-13,4.1250,4.1250,4.0000,4.0000,3.0008,13200
1999-09-14,4.0000,4.0000,4.0000,4.0000,3.0008,0
1999-09-15,4.0000,4.0000,4.0000,4.0000,3.0008,1300
1999-09-16,3.8750,3.9688,3.8750,3.9688,2.9774,700
1999-09-17,3.9688,3.9688,3.9688,3.9688,2.9774,0
1999-09-20,3.9688,3.9688,3.9688,3.9688,2.9774,0
1999-09-21,4.0000,4.0625,3.9375,4.0625,3.0477,31700
1999-09-22,4.0312,4.0312,4.0000,4.0000,3.0008,60300
1999-09-23,4.0000,4.0312,4.0000,4.0000,3.0008,10700
1999-09-24,4.1250,4.1250,4.0000,4.0000,3.0008,60700
1999-09-27,4.0312,5.0000,4.0000,4.9688,3.7276,172600
1999-09-28,5.5000,6.1250,5.3750,6.0000,4.5013,275100
1999-09-29,5.8125,6.0000,5.5625,5.8750,4.4075,215900
1999-09-30,5.6562,5.6875,5.0000,5.0000,3.7510,69200
1999-10-01,5.3750,5.5000,5.0312,5.2500,3.9386,24800
1999-10-04,5.3125,5.3750,5.2500,5.3125,3.9855,9700
1999-10-05,5.5000,5.7500,5.3750,5.6250,4.2199,159900
1999-10-06,5.4375,5.5000,5.2500,5.2500,3.9386,8400
1999-10-07,5.2188,5.2188,4.9688,5.1250,3.8448,7700
1999-10-08,4.9688,5.2500,4.9688,5.2500,3.9386,7200
1999-10-11,5.2500,5.2500,5.2500,5.2500,3.9386,1700
1999-10-12,5.3750,5.3750,5.0000,5.3750,4.0324,4000
1999-10-13,5.0312,5.1250,4.8750,5.0000,3.7510,14400
1999-10-14,5.0000,5.0000,4.9375,5.0000,3.7510,15600
1999-10-15,4.9688,5.0000,4.8125,5.0000,3.7510,4100
1999-10-18,4.7812,4.7812,4.7812,4.7812,3.5869,800
1999-10-19,5.0000,5.0000,4.7812,4.7812,3.5869,1200
1999-10-20,4.7812,4.7812,4.7812,4.7812,3.5869,0
1999-10-21,4.7812,4.7812,4.7500,4.7812,3.5869,3000
1999-10-22,4.7500,4.8438,4.7500,4.8438,3.6338,10800
1999-10-25,4.8438,4.8438,4.5000,4.5000,3.3759,3100
1999-10-26,4.7500,4.7500,4.3750,4.3750,3.2822,7100
1999-10-27,4.4688,4.6250,4.4688,4.6250,3.4697,10300
1999-10-28,4.6250,5.0000,4.6250,5.0000,3.7510,18800
1999-10-29,4.7500,5.0000,4.7500,4.9375,3.7042,60500
1999-11-01,4.9375,5.0000,4.9062,5.0000,3.7510,55900
1999-11-02,4.9062,5.0000,4.9062,5.0000,3.7510,9800
1999-11-03,4.9375,5.2500,4.9375,5.0000,3.7510,13000
1999-11-04,5.0000,5.3750,4.9375,5.1875,3.8917,89500
1999-11-05,5.0000,5.0000,4.9375,5.0000,3.7510,18000
1999-11-08,4.9375,5.1250,4.8125,5.1250,3.8448,3800
1999-11-09,5.1250,5.1250,5.1250,5.1250,3.8448,0
1999-11-10,5.0000,5.0000,4.9375,4.9375,3.7042,20500
1999-11-11,4.8125,4.8750,4.6875,4.7500,3.5635,11400
1999-11-12,4.7500,4.8750,4.7500,4.7500,3.5635,20400
1999-11-15,4.7500,4.8125,4.7500,4.8125,3.6104,11100
1999-11-16,4.8750,4.9375,4.8750,4.8750,3.6573,5200
1999-11-17,4.8750,4.9375,4.8750,4.9375,3.7042,5800
1999-11-18,4.6875,4.7500,4.3125,4.5000,3.3759,28600
1999-11-19,4.5000,4.5000,4.5000,4.5000,3.3759,2000
1999-11-22,4.7500,4.7500,4.5000,4.5000,3.3759,5300
1999-11-23,4.5000,4.5000,4.5000,4.5000,3.3759,16600
1999-11-24,4.5000,4.6250,4.1875,4.2500,3.1884,17500
1999-11-26,4.2500,4.2500,4.2500,4.2500,3.1884,0
1999-11-29,4.3750,4.4375,4.3750,4.4375,3.3291,900
1999-11-30,4.2500,4.3438,4.2500,4.3438,3.2587,13000
1999-12-01,4.0000,4.1250,4.0000,4.1250,3.0946,8000
1999-12-02,4.1250,4.1250,4.0000,4.1250,3.0946,4300
1999-12-03,3.9375,4.0000,3.7500,4.0000,3.0008,5600
1999-12-06,3.8750,3.8750,3.3750,3.6250,2.7195,15500
1999-12-07,3.6250,4.0000,3.5000,3.6250,2.7195,26400
1999-12-08,3.7500,3.8750,3.6250,3.8750,2.9071,4000
1999-12-09,3.6250,3.7500,3.6250,3.7500,2.8133,7600
1999-12-10,3.6875,3.7500,3.3125,3.5000,2.6257,217300
1999-12-13,4.0000,4.0000,3.6875,3.6875,2.7664,5900
1999-12-14,3.5625,3.8750,3.5625,3.6562,2.7430,11800
1999-12-15,3.5938,3.6562,3.5938,3.6562,2.7430,1200
1999-12-16,3.5625,3.6250,3.5000,3.5938,2.6961,4100
1999-12-17,3.5312,3.5312,3.3125,3.3125,2.4851,21800
1999-12-20,3.5312,3.5625,3.4375,3.5625,2.6726,10900
1999-12-21,3.5000,3.5000,3.5000,3.5000,2.6257,14200
1999-12-22,3.5312,3.5625,3.5000,3.5312,2.6492,97000
1999-12-23,3.5312,3.5625,3.3750,3.5000,2.6257,51000
1999-12-27,3.4062,3.5000,3.4062,3.4062,2.5554,6500
1999-12-28,3.4062,3.5000,3.3125,3.5000,2.6257,94600
1999-12-29,3.5625,3.5938,3.4844,3.5938,2.6961,13600
1999-12-30,3.4375,3.5938,3.4375,3.5312,2.6492,22400
1999-12-31,3.5625,3.7500,3.5625,3.6250,2.7195,20700
2000-01-03,3.6250,3.6250,3.5000,3.5625,2.6726,22000
2000-01-04,3.5000,3.5000,3.5000,3.5000,2.6257,4100
2000-01-05,3.5625,3.6250,3.5000,3.5000,2.6257,42600
2000-01-06,3.5625,3.5625,3.4375,3.4688,2.6023,45600
2000-01-07,3.5469,3.7500,3.5469,3.7500,2.8133,11500
2000-01-10,3.7500,3.7500,3.5625,3.5625,2.6726,3800
2000-01-11,3.6562,3.6875,3.6250,3.6250,2.7195,7800
2000-01-12,3.6875,3.7500,3.6250,3.7500,2.8133,15100
2000-01-13,3.7500,3.9375,3.7500,3.8750,2.9071,21800
2000-01-14,3.8125,3.8125,3.3750,3.4375,2.5788,16200
2000-01-18,3.6250,3.7500,3.6250,3.7500,2.8133,8000
2000-01-19,3.6250,3.8750,3.6250,3.8750,2.9071,1700
2000-01-20,3.6250,3.7500,3.6250,3.6250,2.7195,7800
2000-01-21,3.6250,3.6250,3.6250,3.6250,2.7195,6800
2000-01-24,3.6719,3.7500,3.5000,3.7500,2.8133,44700
2000-01-25,3.7812,3.7812,3.6875,3.7500,2.8133,7900
2000-01-26,3.6250,3.6250,3.6250,3.6250,2.7195,6600
2000-01-27,3.6250,3.7500,3.6250,3.6250,2.7195,6400
2000-01-28,3.7500,3.7500,3.7500,3.7500,2.8133,4000
2000-01-31,3.7500,4.0000,3.6875,4.0000,3.0008,33500
2000-02-01,3.9375,3.9375,3.8750,3.8750,2.9071,1200
2000-02-02,4.0000,4.0000,3.8750,3.9375,2.9539,4100
2000-02-03,3.8750,3.9375,3.8750,3.9375,2.9539,35300
2000-02-04,3.9375,4.0625,3.9375,4.0000,3.0008,56400
2000-02-07,4.1250,4.4375,4.0781,4.2500,3.1884,106500
2000-02-08,4.1562,4.4688,4.1562,4.4375,3.3291,33900
2000-02-09,4.4688,4.7500,4.4062,4.5000,3.3759,86400
2000-02-10,4.5625,4.5625,4.4688,4.4688,3.3525,57700
2000-02-11,4.4688,4.5625,4.1250,4.5625,3.4228,23300
2000-02-14,4.5000,4.5000,4.1250,4.3750,3.2822,3700
2000-02-15,4.1875,4.1875,4.0000,4.0000,3.0008,21200
2000-02-16,4.1250,4.2500,4.1250,4.2500,3.1884,17200
2000-02-17,4.2500,4.2500,4.1250,4.1250,3.0946,5100
2000-02-18,4.1562,4.1562,4.1562,4.1562,3.1181,1500
2000-02-22,4.3750,4.3750,4.0625,4.0625,3.0477,5500
2000-02-23,4.2500,4.2500,4.0312,4.0312,3.0243,3700
2000-02-24,4.0312,4.1406,4.0000,4.1406,3.1063,14500
2000-02-25,4.2500,4.2500,4.1250,4.1250,3.0946,13500
2000-02-28,4.1250,4.1250,4.1250,4.1250,3.0946,800
2000-02-29,4.1250,4.2500,4.0000,4.0000,3.0008,12100
2000-03-01,4.0000,4.1250,3.3750,3.8750,2.9071,16000
2000-03-02,3.7500,3.7500,3.7500,3.7500,2.8133,2400
2000-03-03,3.9375,3.9375,3.8750,3.9375,2.9539,10000
2000-03-06,3.8438,3.9375,3.8438,3.9375,2.9539,5400
2000-03-07,3.9375,4.1250,3.9375,4.1250,3.0946,10800
2000-03-08,4.0312,4.0312,3.9375,3.9375,2.9539,2400
2000-03-09,3.9375,4.0000,3.9375,3.9375,2.9539,4300
2000-03-10,3.9375,3.9375,3.8125,3.8125,2.8602,19400
2000-03-13,3.9375,3.9375,3.8750,3.8750,2.9071,5400
2000-03-14,3.8750,3.8750,3.8125,3.8125,2.8602,1000
2000-03-15,3.8438,3.8750,3.8125,3.8125,2.8602,21100
2000-03-16,3.8125,3.8750,3.8125,3.8750,2.9071,500
2000-03-17,3.8438,3.8594,3.8125,3.8125,2.8602,2500
2000-03-20,3.8750,3.8750,3.8750,3.8750,2.9071,6600
2000-03-21,3.8750,3.8750,3.7500,3.7500,2.8133,11000
2000-03-22,3.7500,3.8750,3.6875,3.8438,2.8836,7900
2000-03-23,3.8125,3.8438,3.5625,3.7500,2.8133,37900
2000-03-24,3.6875,3.8125,3.6875,3.8125,2.8602,1800
2000-03-27,3.6875,3.8750,3.6875,3.6875,2.7664,7300
2000-03-28,3.6875,3.6875,3.5000,3.5625,2.6726,8600
2000-03-29,3.6250,3.6250,3.5000,3.5000,2.6257,18200
2000-03-30,3.3750,3.5000,3.3750,3.3750,2.5320,27200
2000-03-31,3.5000,3.5000,3.4375,3.4375,2.5788,26100
2000-04-03,3.3750,3.5000,3.3750,3.5000,2.6257,29000
2000-04-04,3.5000,3.5000,3.3750,3.3750,2.5320,36800
2000-04-05,3.4688,3.5000,3.3750,3.5000,2.6257,22800
2000-04-06,3.4062,3.4375,3.4062,3.4375,2.5788,1100
2000-04-07,3.4375,3.4375,3.4375,3.4375,2.5788,10000
2000-04-10,3.4375,3.4375,3.3125,3.3750,2.5320,4900
2000-04-11,3.4375,3.4375,3.3125,3.3750,2.5320,9800
2000-04-12,3.4062,3.4062,3.3125,3.3125,2.4851,800
2000-04-13,3.3594,3.3594,3.3125,3.3125,2.4851,3600
2000-04-14,3.4688,3.4688,3.2500,3.3438,2.5085,79200
2000-04-17,3.2500,3.3750,3.0312,3.1875,2.3913,11900
2000-04-18,3.1562,3.1719,3.0000,3.0000,2.2506,5200
2000-04-19,3.1250,3.1250,3.0000,3.0000,2.2506,10900
2000-04-20,3.0625,3.1250,3.0625,3.1250,2.3444,6700
2000-04-24,3.0625,3.0625,3.0625,3.0625,2.2975,2200
2000-04-25,3.0000,3.1250,3.0000,3.1250,2.3444,11800
2000-04-26,3.0000,3.1094,3.0000,3.1094,2.3327,10200
2000-04-27,3.0625,3.1875,3.0625,3.1250,2.3444,10400
2000-04-28,3.1250,3.1250,3.1250,3.1250,2.3444,200
2000-05-01,3.2500,3.2500,3.2500,3.2500,2.4382,3500
2000-05-02,3.2500,3.3750,3.1875,3.3750,2.5320,18300
2000-05-03,3.3750,3.3750,3.2500,3.3750,2.5320,17400
2000-05-04,3.3750,3.7500,3.3750,3.5625,2.6726,41700
2000-05-05,3.5625,4.0000,3.5625,4.0000,3.0008,20700
2000-05-08,3.5625,4.0000,3.5625,3.8125,2.8602,7200
2000-05-09,3.8125,3.8125,3.8125,3.8125,2.8602,0
2000-05-10,3.6875,3.6875,3.6875,3.6875,2.7664,500
2000-05-11,3.7500,3.7500,3.7500,3.7500,2.8133,4900
2000-05-12,3.7500,3.7500,3.3438,3.3438,2.5085,10600
2000-05-15,3.3750,3.3750,3.0000,3.2500,2.4382,157600
2000-05-16,3.2500,3.2500,3.0000,3.0000,2.2506,164400
2000-05-17,3.0000,3.0000,3.0000,3.0000,2.2506,12700
2000-05-18,2.9375,2.9375,2.9062,2.9375,2.2037,6200
2000-05-19,3.0000,3.0000,2.9375,2.9375,2.2037,18100
2000-05-22,2.9844,2.9844,2.6250,2.6250,1.9693,21200
2000-05-23,2.9375,2.9688,2.6250,2.6250,1.9693,23900
2000-05-24,2.6250,2.7500,2.5000,2.5625,1.9224,39400
2000-05-25,2.5625,2.7500,2.5625,2.7500,2.0631,5800
2000-05-26,2.7500,2.8750,2.7500,2.7500,2.0631,5000
2000-05-30,2.7500,2.7500,2.6250,2.6250,1.9693,2700
2000-05-31,2.6250,2.6719,2.6250,2.6250,1.9693,62900
2000-06-01,2.5625,2.6875,2.5625,2.5781,1.9341,5500
2000-06-02,2.5625,2.8750,2.5625,2.7500,2.0631,44700
2000-06-05,2.8750,2.9375,2.8125,2.8750,2.1569,8000
2000-06-06,3.0000,3.0312,2.9375,3.0000,2.2506,33900
2000-06-07,2.9688,3.0000,2.7500,2.7500,2.0631,9600
2000-06-08,2.9375,3.0000,2.9375,2.9375,2.2037,17200
2000-06-09,3.0000,3.0625,2.8750,2.8750,2.1569,131000
2000-06-12,2.8750,2.8750,2.8125,2.8750,2.1569,8000
2000-06-13,3.0000,3.0000,2.8750,2.8750,2.1569,600
2000-06-14,2.8750,3.0625,2.8750,3.0625,2.2975,57500
2000-06-15,3.0625,3.0625,3.0000,3.0000,2.2506,106500
2000-06-16,3.0000,3.0000,3.0000,3.0000,2.2506,2000
2000-06-19,2.9375,2.9375,2.8750,2.8750,2.1569,3000
2000-06-20,2.8750,2.8750,2.8750,2.8750,2.1569,0
2000-06-21,2.8750,2.8750,2.8750,2.8750,2.1569,0
2000-06-22,3.0000,3.0000,2.8750,2.9062,2.1803,18100
2000-06-23,2.8750,2.9375,2.8750,2.8750,2.1569,12300
2000-06-26,3.0000,3.0000,2.9375,2.9375,2.2037,2100
2000-06-27,2.8750,2.8750,2.8750,2.8750,2.1569,1500
2000-06-28,3.0000,3.0000,2.9375,3.0000,2.2506,56600
2000-06-29,3.0000,3.0312,2.9375,2.9375,2.2037,9500
2000-06-30,2.9375,2.9375,2.7500,2.7500,2.0631,18300
2000-07-03,3.0000,3.0000,2.7500,2.8750,2.1968,10200
2000-07-05,2.8750,3.0000,2.8750,2.8750,2.1968,14000
2000-07-06,2.8125,2.8750,2.8125,2.8750,2.1968,4700
2000-07-07,2.8750,2.8750,2.7500,2.7500,2.1013,31300
2000-07-10,2.8750,3.0000,2.8750,3.0000,2.2923,26200
2000-07-11,2.8125,3.0000,2.8125,2.8750,2.1968,6700
2000-07-12,2.8750,2.8750,2.7500,2.7500,2.1013,9500
2000-07-13,2.7500,2.7500,2.7500,2.7500,2.1013,100
2000-07-14,2.9375,2.9375,2.7500,2.7500,2.1013,12800
2000-07-17,2.8125,2.8750,2.7500,2.8125,2.1490,1300
2000-07-18,2.8125,2.8125,2.6250,2.6250,2.0058,19800
2000-07-19,2.8125,2.8125,2.7500,2.7500,2.1013,700
2000-07-20,2.6250,2.6875,2.6250,2.6875,2.0535,8400
2000-07-21,2.6250,2.6875,2.5625,2.6875,2.0535,13800
2000-07-24,2.6875,2.6875,2.5625,2.5625,1.9580,6200
2000-07-25,2.6250,2.6250,2.5625,2.6250,2.0058,12300
2000-07-26,2.6875,2.6875,2.6875,2.6875,2.0535,1800
2000-07-27,2.7500,2.7500,2.6875,2.6875,2.0535,1100
2000-07-28,2.7656,2.8125,2.7500,2.7500,2.1013,13400
2000-07-31,2.7500,2.7500,2.7500,2.7500,2.1013,6500
2000-08-01,2.8750,2.8750,2.8750,2.8750,2.1968,400
2000-08-02,2.8750,2.8750,2.8750,2.8750,2.1968,2100
2000-08-03,2.8750,2.8750,2.8750,2.8750,2.1968,2600
2000-08-04,2.8750,2.8750,2.8750,2.8750,2.1968,3000
2000-08-07,2.8125,2.8125,2.6875,2.7500,2.1013,8300
2000-08-08,2.7500,2.7500,2.7500,2.7500,2.1013,500
2000-08-09,2.7500,2.7500,2.7500,2.7500,2.1013,3500
2000-08-10,2.8750,2.8750,2.8125,2.8125,2.1490,4000
2000-08-11,2.9688,3.5000,2.9688,3.4375,2.6266,42500
2000-08-14,3.3594,3.8750,3.3438,3.3438,2.5550,26000
2000-08-15,3.3125,3.4062,3.1875,3.2500,2.4833,52500
2000-08-16,3.1250,3.5000,3.1250,3.5000,2.6744,15200
2000-08-17,3.6250,3.6250,3.5000,3.5000,2.6744,9100
2000-08-18,3.5000,3.5000,3.2500,3.2500,2.4833,700
2000-08-21,3.3750,3.5000,3.3750,3.5000,2.6744,22400
2000-08-22,3.4375,3.4375,3.2500,3.3750,2.5788,6900
2000-08-23,3.2500,3.2500,3.2500,3.2500,2.4833,5200
2000-08-24,3.2500,3.3125,3.2500,3.3125,2.5311,3700
2000-08-25,3.3750,3.3750,3.1250,3.1250,2.3878,12500
2000-08-28,3.2500,3.2500,3.1875,3.1875,2.4356,1200
2000-08-29,3.2500,3.2500,3.1250,3.1250,2.3878,2100
2000-08-30,3.1250,3.2500,3.1250,3.2500,2.4833,1100
2000-08-31,3.2500,3.7500,3.2500,3.7500,2.8654,49300
2000-09-01,3.5000,3.5000,3.5000,3.5000,2.6744,3100
2000-09-05,3.4375,3.7500,3.3750,3.5000,2.6744,12400
2000-09-06,3.3750,3.5000,3.3750,3.5000,2.6744,19600
2000-09-07,3.5000,3.5625,3.3750,3.5312,2.6982,18100
2000-09-08,3.4844,3.5312,3.4844,3.5000,2.6744,13100
2000-09-11,3.4375,3.5000,3.4375,3.5000,2.6744,45200
2000-09-12,3.4375,3.5000,3.4375,3.4688,2.6505,9400
2000-09-13,3.4375,3.5000,3.4375,3.5000,2.6744,19200
2000-09-14,3.4375,3.4375,3.4375,3.4375,2.6266,3000
2000-09-15,3.4375,3.5000,3.4375,3.5000,2.6744,6700
2000-09-18,3.4375,3.5000,3.4375,3.5000,2.6744,26900
2000-09-19,3.4844,3.5000,3.4375,3.5000,2.6744,30700
2000-09-20,3.4375,3.5000,3.4375,3.5000,2.6744,36300
2000-09-21,3.5000,3.5000,3.5000,3.5000,2.6744,0
2000-09-22,3.4375,3.4688,3.4375,3.4688,2.6505,4800
2000-09-25,3.4375,3.4375,3.4375,3.4375,2.6266,500
2000-09-26,3.4375,3.5000,3.4375,3.5000,2.6744,8500
2000-09-27,3.4375,3.5000,3.4375,3.5000,2.6744,26300
2000-09-28,3.4688,3.4688,3.4375,3.4375,2.6266,4800
2000-09-29,3.4375,3.5000,3.3750,3.5000,2.6744,84000
2000-10-02,3.3750,3.3750,3.3750,3.3750,2.5788,6500
2000-10-03,3.3125,3.3125,3.2500,3.2500,2.4833,6300
2000-10-04,3.1875,3.1875,3.1875,3.1875,2.4356,200
2000-10-05,3.1875,3.1875,3.0000,3.0625,2.3401,22000
2000-10-06,3.0625,3.0625,3.0625,3.0625,2.3401,1500
2000-10-09,3.0625,3.0625,3.0625,3.0625,2.3401,2100
2000-10-10,3.0625,3.1250,3.0625,3.0625,2.3401,9100
2000-10-11,3.0000,3.0000,3.0000,3.0000,2.2923,11300
2000-10-12,3.0000,3.2500,2.8750,3.0000,2.2923,31800
2000-10-13,3.0000,3.0000,2.8750,2.8750,2.1968,7100
2000-10-16,2.8750,3.0000,2.8750,3.0000,2.2923,11600
2000-10-17,3.0000,3.0000,2.8750,2.8750,2.1968,6000
2000-10-18,3.0000,3.0000,2.9375,3.0000,2.2923,21500
2000-10-19,3.0000,3.0000,2.8750,2.8750,2.1968,18400
2000-10-20,3.0000,3.0000,3.0000,3.0000,2.2923,800
2000-10-23,3.0000,3.0000,3.0000,3.0000,2.2923,0
2000-10-24,2.8750,2.8750,2.8750,2.8750,2.1968,800
2000-10-25,3.0000,3.0000,2.8125,2.8125,2.1490,11100
2000-10-26,2.8281,2.8281,2.8125,2.8125,2.1490,5500
2000-10-27,2.8125,2.8750,2.8125,2.8750,2.1968,6000
2000-10-30,3.0000,3.0000,2.8125,2.8750,2.1968,11000
2000-10-31,2.8125,2.8125,2.8125,2.8125,2.1490,300
2000-11-01,2.8750,2.8750,2.8125,2.8125,2.1490,18000
2000-11-02,2.8125,2.8750,2.8125,2.8125,2.1490,4500
2000-11-03,3.0000,3.0000,2.8125,2.8125,2.1490,2400
2000-11-06,2.9375,2.9375,2.8750,2.8750,2.1968,2900
2000-11-07,2.8125,2.8125,2.8125,2.8125,2.1490,5800
2000-11-08,2.8125,2.8125,2.8125,2.8125,2.1490,4000
2000-11-09,2.8125,2.8750,2.8125,2.8750,2.1968,15900
2000-11-10,2.8750,3.0000,2.8750,3.0000,2.2923,23900
2000-11-13,2.8125,3.0625,2.8125,2.8125,2.1490,6500
2000-11-14,2.8125,2.8281,2.8125,2.8125,2.1490,2300
2000-11-15,3.0000,3.0000,2.7500,3.0000,2.2923,19100
2000-11-16,2.7500,2.9375,2.7500,2.7500,2.1013,9600
2000-11-17,2.9375,2.9375,2.7500,2.9375,2.2446,7400
2000-11-20,2.7500,2.9375,2.7500,2.8125,2.1490,3600
2000-11-21,2.8125,2.8125,2.7500,2.8125,2.1490,9200
2000-11-22,2.8125,2.8125,2.5000,2.5000,1.9103,146100
2000-11-24,2.6875,2.6875,2.5000,2.5625,1.9580,45800
2000-11-27,2.6250,2.8750,2.6250,2.7188,2.0774,26400
2000-11-28,2.7500,2.8125,2.6875,2.7500,2.1013,13300
2000-11-29,2.7500,2.8125,2.5000,2.5000,1.9103,14800
2000-11-30,2.6250,2.6250,2.5000,2.5000,1.9103,13500
2000-12-01,2.6250,2.7500,2.3125,2.4375,1.8625,77800
2000-12-04,2.3750,2.6250,2.3750,2.5625,1.9580,35500
2000-12-05,2.7344,2.7500,2.3125,2.3750,1.8147,13600
2000-12-06,2.5000,2.7500,2.5000,2.7500,2.1013,27700
2000-12-07,2.7031,2.7500,2.6875,2.6875,2.0535,3900
2000-12-08,2.6875,2.6875,2.6250,2.6875,2.0535,5000
2000-12-11,2.6875,2.7344,2.6250,2.6250,2.0058,15300
2000-12-12,2.5156,2.6875,2.5000,2.6875,2.0535,1800
2000-12-13,2.5156,2.6875,2.5000,2.5000,1.9103,42100
2000-12-14,2.5000,2.6250,2.5000,2.5312,1.9341,10200
2000-12-15,2.6094,2.6875,2.6094,2.6250,2.0058,20000
2000-12-18,2.5312,2.7500,2.5000,2.5000,1.9103,17800
2000-12-19,2.5000,2.6250,2.5000,2.5625,1.9580,18900
2000-12-20,2.6250,2.7500,2.6250,2.6875,2.0535,80100
2000-12-21,2.6250,2.7500,2.6250,2.6250,2.0058,189000
2000-12-22,2.7500,2.7500,2.6875,2.7500,2.1013,24800
2000-12-26,2.8125,3.0000,2.4375,2.9375,2.2446,26300
2000-12-27,2.7500,3.0000,2.6250,2.6250,2.0058,28100
2000-12-28,2.9062,2.9688,2.5000,2.5000,1.9103,42200
2000-12-29,2.5312,2.8750,2.5000,2.8750,2.1968,37500
2001-01-02,2.9375,3.0625,2.7500,3.0000,2.2923,21000
2001-01-03,2.8125,2.8125,2.6250,2.6250,2.0058,12100
2001-01-04,2.6875,2.8125,2.5000,2.8125,2.1490,13300
2001-01-05,2.5000,2.8750,2.5000,2.8750,2.1968,19000
2001-01-08,2.7500,2.8750,2.5625,2.6250,2.0058,38800
2001-01-09,2.6406,2.8125,2.6250,2.6250,2.0058,11100
2001-01-10,2.5000,2.7500,2.5000,2.7500,2.1013,35900
2001-01-11,2.7500,2.7500,2.6250,2.7500,2.1013,5600
2001-01-12,2.7500,2.7500,2.5625,2.6250,2.0058,39100
2001-01-16,2.6250,2.7500,2.5000,2.6250,2.0058,16400
2001-01-17,2.6250,2.6250,2.5000,2.6250,2.0058,49600
2001-01-18,2.5625,2.5625,2.5000,2.5000,1.9103,49500
2001-01-19,2.5000,2.5625,2.3750,2.5000,1.9103,28500
2001-01-22,2.5000,2.6875,2.5000,2.6875,2.0535,85900
2001-01-23,2.6875,2.7500,2.5000,2.6875,2.0535,310500
2001-01-24,2.5625,2.7500,2.5625,2.6875,2.0535,25200
2001-01-25,2.6875,2.7500,2.6875,2.7500,2.1013,30200
2001-01-26,2.6250,2.7500,2.6250,2.7500,2.1013,23700
2001-01-29,2.7500,2.7500,2.6250,2.7500,2.1013,3700
2001-01-30,2.7500,2.8750,2.6875,2.8750,2.1968,18700
2001-01-31,2.8281,2.8438,2.6875,2.7500,2.1013,17300
2001-02-01,2.7344,2.8125,2.7344,2.8125,2.1490,10900
2001-02-02,2.7500,2.8125,2.7500,2.7500,2.1013,59000
2001-02-05,2.7500,2.7500,2.6875,2.7500,2.1013,5500
2001-02-06,2.7188,2.7188,2.5625,2.7188,2.0774,5400
2001-02-07,2.7656,2.7656,2.6250,2.6250,2.0058,3600
2001-02-08,2.6250,2.6875,2.5625,2.6250,2.0058,12700
2001-02-09,2.6250,2.6875,2.5625,2.6250,2.0058,35300
2001-02-12,2.5625,2.6250,2.5625,2.5625,1.9580,14500
2001-02-13,2.6250,2.6250,2.5625,2.5625,1.9580,1300
2001-02-14,2.6250,2.6250,2.6250,2.6250,2.0058,300
2001-02-15,2.6250,2.6250,2.6250,2.6250,2.0058,0
2001-02-16,2.6250,2.8125,2.6250,2.8125,2.1490,27300
2001-02-20,2.6562,2.8125,2.6562,2.7500,2.1013,65000
2001-02-21,2.6250,2.6250,2.6250,2.6250,2.0058,5700
2001-02-22,2.6250,2.7500,2.6250,2.7500,2.1013,17500
2001-02-23,2.6875,2.7812,2.6562,2.6562,2.0296,24100
2001-02-26,2.6875,2.8750,2.6719,2.7500,2.1013,43300
2001-02-27,2.8125,3.0625,2.8125,3.0000,2.2923,43400
2001-02-28,3.0000,3.0000,2.8750,2.8750,2.1968,3300
2001-03-01,2.9375,2.9375,2.7500,2.8125,2.1490,6100
2001-03-02,2.8125,2.8125,2.6250,2.6875,2.0535,2700
2001-03-05,2.6875,2.6875,2.5625,2.6250,2.0058,9300
2001-03-06,2.6250,2.6875,2.6094,2.6875,2.0535,9700
2001-03-07,2.6875,2.7500,2.6875,2.7500,2.1013,2000
2001-03-08,3.0000,3.1875,2.8125,3.0000,2.2923,46000
2001-03-09,3.0625,3.5000,3.0000,3.5000,2.6744,91900
2001-03-12,3.4375,3.5625,3.3750,3.5625,2.7221,19500
2001-03-13,3.3750,3.4375,2.8125,3.0625,2.3401,47400
2001-03-14,3.0000,3.1250,2.8750,3.1250,2.3878,37300
2001-03-15,3.0625,3.0625,2.7812,2.7812,2.1252,34900
2001-03-16,2.9219,2.9219,2.8125,2.8125,2.1490,22300
2001-03-19,2.9219,2.9375,2.5625,2.6250,2.0058,31100
2001-03-20,2.6875,2.6875,2.5938,2.6250,2.0058,11400
2001-03-21,2.7500,2.7500,2.5938,2.6250,2.0058,8900
2001-03-22,2.6406,2.7812,2.5938,2.7812,2.1252,5400
2001-03-23,2.8125,2.8125,2.6562,2.7188,2.0774,7700
2001-03-26,2.7188,2.7188,2.6250,2.6250,2.0058,2900
2001-03-27,2.6875,2.6875,2.6562,2.6875,2.0535,6100
2001-03-28,2.7500,2.7500,2.6875,2.7500,2.1013,1100
2001-03-29,2.7500,2.8750,2.6250,2.8125,2.1490,4700
2001-03-30,2.6250,2.7500,2.6250,2.6250,2.0058,5300
2001-04-02,2.6406,2.6406,2.5000,2.5000,1.9103,10300
2001-04-03,2.7188,2.7500,2.5000,2.7500,2.1013,11800
2001-04-04,2.7500,2.7812,2.7500,2.7500,2.1013,13900
2001-04-05,2.7500,2.7500,2.6250,2.6562,2.0296,8300
2001-04-06,2.7500,2.7500,2.7500,2.7500,2.1013,600
2001-04-09,2.7500,2.7600,2.7000,2.7000,2.0631,8500
2001-04-10,2.6500,2.6500,2.5500,2.5500,1.9485,5100
2001-04-11,2.5600,2.6500,2.5500,2.6000,1.9867,7700
2001-04-12,2.6900,2.6900,2.5000,2.5100,1.9179,5700
2001-04-16,2.5600,2.7000,2.5000,2.6000,1.9867,21500
2001-04-17,2.5500,2.6000,2.5000,2.5000,1.9103,11500
2001-04-18,2.5200,2.6400,2.4700,2.6400,2.0172,14200
2001-04-19,2.5500,2.7700,2.5500,2.7500,2.1013,25700
2001-04-20,2.7200,2.7200,2.5500,2.5900,1.9790,1300
2001-04-23,2.7200,2.7500,2.7200,2.7500,2.1013,6200
2001-04-24,2.7500,2.7500,2.6800,2.7500,2.1013,4800
2001-04-25,2.6300,2.6300,2.6000,2.6000,1.9867,1400
2001-04-26,2.6500,2.8000,2.6000,2.8000,2.1395,14800
2001-04-27,2.7800,2.7800,2.7100,2.7100,2.0707,2200
2001-04-30,2.7200,2.7300,2.7100,2.7300,2.0860,4100
2001-05-01,2.7100,2.8000,2.7100,2.8000,2.1395,5500
2001-05-02,2.8000,2.8000,2.7600,2.8000,2.1395,6000
2001-05-03,2.8000,2.8100,2.7500,2.7500,2.1013,7800
2001-05-04,2.7500,2.8000,2.7500,2.8000,2.1395,9900
2001-05-07,2.7100,2.8500,2.7100,2.8500,2.1777,13100
2001-05-08,2.8700,2.9400,2.8500,2.9400,2.2465,4700
2001-05-09,2.9400,3.1300,2.9400,3.0400,2.3229,93100
2001-05-10,3.0000,3.0400,2.8900,3.0200,2.3076,25900
2001-05-11,3.0500,3.1000,2.9900,2.9900,2.2847,13700
2001-05-14,3.0200,3.0700,3.0000,3.0100,2.2999,17000
2001-05-15,3.0200,3.0600,3.0200,3.0400,2.3229,25200
2001-05-16,3.0300,3.1900,3.0000,3.1300,2.3916,138200
2001-05-17,3.1400,3.1700,3.0800,3.1400,2.3993,42700
2001-05-18,3.1400,3.8500,3.1200,3.8500,2.9418,151800
2001-05-21,3.5600,3.9000,3.1000,3.4000,2.5979,81300
2001-05-22,3.4000,3.4000,3.1500,3.2700,2.4986,39900
2001-05-23,3.5000,3.6200,3.2700,3.4000,2.5979,78000
2001-05-24,3.4800,3.7900,3.3100,3.3400,2.5521,66400
2001-05-25,3.4000,3.5800,3.2800,3.4900,2.6667,63400
2001-05-29,3.4200,3.4300,3.1100,3.2900,2.5139,13900
2001-05-30,3.1800,3.2900,2.8700,3.0000,2.2923,38400
2001-05-31,3.0000,3.0500,2.9500,3.0500,2.3305,17300
2001-06-01,3.0100,3.0200,2.9700,3.0200,2.3076,51300
2001-06-04,3.0100,3.0200,2.9100,2.9200,2.2312,17900
2001-06-05,2.9300,3.0000,2.8800,2.9400,2.2465,48900
2001-06-06,2.9500,3.0200,2.9100,2.9500,2.2541,9500
2001-06-07,2.9500,3.0200,2.9500,2.9500,2.2541,8200
2001-06-08,2.9200,3.2600,2.9200,3.2100,2.4528,78300
2001-06-11,3.2000,3.2000,2.9900,3.0500,2.3305,15500
2001-06-12,3.1300,3.2100,3.0800,3.2100,2.4528,42600
2001-06-13,3.2100,3.2100,3.1400,3.1400,2.3993,7500
2001-06-14,3.1500,3.4600,3.1500,3.3000,2.5215,29100
2001-06-15,3.4100,3.4500,3.0700,3.2200,2.4604,30400
2001-06-18,3.2500,3.2500,3.0500,3.1800,2.4298,19300
2001-06-19,3.1800,3.2100,3.0800,3.2100,2.4528,9100
2001-06-20,3.0900,3.1200,2.8300,2.9000,2.2159,135200
2001-06-21,2.9100,2.9500,2.8700,2.9500,2.2541,36000
2001-06-22,2.9600,3.0000,2.9000,2.9000,2.2159,15500
2001-06-25,2.9800,3.1200,2.9800,3.1000,2.3687,45500
2001-06-26,3.1500,3.4200,3.0000,3.4200,2.6132,63100
2001-06-27,3.1300,3.3800,3.0500,3.0600,2.3382,31600
2001-06-28,3.0600,3.1500,3.0600,3.1500,2.4069,12200
2001-06-29,3.0700,3.3000,3.0700,3.0700,2.3458,23200
2001-07-02,3.6000,4.0000,3.3500,4.0000,3.0564,565700
2001-07-03,4.0300,4.6000,3.8100,4.3500,3.3659,359700
2001-07-05,4.5200,4.5400,4.0600,4.3000,3.3272,353400
2001-07-06,4.4400,4.5300,3.9000,4.0000,3.0951,300900
2001-07-09,4.4000,4.5100,4.2000,4.2000,3.2498,150500
2001-07-10,4.4800,4.6000,4.3600,4.6000,3.5594,149300
2001-07-11,4.7700,5.1100,4.7300,4.8700,3.7683,250500
2001-07-12,4.9000,4.9300,4.5500,4.7500,3.6754,98500
2001-07-13,4.7800,5.1000,4.7800,5.0000,3.8689,60600
2001-07-16,5.1200,5.1400,4.5500,4.5500,3.5207,118200
2001-07-17,4.6400,4.6400,4.3500,4.4000,3.4046,83800
2001-07-18,4.3500,4.9700,4.2600,4.8000,3.7141,61500
2001-07-19,4.9300,4.9500,4.6900,4.8500,3.7528,113700
2001-07-20,4.9000,4.9000,4.6500,4.7900,3.7064,26200
2001-07-23,4.8000,4.8000,4.4600,4.6000,3.5594,39200
2001-07-24,4.6500,4.8000,4.5300,4.7500,3.6754,37700
2001-07-25,4.7500,4.7500,4.6500,4.7300,3.6599,65200
2001-07-26,4.7000,4.7700,4.6400,4.7500,3.6754,30300
2001-07-27,4.7400,4.8000,4.6000,4.7700,3.6909,26500
2001-07-30,4.7700,4.7700,4.5500,4.7000,3.6367,38000
2001-07-31,4.7000,4.7000,4.5300,4.5300,3.5052,14000
2001-08-01,4.7000,4.7000,4.5000,4.7000,3.6367,8800
2001-08-02,4.7000,4.7000,4.6000,4.6800,3.6213,21600
2001-08-03,4.6800,4.6800,4.5600,4.5600,3.5284,6700
2001-08-06,4.7300,4.8600,4.6600,4.8600,3.7605,122300
2001-08-07,4.7500,4.9500,4.7000,4.8500,3.7528,124900
2001-08-08,4.8500,4.9500,4.7500,4.7500,3.6754,86200
2001-08-09,4.9500,4.9900,4.7500,4.9100,3.7992,152700
2001-08-10,4.9600,5.4000,4.8600,5.2500,4.0623,302800
2001-08-13,5.5600,5.8600,5.4000,5.7400,4.4415,222200
2001-08-14,5.9100,6.0000,5.7200,5.9000,4.5653,95200
2001-08-15,5.9900,6.3500,5.6000,5.6300,4.3563,203700
2001-08-16,5.8800,5.9500,5.7000,5.8500,4.5266,83900
2001-08-17,5.8500,6.5000,5.7700,6.2500,4.8361,181000
2001-08-20,6.4800,7.1500,6.0600,6.2500,4.8361,145100
2001-08-21,6.3000,6.9500,6.0900,6.2000,4.7974,125000
2001-08-22,6.2800,6.2800,5.9500,6.0500,4.6813,109000
2001-08-23,6.1300,6.2500,5.9500,6.0000,4.6426,56400
2001-08-24,6.0000,6.0000,5.9000,5.9500,4.6040,160600
2001-08-27,6.0400,6.0500,5.8800,5.9000,4.5653,55600
2001-08-28,5.9800,5.9800,5.2500,5.4800,4.2403,204000
2001-08-29,5.3800,5.7500,5.2000,5.3800,4.1629,128400
2001-08-30,5.4900,5.5000,5.2500,5.4500,4.2171,122500
2001-08-31,5.4900,5.4900,5.2100,5.4500,4.2171,94800
2001-09-04,5.4900,5.5800,5.1200,5.4400,4.2093,47800
2001-09-05,5.4400,5.5500,5.1300,5.3500,4.1397,35600
2001-09-06,5.3900,5.3900,4.7000,4.9200,3.8070,105700
2001-09-07,4.8000,4.9000,4.7100,4.7500,3.6754,36800
2001-09-10,4.9100,5.2000,4.4700,5.2000,4.0236,84700
2001-09-17,6.0100,6.2500,5.5100,5.8500,4.5266,311400
2001-09-18,6.2100,6.5500,5.8800,6.0000,4.6426,293400
2001-09-19,6.0900,6.2400,5.8000,5.9900,4.6349,240000
2001-09-20,6.0100,6.2000,5.1700,5.9400,4.5962,203200
2001-09-21,6.1400,6.3400,5.7000,5.7500,4.4492,118800
2001-09-24,6.0000,6.0000,5.2000,5.3400,4.1320,146900
2001-09-25,5.4000,5.5500,5.0000,5.3600,4.1474,73500
2001-09-26,5.3800,5.6400,5.3500,5.5500,4.2944,106100
2001-09-27,5.4900,5.7500,5.4800,5.7500,4.4492,77300
2001-09-28,5.8900,5.9000,5.6600,5.7800,4.4724,44500
2001-10-01,5.9400,5.9400,5.7000,5.8400,4.5188,90000
2001-10-02,5.8500,5.9000,5.2700,5.5000,4.2558,94900
2001-10-03,5.4900,5.5000,5.3000,5.4700,4.2325,24600
2001-10-04,5.3200,5.4800,5.3000,5.4000,4.1784,29000
2001-10-05,5.5000,5.8000,5.4100,5.7400,4.4415,58800
2001-10-08,5.8000,6.0000,5.8000,5.9800,4.6272,124700
2001-10-09,5.9900,5.9900,5.7700,5.8000,4.4879,104700
2001-10-10,5.7900,5.7900,5.2600,5.3100,4.1087,64000
2001-10-11,5.4800,5.4900,5.1500,5.2000,4.0236,50100
2001-10-12,5.0500,5.7300,5.0200,5.5500,4.2944,82000
2001-10-15,5.5000,5.9000,5.3200,5.5000,4.2558,54300
2001-10-16,5.5500,5.7400,5.3500,5.5000,4.2558,35700
2001-10-17,5.5900,5.6900,5.4300,5.5900,4.3254,122300
2001-10-18,5.5000,5.6000,5.3000,5.3500,4.1397,95500
2001-10-19,5.3600,5.5100,5.3200,5.5100,4.2635,45400
2001-10-22,5.5000,5.5000,5.0500,5.4400,4.2093,74900
2001-10-23,5.3600,5.4400,5.3000,5.3000,4.1010,40100
2001-10-24,5.2700,5.3900,5.2600,5.3500,4.1397,9700
2001-10-25,5.2500,5.5000,5.2000,5.4300,4.2016,22900
2001-10-26,5.4000,5.5000,5.3500,5.4600,4.2248,26300
2001-10-29,5.4500,5.4800,5.4100,5.4800,4.2403,35500
2001-10-30,5.4700,5.6000,5.4600,5.5400,4.2867,64300
2001-10-31,5.5400,5.8500,5.4400,5.6700,4.3873,64800
2001-11-01,5.5300,5.7100,5.4300,5.5500,4.2944,49700
2001-11-02,5.5500,5.6100,5.5100,5.5900,4.3254,26700
2001-11-05,5.5500,5.6000,5.4600,5.5500,4.2944,48600
2001-11-06,5.5900,5.6300,5.5100,5.5500,4.2944,43000
2001-11-07,5.5300,5.6400,5.5100,5.5900,4.3254,21100
2001-11-08,5.5100,5.6500,5.4600,5.4900,4.2480,35700
2001-11-09,5.5900,5.6000,5.5000,5.6000,4.3331,28200
2001-11-12,5.5500,5.6000,5.4200,5.5500,4.2944,18500
2001-11-13,5.4600,5.8400,5.3500,5.4300,4.2016,49400
2001-11-14,5.4500,5.5200,5.3600,5.3800,4.1629,49500
2001-11-15,5.4000,5.4500,5.3000,5.3200,4.1165,39700
2001-11-16,5.3100,5.4400,5.2500,5.2500,4.0623,22000
2001-11-19,5.2600,5.3000,5.1000,5.2900,4.0933,26500
2001-11-20,5.1000,5.2500,5.1000,5.2300,4.0468,25400
2001-11-21,5.2600,5.3500,5.2500,5.2600,4.0700,9800
2001-11-23,5.2600,5.4500,5.2500,5.4500,4.2171,3500
2001-11-26,5.3500,5.6000,5.2000,5.4600,4.2248,59200
2001-11-27,5.5400,5.7500,5.4000,5.7000,4.4105,84700
2001-11-28,5.7000,5.7600,5.6200,5.6300,4.3563,40000
2001-11-29,5.7000,5.7000,5.4200,5.5200,4.2712,25900
2001-11-30,5.6600,5.6600,5.2000,5.3000,4.1010,15300
2001-12-03,5.4400,5.5000,5.2000,5.3500,4.1397,19100
2001-12-04,5.3200,5.3500,5.2500,5.2700,4.0778,10100
2001-12-05,5.2700,5.3300,5.0800,5.1300,3.9695,28500
2001-12-06,5.1600,5.3400,5.1100,5.3300,4.1242,26000
2001-12-07,5.1600,5.3500,5.1600,5.3000,4.1010,9200
2001-12-10,5.2700,5.3000,5.1700,5.1700,4.0004,15800
2001-12-11,5.3000,5.3000,5.1400,5.1400,3.9772,7400
2001-12-12,5.1300,5.3000,5.1000,5.2000,4.0236,44400
2001-12-13,5.3000,5.3500,5.2000,5.2100,4.0314,31300
2001-12-14,5.2000,5.7000,5.2000,5.5000,4.2558,88500
2001-12-17,5.4700,5.4800,5.2300,5.4200,4.1939,30100
2001-12-18,5.2500,5.4500,5.2500,5.4100,4.1861,39800
2001-12-19,5.2500,5.4500,5.2000,5.4200,4.1939,18200
2001-12-20,5.4000,5.4500,5.2500,5.4500,4.2171,22900
2001-12-21,5.3000,5.4000,5.1900,5.2800,4.0855,30700
2001-12-24,5.2200,5.3500,5.2200,5.3000,4.1010,5000
2001-12-26,5.3000,5.3000,5.1500,5.2900,4.0933,23200
2001-12-27,5.1600,5.2700,5.1600,5.2500,4.0623,14300
2001-12-28,5.1800,5.2900,5.1800,5.2500,4.0623,8500
2001-12-31,5.1800,5.2900,5.0000,5.1900,4.0159,58800
2002-01-02,5.1200,5.1900,5.0400,5.0900,3.9385,18300
2002-01-03,5.0600,5.1100,5.0100,5.0900,3.9385,35300
2002-01-04,5.0900,5.1500,5.0000,5.1200,3.9617,60400
2002-01-07,5.0300,5.2200,5.0200,5.2000,4.0236,24600
2002-01-08,5.1500,5.2200,5.0300,5.1900,4.0159,19900
2002-01-09,5.0500,5.2000,5.0500,5.1300,3.9695,48500
2002-01-10,5.1000,5.4400,5.1000,5.4300,4.2016,64700
2002-01-11,5.4500,5.4500,5.2500,5.3900,4.1706,40800
2002-01-14,5.4000,5.7000,5.2500,5.2600,4.0700,50300
2002-01-15,5.3000,5.4200,5.3000,5.4100,4.1861,20700
2002-01-16,5.4200,5.7000,5.2600,5.6800,4.3950,96600
2002-01-17,5.6900,5.9900,5.5000,5.6800,4.3950,30300
2002-01-18,5.7400,5.7500,5.5500,5.6500,4.3718,22200
2002-01-22,5.6800,5.9000,5.6000,5.7000,4.4105,35300
2002-01-23,5.6000,5.6300,5.4200,5.5500,4.2944,24000
2002-01-24,5.5000,5.6000,5.3200,5.4000,4.1784,40700
2002-01-25,5.3500,5.4900,5.2500,5.4900,4.2480,27600
2002-01-28,5.4900,5.5500,5.3000,5.3700,4.1552,15200
2002-01-29,5.4800,5.7000,5.3200,5.4600,4.2248,23400
2002-01-30,5.4000,5.7500,5.4000,5.6200,4.3486,42300
2002-01-31,5.6500,5.7200,5.6500,5.7200,4.4260,8700
2002-02-01,5.7200,5.9900,5.7200,5.8600,4.5343,117800
2002-02-04,5.9800,6.7500,5.8900,6.7500,5.2230,413600
2002-02-05,6.6000,7.0100,6.1100,6.7300,5.2075,299100
2002-02-06,7.0100,7.2000,6.7300,7.0000,5.4164,379200
2002-02-07,6.9700,7.0800,6.5600,6.6000,5.1069,134100
2002-02-08,6.8500,7.0000,6.7200,6.9000,5.3390,117000
2002-02-11,6.9000,6.9000,6.6100,6.6500,5.1456,97500
2002-02-12,6.6200,7.4700,6.6100,7.4100,5.7337,156200
2002-02-13,7.2900,7.4000,6.9700,7.2400,5.6021,119400
2002-02-14,7.1500,7.3000,6.8800,7.1200,5.5093,90700
2002-02-15,7.1400,7.5000,7.1000,7.1500,5.5325,159900
2002-02-19,7.1500,7.1800,6.4600,6.7100,5.1920,165800
2002-02-20,6.5700,6.6000,6.0200,6.3900,4.9444,147200
2002-02-21,6.2900,6.9900,6.2600,6.9900,5.4087,125700
2002-02-22,7.0000,7.0100,6.5600,6.7000,5.1843,89000
2002-02-25,6.9200,6.9400,6.2600,6.8900,5.3313,61700
2002-02-26,6.7900,7.5000,6.3700,7.1200,5.5093,186700
2002-02-27,7.3100,7.3500,7.0500,7.0700,5.4706,42500
2002-02-28,7.2500,7.2900,7.0000,7.1300,5.5170,45600
2002-03-01,7.2300,7.2500,6.7000,7.1500,5.5325,58500
2002-03-04,7.2500,7.3000,7.0300,7.1500,5.5325,91300
2002-03-05,7.2000,7.3500,7.0500,7.1600,5.5402,75100
2002-03-06,7.2200,7.2500,6.9700,6.9700,5.3932,193100
2002-03-07,7.1000,7.1000,6.4000,6.5000,5.0295,155800
2002-03-08,6.3900,6.5000,6.0200,6.3800,4.9367,172400
2002-03-11,6.2300,6.6500,6.2300,6.6400,5.1379,55800
2002-03-12,6.8600,7.2000,6.7500,7.1000,5.4938,84400
2002-03-13,7.1000,7.2600,7.0000,7.0200,5.4319,65900
2002-03-14,7.1100,7.1200,6.7000,6.8500,5.3004,22900
2002-03-15,7.0000,7.0000,6.6600,6.8000,5.2617,24700
2002-03-18,6.7000,7.2200,6.7000,7.1000,5.4938,83900
2002-03-19,7.1900,7.2300,6.9900,6.9900,5.4087,58600
2002-03-20,7.1000,7.4900,6.8000,7.4500,5.7646,81000
2002-03-21,7.4500,7.9500,7.4400,7.7000,5.9581,200300
2002-03-22,7.8400,8.1000,7.5600,8.0900,6.2598,149600
2002-03-25,8.2600,8.8400,8.0500,8.5000,6.5771,312500
2002-03-26,8.5700,8.6000,8.0500,8.2000,6.3449,201700
2002-03-27,8.3300,9.0000,8.3200,8.9000,6.8866,135100
2002-03-28,8.8900,9.5000,8.5000,8.9000,6.8866,145000
2002-04-01,8.9900,9.8000,8.9000,9.4400,7.3044,238200
2002-04-02,9.7000,9.9500,8.3000,8.8100,6.8169,361200
2002-04-03,8.2400,8.4900,7.5600,8.3100,6.4301,274700
2002-04-04,8.4300,8.4500,8.0100,8.2600,6.3914,128500
2002-04-05,8.2600,8.5100,8.1000,8.3000,6.4223,121700
2002-04-08,8.4200,9.2400,8.3500,8.9900,6.9562,181100
2002-04-09,9.2000,9.2000,8.7500,8.7900,6.8015,100000
2002-04-10,8.8200,9.2000,8.8000,9.1400,7.0723,180300
2002-04-11,9.1200,9.7400,9.1200,9.4200,7.2889,126800
2002-04-12,9.7000,9.7000,9.0500,9.4900,7.3431,102900
2002-04-15,9.5000,9.8000,9.0000,9.6100,7.4360,92500
2002-04-16,9.7000,9.7000,9.1000,9.2800,7.1806,171400
2002-04-17,9.7500,9.8500,9.4900,9.8400,7.6139,103600
2002-04-18,9.7400,10.2500,9.4400,9.5000,7.3509,238700
2002-04-19,9.5800,9.9800,9.2900,9.9200,7.6758,117000
2002-04-22,9.9000,10.3900,9.8900,9.9900,7.7300,259600
2002-04-23,10.1000,10.1500,9.9300,10.0500,7.7764,134600
2002-04-24,10.1100,10.5000,10.0400,10.4800,8.1091,171400
2002-04-25,9.7100,9.8000,8.6500,9.2500,7.1574,704800
2002-04-26,8.8000,10.1500,8.7900,9.9500,7.6990,398600
2002-04-29,9.8900,9.9500,9.5000,9.7500,7.5443,232000
2002-04-30,8.3000,9.1500,8.2000,8.9600,6.9330,513600
2002-05-01,8.5000,9.3000,8.4500,9.0800,7.0259,233300
2002-05-02,9.1000,9.2500,8.6800,8.9000,6.8866,93700
2002-05-03,9.1000,9.3500,9.0100,9.2400,7.1497,93300
2002-05-06,9.4400,9.9000,9.1500,9.7900,7.5752,249700
2002-05-07,9.9000,9.9500,9.4000,9.8600,7.6294,166900
2002-05-08,9.1000,9.6000,8.5500,9.3000,7.1961,180000
2002-05-09,9.1000,10.1000,9.0900,9.8000,7.5830,173300
2002-05-10,10.0600,10.4800,9.8000,10.1700,7.8693,165200
2002-05-13,10.4000,11.2400,10.2000,11.1000,8.5889,337600
2002-05-14,11.0400,11.1000,10.2100,10.8000,8.3568,273300
2002-05-15,10.4500,10.8200,10.4200,10.5800,8.1865,208100
2002-05-16,10.7300,10.9500,10.5300,10.7500,8.3181,161000
2002-05-17,10.7500,10.9800,10.6500,10.9800,8.4960,100400
2002-05-20,11.1500,12.9000,11.0700,12.4700,9.6490,547200
2002-05-21,12.8500,14.6000,12.5100,14.1600,10.9566,887700
2002-05-22,15.4100,15.9500,14.8800,15.4800,11.9780,1569900
2002-05-23,14.7500,15.9000,14.7100,15.4000,11.9161,1188100
2002-05-24,15.1000,15.8400,15.0900,15.1500,11.7227,564400
2002-05-28,15.0800,15.7300,14.8500,15.3800,11.9006,617200
2002-05-29,15.7900,15.8600,15.0500,15.1300,11.7072,532800
2002-05-30,15.1700,15.2000,14.3200,14.6500,11.3358,592700
2002-05-31,14.3400,15.0000,14.3000,14.8000,11.4518,414400
2002-06-03,14.9900,14.9900,14.3000,14.4100,11.1501,555100
2002-06-04,14.5300,14.9000,13.5200,14.1500,10.9489,654800
2002-06-05,13.0500,13.8500,13.0500,13.6800,10.5852,617200
2002-06-06,13.2100,14.0000,13.0000,13.8100,10.6858,449400
2002-06-07,14.1100,14.3300,13.4400,13.6300,10.5465,282900
2002-06-10,12.5000,12.9800,12.1300,12.1700,9.4168,690000
2002-06-11,11.6300,12.9000,11.5200,12.8800,9.9662,1006200
2002-06-12,12.9600,13.7300,12.5600,12.9000,9.9817,519500
2002-06-13,12.8800,13.5000,12.0100,12.3300,9.5406,257700
2002-06-14,13.1600,13.4900,12.2500,12.3700,9.5716,458600
2002-06-17,12.2500,12.3000,11.7500,12.0000,9.2853,272000
2002-06-18,12.3100,12.3600,11.9200,12.2400,9.4710,299000
2002-06-19,12.9000,13.0000,12.0500,12.2500,9.4787,282200
2002-06-20,12.7900,13.7000,12.4400,13.6500,10.5620,580900
2002-06-21,13.8500,14.3400,13.2600,13.8200,10.6936,574700
2002-06-24,14.3400,14.5200,13.0000,14.0800,10.8947,612300
2002-06-25,13.4600,13.9800,13.4400,13.8000,10.6781,434900
2002-06-26,14.7100,14.8500,13.3000,13.5500,10.4846,513000
2002-06-27,13.0000,13.7000,12.7600,13.3700,10.3454,497600
2002-06-28,13.4100,14.0500,12.7600,13.6600,10.5697,1337100
2002-07-01,13.2100,13.3500,12.5100,12.9000,9.9817,630900
2002-07-02,12.8700,13.1500,12.5100,12.7900,9.9544,248800
2002-07-03,12.6900,13.0500,12.1400,12.6200,9.8221,244600
2002-07-05,12.1600,12.7500,12.1000,12.7000,9.8844,135400
2002-07-08,12.8500,13.7400,12.7600,13.3500,10.3903,224300
2002-07-09,13.8100,14.1000,13.5500,13.9600,10.8651,546400
2002-07-10,13.9300,14.4000,13.5200,14.0900,10.9662,316700
2002-07-11,14.1500,14.2700,13.7500,13.9500,10.8573,275000
2002-07-12,13.8000,14.4900,13.5500,14.1000,10.9740,302700
2002-07-15,14.3100,14.6700,13.5500,13.8000,10.7405,309600
2002-07-16,13.9900,14.0000,13.2000,13.4000,10.4292,196800
2002-07-17,13.0000,13.1000,12.5000,12.6300,9.8299,292800
2002-07-18,12.3600,12.7600,12.3000,12.6000,9.8066,194200
2002-07-19,12.9900,13.2700,12.3100,12.3200,9.5886,268400
2002-07-22,12.7000,12.8000,11.6500,11.6500,9.0672,301100
2002-07-23,11.6500,11.6900,11.5000,11.5300,8.9738,699500
2002-07-24,11.5100,12.0000,11.0800,11.6300,9.0516,623200
2002-07-25,11.8900,12.0000,11.6700,11.7900,9.1761,161400
2002-07-26,11.6100,11.8000,10.0000,10.0400,7.8141,505300
2002-07-29,10.1000,10.3300,9.0500,10.2300,7.9620,526500
2002-07-30,10.7500,10.7600,10.3000,10.4000,8.0943,263100
2002-07-31,11.1800,11.5400,11.0000,11.5400,8.9816,225900
2002-08-01,10.8000,11.4800,10.8000,11.2100,8.7247,172000
2002-08-02,11.5800,12.0000,11.5800,11.8000,9.1839,204100
2002-08-05,12.7200,13.2900,12.5100,12.6000,9.8066,500500
2002-08-06,12.8900,13.2600,12.3100,13.2600,10.3202,338700
2002-08-07,13.8100,13.9500,13.3000,13.8200,10.7561,342200
2002-08-08,13.8300,13.8800,12.6300,13.5400,10.5382,192500
2002-08-09,13.3700,14.0000,13.3600,13.9200,10.8339,166100
2002-08-12,14.0900,14.2000,13.7500,14.0000,10.8962,174700
2002-08-13,13.9000,14.2000,13.7500,14.1100,10.9818,81800
2002-08-14,14.2400,14.2400,12.7500,13.2500,10.3125,189000
2002-08-15,13.0000,14.0000,13.0000,13.8100,10.7483,159800
2002-08-16,13.6000,13.9100,13.3600,13.5500,10.5459,64500
2002-08-19,13.3400,13.5000,12.5000,12.6400,9.8377,248200
2002-08-20,12.6100,12.8500,12.5000,12.5400,9.7599,181600
2002-08-21,12.6500,12.6500,12.1000,12.5600,9.7754,163400
2002-08-22,12.5000,12.9200,12.3500,12.8800,10.0245,89100
2002-08-23,12.8500,12.9700,12.5000,12.5700,9.7832,63000
2002-08-26,12.9900,13.1000,12.6000,13.0600,10.1646,112800
2002-08-27,12.9800,13.9900,12.8100,13.7800,10.7250,310500
2002-08-28,13.9500,14.1500,13.6100,13.6200,10.6004,246400
2002-08-29,13.7900,14.0700,13.7000,14.0700,10.9507,210800
2002-08-30,14.1500,15.1200,14.1500,14.8500,11.5577,612400
2002-09-03,15.5000,15.5000,14.7100,14.8200,11.5344,383800
2002-09-04,15.1400,15.1500,14.2500,14.3600,11.1764,282000
2002-09-05,14.7000,15.1500,14.5000,14.9800,11.6589,340700
2002-09-06,15.1500,15.1500,14.5900,14.9000,11.5967,374000
2002-09-09,15.4700,16.8500,15.3000,16.8000,13.0754,1114300
2002-09-10,16.6500,17.2300,16.0000,16.5600,12.8886,941700
2002-09-11,16.7300,17.3000,16.3300,16.9800,13.2155,565300
2002-09-12,17.3000,18.0000,17.1000,17.9100,13.9393,793400
2002-09-13,18.0000,18.3500,17.5600,18.0500,14.0483,869100
2002-09-16,18.2600,19.0000,17.9500,18.9100,14.7176,625000
2002-09-17,18.2400,18.8900,18.0500,18.7600,14.6009,852100
2002-09-18,19.0100,19.7000,18.6500,19.0200,14.8032,1133600
2002-09-19,19.4800,19.5000,18.8500,19.1500,14.9044,630800
2002-09-20,18.8800,19.3900,18.6000,18.7000,14.5542,497200
2002-09-23,19.2700,19.3000,18.7300,18.7900,14.6242,352000
2002-09-24,19.1600,19.1800,18.5000,19.0900,14.8577,590300
2002-09-25,18.9800,19.1400,18.3000,18.7200,14.5697,520500
2002-09-26,18.1900,18.5200,17.6900,18.1100,14.0950,878500
2002-09-27,18.1000,18.5900,17.7300,18.3600,14.2896,423800
2002-09-30,19.0000,19.1300,18.6500,19.0700,14.8422,577200
2002-10-01,19.1700,19.1800,18.6500,18.8800,14.6943,394200
2002-10-02,18.7000,19.3500,18.6600,19.1700,14.9200,376000
2002-10-03,19.2800,19.5000,18.9100,19.3200,15.0367,377500
2002-10-04,19.1500,19.5300,19.0800,19.3700,15.0756,251800
2002-10-07,19.3200,19.4900,18.9500,19.2200,14.9589,393900
2002-10-08,18.4900,18.6800,17.2700,17.6300,13.7214,873700
2002-10-09,17.7300,17.8300,16.6800,16.7900,13.0676,670900
2002-10-10,16.2100,16.6500,16.0500,16.5400,12.8731,748900
2002-10-11,16.7500,17.1500,16.2500,17.0500,13.2700,345100
2002-10-14,17.5100,17.7000,17.1600,17.3700,13.5190,329100
2002-10-15,17.0100,17.1000,16.2300,16.7000,12.9976,290400
2002-10-16,16.7600,17.8900,16.6600,17.5000,13.6202,333200
2002-10-17,16.3900,16.9900,16.3700,16.8000,13.0754,313900
2002-10-18,16.9600,17.2000,16.5200,16.6100,12.9275,195000
2002-10-21,16.7500,16.7500,15.2700,15.8800,12.3594,695400
2002-10-22,15.4000,16.4300,15.3900,16.2000,12.6084,279600
2002-10-23,16.7500,16.7800,16.0000,16.1800,12.5929,215300
2002-10-24,16.1300,16.3400,15.6500,16.0800,12.5150,261600
2002-10-25,16.4700,16.6100,15.8400,16.3500,12.7252,181900
2002-10-28,16.6400,17.7500,16.4400,17.6800,13.7603,231000
2002-10-29,18.0500,18.4900,18.0000,18.0700,14.0639,443900
2002-10-30,18.4500,18.4700,17.5200,17.9000,13.9315,270500
2002-10-31,17.9000,18.2300,17.6000,17.7000,13.7759,156300
2002-11-01,18.2500,18.2800,17.4600,17.9800,13.9938,239900
2002-11-04,17.9200,18.7200,17.6300,18.7100,14.5620,258400
2002-11-05,18.9800,18.9800,18.6500,18.8600,14.6787,199800
2002-11-06,18.6500,19.4000,18.5000,19.3100,15.0289,319800
2002-11-07,19.3900,19.9900,19.2500,19.8400,15.4414,392800
2002-11-08,19.9800,20.4300,19.7200,19.8600,15.4570,445200
2002-11-11,19.9700,20.1800,19.5000,19.8500,15.4492,277600
2002-11-12,20.2800,20.2900,18.6600,19.7700,15.3870,442400
2002-11-13,19.8400,19.9000,18.9000,19.3600,15.0679,513800
2002-11-14,19.2500,19.6100,18.9800,19.5500,15.2157,223000
2002-11-15,19.4900,20.2100,19.4300,19.9600,15.5348,270100
2002-11-18,20.2400,20.2400,19.5500,20.0100,15.5738,356700
2002-11-19,20.1000,20.3500,18.9200,18.9800,14.7721,576800
2002-11-20,18.9200,19.0000,17.8000,18.0900,14.0794,513700
2002-11-21,18.0700,18.0700,16.8000,17.3300,13.4879,504800
2002-11-22,17.3500,17.9500,16.7700,17.5700,13.6747,340800
2002-11-25,17.1100,17.6800,16.7100,17.1900,13.3790,229700
2002-11-26,16.9900,17.3700,16.8500,17.1000,13.3089,173400
2002-11-27,17.3400,17.4700,16.5100,16.9600,13.2000,298400
2002-11-29,17.0000,17.2400,16.8800,17.0300,13.2544,107300
2002-12-02,16.9000,17.3000,16.6000,16.9600,13.2000,235200
2002-12-03,17.1200,18.5000,17.0500,18.3300,14.2662,365300
2002-12-04,19.1800,19.4700,18.3800,19.0000,14.7877,619000
2002-12-05,19.0000,19.6100,18.9100,19.4900,15.1690,300700
2002-12-06,20.0200,20.3600,19.8500,20.3600,15.8462,714800
2002-12-09,21.0500,21.3000,20.6000,21.1200,16.4377,755400
2002-12-10,21.0500,21.1400,20.1100,20.5400,15.9863,531800
2002-12-11,20.6000,21.2900,20.5200,21.2400,16.5311,407800
2002-12-12,21.3100,22.9500,20.9000,22.6000,17.5896,1310600
2002-12-13,23.0400,23.3300,21.7700,22.2800,17.3405,1118000
2002-12-16,22.3000,23.0700,21.2500,22.5700,17.5662,855900
2002-12-17,23.1100,23.2500,21.6000,21.8100,16.9747,682700
2002-12-18,20.9100,22.5200,20.7400,22.1400,17.2315,1111100
2002-12-19,22.3500,22.7300,21.6000,21.6600,16.8580,612600
2002-12-20,21.2500,22.2500,21.0100,22.2500,17.3171,506000
2002-12-23,22.5000,23.9500,22.4100,23.9500,18.6403,849000
2002-12-24,24.0500,24.5000,23.7800,24.2000,18.8348,433700
2002-12-26,24.2900,25.4800,24.2500,25.4000,19.7688,584100
2002-12-27,25.4800,26.4100,25.0300,26.0800,20.2980,867100
2002-12-30,26.0900,26.0900,24.5200,24.7000,19.2240,867000
2002-12-31,24.3500,25.5000,24.2700,24.9200,19.4345,764000
2003-01-02,24.5000,24.9900,24.0300,24.7800,19.3254,623300
2003-01-03,24.5400,26.2300,24.4000,26.0700,20.3314,862300
2003-01-06,27.0600,27.1600,25.8000,26.3000,20.5108,972400
2003-01-07,26.2700,27.5000,25.2500,25.3900,19.8011,780600
2003-01-08,25.2500,25.9400,25.0000,25.5600,19.9337,1093000
2003-01-09,25.5600,25.6500,24.6100,25.3500,19.7699,802400
2003-01-10,25.7000,25.9500,25.0000,25.5400,19.9181,782500
2003-01-13,25.3100,25.6500,25.0100,25.2300,19.6763,460200
2003-01-14,25.1900,25.5000,24.2000,24.3100,18.9588,603600
2003-01-15,23.5000,25.0600,23.2500,25.0000,19.4969,780900
2003-01-16,25.1100,25.8500,24.6600,25.6700,20.0194,761700
2003-01-17,25.9000,26.0500,24.7700,24.9900,19.4891,664900
2003-01-21,24.7300,25.6000,24.2100,25.2700,19.7075,405400
2003-01-22,25.8000,25.9500,25.4000,25.9300,20.2222,429900
2003-01-23,26.5000,26.9800,25.8100,26.0000,20.2768,886100
2003-01-24,26.2500,27.1000,26.0900,26.6700,20.7993,810600
2003-01-27,27.3000,27.4700,26.3500,26.5700,20.7213,1101200
2003-01-28,26.0500,26.4900,26.0000,26.4300,20.6122,484900
2003-01-29,26.7500,27.1500,26.1600,26.4500,20.6278,692000
2003-01-30,26.3000,27.0600,26.0700,27.0400,21.0879,512100
2003-01-31,27.0800,27.3500,26.7500,27.2900,21.2829,471500
2003-02-03,27.5200,27.7500,27.1400,27.6000,21.5246,531800
2003-02-04,28.3800,28.8000,28.1000,28.4200,22.1641,1057800
2003-02-05,28.1000,28.6600,26.7200,26.7400,20.8539,1245200
2003-02-06,26.7200,27.4600,25.4000,26.2500,20.4718,1011900
2003-02-07,25.5900,27.1700,25.5700,26.2700,20.4874,622700
2003-02-10,26.6000,26.6100,24.5500,24.6900,19.2552,949400
2003-02-11,24.0000,26.1400,23.8100,26.0000,20.2768,1059900
2003-02-12,25.6400,26.2000,25.0000,25.2500,19.6919,704200
2003-02-13,25.7500,26.4700,25.2500,26.0800,20.3392,780400
2003-02-14,26.2000,26.2400,25.3000,25.7500,20.0818,689400
2003-02-18,25.2300,25.4000,24.5500,24.7600,19.3098,738800
2003-02-19,24.8000,25.2500,24.7500,24.9100,19.4267,594900
2003-02-20,25.3000,25.3800,24.0600,24.1300,18.8184,1007400
2003-02-21,24.1400,24.3000,21.5200,21.5500,16.8063,2414900
2003-02-24,21.5000,21.9800,20.0500,20.1000,15.6755,2139400
2003-02-25,20.4200,21.0000,19.1800,19.7300,15.3870,1667700
2003-02-26,19.7500,20.4700,19.2500,20.0100,15.6053,1160700
2003-02-27,20.1900,20.2800,19.3600,19.5000,15.2076,671500
2003-02-28,19.5800,19.7500,18.6800,19.4500,15.1686,920000
2003-03-03,15.2100,16.0100,12.7000,13.1000,10.2164,8552800
2003-03-04,13.3200,14.4200,12.8700,13.9600,10.8871,4366000
2003-03-05,14.4600,15.7500,14.2800,15.7000,12.2441,3395100
2003-03-06,16.2100,16.8900,15.3500,15.6300,12.1895,3001400
2003-03-07,16.2000,16.4500,14.9000,15.4000,12.0101,2764000
2003-03-10,15.5300,15.8400,14.1400,14.3500,11.1912,1576700
2003-03-11,13.7200,14.1700,13.4000,13.5500,10.5673,1334600
2003-03-12,12.9000,14.2400,12.6700,13.7300,10.7077,1676100
2003-03-13,13.0500,13.9000,12.8800,13.3900,10.4426,1239200
2003-03-14,13.4700,14.1500,13.3900,14.0500,10.9573,817000
2003-03-17,15.2600,15.4500,14.2500,14.6700,11.4408,1298500
2003-03-18,14.5500,15.1100,14.5100,14.7600,11.5110,617400
2003-03-19,15.0000,15.0000,14.0000,14.2400,11.1055,626000
2003-03-20,14.2000,14.6900,13.5000,13.9100,10.8481,625500
2003-03-21,13.9000,14.3900,13.0500,13.0800,10.2008,902400
2003-03-24,13.9500,14.1200,13.5100,13.7500,10.7233,995700
2003-03-25,14.0900,14.1000,13.3100,13.5700,10.5829,544900
2003-03-26,13.6200,13.8600,13.4000,13.4900,10.5205,313200
2003-03-27,13.6000,13.7000,13.0500,13.1500,10.2554,345500
2003-03-28,13.2900,14.1900,13.2600,14.1300,11.0197,817300
2003-03-31,14.9600,15.0000,14.2600,14.7000,11.4642,754400
2003-04-01,14.5500,14.6800,13.8300,13.9000,10.8403,513400
2003-04-02,13.0300,13.7600,13.0300,13.7200,10.6999,408600
2003-04-03,13.1700,13.9000,13.1700,13.6600,10.6531,275300
2003-04-04,13.4000,13.8800,13.4000,13.6800,10.6687,375400
2003-04-07,13.4000,14.3600,13.2000,14.0000,10.9183,573400
2003-04-08,14.1700,14.5300,14.0200,14.4000,11.2302,505900
2003-04-09,14.6900,15.5300,14.4100,15.3000,11.9321,1074400
2003-04-10,15.6000,15.9400,15.4000,15.7300,12.2675,1083600
2003-04-11,15.4100,16.1800,15.4000,15.6100,12.1739,471800
2003-04-14,15.5500,15.8800,15.2500,15.3900,12.0023,265100
2003-04-15,15.4200,16.2500,15.4200,16.2000,12.6340,408300
2003-04-16,16.0100,17.2100,16.0100,17.1600,13.3827,901600
2003-04-17,17.6000,17.9400,17.1100,17.3900,13.5621,986800
2003-04-21,17.9000,17.9500,17.2600,17.4600,13.6167,482500
2003-04-22,17.4500,17.8600,17.2000,17.4600,13.6167,433400
2003-04-23,17.3000,17.6500,17.2000,17.3900,13.5621,275600
2003-04-24,17.4500,17.9300,16.6000,16.6800,13.0084,670700
2003-04-25,16.1900,16.7500,15.5500,15.5500,12.1271,859100
2003-04-28,15.5800,15.7500,15.2100,15.6100,12.1739,486000
2003-04-29,15.4300,15.6000,15.1000,15.6000,12.1661,394400
2003-04-30,16.1000,16.4100,15.9500,15.9500,12.4390,477200
2003-05-01,16.1500,16.7500,16.0200,16.4500,12.8290,590400
2003-05-02,16.8000,16.8500,16.1500,16.7500,13.0629,402900
2003-05-05,16.4500,17.2000,16.4000,17.0100,13.2657,365700
2003-05-06,17.3000,17.4500,16.6700,17.2100,13.4217,604400
2003-05-07,17.4000,17.7500,16.6600,16.7700,13.0785,509300
2003-05-08,16.9200,17.6800,16.9000,17.4000,13.5699,715800
2003-05-09,17.1600,17.5300,16.9500,17.4700,13.6245,371100
2003-05-12,18.1000,18.5800,17.7400,18.2700,14.2484,916500
2003-05-13,18.1500,18.4100,17.7600,17.8500,13.9208,565900
2003-05-14,17.8600,19.1400,17.8500,18.8500,14.7007,701500
2003-05-15,18.9900,19.2000,18.1700,18.1800,14.1782,637200
2003-05-16,18.5700,18.9900,18.4500,18.5000,14.4277,473300
2003-05-19,18.8300,20.2400,18.7500,19.7900,15.4338,994000
2003-05-20,20.3400,20.4700,19.7000,20.0400,15.6287,663200
2003-05-21,20.0900,21.1900,19.7600,21.1200,16.4710,790500
2003-05-22,21.1800,21.2000,20.5500,20.8300,16.2448,745600
2003-05-23,21.2000,21.6400,20.8000,20.9200,16.3150,860100
2003-05-27,21.3800,21.8500,20.8000,21.5200,16.7830,868700
2003-05-28,20.4100,20.7700,19.7300,20.2200,15.7691,1105800
2003-05-29,19.6600,20.3000,19.2900,20.0800,15.6599,968300
2003-05-30,19.7500,20.2800,19.3000,20.2800,15.8159,595100
2003-06-02,19.8500,19.9000,19.3000,19.6600,15.3324,754300
2003-06-03,19.2700,19.5800,18.5900,18.8300,14.6851,992400
2003-06-04,18.7100,18.9000,18.1000,18.2800,14.2562,873900
2003-06-05,18.6300,20.6600,18.5600,20.3700,15.8861,1290500
2003-06-06,19.6800,20.5700,19.5000,19.9700,15.5741,694500
2003-06-09,20.3700,20.6700,20.1100,20.2400,15.7847,583600
2003-06-10,19.8000,19.8000,19.2500,19.6200,15.3012,561700
2003-06-11,19.7500,20.2400,19.7300,20.1100,15.6833,324600
2003-06-12,19.8600,20.2600,19.6300,20.0600,15.6443,274700
2003-06-13,20.3000,20.8400,19.8300,20.5500,16.0265,534600
2003-06-16,20.8500,21.1500,20.1500,21.1500,16.4944,635600
2003-06-17,20.7500,21.5900,20.6700,21.4500,16.7284,721600
2003-06-18,21.5400,22.1600,21.2400,21.9100,17.0871,830600
2003-06-19,21.8700,22.8000,21.7900,22.2700,17.3679,649000
2003-06-20,23.0200,23.0600,21.8500,22.1700,17.2899,508200
2003-06-23,22.2200,22.2200,20.3700,21.3100,16.6192,708500
2003-06-24,21.1900,21.1900,20.2000,20.5600,16.0343,489100
2003-06-25,20.7700,21.3300,20.4300,21.0400,16.4086,362900
2003-06-26,20.8600,20.8900,20.3200,20.6000,16.0655,374800
2003-06-27,20.8000,21.0000,20.6400,20.7000,16.1435,230900
2003-06-30,20.6500,21.5500,20.6000,21.4200,16.7050,613400
2003-07-01,21.9000,22.5800,21.7200,22.3500,17.4710,846700
2003-07-02,22.6000,22.9000,22.0500,22.1200,17.2913,549000
2003-07-03,22.2800,22.5900,21.8200,21.9700,17.1740,243200
2003-07-07,21.8000,21.8100,20.9800,21.7300,16.9864,432800
2003-07-08,21.2600,21.9800,21.1000,21.1700,16.5486,424200
2003-07-09,21.4600,21.5000,21.0000,21.2000,16.5721,321300
2003-07-10,21.0500,21.8700,21.0500,21.3800,16.7128,411600
2003-07-11,21.7000,21.7500,21.1200,21.6100,16.8926,186400
2003-07-14,21.7400,22.2400,21.6300,21.7000,16.9629,275400
2003-07-15,21.7700,22.2000,20.4500,20.4500,15.9858,456200
2003-07-16,20.1200,20.4000,19.2600,19.3500,15.1259,817700
2003-07-17,19.3400,19.8700,18.8400,19.5000,15.2432,591700
2003-07-18,19.7800,19.9800,19.2600,19.9800,15.6184,301800
2003-07-21,19.9400,20.8500,19.7600,20.3900,15.9389,409600
2003-07-22,20.6500,20.9000,20.4000,20.6000,16.1031,335000
2003-07-23,21.1700,22.2900,21.0400,22.2000,17.3538,630700
2003-07-24,22.4700,23.5900,21.8500,23.2000,18.1355,1069000
2003-07-25,23.9600,24.1200,23.2500,23.9400,18.7139,719200
2003-07-28,24.1700,24.6900,23.3100,23.5600,18.4169,831200
2003-07-29,23.3300,23.5800,23.0800,23.2700,18.1902,491700
2003-07-30,22.9700,22.9700,22.0700,22.4400,17.5414,657200
2003-07-31,22.4000,22.4800,21.9000,22.3100,17.4398,692000
2003-08-01,22.1800,22.6600,21.3700,21.6300,16.9082,872000
2003-08-04,21.7100,22.7300,21.6100,22.4000,17.5101,674800
2003-08-05,22.6900,22.6900,21.7000,22.4000,17.5101,543000
2003-08-06,22.6000,23.1400,22.4300,22.8200,17.8384,539200
2003-08-07,22.9500,22.9500,22.3600,22.7500,17.7837,408400
2003-08-08,22.8000,23.5000,22.5500,23.3600,18.2606,651800
2003-08-11,23.7400,24.4400,22.9400,24.3500,19.0344,944400
2003-08-12,23.9500,24.5000,23.3900,23.4900,18.3622,528800
2003-08-13,23.0500,24.1500,22.7300,23.9700,18.7374,653200
2003-08-14,24.5000,24.5000,23.2600,23.6400,18.4794,584300
2003-08-15,23.6700,23.9600,23.4100,23.4800,18.3544,159600
2003-08-18,22.4900,23.3900,22.4000,22.7100,17.7525,597100
2003-08-19,22.5500,23.7300,22.5500,23.7300,18.5498,629000
2003-08-20,24.4600,24.4800,23.6500,24.4400,19.1048,836100
2003-08-21,23.7600,24.1400,23.0600,23.4200,18.3075,918000
2003-08-22,23.2400,23.8300,22.9900,23.1300,18.0808,476200
2003-08-25,23.3300,23.4600,22.7500,23.0500,18.0182,382700
2003-08-26,22.6500,23.4800,22.6000,23.2500,18.1746,481500
2003-08-27,23.9000,24.2800,23.8000,24.2000,18.9172,724700
2003-08-28,24.4000,24.7600,24.0000,24.4900,19.1439,683800
2003-08-29,25.1100,25.2000,24.3600,24.4700,19.1282,849300
2003-09-02,24.8500,24.9900,23.9800,24.5300,19.1752,473100
2003-09-03,24.3600,24.8900,23.8000,24.3400,19.0266,505100
2003-09-04,23.9400,24.7600,23.8500,24.6400,19.2611,472100
2003-09-05,25.1400,25.3400,24.5600,24.5600,19.1986,530800
2003-09-08,22.7300,23.7000,22.4700,23.4200,18.3075,1230100
2003-09-09,23.4400,23.9200,21.6300,21.8500,17.0802,2377300
2003-09-10,21.2000,21.8300,20.7600,21.2000,16.5721,1459100
2003-09-11,21.5700,22.1900,20.8200,21.9500,17.1584,1124300
2003-09-12,21.8000,22.5000,21.5000,21.7100,16.9708,712500
2003-09-15,21.4000,21.8300,21.0000,21.2500,16.6112,449700
2003-09-16,21.2700,21.5500,21.0300,21.2900,16.6424,314000
2003-09-17,21.1500,21.3800,20.1000,20.7000,16.1812,1148100
2003-09-18,21.0200,21.1500,20.1900,20.4600,15.9936,649500
2003-09-19,20.1500,21.5400,20.1100,20.8200,16.2750,930500
2003-09-22,21.5000,21.5700,20.8500,20.9900,16.4079,840000
2003-09-23,21.1000,21.5300,20.8100,21.2800,16.6346,511500
2003-09-24,21.2800,21.5800,20.6100,20.9200,16.3532,374000
2003-09-25,21.1500,21.3700,19.4100,19.7800,15.4621,1042100
2003-09-26,19.0800,19.6800,18.6700,18.8000,14.6960,852800
2003-09-29,18.2900,19.2500,18.1500,18.2100,14.2348,877600
2003-09-30,18.2800,19.0500,18.0800,18.2700,14.2817,698300
2003-10-01,18.0500,18.9800,17.8000,18.9000,14.7742,689200
2003-10-02,18.7000,19.0800,18.5300,18.8000,14.6960,472800
2003-10-03,18.6500,18.9700,17.5500,18.2300,14.2504,842900
2003-10-06,18.1400,18.4400,17.8000,18.3000,14.3052,390100
2003-10-07,18.5500,18.8800,18.3300,18.6000,14.5397,385000
2003-10-08,18.5200,18.9600,18.4700,18.5100,14.4693,260000
2003-10-09,18.2900,18.6000,17.9500,18.5700,14.5162,482900
2003-10-10,18.3800,18.9600,18.3200,18.3200,14.3208,227900
2003-10-13,18.3700,18.8800,18.1600,18.8400,14.7273,269400
2003-10-14,18.8000,19.9500,18.5500,19.8700,15.5324,901400
2003-10-15,19.6500,19.8500,19.3200,19.3400,15.1181,254500
2003-10-16,19.5200,20.1500,19.2500,20.1200,15.7279,583600
2003-10-17,19.8800,20.2900,19.5300,19.6200,15.3370,533300
2003-10-20,19.8800,20.1400,19.1100,19.2000,15.0087,440100
2003-10-21,19.5000,20.4000,19.3500,20.3900,15.9389,625000
2003-10-22,20.6300,21.3000,20.5200,20.5600,16.0718,658400
2003-10-23,20.8500,20.8500,20.0700,20.5500,16.0640,302300
2003-10-24,20.6600,21.0000,20.2900,20.5100,16.0327,370700
2003-10-27,20.1300,20.8400,20.0600,20.6700,16.1578,265300
2003-10-28,20.6000,20.6900,20.2500,20.5900,16.0953,197300
2003-10-29,20.8900,21.2200,20.6500,21.0000,16.4158,325300
2003-10-30,20.8500,21.5300,20.0800,20.2500,15.8295,706500
2003-10-31,20.5800,20.9900,20.2000,20.6600,16.1500,480400
2003-11-03,20.4700,20.9000,19.6100,19.8900,15.5481,446600
2003-11-04,20.2300,20.3100,19.8000,19.8700,15.5324,301200
2003-11-05,19.7100,19.9500,19.0400,19.2200,15.0243,525800
2003-11-06,19.1500,19.4800,18.2500,18.6700,14.5944,453300
2003-11-07,18.2600,19.5700,18.2000,19.1300,14.9540,392800
2003-11-10,19.1700,19.8400,19.0000,19.0700,14.9071,360900
2003-11-11,19.3900,19.5000,18.6900,18.7500,14.6569,293900
2003-11-12,18.9300,19.9800,18.8500,19.9700,15.6106,598700
2003-11-13,19.8800,20.4000,19.4700,19.6200,15.3370,551000
2003-11-14,19.5900,20.1500,19.3900,19.7800,15.4621,296400
2003-11-17,19.7800,20.0700,19.1500,19.4500,15.2041,369900
2003-11-18,19.5600,20.8500,19.5000,20.7400,16.2125,748500
2003-11-19,20.4700,21.3400,20.2500,21.2600,16.6190,581400
2003-11-20,21.4600,21.7000,20.7000,20.9000,16.3376,587400
2003-11-21,20.8500,21.2000,20.7600,21.0200,16.4314,379100
2003-11-24,20.4600,21.3100,20.1500,20.7500,16.2203,511900
2003-11-25,20.3900,21.1300,20.3900,20.7700,16.2360,325400
2003-11-26,20.5000,21.4200,20.5000,21.0400,16.4470,409000
2003-11-28,21.1500,21.7000,21.1500,21.3700,16.7050,221100
2003-12-01,21.8500,23.2500,21.4000,23.1700,18.1120,1117100
2003-12-02,23.2000,23.4500,22.7000,23.1900,18.1277,868200
2003-12-03,22.9400,23.3900,22.3200,22.8000,17.8228,416000
2003-12-04,22.6700,22.8500,21.7800,22.1500,17.3147,504000
2003-12-05,22.0000,22.5000,21.8000,22.2200,17.3694,444800
2003-12-08,22.1600,22.5000,21.5300,21.8900,17.1115,435500
2003-12-09,22.0000,22.2100,21.2700,21.5500,16.8457,542000
2003-12-10,21.2000,21.8400,20.0200,20.1100,15.7200,576700
2003-12-11,20.3800,21.0000,19.4000,20.8100,16.2672,535100
2003-12-12,20.9000,21.5900,20.5100,20.6400,16.1343,409400
2003-12-15,20.2900,21.5000,20.2700,20.9100,16.3454,438500
2003-12-16,21.2500,21.4000,20.0900,20.3000,15.8685,325000
2003-12-17,20.4900,20.6100,19.9000,20.5000,16.0249,347900
2003-12-18,20.1000,20.7900,20.0400,20.6700,16.1578,252800
2003-12-19,20.5000,21.1000,20.0400,20.0500,15.6731,317100
2003-12-22,20.1600,20.6300,19.9300,20.0500,15.6731,333400
2003-12-23,19.9000,20.3900,19.9000,20.2100,15.7982,397700
2003-12-24,19.9700,20.5300,19.9700,20.3600,15.9155,131800
2003-12-26,20.1800,20.7000,19.9000,20.5600,16.0718,127900
2003-12-29,21.1900,21.5000,21.0400,21.4100,16.7362,387200
2003-12-30,21.4500,21.9000,21.1900,21.2400,16.6329,433000
2003-12-31,21.3400,21.4300,20.7500,20.9300,16.3901,295500
2004-01-02,20.9600,21.2100,20.8500,21.0000,16.4449,170900
2004-01-05,21.3900,21.7300,20.9700,21.3200,16.6955,499400
2004-01-06,21.2400,21.7100,20.7000,20.7000,16.2100,478600
2004-01-07,20.7400,20.8100,20.2100,20.2500,15.8576,346900
2004-01-08,20.2000,20.4100,19.7200,19.7600,15.4739,610700
2004-01-09,19.7500,20.2300,19.7200,19.7400,15.4582,357400
2004-01-12,19.6600,19.8100,19.4100,19.6300,15.3721,381800
2004-01-13,19.5500,19.7000,18.9000,19.0700,14.9336,517900
2004-01-14,18.7500,18.9300,17.8800,18.3200,14.3462,810300
2004-01-15,18.0400,18.4500,17.6300,18.0600,14.1426,568100
2004-01-16,18.1200,18.4300,17.7500,17.9900,14.0878,365700
2004-01-20,17.9700,18.8000,17.9400,18.4300,14.4324,395800
2004-01-21,18.2000,18.6900,17.9500,18.1900,14.2444,359600
2004-01-22,18.2500,18.7300,17.8000,17.8300,13.9625,254800
2004-01-23,18.3000,18.3700,17.6300,17.8000,13.9390,304100
2004-01-26,18.1600,18.1600,17.1300,17.5800,13.7668,271100
2004-01-27,17.5100,18.0900,17.2900,17.9200,14.0330,326400
2004-01-28,17.9800,18.2900,16.9400,17.0000,13.3126,514400
2004-01-29,16.7500,16.9700,16.2800,16.7100,13.0855,664000
2004-01-30,16.8100,17.2600,16.6500,17.1500,13.4300,239700
2004-02-02,17.0000,17.0000,16.0200,16.4800,12.9054,531700
2004-02-03,16.6400,16.9400,16.4100,16.6900,13.0698,273300
2004-02-04,16.8900,16.8900,16.1700,16.2100,12.6939,271300
2004-02-05,16.4500,16.6300,16.0000,16.5300,12.9445,262500
2004-02-06,16.8700,17.4800,16.7000,17.3700,13.6023,363900
2004-02-09,17.7100,17.9800,17.6100,17.9000,14.0174,428500
2004-02-10,18.2600,18.3600,17.8400,18.1500,14.2131,330200
2004-02-11,18.2300,18.4900,18.0000,18.3200,14.3462,243100
2004-02-12,18.4000,18.4900,17.8600,17.9200,14.0330,267100
2004-02-13,18.3000,18.3000,17.4800,17.8100,13.9469,236500
2004-02-17,17.9200,18.2600,17.9200,18.1400,14.2053,219900
2004-02-18,18.1500,18.2700,17.4200,17.6000,13.7824,249100
2004-02-19,17.8000,17.8000,17.4000,17.6100,13.7903,185900
2004-02-20,17.5400,17.6100,17.2900,17.4500,13.6650,206500
2004-02-23,17.5100,17.5800,16.7400,16.7800,13.1403,248200
2004-02-24,17.1200,17.4500,16.7600,17.1100,13.3987,289600
2004-02-25,16.9600,17.1800,16.5700,16.8800,13.2186,155900
2004-02-26,16.5600,17.2300,16.5000,17.1500,13.4300,153100
2004-02-27,17.2000,17.7400,16.9800,17.0300,13.3361,147900
2004-03-01,17.2000,17.5600,17.0400,17.1600,13.4379,106800
2004-03-02,16.9300,17.1900,16.5800,16.6500,13.0385,179200
2004-03-03,16.2700,16.9000,16.1500,16.5700,12.9758,226100
2004-03-04,16.5400,17.3500,16.5400,17.0500,13.3517,191500
2004-03-05,17.4900,17.7000,17.3200,17.3800,13.6101,178600
2004-03-08,17.5200,17.8500,17.4500,17.5400,13.7354,237800
2004-03-09,17.7200,17.9700,17.4800,17.5500,13.7433,171500
2004-03-10,17.6000,17.6100,16.8000,16.9600,13.2812,181400
2004-03-11,16.7700,17.2400,16.6100,17.1100,13.3987,190100
2004-03-12,16.9500,17.3000,16.5500,17.2300,13.4927,240700
2004-03-15,16.9800,17.3800,16.7900,16.9600,13.2812,212900
2004-03-16,17.0200,17.3000,16.7000,17.0400,13.3439,159000
2004-03-17,16.9400,17.3600,16.6800,17.2700,13.5240,202600
2004-03-18,17.4700,18.1800,17.3100,17.7700,13.9155,701700
2004-03-19,18.0000,18.0700,17.3100,17.5900,13.7746,260300
2004-03-22,17.9000,18.0800,17.3600,17.4600,13.6728,381200
2004-03-23,17.3000,17.9700,17.3000,17.8300,13.9625,302200
2004-03-24,17.7500,17.8000,17.1900,17.3900,13.6180,232800
2004-03-25,17.1900,17.5000,17.0600,17.3200,13.5631,231000
2004-03-26,17.5100,17.7500,17.3400,17.4000,13.6258,306700
2004-03-29,17.5500,17.5600,17.2000,17.4200,13.6415,255200
2004-03-30,17.3600,17.9400,17.3600,17.5700,13.7589,361600
2004-03-31,17.8000,18.0100,17.6000,17.7100,13.8986,254600
2004-04-01,17.8800,18.3000,17.6200,17.9400,14.0791,259300
2004-04-02,17.7900,18.0500,17.4700,17.9000,14.0477,264000
2004-04-05,17.9400,18.1500,17.0000,17.4100,13.6632,432200
2004-04-06,17.7400,17.8000,17.2400,17.2500,13.5376,231300
2004-04-07,17.5400,17.5600,17.2500,17.2700,13.5533,163800
2004-04-08,17.1000,17.4500,17.0500,17.0600,13.3885,174600
2004-04-12,17.3000,17.3500,16.7800,17.0800,13.4042,112900
2004-04-13,16.9200,17.1400,15.5600,16.2200,12.7293,528500
2004-04-14,15.9000,16.1900,14.7100,15.2600,11.9759,776100
2004-04-15,15.4700,15.7200,14.8500,15.0400,11.8032,431200
2004-04-16,15.1900,15.5700,15.0100,15.1500,11.8896,302500
2004-04-19,15.1200,15.6400,15.0000,15.2600,11.9759,204800
2004-04-20,14.9900,15.0300,14.0800,14.1100,11.0734,352500
2004-04-21,13.8800,14.4800,13.5000,13.8500,10.8693,435500
2004-04-22,13.7300,14.3400,13.7000,13.9000,10.9086,226500
2004-04-23,13.8000,14.1600,13.7200,13.8800,10.8929,153400
2004-04-26,13.7100,14.3300,13.6900,13.9000,10.9086,213200
2004-04-27,13.8500,14.2000,13.5100,13.6400,10.7045,368300
2004-04-28,13.4300,13.4900,12.2800,12.6600,9.9354,458000
2004-04-29,12.6000,13.0000,12.1800,12.5500,9.8491,330300
2004-04-30,12.3900,12.7900,12.1000,12.2900,9.6451,239900
2004-05-03,12.2700,12.7300,12.1200,12.3700,9.7078,253800
2004-05-04,12.8000,12.9600,12.3400,12.9600,10.1709,217400
2004-05-05,12.8000,12.8900,12.2200,12.2500,9.6137,252800
2004-05-06,12.2000,12.7200,11.6100,11.7400,9.2134,430200
2004-05-07,11.3800,11.6500,11.1900,11.3400,8.8995,525400
2004-05-10,11.2300,11.9500,11.0700,11.6300,9.1271,417300
2004-05-11,11.6000,11.8500,11.2600,11.8200,9.2762,209900
2004-05-12,12.3600,12.4200,11.6000,11.8500,9.2998,319100
2004-05-13,11.9200,11.9200,11.4000,11.6800,9.1663,148800
2004-05-14,11.7100,12.1800,11.7100,11.9800,9.4018,243600
2004-05-17,12.3100,12.5500,11.9600,12.0700,9.4724,223900
2004-05-18,11.9600,12.4800,11.9200,12.4500,9.7706,299000
2004-05-19,12.6500,13.0500,12.4000,12.6200,9.9040,277500
2004-05-20,12.4700,12.8300,12.4000,12.5500,9.8491,122300
2004-05-21,12.7500,12.9100,12.6100,12.7500,10.0061,134400
2004-05-24,12.9400,13.1900,12.6500,13.0100,10.2101,198900
2004-05-25,13.0200,13.4800,13.0000,13.2800,10.4220,240800
2004-05-26,13.5100,13.8500,13.1500,13.3500,10.4769,226000
2004-05-27,13.6800,13.9400,13.6000,13.6700,10.7281,181300
2004-05-28,13.8800,13.9500,13.5800,13.9500,10.9478,198200
2004-06-01,14.0100,14.1700,13.5800,13.5900,10.6653,201500
2004-06-02,13.5100,13.7400,13.1000,13.3200,10.4534,126700
2004-06-03,13.2600,13.4700,12.9000,12.9200,10.1395,119700
2004-06-04,12.8500,13.4500,12.6100,13.1200,10.2964,184800
2004-06-07,13.1200,13.4700,13.1200,13.2000,10.3592,211100
2004-06-08,13.1900,13.2000,12.9100,13.0400,10.2336,88000
2004-06-09,12.8800,12.9100,12.3100,12.3400,9.6843,193000
2004-06-10,12.4000,12.5400,12.0500,12.2200,9.5901,192200
2004-06-14,12.0800,12.3300,11.8800,11.9800,9.4018,209100
2004-06-15,12.0000,13.0000,12.0000,12.7000,9.9668,239300
2004-06-16,12.4200,12.8600,12.3200,12.6000,9.8883,89100
2004-06-17,12.8100,12.9600,12.4700,12.8200,10.0610,132800
2004-06-18,12.8500,13.6300,12.7400,13.5600,10.6417,264300
2004-06-21,13.9300,13.9500,13.1900,13.3000,10.4377,194800
2004-06-22,13.3000,13.5400,13.1300,13.4300,10.5397,116200
2004-06-23,13.6100,13.6100,13.0700,13.1400,10.3121,145500
2004-06-24,13.4200,14.4500,13.4100,14.0400,11.0184,658900
2004-06-25,14.0000,14.2200,13.7200,14.0100,10.9949,292800
2004-06-28,14.2000,14.2500,13.7100,13.7200,10.7673,168700
2004-06-29,13.8300,13.8900,13.5300,13.7100,10.7595,245400
2004-06-30,13.5400,14.3300,13.5400,14.1700,11.1514,209200
2004-07-01,14.6900,14.6900,13.9500,14.2000,11.1750,219400
2004-07-02,14.5400,15.0000,14.3000,14.8800,11.7101,374800
2004-07-06,15.3500,15.3900,14.1500,14.7500,11.6078,374300
2004-07-07,14.8400,15.3100,14.5900,14.8200,11.6629,430300
2004-07-08,15.3500,15.3500,14.7500,15.2100,11.9698,367500
2004-07-09,15.3300,15.3300,14.9000,15.2000,11.9619,181900
2004-07-12,15.1200,15.2900,14.8000,15.2500,12.0013,302900
2004-07-13,15.0900,15.1000,14.8300,14.9400,11.7573,262900
2004-07-14,15.0200,15.5000,14.9600,15.2400,11.9934,347900
2004-07-15,15.2000,15.4500,15.0600,15.1600,11.9305,319800
2004-07-16,15.1800,15.7300,15.1500,15.1500,11.9226,318900
2004-07-19,15.0000,15.1000,14.3100,14.4900,11.4032,308600
2004-07-20,14.3800,14.4300,13.8900,14.3900,11.3245,291100
2004-07-21,14.3500,14.4600,13.9300,14.1200,11.1120,205500
2004-07-22,14.2300,14.4700,13.6300,13.8900,10.9310,230200
2004-07-23,13.7400,13.8500,13.5300,13.6100,10.7107,158600
2004-07-26,13.6100,13.8300,13.1800,13.3000,10.4667,143700
2004-07-27,13.3000,13.5800,12.9500,13.5000,10.6241,238600
2004-07-28,13.4100,14.0300,13.2100,13.9400,10.9704,256500
2004-07-29,14.1700,14.1700,13.7300,14.0100,11.0255,158800
2004-07-30,14.1600,14.2500,13.9900,14.0500,11.0569,110800
2004-08-02,14.0700,14.2900,13.7400,13.9100,10.9468,227000
2004-08-03,13.8900,14.0900,13.7400,13.7500,10.8208,123200
2004-08-04,13.6700,13.7500,13.2500,13.2800,10.4510,184100
2004-08-05,13.2200,13.4700,13.1600,13.2500,10.4274,126700
2004-08-06,13.3600,13.7000,13.3600,13.4900,10.6162,161400
2004-08-09,13.4300,13.5600,13.2500,13.2800,10.4510,87400
2004-08-10,13.1900,13.4200,13.0500,13.3300,10.4903,106900
2004-08-11,12.9400,13.1900,12.3000,13.0800,10.2936,281300
2004-08-12,12.8500,13.2400,12.8500,13.0400,10.2621,144400
2004-08-13,13.2900,13.4900,13.1600,13.4500,10.5847,178600
2004-08-16,13.5400,14.1800,13.5100,14.1700,11.1514,336300
2004-08-17,14.1900,14.6500,14.0800,14.5000,11.4111,266700
2004-08-18,14.5000,14.9900,14.4000,14.9500,11.7652,286500
2004-08-19,15.2500,15.3300,14.9600,15.0300,11.8282,331500
2004-08-20,15.1800,15.2600,14.8000,14.9900,11.7967,356500
2004-08-23,14.8300,14.9800,14.6000,14.6500,11.5291,190800
2004-08-24,14.5600,14.7100,14.3600,14.6700,11.5449,187700
2004-08-25,14.6000,15.3800,14.5800,14.9700,11.7809,214100
2004-08-26,14.9500,15.2500,14.9500,14.9800,11.7888,183400
2004-08-27,15.0100,15.1800,14.8500,15.0000,11.8046,162300
2004-08-30,15.0500,15.4500,14.8500,14.8600,11.6944,151300
2004-08-31,14.8400,15.4200,14.8200,15.4000,12.1193,115800
2004-09-01,15.4000,15.9000,14.9600,15.5800,12.2610,234400
2004-09-02,15.3300,15.6900,15.2300,15.5600,12.2453,189500
2004-09-03,15.4400,15.6700,15.0100,15.2600,12.0092,148400
2004-09-07,14.9600,15.0900,14.6500,14.9500,11.7652,180700
2004-09-08,14.8000,15.2700,14.6000,15.0000,11.8046,203200
2004-09-09,15.1400,15.3500,14.8500,15.1900,11.9541,63000
2004-09-10,15.1700,15.5800,15.1700,15.2300,11.9856,125800
2004-09-13,15.1200,15.5900,15.0000,15.4600,12.1666,153700
2004-09-14,15.5900,16.0100,15.5700,15.8500,12.4735,231500
2004-09-15,16.0100,16.0800,15.6500,15.7100,12.3633,149000
2004-09-16,15.9500,15.9800,15.6500,15.8200,12.4499,68500
2004-09-17,15.9200,16.2300,15.6700,15.7500,12.3948,178700
2004-09-20,15.9000,15.9500,15.6100,15.6300,12.3003,93000
2004-09-21,15.7800,16.3400,15.7800,16.2400,12.7804,182700
2004-09-22,16.2700,16.5300,16.0000,16.2600,12.7961,232300
2004-09-23,16.2400,16.6700,16.2100,16.3200,12.8434,186300
2004-09-24,16.4500,16.5500,16.1100,16.3600,12.8748,118500
2004-09-27,16.2100,16.9400,16.1900,16.2300,12.7725,150600
2004-09-28,16.6800,16.8800,16.4700,16.6500,13.1031,198600
2004-09-29,16.7500,16.9100,16.1600,16.4700,12.9911,140700
2004-09-30,16.6000,17.1100,16.5500,17.0800,13.4722,307200
2004-10-01,16.9900,17.0800,16.5200,16.7000,13.1725,257300
2004-10-04,16.4500,16.5000,16.0400,16.3400,12.8885,249500
2004-10-05,16.4100,16.8700,16.2000,16.5800,13.0778,261300
2004-10-06,16.6500,16.7600,16.0400,16.5500,13.0542,232700
2004-10-07,16.4200,16.6500,16.1400,16.2600,12.8254,212500
2004-10-08,16.5000,16.7300,16.3500,16.4900,13.0068,265800
2004-10-11,16.3500,16.4500,15.6700,16.0400,12.6519,285100
2004-10-12,15.7600,15.7600,15.3000,15.6400,12.3364,163900
2004-10-13,15.5100,15.5100,14.9500,15.3100,12.0761,285400
2004-10-14,15.4500,15.5300,15.3000,15.3800,12.1313,148200
2004-10-15,15.5400,15.7600,15.3100,15.3500,12.1076,127200
2004-10-18,15.5300,15.6400,15.0900,15.2700,12.0445,149100
2004-10-19,15.4500,15.5000,15.2100,15.2700,12.0445,126400
2004-10-20,15.4100,15.9800,15.4100,15.8300,12.4862,169100
2004-10-21,15.9900,16.6000,15.3000,16.5500,13.0542,397400
2004-10-22,16.9300,16.9300,16.1700,16.3200,12.8727,115800
2004-10-25,16.8100,17.1600,16.4400,16.8400,13.2829,176000
2004-10-26,16.9500,17.0200,16.4000,16.8700,13.3066,243900
2004-10-27,16.9800,16.9800,16.0000,16.2700,12.8333,249200
2004-10-28,15.9100,16.4000,15.8100,15.9200,12.5572,108100
2004-10-29,16.3000,16.3400,15.6000,16.0100,12.6282,172300
2004-11-01,15.9800,16.4500,15.9300,16.2800,12.8412,228600
2004-11-02,15.6300,16.1600,15.4700,15.7800,12.4468,292200
2004-11-03,16.0500,16.1500,15.8300,15.9000,12.5415,176000
2004-11-04,16.5400,16.5900,15.8700,15.9400,12.5730,301500
2004-11-05,15.7500,16.7300,15.4600,16.5900,13.0857,286000
2004-11-08,16.8300,17.4400,16.7100,17.3200,13.6615,344200
2004-11-09,17.6500,17.8300,17.3300,17.5900,13.8745,308200
2004-11-10,17.6400,17.7200,17.1200,17.3800,13.7088,207600
2004-11-11,17.3400,17.9300,17.3400,17.7100,13.9691,166400
2004-11-12,17.9900,18.3000,17.7500,18.2600,14.4030,177000
2004-11-15,18.3400,18.5300,18.0500,18.2900,14.4266,375600
2004-11-16,18.4000,18.7000,18.3600,18.5100,14.6001,279600
2004-11-17,18.5100,19.0000,18.2500,18.7400,14.7816,247100
2004-11-18,18.4500,18.7100,18.1700,18.3800,14.4976,263700
2004-11-19,18.4600,19.0300,18.3600,18.7000,14.7500,259400
2004-11-22,18.6500,18.7500,18.3100,18.5400,14.6238,440700
2004-11-23,18.4600,18.4900,17.6400,17.9600,14.1663,352200
2004-11-24,17.7800,18.2900,17.7800,17.9500,14.1584,165300
2004-11-26,18.0200,18.5000,18.0200,18.3400,14.4661,140900
2004-11-29,18.2500,18.6600,18.2000,18.4100,14.5213,162000
2004-11-30,18.4700,18.4700,17.2500,17.7200,13.9770,580200
2004-12-01,17.8200,18.2100,17.6200,17.8700,14.0953,312100
2004-12-02,17.8600,18.1000,17.0100,17.3200,13.6615,299300
2004-12-03,17.1000,17.9500,17.0200,17.4900,13.7956,243300
2004-12-06,17.3100,18.0700,17.2300,17.7800,14.0243,638200
2004-12-07,18.2000,18.2000,17.3300,17.3400,13.6773,188100
2004-12-08,16.9500,17.2000,16.6200,17.0000,13.4091,374200
2004-12-09,16.6600,17.2400,16.6500,17.1900,13.5590,278800
2004-12-10,17.0100,17.4400,16.9800,17.1400,13.5195,134400
2004-12-13,17.0700,17.3800,16.9000,17.1400,13.5195,101500
2004-12-14,17.2500,17.2500,16.6400,17.0700,13.4643,275300
2004-12-15,17.0400,17.5400,17.0400,17.2300,13.5905,185800
2004-12-16,17.1800,17.2900,16.5800,16.8000,13.2514,240900
2004-12-17,16.8000,17.1400,16.6000,16.6600,13.1409,219100
2004-12-20,16.7900,16.9800,16.7600,16.8100,13.2592,180000
2004-12-21,17.0000,17.2900,16.5900,17.0800,13.4722,162800
2004-12-22,17.2000,17.3200,17.0800,17.2700,13.6221,122800
2004-12-23,17.2700,17.8000,17.2100,17.5000,13.8035,146900
2004-12-27,17.8100,18.2500,17.6300,18.0000,14.1979,197500
2004-12-28,18.1900,18.1900,17.6400,17.8900,14.1111,286000
2004-12-29,17.5300,18.1000,17.5300,18.0000,14.1979,299500
2004-12-30,17.8100,18.7200,17.7700,18.2600,14.4030,278000
2004-12-31,18.2000,18.5900,18.1900,18.2400,14.3872,97700
2005-01-03,17.9000,17.9900,17.5000,17.5100,13.8114,211300
2005-01-04,17.4200,17.5000,16.6700,16.8200,13.2671,403600
2005-01-05,16.6500,16.9000,16.2800,16.5100,13.0614,305900
2005-01-06,16.3000,16.5900,16.0600,16.3000,12.8953,147200
2005-01-07,16.5000,16.6800,16.1400,16.3100,12.9032,168100
2005-01-10,16.3000,16.7900,16.1600,16.2800,12.8795,164600
2005-01-11,16.5100,16.7000,16.2200,16.5200,13.0693,250600
2005-01-12,16.5800,17.0000,16.5700,16.6400,13.1643,208300
2005-01-13,16.8500,16.8500,16.2000,16.3300,12.9190,167100
2005-01-14,16.1500,16.2700,15.9600,15.9600,12.6263,143100
2005-01-18,15.8900,16.1100,15.7100,15.9400,12.6105,254500
2005-01-19,16.2000,16.3000,15.8500,15.9700,12.6342,132300
2005-01-20,15.7000,16.2200,15.7000,15.8900,12.5709,156500
2005-01-21,15.9700,16.4100,15.8600,16.2200,12.8320,242500
2005-01-24,16.7100,16.7300,16.0600,16.1900,12.8083,278900
2005-01-25,16.0600,16.2200,15.8000,15.8300,12.5235,177300
2005-01-26,16.0900,16.2000,15.8700,16.1100,12.7450,105200
2005-01-27,15.9000,16.2100,15.9000,15.9500,12.6184,144500
2005-01-28,16.1700,16.2300,15.6200,15.6800,12.4048,273200
2005-01-31,15.5200,16.2600,15.5200,16.1900,12.8083,248400
2005-02-01,15.8600,16.2000,15.8600,16.0700,12.7133,184200
2005-02-02,15.8100,16.2600,15.7600,16.1800,12.8004,69300
2005-02-03,15.9700,16.2000,15.8100,16.0300,12.6817,121800
2005-02-04,15.9100,16.3500,15.8500,16.1900,12.8083,154400
2005-02-07,16.1900,16.1900,15.4900,15.5000,12.2624,200600
2005-02-08,15.4500,15.9300,15.3500,15.8400,12.5314,193000
2005-02-09,15.9100,15.9300,15.5400,15.5400,12.2940,150700
2005-02-10,15.9000,16.5000,15.7700,16.3800,12.9586,249400
2005-02-11,16.5000,17.1900,16.5000,16.9400,13.4016,182800
2005-02-14,17.2500,17.3500,16.7700,16.8900,13.3621,173900
2005-02-15,16.7800,16.8700,16.5300,16.7600,13.2592,206100
2005-02-16,16.7600,17.3200,16.3100,17.1500,13.5677,252900
2005-02-17,17.2700,17.5000,17.1300,17.3400,13.7181,207900
2005-02-18,17.4800,17.5500,17.2500,17.4700,13.8209,167900
2005-02-22,18.0000,18.2100,17.8100,17.9800,14.2244,321500
2005-02-23,18.1000,18.2300,17.8000,18.0500,14.2798,223200
2005-02-24,18.2400,18.2400,17.3100,18.0300,14.2639,227800
2005-02-25,18.0700,18.1000,17.5600,17.9200,14.1769,122300
2005-02-28,17.8000,18.2100,17.5900,17.6100,13.9317,193400
2005-03-01,17.6100,17.6300,17.1200,17.2000,13.6073,219600
2005-03-02,17.0700,17.5700,17.0000,17.5000,13.8446,184700
2005-03-03,17.5200,17.5700,17.0200,17.2100,13.6152,203300
2005-03-04,17.2900,17.7200,17.2900,17.4900,13.8367,130800
2005-03-07,17.5800,17.8900,17.4700,17.6400,13.9554,190900
2005-03-08,18.0000,18.6400,17.8000,18.3800,14.5408,359000
2005-03-09,18.4700,19.1500,18.4500,18.7700,14.8494,416400
2005-03-10,18.9900,19.2500,18.6000,18.9900,15.0234,495100
2005-03-11,19.0100,19.4700,18.9000,19.3600,15.3161,434000
2005-03-14,19.3300,19.4500,19.0400,19.4300,15.3715,288700
2005-03-15,19.5600,19.9500,19.3100,19.4700,15.4032,268200
2005-03-16,19.5900,19.6900,19.1100,19.3800,15.3319,207200
2005-03-17,19.1300,19.4000,18.4300,19.2000,15.1896,221800
2005-03-18,19.0800,19.0900,18.5300,18.9100,14.9601,356300
2005-03-21,18.7000,18.7000,18.2500,18.3900,14.5487,265500
2005-03-22,18.6700,18.9600,18.0500,18.2700,14.4538,270100
2005-03-23,18.0900,18.5000,18.0200,18.0200,14.2560,222900
2005-03-24,18.0800,18.4600,18.0600,18.2500,14.4380,134800
2005-03-28,18.1500,18.3900,18.0300,18.0300,14.2639,204200
2005-03-29,18.0100,18.4100,17.4000,17.5500,13.8842,304200
2005-03-30,17.7300,18.1200,17.5200,18.0900,14.3114,211600
2005-03-31,18.0300,18.7000,18.0300,18.3300,14.5013,314100
2005-04-01,18.5000,18.5000,17.8900,18.1900,14.3905,207400
2005-04-04,18.0300,18.1800,17.5000,17.8400,14.1136,182100
2005-04-05,17.7200,18.3000,17.7200,18.0600,14.2877,102900
2005-04-06,17.9100,18.4700,17.9000,18.4200,14.6129,166300
2005-04-07,18.5900,18.5900,18.1800,18.3700,14.5733,105100
2005-04-08,18.2200,18.3700,18.0900,18.2500,14.4781,133600
2005-04-11,18.4900,18.5900,18.2700,18.3100,14.5257,132700
2005-04-12,18.3000,18.3700,18.0100,18.2900,14.5098,191800
2005-04-13,18.3900,18.4000,17.5700,17.7700,14.0973,161600
2005-04-14,17.7400,17.7400,16.7500,17.0800,13.5499,461500
2005-04-15,17.1300,17.5900,16.8500,17.1200,13.5816,272000
2005-04-18,17.0500,17.8400,17.0500,17.6400,13.9941,198000
2005-04-19,17.7500,19.0400,17.7500,19.0300,15.0969,328500
2005-04-20,19.0200,19.5600,18.7500,18.9900,15.0651,293900
2005-04-21,19.1400,19.2900,18.8500,19.1700,15.2079,353700
2005-04-22,19.0400,19.4800,18.7100,18.9000,14.9937,253800
2005-04-25,19.0700,19.2000,18.6900,19.1800,15.2159,157700
2005-04-26,19.2300,19.8900,19.1500,19.3100,15.3190,304500
2005-04-27,19.1800,19.3700,18.4300,18.6300,14.7795,295000
2005-04-28,18.3600,18.4400,17.7400,18.0300,14.3035,287000
2005-04-29,18.0000,19.1900,18.0000,18.8400,14.9461,298600
2005-05-02,18.5700,19.1300,18.3000,18.7700,14.8906,311700
2005-05-03,18.8600,18.9800,18.3200,18.8600,14.9620,193500
2005-05-04,19.0000,19.6900,18.9600,19.5500,15.5094,316100
2005-05-05,19.8300,19.8300,19.2600,19.4200,15.4062,360900
2005-05-06,19.2100,19.3800,18.6600,18.9900,15.0651,312700
2005-05-09,18.8800,19.1700,18.6500,19.0000,15.0731,230700
2005-05-10,19.0100,19.2100,18.5700,18.7100,14.8430,239300
2005-05-11,18.6000,19.0500,18.3700,18.4900,14.6685,228300
2005-05-12,18.2800,18.4900,17.4300,17.6700,14.0179,359500
2005-05-13,17.4500,17.6600,17.0500,17.1600,13.6134,242300
2005-05-16,17.2700,17.5500,16.2300,16.5200,13.1056,543000
2005-05-17,16.5000,16.8100,16.2600,16.6600,13.2167,448000
2005-05-18,16.7900,17.2100,16.7700,16.9500,13.4467,289700
2005-05-19,16.8000,16.9900,16.5400,16.7200,13.2643,199000
2005-05-20,16.5400,16.6000,15.9900,16.4500,13.0501,338600
2005-05-23,16.4500,17.0000,16.2400,16.9100,13.4150,251300
2005-05-24,17.0300,17.3500,16.9400,17.2000,13.6451,201400
2005-05-25,17.1600,17.5100,17.0300,17.1800,13.6292,182800
2005-05-26,17.1800,17.4800,17.0600,17.1600,13.6134,154400
2005-05-27,17.1500,17.6800,17.1500,17.4800,13.8672,157200
2005-05-31,17.1000,17.8600,16.7500,17.5500,13.9227,292400
2005-06-01,17.3700,18.7400,17.3300,18.5500,14.7161,456200
2005-06-02,18.7300,19.0000,18.4200,18.5000,14.6764,204100
2005-06-03,18.6500,18.9800,18.4900,18.5800,14.7399,124200
2005-06-06,18.7000,18.9800,18.3800,18.4700,14.6526,171500
2005-06-07,18.3700,18.7200,18.1600,18.1700,14.4146,183800
2005-06-08,18.1500,18.7100,17.9600,18.1500,14.3987,191600
2005-06-09,18.1600,18.4800,17.8000,18.4800,14.6605,98200
2005-06-10,18.3600,18.9500,18.0800,18.7700,14.8906,272700
2005-06-13,18.9800,19.1400,18.8500,19.0900,15.1445,264400
2005-06-14,19.1500,19.1500,18.8000,19.0400,15.1048,187700
2005-06-15,19.1900,19.5600,19.1200,19.3900,15.3825,247600
2005-06-16,19.6000,20.2200,19.6000,19.9700,15.8426,453500
2005-06-17,20.2000,20.3600,19.7900,19.8800,15.7712,285300
2005-06-20,20.0700,20.2100,19.6100,19.8600,15.7553,224800
2005-06-21,19.8400,20.0300,19.4500,19.9200,15.8029,184900
2005-06-22,20.0100,20.0100,19.5400,19.7500,15.6680,154200
2005-06-23,19.8900,20.4400,19.7000,20.0000,15.8664,286100
2005-06-24,19.9600,20.4500,19.6800,20.1100,15.9536,191700
2005-06-27,20.0000,20.1500,19.7500,19.7800,15.6919,198100
2005-06-28,19.5800,19.6100,19.2000,19.3300,15.3348,355700
2005-06-29,19.0900,20.4200,19.0900,20.3100,16.1123,435700
2005-06-30,20.2700,20.5000,20.0500,20.1200,15.9616,325200
2005-07-01,20.0000,20.2000,19.0600,19.9200,15.8029,344500
2005-07-05,19.5800,19.6300,19.2500,19.4300,15.4142,350400
2005-07-06,19.2800,19.9500,19.2800,19.8900,15.8198,337600
2005-07-07,19.9200,20.4000,19.9200,20.2400,16.0982,388900
2005-07-08,20.4300,20.4300,19.7500,20.0600,15.9550,207700
2005-07-11,20.0000,20.4300,19.7400,20.2700,16.1221,189600
2005-07-12,20.2200,20.3800,20.1000,20.3500,16.1857,158400
2005-07-13,20.1600,20.1900,19.8100,20.0800,15.9709,206800
2005-07-14,19.9200,20.0600,19.2900,19.3100,15.3585,485400
2005-07-15,19.2600,19.4000,18.9100,19.0600,15.1597,300000
2005-07-18,18.8400,19.1000,18.7500,18.8900,15.0245,178000
2005-07-19,18.8800,19.4000,18.7400,19.3100,15.3585,180400
2005-07-20,19.4800,19.8200,19.3900,19.6900,15.6608,140800
2005-07-21,19.8400,20.0000,19.6000,19.8100,15.7562,269800
2005-07-22,19.8600,19.8600,19.5500,19.7000,15.6687,216600
2005-07-25,19.7000,19.7100,19.2900,19.2900,15.3426,161700
2005-07-26,19.3000,19.3000,18.9200,19.1300,15.2153,149400
2005-07-27,19.1900,19.4000,18.9100,19.1200,15.2074,159900
2005-07-28,19.2100,19.6400,18.9400,19.5100,15.5176,300000
2005-07-29,19.5200,19.8400,19.1500,19.1900,15.2631,179700
2005-08-01,19.2000,19.7300,19.2000,19.5100,15.5176,268300
2005-08-02,19.3600,19.9500,19.3600,19.8300,15.7721,188700
2005-08-03,20.0100,21.4700,20.0100,21.2500,16.9015,500400
2005-08-04,21.1900,21.4600,20.8600,21.0000,16.7027,392300
2005-08-05,21.0800,21.2400,20.6200,20.8100,16.5516,153500
2005-08-08,21.0000,21.0600,20.3000,20.3800,16.2095,164000
2005-08-09,20.5000,21.3200,20.2700,21.1900,16.8538,241600
2005-08-10,21.3000,21.6000,21.2500,21.6000,17.1799,296500
2005-08-11,21.9100,22.4100,21.8200,22.2900,17.7287,473500
2005-08-12,22.2500,22.3400,21.4200,22.0400,17.5299,294500
2005-08-15,21.8400,22.3100,21.6100,22.2800,17.7207,337000
2005-08-16,22.3500,22.7000,22.0400,22.1000,17.5776,203100
2005-08-17,22.0800,22.0800,21.4500,21.6600,17.2276,316600
2005-08-18,21.3000,21.8700,21.0800,21.1600,16.8299,285000
2005-08-19,22.6000,23.1900,22.2700,22.7100,18.0627,1062500
2005-08-22,22.9800,22.9800,22.2700,22.5200,17.9116,566500
2005-08-23,22.6800,22.8000,22.3300,22.4400,17.8480,251100
2005-08-24,22.5700,22.7900,22.1600,22.3000,17.7366,353400
2005-08-25,22.6900,22.8500,22.3600,22.6500,18.0150,326000
2005-08-26,22.8200,23.1600,22.6400,22.8600,18.1821,338200
2005-08-29,23.2500,23.5000,22.9500,23.2100,18.4604,370900
2005-08-30,22.8100,23.1300,22.5000,22.5900,17.9673,449000
2005-08-31,22.6000,23.8800,22.6000,23.8800,18.9933,353100
2005-09-01,24.3000,25.0700,24.2200,24.7500,19.6853,570400
2005-09-02,24.8800,25.0500,24.4800,24.6200,19.5819,195300
2005-09-06,24.7300,25.0500,24.6500,24.8000,19.7251,568200
2005-09-07,24.8900,25.2900,24.5000,24.6200,19.5819,404800
2005-09-08,24.8000,25.2700,24.7600,25.2100,20.0512,386400
2005-09-09,25.7500,25.9700,25.4500,25.7000,20.4409,477200
2005-09-12,25.7000,25.9000,25.2200,25.8900,20.5920,292800
2005-09-13,25.7500,25.8300,25.1400,25.7300,20.4648,263300
2005-09-14,26.0000,26.8200,26.0000,26.5000,21.0772,412000
2005-09-15,26.9700,27.2700,26.5700,26.9400,21.4271,572800
2005-09-16,27.2800,28.8300,27.2300,28.6200,22.7634,782100
2005-09-19,29.3200,30.2000,27.8200,28.2800,22.4929,1217100
2005-09-20,28.4900,28.5400,27.0600,27.1900,21.6260,613500
2005-09-21,27.4900,28.7800,25.8600,26.4400,21.0295,2046500
2005-09-22,26.5000,26.6500,25.3600,25.7400,20.4727,2028100
2005-09-23,25.4400,27.2500,24.8700,26.9600,21.4431,1058600
2005-09-26,26.8600,28.2000,26.1600,27.5300,21.8964,940000
2005-09-27,27.5000,27.6500,26.5000,27.2500,21.6737,544600
2005-09-28,27.4300,27.8600,26.7200,27.6000,21.9521,488400
2005-09-29,27.6700,28.0500,27.0600,27.6100,21.9600,619700
2005-09-30,27.6200,27.8000,26.7500,26.8800,21.3794,617100
2005-10-03,26.7700,27.3000,26.1100,26.8400,21.3476,521300
2005-10-04,26.9200,27.1700,26.0500,26.1100,20.7670,645600
2005-10-05,25.9500,26.0900,24.7300,24.8000,19.7629,1001900
2005-10-06,25.0100,25.6000,24.3300,24.7600,19.7310,1197700
2005-10-07,24.8400,25.4200,24.4000,25.2100,20.0896,812400
2005-10-10,25.2000,25.5900,24.6000,24.9300,19.8665,453600
2005-10-11,25.0100,25.3900,24.3400,24.6600,19.6513,549900
2005-10-12,24.4800,24.9600,22.8600,22.9800,18.3126,1274400
2005-10-13,23.0500,23.0500,22.3600,22.9000,18.2488,921000
2005-10-14,22.7900,23.6100,22.5000,23.5900,18.7987,863700
2005-10-17,23.8300,24.3800,23.8300,23.9400,19.0776,633800
2005-10-18,23.9200,23.9600,22.8700,22.9300,18.2727,557500
2005-10-19,22.6700,22.8200,22.0700,22.7700,18.1452,654900
2005-10-20,22.5100,22.6900,20.9500,21.4500,17.0933,1642300
2005-10-21,21.3500,22.5100,21.2200,22.2900,17.7627,741300
2005-10-24,22.2800,22.9600,22.0300,22.3400,17.8026,647700
2005-10-25,22.6200,23.7400,22.6200,23.5800,18.7907,882600
2005-10-26,23.4900,24.2900,22.9100,23.2200,18.5038,920400
2005-10-27,23.8000,23.9100,22.7400,22.8600,18.2169,509900
2005-10-28,22.8700,23.5200,22.5700,23.3200,18.5835,329400
2005-10-31,23.5000,23.5000,22.8100,23.0200,18.3444,636300
2005-11-01,22.8500,23.0600,22.3200,22.4400,17.8822,576600
2005-11-02,22.4900,23.7700,22.4900,23.6800,18.8704,394700
2005-11-03,23.8800,24.2200,23.1800,23.4600,18.6951,434800
2005-11-04,23.7900,23.8900,22.5500,22.8400,18.2010,516100
2005-11-07,22.9600,22.9600,22.0200,22.3900,17.8424,453800
2005-11-08,22.6100,22.6500,22.1100,22.2200,17.7069,292600
2005-11-09,22.4500,23.6500,22.3300,23.6100,18.8146,630500
2005-11-10,23.6400,23.7600,22.6200,22.9200,18.2648,564200
2005-11-11,23.0700,23.6800,22.7200,23.5500,18.7668,273500
2005-11-14,23.5800,23.6600,23.0000,23.2000,18.4879,296500
2005-11-15,23.2200,23.4600,22.5900,22.6200,18.0257,350400
2005-11-16,23.2700,24.8700,23.1300,24.8200,19.7788,949200
2005-11-17,25.2500,26.2200,25.1200,25.8400,20.5917,1276600
2005-11-18,26.2000,26.2000,25.1500,25.5800,20.3845,604800
2005-11-21,26.3900,26.8200,25.7500,26.7500,21.3169,629600
2005-11-22,26.9500,27.1800,26.0000,26.7000,21.2770,592700
2005-11-23,26.0900,26.7400,25.8100,26.5600,21.1654,432500
2005-11-25,26.7000,27.2000,26.6400,27.0800,21.5798,288800
2005-11-28,27.0900,27.3900,26.7500,26.9500,21.4762,630700
2005-11-29,26.9800,27.1000,26.5900,26.9700,21.4922,463600
2005-11-30,26.5000,26.7400,25.7100,26.0200,20.7351,608500
2005-12-01,26.2900,27.4600,26.2900,27.4200,21.8508,674800
2005-12-02,27.3700,27.7900,26.6700,27.1200,21.6117,654000
2005-12-05,27.2700,27.9500,27.0200,27.7700,22.1297,773000
2005-12-06,27.4900,28.8800,27.1500,28.7300,22.8947,827000
2005-12-07,29.1100,29.7200,28.6900,29.5000,23.5083,1001600
2005-12-08,29.6000,30.4800,29.4000,30.3500,24.1857,1035000
2005-12-09,30.6100,31.4900,29.8900,30.0800,23.9705,1606100
2005-12-12,30.9300,31.3500,29.5600,30.0000,23.9068,1764200
2005-12-13,29.4300,30.4400,29.2800,30.0300,23.9307,1164800
2005-12-14,29.5000,30.3700,29.2200,29.6700,23.6438,549400
2005-12-15,29.6000,31.4300,29.6000,30.8700,24.6000,885700
2005-12-16,31.0900,31.2500,30.5200,30.7900,24.5363,645600
2005-12-19,31.0500,31.2300,30.1400,30.5600,24.3530,526700
2005-12-20,30.5600,30.8600,29.6500,29.8200,23.7633,622300
2005-12-21,29.9300,31.3800,29.8500,31.3200,24.9586,794600
2005-12-22,31.4500,33.4200,31.4000,33.1900,26.4488,1363400
2005-12-23,32.8600,34.3600,32.7100,33.6000,26.7755,723500
2005-12-27,34.0000,34.7400,33.5200,33.7300,26.8791,653500
2005-12-28,34.3700,35.6900,34.0600,35.6600,28.4172,802900
2005-12-29,35.4800,35.4800,34.6400,35.1300,27.9948,870600
2005-12-30,35.0400,35.3800,34.0400,34.7300,27.6760,515300
2006-01-03,35.2500,37.1300,35.1900,36.8800,29.3894,972000
2006-01-04,36.7800,37.0700,36.0500,36.9400,29.4811,745800
2006-01-05,36.2000,36.6700,35.8200,36.3200,28.9863,747200
2006-01-06,37.2000,38.2700,37.0500,37.9800,30.3111,761100
2006-01-09,37.8000,39.6000,37.5700,38.3200,30.5825,913300
2006-01-10,37.9500,38.5000,36.8600,38.1500,30.4468,796000
2006-01-11,38.0600,38.9300,38.0600,38.4500,30.6862,639100
2006-01-12,38.3400,38.4300,37.6300,37.6500,30.0478,709600
2006-01-13,37.7900,39.7500,37.4000,39.1600,31.2529,836000
2006-01-17,39.2800,40.1900,39.0300,39.3300,31.3886,775000
2006-01-18,38.6400,38.9700,36.9100,37.1600,29.6567,1218600
2006-01-19,37.9200,39.6000,37.8500,39.4100,31.4524,705800
2006-01-20,40.2600,41.6600,38.5500,39.0800,31.1890,1464600
2006-01-23,38.6200,38.7400,35.6100,37.0500,29.5689,2317300
2006-01-24,37.0500,37.6600,35.7800,36.7300,29.3135,979900
2006-01-25,37.9600,38.3400,37.0000,37.4500,29.8882,858500
2006-01-26,37.0200,38.4100,36.7800,38.4000,30.6463,492000
2006-01-27,38.4900,39.4000,38.0000,38.4500,30.6862,578400
2006-01-30,38.7900,39.3300,38.3200,38.9700,31.1013,496100
2006-01-31,39.0100,40.0000,38.4700,39.0300,31.1491,1070200
2006-02-01,38.9000,39.2800,37.5400,38.8500,31.0055,745200
2006-02-02,38.5700,39.1000,36.8800,36.9600,29.4971,821000
2006-02-03,37.0000,37.2900,35.0100,36.3000,28.9704,902700
2006-02-06,36.5800,37.4700,36.5100,37.3500,29.8083,729200
2006-02-07,36.7000,37.0000,34.0000,34.1200,27.2306,1262600
2006-02-08,34.2600,34.5100,32.8200,33.6400,26.8475,1224100
2006-02-09,34.3400,34.9900,33.7000,33.9700,27.1108,824800
2006-02-10,33.6400,34.2000,31.8700,32.9100,26.2649,904600
2006-02-13,32.7100,33.9200,32.3300,33.3500,26.6160,928000
2006-02-14,33.5600,34.6400,32.3700,34.2800,27.3582,861700
2006-02-15,34.2900,34.5100,32.6500,32.8600,26.2250,725900
2006-02-16,32.8000,33.5700,32.5500,33.1400,26.4484,605000
2006-02-17,33.4000,34.0000,33.0800,33.3700,26.6320,523000
2006-02-21,33.8900,34.2100,33.0100,33.2800,26.5602,510800
2006-02-22,33.1100,33.5900,32.7100,33.2900,26.5681,368500
2006-02-23,33.1800,33.1800,31.3100,31.4400,25.0917,916200
2006-02-24,31.8800,33.9900,31.3900,33.9000,27.0550,988100
2006-02-27,33.3800,33.9300,31.9000,32.1300,25.6424,710900
2006-02-28,32.7700,33.1300,31.3300,31.4300,25.0837,881000
2006-03-01,31.7300,31.9000,30.4800,30.7200,24.5171,1262100
2006-03-02,31.2400,31.8000,30.5500,31.4200,25.0757,1378800
2006-03-03,31.3200,32.2900,31.2000,31.9000,25.4588,739400
2006-03-06,31.6900,31.9300,29.6300,29.9700,23.9185,1246300
2006-03-07,30.1300,30.2100,28.7600,29.1700,23.2800,759500
2006-03-08,28.6600,29.7300,28.3500,29.1500,23.2641,963100
2006-03-09,29.8400,29.8500,27.8600,28.1700,22.4820,912800
2006-03-10,28.1000,29.2300,27.6200,28.9900,23.1364,780100
2006-03-13,29.3400,29.4800,28.4200,28.8700,23.0406,585300
2006-03-14,28.7300,29.8000,28.4300,29.4400,23.4955,705600
2006-03-15,29.9400,30.5800,29.5000,30.2600,24.1500,674200
2006-03-16,30.5700,30.5900,29.4200,29.5500,23.5833,627200
2006-03-17,29.9000,29.9800,29.2000,29.5300,23.5674,512500
2006-03-20,29.5500,29.8500,28.2600,28.3500,22.6256,540800
2006-03-21,27.4200,28.5300,27.0100,27.4200,21.8834,804600
2006-03-22,27.5500,28.3500,27.2800,27.6100,22.0350,437400
2006-03-23,27.6400,30.3100,27.6200,29.9900,23.9345,1003600
2006-03-24,30.0100,32.1300,29.9700,31.7500,25.3391,1210400
2006-03-27,32.3200,34.4300,32.1300,34.1600,27.2625,1311500
2006-03-28,34.2100,34.6900,33.3900,33.8700,27.0310,798000
2006-03-29,33.8700,37.1600,33.8500,36.4700,29.1060,1232300
2006-03-30,37.5100,38.8900,36.5200,37.5700,29.9839,1123900
2006-03-31,36.7600,38.4000,36.1100,36.1900,28.8826,753300
2006-04-03,36.5000,37.5000,34.6300,35.0200,27.9488,908800
2006-04-04,34.8000,35.8700,34.7800,35.7500,28.5314,396500
2006-04-05,35.9300,36.5300,35.4400,36.4400,29.1269,404400
2006-04-06,37.2200,37.2200,35.6200,36.3900,29.0869,436200
2006-04-07,36.0000,36.1400,35.1000,35.1800,28.1198,359400
2006-04-10,35.9300,36.1800,34.3100,34.6600,27.7041,612200
2006-04-11,34.6700,35.1200,33.0000,33.1900,26.5291,573500
2006-04-12,33.0400,34.4900,33.0400,34.0200,27.1926,459400
2006-04-13,34.0200,35.2800,33.6600,35.2000,28.1358,359300
2006-04-17,36.0800,36.2000,35.1100,35.6500,28.4954,550600
2006-04-18,35.2300,36.5400,35.0000,36.2700,28.9910,708500
2006-04-19,36.4500,36.8400,35.3100,36.7500,29.3747,878400
2006-04-20,36.6000,36.6800,33.7500,33.9400,27.1286,1027100
2006-04-21,34.5500,35.2000,33.9500,34.8700,27.8720,460500
2006-04-24,34.4500,34.4500,33.2500,33.9200,27.1126,470500
2006-04-25,34.4700,34.8400,33.0200,33.2100,26.5451,581000
2006-04-26,33.2600,33.9900,33.1800,33.4200,26.7130,469100
2006-04-27,32.9400,34.3800,32.2700,32.8700,26.2734,542900
2006-04-28,33.0500,34.6500,33.0500,34.2700,27.3924,646200
2006-05-01,34.5500,35.4500,33.4300,33.5000,26.7769,481400
2006-05-02,33.6900,33.9100,31.4800,31.9400,25.5300,1091200
2006-05-03,32.2400,32.4600,30.8500,32.1100,25.6659,925100
2006-05-04,31.5000,32.0700,30.3000,30.6300,24.4829,1061000
2006-05-05,30.5700,32.4700,30.4600,31.8300,25.4421,729300
2006-05-08,31.5900,31.5900,30.7500,31.3800,25.0824,550500
2006-05-09,31.6200,34.1500,31.6200,34.0600,27.2245,1157800
2006-05-10,33.9900,35.2200,33.6500,34.8000,27.8160,944800
2006-05-11,35.4600,35.5300,33.3900,33.4600,26.7450,986500
2006-05-12,33.5200,33.8800,31.4500,31.7300,25.3622,688200
2006-05-15,30.5100,32.1400,30.4400,30.5800,24.4429,746900
2006-05-16,30.5200,31.8400,29.7000,30.4500,24.3390,632200
2006-05-17,31.0000,31.8700,29.5900,29.7000,23.7396,565500
2006-05-18,29.6900,30.6400,28.3100,28.5900,22.8523,780600
2006-05-19,27.9700,28.9400,27.0800,28.6800,22.9243,933700
2006-05-22,28.5000,29.3200,28.0300,29.0900,23.2520,703500
2006-05-23,29.8500,30.5400,29.1600,29.2400,23.3719,520600
2006-05-24,28.5700,29.3900,27.4500,28.1000,22.4607,758200
2006-05-25,28.6300,29.3400,28.1600,28.8100,23.0282,465100
2006-05-26,29.0500,29.3700,28.5000,28.9300,23.1241,297200
2006-05-30,29.2900,29.3800,27.8700,27.8700,22.2768,444400
2006-05-31,27.9500,28.6200,27.7200,28.2800,22.6045,385500
2006-06-01,27.4500,28.3000,26.7800,28.0900,22.4527,471400
2006-06-02,28.5200,29.2800,28.3200,28.5000,22.7804,383000
2006-06-05,28.5800,29.3900,27.3300,27.4700,21.9571,572200
2006-06-06,27.5300,27.5800,26.4300,26.7300,21.3656,551500
2006-06-07,26.5600,27.8000,25.8000,26.2900,21.0139,457000
2006-06-08,26.1000,26.5600,24.4800,26.1800,20.9260,696700
2006-06-09,26.4000,26.9600,25.5000,25.6000,20.4624,405500
2006-06-12,25.7500,26.3900,24.5400,24.5900,19.6551,428900
2006-06-13,24.1000,24.8400,23.0000,23.5700,18.8398,979100
2006-06-14,24.0700,25.2800,23.6500,24.4800,19.5671,545400
2006-06-15,25.6300,26.8800,25.5000,26.6200,21.2777,744600
2006-06-16,26.4800,26.7300,25.2200,25.4800,20.3665,828000
2006-06-19,25.5000,25.6200,24.6700,24.9900,19.9748,488400
2006-06-20,25.0900,26.0300,24.8600,25.5200,20.3984,410300
2006-06-21,25.5000,26.5800,25.3600,26.4300,21.1258,315500
2006-06-22,26.4800,26.7400,25.7500,25.9300,20.7261,427700
2006-06-23,25.7300,26.7700,25.3500,26.6100,21.2697,379500
2006-06-26,26.7900,27.1600,26.2000,26.6200,21.2777,304600
2006-06-27,26.7500,27.5800,25.9300,26.0000,20.7821,387200
2006-06-28,26.1800,26.2700,25.4200,25.6200,20.4784,275000
2006-06-29,25.8000,27.7600,25.8000,27.6400,22.0930,436000
2006-06-30,28.2000,28.4400,27.5000,27.8200,22.2368,562800
2006-07-03,27.7400,29.1300,27.7400,29.0100,23.1880,360600
2006-07-05,28.9800,29.0000,27.6500,28.0800,22.4873,400900
2006-07-06,28.1400,29.1100,27.9800,28.8500,23.1039,311900
2006-07-07,28.7200,29.2300,27.9300,27.9500,22.3832,289200
2006-07-10,27.9500,28.1900,27.3900,27.6100,22.1109,220500
2006-07-11,27.5400,28.9400,27.3900,28.8900,23.1360,435100
2006-07-12,29.0000,29.9900,28.8000,28.8500,23.1039,482100
2006-07-13,28.8000,28.9200,27.4500,28.3100,22.6715,548800
2006-07-14,28.7500,29.0000,27.9100,28.5400,22.8557,223800
2006-07-17,28.3400,28.4700,27.5400,27.7900,22.2551,323100
2006-07-18,27.7500,27.9700,26.8800,27.7000,22.1830,635400
2006-07-19,27.6100,29.6900,27.6100,29.5300,23.6485,542700
2006-07-20,29.5600,29.7400,27.6500,27.7600,22.2310,651300
2006-07-21,27.9500,28.3500,26.7200,27.0000,21.6224,463400
2006-07-24,27.0000,28.0000,26.4100,28.0000,22.4232,314100
2006-07-25,28.1500,28.7600,27.6900,28.4200,22.7596,449000
2006-07-26,28.2800,28.9500,27.6200,28.7300,23.0078,248400
2006-07-27,29.4900,30.3900,28.1200,28.6400,22.9358,621500
2006-07-28,28.8100,29.6600,28.6300,29.6500,23.7446,258100
2006-07-31,29.4700,29.8700,29.0000,29.6300,23.7286,236900
2006-08-01,29.5300,29.9800,29.0400,29.7100,23.7927,274900
2006-08-02,29.7700,30.6500,29.7700,30.5000,24.4253,410400
2006-08-03,30.2600,30.6300,29.6100,30.0600,24.0729,207800
2006-08-04,30.7200,30.8900,29.3100,29.6800,23.7686,235500
2006-08-07,29.8800,30.3000,29.3800,29.9900,24.0169,147100
2006-08-08,29.9200,30.1700,29.1000,29.2500,23.4243,225100
2006-08-09,29.8100,30.1800,29.1600,29.4500,23.5844,261800
2006-08-10,29.1400,29.5200,28.8300,29.3400,23.4963,257200
2006-08-11,29.2100,29.6000,28.5000,29.0400,23.2561,415000
2006-08-14,28.7300,29.1500,28.2800,28.3800,22.7275,247800
2006-08-15,28.2900,29.0500,28.2600,28.9800,23.2080,159900
2006-08-16,29.2200,29.7200,29.2100,29.6100,23.7126,174400
2006-08-17,29.2200,29.5900,28.0600,28.6300,22.9278,345600
2006-08-18,28.7900,28.9000,27.7800,28.5700,22.8797,266000
2006-08-21,28.7000,29.7000,28.7000,29.5600,23.6725,255400
2006-08-22,29.3400,30.1500,28.8200,30.0300,24.0489,443800
2006-08-23,30.2000,30.4800,29.1900,29.2900,23.4563,223400
2006-08-24,29.2600,30.1200,29.1300,29.3600,23.5124,204900
2006-08-25,29.4000,29.8600,29.2000,29.4700,23.6004,246300
2006-08-28,29.5000,29.5300,28.6700,28.7600,23.0319,204800
2006-08-29,28.7700,29.0400,28.1500,28.9900,23.2161,233000
2006-08-30,29.1200,29.5800,28.9000,29.2400,23.4163,233600
2006-08-31,29.4400,29.9800,29.3100,29.7900,23.8567,267900
2006-09-01,29.8100,29.9800,29.0500,29.6500,23.7446,284100
2006-09-05,30.0000,31.1200,30.0000,30.9800,24.8097,411800
2006-09-06,30.9300,31.8200,30.5200,30.7700,24.6415,499100
2006-09-07,30.1000,30.3000,29.4600,29.5600,23.6725,369000
2006-09-08,29.4700,29.4700,28.8400,28.8500,23.1039,201500
2006-09-11,28.0000,28.0000,26.4600,26.6900,21.3741,634200
2006-09-12,26.6000,27.3700,26.5000,26.7600,21.4302,411400
2006-09-13,26.8400,27.5100,26.7900,27.4000,21.9427,313800
2006-09-14,27.4100,27.6300,25.7600,26.1100,20.9097,412700
2006-09-15,26.3700,27.5300,25.6700,27.1900,21.7746,615100
2006-09-18,27.7100,27.8800,26.9400,27.7000,22.1830,316000
2006-09-19,27.1600,27.8800,26.4800,26.8500,21.5023,341800
2006-09-20,27.1500,27.8700,26.7200,26.8800,21.5263,217700
2006-09-21,26.9000,27.7000,26.7800,27.1900,21.7746,259000
2006-09-22,27.3100,27.7800,26.6300,26.9700,21.5984,220100
2006-09-25,26.9300,26.9300,25.8700,26.2900,21.0538,324000
2006-09-26,26.1700,27.1200,25.9900,26.9700,21.5984,215400
2006-09-27,26.9800,28.1800,26.9800,28.0500,22.4633,393400
2006-09-28,28.2400,28.4100,27.4000,27.4700,21.9988,207900
2006-09-29,27.4000,27.7900,26.9700,27.1300,21.7265,203000
2006-10-02,27.0000,27.4100,26.6500,26.7600,21.4302,195600
2006-10-03,26.3000,26.3000,24.7600,25.0000,20.0207,587600
2006-10-04,25.1300,25.7200,24.1200,25.4600,20.4341,556300
2006-10-05,25.9700,26.7000,25.9500,26.5700,21.3250,343700
2006-10-06,25.8300,26.7500,25.8300,26.4900,21.2608,307200
2006-10-09,26.8100,27.0000,26.1900,26.3200,21.1243,248300
2006-10-10,26.2500,26.9600,25.8600,26.5500,21.3089,258800
2006-10-11,26.5500,26.9400,26.3700,26.5100,21.2768,261800
2006-10-12,26.6100,27.4700,26.5200,27.4300,22.0152,233300
2006-10-13,27.7700,28.3000,27.7000,28.1500,22.5931,233500
2006-10-16,28.3000,28.6000,27.8000,28.4400,22.8258,237300
2006-10-17,28.2000,28.5700,27.6000,28.5100,22.8820,215100
2006-10-18,28.5800,28.7100,27.4800,27.5300,22.0954,290500
2006-10-19,27.6000,28.7000,27.6000,28.6600,23.0024,256900
2006-10-20,28.8000,28.8000,27.8300,27.8700,22.3683,231500
2006-10-23,27.6400,27.8600,27.1600,27.7800,22.2961,318600
2006-10-24,27.5200,28.0200,27.1600,27.8100,22.3202,205200
2006-10-25,27.7400,28.5500,27.5200,28.5300,22.8981,391200
2006-10-26,28.6800,28.9200,28.2100,28.6500,22.9943,305500
2006-10-27,28.6300,29.1500,28.5400,28.5400,22.9061,238800
2006-10-30,28.6000,29.1900,28.6000,29.0000,23.2753,243100
2006-10-31,28.6000,29.6900,28.5000,29.4400,23.6284,245900
2006-11-01,30.1500,30.1500,28.5100,28.9300,23.2191,453300
2006-11-02,29.0700,29.4400,28.6000,28.8800,23.1790,333200
2006-11-03,28.8800,29.7300,28.6900,29.1500,23.3957,272000
2006-11-06,29.3000,29.5600,28.5700,28.6500,22.9943,342300
2006-11-07,28.8000,29.4400,28.5900,28.7800,23.0987,286500
2006-11-08,28.8500,29.5100,28.6800,29.2000,23.4358,261500
2006-11-09,29.4900,30.1000,29.0700,29.9600,24.0458,409200
2006-11-10,29.9700,29.9700,29.0100,29.3300,23.5401,289200
2006-11-13,28.9800,29.1900,28.5200,29.0900,23.3475,312900
2006-11-14,29.6300,29.6300,28.3000,28.8100,23.1228,308600
2006-11-15,28.3500,29.6300,28.3100,29.6100,23.7649,394700
2006-11-16,29.7500,29.8400,28.3300,28.4200,22.8098,350300
2006-11-17,28.3600,28.7100,27.8500,28.4500,22.8338,392900
2006-11-20,28.5600,28.9600,27.7700,27.9500,22.4325,299500
2006-11-21,28.1000,29.2000,28.1000,28.9900,23.2672,269500
2006-11-22,29.1000,29.3300,28.3000,28.6700,23.0104,296200
2006-11-24,29.1900,29.9400,29.1100,29.5300,23.7006,144300
2006-11-27,30.0000,30.1800,29.2300,29.3100,23.5241,398600
2006-11-28,29.3500,29.6300,28.9200,29.6300,23.7809,292100
2006-11-29,29.7000,29.9500,29.3000,29.8500,23.9575,231000
2006-11-30,30.5000,31.9100,30.3600,31.8600,25.5707,726100
2006-12-01,31.9100,32.5000,31.8300,32.4200,26.0201,411900
2006-12-04,32.3700,34.0100,32.1500,33.9900,27.2802,802100
2006-12-05,34.2500,34.2500,32.7500,33.0500,26.5258,523900
2006-12-06,32.6100,33.4200,32.2500,32.6800,26.2288,388600
2006-12-07,32.6100,33.3000,31.6900,32.5800,26.1486,382900
2006-12-08,32.7800,33.3800,31.9000,32.2400,25.8757,349700
2006-12-11,31.9900,33.3200,31.9900,33.1000,26.5659,332700
2006-12-12,33.1000,33.4600,32.2700,33.1100,26.5739,320100
2006-12-13,32.8900,33.7500,32.7700,33.6500,27.0073,352300
2006-12-14,33.8500,34.0400,33.4500,33.9600,27.2561,427300
2006-12-15,34.0800,34.4200,33.4700,33.8900,27.2000,905200
2006-12-18,33.8900,34.2500,33.4600,33.7800,27.1117,463500
2006-12-19,33.8000,35.9800,33.6700,35.8100,28.7409,751800
2006-12-20,35.4500,35.8000,35.0000,35.3200,28.3477,539400
2006-12-21,35.2500,35.6600,34.9800,35.4300,28.4360,445200
2006-12-22,35.4000,35.6800,34.9800,35.5800,28.5563,283600
2006-12-26,35.8300,36.4700,35.2800,35.7900,28.7249,280800
2006-12-27,36.0600,36.9100,35.8000,36.8700,29.5917,326700
2006-12-28,36.9300,37.5000,36.5000,37.0400,29.7281,337000
2006-12-29,36.9400,36.9400,35.9300,35.9800,28.8774,293600
2007-01-03,35.8900,36.5000,33.6500,34.0100,27.3457,743600
2007-01-04,33.7800,33.8400,32.9700,33.1400,26.6461,548600
2007-01-05,32.7700,32.9400,31.1700,32.1900,25.8823,849000
2007-01-08,32.4600,32.4600,31.5600,31.9200,25.6652,431300
2007-01-09,31.9000,31.9000,30.4300,31.4000,25.2471,555300
2007-01-10,31.1200,31.2200,30.4600,30.7400,24.7164,436300
2007-01-11,30.7600,31.8900,30.7400,30.9700,24.9014,392700
2007-01-12,31.0200,32.1500,30.8700,32.0900,25.8019,535900
2007-01-16,32.0300,32.2500,31.3000,31.3500,25.2069,332700
2007-01-17,31.3900,32.3500,31.3200,31.5800,25.3918,311600
2007-01-18,31.6600,31.8800,30.0800,30.2100,24.2903,565900
2007-01-19,30.2100,30.5000,29.6600,30.4100,24.4511,586200
2007-01-22,30.4100,30.8500,29.9400,30.3600,24.4109,341700
2007-01-23,30.9600,31.6400,30.6800,31.5000,25.3275,403600
2007-01-24,31.0500,32.1000,30.9400,32.0400,25.7617,440400
2007-01-25,32.3000,33.1700,31.7700,32.1700,25.8662,737100
2007-01-26,32.2100,32.2600,31.5000,31.9400,25.6813,265200
2007-01-29,31.6900,32.1000,31.0600,31.3400,25.1989,302300
2007-01-30,31.9000,31.9400,31.3900,31.7600,25.5366,207000
2007-01-31,31.6100,32.9000,31.3700,32.2100,25.8984,412200
2007-02-01,32.8500,33.4300,32.4500,32.7400,26.3245,329100
2007-02-02,32.6500,32.6500,31.5700,32.4600,26.0994,319600
2007-02-05,32.7900,33.1200,32.5700,32.7400,26.3245,237700
2007-02-06,33.1100,33.3400,32.7100,33.1900,26.6864,263200
2007-02-07,33.1400,33.5600,32.2700,32.6700,26.2682,224900
2007-02-08,32.5500,32.8200,32.1300,32.6400,26.2441,332500
2007-02-09,32.6900,33.3400,32.0400,32.1500,25.8502,278600
2007-02-12,32.0600,32.4300,31.6200,31.8700,25.6250,226000
2007-02-13,32.2500,32.7300,32.0100,32.5300,26.1557,272900
2007-02-14,32.6600,32.9200,32.2400,32.4100,26.0592,210600
2007-02-15,32.4200,32.6500,32.0800,32.4000,26.0512,180200
2007-02-16,32.3500,32.3900,31.9300,32.0800,25.7939,150900
2007-02-20,31.8800,32.1900,31.4400,32.1600,25.8582,319000
2007-02-21,32.1000,35.4400,32.1000,34.7400,27.9326,979800
2007-02-22,34.7000,35.3600,34.3500,34.9000,28.0613,470800
2007-02-23,35.3000,36.1300,35.2200,35.3800,28.4472,355800
2007-02-26,35.9900,35.9900,34.9600,35.3100,28.3909,284700
2007-02-27,34.3300,34.9400,32.0200,32.2300,25.9145,648800
2007-02-28,32.4200,33.5900,32.0500,33.1000,26.6140,450300
2007-03-01,32.5000,33.1000,32.2300,32.6600,26.2602,326700
2007-03-02,32.2500,32.7100,30.7900,31.1400,25.0381,570500
2007-03-05,30.8700,32.1400,30.6000,30.8400,24.7968,361000
2007-03-06,31.2200,31.8800,31.1800,31.7000,25.4883,267800
2007-03-07,31.8000,32.5100,31.3200,31.5600,25.3757,316400
2007-03-08,31.9900,32.2300,31.2000,31.2500,25.1265,289900
2007-03-09,31.2700,31.7300,30.8900,31.1800,25.0702,249100
2007-03-12,31.2800,31.4000,30.8200,31.3100,25.1747,322400
2007-03-13,31.3100,31.3600,29.7300,29.8800,24.0250,428800
2007-03-14,29.6500,30.4300,29.3100,30.2800,24.3466,428000
2007-03-15,30.4200,30.8900,30.0800,30.4200,24.4591,263100
2007-03-16,30.8000,31.1300,30.1600,30.4100,24.4511,341300
2007-03-19,30.4600,31.0000,30.4300,30.7900,24.7566,166600
2007-03-20,31.0000,31.2300,30.5300,30.7200,24.7004,286800
2007-03-21,30.8300,31.8200,30.8300,31.7800,25.5527,298600
2007-03-22,31.8200,31.9900,31.3600,31.4700,25.3034,217600
2007-03-23,31.4200,31.4800,31.0000,31.2400,25.1185,150300
2007-03-26,31.3000,32.0300,31.3000,32.0100,25.7376,248700
2007-03-27,31.8800,31.9400,31.3700,31.6500,25.4481,229500
2007-03-28,31.1000,31.3900,30.0600,30.8800,24.8290,590500
2007-03-29,31.0400,31.2000,30.1100,30.4600,24.4913,361900
2007-03-30,30.5000,30.8700,30.0200,30.1000,24.2018,235100
2007-04-02,30.0600,30.3300,29.8100,30.3300,24.3868,364600
2007-04-03,30.4400,30.8700,30.1500,30.2200,24.3505,491300
2007-04-04,29.8500,30.1700,29.3600,29.4800,23.7542,1789000
2007-04-05,29.6100,30.2300,29.5200,30.1200,24.2699,684800
2007-04-09,30.0700,30.2500,29.4400,29.5600,23.8187,640900
2007-04-10,29.9000,30.0900,29.7100,29.8900,24.0846,540100
2007-04-11,29.8900,30.0400,29.2400,29.4000,23.6898,923500
2007-04-12,29.5000,29.6800,29.2500,29.6200,23.8671,428800
2007-04-13,29.8000,30.2300,29.6500,30.1800,24.3183,444800
2007-04-16,30.3500,30.6800,30.0800,30.5700,24.6325,456600
2007-04-17,30.4100,30.5500,29.9500,30.1500,24.2941,282900
2007-04-18,30.2700,30.4700,29.8400,30.0700,24.2297,424900
2007-04-19,29.8000,29.9000,29.2800,29.6900,23.9235,705800
2007-04-20,30.3700,30.4700,29.9800,30.0300,24.1974,380000
2007-04-23,29.7700,30.0000,29.3700,29.5100,23.7784,711000
2007-04-24,29.4500,29.5700,29.2000,29.4500,23.7301,704400
2007-04-25,29.5900,29.8600,29.5500,29.6300,23.8751,357300
2007-04-26,29.4000,29.5400,29.2100,29.3900,23.6817,420100
2007-04-27,29.4100,29.6800,29.3500,29.6100,23.8590,245600
2007-04-30,29.7300,30.2500,29.2500,29.3300,23.6334,830400
2007-05-01,29.2300,29.2600,28.5100,28.9500,23.3272,504400
2007-05-02,28.7400,29.6300,28.3100,29.4200,23.7059,364100
2007-05-03,29.5400,29.9500,29.3400,29.4700,23.7462,595300
2007-05-04,29.7500,30.0000,29.2800,29.5300,23.7945,404500
2007-05-07,29.5500,30.2400,29.3000,29.4400,23.7220,294800
2007-05-08,29.2000,29.2900,28.8500,29.0300,23.3916,352300
2007-05-09,28.7500,29.1400,28.6700,28.9700,23.3433,266600
2007-05-10,28.6800,28.7400,27.7000,27.8000,22.4005,606800
2007-05-11,28.2100,28.3100,27.9300,28.2000,22.7229,464600
2007-05-14,28.1400,28.3900,27.1800,27.2600,21.9654,461600
2007-05-15,27.1700,27.7100,27.0000,27.0700,21.8123,433200
2007-05-16,26.9500,27.1700,26.3500,26.8800,21.6592,390700
2007-05-17,26.9100,26.9100,26.3500,26.4100,21.2805,399800
2007-05-18,26.6100,26.9700,26.4300,26.8600,21.6431,288400
2007-05-21,26.7200,27.9700,26.5500,27.7300,22.3441,298800
2007-05-22,27.8800,27.9000,27.0600,27.4500,22.1185,378100
2007-05-23,27.8700,28.6300,27.6100,27.7500,22.3603,511600
2007-05-24,27.6700,27.8400,26.3300,26.4700,21.3289,414000
2007-05-25,26.6100,26.8800,26.3300,26.7100,21.5222,260700
2007-05-29,26.8100,27.0600,26.4000,26.5800,21.4175,242100
2007-05-30,26.3400,26.4400,26.1200,26.2900,21.1838,330300
2007-05-31,26.4700,27.0300,26.4400,26.9400,21.7076,780400
2007-06-01,27.0700,27.8700,27.0700,27.8600,22.4489,531200
2007-06-04,27.7000,27.8500,27.1900,27.4000,22.0782,520400
2007-06-05,27.3200,27.3500,26.7200,26.9100,21.6834,396700
2007-06-06,26.6300,27.2300,25.9300,26.2600,21.1596,675900
2007-06-07,26.1000,26.1700,25.2600,25.4200,20.4828,605300
2007-06-08,25.2000,25.2500,24.4500,25.1600,20.2733,931600
2007-06-11,25.2000,25.5400,24.8900,25.0600,20.1927,410000
2007-06-12,24.9700,24.9700,24.4000,24.4300,19.6851,418800
2007-06-13,24.4500,24.9000,24.4500,24.6600,19.8704,410200
2007-06-14,24.6800,25.1600,24.6600,24.6800,19.8865,321900
2007-06-15,25.0100,25.3500,24.8600,25.1700,20.2814,569700
2007-06-18,25.1900,25.3500,24.9300,24.9800,20.1283,267900
2007-06-19,24.9500,25.1200,24.7400,24.9500,20.1041,257700
2007-06-20,24.9700,24.9700,24.2500,24.2700,19.5562,308200
2007-06-21,24.2400,24.6300,23.8400,24.5500,19.7818,411400
2007-06-22,24.6000,24.8500,24.2800,24.6200,19.8382,492400
2007-06-25,24.5000,24.8300,24.0500,24.1600,19.4675,476700
2007-06-26,24.2400,24.3700,23.4000,23.6100,19.0243,581100
2007-06-27,23.4100,24.0300,23.2500,24.0300,19.3628,398400
2007-06-28,24.1100,24.3300,23.7900,23.9300,19.2822,440000
2007-06-29,24.0800,24.4000,23.6100,23.7700,19.1533,424100
2007-07-02,24.0100,24.7500,23.8500,24.6800,19.8865,569300
2007-07-03,25.0800,25.2400,24.6000,25.1400,20.3107,705300
2007-07-05,25.2200,25.4700,24.8800,25.2100,20.3672,559500
2007-07-06,25.3500,25.9500,25.1400,25.7500,20.8035,511600
2007-07-09,25.9900,26.2900,25.8100,25.8200,20.8600,456800
2007-07-10,25.9000,26.0600,25.1700,25.6400,20.7146,578500
2007-07-11,25.6500,25.6500,25.1700,25.3000,20.4399,289200
2007-07-12,25.5000,26.6500,25.4900,26.6400,21.5225,643800
2007-07-13,26.5000,27.3100,26.4900,26.6100,21.4983,342600
2007-07-16,26.5800,26.7500,26.2600,26.4100,21.3367,389000
2007-07-17,26.3900,26.7200,26.2300,26.4000,21.3286,407100
2007-07-18,26.3600,27.2600,26.3100,27.2500,22.0154,455100
2007-07-19,27.4900,27.9700,27.3100,27.7200,22.3951,419800
2007-07-20,27.6600,27.9600,27.2000,27.4600,22.1850,409200
2007-07-23,27.4600,27.5200,26.8700,26.9100,21.7407,260200
2007-07-24,27.1300,27.5600,26.1400,26.3400,21.2801,443500
2007-07-25,26.2500,26.2500,25.3900,25.8700,20.9004,394000
2007-07-26,25.5300,25.7500,24.6500,25.1100,20.2864,616800
2007-07-27,24.9700,25.5900,24.5000,24.6100,19.8825,566500
2007-07-30,24.6000,25.4600,24.3000,25.0900,20.2703,325400
2007-07-31,25.4100,25.5400,24.6700,24.6800,19.9390,384100
2007-08-01,24.3100,25.1700,24.1200,24.8800,20.1006,390100
2007-08-02,24.9500,26.2700,24.8500,26.1700,21.1428,514800
2007-08-03,26.1400,27.4100,25.8000,26.5400,21.4417,545700
2007-08-06,26.4000,27.7000,25.9400,27.4200,22.1527,802200
2007-08-07,27.3300,29.6600,27.2500,29.3800,23.7362,1242400
2007-08-08,29.5300,32.4600,29.5300,31.8300,25.7155,1881100
2007-08-09,30.2100,32.5000,29.8000,31.9700,25.8286,1377600
2007-08-10,31.7000,32.0000,29.7200,29.9700,24.2128,1204900
2007-08-13,30.4700,30.7800,28.3400,28.6800,23.1706,710700
2007-08-14,28.7600,29.2700,28.1200,28.2400,22.8152,515100
2007-08-15,27.9800,28.6000,27.4000,27.6500,22.3385,540000
2007-08-16,28.2000,29.5200,26.6900,29.1100,23.5180,1166900
2007-08-17,31.2300,31.4300,29.4600,29.9900,24.2290,876400
2007-08-20,29.9900,30.4300,28.8300,29.5000,23.8331,497500
2007-08-21,29.3900,29.6100,28.5000,28.8700,23.3242,510300
2007-08-22,29.1900,29.8400,28.1000,28.3300,22.8879,602200
2007-08-23,28.5000,28.7400,27.1200,27.4300,22.1608,554200
2007-08-24,27.5000,28.1000,27.5000,27.8100,22.4678,476400
2007-08-27,27.5600,27.7000,26.6300,26.7900,21.6437,421800
2007-08-28,26.5900,26.9900,26.1800,26.2000,21.1670,431400
2007-08-29,26.4000,26.9600,26.2500,26.8800,21.7164,335900
2007-08-30,26.5600,27.6000,26.4000,26.9100,21.7407,342100
2007-08-31,27.4500,27.9800,27.3200,27.7600,22.4274,403700
2007-09-04,27.7000,29.6000,27.7000,29.2900,23.6635,584300
2007-09-05,29.1900,29.3700,28.4500,28.6100,23.1141,463900
2007-09-06,28.8800,30.4400,28.8800,30.4100,24.5683,768400
2007-09-07,31.0000,31.3700,29.9500,30.1800,24.3825,545100
2007-09-10,30.7000,31.0800,29.3400,29.9700,24.2128,342600
2007-09-11,30.1300,31.8200,29.9100,31.7300,25.6347,572000
2007-09-12,31.6000,31.6900,30.6400,31.0000,25.0450,682800
2007-09-13,31.0000,31.0000,30.1600,30.7300,24.8268,335800
2007-09-14,30.7500,31.4500,30.5600,30.8500,24.9238,347300
2007-09-17,30.9400,31.4000,30.5300,30.9100,24.9723,342300
2007-09-18,31.2200,32.2400,30.0400,32.1500,25.9741,657600
2007-09-19,32.2500,32.9700,31.5300,32.0000,25.8529,450200
2007-09-20,32.7300,34.0200,32.4300,33.3500,26.9435,990000
2007-09-21,33.6500,33.7000,32.7900,33.6400,27.1779,661700
2007-09-24,33.3700,33.6600,33.0300,33.4100,26.9920,348000
2007-09-25,33.0200,33.4900,32.2800,33.3000,26.9032,267000
2007-09-26,33.5600,34.3600,32.8100,33.0100,26.6689,529800
2007-09-27,33.0800,33.4200,32.5000,33.0500,26.7012,294300
2007-09-28,33.4400,33.9000,32.6700,32.7500,26.4588,420900
2007-10-01,32.6000,33.5200,32.3300,33.2800,26.8870,340400
2007-10-02,32.4000,32.5200,31.3500,31.9200,25.7883,724000
2007-10-03,31.7500,32.0400,31.0600,31.7800,25.7275,580400
2007-10-04,31.6000,32.8600,31.3400,32.7100,26.4804,547500
2007-10-05,32.9300,33.8700,32.1500,33.4900,27.1119,810100
2007-10-08,33.2100,33.3900,32.0900,33.2000,26.8771,578500
2007-10-09,32.7500,33.7800,32.5300,33.6400,27.2333,483100
2007-10-10,33.9400,34.8400,33.7600,33.9100,27.4519,620700
2007-10-11,33.9800,35.0000,32.8500,33.4600,27.0876,569500
2007-10-12,33.4400,34.1900,33.3600,33.8600,27.4114,253100
2007-10-15,34.5000,34.9400,33.7500,34.3200,27.7838,479200
2007-10-16,34.1400,34.4800,33.4500,33.5500,27.1604,237000
2007-10-17,33.9400,34.0900,32.5500,32.8900,26.6261,412600
2007-10-18,33.4200,33.6600,32.7000,33.2600,26.9257,351600
2007-10-19,33.2600,33.4200,32.3000,32.3600,26.1971,337100
2007-10-22,30.7400,31.0200,29.6600,30.5900,24.7642,801800
2007-10-23,30.8500,31.7400,30.8200,31.6700,25.6385,365700
2007-10-24,31.4400,31.5700,30.5000,31.4500,25.4604,384800
2007-10-25,32.0000,32.2200,31.4000,32.0900,25.9785,354500
2007-10-26,32.6100,33.8000,32.5100,33.5900,27.1928,370100
2007-10-29,33.7000,34.8600,33.6500,34.4300,27.8728,438200
2007-10-30,34.1800,34.1800,33.4900,33.9500,27.4843,352000
2007-10-31,34.3200,35.3900,33.7200,35.3400,28.6095,428000
2007-11-01,35.1900,35.2200,32.7500,32.9400,26.6666,539100
2007-11-02,33.2200,33.8400,32.3200,32.7300,26.4966,835800
2007-11-05,31.5300,31.7700,29.4100,29.4100,23.8089,2339100
2007-11-06,30.0900,31.3500,29.8900,30.7700,24.9099,2274700
2007-11-07,31.1900,31.2800,29.7000,29.7500,24.0841,1064300
2007-11-08,30.9100,31.1900,29.8000,30.7600,24.9018,1063600
2007-11-09,30.5000,31.0000,29.9300,30.7100,24.8613,574800
2007-11-12,29.8200,29.9000,28.6100,28.8300,23.3394,609400
2007-11-13,29.0400,30.0500,28.7500,29.8900,24.1975,876200
2007-11-14,30.5900,31.1500,30.0000,30.0300,24.3108,557000
2007-11-15,29.6500,29.8500,28.6300,28.8700,23.3717,658000
2007-11-16,29.7100,29.7700,28.9600,29.2500,23.6794,563200
2007-11-19,29.0500,29.6400,28.7600,28.9000,23.3960,526700
2007-11-20,29.7400,30.1500,28.8500,29.9300,24.2299,698300
2007-11-21,29.7000,30.4900,29.4700,30.2700,24.5051,448600
2007-11-23,30.7000,31.3300,30.4100,31.3100,25.3470,258000
2007-11-26,31.4800,31.6000,29.3900,29.3900,23.7927,784300
2007-11-27,29.4300,30.1900,29.1700,30.1000,24.3675,362700
2007-11-28,30.6700,30.9900,29.6000,30.5700,24.7480,713300
2007-11-29,30.5300,30.5500,29.5900,29.6900,24.0356,291300
2007-11-30,29.7200,29.7200,28.3500,28.7200,23.2503,550100
2007-12-03,28.6600,29.9300,28.6600,29.3200,23.7360,468800
2007-12-04,29.1100,29.3700,28.4300,28.6000,23.1532,317100
2007-12-05,29.0900,29.1900,28.5000,28.9400,23.4284,229800
2007-12-06,28.7000,29.3400,28.6100,29.3400,23.7522,429600
2007-12-07,29.5900,29.5900,28.5200,28.6600,23.2017,311200
2007-12-10,29.1300,29.7200,28.8400,29.3800,23.7846,258200
2007-12-11,29.2100,29.2100,27.4800,27.5500,22.3031,552300
2007-12-12,28.1100,28.5500,27.6900,28.2100,22.8374,288600
2007-12-13,28.2200,28.3600,27.0000,27.5000,22.2627,380400
2007-12-14,27.1500,27.4500,26.6400,26.6800,21.5988,426400
2007-12-17,26.5700,27.8200,26.5400,26.6900,21.6069,538100
2007-12-18,27.9300,28.4400,26.7500,28.2700,22.8860,624100
2007-12-19,28.2400,28.3200,27.5200,27.9600,22.6350,298200
2007-12-20,28.2400,28.7300,27.3700,28.7200,23.2503,363000
2007-12-21,29.1500,29.7900,28.5700,29.5000,23.8818,706000
2007-12-24,29.5500,29.7600,29.0200,29.2200,23.6551,102000
2007-12-26,29.5900,30.9000,29.2600,30.6200,24.7885,311200
2007-12-27,30.6100,31.2500,30.2000,30.2800,24.5132,301400
2007-12-28,30.8600,31.5900,30.4900,31.2900,25.3309,324300
2007-12-31,31.2800,31.2800,30.0500,30.5200,24.7075,340000
2008-01-02,31.2100,32.0500,30.9600,32.0100,25.9733,487100
2008-01-03,32.0100,32.9600,31.4000,32.0100,25.9733,671800
2008-01-04,31.6000,31.9900,31.0500,31.5600,25.6082,351500
2008-01-07,31.7700,31.7700,30.2700,31.6800,25.7055,611600
2008-01-08,32.5000,33.1700,31.5800,31.6000,25.6406,532300
2008-01-09,31.4600,33.0000,31.4400,32.9600,26.7441,524400
2008-01-10,32.4800,33.5000,31.9000,33.0700,26.8334,431400
2008-01-11,33.0600,34.5600,32.5900,34.4500,27.9532,744100
2008-01-14,35.3300,35.4200,33.1400,33.3800,27.0849,728100
2008-01-15,33.2500,33.8300,31.9100,32.4600,26.3384,374800
2008-01-16,31.9000,32.3800,30.4300,31.5400,25.5919,605000
2008-01-17,31.6400,32.4200,30.7700,31.4000,25.4783,525800
2008-01-18,31.4700,31.9200,30.1100,31.1300,25.2593,417800
2008-01-22,30.4200,32.5600,29.6000,31.2200,25.3323,638900
2008-01-23,30.4900,31.3400,29.1200,31.0100,25.1619,673200
2008-01-24,32.0500,32.5900,30.7000,30.8200,25.0077,720100
2008-01-25,31.3900,31.5400,30.0800,30.2300,24.5290,1262900
2008-01-28,30.6700,31.6200,30.0300,31.3500,25.4378,984500
2008-01-29,31.5000,31.6300,30.2900,30.4500,24.7075,605700
2008-01-30,30.4000,31.5000,30.0800,30.5400,24.7805,702700
2008-01-31,30.2000,30.5000,29.6300,30.0600,24.3910,512100
2008-02-01,30.2800,30.5500,29.1400,29.8000,24.1801,412800
2008-02-04,29.8000,29.8000,28.3300,28.5700,23.1820,571800
2008-02-05,28.2000,28.4800,27.6600,28.0300,22.7439,691000
2008-02-06,28.4100,29.0800,27.8000,27.8700,22.6141,696600
2008-02-07,27.7100,28.4000,27.5500,27.7500,22.5167,567700
2008-02-08,27.7500,28.7000,27.7500,28.0100,22.7277,599800
2008-02-11,28.0000,28.8200,27.5100,28.4100,23.0522,595700
2008-02-12,28.6800,28.9400,27.8800,27.9900,22.7114,579400
2008-02-13,28.2100,28.5200,27.5500,28.2100,22.8899,636000
2008-02-14,28.2500,28.6900,27.7500,28.1100,22.8088,468900
2008-02-15,27.9900,28.7200,27.5500,27.9000,22.6384,601900
2008-02-19,28.5100,29.3000,28.4600,29.0800,23.5959,682200
2008-02-20,28.9200,30.2400,28.5500,30.0900,24.4154,638000
2008-02-21,30.4300,31.5800,30.4300,31.0000,25.1538,949600
2008-02-22,31.0900,31.2500,30.4500,31.1900,25.3079,629500
2008-02-25,31.2500,31.5600,30.3900,30.9600,25.1213,380400
2008-02-26,30.6900,31.8000,30.6900,31.5400,25.5919,312100
2008-02-27,31.5800,31.9200,31.0200,31.4500,25.5189,519800
2008-02-28,31.8900,31.8900,31.0400,31.7000,25.7218,490900
2008-02-29,31.2000,31.7800,30.9200,31.5100,25.5676,790900
2008-03-03,31.8100,31.9100,30.9200,31.5000,25.5595,665100
2008-03-04,31.1700,31.5200,29.9700,30.4600,24.7156,543600
2008-03-05,30.6700,31.1400,30.3700,30.8600,25.0402,545000
2008-03-06,30.5100,31.0900,30.2800,30.3900,24.6588,472600
2008-03-07,30.4900,30.6300,29.7100,29.8300,24.2044,399200
2008-03-10,29.8200,30.1800,29.3100,29.5600,23.9853,385300
2008-03-11,29.5600,30.5500,29.5200,30.5500,24.7886,917800
2008-03-12,30.6400,30.9800,30.3400,30.5500,24.7886,298800
2008-03-13,30.7800,31.7800,30.7800,31.7700,25.7786,462100
2008-03-14,31.9300,31.9500,30.8800,31.3600,25.4459,436200
2008-03-17,30.9200,31.8700,30.2500,30.8100,24.9996,629500
2008-03-18,31.0500,31.5000,30.1500,31.1700,25.2917,719400
2008-03-19,30.6800,31.0700,29.6000,29.7600,24.1476,912000
2008-03-20,29.6000,29.6000,28.0100,29.3700,23.8312,1979500
2008-03-24,29.5000,29.5000,28.4000,28.5900,23.1983,422900
2008-03-25,28.6700,29.6600,28.6700,29.5400,23.9691,409500
2008-03-26,29.2100,30.9100,29.2100,30.8300,25.0158,640800
2008-03-27,29.7500,31.4400,29.7500,31.0700,25.2106,704100
2008-03-28,31.1700,31.1700,30.2100,30.6900,24.9022,404400
2008-03-31,30.6600,30.6600,29.5400,30.1700,24.4803,396800
2008-04-01,29.8000,29.8000,29.1700,29.4300,23.8799,506700
2008-04-02,29.8400,30.4600,29.6100,30.4000,24.7257,464900
2008-04-03,30.0700,30.5400,29.8400,29.9600,24.3679,387600
2008-04-04,30.1000,31.2000,29.9900,31.2000,25.3764,527400
2008-04-07,31.3600,31.9900,31.1900,31.3000,25.4578,496700
2008-04-08,30.7800,31.1900,30.4400,30.7700,25.0267,308500
2008-04-09,30.7100,31.2000,30.4500,30.8200,25.0673,406600
2008-04-10,30.8700,31.3600,30.8200,31.3200,25.4740,316600
2008-04-11,30.9900,31.1800,30.2300,30.2800,24.6281,254300
2008-04-14,30.1000,31.0200,30.0800,30.8000,25.0511,291700
2008-04-15,31.0000,31.4100,30.8400,31.3700,25.5147,238700
2008-04-16,31.6000,32.9300,31.6000,32.5600,26.4826,540300
2008-04-17,32.6200,32.6200,32.1300,32.4100,26.3606,298000
2008-04-18,32.2400,32.2400,31.1300,31.7100,25.7912,492300
2008-04-21,31.4900,31.6400,30.6000,30.7400,25.0023,371300
2008-04-22,30.5300,31.3300,30.3300,30.5900,24.8803,223800
2008-04-23,30.5700,30.5700,29.8100,29.9200,24.3353,344300
2008-04-24,29.6300,29.9900,28.6800,28.6900,23.3349,429200
2008-04-25,28.8300,29.4800,28.7000,29.0700,23.6440,264000
2008-04-28,29.0700,29.2500,28.5300,28.6500,23.3024,490700
2008-04-29,28.3100,28.3100,27.5200,27.8800,22.6761,347900
2008-04-30,28.1300,28.5000,27.8900,28.2900,23.0096,634800
2008-05-01,27.6600,28.1100,26.8700,27.5600,22.4158,652700
2008-05-02,27.4400,27.9400,27.2000,27.3300,22.2288,537800
2008-05-05,27.5500,27.9600,27.5200,27.6900,22.5216,696200
2008-05-06,27.4800,28.0400,27.4800,27.7900,22.6029,500000
2008-05-07,27.7000,27.9700,27.4100,27.6400,22.4809,253900
2008-05-08,27.8200,29.3100,27.8200,29.2600,23.7985,394600
2008-05-09,29.1200,29.4000,28.5100,29.0400,23.6196,200300
2008-05-12,29.2000,29.5200,28.6400,29.2100,23.7579,192600
2008-05-13,28.9500,29.0500,28.4500,28.8100,23.4325,208500
2008-05-14,28.9000,29.2000,28.2900,28.2900,23.0096,162000
2008-05-15,28.7600,29.1000,28.6300,28.9800,23.5708,247800
2008-05-16,29.2500,29.9900,29.1100,29.9100,24.3272,445500
2008-05-19,29.9600,31.8000,29.8700,31.5000,25.6204,790600
2008-05-20,31.5300,32.1300,31.3400,31.6100,25.7099,309100
2008-05-21,31.7000,32.2400,31.3000,31.5300,25.6448,288600
2008-05-22,31.2600,31.5000,30.9000,31.0800,25.2788,267000
2008-05-23,31.1000,31.4300,30.7000,30.7000,24.9697,208300
2008-05-27,30.5100,30.5500,30.1500,30.1800,24.5468,266100
2008-05-28,30.0000,30.8100,30.0000,30.7800,25.0348,268600
2008-05-29,30.5500,30.6900,29.9900,29.9900,24.3923,325000
2008-05-30,30.0700,31.1000,29.8200,30.7400,25.0023,516100
2008-06-02,30.4600,30.8300,30.1100,30.4800,24.7908,273400
2008-06-03,30.0800,30.5500,29.8500,29.9800,24.3841,188300
2008-06-04,29.9200,30.1100,29.5400,29.6600,24.1239,228900
2008-06-05,29.6000,30.7200,29.6000,30.6500,24.9291,258000
2008-06-06,30.6300,31.6700,30.5500,31.1100,25.3032,259300
2008-06-09,31.2000,31.6700,30.8400,31.1600,25.3439,205700
2008-06-10,30.4900,30.9800,30.0600,30.2200,24.5793,236000
2008-06-11,30.2000,30.8800,29.9100,30.0000,24.4004,202100
2008-06-12,30.1800,30.3400,29.6400,29.7600,24.2052,228700
2008-06-13,30.1200,30.1800,29.5300,29.8000,24.2377,161500
2008-06-16,29.9600,30.2800,29.6300,29.7300,24.1808,152700
2008-06-17,29.7700,30.0500,29.5400,29.5600,24.0425,170700
2008-06-18,29.6000,29.9000,29.5400,29.7000,24.1564,158600
2008-06-19,29.7900,30.2600,29.5600,29.6400,24.1076,289100
2008-06-20,29.5700,30.1500,29.0300,29.4000,23.9124,458500
2008-06-23,29.2200,29.8100,29.1400,29.7200,24.1727,224200
2008-06-24,29.4500,29.9500,29.2000,29.2100,23.7579,197900
2008-06-25,29.2300,29.2800,28.2400,28.9400,23.5383,371300
2008-06-26,29.3000,30.1000,29.3000,29.7700,24.2133,297400
2008-06-27,29.8200,30.4500,29.3700,30.3000,24.6444,872500
2008-06-30,30.8600,31.5900,30.2700,31.3600,25.5066,553700
2008-07-01,31.7100,33.8300,31.5200,33.5500,27.3488,910400
2008-07-02,33.4600,33.6200,32.6100,33.4100,27.2347,629200
2008-07-03,32.7900,33.1800,32.0900,32.5900,26.5663,334000
2008-07-07,32.8200,32.8200,31.6300,32.0800,26.1505,392900
2008-07-08,32.2000,32.3600,31.3200,31.8400,25.9549,440900
2008-07-09,31.4400,32.5700,31.2000,31.2100,25.4413,331100
2008-07-10,31.1000,32.5000,31.0000,32.4600,26.4603,498400
2008-07-11,33.0100,34.6500,32.7500,34.2500,27.9194,672100
2008-07-14,34.9100,36.2500,34.2800,36.0000,29.3460,725900
2008-07-15,36.7200,36.8600,35.0000,35.5500,28.9792,789800
2008-07-16,35.7300,35.7300,34.3300,34.7800,28.3515,575900
2008-07-17,34.8500,35.4700,33.8300,34.3800,28.0254,436400
2008-07-18,34.5600,35.3500,33.9500,35.1700,28.6694,719900
2008-07-21,35.6900,37.6000,35.0700,37.5500,30.6095,776600
2008-07-22,38.3700,38.9000,35.7100,36.2200,29.5253,694600
2008-07-23,35.7500,35.9900,34.6000,34.7100,28.2944,490100
2008-07-24,35.1600,35.5000,33.8900,34.7200,28.3026,637800
2008-07-25,35.2100,35.5800,34.3200,35.4000,28.8569,471600
2008-07-28,35.2500,35.6000,34.8100,34.9900,28.5227,338500
2008-07-29,34.8800,34.9800,34.1400,34.6500,28.2455,258300
2008-07-30,34.2000,35.1400,33.5100,34.9500,28.4901,347300
2008-07-31,35.6000,36.4100,35.5600,35.6800,29.0851,365800
2008-08-01,35.2500,36.8000,35.2500,35.7100,29.1096,506600
2008-08-04,36.0300,36.0300,34.4500,34.8000,28.3678,502600
2008-08-05,34.6400,34.7900,32.8000,33.1500,27.0228,516200
2008-08-06,33.3700,34.3800,33.2200,33.9300,27.6586,380600
2008-08-07,34.0200,34.7700,33.2600,33.4000,27.2266,282400
2008-08-08,32.6200,33.7500,32.2700,32.7700,26.7130,595000
2008-08-11,32.6400,32.9600,31.1300,31.9500,26.0446,881800
2008-08-12,32.0600,32.6500,31.6600,32.0500,26.1261,452300
2008-08-13,32.4900,34.5800,32.3300,34.5100,28.1314,647300
2008-08-14,34.7700,34.7700,32.9900,33.0000,26.9005,418400
2008-08-15,32.9700,32.9700,31.6700,32.1200,26.1831,633200
2008-08-18,32.1200,33.5900,32.0400,33.2900,27.1369,574900
2008-08-19,32.5200,34.9000,32.5200,34.2400,27.9113,430000
2008-08-20,34.0800,34.8200,33.3000,33.7300,27.4956,525700
2008-08-21,34.0700,34.9000,33.9400,34.2900,27.9520,568400
2008-08-22,34.3000,34.6300,33.6100,34.2900,27.9520,408100
2008-08-25,34.4200,34.8400,33.5000,33.7300,27.4956,217400
2008-08-26,33.8600,34.7200,33.7900,34.4400,28.0743,293800
2008-08-27,34.5000,35.1500,34.3500,34.7400,28.3189,426600
2008-08-28,35.0800,35.5400,34.2600,34.8300,28.3922,326100
2008-08-29,34.9000,34.9600,34.4900,34.7100,28.2944,257600
2008-09-02,34.1200,34.1200,32.5900,32.9100,26.8271,480800
2008-09-03,32.5600,33.2900,31.7600,32.4700,26.4685,495700
2008-09-04,32.4400,33.1300,31.2400,31.9200,26.0201,725000
2008-09-05,32.1800,32.5000,30.1100,30.8200,25.1234,1033700
2008-09-08,31.5500,31.6500,29.5700,29.7400,24.2430,629700
2008-09-09,29.5000,29.6100,27.3800,27.5400,22.4497,775400
2008-09-10,27.5000,28.6800,26.8800,28.6100,23.3219,698300
2008-09-11,28.4500,29.4100,27.3200,28.8500,23.5175,844300
2008-09-12,29.0300,31.0300,28.9500,30.9100,25.1968,705700
2008-09-15,30.6000,32.4600,30.4500,31.1600,25.4006,907400
2008-09-16,31.5700,33.4800,30.7300,33.4000,27.2266,1215000
2008-09-17,34.4800,38.0600,33.4000,36.7400,29.9492,1936500
2008-09-18,37.9100,39.2500,36.7000,37.7400,30.7644,1982600
2008-09-19,39.1600,39.4800,36.9300,37.6500,30.6910,1653000
2008-09-22,38.1900,39.4500,37.7500,39.1700,31.9301,973300
2008-09-23,39.2100,39.5000,38.0700,38.6500,31.5062,730500
2008-09-24,38.9400,39.3800,37.7800,37.9600,30.9437,728200
2008-09-25,38.1400,38.2500,36.8900,37.2900,30.3976,535000
2008-09-26,38.5700,38.8800,36.5400,37.1800,30.3079,624600
2008-09-29,36.1100,38.2900,35.5900,36.8600,30.0470,650100
2008-09-30,36.7800,36.7800,35.0900,35.9600,29.3134,682200
2008-10-01,35.6600,38.8000,35.6000,37.6100,30.7182,772400
2008-10-02,37.1500,37.1700,34.1400,34.3800,28.0801,826500
2008-10-03,34.3700,37.2800,34.0100,35.1700,28.7253,630100
2008-10-06,35.5100,36.8300,32.1000,34.4800,28.1618,1210000
2008-10-07,35.3400,36.8100,34.1900,34.2500,27.9739,753700
2008-10-08,33.9000,39.9500,33.9000,39.7300,32.4497,1218000
2008-10-09,38.7600,40.3200,38.4000,39.7000,32.4252,1280400
2008-10-10,40.2100,40.9400,34.3700,37.3200,30.4813,1431200
2008-10-13,37.7400,38.3800,34.6900,36.6700,29.9504,812600
2008-10-14,36.7800,37.7600,35.1700,37.0000,30.2200,1093000
2008-10-15,36.9400,37.5900,33.1200,33.5600,27.4103,693400
2008-10-16,33.5100,34.2600,29.2000,31.2300,25.5073,1450400
2008-10-17,30.7100,31.3000,28.8800,29.0000,23.6859,1231200
2008-10-20,29.3200,31.6700,28.7600,31.4700,25.7033,685000
2008-10-21,30.4300,30.6400,28.8500,28.8900,23.5961,655300
2008-10-22,28.3900,28.3900,25.6000,25.7100,20.9988,1168300
2008-10-23,25.2500,28.1200,24.0300,25.0400,20.4516,1238600
2008-10-24,24.5100,26.2300,22.7500,24.8400,20.2882,1065400
2008-10-27,24.2200,25.4500,23.0600,23.1500,18.9079,711600
2008-10-28,23.7500,25.6400,23.2900,25.5400,20.8600,803900
2008-10-29,25.7400,28.5600,25.6700,27.6900,22.6160,804500
2008-10-30,28.9100,29.4900,27.0900,29.0300,23.7104,522500
2008-10-31,28.5500,29.9000,27.5300,28.8300,23.5471,483100
2008-11-03,28.6400,29.9300,28.0100,28.7100,23.4491,486900
2008-11-04,29.0200,30.7800,29.0200,30.5200,24.9274,764800
2008-11-05,30.1700,32.0900,29.6100,30.9600,25.2868,730300
2008-11-06,31.5000,32.2000,29.2000,29.2400,23.8820,591000
2008-11-07,29.3500,31.3900,29.2000,30.4900,24.9029,502500
2008-11-10,31.7300,32.3300,30.5300,31.4700,25.7033,427200
2008-11-11,31.0000,32.5400,30.0700,31.5700,25.7850,559300
2008-11-12,31.0900,31.5000,28.8000,28.8100,23.5307,582100
2008-11-13,28.7300,32.1600,27.2300,32.0100,26.1444,729500
2008-11-14,32.0100,32.9800,30.5500,30.8800,25.2214,637400
2008-11-17,30.6900,31.8000,29.4800,30.1500,24.6252,505500
2008-11-18,29.9200,30.8300,29.5100,30.3300,24.7722,683200
2008-11-19,30.4900,32.2400,30.3400,30.3800,24.8131,897900
2008-11-20,31.2900,31.8700,29.5000,29.6700,24.2332,622700
2008-11-21,30.9200,34.9500,30.7800,34.7300,28.3659,1248300
2008-11-24,35.9700,38.9700,35.1000,38.0900,31.1102,1470000
2008-11-25,38.6800,38.9300,36.7200,38.9100,31.7800,694100
2008-11-26,38.4400,39.9900,38.0000,39.4700,32.2374,530800
2008-11-28,38.0700,40.0000,37.3900,40.0000,32.6702,353600
2008-12-01,38.0900,38.9900,34.7900,34.8400,28.4558,882200
2008-12-02,35.1300,38.1200,34.9300,37.8700,30.9306,824000
2008-12-03,37.2300,38.5000,36.3400,37.5300,30.6529,713000
2008-12-04,37.3100,39.1400,36.3800,36.9500,30.1791,621400
2008-12-05,36.0000,37.3300,34.3100,37.1900,30.3752,638900
2008-12-08,38.6800,39.7700,36.1500,36.8600,30.1056,813900
2008-12-09,36.4500,37.6600,35.6000,36.2900,29.6401,672500
2008-12-10,37.2700,39.0100,36.6100,38.6200,31.5431,564700
2008-12-11,39.0500,40.9500,36.5900,37.0600,30.2690,868100
2008-12-12,36.5600,39.3900,36.4100,38.8300,31.7146,480400
2008-12-15,39.6000,41.3700,38.8300,39.6100,32.3517,831300
2008-12-16,40.2500,43.5400,39.4500,43.3900,35.4391,1050000
2008-12-17,43.5500,46.6800,43.5400,43.5800,35.5942,1628300
2008-12-18,43.8500,44.2500,41.3400,42.0200,34.3201,1082100
2008-12-19,43.1300,45.0000,41.0000,44.7900,36.5825,1566300
2008-12-22,45.9700,46.8400,44.0100,45.0100,36.7622,867700
2008-12-23,45.6800,47.3100,45.0200,46.7800,38.2079,763000
2008-12-24,46.9900,47.2600,45.5700,46.7300,38.1670,221300
2008-12-26,47.0000,48.9100,46.2700,48.4300,39.5555,338400
2008-12-29,48.6000,49.3500,47.0500,48.1700,39.3431,665800
2008-12-30,48.1200,48.7700,47.0700,48.7200,39.8586,405500
2008-12-31,48.3700,49.4500,47.6800,49.2100,40.2595,503000
2009-01-02,49.3800,49.8100,47.7500,47.9600,39.2368,695400
2009-01-05,47.1500,47.3000,45.1800,46.2900,37.8705,802600
2009-01-06,45.6500,48.0800,45.5200,47.3400,38.7296,668600
2009-01-07,46.8400,47.1600,44.5700,45.0300,36.8397,575700
2009-01-08,45.1300,46.0000,43.8000,44.6500,36.5288,825900
2009-01-09,44.3100,45.4600,43.2000,43.3800,35.4898,780900
2009-01-12,42.5900,42.9300,40.7900,41.1600,33.6736,1123900
2009-01-13,41.0500,41.9200,40.5700,41.5700,34.0090,783500
2009-01-14,40.7100,42.3000,39.5100,40.8000,33.3791,913600
2009-01-15,41.1400,43.0000,39.6600,42.7000,34.9335,997900
2009-01-16,43.2900,44.4700,42.0100,43.5700,35.6453,855400
2009-01-20,44.2700,46.5000,43.8300,44.7600,36.6188,1033600
2009-01-21,44.9300,45.3700,43.1000,45.2200,36.9952,602100
2009-01-22,44.3700,45.8700,44.0600,44.6000,36.4879,417100
2009-01-23,44.6300,48.8100,44.6300,48.7200,39.8586,1041600
2009-01-26,48.8600,49.3700,45.3100,45.8200,37.4860,1215400
2009-01-27,45.8200,47.8400,45.6600,46.7500,38.2469,659300
2009-01-28,47.0000,47.5700,45.1400,45.4800,37.2079,628600
2009-01-29,45.2000,48.9100,44.1400,48.4200,39.6131,984600
2009-01-30,49.0000,49.1800,46.5200,48.0800,39.3350,834500
2009-02-02,47.0200,48.3700,46.2700,46.9800,38.4350,678400
2009-02-03,47.1000,47.3700,45.5500,46.4000,37.9605,665400
2009-02-04,46.4000,47.4300,45.4200,46.1500,37.7560,660700
2009-02-05,47.5000,47.7500,45.7200,46.1100,37.7233,594000
2009-02-06,45.9500,46.8400,45.4000,45.9800,37.6169,783600
2009-02-09,45.7500,45.7500,42.7600,43.0300,35.2035,852400
2009-02-10,43.2000,44.8200,42.6100,42.7900,35.0071,936700
2009-02-11,42.8000,45.2200,42.3600,44.2600,36.2098,747600
2009-02-12,44.1200,44.4100,42.7400,43.9600,35.9643,644200
2009-02-13,43.7600,43.8900,42.5000,42.5000,34.7699,364100
2009-02-17,43.1500,47.0800,42.8000,46.6400,38.1569,1390600
2009-02-18,45.2100,46.0000,44.3300,45.7300,37.4124,806100
2009-02-19,45.5400,45.7000,43.6000,43.7700,35.8089,613700
2009-02-20,44.6700,45.7000,44.0000,44.9400,36.7661,805600
2009-02-23,44.8000,45.7700,43.3500,44.8500,36.6924,733500
2009-02-24,44.7100,44.7100,41.0800,41.2200,33.7227,928800
2009-02-25,41.1300,42.7600,40.2000,40.2000,32.8882,1021900
2009-02-26,40.3600,41.6200,39.2400,41.1100,33.6327,840500
2009-02-27,42.3100,42.3600,40.2100,40.4600,33.1009,859200
2009-03-02,40.6600,40.6600,37.1600,38.0000,31.0884,1057900
2009-03-03,37.9400,39.6400,37.1200,38.7300,31.6856,602600
2009-03-04,39.4000,40.1700,38.5900,38.9500,31.8656,598000
2009-03-05,38.7400,40.5100,38.6400,40.2800,32.9537,746300
2009-03-06,40.5000,41.2600,39.3800,40.1500,32.8473,608900
2009-03-09,39.8200,40.0300,38.0000,38.2100,31.2602,431300
2009-03-10,37.8800,38.1500,35.7600,36.4900,29.8530,1029100
2009-03-11,36.9100,38.6000,36.5100,37.9300,31.0311,595700
2009-03-12,38.1200,39.4400,37.8600,39.2700,32.1274,545600
2009-03-13,39.5100,40.1800,39.0000,39.6200,32.4137,254800
2009-03-16,39.6900,39.6900,38.6400,38.9200,31.8410,355500
2009-03-17,38.7900,38.8800,37.8000,38.8200,31.7592,285200
2009-03-18,38.4700,42.3400,37.6000,42.2100,34.5326,1222300
2009-03-19,42.9700,45.1700,42.9700,44.8000,36.6515,1035800
2009-03-20,44.9100,45.4500,44.0500,45.3700,37.1179,1114100
2009-03-23,45.2200,46.2200,44.9100,45.3700,37.1179,748400
2009-03-24,44.6900,44.9400,43.2500,43.6400,35.7025,699700
2009-03-25,43.7800,46.0700,43.1300,46.0700,37.6906,963800
2009-03-26,46.4900,46.6000,45.3500,46.2200,37.8133,725600
2009-03-27,45.3400,45.7500,44.0100,44.5500,36.4470,546500
2009-03-30,43.7900,45.4400,43.3100,44.5600,36.4552,578300
2009-03-31,44.9900,46.9900,44.1800,46.7600,38.2551,889600
2009-04-01,46.9900,48.6900,46.9900,48.6000,39.8285,1125900
2009-04-02,47.9700,48.2200,46.5000,47.1900,38.6730,1395600
2009-04-03,47.1200,47.4900,42.5600,43.4200,35.5834,1540700
2009-04-06,42.0900,42.1500,39.2100,40.5200,33.2068,1379800
2009-04-07,40.6900,41.5600,38.7000,38.7200,31.7317,1617600
2009-04-08,38.4000,38.6400,37.6900,38.0100,31.1498,5288100
2009-04-09,37.5500,37.8100,36.8900,37.0000,30.3221,1967200
2009-04-13,37.9500,37.9900,36.9500,37.2100,30.4942,1189800
2009-04-14,37.2800,37.8000,36.4200,36.5900,29.9861,1122500
2009-04-15,36.5600,37.6000,36.1900,36.5400,29.9451,889300
2009-04-16,37.5000,37.6900,35.7000,35.9600,29.4698,1183000
2009-04-17,35.9900,35.9900,34.1600,35.1000,28.7650,2060200
2009-04-20,35.7700,37.2500,35.2000,36.6600,30.0435,1707800
2009-04-21,37.0500,37.2100,34.3000,34.9000,28.6012,1305200
2009-04-22,35.0900,35.8100,34.3800,35.0000,28.6831,896100
2009-04-23,35.0300,37.0000,35.0100,36.3100,29.7567,1444300
2009-04-24,36.8200,38.6000,36.6600,38.0600,31.1908,1550500
2009-04-27,37.6000,37.9900,36.7000,37.2400,30.5188,860900
2009-04-28,36.7600,37.0700,36.0600,36.4900,29.9042,667600
2009-04-29,36.8400,37.6100,36.1200,36.7900,30.1500,1032200
2009-04-30,36.2900,36.4900,35.5800,36.1600,29.6337,1744100
2009-05-01,35.9800,37.1000,35.7300,36.1900,29.6583,937700
2009-05-04,36.2700,37.9300,36.2700,37.8800,31.0433,954200
2009-05-05,38.5000,38.7500,37.4100,37.8800,31.0433,679700
2009-05-06,38.2700,39.5500,38.2400,39.3700,32.2644,813700
2009-05-07,40.6000,40.6500,39.4100,39.6900,32.5266,748400
2009-05-08,40.0800,40.9700,39.2400,39.9000,32.6987,867700
2009-05-11,39.5400,39.7900,38.4500,39.1200,32.0595,642700
2009-05-12,40.1000,41.9700,39.7900,41.8500,34.2968,991400
2009-05-13,41.4000,42.1000,39.8500,40.6000,33.2724,988000
2009-05-14,40.6300,41.0900,39.2900,40.5600,33.2396,723700
2009-05-15,40.0100,41.0400,39.5300,39.9700,32.7561,664700
2009-05-18,39.9900,40.0000,38.7700,39.8000,32.6168,842900
2009-05-19,39.9000,41.1700,39.1600,40.6600,33.3216,904900
2009-05-20,41.0100,43.2000,41.0000,42.7700,35.0507,1423000
2009-05-21,42.8000,45.0000,42.0000,44.9000,36.7963,1448300
2009-05-22,45.4900,45.8800,44.0800,44.2600,36.2718,968200
2009-05-26,44.1300,45.3900,43.0100,45.3800,37.1897,773000
2009-05-27,45.3300,45.5000,43.9400,44.0400,36.0915,524100
2009-05-28,44.9800,46.4900,44.1600,45.9000,37.6158,625100
2009-05-29,47.4800,47.4800,45.6800,46.5700,38.1649,729200
2009-06-01,46.6400,47.4800,45.8600,46.1400,37.8125,542800
2009-06-02,45.9200,47.9300,45.8700,47.7600,39.1401,702900
2009-06-03,47.0900,47.3900,44.3600,45.5800,37.3536,779200
2009-06-04,46.0500,46.8500,45.5300,46.1900,37.8535,697600
2009-06-05,44.9100,45.6700,43.5400,44.0800,36.1243,595500
2009-06-08,43.4900,44.1500,42.5800,44.1000,36.1407,558300
2009-06-09,44.6900,45.3700,43.4600,44.3700,36.3620,435200
2009-06-10,44.8700,45.2500,42.9000,43.9000,35.9768,583800
2009-06-11,43.8100,44.6400,43.0300,43.9200,35.9932,368400
2009-06-12,43.1100,43.1100,42.2500,42.6400,34.9442,473700
2009-06-15,42.0700,42.1000,41.2000,41.8100,34.2640,485100
2009-06-16,42.4900,43.4500,42.1900,42.9000,35.1573,610000
2009-06-17,42.7800,44.3300,42.3600,43.7300,35.8375,621400
2009-06-18,43.6300,43.6300,41.7700,41.9800,34.4033,678700
2009-06-19,42.4400,43.5300,42.3100,43.0800,35.3048,1307400
2009-06-22,42.2700,42.4800,41.0500,41.1200,33.6985,823700
2009-06-23,41.2900,42.7800,40.7000,42.4300,34.7721,496600
2009-06-24,42.9200,44.1300,42.8300,43.7400,35.8457,636000
2009-06-25,43.5400,46.0200,43.3200,46.0000,37.6978,702100
2009-06-26,46.0300,46.2400,41.9900,42.0700,34.4771,5428600
2009-06-29,42.9600,43.2100,41.9000,42.9700,35.2147,1175900
2009-06-30,42.8700,43.1700,41.2300,41.6900,34.2294,709600
2009-07-01,42.1600,43.0000,42.1500,42.4300,34.8370,633000
2009-07-02,41.8500,41.9500,41.0600,41.5200,34.0898,443700
2009-07-06,40.8300,40.9600,38.7400,39.0400,32.0536,961700
2009-07-07,39.3300,40.3000,38.9200,39.1900,32.1768,583600
2009-07-08,39.2500,39.8100,37.9500,38.7100,31.7827,842200
2009-07-09,39.2500,39.7700,38.4100,38.5000,31.6103,615200
2009-07-10,38.4800,39.2800,38.0800,38.9800,32.0044,515100
2009-07-13,38.7700,39.4200,37.3500,39.3200,32.2835,675800
2009-07-14,39.6300,40.1200,39.1400,39.5400,32.4642,620400
2009-07-15,40.5100,41.3000,40.2700,40.5100,33.2606,805400
2009-07-16,40.6900,40.8900,39.7700,40.5900,33.3262,641100
2009-07-17,40.1000,41.1000,40.0600,40.6700,33.3919,662500
2009-07-20,41.4300,42.1100,40.8900,41.7000,34.2376,663200
2009-07-21,41.9700,42.2900,40.1800,41.4600,34.0406,649100
2009-07-22,41.1200,42.0300,40.7600,41.6900,34.2294,755100
2009-07-23,41.5000,42.4200,41.1600,41.8400,34.3525,526000
2009-07-24,41.9500,42.3900,41.3000,41.7800,34.3033,342900
2009-07-27,41.6300,42.3300,41.5400,42.0000,34.4839,415500
2009-07-28,41.4400,41.5100,39.8900,40.9300,33.6054,512600
2009-07-29,40.4500,40.4500,38.8200,39.0000,32.0208,714200
2009-07-30,39.9400,40.3000,39.4600,39.6000,32.5134,407600
2009-07-31,39.2300,41.2200,39.0100,41.0800,33.7286,771100
2009-08-03,41.5100,42.5000,41.3700,42.3400,34.7631,768200
2009-08-04,42.3200,43.0900,41.8100,42.5100,34.9027,355700
2009-08-05,42.3500,42.5900,41.3200,42.0400,34.5168,334700
2009-08-06,42.3800,42.7700,41.3300,42.3600,34.7795,441400
2009-08-07,42.9600,42.9700,41.8500,42.0900,34.5578,347000
2009-08-10,41.8100,42.2500,41.1900,41.6600,34.2048,304300
2009-08-11,41.5400,41.5400,40.4400,41.0200,33.6793,304800
2009-08-12,40.6900,42.1900,40.4200,41.1500,33.7860,442700
2009-08-13,42.5200,42.6100,41.0000,41.4700,34.0488,469900
2009-08-14,40.9900,41.2500,39.6100,40.2100,33.0142,463400
2009-08-17,39.2200,39.6400,38.2700,39.0200,32.0372,535700
2009-08-18,38.8100,39.4100,38.3600,38.5800,31.6760,553200
2009-08-19,38.6000,39.4800,38.0700,39.0800,32.0865,729100
2009-08-20,38.8800,39.3500,38.6600,39.1100,32.1111,549200
2009-08-21,39.5600,40.1200,39.2100,39.5000,32.4313,728900
2009-08-24,39.5900,40.1100,38.9800,39.0600,32.0700,641700
2009-08-25,39.5100,39.8800,38.6200,39.1200,32.1193,590700
2009-08-26,38.8300,39.2900,38.5000,38.9600,31.9879,434700
2009-08-27,38.9300,39.5700,38.0400,39.3500,32.3081,504200
2009-08-28,39.7100,40.1400,38.8700,39.9500,32.8008,552500
2009-08-31,38.9400,39.7600,38.9400,39.6800,32.5791,462700
2009-09-01,39.6200,40.0600,38.5700,39.1200,32.1193,703400
2009-09-02,39.2700,42.9000,39.2700,42.7700,35.1161,1495600
2009-09-03,43.3700,46.7200,43.1800,46.4400,38.1294,2202700
2009-09-04,45.9000,46.4900,45.2600,45.9800,37.7517,809600
2009-09-08,47.4200,48.0000,45.7400,46.3800,38.0801,968000
2009-09-09,46.1400,46.7600,44.4500,45.3100,37.2016,770100
2009-09-10,45.0500,47.4900,44.4400,47.0200,38.6056,775300
2009-09-11,48.1500,49.3500,47.9400,48.3300,39.6811,1180000
2009-09-14,47.5000,47.9000,46.3100,46.7800,38.4085,768500
2009-09-15,46.7000,47.6500,46.2400,47.2800,38.8190,889300
2009-09-16,48.0400,48.4800,46.8000,46.9900,38.5809,1252400
2009-09-17,47.0900,47.1800,44.8100,45.6000,37.4397,1111600
2009-09-18,45.6800,46.3800,44.2500,45.8000,37.6039,1213900
2009-09-21,44.5000,45.2700,43.8200,45.0600,36.9963,705300
2009-09-22,46.0400,46.7700,45.7500,46.4100,38.1047,561800
2009-09-23,46.1000,46.6100,44.7200,44.7500,36.7418,641200
2009-09-24,45.5800,45.8400,43.6500,44.3100,36.3805,723000
2009-09-25,43.8800,44.7600,43.5200,43.9300,36.0685,673600
2009-09-28,44.2100,45.2700,44.0000,44.2900,36.3641,567000
2009-09-29,44.6300,45.7000,44.1500,45.2100,37.1195,532200
2009-09-30,45.6400,46.1300,44.3000,45.6000,37.5060,743900
2009-10-01,45.9200,46.0800,43.0600,43.4300,35.7212,816800
2009-10-02,43.0300,44.2900,42.9600,43.2900,35.6061,670400
2009-10-05,43.8700,45.2500,43.2000,44.9000,36.9303,570700
2009-10-06,46.4500,48.0800,46.3800,47.9100,39.4060,1127600
2009-10-07,47.9400,48.0800,46.5500,47.8400,39.3484,893100
2009-10-08,48.1600,49.7100,47.5000,49.1000,40.3848,1032400
2009-10-09,48.6300,48.9200,47.6700,48.4800,39.8749,693700
2009-10-12,48.6000,49.3800,47.6600,48.1000,39.5623,559100
2009-10-13,48.5200,49.7100,47.9700,49.3200,40.5658,973700
2009-10-14,49.6900,49.7100,48.5300,48.5300,39.9160,1216400
2009-10-15,48.0000,48.0300,46.7000,46.9200,38.5917,1033800
2009-10-16,46.9900,48.3900,46.5500,47.9500,39.4389,694900
2009-10-19,47.8800,48.3700,47.0600,48.1700,39.6199,499200
2009-10-20,47.8400,48.0200,46.0600,47.2500,38.8632,525000
2009-10-21,46.6600,48.6400,46.6600,47.4800,39.0523,756200
2009-10-22,47.2800,47.9900,46.6500,47.1300,38.7645,584200
2009-10-23,47.4900,48.1400,46.8900,47.0100,38.6658,509700
2009-10-26,47.2600,47.8900,45.3300,45.6000,37.5060,671300
2009-10-27,45.4100,46.2300,45.0300,45.6300,37.5307,487100
2009-10-28,45.5500,46.2000,43.7200,43.8300,36.0502,750100
2009-10-29,44.4200,45.8300,44.1000,45.2400,37.2100,630100
2009-10-30,44.9100,44.9100,42.9000,44.1700,36.3299,993800
2009-11-02,45.0700,45.7200,43.2300,44.5500,36.6424,780500
2009-11-03,44.3700,47.8800,44.0100,47.7900,39.3073,1092300
2009-11-04,48.1300,48.4900,46.9700,47.8300,39.3402,841600
2009-11-05,48.5600,48.5700,47.0800,47.4100,38.9948,676100
2009-11-06,47.4100,50.7700,47.4100,50.7000,41.7008,1285800
2009-11-09,51.7800,52.4300,50.6000,51.0300,41.9722,1190200
2009-11-10,50.9400,51.5500,50.0500,50.9800,41.9311,613200
2009-11-11,51.5600,51.8600,50.4100,50.9700,41.9229,811700
2009-11-12,50.6800,51.1200,49.5700,49.9400,41.0757,747600
2009-11-13,50.1300,51.2900,49.8700,50.9500,41.9064,853000
2009-11-16,51.8400,52.7500,51.4200,52.0900,42.8441,761700
2009-11-17,51.7200,52.7500,51.2700,52.7500,43.3869,501500
2009-11-18,53.1500,53.6400,52.3400,53.0000,43.5926,777600
2009-11-19,52.3600,53.4800,51.4100,53.2800,43.8229,525100
2009-11-20,52.7300,53.2000,51.7800,52.9400,43.5432,424000
2009-11-23,54.5700,55.5500,53.9500,54.0800,44.4809,780200
2009-11-24,54.0700,54.1500,52.9700,53.8700,44.3081,905100
2009-11-25,54.4700,55.2100,54.2400,55.0800,45.3033,702100
2009-11-27,51.9900,54.0000,51.3600,53.3100,43.8475,598600
2009-11-30,53.0900,54.2400,53.0300,53.8200,44.2670,833400
2009-12-01,55.0300,55.2900,54.5600,54.7200,45.0073,767200
2009-12-02,55.3700,55.9600,54.6500,55.7400,45.8462,716900
2009-12-03,55.4000,55.4600,53.6400,54.0900,44.4891,712800
2009-12-04,53.1900,53.2100,49.8300,51.2600,42.1614,1486900
2009-12-07,50.3100,51.9800,50.0500,51.1600,42.0792,894400
2009-12-08,50.5300,51.2200,49.9000,50.5500,41.5774,715100
2009-12-09,50.6100,51.9900,50.5900,51.7200,42.5398,596600
2009-12-10,52.1300,52.5500,51.0000,51.5400,42.3917,386700
2009-12-11,51.6300,52.0100,49.8800,50.0800,41.1909,620800
2009-12-14,50.7000,51.0700,49.9700,50.7900,41.7748,365600
2009-12-15,50.7100,51.4900,49.7200,49.9500,41.0839,479300
2009-12-16,50.4500,51.3400,49.9700,50.0300,41.1497,450800
2009-12-17,49.3600,49.5300,46.8100,47.0000,38.6576,1045300
2009-12-18,46.8300,48.1300,46.5100,48.1300,39.5870,1289600
2009-12-21,48.1300,48.3700,46.8300,47.5200,39.0852,566200
2009-12-22,47.5000,48.0600,46.6000,47.1200,38.7563,586300
2009-12-23,47.4000,49.3600,47.3900,48.9100,40.2285,526400
2009-12-24,49.4900,49.7000,48.5400,48.8500,40.1792,159900
2009-12-28,49.2100,49.4400,47.9100,48.2300,39.6692,209300
2009-12-29,48.5300,48.6400,47.2600,47.4000,38.9866,352100
2009-12-30,46.6200,47.1500,46.1200,46.6700,38.4591,579200
2009-12-31,47.2300,47.5000,46.6700,47.0900,38.8053,388500
2010-01-04,48.1300,48.9400,47.8100,48.0000,39.5552,389700
2010-01-05,48.0500,48.8200,47.1100,47.8700,39.4480,419600
2010-01-06,48.3500,49.6700,48.2800,48.7500,40.1732,462400
2010-01-07,48.7900,48.9000,47.7200,48.3700,39.8601,444300
2010-01-08,48.4400,49.7400,48.0800,49.6500,40.9149,420700
2010-01-11,50.3900,50.9800,49.8300,50.0200,41.2198,531500
2010-01-12,49.4800,49.8300,48.0700,48.4400,39.9177,470300
2010-01-13,48.8000,48.9100,47.3700,48.7900,40.2062,234100
2010-01-14,48.8200,48.8200,47.6000,48.0400,39.5881,265600
2010-01-15,47.7300,47.7600,46.7500,47.2100,38.9042,348100
2010-01-19,47.0000,47.7100,47.0000,47.6800,39.2915,233400
2010-01-20,47.0900,47.0900,45.2800,46.2000,38.0718,726500
2010-01-21,45.7000,45.9900,44.0100,44.0600,36.3083,945300
2010-01-22,43.7700,45.3200,43.4400,44.5000,36.6709,822200
2010-01-25,45.3500,45.3500,44.0500,44.3700,36.5638,349800
2010-01-26,44.0100,45.0700,43.6800,43.8700,36.1518,372500
2010-01-27,43.9200,44.3000,43.2800,44.0800,36.3248,506600
2010-01-28,44.3500,44.8200,43.0100,43.7200,36.0282,413100
2010-01-29,43.8800,44.4500,42.4900,42.6200,35.1217,538900
2010-02-01,43.0200,44.5000,43.0200,44.3500,36.5473,516000
2010-02-02,44.7400,44.8900,43.6100,43.7600,36.0611,598600
2010-02-03,43.7700,44.4400,43.2000,43.4600,35.8139,435800
2010-02-04,42.7600,43.0900,41.1900,41.8700,34.5036,780900
2010-02-05,42.5600,44.4200,41.3500,44.3900,36.5803,767000
2010-02-08,44.3900,44.6100,42.4500,42.4900,35.0146,529600
2010-02-09,42.9100,44.0500,42.8000,43.7000,36.0117,534400
2010-02-10,43.8700,43.8700,42.4900,43.2400,35.6326,402900
2010-02-11,43.3000,44.1900,42.8900,44.0500,36.3001,619200
2010-02-12,43.7300,44.0600,42.7400,43.7000,36.0117,532900
2010-02-16,44.8600,45.0000,43.9100,44.3800,36.5720,806200
2010-02-17,44.2900,44.4100,43.5400,44.0600,36.3083,687500
2010-02-18,43.9700,44.5600,43.6000,44.0000,36.2589,533000
2010-02-19,43.9900,44.9400,43.6200,44.6400,36.7863,591700
2010-02-22,45.0500,45.2400,43.9200,44.0100,36.2671,848600
2010-02-23,43.9200,43.9600,42.1300,42.8000,35.2700,838300
2010-02-24,42.7500,43.3800,42.6000,42.9300,35.3771,444900
2010-02-25,42.7000,44.1300,42.3200,44.1000,36.3413,752300
2010-02-26,44.2800,44.9700,43.5200,44.9400,37.0335,740600
2010-03-01,45.1100,45.5100,44.0600,45.4600,37.4620,871200
2010-03-02,45.7900,47.1500,45.5200,46.8600,38.6157,988300
2010-03-03,47.2100,47.5000,46.3800,46.5100,38.3273,783200
2010-03-04,46.7400,46.7400,45.6000,46.2500,38.1130,441900
2010-03-05,46.3500,47.0000,46.1500,46.5900,38.3932,531700
2010-03-08,46.8300,46.8300,45.9600,46.2800,38.1378,362100
2010-03-09,45.9000,46.3000,45.4500,46.0400,37.9400,457800
2010-03-10,46.0000,46.3800,44.7700,45.0300,37.1077,483000
2010-03-11,45.0100,45.6800,44.5000,45.6800,37.6433,348900
2010-03-12,46.0400,46.1400,44.9500,45.4800,37.4785,391200
2010-03-15,45.5700,45.9500,44.9700,45.7500,37.7010,341700
2010-03-16,46.3100,47.2400,46.3100,47.0500,38.7723,540400
2010-03-17,47.1000,47.9200,47.1000,47.3200,38.9948,379500
2010-03-18,47.5900,49.0000,47.5600,48.3200,39.8189,858300
2010-03-19,47.9500,48.5300,47.2800,48.0100,39.5634,1651900
2010-03-22,47.5700,47.7500,46.5700,47.3100,38.9865,633800
2010-03-23,47.0100,48.1200,46.5000,47.6600,39.2750,468800
2010-03-24,46.8700,46.9300,45.5700,45.7500,37.7010,587900
2010-03-25,46.2200,46.4300,44.6100,44.6800,36.8192,419000
2010-03-26,45.0600,45.9400,44.5900,45.8700,37.7999,397200
2010-03-29,46.2600,46.5500,45.8000,46.2300,38.0966,339600
2010-03-30,46.2300,46.5000,45.0900,45.5000,37.5681,334900
2010-03-31,45.6800,46.5300,45.6800,46.2100,38.1544,385400
2010-04-01,46.9000,49.1000,46.5300,49.0400,40.4910,1046600
2010-04-05,49.4800,50.2100,48.8900,50.0800,41.3497,874600
2010-04-06,49.7300,50.2200,49.3400,49.8800,41.1846,577200
2010-04-07,50.0600,51.4800,50.0500,50.6800,41.8451,819500
2010-04-08,50.2700,51.4200,50.0100,50.9700,42.0846,512800
2010-04-09,51.1600,52.1300,51.1600,51.5000,42.5222,846800
2010-04-12,51.3900,51.9200,51.0300,51.3300,42.3818,539900
2010-04-13,50.4300,50.7200,48.5600,49.6500,40.9947,1237500
2010-04-14,50.0800,50.3500,48.8900,49.4100,40.7965,569000
2010-04-15,49.0500,49.6500,48.7500,49.0800,40.5240,455100
2010-04-16,48.0700,48.9000,47.1000,48.0400,39.6653,713300
2010-04-19,47.2600,47.7600,46.7800,47.7100,39.3929,634500
2010-04-20,48.2900,48.5200,47.1300,47.2600,39.0213,548100
2010-04-21,47.4400,47.8200,46.5100,47.5800,39.2855,597000
2010-04-22,47.2100,48.1800,46.9400,48.0700,39.6901,545400
2010-04-23,48.1700,49.1400,47.7500,48.9400,40.4084,362900
2010-04-26,49.1800,49.3200,48.2900,48.3500,39.9213,341900
2010-04-27,48.0600,48.9400,47.7900,48.6700,40.1855,551700
2010-04-28,48.9100,50.6300,48.4300,50.3700,41.5892,723000
2010-04-29,50.4900,51.2500,50.1300,50.9800,42.0928,532000
2010-04-30,51.3900,51.9900,50.9500,51.1800,42.2580,576200
2010-05-03,51.3200,51.3400,49.8800,50.9300,42.0515,437500
2010-05-04,50.8400,51.0000,48.4600,49.1900,40.6149,843300
2010-05-05,48.5200,49.4600,47.8000,48.7300,40.2351,1013100
2010-05-06,48.3700,51.2700,48.0100,50.3300,41.5561,1083000
2010-05-07,50.0400,50.9300,48.8400,49.1000,40.5405,755500
2010-05-10,49.8600,49.8600,48.7800,49.5900,40.9451,689900
2010-05-11,50.0400,52.3900,50.0400,51.4500,42.4809,1371400
2010-05-12,52.1300,52.7500,51.1600,52.3400,43.2157,1071900
2010-05-13,52.5700,53.5400,51.6800,52.1100,43.0258,880300
2010-05-14,52.3400,52.8800,50.5600,51.8700,42.8277,676700
2010-05-17,51.9000,52.5000,50.9700,51.1800,42.2580,528000
2010-05-18,51.0500,51.6200,50.6100,50.9700,42.0846,573800
2010-05-19,50.4600,50.6400,48.3400,49.6000,40.9534,907400
2010-05-20,48.5100,49.2800,47.5100,47.5600,39.2690,877200
2010-05-21,47.0100,48.3300,46.5700,47.7400,39.4176,706900
2010-05-24,48.5100,49.2500,48.3100,48.3100,39.8883,569500
2010-05-25,47.9400,50.2900,47.7700,50.0100,41.2919,679100
2010-05-26,51.0000,51.4600,49.6200,49.6300,40.9781,640800
2010-05-27,50.4700,50.7300,49.9400,50.7200,41.8781,551800
2010-05-28,50.9800,50.9900,49.6300,50.1400,41.3993,520800
2010-06-01,50.5000,51.3400,48.6600,48.6700,40.1855,832900
2010-06-02,48.9900,50.4400,48.5100,50.4100,41.6222,693400
2010-06-03,50.4100,50.4100,49.0200,49.3000,40.7057,626700
2010-06-04,48.8000,50.1100,48.5600,49.1700,40.5984,703200
2010-06-07,49.2900,51.1700,48.2900,50.3200,41.5479,963600
2010-06-08,51.1400,51.8100,50.4100,50.9900,42.1011,841500
2010-06-09,50.8300,51.6000,50.6000,51.0600,42.1589,493200
2010-06-10,51.4900,51.5000,50.5800,51.3400,42.3901,389000
2010-06-11,51.2900,51.6800,50.7600,51.6800,42.6708,342300
2010-06-14,51.7600,51.9900,50.9200,51.1000,42.1919,318900
2010-06-15,51.2300,52.7000,51.2300,52.5500,43.3891,471300
2010-06-16,52.5000,53.0300,52.1400,52.2800,43.1662,491200
2010-06-17,52.5900,53.6800,52.1800,53.3600,44.0579,955700
2010-06-18,53.7100,54.5200,53.3900,53.7900,44.4130,1391700
2010-06-21,54.1000,54.8500,53.0800,53.3500,44.0497,843200
2010-06-22,52.8000,53.2400,51.1800,51.2800,42.3405,1153600
2010-06-23,48.9800,49.1800,48.2500,48.6300,40.1525,5416300
2010-06-24,48.6600,49.8500,48.4400,48.4800,40.0286,1988600
2010-06-25,49.1100,50.3200,48.7100,49.8000,41.1185,1310100
2010-06-28,49.9900,50.5700,48.8100,49.3800,40.7717,946200
2010-06-29,48.8400,49.1900,48.2500,48.6000,40.1277,1271700
2010-06-30,48.2600,49.1900,47.7300,48.0000,39.7058,959900
2010-07-01,47.9300,48.2400,44.7100,45.9300,37.9935,1757300
2010-07-02,45.7800,46.5100,45.2500,45.5400,37.6709,611400
2010-07-06,45.4900,45.9100,44.5200,44.9300,37.1663,899100
2010-07-07,45.0300,45.7800,44.6300,45.6800,37.7867,674000
2010-07-08,45.8400,45.8700,44.7100,45.1300,37.3318,918900
2010-07-09,45.5100,46.2900,45.5000,45.6600,37.7702,753800
2010-07-12,45.4800,46.0100,44.7800,44.8500,37.1001,449100
2010-07-13,45.5000,45.8500,44.6000,44.7200,36.9926,651400
2010-07-14,44.6500,44.8000,43.8100,44.4000,36.7279,731300
2010-07-15,44.4300,44.7700,43.8000,44.5500,36.8520,654800
2010-07-16,44.1900,44.2300,43.5800,43.8200,36.2481,1187600
2010-07-19,43.7600,43.8000,42.7500,43.1400,35.6856,898000
2010-07-20,42.9200,44.2500,42.8000,43.8800,36.2978,606100
2010-07-21,44.0000,44.5000,43.1100,43.4700,35.9586,540700
2010-07-22,44.0400,44.6400,43.7100,43.9300,36.3391,449400
2010-07-23,44.0600,44.3600,43.3100,44.0800,36.4632,463800
2010-07-26,44.3900,44.5000,43.5800,43.7700,36.2068,326300
2010-07-27,43.7300,43.7300,42.1500,42.8200,35.4209,1000700
2010-07-28,42.4900,43.5200,42.4000,43.1200,35.6691,562500
2010-07-29,43.0800,43.7100,42.9100,43.4900,35.9751,620900
2010-07-30,43.5500,44.4100,43.4900,44.1300,36.5046,1065600
2010-08-02,44.4400,44.7400,43.5900,44.2200,36.5790,600300
2010-08-03,44.2300,45.1600,44.2300,44.9700,37.1994,650800
2010-08-04,45.7900,45.9000,45.2800,45.6500,37.7619,522200
2010-08-05,45.5600,45.9000,45.1600,45.8400,37.9191,458100
2010-08-06,46.4700,46.9800,46.0200,46.7600,38.6801,611800
2010-08-09,46.7400,46.8600,45.8400,46.3400,38.3327,255100
2010-08-10,46.0400,46.8000,45.5800,46.5100,38.4733,410800
2010-08-11,46.4600,46.9700,45.5600,45.7300,37.8281,481200
2010-08-12,45.8500,47.2000,45.8500,46.4000,38.3823,672400
2010-08-13,46.1300,46.4400,45.7700,45.8000,37.8860,443300
2010-08-16,46.0400,46.9200,45.9700,46.7700,38.6884,474300
2010-08-17,46.7500,47.2900,46.3900,46.9200,38.8125,330600
2010-08-18,46.7100,48.1100,46.1000,47.8800,39.6066,645000
2010-08-19,48.0500,49.4700,47.8700,48.7300,40.3097,771200
2010-08-20,48.5800,48.9200,47.9800,48.8900,40.4420,427600
2010-08-23,48.9200,48.9400,47.9300,48.0400,39.7389,232100
2010-08-24,47.2600,48.4100,47.0000,47.5300,39.3171,350200
2010-08-25,47.7100,49.4400,47.7100,49.0000,40.5330,913500
2010-08-26,49.4600,49.7400,48.9700,49.0600,40.5827,411900
2010-08-27,49.3100,49.9600,48.6500,49.7900,41.1865,698900
2010-08-30,49.6800,49.9800,48.7600,48.7800,40.3511,355400
2010-08-31,49.1100,50.2100,48.6500,49.0700,40.5910,484000
2010-09-01,49.4800,49.5800,48.1700,48.8700,40.4255,335500
2010-09-02,49.4400,49.4700,48.5000,49.0100,40.5413,275300
2010-09-03,48.5000,49.0400,48.1100,49.0100,40.5413,262800
2010-09-07,49.0700,50.0000,49.0600,49.5400,40.9797,347200
2010-09-08,49.6000,50.0800,49.1400,49.2200,40.7150,435200
2010-09-09,49.2700,49.5200,47.9700,48.3400,39.9871,496300
2010-09-10,48.2000,48.7100,48.0200,48.2700,39.9292,269600
2010-09-13,48.2700,48.8900,48.0000,48.6000,40.2022,305700
2010-09-14,49.2500,51.1800,49.1600,50.4600,41.7408,741100
2010-09-15,50.3300,50.4800,49.5800,49.9400,41.3106,617900
2010-09-16,50.1100,51.4400,50.0500,50.8900,42.0965,612000
2010-09-17,51.3700,51.3700,50.0500,50.4100,41.6994,1370300
2010-09-20,50.3200,51.3100,50.3200,50.4000,41.6911,489800
2010-09-21,50.2000,50.6900,48.9200,50.4300,41.7160,629300
2010-09-22,51.1300,51.5700,50.5300,50.6900,41.9310,518400
2010-09-23,50.4300,50.8500,49.7700,49.8600,41.2444,463000
2010-09-24,50.4800,50.6800,49.5400,50.0700,41.4182,495900
2010-09-27,50.1400,50.2500,49.2000,49.3300,40.8060,269900
2010-09-28,49.0400,50.9100,48.2200,50.7600,41.9889,595100
2010-09-29,50.8600,51.0600,50.0600,50.1000,41.5166,306800
2010-09-30,50.6300,50.6300,48.8400,49.8400,41.3011,415500
2010-10-01,50.6400,50.9900,50.0600,50.3800,41.7486,339800
2010-10-04,50.3000,50.3800,49.1100,49.8400,41.3011,370700
2010-10-05,50.3200,51.2600,50.3200,50.5700,41.9061,655200
2010-10-06,50.5000,51.3600,50.2300,51.3600,42.5607,445600
2010-10-07,51.5500,51.7000,48.9700,49.5000,41.0194,787500
2010-10-08,49.2600,50.5000,49.2600,49.8400,41.3011,419900
2010-10-11,49.7800,50.2400,49.2000,49.9400,41.3840,345700
2010-10-12,49.5900,50.0400,48.8100,49.9100,41.3591,388400
2010-10-13,50.4100,51.2600,50.3500,50.5000,41.8481,475000
2010-10-14,50.3800,50.9100,49.9700,50.3100,41.6906,277700
2010-10-15,50.1200,50.1200,48.8600,49.7600,41.2348,707300
2010-10-18,48.8500,50.1600,48.7700,50.0900,41.5083,519400
2010-10-19,48.9700,49.2000,47.8000,48.2200,39.9587,631600
2010-10-20,48.5100,49.2800,48.2600,48.5100,40.1990,294500
2010-10-21,48.5000,48.9200,46.7400,47.4300,39.3040,596600
2010-10-22,47.2600,47.7800,47.0000,47.6900,39.5195,275500
2010-10-25,48.3000,48.9400,48.0900,48.3100,40.0332,303000
2010-10-26,47.8100,49.1300,47.6500,48.7500,40.3979,272400
2010-10-27,48.3800,48.3800,46.9000,48.2300,39.9670,428400
2010-10-28,48.6300,49.2200,48.4300,49.0000,40.6050,411900
2010-10-29,48.9700,49.6500,48.9500,49.5100,41.0277,270600
2010-11-01,49.3800,50.0000,48.7000,49.3600,40.9034,336100
2010-11-02,49.5700,50.2800,49.4000,50.0700,41.4917,427600
2010-11-03,50.1700,50.6700,48.5600,50.3300,41.7072,687200
2010-11-04,52.0000,52.2500,51.2500,51.5100,42.6850,607400
2010-11-05,51.4900,52.2900,51.3000,51.6600,42.8093,408300
2010-11-08,51.4100,53.5000,51.2300,53.4000,44.2512,594100
2010-11-09,53.4000,54.1200,50.4900,51.2000,42.4281,980800
2010-11-10,51.0300,52.2500,50.6600,52.1400,43.2071,533000
2010-11-11,51.6800,52.7700,51.4800,52.6200,43.6048,488400
2010-11-12,52.0600,52.5000,50.8600,51.8900,42.9999,502400
2010-11-15,51.8600,52.2000,50.7000,50.8400,42.1298,385100
2010-11-16,50.6000,50.9600,49.5000,50.1200,41.5331,554500
2010-11-17,49.9200,50.6400,49.4000,49.6600,41.1520,421000
2010-11-18,50.3600,50.8400,50.1200,50.3500,41.7237,443800
2010-11-19,50.2500,50.9900,49.6400,50.6700,41.9889,270000
2010-11-22,50.7200,51.7500,50.2200,51.5000,42.6767,419100
2010-11-23,51.3600,51.8700,51.0000,51.4600,42.6436,332100
2010-11-24,51.6500,51.9000,50.9100,51.2500,42.4696,256000
2010-11-26,50.6400,51.8600,49.9500,51.2500,42.4696,147900
2010-11-29,50.8500,51.0400,49.7400,50.7800,42.0801,392200
2010-11-30,51.0500,52.2200,50.8900,51.5200,42.6933,383000
2010-12-01,52.0700,52.2200,51.2800,52.1100,43.1822,310100
2010-12-02,52.2300,52.5600,51.4300,51.7800,42.9088,458000
2010-12-03,51.8600,52.8000,51.6200,52.7000,43.6711,408700
2010-12-06,52.6700,53.7800,52.5000,53.6200,44.4335,399000
2010-12-07,54.0100,54.0800,52.2400,52.3700,43.3977,601600
2010-12-08,52.3200,52.8800,51.9100,52.5700,43.5634,445000
2010-12-09,52.4900,53.2400,52.4900,53.0300,43.9446,320600
2010-12-10,53.0100,54.1200,52.4200,53.7000,44.4998,487700
2010-12-13,54.2500,54.7700,53.9800,54.0800,44.8147,350300
2010-12-14,54.4400,54.9900,53.9300,54.5600,45.2125,354800
2010-12-15,54.3700,54.5400,53.0400,53.4400,44.2843,521100
2010-12-16,53.4400,53.4400,52.3500,53.0800,43.9860,290000
2010-12-17,53.2400,54.0100,52.5900,53.7200,44.5164,572800
2010-12-20,53.9800,54.3600,53.2300,53.9400,44.6987,299100
2010-12-21,54.0600,54.5900,53.7300,54.0100,44.7567,408600
2010-12-22,54.1300,54.3000,53.7700,53.9000,44.6656,186400
2010-12-23,53.8800,54.4100,53.5100,53.8400,44.6158,172800
2010-12-27,53.6600,54.4500,53.3200,53.8000,44.5827,138700
2010-12-28,54.4900,55.0600,54.1900,54.8500,45.4528,227400
2010-12-29,55.1200,55.2000,54.2900,54.7600,45.3782,152200
2010-12-30,55.0000,55.2200,54.0700,54.4000,45.0799,184400
2010-12-31,54.4800,55.0800,54.3200,54.6300,45.2705,160500
2011-01-03,55.0500,55.0500,53.6200,54.2700,44.9722,371000
2011-01-04,53.9400,54.1300,50.5700,52.2500,43.2982,1016100
2011-01-05,51.6200,51.8900,50.5200,50.8000,42.1855,649300
2011-01-06,50.8400,50.9900,49.8100,50.1000,41.6042,607800
2011-01-07,50.0500,50.8500,49.5100,49.9200,41.4547,395400
2011-01-10,49.8500,50.7200,49.3200,50.4300,41.8782,381400
2011-01-11,50.8000,51.1800,49.8000,51.1500,42.4761,345500
2011-01-12,51.2100,51.3200,50.3100,51.3200,42.6173,282700
2011-01-13,51.3000,51.5000,49.0200,49.3100,40.9481,501700
2011-01-14,48.9500,49.4000,47.6000,47.7300,39.6361,897900
2011-01-18,47.8900,48.5000,47.3400,47.7600,39.6610,843500
2011-01-19,48.0200,48.4700,47.2300,47.5500,39.4866,676400
2011-01-20,46.9400,46.9400,45.9500,46.2900,38.4403,1261400
2011-01-21,46.4100,46.4300,45.3700,45.7100,37.9586,906900
2011-01-24,45.8000,46.6500,45.6100,45.8600,38.0832,763100
2011-01-25,45.7300,47.2100,45.5200,46.6400,38.7309,865100
2011-01-26,46.7600,47.5800,46.1000,47.4600,39.4119,567100
2011-01-27,47.6500,47.8600,45.7800,46.1800,38.3489,526100
2011-01-28,46.0300,47.2500,45.8700,46.6200,38.7143,478400
2011-01-31,46.9100,46.9900,46.0000,46.4000,38.5316,364100
2011-02-01,46.8900,48.4100,46.7000,48.1500,39.9848,798200
2011-02-02,48.4100,48.4400,47.2500,47.5200,39.4617,451500
2011-02-03,47.8000,48.8000,47.1000,48.6300,40.3834,548400
2011-02-04,48.6600,48.9900,47.1600,47.5800,39.5115,661700
2011-02-07,48.0000,48.3000,47.4400,47.8000,39.6942,437900
2011-02-08,48.2000,48.7800,48.0800,48.3400,40.1426,361100
2011-02-09,48.3500,48.5900,47.6100,47.8900,39.7689,464700
2011-02-10,47.6600,48.4000,47.5000,47.8900,39.7689,370300
2011-02-11,47.8700,48.5000,47.5000,47.7400,39.6444,448900
2011-02-14,47.8600,48.5200,47.8300,48.4200,40.2090,239700
2011-02-15,49.0000,49.5100,48.8000,49.1000,40.7738,397200
2011-02-16,49.1000,49.6700,48.4200,49.2100,40.8651,354000
2011-02-17,49.2700,49.9800,49.2500,49.8000,41.3550,321600
2011-02-18,49.7900,49.9600,48.9000,49.1500,40.8153,662100
2011-02-22,49.7900,49.9600,48.1000,48.1600,39.9931,539400
2011-02-23,48.1100,49.6300,48.0000,49.1100,40.7821,469500
2011-02-24,49.2800,49.6400,48.4000,48.4100,40.2007,438600
2011-02-25,48.6300,49.2000,48.5500,48.8700,40.5828,264800
2011-02-28,49.2100,49.6200,48.9900,49.6200,41.2056,334900
2011-03-01,49.8800,50.3400,49.4700,50.3000,41.7703,558200
2011-03-02,50.3400,51.0000,50.1500,50.9900,42.3433,517400
2011-03-03,50.8800,50.8800,50.1200,50.2800,41.7536,356000
2011-03-04,50.3600,50.6000,50.1000,50.5800,42.0028,436400
2011-03-07,50.7800,51.0000,49.8400,50.2000,41.6872,509200
2011-03-08,50.3000,50.9100,49.4500,50.4400,41.8865,426800
2011-03-09,50.3000,50.6100,49.4200,49.6800,41.2554,363800
2011-03-10,49.1800,49.3700,48.0000,48.0400,39.8935,627000
2011-03-11,47.7600,49.3000,47.6300,48.9200,40.6243,373900
2011-03-14,49.2000,49.8500,49.0300,49.8000,41.3550,436600
2011-03-15,48.7500,50.6100,48.6700,50.4100,41.8616,789700
2011-03-16,50.5000,51.2400,48.9500,49.3700,40.9980,763600
2011-03-17,49.2500,50.1400,49.0800,49.4900,41.0976,482300
2011-03-18,49.9700,50.6700,49.7500,50.3700,41.8284,958900
2011-03-21,50.9100,50.9900,50.0900,50.3300,41.7952,580500
2011-03-22,50.3400,51.2100,50.0000,51.1500,42.4761,475900
2011-03-23,51.1700,52.4500,51.1700,52.2600,43.3979,593900
2011-03-24,52.6100,52.8800,52.1200,52.3500,43.4726,866100
2011-03-25,52.2300,52.5900,51.3900,51.9900,43.1737,501100
2011-03-28,51.6300,51.9500,51.0600,51.2700,42.5758,348800
2011-03-29,51.3400,52.4200,51.1300,52.1100,43.2733,388100
2011-03-30,52.3800,52.5600,51.0300,52.0500,43.3149,358000
2011-03-31,52.4500,53.0000,52.0800,52.4000,43.6062,407300
2011-04-01,53.0000,53.0000,51.3800,51.7100,43.0320,362900
2011-04-04,51.8500,52.6800,51.8500,52.1000,43.3565,286300
2011-04-05,52.1200,53.5000,51.8600,53.2700,44.3302,683500
2011-04-06,53.5000,53.6400,52.2800,52.9200,44.0389,537100
2011-04-07,53.3900,54.0600,53.0300,53.7900,44.7629,760000
2011-04-08,54.3200,54.6300,53.7000,54.0000,44.9377,535400
2011-04-11,54.2900,54.3600,52.5600,53.1100,44.1970,477600
2011-04-12,52.8400,53.4800,52.0100,52.3500,43.5646,555700
2011-04-13,52.6400,52.9900,52.1600,52.7700,43.9141,521200
2011-04-14,52.7400,53.6800,52.5900,53.4400,44.4716,603700
2011-04-15,53.4400,54.3800,53.4400,53.7700,44.7463,560600
2011-04-18,56.0100,56.6200,54.0300,56.1800,46.7518,1874400
2011-04-19,56.7700,57.3000,55.8300,56.4600,46.9848,1071600
2011-04-20,57.2300,58.7000,56.9300,58.3300,48.5410,1307500
2011-04-21,59.1900,60.7400,59.1900,60.2000,50.0972,1230800
2011-04-25,61.5400,61.5400,59.3900,59.6200,49.6145,949700
2011-04-26,59.3800,59.5000,58.0500,58.9400,49.0486,746600
2011-04-27,58.9900,60.6300,58.4000,60.4300,50.2886,534600
2011-04-28,61.2000,62.0100,60.5000,60.6500,50.4717,495000
2011-04-29,60.6700,61.6900,60.3100,60.9800,50.7463,696000
2011-05-02,60.6500,61.8100,59.4100,59.8900,49.8392,662000
2011-05-03,59.9700,60.1900,58.5700,59.1800,49.2484,646800
2011-05-04,58.1500,59.6300,57.2000,58.5900,48.7574,883500
2011-05-05,57.7500,58.5900,56.3300,57.1600,47.5674,1000000
2011-05-06,57.7100,59.2800,57.6400,57.9100,48.1915,917500
2011-05-09,58.5000,59.4700,57.9100,59.2500,49.3066,649100
2011-05-10,59.6200,59.8300,58.5900,59.4500,49.4730,669600
2011-05-11,59.3300,59.3400,56.8100,57.7700,48.0750,747400
2011-05-12,56.7700,58.3600,56.6100,57.4800,47.8337,559000
2011-05-13,57.4800,58.5000,56.4500,56.8800,47.3344,606000
2011-05-16,56.5400,58.0200,56.1100,57.4600,47.8170,738000
2011-05-17,57.0000,58.0000,55.6900,57.8400,48.1332,792900
2011-05-18,58.3100,59.5000,58.2000,59.3200,49.3649,653000
2011-05-19,59.7500,59.9000,58.7600,59.5400,49.5479,503600
2011-05-20,59.5200,60.3000,58.5800,59.8800,49.8309,653300
2011-05-23,59.7100,60.6100,59.3400,59.7200,49.6977,579300
2011-05-24,60.0800,60.7000,59.5900,60.3300,50.2054,528000
2011-05-25,60.7000,61.9600,60.5300,61.3900,51.0875,417500
2011-05-26,61.2200,61.5000,60.5000,61.3400,51.0459,391500
2011-05-27,61.8400,62.3300,61.0700,61.5600,51.2290,452200
2011-05-31,61.7600,62.1800,60.5700,62.0200,51.6118,815500
2011-06-01,61.9600,62.1200,60.9400,61.0900,50.8378,476300
2011-06-02,61.2300,62.0000,59.6300,60.4100,50.2719,634600
2011-06-03,59.9000,60.5800,59.7600,60.1100,50.0223,582000
2011-06-06,60.1900,61.1300,59.3800,59.6500,49.6395,669800
2011-06-07,59.8600,60.5000,59.4000,59.5000,49.5147,462000
2011-06-08,59.1400,59.5700,57.9000,58.3500,48.5577,579000
2011-06-09,58.3000,59.1200,57.9000,58.5000,48.6825,430000
2011-06-10,58.0800,58.2700,57.2600,57.7200,48.0334,437700
2011-06-13,57.7400,57.7400,56.2400,56.6700,47.1596,581500
2011-06-14,57.0900,57.9700,57.0900,57.4000,47.7671,369300
2011-06-15,57.0100,58.0000,56.1700,56.8200,47.2844,660200
2011-06-16,56.6000,56.8900,55.0000,55.9500,46.5604,676600
2011-06-17,56.0400,57.3000,55.7800,56.1500,46.7269,1574400
2011-06-20,56.0900,56.7700,56.0000,56.3900,46.9266,371400
2011-06-21,56.7700,58.1100,55.6000,57.9000,48.1832,636800
2011-06-22,58.0100,59.1600,58.0100,58.2000,48.4328,461200
2011-06-23,57.3500,58.0400,56.2200,58.0000,48.2664,540500
2011-06-24,58.1000,58.2500,56.6200,57.2000,47.6007,1246500
2011-06-27,57.0400,57.4500,56.3100,57.0200,47.4508,277900
2011-06-28,56.8600,58.1200,56.6500,57.8600,48.1499,417900
2011-06-29,58.2800,58.9900,57.7700,58.3200,48.6251,414000
2011-06-30,58.5300,59.3300,58.0200,58.5700,48.8336,352700
2011-07-01,58.3600,58.3600,57.0400,57.9100,48.2833,320400
2011-07-05,59.1600,59.2500,58.4000,58.8800,49.0920,392100
2011-07-06,59.1700,60.3500,59.0200,60.3200,50.2927,554800
2011-07-07,60.9900,61.8000,60.6900,60.8000,50.6929,623200
2011-07-08,60.4000,61.3500,59.8800,60.2200,50.2093,411100
2011-07-11,60.4100,61.2700,59.8400,60.9200,50.7929,551000
2011-07-12,60.4400,62.6400,60.4400,62.5900,52.1853,723200
2011-07-13,63.4800,65.0500,63.1300,63.5000,52.9440,938100
2011-07-14,64.6200,64.6400,62.7000,62.9000,52.4438,632800
2011-07-15,63.4300,64.4300,62.9000,64.4100,53.7028,510600
2011-07-18,65.4600,66.6200,64.8700,65.5400,54.6449,927700
2011-07-19,66.3400,66.4500,64.6900,65.1600,54.3281,579900
2011-07-20,65.0100,65.5600,64.3000,64.9700,54.1697,463300
2011-07-21,65.0000,65.3000,64.4800,64.8500,54.0696,436500
2011-07-22,65.3800,66.1300,65.0500,66.1100,55.1202,443700
2011-07-25,66.9100,67.2900,65.4300,65.5900,54.6866,488400
2011-07-26,65.2700,65.9300,65.0900,65.4000,54.5282,260300
2011-07-27,65.3400,66.0900,63.5800,63.8400,53.2275,497900
2011-07-28,64.4600,64.9400,63.3000,64.5700,53.8362,618700
2011-07-29,64.5600,64.6400,63.5000,64.1000,53.4443,538600
2011-08-01,64.2000,66.0000,64.0300,65.4500,54.5699,634600
2011-08-02,67.0100,68.1000,66.0700,67.7100,56.4542,832300
2011-08-03,68.3000,70.5900,68.2000,70.2900,58.6053,1552200
2011-08-04,70.8200,70.8600,66.3900,67.1000,55.9456,1603000
2011-08-05,66.7600,68.8100,64.7500,66.5400,55.4787,1073000
2011-08-08,67.8000,69.1500,65.8000,66.3600,55.3286,1390600
2011-08-09,68.7300,68.7300,63.3900,65.6900,54.7700,2308200
2011-08-10,66.1600,69.8800,64.5000,68.7800,57.3463,1922900
2011-08-11,68.8000,70.4100,66.7000,68.8900,57.4380,1303300
2011-08-12,67.6600,68.7300,67.2900,68.3000,56.9461,1086900
2011-08-15,67.3100,69.9600,66.2000,69.7800,58.1801,959500
2011-08-16,67.6300,69.7900,67.6300,68.9100,57.4547,684700
2011-08-17,69.1500,69.9800,68.2000,68.7400,57.3130,464800
2011-08-18,69.3400,69.5700,67.5500,68.1800,56.8461,673300
2011-08-19,68.1900,70.4000,68.1900,70.0000,58.3635,1188900
2011-08-22,71.4800,73.7800,70.5600,73.0000,60.8648,1191700
2011-08-23,72.6900,72.7200,70.3100,71.5200,59.6308,968300
2011-08-24,71.1400,71.7000,68.3500,68.8900,57.4380,1246700
2011-08-25,68.0300,72.5100,67.0100,72.3900,60.3562,1506200
2011-08-26,72.4300,74.8300,71.1000,74.8300,62.3906,1043600
2011-08-29,75.2000,75.5600,72.8500,74.5500,62.1571,873500
2011-08-30,75.3000,78.2200,74.9000,77.1600,64.3332,998000
2011-08-31,77.6700,77.9700,75.5000,76.6800,63.9331,625000
2011-09-01,76.4300,77.2900,75.6900,76.6400,63.8997,528900
2011-09-02,77.7700,79.7100,77.6800,78.9700,65.8424,875600
2011-09-06,80.1100,82.9800,78.9000,80.7000,67.2848,1368800
2011-09-07,79.0000,79.3200,76.4600,79.1500,65.9925,1182000
2011-09-08,80.4500,82.7700,80.0200,82.3400,68.6522,1160300
2011-09-09,82.1200,83.6900,80.7500,81.2600,67.7517,958700
2011-09-12,80.6300,82.0000,78.2300,80.0600,66.7512,971000
2011-09-13,80.1200,83.0000,79.5700,82.6900,68.9440,912300
2011-09-14,82.0600,82.5000,80.0700,81.5500,67.9935,1075300
2011-09-15,80.2500,80.6600,78.2000,80.2300,66.8929,1134400
2011-09-16,80.0400,80.7900,79.1200,80.3500,66.9930,2028500
2011-09-19,80.9800,81.2400,78.6800,79.3200,66.1342,1003300
2011-09-20,79.5700,82.5700,78.6600,81.8400,68.2353,824300
2011-09-21,81.3400,83.8700,80.5600,80.7200,67.3015,893300
2011-09-22,76.7600,78.6100,74.8500,76.6000,63.8663,1241000
2011-09-23,73.2400,74.6100,69.3800,71.4300,59.5558,2109700
2011-09-26,69.5000,70.9200,66.8100,69.6900,58.1050,2360200
2011-09-27,71.9600,73.0000,68.6000,68.9900,57.5214,2094700
2011-09-28,69.3700,70.2300,65.0500,65.5400,54.7322,1737000
2011-09-29,66.5700,66.8200,64.0000,64.5800,53.9305,1528600
2011-09-30,64.1100,66.0900,63.5400,64.0600,53.4962,1219800
2011-10-03,64.7800,65.9500,63.4400,63.7300,53.2206,935500
2011-10-04,62.9000,63.1500,58.1400,61.2200,51.1246,2148800
2011-10-05,61.0700,64.2400,60.7300,63.9800,53.4294,1195400
2011-10-06,63.7200,64.8000,62.4100,64.4600,53.8303,979800
2011-10-07,64.7000,65.1400,62.4300,63.1500,52.7363,728700
2011-10-10,64.2300,65.6000,63.8200,65.0600,54.3313,763900
2011-10-11,64.6400,66.2800,64.3900,65.7000,54.8658,1185200
2011-10-12,66.1000,66.5800,64.2200,65.6100,54.7906,947900
2011-10-13,64.6100,65.4300,63.5500,64.7900,54.1059,796600
2011-10-14,65.3000,66.3200,64.8300,66.0900,55.1915,626700
2011-10-17,66.5400,66.7600,64.7300,64.9300,54.2228,459000
2011-10-18,64.1800,66.1400,62.6300,65.7300,54.8909,643700
2011-10-19,65.3800,65.7300,62.6800,63.0900,52.6862,676800
2011-10-20,62.7400,63.6400,61.6000,63.1800,52.7613,608400
2011-10-21,64.1600,64.5700,63.2800,63.9200,53.3793,589400
2011-10-24,64.6200,67.9200,64.6200,67.4300,56.3105,764100
2011-10-25,68.2800,70.6100,67.1500,69.4000,57.9557,1333100
2011-10-26,70.9900,70.9900,68.0100,69.4900,58.0308,750000
2011-10-27,70.4300,72.2300,69.4500,71.6000,59.7929,861600
2011-10-28,71.0200,73.5300,70.6000,72.5500,60.5862,527000
2011-10-31,71.5000,72.3300,70.8100,71.5800,59.7762,597700
2011-11-01,69.7500,72.8300,68.3700,72.3400,60.4108,877800
2011-11-02,73.6400,74.4000,72.3600,73.4500,61.3378,939700
2011-11-03,75.0100,78.6100,75.0000,78.4200,65.4882,1197500
2011-11-04,78.0400,79.5600,77.1500,79.2900,66.2147,844700
2011-11-07,79.7400,81.9500,79.5000,81.0700,67.7012,964000
2011-11-08,81.0700,82.7000,80.2200,80.6300,67.3338,859500
2011-11-09,79.9700,81.9800,78.6900,78.9300,65.9141,933500
2011-11-10,79.4500,79.8100,77.1700,78.3700,65.4465,817300
2011-11-11,78.3400,81.5800,78.3400,81.2900,67.8849,538500
2011-11-14,81.0700,81.4100,79.1300,79.7700,66.6156,609200
2011-11-15,79.0600,80.9300,79.0600,80.7600,67.4423,455900
2011-11-16,80.2000,81.2400,79.5000,79.6100,66.4820,356500
2011-11-17,79.1900,80.2300,77.2500,77.8400,65.0038,866900
2011-11-18,78.0000,78.8000,76.2800,76.4300,63.8264,558100
2011-11-21,73.8600,74.8600,72.2700,74.2200,61.9808,960200
2011-11-22,75.2100,77.5100,75.0000,76.9700,64.2773,761900
2011-11-23,76.0400,76.7200,75.2300,75.4000,62.9662,626500
2011-11-25,74.3500,75.5600,74.3500,74.4400,62.1645,222600
2011-11-28,76.8000,78.2500,76.6700,77.2900,64.5445,588500
2011-11-29,77.1500,78.5300,76.7500,77.0900,64.3775,367900
2011-11-30,78.7600,81.5500,78.5000,81.4500,68.0186,1032500
2011-12-01,81.6900,81.6900,79.5300,80.1000,66.8912,590100
2011-12-02,80.9400,81.3800,79.4400,79.6100,66.4820,839700
2011-12-05,80.0100,80.8000,78.2200,78.9000,65.8891,688100
2011-12-06,78.4400,81.5600,77.8000,80.5500,67.2670,722100
2011-12-07,80.7400,81.4200,79.3400,80.2900,67.0498,608400
2011-12-08,79.3900,79.5200,77.3500,77.8000,64.9704,557100
2011-12-09,77.8000,78.8500,77.1600,78.7100,65.7304,449500
2011-12-12,76.9300,76.9900,74.4500,76.1800,63.6176,900900
2011-12-13,76.3000,77.0500,73.6000,73.7000,61.5466,752300
2011-12-14,72.7900,72.7900,69.1000,70.7600,59.0914,1621700
2011-12-15,71.2600,71.6400,69.0000,69.1200,57.7218,882900
2011-12-16,69.6800,70.7100,69.2500,69.9300,58.3982,776200
2011-12-19,70.0100,70.3100,67.3800,67.3900,56.2771,790500
2011-12-20,68.8700,70.0700,68.8300,69.9900,58.4484,788400
2011-12-21,69.7500,70.3900,69.0300,70.0200,58.4734,390400
2011-12-22,69.3400,69.5500,68.2700,69.2900,57.8638,377300
2011-12-23,70.2700,70.4000,69.1900,69.7700,58.2646,242500
2011-12-27,68.8700,69.7700,68.0900,68.6800,57.3544,221300
2011-12-28,68.0000,68.8900,65.6000,65.9900,55.1080,582900
2011-12-29,65.2300,67.0000,65.0000,66.9700,55.9264,859400
2011-12-30,67.1100,68.4900,67.0400,67.4300,56.3105,388100
2012-01-03,68.9300,69.9200,68.8100,69.5300,58.0642,600900
2012-01-04,69.3700,70.5200,68.3500,68.4600,57.2943,492000
2012-01-05,68.2500,69.4700,67.1700,68.6500,57.4533,384100
2012-01-06,68.7900,70.4500,68.7800,69.5700,58.2232,512600
2012-01-09,70.1600,70.6000,69.5700,70.3400,58.8676,402800
2012-01-10,71.9000,72.6100,70.8100,70.9200,59.3530,543600
2012-01-11,68.1100,69.1000,67.8000,68.6300,57.4365,2725200
2012-01-12,69.3700,69.9500,68.0100,68.2600,57.1269,788900
2012-01-13,68.0000,68.4800,66.9200,67.9200,56.8423,800900
2012-01-17,68.9500,69.3300,67.5700,68.2600,57.1269,620300
2012-01-18,68.1700,68.6700,67.7900,68.3900,57.2357,434800
2012-01-19,68.4600,68.4800,67.0400,67.7000,56.6582,542900
2012-01-20,67.6600,68.5000,66.7800,67.5100,56.4992,781100
2012-01-23,68.0000,68.6000,67.8000,68.0600,56.9595,654800
2012-01-24,67.8100,68.0600,67.2000,67.8300,56.7670,369300
2012-01-25,67.6100,71.8600,67.2100,71.7900,60.0811,1220900
2012-01-26,72.4200,76.9300,72.4200,74.0200,61.9474,1498000
2012-01-27,74.1300,75.5500,73.5600,75.4200,63.1191,579500
2012-01-30,74.7500,76.9000,74.4300,76.2800,63.8388,791000
2012-01-31,77.2700,77.9200,74.7700,76.1200,63.7049,1601800
2012-02-01,77.0300,77.7500,76.3100,77.3400,64.7259,846500
2012-02-02,77.2500,78.3200,76.0200,76.6300,64.1318,737800
2012-02-03,76.8600,76.8600,73.1400,73.4900,61.5039,1184000
2012-02-06,73.2900,73.9000,72.5000,73.0200,61.1106,624300
2012-02-07,73.2800,73.2800,71.9100,72.2300,60.4494,677100
2012-02-08,72.4400,72.7000,70.3600,70.9700,59.3949,689000
2012-02-09,71.3000,71.8500,70.2500,70.2900,58.8258,518900
2012-02-10,69.8000,70.4500,68.8100,70.3900,58.9095,742600
2012-02-13,70.5000,71.0900,70.0000,70.8200,59.2694,422700
2012-02-14,70.6300,71.2100,69.4300,69.7300,58.3571,759300
2012-02-15,70.8600,71.2000,69.5600,69.6900,58.3237,463400
2012-02-16,69.1100,71.9600,68.5400,71.6200,59.9389,667100
2012-02-17,71.9200,72.1200,69.1600,69.7900,58.4073,599200
2012-02-21,70.3600,71.6200,70.0000,70.5700,59.0601,888000
2012-02-22,70.4200,71.9300,69.9100,71.4900,59.8301,734200
2012-02-23,71.7700,72.4500,71.1600,71.9300,60.1983,668800
2012-02-24,71.9300,72.6600,71.0100,71.5900,59.9138,407200
2012-02-27,71.4900,71.9200,70.6700,71.1400,59.5372,292100
2012-02-28,71.5300,72.5600,71.1400,72.3200,60.5247,328000
2012-02-29,72.1200,72.4700,69.1000,69.4500,58.1228,972900
2012-03-01,69.6700,70.7900,68.9200,70.0800,58.6501,480800
2012-03-02,69.7500,70.4000,69.0000,69.6100,58.2567,445500
2012-03-05,69.2100,69.2100,67.4600,67.8000,56.7419,572200
2012-03-06,66.4100,66.4900,64.3300,66.3200,55.5033,924700
2012-03-07,66.2500,67.3200,65.4700,66.7400,55.8548,450900
2012-03-08,67.3900,67.4700,66.1900,67.0200,56.0891,351100
2012-03-09,67.1900,67.6000,66.1500,66.9700,56.0473,368100
2012-03-12,66.5200,66.8500,65.9600,66.0500,55.2773,346400
2012-03-13,65.9400,67.4100,65.9400,66.6400,55.7711,556500
2012-03-14,65.9200,66.1800,64.9600,65.2100,54.5743,1032300
2012-03-15,65.1500,65.4600,63.8100,64.2400,53.7625,844000
2012-03-16,64.0300,64.5500,63.1200,63.5700,53.2018,1290000
2012-03-19,63.6300,64.4800,62.9700,63.0000,52.7248,610200
2012-03-20,62.0000,63.8900,61.6000,63.6000,53.2269,580600
2012-03-21,64.6200,65.4600,63.8100,63.9700,53.5366,586600
2012-03-22,63.2300,63.7500,62.8200,63.2000,52.8922,526900
2012-03-23,63.6900,64.8100,63.2900,63.8400,53.4278,591200
2012-03-26,64.5200,64.6700,63.9100,64.5000,53.9801,415200
2012-03-27,64.6500,65.1300,64.0400,64.7000,54.1475,505400
2012-03-28,64.4700,64.9800,64.1700,64.7500,54.1894,588400
2012-03-29,64.0900,64.3900,63.3000,64.3600,53.8630,609800
2012-03-30,64.5600,65.2900,63.8300,65.2200,54.5827,369400
2012-04-02,64.9900,67.4900,64.8000,67.4600,56.4574,698500
2012-04-03,67.3000,67.4900,65.9700,66.4800,55.7612,757800
2012-04-04,65.3300,65.6600,62.6100,62.8900,52.7500,1069600
2012-04-05,63.0000,63.2200,61.0700,61.4800,51.5673,833900
2012-04-09,61.4100,62.5800,61.2200,61.2400,51.3661,363100
2012-04-10,61.2800,63.3200,61.0200,63.1100,52.9345,670900
2012-04-11,63.3400,63.7000,62.0000,62.1600,52.1377,400400
2012-04-12,62.1200,64.1200,61.7500,63.6900,53.4210,462200
2012-04-13,63.1300,64.3100,62.5000,63.9300,53.6223,562700
2012-04-16,63.0000,63.8900,60.1500,60.4200,50.6783,868600
2012-04-17,60.2200,61.6800,59.6300,60.7700,50.9718,822000
2012-04-18,60.6800,60.9500,60.0400,60.6000,50.8292,437800
2012-04-19,60.9400,61.6400,60.2100,60.6700,50.8879,294900
2012-04-20,60.7100,61.3500,60.0100,60.2800,50.5608,339600
2012-04-23,59.7400,59.7400,58.0100,59.0900,49.5627,636500
2012-04-24,59.2400,59.8300,58.8400,59.2500,49.6969,400100
2012-04-25,59.6000,61.1500,59.3000,60.9200,51.0976,532300
2012-04-26,60.7800,61.9000,60.7800,61.3700,51.4751,378200
2012-04-27,61.9200,62.1000,61.4500,62.0100,52.0119,416500
2012-04-30,61.4300,62.4600,60.8200,61.9600,51.9700,444800
2012-05-01,62.0500,62.5900,61.4300,61.7400,51.7854,295000
2012-05-02,61.4000,61.7000,60.1500,61.0300,51.1899,361000
2012-05-03,60.1600,60.6300,58.3000,59.1600,49.6214,779900
2012-05-04,58.4800,61.9300,58.4800,61.0700,51.2235,577500
2012-05-07,61.0400,61.8100,58.7700,60.1700,50.4686,470500
2012-05-08,59.1000,59.1000,57.0000,58.6600,49.2020,646900
2012-05-09,57.5900,60.7000,57.2400,59.9500,50.2840,815500
2012-05-10,60.6900,61.4300,59.5100,60.6000,50.8292,595000
2012-05-11,61.0000,64.2100,60.4100,63.2000,53.0100,1471200
2012-05-14,62.2300,63.4500,61.5500,61.7200,51.7686,1368300
2012-05-15,61.5500,62.9400,61.1200,61.2500,51.3744,1567700
2012-05-16,61.2700,63.3200,60.8000,61.7300,51.7771,883100
2012-05-17,62.3100,64.8600,61.8200,63.4000,53.1778,979400
2012-05-18,64.2700,64.9400,62.4300,62.7600,52.6410,949100
2012-05-21,62.8000,67.3100,62.7800,67.0100,56.2057,1115800
2012-05-22,66.8500,68.3200,65.7500,67.0100,56.2057,1013800
2012-05-23,66.5100,67.7300,64.6900,67.6200,56.7174,1023700
2012-05-24,68.1000,69.1400,67.4000,69.0600,57.9252,778600
2012-05-25,69.0600,69.7300,68.1600,69.0300,57.9000,447600
2012-05-29,69.8000,69.8900,68.1300,69.1000,57.9587,716800
2012-05-30,68.5100,70.6100,67.5400,68.7000,57.6232,1044000
2012-05-31,68.8400,69.2800,66.7100,67.6400,56.7341,845800
2012-06-01,68.6700,75.3000,68.6700,74.7500,62.6978,2114700
2012-06-04,75.6200,77.5700,74.2100,77.0000,64.5850,9316900
2012-06-05,76.7400,77.9200,76.0500,77.5600,65.0547,1557100
2012-06-06,78.6000,80.5500,77.5200,78.6800,65.9941,1962200
2012-06-07,78.5000,78.7500,76.5200,77.3400,64.8702,1653200
2012-06-08,76.6200,79.6400,76.3700,79.1100,66.3548,1048800
2012-06-11,79.2800,79.8900,78.1300,78.4700,65.8180,844400
2012-06-12,78.5000,80.7500,78.5000,80.1900,67.2607,842900
2012-06-13,80.3700,80.9700,79.2700,79.6400,66.7994,1039000
2012-06-14,78.5700,79.6300,76.8000,78.0100,65.4322,2585000
2012-06-15,78.2000,78.2000,76.6400,77.4900,64.9960,2973300
2012-06-18,77.1600,79.8000,76.5500,79.4900,66.6735,1237200
2012-06-19,79.8000,79.8000,78.5800,79.2900,66.5058,606100
2012-06-20,78.5000,80.6300,77.6400,78.0700,65.4825,1462100
2012-06-21,77.7300,77.8700,75.9300,75.9400,63.6959,968300
2012-06-22,76.2400,76.2500,74.2800,75.5600,63.3772,896600
2012-06-25,75.4400,76.4200,74.8000,76.2500,63.9559,752400
2012-06-26,75.8000,77.3200,75.0200,77.1200,64.6857,646000
2012-06-27,77.7700,78.2400,76.9500,77.2000,64.7528,585600
2012-06-28,76.3000,77.1300,75.1500,76.9000,64.5012,705500
2012-06-29,78.3300,78.9200,77.7100,78.4000,65.7593,646700
2012-07-02,78.2500,78.9700,78.0200,78.7000,66.0109,439300
2012-07-03,79.1000,80.5000,79.0000,79.7800,67.0446,588200
2012-07-05,79.1100,79.2300,76.6600,77.3300,64.9857,1064100
2012-07-06,76.3300,77.2900,75.9200,77.0100,64.7168,543700
2012-07-09,77.1400,78.2700,76.1700,77.8000,65.3806,664600
2012-07-10,77.8600,78.5000,74.1900,74.9600,62.9940,1147300
2012-07-11,74.7000,74.9600,72.0200,73.3200,61.6158,1079900
2012-07-12,72.6900,74.3400,71.7900,73.5800,61.8343,1024400
2012-07-13,74.0700,74.8900,73.5800,74.5800,62.6746,627200
2012-07-16,74.5200,74.7200,73.2000,73.4900,61.7586,543300
2012-07-17,73.6100,73.9000,71.3600,73.6000,61.8511,621200
2012-07-18,72.9600,73.9100,72.5700,72.8500,61.2208,416600
2012-07-19,73.2200,73.6700,72.0100,72.4700,60.9015,343600
2012-07-20,72.0000,75.1000,72.0000,74.2100,62.3637,801000
2012-07-23,72.9700,73.7200,72.5000,72.8800,61.2460,530400
2012-07-24,73.4300,73.8900,72.5100,73.5200,61.7838,497800
2012-07-25,74.2300,76.2600,73.8000,75.3000,63.2797,647900
2012-07-26,74.8900,75.5800,72.9500,73.3300,61.6242,874600
2012-07-27,73.3900,75.9600,73.3200,75.5500,63.4898,604200
2012-07-30,75.1000,77.5000,75.1000,77.0600,64.7588,657100
2012-07-31,77.1800,77.4800,75.3800,75.6800,63.5991,483000
2012-08-01,75.0600,76.9900,72.8500,76.0000,63.8680,630400
2012-08-02,75.5800,78.3800,74.8700,77.0000,64.7083,749900
2012-08-03,77.1300,78.5000,77.0500,77.6000,65.2126,480900
2012-08-06,77.7200,79.9300,77.7200,78.8100,66.2294,506600
2012-08-07,79.4300,79.7800,78.6300,79.2000,66.5571,309500
2012-08-08,78.9000,79.9700,78.1700,78.7900,66.2126,385800
2012-08-09,77.3600,78.0100,76.0500,76.7800,64.5235,894400
2012-08-10,76.4100,76.7300,74.2200,75.5000,63.4478,1129100
2012-08-13,76.1800,76.9200,74.4100,75.3200,63.2965,545000
2012-08-14,75.2900,75.9400,75.0100,75.2300,63.2209,353900
2012-08-15,75.3800,76.2500,75.0500,75.6400,63.5654,251200
2012-08-16,75.8400,77.8100,75.5300,77.5800,65.1957,617900
2012-08-17,77.5800,78.3600,77.3200,78.0400,65.5823,462500
2012-08-20,78.0400,78.8200,77.4100,78.4800,65.9521,312000
2012-08-21,79.6000,82.0000,79.3900,81.5200,68.5068,1181200
2012-08-22,81.1900,83.7400,81.0800,83.1900,69.9103,673000
2012-08-23,83.7500,85.0300,83.4400,84.4400,70.9607,944200
2012-08-24,84.4500,85.1000,84.2200,84.5200,71.0279,896400
2012-08-27,84.7500,85.2300,84.0900,84.3100,70.8514,534100
2012-08-28,84.2000,84.7900,84.0700,84.2200,70.7758,536200
2012-08-29,84.0900,84.7000,83.5500,84.2300,70.7842,463900
2012-08-30,84.2600,84.7000,83.8500,84.1800,70.7422,304600
2012-08-31,84.2700,88.2200,84.2000,88.0200,73.9692,949600
2012-09-04,88.5600,88.5600,87.2500,88.0200,73.9692,782100
2012-09-05,88.5900,89.7900,87.5400,89.0900,74.8684,622400
2012-09-06,89.5900,90.4000,89.1300,90.1600,75.7676,864000
2012-09-07,91.1700,91.8900,90.0000,90.4200,75.9861,632100
2012-09-10,89.7900,89.9700,87.9300,88.2800,74.1877,603600
2012-09-11,89.0000,89.0100,86.2000,87.6000,73.6162,854200
2012-09-12,88.0000,88.4300,85.3400,86.9600,73.0784,894700
2012-09-13,87.1100,91.7000,86.8500,91.6400,77.0113,1066500
2012-09-14,92.7000,95.3200,92.5200,94.5500,79.4568,1043300
2012-09-17,94.7900,95.0000,91.2800,93.4900,78.5660,1157900
2012-09-18,93.2400,95.8200,93.1600,95.0100,79.8434,786600
2012-09-19,94.0400,95.5000,93.2200,93.8600,78.8769,951900
2012-09-20,94.1000,94.8300,92.7900,94.2700,79.2215,756100
2012-09-21,95.2000,97.8200,95.0900,97.2700,81.7426,2328800
2012-09-24,96.6500,97.4600,95.7000,96.5300,81.1207,934900
2012-09-25,97.0000,98.2300,93.6700,93.6800,78.7257,943100
2012-09-26,92.3700,94.3900,90.3800,94.0500,79.0366,1032900
2012-09-27,94.9000,98.8500,94.6600,98.6300,82.8855,937600
2012-09-28,98.1400,100.7100,97.7900,99.8300,83.8939,1296300
2012-10-01,99.8800,100.8400,97.6600,98.4000,82.6922,1101100
2012-10-02,98.5500,99.3200,97.7300,98.1800,82.5073,640200
2012-10-03,98.2000,98.6900,96.7500,97.3500,81.9350,544500
2012-10-04,98.5300,100.0200,98.5300,99.5000,83.7446,528200
2012-10-05,99.1100,99.8900,97.6800,98.3200,82.7514,519900
2012-10-08,97.7100,97.8000,96.2600,96.3600,81.1018,530900
2012-10-09,96.7000,97.4200,94.0300,94.1600,79.2501,734400
2012-10-10,93.9600,96.1400,93.6500,95.2600,80.1759,411700
2012-10-11,91.0100,92.0000,90.6600,91.4000,76.9272,3236900
2012-10-12,91.4000,91.4000,88.3800,88.6000,74.5706,1556700
2012-10-15,88.2800,88.3500,85.9700,88.2200,74.2507,1927300
2012-10-16,89.2200,90.0400,89.1600,89.9500,75.7068,1298200
2012-10-17,89.9200,90.4400,88.9300,89.1000,74.9914,1033900
2012-10-18,88.6400,88.8000,86.0900,86.2000,72.5505,1133300
2012-10-19,86.3800,87.0100,85.4500,86.5800,72.8704,1337500
2012-10-22,86.6900,87.8900,86.3300,87.1000,73.3081,1182800
2012-10-23,86.1000,86.2800,85.3500,85.8300,72.2392,1177400
2012-10-24,86.1500,86.5700,85.0300,85.1900,71.7005,1704000
2012-10-25,86.4700,87.0100,85.3300,85.5500,72.0035,777700
2012-10-26,85.9400,86.1000,84.5000,84.8500,71.4143,709800
2012-10-31,85.6200,88.5700,85.1500,88.1700,74.2086,1145500
2012-11-01,87.6900,89.0300,86.7500,88.0800,74.1329,912000
2012-11-02,88.0200,88.1700,84.8000,84.8400,71.4059,886400
2012-11-05,85.4100,86.1600,84.8800,85.8100,72.2223,667000
2012-11-06,86.5000,87.8400,85.4500,87.7500,73.8551,679600
2012-11-07,87.8000,88.5400,86.4200,88.0400,74.0992,837200
2012-11-08,87.8600,90.3800,87.2500,89.6500,75.4543,706600
2012-11-09,89.7300,89.9600,88.1000,88.1200,74.1665,714500
2012-11-12,88.2800,88.5800,86.8700,87.2200,73.4090,471500
2012-11-13,86.5200,87.3900,85.3800,86.6000,72.8872,897200
2012-11-14,87.2500,87.5300,85.3500,85.3900,71.8688,872000
2012-11-15,84.9100,85.1500,80.1800,80.3400,67.6185,1936700
2012-11-16,80.9100,81.3500,79.3200,80.9500,68.1319,908900
2012-11-19,82.3500,83.6400,81.5800,83.5700,70.3370,648500
2012-11-20,83.6000,83.7100,82.2900,82.4400,69.3859,508700
2012-11-21,82.7500,83.6800,82.1100,83.3300,70.1350,402900
2012-11-23,83.8000,84.9700,83.3200,84.7700,71.3470,336700
2012-11-26,84.7100,84.7100,82.5700,83.4100,70.2024,974400
2012-11-27,83.1000,83.8500,82.7400,82.8500,69.7310,488100
2012-11-28,81.2100,82.9300,80.8000,82.8100,69.6973,575200
2012-11-29,83.6700,84.2400,82.6200,83.9900,70.6905,483600
2012-11-30,83.8100,84.2500,80.5700,80.7600,67.9720,2449400
2012-12-03,81.2700,83.1900,80.9900,81.6300,68.7042,678800
2012-12-04,81.1500,82.7400,80.6600,81.7400,68.7968,478100
2012-12-05,81.8500,81.8500,79.4800,79.6800,67.0630,682200
2012-12-06,79.4700,81.6500,79.4100,81.1400,68.2918,493900
2012-12-07,81.0800,81.8600,80.1200,80.2900,67.5764,431600
2012-12-10,79.7300,81.9000,79.7300,81.4100,68.5190,698100
2012-12-11,81.7300,81.7800,80.6000,81.4200,68.5274,812400
2012-12-12,82.0100,84.0800,81.7900,83.6400,70.3959,980900
2012-12-13,82.6700,83.1200,80.5900,80.8100,68.0141,687800
2012-12-14,81.3300,81.3800,80.0600,80.8400,68.0393,683400
2012-12-17,81.0400,81.5500,80.0400,81.5000,68.5948,648600
2012-12-18,81.7300,81.8300,79.3100,79.4700,66.8862,710600
2012-12-19,79.2700,79.4800,77.8100,78.2300,65.8426,920200
2012-12-20,77.6300,78.7700,76.1700,78.5300,66.0951,989700
2012-12-21,76.9900,79.6200,76.3200,78.9500,66.4486,2684300
2012-12-24,78.8200,79.0500,77.2400,78.5300,66.0951,266100
2012-12-26,78.8800,79.4900,78.0400,78.5200,66.0866,388900
2012-12-27,78.4300,81.0000,78.0200,80.1000,67.4165,573100
2012-12-28,80.5000,80.5000,78.7200,79.0600,66.5412,478700
2012-12-31,79.6500,81.7000,79.6500,81.3600,68.4770,576600
2013-01-02,82.8300,83.4400,82.3200,82.8400,69.8944,629000
2013-01-03,82.8300,82.8500,79.9500,80.2200,67.6839,759200
2013-01-04,79.5900,79.9800,78.3500,79.3100,66.9160,784200
2013-01-07,78.4200,79.3000,78.2100,78.3200,66.0808,520500
2013-01-08,78.6900,81.1800,78.3300,80.9100,68.2660,876100
2013-01-09,81.2200,81.6800,78.5700,79.5400,67.1101,594400
2013-01-10,80.5100,81.7500,80.3400,81.1400,68.4601,436100
2013-01-11,81.3800,82.1600,80.4000,81.6100,68.8567,448400
2013-01-14,82.2600,82.6500,80.2400,80.4100,67.8442,282800
2013-01-15,80.7800,82.4900,80.2900,80.9700,68.3166,487100
2013-01-16,80.8700,81.6600,80.3300,81.1200,68.4432,378600
2013-01-17,81.1200,81.3300,79.6300,79.8500,67.3717,469000
2013-01-18,80.1900,80.4900,79.3300,79.8400,67.3633,603700
2013-01-22,80.0000,81.8000,79.4200,81.1300,68.4517,486500
2013-01-23,81.0700,81.4700,80.2800,80.5800,67.9876,398100
2013-01-24,80.5000,81.5000,78.8100,79.1500,66.7811,746800
2013-01-25,78.7300,79.2700,76.0600,76.6900,64.7055,714500
2013-01-28,76.5300,76.8800,74.5500,75.5300,63.7268,694700
2013-01-29,76.0000,77.3300,75.7500,76.8600,64.8489,775000
2013-01-30,77.8100,78.9900,75.5800,75.6400,63.8196,821300
2013-01-31,75.6000,75.6400,73.3400,74.6700,63.0012,648200
2013-02-01,75.2700,75.7000,74.0000,74.5900,62.9337,844600
2013-02-04,74.2300,75.2500,73.9800,74.0200,62.4527,782300
2013-02-05,74.2800,74.4100,72.7200,73.2200,61.7778,666300
2013-02-06,73.2500,73.9500,72.7300,73.3300,61.8706,666100
2013-02-07,72.9400,74.2500,72.2000,73.1700,61.7356,579700
2013-02-08,73.3000,73.7400,72.4400,72.8000,61.4234,280800
2013-02-11,72.0100,72.4400,71.1400,71.2100,60.0819,613700
2013-02-12,72.2200,74.4800,71.4900,73.9400,62.3853,961600
2013-02-13,73.6500,74.1000,72.1500,72.3300,61.0268,606700
2013-02-14,72.3000,72.7800,71.7500,72.1000,60.8328,524700
2013-02-15,71.0000,71.0300,69.2700,70.1000,59.1453,1013700
2013-02-19,69.6000,70.2800,67.6600,68.3200,57.6435,1194100
2013-02-20,67.1100,67.4700,65.2400,65.4200,55.1967,1061600
2013-02-21,65.3700,68.0800,65.0000,66.4200,56.0404,892200
2013-02-22,66.3800,67.0000,65.5200,65.9700,55.6607,647000
2013-02-25,66.8600,68.5700,66.8400,67.3300,56.8082,699400
2013-02-26,67.7400,68.6300,66.4700,67.5900,57.0276,710600
2013-02-27,67.2800,67.5000,65.7200,66.1900,55.8464,511900
2013-02-28,66.0100,66.8300,65.0200,65.5400,55.2979,642900
2013-03-01,65.7300,66.0800,64.3500,65.0800,54.9098,666400
2013-03-04,64.8800,65.2500,62.9100,63.2700,53.3827,826300
2013-03-05,63.3000,63.8900,62.6700,62.9000,53.0705,786600
2013-03-06,62.7300,66.0700,62.6800,65.9300,55.6270,1059900
2013-03-07,66.1500,67.8100,65.3500,65.4500,55.2220,996800
2013-03-08,65.5700,66.7100,64.4600,66.4400,56.0573,1095400
2013-03-11,66.5700,67.0700,65.6400,66.2300,55.8801,1033800
2013-03-12,66.3200,68.9300,66.3200,67.7000,57.1204,1262900
2013-03-13,68.3200,68.6600,66.1900,66.4800,56.0910,1260100
2013-03-14,66.3000,67.8600,65.8700,67.7200,57.1372,639300
2013-03-15,67.6700,68.3000,66.6100,67.1600,56.6648,1567600
2013-03-18,67.9400,68.6600,66.5100,66.7100,56.2851,626400
2013-03-19,66.7000,68.2000,66.5100,68.1200,57.4747,904300
2013-03-20,68.0100,68.7400,67.6000,68.5400,57.8291,480200
2013-03-21,68.8100,70.8800,68.8100,70.6200,59.5841,606700
2013-03-22,70.2900,71.4500,69.9200,70.3700,59.3731,492600
2013-03-25,69.8000,70.7200,69.1500,70.4000,59.3984,807800
2013-03-26,70.2500,70.2500,68.9000,69.9400,59.0103,610300
2013-03-27,69.9900,71.4600,69.3200,71.2600,60.1241,425600
2013-03-28,70.7100,71.1800,70.1500,71.0300,59.9300,453800
2013-04-01,70.7300,71.3300,70.2600,70.9700,59.8794,693400
2013-04-02,70.2000,70.5100,68.2300,68.3200,57.6435,973500
2013-04-03,68.3400,69.0400,63.6300,64.7500,54.7918,1502500
2013-04-04,64.7500,67.6500,63.5100,67.3500,56.9919,761500
2013-04-05,68.2700,70.2400,67.2000,67.7100,57.2966,965900
2013-04-08,67.8600,67.8600,66.0500,66.3500,56.1457,613700
2013-04-09,66.5000,69.0000,66.2400,68.2400,57.7450,688000
2013-04-10,68.3900,68.3900,64.4600,65.0500,55.0456,1192300
2013-04-11,65.0500,65.1500,63.2800,63.3500,53.6071,870400
2013-04-12,62.0900,62.2600,60.4100,60.4700,51.1700,1906900
2013-04-15,57.4400,57.8000,53.9200,54.2400,45.8982,3043300
2013-04-16,55.9400,56.0100,53.7500,54.3200,45.9659,1855400
2013-04-17,54.1400,55.0400,50.6700,50.8000,42.9872,2190500
2013-04-18,50.8400,52.7400,50.2000,51.9300,43.9435,1484400
2013-04-19,52.5400,53.1600,51.4000,53.1200,44.9504,1219500
2013-04-22,53.8900,54.4000,51.9000,52.8000,44.6796,1069400
2013-04-23,52.2500,52.5100,50.8800,51.2900,43.4019,1516400
2013-04-24,51.9600,54.3200,51.8800,54.0100,45.7035,1184500
2013-04-25,55.1400,57.1700,54.3300,56.0100,47.3960,1700500
2013-04-26,56.0800,57.0900,53.1700,53.5700,45.3312,1161200
2013-04-29,53.6900,55.1300,53.6900,54.4200,46.0505,785800
2013-04-30,53.7500,55.6200,53.1700,55.5800,47.0321,1048800
2013-05-01,53.5100,54.7800,52.1400,53.8300,45.5512,889300
2013-05-02,52.6300,54.9400,52.5100,53.8500,45.5681,881300
2013-05-03,54.2900,55.7400,53.9600,54.3200,45.9659,957900
2013-05-06,54.6200,54.8400,53.6300,54.1700,45.8389,506400
2013-05-07,53.6600,53.7800,52.5000,53.0100,44.8573,741400
2013-05-08,53.4100,55.6600,53.2800,55.4500,46.9221,654800
2013-05-09,54.7500,56.8800,54.0200,55.1600,46.6767,852200
2013-05-10,54.0800,54.7100,52.9600,54.6300,46.2282,614600
2013-05-13,54.1000,54.1500,53.0300,53.2100,45.0266,408900
2013-05-14,52.9000,54.3500,52.7000,52.8800,44.7473,642000
2013-05-15,52.1100,52.4700,50.0200,50.5300,42.7588,915400
2013-05-16,48.8700,51.2400,48.3300,50.2300,42.5049,784000
2013-05-17,50.0500,50.6700,48.8100,48.8600,41.3456,996000
2013-05-20,48.6900,52.0600,48.5900,51.8700,43.8927,983000
2013-05-21,50.5700,51.9400,49.6800,50.9900,43.1480,621500
2013-05-22,51.8300,53.9300,50.6700,51.6500,43.7065,827600
2013-05-23,52.4400,53.3300,51.7300,52.0800,44.0704,515500
2013-05-24,52.0600,53.1100,50.7600,51.3700,43.4695,948600
2013-05-28,51.1700,53.1400,50.7500,51.7000,43.7488,612900
2013-05-29,51.8500,53.9400,51.6500,53.8300,45.5512,645400
2013-05-30,54.9800,56.9000,54.6100,56.0200,47.4044,924800
2013-05-31,55.5500,55.9500,54.1100,54.7600,46.3382,676900
2013-06-03,55.1000,56.3200,54.3400,56.0100,47.3960,637600
2013-06-04,55.0300,55.4800,54.2900,54.8500,46.4144,465000
2013-06-05,54.9500,56.4700,54.6900,56.1500,47.5144,633000
2013-06-06,56.1500,56.8800,55.2600,55.8500,47.2605,820600
2013-06-07,54.9300,55.0000,53.2000,53.6800,45.4243,652000
2013-06-10,53.4600,54.5200,53.0700,53.8400,45.5597,375000
2013-06-11,52.8500,54.4800,52.7600,53.1600,44.9843,519700
2013-06-12,53.2400,54.2300,52.7100,52.8200,44.6966,462600
2013-06-13,52.3700,53.9900,52.0200,53.8300,45.5512,529000
2013-06-14,54.0300,54.3000,52.9100,52.9600,44.8150,354100
2013-06-17,52.8200,53.1000,52.0300,52.7000,44.5950,539300
2013-06-18,52.4200,52.9100,50.7500,50.9700,43.1311,745900
2013-06-19,51.1700,52.0200,49.8300,50.1300,42.4203,672100
2013-06-20,48.3200,48.3500,44.4500,44.7900,37.9015,1798800
2013-06-21,45.0600,46.7100,43.9000,46.1900,39.0862,2025800
2013-06-24,45.0700,45.2600,42.7600,42.9200,36.3191,1327500
2013-06-25,43.3000,43.6300,41.6500,42.3700,35.8537,1241300
2013-06-26,40.8300,41.1200,38.6300,39.1000,33.0866,1980200
2013-06-27,39.8700,40.8300,39.2600,40.2900,34.0936,1211200
2013-06-28,39.8000,42.7100,39.5200,42.0800,35.6083,2188100
2013-07-01,42.7000,45.0700,42.3300,43.9500,37.1907,1378500
2013-07-02,43.3400,44.1900,41.0800,41.5800,35.3461,1163600
2013-07-03,42.0600,43.1900,41.6300,43.1700,36.6977,835400
2013-07-05,41.7000,41.8700,40.6100,41.7800,35.5161,945600
2013-07-08,42.1500,42.5400,40.4500,40.5200,34.4450,913200
2013-07-09,41.0400,42.3600,41.0000,41.9900,35.6946,796100
2013-07-10,42.0700,42.3500,40.5900,41.1000,34.9380,907100
2013-07-11,43.0100,43.8700,41.8700,42.9800,36.5362,1314500
2013-07-12,42.4200,42.6700,41.5700,42.1700,35.8476,430700
2013-07-15,42.0800,42.6200,41.4000,42.3500,36.0006,771700
2013-07-16,42.5800,46.0000,42.5400,45.4200,38.6103,1351000
2013-07-17,45.3600,45.8700,43.3100,44.0500,37.4457,1343100
2013-07-18,44.2200,45.1300,43.8400,43.9700,37.3777,575900
2013-07-19,45.1900,45.7100,44.0700,45.6800,38.8314,618300
2013-07-22,47.1500,49.6700,47.1000,48.9800,41.6366,1317400
2013-07-23,49.5900,51.1200,48.6500,50.8400,43.2177,1150300
2013-07-24,50.7400,51.0700,47.6400,48.4300,41.1691,1064500
2013-07-25,48.1600,50.0400,47.6500,49.4600,42.0446,835100
2013-07-26,48.8200,50.3200,48.3200,50.2700,42.7332,471400
2013-07-29,50.0100,51.0900,50.0000,50.6900,43.0902,823900
2013-07-30,50.8900,51.9100,50.0700,51.5700,43.8383,735200
2013-07-31,51.6000,53.0700,50.1100,51.6900,43.9403,1250000
2013-08-01,52.3300,53.0700,51.0000,52.1800,44.3568,1395300
2013-08-02,52.0300,52.8200,50.8300,51.2300,43.5493,766800
2013-08-05,51.3200,52.4200,50.6800,50.8800,43.2517,585800
2013-08-06,50.0000,50.3500,48.0300,48.1100,40.8970,962500
2013-08-07,48.0000,49.0900,47.5000,48.2900,41.0501,821600
2013-08-08,48.5000,53.1600,48.3800,52.6400,44.7479,1072200
2013-08-09,53.5800,55.0000,53.1800,54.3500,46.2015,1063000
2013-08-12,56.2500,59.1900,56.1100,58.2700,49.5338,1680500
2013-08-13,58.6900,58.6900,56.3100,56.7400,48.2332,962200
2013-08-14,57.0000,58.8700,56.7700,57.9100,49.2278,917900
2013-08-15,57.2500,62.0000,56.8200,61.5300,52.3050,1304200
2013-08-16,61.8700,62.8800,61.0200,61.6600,52.4155,1300400
2013-08-19,61.9000,62.3900,60.3300,60.4700,51.4040,1026200
2013-08-20,59.7100,62.7600,59.1100,62.2800,52.9426,737400
2013-08-21,61.9000,62.4800,60.4000,60.4800,51.4124,730500
2013-08-22,61.4000,62.5100,61.0100,61.6200,52.3815,449300
2013-08-23,61.6900,64.5600,61.6900,63.9500,54.3622,825100
2013-08-26,64.4900,65.0900,63.7400,64.9000,55.1698,624100
2013-08-27,66.4900,67.2500,62.0200,62.1400,52.8236,1021600
2013-08-28,62.5500,63.8500,59.5700,60.0700,51.0639,978700
2013-08-29,59.6300,60.0600,57.5000,59.0500,50.1968,1439100
2013-08-30,58.4500,59.1600,57.5700,58.0300,49.3298,850200
2013-09-03,59.0100,59.6000,57.4700,57.9500,49.2618,1169100
2013-09-04,57.1400,57.5000,56.1900,57.2800,48.6922,871900
2013-09-05,57.0400,57.2000,55.2700,55.3900,47.0856,727900
2013-09-06,55.8600,56.5000,55.2100,56.1400,47.7231,654500
2013-09-09,56.3200,56.8600,55.5200,55.7400,47.3831,391300
2013-09-10,54.7300,54.7300,52.2600,53.5800,45.5469,1057200
2013-09-11,53.7600,54.3500,52.6400,53.5900,45.5554,564200
2013-09-12,51.4900,52.5500,50.6900,50.8200,43.2008,764500
2013-09-13,50.4900,52.0700,50.1700,51.8800,44.1018,723300
2013-09-16,51.9000,52.5900,50.6900,51.0300,43.3793,698800
2013-09-17,51.1400,51.8300,50.8300,51.7700,44.0083,492900
2013-09-18,51.4100,57.9400,51.0500,56.0200,47.6211,1778500
2013-09-19,56.4000,56.6600,53.3700,54.3300,46.1845,948700
2013-09-20,53.0100,53.2500,50.0000,50.2600,42.7247,4043000
2013-09-23,51.0200,51.1400,48.5300,48.7100,41.4071,993200
2013-09-24,48.5600,49.9200,48.0100,49.1700,41.7981,854200
2013-09-25,49.3800,51.1800,48.7400,49.8800,42.4017,767500
2013-09-26,49.9200,50.5500,48.2500,48.7500,41.4411,571800
2013-09-27,49.2400,49.9500,47.7000,48.1600,40.9396,514900
2013-09-30,47.2900,48.8800,47.2900,48.6600,41.3646,842600
2013-10-01,47.9900,49.0800,47.2500,48.7800,41.4666,1056300
2013-10-02,48.8200,49.9400,48.8200,49.0200,41.8421,1043500
2013-10-03,49.0000,49.5000,47.8400,48.1400,41.0910,855600
2013-10-04,48.4900,49.1300,48.1300,48.3700,41.2873,676600
2013-10-07,48.5200,49.1600,48.2000,48.3800,41.2959,627500
2013-10-08,48.5000,49.1600,46.6800,46.9000,40.0326,663800
2013-10-09,46.6000,47.3900,45.4100,46.8800,40.0155,738200
2013-10-10,47.4200,49.1400,46.4000,47.5700,40.6045,805900
2013-10-11,46.7000,47.1000,45.6000,46.1200,39.3668,718400
2013-10-14,46.3000,46.8800,45.2300,45.9100,39.1875,568100
2013-10-15,45.5200,47.1200,45.1500,46.8100,39.9558,1015900
2013-10-16,46.9300,47.9600,46.0000,47.0000,40.1179,850100
2013-10-17,48.5400,50.9200,48.5400,50.0200,42.6957,1204000
2013-10-18,49.8500,50.7000,49.4000,49.5500,42.2946,543800
2013-10-21,49.9700,50.7700,49.8700,50.6100,43.1993,567600
2013-10-22,51.4200,53.7600,51.4200,52.8500,45.1113,947600
2013-10-23,52.4700,52.6200,50.5100,50.7600,43.3274,781900
2013-10-24,51.5900,52.6100,51.5500,51.9500,44.3431,822000
2013-10-25,51.8200,53.1000,50.8900,52.8000,45.0687,581000
2013-10-28,52.9600,53.7200,52.1200,52.3900,44.7187,599200
2013-10-29,52.2700,52.4500,50.2000,50.6600,43.2420,769300
2013-10-30,51.1100,52.4000,50.0000,51.6600,44.0956,836200
2013-10-31,50.0000,50.0000,47.6800,48.0400,41.0057,1166900
2013-11-01,47.9700,48.4300,47.0700,48.0600,41.0227,806100
2013-11-04,48.5800,50.0000,48.3300,49.8600,42.5592,715500
2013-11-05,49.5300,49.7700,48.1600,48.6300,41.5093,694000
2013-11-06,48.7000,49.3000,48.3700,48.8000,41.6544,556800
2013-11-07,48.0000,48.4800,46.4200,46.5300,39.7168,826700
2013-11-08,46.1700,47.7800,46.0000,47.7500,40.7581,667000
2013-11-11,47.3800,47.7100,46.4200,47.5600,40.5959,556800
2013-11-12,47.1200,47.6000,46.3900,46.6700,39.8363,882500
2013-11-13,47.0600,47.7900,46.7500,47.5500,40.5874,698600
2013-11-14,47.8900,49.0200,47.8500,48.7300,41.5946,913000
2013-11-15,48.7000,49.1400,46.9000,47.1400,40.2374,765800
2013-11-18,46.9700,47.6100,46.2000,47.3400,40.4082,1128300
2013-11-19,47.2500,48.0600,47.0400,47.5100,40.5533,760300
2013-11-20,47.1900,47.8400,45.8700,46.2400,39.4692,914400
2013-11-21,46.2200,46.4000,45.4100,46.2100,39.4436,832300
2013-11-22,46.3400,47.6400,46.1800,46.2400,39.4692,722900
2013-11-25,45.8900,46.7000,45.1200,46.2700,39.4948,637700
2013-11-26,45.9800,45.9800,44.4100,44.8000,38.2401,882500
2013-11-27,45.3400,45.8900,44.4400,44.8000,38.2401,665200
2013-11-29,45.2900,45.7000,45.0100,45.0900,38.4876,262600
2013-12-02,45.0300,45.2800,43.3700,43.4300,37.0707,933600
2013-12-03,42.6300,44.2400,42.5600,43.4000,37.0451,1146300
2013-12-04,43.5900,45.1900,43.4500,44.6200,38.0864,1004400
2013-12-05,43.9500,44.7800,43.5600,43.9600,37.5231,1021000
2013-12-06,44.9000,45.2600,44.0200,44.1500,37.6853,715900
2013-12-09,44.3100,45.2500,44.1800,45.2200,38.5986,691600
2013-12-10,46.8000,48.9500,46.5200,47.5000,40.5447,1454800
2013-12-11,47.4000,47.7700,45.4900,45.5800,38.9059,824700
2013-12-12,44.7700,45.2200,44.1000,44.9900,38.4023,722000
2013-12-13,45.6000,45.8900,44.9400,45.3200,38.6839,447100
2013-12-16,45.4500,46.2000,45.2300,45.7200,39.0254,644500
2013-12-17,45.4500,46.0800,45.0000,45.4900,38.8290,526900
2013-12-18,45.5400,46.2900,44.6600,44.8500,38.2828,836000
2013-12-19,43.9800,44.2300,43.4300,43.5400,37.1646,877400
2013-12-20,43.7200,44.1800,43.4200,44.0600,37.6084,1692300
2013-12-23,44.0700,44.3100,43.6000,44.2600,37.7791,561000
2013-12-24,44.2400,45.9400,44.1600,45.8200,39.1107,340100
2013-12-26,46.1100,46.9500,45.4500,46.0200,39.2814,451300
2013-12-27,46.2800,46.7700,45.9400,46.7200,39.8789,471800
2013-12-30,46.1900,46.5100,45.0100,45.1000,38.4962,786100
2013-12-31,44.8000,46.1900,44.2900,46.0700,39.5081,728300
2014-01-02,47.1000,49.2500,47.0200,49.0400,42.0551,1168200
2014-01-03,49.3800,49.7900,48.6000,49.0500,42.0636,968500
2014-01-06,49.2500,49.4500,48.7400,49.0600,42.0722,812100
2014-01-07,48.5100,49.1100,47.9100,49.0700,42.0808,619700
2014-01-08,48.5200,48.8100,47.7300,48.4400,41.5405,685500
2014-01-09,48.3400,48.6900,48.0300,48.2200,41.3518,545500
2014-01-10,48.9600,51.1200,48.5100,50.9300,43.6758,956900
2014-01-13,51.3100,51.4400,50.0300,51.3900,44.0703,685800
2014-01-14,51.4300,53.1500,50.8700,51.2700,43.9674,1128200
2014-01-15,51.2600,52.7000,51.0100,52.6500,45.1509,631300
2014-01-16,53.2000,53.4600,52.4400,53.2000,45.6225,570000
2014-01-17,53.5000,55.0200,53.4000,53.6100,45.9741,1098300
2014-01-21,54.6400,56.2300,53.7100,56.1000,48.1095,1406800
2014-01-22,56.2800,56.4900,54.3100,54.8400,47.0289,821300
2014-01-23,55.6400,56.7400,55.2500,56.0500,48.0666,818100
2014-01-24,56.7200,57.5200,54.9200,55.9900,48.0151,990200
2014-01-27,56.0400,56.0500,54.2100,54.3700,46.6259,980700
2014-01-28,54.3700,55.3700,53.2700,55.2100,47.3462,1076600
2014-01-29,56.2000,56.5200,54.5600,55.6300,47.7064,1166700
2014-01-30,54.0000,54.3300,53.0200,53.6500,46.0084,1034100
2014-01-31,54.2400,56.2500,53.4900,55.9400,47.9723,1228200
2014-02-03,56.6900,56.9900,54.7700,54.8500,47.0375,1393700
2014-02-04,54.7100,56.8000,54.2100,56.7300,48.6497,1060800
2014-02-05,57.8000,59.2600,56.8000,58.8700,50.4849,1856800
2014-02-06,59.3100,59.9100,58.6300,58.8900,50.5021,1306600
2014-02-07,59.2200,61.7100,58.9200,61.5500,52.7832,1231900
2014-02-10,62.4700,63.6700,62.0000,62.5400,53.6322,1475300
2014-02-11,63.6300,65.9500,63.2400,65.2000,55.9133,1524600
2014-02-12,64.5800,64.9000,62.8000,63.2300,54.2239,1472100
2014-02-13,63.2100,66.0800,63.2100,65.8900,56.5050,963500
2014-02-14,67.0800,68.9400,65.2600,66.8100,57.2940,1478500
2014-02-18,67.3600,67.7000,66.0000,67.3200,57.7314,1172300
2014-02-19,66.7400,67.6300,65.4400,65.7500,56.3850,976100
2014-02-20,65.6700,67.8900,65.2800,67.8300,58.1687,875200
2014-02-21,67.9500,68.0400,66.1600,67.1100,57.5513,1466100
2014-02-24,68.0200,69.4800,67.5500,68.0000,58.3145,994100
2014-02-25,67.2500,68.0500,65.8400,66.8000,57.2854,1189100
2014-02-26,67.0200,68.9400,66.8000,67.8200,58.1601,1009500
2014-02-27,67.8400,69.0800,67.4100,68.3900,58.6490,762500
2014-02-28,68.5700,69.3500,68.0100,68.7100,58.9234,841800
2014-03-03,69.7500,70.4400,68.4100,68.8700,59.0606,873100
2014-03-04,68.3900,69.5000,67.6800,69.0300,59.1978,646500
2014-03-05,69.1000,69.8500,68.2900,69.0100,59.1806,630500
2014-03-06,69.1900,70.2400,68.9100,70.0600,60.0811,683700
2014-03-07,69.0100,69.2700,67.4000,68.7700,58.9748,733100
2014-03-10,68.3800,69.0500,67.6100,68.8100,59.0091,693200
2014-03-11,69.3200,69.8000,67.8100,68.7200,58.9320,649300
2014-03-12,69.7000,70.5600,69.3100,70.5000,60.4584,850700
2014-03-13,70.4900,72.5700,69.7300,71.9400,61.6933,1101000
2014-03-14,72.3000,72.9000,71.0800,71.1900,61.0502,973000
2014-03-17,71.5700,72.2300,70.5300,70.6300,60.5699,931500
2014-03-18,69.7100,71.3900,69.1600,70.5000,60.4584,791200
2014-03-19,69.5600,70.4100,68.2800,68.5000,58.7433,1085900
2014-03-20,67.7800,69.8300,67.2700,69.1900,59.3350,731200
2014-03-21,69.9800,70.8700,68.3300,68.3800,58.6404,1624200
2014-03-24,67.4100,67.6000,63.7100,63.9800,54.8671,1375300
2014-03-25,64.2100,65.5400,64.0400,64.7700,55.5446,660100
2014-03-26,65.5800,65.5800,62.4400,62.5100,53.6065,949500
2014-03-27,62.0500,63.3000,62.0200,63.2200,54.2153,796100
2014-03-28,62.9900,64.1700,62.4200,63.5000,54.4555,627800
2014-03-31,63.3800,64.5500,62.3900,62.6200,53.7008,599400
2014-04-01,62.7600,63.6700,62.5200,63.1400,54.1467,624800
2014-04-02,63.9200,64.4800,63.5200,63.7900,54.8867,626500
2014-04-03,63.3800,63.5200,62.3500,63.0000,54.2070,712700
2014-04-04,64.2600,65.2500,63.6700,64.5100,55.5062,829100
2014-04-07,64.6400,65.8300,64.2700,64.8400,55.7901,901400
2014-04-08,65.7200,67.3800,65.6300,67.2400,57.8552,968000
2014-04-09,66.6800,67.8000,65.6300,67.0300,57.6745,605900
2014-04-10,67.2200,68.2300,66.3100,66.9400,57.5971,876100
2014-04-11,66.8200,67.8900,65.8000,66.0400,56.8227,448700
2014-04-14,66.9400,69.2000,66.3600,67.6700,58.2252,759200
2014-04-15,65.5900,66.4900,64.8800,66.1200,56.8915,774300
2014-04-16,66.0600,66.2100,64.7900,65.1800,56.0827,742800
2014-04-17,65.0300,65.7300,64.6500,64.7000,55.6697,448000
2014-04-21,65.0500,65.5200,62.5600,63.9800,55.0502,821100
2014-04-22,63.9700,64.9800,63.5100,64.6200,55.6009,607400
2014-04-23,64.6100,66.6900,64.4100,66.2700,57.0206,472000
2014-04-24,65.2300,66.8000,64.8600,65.1200,56.0311,495300
2014-04-25,65.5900,66.5000,65.1900,66.0500,56.8313,445700
2014-04-28,66.0400,66.3300,65.0400,65.4900,56.3494,417900
2014-04-29,65.5200,67.3500,65.4500,66.6900,57.3819,560800
2014-04-30,65.9200,66.5200,65.2200,66.2000,56.9603,645400
2014-05-01,65.0900,65.6800,64.0000,64.3100,55.3341,637900
2014-05-02,65.0300,66.8400,64.3100,66.7900,57.4680,485900
2014-05-05,67.9500,67.9800,65.7600,66.6100,57.3131,588300
2014-05-06,66.4000,66.6200,65.8500,66.2300,56.9862,463200
2014-05-07,66.0500,66.2300,63.9300,64.4400,55.4460,578200
2014-05-08,64.4100,65.6900,64.3000,64.7900,55.7471,444300
2014-05-09,64.7200,65.2100,63.7500,64.7900,55.7471,346600
2014-05-12,65.6000,66.5600,65.4800,65.8600,56.6678,405500
2014-05-13,65.8600,66.3600,64.5500,64.6400,55.6181,428200
2014-05-14,64.9000,65.3000,64.0000,64.1300,55.1792,425100
2014-05-15,63.9200,64.2800,63.5500,64.2300,55.2653,436500
2014-05-16,63.9200,64.1300,63.1500,63.6400,54.7576,420300
2014-05-19,64.0000,64.3800,63.6400,64.0100,55.0760,408700
2014-05-20,63.6200,64.8200,63.3600,64.0300,55.0932,468400
2014-05-21,63.9800,64.6500,63.4600,64.6200,55.6009,376300
2014-05-22,64.9300,64.9800,64.1400,64.1900,55.2309,329800
2014-05-23,64.0700,64.8200,63.8700,63.9800,55.0502,279300
2014-05-27,63.0500,63.5200,60.9200,61.1400,52.6066,916800
2014-05-28,60.7300,61.1300,58.8600,60.1400,51.7461,1017500
2014-05-29,60.1600,62.9900,60.1400,62.1500,53.4756,749600
2014-05-30,61.8800,62.7900,60.9600,62.7200,53.9660,667200
2014-06-02,62.5000,62.9200,61.7700,62.7900,54.0263,537800
2014-06-03,62.3500,62.9000,61.7200,62.6300,53.8886,468800
2014-06-04,62.6800,63.7800,62.2900,62.8200,54.0521,476200
2014-06-05,63.2200,65.3700,63.1500,65.0300,55.9536,947200
2014-06-06,65.0800,65.5000,63.5200,64.1100,55.1620,337200
2014-06-09,64.0000,64.2400,63.0500,63.0800,54.2758,294700
2014-06-10,63.3500,64.3400,63.0500,63.7800,54.8781,353700
2014-06-11,63.7900,64.5900,63.2500,64.3200,55.3427,500900
2014-06-12,64.6000,67.0800,64.5400,66.7700,57.4508,627600
2014-06-13,66.8500,67.4500,66.0200,67.4200,58.0101,526400
2014-06-16,67.7200,67.8000,66.1500,66.9500,57.6057,444100
2014-06-17,66.7000,69.1000,66.2100,68.0000,58.5091,621400
2014-06-18,68.1700,69.8000,67.9200,69.6400,59.9202,607000
2014-06-19,70.5500,73.8100,70.1000,73.4500,63.1984,1185600
2014-06-20,73.2100,73.8000,72.4500,73.3300,63.0952,1057200
2014-06-23,73.6700,75.6700,73.4100,75.2800,64.7730,679700
2014-06-24,76.1300,76.8500,73.5100,73.5900,63.3189,834800
2014-06-25,73.3400,74.7700,73.2500,73.9200,63.6028,538900
2014-06-26,74.0700,74.2200,72.8800,74.0400,63.7061,641900
2014-06-27,74.4600,75.2100,73.5500,74.7700,64.3342,866800
2014-06-30,74.6000,76.1800,73.3900,76.1300,65.5044,585700
2014-07-01,76.4500,76.7300,75.1100,75.3500,65.0126,725900
2014-07-02,75.4100,77.2200,75.2500,76.2300,65.7719,503800
2014-07-03,75.6500,76.2400,74.5900,76.1900,65.7374,285000
2014-07-07,75.5100,75.8300,74.3900,74.6300,64.3914,498800
2014-07-08,75.5800,76.0000,73.7900,74.7300,64.4776,1124700
2014-07-09,74.8200,76.6400,74.8200,76.2700,65.8064,699600
2014-07-10,77.8800,78.9900,75.5000,75.5300,65.1679,986300
2014-07-11,75.8500,78.6200,75.6100,78.3500,67.6010,652300
2014-07-14,76.5200,77.8800,76.2600,76.6700,66.1515,618700
2014-07-15,76.9000,77.6100,73.5500,74.2000,64.0204,905900
2014-07-16,74.2100,75.5000,74.2100,74.8400,64.5726,533400
2014-07-17,74.8400,77.6300,74.6900,77.0600,66.4880,792500
2014-07-18,76.6900,77.4900,75.6400,77.3000,66.6950,504500
2014-07-21,77.5000,78.1500,76.1700,77.8800,67.1955,441000
2014-07-22,77.9200,78.1700,77.0600,77.1600,66.5743,322800
2014-07-23,77.5000,78.3500,76.7500,76.9800,66.4190,355200
2014-07-24,76.8500,76.8600,75.7300,76.5000,66.0048,505600
2014-07-25,76.0100,78.3400,76.0100,78.0700,67.3594,493400
2014-07-28,77.6900,78.6200,77.1400,78.5800,67.7995,370100
2014-07-29,78.7500,78.9700,77.7200,78.1300,67.4112,366000
2014-07-30,77.9400,78.5000,76.8900,78.0300,67.3249,389200
2014-07-31,77.4900,77.4900,75.2600,75.5700,65.2024,532500
2014-08-01,76.4900,77.6800,75.3700,76.3300,65.8581,586300
2014-08-04,76.4300,77.2500,75.3900,76.5600,66.0566,430900
2014-08-05,75.9500,77.0200,75.3200,76.8600,66.3154,347000
2014-08-06,77.0200,78.5000,77.0200,77.1000,66.5225,731600
2014-08-07,76.6500,78.4700,76.5400,78.3600,67.6096,705500
2014-08-08,78.5800,80.2500,78.3000,79.3100,68.4293,635000
2014-08-11,79.6700,80.1400,79.4500,79.6700,68.7399,369300
2014-08-12,81.1800,81.9000,80.0000,80.6600,69.5941,751000
2014-08-13,81.0700,82.8400,81.0700,82.5000,71.1816,824300
2014-08-14,82.4800,82.6000,79.9500,80.4500,69.4129,844700
2014-08-15,79.5200,79.5500,77.6600,79.0900,68.2395,661900
2014-08-18,78.9700,79.7900,78.3000,79.7600,68.8176,377800
2014-08-19,79.7700,80.1400,78.3600,79.5300,68.6191,606300
2014-08-20,79.4600,80.5900,79.1000,79.7200,68.7831,394700
2014-08-21,79.1900,79.1900,75.2800,75.7900,65.3922,1167700
2014-08-22,75.9200,76.1000,74.7300,75.5300,65.1679,461200
2014-08-25,75.6100,75.6100,73.4900,74.3800,64.1756,646400
2014-08-26,74.8600,75.9800,74.5800,75.7200,65.3318,475700
2014-08-27,75.3400,76.1300,74.7900,75.0600,64.7623,356600
2014-08-28,76.1700,76.7100,75.3600,76.4500,65.9617,492900
2014-08-29,76.3400,77.8900,75.9600,77.7500,67.0833,463800
2014-09-02,76.2900,76.6400,73.8900,74.2600,64.0721,1006100
2014-09-03,74.4600,74.8300,73.5900,74.2200,64.0376,589400
2014-09-04,74.3300,75.0000,72.8700,73.2700,63.2179,934200
2014-09-05,73.1200,73.7700,72.4400,73.4800,63.3991,615000
2014-09-08,73.2800,73.4500,70.5700,71.2300,61.4578,830000
2014-09-09,70.9700,72.6000,70.7900,72.2900,62.3724,774200
2014-09-10,71.7600,72.7900,71.5000,72.2600,62.3465,525400
2014-09-11,71.6300,73.2500,70.9900,73.2200,63.1748,505100
2014-09-12,72.5900,72.9100,70.6900,70.9800,61.2421,823200
2014-09-15,71.2700,71.5800,70.1900,70.5700,60.8884,455100
2014-09-16,70.1100,71.0900,69.3300,70.4800,60.8107,865000
2014-09-17,70.8200,71.1400,69.1400,69.5000,59.9652,681000
2014-09-18,69.1100,69.1100,67.4300,68.2900,58.9212,866700
2014-09-19,68.1000,68.2800,65.9400,66.1900,57.1093,1123600
2014-09-22,65.6400,65.9400,63.8600,64.0600,55.2715,1173600
2014-09-23,64.8000,65.8800,64.5000,65.3800,56.4104,838000
2014-09-24,65.1700,65.8800,64.1800,65.3400,56.3759,756000
2014-09-25,64.9500,66.1600,64.1500,66.0800,57.0144,710400
2014-09-26,65.8100,65.8100,64.6000,64.9900,56.0739,510100
2014-09-29,64.9900,65.7700,64.6300,64.9400,56.0308,462600
2014-09-30,64.9400,66.0000,64.3100,64.9400,56.0308,723300
2014-10-01,64.8400,66.6600,64.8400,65.3800,56.5934,877600
2014-10-02,65.7200,66.2400,64.8400,65.8400,56.9916,681500
2014-10-03,64.9300,65.3100,63.9300,64.5500,55.8749,1025100
2014-10-06,64.7000,65.6000,63.6400,65.3600,56.5761,781300
2014-10-07,65.3600,65.5700,63.4300,63.5300,54.9920,879800
2014-10-08,64.6300,69.3000,62.8400,69.0300,59.7528,1494900
2014-10-09,68.9800,69.1100,66.1800,67.3500,58.2987,1089600
2014-10-10,67.5600,68.6500,65.9600,66.0400,57.1647,762800
2014-10-13,66.5900,69.7200,66.5900,67.3200,58.2727,774100
2014-10-14,67.9800,69.5000,67.4600,67.5600,58.4804,868100
2014-10-15,66.9700,68.9600,66.5300,67.8700,58.7487,1006000
2014-10-16,67.3700,69.4900,67.2200,68.8700,59.6144,1084900
2014-10-17,69.3900,69.3900,66.1500,66.3900,57.4677,848300
2014-10-20,66.8300,68.0600,65.5800,68.0400,58.8959,523600
2014-10-21,69.0000,69.8500,68.4700,68.7800,59.5365,527700
2014-10-22,67.9500,68.8500,66.8500,67.0500,58.0390,614700
2014-10-23,66.4000,66.9800,65.0000,66.6000,57.6494,695100
2014-10-24,66.8000,67.2500,65.6300,66.2600,57.3551,380300
2014-10-27,65.3200,65.4000,63.7600,64.4200,55.7624,710100
2014-10-28,65.0200,66.2500,64.4000,66.1700,57.2772,584600
2014-10-29,65.2300,65.7500,62.2800,62.9800,54.5159,1134500
2014-10-30,62.2400,62.7700,59.6200,59.6400,51.6248,1200000
2014-10-31,57.6100,58.5100,55.5500,57.1500,49.4694,1623800
2014-11-03,58.2300,61.5200,58.0300,61.2900,53.0531,1757300
2014-11-04,60.3500,61.2400,59.1800,59.3900,51.4084,1168100
2014-11-05,58.0100,60.7200,57.3600,58.3900,50.5428,1098200
2014-11-06,58.5500,62.3000,58.5500,61.1000,52.8886,1121800
2014-11-07,61.3900,65.5000,61.3900,65.4200,56.6280,1481300
2014-11-10,64.7900,65.1500,61.5900,61.9500,53.6244,1018100
2014-11-11,62.3600,66.7700,62.3600,65.4000,56.6107,1093100
2014-11-12,66.1700,67.1600,64.2900,65.6600,56.8358,795800
2014-11-13,65.9300,66.5400,64.4000,64.6300,55.9442,592300
2014-11-14,64.1100,68.1400,63.4200,67.9000,58.7747,968600
2014-11-17,67.6400,69.6700,66.6600,68.7200,59.4845,925600
2014-11-18,70.3900,71.6700,69.0400,71.3200,61.7351,1462700
2014-11-19,71.2500,71.5400,68.0400,68.4000,59.2076,1039900
2014-11-20,69.3400,70.9600,68.8200,70.5700,61.0859,760700
2014-11-21,72.8100,72.8100,69.5700,70.4600,60.9907,781200
2014-11-24,69.6100,70.1300,68.2800,69.3400,60.0212,599800
2014-11-25,69.1800,70.4100,68.7100,70.3300,60.8782,776400
2014-11-26,70.2300,70.7400,69.2600,70.0300,60.6185,476000
2014-11-28,67.9100,67.9100,63.4000,63.6800,55.1219,798400
2014-12-01,65.1000,68.3000,65.1000,68.1700,59.0084,1123500
2014-12-02,66.6400,68.3100,65.5600,67.4800,58.4112,736500
2014-12-03,68.5800,70.3400,68.1800,69.4400,60.1078,593500
2014-12-04,68.9500,69.9800,67.9400,68.3600,59.1729,567100
2014-12-05,67.3000,68.4000,66.3000,66.9100,57.9178,551800
2014-12-08,67.1600,68.4100,65.6200,67.4500,58.3852,727300
2014-12-09,69.3100,71.8000,69.1600,70.8400,61.3196,1037100
2014-12-10,70.0800,71.6800,68.1700,68.3300,59.1469,672200
2014-12-11,67.9000,69.9700,67.2000,67.7800,58.6709,541200
2014-12-12,67.5000,68.7700,66.3800,67.4800,58.4112,563200
2014-12-15,66.0900,66.9000,62.3500,62.4300,54.0398,1004700
2014-12-16,63.2000,63.6600,59.7600,59.8900,51.8412,1062300
2014-12-17,60.2200,62.7500,59.3100,62.4700,54.0745,1026300
2014-12-18,63.8300,64.7600,62.0900,64.6000,55.9182,820600
2014-12-19,64.5500,65.4900,63.3500,63.6100,55.0613,3137700
2014-12-22,63.9000,64.2800,60.7500,60.9100,52.7241,694000
2014-12-23,60.6200,63.2600,60.5000,60.7000,52.5424,550000
2014-12-24,60.7500,63.0000,60.7500,62.1300,53.7802,302900
2014-12-26,63.9000,64.6800,62.8900,63.8200,55.2431,442800
2014-12-29,63.7400,63.9500,62.2900,62.7100,54.2822,536100
2014-12-30,63.5900,64.5500,63.0400,63.1800,54.8816,594900
2014-12-31,63.0500,63.5800,62.0400,62.7000,54.4646,554000
2015-01-02,61.5400,64.4200,61.2900,64.3100,55.8632,582300
2015-01-05,64.3100,66.0500,63.0600,65.8500,57.2009,859800
2015-01-06,66.3600,67.6700,66.2300,66.9300,58.1390,1118100
2015-01-07,64.6800,67.2000,64.6800,66.0700,57.3920,723300
2015-01-08,66.6300,67.2500,64.7900,65.4200,56.8274,712800
2015-01-09,65.8400,67.8800,65.7200,67.7200,58.8253,836000
2015-01-12,68.0400,71.1400,67.7700,70.5500,61.2836,1172900
2015-01-13,71.6400,71.8400,68.0700,69.0700,59.9980,1076400
2015-01-14,70.1400,70.7300,67.2800,68.3600,59.3812,1080700
2015-01-15,71.8900,72.7600,71.0700,71.6500,62.2391,1405500
2015-01-16,72.0100,73.7500,71.6700,72.5600,63.0296,991000
2015-01-20,73.3500,74.8300,73.0600,73.8200,64.1241,1157000
2015-01-21,74.8400,75.2500,72.2500,74.7700,64.9493,1110900
2015-01-22,75.5000,75.9800,73.7500,75.0900,65.2273,750200
2015-01-23,75.8400,75.8400,73.7700,74.7000,64.8885,591100
2015-01-26,73.9900,75.5900,72.0000,75.5500,65.6269,763800
2015-01-27,75.8400,77.2000,75.7000,76.6200,66.5563,712500
2015-01-28,75.4800,76.4600,73.4900,74.2300,64.4802,878700
2015-01-29,72.2700,73.1100,68.6600,70.7200,61.4313,1322900
2015-01-30,70.8700,73.1100,70.0000,72.4600,62.9427,1025100
2015-02-02,71.1700,72.7500,71.0500,71.9000,62.4563,869400
2015-02-03,71.7100,71.9000,69.1900,70.4400,61.1881,995200
2015-02-04,70.6800,72.9600,70.5000,72.0300,62.5692,647100
2015-02-05,71.8000,72.6600,71.0100,72.5100,62.9862,507000
2015-02-06,70.7300,71.4800,69.2200,69.5600,60.4236,780100
2015-02-09,70.0900,71.0100,69.9300,70.4000,61.1533,666500
2015-02-10,69.5100,71.1100,69.2700,70.2900,61.0577,689700
2015-02-11,70.3400,70.8600,69.1200,69.8700,60.6929,581100
2015-02-12,70.7300,71.7800,70.3400,70.9600,61.6397,660200
2015-02-13,71.3900,72.2000,71.1800,71.4600,62.0740,497300
2015-02-17,70.0200,70.6400,69.5900,70.0000,60.8058,682700
2015-02-18,69.6000,71.8500,69.1400,71.6100,62.2044,619200
2015-02-19,71.4800,71.9900,70.1200,70.6100,61.3357,586600
2015-02-20,70.7900,71.7000,69.9600,69.9900,60.7971,487000
2015-02-23,69.4200,71.1100,69.3600,70.4600,61.2054,413500
2015-02-24,69.8500,70.6800,69.3000,69.8400,60.6669,536800
2015-02-25,70.7100,71.7500,70.1200,71.3700,61.9959,546700
2015-02-26,72.5000,72.7500,71.4300,71.9600,62.5084,451500
2015-02-27,72.3400,73.4800,71.9500,72.1000,62.6300,536000
2015-03-02,71.9700,72.2600,70.2800,70.7900,61.4921,712500
2015-03-03,70.8200,71.9800,69.7900,70.1500,60.9361,442000
2015-03-04,69.8700,70.2700,68.6700,69.2500,60.1543,393600
2015-03-05,69.4300,69.9200,68.6300,69.1600,60.0762,485700
2015-03-06,67.7300,67.7300,62.7100,63.0300,54.7513,1395500
2015-03-09,63.5000,63.9200,60.4400,60.7800,52.7968,828600
2015-03-10,60.6300,61.4000,58.4200,58.8300,51.1030,1038900
2015-03-11,58.6500,61.5100,57.5500,61.3900,53.3267,1057100
2015-03-12,61.2500,61.6700,59.6500,61.0300,53.0140,833200
2015-03-13,60.7800,61.9300,60.1200,61.6200,53.5265,788900
2015-03-16,62.5200,63.5800,61.8000,62.9700,54.6992,726800
2015-03-17,61.9800,63.8400,61.7600,63.1900,54.8903,730200
2015-03-18,62.5200,66.6100,62.5000,66.4700,57.7395,854700
2015-03-19,66.1100,66.7200,64.8100,66.2600,57.5571,517600
2015-03-20,66.6000,67.9400,66.1000,67.5100,58.6429,1607200
2015-03-23,67.6000,69.0000,67.0700,68.3300,59.3552,561600
2015-03-24,68.1400,68.3000,66.3400,66.6800,57.9219,734200
2015-03-25,66.7900,67.2400,64.8200,64.8600,56.3409,463400
2015-03-26,65.8500,66.4100,63.6200,64.3000,55.8545,582500
2015-03-27,64.2600,64.6400,63.1300,63.9100,55.5157,523700
2015-03-30,63.1100,63.9400,62.6200,63.5600,55.2117,384500
2015-03-31,63.3300,63.8200,62.5000,63.1100,55.0112,557400
2015-04-01,63.6900,66.6900,63.3200,66.5400,58.0010,678700
2015-04-02,66.1200,66.9200,64.4000,64.6900,56.3884,497600
2015-04-06,66.2800,67.1600,65.4200,65.9900,57.5216,561700
2015-04-07,65.3400,65.7200,64.3800,64.7100,56.4059,481700
2015-04-08,64.7000,65.0300,63.3200,63.8100,55.6214,651800
2015-04-09,63.1700,63.5000,61.9800,62.5500,54.5231,902200
2015-04-10,63.4800,64.3400,63.1500,63.4900,55.3424,737500
2015-04-13,63.4000,63.6200,61.8600,62.1000,54.1308,624000
2015-04-14,62.0000,62.2900,61.2100,61.4800,53.5904,771000
2015-04-15,61.7800,63.0000,61.5600,62.7200,54.6713,1027700
2015-04-16,62.8300,63.8300,61.8600,61.9100,53.9652,556700
2015-04-17,61.8800,63.4700,61.8800,62.3200,54.3226,666900
2015-04-20,61.3800,62.9900,61.0000,62.9700,54.8892,574000
2015-04-21,63.0500,64.0200,62.1700,63.5700,55.4122,493200
2015-04-22,63.5000,63.6600,61.9000,62.2400,54.2528,572300
2015-04-23,62.1800,64.4500,62.1000,64.0600,55.8393,455300
2015-04-24,63.8200,64.4800,62.2900,62.3000,54.3052,593000
2015-04-27,62.8400,64.1700,61.7300,61.7900,53.8606,775300
2015-04-28,62.1900,64.9400,61.8500,64.7800,56.4669,885100
2015-04-29,64.9700,66.1200,64.5000,65.1900,56.8243,692600
2015-04-30,63.5300,65.5200,63.4400,64.5300,56.2490,769400
2015-05-01,63.8900,66.4600,63.4700,65.9300,57.4693,624400
2015-05-04,67.4600,67.7600,65.4200,65.7400,57.3037,564200
2015-05-05,66.5800,67.1400,64.3900,65.1700,56.8069,528300
2015-05-06,65.5000,65.9100,64.1700,64.4900,56.2141,521200
2015-05-07,63.7600,64.5400,63.3200,64.4400,56.1705,1198000
2015-05-08,65.2600,65.8500,64.5300,65.0800,56.7284,520400
2015-05-11,65.8000,66.3900,65.0800,65.8300,57.3821,422800
2015-05-12,65.8500,66.8500,65.6400,66.1900,57.6959,439500
2015-05-13,66.6600,67.6900,66.5100,66.8300,58.2538,512900
2015-05-14,67.8900,67.9900,66.5900,66.7100,58.1492,425100
2015-05-15,66.5000,67.2700,66.1100,66.6000,58.0533,413100
2015-05-18,66.6000,67.4900,66.1000,67.0500,58.4456,330800
2015-05-19,65.9500,66.7800,64.8100,65.2300,56.8591,519400
2015-05-20,65.3400,65.9600,65.1800,65.3500,56.9638,356300
2015-05-21,65.3900,65.7400,64.5100,65.2300,56.8591,291800
2015-05-22,65.0900,65.3500,64.2500,64.4200,56.1531,278000
2015-05-26,63.1100,64.4400,62.7100,63.8900,55.6911,527500
2015-05-27,64.1100,65.4600,63.6600,65.3000,56.9202,471500
2015-05-28,65.1800,65.3900,64.4300,64.5500,56.2664,589600
2015-05-29,64.6100,65.1300,63.6900,64.7700,56.4582,448500
2015-06-01,65.1700,65.5000,63.9100,64.2300,55.9875,379700
2015-06-02,64.3100,65.3100,64.0200,64.9500,56.6151,343800
2015-06-03,64.7600,65.4500,64.0900,64.2500,56.0049,302500
2015-06-04,63.7500,64.5600,63.7500,64.2800,56.0311,300600
2015-06-05,63.6400,64.5000,63.2600,64.2000,55.9613,448900
2015-06-08,64.4200,64.7600,63.5500,64.5900,56.3013,448400
2015-06-09,64.9600,65.0600,63.2200,63.4600,55.3163,671900
2015-06-10,64.1600,64.3400,63.5700,64.1000,55.8742,507100
2015-06-11,64.0000,64.0000,63.0400,63.6800,55.5081,423800
2015-06-12,63.5600,63.7400,62.8200,63.3900,55.2553,349200
2015-06-15,63.0000,64.3600,62.7500,63.5400,55.3860,384400
2015-06-16,63.4000,63.5300,62.4900,62.8700,54.8020,505700
2015-06-17,62.6100,64.4000,62.5700,64.1900,55.9526,577200
2015-06-18,65.1000,65.7900,64.7200,65.2600,56.8853,453200
2015-06-19,65.0200,65.5800,63.3000,63.5200,55.3686,850900
2015-06-22,63.1000,63.1000,62.5600,62.7800,54.7236,495000
2015-06-23,62.4900,62.8700,62.2800,62.6000,54.5667,334200
2015-06-24,62.3900,63.2100,62.3100,62.5400,54.5144,340700
2015-06-25,62.3000,63.2900,62.2200,62.4500,54.4359,385200
2015-06-26,62.4500,62.9900,62.1100,62.4600,54.4446,480200
2015-06-29,62.4800,63.2200,61.8100,61.9400,53.9913,451600
2015-06-30,61.8500,62.6200,61.5600,61.5900,53.8776,728400
2015-07-01,61.5800,62.2700,60.8900,61.0500,53.4053,526700
2015-07-02,61.0500,62.5300,61.0400,62.3200,54.5162,381600
2015-07-06,62.4900,63.9900,61.8200,63.4300,55.4872,604700
2015-07-07,62.4200,62.7500,60.8800,61.6300,53.9126,977200
2015-07-08,61.9900,62.7400,61.5000,61.7700,54.0351,427600
2015-07-09,62.3900,62.7700,61.3700,61.9500,54.1925,403400
2015-07-10,62.3600,62.5500,60.1700,60.8400,53.2215,569700
2015-07-13,60.5500,61.6300,59.9500,61.5000,53.7989,531200
2015-07-14,61.3700,61.8500,60.5900,60.7300,53.1253,388400
2015-07-15,59.8900,60.2500,59.1100,59.2300,51.8132,646900
2015-07-16,59.2500,59.5800,58.5900,58.9700,51.5857,679000
2015-07-17,58.7000,58.8100,56.7500,56.8500,49.7312,1163100
2015-07-20,53.8800,54.3700,50.9400,51.2200,44.8062,1634300
2015-07-21,51.6100,53.0300,50.8100,51.3000,44.8762,787100
2015-07-22,50.1200,51.8100,49.5400,50.9900,44.6050,767000
2015-07-23,51.6800,51.9000,48.6600,49.1400,42.9866,956100
2015-07-24,48.2600,51.4500,48.2600,51.1600,44.7537,1293000
2015-07-27,52.0100,52.2700,49.7100,50.1800,43.8964,1068900
2015-07-28,50.7500,51.3000,50.2200,50.5400,44.2113,725100
2015-07-29,50.3800,51.6400,50.0500,51.0700,44.6750,588800
2015-07-30,50.4200,50.9900,49.1400,49.7900,43.5552,586200
2015-07-31,50.9500,51.0400,49.9500,50.4200,44.1063,546400
2015-08-03,50.3300,50.4100,49.0800,49.4800,43.2841,482400
2015-08-04,49.5700,50.4000,49.1300,49.6500,43.4328,595400
2015-08-05,50.3000,50.5400,48.9300,49.0200,42.8816,799700
2015-08-06,50.3000,50.8800,48.7100,49.1600,43.0041,1014200
2015-08-07,49.2300,51.6900,49.2300,50.1800,43.8964,936700
2015-08-10,50.4900,52.1600,49.9300,52.0700,45.5497,705800
2015-08-11,52.7000,52.8800,50.8100,52.7100,46.1096,941500
2015-08-12,54.8500,54.8500,53.2000,54.6500,47.8067,1080100
2015-08-13,53.6100,54.7500,52.6100,53.0000,46.3633,772200
2015-08-14,53.5200,54.2500,52.1300,53.1100,46.4595,398700
2015-08-17,53.6800,55.4900,53.6800,55.2400,48.3228,691800
2015-08-18,54.2300,55.0700,53.7900,54.5900,47.7542,627900
2015-08-19,54.7000,56.3300,54.6200,55.4900,48.5415,491200
2015-08-20,57.2900,57.7800,56.3600,56.5400,49.4600,863500
2015-08-21,56.8400,57.8100,54.5000,54.9600,48.0778,832300
2015-08-24,53.8600,54.2300,50.3100,50.5700,44.2376,1194200
2015-08-25,51.4000,51.9200,48.3500,48.9400,42.8117,969000
2015-08-26,48.3500,48.7200,46.1200,47.3500,41.4208,1155400
2015-08-27,47.8600,49.0000,46.6900,48.0200,42.0069,1517600
2015-08-28,48.1600,50.0400,48.1600,48.9400,42.8117,877000
2015-08-31,48.1900,48.8200,47.3100,48.1200,42.0944,992200
2015-09-01,48.5500,49.1500,47.1900,47.4200,41.4820,915000
2015-09-02,47.2800,48.2900,46.7000,47.6800,41.7095,739900
2015-09-03,47.2400,49.0000,46.2500,46.2700,40.4760,956400
2015-09-04,45.9700,46.2000,45.0300,45.8500,40.1086,922600
2015-09-08,45.8500,46.0000,44.3600,45.0700,39.4263,1108900
2015-09-09,44.2600,45.0500,44.2600,44.6200,39.0326,1082700
2015-09-10,44.9700,45.6900,44.0300,44.2800,38.7352,903600
2015-09-11,44.0000,44.6100,42.2100,44.2400,38.7002,976000
2015-09-14,44.1300,45.6500,43.6600,44.6400,39.0501,800000
2015-09-15,44.4600,45.5700,44.4600,44.6800,39.0851,651700
2015-09-16,45.6700,47.6500,45.4900,47.4300,41.4908,911700
2015-09-17,47.5100,48.8100,46.8300,48.1800,42.1469,940700
2015-09-18,49.0000,49.9800,47.0300,47.8100,41.8232,1695600
2015-09-21,47.3400,48.0200,46.9100,47.1600,41.2546,597700
2015-09-22,46.0400,46.9000,45.7500,46.0600,40.2923,745300
2015-09-23,46.5600,47.2900,46.3600,46.7800,40.9222,768900
2015-09-24,47.7700,49.2600,47.4200,49.1500,42.9954,961100
2015-09-25,48.3300,48.6400,47.4300,47.7100,41.7357,607800
2015-09-28,46.9700,46.9700,45.7400,45.9400,40.1873,539100
2015-09-29,46.1900,47.5200,46.1000,46.3900,40.5810,895700
2015-09-30,46.3900,47.0200,45.6600,46.9800,41.2929,742600
2015-10-01,47.1400,48.8800,45.9600,46.1900,40.5986,675700
2015-10-02,47.4800,48.6200,46.9000,48.5600,42.6817,707300
2015-10-05,48.5600,49.6900,48.5600,49.5100,43.5167,807200
2015-10-06,50.0100,51.0800,48.9400,50.0200,43.9649,770200
2015-10-07,50.5600,50.7900,49.2300,50.2300,44.1495,939600
2015-10-08,49.1900,51.2800,49.1900,49.5800,43.5782,776000
2015-10-09,50.8400,51.0900,49.3700,50.4500,44.3429,1046900
2015-10-12,51.0000,51.0000,48.5100,49.0200,43.0860,514800
2015-10-13,48.9500,50.3400,48.3100,49.3300,43.3585,737900
2015-10-14,50.3200,53.0200,49.9200,52.6300,46.2590,1258800
2015-10-15,52.0000,53.1200,51.3500,52.7900,46.3996,745900
2015-10-16,52.7400,53.4700,51.5100,51.5100,45.2746,691300
2015-10-19,51.4500,51.7300,49.6600,49.9200,43.8770,593900
2015-10-20,50.1900,51.2500,50.0500,50.3400,44.2462,680000
2015-10-21,50.0100,50.2100,48.7700,49.0400,43.1036,534700
2015-10-22,49.1200,51.2800,48.7800,51.1900,44.9933,645200
2015-10-23,51.9400,52.0700,50.7200,51.6700,45.4152,664900
2015-10-26,51.5200,51.5300,50.4500,50.5000,44.3868,500000
2015-10-27,50.1600,51.3400,49.6700,50.6200,44.4923,420100
2015-10-28,51.2300,52.7000,49.1700,49.8600,43.8243,1044600
2015-10-29,49.1500,49.8000,47.7600,48.2400,42.4004,871700
2015-10-30,48.3000,49.1800,47.7400,47.8400,42.0488,811700
2015-11-02,47.5500,48.5800,46.7500,48.2600,42.4180,750500
2015-11-03,47.5500,48.1500,46.8000,47.6300,41.8642,636600
2015-11-04,47.3300,47.9600,46.6200,46.9600,41.2754,741300
2015-11-05,46.3000,46.5100,39.2000,40.2600,35.3864,4662300
2015-11-06,39.1000,39.3200,35.5000,35.5100,31.2114,2618800
2015-11-09,35.8100,38.7400,35.6000,38.2800,33.6461,2717700
2015-11-10,37.4700,38.5700,37.2500,37.8300,33.2506,1827700
2015-11-11,37.7200,38.1200,37.0900,37.8000,33.2242,1246000
2015-11-12,37.0400,37.7300,36.0400,36.1500,31.7739,1357100
2015-11-13,36.2000,36.7700,35.9200,36.6700,32.2310,791700
2015-11-16,37.0900,37.6700,36.3700,36.5800,32.1519,789300
2015-11-17,36.3100,36.3600,34.4200,35.0500,30.8071,1384200
2015-11-18,35.1700,36.7200,34.8500,36.3400,31.9409,1325300
2015-11-19,36.5200,37.5700,36.3600,36.7500,32.3013,998900
2015-11-20,36.9700,37.3400,35.4200,35.6500,31.3345,934100
2015-11-23,35.7000,36.0200,35.2900,35.7100,31.3872,630100
2015-11-24,36.0500,36.6000,35.3900,36.0400,31.6773,835200
2015-11-25,35.6700,36.7000,35.3900,36.0700,31.7036,537300
2015-11-27,35.7000,36.0300,35.3700,35.7600,31.4311,349000
2015-11-30,35.7000,36.3200,35.5100,35.9500,31.5982,1066000
2015-12-01,36.1900,37.3200,35.6300,36.8400,32.3804,1013800
2015-12-02,36.6400,37.0200,35.7600,36.4400,32.0288,1004000
2015-12-03,36.9800,37.4800,36.4600,36.7700,32.3189,777800
2015-12-04,37.1900,38.7200,37.0900,38.6900,34.0065,1154400
2015-12-07,38.5100,38.5100,37.3800,38.3000,33.6637,1067200
2015-12-08,38.1100,38.2900,37.0400,37.4700,32.9341,735400
2015-12-09,37.8600,38.1300,36.6100,36.8700,32.4068,705400
2015-12-10,37.0000,37.6200,36.5600,36.7700,32.3189,531200
2015-12-11,36.8600,38.6500,36.6000,37.7800,33.2066,901900
2015-12-14,37.4400,37.6900,35.0700,35.1000,30.8510,987800
2015-12-15,35.6000,35.8500,34.6500,35.4000,31.1147,773800
2015-12-16,36.0600,36.9900,35.6600,36.6700,32.2310,787400
2015-12-17,35.6600,36.0900,35.1100,35.5700,31.2641,702600
2015-12-18,35.9000,36.9900,35.9000,36.1500,31.7739,1764900
2015-12-21,36.4700,36.7400,35.5700,35.8100,31.4751,695900
2015-12-22,35.7500,36.7200,35.7300,36.4100,32.0025,482200
2015-12-23,36.6200,37.4900,36.4800,37.2500,32.7408,550200
2015-12-24,37.5000,38.4600,37.4300,38.0100,33.4088,308600
2015-12-28,37.5200,37.7800,36.5300,36.8600,32.3980,475200
2015-12-29,37.1800,37.4900,36.5800,37.1500,32.6529,475000
2015-12-30,36.4100,36.8400,35.5300,35.9300,31.5806,529500
2015-12-31,35.9200,36.5600,35.7400,36.4700,32.0552,503300
2016-01-04,37.0200,38.0600,36.6200,37.1800,32.6793,719200
2016-01-05,37.1400,37.3300,35.9500,36.4900,32.0728,588600
2016-01-06,36.9000,37.7500,36.5500,37.0200,32.7450,639200
2016-01-07,37.7200,39.4500,37.0900,38.7400,34.2664,1081100
2016-01-08,37.8600,38.1100,36.6700,37.5900,33.2492,1158600
2016-01-11,37.4400,37.8600,33.3000,33.4400,29.5784,1691100
2016-01-12,32.9500,33.1200,30.2100,31.0200,27.4379,2096300
2016-01-13,30.8000,31.2800,30.1500,30.7600,27.2079,1387800
2016-01-14,30.5100,30.8300,28.1000,29.2000,25.8281,1879100
2016-01-15,29.2100,29.3700,27.7000,28.3800,25.1027,1568200
2016-01-19,28.0000,28.3500,26.6200,27.0800,23.9529,1759000
2016-01-20,27.2900,27.5200,24.6800,25.3300,22.4049,2971200
2016-01-21,24.9300,26.9600,24.7100,25.7900,22.8118,2374500
2016-01-22,26.8100,27.1300,25.5400,26.4400,23.3868,1605600
2016-01-25,26.9000,27.4300,26.6100,27.2800,24.1298,726500
2016-01-26,27.6900,29.0800,27.3000,28.8600,25.5273,1629800
2016-01-27,29.0800,30.3700,28.5200,30.1000,26.6241,1734900
2016-01-28,29.1100,29.7200,28.5000,28.7600,25.4389,1225000
2016-01-29,28.7200,29.8100,28.7200,29.7900,26.3499,895600
2016-02-01,29.9900,31.1000,29.9900,30.8800,27.3140,1030500
2016-02-02,30.6300,31.0000,29.4500,29.8100,26.3676,869000
2016-02-03,30.2000,32.1000,30.0000,31.8500,28.1720,1499900
2016-02-04,32.4600,36.9600,32.4600,35.9400,31.7897,3017200
2016-02-05,36.0500,39.4300,34.7200,39.2200,34.6910,2392600
2016-02-08,40.7800,41.9600,40.5200,40.9600,36.2300,1904800
2016-02-09,41.8500,41.9500,37.6400,38.1100,33.7091,2458900
2016-02-10,37.2700,39.1400,36.0600,39.0100,34.5052,2085400
2016-02-11,42.8700,43.3000,39.5100,40.4500,35.7789,2055300
2016-02-12,39.4900,41.8000,39.0200,41.7400,36.9200,1038400
2016-02-16,40.3500,41.9600,39.6000,39.8200,35.2217,1961800
2016-02-17,40.2500,42.0400,39.7400,41.5300,36.7342,1270800
2016-02-18,41.4400,44.6600,41.1500,44.3100,39.1932,1456500
2016-02-19,43.9600,45.0900,43.1400,43.3500,38.3440,1102000
2016-02-22,42.0800,44.8400,41.9600,44.4100,39.2816,900100
2016-02-23,44.8600,44.9800,43.4600,44.2900,39.1755,955100
2016-02-24,45.0500,46.5500,44.3000,44.8200,39.6443,1342700
2016-02-25,44.2500,45.2200,43.0500,44.4900,39.3524,1323900
2016-02-26,42.9600,45.8400,42.8000,44.8200,39.6443,1325200
2016-02-29,45.8000,46.7000,45.2500,46.3700,41.0153,914300
2016-03-01,46.8600,47.0000,44.3200,44.9900,39.7947,930800
2016-03-02,45.0000,46.9700,44.6500,46.8700,41.4576,943500
2016-03-03,47.2000,50.0800,46.8100,49.4800,43.7662,2043400
2016-03-04,50.0700,51.4000,47.8500,48.5000,42.8993,2066500
2016-03-07,49.0900,50.8700,48.9200,50.2200,44.4207,1158400
2016-03-08,51.0000,51.2400,47.3500,48.0200,42.4748,1124800
2016-03-09,46.7900,48.5000,45.0000,48.0700,42.5190,1124400
2016-03-10,48.0600,50.5400,47.8200,49.8800,44.1200,1248300
2016-03-11,49.5400,50.4000,49.0300,49.6700,43.9342,1185900
2016-03-14,49.4400,50.0000,46.8300,47.1100,41.6698,1260700
2016-03-15,46.7700,47.7200,45.5300,47.5900,42.0944,865100
2016-03-16,47.2200,50.8000,46.7700,50.5600,44.7214,1105800
2016-03-17,51.4000,52.6300,50.6000,50.9700,45.0841,1233800
2016-03-18,50.9500,52.9700,50.9200,51.6900,45.7210,1808800
2016-03-21,51.1600,52.9500,51.0300,52.2700,46.2340,707400
2016-03-22,52.7900,53.3200,51.2200,51.6700,45.7033,636800
2016-03-23,50.0100,51.2900,49.0700,49.1800,43.5008,892300
2016-03-24,49.1200,50.4800,48.5600,50.1900,44.3942,575300
2016-03-28,50.5000,50.7100,48.7000,49.5000,43.7839,582300
2016-03-29,49.6400,52.3200,49.1400,52.0300,46.0217,769600
2016-03-30,51.6300,52.2500,50.6000,51.9800,46.1816,763200
2016-03-31,52.4700,52.9700,51.1000,51.2900,45.5686,590700
2016-04-01,49.8900,51.6300,49.5000,51.5700,45.8174,607000
2016-04-04,51.6000,51.7100,49.7900,49.9700,44.3958,617300
2016-04-05,51.4300,51.8700,50.1400,51.5600,45.8085,916200
2016-04-06,50.7100,51.4000,49.5700,50.2500,44.6446,927700
2016-04-07,51.7400,52.1500,51.3200,51.6100,45.8529,938800
2016-04-08,51.9600,52.9700,51.7500,52.7500,46.8657,685200
2016-04-11,53.9800,56.1100,53.8400,55.6400,49.4333,1123100
2016-04-12,56.2800,56.5500,54.9900,55.9300,49.6910,726600
2016-04-13,55.8000,55.9700,54.8800,55.1700,49.0158,704600
2016-04-14,55.0500,55.7300,52.4200,53.2700,47.3277,1047600
2016-04-15,53.3400,54.8400,52.5500,54.3500,48.2872,826400
2016-04-18,55.6000,55.8900,54.0900,54.9900,48.8558,646100
2016-04-19,56.8000,57.8500,56.0200,57.5000,51.0859,839600
2016-04-20,57.4600,58.6400,56.4000,56.8100,50.4728,1062700
2016-04-21,57.8100,58.3400,56.4800,57.5900,51.1658,704100
2016-04-22,57.1900,58.1800,55.3000,56.2400,49.9664,973600
2016-04-25,56.2900,57.1000,55.3200,56.0400,49.7887,739400
2016-04-26,56.6500,57.5100,55.1700,57.4000,50.9970,580900
2016-04-27,57.6500,58.2900,56.5100,58.2300,51.7344,881000
2016-04-28,58.5500,60.7400,57.4100,60.2200,53.5024,1069000
2016-04-29,61.5800,62.7800,61.3400,62.6200,55.6347,1154700
2016-05-02,62.8700,63.3100,60.8800,61.5800,54.7107,946800
2016-05-03,62.0800,63.0600,59.9000,60.3700,53.6357,706900
2016-05-04,59.6200,60.9900,57.8600,58.7200,52.1698,913600
2016-05-05,59.2700,60.4000,58.3800,59.5600,52.9161,915300
2016-05-06,61.0800,61.3500,59.5400,59.8100,53.1382,1009500
2016-05-09,57.6300,57.6400,55.2600,56.1400,49.8776,1048700
2016-05-10,56.0700,57.9500,55.0800,57.7000,51.2636,660000
2016-05-11,59.1600,59.5100,57.2200,58.5900,52.0543,826000
2016-05-12,58.8200,59.7300,57.3200,57.5700,51.1480,559000
2016-05-13,57.6400,58.6600,56.6900,57.7300,51.2902,550200
2016-05-16,58.4400,59.9500,58.2000,58.7900,52.2320,602100
2016-05-17,56.4600,58.6200,55.5800,57.4600,51.0503,1569700
2016-05-18,56.8600,58.0200,53.8300,54.1700,48.1273,1354200
2016-05-19,52.6900,55.6100,51.7600,55.2200,49.0602,1170000
2016-05-20,55.6300,55.8800,54.2100,55.4500,49.2645,679300
2016-05-23,54.3600,56.5800,54.0000,55.8500,49.6199,692500
2016-05-24,54.8300,55.0200,53.9100,54.0300,48.0029,845100
2016-05-25,53.7900,56.2800,52.6900,56.0600,49.8065,988700
2016-05-26,56.3200,57.3800,55.0800,55.8500,49.6199,518300
2016-05-27,55.2100,56.0400,54.2200,55.0200,48.8825,887700
2016-05-31,54.3900,56.9500,54.3500,56.1300,49.8687,860900
2016-06-01,56.7100,56.9200,55.0800,56.2700,49.9931,601100
2016-06-02,56.0200,56.8700,55.5900,56.2900,50.0108,487100
2016-06-03,58.7000,61.6100,58.3800,61.5500,54.6841,1289900
2016-06-06,61.2800,62.6500,60.3600,62.6400,55.6525,1041700
2016-06-07,61.8900,63.2700,61.7900,62.7800,55.7769,753800
2016-06-08,64.0700,66.3300,64.0700,65.3400,58.0513,1148600
2016-06-09,65.7700,67.1300,64.6400,66.5200,59.0997,1043300
2016-06-10,66.5900,67.9700,65.0700,65.5600,58.2468,783000
2016-06-13,66.6000,66.8800,64.8700,65.9000,58.5488,1007500
2016-06-14,66.1300,66.3500,63.9300,65.0500,57.7937,793900
2016-06-15,65.5400,68.6900,65.0000,67.8200,60.2547,1068400
2016-06-16,69.3200,69.3600,65.0600,65.8000,58.4600,1060200
2016-06-17,66.3900,67.5700,65.3800,66.4900,59.0730,3364900
2016-06-20,65.7100,67.5500,65.0200,67.5100,59.9792,859500
2016-06-21,66.5900,67.2200,65.9400,66.5300,59.1086,585400
2016-06-22,66.6300,66.7200,65.3800,66.5000,59.0819,829800
2016-06-23,66.5800,67.8000,66.0000,66.8500,59.3929,531700
2016-06-24,70.8800,72.0000,67.7700,69.1700,61.4541,2066900
2016-06-27,70.3900,71.1400,68.1400,69.1500,61.4363,1034300
2016-06-28,68.3200,70.2900,68.0000,68.8900,61.2053,776800
2016-06-29,70.0200,71.5200,69.0500,70.6400,62.9703,885100
2016-06-30,71.0000,72.0400,70.0500,72.0200,64.2005,759500
2016-07-01,73.5100,74.8500,73.2900,74.4700,66.3845,881500
2016-07-05,75.5200,76.0000,72.8200,74.8000,66.6787,1487700
2016-07-06,77.7800,79.1100,77.1100,78.2500,69.7541,2527000
2016-07-07,77.9200,80.3600,77.1900,79.3600,70.7436,1770200
2016-07-08,79.2500,82.4900,78.5600,82.0400,73.1326,1186000
2016-07-11,81.5300,83.2700,80.7600,83.2200,74.1845,1013100
2016-07-12,82.5000,83.6100,80.1500,80.3600,71.6350,1465300
2016-07-13,80.7500,81.8600,80.2100,81.7200,72.8473,894200
2016-07-14,79.8800,81.7500,78.6400,81.5900,72.7315,843900
2016-07-15,80.5900,81.6200,79.7500,80.5400,71.7954,855800
2016-07-18,80.5600,81.5000,79.8400,81.4800,72.6334,613100
2016-07-19,80.5600,81.6500,80.1100,80.4800,71.7419,597000
2016-07-20,79.0000,79.5900,76.9300,77.2200,68.8359,942300
2016-07-21,77.5000,79.5000,77.4900,78.8800,70.3157,954000
2016-07-22,78.0100,79.7500,77.9800,79.3200,70.7079,308500
2016-07-25,78.5000,78.5500,76.3300,77.5800,69.1568,717600
2016-07-26,78.4500,80.6700,77.9700,80.2800,71.5637,581000
2016-07-27,80.5700,82.8200,79.0200,82.1400,73.2217,695600
2016-07-28,82.6400,82.9800,80.8700,82.1400,73.2217,478500
2016-07-29,82.7000,84.8100,81.7400,84.5400,75.3611,856400
2016-08-01,84.5200,86.1900,83.6600,85.9200,76.5913,625300
2016-08-02,86.5000,87.7400,84.9100,85.2400,75.9852,797600
2016-08-03,84.6300,85.6400,83.1600,85.4400,76.1634,588800
2016-08-04,85.4400,85.8900,84.8800,85.0500,75.8158,455500
2016-08-05,82.5100,83.8600,82.3000,83.4400,74.3806,845900
2016-08-08,83.6900,85.4300,83.4500,84.3600,75.2007,530000
2016-08-09,84.3500,85.2600,84.2500,84.9600,75.7355,482800
2016-08-10,85.3700,86.7600,85.2700,86.0200,76.6805,628200
2016-08-11,85.2500,86.7300,84.5000,84.5700,75.3879,773200
2016-08-12,85.9900,86.1800,82.8200,83.2600,74.2201,476300
2016-08-15,83.1400,84.8400,83.1200,83.4100,74.3538,449100
2016-08-16,83.5800,84.1400,83.0600,83.2900,74.2468,444200
2016-08-17,82.7300,83.4600,81.1300,83.1300,74.1042,684600
2016-08-18,83.4600,84.6000,83.4300,84.3600,75.2007,484000
2016-08-19,83.2200,83.8900,82.0600,83.2500,74.2112,754500
2016-08-22,81.8900,83.3400,81.0600,83.1100,74.0864,531300
2016-08-23,83.5400,83.8100,82.4900,82.7300,73.7477,498100
2016-08-24,81.7500,81.7500,75.3600,75.7600,67.5344,1277000
2016-08-25,75.1600,76.9200,73.6400,75.7300,67.5077,707900
2016-08-26,76.9100,78.8900,74.7500,75.9000,67.6592,813500
2016-08-29,75.3400,77.6500,74.9600,76.9600,68.6041,414200
2016-08-30,76.3300,77.3700,72.9700,73.6200,65.6268,1102100
2016-08-31,72.6000,73.6000,71.6700,73.3200,65.3594,824300
2016-09-01,72.6900,76.1400,71.8300,75.7800,67.5523,1081500
2016-09-02,76.7800,78.1600,76.4000,77.9400,69.4778,664100
2016-09-06,79.6800,82.5700,78.5500,82.4900,73.5337,845600
2016-09-07,82.4900,82.6600,80.3500,82.1800,73.2574,597200
2016-09-08,81.9300,82.2800,79.5700,80.2500,71.5369,494500
2016-09-09,79.4400,79.4400,75.7500,76.0600,67.8018,636200
2016-09-12,74.9400,78.9100,74.3000,78.7700,70.2176,795500
2016-09-13,78.2100,78.2100,74.8900,75.9500,67.7038,623700
2016-09-14,76.2000,77.3800,75.0400,75.8600,67.6236,435700
2016-09-15,75.7200,77.1900,74.5800,76.1300,67.8643,466500
2016-09-16,75.7300,76.7000,74.8300,75.5600,67.3561,1061900
2016-09-19,76.5600,77.6000,76.2600,77.0100,68.6487,546700
2016-09-20,77.5900,77.8600,76.6500,77.6800,69.2459,541000
2016-09-21,78.8100,85.3700,78.8100,85.1900,75.9406,1299700
2016-09-22,86.0000,86.9300,82.9200,84.0900,74.9600,891600
2016-09-23,83.8300,84.6700,81.2600,81.4200,72.5799,623900
2016-09-26,81.5500,82.8200,80.0300,80.0700,71.3765,437200
2016-09-27,79.4500,79.8000,77.3100,78.1000,69.6204,616800
2016-09-28,78.3000,80.0200,76.8900,79.6500,71.2118,649100
2016-09-29,79.0200,80.2800,78.0900,78.8200,70.4697,495600
2016-09-30,80.0500,80.3800,77.3500,77.4300,69.2270,554200
2016-10-03,77.0000,77.8200,74.9200,75.4900,67.4925,541500
2016-10-04,73.2000,73.2000,68.1000,68.6400,61.3682,1593800
2016-10-05,69.3700,69.6400,67.2400,68.8700,61.5738,938300
2016-10-06,67.0000,68.0800,64.7900,65.5900,58.6413,1210700
2016-10-07,66.8500,68.0000,64.6700,66.1200,59.1152,967100
2016-10-10,67.9300,67.9300,66.3900,66.6300,59.5711,627100
2016-10-11,66.0000,67.1800,65.0300,65.0900,58.1943,667700
2016-10-12,65.2700,67.0800,65.2100,66.2700,59.2493,564900
2016-10-13,65.9400,69.0000,65.8800,66.9900,59.8930,743800
2016-10-14,66.2200,67.6200,65.3600,65.9600,58.9721,485500
2016-10-17,66.0300,67.7200,66.0300,66.9000,59.8125,600300
2016-10-18,67.8700,69.0000,66.8200,68.8700,61.5738,462600
2016-10-19,69.8900,71.0400,69.1600,69.7900,62.3964,822900
2016-10-20,69.6900,70.2500,68.6600,69.9700,62.5573,492800
2016-10-21,70.1300,70.1700,68.1100,68.3500,61.1089,559000
2016-10-24,68.6100,68.8600,65.7800,67.2000,60.0807,620200
2016-10-25,67.7600,70.1500,67.5600,69.2600,61.9225,599500
2016-10-26,69.2000,69.9200,67.6600,68.1400,60.9212,516300
2016-10-27,68.5300,68.7700,66.2500,66.5800,59.5264,455200
2016-10-28,66.3200,67.3600,64.8500,66.0600,59.0615,572600
2016-10-31,66.1700,69.0700,65.7500,68.8200,61.5291,524500
2016-11-01,70.3200,71.5700,69.5900,69.6700,62.2891,657900
2016-11-02,71.4700,71.9300,68.9500,69.0900,61.7705,864300
2016-11-03,70.0000,75.7100,68.2600,74.4000,66.5180,1188100
2016-11-04,74.7000,76.3300,73.8300,75.8200,67.7875,934700
2016-11-07,74.8500,76.6300,74.1100,75.4600,67.4657,754700
2016-11-08,75.7700,77.2300,73.6600,74.9200,66.9829,551400
2016-11-09,79.3300,79.5000,75.0900,76.4700,68.3687,927700
2016-11-10,76.2100,76.8800,71.4200,72.1200,64.4795,1252800
2016-11-11,72.1300,72.6600,65.0200,65.4800,58.5430,1381700
2016-11-14,66.2500,67.0800,61.4100,66.3800,59.3476,1350200
2016-11-15,66.3100,69.6500,65.6700,69.2600,61.9225,1039600
2016-11-16,69.2600,69.9100,67.2900,69.4800,62.1192,509600
2016-11-17,69.7700,70.8200,67.0000,68.1600,60.9390,675900
2016-11-18,67.5500,68.8400,67.2400,68.1100,60.8943,553600
2016-11-21,68.4300,70.0800,68.4300,69.7000,62.3159,621900
2016-11-22,70.1100,70.7800,68.5100,70.5000,63.0311,514400
2016-11-23,67.9400,68.3100,66.5400,67.7200,60.5457,738300
2016-11-25,67.9700,68.9900,67.4900,67.9400,60.7424,265800
2016-11-28,68.5900,71.0900,68.0500,70.9100,63.3977,629500
2016-11-29,69.7200,72.3000,69.5300,71.6100,64.0236,616700
2016-11-30,71.1500,71.5000,68.8600,69.6400,62.2623,615500
2016-12-01,69.2300,69.8800,67.5500,68.5300,61.2699,766000
2016-12-02,68.9700,71.1800,68.9700,70.7200,63.2279,664200
2016-12-05,70.1500,71.7400,69.1500,70.9600,63.4424,848200
2016-12-06,70.9000,72.3000,68.7100,69.7300,62.3427,746300
2016-12-07,70.6300,71.0600,68.4600,69.3900,62.0387,689900
2016-12-08,69.1400,69.6200,68.1000,69.1800,61.8510,522200
2016-12-09,68.8500,69.1600,66.3100,67.0200,59.9198,707700
2016-12-12,67.1700,68.8300,67.1300,67.4700,60.3222,683200
2016-12-13,67.4500,69.5000,67.2500,69.2900,61.9493,494800
2016-12-14,69.8100,70.5000,66.4100,66.4900,59.4460,935400
2016-12-15,64.5500,64.6600,62.0300,62.4700,55.8519,1473400
2016-12-16,62.5000,63.5400,61.2600,61.3900,54.8863,3487700
2016-12-19,61.5000,62.4000,61.0500,62.0000,55.4316,771000
2016-12-20,61.0000,61.9700,60.2100,61.9300,55.3691,801100
2016-12-21,62.0000,63.2800,61.8400,62.5900,55.9591,591600
2016-12-22,62.2800,63.1300,61.6900,61.8800,55.3244,455700
2016-12-23,62.1900,62.5100,61.3700,62.2900,55.6909,599100
2016-12-27,63.0000,63.9600,62.5900,63.4500,56.7280,472800
2016-12-28,63.4300,63.9800,62.7300,63.8500,57.0856,559600
2016-12-29,64.9900,67.0400,64.3500,66.7000,59.6337,941900
2016-12-30,67.3100,68.4000,63.2100,63.3500,56.6386,1062600
2017-01-03,63.6400,65.2600,63.5500,64.6300,57.7830,843600
2017-01-04,65.1300,65.3600,63.7100,64.9600,58.2945,763300
2017-01-05,66.1600,67.6200,65.3500,67.1500,60.2598,963600
2017-01-06,66.1600,66.8700,64.7500,65.5100,58.7881,599900
2017-01-09,66.5000,67.3200,65.4300,65.8500,59.0932,523300
2017-01-10,65.9700,67.7400,65.8500,66.9900,60.1162,514300
2017-01-11,65.8300,67.7700,65.1300,66.6700,59.8291,452300
2017-01-12,67.8100,68.2900,65.7700,66.5700,59.7393,528700
2017-01-13,66.3600,67.6100,65.5100,67.1800,60.2867,438700
2017-01-17,69.0000,69.6400,68.2400,68.3800,61.3636,555100
2017-01-18,68.5800,69.2200,67.3700,68.1200,61.1303,492900
2017-01-19,67.4300,68.7800,67.2100,68.1700,61.1752,438300
2017-01-20,68.3500,69.7800,67.6200,68.7800,61.7226,533200
2017-01-23,69.4400,70.4800,68.7900,70.3100,63.0956,847300
2017-01-24,70.2400,72.4700,70.2100,71.6900,64.3340,625400
2017-01-25,70.8000,72.0600,70.1000,71.6200,64.2711,577600
2017-01-26,70.3000,70.8300,69.2600,69.5800,62.4405,484100
2017-01-27,69.4400,70.6700,69.3300,70.4800,63.2481,329300
2017-01-30,71.0000,71.9800,69.4700,69.7000,62.5481,469400
2017-01-31,71.2700,72.2500,70.5500,72.1700,64.7647,524800
2017-02-01,71.6800,71.9100,70.4600,71.4400,64.1096,511600
2017-02-02,71.7500,73.1600,70.4000,70.8300,63.5622,857300
2017-02-03,70.7600,70.8700,69.6600,69.9400,62.7635,726800
2017-02-06,70.7700,71.7100,69.8000,71.6000,64.2532,770800
2017-02-07,71.1200,71.8900,70.6200,70.9200,63.6430,461200
2017-02-08,71.5000,71.6000,70.5000,71.3600,64.0378,590500
2017-02-09,71.5000,71.7500,69.7500,70.0400,62.8533,502800
2017-02-10,69.7100,71.8300,69.5100,71.5300,64.1904,485500
2017-02-13,70.8900,72.0300,70.8700,71.4500,64.1186,336800
2017-02-14,71.6000,72.0000,70.8800,71.2800,63.9660,446100
2017-02-15,70.9100,71.4100,70.0500,71.1500,63.8494,573400
2017-02-16,71.2900,71.8600,70.8500,71.2900,63.9750,696300
2017-02-17,71.2400,71.2600,69.7600,69.9500,62.7725,781900
2017-02-21,69.3400,71.0800,68.8200,71.0100,63.7238,534000
2017-02-22,70.5500,70.7800,67.9600,68.8300,61.7674,693900
2017-02-23,69.9400,70.0900,68.7600,68.8200,61.7585,818400
2017-02-24,69.4400,69.6900,68.1000,68.3300,61.3187,496600
2017-02-27,68.2000,69.9700,65.9600,66.2600,59.4611,735100
2017-02-28,66.9900,67.4200,65.5500,66.0500,59.2727,687800
2017-03-01,65.3200,67.1700,65.0000,66.8900,60.0265,624900
2017-03-02,66.0400,66.5500,64.4700,64.5800,57.9535,683000
2017-03-03,64.2900,65.9100,64.1200,65.4300,58.7163,718200
2017-03-06,65.1000,65.1000,63.1300,63.3900,56.8856,450300
2017-03-07,62.7600,63.3100,61.6200,62.2000,55.8177,854700
2017-03-08,61.2200,63.1900,61.0000,62.1800,55.7998,850700
2017-03-09,62.0100,62.8100,61.1900,61.4500,55.1447,452800
2017-03-10,61.4500,63.0700,61.3300,62.9500,56.4908,467400
2017-03-13,63.0300,63.5300,62.4700,63.0300,56.5626,373700
2017-03-14,63.0000,63.5700,61.5800,61.7800,55.4408,462600
2017-03-15,62.2900,65.2300,61.7500,65.0500,58.3753,659500
2017-03-16,66.1100,66.1800,64.5700,64.8000,58.1510,453500
2017-03-17,65.0200,65.7900,64.3600,64.8400,58.1868,1365700
2017-03-20,64.9000,65.4700,64.2100,65.1900,58.5009,594900
2017-03-21,65.3600,67.0900,65.1900,66.7200,59.8739,854400
2017-03-22,67.0500,68.2700,66.6900,67.4800,60.5560,782400
2017-03-23,67.6400,67.8900,65.8800,67.1500,60.2598,758900
2017-03-24,66.9000,68.0800,66.8100,67.2300,60.3316,438000
2017-03-27,68.1800,69.0500,67.7800,68.8600,61.7944,582100
2017-03-28,68.9600,69.4500,67.6900,68.3400,61.3277,617000
2017-03-29,68.1300,69.5800,68.0800,69.3000,62.1892,506700
2017-03-30,68.9000,69.5500,68.3900,69.2300,62.1264,514100
2017-03-31,69.0700,70.7000,69.0700,70.0500,62.8622,607300
2017-04-03,70.2000,70.4700,69.5600,70.2500,63.0417,532000
2017-04-04,70.7600,71.4800,70.2300,71.4500,64.1186,537600
2017-04-05,71.0400,71.1300,69.5800,70.4100,63.3983,521700
2017-04-06,70.2200,71.8100,70.0100,71.4700,64.3527,418200
2017-04-07,72.1700,73.1500,71.6900,72.0700,64.8930,559500
2017-04-10,71.9500,72.3400,71.0800,72.1900,65.0010,442600
2017-04-11,72.7100,74.9600,72.2200,74.7300,67.2881,731000
2017-04-12,74.6100,74.7400,73.6900,74.6100,67.1800,420800
2017-04-13,75.0000,75.6800,73.9300,74.5300,67.1080,639800
2017-04-17,74.5300,75.3300,74.4000,74.8100,67.3601,345000
2017-04-18,74.7000,75.4800,73.8900,75.2800,67.7833,656300
2017-04-19,74.5100,74.6400,72.7700,73.2600,65.9645,714000
2017-04-20,73.3100,73.3900,72.1100,72.6800,65.4422,664700
2017-04-21,72.7500,72.8000,71.8700,72.4000,65.1901,567000
2017-04-24,71.4100,72.8700,70.4300,72.4400,65.2261,626400
2017-04-25,72.4300,73.5000,69.7100,70.3900,63.3802,888600
2017-04-26,70.0200,70.5400,68.8500,70.3000,63.2992,817500
2017-04-27,70.0200,70.0200,68.6300,69.4100,62.4979,679100
2017-04-28,69.4400,70.8100,69.3000,70.6800,63.6414,655000
2017-05-01,70.4000,70.7900,68.5200,69.1000,62.2187,579100
2017-05-02,68.8300,70.0300,68.7000,69.5800,62.6509,498000
2017-05-03,69.3400,70.4200,68.5800,68.8400,61.9846,614000
2017-05-04,68.0000,68.1900,67.1000,67.8500,61.0932,632800
2017-05-05,68.1700,70.4900,68.1000,69.9100,62.9481,516000
2017-05-08,69.7800,70.2500,69.2400,70.1400,63.1552,520100
2017-05-09,69.6200,70.6800,69.0900,70.3400,63.3352,450100
2017-05-10,71.1300,71.1300,70.1200,70.4900,63.4703,613500
2017-05-11,70.8000,75.3900,70.1700,75.2900,67.7923,988000
2017-05-12,75.8800,77.8000,75.6100,77.0600,69.3860,871900
2017-05-15,78.5000,78.5600,76.7100,77.5700,69.8453,619000
2017-05-16,77.9100,78.9200,77.6300,78.5500,70.7277,476100
2017-05-17,80.0000,80.8800,79.5200,79.9500,71.9882,737500
2017-05-18,79.1600,79.2700,77.1800,78.0800,70.3045,644900
2017-05-19,78.8400,79.3600,78.1900,78.8000,70.9528,619700
2017-05-22,79.1700,80.2800,79.1700,79.8200,71.8712,424600
2017-05-23,80.1000,80.3800,78.4300,79.1700,71.2859,524700
2017-05-24,79.0300,79.8600,78.2200,79.7000,71.7631,502300
2017-05-25,79.3600,80.2500,78.9200,79.9700,72.0062,389400
2017-05-26,80.7200,81.1000,80.0800,80.7500,72.7085,344900
2017-05-30,80.1500,81.2600,80.1500,80.3000,72.3034,461500
2017-05-31,80.5500,81.2900,79.9200,80.4200,72.4114,503500
2017-06-01,80.0600,80.3100,79.0300,79.8600,71.9072,538300
2017-06-02,80.6700,81.1000,79.4200,79.8000,71.8532,381300
2017-06-05,79.8100,79.9500,78.4500,79.2000,71.3129,319700
2017-06-06,79.9300,80.5600,79.2500,80.3800,72.3754,546100
2017-06-07,80.1000,80.4400,78.6800,79.1100,71.2319,624100
2017-06-08,78.6900,79.7800,78.0100,79.6300,71.7001,602200
2017-06-09,78.9500,79.2000,77.5600,77.7400,69.9983,454500
2017-06-12,77.4500,78.0100,76.7400,77.0100,69.3410,504700
2017-06-13,76.8700,78.2600,76.2800,78.1700,70.3855,559500
2017-06-14,79.1600,79.1800,75.9200,76.1100,68.5306,748500
2017-06-15,75.2300,76.9400,75.2100,75.4500,67.9364,639700
2017-06-16,75.2400,75.9500,74.7700,75.0300,67.5582,956800
2017-06-19,74.6000,76.1100,74.3500,75.3400,67.8373,399400
2017-06-20,75.2000,75.5900,74.8000,75.0200,67.5492,283000
2017-06-21,75.0200,76.3700,74.8800,76.3100,68.7107,310600
2017-06-22,76.8700,77.7300,76.6400,77.1500,69.4671,335300
2017-06-23,77.7500,78.5000,77.5200,77.8200,70.0703,882200
2017-06-26,77.1400,78.1600,76.6700,77.8800,70.1244,298100
2017-06-27,78.2400,78.6000,77.7300,77.9200,70.1604,574200
2017-06-28,78.3300,79.5100,78.0100,79.0500,71.1779,511400
2017-06-29,78.3900,78.5800,76.8200,76.8500,69.1969,555700
2017-06-30,78.8000,78.9000,77.0300,78.1700,70.3855,535200
2017-07-03,77.0500,78.2100,76.7800,77.1100,69.4311,300800
2017-07-05,77.1200,78.0500,76.5700,77.6400,70.1265,573800
2017-07-06,77.6100,78.0000,77.1600,77.3300,69.8466,371000
2017-07-07,77.1500,77.3500,76.5300,77.0600,69.6027,584000
2017-07-10,76.5500,78.7800,76.1500,78.2500,70.6775,778100
2017-07-11,78.3200,79.3800,77.5900,79.2900,71.6169,371600
2017-07-12,79.5900,80.3800,78.9900,79.1700,71.5085,582500
2017-07-13,79.1700,79.4700,77.6900,78.3900,70.8040,460500
2017-07-14,79.1600,81.3100,79.1600,80.8900,73.0620,720600
2017-07-17,81.5200,82.6400,81.2000,81.5900,73.6943,717400
2017-07-18,81.6900,83.3700,81.2600,82.6700,74.6698,540600
2017-07-19,82.6100,83.1800,81.8500,82.7400,74.7330,464900
2017-07-20,82.7300,83.8900,82.2700,83.4600,75.3833,608600
2017-07-21,83.9100,84.3800,83.4100,83.9700,75.8440,744800
2017-07-24,84.0000,84.8700,83.7000,84.4700,76.2956,507000
2017-07-25,84.5700,85.3500,83.7700,84.2700,76.1149,944800
2017-07-26,84.2100,86.5900,83.6200,86.1600,77.8221,605500
2017-07-27,86.6500,86.8400,85.0100,85.6200,77.3343,557700
2017-07-28,85.8000,87.2300,85.7200,86.6100,78.2285,471100
2017-07-31,86.7900,87.2400,85.9000,86.6600,78.2737,358100
2017-08-01,84.2800,87.8800,84.2800,87.2400,78.7975,542200
2017-08-02,87.0400,87.9000,86.5100,86.7000,78.3098,490600
2017-08-03,86.5700,87.2700,86.0900,86.7100,78.3188,364900
2017-08-04,86.1300,86.1300,84.9100,85.2700,77.0182,488600
2017-08-07,85.0500,85.6600,84.4900,84.9500,76.7291,433000
2017-08-08,84.9700,85.3000,83.4200,84.5300,76.3498,582000
2017-08-09,85.6000,87.2000,84.4500,84.9400,76.7201,472900
2017-08-10,85.7900,88.0300,85.3300,86.7400,78.3459,951900
2017-08-11,86.6600,87.2600,85.9700,87.2300,78.7885,472500
2017-08-14,86.7500,86.9300,86.0300,86.3800,78.0207,508000
2017-08-15,85.8000,85.9400,85.1900,85.7800,77.4788,363800
2017-08-16,85.6300,87.6100,85.4700,87.3400,78.8878,543600
2017-08-17,87.8500,87.9000,86.8900,87.0100,78.5898,388600
2017-08-18,87.6700,87.9600,86.1000,86.2500,77.9033,532200
2017-08-21,86.5200,87.1500,86.3600,86.9900,78.5717,663700
2017-08-22,86.8900,87.0900,86.3700,86.7700,78.3730,319700
2017-08-23,86.8900,87.5400,86.3100,87.4200,78.9601,284600
2017-08-24,87.1900,88.5000,86.5800,88.0000,79.4840,547600
2017-08-25,88.3000,89.2900,87.4600,88.7400,80.1524,367300
2017-08-28,89.5400,92.1300,89.2800,92.1100,83.1962,788500
2017-08-29,93.5100,93.9300,91.0700,92.4800,83.5304,547400
2017-08-30,91.9700,92.0000,90.8900,90.9200,82.1214,432000
2017-08-31,91.2800,94.1100,90.9300,93.2800,84.2530,639000
2017-09-01,93.5700,93.7900,92.0900,92.8600,83.8737,392400
2017-09-05,93.3700,94.2900,92.8700,94.2400,85.1201,481500
2017-09-06,94.3700,94.3900,91.7800,92.2500,83.3227,440100
2017-09-07,93.1800,93.5600,92.4300,92.9800,83.9820,545600
2017-09-08,93.0000,93.1900,91.9700,92.8500,83.8646,321300
2017-09-11,92.0100,92.8100,91.2100,91.6400,82.7717,662800
2017-09-12,91.7000,92.9200,90.9500,92.6400,83.6749,313600
2017-09-13,92.2100,92.3800,90.4100,90.4900,81.7330,531300
2017-09-14,90.1800,90.3300,89.0000,90.1900,81.4620,477800
2017-09-15,90.1800,90.2200,88.7100,89.7000,81.0195,711000
2017-09-18,89.0000,90.7100,88.7300,90.4700,81.7149,547700
2017-09-19,90.5000,91.7100,90.1600,91.4800,82.6272,472200
2017-09-20,91.7600,93.1600,89.6000,90.3100,81.5704,677900
2017-09-21,89.3800,90.7500,89.1300,89.4300,80.7756,474000
2017-09-22,89.8900,90.1000,89.3100,89.6600,80.9833,417800
2017-09-25,89.3300,89.8600,88.7300,89.4100,80.7575,420100
2017-09-26,88.9100,89.3900,87.9100,87.9300,79.4207,337200
2017-09-27,87.2400,88.1200,86.4000,86.4700,78.1020,435900
2017-09-28,86.4000,86.8400,86.0200,86.4600,78.0930,369700
2017-09-29,86.8800,86.9300,86.0300,86.0400,77.7136,422100
2017-10-02,85.8800,86.5300,85.3200,86.1600,77.8221,382900
2017-10-03,86.0800,86.7000,85.8300,86.1400,77.8040,489400
2017-10-04,86.2600,86.6200,85.8800,86.5900,78.2104,386500
2017-10-05,86.5000,86.8500,85.9400,86.4000,78.2557,558900
2017-10-06,86.4000,87.8600,85.4600,87.8500,79.5690,419400
2017-10-09,87.9600,89.6600,87.9600,89.0300,80.6378,525400
2017-10-10,89.4200,89.8800,88.6100,88.8700,80.4929,485500
2017-10-11,89.1300,89.3200,87.1500,88.3500,80.0219,524900
2017-10-12,88.3000,89.0000,88.0500,88.8100,80.4385,417700
2017-10-13,89.4500,89.6600,87.9700,88.2200,79.9042,324500
2017-10-16,88.6800,88.6900,87.3100,87.6000,79.3426,439500
2017-10-17,87.1400,88.3500,87.1000,87.5900,79.3336,303800
2017-10-18,87.3300,87.8300,87.1100,87.5100,79.2611,241200
2017-10-19,87.4600,87.8400,87.2500,87.7100,79.4423,292700
2017-10-20,87.7000,88.0200,86.3500,86.7400,78.5637,352300
2017-10-23,86.4100,86.8300,85.7600,86.3400,78.2014,422500
2017-10-24,86.1700,86.7600,86.0900,86.3900,78.2467,331900
2017-10-25,86.5200,86.6700,86.1000,86.4800,78.3282,377300
2017-10-26,86.6000,86.9700,83.9300,84.0800,76.1544,601800
2017-10-27,83.8700,85.5300,83.5000,84.7700,76.7794,448100
2017-10-30,84.6600,85.6100,84.3900,84.9700,76.9605,398400
2017-10-31,84.8600,84.8600,83.6000,84.1100,76.1816,374400
2017-11-01,84.5000,84.6900,83.3100,83.3500,75.4932,500400
2017-11-02,83.5900,86.9900,83.4000,86.6300,78.4640,657700
2017-11-03,86.8800,86.8800,85.0500,86.0000,77.8934,435600
2017-11-06,86.0100,89.0700,86.0100,88.8000,80.4295,491500
2017-11-07,88.6000,89.4600,88.1300,89.0500,80.6559,352700
2017-11-08,89.4900,90.1300,88.8400,89.2100,80.8009,562200
2017-11-09,89.3900,89.9400,86.9300,87.5900,79.3336,515400
2017-11-10,88.0000,88.1400,85.4900,85.6100,77.5402,492900
2017-11-13,85.6100,86.7900,85.5000,86.3900,78.2467,320800
2017-11-14,86.1400,86.7600,85.7500,85.9600,77.8572,405600
2017-11-15,86.1000,86.1700,84.9500,85.1300,77.1054,367900
2017-11-16,85.2900,86.3100,85.2000,85.6600,77.5855,333900
2017-11-17,85.7600,86.0600,84.5600,85.3800,77.3319,422000
2017-11-20,85.1100,85.9300,84.8600,85.3500,77.3047,236400
2017-11-21,85.8500,87.1000,85.8100,86.9200,78.7267,391200
2017-11-22,87.2200,87.4500,86.6700,87.2400,79.0165,223300
2017-11-24,87.2500,87.8200,86.7100,86.8100,78.6271,126700
2017-11-27,87.3300,87.7200,86.0100,86.3800,78.2376,273600
2017-11-28,86.5500,86.9900,85.0900,85.1200,77.0964,355100
2017-11-29,84.7600,85.1300,81.8700,82.0000,74.2705,656500
2017-11-30,81.5300,82.8200,81.4600,82.7200,74.9226,504500
2017-12-01,82.5900,83.8000,82.0700,82.8600,75.0494,448200
2017-12-04,82.5700,83.3900,81.9500,82.0800,74.3429,351200
2017-12-05,81.2700,82.2900,81.0200,81.6700,73.9716,408100
2017-12-06,81.4000,82.1400,80.7600,81.4300,73.7542,357300
2017-12-07,80.8800,82.4400,80.7100,81.7900,74.0803,534600
2017-12-08,82.2300,83.5900,82.2200,83.1500,75.3121,425200
2017-12-11,83.1400,84.9700,83.1100,83.6100,75.7287,400600
2017-12-12,83.4900,83.6300,81.5000,83.4300,75.5657,588200
2017-12-13,83.5200,85.4000,83.0200,84.6600,76.6797,427100
2017-12-14,84.4700,85.0000,83.7000,84.6400,76.6616,395700
2017-12-15,85.0900,85.4000,83.7800,84.0700,76.1454,1265500
2017-12-18,84.6100,84.8400,83.8900,84.5200,76.5529,379300
2017-12-19,84.2400,84.5700,83.0400,84.4700,76.5076,559500
2017-12-20,84.9000,86.3100,84.3500,85.8500,77.7576,660600
2017-12-21,85.6200,86.6600,85.4600,85.8800,77.7847,271600
2017-12-22,85.9000,86.6100,85.8200,86.5600,78.4006,251800
2017-12-26,86.6100,88.1000,86.6100,87.6500,79.3879,280200
2017-12-27,87.7100,88.0200,86.6800,86.7300,78.5546,481300
2017-12-28,84.4100,84.8100,78.2500,82.0500,74.3158,2661400
2017-12-29,82.0000,82.6300,80.7200,82.1200,74.3792,821900
2018-01-02,82.6700,84.0000,82.6700,83.9200,76.0095,904100
2018-01-03,84.0700,84.0700,81.6700,83.5400,75.6653,755800
2018-01-04,83.2800,84.0200,82.2800,83.9700,76.2831,663600
2018-01-05,83.8200,84.0200,82.8000,83.1700,75.5563,556100
2018-01-08,83.0000,83.3900,82.1400,83.2800,75.6562,555200
2018-01-09,82.8400,84.6600,82.4900,83.8700,76.1922,565800
2018-01-10,84.4700,84.8600,83.7600,83.9600,76.2740,343500
2018-01-11,84.0500,85.2900,84.0500,84.7200,76.9644,288300
2018-01-12,84.9500,85.6700,84.1800,85.5600,77.7275,297000
2018-01-16,85.2200,85.8500,84.3600,85.3600,77.5458,554500
2018-01-17,85.1800,87.7300,84.5800,86.3600,78.4543,614900
2018-01-18,86.1900,86.8300,85.4500,85.7700,77.9183,450100
2018-01-19,86.3800,88.1900,86.2100,87.1400,79.1628,543500
2018-01-22,87.0600,87.4200,85.4200,87.1100,79.1356,477800
2018-01-23,86.9300,88.8000,86.1300,88.5000,80.3983,537800
2018-01-24,89.9900,90.3700,89.0100,89.5400,81.3431,501900
2018-01-25,89.9000,90.5100,87.1600,87.9300,79.8805,537600
2018-01-26,88.2900,88.7200,87.6200,88.5400,80.4347,359400
2018-01-29,87.8200,88.7900,86.8700,87.1000,79.1265,760300
2018-01-30,87.1800,88.5000,87.1800,88.0900,80.0259,538500
2018-01-31,88.1500,89.1700,87.3200,89.0000,80.8526,839200
2018-02-01,88.5000,89.6000,87.5400,89.0100,80.8617,636300
2018-02-02,88.2000,88.5000,86.6200,87.2400,79.2537,842000
2018-02-05,86.9900,87.9400,84.2000,84.8400,77.0734,1129600
2018-02-06,84.1300,84.3400,81.4100,81.9700,74.4661,1077300
2018-02-07,81.5300,82.9800,80.4000,80.6900,73.3033,834500
2018-02-08,83.2400,86.4600,81.6000,82.1300,74.6115,1389400
2018-02-09,82.6700,83.1600,78.7800,80.9600,73.5486,956500
2018-02-12,81.2200,83.9300,81.0000,83.2500,75.6290,787700
2018-02-13,83.1300,83.1300,81.8400,82.7400,75.1657,452200
2018-02-14,82.7200,86.0800,82.5400,85.0800,77.2914,682600
2018-02-15,85.3000,86.3500,84.2000,85.5900,77.7547,573300
2018-02-16,85.2100,85.9300,84.0600,84.9900,77.2096,594100
2018-02-20,84.0000,84.4800,81.4900,81.7900,74.3026,970000
2018-02-21,82.1500,84.6200,82.1500,82.3400,74.8022,540600
2018-02-22,82.5600,83.7400,82.3000,82.4800,74.9294,296600
2018-02-23,82.7200,83.5600,82.1600,83.4500,75.8106,287900
2018-02-26,84.0000,84.7900,83.3600,83.9200,76.2376,317300
2018-02-27,83.6200,83.9900,81.2700,81.3100,73.8666,571400
2018-02-28,81.3400,82.5000,80.7300,80.7700,73.3760,517200
2018-03-01,80.4500,81.7800,79.6700,81.2200,73.7848,546300
2018-03-02,81.6000,82.2500,80.8600,81.2000,73.7666,308600
2018-03-05,80.9700,81.8800,80.2900,81.7300,74.2481,340700
2018-03-06,82.4600,84.4200,82.4000,83.5600,75.9106,564100
2018-03-07,83.4200,83.6500,81.7100,81.9100,74.4116,388700
2018-03-08,82.0400,82.2800,80.8200,82.0200,74.5116,295500
2018-03-09,81.7800,82.4800,80.9800,81.9800,74.4752,252800
2018-03-12,81.7100,83.1600,81.2000,82.7500,75.1747,376900
2018-03-13,82.8200,84.2500,82.4900,83.4500,75.8106,407600
2018-03-14,83.9000,83.9000,83.1000,83.6900,76.0287,356900
2018-03-15,84.2000,84.4000,82.5400,83.7900,76.1195,463700
2018-03-16,83.7600,84.2000,82.9800,83.8000,76.1286,1739000
2018-03-19,83.8900,84.1100,83.0500,83.7700,76.1013,675300
2018-03-20,83.5300,83.6000,82.3100,83.1700,75.5563,321400
2018-03-21,83.4000,84.9400,83.0000,84.5200,76.7827,416100
2018-03-22,83.7600,85.0000,83.7600,84.1600,76.4557,360600
2018-03-23,85.0000,86.0400,84.6000,85.1300,77.3369,471000
2018-03-26,85.8300,86.3400,85.4400,85.8900,78.0273,356600
2018-03-27,85.5900,85.8600,84.0500,84.3400,76.6192,584500
2018-03-28,84.2300,84.2300,82.4500,83.2200,75.6017,488300
2018-03-29,83.6400,86.0600,83.2200,85.8700,78.0091,546400
2018-04-02,85.9400,87.5200,85.7800,86.8300,78.8813,357600
2018-04-03,86.9100,86.9100,85.3200,85.4800,77.6548,479900
2018-04-04,86.3400,86.7100,85.5600,86.5000,78.5814,373600
2018-04-05,85.5300,86.7700,85.5300,86.1000,78.4448,352000
2018-04-06,86.2200,86.6900,85.6700,86.1800,78.5176,257700
2018-04-09,86.1700,86.5000,85.1500,85.5200,77.9164,450200
2018-04-10,86.3900,88.0000,86.2100,87.4200,79.6474,600600
2018-04-11,88.2800,90.2500,87.6500,88.5300,80.6587,595900
2018-04-12,88.1600,88.6000,87.2400,87.5600,79.7750,420400
2018-04-13,88.4600,89.4900,87.7900,88.7900,80.8956,354900
2018-04-16,89.2500,89.8600,88.7200,89.4600,81.5060,416400
2018-04-17,89.0900,89.8500,88.4200,89.4000,81.4514,640100
2018-04-18,89.9000,90.7400,88.8300,89.1100,81.1872,499100
2018-04-19,89.1100,90.0700,88.4700,89.6700,81.6974,499800
2018-04-20,89.4200,89.5200,88.3000,89.4600,81.5060,607900
2018-04-23,88.9100,89.1200,87.8300,87.9200,80.1030,538600
2018-04-24,88.1700,88.6700,87.6200,88.6000,80.7225,287600
2018-04-25,87.7800,89.5700,87.3600,88.9800,81.0687,439200
2018-04-26,89.0300,89.6700,88.8100,89.3600,81.4149,361100
2018-04-27,89.3100,89.8300,88.8300,89.7000,81.7247,284800
2018-04-30,89.1800,89.5600,88.5700,88.8000,80.9047,300200
2018-05-01,88.1600,89.1500,87.0300,88.8400,80.9411,408800
2018-05-02,89.0900,89.5700,88.1600,88.1900,80.3490,544200
2018-05-03,88.1900,89.8700,86.5000,87.9700,80.1485,733300
2018-05-04,88.1300,89.1000,87.7600,88.6300,80.7498,374900
2018-05-07,88.5000,89.6900,88.5000,89.0200,81.1052,544200
2018-05-08,88.8000,89.0500,87.0700,88.3900,80.5312,526300
2018-05-09,88.5300,88.6400,87.2600,88.4800,80.6132,467700
2018-05-10,88.7600,90.3700,88.7600,89.9900,81.9889,294200
2018-05-11,90.2800,90.5600,89.5500,90.4200,82.3807,315600
2018-05-14,90.7100,91.2100,88.4200,89.0200,81.1052,720900
2018-05-15,88.1200,89.0000,87.7400,88.5400,80.6678,364100
2018-05-16,88.5200,88.8700,87.6700,88.2500,80.4036,309500
2018-05-17,88.2900,88.7000,88.0200,88.2900,80.4401,214800
2018-05-18,88.0100,88.9300,87.5000,88.5800,80.7043,369400
2018-05-21,88.5400,88.9200,87.2200,88.5400,80.6678,304700
2018-05-22,88.6600,88.9700,87.7700,87.8700,80.0574,370900
2018-05-23,87.5000,88.6100,87.4400,88.3200,80.4674,279700
2018-05-24,88.5700,90.0200,88.3000,89.9500,81.9525,518100
2018-05-25,89.7700,89.8300,88.2300,88.4900,80.6223,361700
2018-05-29,87.8000,89.1700,87.8000,88.6300,80.7498,250500
2018-05-30,88.8800,89.9800,88.8800,89.6500,81.6792,321800
2018-05-31,89.6700,89.9400,89.2900,89.6600,81.6883,361700
2018-06-01,89.6500,90.8600,88.6600,89.8700,81.8796,402500
2018-06-04,90.0000,90.1300,89.0100,89.2200,81.2874,383200
2018-06-05,89.4400,90.9800,89.2600,90.5200,82.4718,293100
2018-06-06,90.6700,92.5900,90.6700,92.4400,84.2211,671100
2018-06-07,92.6900,92.8100,90.0300,91.0300,82.9364,448400
2018-06-08,90.7800,91.5500,90.6300,91.2000,83.0913,383100
2018-06-11,91.1900,91.5500,90.4900,91.3500,83.2280,329500
2018-06-12,91.0700,92.4400,90.9000,92.3500,84.1391,441600
2018-06-13,92.5200,92.8900,90.3700,91.7400,83.5833,520600
2018-06-14,92.2300,93.3600,91.8300,93.3000,85.0046,481200
2018-06-15,92.5500,93.0000,91.4800,92.4400,84.2211,972700
2018-06-18,92.4500,93.5000,91.6700,92.2300,84.0298,474200
2018-06-19,91.6100,92.7400,91.3200,92.1700,83.9751,326600
2018-06-20,92.3200,92.4900,91.5500,91.8600,83.6927,291700
2018-06-21,91.7600,91.7600,89.8700,90.3500,82.3169,413500
2018-06-22,90.8000,93.0000,90.7500,92.7900,84.5400,689700
2018-06-25,92.5400,93.2200,91.3900,91.6600,83.5104,417200
2018-06-26,91.5100,92.5400,91.0100,92.0300,83.8475,323100
2018-06-27,92.0300,92.8400,91.4000,91.7400,83.5833,283400
2018-06-28,91.8000,92.1400,90.9800,91.3600,83.2371,431500
2018-06-29,91.5000,93.1600,91.0400,92.8400,84.5855,351800
2018-07-02,92.6800,93.1500,91.7400,92.5300,84.3031,312300
2018-07-03,93.0800,96.5300,92.9300,95.7800,87.2641,458200
2018-07-05,98.0100,98.5300,94.7000,95.2900,87.0449,1024500
2018-07-06,94.9200,95.0800,92.2100,92.5400,84.5328,815400
2018-07-09,92.7100,93.1800,91.3500,91.6300,83.7016,702500
2018-07-10,91.6700,92.2500,90.8100,92.0100,84.0487,288300
2018-07-11,91.9500,92.4500,90.9300,91.5400,83.6194,489100
2018-07-12,91.8700,92.4000,91.6500,91.8300,83.8843,393700
2018-07-13,91.4800,91.6100,90.4600,90.7800,82.9251,252100
2018-07-16,90.9500,91.7200,90.1300,90.6300,82.7881,484400
2018-07-17,90.1000,91.7300,90.0100,91.1800,83.2905,427300
2018-07-18,91.0000,92.1300,90.7600,91.7200,83.7838,331000
2018-07-19,90.8100,93.0100,90.5200,91.8500,83.9025,370200
2018-07-20,91.9400,92.4700,91.2300,91.9100,83.9573,477500
2018-07-23,91.9200,92.0000,90.3500,90.4500,82.6237,377200
2018-07-24,90.3500,91.5000,90.1900,90.6200,82.7790,411300
2018-07-25,90.7200,92.0200,90.6900,91.9200,83.9665,356700
2018-07-26,91.5900,91.5900,88.1800,88.3100,80.6689,783800
2018-07-27,88.0000,88.2300,85.7600,86.0100,78.5679,576000
2018-07-30,85.7100,86.1200,83.6400,84.2500,76.9601,572900
2018-07-31,83.9400,86.0400,83.8400,84.6100,77.2890,474900
2018-08-01,84.5400,84.9900,83.2600,83.7600,76.5125,581600
2018-08-02,83.3500,84.2500,83.0000,83.4900,76.2659,412100
2018-08-03,83.8300,84.8100,83.5500,83.8400,76.5856,364400
2018-08-06,83.6700,85.0900,83.6200,84.4800,77.1702,439100
2018-08-07,84.9500,85.1900,82.8600,83.1800,75.9827,444500
2018-08-08,83.1800,84.0500,82.1500,83.1200,75.9279,479900
2018-08-09,82.8100,84.6100,82.1500,82.8800,75.7087,615600
2018-08-10,82.5100,83.5100,81.8000,82.8400,75.6721,400800
2018-08-13,82.6500,83.2700,81.4600,82.2000,75.0875,699700
2018-08-14,82.4700,83.2500,81.2400,81.5200,74.4664,532100
2018-08-15,80.6900,80.7900,76.8200,77.2400,70.5567,870400
2018-08-16,77.9200,78.8100,76.0200,76.1400,69.5519,810100
2018-08-17,76.1800,79.0000,76.1800,78.0900,71.3331,724100
2018-08-20,78.3600,79.1500,76.9600,77.6500,70.9312,546200
2018-08-21,77.6300,78.0300,76.8000,77.7300,71.0043,415200
2018-08-22,77.8200,78.1600,77.1900,77.8800,71.1413,271800
2018-08-23,77.6600,77.6600,75.5800,75.9500,69.3783,433900
2018-08-24,76.7900,79.6100,76.7700,78.3200,71.5433,601000
2018-08-27,78.4600,78.9000,78.0900,78.6500,71.8447,553600
2018-08-28,79.1300,79.3000,76.5000,77.0900,70.4197,782000
2018-08-29,77.2600,77.8800,76.8700,77.2400,70.5567,304200
2018-08-30,77.0000,77.2900,75.9400,76.4000,69.7894,353600
2018-08-31,76.5000,77.3700,75.6500,76.2600,69.6615,454100
2018-09-04,75.4500,75.5100,74.1500,74.6000,68.1451,632400
2018-09-05,74.3400,75.1500,73.7500,74.1600,67.7432,544200
2018-09-06,74.4200,75.2000,73.7700,74.1700,67.7523,384400
2018-09-07,73.8300,74.7200,72.9700,74.0600,67.6519,530000
2018-09-10,74.0300,74.3800,73.2700,73.4000,67.0490,706600
2018-09-11,72.9100,72.9700,71.9100,72.6100,66.3273,490600
2018-09-12,72.6100,75.4100,72.6100,74.5300,68.0812,621200
2018-09-13,75.1100,75.7300,74.4600,74.7200,68.2547,540800
2018-09-14,74.7100,75.4700,74.1600,74.2300,67.8071,436300
2018-09-17,75.2900,78.2500,74.0700,77.5400,70.8307,1125200
2018-09-18,77.7000,78.2000,76.6300,77.8300,71.0956,668200
2018-09-19,78.0500,79.5200,77.6900,78.6000,71.7990,478700
2018-09-20,78.9200,79.4400,77.0200,78.3400,71.5615,520800
2018-09-21,77.5500,78.0800,76.7100,76.8900,70.2370,1351100
2018-09-24,78.3100,78.7700,77.5000,77.7600,71.0317,626800
2018-09-25,78.1000,79.3800,78.0600,78.2500,71.4793,543400
2018-09-26,78.1100,78.9900,76.5700,76.6600,70.0269,517500
2018-09-27,76.6200,76.7500,74.7900,76.4500,69.8351,731100
2018-09-28,76.6900,77.5400,76.2500,77.0600,70.3923,485600
2018-10-01,77.2300,77.6500,76.4300,76.9100,70.2552,300600
2018-10-02,77.3800,79.2800,77.3800,78.6900,71.8813,508900
2018-10-03,78.9900,79.2000,76.3100,76.4100,69.7985,548900
2018-10-04,76.6100,77.7100,76.1900,76.7700,70.3576,724300
2018-10-05,76.6700,77.5500,75.7200,76.3700,69.9910,564500
2018-10-08,75.5800,76.4300,74.0400,76.2300,69.8627,516300
2018-10-09,75.7000,75.8800,74.2900,74.7000,68.4605,560700
2018-10-10,74.6900,75.2800,73.1700,74.7000,68.4605,551500
2018-10-11,75.5700,79.7600,75.2500,79.0600,72.4563,906700
2018-10-12,78.8000,78.8000,75.5400,77.5500,71.0724,658000
2018-10-15,78.5000,80.1000,78.4200,78.8200,72.2363,507200
2018-10-16,79.4000,79.7400,78.3500,79.1300,72.5204,475400
2018-10-17,79.1400,79.3400,77.8200,78.6100,72.0439,525500
2018-10-18,78.6500,80.2600,78.1800,78.3500,71.8056,502400
2018-10-19,78.7600,78.9800,77.5600,77.8800,71.3748,355100
2018-10-22,77.9400,77.9400,76.4200,77.4500,70.9808,345400
2018-10-23,78.9300,79.6900,78.1100,78.6100,72.0439,519900
2018-10-24,78.5000,79.0900,77.2900,77.9000,71.3932,495800
2018-10-25,77.9500,78.1700,74.8600,75.0600,68.7904,685500
2018-10-26,75.0000,77.9200,75.0000,75.7200,69.3952,595400
2018-10-29,75.8700,77.4700,74.6100,75.4600,69.1570,661900
2018-10-30,75.5900,77.7200,75.2200,77.4800,71.0082,505200
2018-10-31,77.0700,77.2300,75.5200,76.6300,70.2292,531900
2018-11-01,75.5000,77.6500,73.5500,76.6500,70.2476,854000
2018-11-02,75.5100,77.6300,75.0100,76.7600,70.3484,724900
2018-11-05,76.7600,77.5800,75.5400,75.9600,69.6152,455600
2018-11-06,76.0400,76.5000,74.2500,74.4400,68.2222,466300
2018-11-07,74.6500,74.9700,73.3800,73.4300,67.2965,515300
2018-11-08,73.5000,74.6800,73.0900,74.3700,68.1581,504600
2018-11-09,73.7600,74.1900,73.0200,73.6900,67.5348,496000
2018-11-12,73.4700,73.8800,71.3600,71.6300,65.6469,465500
2018-11-13,71.9200,72.3100,70.1600,71.3300,65.3719,330600
2018-11-14,71.2000,73.3200,71.0400,72.5100,66.4534,507100
2018-11-15,72.7400,74.4800,72.3700,74.4300,68.2130,504700
2018-11-16,75.2600,76.5300,74.7400,76.0000,69.6519,686600
2018-11-19,76.0000,76.4500,74.9100,75.1900,68.9095,474000
2018-11-20,75.3900,75.3900,73.3800,74.8900,68.6346,383600
2018-11-21,75.1800,76.2500,74.8900,75.7300,69.4044,229700
2018-11-23,75.2200,75.5400,74.1900,74.3800,68.1672,227400
2018-11-26,74.8000,75.2400,73.4900,73.6800,67.5257,267300
2018-11-27,73.3000,74.0500,71.1300,71.7400,65.7477,428800
2018-11-28,71.8200,73.9700,71.3400,73.8600,67.6906,302400
2018-11-29,74.0700,74.4200,73.3000,73.4000,67.2690,305600
2018-11-30,73.1100,73.8900,72.3100,73.1500,67.0399,373900
2018-12-03,74.0400,75.2700,73.5100,75.1700,68.8912,400700
2018-12-04,75.6000,76.6700,75.3500,75.6200,69.3036,428500
2018-12-06,75.8100,76.6800,74.9600,76.3000,69.9268,424000
2018-12-07,76.6800,79.0000,76.3800,78.4400,71.8881,489800
2018-12-10,78.4300,79.6600,77.8900,78.0600,71.5398,713000
2018-12-11,78.6800,78.7400,77.3100,78.0900,71.5673,406200
2018-12-12,78.8300,79.5500,78.3900,79.2500,72.6304,311200
2018-12-13,79.2500,80.0000,78.8700,79.5600,72.9145,416300
2018-12-14,78.7000,78.7000,75.4300,76.6200,70.2201,660300
2018-12-17,77.0000,79.6400,76.9800,78.9900,72.3921,710100
2018-12-18,79.1600,82.0000,79.1100,80.8600,74.1059,633500
2018-12-19,80.9700,82.6100,76.5000,76.7600,70.3484,688600
2018-12-20,78.9000,82.1400,78.0600,81.9700,75.1232,798500
2018-12-21,82.0000,86.7100,81.3600,82.5400,75.6456,2118200
2018-12-24,83.5100,85.2000,82.9500,83.9000,76.8920,541300
2018-12-26,84.5800,85.5300,82.2100,82.7400,75.8289,692900
2018-12-27,83.7500,84.5700,83.0400,84.5700,77.5060,509200
2018-12-28,84.7800,84.8200,82.5900,83.0600,76.1222,497000
2018-12-31,84.0000,85.6700,83.2300,85.6500,78.4959,570400
2019-01-02,86.0000,86.0000,84.2100,84.6400,77.5702,635200
2019-01-03,85.3000,85.6200,84.5600,84.9100,78.0620,529000
2019-01-04,84.5000,85.1000,83.0700,84.7200,77.8874,524100
2019-01-07,85.2700,85.2700,83.9700,84.3200,77.5196,426300
2019-01-08,83.9500,85.1400,83.2800,84.8800,78.0345,443300
2019-01-09,84.6300,85.2500,84.1600,84.4100,77.6024,503700
2019-01-10,84.4100,84.7600,82.7500,83.3600,76.6371,479000
2019-01-11,83.8400,84.5900,83.1600,84.2100,77.4185,384200
2019-01-14,84.1400,84.5400,83.0400,83.7500,76.9956,462900
2019-01-15,83.8800,84.0100,81.2200,81.3800,74.8167,558200
2019-01-16,81.3700,82.7000,81.3100,82.3500,75.7085,482500
2019-01-17,82.3200,83.4800,82.2200,82.8300,76.1498,498300
2019-01-18,82.5800,82.8200,81.6000,82.3700,75.7269,509200
2019-01-22,82.1200,82.4800,81.5700,81.9200,75.3132,728600
2019-01-23,81.7800,82.2500,80.7200,81.7400,75.1477,596100
2019-01-24,81.4300,81.6200,80.8500,81.0000,74.4674,595400
2019-01-25,82.0000,83.7400,81.7000,83.2000,76.4900,437200
2019-01-28,83.2500,83.6000,82.7200,83.0300,76.3337,266800
2019-01-29,83.9400,85.1700,82.8300,84.8900,78.0436,423700
2019-01-30,84.9100,87.1100,84.2900,85.7500,78.8343,374400
2019-01-31,86.0400,87.7000,85.7700,87.3700,80.3236,422400
2019-02-01,87.2800,87.3400,85.6000,86.8700,79.8640,519300
2019-02-04,86.2400,87.5500,85.9900,87.5200,80.4615,256100
2019-02-05,87.5200,87.9300,86.5400,87.9100,80.8201,631900
2019-02-06,87.2300,88.6900,86.3900,87.8100,80.7282,620500
2019-02-07,89.0000,89.0000,84.5300,85.3000,78.4206,618400
2019-02-08,85.3000,87.3500,85.1000,86.8700,79.8640,411300
2019-02-11,86.5400,86.8200,85.5000,86.3800,79.4135,327800
2019-02-12,86.8500,87.9700,86.1100,87.5100,80.4523,432500
2019-02-13,87.7100,88.2500,86.5500,86.9800,79.9651,327800
2019-02-14,86.9400,87.6900,86.5100,87.4700,80.4156,446800
2019-02-15,87.8700,88.0200,86.0200,87.1900,80.1582,759000
2019-02-19,88.1300,89.7700,87.8800,89.3000,82.0980,471600
2019-02-20,89.5100,90.6900,88.7800,89.4900,82.2727,565700
2019-02-21,89.0600,89.9400,88.7400,89.8900,82.6404,677400
2019-02-22,90.0500,91.0600,89.5300,89.9800,82.7231,379200
2019-02-25,89.9900,90.8700,88.6400,89.3100,82.1072,576600
2019-02-26,89.3900,89.6900,88.1300,89.4500,82.2359,484200
2019-02-27,89.4500,89.8700,88.5100,89.2100,82.0153,400200
2019-02-28,89.1000,89.5900,88.0800,88.4100,81.2798,352800
2019-03-01,87.9200,88.7800,87.2300,87.3700,80.3236,312400
2019-03-04,87.2200,87.6800,86.6500,87.6400,80.5719,434000
2019-03-05,87.4800,88.1800,87.3800,87.9900,80.8936,557600
2019-03-06,88.1800,88.1800,86.9300,87.1000,80.0754,438700
2019-03-07,86.7100,87.7100,86.1700,87.2700,80.2317,338200
2019-03-08,88.3900,89.6300,87.3500,89.2600,82.0612,484800
2019-03-11,89.1100,89.8100,88.1900,89.4700,82.2543,488200
2019-03-12,89.6500,91.0000,89.6200,90.8900,83.5597,600900
2019-03-13,91.2600,91.9100,90.8400,91.6200,84.2309,498200
2019-03-14,90.7300,90.9400,89.4800,90.1900,82.9162,446800
2019-03-15,90.5700,91.5500,89.9300,90.6500,83.3391,733500
2019-03-18,90.9800,91.3700,89.5400,89.8600,82.6128,360800
2019-03-19,90.6200,91.1500,89.8900,90.3200,83.0358,363800
2019-03-20,90.2000,91.8600,88.7200,91.4800,84.1022,360000
2019-03-21,91.5400,92.4000,91.0000,92.2400,84.8009,330200
2019-03-22,92.1600,92.9000,91.5600,92.0600,84.6354,255800
2019-03-25,92.2600,93.8100,92.1300,93.2500,85.7294,421300
2019-03-26,93.0500,94.4900,92.3600,94.3400,86.7315,380800
2019-03-27,93.8000,94.1700,92.5300,92.7500,85.2698,327100
2019-03-28,92.2000,92.3200,90.3500,91.7600,84.3596,621800
2019-03-29,92.1800,92.5000,90.8500,90.9300,83.5965,482200
2019-04-01,92.1600,92.1800,90.4700,90.9600,83.6241,341400
2019-04-02,91.2000,91.6100,90.6400,91.4600,84.0838,417700
2019-04-03,91.9300,92.2400,91.3200,91.7800,84.3780,328700
2019-04-04,91.2200,92.8100,90.5500,92.6900,85.4614,344400
2019-04-05,92.6100,93.0800,91.9100,92.9800,85.7287,242600
2019-04-08,93.5300,93.9700,93.0000,93.8800,86.5586,292700
2019-04-09,94.1900,94.2700,92.9900,93.5200,86.2266,284700
2019-04-10,93.4600,94.2600,93.1000,93.2500,85.9777,254000
2019-04-11,92.8500,93.3000,91.7600,92.5200,85.3046,299400
2019-04-12,92.1800,92.9500,91.5700,92.5600,85.3415,335300
2019-04-15,91.7200,92.8100,91.0000,92.7900,85.5536,321000
2019-04-16,92.3000,92.3100,91.1300,91.4800,84.3457,368900
2019-04-17,91.4200,91.8700,89.6400,90.2800,83.2393,463500
2019-04-18,90.1900,90.8600,89.1600,89.7100,82.7137,381700
2019-04-22,89.7400,89.7900,86.8900,87.2000,80.3995,489200
2019-04-23,86.9700,87.7700,86.6000,86.8000,80.0307,330800
2019-04-24,86.5100,87.8500,86.1400,86.9400,80.1598,355900
2019-04-25,87.2400,87.6700,86.4400,86.7400,79.9754,266300
2019-04-26,87.1300,89.3700,87.1300,88.6200,81.7088,306400
2019-04-29,88.5200,88.5200,86.2400,86.8300,80.0584,327200
2019-04-30,86.8300,87.7200,86.7700,87.0600,80.2704,248100
2019-05-01,87.1800,87.1900,83.3900,84.4500,77.8640,424100
2019-05-02,83.7300,85.4400,81.1200,81.6000,75.2362,740200
2019-05-03,82.4100,83.0800,81.0600,81.3200,74.9781,678100
2019-05-06,81.1300,82.0600,80.6500,81.6100,75.2454,451500
2019-05-07,81.6400,83.7000,81.2500,83.2700,76.7760,406700
2019-05-08,83.3900,83.8100,81.8600,82.4400,76.0107,328700
2019-05-09,82.5500,83.6100,82.2000,83.0900,76.6100,387900
2019-05-10,83.3500,83.7500,82.7400,82.9200,76.4533,375400
2019-05-13,83.3300,84.7200,82.8000,84.1600,77.5966,419600
2019-05-14,84.1200,84.1900,82.9100,83.6800,77.1540,327200
2019-05-15,83.8600,85.0200,83.8600,84.4400,77.8548,347000
2019-05-16,84.4900,84.4900,82.7200,83.5100,76.9973,263800
2019-05-17,83.3000,84.9100,83.1000,84.6200,78.0207,328300
2019-05-20,84.8300,84.9600,83.1000,83.9900,77.4398,236800
2019-05-21,83.9100,84.7500,83.3200,84.4500,77.8640,259100
2019-05-22,84.6400,85.3100,83.6700,83.9100,77.3661,207000
2019-05-23,84.1100,87.0200,84.1100,85.0400,78.4080,515400
2019-05-24,85.1000,86.6600,85.1000,86.2300,79.5051,269600
2019-05-28,85.9700,86.2600,84.6400,85.0200,78.3895,330900
2019-05-29,85.0000,85.0900,84.0600,84.5600,77.9654,247100
2019-05-30,84.5100,85.7200,84.5100,85.5600,78.8874,277900
2019-05-31,86.3300,88.4800,86.3300,87.9900,81.1279,478300
2019-06-03,88.8800,90.2900,88.8400,90.0000,82.9811,414400
2019-06-04,89.4300,90.4600,88.2500,90.4200,83.3684,441300
2019-06-05,91.3600,93.4900,91.3600,92.2600,85.0649,517000
2019-06-06,92.3500,93.8200,91.4400,93.5700,86.2727,513000
2019-06-07,94.0000,94.7700,93.2600,94.3000,86.9458,490600
2019-06-10,93.0100,93.3500,91.1000,92.3000,85.1018,444800
2019-06-11,92.0800,93.2300,91.9600,92.4000,85.1940,278100
2019-06-12,93.1500,94.0900,92.8400,93.6500,86.3465,406400
2019-06-13,93.6200,94.7200,93.5000,94.5700,87.1947,285600
2019-06-14,95.0800,96.1900,94.2200,95.1000,87.6834,342100
2019-06-17,94.9700,95.8500,94.3400,95.3000,87.8678,350500
2019-06-18,96.3900,96.8400,95.2900,96.5700,89.0388,306300
2019-06-19,95.2600,98.1200,95.0100,98.0600,90.4125,446100
2019-06-20,100.2600,101.2900,99.4700,99.7700,91.9892,596600
2019-06-21,99.9800,100.6100,98.5000,99.1100,91.3807,796400
2019-06-24,99.5100,101.1200,99.1800,101.0300,93.1509,462800
2019-06-25,101.3600,102.6200,99.6400,101.2600,93.3630,607200
2019-06-26,100.0000,102.6200,99.6200,102.3900,94.4049,472800
2019-06-27,101.8400,102.3200,101.3300,101.9600,94.0084,293700
2019-06-28,101.1400,102.5100,100.0400,102.4900,94.4971,709200
2019-07-01,100.8400,102.0900,100.1000,101.2800,93.3814,445300
2019-07-02,101.8000,103.8000,101.2900,103.5500,95.4744,467300
2019-07-03,103.6400,104.6700,103.3100,104.5900,96.6807,332200
2019-07-05,102.3200,104.8500,101.1000,104.6800,96.7639,374300
2019-07-08,104.5100,105.6300,104.1800,104.9300,96.9950,348800
2019-07-09,104.7100,107.0500,104.5000,106.8300,98.7513,617200
2019-07-10,107.1000,108.4800,107.0800,108.1200,99.9438,430800
2019-07-11,108.3900,109.2400,107.4500,108.3700,100.1749,455100
2019-07-12,108.8600,110.2800,108.8100,109.9700,101.6539,436900
2019-07-15,110.1700,111.1600,109.9700,110.8100,102.4304,327400
2019-07-16,109.9400,110.6200,108.4900,109.5600,101.2749,485300
2019-07-17,109.7500,113.5800,109.7500,113.4200,104.8430,483300
2019-07-18,113.2500,117.8000,112.8900,117.5000,108.6144,820700
2019-07-19,117.2300,118.5000,116.1300,117.7900,108.8825,669300
2019-07-22,117.4400,118.9100,117.1000,118.6500,109.6775,427700
2019-07-23,118.6200,120.3500,117.2800,118.1600,109.2245,508100
2019-07-24,118.2600,118.5900,116.8500,118.5600,109.5943,478800
2019-07-25,118.3700,118.8700,116.8200,117.2100,108.3464,461500
2019-07-26,117.9100,118.4200,117.0000,117.8600,108.9472,323800
2019-07-29,118.1800,119.2500,117.2700,119.1900,110.1766,377900
2019-07-30,119.4900,121.0600,119.2200,119.4600,110.4262,357800
2019-07-31,118.8900,119.2000,114.1300,114.4500,105.7951,824300
2019-08-01,112.6600,119.2000,111.2900,118.6500,109.6775,673100
2019-08-02,117.7500,118.8700,116.0700,116.4700,107.6624,558400
2019-08-05,120.7200,121.4000,118.7000,119.0600,110.0565,643200
2019-08-06,118.8700,120.6000,118.1600,119.6000,110.5556,511800
2019-08-07,122.2500,125.2100,121.6800,121.7200,112.5153,991600
2019-08-08,121.9800,127.5400,121.0200,126.6100,117.0355,900700
2019-08-09,126.3200,129.8600,125.8000,129.0300,119.2725,751100
2019-08-12,129.4000,131.2800,128.0800,128.1300,118.4406,682600
2019-08-13,129.0200,130.9800,122.5200,124.6000,115.1775,1139900
2019-08-14,125.9300,126.6800,123.2500,123.4600,114.1237,739200
2019-08-15,123.5100,125.7800,122.2000,125.0300,115.5750,565700
2019-08-16,123.5900,125.1900,122.8800,124.6400,115.2145,685400
2019-08-19,123.1100,126.9000,121.5200,125.5200,116.0279,773000
2019-08-20,126.4300,128.1300,125.9800,127.5200,117.8767,325900
2019-08-21,126.7600,129.2600,126.0000,127.8800,118.2095,567300
2019-08-22,127.7700,128.7600,126.3000,126.7100,117.1279,392200
2019-08-23,127.4400,130.3800,126.9200,129.3500,119.5683,639800
2019-08-26,130.4300,131.9600,128.6700,131.6700,121.7129,618200
2019-08-27,132.2700,135.6600,131.2500,134.9700,124.7633,567100
2019-08-28,135.0000,136.8800,134.0900,136.0100,125.7247,508700
2019-08-29,136.3000,136.6600,131.5400,132.6400,122.6095,599600
2019-08-30,132.3700,134.5900,131.5700,133.3800,123.2936,317900
2019-09-03,134.7800,138.2100,134.3600,136.5100,126.1869,638500
2019-09-04,136.1800,138.7800,135.5100,138.6500,128.1650,513300
2019-09-05,136.6700,137.9900,133.2300,135.0500,124.8373,813700
2019-09-06,134.8800,135.3000,129.8800,129.9800,120.1507,934400
2019-09-09,130.2000,130.3500,124.0200,124.8700,115.4271,839800
2019-09-10,123.4800,126.4400,122.1000,124.2600,114.8632,644000
2019-09-11,124.4300,126.3500,122.4300,124.2400,114.8447,627900
2019-09-12,127.6400,129.5900,123.0200,123.1300,113.8187,665700
2019-09-13,122.7500,124.9400,120.7000,121.1200,111.9607,623900
2019-09-16,122.7600,124.4600,121.2900,121.6500,112.4506,666100
2019-09-17,122.4800,126.3200,122.4200,125.6200,116.1204,627200
2019-09-18,125.6200,126.3500,121.9100,124.0600,114.6784,622200
2019-09-19,124.3300,125.9900,124.0500,124.8100,115.3716,405300
2019-09-20,124.7900,127.6000,124.5500,127.4700,117.8305,1130500
2019-09-23,128.2000,130.5700,128.0200,129.9300,120.1045,596400
2019-09-24,129.2900,131.5300,128.3400,130.6900,120.8070,566300
2019-09-25,130.5600,130.8400,126.8900,128.1800,118.4868,499000
2019-09-26,128.6400,129.9600,127.3000,127.3600,117.7288,437600
2019-09-27,125.9900,126.7700,124.1000,125.5900,116.0926,534600
2019-09-30,123.7200,125.1300,122.3600,123.2100,113.8926,487500
2019-10-01,122.7300,125.3500,121.1300,123.9600,114.5859,544300
2019-10-02,125.2400,126.9700,123.6700,126.4100,116.8507,516400
2019-10-03,126.3200,128.9700,125.1500,125.2600,116.0309,477500
2019-10-04,125.1700,129.3100,124.6600,128.8600,119.3656,463000
2019-10-07,128.1400,129.2700,126.7000,127.4100,118.0225,375400
2019-10-08,129.7800,130.1700,127.5900,130.0200,120.4401,405400
2019-10-09,129.3800,130.5300,128.5600,129.8800,120.3105,399600
2019-10-10,129.9000,131.5200,128.5100,131.0000,121.3479,396100
2019-10-11,129.9400,130.2600,123.1600,123.8000,114.6784,753800
2019-10-14,124.0500,127.4100,124.0100,125.0000,115.7900,363900
2019-10-15,123.2200,123.2300,115.7400,116.4000,107.8237,1345500
2019-10-16,116.5500,118.3300,114.5000,118.1500,109.4447,828900
2019-10-17,117.9000,121.8000,117.4200,120.4400,111.5660,591200
2019-10-18,120.1000,122.2500,120.0000,121.8600,112.8814,497500
2019-10-21,121.9600,122.2300,118.3100,118.6800,109.9357,455000
2019-10-22,119.2200,120.4800,117.1700,118.7200,109.9727,383900
2019-10-23,118.7600,120.6200,118.1600,118.4400,109.7133,402100
2019-10-24,118.5300,122.5000,118.4200,121.2000,112.2700,611400
2019-10-25,123.0100,124.3500,118.8000,120.4800,111.6030,550500
2019-10-28,119.2500,120.9300,118.6000,119.5800,110.7694,448300
2019-10-29,118.4800,121.6300,118.2700,120.8900,111.9828,401800
2019-10-30,120.0000,120.0000,112.8300,114.1000,105.6931,1343100
2019-10-31,114.3100,115.7800,113.3800,115.4400,106.9344,1047200
2019-11-01,115.3200,115.3200,112.0000,114.0200,105.6190,571600
2019-11-04,113.7300,113.7900,110.2000,111.1100,102.9234,698500
2019-11-05,109.6200,110.9800,108.2300,110.7400,102.5807,746400
2019-11-06,110.8100,111.6100,109.1500,109.4800,101.4135,825900
2019-11-07,109.3000,114.6700,107.0000,113.7500,105.3689,1303400
2019-11-08,113.4900,114.8600,111.9600,113.5600,105.1929,889000
2019-11-11,113.1700,114.1600,112.1300,112.2700,103.9980,510500
2019-11-12,112.1500,113.2500,110.9200,112.7100,104.4055,539900
2019-11-13,112.8800,115.1300,112.8400,113.6600,105.2855,481000
2019-11-14,113.6200,114.5800,113.0700,113.8900,105.4986,630800
2019-11-15,113.9400,115.7100,113.6500,115.1800,106.6936,517700
2019-11-18,115.1500,116.7500,114.7300,116.5300,107.9441,452400
2019-11-19,116.2000,118.9600,116.2000,117.7900,109.1112,537100
2019-11-20,118.7500,120.6600,118.4100,119.5400,110.7323,515800
2019-11-21,119.2000,120.3000,117.0100,117.4400,108.7870,417800
2019-11-22,117.6300,118.7600,116.4000,117.0500,108.4258,259900
2019-11-25,116.4800,117.7300,115.3000,115.3400,106.8418,335200
2019-11-26,116.0500,117.5500,115.2800,117.2000,108.5647,363700
2019-11-27,116.6000,117.5800,116.1400,117.1400,108.5091,292700
2019-11-29,117.2900,118.3100,116.5000,117.2700,108.6296,184800
2019-12-02,117.0000,117.6000,115.9500,117.2800,108.6388,428500
2019-12-03,118.8700,120.5900,117.3600,118.2200,109.5096,460100
2019-12-04,117.6700,119.0700,116.8700,117.2300,108.5925,320300
2019-12-05,117.0900,119.4300,116.7200,117.9600,109.2687,433900
2019-12-06,116.8900,117.0000,113.5700,113.6500,105.2763,571900
2019-12-09,114.6600,114.7500,113.1300,113.8000,105.4152,330500
2019-12-10,114.4500,114.8900,113.4200,113.5700,105.2022,301200
2019-12-11,113.6300,116.3900,113.4000,115.9800,107.4346,435300
2019-12-12,116.5600,117.2700,113.9200,114.3100,105.8877,375200
2019-12-13,113.9200,116.1200,113.9100,115.8200,107.2864,271900
2019-12-16,116.2200,116.2200,114.2100,114.6600,106.2119,478200
2019-12-17,115.7600,115.7600,114.2600,114.3500,105.9247,405900
2019-12-18,114.1200,116.7800,114.0100,115.7700,107.2401,533000
2019-12-19,115.7000,116.1300,114.5200,115.3200,106.8232,271100
2019-12-20,115.4700,115.6900,113.8400,114.6500,106.2026,1023800
2019-12-23,115.1300,118.4200,115.0000,117.9400,109.2502,450100
2019-12-24,118.5900,120.7600,117.9200,120.5500,111.6679,253700
2019-12-26,121.5100,122.6700,120.5600,121.5400,112.5850,314100
2019-12-27,121.5000,122.3200,120.2000,121.4100,112.4645,283600
2019-12-30,121.3200,123.6700,121.0700,123.1000,114.0300,358900
2019-12-31,123.2800,124.8700,122.0900,122.2500,113.2426,482000
2020-01-02,122.6400,123.3400,119.8500,121.1200,112.4535,449400
2020-01-03,122.8700,122.8700,119.7200,120.1300,111.5343,410000
2020-01-06,122.0600,122.5000,117.3900,118.8100,110.3087,939100
2020-01-07,118.8100,121.1500,118.4500,120.1800,111.5807,698400
2020-01-08,120.2700,120.8800,110.4000,111.6000,103.6146,1232300
2020-01-09,111.3700,113.4600,110.6800,112.1900,104.1624,821900
2020-01-10,112.7000,114.5600,112.7000,113.7900,105.6479,446400
2020-01-13,113.5200,113.8000,111.0000,111.1800,103.2247,621200
2020-01-14,110.9700,112.5300,109.2100,112.3700,104.3296,1002900
2020-01-15,112.6000,115.5000,112.2500,114.6000,106.4000,535700
2020-01-16,114.5100,115.6700,113.3700,114.9700,106.7435,617300
2020-01-17,115.6600,115.8400,112.7500,112.7700,104.7009,441900
2020-01-21,110.9700,114.3100,109.6400,114.0900,105.9265,816500
2020-01-22,113.8500,114.0200,112.1700,112.8200,104.7473,504800
2020-01-23,112.1200,113.9100,111.9000,112.6400,104.5802,651300
2020-01-24,112.6400,115.6500,112.1800,114.8600,106.6414,383400
2020-01-27,116.2400,117.4900,113.7400,114.1800,106.0100,484400
2020-01-28,113.3400,113.8800,110.3600,111.7200,103.7261,452600
2020-01-29,111.1800,113.9300,111.1800,113.6400,105.5087,398400
2020-01-30,113.9400,115.1900,113.0200,113.9100,105.7594,350700
2020-01-31,114.0100,115.9100,114.0000,115.3200,107.0685,538900
2020-02-03,114.7000,114.8400,111.8400,112.3900,104.3481,626500
2020-02-04,111.5700,112.6600,110.5700,111.1400,103.1876,588100
2020-02-05,110.8000,113.6900,110.7100,112.0900,104.0696,565100
2020-02-06,110.5000,113.0000,105.0000,108.7600,100.9779,1022000
2020-02-07,108.9200,109.2200,105.5200,105.6600,98.0997,457300
2020-02-10,105.5400,107.1900,105.1100,106.8500,99.2045,519500
2020-02-11,106.4900,107.7300,105.7200,106.6400,99.0096,471500
2020-02-12,107.5600,107.6100,104.7600,105.3400,97.8026,475700
2020-02-13,106.2800,106.4500,104.1200,104.2200,96.7627,672400
2020-02-14,103.6900,103.6900,101.3900,102.9200,95.5557,708800
2020-02-18,103.0000,105.6100,102.9300,104.6100,97.1248,540900
2020-02-19,105.2000,107.3900,104.6100,105.7600,98.1925,808200
2020-02-20,105.7400,107.9500,105.5800,107.2700,99.5945,532900
2020-02-21,108.9400,110.3000,108.0000,109.0900,101.2842,687400
2020-02-24,113.5800,113.7000,109.2000,110.1800,102.2962,755900
2020-02-25,107.9600,110.5600,107.3300,107.3400,99.6595,727500
2020-02-26,106.8200,108.4300,106.3000,107.2000,99.5295,805500
2020-02-27,108.0000,108.3400,101.6800,101.7300,94.4509,1301900
2020-02-28,97.6000,99.3700,91.7600,96.4700,89.5672,1576200
2020-03-02,97.2800,100.6800,96.5700,100.0500,92.8911,852000
2020-03-03,101.5100,106.2200,100.4700,103.1100,95.7321,731400
2020-03-04,104.4500,105.0000,101.7400,104.1200,96.6699,509800
2020-03-05,105.0700,107.0200,104.7000,106.5900,98.9631,654600
2020-03-06,107.0000,107.3200,100.8900,104.6400,97.1527,823600
2020-03-09,101.0700,103.8000,98.4700,98.8400,91.7677,692600
2020-03-10,99.4200,101.8500,95.5600,97.3600,90.3936,1083200
2020-03-11,95.3900,96.7300,86.9600,88.0200,81.7219,1617300
2020-03-12,75.6000,84.6400,72.8200,80.8900,75.1021,1741500
2020-03-13,83.3000,83.5700,71.0900,71.7700,66.6346,1248800
2020-03-16,62.1000,84.6200,59.7800,81.4300,75.6034,1512200
2020-03-17,79.7000,90.3000,79.2300,88.6300,82.2882,1368500
2020-03-18,85.5200,88.8300,68.1800,69.6400,64.6570,1130600
2020-03-19,70.2900,84.4500,65.4600,74.4100,69.0857,1358300
2020-03-20,75.8200,77.6700,71.1200,71.6200,66.4953,1204300
2020-03-23,74.9400,81.4500,72.5000,76.9700,71.4625,748700
2020-03-24,87.2500,97.9600,82.8700,95.3500,88.5274,1279500
2020-03-25,96.4800,98.0000,89.1300,93.1200,86.4570,1020800
2020-03-26,93.0200,95.3900,87.4800,92.4800,85.8627,994700
2020-03-27,90.1400,93.7000,88.1900,90.5600,84.0801,779600
2020-03-30,91.0700,96.8600,88.2900,91.6800,85.1200,819000
2020-03-31,89.9600,91.0000,86.6500,87.7100,81.4341,853100
2020-04-01,87.1000,92.5100,86.2700,91.3300,84.7950,845600
2020-04-02,92.1300,94.5600,90.1000,92.7800,86.4062,708400
2020-04-03,92.8500,97.5900,92.6200,93.5000,87.0767,676200
2020-04-06,95.2300,96.9600,93.0500,94.8000,88.2874,665000
2020-04-07,94.7500,97.6200,91.1000,93.9100,87.4585,579400
2020-04-08,94.8300,95.9900,92.9300,94.8900,88.3712,498100
2020-04-09,96.4100,105.3800,96.4100,105.0400,97.8240,934000
2020-04-13,105.0000,106.4200,100.0200,105.0200,97.8053,718700
2020-04-14,106.5400,109.1600,103.0700,105.2100,97.9823,883500
2020-04-15,102.8700,105.9900,100.6500,104.8100,97.6097,851900
2020-04-16,106.1700,111.8800,105.2600,111.7300,104.0544,681300
2020-04-17,108.4400,110.8300,106.9600,107.8100,100.4037,1166900
2020-04-20,109.6500,112.6900,108.1800,111.6000,103.9333,809300
2020-04-21,108.9000,112.9900,107.4200,109.2100,101.7075,690900
2020-04-22,113.3500,117.4400,111.8100,116.6600,108.6457,717100
2020-04-23,120.5400,126.7000,119.8300,122.9700,114.5222,1090300
2020-04-24,124.5900,127.0000,122.6300,125.4300,116.8132,972900
2020-04-27,125.9900,127.8900,123.1100,126.3400,117.6607,793700
2020-04-28,124.9100,127.3400,123.2100,125.9300,117.2788,654000
2020-04-29,126.0800,131.0900,124.1700,130.4000,121.4417,946400
2020-04-30,128.4000,130.0000,122.3800,122.5300,114.1124,814400
2020-05-01,120.0300,126.0300,118.5000,125.8600,117.2137,853900
2020-05-04,128.6600,129.9300,124.8700,125.2100,116.6083,745600
2020-05-05,125.3000,129.7500,123.6000,128.4400,119.6164,462600
2020-05-06,126.5200,129.1300,125.3300,126.6200,117.9214,559700
2020-05-07,128.7300,137.9000,128.0100,135.9700,126.6291,1043600
2020-05-08,136.1900,138.5400,135.2400,136.4300,127.0575,721900
2020-05-11,136.2500,137.3900,130.5100,132.8400,123.7141,612100
2020-05-12,133.1900,135.9000,128.8100,128.8100,119.9610,732400
2020-05-13,130.7000,131.5200,125.3500,128.1900,119.3836,636500
2020-05-14,127.7100,132.3200,127.6900,129.1800,120.3056,580700
2020-05-15,132.9100,134.4300,130.8500,134.0000,124.7944,1067600
2020-05-18,135.5900,136.7600,132.0000,134.2800,125.0552,630500
2020-05-19,136.2900,139.1600,136.0000,137.0800,127.6629,480100
2020-05-20,138.1200,139.6300,135.8800,135.9900,126.6477,533300
2020-05-21,134.6700,136.9400,130.4800,136.7300,127.3369,673900
2020-05-22,136.2900,138.6900,134.9100,136.9600,127.5511,659800
2020-05-26,135.9900,136.4900,131.7300,132.4600,123.3602,450500
2020-05-27,128.8500,133.5100,126.0000,132.6100,123.5000,746900
2020-05-28,133.9800,135.1900,130.3500,131.6600,122.6152,507800
2020-05-29,136.7200,136.7200,132.7300,133.2000,124.0494,963000
2020-06-01,133.8500,135.3200,132.1200,135.1100,125.8282,367800
2020-06-02,134.9500,135.0000,130.1500,130.4700,121.5070,438500
2020-06-03,127.3200,128.1800,124.3900,125.8600,117.2137,717300
2020-06-04,126.5200,128.9800,125.3500,126.1900,117.5210,597100
2020-06-05,122.2000,124.0400,119.7400,122.5200,114.1031,488100
2020-06-08,124.9100,124.9900,120.5500,122.2300,113.8330,465500
2020-06-09,124.1100,124.3500,122.0000,122.2500,113.8516,543700
2020-06-10,124.2900,128.6900,120.6300,128.3100,119.4953,639800
2020-06-11,127.4300,129.8800,120.8100,122.1900,113.7958,608800
2020-06-12,124.1700,125.9800,119.7400,120.3500,112.0822,419900
2020-06-15,116.8700,121.3600,113.3500,121.0100,112.6968,642800
2020-06-16,121.1700,121.8800,116.8300,117.2400,109.1858,430600
2020-06-17,117.2200,118.5000,114.5800,115.5700,107.6306,505800
2020-06-18,114.4600,116.0600,112.1300,112.3400,104.6224,555700
2020-06-19,113.8100,116.8000,113.4300,115.0100,107.1090,768900
2020-06-22,117.2700,119.9500,116.5800,118.2500,110.1264,506500
2020-06-23,120.0000,121.1200,119.2000,119.5800,111.3651,619100
2020-06-24,119.3300,120.7900,116.2300,118.3700,110.2382,532600
2020-06-25,118.5500,119.1900,116.6800,119.1300,110.9460,323600
2020-06-26,118.3700,119.3500,116.3300,117.5000,109.4280,1103200
2020-06-29,118.2800,120.4600,117.0200,120.3300,112.0636,316600
2020-06-30,120.1800,124.8400,119.4400,124.3200,115.7794,534600
2020-07-01,123.7200,123.8000,119.6700,123.4100,115.1914,393400
2020-07-02,122.2700,124.3300,120.8400,121.0500,112.9886,337100
2020-07-06,123.9100,124.5900,121.2100,122.5400,114.3793,365800
2020-07-07,121.4300,125.1700,121.4300,124.8700,116.5542,844600
2020-07-08,126.9100,127.9900,124.0900,126.7500,118.3090,535100
2020-07-09,127.3900,128.2600,123.2700,126.3000,117.8889,427700
2020-07-10,126.9400,128.2900,125.7200,127.6300,119.1304,548200
2020-07-13,128.5100,129.4500,120.8100,121.1400,113.0726,547700
2020-07-14,120.8900,125.9100,120.5400,125.9000,117.5156,420400
2020-07-15,126.0900,127.2000,123.3100,126.9500,118.4956,394000
2020-07-16,126.9400,127.1700,124.0900,124.9400,116.6195,298400
2020-07-17,126.5000,130.2900,125.8000,129.9400,121.2865,478800
2020-07-20,130.0400,134.7100,130.0400,132.8300,123.9841,390800
2020-07-21,135.0000,136.8100,131.8400,132.4800,123.6574,458700
2020-07-22,134.0200,134.6900,131.8100,134.6600,125.6922,334000
2020-07-23,134.6600,135.8000,130.1300,134.2000,125.2628,602100
2020-07-24,135.3300,138.6700,134.9900,136.2500,127.1763,413300
2020-07-27,140.9800,144.7500,139.1100,140.7100,131.3393,455700
2020-07-28,138.6800,141.3700,137.1000,140.1900,130.8540,432000
2020-07-29,141.2400,141.8900,138.1200,139.9500,130.6299,379500
2020-07-30,136.4300,138.4000,135.2100,136.5400,127.4470,352000
2020-07-31,138.3600,140.3400,137.4300,139.9300,130.6112,458400
2020-08-03,140.1300,141.1400,137.1400,140.4100,131.0592,393600
2020-08-04,140.0500,143.9500,139.0100,143.4900,133.9342,561300
2020-08-05,145.9800,147.6400,143.2500,145.3300,135.6516,568400
2020-08-06,146.3700,146.9900,140.7700,142.8000,133.2901,425200
2020-08-07,140.0500,140.6100,137.3700,139.1900,129.9205,497000
2020-08-10,141.2400,142.5000,137.0600,137.5200,128.3617,319700
2020-08-11,132.4700,134.3400,129.3700,130.1800,121.5106,652400
2020-08-12,132.9400,133.6500,129.2400,129.7700,121.1279,503500
2020-08-13,131.2900,134.4200,130.9900,132.9200,124.0681,361600
2020-08-14,132.5600,132.8900,129.7000,131.3500,122.6026,328800
2020-08-17,135.3000,137.8900,135.2600,137.4500,128.2964,358600
2020-08-18,139.5800,140.2000,136.3700,139.8400,130.5272,617100
2020-08-19,139.3800,140.6000,137.0600,137.4300,128.2777,496600
2020-08-20,136.7600,140.1300,135.7000,139.3400,130.0605,338000
2020-08-21,137.3200,137.8800,135.8400,137.8100,128.6325,377800
2020-08-24,139.6700,140.3000,136.0700,136.1900,127.1203,370800
2020-08-25,135.5000,136.1500,133.3700,135.2700,126.2616,414600
2020-08-26,133.4300,136.9500,133.4300,136.7900,127.6803,359300
2020-08-27,138.2800,138.5300,133.7500,134.9200,125.9349,297000
2020-08-28,137.6800,137.6800,135.0000,135.4400,126.4203,321500
2020-08-31,135.4800,138.1200,135.1300,136.3200,127.2416,287100
2020-09-01,138.2300,138.2300,131.8000,133.1700,124.3014,346600
2020-09-02,132.0000,134.7900,130.0300,134.0000,125.0762,380900
2020-09-03,133.5000,135.4400,131.7400,133.9800,125.0575,327200
2020-09-04,133.5400,134.7800,128.2900,130.5600,121.8652,872900
2020-09-08,128.5900,131.4400,124.7700,128.5700,120.0078,419600
2020-09-09,129.7400,133.3400,129.7400,132.7400,123.9001,361700
2020-09-10,133.5500,134.5000,130.7400,130.7600,122.0519,336100
2020-09-11,131.6900,133.4300,130.0500,130.4500,121.7626,287600
2020-09-14,131.5200,131.7700,127.8200,130.9500,122.2292,602400
2020-09-15,132.1800,132.6600,129.0600,130.2300,121.5572,335500
2020-09-16,131.8800,132.1900,129.5700,130.6100,121.9119,371800
2020-09-17,127.5900,128.9100,126.5000,128.0900,119.5597,329900
2020-09-18,128.5200,129.5900,123.0300,123.4700,115.2474,973900
2020-09-21,119.2600,123.0600,119.2600,122.6400,114.4727,546500
2020-09-22,123.3300,124.6700,121.7500,123.2100,115.0047,347500
2020-09-23,121.8000,122.1700,115.7200,115.9100,108.1909,470100
2020-09-24,115.0600,120.8100,114.9900,119.5300,111.5698,419800
2020-09-25,117.9500,118.9800,116.9700,118.0800,110.2164,325700
2020-09-28,119.7500,120.5200,118.0100,119.2000,111.2617,282100
2020-09-29,119.7400,122.8100,119.7100,119.9800,111.9898,284200
2020-09-30,119.7100,120.7500,118.2900,120.1700,112.1672,374800
2020-10-01,120.5700,122.1200,119.1200,120.4200,112.6630,346600
2020-10-02,119.7500,120.6300,118.4500,119.4000,111.7088,341800
2020-10-05,119.7900,122.2800,119.1100,120.4000,112.6443,691000
2020-10-06,121.8600,122.1000,117.2900,117.3000,109.7440,335300
2020-10-07,118.5700,119.1800,116.7800,117.4600,109.8937,344800
2020-10-08,118.5800,119.7400,117.6900,118.7700,111.1193,319600
2020-10-09,121.0100,121.9800,119.1200,121.4900,113.6641,407900
2020-10-12,121.4300,124.1500,121.0000,123.3000,115.3575,307800
2020-10-13,122.0500,124.1800,121.0000,123.9100,115.9282,299500
2020-10-14,125.2700,126.4000,124.3700,124.7600,116.7234,243300
2020-10-15,122.6400,125.6300,122.2700,123.8400,115.8627,220500
2020-10-16,123.9000,124.3500,122.2000,122.4700,114.5810,242000
2020-10-19,123.2400,123.8800,119.1600,119.6000,111.8958,254600
2020-10-20,122.1500,122.1500,119.0100,121.2000,113.3928,259000
2020-10-21,122.0100,123.9800,121.0900,121.6000,113.7670,249300
2020-10-22,120.3900,122.0900,119.5700,121.7800,113.9354,316100
2020-10-23,121.1900,122.5500,120.3800,121.9900,114.1319,256700
2020-10-26,121.0700,122.4900,119.7300,120.1900,112.4479,188500
2020-10-27,120.1000,121.8100,119.1500,121.3300,113.5144,190200
2020-10-28,119.0000,119.0000,114.7200,116.6200,109.1078,534900
2020-10-29,114.8700,118.8100,114.8700,118.3600,110.7357,303600
2020-10-30,119.2300,120.9800,116.8400,118.8100,111.1567,343000
2020-11-02,120.4100,122.6300,119.2900,121.4600,113.6360,367700
2020-11-03,122.9300,123.1300,121.2900,121.6900,113.8512,230700
2020-11-04,122.3300,123.7000,120.1500,121.8700,114.0196,333700
2020-11-05,123.5800,126.6400,122.7200,122.9300,115.0113,711600
2020-11-06,125.0400,126.4600,123.9300,126.1700,118.0426,347600
2020-11-09,120.9900,124.3200,118.4000,120.4000,112.6443,520700
2020-11-10,121.3600,122.3700,116.9800,117.3600,109.8001,531900
2020-11-11,115.8700,117.9600,115.5200,116.7500,109.2294,414000
2020-11-12,117.0300,119.1000,116.3800,116.9900,109.4540,356900
2020-11-13,118.0000,119.5800,117.7800,118.6900,111.0445,221300
2020-11-16,118.2900,119.3500,117.4900,118.5000,110.8667,250700
2020-11-17,117.6100,119.2900,115.6200,115.8400,108.3781,303600
2020-11-18,116.2500,116.3400,111.9500,111.9800,104.7667,414300
2020-11-19,110.1200,111.2400,108.0000,109.8300,102.7552,437400
2020-11-20,111.6200,111.9100,109.4500,109.9700,102.8862,647500
2020-11-23,109.7900,111.0600,107.2800,109.6000,102.5400,503300
2020-11-24,106.1800,110.1200,106.1800,107.5000,100.5753,635800
2020-11-25,108.9500,110.8100,108.7200,109.5000,102.4464,431400
2020-11-27,107.5900,110.1400,107.5000,109.9700,102.8862,272900
2020-11-30,109.0900,110.5800,107.4500,110.4700,103.3540,509900
2020-12-01,112.5600,112.8700,109.6000,112.5000,105.2532,409000
2020-12-02,113.0000,113.3900,111.3300,111.9500,104.7386,307000
2020-12-03,111.7400,112.3500,109.4200,110.7600,103.6253,286900
2020-12-04,110.5200,111.3400,109.2900,110.2700,103.1668,303900
2020-12-07,110.0000,113.3000,109.9800,112.6700,105.4123,456800
2020-12-08,113.0000,113.3400,110.7900,112.6800,105.4216,386300
2020-12-09,112.0900,112.5000,109.5800,111.0700,103.9153,287600
2020-12-10,112.1300,112.5900,110.3000,110.4400,103.3259,249700
2020-12-11,110.3100,111.7400,109.1200,109.2600,102.2219,192100
2020-12-14,109.0100,109.7700,106.9500,107.1100,100.2104,497100
2020-12-15,108.5800,110.1500,108.4700,108.9000,101.8851,437500
2020-12-16,109.2500,110.7300,108.1000,110.4300,103.3165,563500
2020-12-17,112.3400,115.6600,112.3400,115.3600,107.9290,511000
2020-12-18,115.4700,115.4700,111.3500,111.8400,104.6357,1187100
2020-12-21,111.8400,113.4300,109.6800,110.4100,103.2978,534900
2020-12-22,110.1400,111.7400,108.9800,109.1500,102.1190,375200
2020-12-23,109.5500,110.1600,108.0300,108.7500,101.7448,306300
2020-12-24,108.4800,109.0500,107.2500,108.6500,101.6512,135300
2020-12-28,109.7300,111.5500,106.7100,106.8000,99.9204,276000
2020-12-29,107.1900,108.2500,106.5000,107.5500,100.6221,367800
2020-12-30,108.1200,109.1600,107.4400,108.2000,101.2302,285200
2020-12-31,108.1600,108.3300,105.7300,106.3600,99.5087,328400
2021-01-04,109.9300,111.3900,108.1900,110.2800,103.1762,519100
2021-01-05,110.9900,111.1400,108.4900,110.6400,103.5130,435800
2021-01-06,110.3100,112.4200,108.5400,111.0500,103.8966,560600
2021-01-07,109.1300,109.8400,108.0000,109.4200,102.6489,424100
2021-01-08,107.3000,107.3200,103.7600,105.6000,99.0653,577200
2021-01-11,105.6300,107.0700,104.6400,106.0800,99.5156,354100
2021-01-12,106.0800,107.9200,105.2400,107.5700,100.9134,626800
2021-01-13,107.5200,108.0000,105.3600,105.5800,99.0465,446800
2021-01-14,106.5900,107.4300,105.2200,105.4000,98.8777,556100
2021-01-15,105.0200,105.1500,102.9400,104.1500,97.7050,596500
2021-01-19,104.9300,106.4600,103.9400,105.8600,99.3092,710100
2021-01-20,107.1000,108.6700,106.2200,107.9100,101.2323,453900
2021-01-21,107.4500,107.9000,105.1000,105.4900,98.9621,305500
2021-01-22,104.0000,106.2800,103.4300,104.9400,98.4461,202200
2021-01-25,105.4300,106.1600,103.0100,104.7400,98.2585,410400
2021-01-26,104.7500,105.6300,104.0100,104.2200,97.7707,227300
2021-01-27,103.5400,104.0000,99.3200,102.1500,95.8288,475800
2021-01-28,103.8600,106.9000,103.1300,104.3000,97.8457,583400
2021-01-29,106.5100,110.6900,106.4000,106.8800,100.2661,791800
2021-02-01,109.2700,110.9600,106.1800,107.5300,100.8759,357700
2021-02-02,105.4600,106.4300,105.0000,105.7400,99.1966,355000
2021-02-03,105.8900,106.2800,104.5700,105.7200,99.1779,312300
2021-02-04,106.2000,106.2000,102.4400,104.1300,97.6863,456600
2021-02-05,104.7900,106.1800,103.7200,105.6900,99.1497,343700
2021-02-08,106.5300,110.2400,105.7100,109.3600,102.5926,577300
2021-02-09,109.9400,110.2500,107.9100,109.0700,102.3206,351100
2021-02-10,109.5600,110.4000,108.0100,110.2500,103.4276,478000
2021-02-11,110.1700,111.4500,109.2200,110.4900,103.6527,654600
2021-02-12,110.3900,111.7400,109.1500,111.0300,104.1593,673100
2021-02-16,110.6700,111.1500,108.2400,108.5300,101.8140,614700
2021-02-17,107.8000,108.0000,105.3600,107.2300,100.5944,736400
2021-02-18,107.1800,108.7900,106.3200,108.2200,101.5232,454300
2021-02-19,108.5800,108.9500,106.7800,107.8200,101.1479,958300
2021-02-22,109.0600,111.2700,108.6100,110.3200,103.4932,649600
2021-02-23,109.0800,109.2200,105.8800,106.9100,100.2942,534000
2021-02-24,105.9800,108.6000,105.7300,107.5900,100.9321,435000
2021-02-25,106.6000,109.0400,105.2800,106.0600,99.4968,383000
2021-02-26,105.0000,105.4800,102.8300,103.7100,97.2923,711400
2021-03-01,105.3700,105.9000,103.0400,103.7000,97.2829,507500
2021-03-02,103.9800,106.9600,103.4200,106.3000,99.7220,460500
2021-03-03,103.4500,104.6800,101.7900,103.5900,97.1797,490000
2021-03-04,103.9500,106.5400,102.2300,103.7900,97.3673,503300
2021-03-05,103.4600,104.8600,101.8600,104.7400,98.2585,333300
2021-03-08,104.3800,104.9700,102.6200,104.0000,97.5643,340600
2021-03-09,106.8300,108.7000,105.1100,106.2100,99.6376,459700
2021-03-10,106.6900,107.9200,104.6000,107.4300,100.7821,374900
2021-03-11,108.0000,109.4900,107.1800,109.1400,102.3862,485000
2021-03-12,107.5800,109.7900,107.1300,109.5300,102.7521,333900
2021-03-15,110.0000,110.1100,106.1300,108.0800,101.3918,741900
2021-03-16,108.1000,108.1400,105.9700,106.0500,99.4875,556700
2021-03-17,105.9800,110.1800,105.7000,109.3600,102.5926,396900
2021-03-18,108.0700,108.1000,105.2500,105.7600,99.2154,412200
2021-03-19,106.2600,107.0000,104.6000,105.8100,99.2623,1598200
2021-03-22,105.5700,108.8200,104.5000,106.8000,100.1910,764000
2021-03-23,106.0600,106.0600,103.9200,104.7100,98.2304,494300
2021-03-24,105.1100,105.7900,103.6000,103.6800,97.2641,430000
2021-03-25,103.4400,104.1000,102.5500,103.3600,96.9639,379800
2021-03-26,103.3700,106.3400,102.9500,105.9400,99.3842,484000
2021-03-29,105.0000,107.9000,104.0600,107.7900,101.1198,503200
2021-03-30,105.6400,107.2100,105.1700,105.6000,99.0653,399000
2021-03-31,105.9800,108.2400,105.6100,107.6200,101.2479,668300
2021-04-01,108.0000,112.0700,107.7400,111.4500,104.8512,515800
2021-04-05,111.4400,112.6700,110.1000,110.7100,104.1550,413100
2021-04-06,112.2700,113.2300,111.6900,111.9700,105.3404,463300
2021-04-07,111.9700,112.1000,110.0600,110.4900,103.9480,273100
2021-04-08,112.0600,112.4400,110.7100,110.9600,104.3902,329500
2021-04-09,109.6100,111.4900,108.5000,110.6100,104.0609,292200
2021-04-12,110.5000,111.8200,110.1700,110.8100,104.2491,227400
2021-04-13,111.7100,112.8400,111.3400,112.1800,105.5379,309600
2021-04-14,112.6300,113.6700,112.0800,112.5900,105.9237,339600
2021-04-15,113.2500,117.0700,113.0800,116.2600,109.3764,435800
2021-04-16,117.0000,117.8700,116.1900,117.6300,110.6652,346100
2021-04-19,117.6800,118.0200,116.4500,117.1800,110.2419,286300
2021-04-20,117.0000,119.2100,116.2900,118.2000,111.2015,462900
2021-04-21,118.5300,119.9000,118.1000,118.8000,111.7660,336600
2021-04-22,117.9800,118.5600,116.9400,118.1200,111.1262,229300
2021-04-23,118.9900,119.3400,117.3400,118.1400,111.1451,262200
2021-04-26,118.6200,118.6200,116.2200,117.0100,110.0820,229600
2021-04-27,116.0000,117.0700,114.7100,114.8300,108.0310,240100
2021-04-28,114.5000,116.3100,113.7400,115.8400,108.9812,251400
2021-04-29,115.3400,115.8100,112.2800,113.9900,107.2408,260400
2021-04-30,113.2500,114.5200,111.4600,111.8600,105.2369,462900
2021-05-03,113.7600,116.8800,113.6400,116.0900,109.2164,285500
2021-05-04,116.0900,118.7400,115.0000,115.4000,108.5673,283200
2021-05-05,116.1800,116.5300,114.6200,115.3400,108.5108,413100
2021-05-06,115.5500,120.0000,115.4600,119.5700,112.4904,462100
2021-05-07,120.2000,121.9600,118.2700,119.9500,112.8479,369900
2021-05-10,121.0000,121.6100,118.2800,118.9600,111.9165,388100
2021-05-11,117.1500,120.4000,116.4100,120.1600,113.0455,306000
2021-05-12,120.5300,121.0800,119.1200,119.8400,112.7444,393400
2021-05-13,119.8400,122.4000,118.2900,121.9700,114.7483,470600
2021-05-14,123.5000,123.8600,122.1400,123.1600,115.8678,328500
2021-05-17,124.3400,128.8900,124.1500,128.0800,120.4965,620800
2021-05-18,128.0700,129.1900,126.1500,127.2500,119.7157,372800
2021-05-19,126.8800,129.6900,123.4000,124.6800,117.2978,495100
2021-05-20,124.7000,126.5800,123.5100,126.0300,118.5679,327700
2021-05-21,126.3200,126.8900,124.2200,125.3300,117.9093,672600
2021-05-24,125.5000,126.6200,125.1800,125.4300,118.0034,299600
2021-05-25,125.2000,125.9000,123.8000,125.2700,117.8529,216300
2021-05-26,125.7900,126.8400,124.5400,124.8400,117.4483,243500
2021-05-27,124.8500,125.4300,123.8800,124.1800,116.8274,305500
2021-05-28,123.2800,124.7000,123.1800,123.7700,116.4417,420000
2021-06-01,124.7700,125.1900,122.5100,123.9600,116.6205,322400
2021-06-02,124.3300,124.9500,123.4600,123.9500,116.6111,265400
2021-06-03,120.6500,122.0000,119.3700,120.3100,113.1866,377300
2021-06-04,121.4900,122.6900,121.2600,122.1200,114.8894,254700
2021-06-07,121.5700,122.5400,121.0000,121.9500,114.7295,309200
2021-06-08,121.6100,121.8000,120.5800,121.4200,114.2309,326100
2021-06-09,121.8800,122.5200,121.6200,121.6300,114.4284,307300
2021-06-10,122.5200,125.7000,121.8500,125.3400,117.9188,507400
2021-06-11,125.0800,125.0800,122.1800,122.8600,115.5856,250500
2021-06-14,121.1700,123.6700,120.9200,123.1100,115.8208,357700
2021-06-15,123.5700,123.8000,120.5000,121.0200,113.8545,396800
2021-06-16,120.9000,122.8100,118.7500,119.0800,112.0294,406900
2021-06-17,115.6800,115.7000,110.7200,112.0700,105.4345,751800
2021-06-18,112.2600,113.2000,109.0100,109.3100,102.8378,1154800
2021-06-21,110.5500,110.8800,109.1800,110.2300,103.7034,390500
2021-06-22,109.5500,112.0200,109.5500,110.9000,104.3337,424200
2021-06-23,111.8100,112.0700,109.9700,110.1800,103.6564,343200
2021-06-24,110.9500,112.2900,110.0000,111.9700,105.3404,484300
2021-06-25,112.6800,113.3600,111.1900,112.4000,105.7449,1562500
2021-06-28,112.7700,113.1000,111.4900,113.0000,106.3094,344000
2021-06-29,111.5200,114.2200,111.3600,114.0200,107.2690,588500
2021-06-30,114.8500,115.3200,113.2700,114.1000,107.3443,598100
2021-07-01,115.0900,115.3200,113.6900,114.5300,108.0329,427900
2021-07-02,115.8700,117.1500,115.2000,116.9400,110.3061,351500
2021-07-06,118.0600,118.3400,115.5900,116.7400,110.1175,620100
2021-07-07,117.4200,119.5600,115.6900,118.8000,112.0606,619800
2021-07-08,119.3700,119.3700,114.5100,114.8900,108.3724,579400
2021-07-09,115.1300,117.2600,115.1300,116.6800,110.0609,253300
2021-07-12,115.8300,117.1700,115.2500,115.7800,109.2119,362800
2021-07-13,116.5900,117.8600,115.9800,116.1200,109.5327,296300
2021-07-14,118.2000,118.4700,115.8000,116.4700,109.8628,291700
2021-07-15,116.6300,118.5400,115.9800,118.0900,111.3909,313700
2021-07-16,117.5800,117.9900,115.0200,115.4200,108.8724,335200
2021-07-19,114.4500,115.5100,113.3900,114.6400,108.1366,326300
2021-07-20,115.4100,117.4800,114.8900,115.7500,109.1836,532900
2021-07-21,114.4600,116.9600,114.4600,116.3200,109.7213,272900
2021-07-22,115.8600,117.0000,114.5100,116.0100,109.4289,180700
2021-07-23,115.7100,116.8000,114.6900,116.4500,109.8439,158800
2021-07-26,116.6400,118.0600,116.5500,117.2600,110.6080,277700
2021-07-27,117.3000,118.3200,116.8400,117.9000,111.2117,222200
2021-07-28,117.3900,118.8100,116.9300,118.6900,111.9569,282900
2021-07-29,120.4500,122.5400,120.3500,121.4900,114.5980,267300
2021-07-30,120.9600,122.6100,120.7100,121.5200,114.6263,225900
2021-08-02,121.4700,121.4700,119.6000,120.2900,113.4661,161700
2021-08-03,120.3900,121.7100,119.8100,120.9700,114.1075,197200
2021-08-04,121.9400,122.2700,118.4400,118.5600,111.8342,280900
2021-08-05,118.4500,118.6200,116.5500,116.8300,110.2024,206200
2021-08-06,115.3900,116.5100,114.1100,116.0600,109.4761,326000
2021-08-09,114.5900,115.4400,113.6500,114.1900,107.7122,238800
2021-08-10,114.0800,114.5400,112.4900,112.8100,106.4104,247400
2021-08-11,114.3000,115.8700,114.0700,114.9400,108.4196,335700
2021-08-12,115.1300,116.2700,111.2400,113.8500,107.3914,456700
2021-08-13,114.6900,116.2300,114.1000,116.0800,109.4949,244300
2021-08-16,116.1800,116.3600,114.4700,114.5600,108.0611,251900
2021-08-17,113.8900,114.8100,112.5300,113.4400,107.0047,306400
2021-08-18,113.7000,113.7000,110.1600,110.2000,103.9485,363100
2021-08-19,110.0000,111.4600,108.3500,109.6800,103.4580,307800
2021-08-20,109.1900,110.5000,108.5000,108.6600,102.4958,336800
2021-08-23,110.6100,112.6500,109.5100,112.1000,105.7407,287900
2021-08-24,112.5900,113.2100,111.0600,111.2800,104.9672,208200
2021-08-25,110.4000,110.8100,108.7600,109.7900,103.5618,189700
2021-08-26,109.2500,110.6700,108.6500,109.2800,103.0807,295400
2021-08-27,109.4000,113.0400,108.9600,112.5800,106.1935,276300
2021-08-30,112.6500,112.8300,110.4500,111.0400,104.7408,255300
2021-08-31,110.9700,111.7800,110.6100,111.3300,105.0144,265900
2021-09-01,111.5400,111.9900,109.5600,110.6800,104.4013,273100
2021-09-02,110.8800,111.4800,109.3600,111.3800,105.0615,324400
2021-09-03,112.3500,113.6600,111.9100,112.8700,106.4670,229500
2021-09-07,111.6100,112.2100,110.2800,110.5000,104.2315,266400
2021-09-08,111.2800,112.7900,110.0500,110.9300,104.6371,295900
2021-09-09,111.2400,111.3200,109.3200,110.1100,103.8636,209800
2021-09-10,109.9800,110.4700,108.6000,108.6600,102.4958,271500
2021-09-13,109.2600,111.0000,108.4700,109.6300,103.4108,285500
2021-09-14,110.4600,110.9600,108.9900,109.2800,103.0807,202800
2021-09-15,108.6000,110.3100,108.4000,110.0700,103.8259,261900
2021-09-16,108.0000,108.4300,104.4300,105.4000,99.4208,337600
2021-09-17,104.9800,105.1000,103.5600,104.5900,98.6567,837200
2021-09-20,104.0000,104.8000,103.1000,104.4700,98.5435,336600
2021-09-21,105.3600,105.7500,103.7400,103.8700,97.9776,251200
2021-09-22,104.1300,105.7500,102.7500,102.9700,97.1286,334500
2021-09-23,102.3400,102.5100,100.2100,100.5500,94.8459,320000
2021-09-24,100.0700,101.3000,99.6100,100.2300,94.5441,247600
2021-09-27,100.6600,102.1200,98.8700,99.0400,93.4216,347600
2021-09-28,97.9600,99.5500,97.5000,98.2600,92.6858,310400
2021-09-29,98.2600,98.5000,96.5000,96.8700,91.3747,532100
2021-09-30,97.2300,97.9600,95.2200,95.4900,90.3528,484800
2021-10-01,96.2300,96.4200,94.4500,95.0300,89.9175,449300
2021-10-04,95.0600,96.3800,94.1400,94.8100,89.7094,716800
2021-10-05,94.4200,95.0200,93.6500,94.1200,89.0565,461200
2021-10-06,93.8100,95.2200,93.0800,95.1100,89.9932,297800
2021-10-07,95.1500,96.1000,94.3200,94.7900,89.6905,396500
2021-10-08,96.6000,97.8000,94.0500,94.0700,89.0092,363100
2021-10-11,94.0700,94.9100,92.1300,92.2700,87.3060,268800
2021-10-12,93.2400,96.1300,92.0100,95.8100,90.6556,667600
2021-10-13,96.3300,98.3000,96.1900,97.0900,91.8667,475800
2021-10-14,98.2900,99.8400,97.5000,99.7400,94.3741,358400
2021-10-15,98.5000,99.7000,97.2300,98.9600,93.6361,325500
2021-10-18,98.4000,99.2300,97.5500,98.2500,92.9643,236800
2021-10-19,99.4700,99.4700,97.6300,98.3100,93.0211,227800
2021-10-20,99.1500,99.8800,98.1100,99.2000,93.8632,239800
2021-10-21,98.7600,99.1300,97.8000,98.9000,93.5793,239700
2021-10-22,100.5600,101.9500,98.3700,99.1500,93.8159,316300
2021-10-25,100.2100,102.0800,99.7000,100.4900,95.0838,411400
2021-10-26,100.2300,101.0600,99.5900,100.8500,95.4244,292700
2021-10-27,100.8400,101.6700,100.2300,101.3100,95.8597,304400
2021-10-28,101.0600,102.5000,100.3800,101.6400,96.1719,408000
2021-10-29,100.7800,101.5500,98.3500,99.0200,93.6929,576700
2021-11-01,98.8400,101.9400,98.5300,101.4600,96.0016,340600
2021-11-02,100.8900,102.1600,99.5900,102.0900,96.5977,348900
2021-11-03,100.6000,103.4200,100.3900,102.5800,97.0613,377100
2021-11-04,103.2400,108.1800,102.9200,103.9600,98.3671,528500
2021-11-05,104.0500,106.1600,103.6700,105.1600,99.5025,650800
2021-11-08,104.6600,104.6800,100.6200,102.0400,96.5504,1175800
2021-11-09,102.4100,104.4700,101.7000,104.2400,98.6320,387900
2021-11-10,106.4600,107.8200,103.0600,103.9400,98.3482,644000
2021-11-11,106.1000,106.7400,105.0200,106.2600,100.5434,509600
2021-11-12,105.5800,107.6000,105.4000,106.7100,100.9691,398900
2021-11-15,106.6000,108.1800,106.0400,107.3400,101.5653,522500
2021-11-16,107.0000,107.5600,106.7500,107.1700,101.4044,408200
2021-11-17,108.4900,108.8800,107.2500,107.6700,101.8775,468800
2021-11-18,107.3700,107.9700,106.6100,107.2100,101.4423,284900
2021-11-19,107.0000,107.3500,105.3000,105.4300,99.7580,455800
2021-11-22,104.9900,106.1600,103.3600,104.6400,99.0105,433300
2021-11-23,103.5100,104.3300,101.4700,101.8400,96.3612,425100
2021-11-24,101.4400,102.4700,101.0100,101.3100,95.8597,365000
2021-11-26,102.8600,102.8600,100.8900,102.3200,96.8153,249900
2021-11-29,102.3000,103.1000,100.4700,102.7000,97.1749,516400
2021-11-30,103.4300,104.5600,99.1800,100.0300,94.6485,531800
2021-12-01,100.8200,101.9100,97.4700,97.6500,92.3966,480300
2021-12-02,97.5000,99.5100,96.6400,98.9000,93.5793,514900
2021-12-03,99.3700,100.2000,97.9500,98.6600,93.3522,494800
2021-12-06,98.5000,99.9500,97.4800,98.0700,92.7940,524000
2021-12-07,98.5200,101.0500,98.4800,100.5600,95.1500,605900
2021-12-08,100.6500,101.4800,99.6000,101.2200,95.7745,373300
2021-12-09,100.3100,100.4800,98.3500,99.4400,94.0903,413100
2021-12-10,99.7000,99.9300,98.0400,98.1500,92.8697,508600
2021-12-13,98.1500,99.0600,97.6000,98.1100,92.8318,520600
2021-12-14,97.0300,98.9000,95.9400,96.1200,90.9489,485300
2021-12-15,96.6200,97.0600,94.0000,96.3800,91.1949,542300
2021-12-16,97.6000,98.7000,97.1300,98.0100,92.7372,498200
2021-12-17,98.6600,101.7700,98.2500,101.3100,95.8597,1496400
2021-12-20,101.3000,102.6400,99.5200,102.3000,96.7964,489700
2021-12-21,102.4600,103.8900,101.4300,103.1300,97.5818,337300
2021-12-22,103.8800,103.9900,101.8800,103.3900,97.8278,539400
2021-12-23,103.3900,104.0900,102.0700,103.6300,98.0548,396200
2021-12-27,103.6000,104.7500,102.7600,104.6300,99.0011,315700
2021-12-28,104.5000,105.3900,104.0700,104.4400,98.8213,290400
2021-12-29,103.6000,104.5600,103.2000,104.2300,98.6226,290600
2021-12-30,104.1000,105.0700,103.9100,104.7300,99.0957,255000
2021-12-31,104.9800,105.5900,104.5700,105.2100,99.5499,141100
2022-01-03,103.6700,104.8000,103.0700,103.5700,97.9981,293300
2022-01-04,104.0000,104.6900,102.3000,102.6100,97.0897,482500
2022-01-05,103.3500,104.6000,101.4000,101.6200,96.1530,450700
2022-01-06,99.9800,100.3900,97.9800,98.5500,93.5704,480100
2022-01-07,98.5000,99.8200,97.5700,99.2900,94.2730,536900
2022-01-10,99.2900,102.7800,98.9200,101.9600,96.8081,761500
2022-01-11,101.9600,102.6100,100.7000,102.3200,97.1499,575900
2022-01-12,102.3200,103.0700,101.0000,102.3700,97.1974,427100
2022-01-13,102.4300,102.7300,100.9200,101.1800,96.0675,270000
2022-01-14,101.2500,101.3700,98.7100,99.5300,94.5009,274300
2022-01-18,99.5400,100.0100,98.1400,99.4500,94.4250,398100
2022-01-19,100.2500,105.5400,100.2500,105.1300,99.8180,521900
2022-01-20,105.8500,106.4500,103.8700,103.9400,98.6881,484500
2022-01-21,104.4300,104.5600,101.3800,102.2500,97.0835,443300
2022-01-24,101.7600,102.9200,100.3500,102.5000,97.3209,812800
2022-01-25,102.3100,104.0600,101.8700,103.2000,97.9855,765600
2022-01-26,102.0700,103.5000,101.4200,101.6200,96.4853,1164900
2022-01-27,100.6000,102.4200,99.6900,99.9700,94.9187,746800
2022-01-28,99.0100,99.8900,97.9600,99.3000,94.2825,871600
2022-01-31,99.6500,102.2000,98.6600,101.5500,96.4188,2220400
2022-02-01,102.2700,103.4300,101.3000,102.9000,97.7006,469600
2022-02-02,103.4500,104.9600,102.1500,103.9300,98.6786,513300
2022-02-03,103.4700,103.6300,101.6600,101.8000,96.6562,315800
2022-02-04,101.4900,103.4300,101.2100,102.2300,97.0645,279200
2022-02-07,103.0000,105.0500,101.7800,104.4700,99.1913,351400
2022-02-08,104.7500,106.4400,104.5300,106.3500,100.9763,409900
2022-02-09,106.4400,107.2900,105.1300,105.3800,100.0553,482900
2022-02-10,104.5900,106.0000,100.7500,101.3800,96.2574,491800
2022-02-11,101.7700,108.7200,101.6300,108.2400,102.7708,567400
2022-02-14,109.0000,109.5300,107.4300,109.0400,103.5304,443300
2022-02-15,106.8300,109.3100,105.5200,109.0100,103.5019,575400
2022-02-16,110.0000,111.2900,109.6000,110.4200,104.8407,518100
2022-02-17,112.5800,119.9800,111.5100,118.7900,112.7877,855700
2022-02-18,119.5400,120.4600,117.4500,120.0600,113.9936,808400
2022-02-22,122.0600,123.1600,118.5300,118.5500,112.5599,863100
2022-02-23,117.8000,120.7900,116.9100,119.7400,113.6897,775600
2022-02-24,124.4000,125.0600,114.2900,116.3400,110.4615,674200
2022-02-25,115.5700,120.6600,114.8700,120.5000,114.4113,445300
2022-02-28,121.2400,122.2100,120.3400,121.2600,115.1329,577500
2022-03-01,121.5800,128.1700,121.5800,126.9200,120.5070,847200
2022-03-02,124.2000,126.6700,123.5300,126.1300,119.7569,568800
2022-03-03,126.5000,127.4100,124.8900,126.6900,120.2886,400300
2022-03-04,127.7200,129.3700,127.2500,128.5500,122.0546,573800
2022-03-07,129.2500,131.1000,127.1200,129.4900,122.9471,776700
2022-03-08,130.6900,134.0000,129.0700,130.4900,123.8966,925700
2022-03-09,123.0200,131.7800,123.0000,131.3700,124.7321,670900
2022-03-10,131.9500,137.1500,131.5000,136.2000,129.3181,983800
2022-03-11,132.7000,138.7000,131.8700,137.1800,130.2485,796600
2022-03-14,134.5400,136.0300,132.2900,133.8100,127.0488,746400
2022-03-15,130.6800,137.2000,130.5300,136.1500,129.2706,563000
2022-03-16,135.9600,137.3600,133.0400,134.9500,128.1312,622700
2022-03-17,136.5300,139.7100,135.7600,136.6100,129.7073,555500
2022-03-18,136.4800,137.4900,134.2500,137.1600,130.2296,1613400
2022-03-21,137.7300,140.9600,137.7300,139.2200,132.1854,556000
2022-03-22,138.7000,139.0900,136.3800,137.4100,130.4669,463000
2022-03-23,138.2700,141.5100,137.5100,140.7900,133.6761,402000
2022-03-24,141.5000,142.6700,139.0100,140.2800,133.1919,467000
2022-03-25,139.0400,140.5000,137.7900,140.3300,133.2393,468500
2022-03-28,139.3700,141.3300,138.1200,139.7400,132.6792,368400
2022-03-29,136.8000,141.1900,135.2500,141.0000,133.8755,458600
2022-03-30,141.5000,142.4600,140.4400,142.4000,135.2048,334100
2022-03-31,142.2000,143.3500,141.0000,141.2800,134.4719,382800
2022-04-01,140.1300,146.6200,140.1300,146.3300,139.2785,527100
2022-04-04,146.3300,147.5200,143.1800,144.9200,137.9364,376700
2022-04-05,144.2000,146.3300,140.7800,141.9700,135.1286,683300
2022-04-06,142.2000,144.9000,141.8100,143.1600,136.2613,533500
2022-04-07,143.4000,144.8100,143.0800,144.2300,137.2797,392000
2022-04-08,145.0000,146.3100,143.9700,145.0500,138.0602,369500
2022-04-11,147.6800,147.7000,143.4600,144.4000,137.4415,443700
2022-04-12,145.4300,146.8100,143.4200,143.6200,136.6991,431000
2022-04-13,144.4700,145.6800,143.3600,144.6200,137.6509,503900
2022-04-14,143.8100,145.0600,142.4500,144.9300,137.9460,458700
2022-04-18,146.4300,147.0600,143.3300,143.4200,136.5087,380700
2022-04-19,142.6400,143.5000,141.1100,142.1100,135.2619,331500
2022-04-20,142.1000,144.4600,141.5000,144.2300,137.2797,323300
2022-04-21,143.4500,143.4500,138.3400,140.0400,133.2916,480100
2022-04-22,137.9300,139.5300,135.5300,137.2900,130.6742,552600
2022-04-25,133.7200,136.1700,130.7000,134.9600,128.4564,870500
2022-04-26,135.9900,135.9900,131.3400,131.5000,125.1631,603200
2022-04-27,132.0000,132.9200,130.0500,130.3100,124.0305,479400
2022-04-28,130.3700,131.7100,129.0300,131.3600,125.0299,510200
2022-04-29,132.7000,133.2100,129.4500,130.4800,124.1923,1365000
2022-05-02,127.9300,131.3900,127.5400,130.3200,124.0400,717000
2022-05-03,130.3800,133.0000,130.3800,131.2200,124.8966,374800
2022-05-04,130.3200,133.3800,129.5200,133.2100,126.7907,529000
2022-05-05,136.6700,137.3300,130.1700,132.5800,126.1911,520700
2022-05-06,131.3200,133.3800,129.1800,130.1400,123.8687,468800
2022-05-09,127.1600,127.6500,122.6900,123.5800,117.6248,546100
2022-05-10,124.4800,125.1300,120.4500,121.4800,115.6260,720300
2022-05-11,122.9600,125.0800,121.6600,122.1700,116.2827,462100
2022-05-12,120.6200,121.9200,116.2500,117.8800,112.1995,661500
2022-05-13,117.7000,119.5900,116.4500,118.0000,112.3137,398100
2022-05-16,118.0800,118.4300,116.0800,116.6000,110.9812,355300
2022-05-17,118.2100,118.5700,115.4100,116.4300,110.8194,407200
2022-05-18,116.3000,117.0200,112.2500,112.3000,106.8884,480400
2022-05-19,113.7200,116.7700,113.7200,115.9200,110.3340,549800
2022-05-20,115.3900,115.4300,112.1000,114.4100,108.8967,572000
2022-05-23,116.4200,117.3100,113.5900,113.8700,108.3827,506700
2022-05-24,114.5900,115.8500,113.3200,114.8000,109.2679,547500
2022-05-25,113.7900,115.4400,113.2500,114.8300,109.2965,404600
2022-05-26,114.7300,115.3100,113.7900,115.0200,109.4773,607500
2022-05-27,116.2300,116.9700,114.6800,115.3300,109.7724,513900
2022-05-31,115.8100,116.7300,112.6100,113.0800,107.6308,615400
2022-06-01,113.7600,115.5000,112.1300,114.4400,108.9253,483100
2022-06-02,115.6200,118.7300,115.6200,118.6000,112.8848,484000
2022-06-03,117.0000,118.3300,115.3600,116.0600,110.4672,463300
2022-06-06,116.7100,117.2700,114.0000,114.8400,109.3060,481200
2022-06-07,114.4700,116.5800,114.4700,116.4800,110.8670,422600
2022-06-08,116.0000,116.1400,114.6200,115.1800,109.6296,602000
2022-06-09,114.5500,114.9400,110.9200,111.0200,105.6701,644500
2022-06-10,110.0800,115.7200,108.8900,114.8400,109.3060,593900
2022-06-13,113.0000,113.6000,108.1500,109.0400,103.7855,705000
2022-06-14,108.3800,109.0000,105.4100,105.8300,100.7302,857100
2022-06-15,107.9900,109.3000,103.5800,107.0700,101.9104,947200
2022-06-16,106.2800,109.7700,105.4300,109.1900,103.9282,692500
2022-06-17,109.2000,110.0500,108.1200,108.9300,103.6808,1304000
2022-06-21,108.4200,111.2400,108.3300,109.6900,104.4042,396400
2022-06-22,109.4700,111.5400,108.6900,109.2000,103.9378,318200
2022-06-23,108.9700,110.5000,106.5200,107.2800,102.1103,403800
2022-06-24,107.4400,109.8500,106.1700,109.6800,104.3946,771300
2022-06-27,109.8400,110.5400,108.1900,110.1500,104.8420,433200
2022-06-28,110.6600,110.9800,109.5500,110.2900,104.9752,468000
2022-06-29,111.3300,111.7700,108.8800,109.7600,104.4708,396200
2022-06-30,109.6400,109.9200,106.3100,106.7800,101.9595,367600
2022-07-01,105.7900,110.7300,105.2800,110.2500,105.2729,373100
2022-07-05,110.0000,110.1400,104.7800,107.7000,102.8380,620200
2022-07-06,107.9800,108.0600,103.7700,106.6600,101.8449,501900
2022-07-07,106.9100,108.9400,106.5000,108.0400,103.1626,348700
2022-07-08,108.2500,109.7000,106.9900,107.7900,102.9239,488300
2022-07-11,107.3800,109.5700,106.7900,108.7100,103.8024,455700
2022-07-12,108.9000,109.1300,104.5800,105.2500,100.4986,701600
2022-07-13,104.3400,108.9300,104.3400,106.6100,101.7972,462800
2022-07-14,103.3900,104.3900,101.1000,103.7600,99.0759,476000
2022-07-15,104.5000,104.5000,102.3500,103.4000,98.7321,435100
2022-07-18,104.1100,105.2800,102.4000,102.4600,97.8346,411700
2022-07-19,102.5000,103.9000,102.2100,103.0800,98.4266,414100
2022-07-20,103.1000,103.6700,99.5400,99.7300,95.2278,601400
2022-07-21,100.5300,104.0900,100.1400,102.7400,98.1019,544700
2022-07-22,103.9000,105.4000,101.8100,102.3100,97.6913,376000
2022-07-25,102.3000,102.6900,99.5700,100.5000,95.9630,471600
2022-07-26,100.9700,103.3000,100.9700,102.9600,98.3120,438400
2022-07-27,102.9600,104.4600,101.2700,103.7300,99.0472,416400
2022-07-28,105.5000,107.1200,103.7800,104.5000,99.7824,455900
2022-07-29,105.4900,105.4900,102.5000,104.7700,100.0403,951600
2022-08-01,105.1000,105.6600,103.1300,105.5900,100.8232,429600
2022-08-02,105.5000,106.0400,103.3900,104.3300,99.6201,703600
2022-08-03,103.9200,103.9400,101.2200,101.7100,97.1184,577900
2022-08-04,103.8300,103.8300,98.2200,102.6900,98.0541,1002500
2022-08-05,100.9300,102.7100,98.4900,102.6700,98.0350,716100
2022-08-08,104.1700,105.5000,103.0800,104.7200,99.9925,609200
2022-08-09,105.4000,105.7400,103.1200,104.1200,99.4196,533200
2022-08-10,104.8500,105.2800,103.4200,104.0800,99.3814,512100
2022-08-11,104.1600,104.2000,101.1500,101.4500,96.8701,611800
2022-08-12,102.1500,103.2500,101.9200,102.8600,98.2165,462100
2022-08-15,100.5800,101.4900,99.6200,100.8600,96.3068,506800
2022-08-16,100.8900,101.8100,99.2400,101.6700,97.0802,394500
2022-08-17,101.3700,101.3700,99.1800,99.8900,95.3806,717400
2022-08-18,100.0000,101.1000,99.7800,100.1500,95.6288,591200
2022-08-19,99.9700,99.9700,96.9300,97.2000,92.8120,535600
2022-08-22,96.3000,98.3000,96.3000,97.2400,92.8502,360500
2022-08-23,97.2500,99.5400,97.2500,98.8600,94.3970,546900
2022-08-24,98.5400,100.5700,97.7700,100.0400,95.5238,300100
2022-08-25,100.4400,100.6600,98.7900,99.5500,95.0559,339900
2022-08-26,99.5800,99.7100,95.6200,96.2600,91.9144,342900
2022-08-29,96.1800,96.8600,95.1200,95.2700,90.9691,281500
2022-08-30,95.0000,95.0200,93.6200,93.9800,89.7374,507700
2022-08-31,93.6200,94.2100,91.8100,91.9000,87.7512,774300
2022-09-01,90.5200,91.7000,88.6400,89.0400,85.0204,576300
2022-09-02,90.3800,92.1100,89.2800,90.4500,86.3667,588700
2022-09-06,91.3500,91.9500,90.5100,91.4800,87.3502,578600
2022-09-07,91.2600,95.0400,91.1600,94.2600,90.0047,449300
2022-09-08,93.7300,95.1900,93.1800,94.4400,90.1766,429400
2022-09-09,95.3400,96.4600,94.7700,96.0500,91.7139,330500
2022-09-12,97.1400,97.2600,95.5600,96.1400,91.7999,445500
2022-09-13,93.2900,95.2200,93.0000,93.3700,89.1549,495800
2022-09-14,93.5700,94.8800,92.9900,93.5900,89.3650,382000
2022-09-15,92.8900,93.5600,90.6900,91.7100,87.5698,643900
2022-09-16,91.3400,94.7200,90.3700,93.2600,89.0499,891500
2022-09-19,92.2000,94.1800,91.8000,93.7200,89.4891,397500
2022-09-20,92.4100,93.3000,91.1500,92.6400,88.4578,367400
2022-09-21,93.4300,94.6100,91.7300,92.3800,88.2096,393600
2022-09-22,92.9400,93.7700,91.2200,91.8800,87.7322,310500
2022-09-23,89.8700,89.9500,87.0600,88.2000,84.2183,512300
2022-09-26,87.4500,88.4300,84.5400,86.4600,82.5569,529300
2022-09-27,87.5600,88.2900,86.1500,86.6600,82.7478,412700
2022-09-28,88.2000,93.0000,88.2000,92.8400,88.6488,682500
2022-09-29,92.3000,93.7900,91.6600,92.9200,88.7252,592300
2022-09-30,92.4000,95.3000,92.2900,93.8200,89.5846,545600
2022-10-03,95.3100,97.9400,94.2000,96.4600,92.1054,645200
2022-10-04,97.8800,99.7700,97.5900,99.1100,94.6358,419800
2022-10-05,97.1900,97.7300,95.6900,97.4900,93.0889,328100
2022-10-06,96.7600,99.6600,96.7600,99.4300,95.2834,435700
2022-10-07,97.9900,98.3300,93.7100,93.8800,89.9649,578800
2022-10-10,93.2500,95.2100,92.5600,93.7900,89.8786,334000
2022-10-11,93.7900,96.7800,93.1100,94.7900,90.8369,462500
2022-10-12,94.8200,96.0000,93.4200,94.3200,90.3865,316500
2022-10-13,91.1100,93.6200,87.6800,92.5900,88.7287,503700
2022-10-14,91.8500,91.8900,89.0700,89.5300,85.7963,382300
2022-10-17,91.4800,93.7600,91.2700,91.6700,87.8470,471900
2022-10-18,92.8700,93.5800,92.2500,93.4800,89.5815,407900
2022-10-19,91.1700,91.7100,90.0000,90.8000,87.0133,482800
2022-10-20,91.1300,93.2900,90.4500,91.5800,87.7608,342200
2022-10-21,92.4800,95.9400,91.5700,95.3000,91.3256,483500
2022-10-24,94.2600,94.9100,93.2200,94.4300,90.4919,294000
2022-10-25,94.8500,96.4300,94.6200,96.3600,92.3414,294500
2022-10-26,97.2600,99.9200,97.0300,98.4500,94.3443,406200
2022-10-27,98.4900,98.8900,96.9500,97.0600,93.0122,304600
2022-10-28,96.0000,96.7500,95.2400,96.6500,92.6193,245300
2022-10-31,95.7700,96.4900,94.4600,94.9600,90.9998,600700
2022-11-01,96.8100,97.4400,95.6400,97.1300,93.0793,480000
2022-11-02,97.8500,98.1500,91.9300,92.0700,88.2303,651300
2022-11-03,89.6500,89.8100,86.7500,87.5700,83.9180,967500
2022-11-04,90.4000,96.0200,90.4000,95.6800,91.6898,869100
2022-11-07,95.6900,97.2700,95.3700,95.8600,91.8623,495300
2022-11-08,95.8800,102.4200,95.6500,101.4300,97.2000,556300
2022-11-09,101.0000,102.2600,99.8300,100.6700,96.4717,493900
2022-11-10,104.5900,106.6400,104.4000,105.0300,100.6499,535200
2022-11-11,105.5300,106.3300,103.0700,105.1000,100.7169,317700
2022-11-14,104.7600,106.8000,103.0200,106.4800,102.0394,377000
2022-11-15,107.5600,107.9900,104.6100,105.6500,101.2440,347800
2022-11-16,105.6500,106.7300,104.9300,105.7100,101.3015,276600
2022-11-17,103.2900,104.1600,101.9300,102.9500,98.6566,279000
2022-11-18,101.6400,104.4700,101.6400,104.4000,100.0462,221400
2022-11-21,104.3400,105.1200,103.6300,104.9900,100.6115,217100
2022-11-22,105.9100,110.1200,105.8400,109.4800,104.9143,408100
2022-11-23,108.9600,110.7100,107.6600,110.1000,105.5084,284100
2022-11-25,109.3400,109.7000,107.9200,108.5200,103.9943,136100
2022-11-28,108.0100,108.3400,105.0800,105.2100,100.8224,275900
2022-11-29,106.6700,109.0400,106.5000,108.7300,104.1956,933300
2022-11-30,109.9000,112.7400,108.4400,112.3300,107.6454,660300
2022-12-01,114.6100,116.0400,112.5400,114.0000,109.2458,603900
2022-12-02,112.0700,114.6300,111.8100,113.7200,108.9775,381500
2022-12-05,112.6400,112.6400,110.0400,110.4700,105.8630,378000
2022-12-06,111.8600,112.4900,110.2300,110.6700,106.0546,388400
2022-12-07,112.0500,113.1300,110.6600,111.6000,106.9459,341700
2022-12-08,112.5300,113.1300,111.3500,111.9900,107.3196,311400
2022-12-09,112.8000,113.6300,110.4000,110.5500,105.9397,328700
2022-12-12,109.1800,109.6300,106.7600,108.9900,104.4447,561000
2022-12-13,112.7800,113.7300,110.6800,112.4400,107.7508,520600
2022-12-14,112.2700,113.1600,110.3200,111.5600,106.9075,548300
2022-12-15,108.8400,109.7300,106.5800,106.9500,102.4898,526900
2022-12-16,106.4400,108.2800,106.3500,107.4000,102.9210,1812600
2022-12-19,107.9300,108.2800,105.7800,106.5300,102.0873,424100
2022-12-20,109.0000,111.7600,108.6500,110.3900,105.7863,529100
2022-12-21,111.0900,112.7000,110.6600,111.9800,107.3100,470900
2022-12-22,111.1500,111.8500,109.7300,111.7900,107.1279,443700
2022-12-23,112.4900,113.7000,110.9100,112.8400,108.1342,340600
2022-12-27,113.3400,115.8900,113.0000,114.4100,109.6387,340000
2022-12-28,113.5300,114.0600,111.2100,111.5000,106.8500,321900
2022-12-29,112.8700,113.4100,111.9800,112.2500,107.5688,368400
2022-12-30,112.6500,112.9500,111.5000,112.7200,108.0192,302900
2023-01-03,114.2900,116.9800,114.2900,116.8300,111.9578,584500
2023-01-04,118.7700,120.9700,118.7700,119.2200,114.2481,682100
2023-01-05,117.4200,120.6200,116.7600,120.5300,115.8679,358200
2023-01-06,123.0200,126.4800,122.3000,124.7900,119.9631,623800
2023-01-09,125.7900,125.8000,122.2100,122.4100,117.6752,543100
2023-01-10,122.4000,124.7700,121.7600,124.7300,119.9054,397500
2023-01-11,124.8900,125.1200,122.5100,124.4300,119.6171,399400
2023-01-12,126.0000,127.8400,124.2600,126.7800,121.8762,338300
2023-01-13,127.0400,129.2200,127.0100,128.6500,123.6738,436900
2023-01-17,127.9200,127.9400,123.6300,123.8600,119.0691,635500
2023-01-18,125.2600,126.4300,122.4400,122.5900,117.8482,301200
2023-01-19,123.1400,125.7300,122.4300,125.1100,120.2708,396700
2023-01-20,123.9700,126.2800,123.6100,126.0700,121.1936,264000
2023-01-23,125.2100,126.6200,124.2000,126.3400,121.4532,306500
2023-01-24,125.0400,128.6000,125.0400,128.3100,123.3470,314700
2023-01-25,127.5000,131.8900,127.5000,131.4300,126.3463,459600
2023-01-26,131.2300,131.6000,128.1300,129.7200,124.7024,391700
2023-01-27,129.2000,129.2300,127.6100,128.1600,123.2028,238700
2023-01-30,127.9400,128.8400,127.5200,127.8500,122.9048,350000
2023-01-31,126.8900,127.6500,125.6200,127.0300,122.1165,1094900
2023-02-01,126.5000,131.4300,126.3900,130.5700,125.5196,453600
2023-02-02,130.7600,131.2500,126.2500,127.9100,122.9625,402800
2023-02-03,125.3200,126.3200,122.8800,124.4900,119.6747,468500
2023-02-06,123.4200,126.0000,122.7200,125.4400,120.5880,684600
2023-02-07,125.8800,127.1500,124.3000,126.1000,121.2225,643200
2023-02-08,126.4300,127.5500,125.2300,126.1700,121.2898,386300
2023-02-09,126.9700,126.9700,123.1900,123.3500,118.5788,318100
2023-02-10,123.2000,124.3700,122.1000,123.7700,118.9826,438600
2023-02-13,122.9500,124.5800,122.0200,124.0300,119.2325,341000
2023-02-14,123.6300,126.3000,122.1300,125.9100,121.0398,462900
2023-02-15,122.9900,123.9500,122.7100,123.2200,118.4539,391400
2023-02-16,122.2600,124.1800,121.4500,122.7600,118.0117,546700
2023-02-17,121.5500,122.7600,119.7700,121.9400,117.2234,343600
2023-02-21,121.5100,122.7900,120.5300,121.4400,116.7427,357800
2023-02-22,121.0000,121.0000,118.1100,119.3700,114.7528,441100
2023-02-23,119.3000,119.6500,117.2100,117.5600,113.0128,416600
2023-02-24,116.1000,117.0600,115.6100,116.5400,112.0322,469000
2023-02-27,117.1900,118.4900,116.9300,118.2500,113.6761,323800
2023-02-28,118.2500,120.4600,117.6700,118.7900,114.1952,476700
2023-03-01,120.4600,121.7700,119.4000,120.8000,116.1275,295600
2023-03-02,119.4000,120.7300,119.0800,120.7000,116.0313,321100
2023-03-03,122.1500,122.3600,120.1300,120.4700,115.8102,544800
2023-03-06,119.7600,120.0000,116.2700,117.4600,112.9167,752200
2023-03-07,116.0200,116.7400,111.6500,112.9000,108.5330,558200
2023-03-08,113.1900,113.9600,111.5300,111.9800,107.6486,419400
2023-03-09,113.1700,114.5000,112.4300,112.9100,108.5427,395000
2023-03-10,114.2200,116.4300,113.3000,113.4400,109.0522,643700
2023-03-13,117.1000,120.0400,116.5000,118.2600,113.6857,779100
2023-03-14,118.6900,120.0300,117.4800,119.8800,115.2431,563000
2023-03-15,121.4500,122.6800,119.1600,120.5600,115.8968,652300
2023-03-16,121.1000,121.1000,117.5500,120.0600,115.4161,439000
2023-03-17,121.7000,126.1400,121.1000,125.4500,120.5976,1392900
2023-03-20,126.1800,127.0000,123.6200,125.9400,121.0686,576900
2023-03-21,124.2200,124.7700,120.5700,121.8900,117.1753,557400
2023-03-22,121.7600,124.4100,121.1800,122.0400,117.3195,419500
2023-03-23,122.6300,126.4200,121.6800,124.7800,119.9535,377300
2023-03-24,125.8200,128.0900,124.6200,126.4400,121.5493,418300
2023-03-27,123.6600,126.6600,123.1900,125.9800,121.1071,345100
2023-03-28,126.1700,127.2900,123.9800,126.8200,121.9146,548900
2023-03-29,125.6000,127.9900,125.4200,127.8200,122.8759,348200
2023-03-30,128.8200,129.6500,127.4400,129.4100,124.4044,342400
2023-03-31,129.4500,129.8400,127.9800,129.7100,124.6928,424600
2023-04-03,129.7100,132.4000,128.8600,131.6100,126.5194,500000
2023-04-04,131.2000,136.6600,130.3700,136.0400,130.7780,840500
2023-04-05,137.0100,137.5400,134.3900,136.4000,131.4865,823600
2023-04-06,135.7900,138.0400,134.5200,137.9200,132.9517,396000
2023-04-10,136.5300,137.2900,135.7100,136.8100,131.8817,386000
2023-04-11,137.8300,140.4700,137.2400,138.4300,133.4434,428600
2023-04-12,140.7900,141.6300,138.6000,140.2500,135.1978,384900
2023-04-13,142.1100,144.9600,141.4600,143.8800,138.6971,623800
2023-04-14,142.1800,143.9800,139.1100,141.3700,136.2775,508700
2023-04-17,140.7200,140.7200,137.5800,138.9100,133.9061,371700
2023-04-18,139.6600,141.2900,138.4000,139.4700,134.4459,336300
2023-04-19,137.2000,139.5600,136.8100,137.7800,132.8168,403200
2023-04-20,138.8800,138.8800,130.1200,130.8000,126.0882,981900
2023-04-21,129.4100,130.7900,128.1000,130.0100,125.3267,713200
2023-04-24,130.1800,132.4300,129.4000,132.1400,127.3799,437200
2023-04-25,131.1100,134.3100,131.1100,134.0500,129.2211,430400
2023-04-26,134.8800,135.2400,132.0800,132.9700,128.1801,464100
2023-04-27,132.3800,134.9300,131.2700,134.7100,129.8574,372600
2023-04-28,135.0000,135.8200,131.6800,132.4400,127.6691,634300
2023-05-01,134.7100,135.2500,133.0900,133.1800,128.3825,276400
2023-05-02,132.9700,138.2500,132.6200,137.0600,132.1227,402800
2023-05-03,137.3400,139.0600,136.9300,137.5000,132.5469,410700
2023-05-04,140.9500,147.8200,140.0400,143.3500,138.1862,854100
2023-05-05,140.0000,142.6500,138.3700,141.6000,136.4992,440900
2023-05-08,142.5700,143.8900,140.3500,141.1600,136.0750,336700
2023-05-09,140.6400,142.8000,140.6300,140.9200,135.8437,281600
2023-05-10,141.0800,141.6200,138.7000,140.3200,135.2653,229000
2023-05-11,138.0000,138.5000,135.4000,135.6900,130.8021,417100
2023-05-12,135.4100,137.1900,135.4100,136.5800,131.6600,291800
2023-05-15,137.2200,138.4000,136.7500,137.3300,132.3830,292200
2023-05-16,136.9000,137.3600,133.3600,134.1900,129.3561,290900
2023-05-17,133.8700,133.9200,131.4100,132.4900,127.7174,358900
2023-05-18,130.7100,130.7100,127.7800,129.4400,124.7772,323600
2023-05-19,129.9800,131.7600,128.7300,129.5000,124.8351,343500
2023-05-22,129.0700,129.9200,128.6300,128.9100,124.2663,209700
2023-05-23,128.2300,128.5900,126.3600,127.0400,122.4637,274600
2023-05-24,127.4600,127.4900,124.8700,125.0200,120.5164,251200
2023-05-25,124.5000,124.8900,123.1600,123.8300,119.3693,260600
2023-05-26,124.7700,125.3000,122.5000,123.5800,119.1283,208100
2023-05-30,123.7700,123.9400,120.9100,121.0700,116.7087,333900
2023-05-31,121.7000,124.8100,121.2300,123.8400,119.3790,464900
2023-06-01,124.5900,127.9800,124.5900,126.7700,122.2034,314200
2023-06-02,126.4000,127.2200,122.3700,123.4900,119.0415,438500
2023-06-05,121.2700,122.6700,121.0300,122.0900,117.6920,364700
2023-06-06,122.1800,122.7500,121.4900,122.5800,118.1643,303200
2023-06-07,122.9900,124.1200,119.6000,120.5700,116.2268,415300
2023-06-08,122.4200,123.5500,119.5500,120.8300,116.4774,665400
2023-06-09,120.8300,120.9000,117.3700,119.1800,114.8868,449500
2023-06-12,118.7900,120.5100,117.8800,120.1900,115.8604,505100
2023-06-13,121.1900,121.9800,118.0600,119.0800,114.7904,422800
2023-06-14,120.6800,120.6800,116.8800,117.7600,113.5180,426700
2023-06-15,117.6100,118.4900,116.2200,117.3500,113.1227,446700
2023-06-16,117.5800,119.6400,116.2400,117.6100,113.3734,1369200
2023-06-20,116.6700,116.6700,112.8300,113.2700,109.1897,654400
2023-06-21,112.7500,113.8000,111.1200,113.2500,109.1704,507200
2023-06-22,112.5100,114.0900,112.2000,113.9500,109.8452,292200
2023-06-23,114.1500,116.3300,113.7400,114.0100,109.9031,603200
2023-06-26,114.7600,115.4500,113.7400,114.2500,110.1344,258500
2023-06-27,114.0900,115.2400,111.8500,112.5200,108.4667,391500
2023-06-28,112.1300,112.9300,110.8100,111.5900,107.5702,367200
2023-06-29,110.8900,113.1400,110.1200,113.0000,108.9294,317500
2023-06-30,113.6300,115.0200,113.0900,114.7800,110.6453,433900
2023-07-03,115.4900,116.8100,114.7300,116.6600,112.4576,266000
2023-07-05,117.2100,117.4400,114.4300,114.5000,110.3754,461100
2023-07-06,113.5800,113.8100,111.4200,113.1000,109.3841,499400
2023-07-07,114.3200,117.1200,114.3200,116.1300,112.3145,678600
2023-07-10,115.1300,118.3600,115.1300,117.7200,113.8523,445100
2023-07-11,118.1300,118.4900,115.9200,117.0300,113.1850,499000
2023-07-12,118.8200,122.2300,118.6700,122.1800,118.1657,377100
2023-07-13,122.5200,123.3800,121.5200,122.3200,118.3011,360900
2023-07-14,121.7400,122.9100,120.7500,121.1100,117.1309,265400
2023-07-17,120.3400,121.1300,119.4000,120.5200,116.5603,303100
2023-07-18,121.3600,122.7900,120.5700,121.8000,117.7982,481600
2023-07-19,121.8900,122.7800,120.8800,122.0000,117.9917,296500
2023-07-20,122.2600,122.6900,120.3100,120.5400,116.5796,403100
2023-07-21,120.4300,122.0200,120.1000,121.9500,117.9433,306400
2023-07-24,121.9500,122.0900,120.7200,121.5400,117.5468,333600
2023-07-25,121.5400,123.0200,121.4200,122.8700,118.8331,334100
2023-07-26,122.8700,123.0500,121.5500,122.3600,118.3398,345900
2023-07-27,120.7400,120.9300,117.8100,118.5000,114.6067,567600
2023-07-28,119.2800,119.8400,118.0700,118.5700,114.6744,340300
2023-07-31,119.0000,121.3200,119.0000,120.1400,116.1928,959300
2023-08-01,118.0600,118.2700,115.5800,115.7800,111.9760,447500
2023-08-02,115.6800,115.9200,113.0500,113.1800,109.4614,632800
2023-08-03,115.1800,115.7800,112.0500,112.6100,108.9102,517200
2023-08-04,113.1300,114.5200,112.2200,113.3900,109.6646,616000
2023-08-07,113.1200,113.8300,112.2100,113.3500,109.6259,377600
2023-08-08,112.0000,113.3100,111.5500,112.3600,108.6684,441200
2023-08-09,112.7800,113.7900,112.3700,113.5400,109.8096,303300
2023-08-10,114.0600,114.7900,112.8200,113.2500,109.5291,347600
2023-08-11,112.4900,113.8300,112.1700,113.7700,110.0321,367100
2023-08-14,112.6400,113.2700,111.7600,112.9700,109.2584,319200
2023-08-15,112.4200,112.9000,108.8300,109.5100,105.9120,393700
2023-08-16,109.0100,109.2400,107.6900,107.9900,104.4420,261000
2023-08-17,108.1300,108.3500,106.6000,106.8300,103.3201,304200
2023-08-18,106.8200,107.3800,106.3300,106.9900,103.4748,523800
2023-08-21,107.0100,107.7800,106.3000,107.7000,104.1615,429700
2023-08-22,107.8200,108.5400,107.0800,108.2900,104.7321,325500
2023-08-23,108.9200,111.2300,108.7200,110.7800,107.1403,525300
2023-08-24,110.2200,111.3800,108.7600,110.8500,107.2080,311400
2023-08-25,110.8500,111.3400,108.9100,110.4100,106.7825,255400
2023-08-28,110.5400,112.1600,110.5400,111.6400,107.9720,283100
2023-08-29,110.9700,113.4500,110.9700,113.3800,109.6549,322600
2023-08-30,113.8500,114.5100,112.6700,113.4600,109.7322,277900
2023-08-31,113.4600,113.9100,111.3500,112.0900,108.4073,309500
2023-09-01,113.4100,113.4500,111.3600,111.4400,107.7786,187300
2023-09-05,110.1000,110.5400,107.1700,108.1900,104.6354,314700
2023-09-06,107.6700,108.8500,106.6000,108.7300,105.1577,235500
2023-09-07,108.6700,109.6400,107.6600,109.3300,105.7379,250500
2023-09-08,109.6900,110.9200,108.7600,108.9100,105.3317,251600
2023-09-11,110.4100,110.6000,108.6300,109.5500,105.9507,262000
2023-09-12,108.1900,110.1200,108.1900,109.0100,105.4285,172100
2023-09-13,108.7700,109.8700,108.5700,109.7900,106.1828,324300
2023-09-14,109.6100,111.8100,109.2300,110.6200,106.9855,367200
2023-09-15,111.2100,113.1200,111.2100,112.5700,108.8715,868400
2023-09-18,113.1200,113.9900,111.8900,113.8500,110.1094,280900
2023-09-19,114.2600,114.5000,113.0900,114.0400,110.2932,334100
2023-09-20,113.9800,116.3200,113.9800,115.4600,111.6665,266800
2023-09-21,113.5800,114.9100,112.8400,113.4100,109.6839,417200
2023-09-22,113.9900,115.0000,112.2200,112.3100,108.6200,263900
2023-09-25,112.0000,112.3100,109.8900,110.4300,106.8018,374200
2023-09-26,109.6300,110.2100,108.6100,108.6700,105.0996,326800
2023-09-27,108.0000,108.0000,104.9000,106.0200,102.5367,374300
2023-09-28,105.7300,107.0000,105.2000,106.7600,103.2524,340200
2023-09-29,108.2100,108.2100,105.3600,106.3300,102.8365,327400
2023-10-02,105.4700,105.4900,102.2100,102.8700,99.4902,343600
2023-10-03,102.2200,104.3700,101.8200,103.2700,99.8770,314800
2023-10-04,103.4900,103.5000,101.8900,103.0100,99.6256,410200
2023-10-05,102.2500,103.8900,102.0100,103.8200,100.7758,379600
2023-10-06,104.0800,105.6300,103.4900,104.5400,101.4747,386900
2023-10-09,106.2500,106.9000,105.1100,105.7300,102.6298,299900
2023-10-10,105.6200,106.5300,105.4700,106.0100,102.9016,393700
2023-10-11,107.5300,108.0100,105.9400,107.0400,103.9014,334700
2023-10-12,106.9600,107.3800,104.5300,105.5000,102.4066,317600
2023-10-13,108.4500,109.5800,107.7200,108.8800,105.6875,498300
2023-10-16,108.6400,110.7000,107.9300,109.6900,106.4737,279400
2023-10-17,109.7400,112.3900,109.5800,112.0400,108.7548,434700
2023-10-18,113.2200,114.3700,110.9300,111.0600,107.8036,419400
2023-10-19,111.0700,111.7900,109.5900,111.0700,107.8133,378200
2023-10-20,111.5000,113.1100,110.1900,110.2100,106.9785,341800
2023-10-23,109.5700,110.2200,107.6500,108.3100,105.1342,365500
2023-10-24,107.9200,109.2800,107.3700,108.9100,105.7166,293300
2023-10-25,108.1000,110.0400,107.0500,107.0700,103.9305,317700
2023-10-26,107.0700,107.6500,104.4300,105.3100,102.2222,476900
2023-10-27,105.5500,106.7300,104.3300,106.5700,103.4452,459800
2023-10-30,106.7800,106.9200,105.4100,106.2200,103.1055,367100
2023-10-31,106.0300,106.8700,103.5800,104.3300,101.2709,544300
2023-11-01,104.2800,104.8700,103.0900,104.6900,101.6203,492400
2023-11-02,105.8300,106.6600,104.1800,106.6300,103.5034,532500
2023-11-03,108.1100,111.9600,107.4500,110.8400,107.5900,553300
2023-11-06,110.0800,111.4800,109.2100,109.3900,106.1825,442000
2023-11-07,108.5400,108.5400,104.8700,107.3100,104.1635,346500
2023-11-08,106.7800,107.1500,105.0200,105.5300,102.4357,387800
2023-11-09,105.4700,107.6200,104.7600,106.1300,103.0181,337700
2023-11-10,105.8100,107.2700,105.0000,107.1300,103.9888,402700
2023-11-13,106.8800,108.0400,105.8500,105.9000,102.7948,365300
2023-11-14,107.7600,111.1600,107.7600,110.6900,107.4444,445200
2023-11-15,110.1600,111.4400,109.5000,111.1800,107.9200,331300
2023-11-16,111.6200,114.8400,111.2500,113.8000,110.4632,538400
2023-11-17,113.9800,114.0500,111.3900,111.6900,108.4151,301100
2023-11-20,111.2200,112.9200,110.2000,112.8900,109.5799,252800
2023-11-21,113.8000,117.0500,113.8000,116.0800,112.6764,477700
2023-11-22,115.9700,117.0700,115.6000,116.2200,112.8122,254000
2023-11-24,116.4100,117.7400,116.4100,117.1900,113.7538,115000
2023-11-27,118.4300,120.3600,118.1500,119.5400,116.0349,538800
2023-11-28,120.0000,123.1200,119.8700,121.6000,118.0345,567200
2023-11-29,121.0500,121.9600,119.7300,121.5500,117.9860,384400
2023-11-30,121.3300,122.0900,120.8300,121.8000,118.2286,324800
2023-12-01,121.8000,123.5600,121.8000,122.8400,119.2382,352800
2023-12-04,120.8900,121.7300,119.5900,121.0400,117.4909,399100
2023-12-05,120.1400,120.5200,117.8800,118.2700,114.8021,440600
2023-12-06,119.7900,119.7900,118.2300,119.4300,115.9281,304800
2023-12-07,119.9700,120.4700,118.3400,119.7100,116.1999,267100
2023-12-08,117.9200,120.0000,116.7100,118.1900,114.7245,323100
2023-12-11,116.8200,117.9600,115.6800,117.9200,114.4624,265800
2023-12-12,117.8400,117.8400,113.9700,114.2600,110.9097,313000
2023-12-13,114.2500,120.1200,113.8000,120.0800,116.5591,536000
2023-12-14,121.4400,124.0700,121.0000,121.5600,117.9957,486200
2023-12-15,120.5400,121.4900,118.4600,119.0800,115.5884,1073000
2023-12-18,119.8600,121.3800,119.6700,120.4200,116.8891,368100
2023-12-19,120.5800,124.2300,120.5800,122.7500,119.1508,385400
2023-12-20,122.9800,123.3700,120.1600,120.2000,116.6755,316700
2023-12-21,121.7600,122.6900,121.1000,121.8300,118.2578,221700
2023-12-22,123.5100,124.9500,122.3000,122.4400,118.8499,254700
2023-12-26,122.6300,123.5300,121.7100,123.3500,119.7332,171400
2023-12-27,123.4200,125.0900,123.2100,124.3000,120.6553,236800
2023-12-28,123.4100,124.3700,121.8000,122.0000,118.4228,210800
2023-12-29,121.0300,121.7400,119.3100,120.9600,117.4133,337400
2024-01-02,121.3400,122.1100,119.1000,119.8100,116.2970,292800
2024-01-03,117.7600,118.6200,116.1200,118.4600,114.9866,551400
2024-01-04,118.0200,119.2600,117.1500,118.5600,115.4735,413300
2024-01-05,118.0400,120.0600,117.3200,118.3800,115.2982,267300
2024-01-08,117.3500,120.1300,116.6500,120.0700,116.9443,336800
2024-01-09,120.0900,120.4300,119.0300,120.4000,117.2656,344600
2024-01-10,120.6500,122.0000,120.1000,121.7800,118.6097,306500
2024-01-11,121.7800,122.6600,119.2800,120.8800,117.7332,365800
2024-01-12,123.1000,125.3300,122.0800,122.4700,119.2818,252700
2024-01-16,120.6000,121.5800,120.0600,120.9700,117.8208,392300
2024-01-17,119.0300,119.5600,116.4200,116.7400,113.7009,492100
2024-01-18,117.0600,117.0600,115.6800,115.7600,112.7465,276900
2024-01-19,116.3400,116.5500,114.5900,116.3400,113.3114,332500
2024-01-22,115.2500,117.2000,115.0000,116.8100,113.7691,219100
2024-01-23,117.7000,119.0700,117.0400,119.0400,115.9411,235200
2024-01-24,120.6000,121.7700,114.2000,114.8800,111.8894,310700
2024-01-25,116.5600,116.7600,115.5100,116.0700,113.0484,213100
2024-01-26,115.9200,117.2700,115.0500,115.0900,112.0939,198100
2024-01-29,115.7300,116.4900,113.8700,116.4300,113.3990,236600
2024-01-30,116.0700,116.8800,114.1500,115.0400,112.0452,346600
2024-01-31,115.3700,117.6100,114.2300,114.3900,111.4121,472400
2024-02-01,115.2000,117.6600,115.2000,116.9900,113.9444,293100
2024-02-02,114.7000,114.7100,112.5000,113.9900,111.0225,257900
2024-02-05,112.1100,112.4100,111.0000,111.7800,108.8701,230400
2024-02-06,112.0200,113.2700,111.7600,112.9000,109.9609,162400
2024-02-07,112.7700,113.1500,111.9800,112.4800,109.5518,255400
2024-02-08,111.5900,112.5100,111.2000,112.1200,109.2012,324800
2024-02-09,111.4000,111.9800,110.5600,111.6600,108.7532,252000
2024-02-12,111.3600,112.5800,111.2800,112.0600,109.1428,244700
2024-02-13,110.1100,110.1600,106.1800,106.3600,103.5912,469500
2024-02-14,107.2000,107.7700,106.2700,107.5900,104.7891,509300
2024-02-15,110.5200,113.0000,108.9500,109.2700,106.4254,954700
2024-02-16,108.8200,110.7500,107.7000,108.6500,105.8215,540800
2024-02-20,109.0000,111.0300,106.9300,107.2200,104.4288,584800
2024-02-21,106.9100,106.9100,105.2500,106.4900,103.7178,429700
2024-02-22,105.1900,105.2800,103.7800,104.2100,101.4971,486200
2024-02-23,104.1500,106.8700,103.6200,106.7600,103.9807,467900
2024-02-26,105.4100,105.4100,103.5000,104.5700,101.8478,371200
2024-02-27,105.0000,105.3500,102.6000,102.9800,100.2992,392200
2024-02-28,102.4800,102.5900,100.5500,101.3000,98.6629,371000
2024-02-29,102.4800,103.1500,101.7600,102.6300,99.9583,491300
2024-03-01,103.5900,106.6000,101.9400,105.6500,102.8996,490700
2024-03-04,107.5800,111.5600,107.5200,110.3400,107.4675,595000
2024-03-05,111.3800,111.9700,109.4000,110.4300,107.5552,531100
2024-03-06,111.3800,113.0000,110.4500,110.7400,107.8571,390400
2024-03-07,111.8100,112.4800,110.8800,111.7200,108.8116,395100
2024-03-08,112.6600,113.0000,110.7800,112.7500,109.8148,456600
2024-03-11,113.0000,116.2900,112.0700,114.9100,111.9186,675100
2024-03-12,113.3700,113.5500,111.4200,112.0400,109.1233,353900
2024-03-13,112.6600,114.7300,112.6600,114.1200,111.1491,341600
2024-03-14,113.4500,113.6600,111.0800,111.6600,108.7532,386900
2024-03-15,111.5400,112.4100,111.2000,111.5400,108.6363,1258600
2024-03-18,111.0100,111.5200,109.9200,110.1900,107.3214,366100
2024-03-19,109.3400,109.4000,107.9200,108.3500,105.5294,400600
2024-03-20,107.7500,112.8600,107.3300,111.8000,108.8895,379300
2024-03-21,112.6000,113.3000,110.0100,110.2600,107.3896,359400
2024-03-22,109.3700,110.2600,108.9500,109.1700,106.3280,298100
2024-03-25,110.3000,112.2900,110.2600,111.0000,108.1104,399700
2024-03-26,112.1800,112.2500,110.0100,110.0600,107.1948,199000
2024-03-27,112.1100,119.8700,111.4300,119.1900,116.0872,821000
2024-03-28,120.6300,122.4400,118.8900,121.8100,118.6389,611800
2024-04-01,124.6600,124.6600,121.8500,122.4700,119.2818,394600
2024-04-02,122.9400,124.1900,121.5500,122.7200,119.5253,439800
2024-04-03,122.5600,123.0500,121.6000,122.7500,119.5545,428800
2024-04-04,122.4200,124.2100,120.1500,122.4000,119.6033,661700
2024-04-05,122.4200,125.3900,121.1500,125.3500,122.4859,731700
2024-04-08,125.7300,126.2800,121.9800,122.6000,119.7988,403900
2024-04-09,124.7800,126.2000,123.2700,124.8300,121.9778,653200
2024-04-10,121.9400,123.8900,120.9100,122.9900,120.1798,366200
2024-04-11,123.7700,124.0700,121.0700,122.7400,119.9356,348600
2024-04-12,124.6000,124.9000,119.4500,120.0700,117.3266,838900
2024-04-15,120.0100,121.9700,118.9700,121.0100,118.2451,601100
2024-04-16,119.6000,122.2700,119.0300,121.0500,118.2842,532200
2024-04-17,122.5800,123.4000,121.0400,123.0000,120.1896,860200
2024-04-18,123.4300,124.3800,121.1500,121.6600,118.8802,465300
2024-04-19,121.9600,123.7400,121.5000,122.7300,119.9258,463800
2024-04-22,119.2600,121.5400,118.2200,118.8200,116.1051,704000
2024-04-23,118.0000,121.5900,118.0000,120.4100,117.6588,350700
2024-04-24,119.6100,121.0800,119.3300,120.9300,118.1669,463300
2024-04-25,121.3800,124.6300,120.1000,124.1900,121.3524,401400
2024-04-26,125.0000,125.3200,123.8600,124.5800,121.7335,379800
2024-04-29,124.6400,125.1000,122.3900,124.2600,121.4208,294700
2024-04-30,121.6200,122.8900,120.0500,120.1300,117.3852,569300
2024-05-01,121.2000,123.1000,120.2900,120.8500,118.0887,382800
2024-05-02,119.8500,122.3700,118.6100,121.5500,118.7728,275700
2024-05-03,122.6900,122.6900,121.0000,122.2900,119.4959,276100
2024-05-06,124.4800,125.5100,123.7000,123.9100,121.0788,379500
2024-05-07,124.2100,124.7800,123.3500,124.0000,121.1668,389300
2024-05-08,123.3000,124.1600,122.5100,123.4100,120.5903,380400
2024-05-09,124.0000,125.8300,121.9800,125.3700,122.5055,439300
2024-05-10,126.7600,128.2000,125.3700,127.2400,124.3327,397200
2024-05-13,127.3600,127.5600,125.1700,126.4500,123.5608,231100
2024-05-14,127.4700,128.6300,126.4700,128.4500,125.5151,492200
2024-05-15,129.7000,131.1200,128.2100,130.4800,127.4987,342800
2024-05-16,129.7100,130.2900,128.8000,129.6400,126.6779,319700
2024-05-17,131.1700,133.3400,130.3800,133.1300,130.0882,435200
2024-05-20,133.8500,134.4900,132.1800,134.2700,131.2021,439700
2024-05-21,133.5400,134.5600,132.2100,134.3100,131.2412,364400
2024-05-22,132.8700,133.7300,129.7700,130.4500,127.4694,340100
2024-05-23,130.2500,130.3400,128.0800,128.6800,125.7398,312500
2024-05-24,129.6900,130.4500,128.1900,128.5100,125.5737,223700
2024-05-28,129.3000,131.0700,129.1300,130.7000,127.7137,327300
2024-05-29,129.7700,130.7600,128.1700,128.2500,125.3197,226300
2024-05-30,128.6400,130.2600,127.2400,127.8200,124.8995,278200
2024-05-31,128.2900,128.5900,125.7700,128.1900,125.2610,490500
2024-06-03,128.1400,129.2400,127.8600,128.6100,125.6714,258800
2024-06-04,127.0400,127.1500,125.1000,126.7600,123.8637,355100
2024-06-05,127.1500,128.7900,126.7600,128.3100,125.3783,298600
2024-06-06,128.7300,131.4000,127.8500,130.8300,127.8407,273400
2024-06-07,127.6800,128.2900,123.4600,123.7000,120.8736,409400
2024-06-10,123.4500,123.9000,122.1600,123.6400,120.8150,394800
2024-06-11,123.0000,123.3500,121.4200,122.5500,119.7499,330100
2024-06-12,124.2600,124.7500,121.4000,122.2300,119.4372,336900
2024-06-13,121.0000,122.2300,119.7200,120.8000,118.0399,283100
2024-06-14,121.0300,121.9100,120.0600,121.6300,118.8509,302200
2024-06-17,120.6900,121.8400,120.0000,121.4000,118.6262,282200
2024-06-18,121.0100,122.6700,120.4700,121.9800,119.1929,267600
2024-06-20,122.1700,125.1800,122.1700,124.6600,121.8117,372900
2024-06-21,124.7300,125.3800,122.6300,124.8500,121.9974,1327500
2024-06-24,125.5900,126.0800,124.3500,124.6200,121.7726,315400
2024-06-25,123.9600,124.4100,122.5100,123.1600,120.3460,294700
2024-06-26,123.4700,125.1600,122.6900,124.9400,122.0853,269100
2024-06-27,126.5700,127.0900,125.3800,125.6800,122.8084,276900
2024-06-28,126.0600,127.1600,124.2500,125.1600,122.3003,353100
2024-07-01,125.2600,126.3000,124.7900,125.0100,122.1537,189900
2024-07-02,125.3800,127.0000,125.0000,126.3500,123.4631,306800
2024-07-03,127.8200,130.4500,127.8200,129.4300,126.4727,181700
2024-07-05,129.6500,131.6100,129.4300,131.0000,128.4037,184700
2024-07-08,129.9900,131.2600,129.4800,131.1400,128.5409,1062100
2024-07-09,131.1200,131.7400,129.6500,131.3600,128.7565,207400
2024-07-10,132.7400,134.5600,132.6500,133.0900,130.4522,275200
2024-07-11,135.4500,136.4500,132.9700,135.8900,133.1968,441900
2024-07-12,134.9300,136.5900,134.4100,136.2300,133.5300,334600
2024-07-15,135.6700,137.8900,135.0000,136.8000,134.0887,224900
2024-07-16,137.5000,140.6400,136.9900,140.0600,137.2841,332000
2024-07-17,140.1600,140.9500,138.7700,139.5800,136.8136,239400
2024-07-18,139.1400,139.9900,137.3100,138.6700,135.9217,227500
2024-07-19,136.2700,138.9600,136.2700,138.1800,135.4414,251500
2024-07-22,138.1800,138.4000,135.6500,137.4400,134.7160,255300
2024-07-23,137.2500,138.8700,136.6200,138.3100,135.5688,201600
2024-07-24,139.1400,140.1800,137.1700,137.3700,134.6474,418000
2024-07-25,133.7200,137.3100,133.3300,135.3400,132.6576,288600
2024-07-26,137.0100,137.5000,134.9400,135.0900,132.4126,250100
2024-07-29,135.0600,136.1800,134.2200,135.6500,132.9615,229700
2024-07-30,136.4500,137.4600,135.5400,136.5400,133.8338,225500
2024-07-31,137.8600,139.1200,137.2600,138.1200,135.3825,526900
2024-08-01,138.0000,139.3600,135.7100,137.5500,134.8239,294000
2024-08-02,139.6600,141.0500,134.3500,134.6200,131.9519,342000
2024-08-05,127.6700,132.1900,125.6900,129.3300,126.7668,421300
2024-08-06,129.3300,131.1000,128.0700,129.1700,126.6099,288600
2024-08-07,130.7900,130.7900,127.9300,128.4500,125.9042,359800
2024-08-08,128.0500,131.9500,127.3100,127.9300,125.3945,377400
2024-08-09,129.7400,130.0000,127.8300,129.5600,126.9922,294000
2024-08-12,130.6200,133.8100,129.5500,133.4700,130.8247,379600
2024-08-13,133.2200,134.7600,132.9100,133.3300,130.6875,423100
2024-08-14,132.4200,132.4200,130.2400,131.5400,128.9330,237200
2024-08-15,131.8300,133.3900,130.5600,132.7600,130.1288,294400
2024-08-16,133.4300,136.5700,133.4300,136.5300,133.8241,306100
2024-08-19,136.6100,138.2500,136.6100,138.0200,135.2846,283100
2024-08-20,139.1000,141.0500,137.8300,138.8200,136.0687,194800
2024-08-21,139.4900,141.2500,138.3600,140.9700,138.1761,274400
2024-08-22,139.3500,139.7900,137.7900,138.8700,136.1177,256500
2024-08-23,140.3900,141.3900,139.5200,141.1500,138.3525,256700
2024-08-26,142.1600,142.3200,141.1500,141.5800,138.7740,186800
2024-08-27,141.3000,142.1300,139.5300,141.8000,138.9896,165200
2024-08-28,140.2900,141.1000,139.1000,140.2200,137.4409,189700
2024-08-29,140.6300,142.7700,140.6300,141.2900,138.4897,164400
2024-08-30,140.8400,142.0100,139.1000,140.1700,137.3919,240700
2024-09-03,138.1900,139.1600,134.0300,135.0900,132.4126,319900
2024-09-04,135.0800,137.1300,134.2000,136.7000,133.9907,275500
2024-09-05,138.4500,139.7500,137.1700,137.5300,134.8042,219000
2024-09-06,137.3500,138.3800,133.8300,134.0400,131.3834,180600
2024-09-09,134.1900,135.0800,133.7500,134.9300,132.2558,195700
2024-09-10,134.9300,136.3200,134.1800,136.0800,133.3830,204000
2024-09-11,135.5100,136.8600,134.3600,136.5500,133.8437,194800
2024-09-12,138.6500,141.9700,138.6500,140.8200,138.0291,315300
2024-09-13,142.0000,145.5900,142.0000,143.1900,140.3521,395700
2024-09-16,143.2900,143.2900,140.2400,141.0500,138.2545,291400
2024-09-17,140.9200,142.2800,139.0000,140.2600,137.4801,215100
2024-09-18,140.4800,144.3900,138.9000,139.1400,136.3823,293800
2024-09-19,142.3400,142.3900,138.7300,140.4100,137.6272,334800
2024-09-20,141.8400,144.5800,141.8400,143.6100,140.7637,763100
2024-09-23,144.2600,145.5800,143.6600,143.7800,140.9304,636200
2024-09-24,145.2100,147.6500,144.4600,146.3600,143.4592,431700
2024-09-25,146.4100,147.1700,144.7200,146.5000,143.5965,335800
2024-09-26,146.8600,147.5100,145.5000,145.6200,142.7339,419400
2024-09-27,145.6200,146.3300,141.7600,141.8000,138.9896,668300
2024-09-30,141.0000,141.0800,138.7500,140.3000,137.5194,426400
2024-10-01,141.9100,143.0400,140.6800,141.8500,139.0386,216800
2024-10-02,141.7200,143.4300,140.7700,141.9200,139.1073,145600
2024-10-03,140.4200,141.1000,139.0900,139.6800,136.9117,219200
2024-10-04,139.6300,140.7200,138.4700,138.9700,136.6069,178100
2024-10-07,138.1000,138.2800,136.4000,136.8800,134.5524,227500
2024-10-08,135.1300,137.8800,135.0000,137.7000,135.3585,335900
2024-10-09,137.4100,137.7900,135.7800,137.6300,135.2897,350900
2024-10-10,138.3100,140.2700,137.7900,140.0400,137.6587,314900
2024-10-11,141.0600,142.4500,140.8100,142.0400,139.6247,252200
2024-10-14,140.9500,142.3400,140.4800,142.3200,139.9000,150600
2024-10-15,142.1700,145.9900,142.1700,145.7900,143.3109,363600
2024-10-16,146.8500,148.9000,145.5000,147.3700,144.8641,347800
2024-10-17,148.2800,149.9500,147.3300,148.4500,145.9257,219400
2024-10-18,149.9300,153.7800,149.5000,152.6500,150.0543,476600
2024-10-21,155.0000,155.1000,151.8800,152.5100,149.9167,250600
2024-10-22,154.1800,154.5500,153.0200,154.2700,151.6468,244300
2024-10-23,153.2500,154.2300,150.9200,152.2400,149.6513,332800
2024-10-24,152.2100,152.2500,147.8400,151.1500,148.5798,289500
2024-10-25,150.5900,151.1500,149.1100,150.3400,147.7836,331300
2024-10-28,150.0000,152.0900,149.7700,151.0300,148.4618,234300
2024-10-29,152.2100,153.7100,151.6300,153.6100,150.9980,225200
2024-10-30,153.4500,153.4500,150.3800,151.1000,148.5307,219200
2024-10-31,149.2900,149.4800,145.5100,146.0600,143.5764,392500
2024-11-01,146.3600,147.9100,144.8000,145.4500,142.9767,286000
2024-11-04,145.4700,146.4800,143.5000,145.3700,142.8981,245600
2024-11-05,146.2800,148.3600,145.7000,148.2400,145.7193,278300
2024-11-06,142.9500,145.1400,137.5200,144.8400,142.3771,517400
2024-11-07,151.4100,151.4100,144.8100,147.3100,144.8051,550400
2024-11-08,146.9200,150.1000,145.8700,149.9300,147.3805,324000
2024-11-11,145.0000,146.0000,141.2000,143.5300,141.0894,388400
2024-11-12,142.0000,143.9900,137.6300,141.3200,138.9169,549000
2024-11-13,142.5000,144.7900,139.5800,139.6900,137.3147,688100
2024-11-14,138.1500,141.6800,138.1500,139.8000,137.4228,377100
2024-11-15,140.8100,141.3100,139.6000,140.2400,137.8553,445600
2024-11-18,142.1800,146.4200,142.1800,146.2900,143.8024,435500
2024-11-19,147.2700,148.0400,145.2900,147.8900,145.3752,490800
2024-11-20,147.0700,149.0800,147.0100,148.6000,146.0732,257700
2024-11-21,149.3100,149.9800,147.2300,148.1800,145.6603,322900
2024-11-22,149.3800,149.8300,148.0500,148.9900,146.4565,1226900
2024-11-25,145.0400,146.7400,144.0100,144.8800,142.4164,551400
2024-11-26,144.8800,146.4900,143.5900,146.3100,143.8221,304700
2024-11-27,147.0200,148.3200,145.0100,145.6700,143.1930,420100
2024-11-29,146.6000,147.9700,146.0900,146.2600,143.7730,163300
2024-12-02,145.2600,147.8200,144.8000,147.3400,144.8346,375500
2024-12-03,148.3100,150.6400,147.8700,148.3700,145.8471,394000
2024-12-04,148.0000,148.9200,147.3500,147.7600,145.2474,201000
2024-12-05,147.0100,148.3700,144.7600,146.0800,143.5960,258300
2024-12-06,146.1000,146.1000,143.0000,144.2600,141.8070,269100
2024-12-09,147.0100,150.4300,147.0100,148.4100,145.8864,418400
2024-12-10,150.0600,150.4800,147.9200,148.2200,145.6996,328200
2024-12-11,150.6600,154.1800,149.0100,153.8200,151.2044,493800
2024-12-12,151.7400,152.2500,150.1300,150.2600,147.7050,616600
2024-12-13,148.7800,149.5800,146.2700,146.9300,144.4316,434300
2024-12-16,146.9000,146.9000,145.0000,145.6800,143.2028,354200
2024-12-17,143.9500,144.8400,143.1400,144.2700,141.8168,339200
2024-12-18,143.2800,143.4500,135.5100,135.6500,133.3434,457500
2024-12-19,136.6100,137.7400,133.4700,134.1000,131.8197,466300
2024-12-20,134.5600,137.0700,133.0700,133.8100,131.5346,1386700
2024-12-23,133.1500,133.7700,131.9100,133.0400,130.7778,377900
2024-12-24,133.9700,134.2100,132.4300,133.3200,131.0530,124400
2024-12-26,133.4200,135.0700,132.9000,134.6400,132.3505,348400
2024-12-27,132.5200,134.6500,132.0300,133.8300,131.5543,206600
2024-12-30,132.7400,133.0000,130.6700,131.0500,128.8216,372900
2024-12-31,131.0700,132.5600,131.0000,131.8500,129.6080,194600
2025-01-02,133.3600,134.8700,133.3600,134.5400,132.2522,364600
2025-01-03,134.1800,134.5600,132.9400,134.4400,132.5974,361200
2025-01-06,134.5400,135.2400,132.2500,132.5500,130.7334,418200
2025-01-07,135.0000,136.9200,133.3300,133.6300,131.7985,376200
2025-01-08,133.9900,136.5300,133.4600,136.2500,134.3826,402200
2025-01-10,137.4500,139.2900,133.7100,134.6800,132.8342,363200
2025-01-13,133.4100,134.9000,131.7300,134.0300,132.1931,419500
2025-01-14,134.4200,136.3000,134.0700,135.4800,133.6232,499200
2025-01-15,136.4500,137.0100,134.7000,136.7900,134.9152,518200
2025-01-16,137.2500,139.8500,136.8400,138.3000,136.4045,344200
2025-01-17,137.5300,139.3900,136.6100,138.5400,136.6413,331300
2025-01-21,139.1200,141.5500,139.1200,140.7300,138.8013,314900
2025-01-22,141.4200,141.4800,138.3000,138.6800,136.7793,308100
2025-01-23,137.1700,138.8800,136.3100,138.8100,136.9076,357000
2025-01-24,140.1200,140.9000,138.7000,139.4400,137.5289,335500
2025-01-27,138.6000,138.6000,135.6800,138.4100,136.5130,324600
2025-01-28,138.4100,139.3700,137.6400,139.0300,137.1245,244400
2025-01-29,138.9000,139.6100,136.0000,137.4600,135.5761,292000
2025-01-30,139.4800,141.9400,137.8100,141.3300,139.3930,459300
2025-01-31,141.5500,142.2400,138.7600,139.8200,137.9037,629200
2025-02-03,140.7400,142.4100,138.3400,140.8800,138.9492,698000
2025-02-04,141.6400,142.8200,140.0000,142.0000,140.0538,488800
2025-02-05,143.0000,146.4300,143.0000,144.8400,142.8549,606400
2025-02-06,144.8400,145.2600,143.7300,144.9500,142.9634,358700
2025-02-07,146.3100,146.7900,144.3700,144.4800,142.4998,414200
2025-02-10,147.7200,147.8500,146.1200,147.0700,145.0543,319300
2025-02-11,146.5000,146.6900,144.7300,144.8700,142.8845,366900
2025-02-12,143.6400,148.4900,143.4000,147.1900,145.1727,473400
2025-02-13,149.9000,155.5800,144.7500,153.4900,151.3864,878600
2025-02-14,155.0300,155.6400,146.6500,146.8300,144.8176,880200
2025-02-18,148.1200,149.6700,146.1800,149.1000,147.0565,545500
2025-02-19,148.1100,149.7900,147.4100,149.2400,147.1946,352700
2025-02-20,149.2000,152.3700,149.2000,152.2400,150.1535,407900
2025-02-21,151.3900,151.6500,147.9700,148.4500,146.4154,524100
2025-02-24,149.4500,151.5600,147.5200,151.1100,149.0390,488400
2025-02-25,150.4400,151.0200,147.5000,150.8600,148.7924,384400
2025-02-26,149.1700,152.2900,148.0000,150.4200,148.3584,364200
2025-02-27,148.2900,148.9500,144.8000,145.0400,143.0521,349400
2025-02-28,144.0000,147.1400,142.9500,147.0000,144.9853,377600
2025-03-03,148.2900,150.1500,147.0600,147.5600,145.5376,381100
2025-03-04,149.2900,150.0000,146.8800,147.7300,145.7053,366700
2025-03-05,147.7100,150.8700,147.2000,150.6600,148.5951,433200
2025-03-06,148.7000,150.6600,148.2500,150.1800,148.1217,331300
2025-03-07,150.2900,155.2400,149.6600,154.1700,152.0570,557500
2025-03-10,153.6500,156.3500,151.3000,152.2000,150.1140,707300
2025-03-11,154.5300,157.6700,153.1200,153.8900,151.7809,459800
2025-03-12,153.5200,154.0900,151.5400,153.4000,151.2976,265100
2025-03-13,153.9400,156.2200,151.7000,153.5400,151.4357,527800
2025-03-14,155.0300,155.4800,152.7000,154.2000,152.0866,425500
2025-03-17,154.7000,156.0000,154.4100,155.0900,152.9644,410100
2025-03-18,157.6500,158.9400,154.4000,154.6500,152.5304,525500
2025-03-19,154.3800,155.1700,152.8900,154.7600,152.6389,541800
2025-03-20,154.2600,156.7000,153.2900,155.2900,153.1617,418200
2025-03-21,154.0500,157.4600,152.6200,157.0100,154.8581,1404700
2025-03-24,157.4100,159.2300,156.0000,157.1700,155.0159,380700
2025-03-25,158.3300,162.2000,158.0100,160.2300,158.0340,435100
2025-03-26,161.1400,161.3900,159.3400,159.3400,157.1562,373800
2025-03-27,160.6500,163.8700,160.3600,161.3000,159.0893,524500
2025-03-28,163.6100,164.1800,160.0800,162.1900,159.9671,526000
2025-03-31,163.2600,164.9600,159.8400,163.5100,161.2690,861700
2025-04-01,163.0200,164.5100,161.6200,164.2600,162.0087,526300
2025-04-02,163.6100,164.7800,161.4400,164.5600,162.3046,409900
2025-04-03,158.7100,169.0000,158.0400,167.2700,164.9775,843700
2025-04-04,162.0000,162.9500,154.9400,155.6000,153.8814,1089300
2025-04-07,152.2200,161.9900,151.1000,156.9800,155.2462,1145000
2025-04-08,161.7200,163.2700,153.9500,155.4800,153.7627,756700
2025-04-09,159.7500,168.7400,157.2600,164.5400,162.7227,1050400
2025-04-10,165.6600,173.0000,165.6000,170.9700,169.0816,922000
2025-04-11,175.5000,181.5100,175.2400,179.5800,177.5966,1077500
2025-04-14,177.8700,182.8200,175.5300,181.8000,179.7921,713100
2025-04-15,183.8100,185.6500,181.0000,185.0000,182.9567,608200
2025-04-16,189.0000,191.2200,185.3500,186.4500,184.3907,1069300
2025-04-17,185.8500,186.8500,183.1000,184.9000,182.8578,566800
2025-04-21,190.2000,191.7800,183.6000,185.9200,183.8665,702500
2025-04-22,186.7000,187.1900,180.5000,181.3500,179.3470,930300
2025-04-23,175.1700,181.1200,173.2600,180.5700,178.5756,515600
2025-04-24,183.2100,183.7700,181.1000,183.6000,181.5722,366000
2025-04-25,179.0400,181.4900,177.8600,178.8700,176.8944,523700
2025-04-28,178.2700,181.1700,177.2200,180.8400,178.8426,435500
2025-04-29,179.8400,180.8500,178.6000,180.3800,178.3877,407200
2025-04-30,178.6400,182.8600,178.6200,182.7100,180.6920,872700
2025-05-01,179.0600,179.8500,176.3900,178.0800,176.1131,505700
2025-05-02,180.0000,180.0000,175.1100,176.5100,174.5605,517700
2025-05-05,179.7200,180.0000,175.5000,179.2400,177.2603,555500
2025-05-06,181.7800,184.7700,179.6800,184.5300,182.4919,501200
2025-05-07,180.2900,184.1200,179.2500,182.6500,180.6326,644700
2025-05-08,180.2700,183.3000,178.4100,178.7200,176.7460,516300
2025-05-09,181.0200,184.4800,178.5600,184.4100,182.3732,439500
2025-05-12,176.2300,178.9900,170.4200,170.8700,168.9828,743800
2025-05-13,170.6400,171.1300,167.6600,169.2600,167.3905,593500
2025-05-14,165.9100,166.5200,164.2000,165.6300,163.8006,655500
2025-05-15,166.4600,169.3200,165.8100,169.2900,167.4202,416300
2025-05-16,167.1300,171.1900,166.0100,171.1400,169.2498,606700
2025-05-19,172.5700,173.1200,170.7000,173.1000,171.1881,386800
2025-05-20,172.7800,177.6900,172.7800,177.5600,175.5989,479100
2025-05-21,177.5600,179.9800,176.9400,179.7000,177.7152,395500
2025-05-22,179.6000,179.6000,175.3400,176.7300,174.7780,463400
2025-05-23,179.4300,181.6900,176.5700,180.5900,178.5954,389200
2025-05-27,178.2300,180.0000,178.1300,178.6800,176.7065,323500
2025-05-28,179.0100,179.9100,177.6000,178.4800,176.5087,296900
2025-05-29,178.6400,180.5600,177.0000,179.4000,177.4185,334100
2025-05-30,178.9400,180.1000,176.6000,178.1200,176.1527,824800
2025-06-02,180.0200,187.3000,179.9900,186.7100,184.6478,602900
2025-06-03,183.9200,186.1000,182.4900,185.3700,183.3226,374600
2025-06-04,186.0200,186.7100,183.7000,183.9400,181.9084,399300
2025-06-05,185.4800,187.6200,182.6100,183.8500,181.8194,504200
2025-06-06,183.7100,183.7200,175.4200,175.9300,173.9868,682100
2025-06-09,176.2600,177.8600,173.9100,176.7700,174.8176,491000
2025-06-10,176.9600,177.2400,172.8900,173.6600,171.7419,410300
2025-06-11,173.6600,174.6600,172.2900,174.5600,172.6320,603700
2025-06-12,176.7200,179.5800,176.0300,179.0300,177.0526,406100
2025-06-13,180.0200,183.4800,179.5900,182.2900,180.2766,1697100
2025-06-16,181.3700,182.3400,179.2700,179.7000,177.7152,791400
2025-06-17,180.2200,181.3900,177.9500,179.8000,177.8141,480200
2025-06-18,179.1200,180.6700,178.0000,179.1300,177.1515,344400
2025-06-20,177.8600,182.0800,177.8600,179.3500,177.3691,1144400
2025-06-23,180.0000,185.3700,180.0000,183.0700,181.0480,485800
2025-06-24,178.5100,179.6300,175.0000,178.1400,176.1725,519000
2025-06-25,176.8700,178.8300,176.4200,176.6800,174.7286,459000
2025-06-26,177.5500,180.0200,176.6800,179.9600,177.9724,433400
2025-06-27,175.8800,176.4700,172.3100,175.4800,173.5418,712100
2025-06-30,176.5000,178.0800,174.3800,177.8400,175.8758,419300
2025-07-01,179.8400,180.6200,177.3300,177.6200,175.6582,369100
2025-07-02,179.1800,180.5900,177.9300,179.3000,177.3197,421900
2025-07-03,178.2500,180.2700,177.5800,179.8200,178.2814,251300
2025-07-07,166.9300,168.6300,156.6400,168.2400,166.8004,3050100
2025-07-08,167.5000,167.5100,158.6600,160.2300,158.8590,1916500
2025-07-09,161.0000,161.2500,158.0800,160.3900,159.0176,990200
2025-07-10,160.7200,161.1300,157.7700,159.7900,158.4227,839600
2025-07-11,161.2600,161.7300,158.7000,159.9600,158.5913,1134400
2025-07-14,159.9600,162.4400,159.0000,159.8200,158.4525,1289200
2025-07-15,160.1700,160.4800,155.7700,157.8100,156.4597,1001600
2025-07-16,158.0800,159.6800,156.1900,157.6700,156.3209,791000
2025-07-17,156.0000,156.0300,152.6800,155.1100,153.7828,1106400
2025-07-18,156.8000,156.9000,154.4800,154.7600,153.4358,674800
2025-07-21,157.0000,159.3800,156.8200,157.4800,156.1325,846600
2025-07-22,158.3200,159.8600,156.9100,158.0900,156.7373,1228400
2025-07-23,158.0900,158.0900,155.7300,157.2600,155.9144,847600
2025-07-24,155.8200,157.3500,154.4500,155.5700,154.2388,587200
2025-07-25,154.6900,156.3500,153.5000,154.9900,153.6638,652100
2025-07-28,154.1000,154.5200,151.5300,151.9300,150.6300,674100
2025-07-29,151.8000,153.3200,150.7500,152.6300,151.3240,775300
2025-07-30,151.6000,153.5500,151.0100,152.1100,150.8085,1083300
2025-07-31,152.0300,154.4200,150.9900,151.4200,150.1244,915800
2025-08-01,154.6700,155.2800,151.5000,152.6400,151.3339,880800
2025-08-04,154.6200,157.0000,154.3200,156.4300,155.0915,710500
2025-08-05,157.0000,161.8400,156.4400,160.1800,158.8094,1411200
2025-08-06,161.1500,161.8500,160.0800,161.3300,159.9496,1130200
2025-08-07,162.8100,166.9000,162.0200,165.3300,163.9153,1187200
2025-08-08,167.8800,170.6800,166.6600,168.9700,167.5242,1015300
2025-08-11,165.9500,172.3200,164.1300,170.6000,169.1403,942700
2025-08-12,171.7800,172.4200,169.3200,172.3400,170.8654,611200
2025-08-13,173.8800,174.1400,170.5100,172.2600,170.7860,867100
2025-08-14,171.8500,172.6700,168.7200,169.6100,168.1587,652500
2025-08-15,169.1800,172.3200,168.0000,171.4500,169.9830,954800
2025-08-18,171.0000,172.7800,170.6000,171.5500,170.0821,573000
2025-08-19,171.6800,171.6800,166.5200,166.7100,165.2836,815700
2025-08-20,167.9900,169.8700,167.2800,169.7100,168.2579,590100
2025-08-21,169.3800,175.0100,169.0000,174.7500,173.2547,717500
2025-08-22,174.4800,177.7800,173.2800,177.4400,175.9217,635400
2025-08-25,177.3500,178.9300,174.0200,174.5500,173.0564,652900
2025-08-26,174.9500,179.1100,174.9500,177.8900,176.3679,743400
2025-08-27,176.4100,177.3200,174.9500,176.9700,175.4557,597100
2025-08-28,177.2900,177.2900,174.7200,176.0300,174.5238,475400
2025-08-29,176.4000,180.2000,176.1400,179.5800,178.0434,688600
2025-09-02,181.0800,184.1100,179.0000,182.9700,181.4044,939500
2025-09-03,184.3400,185.3800,179.8200,180.9100,179.3620,913500
2025-09-04,179.1400,181.1000,177.6200,180.4600,178.9159,558400
2025-09-05,183.3800,185.6800,181.1000,184.8600,183.2782,947900
2025-09-08,187.6100,187.9100,185.1400,186.4300,184.8348,784800
2025-09-09,187.0300,187.8400,183.8500,185.0100,183.4269,723900
2025-09-10,185.4000,188.4000,185.2600,186.1800,184.5869,627000
2025-09-11,184.8000,189.2000,184.2000,189.1900,187.5712,603900
2025-09-12,189.9600,191.1300,187.8300,189.3200,187.7001,616600
2025-09-15,190.4800,195.8600,189.2800,195.4300,193.7578,1133700
2025-09-16,196.0000,196.0000,190.4700,190.5900,188.9592,946200
2025-09-17,189.3900,192.1100,186.6600,188.1000,186.4905,993700
2025-09-18,186.2500,188.1400,183.5800,188.0200,186.4112,812500
2025-09-19,187.6600,192.6600,186.4000,191.6700,190.0300,4324300
2025-09-22,195.0000,195.3100,188.4500,191.5200,189.8812,1351900
2025-09-23,192.9200,194.7600,191.6500,191.9200,190.2778,930500
2025-09-24,191.9100,193.3100,189.0500,189.4600,187.8389,751500
2025-09-25,189.9100,193.5600,188.9500,193.1100,191.4576,1129900
2025-09-26,193.4000,198.1300,193.0900,196.7100,195.0269,1285700
2025-09-29,200.0000,201.0000,196.3300,198.5000,196.8015,1142200
2025-09-30,197.2900,202.3800,195.4800,200.5800,198.8637,983900
2025-10-01,201.5000,203.1800,197.7100,200.0900,198.3779,1084700
2025-10-02,201.0100,202.0000,193.2100,199.0300,197.3270,1006600
2025-10-03,199.7000,200.9000,198.1600,200.3400,199.0759,992100
2025-10-06,203.3300,205.9000,202.8000,203.5700,202.2855,1031700
2025-10-07,204.4100,204.8800,196.7300,197.9900,196.7407,1193800
2025-10-08,201.6600,205.3900,198.3900,205.2300,203.9350,1115600
2025-10-09,206.0000,206.4900,190.5100,192.7300,191.5139,1257000
2025-10-10,193.5900,195.6700,192.1600,194.4700,193.2429,852200
2025-10-13,198.7700,201.1100,196.5600,199.4700,198.2114,782700
2025-10-14,197.9700,204.0800,196.3100,199.6800,198.4200,1344800
2025-10-15,202.0100,203.7800,199.7900,202.2400,200.9639,1346500
2025-10-16,202.6400,209.4200,201.9600,206.6500,205.3461,1588000
2025-10-17,203.4000,203.9800,193.0800,193.7600,192.5374,6041200
2025-10-20,196.6500,199.1600,193.8400,194.1200,192.8951,1837000
2025-10-21,185.7500,188.0000,183.1400,184.6400,183.4749,1862400
2025-10-22,180.2600,186.3500,179.6000,183.5800,182.4216,1569300
2025-10-23,186.5700,186.5700,181.7600,183.4100,182.2527,1242100
2025-10-24,180.0000,185.1500,179.6200,182.4700,181.3186,813300
2025-10-27,178.7300,181.2200,175.1200,177.5900,176.4694,1007400
2025-10-28,175.6100,181.3500,174.6100,180.5900,179.4505,1112100
2025-10-29,183.4100,183.5300,175.9300,176.8200,175.7043,1216900
2025-10-30,177.0000,178.4500,175.1600,177.8200,176.6980,1061400
2025-10-31,177.2900,177.4300,174.0100,174.7900,173.6871,1342500
2025-11-03,174.7300,174.9300,171.7800,174.6700,173.5678,686800
2025-11-04,171.7100,172.4600,168.8800,169.0800,168.0131,1211800
2025-11-05,170.5800,173.8100,169.8700,173.3200,172.2264,1294100
2025-11-06,172.3700,175.4900,169.5400,169.6700,168.5994,1344700
2025-11-07,171.0000,176.7300,170.8900,175.8200,174.7106,1261700
2025-11-10,180.2200,185.3100,177.4900,184.7300,183.5644,1474300
2025-11-11,185.9400,187.7700,185.0000,187.3600,186.1778,1094200
2025-11-12,188.0000,194.5900,186.5000,193.5100,192.2890,970400
2025-11-13,194.9000,195.0000,187.5600,189.4700,188.2745,935400
2025-11-14,181.6400,188.0000,181.0100,185.8300,184.6574,659300
2025-11-17,185.9100,187.6200,183.0600,184.0700,182.9085,725600
2025-11-18,186.1000,187.3400,183.3100,185.5000,184.3295,849500
2025-11-19,189.1500,191.3000,187.2000,188.4300,187.2410,680900
2025-11-20,189.2200,191.5200,182.0500,183.7900,182.6303,834200
2025-11-21,183.7900,187.4100,182.9000,184.6000,183.4352,1205700
2025-11-24,185.9400,191.0900,185.2700,190.8700,189.6656,764600
2025-11-25,190.8800,193.4400,190.0000,192.3800,191.1661,685600
2025-11-26,194.8100,201.6400,194.6900,201.0500,199.7814,739300
2025-11-28,201.3000,203.9600,201.3000,203.8400,202.5538,523100
2025-12-01,204.4100,205.6900,199.3300,201.2500,199.9801,716600
2025-12-02,199.5300,200.9200,195.2500,200.1900,198.9268,613700
2025-12-03,201.5100,202.8800,199.2700,200.6400,199.3740,612000
2025-12-04,197.9100,203.3600,196.0000,203.1100,201.8284,594800
2025-12-05,204.1300,207.6600,201.3000,201.6600,200.3875,573300
2025-12-08,203.4200,204.3600,198.1400,198.3300,197.0786,754400
2025-12-09,199.4600,203.3100,199.0000,203.1400,201.8582,505700
2025-12-10,203.1700,209.6000,202.1400,209.4200,208.0986,1089600
2025-12-11,210.0000,219.2900,209.0000,218.5200,217.1412,924200
2025-12-12,222.9900,224.7700,216.7700,218.7500,217.3697,1143700
2025-12-15,220.5800,222.0000,214.7200,216.0000,214.6371,1283700
2025-12-16,216.2800,220.9800,216.1300,218.0900,216.7139,1370500
2025-12-17,220.1200,222.4900,217.7300,222.2900,220.8874,1732100
2025-12-18,221.8000,227.7100,221.0000,223.5800,222.1692,1581200
2025-12-19,224.3900,229.8900,224.2900,227.6400,226.2036,2699100
2025-12-22,232.1100,234.3800,229.5600,231.6700,230.2082,773700
2025-12-23,233.6800,234.2200,230.3500,233.2200,231.7484,738400
2025-12-24,233.3900,234.0000,230.0100,233.1100,231.6391,343900
2025-12-26,234.5300,235.5200,231.2100,233.3200,231.8478,542800
2025-12-29,225.1600,228.5500,222.5000,225.3200,223.8983,922900
2025-12-30,228.9900,231.0500,224.6900,225.0000,223.5803,722600
2025-12-31,223.0000,225.9900,221.3400,222.2900,220.8874,584200
2026-01-02,224.0000,224.2500,216.5300,221.1200,220.1953,583900
2026-01-05,223.1500,232.7400,223.0000,229.3100,228.3510,889700
2026-01-06,231.2200,244.8600,231.2200,244.4000,243.3779,1217700
2026-01-07,240.0000,244.3900,235.0000,242.7200,241.7050,1207100
2026-01-08,238.6800,244.5000,237.1400,243.8400,242.8203,744100
2026-01-09,247.3200,248.0800,242.3100,245.2000,244.1746,854300
2026-01-12,253.1000,253.6100,246.9600,246.9800,245.9471,1313300
2026-01-13,249.7800,255.3600,247.2700,253.9800,252.9179,985600
2026-01-14,256.1000,256.9200,249.5000,254.1900,253.1270,806200
2026-01-15,253.0800,259.9200,251.7600,259.1500,258.0663,729300
2026-01-16,257.8000,265.4800,254.5600,265.1200,264.0113,865300
2026-01-20,274.8900,277.8900,265.7000,277.7000,276.5387,1463800
2026-01-21,282.3800,283.4400,275.0000,279.5400,278.3710,1397500
2026-01-22,281.0000,292.1600,280.0000,287.8300,286.6263,849400
2026-01-23,290.7100,293.9900,288.0000,293.0900,291.8643,688900
2026-01-26,299.0100,299.6000,289.3000,290.4300,289.2154,1150200
2026-01-27,289.2400,294.0900,281.7000,293.7300,292.5016,1007900
2026-01-28,298.5300,302.5300,292.3900,301.2100,299.9503,832200
2026-01-29,305.2800,306.2500,286.1600,291.9800,290.7590,1016600
2026-01-30,270.4100,279.8300,258.5900,263.3100,262.2089,2071100
2026-02-02,262.1400,269.9800,255.3800,259.4600,258.3749,1286800
2026-02-03,275.6600,275.6600,258.6000,265.1700,264.0611,1181400
2026-02-04,270.5900,270.5900,256.9500,265.8900,264.7781,876800
2026-02-05,259.5100,267.4800,253.2000,253.6300,252.5693,870500
2026-02-06,262.1200,267.4700,259.2400,265.7700,264.6585,1329700
2026-02-09,267.9600,279.8600,267.9600,279.2100,278.0423,877300
2026-02-10,278.8600,285.2900,278.6600,283.2300,282.0456,712100
2026-02-11,286.9900,288.9500,278.0200,285.2200,284.0272,821800
2026-02-12,283.7900,288.8900,272.5300,272.7600,271.6193,776300
2026-02-13,277.5900,286.3900,274.2300,286.1000,284.9036,713900
2026-02-17,279.2200,283.0000,272.5400,279.0700,277.9030,876500
2026-02-18,283.4500,285.9900,275.1400,277.7700,276.6084,1166100
2026-02-19,273.1000,279.9800,268.0000,271.7800,270.6434,1067200
2026-02-20,271.5100,286.9900,271.1000,285.5400,284.3459,1070900
2026-02-23,287.0000,294.5000,283.4500,285.2100,284.0172,848100
2026-02-24,282.2400,292.2400,281.1000,288.0400,286.8354,928300
2026-02-25,291.6600,292.2300,286.0000,287.4400,286.2379,809100
2026-02-26,285.7500,294.6800,282.0000,294.3800,293.1489,596100
2026-02-27,294.3800,300.5000,293.1000,299.7900,298.5363,963900
2026-03-02,300.0000,304.7000,293.0200,304.2900,303.0175,882300
2026-03-03,291.0000,291.4200,275.5300,280.9900,279.8149,1358600
2026-03-04,285.7500,288.0000,279.4500,281.2000,280.0240,901700
2026-03-05,279.0100,280.5100,267.2800,276.4700,275.3138,747100
2026-03-06,270.1500,281.5400,267.9800,279.8400,278.6697,715700
2026-03-09,271.3900,282.4900,264.1400,281.8600,280.6812,783900
2026-03-10,285.2500,288.0000,280.8100,281.6900,280.5120,724700
2026-03-11,275.0200,279.4000,270.3100,275.8400,274.6864,587300
2026-03-12,274.0700,276.9300,269.4300,269.8300,268.7016,745200
2026-03-13,269.8300,271.7900,257.9600,259.1100,258.0264,1003000
2026-03-16,255.4400,257.8700,246.3300,250.2700,249.2234,1548000
2026-03-17,254.8200,259.7400,252.5000,255.8200,254.7502,1177500
2026-03-18,247.5000,249.7500,240.7200,242.5200,241.5058,1263300
2026-03-19,227.1300,228.6000,220.4400,225.0700,224.1288,2060900
2026-03-20,225.2000,226.0000,213.7600,215.2100,214.3100,5884200
2026-03-23,219.8800,226.5700,219.0000,222.8400,221.9081,1514400
2026-03-24,218.9900,227.4500,217.0000,227.3800,226.4291,1474400
2026-03-25,235.0000,236.6000,228.8300,232.9900,232.0157,1340300
2026-03-26,223.2200,237.3300,223.2200,230.6900,229.7253,1587500
2026-03-27,230.6900,237.7600,229.1100,237.5400,236.5466,1048800
2026-03-30,240.4200,241.9600,236.6400,238.7600,237.7615,1565700
2026-03-31,243.0000,255.1000,242.7000,254.4900,253.4257,1199900
2026-04-01,260.0000,268.6600,258.0000,264.3500,263.2445,1483800
2026-04-02,253.3200,264.1800,252.0000,262.6300,262.0025,939000
2026-04-06,262.3300,263.7500,257.4000,260.5800,259.9573,674800
2026-04-07,260.3100,262.4300,256.3300,260.8400,260.2167,543600
2026-04-08,274.0600,276.0300,266.0000,268.1700,267.5292,801400
2026-04-09,268.6600,273.0000,264.8900,265.4300,264.7958,679900
2026-04-10,267.5100,270.0000,264.8400,266.8200,266.1825,613700
2026-04-13,264.8400,267.5400,263.1900,264.4700,263.8381,500700
2026-04-14,267.9300,271.8400,265.5500,271.5200,270.8712,812100
2026-04-15,274.4800,276.9900,269.7800,270.0000,269.3549,888300
2026-04-16,270.5300,271.6600,260.5900,262.1300,261.5037,968600
2026-04-17,265.8400,275.5000,264.5300,268.1200,267.4793,829200
2026-04-20,267.0100,267.0100,262.1400,264.5900,263.9578,476400
2026-04-21,263.7600,264.7700,252.6300,252.9100,252.3057,707200
2026-04-22,258.2600,259.4500,249.6900,251.5400,250.9389,997300
2026-04-23,249.7400,253.7200,245.3700,251.2500,250.6497,597000
2026-04-24,253.3800,253.9700,249.2100,252.3600,251.7570,1045900
2026-04-27,251.0000,251.8600,245.7800,246.0600,245.4721,556400
2026-04-28,243.1600,243.1600,233.8900,236.9200,236.3539,810300
2026-04-29,233.6300,233.8900,229.2600,231.0200,230.4680,886800
2026-04-30,235.2900,237.1600,232.5100,233.3800,232.8224,662600
2026-05-01,231.5400,235.0000,228.9900,230.5900,230.0390,720900
2026-05-04,228.9500,232.2600,227.4100,228.4200,227.8742,583300
2026-05-05,231.1400,232.6600,225.6100,225.9000,225.3602,777700
2026-05-06,236.5400,237.9000,232.9600,236.8800,236.3140,1363400
2026-05-07,247.0000,248.3500,232.2500,232.6800,232.1240,1299200
2026-05-08,236.5800,239.6500,235.0000,238.9100,238.3391,856400
2026-05-11,240.6300,246.8800,240.4500,245.1300,244.5443,672100
2026-05-12,240.5200,247.1900,238.6900,245.3500,244.7638,635600
2026-05-13,243.7800,246.0900,240.5000,244.9900,244.4046,752700
2026-05-14,244.8500,244.9900,240.1400,240.5700,239.9952,559300
2026-05-15,234.0500,234.0500,227.0100,228.3200,227.7745,874400
2026-05-18,229.0000,232.8400,224.4000,226.2300,225.6894,645400
2026-05-19,223.5100,223.5200,217.8300,218.9300,218.4069,708200
2026-05-20,220.8000,223.9900,216.9300,223.0900,222.5569,617600
2026-05-21,219.1400,224.8200,217.8500,222.3300,221.7988,427900
2026-05-22,221.0000,221.8600,216.9000,220.2900,219.7636,410700
2026-05-26,224.6500,227.3600,222.8000,225.9500,225.4101,677300
2026-05-27,222.0900,224.7800,218.1600,218.3300,217.8083,631000
2026-05-28,216.3000,223.8100,213.5000,222.6800,222.1479,650400
2026-05-29,222.9600,228.1500,221.6600,224.4800,223.9436,669200
2026-06-01,218.7500,220.5900,214.0200,217.8600,217.3394,533500
2026-06-02,218.2300,219.8000,213.7200,219.5800,219.0553,660900
2026-06-03,216.7900,220.0500,216.0000,216.7900,216.2720,618400
2026-06-04,220.0000,224.0000,219.0900,220.1700,219.6439,398600
2026-06-05,216.0700,216.5900,205.5500,206.0700,205.5776,755400
2026-06-08,206.5000,209.2800,205.0500,205.7000,205.2085,626700
2026-06-09,207.8000,208.8000,200.1600,204.7900,204.3007,734700
2026-06-10,200.4100,204.9900,196.8100,197.0700,196.5991,969300
2026-06-11,196.8200,205.2500,195.7600,204.5700,204.0812,796000
2026-06-12,206.9000,208.7600,203.7700,207.5700,207.0740,723500
2026-06-15,218.8100,220.0400,214.3200,215.5200,215.0050,1038500
2026-06-16,217.1600,222.0700,215.2800,221.5300,221.0007,693000
2026-06-17,219.3700,227.7900,217.2700,218.4200,217.8981,1309800
2026-06-18,217.7000,223.2000,212.8400,214.8200,214.3067,1630200
2026-06-22,210.0600,215.9900,210.0000,214.6500,214.1371,784700
2026-06-23,208.6100,212.7400,206.1900,206.6100,206.1163,581800
2026-06-24,200.2500,205.8800,199.9300,202.2400,201.7568,864200
2026-06-25,206.6300,207.0000,201.1100,204.6200,204.1311,634500
2026-06-26,205.3100,210.9900,205.0000,207.9500,207.4531,793800
2026-06-29,204.5900,207.0000,200.5600,202.1200,201.6370,529900
2026-06-30,201.4300,203.0500,197.4500,199.6100,199.1330,712500
2026-07-01,200.9700,205.1300,198.5400,198.7900,198.3150,825500
2026-07-02,203.0500,206.1800,200.7600,204.1300,204.1300,733600
2026-07-06,205.6200,206.7500,198.4800,201.9100,201.9100,644900
2026-07-07,201.6800,202.4200,194.9000,196.6100,196.6100,773500
2026-07-08,192.7600,193.8800,187.5300,191.9300,191.9300,875800
2026-07-09,194.4500,199.4800,193.0100,198.7800,198.7800,535700
2026-07-10,197.7900,199.2100,195.1400,196.8300,196.8300,472500
2026-07-13,194.3300,195.0000,191.0100,193.4700,193.4700,847800
2026-07-14,197.6600,200.1000,192.3100,193.5100,193.5100,854200
2026-07-15,193.5100,195.9700,191.2800,193.0200,193.0200,469800
2026-07-16,191.3600,192.0000,187.8900,191.1800,191.1800,748300
2026-07-17,189.3300,192.3800,188.5600,189.1700,189.1700,628500
2026-07-20,188.0900,189.5500,186.3300,187.3600,187.3600,556800
2026-07-21,190.3700,194.7300,189.6300,194.0100,194.0100,528000
2026-07-22,197.5600,204.0700,197.5600,201.2600,201.2600,637100
2026-07-23,197.6500,200.3000,196.0400,199.6400,199.6400,584500
2026-07-24,201.9500,203.7500,199.3000,200.9600,200.9600,639600
2026-07-27,202.7200,203.9800,199.4700,201.0200,201.0200,605000
2026-07-28,199.2100,200.3700,195.7100,196.1600,196.1600,748700
2026-07-29,196.0000,199.7500,191.5500,195.4800,195.4800,1100900
2026-07-30,198.0000,203.8800,198.0000,203.0400,203.0400,490100
2026-07-31,199.8400,201.0100,194.7800,198.3500,198.3500,854600
2026-08-03,198.5400,202.2900,197.2700,202.0400,202.0400,607800
2026-08-04,206.2100,207.7200,203.6400,206.0300,206.0300,866900
2026-08-05,214.5000,217.5000,212.9400,215.0900,215.0900,986800
2026-08-06,215.0900,219.3000,213.0400,218.1100,218.1100,801600
2026-08-07,228.5800,230.8100,227.3400,229.9200,229.9200,848900
2026-08-10,228.5400,235.1400,227.9900,234.1300,234.1300,772800
2026-08-11,232.9600,235.5900,231.5500,233.5100,233.5100,832400
2026-08-12,238.1800,238.2400,232.5000,232.8700,232.8700,792300
2026-08-13,229.6900,230.7500,225.2800,225.9800,225.9800,810300
2026-08-14,228.2900,233.5600,226.4400,230.6800,230.6800,524100
2026-08-17,232.6000,236.7900,230.9100,236.6200,236.6200,669300
2026-08-18,233.7900,235.7800,229.8500,230.4300,230.4300,720700
2026-08-19,241.2300,249.0500,240.8900,248.1400,248.1400,685600
2026-08-20,246.4000,254.3100,246.3000,252.3600,252.3600,647300
2026-08-21,257.9800,259.9500,255.0500,259.0100,259.0100,884900
2026-08-24,260.9700,264.4700,257.8400,263.7500,263.7500,1072400
2026-08-25,260.1600,267.8100,259.0700,267.7600,267.7600,603800
2026-08-26,264.0000,267.9300,263.1400,266.1400,266.1400,578400
2026-08-27,264.8900,270.2400,264.6800,268.9600,268.9600,719300
2026-08-31,262.7200,263.4100,257.2000,261.4700,261.4700,683600
