date,open,high,low,close,adj_close,volume
2003-05-01,25.2500,25.5875,25.1675,25.4950,17.8376,157200
2003-05-02,25.4675,25.9700,25.4675,25.9700,18.1700,61200
2003-05-05,26.0200,26.1375,25.9350,26.0250,18.2085,140000
2003-05-06,26.0500,26.3525,26.0500,26.2325,18.3536,30000
2003-05-07,26.0750,26.3175,26.0000,26.1300,18.2819,20800
2003-05-08,25.8900,26.0200,25.8375,25.8475,18.0843,92800
2003-05-09,26.0500,26.2725,25.9350,26.2125,18.3397,28800
2003-05-12,26.2500,26.7200,26.2125,26.7000,18.6807,36800
2003-05-13,26.6250,26.7625,26.5550,26.6375,18.6370,16800
2003-05-14,26.6800,26.7000,26.5750,26.7000,18.6807,35600
2003-05-15,26.9000,26.9775,26.7575,26.9775,18.8749,41600
2003-05-16,26.9175,27.0250,26.7425,27.0250,18.9081,44800
2003-05-19,26.9125,26.9125,26.3225,26.3225,18.4166,38800
2003-05-20,26.4625,26.4950,26.0825,26.2900,18.3939,224400
2003-05-21,26.2250,26.3950,26.1125,26.3950,18.4673,617600
2003-05-22,26.4625,26.8100,26.4625,26.7700,18.7297,17200
2003-05-23,26.7250,26.9300,26.6950,26.9200,18.8347,124800
2003-05-27,26.8500,27.5025,26.8500,27.5000,19.2405,28800
2003-05-28,27.5700,27.6775,27.4450,27.5725,19.2912,136000
2003-05-29,27.6325,27.8225,27.4200,27.4750,19.2230,92000
2003-05-30,27.6750,28.0125,27.6700,28.0125,19.5990,19600
2003-06-02,28.2750,28.4850,28.1675,28.1675,19.7075,49200
2003-06-03,28.1125,28.2375,28.0325,28.1575,19.7005,129200
2003-06-04,28.1625,28.7575,28.1625,28.7475,20.1133,144400
2003-06-05,28.5725,28.9500,28.5725,28.9500,20.2549,31200
2003-06-06,29.2375,29.5450,28.8000,28.8000,20.1500,57200
2003-06-09,28.6000,28.6400,28.2875,28.3325,19.8229,104000
2003-06-10,28.5500,28.5750,28.3675,28.5375,19.9663,70400
2003-06-11,28.5000,29.0275,28.5000,29.0275,20.3092,88800
2003-06-12,29.2125,29.2125,28.9525,29.1475,20.3931,54400
2003-06-13,29.1375,29.1375,28.6150,28.7000,20.0800,155600
2003-06-16,28.8750,29.2800,28.8200,29.2800,20.4858,63200
2003-06-17,29.3625,29.3625,29.1500,29.3325,20.5226,34800
2003-06-18,29.2000,29.3625,29.0875,29.1950,20.4264,29200
2003-06-19,29.2750,29.3375,28.8050,28.8150,20.1605,62400
2003-06-20,28.9500,29.1250,28.7775,28.7875,20.1413,78000
2003-06-23,28.4375,28.4375,28.2500,28.3825,19.8579,32000
2003-06-24,28.3000,28.4000,28.1125,28.3000,19.8002,109200
2003-06-25,28.3875,28.5200,28.1500,28.1500,19.6952,36800
2003-06-26,28.1375,28.4375,28.1175,28.3925,19.8649,70000
2003-06-27,28.5025,28.5125,28.2250,28.2350,19.7547,22400
2003-06-30,28.4625,28.4625,28.1625,28.2550,19.7687,53600
2003-07-01,28.1625,28.3750,27.8175,28.3500,19.8352,62400
2003-07-02,28.3750,28.7100,28.3750,28.7100,20.0870,117600
2003-07-03,28.5725,28.7600,28.3950,28.5525,19.9768,25200
2003-07-07,28.8750,29.0950,28.8750,29.0325,20.3127,47600
2003-07-08,29.0500,29.3025,28.9625,29.3025,20.5016,48800
2003-07-09,29.1875,29.3775,29.1300,29.3200,20.5138,21600
2003-07-10,29.0625,29.0625,28.6450,28.7725,20.1308,24800
2003-07-11,28.9125,29.0375,28.8700,28.9475,20.2532,17200
2003-07-14,29.2800,29.4525,29.2525,29.3700,20.5488,28800
2003-07-15,29.3125,29.3125,28.9675,29.0000,20.2899,98000
2003-07-16,29.0875,29.0875,28.6550,28.7475,20.1133,27200
2003-07-17,28.6425,28.6425,28.3250,28.3250,19.8177,14800
2003-07-18,28.3875,28.7475,28.3875,28.7100,20.0870,22800
2003-07-21,28.4075,28.4075,28.3250,28.3350,19.8247,70800
2003-07-22,28.3250,28.7000,28.3250,28.6900,20.0730,26800
2003-07-23,28.7250,28.7250,28.4550,28.4550,19.9086,22400
2003-07-24,28.9125,29.0075,28.5750,28.5750,19.9926,16400
2003-07-25,28.7125,29.0125,28.6900,29.0125,20.2987,10000
2003-07-28,29.1500,29.1500,29.0325,29.0700,20.3389,15200
2003-07-29,29.0850,29.0850,28.7150,28.8500,20.1850,14800
2003-07-30,28.8275,28.9425,28.7900,28.7900,20.1430,24800
2003-07-31,28.9125,29.2900,28.9125,28.9200,20.2340,126000
2003-08-01,28.6925,28.7650,28.6200,28.7350,20.1045,48000
2003-08-04,28.6975,28.7550,28.3250,28.6850,20.0695,39600
2003-08-05,28.6625,28.6625,28.1650,28.1650,19.7057,42400
2003-08-06,28.1125,28.3650,28.0450,28.2375,19.7564,24800
2003-08-07,28.2000,28.3700,28.1975,28.3350,19.8247,25600
2003-08-08,28.4575,28.4825,28.3550,28.4400,19.8981,62800
2003-08-11,28.5600,28.6575,28.3700,28.5550,19.9786,16400
2003-08-12,28.5550,28.8475,28.5550,28.8275,20.1692,64400
2003-08-13,28.9875,28.9875,28.7625,28.7750,20.1325,48400
2003-08-14,28.9100,29.1000,28.8625,29.0775,20.3441,34400
2003-08-15,29.1400,29.1400,29.1400,29.1400,20.3879,4400
2003-08-18,29.2000,29.4750,29.2000,29.4750,20.6223,74800
2003-08-19,29.5500,29.6600,29.4250,29.6600,20.7517,67200
2003-08-20,29.5250,29.7475,29.5000,29.6725,20.7604,50800
2003-08-21,29.8325,30.0075,29.7375,29.9175,20.9319,121200
2003-08-22,30.1500,30.1550,29.5875,29.5875,20.7010,108400
2003-08-25,29.5500,29.5500,29.4275,29.5300,20.6607,42400
2003-08-26,29.5000,29.6425,29.2050,29.6425,20.7395,18000
2003-08-27,29.5750,29.7375,29.5750,29.7375,20.8059,14400
2003-08-28,29.8000,29.9925,29.5925,29.9925,20.9843,9200
2003-08-29,29.8250,30.2350,29.8250,30.1675,21.1068,125200
2003-09-02,30.3625,30.6300,30.1775,30.6100,21.4164,55600
2003-09-03,30.6250,30.8125,30.6250,30.6875,21.4706,279600
2003-09-04,30.6750,30.7450,30.5700,30.7125,21.4881,18800
2003-09-05,30.5650,30.7525,30.4750,30.5900,21.4024,37600
2003-09-08,30.6450,30.8550,30.6450,30.8375,21.5755,34400
2003-09-09,30.7875,30.7875,30.5375,30.5700,21.3884,35600
2003-09-10,30.3350,30.3675,30.0075,30.0250,21.0071,160000
2003-09-11,30.1875,30.3250,30.0650,30.2325,21.1523,106800
2003-09-12,30.1700,30.3575,29.9675,30.3175,21.2117,293600
2003-09-15,30.3625,30.3625,29.9250,30.2325,21.1523,420800
2003-09-16,30.3650,30.6625,30.3325,30.6625,21.4531,65600
2003-09-17,30.6750,30.7250,30.5875,30.6000,21.4094,76000
2003-09-18,30.6125,30.9900,30.5650,30.9625,21.6630,99200
2003-09-19,30.7500,30.8375,30.6550,30.8025,21.6590,77200
2003-09-22,30.3750,30.4700,30.3000,30.3850,21.3654,30800
2003-09-23,30.4200,30.6075,30.4200,30.6075,21.5218,29200
2003-09-24,30.6075,30.6075,30.0750,30.1050,21.1685,84800
2003-09-25,30.1250,30.1250,29.7700,29.7700,20.9330,156000
2003-09-26,29.6500,29.6750,29.5000,29.5300,20.7642,41600
2003-09-29,29.6250,29.7150,29.4825,29.7100,20.8908,20000
2003-09-30,29.6950,29.6950,29.3400,29.5725,20.7941,32000
2003-10-01,29.6500,30.0950,29.6500,30.0950,21.1615,10800
2003-10-02,30.2600,30.2675,30.1325,30.2500,21.2705,21600
2003-10-03,30.7625,30.8950,30.5950,30.6050,21.5201,181200
2003-10-06,30.7175,30.8250,30.6300,30.7925,21.6519,52400
2003-10-07,30.6500,30.9425,30.5700,30.9425,21.7574,35200
2003-10-08,30.9625,30.9900,30.7925,30.8575,21.6976,64000
2003-10-09,31.2000,31.3425,30.9725,31.0500,21.8330,73200
2003-10-10,31.1000,31.1175,30.9725,31.0250,21.8154,88800
2003-10-13,31.2275,31.4275,31.2275,31.3375,22.0351,82800
2003-10-14,31.2875,31.4550,31.2200,31.4500,22.1142,89200
2003-10-15,31.5750,31.5875,31.2725,31.3575,22.0492,54400
2003-10-16,31.2625,31.5125,31.2625,31.4075,22.0844,77200
2003-10-17,31.2925,31.2925,31.0000,31.0350,21.8224,124000
2003-10-20,31.1125,31.1500,30.9825,31.1500,21.9033,58800
2003-10-21,31.2000,31.2850,31.1375,31.2075,21.9437,76000
2003-10-22,30.9500,30.9525,30.7200,30.7500,21.6220,93200
2003-10-23,30.6125,30.8375,30.5425,30.7750,21.6396,88400
2003-10-24,30.5875,30.6475,30.3750,30.6250,21.5342,201600
2003-10-27,30.9125,31.0000,30.8250,30.8250,21.6748,63200
2003-10-28,31.0375,31.3375,31.0000,31.3375,22.0351,79600
2003-10-29,31.2875,31.4750,31.2800,31.4575,22.1195,65200
2003-10-30,31.6750,31.6750,31.4000,31.6125,22.2285,378400
2003-10-31,31.6625,31.7000,31.5300,31.6200,22.2338,76400
2003-11-03,31.7825,31.9575,31.6875,31.8900,22.4236,90000
2003-11-04,31.8325,31.9275,31.7325,31.7500,22.3252,149600
2003-11-05,31.6500,31.8225,31.5600,31.7950,22.3568,66800
2003-11-06,31.8250,31.9875,31.6725,31.9875,22.4922,158000
2003-11-07,32.0875,32.1750,31.9300,31.9350,22.4553,217200
2003-11-10,31.9050,31.9050,31.6050,31.6050,22.2232,40800
2003-11-11,31.6600,31.6600,31.5025,31.5975,22.2180,125200
2003-11-12,31.6875,32.0400,31.6875,32.0400,22.5291,88800
2003-11-13,32.0250,32.1125,31.9275,32.1125,22.5801,53200
2003-11-14,32.1450,32.2625,31.7500,31.7875,22.3516,70000
2003-11-17,31.7375,31.7500,31.2750,31.4825,22.1371,182400
2003-11-18,31.5825,31.6650,31.1650,31.1650,21.9139,102000
2003-11-19,31.2000,31.3525,31.1800,31.3525,22.0457,30800
2003-11-20,31.1500,31.4825,31.1075,31.1375,21.8945,90000
2003-11-21,31.2750,31.3050,31.1100,31.2725,21.9894,76400
2003-11-24,31.5250,31.8625,31.5250,31.8625,22.4043,88000
2003-11-25,31.8625,32.1600,31.8450,32.0650,22.5467,134000
2003-11-26,32.1450,32.2100,31.9200,32.2075,22.6469,82000
2003-11-28,32.2625,32.3300,32.2375,32.2875,22.7031,71200
2003-12-01,32.3750,32.6800,32.3750,32.6700,22.9721,73200
2003-12-02,32.6500,32.6900,32.5425,32.5500,22.8877,134800
2003-12-03,32.7375,32.7925,32.5075,32.5125,22.8613,94400
2003-12-04,32.5625,32.5850,32.3550,32.4900,22.8455,46800
2003-12-05,32.4375,32.5075,32.2500,32.2625,22.6856,44400
2003-12-08,32.3500,32.5000,32.2575,32.5000,22.8526,54000
2003-12-09,32.5625,32.5625,32.1875,32.2100,22.6486,35600
2003-12-10,32.2500,32.2500,31.8925,31.9600,22.4729,39200
2003-12-11,32.0875,32.5800,32.0875,32.5250,22.8701,42800
2003-12-12,32.4875,32.6600,32.4000,32.6500,22.9580,33600
2003-12-15,33.0250,33.0250,32.3875,32.3875,22.7735,233600
2003-12-16,32.4625,32.5425,32.2525,32.4950,22.8491,52800
2003-12-17,32.5000,32.5925,32.4050,32.5925,22.9176,53200
2003-12-18,32.6675,33.1075,32.6675,33.0700,23.2534,40400
2003-12-19,33.0625,33.0625,32.8600,33.0075,23.2763,77200
2003-12-22,32.9250,33.1425,32.9250,33.1425,23.3715,22400
2003-12-23,33.2375,33.3600,33.2275,33.3600,23.5249,126000
2003-12-24,33.3250,33.3450,33.2400,33.2975,23.4808,70400
2003-12-26,33.3875,33.4600,33.3650,33.3775,23.5372,25200
2003-12-29,33.5450,33.7750,33.4875,33.7750,23.8175,70800
2003-12-30,33.8125,33.8200,33.7125,33.8200,23.8492,85600
2003-12-31,33.8750,33.9050,33.7225,33.8625,23.8792,90800
2004-01-02,34.0000,34.0200,33.6125,33.7025,23.7664,61600
2004-01-05,33.7375,34.1250,33.7375,34.1250,24.0643,105200
2004-01-06,34.1000,34.2250,34.0250,34.1950,24.1137,138000
2004-01-07,34.1700,34.2350,33.9500,34.2150,24.1278,97600
2004-01-08,34.4250,34.4750,34.2800,34.4750,24.3111,47600
2004-01-09,34.2700,34.5850,34.2250,34.2925,24.1824,80000
2004-01-12,34.3750,34.5000,34.2650,34.5000,24.3288,32800
2004-01-13,34.5600,34.5600,34.1500,34.3100,24.1948,50000
2004-01-14,34.4625,34.6325,34.4375,34.6200,24.4134,139600
2004-01-15,34.7050,34.8400,34.4450,34.7150,24.4804,95600
2004-01-16,34.9150,35.0375,34.8600,35.0375,24.7078,81200
2004-01-20,35.1500,35.1700,34.9350,35.1075,24.7572,64400
2004-01-21,35.0875,35.3425,34.9300,35.2575,24.8629,137600
2004-01-22,35.4000,35.4050,35.1225,35.1225,24.7677,87600
2004-01-23,35.1750,35.3000,34.9375,35.0375,24.7078,58000
2004-01-26,35.0750,35.3500,34.9700,35.3500,24.9282,28000
2004-01-27,35.3000,35.3700,35.0675,35.0775,24.7360,106000
2004-01-28,35.2250,35.2250,34.5375,34.6125,24.4081,175600
2004-01-29,34.7400,34.7875,34.2325,34.6200,24.4134,82400
2004-01-30,34.6375,34.6900,34.4950,34.6650,24.4451,26800
2004-02-02,34.7250,34.9375,34.5225,34.7025,24.4716,114000
2004-02-03,34.6875,34.7800,34.6375,34.7125,24.4786,22800
2004-02-04,34.5250,34.5300,34.2550,34.3425,24.2177,196400
2004-02-05,34.3500,34.5275,34.3225,34.4350,24.2829,61200
2004-02-06,34.5850,34.9650,34.4950,34.9575,24.6514,64000
2004-02-09,35.0625,35.1250,34.9625,34.9875,24.6725,271600
2004-02-10,34.9875,35.1750,34.9875,35.1425,24.7818,32800
2004-02-11,35.1750,35.6000,35.0875,35.5675,25.0816,254800
2004-02-12,35.5625,35.6350,35.4625,35.4625,25.0075,261600
2004-02-13,35.5050,35.5050,35.1150,35.2250,24.8400,93200
2004-02-17,35.5000,35.6650,35.4650,35.6175,25.1168,133600
2004-02-18,35.6500,35.6500,35.4200,35.4925,25.0287,54000
2004-02-19,35.7250,35.7250,35.2725,35.2725,24.8735,51600
2004-02-20,35.4000,35.4000,34.9250,35.1225,24.7677,144400
2004-02-23,35.2375,35.2375,34.8200,34.9000,24.6108,59200
2004-02-24,34.8750,34.9725,34.6750,34.8075,24.5456,178000
2004-02-25,34.9125,35.0775,34.8200,35.0575,24.7219,90000
2004-02-26,35.0250,35.2250,34.8950,35.2050,24.8259,92800
2004-02-27,35.2000,35.4600,35.1650,35.3250,24.9105,127200
2004-03-01,35.5000,35.7925,35.4725,35.7675,25.2226,80000
2004-03-02,35.7500,35.7850,35.5825,35.6250,25.1221,72000
2004-03-03,35.5750,35.6600,35.3575,35.6400,25.1327,22800
2004-03-04,35.6875,35.7750,35.5750,35.7750,25.2279,66000
2004-03-05,35.6625,36.0400,35.6225,35.9100,25.3231,55600
2004-03-08,35.9250,35.9350,35.5000,35.5000,25.0339,92800
2004-03-09,35.5375,35.5375,35.1125,35.2125,24.8312,56400
2004-03-10,35.2300,35.2300,34.5625,34.6675,24.4469,164400
2004-03-11,34.3750,34.6975,34.0625,34.0900,24.0396,352800
2004-03-12,34.2875,34.6025,34.2800,34.6000,24.3993,113600
2004-03-15,34.4750,34.5000,34.0625,34.0625,24.0202,182000
2004-03-16,34.2750,34.3500,33.9600,34.2325,24.1401,129600
2004-03-17,34.4975,34.8200,34.4625,34.7625,24.5139,81200
2004-03-18,34.7125,34.7750,34.3825,34.7500,24.5051,157600
2004-03-19,34.6625,34.6625,34.3500,34.3500,24.2813,60800
2004-03-22,34.2375,34.2375,33.6650,33.7950,23.8890,217200
2004-03-23,33.9875,34.0325,33.6975,33.7975,23.8908,214000
2004-03-24,33.8375,33.9050,33.5875,33.7050,23.8254,90000
2004-03-25,33.9500,34.3375,33.8850,34.2750,24.2283,88800
2004-03-26,34.2750,34.4650,34.2725,34.3450,24.2778,30000
2004-03-29,34.5375,34.8075,34.5375,34.6800,24.5146,111200
2004-03-30,34.6800,34.9825,34.6800,34.9450,24.7019,133200
2004-03-31,34.9400,35.1075,34.8100,35.0000,24.7408,81600
2004-04-01,35.1000,35.2975,35.0775,35.2150,24.8928,79600
2004-04-02,35.6750,35.6750,35.4025,35.6125,25.1738,536000
2004-04-05,35.6000,35.8200,35.5500,35.8200,25.3204,108400
2004-04-06,35.6625,35.7475,35.6075,35.7475,25.2692,52400
2004-04-07,35.6875,35.7100,35.4250,35.5625,25.1384,56400
2004-04-08,35.8125,35.8200,35.4025,35.5250,25.1119,33200
2004-04-12,35.5500,35.7525,35.5500,35.6400,25.1932,35200
2004-04-13,35.7000,35.7100,35.0250,35.0950,24.8080,30000
2004-04-14,34.9125,35.1450,34.8400,34.8750,24.6524,43200
2004-04-15,35.0500,35.1825,34.7500,34.9475,24.7037,30400
2004-04-16,35.0500,35.1900,34.8750,35.1750,24.8645,38800
2004-04-19,35.1500,35.1775,34.9600,35.1750,24.8645,36400
2004-04-20,35.2375,35.3150,34.6600,34.6600,24.5005,90800
2004-04-21,34.6250,34.9025,34.5575,34.8750,24.6524,128400
2004-04-22,34.8750,35.5800,34.8750,35.5350,25.1190,92000
2004-04-23,35.5250,35.5250,35.2425,35.4450,25.0554,64400
2004-04-26,35.5250,35.5975,35.2000,35.2100,24.8892,104400
2004-04-27,35.3250,35.6100,35.2650,35.2650,24.9281,25600
2004-04-28,35.1250,35.1250,34.7250,34.7375,24.5552,98000
2004-04-29,34.6975,34.8500,34.1375,34.3375,24.2725,307600
2004-04-30,34.3875,34.4775,34.0775,34.1750,24.1576,62800
2004-05-03,34.1500,34.4400,34.1375,34.4000,24.3167,59600
2004-05-04,34.4500,34.7525,34.3300,34.5000,24.3874,68800
2004-05-05,34.4875,34.6675,34.4875,34.6025,24.4598,53200
2004-05-06,34.4375,34.4375,34.0675,34.2625,24.2195,124400
2004-05-07,34.2500,34.3000,33.6450,33.6525,23.7883,338800
2004-05-10,33.3250,33.4050,32.9600,33.1500,23.4331,351600
2004-05-11,33.4175,33.5500,33.3750,33.5250,23.6982,423600
2004-05-12,33.4000,33.5575,32.9075,33.5400,23.7088,192800
2004-05-13,33.5625,33.7875,33.4300,33.6650,23.7971,101200
2004-05-14,33.6250,33.7675,33.3475,33.5825,23.7388,178000
2004-05-17,33.1350,33.3050,33.0025,33.1600,23.4401,81200
2004-05-18,33.4750,33.5050,33.3800,33.4825,23.6681,44800
2004-05-19,33.7625,33.9925,33.4075,33.4150,23.6204,306800
2004-05-20,33.3750,33.5075,33.3350,33.4625,23.6540,32800
2004-05-21,33.6125,33.7350,33.4825,33.5400,23.7088,100400
2004-05-24,33.8750,33.9300,33.6425,33.8125,23.9014,96400
2004-05-25,33.6400,34.4200,33.6275,34.4200,24.3308,218800
2004-05-26,34.3750,34.5425,34.3200,34.4875,24.3785,362400
2004-05-27,34.7000,34.8275,34.5150,34.6550,24.4969,404000
2004-05-28,34.6250,34.7750,34.6075,34.7725,24.5800,106000
2004-06-01,34.6500,34.8000,34.5475,34.7325,24.5517,114000
2004-06-02,34.8975,34.9350,34.6625,34.8500,24.6348,154800
2004-06-03,34.7125,34.7625,34.5000,34.5000,24.3874,81200
2004-06-04,34.7750,34.8750,34.6575,34.7150,24.5393,177200
2004-06-07,34.9675,35.3750,34.9150,35.3750,25.0059,265200
2004-06-08,35.3125,35.3900,35.1750,35.3600,24.9953,262800
2004-06-09,35.3250,35.3400,34.9825,34.9850,24.7302,251600
2004-06-10,35.1625,35.2025,35.0600,35.1350,24.8362,128800
2004-06-14,35.0125,35.0150,34.6450,34.7250,24.5464,189200
2004-06-15,35.0125,35.1725,34.9225,35.0175,24.7532,91600
2004-06-16,35.0500,35.1275,34.9625,35.0925,24.8062,111200
2004-06-17,35.0300,35.0775,34.8650,35.0625,24.7850,120800
2004-06-18,34.9250,35.1925,34.9250,35.0650,24.8500,60400
2004-06-21,35.1125,35.1675,34.9250,34.9625,24.7774,82000
2004-06-22,34.9625,35.2050,34.8450,35.1625,24.9191,103200
2004-06-23,35.2250,35.6225,35.1600,35.5925,25.2238,74800
2004-06-24,35.5575,35.7000,35.3100,35.5075,25.1636,168000
2004-06-25,35.5575,35.7125,35.4500,35.5375,25.1849,81600
2004-06-28,35.7100,35.7250,35.2500,35.4050,25.0910,390400
2004-06-29,35.4375,35.5425,35.3825,35.4950,25.1547,333600
2004-06-30,35.6000,35.7725,35.4400,35.7375,25.3266,417600
2004-07-01,35.7250,35.7575,35.1150,35.2500,24.9811,104400
2004-07-02,35.2250,35.2250,35.0150,35.1300,24.8961,85200
2004-07-06,34.9750,34.9750,34.6700,34.7300,24.6126,291600
2004-07-07,34.8250,34.8750,34.7125,34.7850,24.6516,140800
2004-07-08,34.6750,34.7150,34.4000,34.4075,24.3841,177200
2004-07-09,34.6000,34.6000,34.4575,34.5150,24.4602,72000
2004-07-12,34.5250,34.5675,34.2750,34.4750,24.4319,110800
2004-07-13,34.5750,34.5750,34.4650,34.5300,24.4709,107200
2004-07-14,34.2875,34.7000,34.2875,34.3950,24.3752,85200
2004-07-15,34.5000,34.6175,34.4125,34.4825,24.4372,56400
2004-07-16,34.5825,34.5825,34.2175,34.2175,24.2494,120000
2004-07-19,34.2750,34.3350,34.0500,34.2000,24.2370,203600
2004-07-20,34.2250,34.5000,34.1700,34.5000,24.4496,243200
2004-07-21,34.6625,34.7050,33.9625,33.9650,24.0704,182800
2004-07-22,33.8875,34.0275,33.5375,33.9250,24.0421,413200
2004-07-23,33.7925,33.7925,33.5375,33.6300,23.8330,98400
2004-07-26,33.6500,33.7600,33.2950,33.4675,23.7179,107600
2004-07-27,33.4500,33.8150,33.4300,33.7700,23.9323,84400
2004-07-28,33.7125,33.8425,33.3300,33.7300,23.9039,202800
2004-07-29,33.8300,34.1150,33.8300,34.0500,24.1307,153200
2004-07-30,34.0000,34.1550,33.9700,34.1025,24.1679,124800
2004-08-02,33.9750,34.2525,33.9400,34.2350,24.2618,121600
2004-08-03,34.1775,34.1775,33.8900,33.9125,24.0332,128800
2004-08-04,33.7500,33.9400,33.6025,33.8450,23.9854,151200
2004-08-05,33.8000,33.8000,33.2325,33.2325,23.5513,92800
2004-08-06,32.7950,32.9725,32.6225,32.6350,23.1279,364400
2004-08-09,32.8000,32.8625,32.6975,32.8150,23.2555,166800
2004-08-10,32.9500,33.2000,32.8825,33.1900,23.5212,160400
2004-08-11,32.9500,33.1225,32.8325,33.0700,23.4362,136000
2004-08-12,32.9625,32.9875,32.6650,32.7000,23.1740,283600
2004-08-13,32.8000,32.8000,32.5900,32.6500,23.1385,82800
2004-08-16,32.8250,33.2625,32.8250,33.2625,23.5726,108400
2004-08-17,33.4375,33.5525,33.3300,33.3500,23.6346,84000
2004-08-18,33.3000,33.7800,33.3000,33.7675,23.9305,217600
2004-08-19,33.7675,33.7675,33.5225,33.6425,23.8419,154800
2004-08-20,33.7100,33.9900,33.6600,33.9775,24.0793,160400
2004-08-23,34.0425,34.0425,33.8125,33.8125,23.9624,114400
2004-08-24,34.0125,34.0125,33.7200,33.8125,23.9624,101200
2004-08-25,33.8250,34.1625,33.7375,34.1625,24.2104,220000
2004-08-26,34.1125,34.1375,34.0675,34.1250,24.1838,62800
2004-08-27,34.1350,34.2500,34.1350,34.1875,24.2281,63200
2004-08-30,34.1675,34.1675,33.9325,33.9325,24.0474,124800
2004-08-31,34.0275,34.0675,33.8050,34.0675,24.1431,94000
2004-09-01,34.1750,34.2800,33.9975,34.1825,24.2246,37200
2004-09-02,34.2000,34.6275,34.2000,34.6275,24.5400,42400
2004-09-03,34.5500,34.6600,34.4300,34.4300,24.4000,56400
2004-09-07,34.7250,34.8125,34.5875,34.7175,24.6037,348400
2004-09-08,34.7000,34.7325,34.4800,34.5150,24.4602,101600
2004-09-09,34.6450,34.7200,34.4225,34.6125,24.5293,310400
2004-09-10,34.5500,34.8675,34.4750,34.8625,24.7065,46400
2004-09-13,34.9325,35.0700,34.8850,34.9175,24.7455,438400
2004-09-14,35.0250,35.0250,34.8625,34.9950,24.8004,161200
2004-09-15,34.9500,34.9500,34.7100,34.7450,24.6232,78800
2004-09-16,34.7875,34.9825,34.7875,34.9450,24.7650,134400
2004-09-17,34.9875,35.0750,34.8725,34.9825,24.8536,271200
2004-09-20,34.8875,34.9825,34.8000,34.8700,24.7737,95200
2004-09-21,34.9250,35.1750,34.8900,35.1000,24.9371,208800
2004-09-22,34.9250,34.9250,34.6500,34.6625,24.6262,142000
2004-09-23,34.5375,34.6400,34.4950,34.5625,24.5552,183200
2004-09-24,34.5750,34.6900,34.5400,34.5550,24.5499,153200
2004-09-27,34.3700,34.4800,34.3025,34.3250,24.3865,86800
2004-09-28,34.3250,34.5525,34.2325,34.5175,24.5232,129600
2004-09-29,34.5025,34.6625,34.4850,34.6625,24.6262,271200
2004-09-30,34.7000,34.8750,34.6600,34.8550,24.7630,220400
2004-10-01,35.0325,35.4375,35.0250,35.4275,25.1697,340400
2004-10-04,35.6875,35.7725,35.5800,35.6000,25.2923,186400
2004-10-05,35.6000,35.6375,35.4525,35.5400,25.2497,252000
2004-10-06,35.5100,35.7800,35.4625,35.7700,25.4131,224400
2004-10-07,35.7500,35.7500,35.4350,35.4350,25.1751,101600
2004-10-08,35.3300,35.4200,35.0250,35.1175,24.9495,186800
2004-10-11,35.2250,35.2250,35.0750,35.0925,24.9317,131600
2004-10-12,34.8750,35.0450,34.7825,35.0075,24.8714,152000
2004-10-13,35.1375,35.1375,34.6050,34.7225,24.6689,80800
2004-10-14,34.7375,34.7425,34.3950,34.4675,24.4877,105200
2004-10-15,34.5875,34.7950,34.4225,34.5975,24.5801,86800
2004-10-18,34.5750,34.7625,34.4300,34.7175,24.6653,92000
2004-10-19,34.8375,34.9325,34.4200,34.4200,24.4540,228800
2004-10-20,34.3400,34.4575,34.1150,34.4575,24.4806,85200
2004-10-21,34.4725,34.7800,34.4525,34.7325,24.6760,53200
2004-10-22,34.7875,34.8250,34.4525,34.4600,24.4824,124800
2004-10-25,34.4375,34.5500,34.3125,34.5050,24.5144,94800
2004-10-26,34.5750,35.0025,34.5125,35.0025,24.8678,220800
2004-10-27,34.9800,35.5275,34.9475,35.5175,25.2337,288000
2004-10-28,35.5000,35.6375,35.3475,35.4950,25.2177,280400
2004-10-29,35.6500,35.7300,35.4800,35.6825,25.3509,89600
2004-11-01,35.7000,35.7925,35.6175,35.7300,25.3847,218800
2004-11-02,35.8150,36.0625,35.6775,35.6875,25.3545,391600
2004-11-03,36.3125,36.3125,35.9650,36.1025,25.6493,1280800
2004-11-04,36.1750,36.7475,36.1250,36.7400,26.1022,987600
2004-11-05,36.9250,37.1250,36.8250,36.9950,26.2834,974400
2004-11-08,37.0000,37.0300,36.8500,36.9250,26.2337,306800
2004-11-09,36.9375,37.0500,36.8700,36.9500,26.2514,219200
2004-11-10,36.9250,37.1050,36.9050,36.9750,26.2692,398800
2004-11-11,37.0625,37.3700,37.0200,37.3400,26.5285,352400
2004-11-12,37.3750,37.6575,37.2200,37.6550,26.7523,253200
2004-11-15,37.6000,37.7550,37.5575,37.6925,26.7789,267600
2004-11-16,37.6500,37.6500,37.4400,37.4750,26.6244,238000
2004-11-17,37.8000,37.9550,37.6325,37.7025,26.7860,277200
2004-11-18,37.7250,37.8250,37.6425,37.8200,26.8695,181600
2004-11-19,37.7875,37.7900,37.3525,37.3725,26.5516,162800
2004-11-22,37.3125,37.6400,37.2575,37.6375,26.7399,238000
2004-11-23,37.6125,37.7525,37.4775,37.6775,26.7683,242000
2004-11-24,37.9125,37.9600,37.7675,37.9600,26.9690,245200
2004-11-26,38.0125,38.1250,37.9900,38.0450,27.0294,86000
2004-11-29,38.1875,38.1875,37.6550,37.8475,26.8891,294000
2004-11-30,37.8750,37.8950,37.7225,37.7500,26.8198,258400
2004-12-01,37.9175,38.2700,37.8875,38.2700,27.1892,317600
2004-12-02,38.2475,38.3500,38.0775,38.1975,27.1377,252000
2004-12-03,38.2775,38.4200,38.1250,38.2500,27.1750,515200
2004-12-06,38.2500,38.2800,38.0000,38.2300,27.1608,193200
2004-12-07,38.2500,38.2500,37.7500,37.7500,26.8198,161600
2004-12-08,37.8125,37.9025,37.6625,37.8400,26.8837,290000
2004-12-09,37.6750,38.0625,37.4950,38.0400,27.0258,247600
2004-12-10,37.9775,38.1875,37.9425,38.0775,27.0525,466400
2004-12-13,38.3250,38.3900,38.1450,38.3900,27.2745,285200
2004-12-14,38.5000,38.6675,38.4125,38.6375,27.4503,316000
2004-12-15,38.6650,38.7925,38.5600,38.7825,27.5533,234000
2004-12-16,38.7375,38.8175,38.4550,38.5875,27.4148,269200
2004-12-17,38.4750,38.4850,38.1400,38.4000,27.3583,346800
2004-12-20,38.5125,38.6175,38.2450,38.3000,27.2871,151200
2004-12-21,38.4000,38.6725,38.3675,38.6650,27.5471,194000
2004-12-22,38.7000,38.8325,38.6875,38.8000,27.6433,146800
2004-12-23,38.8475,38.8700,38.7600,38.8200,27.6576,170000
2004-12-27,38.9250,38.9250,38.5825,38.6000,27.5008,176800
2004-12-28,38.7175,38.9200,38.7175,38.9200,27.7288,228800
2004-12-29,38.9125,39.0000,38.8900,38.9800,27.7716,132800
2004-12-30,39.0375,39.1100,39.0075,39.0550,27.8250,321600
2004-12-31,39.0750,39.2275,39.0300,39.0400,27.8143,322000
2005-01-03,39.2000,39.2000,38.4850,38.5000,27.4296,247200
2005-01-04,38.6500,38.6500,37.8425,37.9625,27.0466,376000
2005-01-05,37.9250,38.0400,37.6700,37.6700,26.8382,206400
2005-01-06,37.7875,37.9100,37.6350,37.7825,26.9184,274800
2005-01-07,37.8925,37.8925,37.5550,37.6825,26.8471,277200
2005-01-10,37.6825,37.9950,37.6800,37.7575,26.9006,134400
2005-01-11,37.7500,37.7500,37.4750,37.5625,26.7616,257600
2005-01-12,37.6000,37.7500,37.3025,37.7500,26.8952,619600
2005-01-13,37.7450,37.8075,37.4550,37.4925,26.7118,215200
2005-01-14,37.3875,37.8250,37.3875,37.8175,26.9433,221200
2005-01-18,37.7550,38.1850,37.6625,38.1850,27.2052,242800
2005-01-19,38.1975,38.1975,37.8350,37.8500,26.9665,220800
2005-01-20,37.6750,37.7700,37.5200,37.5575,26.7581,249600
2005-01-21,37.6000,37.6525,37.3300,37.3400,26.6031,177600
2005-01-24,37.3550,37.4500,37.0975,37.1250,26.4499,353600
2005-01-25,37.4000,37.4550,37.1550,37.1750,26.4856,270400
2005-01-26,37.3625,37.4975,37.2150,37.4475,26.6797,244800
2005-01-27,37.3625,37.6425,37.3525,37.5675,26.7652,152800
2005-01-28,37.6000,37.6000,37.2425,37.4175,26.6583,173600
2005-01-31,37.7250,37.8400,37.6400,37.8375,26.9576,158400
2005-02-01,37.9000,38.1275,37.8350,38.1175,27.1571,277600
2005-02-02,38.0650,38.3050,38.0650,38.2700,27.2657,283200
2005-02-03,38.1875,38.1875,38.0125,38.1875,27.2069,131200
2005-02-04,38.1875,38.6450,38.1875,38.6400,27.5293,235600
2005-02-07,38.5750,38.7175,38.5175,38.5700,27.4794,187600
2005-02-08,38.5500,38.6800,38.4975,38.5250,27.4474,205600
2005-02-09,38.6000,38.6175,38.1575,38.1775,27.1998,179600
2005-02-10,38.3000,38.3400,38.1450,38.3275,27.3067,126800
2005-02-11,38.3400,38.7675,38.2000,38.7350,27.5970,218400
2005-02-14,38.7000,38.7150,38.6150,38.6975,27.5703,101600
2005-02-15,38.7250,38.9525,38.7050,38.8425,27.6736,131600
2005-02-16,38.7500,38.9175,38.6550,38.8275,27.6629,88800
2005-02-17,38.8250,38.8600,38.5525,38.5550,27.4688,105200
2005-02-18,38.5050,38.6075,38.4825,38.5525,27.4670,104000
2005-02-22,38.5375,38.5525,37.9200,37.9200,27.0163,512400
2005-02-23,38.0500,38.1925,37.9750,38.1275,27.1642,226400
2005-02-24,38.1750,38.4750,38.0275,38.4500,27.3940,199600
2005-02-25,38.5125,38.8850,38.4375,38.8525,27.6807,245200
2005-02-28,38.8250,38.8550,38.4075,38.6425,27.5311,124800
2005-03-01,38.7625,38.9450,38.7625,38.9100,27.7217,174800
2005-03-02,38.6875,39.0625,38.6500,38.8550,27.6825,195200
2005-03-03,39.0275,39.0750,38.6875,38.9300,27.7359,218000
2005-03-04,39.1050,39.3900,39.0650,39.3275,28.0191,356800
2005-03-07,39.3100,39.5850,39.3100,39.4500,28.1064,253200
2005-03-08,39.5200,39.5200,39.2150,39.2375,27.9550,71200
2005-03-09,39.1850,39.2125,38.8225,38.8225,27.6594,162000
2005-03-10,38.8750,38.9125,38.5925,38.8000,27.6433,183200
2005-03-11,38.8375,39.0475,38.5000,38.6800,27.5578,400400
2005-03-14,38.8000,38.9075,38.7225,38.9000,27.7146,180400
2005-03-15,38.9500,39.0375,38.6350,38.6400,27.5293,390800
2005-03-16,38.5250,38.5250,38.1875,38.2500,27.2515,478800
2005-03-17,38.2700,38.4575,38.1925,38.3650,27.3334,340800
2005-03-18,38.3075,38.3100,38.0125,38.1850,27.2681,219600
2005-03-21,38.1925,38.1925,37.9375,38.1275,27.2270,335600
2005-03-22,38.1800,38.3450,37.7625,37.7650,26.9681,244800
2005-03-23,37.7000,37.8625,37.6500,37.7625,26.9663,324400
2005-03-24,37.8825,38.0100,37.7875,37.7875,26.9842,325600
2005-03-28,37.9350,37.9900,37.8000,37.8200,27.0074,365600
2005-03-29,37.7300,37.9225,37.3600,37.4075,26.7128,762800
2005-03-30,37.5850,37.9675,37.5475,37.9675,27.1127,203600
2005-03-31,37.9850,38.1075,37.9500,38.0275,27.1556,429200
2005-04-01,38.2000,38.3800,37.7375,37.9000,27.0645,209200
2005-04-04,37.8375,37.9875,37.6525,37.9000,27.0645,177200
2005-04-05,37.9625,38.1000,37.9250,38.0500,27.1716,162400
2005-04-06,38.1500,38.3025,38.0675,38.1050,27.2109,336800
2005-04-07,38.1775,38.3750,38.1250,38.3650,27.3966,164800
2005-04-08,38.4250,38.4250,38.0550,38.0700,27.1859,104000
2005-04-11,38.1250,38.1250,37.9275,38.0500,27.1716,122400
2005-04-12,38.0125,38.3150,37.6650,38.2450,27.3109,238400
2005-04-13,38.1500,38.1500,37.6225,37.7050,26.9253,217600
2005-04-14,37.7200,37.7200,37.1500,37.1500,26.5289,339200
2005-04-15,36.9000,37.0300,36.3550,36.4000,25.9934,807600
2005-04-18,36.4000,36.6850,36.3275,36.5750,26.1184,1053200
2005-04-19,36.8500,36.9775,36.5375,36.9375,26.3772,674800
2005-04-20,36.9750,36.9975,36.3675,36.4375,26.0201,636800
2005-04-21,36.6625,37.1375,36.6450,37.1325,26.5165,286000
2005-04-22,37.0650,37.0800,36.5425,36.7750,26.2612,211200
2005-04-25,37.0325,37.2000,37.0000,37.1700,26.5432,205200
2005-04-26,37.1300,37.2900,36.8125,36.8125,26.2880,142000
2005-04-27,36.7250,37.0000,36.4700,36.8900,26.3433,211200
2005-04-28,36.8375,36.8400,36.4300,36.4300,26.0148,210400
2005-04-29,36.6875,36.8550,36.2725,36.8125,26.2880,275600
2005-05-02,36.9850,37.0950,36.8075,37.0175,26.4343,278800
2005-05-03,37.0000,37.2500,36.8750,37.0275,26.4415,305200
2005-05-04,37.2000,37.5800,37.1150,37.5325,26.8021,356800
2005-05-05,37.5825,37.6775,37.3000,37.4575,26.7485,467200
2005-05-06,37.6575,37.6575,37.4300,37.5250,26.7967,450800
2005-05-09,37.5000,37.7625,37.4600,37.7625,26.9663,596800
2005-05-10,37.5500,37.5775,37.2550,37.3500,26.6718,286800
2005-05-11,37.4400,37.5300,37.0800,37.5000,26.7789,120000
2005-05-12,37.5350,37.6375,37.0375,37.1250,26.5111,234000
2005-05-13,37.0650,37.2300,36.6125,36.9250,26.3683,425200
2005-05-16,36.9750,37.3325,36.9750,37.3325,26.6593,209600
2005-05-17,37.2250,37.6425,37.1525,37.6175,26.8628,128000
2005-05-18,37.8825,38.1825,37.8100,38.1300,27.2288,444400
2005-05-19,38.1375,38.2975,38.0625,38.2850,27.3395,397200
2005-05-20,38.2475,38.3450,38.1700,38.3400,27.3787,189200
2005-05-23,38.4000,38.5975,38.3325,38.4900,27.4859,644000
2005-05-24,38.4125,38.4800,38.3000,38.4200,27.4359,198400
2005-05-25,38.3625,38.3625,38.1650,38.2900,27.3430,87200
2005-05-26,38.4300,38.6075,38.2900,38.5650,27.5394,229600
2005-05-27,38.5500,38.6700,38.5375,38.6475,27.5983,149200
2005-05-31,38.6250,38.6975,38.4675,38.4675,27.4698,117200
2005-06-01,38.5025,38.9800,38.5000,38.8575,27.7483,171600
2005-06-02,38.7850,38.9800,38.7500,38.9675,27.8268,102400
2005-06-03,38.9250,39.0000,38.6850,38.7750,27.6894,276800
2005-06-06,38.7750,38.8275,38.6250,38.7875,27.6983,220800
2005-06-07,38.9000,39.2100,38.8225,38.8300,27.7286,246400
2005-06-08,38.8925,38.9825,38.6875,38.7300,27.6572,292000
2005-06-09,38.7000,38.9700,38.6050,38.9625,27.8233,262400
2005-06-10,38.9875,39.0575,38.7525,38.9150,27.7893,346400
2005-06-13,38.8750,39.2000,38.7850,39.0575,27.8911,235200
2005-06-14,39.0575,39.3275,39.0575,39.2125,28.0018,126000
2005-06-15,39.3700,39.3700,39.0450,39.3150,28.0750,293600
2005-06-16,39.2900,39.5150,39.2900,39.5150,28.2178,352000
2005-06-17,39.6500,39.6575,39.4550,39.5800,28.3322,238800
2005-06-20,39.4375,39.6025,39.3225,39.5000,28.2749,211200
2005-06-21,39.5500,39.5875,39.4150,39.4850,28.2642,154400
2005-06-22,39.6500,39.7050,39.4200,39.5200,28.2892,646800
2005-06-23,39.5200,39.6150,39.0900,39.0900,27.9814,247600
2005-06-24,39.0375,39.0550,38.7400,38.7600,27.7452,525200
2005-06-27,38.7150,38.8125,38.6550,38.7650,27.7488,1785200
2005-06-28,38.8250,39.2000,38.8250,39.1950,28.0566,517600
2005-06-29,39.2025,39.2550,39.0950,39.1500,28.0244,255200
2005-06-30,39.2575,39.3150,38.9500,38.9650,27.8919,176000
2005-07-01,39.1000,39.1700,39.0300,39.0875,27.9796,116000
2005-07-05,39.0250,39.5100,39.0250,39.4925,28.2695,174400
2005-07-06,39.4125,39.5100,39.1900,39.2175,28.0727,176000
2005-07-07,38.8750,39.3275,38.7925,39.3275,28.1514,294000
2005-07-08,39.3250,39.8275,39.3250,39.8200,28.5040,256400
2005-07-11,39.9000,40.1175,39.8800,40.1000,28.7044,290000
2005-07-12,40.1500,40.2775,39.9675,40.1750,28.7581,316800
2005-07-13,40.2125,40.2350,40.0900,40.2000,28.7760,104800
2005-07-14,40.4625,40.6125,40.2075,40.3000,28.8476,221200
2005-07-15,40.3225,40.3725,40.1825,40.3375,28.8744,117600
2005-07-18,40.2325,40.3275,40.2125,40.3025,28.8493,180000
2005-07-19,40.4725,40.5925,40.3500,40.5600,29.0337,214800
2005-07-20,40.4750,40.8900,40.3625,40.8025,29.2073,283600
2005-07-21,40.7875,40.7875,40.4225,40.4500,28.9549,371600
2005-07-22,40.6125,40.7975,40.5000,40.7975,29.2037,160400
2005-07-25,40.8250,40.9175,40.5600,40.5750,29.0444,264000
2005-07-26,40.6875,40.8100,40.6400,40.7275,29.1536,140400
2005-07-27,40.8625,40.9125,40.6875,40.9125,29.2860,304000
2005-07-28,41.0250,41.2000,40.8775,41.1775,29.4757,329600
2005-07-29,41.1750,41.2600,40.9350,40.9550,29.3164,319600
2005-08-01,41.0500,41.0775,40.8900,40.9575,29.3182,312400
2005-08-02,41.0250,41.2325,41.0175,41.1625,29.4650,179200
2005-08-03,41.1400,41.2600,41.0900,41.2075,29.4972,193200
2005-08-04,41.0625,41.0750,40.8650,40.8750,29.2592,1064800
2005-08-05,40.7850,40.7850,40.4250,40.5000,28.9907,280400
2005-08-08,40.5750,40.6925,40.3250,40.3400,28.8762,384800
2005-08-09,40.5750,40.6250,40.4700,40.5800,29.0480,469600
2005-08-10,40.7775,40.9750,40.4675,40.5625,29.0354,437200
2005-08-11,40.5825,40.8275,40.5550,40.7450,29.1661,321600
2005-08-12,40.7000,40.7375,40.4350,40.6150,29.0730,560400
2005-08-15,40.6250,40.8875,40.4875,40.8875,29.2681,230400
2005-08-16,40.7375,40.7375,40.2225,40.2450,28.8082,369200
2005-08-17,40.2500,40.4300,40.1675,40.3125,28.8565,387600
2005-08-18,40.1500,40.3200,40.0875,40.1600,28.7473,163600
2005-08-19,40.3250,40.4125,40.2700,40.3000,28.8476,120400
2005-08-22,40.4250,40.5900,40.1925,40.3275,28.8673,150000
2005-08-23,40.4100,40.4100,40.1075,40.2450,28.8082,383200
2005-08-24,40.2225,40.4925,40.0250,40.0250,28.6507,227600
2005-08-25,40.1475,40.2300,40.0675,40.1775,28.7599,265600
2005-08-26,40.1300,40.1775,39.8700,39.9625,28.6060,227600
2005-08-29,39.9175,40.2500,39.7500,40.2500,28.8118,249600
2005-08-30,40.0525,40.0575,39.7725,39.9275,28.5809,207200
2005-08-31,40.0950,40.5975,39.9125,40.5975,29.0605,395200
2005-09-01,40.5250,40.6925,40.3525,40.5000,28.9907,364000
2005-09-02,40.6250,40.6250,40.3750,40.3975,28.9174,194800
2005-09-06,40.6500,40.8725,40.5525,40.8725,29.2574,152400
2005-09-07,40.8500,40.9950,40.7875,40.9875,29.3397,262400
2005-09-08,40.8500,40.9625,40.7650,40.7725,29.1858,83200
2005-09-09,40.9125,41.2125,40.8950,41.2125,29.5007,155200
2005-09-12,41.1525,41.2800,41.1525,41.2375,29.5187,317200
2005-09-13,41.1050,41.2275,40.9600,40.9600,29.3200,106800
2005-09-14,41.0500,41.0500,40.7575,40.8550,29.2448,246800
2005-09-15,40.9400,40.9400,40.6650,40.7425,29.1643,213600
2005-09-16,40.8500,40.9325,40.6650,40.9325,29.3777,364000
2005-09-19,40.8000,40.8000,40.5000,40.6100,29.1462,235200
2005-09-20,40.7050,40.7475,40.1950,40.2425,28.8824,352400
2005-09-21,40.0375,40.0725,39.7275,39.7275,28.5128,321600
2005-09-22,39.7025,39.9525,39.5500,39.8875,28.6276,913600
2005-09-23,39.8500,40.1750,39.7900,40.0275,28.7281,736000
2005-09-26,40.3000,40.3225,39.9550,40.0825,28.7676,260800
2005-09-27,40.0875,40.2200,39.9250,40.1100,28.7873,274000
2005-09-28,40.3075,40.3375,40.0475,40.1850,28.8412,188800
2005-09-29,40.0750,40.5375,39.9675,40.5000,29.0672,686800
2005-09-30,40.5600,40.7400,40.5075,40.6925,29.2054,203600
2005-10-03,40.7000,40.8725,40.6250,40.7250,29.2287,241200
2005-10-04,40.7875,40.8625,40.2550,40.2550,28.8914,674800
2005-10-05,40.2125,40.2125,39.5500,39.5500,28.3854,433200
2005-10-06,39.5750,39.7325,39.0075,39.3400,28.2347,575200
2005-10-07,39.5050,39.5500,39.3700,39.4875,28.3406,443200
2005-10-10,39.4250,39.4275,39.0025,39.0200,28.0050,292400
2005-10-11,39.2125,39.2150,38.7675,38.8225,27.8633,247200
2005-10-12,38.8275,39.0000,38.3750,38.4250,27.5780,1147200
2005-10-13,38.4250,38.5350,38.1900,38.4475,27.5941,744000
2005-10-14,38.7275,38.8900,38.4500,38.8825,27.9063,968400
2005-10-17,39.0250,39.0550,38.8175,39.0150,28.0014,706800
2005-10-18,38.8700,38.9075,38.5950,38.5975,27.7018,1834800
2005-10-19,38.3500,39.1475,38.2500,39.1475,28.0965,956000
2005-10-20,39.1650,39.2875,38.4775,38.5975,27.7018,692400
2005-10-21,38.9000,38.9400,38.5750,38.7775,27.8310,454000
2005-10-24,38.9000,39.4250,38.9000,39.4250,28.2957,683200
2005-10-25,39.4000,39.5025,39.0575,39.2775,28.1898,727200
2005-10-26,39.3000,39.5300,39.1000,39.1250,28.0804,526400
2005-10-27,39.1400,39.1400,38.5950,38.6050,27.7072,331600
2005-10-28,38.7750,39.2200,38.6600,39.2125,28.1432,426400
2005-10-31,39.4625,39.8200,39.4625,39.6025,28.4231,474000
2005-11-01,39.7125,39.7325,39.5050,39.5600,28.3926,317600
2005-11-02,39.5750,40.0825,39.5750,40.0825,28.7676,1056000
2005-11-03,40.3575,40.4150,40.1125,40.1850,28.8412,452000
2005-11-04,40.3000,40.3375,40.0500,40.2100,28.8591,672400
2005-11-07,40.3750,40.3975,40.1850,40.3100,28.9309,575200
2005-11-08,40.1750,40.1925,40.0475,40.1675,28.8286,788400
2005-11-09,40.1500,40.3800,40.0450,40.2225,28.8681,244800
2005-11-10,40.2375,40.6225,40.0225,40.5750,29.1211,494400
2005-11-11,40.5925,40.6950,40.5450,40.6750,29.1928,403600
2005-11-14,40.7250,40.7775,40.5850,40.6525,29.1767,290400
2005-11-15,40.6250,40.7475,40.4025,40.4625,29.0403,564800
2005-11-16,40.6000,40.6000,40.4175,40.5650,29.1139,362000
2005-11-17,40.7000,41.0725,40.6875,41.0725,29.4781,223600
2005-11-18,41.1750,41.2675,40.9725,41.1750,29.5517,280000
2005-11-21,41.2250,41.4400,41.1500,41.4225,29.7293,264000
2005-11-22,41.3625,41.6400,41.3075,41.6150,29.8675,251200
2005-11-23,41.6400,41.9350,41.6000,41.7775,29.9841,495200
2005-11-25,41.7500,41.8425,41.7275,41.8125,30.0092,171600
2005-11-28,41.8250,41.8625,41.4525,41.4650,29.7598,363200
2005-11-29,41.5375,41.7775,41.5375,41.5900,29.8495,320800
2005-11-30,41.5250,41.6575,41.3800,41.4050,29.7168,185200
2005-12-01,41.6800,42.0275,41.6400,42.0275,30.1635,261600
2005-12-02,41.9750,42.0900,41.9150,42.0750,30.1976,341600
2005-12-05,42.0000,42.0000,41.7325,41.9125,30.0810,142000
2005-12-06,42.1050,42.2550,41.9650,41.9675,30.1205,171200
2005-12-07,42.0125,42.0125,41.6500,41.7500,29.9644,285600
2005-12-08,41.8000,42.0225,41.6250,41.7850,29.9895,241200
2005-12-09,41.8500,42.0850,41.7700,41.9650,30.1187,132000
2005-12-12,42.1750,42.1850,41.8475,42.0375,30.1707,299600
2005-12-13,42.0000,42.3525,41.9675,42.2475,30.3214,220400
2005-12-14,42.2625,42.5225,42.2375,42.4225,30.4470,262400
2005-12-15,42.4900,42.4950,42.1700,42.2950,30.3555,184000
2005-12-16,42.2750,42.3150,42.0750,42.1050,30.3233,219200
2005-12-19,42.1700,42.1700,41.6975,41.7075,30.0370,224800
2005-12-20,41.6875,41.8625,41.6050,41.7350,30.0568,356000
2005-12-21,41.9300,42.0900,41.8125,41.9125,30.1847,477200
2005-12-22,41.9500,42.1250,41.9200,42.1250,30.3377,582800
2005-12-23,42.1725,42.2025,42.0900,42.1725,30.3719,374400
2005-12-27,42.2875,42.2950,41.7675,41.7700,30.0820,418000
2005-12-28,41.8750,41.9425,41.7875,41.9200,30.1901,167600
2005-12-29,41.9725,41.9725,41.7500,41.7500,30.0676,274400
2005-12-30,41.7000,41.7000,41.4675,41.4825,29.8750,482400
2006-01-03,41.7700,42.1950,41.3625,42.1950,30.3881,696400
2006-01-04,42.1425,42.4725,42.1400,42.4375,30.5628,538400
2006-01-05,42.3875,42.5425,42.3225,42.4375,30.5628,1370800
2006-01-06,42.8000,42.9300,42.5275,42.8550,30.8634,505200
2006-01-09,42.9475,43.1675,42.8875,43.1475,31.0741,624800
2006-01-10,42.9750,43.1575,42.8750,43.1575,31.0813,297200
2006-01-11,43.2175,43.2750,43.0925,43.2500,31.1479,351600
2006-01-12,43.2500,43.2500,42.9625,42.9900,30.9607,450400
2006-01-13,43.0250,43.0800,42.8925,43.0300,30.9895,194400
2006-01-17,42.9125,42.9125,42.7000,42.8200,30.8382,274800
2006-01-18,42.6500,42.8950,42.6075,42.7800,30.8094,510400
2006-01-19,42.9500,43.2125,42.8950,43.1200,31.0543,509200
2006-01-20,43.1750,43.1750,42.4100,42.4375,30.5628,644000
2006-01-23,42.5750,42.6825,42.4550,42.5500,30.6438,304400
2006-01-24,42.7250,42.9375,42.6775,42.8125,30.8328,269600
2006-01-25,42.9725,42.9750,42.5875,42.8250,30.8418,321200
2006-01-26,43.0725,43.1325,42.9150,43.1325,31.0633,478400
2006-01-27,43.2450,43.5350,43.1375,43.3900,31.2487,897200
2006-01-30,43.4475,43.5125,43.3750,43.4150,31.2667,209200
2006-01-31,43.3200,43.4025,43.1250,43.1525,31.0777,290800
2006-02-01,43.2450,43.3475,43.1225,43.3450,31.2163,407200
2006-02-02,43.3250,43.3250,42.8400,42.9675,30.9445,832400
2006-02-03,42.7500,42.9375,42.5950,42.6450,30.7122,604000
2006-02-06,42.8275,42.8950,42.6900,42.8800,30.8814,203200
2006-02-07,42.7975,42.8600,42.4325,42.5175,30.6204,1179200
2006-02-08,42.5600,42.8025,42.4625,42.7775,30.8076,309200
2006-02-09,42.8675,43.0500,42.6650,42.7175,30.7644,248800
2006-02-10,42.6850,42.8450,42.4150,42.7350,30.7770,495600
2006-02-13,42.7000,42.7025,42.4750,42.6000,30.6798,551600
2006-02-14,42.6150,43.1000,42.4900,42.9900,30.9607,309200
2006-02-15,43.0250,43.2300,42.9100,43.2300,31.1335,414400
2006-02-16,43.3325,43.5375,43.2500,43.5375,31.3550,300400
2006-02-17,43.4625,43.6225,43.4550,43.5000,31.3280,327200
2006-02-21,43.6225,43.6850,43.3100,43.3775,31.2397,249600
2006-02-22,43.4000,43.7825,43.4000,43.6575,31.4414,341200
2006-02-23,43.6600,43.8175,43.5425,43.6150,31.4108,368000
2006-02-24,43.6000,43.7175,43.4875,43.6600,31.4432,241600
2006-02-27,43.7750,43.9075,43.7275,43.8275,31.5638,341200
2006-02-28,43.6450,43.6625,43.2325,43.2975,31.1821,638400
2006-03-01,43.4625,43.7550,43.3650,43.7150,31.4828,662000
2006-03-02,43.6050,43.7150,43.4550,43.7000,31.4720,258000
2006-03-03,43.5100,43.9025,43.4750,43.5900,31.3928,456400
2006-03-06,43.5750,43.5750,43.1050,43.1725,31.0921,331200
2006-03-07,43.0250,43.1000,42.8350,43.0100,30.9751,275200
2006-03-08,42.8125,43.1275,42.6950,43.0225,30.9841,1773200
2006-03-09,43.1675,43.3025,42.8875,42.9250,30.9138,1158400
2006-03-10,42.9000,43.3275,42.8750,43.2750,31.1659,420800
2006-03-13,43.3825,43.5150,43.3125,43.3750,31.2379,279600
2006-03-14,43.3500,43.8825,43.3500,43.8500,31.5800,312400
2006-03-15,43.9700,44.1925,43.8500,44.1425,31.7907,379200
2006-03-16,44.2550,44.4550,44.1900,44.2975,31.9023,403600
2006-03-17,44.3250,44.3325,44.1575,44.2750,31.9624,596000
2006-03-20,44.3500,44.3500,44.0700,44.1275,31.8559,180800
2006-03-21,44.0625,44.3225,43.7775,43.7775,31.6033,202000
2006-03-22,43.8350,44.1125,43.7875,44.0675,31.8126,235600
2006-03-23,44.0475,44.0850,43.8800,44.0850,31.8252,238400
2006-03-24,44.0575,44.2050,43.9325,44.1350,31.8613,135200
2006-03-27,44.0550,44.1475,44.0000,44.1100,31.8433,149200
2006-03-28,44.0750,44.2425,43.8200,43.8975,31.6899,224800
2006-03-29,44.0075,44.3500,43.9200,44.2875,31.9714,246800
2006-03-30,44.3750,44.5375,44.0750,44.1175,31.8487,264000
2006-03-31,44.2500,44.2500,43.9775,44.1000,31.8361,284400
2006-04-03,44.1750,44.4475,44.0000,44.0600,31.8072,297200
2006-04-04,44.0575,44.3625,43.9125,44.3000,31.9804,222800
2006-04-05,44.4350,44.5925,44.2900,44.4825,32.1122,258800
2006-04-06,44.5000,44.5525,44.2800,44.4975,32.1230,172000
2006-04-07,44.5500,44.6700,44.0200,44.0925,31.8306,270400
2006-04-10,44.1000,44.1550,43.8900,44.0675,31.8126,125200
2006-04-11,44.0200,44.0725,43.4625,43.5500,31.4390,243200
2006-04-12,43.6550,43.7475,43.5250,43.6625,31.5202,269200
2006-04-13,43.6025,43.7950,43.4600,43.7525,31.5852,336000
2006-04-17,43.8175,43.8450,43.4425,43.6225,31.4914,208000
2006-04-18,43.6700,44.4875,43.6700,44.4425,32.0833,169200
2006-04-19,44.5925,44.6475,44.3450,44.6475,32.2313,174800
2006-04-20,44.6125,44.8650,44.4400,44.6350,32.2223,383600
2006-04-21,44.8550,44.8550,44.4225,44.5250,32.1429,240800
2006-04-24,44.4275,44.5275,44.2825,44.4925,32.1194,120000
2006-04-25,44.5250,44.5625,44.2000,44.3150,31.9913,373600
2006-04-26,44.5225,44.6075,44.3050,44.4300,32.0743,322800
2006-04-27,44.0800,44.6900,44.0200,44.4400,32.0815,576700
2006-04-28,44.4400,44.6400,44.3900,44.4800,32.1104,216600
2006-05-01,44.6000,44.7000,44.2300,44.2500,31.9443,312800
2006-05-02,44.4900,44.5600,44.2900,44.5100,32.1321,251100
2006-05-03,44.5100,44.5600,44.3000,44.4100,32.0599,412200
2006-05-04,44.6300,44.7200,44.5500,44.6200,32.2114,307700
2006-05-05,44.9200,45.1400,44.8400,45.0800,32.5435,258200
2006-05-08,45.1500,45.2100,45.0800,45.1400,32.5868,337300
2006-05-09,45.1300,45.1400,45.0200,45.1200,32.5724,277000
2006-05-10,45.0700,45.1900,44.9000,45.0900,32.5508,281800
2006-05-11,44.9700,44.9700,44.4000,44.4200,32.0671,400600
2006-05-12,44.2000,44.4000,43.9000,43.9000,31.6917,718300
2006-05-15,43.7100,43.9800,43.5600,43.9100,31.6989,509600
2006-05-16,44.0700,44.0700,43.6100,43.7000,31.5473,296900
2006-05-17,43.5500,43.6500,42.9500,43.0100,31.0492,602700
2006-05-18,43.3200,43.3200,42.7300,42.7400,30.8543,1699300
2006-05-19,42.8000,43.2000,42.5500,43.0200,31.0564,540800
2006-05-22,42.7000,42.9900,42.4000,42.7500,30.8615,359700
2006-05-23,43.1000,43.2100,42.5000,42.5000,30.6810,212000
2006-05-24,42.2500,42.8500,42.0300,42.6200,30.7676,301200
2006-05-25,42.9300,43.0800,42.7500,43.0800,31.0997,405100
2006-05-26,43.2700,43.4000,43.1000,43.3700,31.3091,889400
2006-05-30,43.2900,43.2900,42.6200,42.6200,30.7676,187900
2006-05-31,42.9400,43.1700,42.8000,43.1600,31.1575,177400
2006-06-01,43.2100,43.7100,43.1600,43.6600,31.5184,363200
2006-06-02,43.9200,43.9200,43.4700,43.7100,31.5545,366700
2006-06-05,43.5200,43.6000,42.8700,42.9900,31.0348,237000
2006-06-06,42.9000,42.9000,42.4700,42.7300,30.8470,358400
2006-06-07,42.8300,43.0800,42.4800,42.4800,30.6666,298600
2006-06-08,42.3200,42.6200,41.5000,42.4300,30.6305,569500
2006-06-09,42.6700,42.8000,42.3500,42.4200,30.6233,940600
2006-06-12,42.4300,42.5000,41.7300,41.7400,30.1324,421800
2006-06-13,41.6000,42.0100,41.2100,41.2600,29.7859,713600
2006-06-14,41.0500,41.5800,41.0100,41.4600,29.9302,631900
2006-06-15,41.7000,42.5900,41.5700,42.5200,30.6955,231000
2006-06-16,42.3800,42.3900,42.0000,42.0000,30.4109,162200
2006-06-19,42.3700,42.3700,41.7000,41.7000,30.1937,198000
2006-06-20,41.8500,42.0300,41.6600,41.6900,30.1864,109500
2006-06-21,41.8600,42.4000,41.8200,42.2000,30.5557,237500
2006-06-22,42.0800,42.1400,41.8100,41.9400,30.3675,84900
2006-06-23,41.9200,42.2900,41.8800,42.0500,30.4471,239300
2006-06-26,42.0800,42.2100,41.9800,42.2000,30.5557,118600
2006-06-27,42.2400,42.2500,41.6900,41.7900,30.2589,185100
2006-06-28,41.9000,41.9300,41.5900,41.9000,30.3385,103700
2006-06-29,42.1600,42.9500,42.1000,42.9500,31.0988,390900
2006-06-30,43.1000,43.1000,42.8100,42.9100,31.0698,1070600
2006-07-03,43.2000,43.2000,42.9400,43.2000,31.2798,326600
2006-07-05,42.8000,42.9100,42.5800,42.7700,30.9684,268800
2006-07-06,42.9500,42.9800,42.6600,42.7800,30.9757,1035600
2006-07-07,42.7200,42.8200,42.3600,42.5300,30.7947,335000
2006-07-10,42.6300,42.7300,42.3500,42.4400,30.7295,219300
2006-07-11,42.4300,42.6800,42.1700,42.6600,30.8888,300400
2006-07-12,42.6900,42.7100,42.1000,42.2800,30.6136,282200
2006-07-13,41.9000,42.0400,41.5200,41.5800,30.1068,309000
2006-07-14,41.4000,41.4800,40.9400,41.2200,29.8461,858900
2006-07-17,41.1400,41.4400,41.0800,41.1900,29.8244,274100
2006-07-18,41.4100,41.4200,40.7600,41.1800,29.8172,384700
2006-07-19,41.3200,42.0600,41.3200,41.9000,30.3385,279500
2006-07-20,42.1500,42.1500,41.4600,41.4700,30.0271,515300
2006-07-21,41.5000,41.5000,40.9700,41.0200,29.7013,1344700
2006-07-24,41.1800,41.8000,41.1800,41.7600,30.2371,289600
2006-07-25,41.8000,42.2000,41.6500,41.9700,30.3892,263000
2006-07-26,42.0500,42.2400,41.8200,42.1000,30.4833,206600
2006-07-27,42.4000,42.4000,41.7000,41.8500,30.3023,383600
2006-07-28,41.8000,42.3500,41.8000,42.2800,30.6136,2793600
2006-07-31,42.2000,42.3400,42.1100,42.3400,30.6571,1982800
2006-08-01,42.0500,42.0800,41.8400,42.0700,30.4616,1930100
2006-08-02,42.1400,42.4900,42.1400,42.3100,30.6353,271200
2006-08-03,42.0100,42.6200,42.0100,42.5200,30.7874,442000
2006-08-04,42.8700,43.0400,42.2800,42.4300,30.7222,155900
2006-08-07,42.4000,42.4500,42.2300,42.3000,30.6281,278900
2006-08-08,42.3500,42.6100,42.0400,42.1100,30.4905,398700
2006-08-09,42.5200,42.5200,41.8000,41.8100,30.2733,274800
2006-08-10,41.7200,42.1700,41.7200,42.0900,30.4761,270400
2006-08-11,41.9600,42.0900,41.7900,41.8700,30.3168,83400
2006-08-14,42.0800,42.3800,41.9400,41.9700,30.3892,235300
2006-08-15,42.3200,42.6900,42.3000,42.6300,30.8671,126200
2006-08-16,42.7700,43.2000,42.7700,43.1200,31.2218,280200
2006-08-17,43.0600,43.4200,43.0300,43.2900,31.3449,357000
2006-08-18,43.3400,43.3700,43.0700,43.3300,31.3739,164600
2006-08-21,43.1000,43.1900,43.0200,43.1300,31.2291,100500
2006-08-22,43.1000,43.3000,43.0100,43.1700,31.2581,305100
2006-08-23,43.1800,43.2500,42.7800,42.9000,31.0625,211100
2006-08-24,42.9000,43.0500,42.7500,42.8200,31.0046,90600
2006-08-25,42.8400,43.0100,42.8000,42.8700,31.0408,95800
2006-08-28,42.8700,43.2800,42.8600,43.1600,31.2508,108000
2006-08-29,43.2400,43.3900,42.9800,43.3600,31.3956,450700
2006-08-30,43.3500,43.4600,43.3100,43.4300,31.4463,180800
2006-08-31,43.3500,43.5400,43.3500,43.5000,31.4970,348700
2006-09-01,43.5500,43.7400,43.5000,43.6800,31.6273,173500
2006-09-05,43.6900,43.8000,43.6100,43.7500,31.6780,241600
2006-09-06,43.4800,43.5400,43.2400,43.2400,31.3087,180800
2006-09-07,43.0500,43.3600,42.9600,43.0400,31.1639,329300
2006-09-08,43.2000,43.3600,43.1000,43.3200,31.3667,87700
2006-09-11,43.0800,43.5100,43.0300,43.3800,31.4101,378600
2006-09-12,43.3800,43.9900,43.3800,43.9700,31.8373,465600
2006-09-13,43.9700,44.2500,43.9400,44.1800,31.9894,161100
2006-09-14,44.1000,44.1800,43.9600,44.0800,31.9170,213800
2006-09-15,44.3300,44.3300,44.0300,44.1300,32.0411,337300
2006-09-18,44.1500,44.2800,44.0400,44.1100,32.0266,278700
2006-09-19,44.1100,44.1500,43.7700,44.0300,31.9685,311800
2006-09-20,44.2600,44.3700,44.1400,44.2500,32.1282,275000
2006-09-21,44.3300,44.3600,43.8500,43.9300,31.8959,378300
2006-09-22,43.9800,43.9800,43.6600,43.8300,31.8233,479900
2006-09-25,43.8500,44.3200,43.6700,44.2500,32.1282,321800
2006-09-26,44.0900,44.5400,44.0900,44.5400,32.3388,164900
2006-09-27,44.4400,44.6500,44.4200,44.5500,32.3461,194900
2006-09-28,44.5800,44.6500,44.3700,44.5900,32.3751,272700
2006-09-29,44.6000,44.6500,44.4200,44.4200,32.2517,208600
2006-10-02,44.5000,44.5800,44.2400,44.3600,32.2081,165600
2006-10-03,44.3000,44.4800,44.0800,44.2500,32.1282,242000
2006-10-04,44.2400,44.9000,44.2000,44.8500,32.5639,192300
2006-10-05,44.9600,45.1200,44.8200,45.0900,32.7381,240600
2006-10-06,45.0000,45.0000,44.7500,44.9500,32.6365,303400
2006-10-09,44.8500,45.1400,44.8100,45.0300,32.6946,217400
2006-10-10,45.0700,45.2300,45.0200,45.1400,32.7744,223100
2006-10-11,44.9800,45.2300,44.8600,45.0900,32.7381,585300
2006-10-12,45.1600,45.5700,45.1600,45.5400,33.0649,232800
2006-10-13,45.5200,45.7100,45.4300,45.6400,33.1375,226800
2006-10-16,45.6900,45.9200,45.6700,45.8100,33.2609,275200
2006-10-17,45.7500,45.7500,45.4000,45.6600,33.1520,328000
2006-10-18,45.9800,45.9800,45.4700,45.6400,33.1375,219100
2006-10-19,45.5800,45.7100,45.4500,45.7000,33.1810,231200
2006-10-20,45.7400,45.7400,45.4000,45.5100,33.0431,128900
2006-10-23,45.5000,45.8600,45.3900,45.8400,33.2827,113800
2006-10-24,45.7600,45.9600,45.6800,45.9600,33.3698,304100
2006-10-25,45.9000,46.1000,45.8500,46.0600,33.4424,160000
2006-10-26,46.2100,46.3500,45.9500,46.2600,33.5876,320200
2006-10-27,46.0900,46.3000,45.9000,45.9700,33.3771,133000
2006-10-30,45.9000,46.1500,45.8400,46.1000,33.4715,340000
2006-10-31,46.2200,46.2200,45.8700,46.0900,33.4642,315600
2006-11-01,46.2100,46.2500,45.6300,45.7000,33.1810,160400
2006-11-02,45.5400,45.7000,45.4700,45.7000,33.1810,82400
2006-11-03,45.8800,45.9000,45.3900,45.5800,33.0939,238400
2006-11-06,45.7900,46.1500,45.7100,46.0400,33.4279,313800
2006-11-07,46.0800,46.3800,46.0600,46.1800,33.5295,422800
2006-11-08,46.1000,46.4300,45.9700,46.3400,33.6457,391700
2006-11-09,46.4000,46.4900,46.0900,46.1400,33.5005,227500
2006-11-10,46.1100,46.3000,46.0700,46.3000,33.6167,206200
2006-11-13,46.2100,46.5300,46.2000,46.4600,33.7329,304100
2006-11-14,46.5200,46.8100,46.3000,46.7600,33.9506,237200
2006-11-15,46.7900,47.1200,46.7900,47.0300,34.1467,270600
2006-11-16,47.1600,47.2000,47.0200,47.1100,34.2048,511300
2006-11-17,47.0000,47.0900,46.8600,47.0900,34.1903,208200
2006-11-20,47.0800,47.1600,46.9700,47.0400,34.1540,1258400
2006-11-21,47.0700,47.3000,47.0500,47.3000,34.3427,684700
2006-11-22,47.2800,47.4100,47.2000,47.4000,34.4154,161300
2006-11-24,47.1800,47.3900,47.1500,47.3100,34.3500,68400
2006-11-27,47.1000,47.2100,46.5000,46.5400,33.7909,275000
2006-11-28,46.3000,46.6600,46.3000,46.6300,33.8563,186600
2006-11-29,46.8200,47.1500,46.8000,47.1000,34.1975,329700
2006-11-30,47.1800,47.3800,46.9100,47.2400,34.2992,172800
2006-12-01,47.3400,47.3400,46.7000,47.0500,34.1612,129500
2006-12-04,47.2000,47.6900,47.2000,47.5800,34.5460,372800
2006-12-05,47.6800,47.8300,47.5700,47.7300,34.6549,456600
2006-12-06,47.7100,47.8900,47.6700,47.8000,34.7057,151400
2006-12-07,47.9400,47.9700,47.5600,47.5600,34.5315,91800
2006-12-08,47.5800,47.8000,47.4000,47.6300,34.5823,219300
2006-12-11,47.7000,47.7900,47.5500,47.6500,34.5969,156900
2006-12-12,47.7300,47.7300,47.3500,47.5800,34.5460,401700
2006-12-13,47.7800,47.7800,47.5300,47.6600,34.6041,82600
2006-12-14,47.7200,48.0700,47.7100,48.0100,34.8582,220800
2006-12-15,48.0500,48.1100,47.7200,47.8000,34.8284,179600
2006-12-18,47.8800,47.9000,47.4400,47.5300,34.6316,133100
2006-12-19,47.2200,47.6600,47.2000,47.5900,34.6754,174800
2006-12-20,47.6500,47.7700,47.5700,47.6200,34.6972,154200
2006-12-21,47.5600,47.6800,47.3100,47.3700,34.5151,338400
2006-12-22,47.5100,47.5100,47.1100,47.1400,34.3475,147700
2006-12-26,47.2200,47.4000,47.2000,47.3600,34.5078,328700
2006-12-27,47.4700,47.7300,47.4700,47.6600,34.7264,294900
2006-12-28,47.7500,47.7500,47.5200,47.5200,34.6243,230700
2006-12-29,47.5200,47.6800,47.3200,47.3400,34.4932,479400
2007-01-03,47.5800,47.7900,47.0400,47.3200,34.4786,458900
2007-01-04,47.2700,47.4800,47.0400,47.3900,34.5296,323100
2007-01-05,47.2300,47.2300,46.9400,47.0700,34.2965,291500
2007-01-08,47.0100,47.2300,46.8900,47.1700,34.3693,279000
2007-01-09,47.2500,47.3000,46.9700,47.2300,34.4130,354500
2007-01-10,47.1000,47.4200,46.9700,47.3700,34.5151,249600
2007-01-11,47.4000,47.8400,47.4000,47.6900,34.7482,1222500
2007-01-12,47.6600,47.9400,47.6600,47.9100,34.9085,376500
2007-01-16,47.9800,48.0400,47.8600,47.9500,34.9377,328600
2007-01-17,47.8900,48.0900,47.8600,47.9400,34.9304,166900
2007-01-18,47.9100,48.0100,47.6500,47.6500,34.7191,211800
2007-01-19,47.7600,47.9700,47.7200,47.9700,34.9522,240700
2007-01-22,47.9300,47.9300,47.6300,47.7000,34.7555,549500
2007-01-23,47.7300,48.1000,47.6900,47.9700,34.9522,111300
2007-01-24,48.0900,48.3300,48.0200,48.3300,35.2145,193700
2007-01-25,48.3500,48.3500,47.7700,47.8300,34.8502,145500
2007-01-26,47.9200,47.9400,47.6500,47.8500,34.8648,181100
2007-01-29,47.9000,48.0500,47.7600,47.8800,34.8867,340000
2007-01-30,47.9700,48.2500,47.8800,48.1700,35.0980,383600
2007-01-31,48.1000,48.6500,47.9900,48.4800,35.3238,196400
2007-02-01,48.8000,48.8700,48.6200,48.8300,35.5789,234300
2007-02-02,48.9200,49.0600,48.8500,48.9600,35.6736,320400
2007-02-05,48.9200,49.0200,48.8300,48.9600,35.6736,299200
2007-02-06,49.1000,49.1000,48.8700,49.0600,35.7464,470800
2007-02-07,49.1500,49.3100,49.0800,49.2100,35.8557,314900
2007-02-08,49.2500,49.5400,49.0700,49.5400,36.0962,328800
2007-02-09,49.5000,49.5000,48.7100,48.9200,35.6444,258900
2007-02-12,48.9500,48.9500,48.4600,48.7200,35.4987,285600
2007-02-13,48.7500,49.1200,48.7500,49.1100,35.7829,154400
2007-02-14,49.3000,49.6100,49.2100,49.5500,36.1035,295700
2007-02-15,49.6000,49.7400,49.4900,49.6700,36.1909,528100
2007-02-16,49.6300,49.6900,49.5100,49.6500,36.1763,283200
2007-02-20,49.6400,49.9400,49.4400,49.8700,36.3366,342700
2007-02-21,49.6900,49.9500,49.6600,49.9300,36.3803,437900
2007-02-22,50.0400,50.1000,49.6900,49.9000,36.3585,272800
2007-02-23,49.9300,49.9900,49.6500,49.8500,36.3221,287500
2007-02-26,50.0900,50.0900,49.5600,49.7800,36.2710,1148000
2007-02-27,49.1200,49.2000,47.6500,47.9000,34.9012,562300
2007-02-28,48.2100,48.6900,47.9000,48.2500,35.1562,604800
2007-03-01,47.2000,48.4100,46.7000,48.1000,35.0469,922900
2007-03-02,47.9000,48.0600,47.3900,47.4200,34.5515,785400
2007-03-05,47.0200,47.4800,46.8300,46.9200,34.1872,891900
2007-03-06,47.3200,47.7400,47.0000,47.5900,34.6754,307500
2007-03-07,47.6300,47.8700,47.5000,47.6300,34.7045,163600
2007-03-08,47.8700,48.2000,47.8400,48.0400,35.0032,235800
2007-03-09,48.3100,48.3400,47.8700,48.1100,35.0542,262800
2007-03-12,48.0700,48.3300,47.9800,48.2300,35.1417,193300
2007-03-13,47.9400,48.1300,47.2300,47.2700,34.4422,202300
2007-03-14,47.3400,47.5900,46.7100,47.5200,34.6243,440600
2007-03-15,47.6800,47.8700,47.5100,47.8100,34.8356,134000
2007-03-16,47.7400,47.8700,47.4300,47.5300,34.7013,177000
2007-03-19,47.7500,48.1000,47.7200,48.0800,35.1029,197900
2007-03-20,48.0500,48.3300,48.0000,48.3000,35.2635,302900
2007-03-21,48.3600,49.2500,48.2300,49.0200,35.7892,349200
2007-03-22,49.1600,49.1700,48.9000,49.0500,35.8110,318200
2007-03-23,49.0000,49.2500,49.0000,49.1500,35.8841,212700
2007-03-26,49.1500,49.1800,48.6800,49.1500,35.8841,407200
2007-03-27,49.0100,49.0100,48.7000,48.8400,35.6577,237600
2007-03-28,48.7100,48.7400,48.3300,48.4500,35.3730,351600
2007-03-29,48.7500,48.8600,48.2500,48.5600,35.4533,326400
2007-03-30,48.6500,48.8900,48.2200,48.5500,35.4460,362000
2007-04-02,48.5800,48.8200,48.4900,48.7800,35.6139,128600
2007-04-03,49.0400,49.3300,48.9900,49.2500,35.9571,392500
2007-04-04,49.1800,49.5000,49.0000,49.2400,35.9498,711600
2007-04-05,49.2000,49.4300,49.1500,49.4200,36.0812,319600
2007-04-09,49.4600,49.7500,49.3600,49.4900,36.1323,382100
2007-04-10,49.5100,49.5900,49.4000,49.5500,36.1761,260600
2007-04-11,49.5500,49.5500,49.1700,49.2400,35.9498,313300
2007-04-12,49.2500,49.5800,49.0300,49.5800,36.1980,290900
2007-04-13,49.5900,49.7200,49.4100,49.7200,36.3002,353200
2007-04-16,49.9300,50.2700,49.9300,50.2300,36.6726,336000
2007-04-17,50.2400,50.4400,50.1700,50.2900,36.7164,355500
2007-04-18,50.1900,50.5100,50.1100,50.4200,36.8113,478200
2007-04-19,50.0300,50.4400,50.0100,50.3700,36.7748,403200
2007-04-20,50.7700,50.7700,50.5000,50.6900,37.0084,317400
2007-04-23,50.8200,50.9200,50.6900,50.7700,37.0668,288100
2007-04-24,50.8400,50.9400,50.5000,50.7700,37.0668,210600
2007-04-25,51.1500,51.3500,50.8700,51.2800,37.4391,210200
2007-04-26,51.2700,51.4000,51.1500,51.3300,37.4757,240800
2007-04-27,51.1900,51.3000,51.0000,51.2200,37.3954,262700
2007-04-30,51.2000,51.2300,50.6500,50.6900,37.0084,331900
2007-05-01,50.7500,50.8500,50.3300,50.8000,37.0887,304400
2007-05-02,50.9000,51.3000,50.9000,51.2000,37.3808,212900
2007-05-03,51.3300,51.4200,51.1800,51.4000,37.5268,285300
2007-05-04,51.5400,51.6300,51.3200,51.4400,37.5560,134300
2007-05-07,51.5000,51.7000,51.5000,51.5300,37.6217,265800
2007-05-08,51.3400,51.5100,51.2200,51.5000,37.5998,142400
2007-05-09,51.4200,51.8200,51.3900,51.7200,37.7604,110700
2007-05-10,51.5900,51.6200,51.0100,51.1000,37.3077,192500
2007-05-11,51.2800,51.4900,51.1600,51.4600,37.5706,314400
2007-05-14,51.5900,51.6800,51.2300,51.3300,37.4757,1636000
2007-05-15,51.5000,51.7100,51.2200,51.2600,37.4246,1514400
2007-05-16,51.4400,51.5700,51.1700,51.5700,37.6509,2479900
2007-05-17,51.5700,51.6800,51.4000,51.6100,37.6801,325700
2007-05-18,51.6600,51.8900,51.5900,51.8700,37.8699,231900
2007-05-21,51.8800,52.1700,51.8400,51.9900,37.9575,1982600
2007-05-22,52.0300,52.1500,51.8800,51.9500,37.9283,1780500
2007-05-23,52.1400,52.2900,51.8900,51.9000,37.8918,494500
2007-05-24,51.7900,52.1400,51.2200,51.3200,37.4684,315400
2007-05-25,51.4400,51.6700,51.4000,51.5800,37.6582,182500
2007-05-29,51.7500,51.8800,51.5200,51.7300,37.7677,192300
2007-05-30,51.5700,52.1600,51.4700,52.1500,38.0743,493300
2007-05-31,52.3700,52.4200,52.1600,52.3300,38.2057,286100
2007-06-01,52.5900,52.7100,52.4100,52.5400,38.3591,672400
2007-06-04,52.5100,52.7400,52.4200,52.6700,38.4540,567500
2007-06-05,52.5600,52.5700,52.2200,52.4000,38.2569,196800
2007-06-06,52.1700,52.1700,51.7600,51.9000,37.8918,259300
2007-06-07,51.6700,51.8100,50.8200,50.8200,37.1033,404900
2007-06-08,50.8500,51.5100,50.7500,51.5100,37.6071,221300
2007-06-11,51.4800,51.7500,51.3400,51.5200,37.6144,170300
2007-06-12,51.2800,51.6000,50.9500,50.9500,37.1982,229300
2007-06-13,50.1500,51.7900,50.1500,51.7900,37.8115,364100
2007-06-14,51.8400,52.1700,51.8400,51.9700,37.9429,412200
2007-06-15,52.3100,52.4000,52.0000,52.0000,38.0828,297200
2007-06-18,52.2400,52.2400,52.0100,52.0900,38.1487,286200
2007-06-19,52.0300,52.1700,51.8700,52.1600,38.2000,173000
2007-06-20,52.2300,52.2400,51.4700,51.5200,37.7313,221800
2007-06-21,51.4300,51.8200,51.1600,51.7900,37.9290,362300
2007-06-22,51.6200,51.7200,51.1500,51.4000,37.6434,471200
2007-06-25,51.3400,51.5400,50.8600,50.9000,37.2772,267300
2007-06-26,51.1700,51.2100,50.6100,50.8200,37.2186,306000
2007-06-27,50.4900,51.3200,50.4900,51.2100,37.5042,351100
2007-06-28,51.2300,51.6100,51.2300,51.3000,37.5702,596200
2007-06-29,51.4500,51.6800,50.9100,51.2000,37.4969,221400
2007-07-02,51.4500,51.7600,51.3600,51.7600,37.9070,707100
2007-07-03,51.9000,51.9700,51.7500,51.8400,37.9656,441200
2007-07-05,51.9900,52.0400,51.7300,51.9700,38.0608,683000
2007-07-06,51.8500,52.2700,51.7900,52.2100,38.2366,385300
2007-07-09,52.2700,52.3000,52.0600,52.1800,38.2146,354700
2007-07-10,51.9100,51.9700,51.4100,51.4600,37.6873,257100
2007-07-11,51.3400,51.6600,51.2700,51.6000,37.7899,2440400
2007-07-12,51.8900,52.4700,51.8900,52.4700,38.4270,426300
2007-07-13,52.4700,52.7400,52.3700,52.6000,38.5222,509100
2007-07-16,52.6200,52.7000,52.3900,52.3900,38.3684,1130900
2007-07-17,52.4400,52.6300,52.3700,52.4600,38.4197,881300
2007-07-18,52.2900,52.4100,51.9300,52.3700,38.3538,305400
2007-07-19,52.5800,52.6700,52.4700,52.6500,38.5588,1429200
2007-07-20,52.5500,52.5500,51.7900,51.9400,38.0389,1867900
2007-07-23,52.1600,52.2900,51.9800,52.0000,38.0828,544700
2007-07-24,51.6900,51.9500,50.8400,51.0800,37.4090,2560500
2007-07-25,51.2100,51.3500,50.5500,50.9900,37.3431,887600
2007-07-26,50.3100,50.4800,49.0800,49.6400,36.3544,999500
2007-07-27,49.5400,49.8700,48.7100,48.7100,35.6733,730400
2007-07-30,49.0700,49.6000,48.7200,49.4500,36.2153,4678400
2007-07-31,49.8100,49.9800,48.8800,48.8900,35.8052,1998800
2007-08-01,49.0000,53.5400,48.2200,49.0800,35.9443,3387600
2007-08-02,49.2100,49.5000,49.0000,49.4000,36.1787,1334500
2007-08-03,49.3000,49.4100,47.7600,48.0200,35.1680,1724500
2007-08-06,48.2800,48.9200,47.5800,48.8300,35.7612,2308400
2007-08-07,48.6600,49.5400,48.4300,49.1000,35.9590,260200
2007-08-08,49.6000,50.0900,49.1700,49.7500,36.4350,2019000
2007-08-09,48.8200,49.5000,48.4800,48.5100,35.5269,1964400
2007-08-10,47.8300,48.7500,47.5300,48.5100,35.5269,1909900
2007-08-13,49.0700,49.0700,48.5900,48.6400,35.6221,768200
2007-08-14,48.7000,48.7000,47.5300,47.5400,34.8165,1023200
2007-08-15,47.4500,48.0600,46.2900,46.8300,34.2965,1327300
2007-08-16,46.2700,47.0600,45.2300,46.9300,34.3697,1761500
2007-08-17,48.8100,50.0000,47.0900,48.0700,35.2046,2117000
2007-08-20,48.0900,48.2100,47.5400,48.0500,35.1900,599800
2007-08-21,47.9000,48.4200,47.8400,48.0500,35.1900,888000
2007-08-22,48.5100,48.8500,48.4000,48.8200,35.7539,380000
2007-08-23,49.1600,49.2000,48.4100,48.7000,35.6660,725600
2007-08-24,48.6900,49.3300,48.6000,49.3200,36.1201,607700
2007-08-27,49.1700,49.1700,48.5700,48.5700,35.5708,349000
2007-08-28,48.4000,48.4100,47.5000,47.6700,34.9117,738200
2007-08-29,47.8000,48.6000,47.7000,48.5800,35.5781,372000
2007-08-30,48.2000,48.7200,48.1500,48.3700,35.4243,437800
2007-08-31,48.8900,49.1800,48.6100,48.9300,35.8345,965900
2007-09-04,48.9400,49.6800,48.7700,49.5800,36.3105,516700
2007-09-05,49.0700,49.1100,48.6400,48.6400,35.6221,724100
2007-09-06,48.9900,49.1800,48.6500,49.0300,35.9077,1559700
2007-09-07,48.3700,48.5300,48.0300,48.2700,35.3511,870300
2007-09-10,48.4200,48.4800,47.5700,47.9000,35.0801,838300
2007-09-11,48.1600,48.5800,48.1000,48.5300,35.5415,1338000
2007-09-12,48.4200,48.7900,48.3800,48.4500,35.4829,707000
2007-09-13,48.7500,49.0200,48.6200,48.7700,35.7173,254800
2007-09-14,48.5400,48.9700,48.5000,48.9400,35.8418,628600
2007-09-17,48.8100,48.8100,48.4500,48.6500,35.6294,178600
2007-09-18,48.9300,50.1600,48.7600,50.1400,36.7206,465000
2007-09-19,50.4900,50.8500,50.2800,50.4900,36.9769,561300
2007-09-20,50.4400,50.4800,49.9600,50.0300,36.6401,669100
2007-09-21,50.2000,50.2400,49.9800,49.9800,36.7194,189200
2007-09-24,50.0300,50.1700,49.6500,49.7200,36.5284,2317400
2007-09-25,49.4000,49.6800,49.2400,49.6700,36.4917,563700
2007-09-26,49.8200,50.0300,49.7000,49.9400,36.6900,409700
2007-09-27,50.1000,50.1800,49.9600,50.1200,36.8223,502700
2007-09-28,50.1700,50.2500,49.8700,49.9900,36.7267,309900
2007-10-01,50.1000,50.7600,50.1000,50.6700,37.2263,377700
2007-10-02,50.7100,50.8500,50.5800,50.7700,37.2998,259900
2007-10-03,50.6100,50.8800,50.5300,50.7000,37.2484,463300
2007-10-04,50.7400,50.8000,50.5700,50.6900,37.2410,353500
2007-10-05,51.0300,51.5200,50.9200,51.3500,37.7259,313500
2007-10-08,51.2600,51.3300,51.0600,51.1400,37.5716,503700
2007-10-09,51.3000,51.5200,51.0500,51.5000,37.8361,219300
2007-10-10,51.4200,51.5000,51.1800,51.4300,37.7847,223100
2007-10-11,51.7100,51.8200,50.8400,51.0800,37.5275,664600
2007-10-12,51.0600,51.3600,51.0400,51.2600,37.6598,280200
2007-10-15,51.3200,51.4300,50.5400,50.7800,37.3072,745000
2007-10-16,50.7600,50.7600,50.3000,50.3900,37.0206,1244900
2007-10-17,50.7600,50.8100,49.9100,50.4700,37.0794,1521200
2007-10-18,50.2200,50.5000,50.0400,50.3400,36.9839,1123100
2007-10-19,50.1600,50.2100,48.9700,48.9700,35.9774,608700
2007-10-22,48.6900,49.4600,48.6400,49.4000,36.2933,1958000
2007-10-23,49.7300,49.8000,49.2300,49.8000,36.5871,821100
2007-10-24,49.5100,49.6400,48.7500,49.5500,36.4035,2287300
2007-10-25,49.6600,49.9400,49.0600,49.5600,36.4108,1059700
2007-10-26,50.1000,50.2300,49.6000,50.2300,36.9031,609800
2007-10-29,50.2600,50.4700,50.1400,50.2800,36.9398,429100
2007-10-30,50.1200,50.3100,49.9900,50.0300,36.7561,490800
2007-10-31,50.3500,50.7500,50.0000,50.5500,37.1382,848000
2007-11-01,50.0600,50.2900,49.1700,49.1700,36.1243,1958100
2007-11-02,49.5200,49.5200,48.8000,49.2400,36.1757,1124900
2007-11-05,47.5000,49.3100,47.5000,49.0700,36.0508,924700
2007-11-06,49.2800,49.5200,48.7800,49.5100,36.3741,620500
2007-11-07,48.7700,49.2000,48.1700,48.2700,35.4631,488800
2007-11-08,48.3200,48.4700,47.4500,48.1700,35.3896,2523600
2007-11-09,47.9700,48.3600,47.5200,47.7000,35.0443,1020200
2007-11-12,47.8000,48.0800,47.0700,47.1600,34.6476,1213600
2007-11-13,47.1800,48.5000,47.1800,48.4200,35.5733,932000
2007-11-14,48.7800,48.8700,48.0100,48.0300,35.2868,694500
2007-11-15,47.9500,48.1900,47.2500,47.5800,34.9562,890500
2007-11-16,47.9000,47.9000,47.1100,47.5600,34.9415,873300
2007-11-19,47.6400,47.6400,46.5500,46.6700,34.2876,752500
2007-11-20,46.7000,47.2400,46.0000,46.6000,34.2362,1055300
2007-11-21,46.6500,46.6500,45.8500,46.0100,33.8027,876200
2007-11-23,46.4600,46.8800,46.2800,46.7600,34.3537,169300
2007-11-26,46.5500,47.0300,45.7000,45.7000,33.5750,1079200
2007-11-27,46.1000,46.4600,45.8200,46.3900,34.0819,1601700
2007-11-28,46.4600,47.8800,46.4600,47.7200,35.0590,1685600
2007-11-29,47.9300,47.9300,47.4000,47.6300,34.9929,815700
2007-11-30,48.2500,48.5300,47.9200,48.2000,35.4116,538300
2007-12-03,48.1500,48.2300,47.8700,47.9400,35.2206,239000
2007-12-04,47.6100,47.9000,47.5500,47.6700,35.0223,553400
2007-12-05,48.0000,48.4200,48.0000,48.3500,35.5219,429000
2007-12-06,48.0900,49.1700,48.0900,49.0800,36.0582,791800
2007-12-07,49.1800,49.3400,49.0900,49.1300,36.0949,1121800
2007-12-10,49.0800,49.6800,49.0800,49.6000,36.4402,352700
2007-12-11,49.4800,49.7400,48.0400,48.0500,35.3015,1369700
2007-12-12,49.3800,49.3800,47.7500,48.3700,35.5366,897200
2007-12-13,48.3200,48.3300,47.7400,48.3100,35.4925,627800
2007-12-14,47.5400,48.1700,47.5400,47.5800,34.9562,300700
2007-12-17,47.2600,47.5100,46.8900,46.9200,34.4713,318400
2007-12-18,47.0800,47.3400,46.5900,47.1400,34.6329,573000
2007-12-19,47.0500,47.4100,46.8500,47.1400,34.6329,876300
2007-12-20,47.2700,47.5600,46.8400,47.3300,34.7725,998200
2007-12-21,47.5000,47.8900,47.5000,47.8600,35.3081,256800
2007-12-24,47.9100,48.3400,47.9100,48.3100,35.6401,122600
2007-12-26,47.9900,48.2800,47.9400,48.2200,35.5737,431000
2007-12-27,48.2600,48.2600,47.5000,47.5500,35.0794,396000
2007-12-28,47.7400,47.9000,47.3300,47.4700,35.0204,151300
2007-12-31,47.1600,47.5500,47.0600,47.1800,34.8064,425000
2008-01-02,47.1000,47.3300,46.3500,46.4600,34.2753,524900
2008-01-03,46.4800,46.6700,46.1100,46.2500,34.1203,297900
2008-01-04,46.0000,46.0000,44.8600,44.9400,33.1539,671000
2008-01-07,45.0500,45.2700,44.6000,45.0600,33.2424,817900
2008-01-08,45.2600,45.4700,43.8800,43.9000,32.3867,473500
2008-01-09,44.0000,44.4300,43.3100,44.3700,32.7334,741400
2008-01-10,44.1000,45.3100,43.9200,44.9900,33.1908,1469800
2008-01-11,44.5400,44.9000,44.2100,44.3800,32.7408,593300
2008-01-14,44.5600,44.8700,44.4100,44.8300,33.0727,598200
2008-01-15,44.2300,44.3400,43.6400,43.6800,32.2244,838500
2008-01-16,43.4900,44.3300,43.3300,43.7600,32.2834,1036400
2008-01-17,43.7400,43.8600,42.3900,42.4700,31.3317,1382200
2008-01-18,42.7700,43.0800,41.8500,42.1600,31.1030,1072300
2008-01-22,39.3200,42.4800,39.3000,42.1700,31.1104,1005800
2008-01-23,40.6900,43.5300,40.6900,43.5100,32.0989,783600
2008-01-24,43.5600,43.9100,43.2300,43.7000,32.2391,719200
2008-01-25,44.2500,44.3500,43.0600,43.2400,31.8997,999700
2008-01-28,43.2300,44.1600,42.8900,44.1600,32.5785,793700
2008-01-29,44.2800,44.6400,43.9500,44.5400,32.8588,1050800
2008-01-30,44.5400,45.3500,44.0400,44.0500,32.4973,562300
2008-01-31,43.6100,45.5300,43.4500,45.1500,33.3088,499800
2008-02-01,45.2300,46.2100,45.2300,46.0800,33.9949,441800
2008-02-04,46.1600,46.1600,45.4800,45.4900,33.5597,274800
2008-02-05,44.9000,45.0200,44.1100,44.1900,32.6006,530300
2008-02-06,44.4500,44.7300,43.7100,43.8400,32.3424,1002600
2008-02-07,43.6000,44.5300,43.4900,44.2300,32.6301,710600
2008-02-08,44.1300,44.3800,43.6500,43.8700,32.3645,769100
2008-02-11,43.8900,44.3900,43.6600,44.3300,32.7039,315000
2008-02-12,44.5000,45.0400,44.2300,44.5900,32.8957,315200
2008-02-13,44.8000,45.2300,44.5900,45.1500,33.3088,393500
2008-02-14,45.1800,45.1800,44.3700,44.4600,32.7998,389700
2008-02-15,44.2200,44.4500,44.0000,44.4500,32.7924,318100
2008-02-19,44.8100,45.0300,44.2800,44.5000,32.8293,575100
2008-02-20,44.2200,45.0300,44.0600,44.9200,33.1391,574800
2008-02-21,45.1300,45.2500,44.1500,44.2400,32.6375,471300
2008-02-22,44.4300,44.6200,43.7000,44.6000,32.9031,374300
2008-02-25,44.6700,45.5600,44.3600,45.3800,33.4785,702900
2008-02-26,45.2000,46.0000,45.1600,45.7900,33.7810,379200
2008-02-27,45.6800,46.0900,45.4600,45.4600,33.5375,227000
2008-02-28,45.3400,45.4300,44.9400,45.0700,33.2498,460500
2008-02-29,44.6400,44.6400,43.5300,43.7900,32.3055,141000
2008-03-03,43.5500,43.8400,43.2800,43.7100,32.2465,456700
2008-03-04,43.3400,43.7100,42.9100,43.5900,32.1580,177900
2008-03-05,43.6400,44.2300,43.4000,43.8400,32.3424,382800
2008-03-06,43.5600,43.6400,42.5700,42.5700,31.4054,279900
2008-03-07,42.3200,43.0100,41.9600,42.3800,31.2653,287300
2008-03-10,42.3200,42.4200,41.5500,41.6700,30.7415,319400
2008-03-11,42.4500,43.2300,41.9300,43.2300,31.8924,220000
2008-03-12,43.2700,43.6600,42.7700,42.7700,31.5530,120000
2008-03-13,42.2700,43.2800,41.8500,43.0600,31.7670,159400
2008-03-14,43.3000,43.3200,41.7200,42.2500,31.1694,251400
2008-03-17,41.0700,41.8700,40.8700,41.4800,30.6013,625200
2008-03-18,42.0900,43.2100,42.0700,43.2000,31.8702,535900
2008-03-19,43.4500,43.7400,42.2700,42.2700,31.1841,249900
2008-03-20,42.2800,43.1600,41.9800,43.0000,31.8470,149700
2008-03-24,43.3900,44.4300,43.3500,44.0800,32.6469,157000
2008-03-25,44.2100,44.4400,43.8200,44.2900,32.8024,476000
2008-03-26,44.0600,44.1300,43.6100,43.6100,32.2988,301300
2008-03-27,43.7900,43.9500,43.1900,43.1900,31.9877,236900
2008-03-28,43.2600,43.4000,42.6300,42.7300,31.6470,198000
2008-03-31,42.6700,43.1800,42.5800,42.8100,31.7063,1305300
2008-04-01,43.5600,45.0600,43.5000,44.7300,33.1283,798200
2008-04-02,44.8400,45.2000,44.6400,44.8500,33.2172,175900
2008-04-03,44.7000,45.1100,44.3700,44.8800,33.2394,252500
2008-04-04,45.0200,45.3200,44.7000,45.0000,33.3283,380400
2008-04-07,45.2000,45.4800,44.5000,44.8600,33.2246,235400
2008-04-08,44.6700,44.8600,44.5000,44.7200,33.1209,106700
2008-04-09,44.6600,44.7700,43.9900,44.1700,32.7135,211800
2008-04-10,44.0500,44.5200,43.9100,44.2700,32.7876,1290700
2008-04-11,44.0200,44.0900,43.4500,43.5200,32.2321,148200
2008-04-14,43.4700,43.6000,43.2700,43.3200,32.0840,145900
2008-04-15,43.5800,43.5900,43.1100,43.4800,32.2025,127600
2008-04-16,43.8000,44.6600,43.8000,44.6600,33.0764,397900
2008-04-17,44.4500,44.7500,44.3300,44.6300,33.0542,128700
2008-04-18,45.6300,45.6800,45.2800,45.3500,33.5875,398500
2008-04-21,45.1700,45.4100,45.0300,45.2800,33.5356,139000
2008-04-22,45.1500,45.1500,44.4300,44.7100,33.1135,116900
2008-04-23,44.7600,45.1200,44.5900,44.8400,33.2097,148400
2008-04-24,44.7800,45.4900,44.5100,45.1800,33.4616,121800
2008-04-25,45.3600,45.7300,44.9900,45.6900,33.8393,141700
2008-04-28,45.7400,45.9300,45.5100,45.7400,33.8763,114900
2008-04-29,45.6500,45.7700,45.4100,45.6700,33.8245,285900
2008-04-30,45.6300,46.0300,45.2000,45.2600,33.5208,202000
2008-05-01,45.1900,46.2800,45.1500,46.2600,34.2614,184600
2008-05-02,46.6100,46.8000,46.1200,46.3900,34.3577,230700
2008-05-05,46.1600,46.3500,45.9400,46.1300,34.1652,142400
2008-05-06,45.9400,46.6400,45.7400,46.5200,34.4540,147300
2008-05-07,46.6200,46.6700,45.6900,45.7700,33.8985,112800
2008-05-08,45.7400,46.0000,45.5400,45.7700,33.8985,120300
2008-05-09,45.3900,45.7900,45.3400,45.5600,33.7430,130000
2008-05-12,45.7100,46.2800,45.5400,46.2800,34.2762,1382000
2008-05-13,46.3700,46.4400,46.0700,46.3400,34.3207,296600
2008-05-14,46.5000,47.0200,46.5000,46.5800,34.4985,355000
2008-05-15,46.6700,47.2500,46.5400,47.1700,34.9354,184100
2008-05-16,47.2700,47.2700,46.7900,47.1700,34.9354,95100
2008-05-19,47.1300,47.6600,46.9800,47.1000,34.8836,141100
2008-05-20,46.9000,46.9000,46.5000,46.7500,34.6244,300300
2008-05-21,46.8400,46.9200,45.8500,45.8900,33.9874,229000
2008-05-22,45.9800,46.2200,45.8800,46.0000,34.0689,445500
2008-05-23,45.7500,45.8200,45.2600,45.3800,33.6097,184900
2008-05-27,45.4900,45.8500,45.3600,45.8200,33.9356,203900
2008-05-28,45.9200,46.1100,45.6900,46.1100,34.1503,117700
2008-05-29,46.0200,46.6000,46.0200,46.3600,34.3355,118700
2008-05-30,46.5300,46.5800,46.3100,46.4600,34.4096,186400
2008-06-02,46.2700,46.4400,45.6600,45.9500,34.0318,154100
2008-06-03,46.1600,46.2300,45.4500,45.7900,33.9134,362800
2008-06-04,45.6400,46.2200,45.5400,45.7700,33.8985,395800
2008-06-05,46.0200,46.6200,45.9100,46.5600,34.4836,93200
2008-06-06,46.1600,46.1700,44.9900,44.9900,33.3209,563300
2008-06-09,45.1600,45.4600,44.6500,45.0000,33.3283,734500
2008-06-10,44.6800,45.1200,44.6300,44.8200,33.1950,221100
2008-06-11,44.7200,44.7600,43.8800,43.9300,32.5358,629600
2008-06-12,44.3100,44.6500,43.8600,44.1300,32.6839,476200
2008-06-13,44.3400,44.9300,44.2800,44.9300,33.2764,414500
2008-06-16,44.7000,45.1300,44.5700,45.0000,33.3283,199800
2008-06-17,45.1800,45.1800,44.5600,44.5600,33.0024,503400
2008-06-18,44.3300,44.3900,43.9000,44.0900,32.6543,291300
2008-06-19,44.0200,44.5100,43.8800,44.3800,32.8691,250600
2008-06-20,43.7900,43.8400,43.2100,43.3900,32.2492,177600
2008-06-23,43.4900,43.5700,43.0500,43.1100,32.0411,350600
2008-06-24,43.0300,43.4200,42.5700,42.9900,31.9519,490100
2008-06-25,43.2500,43.8100,43.1100,43.3000,32.1823,429400
2008-06-26,42.8500,42.8500,42.0000,42.0000,31.2161,409400
2008-06-27,42.1400,42.2000,41.6000,41.9500,31.1789,447900
2008-06-30,42.7500,42.7500,41.5800,41.7400,31.0229,191700
2008-07-01,41.2100,41.8600,40.9600,41.8300,31.0898,1283900
2008-07-02,42.0300,42.1400,40.9700,40.9700,30.4506,272500
2008-07-03,41.2000,41.4100,40.5300,40.7200,30.2648,435800
2008-07-07,41.0200,41.2800,40.0300,40.4400,30.0566,951100
2008-07-08,40.3200,41.4300,40.1600,41.4300,30.7925,947300
2008-07-09,41.3300,41.5800,40.3600,40.3900,30.0195,361300
2008-07-10,40.4700,40.7000,39.9200,40.3900,30.0195,492200
2008-07-11,40.0500,40.5400,39.3600,40.0800,29.7891,513300
2008-07-14,40.3000,40.5000,39.3200,39.3600,29.2539,353500
2008-07-15,39.0000,39.7600,38.3900,39.0700,29.0384,570600
2008-07-16,39.1900,40.4400,38.9600,40.4400,30.0566,627800
2008-07-17,40.7900,41.3200,40.2300,41.2700,30.6735,1487800
2008-07-18,41.4500,41.4500,40.9000,41.2400,30.6512,540300
2008-07-21,41.2500,41.5300,41.0300,41.2000,30.6215,423400
2008-07-22,41.0000,41.9100,40.6800,41.8900,31.1343,523800
2008-07-23,41.7100,42.7400,41.5000,42.2700,31.4168,1532500
2008-07-24,42.3300,42.3600,40.9000,40.9900,30.4654,750600
2008-07-25,41.2200,41.3400,40.8500,41.0300,30.4952,378500
2008-07-28,41.0000,41.1700,40.2600,40.2700,29.9303,308000
2008-07-29,40.3500,41.4500,40.3500,41.4500,30.8073,468200
2008-07-30,41.7500,42.0400,41.3100,42.0400,31.2458,274600
2008-07-31,41.5400,42.0300,41.4800,41.5300,30.8668,337200
2008-08-01,41.8800,41.8800,40.9600,41.2800,30.6810,267600
2008-08-04,41.4500,41.4500,40.8200,41.0100,30.4803,196700
2008-08-05,41.1700,42.2500,41.1700,42.2500,31.4019,332000
2008-08-06,42.2100,42.5000,41.8600,42.4100,31.5208,417800
2008-08-07,42.0000,42.2000,41.5500,41.6200,30.9337,266900
2008-08-08,41.7400,42.9000,41.6900,42.7800,31.7958,1416000
2008-08-11,42.8500,43.7100,42.5900,43.3400,32.2120,1202300
2008-08-12,43.4000,43.4000,42.5600,42.6900,31.7289,1252900
2008-08-13,42.9600,42.9600,42.0200,42.5000,31.5877,1508200
2008-08-14,42.5100,43.2000,42.1400,43.0000,31.9593,324800
2008-08-15,43.2000,43.4700,43.0300,43.3200,32.1972,1054800
2008-08-18,43.4900,43.4900,42.4200,42.5900,31.6546,1390600
2008-08-19,42.3300,42.3700,41.8300,41.9400,31.1715,1626000
2008-08-20,42.1300,42.2400,41.6200,42.0500,31.2532,1814900
2008-08-21,41.9300,42.1800,41.6200,41.8500,31.1046,66900
2008-08-22,42.1700,42.6600,42.1700,42.6600,31.7066,653800
2008-08-25,42.6100,42.6100,41.7500,41.8000,31.0675,157400
2008-08-26,41.8400,42.0800,41.6000,41.8700,31.1195,453100
2008-08-27,41.9000,42.4500,41.8600,42.3500,31.4762,112000
2008-08-28,42.5500,43.1600,42.5500,43.1200,32.0485,144300
2008-08-29,43.0900,43.0900,42.6800,42.7600,31.7810,942700
2008-09-02,43.2000,43.7000,42.5000,42.8000,31.8107,971700
2008-09-03,42.7600,42.9500,42.3800,42.5600,31.6323,952900
2008-09-04,42.4200,42.4200,41.4000,41.4100,30.7776,243600
2008-09-05,41.1700,41.8500,40.7000,41.7900,31.0600,271700
2008-09-08,41.8000,43.4100,41.8000,42.6600,31.7066,1179000
2008-09-09,42.8200,42.8200,41.1400,41.1400,30.5769,240300
2008-09-10,41.2600,41.7300,40.8700,41.3000,30.6958,226400
2008-09-11,40.8000,41.8700,40.5300,41.8300,31.0898,411400
2008-09-12,41.6700,42.1700,41.3700,42.0200,31.2310,202200
2008-09-15,40.3000,41.6000,40.2600,40.2700,29.9303,585700
2008-09-16,39.3600,40.7300,39.2500,40.6300,30.1979,808800
2008-09-17,40.3100,40.3100,38.7800,38.7800,28.8229,520000
2008-09-18,39.1800,40.7200,37.7900,40.4600,30.0715,796500
2008-09-19,41.8000,41.8000,41.2800,41.8000,31.2078,642000
2008-09-22,40.7600,41.5400,40.1600,40.1900,30.0058,526100
2008-09-23,40.5000,40.6900,39.5300,39.5700,29.5429,147700
2008-09-24,39.5100,40.9800,38.8100,40.0900,29.9311,175500
2008-09-25,40.9700,40.9800,39.5900,40.0500,29.9013,485500
2008-09-26,40.5200,41.0200,39.1400,40.0000,29.8640,1060700
2008-09-29,39.7500,39.7500,36.3400,36.9000,27.5495,1394400
2008-09-30,38.0000,38.0400,36.7400,37.9300,28.3185,378300
2008-10-01,37.9400,38.0000,37.1900,37.8700,28.2737,941400
2008-10-02,37.7800,37.7800,35.8700,36.2000,27.0269,509200
2008-10-03,36.5800,37.2000,35.2300,35.2800,26.3400,715200
2008-10-06,34.3900,34.8600,32.1600,34.0400,25.4142,781300
2008-10-07,34.3800,35.1700,31.4700,31.7500,23.7045,387100
2008-10-08,31.0700,32.6100,30.2300,31.4800,23.5029,809200
2008-10-09,31.7600,32.0100,28.9600,29.2000,21.8007,1513900
2008-10-10,27.8000,29.6300,26.2000,28.8100,21.5095,1166600
2008-10-13,29.3200,32.0000,29.3200,32.0000,23.8912,1266600
2008-10-14,33.3600,34.0400,30.8600,31.7100,23.6746,1173500
2008-10-15,30.5100,31.4200,28.7200,28.8800,21.5618,477900
2008-10-16,28.9700,29.8000,27.3100,29.7700,22.2262,541700
2008-10-17,29.2300,30.9900,28.9200,29.3000,21.8753,478300
2008-10-20,30.0700,31.4400,29.7200,31.1000,23.2192,317800
2008-10-21,30.7600,31.0100,29.8900,30.0300,22.4204,408700
2008-10-22,29.4200,29.4200,27.3100,28.1100,20.9869,288700
2008-10-23,27.8400,28.5200,26.3600,27.9300,20.8525,446100
2008-10-24,25.2500,27.6200,25.0000,26.8100,20.0163,580700
2008-10-27,25.7900,27.2300,25.5000,25.5000,19.0383,406400
2008-10-28,26.6800,28.5500,25.6400,28.5500,21.3154,389300
2008-10-29,29.2900,29.7000,28.2100,28.4400,21.2333,468700
2008-10-30,29.8800,29.8800,28.5000,29.3800,21.9351,365400
2008-10-31,29.5600,30.4600,28.8900,30.0000,22.3980,324600
2008-11-03,29.8400,30.2400,29.7000,29.9400,22.3532,214700
2008-11-04,30.8000,31.1900,30.3400,31.1200,23.2342,709900
2008-11-05,30.7700,31.0000,29.4500,29.4500,21.9873,327600
2008-11-06,29.0600,29.5100,27.8600,27.9200,20.8450,453000
2008-11-07,28.3400,28.7300,28.0100,28.7100,21.4349,346400
2008-11-10,29.4500,29.4500,27.7700,28.1800,21.0392,261700
2008-11-11,27.5800,27.9800,26.9200,27.3200,20.3971,337100
2008-11-12,26.9000,26.9000,25.7800,25.9400,19.3668,379800
2008-11-13,26.0700,27.7200,24.7500,27.7200,20.6957,363600
2008-11-14,27.0400,27.7600,26.3700,26.4500,19.7475,246400
2008-11-17,26.1300,26.6200,25.6600,25.6600,19.1577,754000
2008-11-18,25.5200,26.0800,24.8500,25.6100,19.1204,244800
2008-11-19,25.7900,25.8300,23.9300,23.9500,17.8810,320700
2008-11-20,23.6100,24.2900,22.1500,22.3200,16.6641,1208400
2008-11-21,22.5500,23.6700,21.8700,23.5800,17.6048,1056700
2008-11-24,24.0800,25.7500,23.8000,25.2800,18.8740,1242000
2008-11-25,25.9400,26.0000,24.9100,25.6500,19.1502,340600
2008-11-26,24.9300,26.8500,24.9300,26.8300,20.0312,828700
2008-11-28,26.7000,27.1100,26.6000,27.1100,20.2403,474600
2008-12-01,26.5400,26.5600,24.5900,24.6500,18.4037,648600
2008-12-02,24.7500,25.5800,24.6300,25.5800,19.0980,409300
2008-12-03,24.9300,26.2800,24.8100,26.2800,19.6206,330100
2008-12-04,25.8100,26.5100,25.0800,25.4600,19.0084,666100
2008-12-05,25.1100,26.5500,24.5500,26.4400,19.7401,900400
2008-12-08,26.9500,27.7500,26.9100,27.4000,20.4568,1353600
2008-12-09,27.3500,27.9000,26.8600,27.0600,20.2030,720900
2008-12-10,27.2600,27.7300,26.9900,27.4000,20.4568,337000
2008-12-11,27.2600,27.6500,26.3300,26.6700,19.9118,1198400
2008-12-12,25.8400,26.9200,25.6400,26.8800,20.0686,433000
2008-12-15,26.9300,26.9900,25.9600,26.3800,19.6953,366200
2008-12-16,27.9800,27.9800,26.6700,27.9800,20.8898,665000
2008-12-17,27.5700,28.2300,27.3700,27.8300,20.7779,2531000
2008-12-18,27.9200,28.1700,26.9900,27.3400,20.4120,1257200
2008-12-19,27.4300,27.9700,27.1200,27.3500,20.5268,904800
2008-12-22,27.4100,27.4100,26.0800,26.5100,19.8964,798500
2008-12-23,26.5900,26.7900,26.0200,26.1200,19.6037,1152600
2008-12-24,26.2200,26.3700,26.0800,26.2700,19.7163,289200
2008-12-26,26.4300,26.6100,26.2400,26.6100,19.9715,226900
2008-12-29,26.5100,26.5300,25.9000,26.3000,19.7388,380000
2008-12-30,26.4100,27.2000,26.3800,27.1300,20.3617,631800
2008-12-31,27.2200,27.9200,27.0200,27.8000,20.8646,574300
2009-01-02,27.3300,28.9200,27.3300,28.7500,21.5776,1813500
2009-01-05,28.5900,29.2400,28.4200,28.9000,21.6901,2954300
2009-01-06,29.2500,29.8300,29.1000,29.5700,22.1930,963800
2009-01-07,29.1900,29.1900,28.4400,28.5900,21.4575,884500
2009-01-08,28.4000,28.8400,28.1800,28.8200,21.6301,544900
2009-01-09,28.8900,28.9000,28.0200,28.0600,21.0597,458700
2009-01-12,28.0000,28.0300,26.9800,27.1500,20.3767,599100
2009-01-13,27.0300,27.4400,26.8200,27.1600,20.3842,1318000
2009-01-14,26.6600,26.6700,25.8900,26.1300,19.6112,1494000
2009-01-15,26.2000,26.6900,25.2800,26.3100,19.7463,1985700
2009-01-16,26.7200,26.8800,25.9000,26.6700,20.0165,1617600
2009-01-20,26.4700,26.4700,24.9600,24.9600,18.7331,973400
2009-01-21,25.4200,26.1700,24.9200,26.1700,19.6412,835900
2009-01-22,25.6500,26.0600,25.0900,25.6100,19.2209,1250800
2009-01-23,24.9600,26.1500,24.8000,25.8600,19.4086,642600
2009-01-26,25.9500,26.6000,25.6700,25.9600,19.4836,635800
2009-01-27,26.0300,26.4900,25.9300,26.3100,19.7463,482200
2009-01-28,26.8600,27.6200,26.8600,27.3800,20.5494,481300
2009-01-29,27.0000,27.0000,26.2700,26.3100,19.7463,250900
2009-01-30,26.4300,26.5100,25.3400,25.4800,19.1234,642900
2009-02-02,25.1000,25.5900,24.9900,25.4200,19.0783,407800
2009-02-03,25.5000,25.9900,25.2500,25.8400,19.3936,327300
2009-02-04,25.9000,26.3400,25.6400,25.7000,19.2885,379300
2009-02-05,25.5000,26.4800,25.3600,26.2100,19.6712,517400
2009-02-06,26.2000,27.1600,26.2000,27.0100,20.2717,580700
2009-02-09,27.0100,27.3500,26.8100,27.0600,20.3092,904400
2009-02-10,26.8200,27.1000,25.4600,25.6200,19.2284,721100
2009-02-11,25.8200,26.0600,25.4300,25.8500,19.4011,1074500
2009-02-12,25.4300,26.0100,25.0400,25.9700,19.4911,951200
2009-02-13,25.8900,26.1600,25.6200,25.7100,19.2960,846300
2009-02-17,24.8600,24.8600,24.3700,24.3800,18.2978,577600
2009-02-18,24.6300,24.6300,23.9400,24.2000,18.1627,999600
2009-02-19,24.4200,24.6900,23.8000,23.8700,17.9150,760400
2009-02-20,23.3600,23.9400,23.0400,23.6600,17.7574,1109200
2009-02-23,23.7700,23.9000,22.6900,22.7400,17.0669,638800
2009-02-24,22.8500,23.8800,22.7300,23.7700,17.8400,595200
2009-02-25,23.6100,23.9900,23.0800,23.4900,17.6298,620100
2009-02-26,23.7700,23.9700,23.0200,23.0400,17.2921,357300
2009-02-27,22.5300,23.1600,22.4800,22.6200,16.9769,650700
2009-03-02,22.1000,22.2800,21.2900,21.3900,16.0537,1608900
2009-03-03,21.6200,21.7300,21.0100,21.1700,15.8886,873500
2009-03-04,21.5800,22.2400,21.4000,21.8300,16.3839,381500
2009-03-05,21.3100,21.5400,20.6600,20.8300,15.6334,887500
2009-03-06,21.0900,21.3000,20.1900,20.7400,15.5659,678600
2009-03-09,20.5900,21.1600,20.4200,20.5900,15.4533,623000
2009-03-10,20.9400,22.0300,20.9300,22.0300,16.5340,640800
2009-03-11,22.2700,22.5100,21.8800,22.1500,16.6241,459200
2009-03-12,22.0700,23.1700,21.8900,23.0400,17.2921,445700
2009-03-13,23.2000,23.4100,22.8200,23.3000,17.4872,994500
2009-03-16,23.6500,23.9200,23.1400,23.1400,17.3671,738000
2009-03-17,23.2500,23.9600,22.9800,23.9400,17.9676,1492600
2009-03-18,23.7800,25.0000,23.6200,24.8100,18.6205,1284100
2009-03-19,25.2100,25.2100,24.4800,24.5800,18.4479,1182200
2009-03-20,24.5400,24.5400,23.5400,23.6700,17.8842,1159600
2009-03-23,24.6800,25.6800,24.3100,25.6400,19.3727,432600
2009-03-24,25.3300,25.7200,25.0800,25.0900,18.9571,929400
2009-03-25,25.2800,26.0000,24.5200,25.3700,19.1687,3031200
2009-03-26,25.7400,26.2500,25.4900,26.1800,19.7807,708000
2009-03-27,25.8100,25.9900,25.5500,25.6300,19.3651,760300
2009-03-30,24.9000,24.9300,24.1700,24.4500,18.4736,260300
2009-03-31,24.7700,25.2300,24.4800,24.7700,18.7154,1056600
2009-04-01,24.6500,25.3700,24.3200,25.3000,19.1158,568700
2009-04-02,26.4300,26.7700,25.6400,26.4100,19.9545,1407900
2009-04-03,26.4200,26.9200,26.1200,26.9200,20.3398,971000
2009-04-06,26.5100,26.6500,26.1200,26.5300,20.0452,666700
2009-04-07,26.0400,26.1800,25.7100,25.7300,19.4407,954300
2009-04-08,26.0600,26.2800,25.8300,26.2600,19.8412,709400
2009-04-09,28.1400,28.1400,26.9200,27.8500,21.0425,3995400
2009-04-13,27.5000,28.1800,27.2000,27.9300,21.1029,1228000
2009-04-14,27.6000,28.0400,27.1800,27.2100,20.5589,1062600
2009-04-15,27.1600,27.7800,26.9400,27.7100,20.9367,2994000
2009-04-16,27.8900,28.6200,27.6100,28.3500,21.4203,1757200
2009-04-17,28.5600,29.0200,28.2300,28.8000,21.7603,1704500
2009-04-20,28.4700,28.4700,27.1100,27.1500,20.5136,2451500
2009-04-21,26.9900,27.9800,26.5600,27.9500,21.1181,3468000
2009-04-22,27.7000,28.7500,27.5100,28.0100,21.1634,2282200
2009-04-23,28.0100,28.3700,27.6800,28.3300,21.4052,3137200
2009-04-24,28.5300,29.2800,28.4200,29.0100,21.9190,1615700
2009-04-27,28.7300,29.0200,28.3300,28.4800,21.5185,1923200
2009-04-28,28.2700,28.7700,28.0200,28.3600,21.4278,4259300
2009-04-29,28.5600,29.5600,28.5600,29.2500,22.1003,2144700
2009-04-30,29.6800,30.0300,29.2200,29.4000,22.2136,1878400
2009-05-01,29.4100,29.7900,29.1800,29.5500,22.3270,1427900
2009-05-04,29.8600,31.0000,29.7800,30.9300,23.3696,1842100
2009-05-05,30.9200,31.0200,30.5400,30.8900,23.3394,3733500
2009-05-06,31.3200,31.5900,30.8100,31.4900,23.7928,2599100
2009-05-07,31.9200,31.9900,30.5600,30.7700,23.2488,2178800
2009-05-08,31.2800,32.0500,31.1100,32.0500,24.2159,4245600
2009-05-11,31.6700,31.6700,30.9800,31.1100,23.5057,2420600
2009-05-12,31.4400,31.4900,30.1100,30.6500,23.1581,3053600
2009-05-13,30.1800,30.1800,29.2600,29.3000,22.1381,1836800
2009-05-14,29.2800,30.1400,29.1800,29.8500,22.5536,2487200
2009-05-15,29.8700,30.1600,29.2500,29.4300,22.2363,1253000
2009-05-18,29.7600,30.7300,29.7600,30.6900,23.1883,2046300
2009-05-19,30.5800,31.1200,30.4800,30.7500,23.2336,1075600
2009-05-20,31.0700,31.6100,30.4600,30.5400,23.0750,1430600
2009-05-21,30.1800,30.2100,29.5500,29.9300,22.6141,1072900
2009-05-22,30.0900,30.2100,29.6900,29.8700,22.5687,978600
2009-05-26,29.5500,30.9000,29.5400,30.8200,23.2865,1517300
2009-05-27,30.8600,31.1000,30.2000,30.2000,22.8181,995100
2009-05-28,30.5500,30.7100,29.8700,30.6300,23.1430,872500
2009-05-29,30.8200,31.3000,30.6000,31.3000,23.6492,2313400
2009-06-01,31.7400,32.6200,31.7300,32.4300,24.5030,1811900
2009-06-02,32.3600,32.6300,32.1900,32.4300,24.5030,1663000
2009-06-03,32.2500,32.2500,31.4000,31.7200,23.9665,1710300
2009-06-04,31.8000,32.3700,31.5800,32.3700,24.4577,1470700
2009-06-05,32.6900,32.7300,31.8800,32.3600,24.4501,1887700
2009-06-08,32.0600,32.3400,31.5400,31.9700,24.1554,2870200
2009-06-09,32.2800,32.4700,31.9500,32.2900,24.3972,1715200
2009-06-10,32.5900,32.6800,31.7700,32.6400,24.6617,1120900
2009-06-11,32.3700,32.7800,32.3100,32.3300,24.4274,976600
2009-06-12,32.2400,32.3300,31.8700,32.3100,24.4123,868200
2009-06-15,31.9100,31.9300,31.2300,31.3500,23.6870,847500
2009-06-16,31.5100,31.6200,30.7800,30.8300,23.2941,1025500
2009-06-17,30.7400,30.9600,30.2500,30.6700,23.1732,1776600
2009-06-18,30.6200,30.9900,30.4600,30.7700,23.2488,2613900
2009-06-19,30.9200,31.1700,30.7200,30.8800,23.4194,1374000
2009-06-22,30.6000,30.6000,29.7800,29.7800,22.5852,1956300
2009-06-23,29.9100,30.0000,29.5300,29.7700,22.5776,2368400
2009-06-24,29.9900,30.4800,29.9100,30.1100,22.8354,2381800
2009-06-25,30.0100,30.8800,29.9200,30.8700,23.4118,1844600
2009-06-26,30.7800,30.9400,30.5700,30.7600,23.3284,823200
2009-06-29,30.8400,31.1500,30.6800,31.0800,23.5711,1033700
2009-06-30,31.0800,31.2100,30.6100,30.8100,23.3663,2215500
2009-07-01,31.0500,31.3200,30.9600,31.0100,23.5180,3122100
2009-07-02,30.7500,30.7500,29.9900,30.0200,22.7672,1492700
2009-07-06,29.7100,29.9500,29.5100,29.9300,22.6989,1215500
2009-07-07,29.9300,29.9300,29.1900,29.2300,22.1680,2382500
2009-07-08,29.4100,29.4400,28.7400,29.1200,22.0846,3314900
2009-07-09,29.2800,29.5500,29.1400,29.3500,22.2590,1397500
2009-07-10,29.1000,29.4200,28.9500,29.2500,22.1832,762600
2009-07-13,29.3500,29.9600,28.9700,29.9300,22.6989,1293600
2009-07-14,30.0100,30.2500,29.8000,30.2500,22.9416,1109000
2009-07-15,30.6100,31.2800,30.6000,31.2100,23.6697,1626500
2009-07-16,31.1500,31.6900,30.9400,31.5600,23.9351,1539500
2009-07-17,31.5000,31.5600,31.2800,31.4900,23.8820,1105700
2009-07-20,31.7000,32.0400,31.5900,32.0000,24.2688,932200
2009-07-21,32.3700,32.3700,31.5300,31.9800,24.2536,2298100
2009-07-22,31.7700,32.2500,31.7300,32.0800,24.3295,1236300
2009-07-23,32.0800,33.1100,32.0800,32.9800,25.0120,1992000
2009-07-24,32.9100,33.2500,32.6600,33.2300,25.2016,1280800
2009-07-27,33.2200,33.4500,33.0200,33.4500,25.3685,1442000
2009-07-28,33.3100,33.4700,32.9500,33.3300,25.2775,942700
2009-07-29,33.2200,33.2700,32.8700,33.1100,25.1106,600400
2009-07-30,33.7000,33.9500,33.5100,33.6300,25.5050,1522500
2009-07-31,33.6400,33.9000,33.4100,33.6400,25.5126,942500
2009-08-03,34.0000,34.3800,33.8500,34.3500,26.0510,1032900
2009-08-04,34.2400,34.6600,34.1000,34.5600,26.2103,784200
2009-08-05,34.6400,34.6800,34.1200,34.5000,26.1648,859100
2009-08-06,34.7500,34.8300,34.1700,34.3200,26.0283,688100
2009-08-07,34.7500,35.3500,34.5700,35.1100,26.6274,1587200
2009-08-10,35.0100,35.0900,34.6500,34.9200,26.4833,783800
2009-08-11,34.8200,34.8400,34.3100,34.4500,26.1269,591700
2009-08-12,34.4500,35.2200,34.4500,34.9300,26.4909,429900
2009-08-13,35.0700,35.3000,34.7300,35.2800,26.7563,576400
2009-08-14,35.3000,35.3000,34.5000,34.8200,26.4075,725700
2009-08-17,34.1600,34.1700,33.7500,33.8400,25.6643,1303200
2009-08-18,33.9900,34.3300,33.8800,34.2400,25.9676,454700
2009-08-19,33.9300,34.6100,33.8500,34.4800,26.1496,389500
2009-08-20,34.5800,34.9400,34.4300,34.8800,26.4530,801000
2009-08-21,35.1300,35.7300,35.1300,35.6200,27.0142,843400
2009-08-24,35.8500,36.0100,35.4300,35.5200,26.9384,1113700
2009-08-25,35.6400,36.0700,35.6300,35.7200,27.0900,732300
2009-08-26,35.5600,35.9100,35.4100,35.8300,27.1735,962800
2009-08-27,35.8200,36.0000,35.2100,35.8900,27.2190,495800
2009-08-28,36.2500,36.3400,35.6500,36.0200,27.3176,1120600
2009-08-31,35.5900,35.6500,35.2900,35.5400,26.9535,501800
2009-09-01,35.4100,35.9100,34.5300,34.5700,26.2179,858900
2009-09-02,34.4100,34.6400,34.2400,34.4000,26.0890,1167000
2009-09-03,34.7000,34.8900,34.2900,34.8900,26.4606,770100
2009-09-04,35.0000,35.3300,34.6900,35.3000,26.7715,1014900
2009-09-08,35.7100,35.7500,35.4700,35.7100,27.0825,563600
2009-09-09,35.8200,36.3000,35.6300,36.1900,27.4465,2328100
2009-09-10,36.2200,36.6900,35.9000,36.6700,27.8105,1023600
2009-09-11,36.8000,36.9100,36.4400,36.7000,27.8333,1495600
2009-09-14,36.4600,37.0600,36.3300,37.0200,28.0760,675600
2009-09-15,37.0900,37.4600,36.8600,37.3600,28.3338,770400
2009-09-16,37.5400,38.1000,37.3600,38.0900,28.8874,1144200
2009-09-17,38.0600,38.3800,37.6200,37.8600,28.7130,796600
2009-09-18,37.9600,37.9700,37.5700,37.7900,28.7511,480100
2009-09-21,37.5200,37.7800,37.2900,37.6900,28.6750,547200
2009-09-22,37.8800,38.0500,37.7400,37.9500,28.8728,502400
2009-09-23,38.0700,38.1900,37.4700,37.5300,28.5533,796300
2009-09-24,37.5400,37.6500,36.7000,36.9100,28.0815,1218900
2009-09-25,36.7700,36.9900,36.5000,36.6300,27.8685,1198600
2009-09-28,36.8000,37.4800,36.7700,37.3900,28.4467,640700
2009-09-29,37.5200,37.7500,37.2500,37.4200,28.4696,593900
2009-09-30,37.5600,37.6000,36.8400,37.3000,28.3783,930400
2009-10-01,37.1900,37.1900,36.1100,36.1100,27.4729,1198000
2009-10-02,35.7200,36.1400,35.3800,35.9100,27.3207,1429100
2009-10-05,36.0000,36.6100,35.8900,36.5300,27.7925,949100
2009-10-06,36.8700,37.3000,36.7300,37.0500,28.1881,1221000
2009-10-07,36.9100,37.1400,36.8300,37.1200,28.2413,1514500
2009-10-08,37.4500,37.7100,37.2400,37.5700,28.5837,677800
2009-10-09,37.5300,37.7900,37.4600,37.7600,28.7283,640600
2009-10-12,38.0200,38.1300,37.7700,37.9200,28.8500,362300
2009-10-13,37.7800,37.9300,37.5700,37.8400,28.7891,582600
2009-10-14,38.2300,38.5600,38.0600,38.5400,29.3217,1494200
2009-10-15,38.3000,38.6700,38.3000,38.6700,29.4206,460700
2009-10-16,38.3500,38.4800,38.0500,38.3400,29.1695,440700
2009-10-19,38.4300,38.8500,38.2700,38.7300,29.4662,642100
2009-10-20,38.7900,38.8200,38.2100,38.4500,29.2532,585200
2009-10-21,38.4100,38.8800,38.0400,38.0500,28.9489,1041300
2009-10-22,38.1000,38.6800,37.7400,38.5700,29.3445,894800
2009-10-23,38.7000,38.7000,37.8400,37.9700,28.8880,524200
2009-10-26,37.9500,38.5300,37.4100,37.4800,28.5152,682100
2009-10-27,37.5700,37.6700,37.1100,37.1600,28.2718,645800
2009-10-28,37.0000,37.1200,36.1100,36.1400,27.4957,1624500
2009-10-29,36.4400,37.1400,36.4100,37.0300,28.1728,1750500
2009-10-30,37.0000,37.0600,35.8500,35.9200,27.3284,1304100
2009-11-02,36.0500,36.6000,35.6500,36.1400,27.4957,1216800
2009-11-03,35.9200,36.4800,35.8400,36.4600,27.7392,791800
2009-11-04,36.8100,37.0800,36.3700,36.4000,27.6935,1130500
2009-11-05,36.7400,37.2200,36.6600,37.2200,28.3174,900000
2009-11-06,36.9900,37.4200,36.9000,37.2700,28.3554,969700
2009-11-09,37.5700,38.2600,37.5700,38.2600,29.1086,899100
2009-11-10,38.2000,38.3000,37.9000,38.1100,28.9945,1344400
2009-11-11,38.3800,38.6400,38.1200,38.3400,29.1695,955100
2009-11-12,38.2800,38.5100,37.7900,37.8700,28.8119,711200
2009-11-13,38.0500,38.2800,37.7900,38.1100,28.9945,701300
2009-11-16,38.4000,38.9500,38.3600,38.7300,29.4662,806900
2009-11-17,38.7300,38.7700,38.4200,38.7400,29.4738,469900
2009-11-18,38.7800,38.7800,38.4100,38.6300,29.3901,401300
2009-11-19,38.4300,38.4300,37.7500,38.0200,28.9261,597100
2009-11-20,37.8000,37.9500,37.6400,37.8300,28.7815,386200
2009-11-23,38.3000,38.6600,38.1600,38.2500,29.1010,941500
2009-11-24,38.2400,38.3400,37.9400,38.2400,29.0934,1328900
2009-11-25,38.3900,38.5700,38.2500,38.5500,29.3293,304100
2009-11-27,37.5000,38.1100,37.3000,37.7800,28.7435,214400
2009-11-30,37.8300,37.9700,37.5200,37.9100,28.8424,1310800
2009-12-01,38.3900,38.5800,38.0400,38.3900,29.2076,926900
2009-12-02,38.4200,38.8100,38.4100,38.6100,29.3749,745200
2009-12-03,38.7400,38.9300,38.1700,38.2200,29.0782,835900
2009-12-04,38.7900,39.0500,38.1300,38.6100,29.3749,982200
2009-12-07,38.6500,38.8500,38.4800,38.5800,29.3521,240900
2009-12-08,38.4100,38.4600,38.0300,38.2500,29.1010,205700
2009-12-09,38.3000,38.3800,38.0000,38.3200,29.1543,183100
2009-12-10,38.5800,38.7200,38.4600,38.6000,29.3673,223100
2009-12-11,38.7700,38.8500,38.5700,38.8300,29.5423,821300
2009-12-14,39.1400,39.3600,39.0000,39.3200,29.9151,2050600
2009-12-15,39.1200,39.3400,39.0100,39.1600,29.7934,1495100
2009-12-16,39.3300,39.5100,39.2200,39.3300,29.9227,687900
2009-12-17,39.1100,39.1100,38.7900,38.8500,29.5575,624200
2009-12-18,38.9300,38.9800,38.5300,38.8900,29.6842,377700
2009-12-21,39.1200,39.4600,39.0700,39.4000,30.0735,318600
2009-12-22,39.5200,39.7400,39.4100,39.6000,30.2262,1065500
2009-12-23,39.7700,39.8600,39.5700,39.8500,30.4170,393900
2009-12-24,39.9900,40.0900,39.9200,40.0500,30.5696,341000
2009-12-28,40.2000,40.2200,39.8900,40.0600,30.5773,928000
2009-12-29,40.1700,40.1700,39.9300,39.9600,30.5009,517200
2009-12-30,39.7900,39.9700,39.7800,39.9700,30.5086,322900
2009-12-31,40.0700,40.0700,39.5000,39.5300,30.1728,426200
2010-01-04,39.9100,40.1900,39.8800,40.1800,30.6689,742200
2010-01-05,40.1700,40.4100,39.9800,40.4100,30.8444,1217900
2010-01-06,40.2800,41.0300,40.2600,40.5600,30.9589,1330200
2010-01-07,40.4800,40.7700,40.3100,40.7600,31.1116,707800
2010-01-08,40.6500,40.9000,40.4900,40.9000,31.2184,690700
2010-01-11,40.9600,41.1000,40.7300,40.9300,31.2414,885100
2010-01-12,40.7000,40.7000,40.2700,40.4600,30.8826,335500
2010-01-13,40.5100,40.9400,40.3100,40.8900,31.2108,423400
2010-01-14,40.8700,41.0000,40.7200,40.9500,31.2566,557200
2010-01-15,40.9000,40.9000,40.2500,40.4700,30.8902,459900
2010-01-19,40.4300,41.0400,40.4300,41.0400,31.3253,410700
2010-01-20,40.7500,40.7500,40.2000,40.5500,30.9513,389500
2010-01-21,40.5600,40.7800,39.8400,39.8700,30.4323,697900
2010-01-22,39.7200,39.7900,38.8900,38.9000,29.6919,968100
2010-01-25,39.1600,39.3900,38.9600,39.1400,29.8750,2123100
2010-01-26,39.0700,39.3700,38.5000,39.0000,29.7682,3099500
2010-01-27,38.9200,39.1700,38.5000,39.1100,29.8522,746800
2010-01-28,39.3400,39.3500,38.4100,38.7000,29.5392,1092100
2010-01-29,38.8300,39.1500,38.1400,38.2200,29.1728,1837000
2010-02-01,38.3900,38.9100,38.3800,38.8700,29.6690,1211300
2010-02-02,38.9900,39.5200,38.8700,39.4600,30.1193,752200
2010-02-03,39.3800,39.4400,39.0900,39.2000,29.9208,471200
2010-02-04,38.9400,38.9400,37.8600,37.8900,28.9209,1116900
2010-02-05,37.9200,38.0600,37.1300,37.9900,28.9973,1237900
2010-02-08,38.0000,38.2700,37.6800,37.7000,28.7759,688000
2010-02-09,38.0700,38.5500,37.8500,38.2800,29.2186,1143900
2010-02-10,38.2300,38.3700,37.7700,38.1900,29.1499,543300
2010-02-11,38.1000,38.6400,37.8400,38.6100,29.4705,328000
2010-02-12,38.2000,38.5900,38.0200,38.5800,29.4476,1055200
2010-02-16,38.9200,39.3400,38.7800,39.2800,29.9819,1572900
2010-02-17,39.5800,39.6100,39.3100,39.5300,30.1728,1023200
2010-02-18,39.4700,39.8200,39.4300,39.8000,30.3788,1112400
2010-02-19,39.7400,40.0800,39.6000,39.9800,30.5162,527600
2010-02-22,40.1400,40.1400,39.8400,39.9500,30.4933,890000
2010-02-23,39.9100,39.9600,39.3100,39.3800,30.0582,1458600
2010-02-24,39.5100,39.8000,39.4000,39.7800,30.3635,465300
2010-02-25,39.2500,39.8500,39.0600,39.8500,30.4170,539400
2010-02-26,39.8500,39.9700,39.5600,39.8200,30.3941,438700
2010-03-01,39.9800,40.4800,39.9800,40.4800,30.8979,918800
2010-03-02,40.7500,40.8100,40.5300,40.5900,30.9818,1381200
2010-03-03,40.7700,40.9700,40.5700,40.7200,31.0811,997200
2010-03-04,40.7900,40.8500,40.5400,40.7600,31.1116,664200
2010-03-05,41.0700,41.4900,40.9800,41.4500,31.6383,1021100
2010-03-08,41.5100,41.5900,41.4100,41.5300,31.6993,2466700
2010-03-09,41.3300,41.7400,41.3100,41.5300,31.6993,1531500
2010-03-10,41.5600,41.9000,41.5400,41.8100,31.9130,843300
2010-03-11,41.6200,41.9500,41.5100,41.9200,31.9970,749100
2010-03-12,42.1500,42.1600,41.8500,41.9400,32.0123,646200
2010-03-15,41.9400,41.9400,41.5800,41.9200,31.9970,357100
2010-03-16,42.0900,42.3700,41.9000,42.3500,32.3252,1533300
2010-03-17,42.5100,42.8100,42.4400,42.6900,32.5847,1640000
2010-03-18,42.7200,42.7400,42.4000,42.5000,32.4397,745000
2010-03-19,42.1600,42.5700,41.9800,42.1600,32.2751,1550400
2010-03-22,42.0000,42.4900,41.8200,42.4400,32.4895,1057600
2010-03-23,42.5400,42.7700,42.3300,42.7700,32.7421,659100
2010-03-24,42.6100,42.6700,42.3900,42.4500,32.4971,853500
2010-03-25,42.7000,42.8600,42.2300,42.2700,32.3593,1370200
2010-03-26,42.4100,42.6200,42.0900,42.3400,32.4129,796900
2010-03-29,42.5900,42.7100,42.4800,42.6800,32.6732,819900
2010-03-30,42.7400,42.8400,42.4700,42.7100,32.6961,575700
2010-03-31,42.5600,42.7700,42.4100,42.5700,32.5890,425800
2010-04-01,42.9000,43.0700,42.6500,42.9200,32.8569,1030200
2010-04-05,43.1500,43.4800,43.0000,43.4800,33.2856,920000
2010-04-06,43.3600,43.6700,43.2500,43.5700,33.3545,1373200
2010-04-07,43.5500,43.5700,43.0800,43.3000,33.1478,1509400
2010-04-08,43.1500,43.4100,42.8900,43.3600,33.1938,751500
2010-04-09,43.4700,43.6900,43.3400,43.6800,33.4387,662200
2010-04-12,43.7000,43.8700,43.6700,43.7500,33.4923,726400
2010-04-13,43.7500,43.8700,43.4600,43.8200,33.5459,616500
2010-04-14,43.9700,44.3900,43.8900,44.3900,33.9822,671100
2010-04-15,44.3100,44.5100,44.2500,44.3900,33.9822,1253100
2010-04-16,44.2100,44.3400,43.4100,43.6600,33.4234,1788700
2010-04-19,43.4400,43.7900,43.1500,43.6700,33.4311,1014900
2010-04-20,43.9900,44.2700,43.8900,44.2600,33.8827,579900
2010-04-21,44.3300,44.4200,44.0700,44.3500,33.9516,764800
2010-04-22,44.0300,44.7700,43.7500,44.7100,34.2272,893300
2010-04-23,44.7500,45.1200,44.5800,45.0800,34.5105,701600
2010-04-26,45.1600,45.2900,44.8700,44.9200,34.3880,852300
2010-04-27,44.6800,44.8700,43.6200,43.7100,33.4617,1021100
2010-04-28,43.9800,44.1300,43.6000,43.9500,33.6454,759400
2010-04-29,44.2800,44.6500,44.2100,44.5600,34.1124,708200
2010-04-30,44.5600,44.6200,43.6900,43.7000,33.4540,576700
2010-05-03,43.8200,44.4400,43.8200,44.3400,33.9440,442800
2010-05-04,43.8300,43.8400,42.9500,43.1400,33.0253,1661800
2010-05-05,42.8900,43.3500,42.4700,42.8200,32.7804,2147300
2010-05-06,42.7400,43.0000,18.0000,41.2500,31.5785,4523400
2010-05-07,41.1900,41.7300,40.0000,40.5900,31.0732,3409200
2010-05-10,42.0900,42.7000,42.0900,42.6900,32.6808,2181400
2010-05-11,42.2300,43.1300,42.1500,42.5400,32.5660,1115100
2010-05-12,42.7900,43.3500,42.6400,43.3200,33.1631,1340500
2010-05-13,43.2700,43.4500,42.7000,42.7900,32.7574,964400
2010-05-14,42.3300,42.4400,41.4900,41.8800,32.0608,1201800
2010-05-17,41.8800,42.2200,41.0300,41.9200,32.0914,1683500
2010-05-18,42.2900,42.5200,41.2000,41.3700,31.6703,1616900
2010-05-19,41.0900,41.4900,40.2200,41.0000,31.3871,1966700
2010-05-20,40.1400,40.2400,39.2900,39.3700,30.1393,3119000
2010-05-21,38.8100,40.2000,38.2700,40.0200,30.6369,4777900
2010-05-24,39.7800,40.1800,39.4900,39.5100,30.2464,1552700
2010-05-25,38.4100,39.6600,38.2000,39.6200,30.3307,2903100
2010-05-26,40.0000,40.4100,39.4100,39.5000,30.2388,1316200
2010-05-27,40.3400,41.0000,40.1900,40.9700,31.3641,782400
2010-05-28,41.0000,41.0400,40.2800,40.4800,30.9890,740200
2010-06-01,40.0000,40.6100,39.4800,39.5000,30.2388,1336500
2010-06-02,39.6500,40.6700,39.5500,40.6700,31.1345,842600
2010-06-03,40.8100,40.9700,40.4700,40.9100,31.3182,2083400
2010-06-04,40.0500,40.3400,39.1100,39.2500,30.0474,2064100
2010-06-07,39.4300,39.5600,38.5800,38.6100,29.5574,1665500
2010-06-08,38.5600,39.0400,38.1900,38.9700,29.8330,2800900
2010-06-09,39.3600,39.8400,38.7900,38.9300,29.8024,1134000
2010-06-10,39.4800,40.2800,39.4800,40.2600,30.8206,774500
2010-06-11,39.8900,40.5300,39.7800,40.5300,31.0273,604500
2010-06-14,40.7600,41.1800,40.5000,40.5300,31.0273,1226000
2010-06-15,40.7700,41.5900,40.7700,41.5600,31.8158,2124000
2010-06-16,41.3200,41.7400,41.2000,41.5200,31.7852,6139700
2010-06-17,41.6800,41.6800,41.0900,41.5200,31.7852,2167000
2010-06-18,41.5100,41.5600,41.2400,41.3800,31.7844,1491200
2010-06-21,41.9700,41.9700,40.9400,41.1900,31.6384,3773600
2010-06-22,41.2100,41.3900,40.2800,40.4200,31.0470,1969000
2010-06-23,40.4100,40.5700,39.8600,40.3100,30.9625,1034000
2010-06-24,40.0500,40.1300,39.4300,39.5600,30.3864,1267500
2010-06-25,39.6300,39.9700,39.2500,39.7900,30.5631,966900
2010-06-28,39.8500,40.0100,39.5200,39.6700,30.4709,796300
2010-06-29,39.0900,39.0900,37.9400,38.2400,29.3725,3740100
2010-06-30,38.1100,38.5600,37.7100,37.8000,29.0346,3539800
2010-07-01,37.8000,37.9500,36.9600,37.7200,28.9731,4910300
2010-07-02,37.8000,37.9700,37.2800,37.4900,28.7964,1743000
2010-07-06,37.9600,38.3300,37.2400,37.5900,28.8733,1921600
2010-07-07,37.6500,38.9000,37.6500,38.8600,29.8488,928800
2010-07-08,39.3100,39.3500,38.8100,39.2600,30.1560,1011100
2010-07-09,39.2300,39.6500,39.1900,39.6200,30.4325,928200
2010-07-12,39.5000,39.7500,39.2300,39.5400,30.3711,727100
2010-07-13,39.9900,40.4700,39.9400,40.3000,30.9549,1545300
2010-07-14,40.1800,40.4000,39.9200,40.2200,30.8934,941800
2010-07-15,40.2700,40.3800,39.6400,40.2900,30.9471,558500
2010-07-16,40.0600,40.0600,38.9600,39.0200,29.9716,1121700
2010-07-19,39.1900,39.4500,38.8700,39.3300,30.2098,440600
2010-07-20,38.8500,39.9400,38.7400,39.9100,30.6553,1100500
2010-07-21,40.1700,40.1800,39.1700,39.3000,30.1867,715600
2010-07-22,39.7900,40.4400,39.7600,40.2900,30.9471,759800
2010-07-23,40.1500,40.8000,40.0700,40.7800,31.3235,825000
2010-07-26,40.7900,41.3500,40.6900,41.3400,31.7537,1588900
2010-07-27,41.5800,41.5800,40.9700,41.1100,31.5770,1604500
2010-07-28,41.0200,41.1300,40.5900,40.7400,31.2928,737000
2010-07-29,41.0900,41.1300,40.1500,40.5400,31.1392,1126600
2010-07-30,40.1700,40.7600,39.9500,40.5800,31.1699,871200
2010-08-02,41.2600,41.5400,41.0300,41.4900,31.8689,820100
2010-08-03,41.3600,41.4500,41.0000,41.1500,31.6077,1315800
2010-08-04,41.2700,41.5500,41.1200,41.5100,31.8843,661100
2010-08-05,41.2400,41.4900,41.1200,41.4500,31.8382,419100
2010-08-06,40.9300,41.3500,40.6800,41.2600,31.6922,1144100
2010-08-09,41.5900,41.6000,41.2900,41.5500,31.9150,719500
2010-08-10,41.1300,41.4500,40.8700,41.2200,31.6615,721500
2010-08-11,40.4800,40.4900,39.8600,39.9300,30.6706,1446400
2010-08-12,39.1900,39.8200,39.0900,39.6900,30.4863,1761500
2010-08-13,39.5300,39.8500,39.5200,39.5500,30.3788,785000
2010-08-16,39.3600,39.6700,39.1500,39.5200,30.3557,1018700
2010-08-17,39.9000,40.4300,39.8000,40.1700,30.8550,1822100
2010-08-18,40.1100,40.4700,39.8900,40.2500,30.9164,1061700
2010-08-19,40.0500,40.1900,39.3700,39.5500,30.3788,587900
2010-08-20,39.4400,39.5100,39.0900,39.4700,30.3173,568400
2010-08-23,39.7000,39.8500,39.2500,39.2700,30.1637,378200
2010-08-24,38.7900,38.9600,38.3800,38.6900,29.7182,1955700
2010-08-25,38.3900,38.9700,38.1200,38.8400,29.8334,1422500
2010-08-26,38.9800,39.1400,38.4700,38.5900,29.6414,1173300
2010-08-27,38.9200,39.3300,38.2400,39.2900,30.1791,949800
2010-08-30,39.1600,39.2900,38.6600,38.6600,29.6951,482800
2010-08-31,38.5000,38.9000,38.3100,38.6500,29.6875,2060400
2010-09-01,39.2200,39.9400,39.1900,39.8600,30.6169,881800
2010-09-02,39.9700,40.4100,39.9300,40.3800,31.0163,653500
2010-09-03,40.7800,41.0300,40.6000,40.9500,31.4541,904600
2010-09-07,40.7100,40.7600,40.3700,40.4300,31.0547,597600
2010-09-08,40.4600,40.8600,40.4600,40.7000,31.2621,333000
2010-09-09,41.1500,41.1800,40.6700,40.8400,31.3696,474500
2010-09-10,40.8600,41.0900,40.7900,41.0600,31.5386,305300
2010-09-13,41.4600,41.6300,41.3500,41.5500,31.9150,963500
2010-09-14,41.4800,41.7800,41.2800,41.5600,31.9227,534500
2010-09-15,41.3900,41.7400,41.2600,41.7000,32.0302,477700
2010-09-16,41.5500,41.6500,41.4000,41.6100,31.9611,500900
2010-09-17,41.7200,41.7200,41.2800,41.4600,32.0020,611100
2010-09-20,41.5800,42.2800,41.5000,42.2200,32.5886,1483100
2010-09-21,42.2000,42.3300,41.8400,42.0000,32.4188,2528700
2010-09-22,41.9000,42.1800,41.5900,41.7200,32.2027,1555800
2010-09-23,41.3500,41.8600,41.2500,41.4000,31.9557,1215800
2010-09-24,41.9200,42.4300,41.8900,42.3600,32.6967,1399400
2010-09-27,42.4600,42.4600,42.1500,42.2000,32.5732,1163600
2010-09-28,42.3300,42.5900,41.7500,42.5000,32.8047,1619100
2010-09-29,42.3300,42.6300,42.2500,42.4500,32.7661,1004800
2010-09-30,42.7600,43.0000,42.1200,42.3800,32.7121,2066300
2010-10-01,42.7200,42.7500,42.2600,42.5000,32.8047,1249000
2010-10-04,42.3600,42.5800,41.9100,42.1600,32.5423,651200
2010-10-05,42.6100,43.1700,42.5100,43.0600,33.2370,890100
2010-10-06,43.1400,43.1400,42.7500,42.9100,33.1212,1260800
2010-10-07,43.0900,43.1700,42.5900,42.8900,33.1058,731200
2010-10-08,43.0000,43.3600,42.8100,43.2200,33.3605,884500
2010-10-11,43.3600,43.4500,43.2000,43.3400,33.4531,608900
2010-10-12,43.2300,43.5800,42.9300,43.4900,33.5689,784400
2010-10-13,43.8000,44.0700,43.6000,43.8400,33.8390,1030900
2010-10-14,43.8200,43.8800,43.3300,43.6200,33.6692,698400
2010-10-15,43.9200,43.9200,43.3100,43.6600,33.7001,738500
2010-10-18,43.6800,43.9200,43.5700,43.8100,33.8159,561900
2010-10-19,43.3400,43.6600,42.9300,43.1700,33.3219,1038500
2010-10-20,43.2800,43.8000,43.2500,43.6000,33.6538,1017500
2010-10-21,43.8200,44.0500,43.2900,43.6300,33.6769,1042800
2010-10-22,43.7200,43.8200,43.6000,43.7900,33.8004,675500
2010-10-25,44.0800,44.3600,43.9000,43.9500,33.9239,766400
2010-10-26,43.6800,43.9400,43.5300,43.8700,33.8622,527600
2010-10-27,43.5700,43.8100,43.3300,43.7600,33.7773,642800
2010-10-28,44.0200,44.0500,43.4800,43.7300,33.7541,751000
2010-10-29,43.6900,43.9400,43.5800,43.8900,33.8776,562000
2010-11-01,44.0200,44.3300,43.5800,43.8200,33.8236,601500
2010-11-02,44.1900,44.3300,44.0400,44.2400,34.1478,852900
2010-11-03,44.3700,44.3700,43.7700,44.3500,34.2327,1085000
2010-11-04,44.9400,45.2800,44.8200,45.2500,34.9274,1031600
2010-11-05,45.2900,45.6000,45.2400,45.4800,35.1049,1036800
2010-11-08,45.4000,45.4700,45.1800,45.4300,35.0663,915400
2010-11-09,45.5700,45.5700,44.7900,44.9800,34.7190,980400
2010-11-10,45.0100,45.1900,44.6000,45.1700,34.8656,887800
2010-11-11,44.7500,45.2000,44.6700,45.1500,34.8502,714400
2010-11-12,44.8500,45.0200,44.3400,44.5500,34.3871,827000
2010-11-15,44.6500,44.8800,44.4600,44.4800,34.3330,446000
2010-11-16,44.2100,44.2600,43.5200,43.7200,33.7464,698800
2010-11-17,43.7000,44.0000,43.6100,43.8200,33.8236,537300
2010-11-18,44.3800,44.6500,44.2900,44.4500,34.3099,618800
2010-11-19,44.4500,44.6600,44.1900,44.6600,34.4720,279800
2010-11-22,44.5200,44.7500,44.1900,44.7300,34.5260,336100
2010-11-23,44.2400,44.2700,43.9600,44.1100,34.0474,496000
2010-11-24,44.4400,44.8700,44.3000,44.8700,34.6341,429500
2010-11-26,44.5000,44.7400,44.4300,44.5400,34.3794,242100
2010-11-29,44.2600,44.5600,43.9000,44.4300,34.2945,461600
2010-11-30,44.0300,44.5000,43.9400,44.2500,34.1555,495900
2010-12-01,44.8500,45.3100,44.8500,45.2400,34.9197,555000
2010-12-02,45.3200,45.9300,45.2500,45.9000,35.4291,1326400
2010-12-03,45.7800,46.1400,45.7200,46.0800,35.5680,727000
2010-12-06,46.0200,46.1400,45.8800,46.0500,35.5449,8644800
2010-12-07,46.5600,46.5600,46.0500,46.0600,35.5526,772100
2010-12-08,46.1700,46.2800,45.8400,46.1800,35.6452,489600
2010-12-09,46.5200,46.5200,46.1500,46.3800,35.7996,4439100
2010-12-10,46.5300,46.7100,46.3600,46.6800,36.0312,511000
2010-12-13,46.9300,46.9300,46.6100,46.6100,35.9771,564900
2010-12-14,46.7000,46.8500,46.4900,46.6100,35.9771,994500
2010-12-15,46.5600,46.7800,46.3300,46.4200,35.8305,543800
2010-12-16,46.4200,46.7700,46.2900,46.7500,36.0852,3639100
2010-12-17,46.6600,46.8400,46.3900,46.7900,36.2176,561000
2010-12-20,47.0100,47.0300,46.6900,46.9400,36.3337,530700
2010-12-21,47.1300,47.3400,47.0500,47.2700,36.5891,1027400
2010-12-22,47.3600,47.4100,47.2600,47.3800,36.6742,694200
2010-12-23,47.3600,47.3800,47.1600,47.2700,36.5891,457100
2010-12-27,47.1900,47.3200,47.0000,47.3000,36.6123,454200
2010-12-28,47.3000,47.3900,47.1500,47.3000,36.6123,265300
2010-12-29,47.3900,47.4300,47.3200,47.3200,36.6278,2191900
2010-12-30,47.3300,47.4200,47.2200,47.3400,36.6433,420800
2010-12-31,47.3000,47.3800,47.1600,47.3100,36.6200,548100
2011-01-03,47.7200,47.9900,47.6500,47.7900,36.9916,950100
2011-01-04,47.9800,47.9800,47.2900,47.5600,36.8136,1846400
2011-01-05,47.4000,47.8400,47.2900,47.8100,37.0071,864200
2011-01-06,47.9200,47.9200,47.6000,47.7100,36.9297,487400
2011-01-07,47.8300,47.9100,47.2400,47.6200,36.8600,1046200
2011-01-10,47.4300,47.6800,47.2200,47.6000,36.8445,716400
2011-01-11,47.8400,47.9400,47.6300,47.8300,37.0226,1179200
2011-01-12,48.1500,48.3100,48.0300,48.2700,37.3631,493800
2011-01-13,48.3100,48.3400,48.1000,48.2100,37.3167,618600
2011-01-14,48.1700,48.5600,48.1000,48.4900,37.5334,598900
2011-01-18,48.5800,48.7300,48.5000,48.7000,37.6960,510400
2011-01-19,48.6900,48.6900,47.9200,48.0600,37.2006,518600
2011-01-20,47.9200,48.0700,47.6000,47.9600,37.1232,1003000
2011-01-21,48.2800,48.3700,47.9400,47.9700,37.1309,470300
2011-01-24,47.9900,48.3600,47.9400,48.2800,37.3709,649100
2011-01-25,48.2100,48.3000,47.8900,48.2500,37.3477,502700
2011-01-26,48.3600,48.7100,48.3300,48.6100,37.6263,730000
2011-01-27,48.6400,48.8900,48.6000,48.8400,37.8044,1237800
2011-01-28,48.8600,48.9600,47.8300,47.8700,37.0535,988700
2011-01-31,47.9800,48.3800,47.9800,48.3100,37.3941,678600
2011-02-01,48.6300,49.0900,48.5800,49.0000,37.9282,579400
2011-02-02,48.9000,49.0800,48.8400,48.9100,37.8585,449300
2011-02-03,48.9700,49.2100,48.6300,49.1700,38.0598,612200
2011-02-04,49.3000,49.4400,49.0300,49.4000,38.2378,669100
2011-02-07,49.5500,49.9000,49.5000,49.7200,38.4855,1136000
2011-02-08,49.7900,49.9400,49.5800,49.9300,38.6481,668000
2011-02-09,49.8300,49.9500,49.6000,49.8100,38.5552,537100
2011-02-10,49.5900,50.0300,49.5000,49.9500,38.6635,653100
2011-02-11,49.8400,50.3900,49.7400,50.3400,38.9654,570100
2011-02-14,50.4000,50.4300,50.2300,50.4200,39.0273,668800
2011-02-15,50.3200,50.3400,50.1000,50.2400,38.8880,1625200
2011-02-16,50.4700,50.7200,50.4100,50.6500,39.2054,718200
2011-02-17,50.4400,50.9400,50.4400,50.8900,39.3911,949800
2011-02-18,50.8900,51.0500,50.7900,50.9500,39.4376,599600
2011-02-22,50.4200,50.7800,49.6500,49.7500,38.5087,1474700
2011-02-23,49.7400,49.8800,48.8800,49.3000,38.1604,989200
2011-02-24,49.2400,49.5600,48.8100,49.3200,38.1759,15598900
2011-02-25,49.5100,50.0400,49.5100,50.0100,38.7100,740800
2011-02-28,50.2800,50.3300,49.9400,50.2500,38.8958,808800
2011-03-01,50.5000,50.5000,49.3400,49.3700,38.2146,777500
2011-03-02,49.3300,49.7400,49.2200,49.5200,38.3307,726800
2011-03-03,50.0200,50.4700,49.9800,50.4200,39.0273,1071600
2011-03-04,50.4300,50.4300,49.7300,50.0900,38.7719,1023700
2011-03-07,50.3500,50.3600,49.3000,49.6000,38.3926,552700
2011-03-08,49.7300,50.2400,49.4200,50.0600,38.7487,2025500
2011-03-09,50.0200,50.1200,49.6400,49.9700,38.6790,468700
2011-03-10,49.5000,49.5000,48.9800,49.0100,37.9360,856900
2011-03-11,48.8200,49.6200,48.8200,49.4700,38.2920,1232800
2011-03-14,49.1000,49.3700,48.8000,49.1600,38.0520,988600
2011-03-15,48.0000,48.9900,47.7100,48.7100,37.7037,2527300
2011-03-16,48.5800,48.8000,47.5600,47.9000,37.0767,2184600
2011-03-17,48.6100,48.7000,48.2100,48.4200,37.4793,848800
2011-03-18,48.9100,48.9100,48.3700,48.5100,37.7046,805200
2011-03-21,49.1100,49.3200,49.0100,49.2200,38.2565,1044000
2011-03-22,49.2600,49.3000,48.9600,48.9900,38.0777,1572800
2011-03-23,48.8500,49.3000,48.6100,49.1800,38.2254,422500
2011-03-24,49.4200,49.7700,49.1900,49.7100,38.6374,450000
2011-03-25,49.8200,50.1200,49.7100,49.8900,38.7773,660900
2011-03-28,50.0300,50.1000,49.6900,49.6900,38.6218,913000
2011-03-29,49.6700,50.0500,49.4600,50.0300,38.8861,1956200
2011-03-30,50.3800,50.5700,50.2500,50.5000,39.2514,778200
2011-03-31,50.4400,50.5700,50.3300,50.4600,39.2203,413200
2011-04-01,50.8000,50.9500,50.5900,50.7200,39.4224,561400
2011-04-04,50.8800,50.9300,50.5600,50.7300,39.4302,1284200
2011-04-05,50.6700,51.1000,50.6600,50.8600,39.5312,496900
2011-04-06,51.0300,51.1700,50.7600,50.9700,39.6167,841000
2011-04-07,50.9500,51.0900,50.6000,50.8600,39.5312,838400
2011-04-08,51.0700,51.1100,50.3500,50.5500,39.2903,389800
2011-04-11,50.6100,50.7700,50.2300,50.3500,39.1348,347700
2011-04-12,50.1200,50.2200,49.8400,50.0200,38.8783,1065000
2011-04-13,50.2800,50.3500,49.8600,50.0700,38.9172,465300
2011-04-14,49.7900,50.2000,49.6000,50.1300,38.9638,581700
2011-04-15,50.2200,50.5300,50.1200,50.4600,39.2203,414300
2011-04-18,49.8800,49.9500,49.4900,49.8300,38.7306,595600
2011-04-19,49.9700,50.1200,49.7900,50.0900,38.9327,540200
2011-04-20,50.7500,50.9700,50.7300,50.8800,39.5467,2453000
2011-04-21,51.2100,51.2100,50.9400,51.1600,39.7644,449200
2011-04-25,51.2000,51.2000,50.9200,51.0900,39.7100,533000
2011-04-26,51.2800,51.6200,51.2100,51.5000,40.0286,755400
2011-04-27,51.6400,51.8300,51.3600,51.7600,40.2307,687500
2011-04-28,51.7300,52.0000,51.7100,51.9400,40.3706,551700
2011-04-29,51.9900,52.0800,51.8700,52.0400,40.4484,475000
2011-05-02,52.2800,52.3300,51.8500,51.9400,40.3706,736900
2011-05-03,51.7800,51.9000,51.3900,51.6500,40.1452,477400
2011-05-04,51.6300,51.6300,51.0100,51.2800,39.8576,721000
2011-05-05,51.0400,51.5000,50.7900,51.0200,39.6556,636200
2011-05-06,51.5500,51.7900,51.0200,51.2300,39.8188,395200
2011-05-09,51.2900,51.6100,51.1700,51.5000,40.0286,315500
2011-05-10,51.7100,52.1500,51.6500,52.0700,40.4717,637100
2011-05-11,52.0200,52.0200,51.2700,51.5200,40.0442,432000
2011-05-12,51.4200,51.9400,51.1500,51.8600,40.3085,531000
2011-05-13,51.9300,51.9500,51.2800,51.4300,39.9742,505500
2011-05-16,51.3000,51.6900,51.0500,51.1300,39.7411,483800
2011-05-17,50.9500,51.1400,50.6500,51.0400,39.6711,1600200
2011-05-18,51.1100,51.6400,51.0000,51.5700,40.0831,656900
2011-05-19,51.8100,51.8300,51.4100,51.7000,40.1841,441800
2011-05-20,51.6200,51.6400,51.1600,51.3400,39.9043,604300
2011-05-23,50.6400,50.8500,50.5100,50.6600,39.3758,635300
2011-05-24,50.8500,50.9400,50.4600,50.5800,39.3136,953900
2011-05-25,50.3100,50.9400,50.2900,50.7500,39.4457,423100
2011-05-26,50.6300,51.1200,50.5000,51.0300,39.6633,375500
2011-05-27,51.1600,51.3900,51.1100,51.2800,39.8576,526300
2011-05-31,51.7800,51.7800,51.3200,51.7200,40.1996,550000
2011-06-01,51.6600,51.6600,50.4700,50.5000,39.2514,489200
2011-06-02,50.5900,50.7100,50.1600,50.4500,39.2125,557000
2011-06-03,49.8700,50.2700,49.7500,49.8200,38.7229,830200
2011-06-06,49.6400,49.7900,49.1600,49.1800,38.2254,1676200
2011-06-07,49.5000,49.7000,49.2700,49.3000,38.3187,1670500
2011-06-08,49.1800,49.2500,48.8600,48.9400,38.0389,974500
2011-06-09,49.0500,49.5000,48.9500,49.3000,38.3187,589600
2011-06-10,49.1500,49.1500,48.4900,48.5700,37.7513,856900
2011-06-13,48.6800,48.8500,48.3000,48.5400,37.7280,1086200
2011-06-14,49.0200,49.4600,49.0100,49.3200,38.3342,662700
2011-06-15,48.9700,49.0900,48.3300,48.4400,37.6502,1018100
2011-06-16,48.4400,48.7500,48.0600,48.4400,37.6502,1550200
2011-06-17,48.7100,48.8200,48.3500,48.4900,37.8140,810300
2011-06-20,48.3700,48.9300,48.3700,48.8200,38.0714,746000
2011-06-21,49.1000,49.6700,49.0600,49.6000,38.6796,2701900
2011-06-22,49.4900,49.7600,49.2800,49.3200,38.4613,1595800
2011-06-23,48.6800,49.2500,48.3400,49.2200,38.3833,1492100
2011-06-24,49.2600,49.2700,48.6000,48.6800,37.9622,421800
2011-06-27,48.6900,49.1700,48.5500,49.0100,38.2195,563500
2011-06-28,49.2100,49.7400,49.1600,49.7100,38.7654,1066500
2011-06-29,49.9900,50.2600,49.7400,50.1500,39.1085,825000
2011-06-30,50.3400,50.7000,50.2600,50.6200,39.4751,881800
2011-07-01,50.6500,51.4800,50.5500,51.3900,40.0755,1035200
2011-07-05,51.3700,51.4200,51.0700,51.2700,39.9820,1647900
2011-07-06,51.2000,51.3500,50.9700,51.3000,40.0053,2065300
2011-07-07,51.8100,52.0400,51.7200,51.9200,40.4888,1743300
2011-07-08,51.3500,51.4600,51.0300,51.4600,40.1301,1100800
2011-07-11,50.8900,50.9300,50.2400,50.3700,39.2801,678200
2011-07-12,50.2000,50.6300,50.0800,50.1600,39.1163,1517300
2011-07-13,50.3300,50.8500,50.1600,50.2700,39.2021,880400
2011-07-14,50.3600,50.5700,49.6600,49.7600,38.8044,868200
2011-07-15,50.0600,50.0600,49.6400,50.0400,39.0227,588800
2011-07-18,49.8400,49.8600,49.1200,49.4400,38.5549,538700
2011-07-19,49.7900,50.3700,49.7900,50.3100,39.2333,423600
2011-07-20,50.4900,50.5000,50.1600,50.2900,39.2177,621500
2011-07-21,50.5600,51.0800,50.4400,50.9500,39.7324,1408500
2011-07-22,50.9800,51.0800,50.6600,51.0000,39.7714,808300
2011-07-25,50.4900,50.9400,50.4300,50.6800,39.5218,536200
2011-07-26,50.6800,50.7000,50.3400,50.4500,39.3425,721900
2011-07-27,50.1700,50.2100,49.2200,49.2500,38.4067,1034200
2011-07-28,49.2400,49.6900,48.9600,49.0300,38.2351,1213000
2011-07-29,48.6000,49.2400,48.2700,48.7900,38.0480,954100
2011-08-01,49.6600,49.6600,48.0000,48.4200,37.7594,1606300
2011-08-02,48.0500,48.2900,46.9500,46.9500,36.6131,2396800
2011-08-03,46.9600,47.2500,46.0800,47.2400,36.8392,5647500
2011-08-04,46.5600,46.5600,44.7200,44.7400,34.8896,3448200
2011-08-05,45.4200,45.5000,43.3700,44.5700,34.7571,3477800
2011-08-08,43.2700,43.7600,41.1900,41.3000,32.2070,4469300
2011-08-09,41.7300,43.4000,40.7000,43.3900,33.8369,4033500
2011-08-10,42.5500,43.0900,41.4800,41.5300,32.3864,2628300
2011-08-11,41.9300,44.2100,41.7400,43.6600,34.0474,1865700
2011-08-12,44.1100,44.3400,43.5600,43.9000,34.2346,2156400
2011-08-15,44.3200,44.9800,44.2800,44.9700,35.0690,1897100
2011-08-16,44.5500,44.9200,43.9900,44.4400,34.6557,1233500
2011-08-17,44.6500,45.0500,44.0000,44.3600,34.5933,1345600
2011-08-18,43.1500,43.1500,41.8300,42.2100,32.9167,2700700
2011-08-19,41.6000,42.7700,41.4700,41.5100,32.3708,1370900
2011-08-22,42.2900,42.5500,41.4200,41.5700,32.4176,922500
2011-08-23,41.7100,43.0800,41.4800,43.0800,33.5951,1333200
2011-08-24,43.0200,43.7800,42.8300,43.7300,34.1020,1436400
2011-08-25,43.9300,44.2100,42.7800,42.9000,33.4548,878800
2011-08-26,42.6500,43.9000,41.9700,43.6700,34.0552,985000
2011-08-29,44.2900,45.2100,44.2400,45.1800,35.2328,686300
2011-08-30,45.0200,45.7000,44.6400,45.3700,35.3809,2161300
2011-08-31,45.7100,46.2000,45.3100,45.6900,35.6305,2297800
2011-09-01,45.6600,46.0800,45.0200,45.0600,35.1392,1590900
2011-09-02,44.1600,44.3200,43.6400,43.7500,34.1176,1867400
2011-09-06,42.5300,43.5000,42.3700,43.4600,33.8915,910700
2011-09-07,44.1000,44.9200,44.0400,44.9100,35.0222,595900
2011-09-08,44.5900,45.0800,44.1800,44.3100,34.5543,2198600
2011-09-09,43.8200,43.9700,42.8300,43.1000,33.6107,845200
2011-09-12,42.5000,43.4100,42.3500,43.3700,33.8213,1014200
2011-09-13,43.4700,44.0400,43.1900,43.8900,34.2268,1344400
2011-09-14,44.1400,45.0900,43.4800,44.5700,34.7571,789700
2011-09-15,45.0900,45.3400,44.5900,45.3100,35.3342,976400
2011-09-16,45.3100,45.6100,44.9400,45.3300,35.4829,664400
2011-09-19,44.4700,45.0000,44.1700,44.7400,35.0210,1045300
2011-09-20,44.9200,45.3800,44.5100,44.5500,34.8723,914700
2011-09-21,44.5400,44.6800,42.9700,42.9700,33.6355,845400
2011-09-22,41.8100,42.0900,40.9300,41.5400,32.5162,3336800
2011-09-23,41.2500,42.1000,41.2100,41.8300,32.7432,2802100
2011-09-26,42.3100,42.9300,41.5400,42.8700,33.5573,1071400
2011-09-27,43.8900,44.2800,43.1900,43.4500,34.0113,1090000
2011-09-28,43.5100,43.7000,42.2300,42.2500,33.0720,843500
2011-09-29,42.9700,43.2400,41.7600,42.6000,33.3459,1206900
2011-09-30,42.0200,42.2800,41.3800,41.4000,32.4066,851200
2011-10-03,41.0800,41.6700,39.8900,39.8900,31.2246,2085400
2011-10-04,39.4600,41.1500,39.0300,41.0600,32.1405,3600000
2011-10-05,41.1900,42.1200,40.8200,41.9900,32.8684,1813100
2011-10-06,41.9600,43.0000,41.7000,42.9600,33.6277,1677700
2011-10-07,43.3000,43.3000,42.2000,42.4800,33.2520,1283500
2011-10-10,43.2400,43.9600,43.1400,43.9600,34.4105,641000
2011-10-11,43.6800,44.1400,43.6000,44.0200,34.4574,789100
2011-10-12,44.3800,45.0400,44.2800,44.4900,34.8254,1714700
2011-10-13,44.2400,44.5500,43.7400,44.3600,34.7236,845300
2011-10-14,44.9700,45.1500,44.5700,45.1300,35.3263,1030200
2011-10-17,44.9800,44.9800,43.9900,44.1000,34.5201,926600
2011-10-18,44.0700,45.5000,43.6200,45.1500,35.3420,908800
2011-10-19,45.0600,45.3800,44.4200,44.5800,34.8958,1550900
2011-10-20,44.7700,44.9500,43.9900,44.7900,35.0602,959500
2011-10-21,45.4500,45.9100,45.3800,45.8700,35.9056,1856100
2011-10-24,46.0100,46.8600,45.9400,46.7300,36.5788,7201400
2011-10-25,46.4500,46.5000,45.5700,45.6700,35.7490,3560200
2011-10-26,46.1900,46.3800,45.3100,46.1700,36.1404,1157900
2011-10-27,47.6400,48.4000,47.1600,48.0400,37.6042,4181300
2011-10-28,47.8900,48.1800,47.7500,48.0700,37.6277,2019100
2011-10-31,47.5700,47.5900,46.7500,46.8100,36.6414,2122800
2011-11-01,45.4500,46.0000,45.0600,45.3600,35.5064,8451600
2011-11-02,46.0500,46.4200,45.6900,46.2200,36.1795,4921500
2011-11-03,46.7100,47.2600,45.9600,47.1400,36.8997,889400
2011-11-04,46.8200,47.0900,46.2900,46.9600,36.7588,834200
2011-11-07,46.9500,47.2100,46.3400,47.1800,36.9310,569100
2011-11-08,47.3600,47.7800,46.8400,47.7100,37.3458,912400
2011-11-09,46.5700,46.6900,45.6700,45.7500,35.8116,1014600
2011-11-10,46.4700,46.4800,45.7200,46.1600,36.1326,632600
2011-11-11,46.8500,47.3400,46.7300,47.1800,36.9310,667000
2011-11-14,47.0000,47.0900,46.4900,46.7500,36.5944,345700
2011-11-15,46.5400,47.1800,46.3000,46.9500,36.7510,646200
2011-11-16,46.4600,47.0300,46.1000,46.1400,36.1169,326600
2011-11-17,46.0500,46.1300,44.9500,45.2700,35.4359,1266900
2011-11-18,45.4200,45.5200,45.0000,45.1800,35.3654,1153100
2011-11-21,44.4300,44.5900,43.9200,44.3500,34.7158,1423700
2011-11-22,44.3000,44.5000,43.8400,44.1000,34.5201,546800
2011-11-23,43.6900,43.6900,43.0400,43.0500,33.6982,1564000
2011-11-25,42.8900,43.4600,42.0700,42.9600,33.6277,621500
2011-11-28,44.2000,44.5300,43.9600,44.3100,34.6844,1760400
2011-11-29,44.3900,44.7300,44.2300,44.4000,34.7549,980900
2011-11-30,45.7600,46.4500,45.7200,46.4000,36.3204,858400
2011-12-01,46.3900,46.6800,46.1900,46.3700,36.2970,706300
2011-12-02,46.8400,47.0000,46.2500,46.3200,36.2578,749500
2011-12-05,47.0600,47.2900,46.6000,46.8700,36.6883,687100
2011-12-06,46.9300,47.1200,46.6100,46.8400,36.6648,1079400
2011-12-07,46.7000,47.0700,46.2000,46.9000,36.7118,499600
2011-12-08,46.5400,46.6100,45.6100,45.7200,35.7882,614100
2011-12-09,45.8400,46.6900,45.8400,46.5800,36.4613,409500
2011-12-12,46.2300,46.2300,45.4500,45.8500,35.8899,535900
2011-12-13,46.0600,46.3000,44.9400,45.1600,35.3498,2512700
2011-12-14,44.9400,45.1200,44.5400,44.6400,34.9428,1109300
2011-12-15,45.1000,45.2500,44.7400,44.8500,35.1071,923300
2011-12-16,44.9400,45.3300,44.6500,44.7800,35.1983,381300
2011-12-19,44.9000,45.0700,44.0500,44.1600,34.7110,419500
2011-12-20,44.8500,45.7200,44.8500,45.6200,35.8586,606300
2011-12-21,45.6200,45.8500,45.1800,45.7900,35.9922,591300
2011-12-22,45.9900,46.3800,45.8600,46.3100,36.4009,779600
2011-12-23,46.4100,46.6800,46.3400,46.6800,36.6918,527200
2011-12-27,46.5300,46.7700,46.4700,46.6600,36.6761,550100
2011-12-28,46.6300,46.6500,45.9200,46.0000,36.1573,433500
2011-12-29,46.0700,46.5400,46.0700,46.4900,36.5424,515700
2011-12-30,46.5100,46.5600,46.2800,46.2800,36.3774,709500
2012-01-03,47.1400,47.4300,46.9500,46.9900,36.9354,632100
2012-01-04,46.8900,47.0500,46.6100,46.9500,36.9040,960900
2012-01-05,46.7600,47.2300,46.4200,47.1400,37.0533,880500
2012-01-06,47.2600,47.2600,46.8800,47.0800,37.0062,835400
2012-01-09,47.1500,47.3000,46.9600,47.2100,37.1084,353300
2012-01-10,47.8100,47.9100,47.7200,47.8200,37.5879,553800
2012-01-11,47.7400,47.9600,47.6000,47.8900,37.6429,1061200
2012-01-12,48.0800,48.1500,47.6200,48.0900,37.8001,659200
2012-01-13,47.8000,47.8100,47.3700,47.8000,37.5721,618200
2012-01-17,48.2800,48.3300,47.8100,47.9000,37.6507,594100
2012-01-18,47.9600,48.6200,47.8100,48.6000,38.2009,443000
2012-01-19,48.8000,49.0600,48.6800,48.9700,38.4918,1474200
2012-01-20,48.8600,48.9300,48.7300,48.9100,38.4446,514900
2012-01-23,48.9400,49.2500,48.7200,48.9400,38.4682,779700
2012-01-24,48.7400,49.0400,48.5600,49.0200,38.5311,641500
2012-01-25,48.9400,49.6000,48.7000,49.5100,38.9162,1214200
2012-01-26,49.7700,49.8700,48.9700,49.1800,38.6568,1186600
2012-01-27,48.9800,49.3300,48.9300,49.2000,38.6726,407300
2012-01-30,48.7800,48.9900,48.4800,48.9200,38.4525,452500
2012-01-31,49.2000,49.2900,48.6600,48.9100,38.4446,517300
2012-02-01,49.3200,49.7500,49.2600,49.5500,38.9477,680500
2012-02-02,49.6400,49.7600,49.4400,49.6200,39.0027,556300
2012-02-03,50.1000,50.5000,50.0800,50.4400,39.6472,954000
2012-02-06,50.2300,50.4000,50.1500,50.3600,39.5844,380200
2012-02-07,50.2900,50.5500,50.0200,50.4600,39.6629,428700
2012-02-08,50.4200,50.7100,50.3000,50.6200,39.7887,481600
2012-02-09,50.6300,50.7900,50.3200,50.6800,39.8359,518400
2012-02-10,50.2600,50.3500,50.0300,50.2900,39.5294,641100
2012-02-13,50.6600,50.7100,50.3300,50.5900,39.7651,495500
2012-02-14,50.4700,50.5500,50.1800,50.5100,39.7023,359300
2012-02-15,50.7800,50.8100,50.2600,50.3600,39.5844,1383800
2012-02-16,50.3500,51.0600,50.3200,50.9900,40.0796,453800
2012-02-17,51.2400,51.2600,50.9600,51.1300,40.1896,258900
2012-02-21,51.2100,51.3200,50.8300,50.9800,40.0717,454800
2012-02-22,50.8700,51.0300,50.6600,50.7500,39.8909,611400
2012-02-23,50.7500,51.0900,50.5600,51.0500,40.1267,398800
2012-02-24,51.1100,51.3100,51.0400,51.1100,40.1739,428200
2012-02-27,50.8100,51.3300,50.6700,51.1700,40.2210,449900
2012-02-28,51.2000,51.3400,51.0200,51.2200,40.2603,346500
2012-02-29,51.2900,51.4000,50.8200,50.8700,39.9852,679500
2012-03-01,51.0300,51.3100,50.9800,51.1800,40.2289,620700
2012-03-02,51.1100,51.2600,50.8300,50.9400,40.0403,222600
2012-03-05,50.7900,50.8400,50.4600,50.6200,39.7887,608000
2012-03-06,50.0700,50.0900,49.6300,49.7400,39.0970,945400
2012-03-07,49.9100,50.2300,49.8400,50.1500,39.4193,449700
2012-03-08,50.4800,50.8500,50.3600,50.7500,39.8909,406900
2012-03-09,50.8900,51.2400,50.8200,51.0900,40.1582,638800
2012-03-12,51.0900,51.1500,50.8300,50.9600,40.0560,204900
2012-03-13,51.2300,51.9500,51.1800,51.9200,40.8106,398000
2012-03-14,52.0100,52.0600,51.6400,51.7900,40.7084,526300
2012-03-15,51.8100,52.2500,51.6700,52.2100,41.0385,444100
2012-03-16,52.1300,52.1900,52.0000,52.0900,41.0866,401800
2012-03-19,52.0500,52.4300,52.0000,52.2300,41.1971,473700
2012-03-20,51.8900,52.0300,51.6800,51.9700,40.9920,424700
2012-03-21,52.0200,52.0800,51.7800,51.9100,40.9446,762400
2012-03-22,51.5100,51.6200,51.2600,51.4600,40.5897,429700
2012-03-23,51.5300,51.7100,51.1400,51.6700,40.7553,642400
2012-03-26,52.0600,52.3400,52.0500,52.3200,41.2680,348700
2012-03-27,52.4400,52.4800,52.1600,52.2000,41.1734,607000
2012-03-28,52.1300,52.2000,51.4700,51.7700,40.8342,345000
2012-03-29,51.4600,51.7800,51.2000,51.7200,40.7948,522800
2012-03-30,51.9800,52.0300,51.6000,51.8700,40.9131,362400
2012-04-02,51.8200,52.4500,51.7100,52.2700,41.2286,657300
2012-04-03,52.2200,52.3000,51.7300,52.0800,41.0787,813500
2012-04-04,51.6300,51.7000,51.3200,51.4800,40.6055,544500
2012-04-05,51.2900,51.5700,51.2300,51.3300,40.4872,531600
2012-04-09,50.6500,50.8200,50.5000,50.6600,39.9587,496200
2012-04-10,50.5200,50.6800,49.6900,49.7300,39.2251,2312500
2012-04-11,50.2700,50.4100,50.1400,50.1900,39.5880,817400
2012-04-12,50.2600,51.0600,50.2200,51.0100,40.2348,481700
2012-04-13,50.8700,50.9700,50.4100,50.4100,39.7615,423600
2012-04-16,50.7200,50.8000,50.2000,50.4200,39.7694,741200
2012-04-17,50.7400,51.2700,50.6800,51.1300,40.3294,375300
2012-04-18,50.8500,51.0700,50.8200,50.9200,40.1638,409400
2012-04-19,50.8700,51.2400,50.4700,50.7100,39.9981,400500
2012-04-20,50.9000,51.0900,50.7800,50.8000,40.0691,1765800
2012-04-23,50.2100,50.3200,49.9100,50.2600,39.6432,440800
2012-04-24,50.2500,50.5700,50.2200,50.4500,39.7931,499500
2012-04-25,50.8300,51.0900,50.7400,51.0700,40.2821,470500
2012-04-26,50.9100,51.5500,50.8200,51.4800,40.6055,495800
2012-04-27,51.6300,51.7500,51.3100,51.6300,40.7238,584200
2012-04-30,51.5300,51.5600,51.3200,51.4800,40.6055,1976600
2012-05-01,51.4800,52.1600,51.3500,51.8100,40.8658,471800
2012-05-02,51.5000,51.7300,51.3200,51.6700,40.7553,327200
2012-05-03,51.6500,51.6800,51.0500,51.1500,40.3452,543000
2012-05-04,50.9100,50.9100,50.2600,50.3400,39.7063,1037700
2012-05-07,50.1100,50.4700,50.0100,50.2900,39.6669,614000
2012-05-08,50.0000,50.0600,49.3000,50.0000,39.4381,1224600
2012-05-09,49.4200,50.1100,49.2100,49.7900,39.2725,561600
2012-05-10,50.2200,50.2200,49.7400,49.8200,39.2961,705800
2012-05-11,49.5000,50.2000,49.5000,49.7600,39.2488,326800
2012-05-14,49.2500,49.5300,49.0800,49.1700,38.7834,709100
2012-05-15,49.0900,49.3700,48.7200,48.8200,38.5074,686500
2012-05-16,48.9900,49.2400,48.4700,48.5000,38.2550,842500
2012-05-17,48.5100,48.5400,47.5500,47.5500,37.5056,1407100
2012-05-18,47.7500,47.8400,47.0100,47.1000,37.1507,1544800
2012-05-21,47.1900,48.0700,47.1800,48.0400,37.8921,1296600
2012-05-22,48.2000,48.5400,47.8300,48.1300,37.9631,796400
2012-05-23,47.7300,48.3500,47.3500,48.2900,38.0893,755000
2012-05-24,48.3900,48.4300,47.9000,48.3400,38.1288,491700
2012-05-25,48.3400,48.5400,48.2000,48.3400,38.1288,448900
2012-05-29,48.6500,49.0400,48.5800,48.9300,38.5941,445300
2012-05-30,48.4900,48.5800,47.9800,48.0400,37.8921,298700
2012-05-31,48.0300,48.2300,47.3800,47.8800,37.7659,660400
2012-06-01,47.0100,47.1700,46.5200,46.5500,36.7169,1094600
2012-06-04,46.5500,46.7700,46.0300,46.4500,36.6380,2131400
2012-06-05,46.3500,47.0200,46.2700,46.9100,37.0008,691000
2012-06-06,47.2500,48.0400,47.2500,48.0300,37.8842,433100
2012-06-07,48.6500,48.6900,47.8800,47.9800,37.8448,869600
2012-06-08,47.9000,48.3700,47.6400,48.3500,38.1367,529200
2012-06-11,48.7900,48.8400,47.5700,47.6100,37.5530,374500
2012-06-12,47.7600,48.2100,47.5000,48.1700,37.9947,323400
2012-06-13,48.0200,48.2700,47.5900,47.7400,37.6555,205400
2012-06-14,47.9200,48.3900,47.7100,48.2200,38.0341,430600
2012-06-15,48.1300,48.6200,48.1300,48.5700,38.4713,244700
2012-06-18,48.4300,48.8100,48.2500,48.7000,38.5743,441500
2012-06-19,48.9400,49.5000,48.9300,49.2900,39.0416,476600
2012-06-20,49.2900,49.5200,48.8800,49.2300,38.9941,1014800
2012-06-21,49.3000,49.3300,47.9400,47.9600,37.9882,597000
2012-06-22,48.1400,48.4400,47.9800,48.3200,38.2733,219800
2012-06-25,47.7600,47.7800,47.2500,47.4600,37.5921,300500
2012-06-26,47.5600,47.8700,47.2900,47.7200,37.7981,220000
2012-06-27,47.8500,48.3100,47.8100,48.1700,38.1545,408400
2012-06-28,47.9000,48.2300,47.5800,48.1900,38.1704,337000
2012-06-29,49.2100,49.5400,49.0200,49.5200,39.2238,529300
2012-07-02,49.7400,49.7600,49.2700,49.6400,39.3189,684600
2012-07-03,49.6500,50.1400,49.6000,50.0900,39.6753,407200
2012-07-05,49.8800,50.1200,49.6200,49.8800,39.5090,553600
2012-07-06,49.3900,49.4200,49.0600,49.3300,39.0733,386000
2012-07-09,49.2300,49.3200,48.8600,49.0500,38.8515,389600
2012-07-10,49.2800,49.4400,48.3400,48.5300,38.4397,364600
2012-07-11,48.4600,48.7300,48.2600,48.5400,38.4476,256000
2012-07-12,48.1700,48.4500,47.8200,48.2600,38.2258,2191000
2012-07-13,48.2500,49.0900,48.2500,49.0300,38.8357,335300
2012-07-16,48.8800,49.0200,48.6200,48.8400,38.6852,258100
2012-07-17,49.0400,49.2700,48.5100,49.1900,38.9624,254200
2012-07-18,49.0800,49.8000,49.0600,49.6200,39.3030,285300
2012-07-19,49.7700,49.9600,49.5500,49.7800,39.4298,375200
2012-07-20,49.5000,49.5500,49.1600,49.2300,38.9941,333500
2012-07-23,48.4900,48.8000,48.2000,48.6400,38.5268,462200
2012-07-24,48.6900,48.6900,47.7800,48.1100,38.1070,470100
2012-07-25,48.2100,48.4500,47.8900,48.1300,38.1228,463700
2012-07-26,48.8500,49.0900,48.5900,48.9700,38.7882,355300
2012-07-27,49.2900,50.1700,49.2000,49.9900,39.5961,386200
2012-07-30,49.9400,50.1700,49.7200,49.9400,39.5565,293300
2012-07-31,49.9100,50.0000,49.5800,49.5800,39.2713,513800
2012-08-01,49.8900,49.8900,49.3500,49.4000,39.1288,322500
2012-08-02,48.9500,49.4300,48.6200,49.0200,38.8278,1569700
2012-08-03,49.7400,50.1900,49.7400,50.0500,39.6436,762500
2012-08-06,50.3200,50.4500,50.2200,50.2900,39.8337,405800
2012-08-07,50.4400,51.0200,50.4400,50.7900,40.2298,496200
2012-08-08,50.5700,50.9600,50.5700,50.9300,40.3406,266800
2012-08-09,50.7900,51.1100,50.7900,51.0100,40.4040,192700
2012-08-10,50.7600,51.1100,50.7100,51.0800,40.4595,214600
2012-08-13,51.0000,51.1000,50.7200,51.0200,40.4119,161200
2012-08-14,51.1700,51.2800,50.7800,50.9200,40.3327,338200
2012-08-15,50.8200,51.1800,50.8200,51.1100,40.4832,213900
2012-08-16,51.2300,51.6100,51.0800,51.5500,40.8317,464800
2012-08-17,51.5900,51.7000,51.5300,51.6500,40.9109,220900
2012-08-20,51.6000,51.6300,51.3300,51.6000,40.8713,160500
2012-08-21,51.7100,52.0000,51.4300,51.5500,40.8317,385900
2012-08-22,51.3600,51.5600,51.1800,51.4800,40.7763,295000
2012-08-23,51.3300,51.3500,50.8800,51.0100,40.4040,255600
2012-08-24,50.8600,51.3600,50.7900,51.2800,40.6179,370200
2012-08-27,51.3600,51.4400,51.1400,51.1800,40.5387,222900
2012-08-28,51.1200,51.3600,51.0000,51.1500,40.5149,290700
2012-08-29,51.2300,51.3600,51.0300,51.2700,40.6100,196700
2012-08-30,51.0100,51.0300,50.7000,50.8700,40.2931,204100
2012-08-31,51.1600,51.3400,50.8500,51.1000,40.4753,341700
2012-09-04,51.0600,51.2300,50.7000,51.0600,40.4436,262100
2012-09-05,51.0700,51.1900,50.8700,51.0100,40.4040,182700
2012-09-06,51.3000,52.1400,51.3000,52.1100,41.2753,401100
2012-09-07,52.2500,52.4700,52.2100,52.4700,41.5605,584200
2012-09-10,52.4100,52.5700,52.2000,52.2000,41.3466,634400
2012-09-11,52.2600,52.6100,52.2500,52.4900,41.5763,1560500
2012-09-12,52.6700,52.7800,52.5300,52.6900,41.7347,414100
2012-09-13,52.6800,53.6100,52.4800,53.4600,42.3446,423000
2012-09-14,53.5900,54.2100,53.5900,53.8700,42.6694,1144600
2012-09-17,53.8000,53.8000,53.3600,53.4800,42.3605,294300
2012-09-18,53.4400,53.4400,53.1700,53.3100,42.2258,400600
2012-09-19,53.3500,53.5500,53.2300,53.4300,42.3209,204900
2012-09-20,53.2200,53.3100,52.8600,53.2900,42.2100,412100
2012-09-21,53.3100,53.3800,53.0400,53.0600,42.1925,238500
2012-09-24,52.8900,53.0200,52.7400,52.8900,42.0573,188700
2012-09-25,52.9500,53.0300,52.1500,52.2100,41.5166,1485800
2012-09-26,52.1300,52.1700,51.6500,51.8800,41.2541,300200
2012-09-27,52.0600,52.4800,51.9400,52.3500,41.6279,323700
2012-09-28,52.1800,52.3600,51.9100,52.1800,41.4927,466100
2012-10-01,52.4000,52.7800,52.1500,52.2500,41.5484,189800
2012-10-02,52.4500,52.5400,52.1300,52.3500,41.6279,144300
2012-10-03,52.5000,52.6300,52.1800,52.4600,41.7154,162400
2012-10-04,52.6700,52.9700,52.6000,52.9300,42.0891,326100
2012-10-05,53.2200,53.3700,52.8300,52.9700,42.1209,302800
2012-10-08,52.7500,52.9800,52.7300,52.8500,42.0255,344400
2012-10-09,52.8500,52.9000,52.3200,52.3500,41.6279,427300
2012-10-10,52.3300,52.3500,51.9100,51.9900,41.3416,144700
2012-10-11,52.2900,52.5700,52.2000,52.2100,41.5166,288900
2012-10-12,52.2200,52.3800,51.8600,51.9600,41.3178,212800
2012-10-15,52.0400,52.3900,51.8600,52.3400,41.6199,220800
2012-10-16,52.5500,52.9800,52.5500,52.9500,42.1050,381900
2012-10-17,53.0000,53.2900,52.9300,53.2400,42.3356,166200
2012-10-18,53.1800,53.4200,53.0600,53.2600,42.3515,393400
2012-10-19,53.1200,53.1200,52.2400,52.4100,41.6756,346400
2012-10-22,52.3500,52.5900,52.0000,52.3700,41.6438,287800
2012-10-23,51.7500,51.9500,51.3500,51.7500,41.1508,437600
2012-10-24,51.9500,52.0200,51.4300,51.5000,40.9520,233600
2012-10-25,51.8400,52.0000,51.3800,51.7000,41.1110,418800
2012-10-26,51.6700,51.8900,51.3500,51.6500,41.0713,171400
2012-10-31,51.8400,52.0300,51.5100,51.7500,41.1508,413400
2012-11-01,51.8800,52.4900,51.8100,52.4900,41.7392,248100
2012-11-02,52.7400,52.7700,51.9600,51.9800,41.3337,512100
2012-11-05,51.9000,52.2400,51.7600,52.1700,41.4848,268900
2012-11-06,52.3000,52.8100,52.2700,52.6300,41.8505,237100
2012-11-07,52.1300,52.1500,51.2300,51.5600,40.9997,673900
2012-11-08,51.4600,51.7000,50.8600,50.8800,40.4590,1119900
2012-11-09,50.6700,51.3700,50.6600,50.9100,40.4828,955000
2012-11-12,51.0100,51.0800,50.8100,50.9500,40.5146,552700
2012-11-13,50.6300,51.3100,50.6100,50.7900,40.3874,481400
2012-11-14,51.0000,51.0600,50.0000,50.1000,39.8387,684100
2012-11-15,50.1200,50.3500,49.8500,50.1000,39.8387,946300
2012-11-16,50.0700,50.4600,49.7900,50.3900,40.0693,938900
2012-11-19,50.9300,51.3000,50.8900,51.3000,40.7929,347500
2012-11-20,51.2100,51.3900,50.9400,51.3300,40.8168,275200
2012-11-21,51.3700,51.4600,51.2500,51.4500,40.9122,173900
2012-11-23,51.6400,52.0700,51.6200,52.0700,41.4052,132900
2012-11-26,51.8800,51.9500,51.6700,51.9200,41.2860,216800
2012-11-27,51.9100,52.0900,51.7000,51.7200,41.1269,214900
2012-11-28,51.5700,52.1800,51.2700,52.1800,41.4927,192400
2012-11-29,52.3200,52.5000,52.1100,52.3500,41.6279,658400
2012-11-30,52.4200,52.4800,52.2400,52.4100,41.6756,274400
2012-12-03,52.6800,52.7200,52.1200,52.1900,41.5007,449000
2012-12-04,52.1900,52.3200,51.9700,52.1400,41.4609,431900
2012-12-05,52.2600,52.5200,51.9300,52.3500,41.6279,591500
2012-12-06,52.3400,52.5200,52.2200,52.5000,41.7472,280200
2012-12-07,52.7400,52.8000,52.4900,52.7600,41.9539,380100
2012-12-10,52.6500,52.9400,52.6500,52.8800,42.0493,5067700
2012-12-11,53.0400,53.3400,52.9900,53.1800,42.2879,411100
2012-12-12,53.3100,53.5900,53.1400,53.2100,42.3117,1007600
2012-12-13,53.2100,53.3900,52.7900,52.9400,42.0970,444200
2012-12-14,52.8000,53.0200,52.7800,52.8400,42.0175,308600
2012-12-17,53.0100,53.4700,53.0100,53.4700,42.5185,546200
2012-12-18,53.5800,54.1700,53.4500,54.1400,43.0513,829100
2012-12-19,54.2400,54.2900,53.8600,53.8800,42.8445,547000
2012-12-20,53.9800,54.1600,53.7400,54.1400,43.0513,1059200
2012-12-21,53.3000,53.5100,53.1100,53.4500,42.7243,580300
2012-12-24,53.2500,53.3400,53.1800,53.2700,42.5805,191300
2012-12-26,53.3300,53.4200,52.9200,52.9700,42.3407,219900
2012-12-27,53.0200,53.0800,52.2700,52.8600,42.2527,653800
2012-12-28,52.5600,52.8300,52.3200,52.3200,41.8211,373900
2012-12-31,52.3100,53.3200,52.1800,53.3200,42.6204,620300
2013-01-02,54.3700,54.6000,54.1100,54.6000,43.6436,1072000
2013-01-03,54.5800,54.8700,54.4500,54.5700,43.6196,7143800
2013-01-04,54.7100,55.0500,54.5900,55.0100,43.9713,909200
2013-01-07,54.8500,54.8500,54.6100,54.8000,43.8034,700000
2013-01-08,54.6800,54.7000,54.3300,54.5700,43.6196,463800
2013-01-09,54.6200,54.8500,54.6200,54.7600,43.7715,863600
2013-01-10,54.9500,55.1100,54.7500,55.0900,44.0353,1172300
2013-01-11,55.1200,55.1500,54.8800,55.1100,44.0512,549500
2013-01-14,55.1100,55.1600,54.8800,55.1400,44.0752,443500
2013-01-15,54.9500,55.4000,54.8400,55.3700,44.2591,508000
2013-01-16,55.2400,55.3500,55.1300,55.2900,44.1951,466700
2013-01-17,55.5500,55.9200,55.4300,55.7800,44.5868,700400
2013-01-18,55.8300,55.9800,55.6100,55.9400,44.7147,341600
2013-01-22,55.9900,56.3500,55.8500,56.3500,45.0424,403100
2013-01-23,56.3900,56.3900,56.1200,56.2900,44.9944,514300
2013-01-24,56.3800,56.7800,56.3300,56.5400,45.1943,584100
2013-01-25,56.7400,56.9500,56.5900,56.9500,45.5220,693700
2013-01-28,56.9300,57.0100,56.6400,56.8200,45.4181,513500
2013-01-29,56.7900,57.0100,56.6500,56.9800,45.5460,577800
2013-01-30,56.9600,57.0900,56.7400,56.8100,45.4101,425300
2013-01-31,56.7700,56.9300,56.5900,56.7900,45.3941,319600
2013-02-01,57.1700,57.3700,57.0500,57.3100,45.8098,456900
2013-02-04,57.0400,57.1100,56.6500,56.7400,45.3541,788900
2013-02-05,57.0200,57.3700,56.9200,57.2200,45.7378,403700
2013-02-06,57.0800,57.4100,57.0000,57.4100,45.8897,778300
2013-02-07,57.4600,57.4600,56.8800,57.2900,45.7938,614100
2013-02-08,57.3000,57.6000,57.3000,57.5700,46.0176,358100
2013-02-11,57.6400,57.6400,57.4200,57.5900,46.0336,328200
2013-02-12,57.6500,57.8500,57.6000,57.7800,46.1855,287700
2013-02-13,57.9300,57.9900,57.6800,57.7900,46.1935,373300
2013-02-14,57.7100,57.9700,57.5900,57.9300,46.3053,341900
2013-02-15,58.0000,58.0400,57.6500,57.8800,46.2654,355000
2013-02-19,58.0200,58.2800,57.9400,58.2800,46.5851,1180900
2013-02-20,58.2500,58.2800,57.3100,57.3500,45.8417,689600
2013-02-21,57.2000,57.2000,56.6200,56.8200,45.4181,839000
2013-02-22,57.1100,57.4100,57.0500,57.3800,45.8657,536400
2013-02-25,57.7700,57.8200,56.2400,56.2400,44.9545,626300
2013-02-26,56.5900,56.6700,56.0700,56.6200,45.2582,839500
2013-02-27,56.5600,57.5800,56.5600,57.4100,45.8897,258000
2013-02-28,57.3600,57.8200,57.3400,57.3400,45.8338,780600
2013-03-01,57.2100,57.6300,56.8500,57.5800,46.0256,730600
2013-03-04,57.5900,57.8200,57.2800,57.8000,46.2015,578000
2013-03-05,58.0800,58.5200,58.0800,58.4100,46.6890,667500
2013-03-06,58.6200,58.7000,58.3900,58.4700,46.7370,458100
2013-03-07,58.5300,58.6800,58.5200,58.6400,46.8729,362500
2013-03-08,58.9400,59.0600,58.6300,59.0200,47.1766,671400
2013-03-11,59.0200,59.2300,58.9000,59.2000,47.3205,595600
2013-03-12,59.1700,59.2800,58.9700,59.1900,47.3125,400100
2013-03-13,59.2400,59.4100,59.0300,59.3400,47.4324,673800
2013-03-14,59.4400,59.7300,59.4400,59.6800,47.7042,274700
2013-03-15,59.4900,59.4900,59.2300,59.4000,47.6416,282000
2013-03-18,58.7500,59.2700,58.7400,59.0100,47.3288,624700
2013-03-19,59.1400,59.1900,58.3900,58.7700,47.1363,474400
2013-03-20,59.1200,59.3900,59.0400,59.2700,47.5374,447500
2013-03-21,59.0300,59.1600,58.6400,58.7400,47.1123,475100
2013-03-22,58.9500,59.0800,58.8500,59.0400,47.3529,248000
2013-03-25,59.2900,59.3800,58.6300,58.9200,47.2566,594600
2013-03-26,59.0700,59.3500,59.0300,59.3500,47.6015,297000
2013-03-27,59.0400,59.3900,58.8500,59.3500,47.6015,352200
2013-03-28,59.3600,59.7500,59.2900,59.6400,47.8341,516500
2013-04-01,59.7000,59.7400,59.1400,59.3300,47.5855,523100
2013-04-02,59.4800,59.6400,59.2000,59.3300,47.5855,1299500
2013-04-03,59.4200,59.4400,58.4900,58.6600,47.0481,665300
2013-04-04,58.7100,59.0000,58.6600,58.9700,47.2967,423900
2013-04-05,58.2500,58.8100,58.0800,58.7600,47.1283,478800
2013-04-08,58.8400,59.2700,58.6100,59.2700,47.5374,354700
2013-04-09,59.4000,59.6700,59.1400,59.4900,47.7138,341900
2013-04-10,59.6500,60.2400,59.6500,60.2000,48.2833,400400
2013-04-11,60.2600,60.7000,60.2500,60.5000,48.5239,461600
2013-04-12,60.3100,60.3600,59.9100,60.2500,48.3234,405800
2013-04-15,60.0300,60.0400,58.6200,58.6500,47.0401,439400
2013-04-16,59.0200,59.5300,58.9000,59.5300,47.7459,328100
2013-04-17,59.0500,59.0800,58.2300,58.5500,46.9599,12313000
2013-04-18,58.6500,58.7600,58.0300,58.2700,46.7353,935100
2013-04-19,58.4400,58.8300,58.2400,58.8000,47.1604,336500
2013-04-22,58.8700,59.1800,58.4200,59.0600,47.3689,363800
2013-04-23,59.3700,59.7100,59.1200,59.6700,47.8582,435300
2013-04-24,59.7400,60.0200,59.7100,59.9500,48.0828,375300
2013-04-25,60.1900,60.5900,60.0100,60.2800,48.3474,514400
2013-04-26,60.2200,60.2700,59.8700,60.0800,48.1870,515100
2013-04-29,60.2300,60.5400,60.1200,60.4200,48.4597,522000
2013-04-30,60.4600,60.6500,60.1400,60.6500,48.6442,380900
2013-05-01,60.5100,60.5700,60.0100,60.0300,48.1469,612400
2013-05-02,60.2200,60.7100,60.2200,60.6500,48.6442,524600
2013-05-03,61.1600,61.5900,61.1500,61.3700,49.2217,495800
2013-05-06,61.4300,61.6500,61.3700,61.5800,49.3901,625700
2013-05-07,61.7300,61.9700,61.5500,61.9700,49.7029,686900
2013-05-08,61.9100,62.2700,61.8700,62.2700,49.9435,877800
2013-05-09,62.2200,62.3800,61.9600,62.0900,49.7991,609100
2013-05-10,62.1400,62.4900,62.0500,62.4800,50.1119,363300
2013-05-13,62.4400,62.5300,62.1700,62.4000,50.0478,379200
2013-05-14,62.4100,63.1900,62.4100,63.1300,50.6333,794300
2013-05-15,63.0000,63.6400,63.0000,63.5400,50.9621,430000
2013-05-16,63.4500,63.5800,63.0300,63.1400,50.6413,408800
2013-05-17,63.4100,63.8800,63.2900,63.8700,51.2268,553800
2013-05-20,63.8200,64.1400,63.7900,63.9000,51.2508,889700
2013-05-21,63.9700,64.1700,63.7200,63.9600,51.2990,488300
2013-05-22,64.0700,64.5500,62.9000,63.1700,50.6653,950400
2013-05-23,62.5300,63.1900,62.3500,63.0800,50.5932,540800
2013-05-24,62.7600,62.9100,62.3900,62.8700,50.4247,439700
2013-05-28,63.6200,63.8600,63.0800,63.3100,50.7776,619800
2013-05-29,63.0300,63.0800,62.5200,62.8600,50.4167,538300
2013-05-30,62.9000,63.4400,62.8800,63.1600,50.6573,2567400
2013-05-31,62.9800,63.3700,62.2700,62.2800,49.9515,541600
2013-06-03,62.4100,62.5100,61.7400,62.4300,50.0718,780600
2013-06-04,62.4200,62.7200,61.7700,62.1400,49.8392,542400
2013-06-05,62.0000,62.0100,61.1300,61.2300,49.1094,3390600
2013-06-06,61.2200,61.8000,60.8800,61.8000,49.5665,668700
2013-06-07,62.2300,62.7200,62.0000,62.6800,50.2723,689600
2013-06-10,62.8400,62.9200,62.4400,62.6500,50.2483,672200
2013-06-11,62.2400,62.5500,61.8100,61.9600,49.6949,453100
2013-06-12,62.3800,62.4500,61.3100,61.3500,49.2056,471100
2013-06-13,61.3500,62.5700,61.2700,62.4500,50.0879,548600
2013-06-14,62.4200,62.7000,61.9600,62.1200,49.8232,460600
2013-06-17,62.5400,62.8500,62.2800,62.6400,50.2403,482400
2013-06-18,62.6000,63.2100,62.6000,63.1300,50.6333,504100
2013-06-19,63.0600,63.1300,62.2000,62.2100,49.8954,721800
2013-06-20,61.5000,61.6100,60.4300,60.6300,48.6281,1235200
2013-06-21,60.7700,60.9200,59.8300,60.5000,48.7167,1458100
2013-06-24,59.9300,60.2500,59.1800,59.7500,48.1128,1200200
2013-06-25,60.4000,60.6200,59.9300,60.4400,48.6684,658800
2013-06-26,61.0500,61.1500,60.6700,60.9800,49.1032,618600
2013-06-27,61.3800,61.7300,61.3700,61.5600,49.5703,1529800
2013-06-28,61.4500,61.7000,61.0700,61.2700,49.3367,676200
2013-07-01,61.6500,62.1500,61.6500,61.8100,49.7716,651900
2013-07-02,61.7300,62.0400,61.3600,61.6500,49.6427,470100
2013-07-03,61.4000,61.7600,61.2400,61.6000,49.6025,204100
2013-07-05,62.0600,62.3000,61.5700,62.3000,50.1661,574100
2013-07-08,62.6800,62.7700,62.5000,62.5800,50.3916,998500
2013-07-09,63.0500,63.1800,62.7800,63.1100,50.8184,1151900
2013-07-10,63.0700,63.3200,62.9100,63.2000,50.8909,1308500
2013-07-11,64.0300,64.1500,63.7700,64.1200,51.6317,1237600
2013-07-12,64.1300,64.3100,64.0000,64.2800,51.7605,579500
2013-07-15,64.3900,64.4900,64.2200,64.4300,51.8813,1150200
2013-07-16,64.5300,64.5400,63.8900,64.1100,51.6236,709700
2013-07-17,64.2800,64.4500,64.1600,64.2600,51.7444,566400
2013-07-18,64.4800,64.8400,64.4300,64.7300,52.1229,1350000
2013-07-19,64.6300,64.8800,64.5500,64.8500,52.2195,659600
2013-07-22,65.0000,65.1000,64.8200,64.9900,52.3322,674500
2013-07-23,65.1300,65.1600,64.7900,64.8400,52.2114,461700
2013-07-24,65.0500,65.0700,64.2500,64.3800,51.8410,653700
2013-07-25,64.2900,64.7300,64.2200,64.7200,52.1148,783900
2013-07-26,64.4400,64.7100,64.1300,64.7000,52.0987,352600
2013-07-29,64.5700,64.7000,64.2800,64.4700,51.9135,305900
2013-07-30,64.6600,64.7500,64.4200,64.6000,52.0182,360600
2013-07-31,64.7700,65.2000,64.6400,64.7200,52.1148,1309100
2013-08-01,65.3000,65.7600,65.2600,65.6700,52.8798,690100
2013-08-02,65.6100,65.8100,65.4400,65.7700,52.9603,909600
2013-08-05,65.6800,65.8100,65.5800,65.7200,52.9201,591300
2013-08-06,65.5700,65.6400,65.1300,65.3100,52.5899,675200
2013-08-07,65.1700,65.1700,64.7500,64.9800,52.3242,608800
2013-08-08,65.2800,65.5000,64.9700,65.3600,52.6302,545200
2013-08-09,65.2100,65.5300,65.0700,65.2800,52.5657,512700
2013-08-12,65.0200,65.3200,65.0000,65.2300,52.5255,531300
2013-08-13,65.3600,65.4600,64.9400,65.3100,52.5899,548400
2013-08-14,65.2700,65.3400,64.9600,64.9700,52.3161,475600
2013-08-15,64.4800,64.4800,63.8700,63.9800,51.5189,1486300
2013-08-16,63.8400,64.1000,63.6600,63.7900,51.3659,467400
2013-08-19,63.7000,63.8400,63.2600,63.2700,50.9472,722300
2013-08-20,63.3100,63.9900,63.3100,63.7800,51.3579,624600
2013-08-21,63.6100,63.8600,63.1600,63.3400,51.0036,893300
2013-08-22,63.4100,64.1300,63.4100,64.0000,51.5351,548500
2013-08-23,64.1000,64.2800,63.8600,64.2200,51.7122,360500
2013-08-26,64.3200,64.4800,63.9400,64.0100,51.5431,644900
2013-08-27,63.3400,63.4500,62.7700,62.8100,50.5768,1032400
2013-08-28,62.8400,63.2000,62.6500,62.9800,50.7137,571000
2013-08-29,62.7300,63.4200,62.7300,63.1600,50.8587,580900
2013-08-30,63.2700,63.2700,62.7000,62.8300,50.5929,305600
2013-09-03,63.5300,63.7700,62.8900,63.2000,50.8909,623100
2013-09-04,63.2300,63.8900,63.1000,63.7900,51.3659,863400
2013-09-05,63.8200,64.1000,63.8000,63.9600,51.5028,569500
2013-09-06,64.2100,64.3900,63.4400,64.0200,51.5511,970200
2013-09-09,64.2200,64.8000,64.2000,64.7700,52.1551,804500
2013-09-10,65.1900,65.3300,65.0400,65.3300,52.6060,1507800
2013-09-11,65.2800,65.5300,65.1100,65.5200,52.7590,1047700
2013-09-12,65.5700,65.6000,65.2000,65.2400,52.5335,597500
2013-09-13,65.3200,65.4500,65.1400,65.4500,52.7026,393300
2013-09-16,66.2700,66.3300,65.8100,65.9100,53.0730,3880500
2013-09-17,66.0500,66.2300,66.0200,66.2200,53.3227,611600
2013-09-18,66.2400,67.1400,65.9700,67.0300,53.9749,1502400
2013-09-19,67.2300,67.2700,66.7800,66.8700,53.8461,1077900
2013-09-20,66.7900,66.8000,66.0300,66.0900,53.3912,492900
2013-09-23,65.9800,65.9900,65.5000,65.7500,53.1166,519900
2013-09-24,65.7500,66.1000,65.5000,65.7500,53.1166,693000
2013-09-25,65.8200,65.9200,65.5300,65.5800,52.9792,611800
2013-09-26,65.6900,65.9900,65.5500,65.8000,53.1570,471600
2013-09-27,65.5200,65.5600,65.3100,65.4000,52.8338,483800
2013-09-30,64.9100,65.3400,64.6800,65.2000,52.6722,1101600
2013-10-01,65.3100,65.7800,65.2400,65.7300,53.1004,1044800
2013-10-02,65.3900,65.7100,65.1400,65.7100,53.0843,551200
2013-10-03,65.5600,65.6100,64.7300,65.1200,52.6076,1106100
2013-10-04,65.1800,65.7400,65.0400,65.6300,53.0196,1055600
2013-10-07,65.0500,65.4400,64.9700,65.0500,52.5511,482700
2013-10-08,65.0400,65.1500,64.1700,64.1900,51.8563,3717700
2013-10-09,64.3800,64.4700,63.7900,64.2000,51.8644,939300
2013-10-10,64.9400,65.6800,64.7700,65.6500,53.0358,900700
2013-10-11,65.5400,66.1100,65.4600,66.0800,53.3832,1015100
2013-10-14,65.7000,66.3300,65.5700,66.2900,53.5528,697100
2013-10-15,66.1100,66.2700,65.5800,65.7000,53.0762,1024600
2013-10-16,66.1800,66.6300,66.0000,66.6300,53.8275,1105600
2013-10-17,66.4400,67.2400,66.3600,67.2000,54.2880,1514400
2013-10-18,67.5200,67.6200,67.2100,67.5100,54.5384,1525600
2013-10-21,67.6400,67.6500,67.3400,67.5400,54.5626,986400
2013-10-22,67.7800,68.1800,67.6700,68.0100,54.9423,1695400
2013-10-23,67.7600,67.8100,67.3600,67.6300,54.6353,1254500
2013-10-24,67.7300,67.8500,67.5000,67.8200,54.7888,562000
2013-10-25,67.9000,68.1600,67.7600,68.1600,55.0635,482900
2013-10-28,68.2200,68.2600,67.9800,68.1700,55.0716,724700
2013-10-29,68.3500,68.6200,68.2700,68.6200,55.4351,515400
2013-10-30,68.6900,68.7200,67.8800,68.1200,55.0312,668200
2013-10-31,67.9800,68.3900,67.8100,67.9900,54.9262,541600
2013-11-01,68.2100,68.3500,67.7700,68.2000,55.0958,476400
2013-11-04,68.2900,68.5800,68.2700,68.5600,55.3866,499600
2013-11-05,68.3600,68.4500,67.9700,68.3000,55.1766,575300
2013-11-06,68.6100,68.6800,68.2200,68.4300,55.2816,1053100
2013-11-07,68.5000,68.6500,67.3700,67.4600,54.4980,664100
2013-11-08,67.4600,68.3300,67.3900,68.3300,55.2008,645600
2013-11-11,68.3200,68.4900,68.2300,68.4400,55.2897,383500
2013-11-12,68.3300,68.3900,68.0200,68.2400,55.1281,602200
2013-11-13,67.9900,68.9000,67.8800,68.9000,55.6613,899900
2013-11-14,68.9800,69.3000,68.8200,69.2600,55.9521,859900
2013-11-15,69.4300,69.5500,69.2400,69.5500,56.1864,696200
2013-11-18,69.7300,69.7300,69.0000,69.1700,55.8795,745000
2013-11-19,69.1600,69.2600,68.7300,68.8600,55.6290,483700
2013-11-20,69.0500,69.2300,68.4600,68.6700,55.4755,447100
2013-11-21,68.8800,69.3200,68.8000,69.2700,55.9602,636500
2013-11-22,69.3300,69.5600,69.1500,69.5500,56.1864,960400
2013-11-25,69.7400,69.7400,69.3000,69.4000,56.0652,521200
2013-11-26,69.4700,69.6400,69.3500,69.4600,56.1137,421300
2013-11-27,69.5700,69.6600,69.4400,69.6100,56.2349,439200
2013-11-29,69.7700,69.7900,69.4400,69.5000,56.1460,288100
2013-12-02,69.5300,69.7500,69.2600,69.3500,56.0249,527700
2013-12-03,69.1800,69.3100,68.8300,69.1100,55.8310,518800
2013-12-04,68.8100,69.3400,68.4300,69.0000,55.7421,388700
2013-12-05,68.8700,69.0200,68.6800,68.7600,55.5482,427600
2013-12-06,69.4900,69.5800,69.2400,69.5400,56.1784,326800
2013-12-09,69.8100,69.8300,69.5300,69.6100,56.2349,439700
2013-12-10,69.4700,69.7700,69.4100,69.4500,56.1056,407000
2013-12-11,69.5000,69.5000,68.4600,68.5500,55.3786,734900
2013-12-12,68.5100,68.6600,68.2300,68.4100,55.2655,600700
2013-12-13,68.5400,68.7300,68.3500,68.4800,55.3220,563200
2013-12-16,68.8300,69.1400,68.8300,68.9800,55.7260,359600
2013-12-17,69.0000,69.0500,68.6300,68.9000,55.6613,518000
2013-12-18,69.0000,69.9300,68.3500,69.9200,56.4853,832500
2013-12-19,69.7400,69.9200,69.5300,69.8100,56.3965,659400
2013-12-20,69.7100,70.2300,69.6200,70.1200,56.8497,1123300
2013-12-23,70.4100,70.5000,70.2800,70.4600,57.1253,666600
2013-12-24,70.5200,70.7200,70.4700,70.6800,57.3037,283800
2013-12-26,70.9000,70.9700,70.7900,70.9200,57.4983,3008100
2013-12-27,71.0700,71.0700,70.8700,70.9400,57.5145,469500
2013-12-30,71.0000,71.0800,70.9200,71.0700,57.6199,562400
2013-12-31,71.2300,71.3500,71.0600,71.2500,57.7658,608100
2014-01-02,71.0400,71.0800,70.3800,70.6000,57.2388,1288800
2014-01-03,70.7400,70.8500,70.4800,70.5400,57.1902,538200
2014-01-06,70.6800,70.8900,70.2600,70.3200,57.0118,593200
2014-01-07,70.5600,70.8700,70.4900,70.7400,57.3524,662800
2014-01-08,70.8000,70.9300,70.5400,70.8500,57.4415,747700
2014-01-09,71.0800,71.1200,70.5800,70.9300,57.5064,739000
2014-01-10,71.0000,71.2600,70.8700,71.2400,57.7577,520300
2014-01-13,71.1400,71.2500,70.1100,70.2200,56.9308,916400
2014-01-14,70.4800,71.0600,70.3400,71.0300,57.5874,579100
2014-01-15,71.1900,71.3900,71.0900,71.2900,57.7983,828900
2014-01-16,71.2000,71.2200,70.9400,71.2200,57.7415,856400
2014-01-17,71.1800,71.2600,70.8600,70.9800,57.5469,1078800
2014-01-21,71.4000,71.4400,70.8100,71.2000,57.7253,1065000
2014-01-22,71.3000,71.4500,71.1500,71.3700,57.8631,988400
2014-01-23,71.1300,71.1300,70.3400,70.6700,57.2956,992200
2014-01-24,70.2000,70.2000,69.0200,69.0400,55.9741,1371400
2014-01-27,69.0200,69.3300,68.3200,68.7100,55.7065,5040000
2014-01-28,68.9600,69.4200,68.9500,69.3300,56.2092,962200
2014-01-29,68.8500,69.2000,68.5600,68.7000,55.6984,1038000
2014-01-30,69.2700,69.6600,69.1000,69.4700,56.3227,721900
2014-01-31,68.7100,69.5600,68.6100,69.1400,56.0552,1048500
2014-02-03,68.9900,69.1400,67.3500,67.4400,54.6769,2004800
2014-02-04,67.8000,68.1600,67.4600,68.0000,55.1309,1671200
2014-02-05,67.8200,68.0200,67.2300,67.8800,55.0336,1172300
2014-02-06,68.1000,68.8700,67.9700,68.8600,55.8281,674000
2014-02-07,69.2000,69.7600,68.9600,69.7100,56.5173,873100
2014-02-10,69.7200,69.8600,69.4800,69.8300,56.6146,676900
2014-02-11,69.9000,70.6800,69.8500,70.5400,57.1902,945100
2014-02-12,70.7300,70.9300,70.5100,70.6300,57.2632,1573100
2014-02-13,70.2000,71.1200,70.0800,71.0700,57.6199,837300
2014-02-14,71.0300,71.5000,70.8900,71.4300,57.9118,696300
2014-02-18,71.5900,71.7500,71.3400,71.6900,58.1226,944500
2014-02-19,71.5600,72.0300,71.2800,71.3700,57.8631,680600
2014-02-20,71.4200,71.9900,71.2100,71.8800,58.2766,468400
2014-02-21,72.0300,72.1900,71.8500,71.9200,58.3090,635700
2014-02-24,72.0600,72.8200,72.0600,72.3000,58.6171,1212700
2014-02-25,72.3600,72.5300,71.9900,72.2400,58.5685,757800
2014-02-26,72.2200,72.6500,72.1700,72.3300,58.6414,995300
2014-02-27,72.2600,72.6600,72.1800,72.6300,58.8847,550000
2014-02-28,72.6600,73.1400,72.3800,72.8300,59.0468,848300
2014-03-03,72.2600,72.5100,71.8700,72.3200,58.6333,1003300
2014-03-04,73.1400,73.5100,73.0600,73.4000,59.5089,852400
2014-03-05,73.4500,73.5100,73.2800,73.3600,59.4765,1105600
2014-03-06,73.6000,73.7200,73.4700,73.5500,59.6306,699500
2014-03-07,73.8400,73.8700,73.2600,73.5500,59.6306,757400
2014-03-10,73.4600,73.5300,73.0200,73.3800,59.4927,506100
2014-03-11,73.5200,73.6400,72.8300,73.0000,59.1846,717400
2014-03-12,72.6400,73.0400,72.4400,73.0300,59.2090,508900
2014-03-13,73.2800,73.2800,71.9900,72.2000,58.5360,890300
2014-03-14,72.0700,72.5400,72.0000,72.1600,58.5036,613600
2014-03-17,72.5800,72.9200,72.4200,72.7600,58.9900,703000
2014-03-18,72.9200,73.3800,72.8600,73.3200,59.4441,804200
2014-03-19,73.4900,73.4900,72.4800,72.9200,59.1198,667000
2014-03-20,72.7400,73.3100,72.6100,73.2300,59.3711,1068400
2014-03-21,73.3300,73.5400,72.7800,72.8400,59.2832,699800
2014-03-24,73.0300,73.1900,72.0600,72.3200,58.8600,704700
2014-03-25,72.6800,72.8700,72.2200,72.5600,59.0553,415000
2014-03-26,72.8600,72.9900,71.9900,72.0000,58.5995,565500
2014-03-27,71.9000,72.1400,71.5900,71.8600,58.4856,894300
2014-03-28,72.0800,72.6500,72.0200,72.3300,58.8681,361200
2014-03-31,72.8000,73.0900,72.7100,72.9900,59.4053,662200
2014-04-01,73.2900,73.6100,73.1800,73.6000,59.9018,1161500
2014-04-02,73.7300,73.9900,73.5100,73.8900,60.1378,2711600
2014-04-03,74.0300,74.0500,73.5500,73.8000,60.0645,528300
2014-04-04,74.1900,74.3000,72.8200,72.9600,59.3809,794200
2014-04-07,72.8100,72.8900,71.8000,71.9900,58.5914,699500
2014-04-08,71.9900,72.5000,71.7200,72.3800,58.9088,607600
2014-04-09,72.5800,73.0800,72.3500,73.0800,59.4786,727000
2014-04-10,73.0800,73.1300,71.4500,71.5500,58.2333,881200
2014-04-11,71.1500,71.5500,70.6300,70.7400,57.5740,1317500
2014-04-14,71.1700,71.5200,70.7900,71.3700,58.0868,682100
2014-04-15,71.5100,71.8600,70.7500,71.8200,58.4530,1692800
2014-04-16,72.3400,72.5600,72.0000,72.5600,59.0553,805300
2014-04-17,72.5600,72.8500,72.3700,72.6900,59.1611,637400
2014-04-21,72.7200,72.8900,72.5400,72.8800,59.3158,1466900
2014-04-22,72.9600,73.4100,72.9100,73.2100,59.5843,868600
2014-04-23,73.2000,73.3500,73.0600,73.1500,59.5355,585400
2014-04-24,73.4800,73.5000,72.9200,73.2500,59.6169,703200
2014-04-25,73.0100,73.0200,72.4200,72.5800,59.0716,709800
2014-04-28,72.8200,72.9900,71.8500,72.5600,59.0553,639800
2014-04-29,72.8400,72.9600,72.6000,72.8800,59.3158,435200
2014-04-30,72.7400,73.2700,72.6900,73.2700,59.6332,575800
2014-05-01,73.2700,73.5000,72.9700,73.3000,59.6576,1007800
2014-05-02,73.3000,73.7100,73.1800,73.2500,59.6169,822800
2014-05-05,72.9500,73.3900,72.6600,73.3500,59.6983,686000
2014-05-06,73.2300,73.2800,72.7300,72.7300,59.1937,359200
2014-05-07,72.9700,73.2000,72.4200,73.1700,59.5518,475100
2014-05-08,73.0400,73.7200,72.8200,73.0700,59.4704,958400
2014-05-09,73.1000,73.1800,72.7100,73.1800,59.5599,375800
2014-05-12,73.4900,74.0200,73.4500,73.9900,60.2192,2469700
2014-05-13,74.0800,74.2400,73.9100,73.9600,60.1948,1860400
2014-05-14,73.9300,73.9500,73.4500,73.5300,59.8448,850800
2014-05-15,73.4400,73.4400,72.4000,72.9000,59.3320,861000
2014-05-16,72.9100,73.2000,72.6300,73.2000,59.5762,641300
2014-05-19,73.1000,73.5100,72.9600,73.4700,59.7960,791900
2014-05-20,73.3800,73.3800,72.6600,72.8300,59.2751,613500
2014-05-21,73.0900,73.3800,72.9900,73.3600,59.7064,562900
2014-05-22,73.4200,73.7700,73.2800,73.5800,59.8855,438300
2014-05-23,73.6700,73.9700,73.5900,73.9600,60.1948,608200
2014-05-27,74.2700,74.4300,74.2000,74.3900,60.5447,822200
2014-05-28,74.5100,74.5300,74.1800,74.3100,60.4796,1270700
2014-05-29,74.5300,74.7500,74.2900,74.7500,60.8377,608100
2014-05-30,74.7000,74.8700,74.5900,74.8500,60.9191,1143200
2014-06-02,74.9600,75.0200,74.5800,74.9800,61.0249,392500
2014-06-03,74.8200,75.0000,74.7200,74.9600,61.0086,411700
2014-06-04,74.8000,75.2300,74.7600,75.1900,61.1958,469500
2014-06-05,75.3600,75.7600,74.9500,75.7000,61.6109,468700
2014-06-06,75.8900,76.1600,75.8200,76.1000,61.9365,598200
2014-06-09,76.1200,76.4400,76.0300,76.2100,62.0260,434800
2014-06-10,76.1100,76.1100,75.8700,76.0700,61.9121,772700
2014-06-11,75.8000,75.8700,75.6200,75.8000,61.6923,675500
2014-06-12,75.7100,75.7900,75.1500,75.3600,61.3342,619900
2014-06-13,75.4200,75.6700,75.2000,75.6200,61.5458,480400
2014-06-16,75.5600,75.8600,75.4800,75.7500,61.6516,399700
2014-06-17,75.6700,76.1500,75.5900,76.1000,61.9365,389900
2014-06-18,76.1300,76.6900,75.9500,76.6700,62.4004,486200
2014-06-19,76.7700,76.8100,76.4800,76.7800,62.4899,420100
2014-06-20,76.7300,76.7300,76.5500,76.7300,62.6778,388800
2014-06-23,76.7500,76.8100,76.5600,76.6600,62.6206,600600
2014-06-24,76.5600,76.9000,76.1100,76.1100,62.1713,700100
2014-06-25,76.0000,76.5300,75.9500,76.4700,62.4654,476400
2014-06-26,76.5500,76.5500,75.9500,76.4800,62.4736,1057100
2014-06-27,76.3000,76.6800,76.3000,76.6800,62.6369,314700
2014-06-30,76.6300,76.7800,76.5500,76.7100,62.6615,770800
2014-07-01,76.8700,77.3600,76.8700,77.1100,62.9882,623100
2014-07-02,77.1800,77.2000,76.9700,77.0600,62.9473,452200
2014-07-03,77.3300,77.5000,77.2200,77.5000,63.3068,482400
2014-07-07,77.3800,77.3800,76.9500,77.0000,62.8983,505600
2014-07-08,76.9000,76.9700,76.3700,76.6000,62.5716,670800
2014-07-09,76.7700,76.9500,76.6300,76.9100,62.8248,417000
2014-07-10,76.1000,76.7400,76.0400,76.5500,62.5307,1011200
2014-07-11,76.4600,76.6300,76.2800,76.5700,62.5471,358500
2014-07-14,76.9600,77.0000,76.7900,76.8400,62.7677,561600
2014-07-15,76.8800,77.0500,76.3400,76.6500,62.6124,436000
2014-07-16,76.9700,77.0200,76.6300,76.9100,62.8248,574600
2014-07-17,76.6400,76.8800,75.8800,75.9800,62.0651,938000
2014-07-18,76.2100,76.7800,76.1600,76.7200,62.6696,768200
2014-07-21,76.4900,76.6300,76.2200,76.5600,62.5389,449500
2014-07-22,76.8600,77.0500,76.8100,76.9000,62.8167,1181600
2014-07-23,76.9600,77.0000,76.7200,76.9300,62.8411,299700
2014-07-24,77.0300,77.1700,76.9100,77.0900,62.9718,438600
2014-07-25,76.8900,76.9700,76.6300,76.7400,62.6859,385000
2014-07-28,76.8100,76.8600,76.3500,76.7500,62.6941,391100
2014-07-29,76.9200,77.0300,76.3900,76.3900,62.4000,633600
2014-07-30,76.6600,76.8100,76.0900,76.3800,62.3919,366500
2014-07-31,75.8800,75.9600,74.9100,74.9200,61.1992,963100
2014-08-01,74.8000,75.2100,74.3300,74.7600,61.0686,1060200
2014-08-04,74.8000,75.3800,74.5200,75.2800,61.4933,614600
2014-08-05,74.9600,75.2800,74.3900,74.5900,60.9297,638000
2014-08-06,74.2900,74.9200,74.2200,74.6000,60.9379,519200
2014-08-07,74.9600,74.9900,74.0200,74.1800,60.5948,701300
2014-08-08,74.2900,75.2000,74.1900,75.1700,61.4035,790700
2014-08-11,75.4700,75.7400,75.3700,75.3900,61.5832,761300
2014-08-12,75.3400,75.5300,75.0300,75.2300,61.4525,475500
2014-08-13,75.4500,75.7600,75.3300,75.7300,61.8609,429100
2014-08-14,75.8100,76.0900,75.7200,76.0900,62.1550,655600
2014-08-15,76.3800,76.4400,75.5500,76.0600,62.1305,878800
2014-08-18,76.5000,76.7400,76.4400,76.7300,62.6778,802900
2014-08-19,76.8900,77.1600,76.8700,77.1400,63.0127,2802800
2014-08-20,77.0300,77.4700,77.0000,77.4100,63.2332,597100
2014-08-21,77.4700,77.6300,77.3300,77.5400,63.3395,947800
2014-08-22,77.5000,77.5800,77.2200,77.4100,63.2332,380000
2014-08-25,77.8600,77.9000,77.6400,77.7900,63.5437,595600
2014-08-26,77.8700,78.0500,77.8100,77.8600,63.6009,742900
2014-08-27,77.9200,77.9600,77.6800,77.8200,63.5681,389100
2014-08-28,77.5200,77.8400,77.4100,77.7900,63.5437,330200
2014-08-29,77.9600,78.0900,77.7100,78.0700,63.7724,312800
2014-09-02,78.2100,78.2300,77.7700,78.0100,63.7234,749900
2014-09-03,78.3100,78.3700,77.9900,78.0700,63.7724,563100
2014-09-04,78.1900,78.4800,77.7700,77.9700,63.6907,537100
2014-09-05,77.9000,78.3300,77.6700,78.3200,63.9766,650600
2014-09-08,78.2100,78.3500,77.8300,78.0900,63.7887,2283100
2014-09-09,78.0500,78.1300,77.3800,77.5300,63.3313,909200
2014-09-10,77.6100,77.7200,77.2200,77.6900,63.4620,472500
2014-09-11,77.4000,77.8400,77.3600,77.8300,63.5763,461600
2014-09-12,77.7500,77.7500,77.0300,77.2700,63.1189,455800
2014-09-15,77.2700,77.2700,76.9200,77.1000,62.9800,421000
2014-09-16,77.0300,77.7900,76.9500,77.6300,63.4130,665100
2014-09-17,77.7900,78.0700,77.3400,77.7000,63.4701,813500
2014-09-18,77.9600,78.0200,77.8000,77.9900,63.7070,673700
2014-09-19,77.9600,78.0600,77.3700,77.5500,63.5660,648600
2014-09-22,77.4100,77.5300,76.7100,76.8300,62.9759,696800
2014-09-23,76.5900,76.8600,76.2700,76.2900,62.5333,3144900
2014-09-24,76.3400,76.9200,76.0900,76.8900,63.0251,507300
2014-09-25,76.7000,76.7000,75.7000,75.7500,62.0906,1218500
2014-09-26,75.8500,76.4300,75.7700,76.2800,62.5251,1244800
2014-09-29,75.7000,76.2800,75.5400,76.1400,62.4103,730300
2014-09-30,76.2800,76.3600,75.6800,75.7900,62.1234,856400
2014-10-01,75.7300,75.8000,74.6200,74.7800,61.2955,1395700
2014-10-02,74.7200,75.1100,73.9700,74.8600,61.3611,1386900
2014-10-03,75.3900,75.7700,75.1200,75.6000,61.9677,2087100
2014-10-06,75.9300,76.0600,75.2300,75.4800,61.8693,752800
2014-10-07,75.1400,75.2500,74.2500,74.2600,60.8693,929900
2014-10-08,74.3600,75.5800,73.8600,75.5000,61.8857,1814200
2014-10-09,75.3100,75.4200,73.8000,73.8200,60.5086,1127100
2014-10-10,73.8400,74.1600,72.9200,72.9200,59.7709,1737700
2014-10-13,72.9200,73.2100,71.6300,71.6800,58.7545,2663300
2014-10-14,72.0100,72.8700,71.8200,72.0700,59.0742,1894200
2014-10-15,71.2500,72.0200,70.0100,71.7900,58.8447,3965000
2014-10-16,70.5300,72.4800,70.2600,72.0200,59.0332,1943400
2014-10-17,72.9500,73.2600,72.4100,72.8200,59.6890,1400200
2014-10-20,72.7800,73.6100,72.7100,73.5900,60.3201,1203700
2014-10-21,74.0400,75.2000,73.9600,75.1200,61.5742,2040600
2014-10-22,75.3000,75.4900,74.4600,74.4900,61.0578,2232800
2014-10-23,75.2100,75.8800,75.1100,75.3800,61.7873,1120200
2014-10-24,75.4200,75.9800,75.1600,75.9200,62.2300,1127000
2014-10-27,75.7300,75.9000,75.3000,75.7900,62.1234,1009200
2014-10-28,76.1100,76.7500,75.9200,76.7500,62.9103,883600
2014-10-29,76.8600,77.0500,76.0400,76.5900,62.7792,827000
2014-10-30,76.4000,77.3600,76.3400,77.1400,63.2300,1260500
2014-10-31,78.1400,78.1900,77.6500,78.0800,64.0005,1369200
2014-11-03,78.2600,78.4500,77.9400,78.1000,64.0168,1193000
2014-11-04,77.9300,77.9800,77.3700,77.7100,63.6972,998200
2014-11-05,78.2700,78.3500,77.9600,78.3100,64.1890,1153900
2014-11-06,78.3700,78.6900,78.0300,78.6600,64.4759,1113700
2014-11-07,78.6700,78.8600,78.4400,78.7600,64.5578,826700
2014-11-10,78.8100,79.0200,78.7200,78.9600,64.7218,797900
2014-11-11,79.0300,79.0900,78.8200,78.9800,64.7382,835600
2014-11-12,78.7300,79.0700,78.6900,78.9900,64.7464,594700
2014-11-13,79.0800,79.1700,78.5200,78.8400,64.6234,666000
2014-11-14,78.8700,78.9900,78.6600,78.8800,64.6562,987900
2014-11-17,78.6900,79.0500,78.6700,78.9900,64.7464,1217700
2014-11-18,79.0600,79.6100,79.0200,79.4900,65.1562,1043500
2014-11-19,79.4000,79.4900,79.0000,79.3200,65.0169,1293100
2014-11-20,78.9900,79.6700,78.9500,79.6000,65.2464,849900
2014-11-21,80.4100,80.4700,79.8300,80.0800,65.6398,1177300
2014-11-24,80.3200,80.3900,80.1800,80.3600,65.8693,754700
2014-11-25,80.4700,80.5800,80.1000,80.3000,65.8202,1117600
2014-11-26,80.3600,80.4400,80.1700,80.3500,65.8611,568100
2014-11-28,80.3200,80.4000,80.0400,80.1600,65.7054,300200
2014-12-01,79.8200,79.9100,79.3400,79.5300,65.1890,1250900
2014-12-02,79.5100,80.0200,79.4500,79.9600,65.5415,1224900
2014-12-03,80.0400,80.5200,79.9200,80.4400,65.9349,726700
2014-12-04,80.3400,80.5200,79.9600,80.2700,65.7956,1254500
2014-12-05,80.3900,80.5500,80.2100,80.4200,65.9185,850600
2014-12-08,80.2800,80.4800,79.5700,79.8200,65.4267,1190600
2014-12-09,79.0600,79.9500,78.9700,79.9000,65.4923,1508000
2014-12-10,79.7100,79.7200,78.4800,78.5900,64.4185,1757700
2014-12-11,78.7900,79.6800,78.7900,78.9900,64.7464,1587400
2014-12-12,78.4700,78.8000,77.7100,77.7600,63.7382,1211900
2014-12-15,78.1700,78.3600,76.9800,77.3700,63.4185,1518900
2014-12-16,76.9400,78.4300,76.8300,76.8900,63.0251,1379000
2014-12-17,77.1500,78.6200,77.0400,78.4700,64.3202,1772300
2014-12-18,79.5700,80.2000,79.1500,80.2000,65.7382,1909600
2014-12-19,80.2200,80.5700,79.9300,80.2400,66.0469,2656100
2014-12-22,80.4200,80.5700,80.1300,80.5700,66.3185,1052300
2014-12-23,80.8800,81.0200,80.7800,80.8400,66.5407,1439800
2014-12-24,80.9000,81.0300,80.8000,80.8500,66.5490,491500
2014-12-26,81.0700,81.2300,81.0200,81.0500,66.7136,1068300
2014-12-29,80.9700,81.3800,80.9600,81.2700,66.8947,825500
2014-12-30,81.0900,81.1600,80.7900,80.7900,66.4996,1109600
2014-12-31,81.0300,81.0300,80.0000,80.0500,65.8905,1279600
2015-01-02,80.3800,80.5500,79.4600,80.0300,65.8740,2049100
2015-01-05,79.5700,79.6000,78.2300,78.4400,64.5652,3922400
2015-01-06,78.5100,78.7300,77.1800,77.5900,63.8656,2766800
2015-01-07,78.2700,78.6400,77.9500,78.5200,64.6311,1216800
2015-01-08,79.1900,79.9700,79.1500,79.9000,65.7670,1951500
2015-01-09,80.0700,80.0800,78.9500,79.2500,65.2320,1569300
2015-01-12,79.2600,79.2600,78.2000,78.4600,64.5817,1517300
2015-01-13,79.0300,79.5600,77.6300,78.2600,64.4171,1828000
2015-01-14,77.3400,77.8900,76.8500,77.8500,64.0796,2031000
2015-01-15,78.1500,78.3600,77.0700,77.1300,63.4869,1685600
2015-01-16,77.0900,78.2800,76.9400,78.1900,64.3595,994700
2015-01-20,78.4300,78.5500,77.5100,78.2300,64.3924,1499800
2015-01-21,78.0300,78.9300,77.8600,78.7700,64.8369,1388000
2015-01-22,79.1300,79.9400,78.5000,79.8700,65.7423,1203000
2015-01-23,79.7900,79.8600,79.3900,79.4400,65.3884,1144600
2015-01-26,79.4100,79.8400,79.0000,79.8300,65.7094,711200
2015-01-27,79.0200,79.6200,78.6600,79.1900,65.1826,1114700
2015-01-28,79.5600,79.5600,77.9200,77.9800,64.1866,1307500
2015-01-29,78.1000,78.8400,77.4400,78.7000,64.7792,862300
2015-01-30,78.2000,78.7800,77.6600,77.7100,63.9644,910900
2015-02-02,78.0400,78.8100,77.1600,78.5500,64.6558,4156900
2015-02-03,79.1200,80.1600,79.0400,80.1600,65.9810,1386700
2015-02-04,79.7500,80.2100,79.5100,79.7100,65.6106,1110900
2015-02-05,80.0700,80.6600,80.0000,80.6500,66.3844,1080700
2015-02-06,80.7700,80.9200,80.0900,80.3100,66.1045,935300
2015-02-09,80.0800,80.3800,79.8400,80.0300,65.8740,972300
2015-02-10,80.4000,80.9000,79.9400,80.8100,66.5160,1217800
2015-02-11,80.6600,80.9300,80.3400,80.7300,66.4502,936700
2015-02-12,81.1400,81.6000,81.0300,81.5900,67.1581,1408400
2015-02-13,81.6200,81.9500,81.5300,81.9100,67.4214,1482300
2015-02-17,81.8400,82.1800,81.6300,82.1200,67.5943,891200
2015-02-18,81.9500,82.2200,81.8200,82.2000,67.6602,939900
2015-02-19,81.9200,82.3400,81.7900,82.1600,67.6272,861300
2015-02-20,82.0200,82.6200,81.6100,82.6100,67.9976,1126900
2015-02-23,82.5400,82.5500,82.2400,82.5100,67.9153,1098100
2015-02-24,82.5300,82.7400,82.3300,82.6600,68.0388,817300
2015-02-25,82.6500,82.8600,82.4800,82.6500,68.0306,866200
2015-02-26,82.6100,82.6700,82.0800,82.3100,67.7507,901700
2015-02-27,82.3100,82.4500,82.1200,82.1600,67.6272,960000
2015-03-02,82.2700,82.6200,82.1100,82.5600,67.9565,1068200
2015-03-03,82.4000,82.4300,81.9000,82.2500,67.7013,1283200
2015-03-04,81.9900,81.9900,81.4000,81.8600,67.3803,641700
2015-03-05,82.0300,82.0700,81.7600,82.0100,67.5038,1991100
2015-03-06,81.5800,81.7100,80.6100,80.7800,66.4913,974600
2015-03-09,80.7500,81.1100,80.7500,80.9800,66.6560,915900
2015-03-10,80.3000,80.3800,79.7500,79.7500,65.6435,1138800
2015-03-11,79.8400,79.9700,79.5900,79.7500,65.6435,872300
2015-03-12,79.9600,80.8000,79.9200,80.7700,66.4831,686800
2015-03-13,80.5300,80.6000,79.6900,80.2100,66.0222,1013200
2015-03-16,80.5200,81.3300,80.5200,81.3100,66.9276,971300
2015-03-17,80.9800,81.2000,80.6500,81.0100,66.6807,943300
2015-03-18,80.8300,82.4800,80.6400,82.1600,67.6272,1358000
2015-03-19,82.0100,82.0100,81.4700,81.6800,67.2321,1179400
2015-03-20,81.8700,82.3700,81.7400,82.1500,67.8900,1439600
2015-03-23,82.1500,82.5200,82.1000,82.1000,67.8486,772900
2015-03-24,82.0100,82.1400,81.5900,81.6100,67.4437,865500
2015-03-25,81.7600,81.8600,80.5200,80.5200,66.5429,1101600
2015-03-26,80.2300,80.7100,79.9300,80.3100,66.3694,902200
2015-03-27,80.2400,80.6900,80.2300,80.6600,66.6586,717200
2015-03-30,81.0800,81.7400,81.0200,81.6100,67.4437,697700
2015-03-31,81.2100,81.6300,80.9800,81.0500,66.9809,1010200
2015-04-01,80.9900,80.9900,80.3300,80.8400,66.8074,1286800
2015-04-02,80.7800,81.4300,80.6900,81.2000,67.1049,952400
2015-04-06,80.8000,82.0300,80.7800,81.8300,67.6256,826900
2015-04-07,81.8400,82.0700,81.5200,81.5300,67.3776,745900
2015-04-08,81.5800,81.9600,81.3700,81.8000,67.6007,825500
2015-04-09,81.7200,82.2000,81.4800,82.1200,67.8652,899600
2015-04-10,82.2000,82.3600,82.0800,82.3400,68.0470,4363000
2015-04-13,82.2900,82.4700,81.9200,81.9300,67.7082,791900
2015-04-14,81.8900,82.1800,81.6000,82.1500,67.8900,809300
2015-04-15,82.4300,82.8800,82.3600,82.6600,68.3114,994300
2015-04-16,82.5000,82.7700,82.2500,82.5000,68.1792,984300
2015-04-17,82.0900,82.0900,81.2600,81.5700,67.4107,1636000
2015-04-20,82.0100,82.3900,81.9900,82.2100,67.9396,768300
2015-04-21,82.4800,82.5800,81.9500,82.1100,67.8569,1272200
2015-04-22,82.2600,82.4500,81.7600,82.3900,68.0883,1023200
2015-04-23,82.1600,82.9100,82.1600,82.6500,68.3032,965500
2015-04-24,82.7100,82.7100,82.3800,82.5500,68.2205,833600
2015-04-27,82.7700,82.8500,82.0200,82.1000,67.8486,1128300
2015-04-28,82.0400,82.3300,81.5300,82.3300,68.0387,929900
2015-04-29,81.9900,82.2900,81.7000,81.9900,67.7577,1103800
2015-04-30,81.8300,81.9600,81.0400,81.3800,67.2536,1257800
2015-05-01,81.5700,82.3000,81.5700,82.2100,67.9396,3225000
2015-05-04,82.4500,82.6600,82.2900,82.5000,68.1792,734500
2015-05-05,82.4000,82.6300,81.4400,81.4900,67.3446,2376800
2015-05-06,81.7800,81.8900,80.7600,81.2100,67.1132,860500
2015-05-07,81.0300,81.5900,80.9200,81.4000,67.2702,990400
2015-05-08,82.0000,82.5100,82.0000,82.4000,68.0966,821400
2015-05-11,82.3100,82.5100,82.0500,82.0700,67.8239,756800
2015-05-12,81.7700,82.0600,81.3700,81.8300,67.6256,796200
2015-05-13,82.0800,82.2900,81.7300,81.8300,67.6256,536900
2015-05-14,82.3400,82.5400,82.1000,82.5000,68.1792,571600
2015-05-15,82.6300,82.6800,82.3400,82.6800,68.3280,647800
2015-05-18,82.6000,83.0500,82.5500,82.9900,68.5841,973100
2015-05-19,82.9800,82.9900,82.6400,82.8100,68.4354,1444500
2015-05-20,82.8800,83.1500,82.6400,82.8100,68.4354,566700
2015-05-21,82.7800,83.1400,82.7300,83.0300,68.6172,693400
2015-05-22,82.8600,83.0900,82.8200,82.8900,68.5015,608700
2015-05-26,82.5800,82.6400,81.8000,81.9400,67.7164,834700
2015-05-27,82.1300,82.7300,81.9600,82.6100,68.2701,628000
2015-05-28,82.5100,82.5600,82.1400,82.4600,68.1462,637900
2015-05-29,82.3900,82.5000,81.8800,81.9700,67.7412,771000
2015-06-01,82.2500,82.3700,81.7300,82.1000,67.8486,1100300
2015-06-02,81.8900,82.4300,81.7000,82.1100,67.8569,1045400
2015-06-03,82.2900,82.5200,82.0700,82.2600,67.9809,567500
2015-06-04,81.9400,82.1100,81.4000,81.5200,67.3693,739300
2015-06-05,81.4700,81.7100,81.0700,81.5100,67.3611,951400
2015-06-08,81.4500,81.5800,80.9700,80.9900,66.9314,671500
2015-06-09,81.0600,81.2200,80.7800,80.9400,66.8900,985800
2015-06-10,81.2900,82.0300,81.2200,81.8600,67.6503,741400
2015-06-11,82.0300,82.2400,81.9200,82.0300,67.7908,746000
2015-06-12,81.7600,81.8100,81.4300,81.5200,67.3693,616500
2015-06-15,81.0000,81.3000,80.6800,81.1400,67.0553,899900
2015-06-16,81.0200,81.5900,81.0200,81.5700,67.4107,585100
2015-06-17,81.7600,81.9900,81.2600,81.7600,67.5677,1072500
2015-06-18,81.9900,82.7600,81.9900,82.5000,68.1792,943400
2015-06-19,82.0800,82.1900,81.7800,81.7800,67.8457,1934900
2015-06-22,82.3900,82.5000,82.1500,82.2700,68.2522,778100
2015-06-23,82.4000,82.4300,82.0700,82.2100,68.2024,1587500
2015-06-24,82.1300,82.2300,81.5700,81.5800,67.6798,785800
2015-06-25,81.8200,81.8200,81.2300,81.2600,67.4143,831500
2015-06-26,81.4600,81.5000,81.0800,81.3500,67.4890,814900
2015-06-29,80.6300,80.9600,79.5400,79.6000,66.0372,4279600
2015-06-30,80.2600,80.2900,79.5500,79.8000,66.2031,1691100
2015-07-01,80.5200,80.5200,80.0000,80.3000,66.6179,1991300
2015-07-02,80.4700,80.6600,80.0600,80.2700,66.5930,1302100
2015-07-06,79.7000,80.3400,79.5500,79.9100,66.2943,1007900
2015-07-07,80.0200,80.6400,79.0100,80.5700,66.8419,1584000
2015-07-08,79.9700,80.1200,79.0100,79.1400,65.6555,1006800
2015-07-09,79.9200,80.2300,79.3100,79.3300,65.8132,856700
2015-07-10,80.1200,80.3300,79.8100,80.1900,66.5266,555800
2015-07-13,80.8200,81.0400,80.6900,81.0000,67.1986,512800
2015-07-14,81.0700,81.3700,80.9100,81.2400,67.3977,630900
2015-07-15,81.3300,81.3300,80.7500,80.9600,67.1654,914000
2015-07-16,81.3000,81.4800,81.2400,81.4600,67.5802,520600
2015-07-17,81.3600,81.3600,80.9000,81.0500,67.2401,690800
2015-07-20,81.1000,81.1000,80.8100,80.8900,67.1074,543800
2015-07-21,80.8400,81.0300,80.4300,80.5900,66.8585,493500
2015-07-22,80.4000,80.7600,80.4000,80.6100,66.8751,1236000
2015-07-23,80.7300,80.8000,80.0700,80.2300,66.5598,736100
2015-07-24,80.2000,80.2000,79.2000,79.3400,65.8215,994400
2015-07-27,79.0400,79.1800,78.6600,78.8600,65.4233,989000
2015-07-28,79.1900,79.9400,78.7900,79.8500,66.2445,899800
2015-07-29,79.8900,80.5800,79.8000,80.5200,66.8004,795000
2015-07-30,80.2100,80.6100,80.0200,80.5600,66.8336,491700
2015-07-31,80.8100,80.9400,80.4800,80.5700,66.8419,528500
2015-08-03,80.5900,80.5900,79.9000,80.2600,66.5847,1686600
2015-08-04,80.3000,80.5600,79.9900,80.1700,66.5101,825300
2015-08-05,80.5900,81.0100,80.3000,80.4500,66.7423,539500
2015-08-06,80.4400,80.4500,79.5100,79.9100,66.2943,535200
2015-08-07,79.7900,79.8700,79.4600,79.7700,66.1782,870100
2015-08-10,80.2800,80.9300,80.2800,80.9000,67.1156,702100
2015-08-11,80.2700,80.4700,79.9000,80.2300,66.5598,728900
2015-08-12,79.6500,80.4800,79.0900,80.3700,66.6760,915000
2015-08-13,80.3600,80.5100,80.0300,80.2400,66.5681,374600
2015-08-14,80.1100,80.5800,80.1100,80.5600,66.8336,436400
2015-08-17,80.2500,81.0100,80.0600,80.9700,67.1737,730800
2015-08-18,80.9000,81.0500,80.6900,80.8000,67.0327,256400
2015-08-19,80.4100,80.7600,79.7700,80.1800,66.5183,854700
2015-08-20,79.6300,79.7400,78.4900,78.5200,65.1412,5048100
2015-08-21,77.8900,78.1200,76.3500,76.3800,63.3658,3150300
2015-08-24,71.3900,75.5700,71.3900,73.3300,60.8355,6327800
2015-08-25,75.5100,75.5700,72.2700,72.2700,59.9561,4330600
2015-08-26,74.2900,74.7400,72.5800,74.6400,61.9223,2139700
2015-08-27,75.6100,76.7300,75.1500,76.5600,63.5151,1520300
2015-08-28,76.2300,76.9400,76.2300,76.7300,63.6562,834800
2015-08-31,76.4100,76.7500,75.8800,76.1700,63.1916,2712000
2015-09-01,74.4200,75.1200,73.6000,74.0000,61.3913,3138200
2015-09-02,74.8400,75.2000,74.0900,75.1800,62.3703,1539700
2015-09-03,75.4800,76.3300,75.2400,75.5000,62.6357,1290100
2015-09-04,74.7500,74.8600,74.0200,74.3500,61.6817,1090300
2015-09-08,75.5600,76.2900,75.3100,76.2300,63.2414,980000
2015-09-09,76.9000,76.9900,75.1300,75.2600,62.4367,1243200
2015-09-10,75.1900,76.0700,75.0100,75.5300,62.6606,1056600
2015-09-11,75.3200,75.8200,74.9600,75.8200,62.9012,687200
2015-09-14,75.8500,75.8500,75.3300,75.5000,62.6357,792100
2015-09-15,75.7800,76.5500,75.5400,76.4000,63.3824,595400
2015-09-16,76.4500,77.2600,76.4100,77.1800,64.0295,809700
2015-09-17,77.0900,78.2400,76.9000,77.0400,63.9134,1668900
2015-09-18,75.7000,76.2800,75.2300,75.3700,62.7904,866900
2015-09-21,75.8400,76.2900,75.3900,75.6900,63.0569,639400
2015-09-22,74.6800,74.9000,74.1000,74.5500,62.1072,672900
2015-09-23,74.5500,74.7600,74.0300,74.2400,61.8490,631700
2015-09-24,73.7400,74.1800,73.0700,73.9600,61.6157,919100
2015-09-25,74.5300,74.6800,73.5900,74.0100,61.6574,902400
2015-09-28,73.6200,73.6200,71.8400,71.9600,59.9495,1080500
2015-09-29,71.9700,72.5800,71.6100,72.0200,59.9995,1706300
2015-09-30,72.8300,73.5600,72.4800,73.5600,61.2825,1129700
2015-10-01,73.6000,73.7500,72.5900,73.4000,61.1491,826000
2015-10-02,72.6600,74.6200,72.3300,74.6200,62.1655,899900
2015-10-05,75.0700,76.2400,75.0700,76.1500,63.4402,943000
2015-10-06,76.0600,76.3400,75.6400,75.9300,63.2569,563700
2015-10-07,76.3900,76.8800,75.8800,76.7100,63.9067,770400
2015-10-08,76.5600,77.8100,76.4700,77.6300,64.6731,1014100
2015-10-09,77.7300,77.8700,77.3500,77.6100,64.6565,1683900
2015-10-12,77.6100,77.6100,77.2800,77.4900,64.5565,536900
2015-10-13,77.1200,77.7000,76.7800,76.8600,64.0316,933300
2015-10-14,76.9000,77.1800,76.4700,76.5900,63.8067,692500
2015-10-15,76.7400,77.6000,76.4800,77.5900,64.6398,583300
2015-10-16,77.7000,77.7300,77.2100,77.7000,64.7315,545400
2015-10-19,77.4800,77.6500,77.2300,77.5900,64.6398,522800
2015-10-20,77.4100,78.0000,77.4100,77.7000,64.7315,460800
2015-10-21,77.8600,78.0000,77.0400,77.0900,64.2233,548800
2015-10-22,77.5000,78.4500,77.4600,78.2800,65.2147,805800
2015-10-23,78.6900,78.6900,78.1000,78.5900,65.4729,1290600
2015-10-26,78.5000,78.5800,78.1800,78.3000,65.2313,652700
2015-10-27,78.0200,78.0300,77.5200,77.9200,64.9147,903500
2015-10-28,78.0000,78.8600,77.8200,78.8400,65.6812,832200
2015-10-29,78.6400,78.9000,78.4800,78.7400,65.5979,639400
2015-10-30,78.8600,79.1900,78.5900,78.7000,65.5645,754100
2015-11-02,78.9100,79.8200,78.7600,79.7300,66.4226,2163900
2015-11-03,79.5300,80.1700,79.5000,79.8600,66.5309,1200500
2015-11-04,80.0300,80.0900,79.3300,79.5900,66.3060,879100
2015-11-05,79.5800,79.7500,79.0400,79.4700,66.2060,657000
2015-11-06,79.5400,79.5400,78.7300,79.3300,66.0894,541400
2015-11-09,79.1600,79.1800,78.1300,78.5700,65.4562,579400
2015-11-10,78.3400,78.8300,78.2600,78.8300,65.6729,917800
2015-11-11,78.9500,78.9500,78.3100,78.3600,65.2813,409000
2015-11-12,77.8800,78.0700,77.1400,77.1700,64.2899,754200
2015-11-13,76.9500,77.1000,76.2900,76.3400,63.5984,666100
2015-11-16,76.2600,77.5600,76.2500,77.5300,64.5898,702800
2015-11-17,77.6800,78.0700,77.2100,77.3600,64.4482,1070200
2015-11-18,77.6700,78.6800,77.6200,78.5900,65.4729,553400
2015-11-19,78.5500,78.7400,78.3600,78.5100,65.4062,594200
2015-11-20,78.8200,79.0700,78.5900,78.7900,65.6395,808000
2015-11-23,78.8400,79.1500,78.6000,78.7900,65.6395,586500
2015-11-24,78.4400,79.1900,78.2200,79.0500,65.8561,579400
2015-11-25,79.0400,79.2200,78.8500,79.1000,65.8978,337900
2015-11-27,79.0300,79.2000,78.8500,79.0800,65.8811,219100
2015-11-30,79.0900,79.2200,78.8400,78.9400,65.7645,557600
2015-12-01,79.1600,79.6900,79.1100,79.6700,66.3727,2974300
2015-12-02,79.5700,79.6300,78.5200,78.6200,65.4979,844200
2015-12-03,78.7800,78.8400,77.1800,77.5000,64.5648,895200
2015-12-04,77.6500,78.8800,77.5900,78.7300,65.5895,921900
2015-12-07,78.4900,78.5500,77.7900,78.1000,65.0647,575200
2015-12-08,77.3800,78.0000,77.1500,77.5500,64.6065,949800
2015-12-09,77.2800,78.3100,76.6300,77.0100,64.1566,1287900
2015-12-10,77.0500,77.6900,76.9100,77.1200,64.2483,676800
2015-12-11,76.1600,76.4900,75.4900,75.6200,62.9986,1077500
2015-12-14,75.5600,76.0100,74.8000,75.7300,63.0903,1528900
2015-12-15,76.3200,76.8800,76.2700,76.5200,63.7484,1073900
2015-12-16,76.9400,77.7300,76.6900,77.6200,64.6648,1718300
2015-12-17,77.7000,77.7600,76.3100,76.3100,63.5734,1176600
2015-12-18,75.6700,75.7000,74.7800,74.8100,62.6002,1695500
2015-12-21,75.1800,75.5400,74.8900,75.4000,63.0940,820200
2015-12-22,75.7300,76.4200,75.3700,76.2300,63.7885,1079100
2015-12-23,76.6300,77.5500,76.6300,77.5500,64.8931,894600
2015-12-24,77.3800,77.6700,77.2800,77.4100,64.7759,576100
2015-12-28,77.0800,77.1100,76.5700,77.0500,64.4747,796700
2015-12-29,77.5500,77.9600,77.5300,77.8600,65.1524,937700
2015-12-30,77.7100,77.8300,77.1700,77.2300,64.6253,740700
2015-12-31,77.0500,77.3300,76.6400,76.6400,64.1316,1114300
2016-01-04,75.4000,75.8100,74.8400,75.7900,63.4203,3957900
2016-01-05,75.9300,76.0800,75.4400,75.9700,63.5710,1367300
2016-01-06,74.8100,75.1100,74.0700,74.5800,62.4078,2094600
2016-01-07,73.2100,74.0400,72.6800,72.8900,60.9936,2613100
2016-01-08,73.2400,73.4700,71.9200,72.0000,60.2489,2007800
2016-01-11,72.2700,72.5100,71.0100,71.7700,60.0564,3731800
2016-01-12,72.3100,72.6500,71.1300,72.1100,60.3409,2219200
2016-01-13,72.3400,72.5800,70.0900,70.3000,58.8263,2761200
2016-01-14,70.4900,71.7200,69.6800,71.2600,59.6297,2812000
2016-01-15,69.4000,70.1100,68.8900,69.9000,58.4916,2788600
2016-01-19,70.5000,70.7200,69.0000,69.6900,58.3159,2835900
2016-01-20,68.7200,69.6200,66.9400,68.9500,57.6967,3984000
2016-01-21,69.2100,70.3800,68.6500,69.5800,58.2239,1671100
2016-01-22,70.5900,71.2400,70.3300,70.9500,59.3703,1068100
2016-01-25,70.6800,70.7800,69.5400,69.6000,58.2406,1235700
2016-01-26,69.9700,70.9700,69.8500,70.8800,59.3117,775400
2016-01-27,70.6800,71.6600,69.9100,70.3400,58.8598,1400100
2016-01-28,70.9100,71.0700,69.8700,70.3900,58.9016,1169800
2016-01-29,70.7700,72.3800,70.7300,72.3800,60.5669,1000400
2016-02-01,71.8300,72.7200,71.5500,72.3500,60.5418,3406400
2016-02-02,71.6800,71.6800,70.6300,70.8500,59.2866,1211800
2016-02-03,71.3100,71.7400,69.7900,71.5400,59.8640,2214400
2016-02-04,71.3800,72.5400,71.3800,71.9500,60.2070,1521100
2016-02-05,71.7100,71.7300,70.5100,70.7300,59.1861,1297900
2016-02-08,69.8600,69.8600,68.3000,69.2400,57.9393,2050200
2016-02-09,68.4300,69.5800,68.4100,69.0300,57.7636,2052100
2016-02-10,69.3700,70.1400,69.0100,69.0700,57.7971,1236800
2016-02-11,67.9100,68.5200,67.3500,68.0900,56.9770,2591000
2016-02-12,68.7100,69.5800,68.3700,69.5700,58.2155,1333900
2016-02-16,70.2600,70.9600,69.9400,70.9600,59.3786,1481000
2016-02-17,71.4400,72.4600,71.4400,72.2700,60.4748,880600
2016-02-18,72.3600,72.3600,71.8100,72.1200,60.3493,1129400
2016-02-19,71.7000,71.9300,71.2600,71.9000,60.1652,819400
2016-02-22,72.6000,73.1800,72.6000,73.1600,61.2196,693700
2016-02-23,72.8800,73.0700,72.2400,72.2900,60.4916,590500
2016-02-24,71.6600,72.8300,71.1900,72.7200,60.8514,1093400
2016-02-25,72.8500,73.5400,72.5300,73.5300,61.5292,943200
2016-02-26,73.9100,74.0900,73.5100,73.6600,61.6380,976400
2016-02-29,73.6000,74.0700,73.1000,73.1000,61.1694,1034700
2016-03-01,73.7100,74.7900,73.4200,74.7900,62.5835,2011700
2016-03-02,74.5800,75.3500,74.4000,75.3300,63.0354,2157300
2016-03-03,75.2200,76.0600,75.1400,76.0200,63.6128,1749800
2016-03-04,76.0900,76.8400,75.8000,76.4100,63.9391,1689000
2016-03-07,76.0400,76.9800,76.0100,76.7800,64.2488,1198900
2016-03-08,76.3400,76.3400,75.4500,75.5200,63.1944,1358800
2016-03-09,75.8000,76.1200,75.5000,75.9200,63.5291,871500
2016-03-10,76.0700,76.5200,75.1600,76.0300,63.6211,1391200
2016-03-11,76.6800,77.5100,76.6400,77.4600,64.8178,1308300
2016-03-14,77.2000,77.5200,77.0300,77.3500,64.7257,803700
2016-03-15,76.8300,76.9100,76.5500,76.9100,64.3575,534900
2016-03-16,76.7100,77.7800,76.7100,77.6400,64.9684,844500
2016-03-17,77.6700,78.5900,77.4500,78.3600,65.5709,989600
2016-03-18,78.1600,78.5300,78.1000,78.3200,65.8754,1183000
2016-03-21,78.2300,78.4800,77.9900,78.3400,65.8922,811900
2016-03-22,77.9600,78.5000,77.7900,78.2800,65.8417,1498000
2016-03-23,78.1200,78.1200,77.4200,77.4800,65.1688,669200
2016-03-24,76.9900,77.3900,76.6900,77.3900,65.0931,982300
2016-03-28,77.5700,77.7100,77.1700,77.5000,65.1856,634300
2016-03-29,77.3000,78.3000,77.0800,78.2900,65.8501,749100
2016-03-30,78.6900,78.9000,78.3000,78.5300,66.0520,797300
2016-03-31,78.4700,78.7200,78.4000,78.5300,66.0520,1901200
2016-04-01,78.0800,78.9100,77.7000,78.8400,66.3127,3030700
2016-04-04,78.8300,78.9100,78.2400,78.3300,65.8838,641400
2016-04-05,77.8300,77.9000,77.3700,77.4500,65.1436,929700
2016-04-06,77.4800,78.3000,77.3200,78.2700,65.8333,533600
2016-04-07,77.8700,78.0400,76.9600,77.2900,65.0090,647200
2016-04-08,77.8400,78.1400,77.4300,77.6300,65.2950,536100
2016-04-11,77.9200,78.3600,77.5100,77.5400,65.2193,696900
2016-04-12,77.6300,78.5200,77.4500,78.3800,65.9258,585600
2016-04-13,78.7600,79.3800,78.6700,79.3700,66.7585,1003400
2016-04-14,79.4200,79.4200,79.0300,79.2100,66.6239,622500
2016-04-15,79.1600,79.2600,78.9300,79.1900,66.6071,656700
2016-04-18,78.9300,79.7700,78.7600,79.7600,67.0865,543100
2016-04-19,79.9400,80.3100,79.7600,80.1100,67.3809,691200
2016-04-20,80.2000,80.6000,79.8900,80.2600,67.5071,681100
2016-04-21,80.2600,80.3800,79.6400,79.7200,67.0529,633600
2016-04-22,79.8800,80.3400,79.8000,80.2200,67.4734,748000
2016-04-25,79.9400,80.0600,79.5500,79.8800,67.1874,726200
2016-04-26,80.0300,80.4400,79.9500,80.4400,67.6585,1199600
2016-04-27,80.3700,81.1100,80.3400,80.9600,68.0959,895300
2016-04-28,80.3500,80.9700,79.8400,80.0000,67.2884,933500
2016-04-29,79.7800,79.8300,78.8400,79.5100,66.8763,831700
2016-05-02,79.7200,80.0700,79.3300,79.9800,67.2716,734400
2016-05-03,79.3800,79.3800,78.7300,79.0800,66.5146,1243200
2016-05-04,78.6800,79.0400,78.3200,78.5700,66.0856,1157100
2016-05-05,78.7600,79.0600,78.3900,78.5500,66.0688,599900
2016-05-06,78.2300,78.8700,78.1200,78.8000,66.2791,585100
2016-05-09,78.7100,78.9800,78.5200,78.7700,66.2539,481400
2016-05-10,79.0500,79.7600,78.9800,79.7400,67.0697,474600
2016-05-11,79.5000,79.7300,78.9400,78.9400,66.3968,519800
2016-05-12,79.3200,79.4700,78.4300,78.9200,66.3800,578200
2016-05-13,78.7100,79.0100,78.0100,78.1600,65.7408,785100
2016-05-16,78.2700,79.1600,78.2600,78.9600,66.4136,1463200
2016-05-17,78.7700,79.1700,78.1900,78.4200,65.9595,918100
2016-05-18,78.2100,78.8200,77.7500,78.2300,65.7997,793300
2016-05-19,77.8300,78.1700,77.3900,78.0000,65.6062,758000
2016-05-20,78.2800,78.7200,78.1700,78.5800,66.0940,462200
2016-05-23,78.5700,78.7800,78.4600,78.5300,66.0520,431500
2016-05-24,78.8100,79.7100,78.8100,79.5400,66.9015,553400
2016-05-25,79.7900,80.3500,79.7800,80.1600,67.4230,752600
2016-05-26,80.2900,80.4100,80.0200,80.1000,67.3725,876700
2016-05-27,80.1600,80.5600,80.1600,80.5600,67.7594,487100
2016-05-31,80.7100,80.8600,80.2900,80.5900,67.7847,705800
2016-06-01,80.2500,80.8200,80.0900,80.7600,67.9276,563400
2016-06-02,80.5700,81.1100,80.4600,81.1100,68.2220,825200
2016-06-03,80.8600,80.9800,80.2400,80.8300,67.9865,764100
2016-06-06,81.0400,81.5100,80.9400,81.3800,68.4491,495700
2016-06-07,81.4300,81.9000,81.3800,81.6800,68.7015,716600
2016-06-08,81.7900,82.0100,81.6500,81.9100,68.8949,701400
2016-06-09,81.5300,81.7800,81.3500,81.7000,68.7183,880200
2016-06-10,81.1200,81.1200,80.3400,80.6100,67.8015,497000
2016-06-13,80.3400,80.8000,79.8700,79.8900,67.1959,609100
2016-06-14,79.7400,80.0200,79.1600,79.6400,66.9856,1017000
2016-06-15,79.8000,80.2300,79.5800,79.6500,66.9940,836700
2016-06-16,79.2400,79.8100,78.6500,79.7400,67.0697,1107800
2016-06-17,79.5100,79.8600,79.3000,79.6900,67.1852,602400
2016-06-20,80.5900,80.9900,80.2600,80.3500,67.7416,579300
2016-06-21,80.4800,80.6500,80.1100,80.4000,67.7838,670500
2016-06-22,80.5500,80.8800,80.2700,80.3200,67.7164,794700
2016-06-23,81.0100,81.5000,80.8500,81.4900,68.7028,697300
2016-06-24,78.7200,79.6900,78.0100,78.1200,65.8616,2750900
2016-06-27,77.4700,77.4900,75.7900,76.1400,64.1923,2316800
2016-06-28,76.7800,77.6600,76.7800,77.6300,65.4485,2993300
2016-06-29,78.2600,79.2600,78.2400,79.1200,66.7047,1657100
2016-06-30,79.3100,80.3600,78.9900,80.3500,67.7416,1035900
2016-07-01,80.3400,80.8700,80.0900,80.6000,67.9524,1242100
2016-07-05,80.2400,80.2700,79.2500,79.6300,67.1346,1360600
2016-07-06,79.3400,80.1400,79.0000,80.1100,67.5393,941700
2016-07-07,80.2300,80.6700,79.7500,80.1000,67.5309,762500
2016-07-08,80.7200,81.7100,80.7200,81.6000,68.7955,609100
2016-07-11,81.7800,82.1200,81.6900,81.9200,69.0653,651200
2016-07-12,82.3600,83.0400,82.3600,82.8900,69.8831,1601300
2016-07-13,83.0600,83.1600,82.4800,82.8400,69.8409,638500
2016-07-14,83.4300,83.5200,83.0800,83.1900,70.1360,705700
2016-07-15,83.4400,83.4400,82.9500,83.1400,70.0939,481000
2016-07-18,83.1500,83.3600,82.9500,83.2900,70.2203,421800
2016-07-19,83.0900,83.1100,82.8200,83.0700,70.0349,370200
2016-07-20,83.2100,83.5700,82.9100,83.4800,70.3805,540200
2016-07-21,83.4300,83.6700,83.0000,83.1700,70.1191,372900
2016-07-22,83.2600,83.7200,83.1200,83.7000,70.5660,489400
2016-07-25,83.5700,83.6100,83.2500,83.5100,70.4058,559100
2016-07-26,83.4900,83.9000,83.3600,83.8800,70.7177,565000
2016-07-27,83.9200,83.9300,83.0700,83.4400,70.3468,603300
2016-07-28,83.3200,83.7300,83.1200,83.6000,70.4816,513400
2016-07-29,83.3400,83.8100,83.0900,83.6800,70.5491,421500
2016-08-01,83.6400,83.7400,83.1800,83.3700,70.2878,650800
2016-08-02,83.2900,83.3700,82.1500,82.5200,69.5712,655300
2016-08-03,82.4200,83.0200,82.2400,82.9900,69.9674,544400
2016-08-04,82.9500,83.2400,82.8200,83.0400,70.0096,688800
2016-08-05,83.3400,83.8100,83.3400,83.7300,70.5913,796700
2016-08-08,83.8400,84.1000,83.7000,83.7900,70.6419,467000
2016-08-09,83.7800,83.9700,83.5600,83.6600,70.5323,547400
2016-08-10,83.7200,83.8000,83.3200,83.4400,70.3468,712300
2016-08-11,83.7300,84.1400,83.6700,84.0600,70.8695,552000
2016-08-12,83.9700,84.1300,83.7400,83.9800,70.8021,858000
2016-08-15,84.1100,84.5600,84.0100,84.3800,71.1393,861500
2016-08-16,84.1800,84.2100,83.8900,83.9000,70.7346,581500
2016-08-17,83.9000,84.0300,83.4300,83.9600,70.7852,606200
2016-08-18,83.9700,84.4300,83.9700,84.4100,71.1646,591400
2016-08-19,84.1600,84.5000,84.0300,84.4400,71.1899,680400
2016-08-22,84.2500,84.4300,84.0600,84.3400,71.1055,499300
2016-08-23,84.6500,84.9000,84.6500,84.7100,71.4175,570400
2016-08-24,84.6100,84.7100,83.9600,84.1200,70.9201,774600
2016-08-25,84.0000,84.3900,83.9300,84.1100,70.9117,611300
2016-08-26,84.2400,84.7300,83.4700,83.8500,70.6925,701100
2016-08-29,83.9100,84.4900,83.9100,84.3200,71.0887,589700
2016-08-30,84.3600,84.4300,83.9000,84.1900,70.9791,488500
2016-08-31,84.0700,84.0700,83.4200,83.8100,70.6587,784300
2016-09-01,83.8500,84.0100,83.2100,83.7900,70.6419,980800
2016-09-02,84.0200,84.4200,83.9800,84.2100,70.9959,596900
2016-09-06,84.3700,84.4200,83.9100,84.3500,71.1140,634000
2016-09-07,84.3500,84.5900,84.2200,84.5900,71.3163,592800
2016-09-08,84.4200,84.6000,84.2300,84.4500,71.1983,1255700
2016-09-09,83.8400,84.0700,82.1300,82.1700,69.2760,1333900
2016-09-12,81.7800,83.5600,81.6500,83.3300,70.2541,1076100
2016-09-13,82.6800,82.8500,81.6400,81.9300,69.0737,1470200
2016-09-14,81.9700,82.4600,81.5300,81.8100,68.9726,1055200
2016-09-15,81.7400,82.8000,81.6200,82.6300,69.6639,869900
2016-09-16,82.0800,82.1000,81.6300,81.9700,69.3593,797100
2016-09-19,82.3000,82.7000,81.9800,82.1600,69.5200,1235100
2016-09-20,82.5300,82.5700,81.9600,81.9600,69.3508,788500
2016-09-21,82.2600,83.1600,82.0800,83.0700,70.2901,1297700
2016-09-22,83.4800,83.8500,83.3400,83.7200,70.8400,843800
2016-09-23,83.5300,83.6900,83.2600,83.3000,70.4846,509100
2016-09-26,82.9600,83.0800,82.6100,82.6600,69.9431,676900
2016-09-27,82.5900,83.0900,82.4200,83.0300,70.2562,630100
2016-09-28,83.1900,83.6900,82.6900,83.6100,70.7469,988000
2016-09-29,83.5100,83.7900,82.6600,82.9100,70.1546,1090900
2016-09-30,83.2100,83.8800,83.0600,83.5900,70.7300,798900
2016-10-03,83.3400,83.4500,83.0300,83.2400,70.4339,830600
2016-10-04,83.3600,83.4100,82.4600,82.7300,70.0024,1684600
2016-10-05,83.0100,83.4100,82.8500,83.2200,70.4169,592700
2016-10-06,83.0700,83.3300,82.8000,83.2600,70.4508,736100
2016-10-07,83.3400,83.4900,82.5000,82.8100,70.0700,660100
2016-10-10,83.1400,83.5400,83.1400,83.1800,70.3831,464000
2016-10-11,82.9300,82.9300,81.6100,81.9400,69.3339,869800
2016-10-12,81.9600,82.2800,81.7400,82.0500,69.4270,772000
2016-10-13,81.4800,82.0000,80.9500,81.7500,69.1731,632900
2016-10-14,82.1800,82.4500,81.6900,81.6900,69.1224,941600
2016-10-17,81.7100,81.8500,81.3500,81.4100,68.8854,560600
2016-10-18,82.1400,82.2000,81.7600,81.9700,69.3593,525100
2016-10-19,82.1200,82.5000,81.8800,82.3700,69.6977,578100
2016-10-20,82.1900,82.4700,81.8900,82.2100,69.5623,610300
2016-10-21,81.7900,82.2500,81.6100,82.1600,69.5200,470000
2016-10-24,82.5500,82.7600,82.2700,82.4200,69.7400,404600
2016-10-25,82.2700,82.2900,81.8700,81.9500,69.3424,766200
2016-10-26,81.6500,82.1100,81.5700,81.9100,69.3085,535100
2016-10-27,82.1500,82.2000,81.3800,81.4300,68.9023,447700
2016-10-28,81.4100,82.0000,81.1200,81.4200,68.8939,729400
2016-10-31,81.6500,81.7800,81.4500,81.5500,69.0039,605400
2016-11-01,81.7500,81.7500,80.3300,80.8800,68.4370,1802400
2016-11-02,80.7400,80.9400,80.1200,80.3000,67.9462,848400
2016-11-03,80.4500,80.6000,79.9000,80.0400,67.7262,731800
2016-11-04,80.1000,80.6600,79.9400,80.0500,67.7346,891800
2016-11-07,81.3700,81.8000,81.1200,81.7800,69.1985,1131500
2016-11-08,81.6800,82.3400,81.3900,82.0900,69.4608,931800
2016-11-09,81.4100,83.3700,80.8800,83.0600,70.2816,2302300
2016-11-10,83.5400,84.1700,83.0400,83.6700,70.7977,3215400
2016-11-11,83.4600,83.7400,83.0700,83.6700,70.7977,1771600
2016-11-14,83.9900,84.4600,83.8800,84.3700,71.3900,2660400
2016-11-15,84.5700,84.9900,84.3400,84.9900,71.9147,1617300
2016-11-16,84.7900,84.8000,84.4100,84.6200,71.6016,1455800
2016-11-17,84.7400,85.1100,84.6200,85.0700,71.9823,1636100
2016-11-18,85.1400,85.1400,84.7900,84.8700,71.8131,1209900
2016-11-21,85.1800,85.5600,85.1200,85.5400,72.3800,2311700
2016-11-22,85.7600,85.8600,85.4000,85.8000,72.6001,1528700
2016-11-23,85.6600,86.0400,85.5300,86.0100,72.7777,1265400
2016-11-25,86.1900,86.3200,86.0500,86.3200,73.0400,670000
2016-11-28,86.1800,86.2400,85.6900,85.7400,72.5493,1302800
2016-11-29,85.7900,86.0200,85.5400,85.8000,72.6001,1262100
2016-11-30,86.1900,86.2700,85.8100,85.8200,72.6170,2193000
2016-12-01,86.0500,86.1600,85.3700,85.5600,72.3970,2467800
2016-12-02,85.5700,85.8600,85.4400,85.5800,72.4139,1186200
2016-12-05,85.9800,86.4000,85.9800,86.2200,72.9554,1661300
2016-12-06,86.3800,86.6700,86.0700,86.6600,73.3277,1447600
2016-12-07,86.6900,87.9400,86.6400,87.9000,74.3770,1608200
2016-12-08,87.9500,88.5300,87.7600,88.2600,74.6816,1743600
2016-12-09,88.3900,88.5100,88.1600,88.5100,74.8931,1869700
2016-12-12,88.4900,88.5800,87.8800,88.0500,74.5039,1359700
2016-12-13,88.3800,88.6300,88.0800,88.4200,74.8169,1563300
2016-12-14,88.3000,88.5400,87.2900,87.5000,74.0385,2074700
2016-12-15,87.5000,88.2200,87.3400,87.8100,74.3008,1707200
2016-12-16,87.8100,87.9000,87.2300,87.4200,74.0948,1448400
2016-12-19,87.5300,87.8000,87.3300,87.5500,74.2050,1233300
2016-12-20,87.7500,87.9800,87.6700,87.8400,74.4508,1205800
2016-12-21,87.8400,87.9000,87.6200,87.6400,74.2813,1193100
2016-12-22,87.5500,87.5500,87.0900,87.2900,73.9847,1172300
2016-12-23,87.2700,87.4700,87.2700,87.4700,74.1372,410100
2016-12-27,87.5000,87.9000,87.5000,87.7600,74.3830,1009000
2016-12-28,87.8800,87.8800,86.8200,86.8600,73.6202,839900
2016-12-29,86.8900,87.1100,86.7000,86.8900,73.6456,847200
2016-12-30,87.1500,87.1500,86.3600,86.6400,73.4338,1303200
2017-01-03,87.2700,87.6700,86.8000,87.3300,74.0186,2197200
2017-01-04,87.5100,88.2900,87.5100,88.1800,74.7390,1862200
2017-01-05,88.0900,88.1000,87.5700,87.9400,74.5356,1281700
2017-01-06,88.0700,88.4000,87.7200,88.1800,74.7390,993000
2017-01-09,88.1500,88.1500,87.6700,87.7000,74.3322,1332700
2017-01-10,87.7900,88.1600,87.6500,87.7800,74.4000,1223500
2017-01-11,87.7700,88.0500,87.5000,88.0100,74.5949,1489400
2017-01-12,87.8900,87.9400,87.1600,87.8700,74.4763,1093000
2017-01-13,87.8700,88.1800,87.8700,88.0500,74.6288,1001700
2017-01-17,87.8600,88.1300,87.6400,87.8200,74.4339,1137500
2017-01-18,87.9600,88.0900,87.6200,88.0800,74.6543,929200
2017-01-19,88.0700,88.2100,87.4100,87.6400,74.2813,751000
2017-01-20,87.9700,88.2000,87.6300,87.9700,74.5610,827400
2017-01-23,87.9000,87.9700,87.3700,87.7100,74.3406,1180200
2017-01-24,87.9200,88.7300,87.9000,88.5800,75.0780,1876500
2017-01-25,88.9800,89.2800,88.9100,89.2500,75.6459,1293400
2017-01-26,89.2500,89.3200,88.9300,89.0100,75.4425,943800
2017-01-27,89.1100,89.1100,88.6500,88.7400,75.2137,910100
2017-01-30,88.4400,88.4500,87.6600,88.2400,74.7899,1420000
2017-01-31,88.0800,88.3800,87.7600,88.3800,74.9085,903500
2017-02-01,88.5600,88.6800,87.8400,88.1600,74.7220,1089800
2017-02-02,87.9800,88.4700,87.8600,88.3500,74.8831,826300
2017-02-03,88.6900,89.0500,88.6100,88.9600,75.4001,794700
2017-02-06,88.8500,88.9800,88.5700,88.7200,75.1967,766700
2017-02-07,88.8300,88.9400,88.4800,88.6300,75.1204,830700
2017-02-08,88.6300,88.8600,88.3100,88.8200,75.2814,657200
2017-02-09,88.9400,89.5500,88.9000,89.3700,75.7476,1169100
2017-02-10,89.6400,89.9700,89.5900,89.8700,76.1714,947200
2017-02-13,90.1400,90.4100,90.0700,90.2700,76.5105,856300
2017-02-14,90.1600,90.5500,90.0100,90.5100,76.7138,772800
2017-02-15,90.4100,91.0800,90.3800,90.9500,77.0868,794600
2017-02-16,90.9900,91.1000,90.4400,90.7200,76.8919,791400
2017-02-17,90.5000,90.9100,90.3700,90.9000,77.0444,668200
2017-02-21,91.0400,91.6200,91.0400,91.5400,77.5868,961000
2017-02-22,91.3400,91.4800,91.1900,91.3200,77.4004,671100
2017-02-23,91.5900,91.6100,90.9200,91.1600,77.2648,1023100
2017-02-24,90.8000,91.4100,90.7000,91.4100,77.4767,809800
2017-02-27,91.4100,91.6800,91.2400,91.6200,77.6547,713400
2017-02-28,91.4100,91.4400,91.0500,91.1500,77.2563,720000
2017-03-01,91.8500,92.5300,91.8500,92.2700,78.2056,1166800
2017-03-02,92.2000,92.2000,91.6400,91.6700,77.6970,786700
2017-03-03,91.6100,91.7400,91.3600,91.6600,77.6886,645800
2017-03-06,91.2900,91.5200,91.0100,91.2500,77.3410,512400
2017-03-07,91.1100,91.1500,90.7700,90.8400,76.9936,942300
2017-03-08,90.9000,91.1200,90.5600,90.6300,76.8156,848700
2017-03-09,90.6400,90.8700,90.1400,90.5500,76.7477,1001900
2017-03-10,91.0000,91.1500,90.4700,90.9100,77.0529,488000
2017-03-13,90.9100,91.1200,90.8000,91.0900,77.2055,545300
2017-03-14,90.7900,90.7900,90.3300,90.6600,76.8410,1294300
2017-03-15,90.8800,91.8900,90.8500,91.6500,77.6801,881300
2017-03-16,91.7400,91.7500,91.3000,91.4400,77.5021,676300
2017-03-17,91.2800,91.3100,90.9900,91.0600,77.4766,539000
2017-03-20,91.0600,91.1000,90.6100,90.8000,77.2554,579300
2017-03-21,91.1100,91.1100,89.5100,89.6100,76.2429,1444000
2017-03-22,89.5800,89.9000,89.2600,89.7700,76.3790,873900
2017-03-23,89.7500,90.3700,89.6400,89.8100,76.4130,787800
2017-03-24,89.9600,90.2200,89.4600,89.8100,76.4130,682500
2017-03-27,89.1000,89.7900,88.8800,89.6500,76.2769,780600
2017-03-28,89.6200,90.5600,89.5000,90.3900,76.9065,764800
2017-03-29,90.3200,90.7500,90.2000,90.7000,77.1702,459000
2017-03-30,90.6700,91.0100,90.5700,90.8800,77.3234,512000
2017-03-31,90.8200,91.0900,90.7200,90.8200,77.2724,591800
2017-04-03,90.9000,90.9300,89.9200,90.4600,76.9660,2521200
2017-04-04,90.3200,90.4200,90.0900,90.3500,76.8725,934000
2017-04-05,90.6700,91.1700,89.9900,90.1000,76.6598,980600
2017-04-06,90.2100,90.8000,90.0600,90.5800,77.0682,682000
2017-04-07,90.5700,90.8000,90.3100,90.5000,77.0001,400700
2017-04-10,90.5900,91.0300,90.4300,90.7100,77.1788,489500
2017-04-11,90.5500,90.7400,90.0000,90.7400,77.2043,617200
2017-04-12,90.6300,90.6500,90.0700,90.1800,76.7278,544500
2017-04-13,90.0400,90.2900,89.5400,89.5500,76.1918,605400
2017-04-17,89.8200,90.3000,89.6400,90.2800,76.8129,802300
2017-04-18,89.9600,90.2500,89.6700,90.0200,76.5917,607100
2017-04-19,90.3300,90.5500,89.9300,90.0500,76.6172,656700
2017-04-20,90.3100,90.9900,90.1800,90.7900,77.2468,582100
2017-04-21,90.7400,90.7800,90.3100,90.5000,77.0001,824200
2017-04-24,91.4700,91.6000,91.1600,91.3900,77.7573,698500
2017-04-25,91.6300,92.0000,91.5400,91.8700,78.1657,649900
2017-04-26,91.8900,92.3400,91.6700,91.8900,78.1828,710200
2017-04-27,91.9700,92.0400,91.5600,91.8500,78.1487,662000
2017-04-28,91.8800,91.9100,91.3400,91.4200,77.7829,632900
2017-05-01,91.6300,91.6300,91.2400,91.3800,77.7488,862000
2017-05-02,91.4900,91.5700,91.2600,91.4600,77.8169,512600
2017-05-03,91.2800,91.3800,90.9100,91.1700,77.5701,621900
2017-05-04,91.2700,91.3400,90.8300,91.2500,77.6382,560800
2017-05-05,91.4600,91.8500,91.3500,91.8500,78.1487,453500
2017-05-08,91.8800,91.9300,91.4800,91.6400,77.9700,541000
2017-05-09,91.7300,91.8000,91.4500,91.5800,77.9190,590800
2017-05-10,91.6200,91.9500,91.4100,91.9300,78.2168,744200
2017-05-11,91.6900,91.7100,91.0000,91.5500,77.8935,590400
2017-05-12,91.4200,91.4900,91.0500,91.1400,77.5446,355700
2017-05-15,91.3600,91.8700,91.3600,91.6900,78.0126,337700
2017-05-16,91.8300,91.8500,91.3000,91.4500,77.8084,542500
2017-05-17,90.7700,90.9500,89.9800,90.0400,76.6087,1293300
2017-05-18,89.9200,90.6100,89.7500,90.2400,76.7789,949800
2017-05-19,90.4800,91.2700,90.2700,90.9700,77.4000,721500
2017-05-22,91.1500,91.5300,91.0100,91.4400,77.7999,418700
2017-05-23,91.6300,91.6700,91.3500,91.4600,77.8169,399500
2017-05-24,91.5400,91.7000,91.4400,91.6600,77.9871,318800
2017-05-25,91.8900,92.2100,91.8200,92.0300,78.3018,557100
2017-05-26,91.9800,92.0400,91.9000,92.0100,78.2849,592300
2017-05-30,91.8800,91.9900,91.6800,91.8400,78.1402,495300
2017-05-31,91.9600,91.9700,91.4600,91.9300,78.2168,527700
2017-06-01,92.1300,92.9000,91.9500,92.8800,79.0251,739700
2017-06-02,92.9400,93.1300,92.7200,93.0100,79.1357,517800
2017-06-05,92.9300,93.0000,92.7400,92.8100,78.9655,369100
2017-06-06,92.5200,92.6900,92.3300,92.4400,78.6507,457300
2017-06-07,92.5800,92.7000,92.2600,92.5300,78.7273,555400
2017-06-08,92.5500,92.7900,92.3400,92.6000,78.7869,312900
2017-06-09,92.6700,93.2000,92.4800,92.8800,79.0251,532100
2017-06-12,92.8000,93.0900,92.6700,93.0000,79.1272,310200
2017-06-13,93.2200,93.5900,93.1000,93.5900,79.6292,530800
2017-06-14,93.6300,93.6400,93.0800,93.3800,79.4505,563500
2017-06-15,92.8300,93.2400,92.7400,93.1800,79.2803,442300
2017-06-16,92.9200,92.9200,92.4700,92.8800,79.2982,425300
2017-06-19,93.1800,93.4900,93.0500,93.4600,79.7934,672100
2017-06-20,93.3600,93.3600,92.6600,92.7000,79.1446,355100
2017-06-21,92.8300,92.8600,92.2300,92.4400,78.9226,312300
2017-06-22,92.4300,92.7600,92.3000,92.4700,78.9482,386300
2017-06-23,92.5300,92.7800,92.3900,92.6800,79.1275,285800
2017-06-26,92.9300,93.2100,92.8300,92.9500,79.3580,248700
2017-06-27,92.9500,93.1000,92.3300,92.3300,78.8287,539600
2017-06-28,92.7400,93.2500,92.7400,93.0500,79.4434,334500
2017-06-29,93.1500,93.2600,91.8700,92.3900,78.8799,432000
2017-06-30,92.7600,93.0300,92.5000,92.6800,79.1275,359600
2017-07-03,93.1400,93.4000,93.0700,93.0700,79.4605,390600
2017-07-05,93.2000,93.2000,92.6600,92.9300,79.3409,601100
2017-07-06,92.5600,92.6100,91.8100,91.9100,78.4701,508200
2017-07-07,92.0300,92.5800,92.0100,92.5000,78.9738,377000
2017-07-10,92.4400,92.6800,92.3200,92.5200,78.9909,271400
2017-07-11,92.4600,92.5600,91.9300,92.4400,78.9226,417500
2017-07-12,92.9200,93.2500,92.9200,93.0800,79.4690,1126600
2017-07-13,93.1800,93.3900,93.0600,93.3500,79.6996,594100
2017-07-14,93.4400,93.9300,93.3100,93.7600,80.0496,391200
2017-07-17,93.7300,94.0400,93.6800,93.8700,80.1435,358600
2017-07-18,93.7500,93.7500,93.4300,93.6700,79.9727,411200
2017-07-19,93.8700,94.3400,93.7700,94.3400,80.5448,538700
2017-07-20,94.4600,94.4600,94.1200,94.2900,80.5021,311300
2017-07-21,94.1200,94.3300,94.0400,94.3100,80.5191,272900
2017-07-24,94.2600,94.4100,94.0800,94.2400,80.4594,383900
2017-07-25,94.5400,94.8000,94.3900,94.6100,80.7753,261900
2017-07-26,94.6700,94.6700,94.3300,94.4200,80.6131,367000
2017-07-27,94.4300,94.4600,93.7800,94.3200,80.5277,552900
2017-07-28,94.1400,94.2600,94.0100,94.2000,80.4252,371300
2017-07-31,94.4200,94.4600,94.0100,94.1600,80.3911,494000
2017-08-01,94.4100,94.4300,93.9700,94.2600,80.4765,398200
2017-08-02,94.1300,94.1300,93.6100,93.9600,80.2203,449200
2017-08-03,93.8700,93.9600,93.6200,93.7200,80.0154,616400
2017-08-04,93.9100,93.9500,93.6800,93.8600,80.1349,487300
2017-08-07,93.8800,94.0200,93.8100,93.9600,80.2203,388300
2017-08-08,93.8900,94.3800,93.5600,93.7300,80.0240,477300
2017-08-09,93.4500,93.6200,93.2800,93.6000,79.9130,579900
2017-08-10,93.2300,93.3000,92.2300,92.2600,78.7689,670100
2017-08-11,92.1300,92.5800,92.1300,92.2800,78.7860,928800
2017-08-14,92.7500,93.3300,92.7500,93.1500,79.5288,423500
2017-08-15,93.2300,93.2300,92.8400,92.9800,79.3837,311900
2017-08-16,93.2000,93.4100,93.0800,93.2200,79.5885,322700
2017-08-17,92.9800,93.1500,91.7900,91.7900,78.3676,662400
2017-08-18,91.6800,92.1000,91.4000,91.5800,78.1884,1150600
2017-08-21,91.6000,91.7700,91.3100,91.6600,78.2566,648700
2017-08-22,91.8800,92.6100,91.7600,92.5300,78.9994,658600
2017-08-23,92.1900,92.4500,92.1500,92.2600,78.7689,355600
2017-08-24,92.4500,92.6200,92.1100,92.1400,78.6665,390900
2017-08-25,92.4500,92.7100,92.3700,92.4600,78.9396,379600
2017-08-28,92.6400,92.6500,92.1500,92.3500,78.8457,625700
2017-08-29,91.7700,92.3700,91.7700,92.2600,78.7689,473900
2017-08-30,92.2000,92.8100,92.1100,92.7000,79.1446,301800
2017-08-31,92.9200,93.3500,92.9200,93.2200,79.5885,285000
2017-09-01,93.4400,93.7300,93.3900,93.6000,79.9130,355800
2017-09-05,93.3700,93.5500,92.5200,92.9600,79.3665,626400
2017-09-06,93.2500,93.4000,93.1000,93.2900,79.6483,361200
2017-09-07,93.4000,93.4500,93.0300,93.2500,79.6142,488100
2017-09-08,93.0500,93.4600,92.9900,93.3300,79.6824,500400
2017-09-11,93.7700,94.3300,93.7700,94.2700,80.4850,436700
2017-09-12,94.3900,94.6500,94.3000,94.6400,80.8009,719700
2017-09-13,94.5700,94.6700,94.5100,94.6500,80.8094,398100
2017-09-14,94.4600,94.7600,94.3800,94.6400,80.8009,385000
2017-09-15,94.1600,94.4000,94.0500,94.3700,80.9209,339100
2017-09-18,94.5300,94.7200,94.3700,94.5200,81.0496,526700
2017-09-19,94.6200,94.6200,94.2900,94.3900,80.9381,248300
2017-09-20,94.4700,94.5600,94.1300,94.5500,81.0753,314600
2017-09-21,94.4500,94.5600,94.2900,94.3500,80.9038,452000
2017-09-22,94.3000,94.6000,94.3000,94.5500,81.0753,304700
2017-09-25,94.4500,94.7900,94.2600,94.6600,81.1696,311500
2017-09-26,94.8200,94.9200,94.6900,94.7700,81.2639,265700
2017-09-27,95.0600,95.3000,94.6400,95.1500,81.5898,477300
2017-09-28,95.0400,95.2200,94.9100,95.2100,81.6412,423000
2017-09-29,95.1900,95.5500,95.1700,95.5400,81.9242,518700
2017-10-02,95.5900,95.9500,95.4400,95.9500,82.2757,1314000
2017-10-03,96.0300,96.1600,95.8200,96.1100,82.4130,420600
2017-10-04,96.1200,96.4200,96.0100,96.3100,82.5845,362600
2017-10-05,96.4400,96.7800,96.3700,96.6900,82.9103,441700
2017-10-06,96.5200,96.5800,96.3200,96.4900,82.7388,442400
2017-10-09,96.5600,96.5600,96.0500,96.1500,82.4473,509400
2017-10-10,96.4100,96.6300,96.2700,96.3900,82.6531,525600
2017-10-11,96.3400,96.4300,96.2400,96.4100,82.6702,283800
2017-10-12,96.2300,96.5200,96.1500,96.4400,82.6959,2808600
2017-10-13,96.6200,96.7700,96.4800,96.5400,82.7817,310000
2017-10-16,96.6900,96.7000,96.4300,96.5700,82.8074,294200
2017-10-17,96.5500,96.6300,96.3700,96.5600,82.7988,305400
2017-10-18,96.6300,96.7500,96.5400,96.6400,82.8674,302500
2017-10-19,96.2400,96.7600,96.0900,96.7600,82.9703,266400
2017-10-20,97.1200,97.4200,96.9500,97.4100,83.5277,273800
2017-10-23,97.5600,97.6100,97.0300,97.0800,83.2448,346400
2017-10-24,97.1400,97.3100,97.0700,97.1800,83.3305,382100
2017-10-25,96.9100,97.2500,95.9900,96.5300,82.7731,392100
2017-10-26,96.7400,96.9100,96.5500,96.7200,82.9361,355700
2017-10-27,96.6100,96.8700,96.2600,96.8700,83.0647,323200
2017-10-30,96.6100,96.7100,96.2900,96.4000,82.6616,463500
2017-10-31,96.5000,96.7000,96.4100,96.5800,82.8160,509700
2017-11-01,96.9000,97.1000,96.5200,96.6100,82.8417,376200
2017-11-02,96.5500,96.7200,96.2000,96.5900,82.8246,282300
2017-11-03,96.4900,96.7700,96.3900,96.7300,82.9446,412000
2017-11-06,96.7200,97.1800,96.7100,97.1300,83.2876,559800
2017-11-07,97.1900,97.3600,96.7900,96.9800,83.1590,415600
2017-11-08,96.8400,97.1700,96.7300,97.1000,83.2619,264100
2017-11-09,96.5800,97.0000,96.2600,96.8400,83.0389,577900
2017-11-10,96.6200,96.9200,96.5600,96.9000,83.0904,236500
2017-11-13,96.6400,97.1400,96.6100,97.0500,83.2190,237000
2017-11-14,96.7200,97.0100,96.5600,97.0000,83.1761,394400
2017-11-15,96.5800,96.7400,96.1000,96.4700,82.7217,422100
2017-11-16,96.6900,97.4700,96.6900,97.3000,83.4333,313900
2017-11-17,97.2400,97.6000,97.2400,97.4700,83.5791,518900
2017-11-20,97.5200,97.6800,97.4200,97.6200,83.7078,341900
2017-11-21,97.8700,98.0200,97.8100,97.9800,84.0165,390900
2017-11-22,97.9900,98.0900,97.9000,97.9400,83.9821,278300
2017-11-24,98.0800,98.1800,97.9800,97.9900,84.0250,204200
2017-11-27,97.9900,98.0600,97.7900,97.8900,83.9393,320900
2017-11-28,98.0100,99.0200,97.9800,99.0200,84.9082,416500
2017-11-29,99.0300,99.6200,99.0300,99.4800,85.3027,321300
2017-11-30,99.7300,100.7100,99.7300,100.2500,85.9629,477800
2017-12-01,100.2700,100.4800,98.5600,100.0500,85.7915,681200
2017-12-04,100.7000,101.0600,100.2600,100.2600,85.9715,714100
2017-12-05,100.4000,100.4000,99.6000,99.6200,85.4228,482300
2017-12-06,99.5000,99.6500,99.3500,99.4400,85.2684,397400
2017-12-07,99.3200,99.9400,99.3200,99.8900,85.6542,372700
2017-12-08,100.2400,100.5200,100.0700,100.5100,86.1859,327100
2017-12-11,100.4900,100.7000,100.3900,100.6000,86.2631,669700
2017-12-12,100.7000,100.8400,100.5600,100.6100,86.2717,382600
2017-12-13,100.6700,100.8800,100.4900,100.5200,86.1945,472400
2017-12-14,100.5500,100.6800,99.9100,99.9100,85.6714,411300
2017-12-15,99.9100,100.6100,99.7500,100.3400,86.4363,401100
2017-12-18,100.9300,101.2000,100.5900,101.1000,87.0911,501900
2017-12-19,101.2600,101.2800,100.7500,100.7600,86.7982,501200
2017-12-20,101.1500,101.1500,100.6300,100.7700,86.8068,640900
2017-12-21,100.9500,101.2000,100.8100,100.9700,86.9791,427200
2017-12-22,101.0300,101.1700,100.8200,101.0700,87.0652,302000
2017-12-26,101.0100,101.3400,101.0100,101.1900,87.1686,259600
2017-12-27,101.3000,101.3600,101.0900,101.1900,87.1686,645000
2017-12-28,101.3300,101.5500,101.0900,101.4400,87.3840,418300
2017-12-29,101.8100,101.8100,100.9800,101.0300,87.0308,567100
2018-01-02,101.3400,101.8000,101.2300,101.7800,87.6768,1132600
2018-01-03,101.9500,102.3800,101.7000,102.3000,88.1248,553300
2018-01-04,102.5800,102.7600,102.4700,102.6500,88.4263,577300
2018-01-05,102.9200,103.2000,102.7000,103.1400,88.8484,727800
2018-01-08,103.1400,103.5400,103.0400,103.4800,89.1413,558300
2018-01-09,103.6200,103.8600,103.3700,103.5300,89.1843,835100
2018-01-10,103.1800,103.3900,102.8800,103.2200,88.9173,593900
2018-01-11,103.4800,104.2200,103.4300,104.2100,89.7701,361900
2018-01-12,104.4300,104.9300,104.2300,104.8800,90.3473,475600
2018-01-16,105.2800,105.4300,103.9200,104.1700,89.7357,794000
2018-01-17,104.5800,105.2800,104.3200,105.0400,90.4851,403900
2018-01-18,104.9600,105.0900,104.5700,104.7500,90.2353,522900
2018-01-19,105.0100,105.4400,104.8600,105.4400,90.8297,500000
2018-01-22,105.4000,106.1900,105.3500,106.1900,91.4758,422500
2018-01-23,106.1900,106.6000,106.0400,106.4800,91.7256,587900
2018-01-24,106.7200,107.0300,106.0700,106.5300,91.7687,613000
2018-01-25,106.8800,106.8800,106.1200,106.4400,91.6911,482500
2018-01-26,106.7100,107.4400,106.5800,107.4300,92.5440,400400
2018-01-29,107.2600,107.4100,106.6200,106.6600,91.8806,610900
2018-01-30,105.9000,106.2000,105.3700,105.4800,90.8642,1048500
2018-01-31,105.7900,106.0300,104.9800,105.4600,90.8469,548400
2018-02-01,105.1200,105.6800,104.9100,105.2100,90.6315,798900
2018-02-02,104.6200,104.7400,103.0300,103.0500,88.7709,1473400
2018-02-05,102.5000,103.1800,99.1500,99.2300,85.4802,1753800
2018-02-06,97.5500,100.8800,96.7800,100.5900,86.6517,1568400
2018-02-07,100.4100,101.9100,100.1000,100.3200,86.4191,2255100
2018-02-08,100.3300,100.3400,96.7900,96.7900,83.3783,1403400
2018-02-09,97.8000,98.7900,94.9700,98.1200,84.5240,3589600
2018-02-12,98.6800,99.9400,98.0800,99.3300,85.5663,1640700
2018-02-13,98.8800,99.7800,98.7200,99.5700,85.7731,720800
2018-02-14,99.0000,101.2000,99.0000,101.0800,87.0738,1157000
2018-02-15,101.6800,102.1300,100.7100,102.1300,87.9783,946800
2018-02-16,101.8600,102.8900,101.8500,102.1800,88.0214,814400
2018-02-20,101.7800,102.3500,101.2100,101.5300,87.4615,636700
2018-02-21,101.5700,102.6400,100.9200,100.9200,86.9360,700500
2018-02-22,101.2300,102.0300,100.7400,100.9700,86.9791,584800
2018-02-23,101.5000,102.5200,101.2800,102.5100,88.3057,584700
2018-02-26,102.8200,103.3400,102.3600,103.2800,88.9690,889500
2018-02-27,103.3400,103.7200,101.9300,101.9400,87.8147,671600
2018-02-28,102.3000,102.5300,100.8300,100.8300,86.8585,547200
2018-03-01,100.8200,101.4400,99.1300,99.7500,85.9281,984800
2018-03-02,99.1800,100.5900,98.8200,100.4100,86.4967,923500
2018-03-05,99.9600,101.8500,99.8900,101.6200,87.5390,614900
2018-03-06,101.9100,102.1400,101.3300,102.0700,87.9266,556600
2018-03-07,101.2600,102.1200,101.1800,101.9800,87.8491,507800
2018-03-08,102.2800,102.4000,101.7300,102.3300,88.1506,515200
2018-03-09,102.8700,103.9500,102.6900,103.9200,89.5203,492600
2018-03-12,104.0100,104.2100,103.6000,103.7800,89.3997,316800
2018-03-13,104.2200,104.4100,103.1200,103.3400,89.0207,596000
2018-03-14,103.7000,103.7800,102.5300,102.7200,88.4866,904100
2018-03-15,102.9200,103.0000,102.2300,102.4500,88.2540,420600
2018-03-16,102.1500,102.7500,102.1500,102.4400,88.6164,305500
2018-03-19,102.1600,102.4400,100.6500,101.2900,87.6216,947300
2018-03-20,101.5800,101.7100,101.1700,101.4000,87.7168,515500
2018-03-21,101.3400,102.2200,101.3000,101.4300,87.7427,494900
2018-03-22,100.6900,101.0600,99.1200,99.1800,85.7964,847000
2018-03-23,99.3800,99.5900,97.2000,97.2900,84.1614,888000
2018-03-26,98.5000,99.6200,97.7900,99.5300,86.0992,638400
2018-03-27,99.8900,100.1600,97.8500,98.3500,85.0784,1451700
2018-03-28,98.4900,99.0100,97.9700,98.2300,84.9746,865000
2018-03-29,98.7000,100.0100,98.6100,99.4800,86.0559,1132300
2018-04-02,99.2800,99.4300,96.3700,97.3000,84.1701,1341100
2018-04-03,97.6900,98.6400,97.2000,98.4700,85.1822,905700
2018-04-04,97.2600,99.7700,97.2000,99.6200,86.1770,1166600
2018-04-05,100.1100,100.5700,99.7200,100.2600,86.7306,454400
2018-04-06,99.4300,100.0000,97.4200,98.1400,84.8967,737000
2018-04-09,98.7200,99.7000,98.2700,98.3400,85.0697,279600
2018-04-10,99.4600,100.0900,99.1500,99.7400,86.2808,606100
2018-04-11,98.9800,99.9700,98.9800,99.3900,85.9780,509100
2018-04-12,99.8300,100.2200,99.6200,99.8600,86.3846,489300
2018-04-13,100.3600,100.5200,99.2800,99.6500,86.2030,539900
2018-04-16,100.2000,100.9200,100.0000,100.6100,87.0334,720100
2018-04-17,101.2000,101.6800,100.9900,101.4300,87.7427,677600
2018-04-18,101.7400,102.1700,101.5800,101.7000,87.9763,342600
2018-04-19,101.5600,101.5600,100.5600,100.9900,87.3621,386000
2018-04-20,101.0000,101.1100,99.9300,100.2800,86.7479,338500
2018-04-23,100.3600,100.8400,100.0000,100.4100,86.8604,274000
2018-04-24,100.8500,100.9800,98.8200,99.4500,86.0299,482400
2018-04-25,99.3700,99.9100,98.7600,99.7300,86.2721,370300
2018-04-26,99.9700,100.7500,99.7200,100.5000,86.9383,278900
2018-04-27,100.5000,100.9300,100.3200,100.7700,87.1718,196300
2018-04-30,100.8600,101.1500,99.8500,99.8500,86.3760,606200
2018-05-01,99.6600,99.9000,98.9200,99.8900,86.4106,602800
2018-05-02,99.6200,99.9500,98.9300,99.0600,85.6926,260400
2018-05-03,98.8100,98.9700,97.5300,98.7300,85.4071,606300
2018-05-04,98.2900,100.1800,98.2200,99.8300,86.3587,482500
2018-05-07,100.0800,100.3800,99.7600,100.0000,86.5057,353300
2018-05-08,99.8300,100.1100,99.3900,99.9300,86.4451,322000
2018-05-09,100.2100,100.9200,100.0700,100.7400,87.1459,311800
2018-05-10,101.1000,101.7500,100.9300,101.6200,87.9071,432100
2018-05-11,101.5700,101.9800,101.4400,101.7200,87.9936,218500
2018-05-14,101.9800,102.1700,101.5200,101.7600,88.0282,429200
2018-05-15,101.2900,101.3700,100.9200,101.2500,87.5870,485500
2018-05-16,101.3800,102.0000,101.3800,101.8100,88.0714,361200
2018-05-17,101.8100,102.2400,101.5400,101.9400,88.1839,489500
2018-05-18,101.7500,101.8900,101.5300,101.7300,88.0023,336600
2018-05-21,102.2600,102.5700,102.1800,102.3900,88.5732,260300
2018-05-22,102.5700,102.7500,101.9100,102.0000,88.2358,383800
2018-05-23,101.6700,102.1900,101.5300,102.1900,88.4002,375700
2018-05-24,102.0200,102.2200,101.4900,102.1700,88.3829,554400
2018-05-25,101.9300,102.1400,101.7300,101.9500,88.1926,301100
2018-05-29,101.3900,101.5300,100.4300,100.8700,87.2583,812200
2018-05-30,101.3500,102.4400,101.3400,102.2100,88.4175,510400
2018-05-31,102.0800,102.0800,101.0500,101.3000,87.6303,714300
2018-06-01,101.8100,102.2900,101.7600,102.1600,88.3742,566400
2018-06-04,102.5000,102.6700,102.1900,102.5100,88.6770,399600
2018-06-05,102.5500,102.8000,102.3300,102.7000,88.8414,451100
2018-06-06,102.8600,103.4800,102.6200,103.4800,89.5161,544000
2018-06-07,103.5800,103.9100,103.2000,103.5300,89.5594,400700
2018-06-08,103.3700,104.0200,103.3300,104.0200,89.9832,324800
2018-06-11,104.0800,104.4800,104.0800,104.2400,90.1736,385500
2018-06-12,104.4300,104.6500,104.2100,104.5400,90.4331,422200
2018-06-13,104.6200,104.6400,103.9800,104.0200,89.9832,432900
2018-06-14,104.2500,104.5500,104.0700,104.2900,90.2168,473600
2018-06-15,103.5900,103.9100,103.1700,103.8900,90.2186,482600
2018-06-18,103.3200,103.7500,103.1800,103.7000,90.0536,395700
2018-06-19,102.8100,103.3500,102.4500,103.2800,89.6888,446200
2018-06-20,103.5700,103.7200,103.2900,103.5700,89.9407,443100
2018-06-21,103.5600,103.5700,102.7800,102.9700,89.4196,292000
2018-06-22,103.5000,103.6000,103.1600,103.2400,89.6541,589800
2018-06-25,102.8600,102.9200,101.5500,102.1100,88.6728,865800
2018-06-26,102.2600,102.5100,101.9400,102.2100,88.7596,497200
2018-06-27,102.3400,102.8900,101.3000,101.3000,87.9694,597500
2018-06-28,101.2000,101.9700,100.8500,101.7100,88.3254,535900
2018-06-29,102.0400,102.6300,101.8300,101.8900,88.4817,740900
2018-07-02,101.3100,101.8900,100.9900,101.8500,88.4470,889800
2018-07-03,102.2100,102.4200,101.6200,101.8000,88.4036,310700
2018-07-05,102.1800,102.5700,101.7600,102.5600,89.0636,476500
2018-07-06,102.5700,103.5200,102.4600,103.3400,89.7409,584300
2018-07-09,103.7400,104.1800,103.7400,104.1300,90.4269,421000
2018-07-10,104.3200,104.4600,104.0800,104.4000,90.6614,557900
2018-07-11,103.8900,104.0100,103.4400,103.5800,89.9493,317900
2018-07-12,104.0400,104.2500,103.6600,104.1600,90.4530,665200
2018-07-13,104.1400,104.4500,104.1000,104.2600,90.5399,384300
2018-07-16,104.2500,104.3300,103.7700,103.9500,90.2706,572200
2018-07-17,103.7400,104.4300,103.7400,104.2800,90.5572,322500
2018-07-18,104.2800,104.5600,104.1400,104.5200,90.7657,280700
2018-07-19,104.2500,104.7400,103.9800,104.5000,90.7483,483500
2018-07-20,104.2500,104.3900,104.0800,104.1600,90.4530,208300
2018-07-23,104.1000,104.2800,103.8700,104.1700,90.4617,206300
2018-07-24,104.4600,104.6000,103.8400,104.1200,90.4183,1505300
2018-07-25,104.0500,105.0800,104.0300,105.0400,91.2172,447600
2018-07-26,105.0600,105.6100,104.9600,105.4100,91.5386,377000
2018-07-27,105.5500,105.6000,104.4800,104.7900,91.0001,301300
2018-07-30,104.7300,105.0700,104.2600,104.3400,90.6093,303800
2018-07-31,104.7000,105.2200,104.6500,105.0500,91.2259,1085700
2018-08-01,104.9400,104.9400,104.1700,104.3700,90.6354,405400
2018-08-02,103.8500,104.8700,103.6900,104.7900,91.0001,383300
2018-08-03,104.8900,105.3400,104.8100,105.3200,91.4604,309500
2018-08-06,105.2800,105.7200,105.1600,105.5700,91.6775,398200
2018-08-07,105.7400,105.9300,105.6100,105.7800,91.8598,451700
2018-08-08,105.7300,105.7300,105.4200,105.5900,91.6948,277200
2018-08-09,105.6600,105.8600,105.4200,105.4700,91.5906,291600
2018-08-10,104.9600,105.1200,104.5500,104.7600,90.9741,319400
2018-08-13,104.8700,104.9400,104.0600,104.2200,90.5051,1100300
2018-08-14,104.5400,105.2400,104.5400,105.1000,91.2693,286800
2018-08-15,104.6000,104.6000,103.8100,104.4000,90.6614,396700
2018-08-16,104.8200,105.5200,104.8200,105.2300,91.3822,366600
2018-08-17,105.0900,105.9600,105.0900,105.7900,91.8685,275600
2018-08-20,105.9700,106.3700,105.9600,106.2900,92.3027,399900
2018-08-21,106.4100,106.8100,106.3900,106.5600,92.5372,345100
2018-08-22,106.4600,106.5400,106.2200,106.3300,92.3375,331600
2018-08-23,106.2300,106.4100,105.9600,106.0700,92.1116,273600
2018-08-24,106.2600,106.6900,106.1900,106.6400,92.6067,206500
2018-08-27,107.0300,107.4000,107.0300,107.2400,93.1277,1752900
2018-08-28,107.4300,107.5400,107.0600,107.3400,93.2145,1666600
2018-08-29,107.4100,107.8900,107.2300,107.7600,93.5793,767900
2018-08-30,107.5300,107.5700,106.8700,107.0700,92.9801,399400
2018-08-31,106.9000,107.2500,106.7400,107.1100,93.0148,376300
2018-09-04,107.0000,107.1900,106.6100,107.0100,92.9280,718200
2018-09-05,106.8600,107.1800,106.4900,107.0600,92.9714,430400
2018-09-06,107.1000,107.3500,106.5900,106.8600,92.7977,579300
2018-09-07,106.4900,106.8800,106.2700,106.4800,92.4677,474600
2018-09-10,106.8700,107.1800,106.8100,106.8800,92.8151,443900
2018-09-11,106.6300,107.2000,106.4600,106.9600,92.8845,1394500
2018-09-12,106.9300,107.2700,106.7300,107.1500,93.0495,2770000
2018-09-13,107.4600,107.7200,107.3400,107.6000,93.4403,1526600
2018-09-14,107.6400,107.8400,107.4400,107.7400,93.5619,423300
2018-09-17,107.8000,107.8400,107.2900,107.3800,93.2493,372400
2018-09-18,107.4500,108.0300,107.3400,107.8800,93.6835,478300
2018-09-19,107.9100,108.2200,107.7800,107.8300,93.6400,514800
2018-09-20,108.1800,108.6100,108.1600,108.5100,94.2306,439600
2018-09-21,108.7600,108.8900,108.5400,108.5800,94.2914,397900
2018-09-24,107.9300,107.9800,107.1800,107.3300,93.6249,380000
2018-09-25,107.5300,107.6000,106.9600,107.0400,93.3719,432200
2018-09-26,107.0700,107.4900,106.5100,106.6300,93.0143,920100
2018-09-27,106.7000,107.1300,106.5200,106.6400,93.0230,598000
2018-09-28,106.4900,106.9900,106.4600,106.8100,93.1713,444400
2018-10-01,107.2300,107.3700,106.6100,106.8100,93.1713,1042700
2018-10-02,106.7500,107.0300,106.4900,106.6600,93.0405,522600
2018-10-03,107.0100,107.1300,106.5200,106.6700,93.0492,637000
2018-10-04,106.4700,106.5000,105.3900,105.9300,92.4037,964300
2018-10-05,105.9200,106.2800,104.9100,105.4100,91.9501,1082000
2018-10-08,105.1900,105.6800,104.8600,105.5400,92.0635,486200
2018-10-09,105.3800,105.6300,105.0000,105.0400,91.6273,607900
2018-10-10,104.8200,105.1800,101.9600,102.0300,89.0017,1317400
2018-10-11,101.7300,102.2000,99.3400,99.7700,87.0303,2233600
2018-10-12,101.1200,101.1900,99.5000,100.6400,87.7892,1857900
2018-10-15,100.5000,101.4400,100.4700,100.6000,87.7543,1018500
2018-10-16,101.1700,102.7500,100.9300,102.6200,89.5163,906000
2018-10-17,102.5500,102.6900,101.4600,102.4100,89.3332,801500
2018-10-18,102.0300,102.4000,100.5900,101.1000,88.1904,895600
2018-10-19,101.1900,101.9500,100.5900,100.8000,87.9287,713800
2018-10-22,100.9900,101.1500,100.0600,100.1300,87.3443,603000
2018-10-23,98.7600,100.0100,97.8100,99.4900,86.7860,1527900
2018-10-24,99.4300,99.7600,96.7200,96.8500,84.4831,1818100
2018-10-25,97.3500,98.7600,97.0100,98.1200,85.5910,3390500
2018-10-26,96.9300,97.7500,95.5000,96.5900,84.2563,2564400
2018-10-29,97.8600,98.5400,95.4000,96.6300,84.2912,2543200
2018-10-30,96.7600,98.6000,96.7300,98.5000,85.9224,2558500
2018-10-31,99.3600,100.0700,99.0400,99.0700,86.4196,3480300
2018-11-01,99.3200,100.6300,99.2000,100.5100,87.6758,4104000
2018-11-02,101.2000,101.3100,99.3400,100.1500,87.3617,2029000
2018-11-05,100.3600,101.1100,100.0800,100.9000,88.0160,834100
2018-11-06,100.8900,101.6300,100.8900,101.6000,88.6266,624900
2018-11-07,102.3200,103.2400,101.8500,103.1600,89.9874,941200
2018-11-08,102.9200,103.3600,102.6700,103.0800,89.9176,634700
2018-11-09,102.5800,102.6500,101.5300,102.1700,89.1238,519700
2018-11-12,101.9900,102.0000,100.4600,100.6100,87.7630,746400
2018-11-13,100.9000,101.6500,100.2500,100.5700,87.7281,830900
2018-11-14,101.1400,101.4800,99.3300,99.9300,87.1698,935200
2018-11-15,99.3900,100.9600,98.7800,100.7800,87.9113,1253800
2018-11-16,100.4500,101.4500,100.3500,101.1000,88.1904,856300
2018-11-19,100.9500,101.1800,99.4100,99.7800,87.0390,947600
2018-11-20,98.6800,99.0300,97.7600,98.0300,85.5124,1285000
2018-11-21,98.4700,99.3400,98.4400,98.6400,86.0446,683300
2018-11-23,98.0000,98.8300,97.9800,98.3500,85.7916,151200
2018-11-26,99.2300,99.7000,98.9700,99.6800,86.9518,610000
2018-11-27,99.3100,99.7600,99.1400,99.7300,86.9954,596000
2018-11-28,100.0600,101.5500,99.5000,101.5500,88.5830,818200
2018-11-29,101.2600,101.8200,100.7400,101.2500,88.3213,528700
2018-11-30,101.1900,101.8800,101.0300,101.6600,88.6789,689600
2018-12-03,103.0400,103.3400,102.1100,102.8900,89.7519,1289600
2018-12-04,102.7300,102.8800,99.6000,99.8000,87.0564,1194500
2018-12-06,98.4100,99.5000,96.8700,99.5000,86.7947,2091100
2018-12-07,99.3600,99.9800,96.9700,97.3400,84.9105,1373100
2018-12-10,97.3400,97.5300,95.3800,97.1600,84.7535,1665000
2018-12-11,98.3200,98.6500,96.6100,97.0900,84.6925,711900
2018-12-12,98.2900,98.7200,97.5600,97.5800,85.1199,670500
2018-12-13,97.8400,98.0700,96.8000,97.1200,84.7186,655600
2018-12-14,96.2500,96.8800,95.4900,95.7400,83.5148,982700
2018-12-17,95.4200,95.7300,93.1600,93.6700,81.7092,1721100
2018-12-18,94.2900,94.7700,92.9700,93.5400,81.5958,2954100
2018-12-19,93.5400,95.0200,91.5800,92.0700,80.3135,2041300
2018-12-20,91.6800,92.2600,89.6700,90.6200,79.0487,2758600
2018-12-21,90.8900,92.1300,88.8200,89.0100,77.6442,2648200
2018-12-24,87.9600,88.1600,86.1600,86.1900,75.6364,1472700
2018-12-26,86.6100,90.0900,85.7600,90.0900,79.0588,2744400
2018-12-27,88.9100,90.9000,87.6600,90.9000,79.7697,2794700
2018-12-28,91.1800,91.8700,90.2100,90.6700,79.5678,2436600
2018-12-31,91.1900,91.4300,90.3600,91.4000,80.2084,3096200
2019-01-02,90.0600,91.7900,89.9000,91.4500,80.2523,1783300
2019-01-03,90.9900,91.1100,89.4700,89.6800,78.6990,1738900
2019-01-04,90.7600,92.9200,90.7200,92.6600,81.3142,1308100
2019-01-07,92.7800,94.3400,92.4400,93.6300,82.1654,1055100
2019-01-08,94.4600,94.6900,93.5600,94.6400,83.0517,1195800
2019-01-09,94.9700,95.6600,94.6200,95.3100,83.6397,1142400
2019-01-10,94.7200,95.9200,94.4800,95.8900,84.1487,1420600
2019-01-11,95.4500,96.0400,95.2000,95.9600,84.2101,1933000
2019-01-14,95.2800,95.8000,95.0700,95.4400,83.7538,754700
2019-01-15,95.5200,96.3100,95.5200,96.1700,84.3944,891700
2019-01-16,96.2600,96.7800,96.1700,96.4100,84.6050,764600
2019-01-17,96.1000,97.6400,96.0400,97.3100,85.3948,947700
2019-01-18,97.9400,98.9200,97.8200,98.7900,86.6936,1057900
2019-01-22,98.2400,98.2500,96.8900,97.4700,85.5352,3144100
2019-01-23,97.8300,98.0600,96.4700,97.3900,85.4650,1446300
2019-01-24,97.3500,98.0600,97.2900,97.8400,85.8599,1133200
2019-01-25,98.5700,99.1300,98.5400,98.8800,86.7726,926000
2019-01-28,98.1200,98.5200,97.7200,98.4900,86.4303,1084700
2019-01-29,98.6300,98.8200,98.2400,98.6600,86.5795,809500
2019-01-30,99.0200,100.0700,98.4800,99.7100,87.5009,1086100
2019-01-31,99.5900,100.4700,99.4900,100.3700,88.0801,1924000
2019-02-01,100.5000,100.8100,100.2200,100.6200,88.2995,1213900
2019-02-04,100.6700,101.1700,100.1600,101.1700,88.7821,803800
2019-02-05,101.3000,101.6300,101.0600,101.5600,89.1244,1752700
2019-02-06,101.4100,101.6400,101.2200,101.4700,89.0454,661500
2019-02-07,100.9300,101.2500,100.0500,100.7400,88.4048,1118200
2019-02-08,100.4200,100.9300,99.9100,100.9300,88.5715,787200
2019-02-11,101.1600,101.3000,100.9000,101.2100,88.8172,457900
2019-02-12,101.8700,102.6600,101.8500,102.4600,89.9142,1003600
2019-02-13,102.7500,103.1300,102.5700,102.9100,90.3091,804000
2019-02-14,102.4500,103.1500,102.1300,102.6700,90.0985,703800
2019-02-15,103.3600,103.8200,103.3400,103.8200,91.1077,742100
2019-02-19,103.5400,104.2900,103.2800,104.0100,91.2744,1337600
2019-02-20,104.0500,104.5900,103.9900,104.3800,91.5991,700300
2019-02-21,104.2100,104.3300,103.6000,103.9800,91.2481,547500
2019-02-22,104.2100,104.6100,104.0800,104.5300,91.7307,729800
2019-02-25,105.0500,105.2600,104.5000,104.5500,91.7483,696600
2019-02-26,104.4300,104.7400,104.2600,104.2700,91.5025,701100
2019-02-27,104.0200,104.4200,103.7600,104.3000,91.5289,636300
2019-02-28,104.1700,104.3300,103.8800,104.0500,91.3095,1383000
2019-03-01,104.7700,105.0400,104.1200,104.7500,91.9238,911100
2019-03-04,105.1100,105.1400,103.2800,104.2500,91.4850,1636500
2019-03-05,104.3000,104.3100,103.8400,103.9300,91.2042,314200
2019-03-06,103.9000,103.9400,102.9300,103.0200,90.4056,512200
2019-03-07,102.8600,102.8600,101.8800,102.2200,89.7036,1083100
2019-03-08,101.5500,101.9300,101.2100,101.9000,89.4227,1117500
2019-03-11,102.1300,103.2500,102.1300,103.2200,90.5811,641800
2019-03-12,103.3900,103.7800,103.3200,103.5600,90.8795,636600
2019-03-13,103.8700,104.5500,103.8200,104.1800,91.4236,725300
2019-03-14,104.2200,104.3600,103.8400,104.0300,91.2919,326400
2019-03-15,104.1800,104.7700,104.1100,104.4100,91.6254,491300
2019-03-18,104.0900,104.4800,103.7300,104.4200,92.0565,608800
2019-03-19,104.7400,105.0500,103.9000,104.2400,91.8978,734100
2019-03-20,104.1300,104.3400,103.1100,103.5100,91.2543,1057300
2019-03-21,103.2500,105.0500,103.2500,104.8400,92.4268,722200
2019-03-22,104.3700,104.4500,102.6500,102.6900,90.5314,920100
2019-03-25,102.6200,103.1800,102.1200,102.7200,90.5578,661700
2019-03-26,103.3000,103.9100,102.9700,103.5800,91.3160,523800
2019-03-27,103.6000,103.8700,102.6300,103.2400,91.0162,771200
2019-03-28,103.4300,103.9700,103.0900,103.8200,91.5276,736700
2019-03-29,104.3900,104.6000,104.0600,104.4400,92.0742,782900
2019-04-01,105.1900,105.8500,105.1200,105.7700,93.2467,1259600
2019-04-02,105.8100,105.8400,105.3900,105.6900,93.1761,722400
2019-04-03,106.2000,106.4300,105.7000,105.9800,93.4318,912000
2019-04-04,106.0100,106.3600,105.8600,106.3300,93.7404,1785900
2019-04-05,106.5900,107.0400,106.5200,107.0200,94.3486,851900
2019-04-08,106.9000,107.1000,106.6100,107.0900,94.4104,836000
2019-04-09,106.7100,106.7100,106.0400,106.2500,93.6698,535500
2019-04-10,106.4000,106.8100,106.2300,106.7700,94.1283,471800
2019-04-11,106.9800,107.0900,106.5900,106.9100,94.2517,462900
2019-04-12,107.5700,107.9000,107.3700,107.7700,95.0099,456700
2019-04-15,107.8600,107.8600,107.3400,107.4700,94.7454,423300
2019-04-16,107.8600,107.8600,107.2800,107.5100,94.7806,544700
2019-04-17,107.9000,108.0000,106.7400,106.8800,94.2253,463200
2019-04-18,107.1500,107.2300,106.6200,107.1300,94.4456,529800
2019-04-22,106.8800,106.9800,106.6500,106.8600,94.2076,474500
2019-04-23,107.0100,107.9700,107.0100,107.8500,95.0804,530800
2019-04-24,107.8700,108.1200,107.7200,107.8200,95.0539,573700
2019-04-25,107.1600,107.5100,106.6900,107.1900,94.4986,564500
2019-04-26,107.2600,107.8400,107.0200,107.8400,95.0716,520600
2019-04-29,107.8800,108.1400,107.7900,107.8300,95.0628,365900
2019-04-30,107.9500,108.3000,107.3100,108.1900,95.3801,671800
2019-05-01,108.2900,108.4900,107.1000,107.1000,94.4192,866600
2019-05-02,106.9700,107.5100,106.3900,107.1100,94.4280,600400
2019-05-03,107.5000,108.1300,107.3800,108.0700,95.2743,440900
2019-05-06,106.4000,107.7500,106.2300,107.5600,94.8247,522600
2019-05-07,106.7000,106.8400,105.0900,105.8300,93.2996,1552600
2019-05-08,105.6900,106.3000,105.4600,105.6600,93.1497,904200
2019-05-09,104.9400,105.7300,104.2100,105.5300,93.0351,637300
2019-05-10,105.1700,106.2700,103.9000,105.9900,93.4406,977700
2019-05-13,104.2100,104.2900,102.9000,103.3500,91.1132,1200800
2019-05-14,103.7200,104.9600,103.6000,104.3700,92.0124,827600
2019-05-15,103.7500,104.9700,103.5100,104.7000,92.3034,871000
2019-05-16,104.9300,105.9700,104.9300,105.4100,92.9293,701000
2019-05-17,104.5800,105.6800,104.5800,104.7100,92.3122,684800
2019-05-20,104.1200,104.5300,103.7500,104.0500,91.7303,410900
2019-05-21,104.6700,105.3200,104.6400,105.1700,92.7177,423000
2019-05-22,104.8000,105.0600,104.4500,104.6400,92.2505,651500
2019-05-23,103.7700,103.7700,102.7700,103.3300,91.0956,972900
2019-05-24,103.8300,104.0500,103.2100,103.5200,91.2631,715500
2019-05-28,103.6200,103.9600,102.3900,102.3900,90.2668,552600
2019-05-29,101.9500,102.1000,101.1200,101.6900,89.6498,735200
2019-05-30,101.9500,102.4400,101.4600,101.8500,89.7908,705300
2019-05-31,100.8600,101.2000,100.5000,100.6900,88.7681,1224500
2019-06-03,100.7500,101.7100,100.7400,101.2700,89.2795,1346300
2019-06-04,102.1200,103.5800,102.1200,103.5400,91.2807,659500
2019-06-05,104.1000,104.4100,103.2800,104.3600,92.0036,580900
2019-06-06,104.4500,105.1300,104.1600,104.8800,92.4620,518400
2019-06-07,105.2500,105.9800,105.2100,105.5600,93.0615,663400
2019-06-10,106.0400,106.5000,105.8500,105.8900,93.3524,391800
2019-06-11,106.5200,106.7500,105.5000,105.7800,93.2555,436600
2019-06-12,105.6800,105.9100,105.4400,105.6500,93.1409,1951000
2019-06-13,105.9500,106.3300,105.8100,106.2700,93.6875,960200
2019-06-14,106.2200,106.2200,105.7000,105.9800,93.4318,308700
2019-06-17,106.1000,106.1900,105.7700,105.8100,93.2819,287900
2019-06-18,106.3900,107.3300,106.3900,106.8500,94.1988,564800
2019-06-19,106.9000,107.4200,106.6700,107.2400,94.5426,610900
2019-06-20,108.2200,108.3300,107.3400,108.1800,95.3713,853800
2019-06-21,108.0800,108.3000,107.7400,107.9300,95.1509,620400
2019-06-24,107.4600,107.5200,106.9500,106.9800,94.7435,428700
2019-06-25,107.0700,107.1100,106.2800,106.3300,94.1679,358000
2019-06-26,106.6000,106.7500,106.1200,106.1500,94.0085,383000
2019-06-27,106.4300,106.9200,106.4300,106.8200,94.6018,404400
2019-06-28,107.1600,107.8800,107.1500,107.8000,95.4697,447000
2019-07-01,109.0000,109.2400,108.0100,108.5700,96.1517,1172000
2019-07-02,108.4900,108.5700,108.0200,108.4500,96.0454,813100
2019-07-03,108.7800,109.4500,108.7700,109.4400,96.9222,228800
2019-07-05,108.9600,109.3300,108.2900,109.3000,96.7982,388400
2019-07-08,108.9000,109.1400,108.4600,108.7000,96.2668,349600
2019-07-09,108.2200,108.7100,108.1500,108.6600,96.2314,370900
2019-07-10,109.0100,109.2600,108.5500,108.7800,96.3376,741100
2019-07-11,108.9400,109.0500,108.4500,109.0000,96.5325,345300
2019-07-12,109.1600,109.7800,109.1200,109.7400,97.1878,379500
2019-07-15,109.8500,109.8500,109.4200,109.6500,97.1081,330400
2019-07-16,109.6300,109.8500,109.3400,109.4300,96.9133,478500
2019-07-17,109.4300,109.4300,108.5200,108.5200,96.1074,319200
2019-07-18,108.3100,109.1100,108.1900,108.9400,96.4793,271700
2019-07-19,109.2700,109.4100,108.4400,108.4800,96.0720,410100
2019-07-22,108.6800,108.8200,108.3300,108.5100,96.0985,413800
2019-07-23,108.8300,109.4800,108.7200,109.4500,96.9310,410700
2019-07-24,109.3100,110.2400,109.1800,110.1800,97.5775,359100
2019-07-25,110.0000,110.0000,109.2300,109.4700,96.9487,417000
2019-07-26,109.6300,110.0700,109.4800,110.0200,97.4358,1105900
2019-07-29,110.0200,110.0200,109.5500,109.7000,97.1524,493700
2019-07-30,109.1100,109.8000,108.8700,109.8000,97.2410,260900
2019-07-31,109.7500,109.9100,107.8700,108.7100,96.2757,564000
2019-08-01,108.6700,109.4300,106.9100,107.3200,95.0446,921900
2019-08-02,107.0200,107.0300,105.9300,106.4600,94.2830,651000
2019-08-05,104.9900,104.9900,102.5900,103.4400,91.6084,1455800
2019-08-06,104.0100,104.6500,103.2100,104.5900,92.6269,1056900
2019-08-07,103.3500,104.9900,102.6400,104.7300,92.7509,1022800
2019-08-08,105.2200,106.6700,105.1400,106.6200,94.4247,456700
2019-08-09,106.2000,106.3300,105.1300,105.6400,93.5568,440400
2019-08-12,105.0600,105.1300,103.9200,104.2900,92.3612,439900
2019-08-13,104.1000,106.4300,103.9000,105.6400,93.5568,412000
2019-08-14,104.0500,104.0800,102.3000,102.4000,90.6874,701300
2019-08-15,102.7100,102.8500,101.7300,102.4300,90.7140,768800
2019-08-16,102.9700,104.2300,102.9700,104.0900,92.1841,564200
2019-08-19,105.2000,105.6200,105.0000,105.2900,93.2469,455700
2019-08-20,105.0600,105.1500,104.3900,104.4400,92.4941,442400
2019-08-21,105.2400,105.4000,105.0500,105.2900,93.2469,324800
2019-08-22,105.5200,105.8100,104.7700,105.3600,93.3088,337500
2019-08-23,104.7900,105.3400,102.0800,102.5100,90.7848,856800
2019-08-26,103.3600,103.5400,102.7300,103.4100,91.5819,636000
2019-08-27,103.9000,104.0600,102.6700,102.8300,91.0682,440400
2019-08-28,102.5800,103.8100,102.4000,103.7200,91.8564,420000
2019-08-29,104.7300,105.3300,104.4600,105.1200,93.0963,570700
2019-08-30,105.6000,105.8600,104.9300,105.1600,93.1317,1026700
2019-09-03,104.4900,104.8100,103.9600,104.5700,92.6092,422400
2019-09-04,105.4100,105.8400,105.2500,105.8100,93.7074,540000
2019-09-05,106.8400,107.6900,106.7900,107.3600,95.0801,525600
2019-09-06,107.5300,107.8600,107.2800,107.6200,95.3103,388400
2019-09-09,107.9500,108.2200,107.7000,108.2100,95.8328,380100
2019-09-10,107.9600,108.7100,107.6700,108.7100,96.2757,510600
2019-09-11,108.7700,109.5700,108.2700,109.5400,97.0107,643500
2019-09-12,109.8200,110.0100,109.2600,109.6700,97.1259,522800
2019-09-13,109.9500,110.2500,109.6400,109.6900,97.1436,282500
2019-09-16,109.4400,109.8600,109.2700,109.7700,97.2144,331500
2019-09-17,109.6900,109.8200,109.3200,109.7900,97.2321,283000
2019-09-18,109.5900,109.6800,108.7100,109.6700,97.1259,394200
2019-09-19,109.7800,109.9800,109.2500,109.3700,96.8602,250200
2019-09-20,109.5700,109.8000,108.7500,108.8800,96.4262,1150800
2019-09-23,108.0900,108.7200,107.9800,108.4800,96.5330,289500
2019-09-24,108.8300,108.8800,107.2100,107.6000,95.7499,870400
2019-09-25,107.6000,108.3600,107.1900,108.2100,96.2927,325500
2019-09-26,108.2400,108.2400,107.4300,107.9500,96.0614,401700
2019-09-27,108.2300,108.4000,106.9800,107.5700,95.7232,371800
2019-09-30,107.7500,108.3000,107.7500,108.0800,96.1770,1065400
2019-10-01,108.2600,108.5600,106.2600,106.4000,94.6821,903600
2019-10-02,105.7700,105.8600,103.9600,104.3900,92.8934,721200
2019-10-03,104.2300,105.1500,103.1400,105.1500,93.5697,720400
2019-10-04,105.3100,106.3600,105.2300,106.3200,94.6109,303600
2019-10-07,106.0000,106.5800,105.7000,105.7500,94.1036,446100
2019-10-08,105.0300,105.0300,103.9200,103.9200,92.4752,574700
2019-10-09,104.7400,105.2100,104.4100,104.8400,93.2939,380900
2019-10-10,104.8000,105.9100,104.8000,105.6300,93.9969,325700
2019-10-11,106.6900,107.9500,106.6900,107.0700,95.2783,695500
2019-10-14,106.9000,107.0000,106.5800,106.8300,95.0647,229300
2019-10-15,107.1700,108.0600,107.0400,107.7400,95.8745,429900
2019-10-16,107.6000,107.9500,107.4400,107.5600,95.7143,358400
2019-10-17,107.9900,108.3300,107.7200,107.9700,96.0792,356300
2019-10-18,107.6800,108.0900,107.4400,107.8400,95.9635,272300
2019-10-21,108.4100,108.7000,108.2500,108.6600,96.6932,276700
2019-10-22,108.8400,109.2500,108.5900,108.6700,96.7021,384200
2019-10-23,108.4900,109.0000,108.3400,108.9800,96.9779,353500
2019-10-24,109.2900,109.3800,108.5700,109.0300,97.0224,213000
2019-10-25,108.9100,109.6600,108.8800,109.4300,97.3784,335100
2019-10-28,109.8100,110.1200,109.7400,109.7700,97.6809,363500
2019-10-29,109.5500,110.2900,109.4800,109.9700,97.8589,305800
2019-10-30,110.0000,110.0800,109.3100,109.9800,97.8678,318500
2019-10-31,109.7900,109.7900,108.8000,109.4100,97.3606,392200
2019-11-01,110.0000,110.7800,109.9900,110.7600,98.5619,359900
2019-11-04,111.3300,111.4900,111.1800,111.4000,99.1314,385300
2019-11-05,111.5100,111.9400,111.2300,111.4000,99.1314,369500
2019-11-06,111.4400,111.4400,110.9500,111.2800,99.0246,655900
2019-11-07,111.8300,112.1600,111.3800,111.5500,99.2649,595900
2019-11-08,111.3600,111.8100,111.0000,111.8100,99.4963,324500
2019-11-11,111.2300,111.6000,111.1100,111.5100,99.2293,401000
2019-11-12,111.6000,112.0600,111.3800,111.5700,99.2827,255800
2019-11-13,111.1500,111.6700,110.9800,111.4900,99.2115,338800
2019-11-14,111.4400,111.7600,111.3200,111.7400,99.4340,298700
2019-11-15,112.2900,112.5600,112.0200,112.5600,100.1637,275000
2019-11-18,112.4000,112.5000,112.2100,112.4200,100.0391,386600
2019-11-19,112.6300,112.6900,112.0000,112.3300,99.9590,428300
2019-11-20,112.0100,112.3200,111.3700,111.9000,99.5763,496900
2019-11-21,112.0300,112.0300,111.4100,111.6700,99.3717,289700
2019-11-22,111.9000,112.0700,111.5900,112.0000,99.6653,377800
2019-11-25,112.4000,113.0300,112.3200,113.0100,100.5641,358400
2019-11-26,112.9400,113.2100,112.8000,113.1400,100.6798,479400
2019-11-27,113.3900,113.6400,113.1600,113.6200,101.1069,272500
2019-11-29,113.4400,113.4600,113.0000,113.1300,100.6709,151000
2019-12-02,113.1600,113.1600,112.1200,112.1800,99.8255,834800
2019-12-03,111.1700,111.3200,110.5200,111.2700,99.0157,808500
2019-12-04,111.6000,112.4500,111.4700,112.0800,99.7365,319500
2019-12-05,112.3200,112.3300,111.8400,112.2700,99.9056,369100
2019-12-06,113.0400,113.5200,113.0400,113.3100,100.8310,371400
2019-12-09,113.1600,113.3700,112.9600,112.9600,100.5196,207600
2019-12-10,112.9600,113.2300,112.6800,112.8400,100.4128,378100
2019-12-11,113.0100,113.2500,112.8500,113.1700,100.7065,400500
2019-12-12,113.1900,114.5900,113.0600,114.3600,101.7654,618100
2019-12-13,114.2700,114.8200,113.6900,114.0400,101.4807,551500
2019-12-16,114.7800,115.0700,114.6400,114.7600,102.1214,381700
2019-12-17,114.8900,114.9500,114.7300,114.7800,102.1392,529600
2019-12-18,114.9000,115.0800,114.7300,114.9500,102.2904,302500
2019-12-19,115.0500,115.4200,114.9600,115.3400,102.6375,1710700
2019-12-20,115.7100,116.0400,115.6500,115.9300,103.1625,434400
2019-12-23,115.7400,115.8500,115.4200,115.5200,103.2152,330000
2019-12-24,115.6200,115.6700,115.4800,115.6000,103.2867,213700
2019-12-26,115.7400,115.8700,115.5400,115.8500,103.5101,335100
2019-12-27,116.1300,116.1300,115.5500,115.6900,103.3671,372600
2019-12-30,115.7400,115.8000,115.1300,115.2900,103.0097,582400
2019-12-31,115.1400,115.7500,115.0100,115.7200,103.3939,328700
2020-01-02,116.2700,116.3700,115.3700,116.0500,103.6888,700900
2020-01-03,114.9900,115.5800,114.9200,115.3900,103.0991,542900
2020-01-06,114.7700,115.5700,114.7700,115.5400,103.2331,570000
2020-01-07,115.4100,115.6900,115.1200,115.4400,103.1438,477700
2020-01-08,115.5000,116.2500,115.3500,115.7800,103.4476,498300
2020-01-09,116.1900,116.3500,115.9200,116.3100,103.9211,518700
2020-01-10,116.5200,116.5200,115.8000,115.9500,103.5994,353000
2020-01-13,116.1200,116.7000,115.9700,116.6700,104.2427,293500
2020-01-14,116.5800,117.1900,116.5100,116.9000,104.4482,350900
2020-01-15,116.7800,117.5000,116.7800,117.0800,104.6091,346600
2020-01-16,117.5300,118.2000,117.5300,118.1700,105.5830,281600
2020-01-17,118.3500,118.4700,118.2100,118.4000,105.7885,342300
2020-01-21,117.9400,118.2500,117.7900,117.9100,105.3507,415000
2020-01-22,118.2300,118.4100,117.6600,117.7600,105.2166,315100
2020-01-23,117.4100,118.0900,116.7900,118.0200,105.4489,449900
2020-01-24,118.1800,118.1800,116.1800,116.8100,104.3678,473800
2020-01-27,114.9000,115.4500,114.7200,114.8900,102.6524,536500
2020-01-28,115.4300,116.3600,115.2200,115.9600,103.6084,859500
2020-01-29,116.3200,116.4300,115.5800,115.6000,103.2867,701500
2020-01-30,114.6500,115.9000,114.3900,115.8500,103.5101,482500
2020-01-31,115.2800,115.3200,113.2300,113.5400,101.4461,747600
2020-02-03,114.1400,115.1100,114.1400,114.3000,102.1252,519600
2020-02-04,115.7100,116.4000,115.7000,115.9800,103.6262,431200
2020-02-05,117.0300,117.7500,116.9100,117.6700,105.1362,384800
2020-02-06,118.0500,118.1400,117.5400,117.6400,105.1094,449200
2020-02-07,117.1800,117.1800,116.5200,116.6900,104.2606,416900
2020-02-10,116.4100,117.2000,116.3300,117.2000,104.7163,364100
2020-02-11,117.7200,118.2900,117.6700,117.9000,105.3418,330300
2020-02-12,118.4500,118.8200,118.4300,118.7100,106.0654,450500
2020-02-13,118.2100,118.7800,117.9700,118.6000,105.9672,306400
2020-02-14,118.6500,118.7100,118.2000,118.6200,105.9850,547300
2020-02-18,118.3800,118.5100,117.7200,118.2600,105.6634,438100
2020-02-19,118.6100,118.9200,118.5300,118.6800,106.0386,348400
2020-02-20,118.4600,118.9800,117.5500,118.6500,106.0118,349600
2020-02-21,118.0600,118.1500,117.3200,117.5700,105.0469,371600
2020-02-24,114.4100,114.9000,113.5100,114.0100,101.8661,1197800
2020-02-25,114.4700,114.4700,109.9100,110.1800,98.4440,1797500
2020-02-26,110.7600,111.7500,109.0600,109.1300,97.5059,1428800
2020-02-27,107.1300,108.8700,104.5800,104.5800,93.4405,2006200
2020-02-28,101.6900,103.6200,100.4500,103.4700,92.4488,5815800
2020-03-02,103.8700,107.4600,102.5800,107.4200,95.9780,2376700
2020-03-03,107.4500,109.3400,103.8100,104.7400,93.5835,1795400
2020-03-04,106.5800,108.8900,105.7500,108.8700,97.2736,1295600
2020-03-05,106.0600,106.9700,104.1100,104.9700,93.7890,932400
2020-03-06,101.7700,103.5100,100.4600,102.8200,91.8680,2283300
2020-03-09,95.5700,97.2500,93.4300,93.9100,83.9071,2468700
2020-03-10,97.0300,98.4900,93.2500,98.4300,87.9456,2283500
2020-03-11,95.6500,96.0900,92.0000,93.1200,83.2012,2959400
2020-03-12,86.6900,89.6900,82.7300,83.7200,74.8025,3807400
2020-03-13,88.5200,90.5300,83.4800,90.5200,80.8781,2484000
2020-03-16,80.6900,85.3300,78.9000,79.6200,71.1392,3294000
2020-03-17,81.0700,84.8700,78.2700,84.1300,75.1688,3632900
2020-03-18,78.5800,80.6700,74.1200,78.6500,70.2725,2692000
2020-03-19,77.5200,80.4200,75.0200,78.8600,70.4601,2218600
2020-03-20,79.5200,80.5500,74.8200,75.0300,67.0381,2544900
2020-03-23,74.1300,74.3000,70.5600,71.6600,64.6561,2958200
2020-03-24,75.4500,79.4700,75.4200,79.3100,71.5584,2508800
2020-03-25,79.6700,84.4200,78.0500,81.3000,73.3539,1991500
2020-03-26,82.1300,86.5800,82.1100,85.9800,77.5765,2197200
2020-03-27,83.2300,85.6900,82.3300,83.4200,75.2667,3237500
2020-03-30,83.8300,85.8800,82.8100,85.6100,77.2427,2380700
2020-03-31,85.2500,85.8500,83.5400,84.0200,75.8081,1201700
2020-04-01,80.7400,81.4000,79.0800,79.8800,72.0727,2655800
2020-04-02,79.3300,82.3900,79.2200,81.1400,73.2096,1391900
2020-04-03,80.7600,81.6800,79.0000,79.8300,72.0276,1199400
2020-04-06,82.8300,86.4100,82.8300,85.8700,77.4773,2226700
2020-04-07,88.9100,89.8000,86.4600,86.5600,78.0998,1564200
2020-04-08,87.4700,90.5800,86.8200,90.1400,81.3299,1586000
2020-04-09,91.5200,93.5700,91.1300,92.2200,83.2066,2168100
2020-04-13,91.8600,91.9200,89.1100,90.2300,81.4111,2221400
2020-04-14,92.0100,93.0300,91.4900,92.6200,83.5675,1499800
2020-04-15,90.1300,90.2100,88.8800,89.6300,80.8698,1203300
2020-04-16,89.8700,90.0600,88.5400,89.6300,80.8698,1633800
2020-04-17,92.0900,93.2000,91.4500,92.9800,83.8923,985400
2020-04-20,91.4000,92.7000,90.7800,91.0700,82.1690,1086500
2020-04-21,89.0200,90.0400,88.1100,88.4100,79.7690,1148800
2020-04-22,90.0600,90.7000,89.3400,90.0700,81.2667,1177100
2020-04-23,90.4700,91.8100,90.1000,90.1500,81.3389,904900
2020-04-24,90.7500,91.8100,89.9800,91.4400,82.5029,1099200
2020-04-27,92.0600,94.4200,91.9800,94.0700,84.8758,1562900
2020-04-28,95.7200,96.7500,94.5100,95.3700,86.0488,2456500
2020-04-29,97.6100,99.1500,97.3200,98.6800,89.0352,1928100
2020-04-30,97.4300,97.4300,95.7000,96.1400,86.7435,2126900
2020-05-01,94.0800,94.2700,92.1800,92.6700,83.6126,1327800
2020-05-04,91.5600,92.8600,90.8300,92.7400,83.6758,2316300
2020-05-05,93.9700,94.7800,92.9900,93.1600,84.0547,1218400
2020-05-06,93.7100,94.0500,91.7800,91.8200,82.8457,1284700
2020-05-07,93.1400,94.7000,93.1400,93.4700,84.3344,1749500
2020-05-08,94.9000,96.1900,94.5600,96.0300,86.6442,1453400
2020-05-11,94.9900,95.6500,94.1000,94.8900,85.6157,1370000
2020-05-12,95.2400,95.5400,92.4100,92.4100,83.3781,2404800
2020-05-13,92.0000,92.0100,88.9000,89.7000,80.9329,2939300
2020-05-14,88.4600,91.1200,87.0000,91.0900,82.1870,3231100
2020-05-15,90.2200,91.6000,89.6500,91.2600,82.3404,1013400
2020-05-18,94.3500,96.7800,94.3200,96.2500,86.8427,1905200
2020-05-19,95.9300,96.5500,94.8600,94.9200,85.6427,1549300
2020-05-20,96.2700,97.1800,96.2000,96.6500,87.2036,924800
2020-05-21,96.4800,97.1000,95.6400,96.2200,86.8157,662800
2020-05-22,96.2300,96.3800,95.3400,96.3000,86.8879,947900
2020-05-26,99.0400,100.1700,99.0400,99.4200,89.7029,1638300
2020-05-27,101.5000,101.9300,99.4400,101.8800,91.9225,2545100
2020-05-28,102.7800,102.7800,100.6000,100.8600,91.0022,1381300
2020-05-29,100.2500,101.0400,99.1200,100.7100,90.8668,1500200
2020-06-01,100.5400,102.2200,100.4200,101.8900,91.9315,1369900
2020-06-02,102.5300,103.1800,102.0800,103.1800,93.0954,1442500
2020-06-03,104.1000,106.3300,104.1000,105.9700,95.6127,4706600
2020-06-04,105.5000,106.8000,105.0600,106.5100,96.0999,2275000
2020-06-05,110.5400,111.8400,109.9300,110.4400,99.6458,5838300
2020-06-08,111.9100,113.1600,111.4500,113.0900,102.0368,1944000
2020-06-09,111.4900,111.4900,109.6600,110.2600,99.4834,4173000
2020-06-10,110.0000,110.0000,107.4300,107.5400,97.0293,2135600
2020-06-11,103.1000,104.0300,99.7300,100.1000,90.3165,2533700
2020-06-12,103.3400,103.9200,99.7500,102.1000,92.1210,3291700
2020-06-15,99.4200,103.7500,98.6100,103.2300,93.1405,1740400
2020-06-16,107.0000,107.2800,103.5300,105.3800,95.0804,1438300
2020-06-17,105.5900,105.5900,103.9900,104.2000,94.0157,1013800
2020-06-18,103.2100,104.7600,103.0200,104.1300,93.9526,733300
2020-06-19,105.7500,105.8100,102.4900,103.0500,92.9781,1534200
2020-06-22,102.1900,103.0300,101.3800,102.7400,93.0823,2112100
2020-06-23,103.8200,103.9900,102.8000,102.8600,93.1910,799100
2020-06-24,101.8500,101.8500,98.7400,99.4600,90.1106,1681200
2020-06-25,99.0000,100.5900,98.3700,100.4800,91.0347,1116900
2020-06-26,100.0900,100.2600,98.0600,98.4400,89.1865,1577600
2020-06-29,99.1700,100.5000,98.4300,100.4000,90.9623,798600
2020-06-30,100.3000,102.3000,100.0600,101.7600,92.1944,972800
2020-07-01,102.0400,102.7800,101.1400,101.6200,92.0676,1211400
2020-07-02,103.1600,103.7600,102.0200,102.2300,92.6203,819200
2020-07-06,103.7800,104.2700,102.9600,103.3500,93.6349,752100
2020-07-07,102.5600,102.8800,101.5700,101.7000,92.1401,614500
2020-07-08,101.8300,102.3200,101.0000,102.0000,92.4119,1398200
2020-07-09,101.9900,102.0500,99.4000,100.3800,90.9442,5261000
2020-07-10,100.3000,102.0900,100.2800,102.0700,92.4753,4634900
2020-07-13,102.6700,103.7400,101.5100,101.5900,92.0404,3302900
2020-07-14,101.2600,103.3500,100.9700,103.2400,93.5353,1397000
2020-07-15,105.0000,105.9600,104.5200,105.6300,95.7006,1351300
2020-07-16,105.0100,105.9400,104.7300,105.4800,95.5648,977100
2020-07-17,105.8700,106.1400,105.2200,105.8400,95.8909,650000
2020-07-20,105.6100,105.8400,104.9100,105.2800,95.3835,1220700
2020-07-21,105.9600,106.9300,105.9000,106.3300,96.3348,1767200
2020-07-22,106.0900,107.2400,105.9500,107.1800,97.1049,1107500
2020-07-23,107.0900,107.9200,106.3800,107.0000,96.9418,1294300
2020-07-24,106.6700,106.8400,105.8500,106.2200,96.2352,2315900
2020-07-27,106.2900,106.7200,105.5700,106.6500,96.6247,1007100
2020-07-28,106.3100,106.7800,105.8700,106.0000,96.0359,787200
2020-07-29,106.4000,107.9700,106.4000,107.7400,97.6123,826500
2020-07-30,106.5600,107.0700,105.6600,106.8900,96.8422,1173800
2020-07-31,106.7500,106.8400,105.2100,106.8400,96.7969,1888700
2020-08-03,107.0200,107.4500,106.4300,107.1000,97.0324,1053600
2020-08-04,106.9600,107.7200,106.9000,107.6300,97.5126,710400
2020-08-05,108.3200,108.6000,108.1600,108.5000,98.3009,1429600
2020-08-06,108.1300,108.5700,107.8800,108.4200,98.2284,1786000
2020-08-07,108.0300,109.5200,107.9700,109.5200,99.2250,1620000
2020-08-10,109.7300,110.7800,109.7000,110.6700,100.2669,3978700
2020-08-11,111.8100,112.3000,110.2300,110.5500,100.1582,4910300
2020-08-12,111.5200,111.7000,110.8000,111.2000,100.7470,1522100
2020-08-13,110.7000,111.2200,110.3500,110.6600,100.2578,1583500
2020-08-14,110.3700,111.3000,110.2700,110.9800,100.5477,649800
2020-08-17,111.1400,111.1900,110.7200,111.0300,100.5930,821400
2020-08-18,111.0000,111.0300,110.2100,110.3900,100.0132,696900
2020-08-19,110.5400,110.8600,109.7300,109.9600,99.6236,981900
2020-08-20,109.2100,109.7400,108.8800,109.4500,99.1616,613500
2020-08-21,109.3100,109.4100,108.9000,109.2500,98.9804,574500
2020-08-24,109.8900,111.0400,109.5600,111.0400,100.6021,967200
2020-08-25,111.5000,111.6000,110.4100,111.0400,100.6021,1465200
2020-08-26,110.9000,111.1100,110.4400,110.8500,100.4300,935800
2020-08-27,111.2500,111.8800,111.0300,111.4200,100.9464,1743600
2020-08-28,111.8300,112.4100,111.3100,112.3400,101.7799,720400
2020-08-31,112.1300,112.3000,111.4000,111.4000,100.9283,1603200
2020-09-01,111.1200,111.9900,110.7100,111.9700,101.4447,2348400
2020-09-02,112.2100,114.3100,112.0900,113.9600,103.2476,1904800
2020-09-03,113.8500,114.4500,110.4900,111.3400,100.8739,1864800
2020-09-04,112.1300,112.4000,109.4500,111.0800,100.6383,3138700
2020-09-08,109.9700,109.9700,108.5400,108.7700,98.5455,1584400
2020-09-09,109.6200,110.8600,109.3800,110.0300,99.6870,1899000
2020-09-10,110.3000,110.9400,108.2700,108.4500,98.2556,2408900
2020-09-11,109.0100,109.5000,108.0600,109.0200,98.7720,1330100
2020-09-14,109.9000,111.1400,109.7800,110.7800,100.3665,984900
2020-09-15,111.3400,111.7200,110.7500,110.8900,100.4662,1354700
2020-09-16,111.5000,112.9400,111.3000,111.6300,101.1366,1321900
2020-09-17,110.2400,111.5600,109.7100,111.1500,100.7018,1613000
2020-09-18,111.2300,111.3200,109.2300,109.8100,99.4877,1173500
2020-09-21,107.5100,107.6200,105.4100,106.5600,96.9822,1780800
2020-09-22,106.6700,107.4900,106.1300,107.0600,97.4372,1372500
2020-09-23,107.3100,107.8400,104.7100,104.7600,95.3440,1508300
2020-09-24,104.5000,106.1400,103.4800,104.9300,95.4987,2346200
2020-09-25,104.5000,106.6700,104.3000,106.3900,96.8274,1121600
2020-09-28,107.7500,108.8100,107.6300,108.4400,98.6932,1276600
2020-09-29,108.4200,108.4600,107.0300,107.5700,97.9014,1128000
2020-09-30,107.9000,109.2300,107.4100,108.1100,98.3928,1771400
2020-10-01,108.6500,109.2100,107.7100,108.5000,98.7478,1076600
2020-10-02,106.7700,109.4000,106.7100,108.9800,99.1847,1907300
2020-10-05,109.7200,111.0100,109.7200,110.8900,100.9230,1204000
2020-10-06,111.4500,112.3900,109.5700,109.7500,99.8854,2366500
2020-10-07,110.8400,112.0600,110.8400,111.7500,101.7057,2988700
2020-10-08,112.4100,113.4200,112.2800,113.4000,103.2074,4542400
2020-10-09,114.0200,114.3100,113.2300,113.5700,103.3621,1831000
2020-10-12,114.0600,114.6800,113.7400,114.4500,104.1630,1469700
2020-10-13,113.9500,114.1500,112.9600,113.2900,103.1073,992400
2020-10-14,113.4500,114.1300,112.8700,112.9800,102.8251,764800
2020-10-15,111.7400,113.5800,111.5700,113.5000,103.2984,1052000
2020-10-16,113.7600,114.0800,113.2700,113.4000,103.2074,896000
2020-10-19,113.6200,114.0000,111.6600,111.8900,101.8331,1286200
2020-10-20,112.4900,113.6600,112.3400,112.5000,102.3883,1585100
2020-10-21,112.4300,113.0000,112.0500,112.1200,102.0424,1077800
2020-10-22,112.2400,113.6600,111.8600,113.5500,103.3439,1227500
2020-10-23,114.1300,114.2500,113.2100,114.1500,103.8900,1280900
2020-10-26,112.9200,112.9200,110.3900,111.4900,101.4690,1813300
2020-10-27,111.5100,111.6100,110.1300,110.1500,100.2495,1244700
2020-10-28,108.0400,108.8000,106.6200,106.7800,97.1824,2317500
2020-10-29,106.6100,108.6800,105.9500,107.8600,98.1653,1970700
2020-10-30,107.2500,107.9500,106.0000,107.5100,97.8468,1844600
2020-11-02,108.9900,110.0600,108.2800,109.9100,100.0311,1862200
2020-11-03,111.3800,112.8200,111.2800,112.2000,102.1152,2303200
2020-11-04,112.6800,114.1800,111.3000,112.2900,102.1971,3016900
2020-11-05,113.6100,115.0600,113.5100,114.4700,104.1812,2319800
2020-11-06,114.3800,114.8200,113.6900,114.0000,103.7534,1548100
2020-11-09,121.1300,122.4600,118.7400,118.8900,108.2039,4505900
2020-11-10,118.9300,119.8000,118.4100,119.5400,108.7955,3757600
2020-11-11,120.3300,120.3600,118.7300,119.3200,108.5953,2885600
2020-11-12,118.5600,118.8600,116.5000,117.4600,106.9024,2249900
2020-11-13,118.3300,120.3500,118.2000,120.0500,109.2597,3897800
2020-11-16,122.3300,122.6100,121.1300,122.5600,111.5441,3030400
2020-11-17,121.7500,122.5600,120.6500,122.2700,111.2801,1795000
2020-11-18,122.5400,123.0100,120.7700,120.8200,109.9604,2234300
2020-11-19,120.4400,121.4900,119.8200,121.4300,110.5156,1785400
2020-11-20,121.3900,121.5000,120.5700,120.7400,109.8876,1435500
2020-11-23,121.6500,122.8900,121.5500,122.5300,111.5168,1635000
2020-11-24,124.2200,125.4300,123.8100,125.2000,113.9468,2984800
2020-11-25,124.8700,124.8700,123.7700,124.2700,113.1003,3255500
2020-11-27,124.5700,124.6800,123.8900,124.2100,113.0458,861400
2020-11-30,123.8800,123.9600,122.3800,122.8800,111.8353,1823300
2020-12-01,124.4200,124.9800,123.9200,124.0200,112.8728,4167500
2020-12-02,123.7100,124.5000,123.3000,124.3700,113.1914,2231800
2020-12-03,124.6000,125.7500,124.4000,125.0700,113.8285,1534900
2020-12-04,125.6600,127.1000,125.6600,127.0800,115.6578,1117400
2020-12-07,126.8700,126.8900,125.9800,126.4500,115.0844,3665800
2020-12-08,125.7100,127.0700,125.6300,126.8000,115.4029,2336600
2020-12-09,127.3300,127.4500,125.6700,126.3900,115.0298,2372100
2020-12-10,125.6400,126.6700,125.5100,126.5000,115.1299,2550300
2020-12-11,125.6700,126.1900,124.8300,125.7200,114.4200,1805500
2020-12-14,127.0100,127.2300,124.7600,124.8200,113.6009,2101300
2020-12-15,125.6500,126.9200,125.2100,126.8900,115.4849,2874200
2020-12-16,127.1000,127.1000,126.1900,126.6200,115.2391,2062400
2020-12-17,127.2100,127.3900,126.7000,127.3400,115.8944,2290200
2020-12-18,127.5400,127.6100,126.1500,127.0400,115.6214,4389300
2020-12-21,124.5800,125.9200,123.5200,125.5900,114.7008,2145400
2020-12-22,125.6600,125.6800,124.9100,125.1100,114.2624,1177400
2020-12-23,125.6000,126.4400,125.5400,125.8400,114.9291,3870400
2020-12-24,125.9900,126.1600,125.4500,126.0800,115.1483,886000
2020-12-28,127.0200,127.2400,126.3200,126.4600,115.4954,1272600
2020-12-29,126.9400,127.1100,125.4400,125.8300,114.9200,1986700
2020-12-30,126.0300,127.0100,126.0300,126.7300,115.7419,832600
2020-12-31,126.7100,127.7000,126.0900,127.5400,116.4817,1614900
2021-01-04,127.9600,128.2200,124.6200,125.7000,114.8012,3623900
2021-01-05,125.5600,127.4000,125.5400,126.7700,115.7785,3296600
2021-01-06,127.3600,130.6300,127.3400,129.8000,118.5457,4797800
2021-01-07,130.7000,131.5000,130.4300,131.0900,119.7239,2602400
2021-01-08,131.6200,131.6800,129.9400,131.3200,119.9340,1470800
2021-01-11,130.1000,131.4600,129.9300,131.1700,119.7970,1723700
2021-01-12,131.3300,132.3400,131.1000,132.2000,120.7376,1513300
2021-01-13,132.0700,132.2400,131.3200,131.7700,120.3449,2199800
2021-01-14,132.3000,132.9800,132.0600,132.2100,120.7468,1925000
2021-01-15,131.3100,131.6200,130.0100,131.2200,119.8426,2199200
2021-01-19,132.1500,132.2100,131.4100,131.8500,120.4180,1689700
2021-01-20,132.2700,132.8400,131.8400,132.6700,121.1669,1676100
2021-01-21,132.5200,132.8100,131.7600,132.0000,120.5550,2770800
2021-01-22,131.2100,131.7000,130.6400,131.4400,120.0436,1547200
2021-01-25,131.0000,131.7500,129.8200,131.3200,119.9340,2302800
2021-01-26,131.7900,132.0000,130.4800,130.6700,119.3403,2425700
2021-01-27,128.8800,129.2600,127.0100,127.6600,116.5913,3483000
2021-01-28,128.4700,129.9200,128.4500,128.7900,117.6233,2472600
2021-01-29,128.4600,128.8600,125.8300,126.5000,115.5319,2603600
2021-02-01,127.5400,128.5300,126.7400,128.1800,117.0662,1905300
2021-02-02,129.3500,130.5400,129.1900,129.8700,118.6097,2524400
2021-02-03,129.6400,130.4700,129.2800,130.2100,118.9202,2945000
2021-02-04,130.5000,131.8900,130.3800,131.8700,120.4363,1358100
2021-02-05,132.7600,132.9800,132.3100,132.5500,121.0573,1398200
2021-02-08,133.2400,134.1000,132.9700,134.1000,122.4729,908200
2021-02-09,133.8800,134.3400,133.4700,134.0500,122.4273,1483700
2021-02-10,134.6700,134.9200,133.5500,134.4600,122.8017,2615000
2021-02-11,134.7100,135.0500,133.3800,134.5000,122.8382,2329100
2021-02-12,134.1500,135.3700,134.0900,135.3100,123.5780,1676600
2021-02-16,135.9400,136.0300,135.1000,135.4100,123.6693,949600
2021-02-17,134.9800,135.3900,134.3200,135.3400,123.6054,1569000
2021-02-18,134.5500,134.9200,133.8000,134.5800,122.9113,1767400
2021-02-19,135.2600,135.9800,135.2300,135.6000,123.8429,1586500
2021-02-22,134.9900,136.6100,134.9900,135.8300,124.0529,3109800
2021-02-23,135.6900,136.6500,133.8500,136.1900,124.3817,3126800
2021-02-24,136.1300,138.5400,135.9900,138.3400,126.3453,3127000
2021-02-25,138.2900,138.4300,134.5700,135.1200,123.4045,2648200
2021-02-26,135.4800,135.7500,133.1300,134.2000,122.5642,3919800
2021-03-01,135.9600,137.9500,135.9600,137.2400,125.3407,1647800
2021-03-02,137.2800,137.4900,136.3100,136.5600,124.7196,7091100
2021-03-03,136.6100,137.4800,135.8600,135.8600,124.0803,3769200
2021-03-04,135.8300,136.4000,132.0000,134.0100,122.3907,4664600
2021-03-05,135.7700,137.4600,132.6000,137.0700,125.1854,4718900
2021-03-08,137.6400,139.7500,137.1500,137.9700,126.0074,5378700
2021-03-09,139.0800,139.5100,138.0600,138.1700,126.1900,4569400
2021-03-10,138.7300,140.1700,138.6600,139.5900,127.4869,4141500
2021-03-11,140.1300,141.3700,139.8200,140.5300,128.3454,2886800
2021-03-12,140.7000,141.6200,140.5000,141.6000,129.3227,2890300
2021-03-15,141.8900,142.8800,141.1000,142.8000,130.4186,3732300
2021-03-16,142.6000,142.6300,141.1400,141.4800,129.2131,2960800
2021-03-17,141.1900,142.2500,140.5600,142.2100,129.8797,2329200
2021-03-18,141.7600,142.9300,140.5200,140.8200,128.6103,3131300
2021-03-19,140.8000,141.4800,139.4100,140.5600,128.3728,4131100
2021-03-22,140.1600,140.5600,139.4500,140.1000,128.5435,3249100
2021-03-23,139.5900,139.8600,137.6300,138.0800,126.6901,3110600
2021-03-24,138.7600,139.8200,137.9000,137.9000,126.5250,3069000
2021-03-25,137.4700,139.8700,136.5600,139.5600,128.0480,4005600
2021-03-26,140.3800,142.2700,139.9800,142.1700,130.4427,3298800
2021-03-29,141.6500,142.0900,140.6700,141.4300,129.7638,2355900
2021-03-30,141.0500,141.9700,140.9500,141.7000,130.0115,3239900
2021-03-31,141.8800,142.3700,141.4700,141.6600,129.9748,5188800
2021-04-01,142.1400,143.0900,141.7700,143.0800,131.2776,4569200
2021-04-05,144.1800,144.5900,143.7700,144.3800,132.4704,2611300
2021-04-06,144.2900,144.9700,144.2300,144.5700,132.6447,2715600
2021-04-07,144.6500,144.7600,143.6600,144.0300,132.1493,2521700
2021-04-08,144.2900,144.3300,143.4300,144.3000,132.3970,2442900
2021-04-09,144.5100,145.1600,144.1700,145.1300,133.1586,2340100
2021-04-12,145.1500,145.4600,144.8500,145.3800,133.3880,1682800
2021-04-13,145.0500,145.3900,144.3900,145.1300,133.1586,2648000
2021-04-14,145.1700,146.0900,145.0900,145.3600,133.3696,2033500
2021-04-15,146.0700,146.5900,145.5600,146.5000,134.4156,2824300
2021-04-16,147.2200,147.4000,146.7400,147.1500,135.0119,1578600
2021-04-19,146.9800,147.0200,146.0300,146.4600,134.3788,1987600
2021-04-20,146.1100,146.2000,144.8100,145.3700,133.3788,3054400
2021-04-21,145.2700,147.3500,145.1100,147.2900,135.1404,3009300
2021-04-22,147.3800,147.7900,145.9800,146.3600,134.2871,2459100
2021-04-23,146.5900,148.3500,146.4400,147.9400,135.7368,1597400
2021-04-26,148.2000,148.6600,147.9000,148.1900,135.9661,1721400
2021-04-27,148.1900,148.4900,147.8500,148.3500,136.1130,1416700
2021-04-28,148.4600,148.7600,148.1500,148.3900,136.1497,1678200
2021-04-29,149.1900,149.5200,148.2700,149.3600,137.0396,2276800
2021-04-30,148.6600,148.9400,147.9100,148.2800,136.0487,1766000
2021-05-03,149.1400,149.8100,148.7700,149.1600,136.8561,2499100
2021-05-04,148.6400,149.0000,147.6400,148.9900,136.7002,3329900
2021-05-05,149.4300,149.7300,148.4300,149.3000,136.9846,2963500
2021-05-06,149.3100,150.1200,148.3700,150.0600,137.6819,2270800
2021-05-07,149.8800,151.7200,149.6700,151.6400,139.1316,3671100
2021-05-10,152.0400,152.8500,151.0500,151.1300,138.6636,4154400
2021-05-11,149.5400,150.1700,148.0100,149.3100,136.9938,4273700
2021-05-12,148.6700,149.0800,145.7800,146.0000,133.9568,4357100
2021-05-13,146.2700,148.6900,146.0700,147.9700,135.7643,2993700
2021-05-14,148.8600,150.6400,148.8200,150.2900,137.8929,2992200
2021-05-17,149.9100,150.3900,149.2200,150.1300,137.7461,3319500
2021-05-18,150.3200,150.3600,148.7900,148.8000,136.5258,2383100
2021-05-19,147.0600,148.0800,145.9300,148.0300,135.8194,3919400
2021-05-20,148.3000,149.6500,148.0300,149.1500,136.8469,2460200
2021-05-21,149.6700,150.4700,149.0100,149.3500,137.0305,2968500
2021-05-24,150.1200,150.7100,149.7800,150.2100,137.8195,3187600
2021-05-25,150.6400,150.7900,149.3600,149.5800,137.2415,1637300
2021-05-26,149.7900,150.1900,149.5600,150.0900,137.7094,3546000
2021-05-27,150.8000,151.0200,150.6000,150.8300,138.3884,1843300
2021-05-28,151.3500,151.4900,150.7700,151.1200,138.6544,1552200
2021-06-01,152.1900,152.3300,151.2300,151.6200,139.1132,2395400
2021-06-02,151.9000,151.9800,151.2200,151.7300,139.2141,1741100
2021-06-03,151.0700,151.7900,150.4100,151.5100,139.0123,2884300
2021-06-04,152.1300,152.4300,151.6200,152.2600,139.7004,2075800
2021-06-07,152.5300,152.5300,151.7500,151.9900,139.4527,2400100
2021-06-08,152.1500,152.3800,151.2800,152.1800,139.6270,1646000
2021-06-09,152.3800,152.3800,151.4900,151.4900,138.9939,1600900
2021-06-10,152.1700,152.4700,151.2200,151.7800,139.2600,1756400
2021-06-11,152.0200,152.2900,151.6000,152.1800,139.6270,1315500
2021-06-14,152.1500,152.2600,150.9800,151.7100,139.1958,1441900
2021-06-15,151.8500,152.0700,151.1700,151.7300,139.2141,2714500
2021-06-16,151.6200,151.7200,150.0400,150.7000,138.2691,2776700
2021-06-17,150.5100,150.9100,148.1900,149.2200,136.9112,3518800
2021-06-18,147.8800,148.0100,146.5800,146.6500,134.5531,2341900
2021-06-21,147.1800,149.1200,147.0800,149.0500,137.1480,4364700
2021-06-22,149.1000,149.7600,148.4200,149.3600,137.4332,2095500
2021-06-23,149.4900,149.7600,149.0700,149.1100,137.2032,2445700
2021-06-24,149.8500,150.2600,149.4700,150.0900,138.1049,1848400
2021-06-25,150.4900,151.3200,150.3200,151.1400,139.0711,2162900
2021-06-28,151.4000,151.4200,149.9800,150.5100,138.4914,2222200
2021-06-29,150.8000,151.2700,150.3000,150.4000,138.3902,1883000
2021-06-30,150.3200,150.9500,150.3200,150.7300,138.6938,2614000
2021-07-01,151.2300,151.9800,151.1400,151.7800,139.6600,2159200
2021-07-02,152.0700,152.3600,151.6200,152.2300,140.0741,1228400
2021-07-06,152.1100,152.1100,149.8700,150.9000,138.8503,2424500
2021-07-07,150.8400,151.4300,150.0800,151.2600,139.1815,2481700
2021-07-08,149.3400,150.4500,148.6200,149.8700,137.9025,3747100
2021-07-09,150.8100,152.1100,150.7500,152.0000,139.8624,3006800
2021-07-12,151.6300,152.5400,151.2200,152.4900,140.3133,1809600
2021-07-13,152.1700,152.2500,151.0100,151.0500,138.9883,2234300
2021-07-14,151.5300,152.1400,150.4900,150.8300,138.7859,2338600
2021-07-15,150.1200,150.7900,149.6600,150.4300,138.4178,5040600
2021-07-16,150.9300,151.0900,149.1200,149.3100,137.3873,2092400
2021-07-19,147.1900,147.4200,145.6100,146.6100,134.9028,6121100
2021-07-20,146.9600,149.8600,146.7800,149.3900,137.4608,2391600
2021-07-21,150.1500,151.0900,150.1300,150.8900,138.8411,1733600
2021-07-22,150.8800,150.8800,149.9100,150.4700,138.4546,1664700
2021-07-23,151.2100,151.8700,150.6800,151.7200,139.6048,2106100
2021-07-26,151.5900,152.3900,151.5000,152.1500,140.0004,2110500
2021-07-27,151.6600,152.0100,151.0000,151.8800,139.7520,4277300
2021-07-28,152.1400,152.5600,151.0700,151.9600,139.8256,2638000
2021-07-29,152.6600,153.5900,152.5400,153.1000,140.8746,2714100
2021-07-30,152.5200,153.6300,152.4800,152.6800,140.4881,2070000
2021-08-02,153.3800,154.3000,152.3800,152.4500,140.2765,2172000
2021-08-03,152.7200,153.7500,151.5300,153.7300,141.4543,2180700
2021-08-04,152.9700,153.3900,152.2800,152.2800,140.1201,2270300
2021-08-05,152.8400,153.4300,152.7600,153.4300,141.1782,1476400
2021-08-06,153.9200,154.3700,153.6400,154.0600,141.7579,1910600
2021-08-09,153.8200,154.0800,153.2600,153.7100,141.4359,1861900
2021-08-10,153.9100,154.8400,153.7100,154.4300,142.0984,1845700
2021-08-11,154.7500,155.4300,154.2700,155.4200,143.0093,2127200
2021-08-12,155.3500,155.4600,154.6300,155.3400,142.9357,1601800
2021-08-13,155.4800,155.6200,155.1300,155.3200,142.9173,1672800
2021-08-16,154.7500,155.4200,154.0800,155.3700,142.9633,2458800
2021-08-17,154.4800,154.5300,152.9400,154.2000,141.8867,3097700
2021-08-18,153.8400,154.3800,152.5100,152.6100,140.4237,1788100
2021-08-19,151.4500,152.8100,151.2200,152.2700,140.1108,2900600
2021-08-20,152.2300,153.5400,151.9700,153.3700,141.1230,2207100
2021-08-23,154.2500,154.8700,154.1600,154.5200,142.1812,1745500
2021-08-24,154.8800,155.4400,154.8000,155.1500,142.7609,1144400
2021-08-25,155.3000,156.3500,154.8900,155.9700,143.5154,1225400
2021-08-26,155.8500,155.8900,154.7500,154.9000,142.5309,1735300
2021-08-27,155.2500,156.8000,155.2500,156.5600,144.0583,1623800
2021-08-30,156.6900,156.8800,156.1700,156.3300,143.8466,1514900
2021-08-31,156.3300,156.5100,155.9600,156.3000,143.8191,1477800
2021-09-01,156.6900,156.6900,155.7700,156.3300,143.8466,1300100
2021-09-02,156.9200,157.4600,156.8400,157.3900,144.8220,1321600
2021-09-03,157.0800,157.2200,156.7100,156.8800,144.3527,1118900
2021-09-07,156.6100,156.8600,155.4300,155.5700,143.1474,1626100
2021-09-08,155.3200,155.9000,154.8200,155.4700,143.0553,1438600
2021-09-09,155.3500,156.2400,154.9700,155.0300,142.6505,1464200
2021-09-10,155.7900,155.9000,153.9700,154.0100,141.7119,1987200
2021-09-13,155.1500,155.3300,153.6700,154.4400,142.1076,2194700
2021-09-14,154.9100,155.0100,153.0100,153.3400,141.0954,2146300
2021-09-15,153.3700,154.9300,153.0500,154.7000,142.3468,2816800
2021-09-16,154.6300,155.0000,153.6000,154.4100,142.0800,2159100
2021-09-17,154.0400,154.4300,152.9400,153.0400,140.8194,3120900
2021-09-20,150.1500,150.7300,148.4000,150.1800,138.6925,4130100
2021-09-21,151.0500,151.3100,149.4400,149.6400,138.1939,2452700
2021-09-22,150.6600,152.3000,150.5600,151.3200,139.7453,3319000
2021-09-23,152.1300,154.4000,152.0800,153.5400,141.7955,3218400
2021-09-24,153.0900,154.1600,153.0600,153.8000,142.0356,2444000
2021-09-27,154.1000,155.1400,154.0300,154.3100,142.5066,3239300
2021-09-28,153.8700,153.9800,151.7900,152.0000,140.3733,4857900
2021-09-29,152.5000,153.0900,152.0100,152.3300,140.6781,2633500
2021-09-30,152.7600,152.7600,149.7700,149.8200,138.3601,4426400
2021-10-01,150.5800,152.6300,149.4100,151.8400,140.2256,3351600
2021-10-04,151.5700,152.5100,150.2200,150.8800,139.3390,4596900
2021-10-05,151.4400,152.9100,150.8900,151.9600,140.3364,2497600
2021-10-06,150.6600,152.1800,149.6400,152.1700,140.5303,2846900
2021-10-07,153.2200,154.4900,153.2200,153.4600,141.7216,2243800
2021-10-08,153.6700,153.9200,152.9800,153.1000,141.3892,1861000
2021-10-11,153.2100,154.1200,152.2300,152.2600,140.6134,1408300
2021-10-12,152.4300,153.1600,151.9300,152.3000,140.6504,1524000
2021-10-13,152.3300,152.9900,151.0500,152.5500,140.8813,2283400
2021-10-14,153.8300,155.1800,153.6700,155.1700,143.3008,1646800
2021-10-15,156.0900,156.5700,155.6300,155.7000,143.7903,2032700
2021-10-18,155.0600,156.0900,154.6900,155.7600,143.8457,1658200
2021-10-19,156.4000,156.7400,155.8900,156.6700,144.6861,1576200
2021-10-20,156.6500,158.0100,156.6300,157.8700,145.7943,1919700
2021-10-21,157.6400,158.0800,157.1400,158.0600,145.9698,1870600
2021-10-22,158.2500,159.0400,157.8000,158.5100,146.3853,1547500
2021-10-25,158.8500,159.3500,158.2700,158.8700,146.7178,2595000
2021-10-26,159.2900,159.3900,158.5100,158.5600,146.4315,2502700
2021-10-27,158.5100,158.5600,156.4200,156.4500,144.4829,2476600
2021-10-28,156.8000,158.0600,156.7500,158.0400,145.9513,1758500
2021-10-29,157.6900,158.2400,157.2300,157.7600,145.6927,1324400
2021-11-01,158.2800,159.1000,158.1100,159.0200,146.8564,2186400
2021-11-02,159.3600,159.6200,158.8200,159.4600,147.2627,1759200
2021-11-03,158.9900,160.5600,158.9700,160.4000,148.1308,2342600
2021-11-04,160.5300,160.9800,159.5100,160.0700,147.8261,2505200
2021-11-05,161.3000,162.1400,160.7300,161.2900,148.9527,2047600
2021-11-08,162.0000,162.2600,161.2000,161.5300,149.1744,1344700
2021-11-09,161.5400,161.8700,160.8500,161.5100,149.1559,1152300
2021-11-10,161.1000,161.7600,160.0600,160.4800,148.2047,2132400
2021-11-11,160.7700,161.0200,160.4500,160.8700,148.5648,1083100
2021-11-12,161.3000,161.8500,160.8500,161.6500,149.2852,1188500
2021-11-15,162.1700,162.2300,161.6100,161.9300,149.5438,1194200
2021-11-16,162.0100,162.8000,161.8500,162.1400,149.7377,1732100
2021-11-17,161.9700,162.0600,160.9000,161.2800,148.9435,1608600
2021-11-18,161.6300,161.6300,159.9200,160.6900,148.3986,1280400
2021-11-19,160.3700,160.4500,159.5300,159.6500,147.4382,1595000
2021-11-22,160.2500,161.2900,159.8600,159.9000,147.6691,2230300
2021-11-23,160.0700,160.7700,159.3600,160.5600,148.2786,2112100
2021-11-24,159.8200,160.7800,159.6800,160.6400,148.3524,1595200
2021-11-26,157.2400,157.5700,155.7800,156.4600,144.4922,3644300
2021-11-29,158.2800,158.6700,156.6800,157.7700,145.7020,2657000
2021-11-30,156.5700,156.7500,153.5400,153.5900,141.8417,4223100
2021-12-01,155.9200,156.9100,151.5700,151.6800,140.0778,6193400
2021-12-02,152.2500,155.9600,152.1000,155.3500,143.4671,5321200
2021-12-03,156.0800,156.3500,153.1700,154.5000,142.6821,5924200
2021-12-06,155.9100,157.8200,155.3000,156.7900,144.7969,4885400
2021-12-07,158.3800,160.2000,158.2800,159.4400,147.2443,2510800
2021-12-08,159.7200,160.1900,159.2700,159.8500,147.6229,3000100
2021-12-09,159.2100,159.6500,158.6900,158.7100,146.5701,1829500
2021-12-10,159.6700,159.8600,158.4900,159.7400,147.5213,2200800
2021-12-13,159.5400,159.5400,157.9900,158.5800,146.4500,3743000
2021-12-14,157.5500,158.8200,157.1500,157.6300,145.5727,3265000
2021-12-15,157.7500,159.4800,156.7400,159.3500,147.1611,4800700
2021-12-16,160.1900,160.8700,158.5500,159.0700,146.9025,4805000
2021-12-17,158.4900,159.2800,155.8100,156.9600,144.9539,6970300
2021-12-20,155.0000,155.1100,153.4200,154.9000,143.4665,6794600
2021-12-21,156.1600,158.1100,156.0000,158.0400,146.3747,3589700
2021-12-22,157.9100,159.1900,157.7900,159.1500,147.4027,1855000
2021-12-23,159.6600,160.7300,159.6600,160.2300,148.4031,1614100
2021-12-27,160.5100,162.2900,160.2400,162.2800,150.3017,2518200
2021-12-28,162.2400,163.1000,162.1400,162.5300,150.5333,2754600
2021-12-29,162.5400,163.3200,162.3600,163.0100,150.9778,2915200
2021-12-30,163.1900,163.8600,162.5800,162.7500,150.7371,2090100
2021-12-31,162.5800,163.4500,162.4600,162.7500,150.7371,3194700
2022-01-03,163.1300,163.4700,161.8000,162.8900,150.8667,3841500
2022-01-04,163.6000,164.6200,163.5900,164.2000,152.0800,3532000
2022-01-05,164.3200,164.9000,161.6000,161.6700,149.7368,5266400
2022-01-06,162.3500,163.0200,161.1600,162.0300,150.0702,3597700
2022-01-07,162.0400,162.5700,161.4200,161.7700,149.8294,4051800
2022-01-10,161.0900,161.2800,158.8000,160.9600,149.0792,5845200
2022-01-11,161.1400,162.5300,159.9600,162.4800,150.4870,4053700
2022-01-12,162.9800,163.4600,161.8500,162.6100,150.6074,3526500
2022-01-13,163.0300,163.6700,161.4900,161.8600,149.9127,3157800
2022-01-14,160.7900,161.7300,159.7500,161.5800,149.6534,3948500
2022-01-18,160.5000,160.5500,158.5400,159.0100,147.2731,4653200
2022-01-19,159.7100,160.0000,157.3000,157.3600,145.7449,4899600
2022-01-20,157.7800,159.5900,155.2100,155.3600,143.8925,7227200
2022-01-21,155.1500,156.0400,152.8200,153.0900,141.7901,8646900
2022-01-24,151.0400,154.4800,148.1600,154.2400,142.8552,10105000
2022-01-25,152.0500,154.3000,149.6400,152.7800,141.5029,6199200
2022-01-26,154.0800,155.3600,150.1500,151.5500,140.3638,8083200
2022-01-27,153.1300,154.4900,149.8600,150.7000,139.5765,5311300
2022-01-28,150.4400,153.2800,148.9700,153.2800,141.9660,5525700
2022-01-31,152.5400,155.7600,152.2900,155.6400,144.1519,5070600
2022-02-01,155.7000,157.0300,154.6500,156.8500,145.2725,5615600
2022-02-02,156.9800,158.1700,156.2700,157.8700,146.2173,4974300
2022-02-03,156.8700,157.6200,155.6600,155.8700,144.3649,5293900
2022-02-04,155.2400,156.9300,154.1600,155.7300,144.2352,5358900
2022-02-07,155.9200,157.0100,155.5100,155.8300,144.3278,2881100
2022-02-08,155.9600,157.5600,155.4300,157.2600,145.6522,3488800
2022-02-09,158.7600,160.0700,158.5800,159.9200,148.1159,3969700
2022-02-10,158.0000,160.4500,156.6700,157.4000,145.7819,4940500
2022-02-11,157.4800,158.5200,154.7400,155.3200,143.8555,4224800
2022-02-14,155.3800,155.7500,153.0700,154.0800,142.7070,4231900
2022-02-15,155.4000,156.5600,155.2300,156.4300,144.8835,2927000
2022-02-16,155.8000,157.3900,155.4600,156.9500,145.3651,4015700
2022-02-17,155.7600,156.0000,153.8700,154.1300,142.7533,3052100
2022-02-18,154.0100,155.1200,152.8500,153.5500,142.2161,3681700
2022-02-22,153.3000,153.9900,150.9700,152.0200,140.7990,4534400
2022-02-23,153.0100,153.4300,149.4900,149.6700,138.6225,4773700
2022-02-24,146.5400,151.2700,146.1200,151.1000,139.9470,8030900
2022-02-25,151.4800,155.1800,151.4600,155.1600,143.7073,6433300
2022-02-28,152.9000,154.9600,152.4000,154.2500,142.8645,6172900
2022-03-01,153.5800,154.4800,150.6200,151.6000,140.4101,7314500
2022-03-02,152.4900,155.4600,152.4600,154.8300,143.4016,5611900
2022-03-03,155.5500,155.8700,153.4100,154.5100,143.1052,4578400
2022-03-04,153.0400,153.6800,151.7700,153.5800,142.2439,4066500
2022-03-07,153.1400,153.3500,149.2200,149.3300,138.3076,4467100
2022-03-08,149.6400,151.7700,148.2400,148.2600,137.3166,5654700
2022-03-09,150.9100,152.2700,150.5000,151.4000,140.2248,4120100
2022-03-10,149.6700,151.3800,149.4000,151.1100,139.9562,2684000
2022-03-11,151.9500,152.4100,149.4100,149.5200,138.4836,2091100
2022-03-14,150.1700,151.0600,148.3600,148.9700,137.9742,2753400
2022-03-15,149.6200,151.6000,149.3900,151.3700,140.1970,3326000
2022-03-16,152.4700,154.2400,150.8800,154.2300,142.8459,4260500
2022-03-17,153.5900,156.1700,153.4400,156.1700,144.6427,3085000
2022-03-18,155.6300,157.3400,155.3100,157.1700,145.5689,2489600
2022-03-21,156.3700,157.2500,155.0600,156.0800,145.1634,2529300
2022-03-22,156.7700,157.7100,156.7200,157.3900,146.3818,2010300
2022-03-23,156.7000,156.9200,155.1100,155.1400,144.2892,1802700
2022-03-24,155.7100,156.9700,155.1800,156.9500,145.9725,953200
2022-03-25,157.3400,158.0900,156.5900,158.0200,146.9677,988100
2022-03-28,157.7700,158.4900,156.7300,158.4900,147.4049,1943100
2022-03-29,159.8600,161.2400,159.5700,161.1200,149.8509,1903100
2022-03-30,160.6900,161.0100,159.1200,159.8900,148.7069,2053100
2022-03-31,159.6700,160.2000,157.6300,157.7100,146.6794,2252000
2022-04-01,158.4200,158.5500,156.9300,158.2200,147.1538,2171600
2022-04-04,158.3100,158.6800,157.4900,158.5600,147.4699,1814300
2022-04-05,158.2100,159.0800,156.4500,156.8700,145.8981,1669600
2022-04-06,155.7900,156.5700,154.9400,156.0800,145.1634,2000700
2022-04-07,155.9100,157.2000,154.7900,156.5600,145.6099,1312300
2022-04-08,156.5000,157.8100,155.9900,156.8900,145.9167,2334800
2022-04-11,156.1200,157.0300,155.1900,155.3700,144.5031,1553500
2022-04-12,155.9300,157.2700,154.3500,154.8500,144.0195,2301400
2022-04-13,154.9900,156.7900,154.9900,156.6000,145.6470,1957000
2022-04-14,156.8000,157.5400,155.4800,155.5300,144.6519,1735500
2022-04-18,155.2000,156.0400,154.5000,155.2000,144.3450,1922500
2022-04-19,155.3000,158.2100,155.3000,157.9500,146.9026,2264000
2022-04-20,158.6200,159.7700,158.3900,158.9600,147.8420,2557200
2022-04-21,160.2500,160.4800,156.3400,156.6600,145.7028,2620800
2022-04-22,156.0700,156.1600,152.2700,152.3900,141.7315,3873000
2022-04-25,151.5000,153.0300,149.4100,152.8500,142.1593,3456600
2022-04-26,151.9400,152.2100,149.1300,149.1900,138.7553,2998400
2022-04-27,149.5300,151.0300,148.5700,149.4700,139.0157,3588900
2022-04-28,150.7400,152.7100,148.7300,152.0700,141.4339,4006200
2022-04-29,151.4200,152.2700,147.1900,147.4500,137.1370,4108000
2022-05-02,147.6000,148.8300,144.7400,147.8500,137.5090,5308800
2022-05-03,148.1200,150.0300,147.9200,149.0700,138.6437,2430400
2022-05-04,149.3000,153.4600,148.1700,153.2200,142.5034,2935800
2022-05-05,151.9100,152.1500,147.1800,148.6100,138.2159,5450600
2022-05-06,147.7700,148.2100,145.2100,147.2500,136.9510,3421500
2022-05-09,145.2700,145.7700,142.3200,142.8800,132.8867,4993600
2022-05-10,144.7300,145.3300,140.6600,142.5100,132.5426,5322100
2022-05-11,142.4900,144.8700,140.5200,140.6700,130.8312,3826000
2022-05-12,140.0000,142.2500,138.8800,141.2700,131.3893,4555100
2022-05-13,142.5900,145.0900,142.4800,144.5000,134.3933,2373400
2022-05-16,144.0200,145.1300,142.9700,143.9900,133.9190,2105600
2022-05-17,146.0300,147.0700,144.9500,147.0400,136.7557,5057700
2022-05-18,145.5600,145.5900,141.0100,141.5100,131.6125,2108300
2022-05-19,140.2000,142.7800,139.8800,141.1900,131.3149,2515000
2022-05-20,142.3600,142.5700,138.1200,141.1900,131.3149,4302400
2022-05-23,142.5800,143.5900,141.1700,143.1800,133.1657,2905500
2022-05-24,142.2100,142.7000,139.8100,142.2900,132.3379,4026400
2022-05-25,141.8400,144.4700,141.7700,143.9300,133.8632,1937100
2022-05-26,144.7700,147.6100,144.7700,146.9700,136.6906,3162500
2022-05-27,147.7800,150.3400,147.7500,150.3400,139.8249,3196700
2022-05-31,149.4600,150.1200,148.1400,148.9300,138.5135,2746200
2022-06-01,149.5800,149.8900,146.1300,147.3500,137.0440,2113400
2022-06-02,147.4500,149.9800,146.6900,149.9400,139.4529,1872400
2022-06-03,148.6200,149.1700,147.8900,148.1700,137.8067,1591900
2022-06-06,149.3700,149.9100,148.3500,148.7100,138.3089,2004800
2022-06-07,147.4200,150.2800,147.2800,150.1300,139.6296,1581100
2022-06-08,149.4300,149.7200,147.7100,148.0100,137.6578,1370300
2022-06-09,147.4100,147.7100,144.6500,144.6500,134.5329,1182100
2022-06-10,142.3900,142.5000,140.7100,140.7100,130.8684,2594700
2022-06-13,137.4200,137.8900,134.3900,135.0500,125.6043,3705400
2022-06-14,135.7900,136.1200,133.1600,134.3500,124.9532,3562600
2022-06-15,135.5500,137.4200,133.4500,135.6400,126.1530,2899900
2022-06-16,132.8500,132.8500,129.9200,130.8400,121.6887,2967400
2022-06-17,131.1500,132.2600,129.5600,131.1400,121.9678,3359100
2022-06-21,132.3800,133.2600,132.0400,132.6900,124.0745,1833300
2022-06-22,131.0700,133.8200,130.8900,132.6200,124.0090,3062800
2022-06-23,133.2200,133.9700,131.9900,133.7200,125.0376,2607900
2022-06-24,134.8500,138.1200,134.8000,138.0700,129.1052,2259500
2022-06-27,138.4900,138.7800,137.2700,138.0000,129.0397,2063000
2022-06-28,138.7500,139.9400,135.7800,135.9000,127.0761,1664200
2022-06-29,135.9400,135.9700,134.3000,135.0700,126.3000,2203500
2022-06-30,133.5400,135.4500,132.5000,134.2300,125.5145,1868600
2022-07-01,133.9800,136.1800,133.2000,135.8700,127.0480,2679100
2022-07-05,134.0300,135.5700,132.4600,135.5500,126.7488,1646500
2022-07-06,135.5200,136.5100,134.4000,135.5800,126.7768,1318500
2022-07-07,136.4500,137.8500,136.4300,137.5500,128.6189,1481400
2022-07-08,137.3700,137.9400,136.2800,137.0400,128.1420,1120400
2022-07-11,136.0400,136.5300,135.5500,135.7800,126.9639,1346600
2022-07-12,135.2500,136.6900,134.5100,135.1300,126.3561,1622200
2022-07-13,133.3100,135.2200,132.8000,134.3800,125.6548,1679700
2022-07-14,132.2400,133.4900,131.4800,133.3200,124.6636,1818900
2022-07-15,134.9100,135.8900,133.8600,135.8500,127.0293,1669400
2022-07-18,136.9600,137.2900,134.8000,135.2600,126.4776,1122600
2022-07-19,136.6800,139.4200,136.6800,139.1400,130.1057,1441400
2022-07-20,138.9700,140.4100,138.7100,140.0700,130.9753,2179800
2022-07-21,139.5900,141.1600,138.9100,141.1600,131.9946,1331500
2022-07-22,141.4100,141.9700,139.4600,140.3400,131.2278,1215400
2022-07-25,140.6000,140.9700,139.7100,140.6900,131.5550,1571600
2022-07-26,140.2500,140.2600,139.2500,139.5900,130.5265,903500
2022-07-27,140.3300,142.8200,140.0900,142.3000,133.0605,2192800
2022-07-28,142.6400,144.6800,141.5400,144.5500,135.1644,2438200
2022-07-29,144.5300,146.2000,144.2100,145.8400,136.3707,1981900
2022-08-01,145.1100,146.0400,144.3600,145.5600,136.1088,2047000
2022-08-02,145.0200,146.2600,144.2400,144.5300,135.1457,1446900
2022-08-03,145.2800,146.4100,144.7700,146.0300,136.5483,1772500
2022-08-04,145.8500,146.1800,145.5000,145.7200,136.2585,1662700
2022-08-05,144.4200,146.0700,144.3100,145.8800,136.4081,1454500
2022-08-08,146.6800,147.7000,146.0300,146.2900,136.7914,1441500
2022-08-09,146.1000,146.2100,145.0100,145.4400,135.9966,1237700
2022-08-10,147.8400,148.7600,147.6300,148.5500,138.9047,3283100
2022-08-11,149.5900,150.9000,148.9500,149.2100,139.5219,3091600
2022-08-12,149.8900,151.6400,149.6800,151.6200,141.7754,2342600
2022-08-15,150.7200,152.1300,150.6400,151.9500,142.0840,2753200
2022-08-16,151.5100,153.1000,151.3900,152.3900,142.4953,1361700
2022-08-17,151.0300,151.8100,150.1300,150.9600,141.1582,1394100
2022-08-18,151.0500,151.6400,150.6600,151.4400,141.6070,1148500
2022-08-19,150.4100,150.5600,149.0200,149.4400,139.7369,997400
2022-08-22,147.7500,147.7500,145.9400,146.3200,136.8195,2248300
2022-08-23,146.3900,147.1700,145.7600,145.9400,136.4642,1557400
2022-08-24,145.9700,147.1700,145.7200,146.6700,137.1467,878800
2022-08-25,147.2700,148.9300,147.0700,148.9300,139.2600,1779700
2022-08-26,149.1000,149.1300,144.0700,144.1300,134.7717,1560500
2022-08-29,143.0700,144.4700,142.6900,143.2900,133.9862,2167300
2022-08-30,143.7300,143.7800,141.1800,141.7800,132.5743,2164600
2022-08-31,142.2800,142.7200,140.6100,140.7600,131.6205,2165500
2022-09-01,139.8100,140.9900,138.6400,140.8800,131.7327,1838600
2022-09-02,142.3400,142.9500,139.2100,139.8600,130.7789,1296200
2022-09-06,140.3000,140.4900,138.5300,139.4700,130.4142,1868500
2022-09-07,139.3500,142.7600,139.3300,142.5300,133.2756,2094900
2022-09-08,141.6900,143.8200,141.1200,143.7600,134.4257,2110200
2022-09-09,144.7300,146.1100,144.5000,145.7400,136.2771,1548200
2022-09-12,146.5900,147.4500,146.2600,147.1000,137.5488,1844600
2022-09-13,143.9600,144.3500,140.8700,141.2800,132.1067,2008000
2022-09-14,141.5500,141.8000,140.0700,141.2700,132.0974,1575900
2022-09-15,140.8600,142.2600,139.7900,140.1500,131.0501,1678700
2022-09-16,138.6100,139.0400,137.5800,138.7500,129.7410,2430900
2022-09-19,136.8600,139.2200,136.8600,139.1500,130.7085,1283100
2022-09-20,138.0100,138.1000,135.9200,136.9100,128.6044,1497600
2022-09-21,137.6400,138.8000,134.6400,134.6400,126.4721,2226800
2022-09-22,134.5600,134.7100,132.6000,132.7100,124.6592,3304900
2022-09-23,131.3800,131.3800,128.6900,130.4800,122.5645,4099600
2022-09-26,129.9900,130.9800,128.0900,128.5900,120.7891,2987200
2022-09-27,129.8600,130.5700,127.2600,128.1800,120.4040,2756000
2022-09-28,128.9500,131.8100,128.4500,131.1600,123.2032,4854500
2022-09-29,129.9700,130.0000,127.7400,128.6800,120.8737,3154600
2022-09-30,128.5700,129.8500,127.0800,127.2800,119.5586,2548300
2022-10-03,128.6700,131.6000,127.9400,130.8300,122.8933,4943300
2022-10-04,132.8500,135.3600,132.8100,135.3400,127.1296,4074600
2022-10-05,133.6900,135.6900,132.8000,134.8100,126.6318,2399300
2022-10-06,134.2600,135.3000,133.0800,133.3100,125.2228,1698900
2022-10-07,132.0100,132.2000,129.3900,130.1500,122.2545,3197700
2022-10-10,130.6100,130.7600,128.4000,129.2700,121.4279,3571800
2022-10-11,128.7900,130.4400,127.7300,128.6900,120.8831,2521900
2022-10-12,128.7400,129.1400,127.9100,128.0200,120.2537,2419900
2022-10-13,125.4600,131.7000,124.9200,131.1000,123.1469,4820200
2022-10-14,131.9800,132.7000,127.9200,128.2000,120.4228,2663400
2022-10-17,130.3100,131.6800,130.3100,130.9900,123.0435,2500700
2022-10-18,133.5100,134.2100,131.6700,132.9300,124.8658,4707000
2022-10-19,132.0100,132.7800,130.3700,131.3600,123.3911,2030400
2022-10-20,131.5300,132.7700,129.6200,129.9000,122.0197,2821500
2022-10-21,129.8900,133.0600,129.2800,132.8700,124.8095,2535100
2022-10-24,133.5200,134.7200,132.6700,134.3500,126.1997,2637600
2022-10-25,134.3600,137.0500,134.2700,136.9300,128.6232,3735900
2022-10-26,137.0600,138.8700,136.8100,137.2000,128.8768,2762100
2022-10-27,138.0000,139.1500,137.1700,137.3300,128.9989,2734800
2022-10-28,137.4000,140.3300,137.2200,140.1800,131.6760,3407200
2022-10-31,139.4400,140.4500,139.1100,139.5600,131.0936,3715700
2022-11-01,141.0300,141.2300,139.2500,139.9000,131.4130,3684400
2022-11-02,139.6400,143.5500,136.4900,136.4900,128.2099,4326800
2022-11-03,135.0800,136.7400,134.0900,135.8000,127.5618,4013800
2022-11-04,137.7000,138.8400,135.7400,137.9100,129.5438,5355300
2022-11-07,138.4700,139.2000,137.5400,139.0100,130.5770,3693600
2022-11-08,139.3600,141.1300,138.3400,139.8400,131.3567,6172400
2022-11-09,138.9200,139.7000,137.1200,137.3300,128.9989,2566800
2022-11-10,142.0700,144.8800,141.7500,144.6900,135.9124,6723100
2022-11-11,145.1800,146.5800,144.7400,146.0800,137.2181,7571900
2022-11-14,145.5600,146.6200,144.4100,144.4900,135.7246,3673600
2022-11-15,146.6400,146.9600,144.4600,145.8500,137.0021,3981800
2022-11-16,145.1400,145.3200,144.0100,144.3000,135.5461,4210900
2022-11-17,142.3700,143.4900,141.7500,143.4600,134.7570,5512600
2022-11-18,144.9100,145.1600,143.3400,144.5300,135.7622,3439700
2022-11-21,143.9100,144.6700,143.5600,144.4700,135.7058,1938100
2022-11-22,145.2600,146.4600,144.9300,146.3900,137.5093,3184200
2022-11-23,146.1500,147.2400,146.0800,147.0000,138.0823,2213200
2022-11-25,147.0000,147.5000,147.0000,147.5000,138.5520,825500
2022-11-28,146.2800,146.7400,144.5800,144.8700,136.0815,1915600
2022-11-29,145.1400,145.7900,144.6300,145.3300,136.5137,2202100
2022-11-30,145.5000,148.8900,144.3200,148.8200,139.7919,4546500
2022-12-01,149.6200,150.2000,148.3500,149.0300,139.9892,3723600
2022-12-02,147.1700,149.3600,147.1700,148.9400,139.9046,2260600
2022-12-05,147.8800,147.9700,145.6200,146.0600,137.1993,2811400
2022-12-06,146.1000,146.2700,143.4700,144.4600,135.6964,2693600
2022-12-07,144.0600,145.2700,143.9100,144.2200,135.4710,2269900
2022-12-08,145.0700,145.8700,144.5100,145.1500,136.3445,2570600
2022-12-09,144.6600,145.4100,143.9700,144.0300,135.2925,1650200
2022-12-12,144.2700,146.1500,143.8700,146.1500,137.2838,1914200
2022-12-13,150.0800,150.0800,146.1200,147.1700,138.2420,4117400
2022-12-14,147.1000,148.3600,145.2300,146.3000,137.4248,2919500
2022-12-15,144.4600,144.7200,142.5500,143.0900,134.4095,3411200
2022-12-16,141.8300,142.2400,140.4300,141.3600,132.7845,2988000
2022-12-19,140.8600,141.1500,138.9600,139.6300,131.6979,4400500
2022-12-20,139.4600,140.3600,139.0100,139.7700,131.8300,2076800
2022-12-21,140.9400,142.2700,140.7800,141.9300,133.8672,3052200
2022-12-22,140.8300,140.8900,138.0100,140.3900,132.4147,3763300
2022-12-23,140.2800,141.3400,139.5700,141.2900,133.2636,2284500
2022-12-27,141.4200,141.8500,140.5600,141.3800,133.3485,2010700
2022-12-28,141.4800,141.9000,139.3200,139.3500,131.4338,2306100
2022-12-29,140.2800,142.2200,140.1400,141.8300,133.7729,2587400
2022-12-30,140.9400,141.3400,139.9600,141.2500,133.2259,2805100
2023-01-03,142.0800,142.8400,140.0000,141.1200,133.1033,3859700
2023-01-04,142.0800,143.9200,141.8500,143.3200,135.1783,2506200
2023-01-05,142.3900,142.5300,141.4000,141.8300,133.7729,2243500
2023-01-06,143.3200,145.6400,142.3100,145.2300,136.9798,2841600
2023-01-09,145.9700,147.1500,145.2200,145.2900,137.0364,2701400
2023-01-10,145.1000,146.4100,144.6500,146.3800,138.0645,2115300
2023-01-11,146.9700,148.1800,146.8000,148.1600,139.7433,3979800
2023-01-12,148.6100,149.2400,147.2200,148.7200,140.2715,2916800
2023-01-13,147.5300,149.2700,147.3100,149.0700,140.6016,2069900
2023-01-17,148.9700,149.6600,148.5600,148.7400,140.2904,3228600
2023-01-18,149.3300,149.6800,146.3700,146.4500,138.1305,2689300
2023-01-19,145.5500,145.8200,144.3700,144.9400,136.7062,2753100
2023-01-20,145.4400,147.5400,144.5600,147.4600,139.0831,2564800
2023-01-23,147.7900,149.9500,147.5000,149.3300,140.8469,2475700
2023-01-24,148.9000,149.3700,148.0300,148.9800,140.5168,2383300
2023-01-25,147.7300,149.3500,146.9500,149.3200,140.8374,2948800
2023-01-26,150.1500,150.6100,149.0000,150.5200,141.9693,4367800
2023-01-27,150.2100,151.5400,149.9800,150.8000,142.2334,2888300
2023-01-30,149.7300,150.8600,149.1000,149.2000,140.7242,2587000
2023-01-31,149.5800,151.7300,149.2400,151.7300,143.1105,3279900
2023-02-01,150.9400,154.2900,150.2300,153.2800,144.5725,3688100
2023-02-02,154.3500,155.7200,153.7000,154.9600,146.1570,4528000
2023-02-03,153.3800,154.2800,152.6300,153.0600,144.3650,4671900
2023-02-06,152.0700,152.4600,151.4700,151.9800,143.3463,1874000
2023-02-07,151.6400,153.8500,150.7700,153.4000,144.6857,4267400
2023-02-08,152.5900,153.1400,151.6000,151.8900,143.2614,2797000
2023-02-09,153.0700,153.3600,150.0600,150.5000,141.9504,2179500
2023-02-10,150.0900,151.1000,149.8100,150.9600,142.3843,2329900
2023-02-13,151.1400,152.6700,150.8500,152.6500,143.9783,2036100
2023-02-14,152.2600,153.4600,151.0200,152.3600,143.7047,3398000
2023-02-15,151.6000,153.1000,151.3000,153.0800,144.3838,1892400
2023-02-16,151.2900,152.7400,150.9300,151.3500,142.7521,2223700
2023-02-17,150.7100,151.1500,149.8100,151.0300,142.4503,1673900
2023-02-21,149.7100,149.8000,147.5200,147.7500,139.3566,2587800
2023-02-22,147.8500,148.5100,146.9900,147.5700,139.1869,3720800
2023-02-23,148.4700,148.8100,146.5600,148.1200,139.7056,2632600
2023-02-24,146.3700,147.1600,145.6700,146.8500,138.5078,3517500
2023-02-27,148.1000,148.6700,146.6800,147.0300,138.6775,2366500
2023-02-28,147.0800,147.7600,146.6000,146.6000,138.2720,2763300
2023-03-01,146.3500,146.8900,145.7400,146.3300,138.0173,2872500
2023-03-02,145.7700,147.7900,145.3000,147.4800,139.1020,3517300
2023-03-03,148.1800,149.7200,147.6100,149.5500,141.0544,3095000
2023-03-06,149.7300,150.2100,148.6000,148.8300,140.3753,2626400
2023-03-07,148.8700,149.0200,146.2200,146.4300,138.1116,2875200
2023-03-08,146.4900,147.1700,145.8800,146.7400,138.4040,3049300
2023-03-09,146.8500,147.2900,143.1900,143.5000,135.3481,3693800
2023-03-10,143.1300,143.5100,139.6500,140.4700,132.4902,7123300
2023-03-13,138.0100,140.7000,137.0200,138.7500,130.8679,8104700
2023-03-14,141.2200,141.9500,139.1100,140.7000,132.7071,3819100
2023-03-15,138.1100,138.7300,136.6700,138.7300,130.8490,6605200
2023-03-16,137.5200,140.6900,137.1400,140.4000,132.4242,8420400
2023-03-17,139.9600,139.9600,137.5800,138.0300,130.1888,4967300
2023-03-20,137.8900,139.6700,137.8900,139.1200,131.8771,3404300
2023-03-21,140.7000,141.2600,140.1400,140.9800,133.6402,2214900
2023-03-22,140.9900,141.4900,137.6800,137.8100,130.6353,5039600
2023-03-23,138.5200,139.8900,136.3700,137.3500,130.1992,7020600
2023-03-24,136.6100,138.6200,135.7900,138.5200,131.3083,6862600
2023-03-27,139.7100,140.1500,138.8600,139.4400,132.1804,3065600
2023-03-28,139.2300,140.1300,139.1000,139.7200,132.4458,1693400
2023-03-29,141.0000,141.9300,140.8300,141.8200,134.4365,2480600
2023-03-30,142.9400,143.1800,141.9300,142.5200,135.1000,2695900
2023-03-31,143.0800,144.6800,143.0800,144.6200,137.0907,2737800
2023-04-03,144.7200,145.2900,144.0600,144.7400,137.2045,3390800
2023-04-04,145.0300,145.1000,142.6500,143.2900,135.8300,2904000
2023-04-05,142.8500,143.4100,142.3700,142.9900,135.5456,3234000
2023-04-06,142.8300,143.2800,142.3800,143.0900,135.6404,2182700
2023-04-10,142.4900,144.0000,142.3600,143.9600,136.4651,2635300
2023-04-11,144.3900,145.4400,144.3200,144.9000,137.3562,2225200
2023-04-12,145.8100,145.8700,143.9800,144.2000,136.6926,3066100
2023-04-13,144.4500,145.5600,143.8600,145.3100,137.7448,3190500
2023-04-14,145.2800,145.9900,143.9100,144.6500,137.1192,2504300
2023-04-17,144.7100,145.6400,144.4400,145.6300,138.0482,2399800
2023-04-18,146.0400,146.2100,145.1200,145.6400,138.0576,1569400
2023-04-19,145.0000,145.8500,144.8700,145.6800,138.0956,1784900
2023-04-20,144.7200,145.4000,144.3900,144.8800,137.3372,3451700
2023-04-21,145.1300,145.1300,144.1300,144.9200,137.3751,2160900
2023-04-24,144.8600,145.2900,144.5900,145.1900,137.6311,1523600
2023-04-25,144.4000,144.4300,142.6400,142.7200,135.2897,2563200
2023-04-26,142.4000,142.4800,140.9400,141.2300,133.8772,5378700
2023-04-27,141.8200,143.5800,141.4300,143.5500,136.0764,5993000
2023-04-28,143.2600,145.1900,143.2300,145.1400,137.5836,2965600
2023-05-01,145.0300,145.8300,144.8600,145.0100,137.4604,3000900
2023-05-02,144.5300,144.5300,141.4500,142.8400,135.4034,4489800
2023-05-03,143.1000,144.2500,141.8900,142.0100,134.6166,5835800
2023-05-04,141.6900,141.9100,140.1600,140.6600,133.3369,5483300
2023-05-05,141.9000,143.4300,141.9000,143.0300,135.5835,4860300
2023-05-08,143.4200,143.4400,142.3000,142.7700,135.3370,2332900
2023-05-09,142.1200,142.5800,141.7600,142.2400,134.8346,2242700
2023-05-10,143.2600,143.4300,140.9200,142.2200,134.8156,3871400
2023-05-11,141.6100,141.7500,140.7800,141.5100,134.1427,3839400
2023-05-12,142.0400,142.1800,140.6000,141.5200,134.1521,3477400
2023-05-15,141.7300,142.5400,141.2600,142.3200,134.9105,2322700
2023-05-16,141.8600,141.8600,140.2900,140.3100,133.0051,4668100
2023-05-17,141.0600,142.4000,140.4200,142.0900,134.6925,6902700
2023-05-18,141.8700,143.3900,141.6100,143.2400,135.7826,3800000
2023-05-19,143.6800,143.8700,142.3300,142.8600,135.4223,5758200
2023-05-22,142.9400,143.6800,142.2200,143.0800,135.6309,4411500
2023-05-23,142.6000,143.1000,141.4400,141.5500,134.1806,6919600
2023-05-24,140.9300,141.0100,139.7300,140.0100,132.7207,2940500
2023-05-25,140.1800,140.4000,138.9500,139.9200,132.6354,4696000
2023-05-26,140.2100,141.2700,140.0300,141.0900,133.7445,4572500
2023-05-30,141.3700,141.7200,140.3600,140.8400,133.5075,8268500
2023-05-31,140.1300,140.2200,138.8100,139.6100,132.3416,7611200
2023-06-01,139.8700,141.1100,139.0500,140.6600,133.3369,4478300
2023-06-02,141.9000,144.0300,141.8300,143.7300,136.2471,10284600
2023-06-05,143.9100,143.9600,143.0000,143.2400,135.7826,5415100
2023-06-06,143.1700,144.4200,143.0300,144.2100,136.7021,5333300
2023-06-07,144.4800,145.4700,144.1600,145.2700,137.7069,13306200
2023-06-08,145.0500,145.5400,144.3400,145.3300,137.7638,5882400
2023-06-09,145.5000,145.8400,144.8300,145.1600,137.6026,4396800
2023-06-12,145.4500,146.2100,145.0000,146.1200,138.5126,3733100
2023-06-13,146.5900,147.7500,146.4000,147.5300,139.8492,6802500
2023-06-14,147.9200,148.4600,146.4200,147.2500,139.5838,8456400
2023-06-15,146.9500,149.3000,146.9500,148.9500,141.1953,5177400
2023-06-16,149.6100,149.8800,148.6000,148.8300,141.0816,11152900
2023-06-20,147.4700,147.4900,146.2900,146.8400,139.7982,4514200
2023-06-21,146.4000,147.1600,145.8300,146.6300,139.5983,5481700
2023-06-22,146.4200,146.5500,145.4700,146.0300,139.0270,3852200
2023-06-23,145.0100,145.4800,144.5200,144.7700,137.8274,3869600
2023-06-26,144.7700,146.0400,144.7700,145.6500,138.6653,4300000
2023-06-27,145.8600,147.6400,145.5900,147.4300,140.3599,8880500
2023-06-28,147.1700,147.3200,146.4800,147.1800,140.1219,4335600
2023-06-29,147.1300,148.3500,146.8400,148.3300,141.2167,7610700
2023-06-30,149.2500,150.0100,148.8900,149.6400,142.4639,4742300
2023-07-03,149.3500,150.2400,149.1500,150.0100,142.8162,2797300
2023-07-05,149.3900,149.8300,148.8700,149.3700,142.2068,4333900
2023-07-06,148.0000,148.2900,146.9400,148.1500,141.0453,7769500
2023-07-07,147.9100,149.7900,147.8200,148.5200,141.3976,3213100
2023-07-10,148.4200,150.0300,148.3600,149.8500,142.6638,4145800
2023-07-11,150.2200,151.7200,150.1900,151.5400,144.2728,10166300
2023-07-12,152.9700,153.0200,152.0700,152.2400,144.9392,6668900
2023-07-13,152.6900,153.2000,152.3400,152.9600,145.6247,5458400
2023-07-14,153.1000,153.1000,151.6800,152.0600,144.7679,6345100
2023-07-17,151.7800,152.7700,151.3200,152.3500,145.0440,5352900
2023-07-18,152.3500,153.6000,152.2200,153.2900,145.9388,5442200
2023-07-19,153.5900,154.3200,153.4300,154.0500,146.6624,8551800
2023-07-20,153.8900,154.1700,153.3500,153.8900,146.5101,7542400
2023-07-21,154.4000,154.5900,153.6300,154.1100,146.7195,5511700
2023-07-24,154.4000,154.8300,154.0600,154.5400,147.1289,3358000
2023-07-25,154.3400,155.0800,154.1100,154.6500,147.2337,5010400
2023-07-26,154.3500,155.3300,154.2600,155.0000,147.5669,5149100
2023-07-27,155.7700,155.7700,153.3700,153.6400,146.2721,6057500
2023-07-28,155.0500,155.1000,153.7900,154.4000,146.9956,6004400
2023-07-31,154.7500,155.1900,154.3500,154.8800,147.4527,3809500
2023-08-01,154.1800,154.6500,153.7800,154.2500,146.8528,3038100
2023-08-02,153.0700,153.5300,152.4500,152.7800,145.4533,6038100
2023-08-03,152.2000,152.5400,151.4400,152.0200,144.7298,4871400
2023-08-04,152.3500,153.1300,151.1500,151.3400,144.0824,4016200
2023-08-07,151.9200,152.7100,151.8700,152.6200,145.3010,3359000
2023-08-08,151.2600,152.0100,150.4000,151.8600,144.5775,3521700
2023-08-09,151.9800,152.4400,151.2000,151.4200,144.1585,5116400
2023-08-10,152.1600,153.1100,150.9100,151.2400,143.9872,3943500
2023-08-11,150.7700,151.6800,150.6300,151.2700,144.0158,4139400
2023-08-14,150.9900,151.2600,150.4500,151.2400,143.9872,2929100
2023-08-15,150.3400,150.3900,149.0900,149.2500,142.0926,3439800
2023-08-16,149.0500,149.6700,148.1200,148.1600,141.0549,5386200
2023-08-17,148.7400,148.8300,146.9300,147.0200,139.9696,5092200
2023-08-18,146.1300,147.5200,145.9200,147.2800,140.2171,4654100
2023-08-21,147.4100,147.6800,146.2400,147.2500,140.1885,3909100
2023-08-22,147.5300,147.7400,146.5200,146.6700,139.6363,3955500
2023-08-23,146.9800,148.0200,146.6600,147.8900,140.7978,3683200
2023-08-24,147.7900,148.8100,146.4500,146.4700,139.4460,3281000
2023-08-25,147.0700,147.8100,145.9600,147.2100,140.1505,5393300
2023-08-28,147.8800,148.6900,147.7700,148.3100,141.1977,4273700
2023-08-29,148.4100,150.0200,148.1500,149.9800,142.7876,5362000
2023-08-30,150.0600,150.6700,149.9100,150.4500,143.2351,6138000
2023-08-31,150.7100,150.7700,149.8700,149.9200,142.7305,5314200
2023-09-01,150.8600,151.1700,150.1000,150.5400,143.3208,4846200
2023-09-05,150.3100,150.3100,148.6300,148.6800,141.5500,3754600
2023-09-06,148.4100,148.7900,147.4400,148.1700,141.0644,5019700
2023-09-07,147.7600,148.0900,147.0600,147.5800,140.5027,4834200
2023-09-08,147.7800,148.0300,147.3900,147.6500,140.5694,2480800
2023-09-11,148.3300,148.5800,147.6200,147.8900,140.7978,2917500
2023-09-12,147.5500,148.3700,147.5100,147.7000,140.6169,3062400
2023-09-13,147.8400,148.0300,146.6900,147.1100,140.0553,3821800
2023-09-14,148.1100,148.9300,147.9600,148.8300,141.6928,3080600
2023-09-15,148.3500,148.7100,147.4400,147.5800,140.5027,3637700
2023-09-18,146.9000,147.0500,146.2100,146.5900,140.1661,2843700
2023-09-19,146.5800,146.7500,145.6600,146.3500,139.9366,3814000
2023-09-20,146.9100,147.4100,145.6300,145.6800,139.2960,4128100
2023-09-21,145.0200,145.1700,143.1800,143.2600,136.9821,4778100
2023-09-22,143.5100,143.6900,142.5600,142.6900,136.4370,3362700
2023-09-25,142.0800,143.0800,142.0500,143.0500,136.7813,6184600
2023-09-26,142.2500,142.6000,140.9100,141.0400,134.8593,4013000
2023-09-27,141.6500,141.8100,140.1400,141.0900,134.9071,5306400
2023-09-28,141.0900,142.6000,141.0900,142.0700,135.8442,6516300
2023-09-29,142.9900,143.2100,141.2800,141.6900,135.4809,5839300
2023-10-02,141.2500,141.4800,139.4100,140.0900,133.9510,7668900
2023-10-03,139.3000,139.9200,137.9100,138.4100,132.3446,6579100
2023-10-04,138.7700,139.3300,137.5100,139.2000,133.1000,7483500
2023-10-05,139.1000,139.3900,137.9600,138.8000,132.7175,4976800
2023-10-06,138.1200,140.7400,137.3200,140.0000,133.8649,8193300
2023-10-09,139.4200,141.2100,139.3300,141.0000,134.8211,3955400
2023-10-10,141.3700,142.9200,141.2800,142.0800,135.8538,5192900
2023-10-11,142.2200,142.6900,141.3900,142.3800,136.1406,4211300
2023-10-12,142.5700,142.6100,139.7800,140.6000,134.4386,6378300
2023-10-13,141.0200,141.4500,139.6900,140.2900,134.1422,5019900
2023-10-16,141.2800,142.3000,140.6600,142.0400,135.8155,3995000
2023-10-17,141.2100,143.5000,141.2100,142.7400,136.4849,4954900
2023-10-18,142.0300,142.1100,140.2900,140.4800,134.3239,3986800
2023-10-19,140.4500,141.0600,138.5100,138.7400,132.6602,6056300
2023-10-20,138.4600,138.6900,136.9700,137.0100,131.0060,5247800
2023-10-23,136.3400,137.6300,135.8900,136.1400,130.1740,7157000
2023-10-24,136.8000,137.6500,136.3400,137.0100,131.0060,6337700
2023-10-25,136.3600,136.6000,135.3100,135.5000,129.5621,6627700
2023-10-26,135.3900,136.4200,135.0200,135.2200,129.2944,13893800
2023-10-27,135.5600,135.5600,133.3400,133.6600,127.8027,7744900
2023-10-30,134.5100,135.0400,133.5400,134.7100,128.8067,10830300
2023-10-31,135.0300,135.9700,134.5000,135.8300,129.8776,6021900
2023-11-01,135.8700,136.5400,135.1700,136.2900,130.3175,6508700
2023-11-02,137.4300,139.4200,137.3800,139.3100,133.2051,7961700
2023-11-03,140.8200,142.2500,140.7700,141.5900,135.3852,7473300
2023-11-06,141.7100,141.8400,140.3800,140.8500,134.6777,5054800
2023-11-07,140.5900,140.9200,140.0700,140.5500,134.3908,3636800
2023-11-08,140.7200,140.9400,139.7300,140.3200,134.1709,3994900
2023-11-09,140.8800,140.9400,139.0400,139.1300,133.0330,6288500
2023-11-10,139.7100,140.8900,139.0300,140.7600,134.5916,6783800
2023-11-13,140.3100,140.9600,140.0600,140.5800,134.4195,4142700
2023-11-14,142.7800,145.0400,142.7700,144.5900,138.2538,15157800
2023-11-15,144.8900,146.2300,144.8900,145.2700,138.9040,8133800
2023-11-16,145.1500,145.5300,144.3500,144.7900,138.4450,5466700
2023-11-17,145.4500,145.6600,144.9600,145.4900,139.1143,5027100
2023-11-20,145.3300,146.4200,144.8300,146.0700,139.6689,6441800
2023-11-21,145.8200,146.0800,145.4900,145.8000,139.4107,4612600
2023-11-22,146.2600,146.8600,146.0100,146.4800,140.0609,4388100
2023-11-24,146.4300,147.0300,146.3500,146.9100,140.4721,1156200
2023-11-27,146.5500,146.8300,146.1200,146.6100,140.1853,3848000
2023-11-28,146.4300,147.1500,146.0900,146.4700,140.0514,3960800
2023-11-29,147.1200,148.0800,146.8500,147.0500,140.6060,5732900
2023-11-30,147.5500,148.3700,146.8700,148.3000,141.8012,7763200
2023-12-01,148.1600,150.5700,148.0100,150.5300,143.9335,12060800
2023-12-04,149.5300,151.0100,149.5300,150.6000,144.0004,9572900
2023-12-05,149.9800,150.0200,148.9400,149.2600,142.7191,6384200
2023-12-06,149.9700,150.6200,149.1800,149.3100,142.7669,5237800
2023-12-07,149.7900,150.2700,149.4100,150.1000,143.5223,6054300
2023-12-08,149.9700,150.9500,149.8900,150.5700,143.9717,5181700
2023-12-11,150.7600,151.9300,150.6800,151.9100,145.2530,7130700
2023-12-12,151.9800,152.3800,151.2300,152.1800,145.5111,4633800
2023-12-13,152.1600,155.4500,151.9300,155.4100,148.5996,11782700
2023-12-14,156.6600,158.2500,156.6600,157.5300,150.6267,21351900
2023-12-15,157.2900,157.3100,155.8800,156.4100,149.5558,8883500
2023-12-18,156.4000,156.5100,155.6300,155.8700,149.6221,8628600
2023-12-19,156.4000,157.2500,156.2000,157.1800,150.8795,10130900
2023-12-20,156.8000,157.3800,154.5100,154.5800,148.3837,7411100
2023-12-21,155.8300,156.5200,155.0700,156.4800,150.2076,6988900
2023-12-22,156.9200,157.5900,156.3400,157.0100,150.7163,5749900
2023-12-26,157.2900,158.3200,157.0500,157.9100,151.5803,4053100
2023-12-27,158.0800,158.3200,157.5900,158.0600,151.7243,4380300
2023-12-28,158.0600,158.6000,158.0500,158.4100,152.0602,4047000
2023-12-29,158.0400,158.5300,157.3300,157.8000,151.4747,5339200
2024-01-02,157.0200,158.3500,156.7700,157.8500,151.5227,9816500
2024-01-03,156.9800,156.9800,155.3000,155.5200,149.2861,9207500
2024-01-04,155.4600,156.2900,155.2000,155.2600,149.0365,5621600
2024-01-05,155.0100,156.6000,154.8300,155.7100,149.4684,8379600
2024-01-08,155.6600,157.3800,155.3000,157.3800,151.0715,7954000
2024-01-09,156.3800,157.0800,156.0700,156.5800,150.3035,6419100
2024-01-10,156.5800,157.1500,156.0700,156.8500,150.5628,4620700
2024-01-11,156.8000,156.8300,155.1600,156.4000,150.1308,7070600
2024-01-12,157.1400,157.3800,155.7100,156.0500,149.7948,5568500
2024-01-16,155.3600,155.4700,154.5200,155.0600,148.8445,6942300
2024-01-17,153.8700,154.6000,153.1000,153.8400,147.6734,5775000
2024-01-18,154.0300,154.7700,153.1600,154.6300,148.4317,7267100
2024-01-19,154.9900,156.1500,154.0700,155.8200,149.5740,8488600
2024-01-22,156.2900,157.2100,156.2500,156.6400,150.3612,9964200
2024-01-23,157.0000,157.3900,156.1700,156.7200,150.4380,4785800
2024-01-24,157.7000,157.7100,155.8100,155.9100,149.6604,5688000
2024-01-25,157.1700,157.5000,156.3600,157.4800,151.1675,5832000
2024-01-26,157.6600,157.9800,157.2000,157.5000,151.1867,5997700
2024-01-29,157.3400,158.5200,157.0800,158.4600,152.1082,4501700
2024-01-30,158.0100,158.8400,157.8500,158.4900,152.1370,7258200
2024-01-31,158.4800,158.5900,156.3800,156.4600,150.1884,8928200
2024-02-01,156.7900,158.3800,155.7900,158.2800,151.9354,8008200
2024-02-02,157.6100,158.9100,156.7400,158.1400,151.8010,8128900
2024-02-05,157.3600,157.4300,156.1300,156.7800,150.4955,8633400
2024-02-06,156.9500,157.8700,156.7600,157.7700,151.4459,6059000
2024-02-07,158.5100,158.7700,157.6200,158.3900,152.0410,6706000
2024-02-08,158.4300,158.8400,157.9700,158.7400,152.3770,4900200
2024-02-09,158.6900,159.0800,158.1500,158.9300,152.5593,5055000
2024-02-12,159.0000,160.5300,158.9900,160.0100,153.5961,6971900
2024-02-13,157.8500,158.2100,156.1600,157.3500,151.0427,9741100
2024-02-14,158.1500,158.9000,157.5900,158.7900,152.4250,11291300
2024-02-15,159.4200,160.9100,159.3700,160.7600,154.3160,5846600
2024-02-16,160.1900,161.0900,159.8800,160.0300,153.6153,5061200
2024-02-20,159.3000,159.9600,159.2400,159.6600,153.2601,6827700
2024-02-21,159.2500,160.0300,158.9200,159.9800,153.5673,4602900
2024-02-22,160.8200,161.9800,160.4800,161.5700,155.0936,9128000
2024-02-23,161.9400,162.4100,161.6300,162.0000,155.5063,6375200
2024-02-26,161.9800,162.4100,161.2400,161.3500,154.8824,5164000
2024-02-27,161.8700,162.1000,161.5200,162.0600,155.5639,4362900
2024-02-28,161.6700,162.4900,161.4900,162.1200,155.6215,4296800
2024-02-29,162.8900,163.2200,162.1100,162.7900,156.2646,6298500
2024-03-01,163.0000,164.0000,162.2300,163.9300,157.3589,6389300
2024-03-04,163.8400,164.7000,163.8400,164.2300,157.6469,5165000
2024-03-05,163.9600,164.6700,162.8700,163.4800,156.9270,6260600
2024-03-06,164.3700,164.9700,163.9000,164.4100,157.8197,6041100
2024-03-07,165.4200,165.9700,165.3100,165.7000,159.0580,6407600
2024-03-08,166.1600,166.7200,165.2800,165.5100,158.8756,9114500
2024-03-11,165.1600,165.8200,164.6300,165.7200,159.0772,5503800
2024-03-12,166.0200,166.4600,165.2400,166.1500,159.4899,6357900
2024-03-13,166.2700,166.8200,165.7400,166.2300,159.5667,4644000
2024-03-14,166.2800,166.3500,163.7000,164.7400,158.1365,7757600
2024-03-15,163.6700,164.9800,163.6600,164.4200,157.8293,7973400
2024-03-18,164.3300,164.7400,163.6900,164.1900,158.2631,4712600
2024-03-19,164.1700,165.2100,164.0400,165.1700,159.2077,5789400
2024-03-20,165.0800,166.7300,164.8000,166.5800,160.5668,4925700
2024-03-21,167.3400,168.1800,167.1600,167.7200,161.6656,6010900
2024-03-22,167.8000,168.0000,166.6100,166.6400,160.6246,3178700
2024-03-25,166.6300,167.0500,166.2600,166.2800,160.2776,2903700
2024-03-26,166.8000,166.9900,166.0600,166.1200,160.1234,3669800
2024-03-27,167.1400,168.7900,167.0500,168.7800,162.6873,5999200
2024-03-28,169.1600,169.8000,168.9600,169.3700,163.2561,3728100
2024-04-01,169.6000,169.6700,168.2400,168.3700,162.2922,4757200
2024-04-02,167.5100,167.5100,166.4300,166.9200,160.8945,4598400
2024-04-03,166.7100,167.4000,166.5800,167.1000,161.0680,4442700
2024-04-04,168.3900,168.5700,165.0100,165.4000,159.4294,7150800
2024-04-05,165.5900,166.8300,165.2000,166.3900,160.3836,5697000
2024-04-08,166.6300,167.4200,166.5100,166.9000,160.8752,22497300
2024-04-09,167.4600,167.7700,166.0500,167.5600,161.5114,5483600
2024-04-10,165.2000,165.7900,164.1100,164.7100,158.7643,7550600
2024-04-11,165.0100,165.2600,163.5400,164.5900,158.6486,6831200
2024-04-12,163.5500,163.9300,161.5300,161.9800,156.1328,6567600
2024-04-15,163.6500,163.8000,160.0300,160.5800,154.7834,9546700
2024-04-16,160.4100,160.5400,159.2000,159.6900,153.9255,7389600
2024-04-17,160.4700,160.6000,158.8700,159.3600,153.6074,8056700
2024-04-18,159.9500,160.4800,158.8300,159.2100,153.4628,6683000
2024-04-19,159.5200,160.3400,159.3100,159.8100,154.0412,8816300
2024-04-22,160.5100,161.8500,159.6200,161.0300,155.2171,4775500
2024-04-23,161.3400,162.8200,161.2100,162.4600,156.5955,3998000
2024-04-24,162.2000,162.8500,161.7800,162.6900,156.8172,4164000
2024-04-25,161.9600,162.6000,160.5600,162.3500,156.4895,7408300
2024-04-26,162.0000,162.9900,161.8100,162.4300,156.5666,5649500
2024-04-29,162.8900,163.6900,162.8200,163.5600,157.6558,3882800
2024-04-30,162.8500,162.9500,161.1700,161.2000,155.3810,4935800
2024-05-01,160.7500,162.8100,160.1800,160.6500,154.8508,9285200
2024-05-02,161.6500,162.0400,160.0900,161.6400,155.8051,5677900
2024-05-03,162.9700,163.5300,162.1300,162.7900,156.9136,9751400
2024-05-06,163.6500,164.0500,163.2700,164.0400,158.1185,4928700
2024-05-07,164.5000,164.9900,164.3600,164.5000,158.5618,4511200
2024-05-08,163.9400,164.5900,163.7900,164.4600,158.5233,3346100
2024-05-09,164.4200,165.8800,164.3400,165.8400,159.8535,3413000
2024-05-10,166.4000,166.5500,165.8500,166.1100,160.1138,3425000
2024-05-13,166.6600,167.1500,165.9400,166.0700,160.0752,2514400
2024-05-14,166.6000,167.1000,166.0500,166.7300,160.7114,5446900
2024-05-15,167.7100,168.2000,167.4100,168.0600,161.9933,5739400
2024-05-16,168.1700,168.3900,167.7700,167.7900,161.7331,4779400
2024-05-17,167.8500,168.1300,167.5500,168.0400,161.9741,3461400
2024-05-20,168.1900,168.4700,167.6500,167.9000,161.8391,3756300
2024-05-21,167.7700,167.9000,167.3300,167.8300,161.7717,3751200
2024-05-22,167.3600,167.9200,166.7500,167.1900,161.1547,2841500
2024-05-23,167.4900,167.5000,164.7100,164.8500,158.8992,5841400
2024-05-24,165.5500,166.2300,165.4000,165.9400,159.9499,3252000
2024-05-28,165.9600,166.0200,164.3100,164.7900,158.8414,4160000
2024-05-29,163.4700,163.4700,162.7800,162.8600,156.9811,6843200
2024-05-30,162.9300,163.7800,162.6800,163.6100,157.7040,5335500
2024-05-31,163.9400,165.8300,163.3200,165.7800,159.7957,4335200
2024-06-03,166.1000,166.1200,163.6000,164.9000,158.9474,6125400
2024-06-04,164.1300,164.8500,163.7300,164.4000,158.4655,5446500
2024-06-05,164.7700,165.4500,163.8300,165.4000,159.4294,5788700
2024-06-06,165.1700,165.7500,164.7000,165.0800,159.1209,6251200
2024-06-07,164.3500,165.5000,164.0500,164.5600,158.6197,2865700
2024-06-10,163.9900,165.1100,163.7600,165.0000,159.0438,5769700
2024-06-11,164.2500,164.5600,163.3200,164.3200,158.3884,4772800
2024-06-12,166.1700,166.3900,164.7900,165.2000,159.2366,8818900
2024-06-13,164.9000,165.0000,163.7400,164.7300,158.7836,7385200
2024-06-14,163.8000,164.1200,162.6900,163.6800,157.7715,4557100
2024-06-17,163.3200,165.0200,163.0100,164.8700,158.9185,4265800
2024-06-18,164.6700,165.6700,164.6700,165.2800,159.3137,6283800
2024-06-20,165.2400,165.6900,165.0000,165.3800,159.4101,5806800
2024-06-21,165.5000,165.7000,164.6200,165.5900,159.6125,3996200
2024-06-24,165.2900,166.5700,164.8600,165.7200,160.3800,7588700
2024-06-25,165.8100,165.8100,164.0500,164.5800,159.2767,4349100
2024-06-26,164.0100,164.1300,163.4100,163.9600,158.6767,3995900
2024-06-27,163.9600,164.2000,163.5100,164.1600,158.8703,3430700
2024-06-28,164.5300,165.2100,163.5400,164.2800,158.9864,4761000
2024-07-01,164.8000,164.9600,162.7400,162.9500,157.6992,6813100
2024-07-02,162.9000,163.6900,162.8500,163.6800,158.4057,3692900
2024-07-03,164.0200,164.4400,163.6000,163.7500,158.4734,2745100
2024-07-05,163.6600,163.8400,162.7300,163.6800,158.4057,3950800
2024-07-08,163.9200,164.6000,163.4900,164.0000,158.7154,4654500
2024-07-09,163.8900,164.5800,163.3600,163.7200,158.4444,4267800
2024-07-10,164.0600,165.2100,163.7500,165.0700,159.7509,5327600
2024-07-11,165.8800,167.3800,165.8100,167.0600,161.6768,10924400
2024-07-12,167.8200,169.3600,167.7300,168.5300,163.0994,11488500
2024-07-15,168.7500,169.6100,168.3200,168.7200,163.2833,5139500
2024-07-16,169.2000,171.7100,169.0500,171.7100,166.1770,9921100
2024-07-17,170.8100,172.1900,170.6600,171.0100,165.4995,12609800
2024-07-18,170.8500,172.3800,169.1600,169.5400,164.0769,8887600
2024-07-19,169.6600,169.8800,168.0100,168.4000,162.9736,5683900
2024-07-22,169.0900,169.8000,167.7700,169.7300,164.2607,8973100
2024-07-23,169.4200,169.8400,169.0200,169.1300,163.6801,5344300
2024-07-24,168.8100,169.2300,166.9800,167.1500,161.7639,8067000
2024-07-25,167.2000,169.6800,166.8500,167.3500,161.9575,10680400
2024-07-26,168.6200,170.2800,168.3500,169.7400,164.2704,7472300
2024-07-29,170.1400,170.3900,169.1700,169.9700,164.4930,5737800
2024-07-30,170.6400,171.3100,169.9400,170.7900,165.2866,7333100
2024-07-31,172.0100,173.0800,171.0900,171.6000,166.0705,9957500
2024-08-01,171.9000,172.7100,168.7800,169.6900,164.2220,10567900
2024-08-02,168.2300,168.4100,165.1000,166.7700,161.3961,11666300
2024-08-05,163.4200,164.5900,161.8000,162.8300,157.5831,13747600
2024-08-06,163.3400,166.5500,163.0100,164.5000,159.1993,8774600
2024-08-07,166.0800,166.9800,163.2400,163.3400,158.0767,5938500
2024-08-08,164.1500,166.4500,163.8800,166.3000,160.9413,6628600
2024-08-09,166.4400,167.1300,165.1600,166.6500,161.2800,3650000
2024-08-12,166.7000,166.8800,165.5200,165.8500,160.5058,5633600
2024-08-13,166.6500,167.9600,166.1100,167.7400,162.3349,4208300
2024-08-14,168.0200,168.5600,167.6000,168.0900,162.6736,4156200
2024-08-15,169.7700,170.6400,169.3300,170.3700,164.8801,6926700
2024-08-16,170.0000,170.9200,170.0000,170.7800,165.2769,3454700
2024-08-19,170.9300,172.1200,170.9100,172.0800,166.5350,5580000
2024-08-20,171.9100,172.1900,171.1700,171.4000,165.8769,5054900
2024-08-21,172.0900,172.7600,171.6600,172.6000,167.0383,4594900
2024-08-22,173.0000,173.2100,171.8000,172.1100,166.5641,3817200
2024-08-23,173.0000,174.5200,172.6600,174.3000,168.6835,6000300
2024-08-26,174.9700,175.3900,174.0700,174.2700,168.6545,7487600
2024-08-27,173.9100,174.4100,173.7000,174.3500,168.7319,3560300
2024-08-28,174.1000,174.6200,173.0500,173.8700,168.2673,3964500
2024-08-29,174.5000,175.5800,173.5000,174.5200,168.8964,5095000
2024-08-30,175.0800,175.9600,173.9200,175.8700,170.2029,4635800
2024-09-03,175.0000,175.4000,172.9100,173.6100,168.0157,6616300
2024-09-04,173.4400,174.4000,172.8600,173.3600,167.7738,10109400
2024-09-05,173.6100,173.7400,171.6100,172.3000,166.7479,6015500
2024-09-06,172.5200,173.3300,170.2200,170.4500,164.9575,9197200
2024-09-09,171.5100,172.9700,171.2000,172.1000,166.5544,6402300
2024-09-10,172.4600,172.6100,170.9200,172.2000,166.6512,4356800
2024-09-11,171.6000,172.4900,168.7900,172.2800,166.7286,7108100
2024-09-12,172.3100,173.4600,171.4500,173.3500,167.7641,5460300
2024-09-13,174.0100,175.3400,173.8900,175.0100,169.3706,5248100
2024-09-16,175.6300,176.5900,175.3800,176.2800,170.5997,4845200
2024-09-17,176.6800,177.6000,176.0400,176.5400,170.8513,5489300
2024-09-18,176.8900,178.4000,175.9500,176.2100,170.5320,9390000
2024-09-19,178.5500,178.8300,177.3800,178.0900,172.3514,7678100
2024-09-20,177.5800,177.5800,176.6100,177.4400,171.7223,5392000
2024-09-23,177.2500,177.7200,176.9100,177.6500,172.6016,5866400
2024-09-24,178.0400,178.2300,177.5400,177.9100,172.8542,6316200
2024-09-25,178.1000,178.2600,176.5400,176.8100,171.7855,4614900
2024-09-26,178.1100,178.8100,177.7500,178.2900,173.2234,6061500
2024-09-27,179.0200,179.9400,178.6500,178.9300,173.8452,5693800
2024-09-30,178.7700,179.3500,177.6000,179.1600,174.0687,5068500
2024-10-01,178.9500,179.1700,177.2700,178.2100,173.1457,8274200
2024-10-02,177.7300,178.4500,177.2200,178.0200,172.9611,4117100
2024-10-03,177.4500,177.6900,176.5700,177.1800,172.1449,5361900
2024-10-04,178.6700,178.6800,177.3100,178.5700,173.4955,5400400
2024-10-07,178.0200,178.0200,176.4200,177.1800,172.1449,4207300
2024-10-08,177.3700,177.8000,176.7400,177.6000,172.5530,3845700
2024-10-09,177.6400,179.0500,177.3300,178.8200,173.7383,3925200
2024-10-10,178.4700,178.6700,177.7500,178.1500,173.0874,3171900
2024-10-11,178.4800,180.1400,178.3900,179.9000,174.7877,4033900
2024-10-14,180.0100,181.3400,179.5900,181.2200,176.0701,3222600
2024-10-15,181.2600,182.2200,180.2900,180.4000,175.2734,5152200
2024-10-16,180.8500,181.8700,180.7100,181.6200,176.4588,4840200
2024-10-17,182.1200,182.1500,181.1300,181.3300,176.1770,3595400
2024-10-18,181.8600,182.0100,180.9100,181.8700,176.7016,3275700
2024-10-21,181.5900,181.8500,179.9300,180.3200,175.1957,3998700
2024-10-22,179.6000,179.8000,178.7300,179.5100,174.4087,3730700
2024-10-23,178.9900,179.4900,177.9300,178.9200,173.8355,4665700
2024-10-24,179.4700,179.6700,178.5300,178.9600,173.8744,4361800
2024-10-25,179.9400,180.1500,177.9700,178.1100,173.0485,4555200
2024-10-28,178.8500,179.6000,178.7600,179.1200,174.0298,3040100
2024-10-29,178.5500,179.2100,178.0500,178.5800,173.5052,5505400
2024-10-30,177.9400,179.3500,177.9400,178.1900,173.1263,5630200
2024-10-31,177.7300,178.0000,176.2500,176.2900,171.2802,6143700
2024-11-01,176.9400,177.9600,176.2500,176.4000,171.3871,4247000
2024-11-04,176.5900,177.5900,176.0700,176.6100,171.5911,3954200
2024-11-05,176.6800,178.7300,176.2100,178.6700,173.5926,4550700
2024-11-06,183.3400,183.3800,181.3000,182.9000,177.7024,12965500
2024-11-07,183.3900,183.5500,182.6200,183.0800,177.8773,8402000
2024-11-08,183.2900,184.4700,183.0400,184.1000,178.8683,7541600
2024-11-11,184.8200,185.7900,184.7300,185.0200,179.7621,6861800
2024-11-12,184.7400,184.8900,183.0300,183.6100,178.3922,5098300
2024-11-13,183.9400,184.5400,183.4500,183.7100,178.4894,9745300
2024-11-14,183.7900,183.9900,182.1200,182.2400,177.0612,7379500
2024-11-15,181.9000,182.3300,180.6500,180.9400,175.7981,5450400
2024-11-18,181.1100,182.0600,180.8700,181.6700,176.5073,3702600
2024-11-19,180.1100,181.5700,179.6500,181.1800,176.0313,5787700
2024-11-20,181.3100,181.8700,180.3400,181.7900,176.6239,4496700
2024-11-21,182.4000,184.4100,181.7400,184.0800,178.8489,5642600
2024-11-22,184.5200,185.7900,184.4900,185.5300,180.2577,6371300
2024-11-25,187.1600,187.9900,186.7700,187.2100,181.8899,8582500
2024-11-26,187.2600,187.3900,186.3100,187.2300,181.9093,5590500
2024-11-27,187.5100,188.0900,186.8900,187.0500,181.7345,4801900
2024-11-29,187.4600,188.1600,187.3400,187.6200,182.2883,3752500
2024-12-02,187.7000,187.8700,186.4700,187.1500,181.8316,7664300
2024-12-03,187.1500,187.3900,186.1200,186.3200,181.0252,8580300
2024-12-04,186.5700,186.6100,185.6000,186.3300,181.0349,6576700
2024-12-05,186.3200,186.4800,185.3400,185.4000,180.1313,6060200
2024-12-06,186.0500,186.4100,185.0500,185.1900,179.9273,4527300
2024-12-09,185.7100,185.8700,184.3900,184.4300,179.1889,5121100
2024-12-10,184.4600,184.4600,182.7900,183.3000,178.0910,6296400
2024-12-11,184.1200,184.1800,183.2800,183.4700,178.2562,6041800
2024-12-12,183.4400,183.6400,182.8000,182.8000,177.6053,3648800
2024-12-13,182.8000,183.0100,181.8200,182.1600,176.9834,5418500
2024-12-16,182.1900,182.8300,181.3900,181.5600,176.4005,5199800
2024-12-17,180.9100,181.3100,179.8500,180.1300,175.0111,7334500
2024-12-18,180.3600,180.5700,174.6600,174.8000,169.8326,11216700
2024-12-19,175.7000,176.6100,174.1700,174.2200,169.2691,10243000
2024-12-20,173.9600,177.7700,173.6900,176.6600,171.6397,10861700
2024-12-23,175.4000,176.4400,174.7100,176.2800,171.8737,8102400
2024-12-24,176.3700,177.7000,176.0400,177.6100,173.1705,2266500
2024-12-26,176.9500,178.1500,176.8100,177.9000,173.4532,3493100
2024-12-27,177.0000,177.9900,175.7900,176.6900,172.2735,5401800
2024-12-30,175.2500,175.6100,173.5700,174.9100,170.5380,6274500
2024-12-31,175.5300,176.0700,174.5500,175.2300,170.8500,6324500
2025-01-02,176.3200,176.6800,173.9100,174.7200,170.3527,9011900
2025-01-03,175.2500,176.5900,174.5800,176.3200,171.9127,4949100
2025-01-06,177.1300,177.9600,175.9400,176.2000,171.7957,8748100
2025-01-07,176.8100,177.3900,175.0300,175.6100,171.2205,8469400
2025-01-08,175.1800,175.9500,174.1400,175.8200,171.4252,6932900
2025-01-10,174.6600,174.9500,173.0700,173.2500,168.9195,7406800
2025-01-13,172.5600,174.7200,172.3800,174.6700,170.3040,8191400
2025-01-14,175.4300,176.2900,174.7000,176.0800,171.6787,8081800
2025-01-15,178.7300,179.0100,177.2900,177.7700,173.3265,9989500
2025-01-16,177.9200,179.4300,177.3700,179.1700,174.6915,5759000
2025-01-17,180.0900,180.7100,179.7000,180.0400,175.5397,5945500
2025-01-21,181.0900,182.2100,180.9500,182.1300,177.5775,7561500
2025-01-22,182.2800,182.4000,181.4300,181.4900,176.9535,8400200
2025-01-23,181.5900,182.3600,180.8800,182.3500,177.7920,5414500
2025-01-24,182.1100,182.8500,181.9400,182.1900,177.6360,8858500
2025-01-27,181.2600,182.3500,181.1600,182.3100,177.7530,11280900
2025-01-28,182.3000,182.3500,181.0200,181.4100,176.8755,14005300
2025-01-29,181.4200,182.0800,180.4700,180.8100,176.2905,7849500
2025-01-30,181.8400,183.1600,181.4900,182.7400,178.1723,8669000
2025-01-31,182.4000,183.2300,181.0400,181.2400,176.7098,10222400
2025-02-03,178.9200,180.9000,177.7000,180.2500,175.7445,23419700
2025-02-04,179.8600,180.8600,179.7400,180.4700,175.9590,7359000
2025-02-05,180.9000,181.4400,179.7300,181.3500,176.8170,5616100
2025-02-06,182.1000,182.1000,180.1100,181.1100,176.5830,5858800
2025-02-07,181.6800,181.7900,179.9400,180.2200,175.7153,6525000
2025-02-10,181.0300,181.1000,180.0800,180.7300,176.2125,5193400
2025-02-11,180.1300,180.8400,179.8100,180.7500,176.2320,4882000
2025-02-12,178.7500,180.1100,178.6500,179.7000,175.2082,8593000
2025-02-13,180.3000,181.4200,179.8100,181.2600,176.7292,7191600
2025-02-14,181.7500,182.1800,181.0200,181.0800,176.5537,10416200
2025-02-18,181.5600,182.5000,181.0600,182.4700,177.9090,5629500
2025-02-19,182.0000,183.0200,181.6800,182.8400,178.2698,6982400
2025-02-20,182.6200,182.6200,181.1700,182.3800,177.8212,5153400
2025-02-21,182.6200,182.6200,179.4000,179.8200,175.3253,7674000
2025-02-24,180.3700,180.7900,179.2100,179.9700,175.4715,6196800
2025-02-25,180.2200,180.7500,179.1600,180.1500,175.6470,9329900
2025-02-26,180.7100,181.3800,179.3900,179.7700,175.2765,5829700
2025-02-27,179.8000,180.5600,178.1000,178.2000,173.7457,6878000
2025-02-28,178.6800,180.2500,177.5100,180.1800,175.6762,9252600
2025-03-03,180.8800,181.4000,177.3100,178.2600,173.8042,7704400
2025-03-04,177.2700,177.8600,174.8400,175.3800,170.9962,10009200
2025-03-05,175.2200,177.5000,174.5400,177.0100,172.5855,6327500
2025-03-06,175.4100,176.5500,174.2000,175.0500,170.6745,8624700
2025-03-07,174.5900,177.1200,174.0200,176.6900,172.2735,11727400
2025-03-10,175.0800,176.7300,172.9200,174.2000,169.8457,16835700
2025-03-11,174.2300,174.3200,170.9600,171.8800,167.5837,17834700
2025-03-12,172.6100,173.0900,170.1000,171.0700,166.7940,15640500
2025-03-13,171.0800,171.7000,168.8400,169.4300,165.1949,8687700
2025-03-14,170.8700,172.8900,170.3000,172.6600,168.3442,7120600
2025-03-17,172.5500,175.6400,172.5500,174.9900,170.6160,8485500
2025-03-18,174.7800,174.7800,173.3400,174.0800,169.7287,6404500
2025-03-19,174.2600,176.2100,173.8400,175.3700,170.9865,7666100
2025-03-20,174.5600,175.7600,174.1600,174.6400,170.2747,7686200
2025-03-21,173.4700,174.1800,172.3100,173.8400,169.4947,7787700
2025-03-24,174.6400,175.9700,174.3400,175.6900,172.1213,9323400
2025-03-25,175.9600,176.0900,174.5300,175.2700,171.7098,4313100
2025-03-26,175.6200,176.3200,174.3800,174.9400,171.3865,4641600
2025-03-27,174.6500,175.5100,173.6100,174.4900,170.9456,5538300
2025-03-28,174.4100,174.4500,171.5500,171.8000,168.3103,6786800
2025-03-31,170.7900,173.9900,170.1700,173.2300,169.7112,10869400
2025-04-01,173.0000,173.9000,171.2600,173.4100,169.8876,6370100
2025-04-02,171.9400,175.3900,171.9400,174.8600,171.3081,7288600
2025-04-03,170.0000,170.6300,166.4600,166.5300,163.1473,15808200
2025-04-04,162.8500,163.1100,156.9400,157.1800,153.9872,29019500
2025-04-07,153.6400,161.6900,150.3500,155.8700,152.7039,34004200
2025-04-08,160.3300,160.7000,150.7900,152.9300,149.8236,17732800
2025-04-09,151.2400,165.8900,150.8100,165.1600,161.8051,37769600
2025-04-10,162.1500,162.3000,155.4800,159.6000,156.3581,20112100
2025-04-11,159.3900,162.7700,157.6900,162.0200,158.7289,11819300
2025-04-14,164.2700,164.9700,162.4700,164.0900,160.7569,14031000
2025-04-15,164.3400,165.4700,163.4000,163.5600,160.2376,8519400
2025-04-16,162.9000,164.0800,160.2100,161.4600,158.1803,10385800
2025-04-17,161.8300,163.9100,161.6900,162.6600,159.3559,7874400
2025-04-21,161.3900,161.6500,157.7100,159.3900,156.1523,6286600
2025-04-22,161.1900,163.7000,160.9300,163.3200,160.0025,8645400
2025-04-23,166.5100,168.4900,164.3400,164.9000,161.5504,12717500
2025-04-24,165.2100,167.9700,164.5800,167.6900,164.2838,5767900
2025-04-25,167.2700,167.6400,166.0400,167.4500,164.0486,5190000
2025-04-28,167.7200,168.6800,166.4200,167.9200,164.5091,7232100
2025-04-29,167.4500,169.3200,167.1200,168.9000,165.4692,5877300
2025-04-30,167.1500,169.5500,165.3900,169.1400,165.7043,7497400
2025-05-01,169.1400,170.5100,168.4800,168.9100,165.4790,9380300
2025-05-02,171.0200,172.2900,170.5900,171.8900,168.3984,6865200
2025-05-05,170.9300,172.2300,170.5900,171.3200,167.8400,5732400
2025-05-06,169.9200,171.3800,169.4800,170.0500,166.5958,5246400
2025-05-07,170.6000,171.7300,169.9600,171.1700,167.6931,6912400
2025-05-08,172.2400,174.2700,171.7900,172.6100,169.1038,5238800
2025-05-09,173.0300,173.3000,172.1100,172.5700,169.0646,3460100
2025-05-12,177.2600,177.5100,176.0400,177.3000,173.6985,8903700
2025-05-13,177.4300,178.5200,177.2200,177.7000,174.0904,8960000
2025-05-14,177.5500,177.6300,176.2200,176.6300,173.0422,7785500
2025-05-15,176.2600,178.2800,176.2600,178.2400,174.6195,6989300
2025-05-16,178.4200,179.9900,177.8900,179.9900,176.3339,6304500
2025-05-19,178.3600,180.1800,178.2600,179.9700,176.3143,4145500
2025-05-20,179.4900,180.1800,178.7900,179.5000,175.8539,5888300
2025-05-21,178.0900,178.3600,175.4100,175.5900,172.0233,13219500
2025-05-22,175.1300,176.0300,174.1000,175.0300,171.4747,10673200
2025-05-23,173.2200,174.8800,173.0000,174.3300,170.7889,11014300
2025-05-27,176.4600,177.6800,175.4800,177.5800,173.9729,8780200
2025-05-28,177.5600,177.6900,175.7700,176.0700,172.4935,13696600
2025-05-29,176.7300,176.7600,174.9900,176.5000,172.9148,7823900
2025-05-30,176.0000,177.0100,174.9400,176.4300,172.8462,8433600
2025-06-02,176.0700,176.6200,174.2700,176.5700,172.9834,12499600
2025-06-03,176.5200,178.2100,175.9300,178.0400,174.4235,9725900
2025-06-04,178.3100,178.4500,177.5700,177.6400,174.0316,6957400
2025-06-05,177.8500,178.3000,176.6700,177.1600,173.5614,11662900
2025-06-06,178.6600,179.0100,178.0100,178.6900,175.0603,7257800
2025-06-09,179.1300,179.5800,178.2300,178.7200,175.0897,11541800
2025-06-10,179.1600,179.8600,178.8700,179.6100,175.9616,13056400
2025-06-11,180.0000,180.0300,178.5200,179.1000,175.4620,11864700
2025-06-12,178.6200,179.5500,178.1500,179.5200,175.8735,8786000
2025-06-13,178.1900,179.0300,176.8700,177.3500,173.7476,16262000
2025-06-16,178.3600,179.7600,178.3200,179.0600,175.4228,10888000
2025-06-17,178.3200,178.7700,177.0300,177.3400,173.7377,9216000
2025-06-18,177.3400,178.5800,177.1500,177.3600,173.7573,12988300
2025-06-20,178.3800,178.6800,177.2100,177.6500,174.0414,9401300
2025-06-23,176.9400,178.5800,175.9800,178.4900,175.5780,12724300
2025-06-24,179.4200,180.5000,178.9200,180.1800,177.2404,10283300
2025-06-25,179.9700,180.0400,178.6000,178.8800,175.9616,11833600
2025-06-26,179.4400,180.4200,179.3500,180.2300,177.2896,8981500
2025-06-27,180.5900,181.8100,179.9500,180.8900,177.9388,9276900
2025-06-30,181.1600,182.0300,180.8300,181.7400,178.7749,9990600
2025-07-01,181.3000,184.7700,181.3000,183.8700,180.8702,21421100
2025-07-02,183.8000,184.4400,183.0500,184.2900,181.2833,12842400
2025-07-03,184.6500,185.5200,184.6500,185.1800,182.1588,8503400
2025-07-07,184.7500,185.0700,182.7000,183.7000,180.7029,14145700
2025-07-08,183.7600,184.7800,183.5500,184.1600,181.1555,11259100
2025-07-09,184.7500,184.8800,183.5500,184.7100,181.6965,11300700
2025-07-10,184.7100,186.4900,184.4600,185.7800,182.7490,13045900
2025-07-11,184.6400,184.9100,184.0100,184.4200,181.4112,10362200
2025-07-14,184.1300,184.7600,183.7100,184.6100,181.5981,9821500
2025-07-15,184.8800,185.0500,182.0200,182.0500,179.0799,11203400
2025-07-16,182.6700,182.9800,180.5600,182.7600,179.7783,11395700
2025-07-17,182.8300,184.4000,182.6200,184.2500,181.2440,9663600
2025-07-18,184.8100,184.9600,183.7100,184.1800,181.1751,9431700
2025-07-21,184.5700,184.9800,183.5500,183.5500,180.5554,9822000
2025-07-22,183.8200,186.1600,183.8200,185.8900,182.8572,12111800
2025-07-23,186.9300,187.4600,186.4900,187.4300,184.3721,13828000
2025-07-24,187.1500,187.7900,186.7900,186.8300,183.7819,11816300
2025-07-25,187.1600,187.8400,186.3500,187.7300,184.6672,9579400
2025-07-28,187.6900,187.7200,186.5000,186.6200,183.5753,8148100
2025-07-29,187.0100,187.0100,186.0700,186.5300,183.4868,9571500
2025-07-30,186.5200,186.9200,184.4000,185.3200,182.2965,13965200
2025-07-31,184.5900,185.7500,183.2000,183.6300,180.6341,21530000
2025-08-01,182.2600,182.3400,179.9400,181.5600,178.5979,19418200
2025-08-04,182.2700,183.9300,182.2700,183.7800,180.7816,10694200
2025-08-05,184.0100,184.1400,182.5800,183.2700,180.2800,12675600
2025-08-06,183.4800,183.5600,182.4800,182.8600,179.8766,10196200
2025-08-07,184.0400,184.4400,182.1100,182.7500,179.7684,12164900
2025-08-08,183.1800,183.8100,182.7500,183.0800,180.0931,9185200
2025-08-11,183.3100,184.0400,182.2700,182.5800,179.6012,9324600
2025-08-12,183.2000,184.9900,182.9300,184.9000,181.8834,9790500
2025-08-13,185.5400,187.6300,185.3000,187.5400,184.4803,13402800
2025-08-14,186.2500,186.4900,185.4100,186.3200,183.2802,12180800
2025-08-15,186.7000,186.7200,185.6500,185.8600,182.8277,11734800
2025-08-18,185.8200,186.3600,185.6800,185.8200,182.7884,7559000
2025-08-19,185.9100,187.5700,185.9100,186.6900,183.6442,10692900
2025-08-20,186.7200,187.2300,185.8400,186.5200,183.4769,12877700
2025-08-21,185.9300,186.3600,185.3700,185.8700,182.8375,12848300
2025-08-22,186.8200,189.9900,186.7900,189.4900,186.3985,14820900
2025-08-25,188.9900,189.2200,188.0000,188.0400,184.9722,12121000
2025-08-26,187.8200,188.3800,187.5900,188.1700,185.1000,10758100
2025-08-27,188.0200,189.0800,187.8500,188.8500,185.7689,10330900
2025-08-28,189.1800,189.2600,187.8900,188.7600,185.6804,11258800
2025-08-29,188.6500,189.3500,188.0500,188.6200,185.5427,11791100
2025-09-02,186.7400,187.3400,186.0500,187.1300,184.0770,13874500
2025-09-03,186.7700,187.4700,185.9500,186.8400,183.7917,13431600
2025-09-04,187.1800,188.2600,186.4700,188.2200,185.1492,10706800
2025-09-05,188.6700,189.8000,187.3200,188.4400,185.3656,19713400
2025-09-08,188.4800,188.4800,187.0400,188.2900,185.2181,16212100
2025-09-09,187.9800,188.2500,187.3300,187.7100,184.6475,18432700
2025-09-10,187.7000,188.4900,186.9400,187.5200,184.4606,17279300
2025-09-11,187.7200,190.5400,187.7200,190.3300,187.2248,19182500
2025-09-12,190.0900,190.3200,188.8100,188.9600,185.8771,14126100
2025-09-15,189.3200,189.7200,188.4500,188.6300,185.5525,14177200
2025-09-16,188.6400,188.9900,187.6300,188.1300,185.0607,13418400
2025-09-17,188.3700,190.5200,187.1800,188.3100,185.2378,21025400
2025-09-18,188.8300,190.0600,188.5300,189.5400,186.4477,16984500
2025-09-19,190.0000,190.0000,188.5700,189.2100,186.1231,11333500
2025-09-22,187.8200,188.8000,187.4500,188.4800,186.2120,9302300
2025-09-23,188.6000,189.8800,188.3700,188.7100,186.4392,9921600
2025-09-24,188.7100,189.2400,188.0900,188.2700,186.0045,10626000
2025-09-25,187.6100,187.6400,186.0300,186.7200,184.4731,12979600
2025-09-26,187.2300,188.7200,187.1100,188.5700,186.3009,11428800
2025-09-29,189.4000,189.5000,188.4000,189.2000,186.9233,11846900
2025-09-30,188.8600,189.8800,188.3500,189.7000,187.4173,13098600
2025-10-01,189.2700,190.4200,189.2700,190.1300,187.8421,10806400
2025-10-02,190.2000,190.9500,189.7000,190.5800,188.2867,12839600
2025-10-03,190.9100,192.3000,190.8900,191.2500,188.9486,15326900
2025-10-06,192.1000,192.1000,190.8900,191.1900,188.8894,10695400
2025-10-07,191.6300,191.9100,189.9700,190.3500,188.0595,13431800
2025-10-08,190.5900,191.2700,189.8400,190.9700,188.6720,11800200
2025-10-09,191.1100,191.3100,189.0800,189.3900,187.1110,12641800
2025-10-10,189.5900,190.0100,185.0900,185.1200,182.8924,40484500
2025-10-13,186.4300,187.5400,186.1000,186.9200,184.6707,16088800
2025-10-14,185.5500,189.3000,185.4200,188.4700,186.2021,17544300
2025-10-15,189.4000,190.5000,187.4300,188.8500,186.5775,11078500
2025-10-16,189.2200,189.4600,186.4300,187.0600,184.8091,20569900
2025-10-17,187.0400,188.3700,186.8400,188.0100,185.7476,21042200
2025-10-20,189.0200,190.1600,189.0000,189.8900,187.6050,9171600
2025-10-21,189.8600,191.3300,189.6300,190.7600,188.4645,9444800
2025-10-22,190.8400,191.1200,189.1600,189.8400,187.5556,15088600
2025-10-23,190.1200,191.0900,189.5800,190.7400,188.4448,9809400
2025-10-24,192.1100,192.2200,191.1800,191.2600,188.9585,13012000
2025-10-27,192.2300,192.3300,191.5300,192.1100,189.7983,10311100
2025-10-28,191.7600,191.7600,190.3500,190.4600,188.1682,12596700
2025-10-29,189.8500,190.1300,187.7100,188.3300,186.0638,25832400
2025-10-30,187.5100,189.4900,187.4200,187.5200,185.2635,16213800
2025-10-31,187.1100,188.4800,186.8600,187.9300,185.6686,14994200
2025-11-03,187.9700,187.9700,185.4700,187.4700,185.2141,16031300
2025-11-04,186.2000,186.9600,185.7400,186.2300,183.9890,15934300
2025-11-05,186.1800,187.9800,186.0200,187.3200,185.0659,15322600
2025-11-06,187.1400,187.9400,185.6300,186.0000,183.7618,19140600
2025-11-07,185.6700,187.6400,185.3500,187.5600,185.3030,24166700
2025-11-10,188.2800,189.0100,187.0600,188.6400,186.3700,15983200
2025-11-11,188.8700,190.2200,188.7500,189.7300,187.4469,11465600
2025-11-12,189.9400,190.9300,189.9400,190.1800,187.8915,17683800
2025-11-13,189.6400,190.3300,187.7200,188.0300,185.7674,23906200
2025-11-14,187.1200,188.4600,186.5300,187.3400,185.0857,31184400
2025-11-17,187.1200,187.5100,184.3500,184.8800,182.6553,24821300
2025-11-18,184.3400,186.0500,183.8600,184.9900,182.7640,39684900
2025-11-19,184.8600,185.3600,183.6700,184.4300,182.2107,21903500
2025-11-20,186.2400,186.7800,182.1100,182.1800,179.9878,45169400
2025-11-21,183.2100,186.8100,182.8100,185.7600,183.5247,57508500
2025-11-24,186.1900,187.1600,185.2800,186.5300,184.2854,15833500
2025-11-25,186.9800,189.5300,186.9000,189.1800,186.9035,22726500
2025-11-26,189.4000,191.1600,189.3100,190.5000,188.2077,14643700
2025-11-28,190.7100,191.8300,190.5600,191.5300,189.2253,5185500
2025-12-01,190.3400,191.6500,190.1200,190.2200,187.9310,13035100
2025-12-02,190.7400,190.7500,189.5300,190.0400,187.7532,11714200
2025-12-03,190.2700,191.6200,190.2500,191.4900,189.1858,13576800
2025-12-04,191.4800,192.0600,191.0100,191.5500,189.2450,11086800
2025-12-05,191.8200,192.8100,191.5900,192.0000,189.6896,12887200
2025-12-08,192.2400,192.2700,190.6700,190.8500,188.5535,8686100
2025-12-09,190.7100,191.6900,190.4200,190.4900,188.1978,7896700
2025-12-10,190.7600,193.6000,190.6100,193.1700,190.8455,17968600
2025-12-11,193.0200,194.8800,193.0000,194.7300,192.3868,17852700
2025-12-12,195.3300,195.4700,193.0600,193.4100,191.0827,26817100
2025-12-15,194.5100,194.5700,192.9100,193.6500,191.3197,26605900
2025-12-16,193.7700,193.9600,191.5900,192.2900,189.9761,16005500
2025-12-17,192.4500,193.6100,191.5400,191.7700,189.4624,13546100
2025-12-18,192.9200,193.7600,191.8100,192.1800,189.8674,18124000
2025-12-19,192.2400,193.5200,192.0700,192.8800,190.5590,13707900
2025-12-22,192.6100,193.7300,192.4200,193.5400,191.9715,8322300
2025-12-23,193.3400,193.6600,192.7300,193.0900,191.5251,6422600
2025-12-24,193.1700,194.1100,193.0000,193.7900,192.2195,4193200
2025-12-26,193.8000,193.9300,193.1700,193.8400,192.2691,9570500
2025-12-29,193.6100,194.0600,193.1300,193.5200,191.9517,7381000
2025-12-30,193.5400,193.7500,193.1600,193.2100,191.6442,5089000
2025-12-31,193.1600,193.1600,191.5200,191.5600,190.0075,12684500
2026-01-02,192.2100,193.2900,191.0400,192.8600,191.2970,13722500
2026-01-05,193.0100,195.2400,192.8400,194.6500,193.0725,17525900
2026-01-06,194.4300,197.2500,194.4100,197.0000,195.4034,18100800
2026-01-07,197.1600,197.4800,194.6700,194.7900,193.2113,19819100
2026-01-08,194.3600,196.9700,194.1700,196.4600,194.8678,21391900
2026-01-09,197.0000,198.0700,196.6300,197.6000,195.9986,14223300
2026-01-12,197.0800,197.8800,196.5800,197.7800,196.1771,12469900
2026-01-13,198.1300,198.4000,197.1100,197.7800,196.1771,18149500
2026-01-14,197.4800,198.6800,197.4400,198.6800,197.0698,24857600
2026-01-15,199.3200,200.1100,198.7500,199.5600,197.9427,20666000
2026-01-16,199.3000,199.7800,198.7000,199.0500,197.4368,13913900
2026-01-20,196.8700,197.9100,195.7800,196.0800,194.4909,21111300
2026-01-21,197.1800,199.8900,197.1100,199.4000,197.7840,19619100
2026-01-22,200.1000,200.7800,199.4600,199.6600,198.0419,17094600
2026-01-23,199.2900,199.4700,198.0300,198.7700,197.1591,13501000
2026-01-26,199.2200,199.7900,198.9500,199.2400,197.6253,13080500
2026-01-27,199.1700,199.4200,198.5800,198.9300,197.3178,10553600
2026-01-28,198.9200,199.4800,197.9100,198.2600,196.6532,20805900
2026-01-29,199.1800,199.9000,197.1400,198.5200,196.9111,23925700
2026-01-30,198.0100,198.7300,196.2500,198.0800,196.4747,25403000
2026-02-02,197.6900,199.3300,197.1500,199.1000,197.4864,14618600
2026-02-03,198.7300,200.0800,196.9800,198.5700,196.9607,28998500
2026-02-04,199.2200,200.9500,199.1200,200.3000,198.6767,31319200
2026-02-05,199.6400,200.0400,198.1200,198.5600,196.9508,36587400
2026-02-06,200.0700,202.4900,199.9000,202.2600,200.6208,26921600
2026-02-09,201.6100,202.8200,200.9900,202.3800,200.7399,14600900
2026-02-10,202.5500,203.8600,202.4700,203.1000,201.4540,16784300
2026-02-11,203.8900,204.1700,202.5300,203.4600,201.8111,18897200
2026-02-12,204.2700,205.2400,200.3900,200.7900,199.1627,38641100
2026-02-13,201.2000,203.8200,200.4300,202.8700,201.2259,29358500
2026-02-17,203.0800,203.9800,200.8500,202.5200,200.8787,29787300
2026-02-18,202.8300,204.2200,202.2500,203.5700,201.9202,20934100
2026-02-19,203.0900,203.6100,201.9300,203.1400,201.4937,15448200
2026-02-20,202.5000,204.7800,202.3400,204.0900,202.4360,27280200
2026-02-23,203.3800,204.0800,201.0500,201.8500,200.2142,16437700
2026-02-24,201.8800,203.7100,201.7900,203.4600,201.8111,19725000
2026-02-25,204.1000,204.1400,202.2500,203.5800,201.9301,16772400
2026-02-26,204.1200,205.0300,203.1800,204.7300,203.0708,23866200
2026-02-27,203.3700,205.0800,202.9100,204.9700,203.3089,16234500
2026-03-02,203.3400,205.2400,202.8400,204.5900,202.9319,22037000
2026-03-03,201.0500,203.0300,198.5500,202.0800,200.4423,37315700
2026-03-04,202.7000,203.3500,201.4200,202.8900,201.2457,16696700
2026-03-05,201.7900,202.7100,199.4600,200.5400,198.9147,23144500
2026-03-06,198.4400,198.7700,196.5200,198.1500,196.5441,23634400
2026-03-09,196.2800,199.2500,193.9700,198.7100,197.0996,26828200
2026-03-10,198.4400,199.5800,196.8500,197.2200,195.6217,19304300
2026-03-11,197.0100,197.3800,195.6800,196.5700,194.9769,16887500
2026-03-12,194.8700,196.0100,193.5100,193.5300,191.9616,24793800
2026-03-13,195.0200,195.6800,193.2900,193.5200,191.9517,13023200
2026-03-16,195.2500,196.1900,194.5900,194.9600,193.3800,12128800
2026-03-17,196.3100,197.2500,195.9100,196.0500,194.4612,10977500
2026-03-18,195.1500,195.6400,193.3900,193.4700,191.9021,12514600
2026-03-19,192.2600,194.4700,191.9000,193.3200,191.7533,17371100
2026-03-20,193.0300,193.4200,189.5000,190.4800,188.9363,15312100
2026-03-23,192.5000,194.0500,191.4400,191.6900,190.9505,15965500
2026-03-24,190.5200,192.9700,190.0800,191.9200,191.1796,15258500
2026-03-25,193.4600,194.1500,191.3400,192.8500,192.1060,14017300
2026-03-26,191.7100,193.5000,190.8400,191.0800,190.3428,17145700
2026-03-27,190.4300,190.6900,188.0300,188.4600,187.7330,13998800
2026-03-30,190.1600,190.3600,187.3600,188.0700,187.3445,10947400
2026-03-31,190.0200,192.6400,188.7300,191.9200,191.1796,19696500
2026-04-01,192.5400,193.4700,192.1800,192.5400,191.7972,17589200
2026-04-02,190.5500,194.3000,190.2100,193.0900,192.3451,10796600
2026-04-06,192.9500,194.0200,192.5500,193.9200,193.1719,4600400
2026-04-07,193.3400,194.0200,192.4000,193.4900,192.7435,8382700
2026-04-08,197.3000,198.3000,196.9200,197.9600,197.1963,11173900
2026-04-09,197.2400,198.7300,196.8000,198.0800,197.3158,7321100
2026-04-10,198.2500,198.4300,196.3300,196.6500,195.8913,6701900
2026-04-13,196.2300,198.9300,195.9500,198.8300,198.0629,5789300
2026-04-14,199.0900,200.0300,198.5300,199.6600,198.8897,10283900
2026-04-15,199.7300,200.2000,198.9300,199.7300,198.9595,8666800
2026-04-16,200.1000,201.0800,199.9100,200.6400,199.8660,9802500
2026-04-17,201.6900,204.0800,201.6300,203.1600,202.3762,10807200
2026-04-20,202.6900,203.9300,202.6700,203.8000,203.0138,6061800
2026-04-21,204.2700,205.1800,202.2100,202.5500,201.7686,8702400
2026-04-22,203.7800,204.1900,201.9400,202.4600,201.6789,7198100
2026-04-23,202.4400,202.9400,200.3800,202.4500,201.6690,10703900
2026-04-24,202.5800,202.9400,201.6500,202.0300,201.2506,8816800
2026-04-27,201.9700,202.9400,201.6800,201.7900,201.0115,6866800
2026-04-28,201.7900,202.2800,200.1600,200.7600,199.9855,6560200
2026-04-29,200.7900,201.2700,199.7000,200.4100,199.6369,8269200
2026-04-30,200.5400,203.5500,200.2000,203.4400,202.6552,9591200
2026-05-01,204.0100,204.3100,202.7900,202.8200,202.0376,13811300
2026-05-04,202.3700,203.5800,201.2300,201.6400,200.8621,9495200
2026-05-05,202.2800,203.7800,201.6200,203.2400,202.4559,6566000
2026-05-06,204.5800,205.5100,204.0600,204.8500,204.0597,10908200
2026-05-07,204.9600,205.5300,202.9500,203.5400,202.7548,10151400
2026-05-08,204.4500,204.5800,203.1900,204.1000,203.3126,8492500
2026-05-11,204.4600,204.8200,203.6400,203.9900,203.2030,7428700
2026-05-12,203.7300,204.0900,202.1700,203.8100,203.0237,9576200
2026-05-13,203.6800,203.6800,202.3400,202.9200,202.1372,7388900
2026-05-14,203.4600,204.5100,203.0400,203.6600,202.8743,9841600
2026-05-15,202.6000,202.9200,201.4500,201.5600,200.7824,8957400
2026-05-18,201.8800,203.2800,201.4600,202.8000,202.0176,13792400
2026-05-19,201.9800,202.6400,200.9100,201.6200,200.8422,10548600
2026-05-20,201.9800,203.9900,200.7000,203.8300,203.0437,18985500
2026-05-21,202.9400,204.9000,201.8100,204.7100,203.9203,11504200
2026-05-22,205.7300,206.9700,205.5200,206.5800,205.7831,11148200
2026-05-26,207.8300,208.1800,206.9300,207.6400,206.8390,10318200
2026-05-27,208.0500,208.7300,207.3400,207.4900,206.6895,9745500
2026-05-28,207.3800,208.8900,206.6400,208.2500,207.4466,6643900
2026-05-29,208.7500,209.3200,208.2100,208.8300,208.0244,8578100
2026-06-01,208.0500,209.7700,207.7900,209.2100,208.4029,8484900
2026-06-02,209.1100,210.1200,208.7800,210.0400,209.2297,8103000
2026-06-03,209.4300,209.8100,208.8400,209.2500,208.4427,9765200
2026-06-04,210.0200,210.9500,209.7400,210.8300,210.0166,10142800
2026-06-05,209.8700,210.3600,207.2900,207.8300,207.0282,10969800
2026-06-08,208.6400,209.0800,207.4500,207.6100,206.8091,7771400
2026-06-09,208.6400,210.3600,205.7400,209.1900,208.3830,17170300
2026-06-10,208.5300,209.9300,206.4500,206.5300,205.7332,11015800
2026-06-11,207.3400,210.4600,206.8700,209.7500,208.9408,16751800
2026-06-12,210.7000,212.1200,209.6500,211.6500,210.8335,11412500
2026-06-15,213.6000,214.2900,212.6200,212.8800,212.0587,7980500
2026-06-16,213.4900,214.3000,212.0800,212.1700,211.3515,6167000
2026-06-17,212.1100,213.0000,208.5900,208.9900,208.1837,11355500
2026-06-18,211.2200,211.2900,209.7700,209.9600,209.1500,10811900
2026-06-22,209.5300,210.3400,209.1000,209.6100,209.6100,7256400
2026-06-23,208.3400,209.6800,207.6400,208.8900,208.8900,10942600
2026-06-24,209.3800,211.5500,209.2500,210.3800,210.3800,8243700
2026-06-25,211.8900,213.7900,211.3700,211.7500,211.7500,13830900
2026-06-26,211.3500,213.0900,210.3100,210.3100,210.3100,16750500
2026-06-29,213.0200,213.3700,212.0900,213.0500,213.0500,11408000
2026-06-30,212.7900,213.3600,212.0000,212.7700,212.7700,9001600
2026-07-01,212.5800,214.9500,212.5800,213.4100,213.4100,12587500
2026-07-02,214.4900,215.6100,213.2900,214.9100,214.9100,10679600
2026-07-06,215.0400,215.4700,214.1300,215.0000,215.0000,6442400
2026-07-07,215.8100,216.3700,214.5100,214.7300,214.7300,8044100
2026-07-08,213.5400,213.7000,211.4400,212.2000,212.2000,13646800
2026-07-09,212.8400,214.1900,212.4800,213.5000,213.5000,7278100
2026-07-10,214.1500,214.6000,213.0600,214.3000,214.3000,5540400
2026-07-13,214.4800,215.5000,213.8000,214.2300,214.2300,6899100
2026-07-14,214.1400,214.9000,213.2200,213.4500,213.4500,9049600
2026-07-15,213.7500,214.1600,212.5500,212.9700,212.9700,8412500
2026-07-16,213.0800,215.1000,213.0700,215.0600,215.0600,7125000
2026-07-17,214.3600,215.9500,213.0500,213.3700,213.3700,12176200
2026-07-20,213.8700,214.0000,212.1100,212.4200,212.4200,6433000
2026-07-21,212.5700,213.1500,211.7900,212.7600,212.7600,6363400
2026-07-22,213.0300,213.9400,212.3700,212.7000,212.7000,4234900
2026-07-23,212.1000,212.9400,211.2700,211.9200,211.9200,7189700
2026-07-24,212.3700,214.4700,212.2300,213.5700,213.5700,7268600
