date,open,high,low,close,adj_close,volume
2001-07-13,24.1000,24.5300,23.5267,24.2167,19.8851,603300
2001-07-16,23.7833,23.8500,22.8133,22.8133,18.7328,180000
2001-07-17,22.6500,23.7500,22.6333,23.7500,19.5019,287100
2001-07-18,23.0333,23.2033,22.7667,22.7667,18.6945,301800
2001-07-19,24.1333,24.2333,23.7333,23.7333,19.4882,405000
2001-07-20,23.2500,23.6333,23.2500,23.6167,19.3924,360000
2001-07-23,23.7500,23.7500,22.9000,22.9000,18.8039,195300
2001-07-24,22.7667,22.7667,22.2667,22.2833,18.2976,150300
2001-07-25,22.2000,22.6167,21.8833,21.8833,17.9691,179100
2001-07-26,22.8500,24.1500,22.7667,23.9167,19.6388,281700
2001-07-27,24.1667,24.7333,24.1667,24.4700,20.0931,121500
2001-07-30,24.5967,24.8467,24.4300,24.6333,20.2272,7800
2001-07-31,25.1333,25.1333,24.6333,24.6333,20.2272,152100
2001-08-01,25.5833,26.2333,25.5833,25.9167,21.2810,28500
2001-08-02,26.5667,26.6500,26.3833,26.4167,21.6916,64800
2001-08-03,26.4167,26.4167,25.9167,26.0833,21.4179,9600
2001-08-06,25.5167,25.7167,25.4667,25.6167,21.0347,21900
2001-08-07,25.2000,25.2200,25.0000,25.2200,20.7090,18600
2001-08-08,25.1133,25.5167,24.9333,24.9333,20.4736,18900
2001-08-09,24.0000,24.2500,24.0000,24.2500,19.9125,3000
2001-08-10,24.2000,24.3333,24.2000,24.3000,19.9535,12600
2001-08-13,24.8333,24.9333,24.7000,24.8833,20.4325,24300
2001-08-14,25.0667,25.0667,24.9833,24.9833,20.5146,4200
2001-08-15,24.5833,24.5833,24.0067,24.0067,19.7127,6300
2001-08-16,23.3333,23.7000,23.1000,23.7000,19.4609,13500
2001-08-17,23.3333,23.3333,22.8667,22.8667,18.7766,1500
2001-08-20,23.0000,23.1500,22.8500,23.1167,18.9818,32700
2001-08-21,23.1000,23.1000,22.5333,22.5333,18.5029,4200
2001-08-22,22.7300,23.2333,22.5000,23.2333,19.0776,8400
2001-08-23,23.3700,23.6633,23.3100,23.3500,19.1735,3000
2001-08-24,23.7567,24.4833,23.6667,24.3567,20.0001,1200
2001-08-27,24.5000,25.1300,24.5000,24.9000,20.4462,12300
2001-08-28,24.4500,24.5500,24.3167,24.3167,19.9672,3000
2001-08-29,24.4333,24.4333,23.4667,23.4667,19.2692,900
2001-08-30,22.5500,22.8333,22.5000,22.8333,18.7492,3600
2001-08-31,22.6667,23.1600,22.6667,22.9467,18.8423,6000
2001-09-04,22.8667,23.1567,22.3333,22.3333,18.3386,3300
2001-09-05,22.2467,22.2467,21.5333,21.5667,17.7091,22500
2001-09-06,21.3333,21.6667,20.4667,20.5667,16.8880,792000
2001-09-07,20.3833,21.2267,20.3833,20.7167,17.0111,9900
2001-09-10,20.6133,20.9133,20.6133,20.6967,16.9947,3900
2001-09-17,19.0000,19.5933,18.8000,18.8000,15.4373,24600
2001-09-18,18.7500,18.9067,18.5033,18.9067,15.5249,1200
2001-09-19,17.1233,17.3167,15.9000,17.3167,14.2193,40200
2001-09-20,16.5500,17.0667,16.2000,16.2000,13.3024,51000
2001-09-21,15.1333,16.1000,15.1333,15.4167,12.6591,11400
2001-09-24,16.3333,16.9500,16.3333,16.9500,13.9182,28500
2001-09-25,17.2333,17.2333,16.5000,16.5000,13.5487,12900
2001-09-26,16.9000,16.9000,16.0000,16.0333,13.1655,9600
2001-09-27,15.3333,15.5500,14.9633,15.5500,12.7686,3600
2001-09-28,15.9167,16.1667,15.6333,15.9833,13.1244,14400
2001-10-01,15.7333,15.7333,15.4500,15.4500,12.6865,5100
2001-10-02,15.7500,15.7500,15.1667,15.1667,12.4538,12900
2001-10-03,15.0000,16.7833,14.9667,16.6167,13.6445,12900
2001-10-04,17.0000,17.9800,16.6333,17.5833,14.4382,22800
2001-10-05,17.3333,17.8000,16.6333,17.6900,14.5258,23700
2001-10-08,17.3333,18.5667,17.3000,18.4000,15.1088,49200
2001-10-09,17.9667,17.9667,17.5167,17.5667,14.4246,22200
2001-10-10,17.5333,18.5667,17.4167,18.5667,15.2457,28200
2001-10-11,19.2633,20.2767,19.2633,20.2133,16.5978,62100
2001-10-12,19.7333,20.0167,19.2667,19.8667,16.3132,26400
2001-10-15,19.7167,19.7167,19.3200,19.4500,15.9710,7800
2001-10-16,19.7667,20.0500,19.5000,20.0500,16.4637,6600
2001-10-17,20.5500,20.6000,19.2333,19.2333,15.7931,15000
2001-10-18,18.7500,18.8833,18.3000,18.5333,15.2183,13200
2001-10-19,18.1500,18.6800,18.1500,18.6800,15.3388,6900
2001-10-22,18.5167,19.6000,18.5167,19.6000,16.0942,23100
2001-10-23,19.8000,20.0867,19.4700,19.5167,16.0258,4500
2001-10-24,20.0667,20.2967,19.9733,20.1300,16.5294,16800
2001-10-25,19.7000,21.0000,19.4500,21.0000,17.2438,10200
2001-10-26,21.1333,21.1833,20.8000,21.0800,17.3095,22500
2001-10-29,20.4167,20.4167,19.9167,19.9167,16.3542,7500
2001-10-30,19.1833,19.1833,18.6767,18.7167,15.3689,16800
2001-10-31,19.4367,20.0467,19.4067,19.4067,15.9354,8100
2001-11-01,19.7833,20.6467,19.7833,20.6000,16.9153,3612900
2001-11-02,20.9833,20.9967,20.5033,20.8000,17.0796,2115300
2001-11-05,21.5500,21.6300,21.4333,21.6300,17.7611,2100
2001-11-06,21.2000,22.2833,21.2000,22.2333,18.2565,13500
2001-11-07,22.0600,22.6367,22.0200,22.3933,18.3879,144000
2001-11-08,22.6667,23.1733,21.7667,21.7867,17.8897,627300
2001-11-09,22.0067,22.2000,21.7533,21.9633,18.0348,207900
2001-11-12,21.5333,22.5167,21.5000,22.3900,18.3852,76800
2001-11-13,23.2333,23.4667,22.9733,23.3833,19.2008,18900
2001-11-14,24.0000,24.0000,22.9667,23.5000,19.2966,60900
2001-11-15,23.3833,23.5833,23.0500,23.2667,19.1050,200400
2001-11-16,23.4167,23.4667,23.0000,23.1833,19.0366,24600
2001-11-19,23.4233,23.4433,22.7500,23.0867,18.9572,24300
2001-11-20,22.7833,22.8333,21.7767,21.7767,17.8815,29100
2001-11-21,21.6833,22.0500,21.5133,22.0500,18.1060,42300
2001-11-23,22.0500,22.4700,22.0500,22.4167,18.4071,13200
2001-11-26,22.7333,23.3333,22.7333,23.3200,19.1488,9300
2001-11-27,22.8000,23.8967,22.6567,23.3433,19.1680,43500
2001-11-28,23.0167,23.0167,22.3033,22.3033,18.3140,18600
2001-11-29,22.4333,22.9467,22.2167,22.9133,18.8149,19200
2001-11-30,22.6333,22.7100,22.3400,22.6133,18.5686,50400
2001-12-03,22.3667,22.6433,22.2167,22.3167,18.3249,10500
2001-12-04,22.6833,23.4167,22.6833,23.4167,19.2282,14400
2001-12-05,24.0833,25.4667,24.0833,25.2833,20.7610,33000
2001-12-06,25.1167,25.4367,24.8533,25.1167,20.6241,28500
2001-12-07,24.9333,24.9333,24.0000,24.2167,19.8851,19200
2001-12-10,24.1333,24.1333,23.6567,23.7000,19.4609,132000
2001-12-11,24.1333,24.4333,23.9367,23.9533,19.6689,30600
2001-12-12,24.2167,24.3100,23.7500,23.8833,19.6114,4800
2001-12-13,23.5833,23.5833,22.7533,22.7533,18.6835,36600
2001-12-14,22.9167,23.3867,22.7500,23.2200,19.0667,75900
2001-12-17,23.5433,23.8500,23.4967,23.7333,19.4882,31500
2001-12-18,23.9633,23.9633,23.7167,23.9167,19.6388,45000
2001-12-19,23.0000,23.3067,22.6833,22.6833,18.6260,519600
2001-12-20,22.3333,22.4333,21.5267,21.5367,17.6845,62400
2001-12-21,22.0000,22.0800,21.8667,22.0800,18.1306,24900
2001-12-24,22.0333,22.0333,21.9167,21.9167,17.9965,4500
2001-12-26,22.3633,22.5400,22.0400,22.1833,18.2155,34200
2001-12-27,22.3367,22.5767,22.3367,22.5267,18.4974,103800
2001-12-28,22.8000,22.9600,22.5667,22.7167,18.6534,132300
2001-12-31,22.7333,22.7333,22.1000,22.1667,18.2018,23100
2002-01-02,22.6333,23.0667,22.4667,23.0667,18.9408,207900
2002-01-03,23.5000,24.9067,23.5000,24.8333,20.3915,251700
2002-01-04,25.3000,25.3300,24.3000,24.7467,20.3203,111600
2002-01-07,25.0000,25.0000,24.1333,24.2033,19.8741,24900
2002-01-08,24.1533,24.6633,23.9833,24.2667,19.9262,79500
2002-01-09,24.6667,25.0367,24.1333,24.1333,19.8167,19200
2002-01-10,24.0367,24.1533,23.8233,23.8600,19.5922,32700
2002-01-11,24.2667,24.2667,23.6667,23.7333,19.4882,43800
2002-01-14,23.6667,23.6767,23.2533,23.2700,19.1078,52200
2002-01-15,23.5500,23.5500,23.0033,23.3333,19.1598,765300
2002-01-16,22.6500,22.8233,22.3467,22.3467,18.3496,1594800
2002-01-17,22.7000,22.9167,22.3167,22.8833,18.7903,25200
2002-01-18,22.1667,22.5600,22.1667,22.3000,18.3113,18000
2002-01-22,22.4333,22.4333,21.3000,21.3000,17.4901,16500
2002-01-23,21.7500,22.0533,21.3667,21.9333,18.0102,34500
2002-01-24,22.1333,22.5733,22.1333,22.2733,18.2894,27900
2002-01-25,22.2567,22.6667,22.1667,22.4900,18.4673,4500
2002-01-28,22.8000,22.9667,22.5400,22.8867,18.7930,9300
2002-01-29,23.2500,23.2500,22.2933,22.3600,18.3605,27300
2002-01-30,22.2333,22.9333,22.2333,22.9333,18.8313,16800
2002-01-31,23.3333,23.3333,22.8100,23.1133,18.9791,12600
2002-02-01,22.9833,22.9833,22.8833,22.8833,18.7903,7200
2002-02-04,22.9167,22.9167,22.3000,22.4567,18.4399,14400
2002-02-05,22.3333,22.5800,22.1333,22.1333,18.1744,2700
2002-02-06,22.3333,22.3333,21.9500,22.0667,18.1197,429900
2002-02-07,21.7833,22.1000,21.3500,21.3500,17.5312,11400
2002-02-08,21.5333,21.8300,21.2067,21.8167,17.9144,62100
2002-02-11,22.0500,22.6600,22.0500,22.6600,18.6069,207000
2002-02-12,22.4667,22.9233,22.2600,22.5333,18.5029,14700
2002-02-13,22.9933,23.0500,22.9700,23.0333,18.9134,9900
2002-02-14,23.2700,23.3467,22.7733,22.9100,18.8121,12900
2002-02-15,22.7000,22.7000,22.3600,22.3600,18.3605,1800
2002-02-19,22.0000,22.0067,21.3800,21.3800,17.5558,26400
2002-02-20,21.6000,21.8167,20.9400,21.8167,17.9144,38700
2002-02-21,21.1133,21.2567,20.4167,20.4667,16.8059,246300
2002-02-22,20.5000,20.6200,20.1800,20.5533,16.8770,104400
2002-02-25,20.7167,21.7333,20.7167,21.6333,17.7638,182100
2002-02-26,21.7500,21.8000,21.1433,21.3167,17.5038,14700
2002-02-27,21.6333,21.9300,21.0733,21.2200,17.4244,90300
2002-02-28,21.3933,21.3933,20.5667,20.5667,16.8880,325500
2002-03-01,21.2500,22.5333,21.2500,22.4733,18.4536,250200
2002-03-04,22.8333,24.0500,22.6367,23.9500,19.6661,172800
2002-03-05,23.8833,24.5333,23.8833,24.3567,20.0001,492600
2002-03-06,24.1333,24.4000,23.6733,24.3067,19.9590,504600
2002-03-07,24.8333,24.8967,24.1500,24.5133,20.1287,304200
2002-03-08,25.0667,25.5067,25.0667,25.4000,20.8568,40500
2002-03-11,24.9000,25.1933,24.5167,24.8933,20.4407,145800
2002-03-12,23.8667,24.1067,23.7500,24.0100,19.7154,18900
2002-03-13,23.5833,23.6600,23.1667,23.3567,19.1789,330000
2002-03-14,23.5833,23.5833,23.2267,23.2933,19.1269,9600
2002-03-15,23.2667,23.7000,23.2667,23.6367,19.4088,32400
2002-03-18,24.2000,24.4333,23.8667,23.9167,19.6388,45300
2002-03-19,24.0467,24.3133,23.9833,24.0667,19.7619,42900
2002-03-20,23.4867,23.5833,23.2367,23.2367,19.0804,22500
2002-03-21,23.3333,23.8333,23.1267,23.8333,19.5703,217500
2002-03-22,23.7667,23.8833,23.5667,23.5667,19.3514,20100
2002-03-25,23.6333,23.8000,22.9233,22.9233,18.8231,27000
2002-03-26,22.9667,23.5633,22.8167,23.2833,19.1187,27900
2002-03-27,23.4000,23.4800,23.1233,23.3200,19.1488,310200
2002-03-28,23.8167,24.0000,23.7433,23.7433,19.4964,481500
2002-04-01,23.4667,24.4967,23.4667,24.3333,19.9809,128100
2002-04-02,24.0667,24.0667,23.6200,23.6200,19.3952,21300
2002-04-03,23.5500,23.5667,22.9267,23.1200,18.9846,237000
2002-04-04,23.3833,23.3833,22.9500,23.2000,19.0503,468000
2002-04-05,23.1000,23.1167,22.9333,23.0067,18.8915,4500
2002-04-08,22.2433,23.0333,22.0833,22.9333,18.8313,33600
2002-04-09,22.8500,22.8500,22.3500,22.4167,18.4071,36900
2002-04-10,22.4667,22.5667,21.8533,22.5000,18.4755,92700
2002-04-11,22.2000,22.4933,21.9133,22.0500,18.1060,24000
2002-04-12,22.2000,22.2333,21.8033,22.1667,18.2018,42300
2002-04-15,22.5000,22.6667,22.2000,22.6500,18.5987,28500
2002-04-16,23.6667,23.9867,23.6200,23.8867,19.6141,46500
2002-04-17,24.3000,24.6900,24.0900,24.4067,20.0411,1386600
2002-04-18,23.9167,24.0833,23.3333,23.6767,19.4417,34800
2002-04-19,23.8333,23.9833,23.3000,23.3667,19.1871,37500
2002-04-22,23.0333,23.0333,22.7667,22.9500,18.8450,471300
2002-04-23,23.0500,23.2833,22.4133,22.5000,18.4755,67800
2002-04-24,22.7000,22.7667,21.7333,21.7667,17.8733,41400
2002-04-25,21.7333,21.9833,21.4500,21.9500,18.0239,251400
2002-04-26,22.1667,22.2000,20.9767,21.0000,17.2438,239400
2002-04-29,21.1500,21.6267,20.8600,21.0500,17.2848,209400
2002-04-30,21.1167,21.9500,21.1167,21.5000,17.6544,93300
2002-05-01,21.4333,21.8267,20.8567,21.5800,17.7200,27900
2002-05-02,21.5667,21.9167,20.6567,20.7000,16.9974,89400
2002-05-03,20.4167,20.4167,19.6500,19.8467,16.2968,99300
2002-05-06,20.0833,20.2667,19.4067,19.4500,15.9710,21300
2002-05-07,19.5167,19.6400,18.9500,19.3333,15.8752,542700
2002-05-08,20.7333,21.7100,20.6167,21.6000,17.7365,215100
2002-05-09,21.5333,21.6133,20.9000,21.2567,17.4545,46800
2002-05-10,21.0500,21.0500,19.9067,20.0600,16.4719,72900
2002-05-13,20.3833,21.1300,20.3333,21.1300,17.3505,37800
2002-05-14,22.3500,22.5333,22.0033,22.4867,18.4645,107700
2002-05-15,22.0000,23.0500,21.8200,22.3033,18.3140,87300
2002-05-16,22.3333,22.6300,22.0333,22.6300,18.5822,42600
2002-05-17,22.9333,22.9467,22.3333,22.6467,18.5959,40800
2002-05-20,22.4333,22.4667,22.1667,22.3633,18.3633,17700
2002-05-21,22.4333,22.5333,21.5633,21.7500,17.8596,45000
2002-05-22,21.5000,21.8333,21.1500,21.2133,17.4190,147000
2002-05-23,21.6667,21.6667,21.0000,21.6633,17.7885,41700
2002-05-24,20.9000,21.0300,20.7833,20.9000,17.1617,49500
2002-05-28,21.0000,21.0000,20.5667,20.8167,17.0932,16200
2002-05-29,20.3333,20.4133,20.1333,20.1867,16.5759,38400
2002-05-30,19.7333,20.1167,19.4500,19.9633,16.3925,57300
2002-05-31,20.2167,20.4667,19.9167,19.9333,16.3679,375600
2002-06-03,19.7000,19.7000,18.9167,18.9667,15.5742,80700
2002-06-04,18.9000,19.6000,18.8000,19.3800,15.9136,65400
2002-06-05,19.5667,19.5667,19.0000,19.4967,16.0094,40500
2002-06-06,18.9367,19.0167,18.6333,18.7967,15.4346,91500
2002-06-07,17.6000,18.2167,17.3333,18.2133,14.9556,100800
2002-06-10,18.1667,18.4133,17.9900,18.0267,14.8023,359100
2002-06-11,18.0867,18.1300,17.2500,17.2500,14.1645,324900
2002-06-12,17.4500,17.8167,17.0233,17.7800,14.5997,94800
2002-06-13,17.6367,18.1133,17.4467,17.5367,14.3999,1902600
2002-06-14,16.6667,17.6667,16.6000,17.5000,14.3698,42600
2002-06-17,17.9500,18.5500,17.9500,18.3833,15.0952,53700
2002-06-18,18.3667,18.9000,18.1667,18.1667,14.9172,68400
2002-06-19,17.5167,17.7500,16.9167,16.9500,13.9182,352500
2002-06-20,17.2500,17.2500,16.0833,16.2000,13.3024,125700
2002-06-21,16.1700,16.3767,15.6833,15.7600,12.9411,125700
2002-06-24,15.7833,16.5500,15.5667,16.4667,13.5213,62100
2002-06-25,16.5833,16.5833,15.4833,15.5667,12.7823,76800
2002-06-26,14.8000,15.5667,14.8000,15.5033,12.7303,26700
2002-06-27,16.1667,16.3800,15.7500,16.2333,13.3297,240300
2002-06-28,16.2667,16.7033,15.9500,15.9700,13.1135,105000
2002-07-01,16.1000,16.2167,15.2500,15.2500,12.5223,75600
2002-07-02,15.0000,15.1167,14.5667,14.6967,12.0679,51000
2002-07-03,14.4167,15.2167,14.4167,15.2000,12.4812,70200
2002-07-05,16.0000,16.4500,15.9333,16.4500,13.5076,39000
2002-07-08,16.4833,16.4833,15.8333,15.8333,13.0013,16800
2002-07-09,15.6000,15.6167,15.2667,15.2667,12.5360,29400
2002-07-10,15.4500,15.4533,14.6967,14.7967,12.1500,36900
2002-07-11,14.5167,15.5400,14.3800,15.5400,12.7604,107400
2002-07-12,15.6667,15.9833,15.4267,15.8433,13.0095,114000
2002-07-15,15.4667,16.0000,15.2467,15.8833,13.0423,63600
2002-07-16,16.4000,16.9333,16.0000,16.2100,13.3106,239700
2002-07-17,17.1833,17.1833,15.9300,16.2833,13.3708,317100
2002-07-18,16.2233,16.4333,15.8367,15.9167,13.0697,61200
2002-07-19,15.5833,16.0533,15.3667,15.4667,12.7002,149400
2002-07-22,15.5000,15.7267,15.0000,15.1167,12.4128,150300
2002-07-23,15.0833,15.2700,14.3333,14.3333,11.7696,245100
2002-07-24,13.8667,14.9367,13.8667,14.9367,12.2650,103800
2002-07-25,14.3833,14.3833,12.9733,13.5267,11.1072,259500
2002-07-26,13.5667,13.5967,12.9167,13.2167,10.8526,89400
2002-07-29,13.7000,14.1767,13.4667,14.1333,11.6053,77100
2002-07-30,14.1800,14.6433,13.9400,14.5167,11.9201,69000
2002-07-31,14.1933,14.2167,13.6600,13.8000,11.3316,72600
2002-08-01,13.7000,13.9000,13.0400,13.0400,10.7076,51600
2002-08-02,13.0000,13.0000,12.3233,12.5033,10.2669,153900
2002-08-05,12.5000,12.5033,11.7033,11.7967,9.6866,80100
2002-08-06,12.2500,12.8200,12.2333,12.5000,10.2642,76800
2002-08-07,13.2167,13.2167,12.1667,12.7633,10.4804,217800
2002-08-08,12.5367,13.3333,12.3833,13.2367,10.8691,54300
2002-08-09,12.8667,13.2567,12.7700,13.1667,10.8116,78000
2002-08-12,12.7667,12.9000,12.7167,12.8500,10.5516,104400
2002-08-13,12.8667,13.2700,12.3867,12.3867,10.1711,30600
2002-08-14,12.3500,13.1833,12.2033,13.1433,10.7924,85200
2002-08-15,13.3833,13.5867,13.0333,13.4167,11.0169,109200
2002-08-16,13.3000,14.4500,13.2833,14.2500,11.7011,243600
2002-08-19,14.2500,15.0833,14.2300,14.9200,12.2513,129300
2002-08-20,14.6667,14.6667,14.2167,14.2833,11.7285,124200
2002-08-21,14.7167,14.9967,14.3567,14.8833,12.2212,66300
2002-08-22,14.8833,15.2733,14.6833,14.9667,12.2896,170100
2002-08-23,14.4667,14.6233,14.0000,14.0800,11.5616,120000
2002-08-26,14.0000,14.2067,13.6700,14.0967,11.5752,73800
2002-08-27,14.1500,14.1500,13.3667,13.4667,11.0579,135900
2002-08-28,13.0167,13.2900,12.7067,12.7700,10.4859,70200
2002-08-29,12.5000,13.0033,12.3633,12.8133,10.5214,136800
2002-08-30,12.5467,12.9500,12.5467,12.6667,10.4010,150000
2002-09-03,12.4133,12.4133,11.9667,12.0333,9.8810,83400
2002-09-04,12.0000,12.2167,11.6500,12.1000,9.9357,157200
2002-09-05,11.8667,11.8667,11.5600,11.5867,9.5142,143400
2002-09-06,12.3000,12.3500,12.1700,12.2700,10.0753,120000
2002-09-09,11.9333,12.2633,11.8167,12.2333,10.0452,93000
2002-09-10,12.2667,12.7300,12.2333,12.5133,10.2751,99900
2002-09-11,13.0667,13.0667,12.7033,12.7167,10.4421,166200
2002-09-12,12.2500,12.3133,11.9067,11.9067,9.7770,131400
2002-09-13,11.7667,12.0067,11.6333,11.7333,9.6346,169200
2002-09-16,11.5333,11.5333,11.1333,11.2167,9.2104,192300
2002-09-17,11.7000,11.7000,10.9200,10.9800,9.0160,264900
2002-09-18,10.7667,11.0000,10.6033,10.7833,8.8545,846300
2002-09-19,10.5600,10.7933,10.4133,10.5200,8.6383,274800
2002-09-20,10.6267,10.6900,10.3033,10.3633,8.5097,48900
2002-09-23,10.2000,10.2000,9.7200,9.8967,8.1265,193800
2002-09-24,9.7967,10.2500,9.7733,9.9300,8.1539,168600
2002-09-25,10.2167,10.7767,10.0600,10.6167,8.7177,193500
2002-09-26,10.7167,10.8433,10.1900,10.4000,8.5398,68400
2002-09-27,10.2200,10.6167,10.1433,10.1533,8.3372,42300
2002-09-30,9.8333,9.8967,9.6933,9.8433,8.0827,29100
2002-10-01,10.0667,10.4000,9.7200,10.4000,8.5398,57300
2002-10-02,10.3333,10.7667,10.1533,10.2033,8.3783,217800
2002-10-03,10.0200,10.0667,9.8067,9.9000,8.1292,41400
2002-10-04,9.8500,9.8500,9.2800,9.3833,7.7050,435600
2002-10-07,9.1200,9.2933,8.9633,8.9633,7.3601,44400
2002-10-08,9.1000,9.1000,8.6167,8.8667,7.2807,106500
2002-10-09,8.7500,9.0500,8.6500,8.6500,7.1028,60000
2002-10-10,8.7000,9.5233,8.7000,9.3433,7.6721,686700
2002-10-11,9.8000,10.4100,9.8000,10.1833,8.3619,661500
2002-10-14,10.0500,10.2833,9.9167,10.2167,8.3892,100200
2002-10-15,11.1500,11.2300,10.9400,11.2300,9.2213,143400
2002-10-16,10.2667,10.3333,10.0000,10.0000,8.2113,127200
2002-10-17,10.7600,10.9067,10.6200,10.7567,8.8327,282600
2002-10-18,10.5033,11.0200,10.4000,10.9433,8.9859,140400
2002-10-21,10.8000,11.6167,10.6533,11.6167,9.5388,95100
2002-10-22,10.7667,11.2033,10.7000,10.8333,8.8956,106200
2002-10-23,10.9900,11.6833,10.8200,11.6667,9.5799,66900
2002-10-24,11.8000,12.1000,11.2867,11.3333,9.3062,276300
2002-10-25,11.4033,11.9000,11.4033,11.8800,9.7551,78900
2002-10-28,12.2667,12.3500,11.8933,11.9633,9.8235,75900
2002-10-29,11.9533,12.0667,11.0900,11.5633,9.4950,165000
2002-10-30,11.6700,12.3467,11.6033,12.2067,10.0233,104700
2002-10-31,12.4000,12.4933,12.0667,12.1667,9.9904,64500
2002-11-01,12.0333,12.8833,12.0333,12.7600,10.4777,132000
2002-11-04,13.3333,13.9300,13.2700,13.4500,11.0442,570300
2002-11-05,13.1667,13.4833,12.8833,13.2000,10.8390,107400
2002-11-06,13.4000,13.7000,13.0233,13.5700,11.1428,150600
2002-11-07,13.1667,13.1967,12.6000,12.6167,10.3600,428700
2002-11-08,12.6667,12.7433,12.2167,12.4000,10.1820,188100
2002-11-11,12.1000,12.1000,11.5867,11.7333,9.6346,207000
2002-11-12,11.9167,12.5133,11.8533,12.1667,9.9904,96600
2002-11-13,12.1500,12.4467,11.9167,12.1067,9.9412,81000
2002-11-14,12.6667,13.1267,12.5167,13.1000,10.7568,308700
2002-11-15,12.7333,13.1800,12.6733,13.1000,10.7568,184200
2002-11-18,13.4167,13.5733,13.1500,13.1500,10.7979,100200
2002-11-19,13.0767,13.1800,12.7367,12.8167,10.5242,201900
2002-11-20,13.0300,13.7467,13.0267,13.6433,11.2030,93000
2002-11-21,14.1167,14.8333,14.1000,14.8333,12.1801,270300
2002-11-22,14.4333,14.8967,14.4333,14.6967,12.0679,355800
2002-11-25,14.9500,15.2567,14.8033,15.1867,12.4703,225300
2002-11-26,14.8667,15.0000,14.4700,14.5533,11.9502,126900
2002-11-27,15.0000,15.4967,14.9333,15.4467,12.6838,152700
2002-11-29,15.6000,15.6000,15.0667,15.0667,12.3717,81000
2002-12-02,15.9500,16.0000,15.0833,15.2667,12.5360,816600
2002-12-03,14.8333,14.8767,14.3667,14.4533,11.8681,305100
2002-12-04,13.5000,13.8900,13.3867,13.6067,11.1729,1289400
2002-12-05,13.7500,13.7933,13.3333,13.5333,11.1127,562500
2002-12-06,13.0833,13.6300,13.0833,13.3867,10.9922,412200
2002-12-09,13.0833,13.1000,12.4700,12.5833,10.3326,367800
2002-12-10,12.7333,13.1667,12.5333,13.1500,10.7979,252600
2002-12-11,12.8333,13.3333,12.7833,13.0500,10.7158,146100
2002-12-12,13.0833,13.3167,12.8267,12.9167,10.6063,706500
2002-12-13,12.6000,12.6633,12.4667,12.5033,10.2669,273000
2002-12-16,12.5667,13.1167,12.4533,13.0833,10.7432,102900
2002-12-17,12.9167,13.2433,12.7333,12.8033,10.5132,1558200
2002-12-18,12.3333,12.3333,11.8867,11.9900,9.8454,228300
2002-12-19,12.0000,12.1933,11.6733,11.8967,9.7687,394200
2002-12-20,11.9667,12.1333,11.8367,11.9233,9.7906,520200
2002-12-23,11.9667,12.2733,11.9667,12.1500,9.9768,988200
2002-12-24,12.1333,12.1667,11.9667,11.9833,9.8399,35700
2002-12-26,12.2633,12.3867,11.9000,11.9333,9.7989,60000
2002-12-27,11.9867,12.0167,11.8000,11.8500,9.7304,179700
2002-12-30,12.0333,12.0333,11.5067,11.6000,9.5251,168600
2002-12-31,11.5000,11.6733,11.3533,11.5600,9.4923,119400
2003-01-02,11.7667,12.3467,11.5600,12.3267,10.1218,386100
2003-01-03,12.3167,12.5800,12.2033,12.5133,10.2751,114600
2003-01-06,12.7667,13.2800,12.7167,13.1500,10.7979,130800
2003-01-07,13.2667,13.5133,13.0033,13.0833,10.7432,97200
2003-01-08,12.9167,12.9333,12.5300,12.5933,10.3408,83700
2003-01-09,12.9333,13.2633,12.9333,12.9800,10.6583,348600
2003-01-10,12.8333,13.3667,12.7367,13.2700,10.8964,254700
2003-01-13,13.5767,13.5767,12.9333,13.0633,10.7267,77400
2003-01-14,13.0333,13.3567,12.9667,13.1000,10.7568,97200
2003-01-15,13.0833,13.0833,12.7000,12.8333,10.5379,70800
2003-01-16,12.8333,12.8333,12.3567,12.3833,10.1684,587700
2003-01-17,11.9167,12.0133,11.6500,11.6667,9.5799,707700
2003-01-21,11.8333,11.8633,11.5067,11.5900,9.5169,70800
2003-01-22,11.5833,11.7967,11.5067,11.5100,9.4512,121800
2003-01-23,11.8333,11.9867,11.6367,11.9267,9.7934,499200
2003-01-24,11.7000,11.7000,11.3333,11.4333,9.3883,123600
2003-01-27,11.2667,11.4100,11.1333,11.2167,9.2104,168000
2003-01-28,11.3333,11.4333,11.1333,11.3367,9.3089,126600
2003-01-29,11.1367,11.7467,11.1333,11.6333,9.5525,155100
2003-01-30,11.6500,11.6500,11.0700,11.0733,9.0927,138600
2003-01-31,10.6000,11.1133,10.5700,11.0000,9.0325,322500
2003-02-03,11.0000,11.2467,10.9967,11.0000,9.0325,3028500
2003-02-04,10.8000,10.9400,10.8000,10.8267,8.8901,49500
2003-02-05,11.0000,11.3100,10.8667,10.9000,8.9503,52800
2003-02-06,10.8667,10.9233,10.6833,10.7067,8.7916,71400
2003-02-07,10.8167,10.8167,10.5967,10.6000,8.7040,32700
2003-02-10,10.6000,10.7767,10.4733,10.7767,8.8491,50700
2003-02-11,10.8500,11.0467,10.7533,10.7800,8.8518,33300
2003-02-12,10.8433,10.9800,10.7333,10.7767,8.8491,40200
2003-02-13,10.6667,10.7267,10.5033,10.6567,8.7505,285000
2003-02-14,10.8333,11.3167,10.8333,11.3167,9.2925,75000
2003-02-18,11.4733,11.7633,11.4733,11.7433,9.6428,279900
2003-02-19,11.7667,11.7800,11.4333,11.5767,9.5060,149100
2003-02-20,11.7500,11.8567,11.6367,11.8333,9.7167,549300
2003-02-21,11.8000,11.8300,11.5067,11.7500,9.6483,374700
2003-02-24,11.6667,11.8567,11.6067,11.6167,9.5388,170400
2003-02-25,11.3500,11.6300,11.2000,11.5200,9.4594,340200
2003-02-26,11.4400,11.6633,11.2233,11.2233,9.2158,104400
2003-02-27,11.3933,11.6000,11.3033,11.5933,9.5197,925200
2003-02-28,11.6667,11.9500,11.6633,11.9500,9.8125,2178600
2003-03-03,12.1000,12.1133,11.5033,11.5067,9.4485,207900
2003-03-04,11.5000,11.5667,11.3667,11.3667,9.3335,27600
2003-03-05,11.4000,11.5933,11.3500,11.5033,9.4458,64500
2003-03-06,11.3667,11.5600,11.3667,11.4667,9.4157,27600
2003-03-07,11.1000,11.3933,11.1000,11.2833,9.2651,93300
2003-03-10,11.2000,11.2600,11.0367,11.0667,9.0872,52800
2003-03-11,11.0333,11.1633,11.0167,11.0167,9.0461,29400
2003-03-12,11.1667,11.3333,10.9700,11.3300,9.3034,84000
2003-03-13,11.6667,12.1667,11.4967,12.1500,9.9768,176700
2003-03-14,12.1667,12.3333,11.8667,11.9367,9.8016,568800
2003-03-17,11.8667,12.7600,11.8067,12.6500,10.3873,589800
2003-03-18,12.7000,12.8767,12.5167,12.8467,10.5488,499800
2003-03-19,12.6667,12.8100,12.4533,12.7333,10.4558,160200
2003-03-20,12.5667,12.9833,12.5033,12.7833,10.4968,114600
2003-03-21,13.0167,13.1467,12.8867,13.1167,10.7705,381900
2003-03-24,12.6667,12.6900,12.4067,12.4067,10.1875,2379000
2003-03-25,12.4333,12.7667,12.3833,12.6900,10.4202,312300
2003-03-26,12.6667,12.7967,12.5333,12.6267,10.3682,132000
2003-03-27,12.3500,12.5267,12.2733,12.4333,10.2094,1483800
2003-03-28,12.3000,12.4633,12.0733,12.1333,9.9631,84900
2003-03-31,11.8667,11.8800,11.6067,11.6467,9.5635,360900
2003-04-01,11.6667,11.8933,11.6667,11.7200,9.6237,30300
2003-04-02,12.3333,12.5800,12.2167,12.5000,10.2642,111300
2003-04-03,12.5667,12.7267,12.3567,12.5167,10.2778,356700
2003-04-04,12.3667,12.4100,12.0400,12.1833,10.0041,165900
2003-04-07,12.8000,12.8000,12.3333,12.3667,10.1547,126300
2003-04-08,12.1333,12.1333,11.8333,11.8533,9.7332,217500
2003-04-09,11.8533,12.0100,11.6700,11.7333,9.6346,308100
2003-04-10,11.6667,11.8633,11.5833,11.7200,9.6237,43800
2003-04-11,11.9333,11.9333,11.5700,11.5867,9.5142,22500
2003-04-14,11.7167,11.9600,11.6100,11.9600,9.8207,43200
2003-04-15,11.7167,12.1500,11.7033,11.9467,9.8098,38100
2003-04-16,12.4000,12.6467,12.3533,12.4767,10.2450,365700
2003-04-17,12.5500,13.0633,12.4767,13.0000,10.6747,357300
2003-04-21,12.9333,13.0967,12.9167,13.0600,10.7240,276600
2003-04-22,12.8333,13.4833,12.8333,13.4767,11.0661,489600
2003-04-23,13.4333,13.6233,13.3700,13.5700,11.1428,54000
2003-04-24,13.3667,13.4933,13.2567,13.3933,10.9977,125700
2003-04-25,13.0000,13.0267,12.7000,12.7700,10.4859,86100
2003-04-28,12.7700,13.1600,12.7700,13.1267,10.7787,41700
2003-04-29,13.3167,13.5000,13.2233,13.4000,11.0032,1008900
2003-04-30,13.2400,13.2933,13.0767,13.1333,10.7842,574500
2003-05-01,13.1333,13.2133,12.9167,13.1233,10.7760,116700
2003-05-02,13.2933,13.6300,13.2933,13.5400,11.1181,84600
2003-05-05,13.7667,14.1167,13.6367,13.7933,11.3262,186600
2003-05-06,13.7667,14.1500,13.7667,13.9233,11.4329,53400
2003-05-07,13.7667,14.0033,13.6033,13.7000,11.2495,535200
2003-05-08,13.4333,13.5633,13.3700,13.3767,10.9840,84300
2003-05-09,13.6933,14.0000,13.6667,14.0000,11.4959,83100
2003-05-12,13.9667,14.2967,13.8867,14.2900,11.7340,260700
2003-05-13,14.0833,14.1933,14.0000,14.0533,11.5397,804300
2003-05-14,14.2167,14.2200,13.7733,14.0500,11.5369,769800
2003-05-15,14.3000,14.3633,14.1000,14.2067,11.6656,90300
2003-05-16,14.1333,14.1500,13.9200,14.0233,11.5150,79800
2003-05-19,13.7667,13.8333,13.3833,13.3867,10.9922,129300
2003-05-20,13.5167,13.5600,13.2433,13.4000,11.0032,154200
2003-05-21,13.3333,13.4767,13.2167,13.4567,11.0497,72900
2003-05-22,13.4000,13.7467,13.3700,13.6067,11.1729,65700
2003-05-23,13.5833,13.7967,13.5833,13.7000,11.2495,30900
2003-05-27,13.6333,14.4933,13.6333,14.4167,11.8380,137100
2003-05-28,14.5000,14.7500,14.4233,14.4733,11.8845,85200
2003-05-29,14.6500,15.0933,14.6500,14.9200,12.2513,69600
2003-05-30,15.1000,15.2167,15.0833,15.1333,12.4265,545100
2003-06-02,15.4000,15.4000,14.7900,14.8267,12.1747,854400
2003-06-03,14.7000,15.0633,14.7000,15.0233,12.3361,381000
2003-06-04,15.1000,15.6100,15.1000,15.5767,12.7905,75000
2003-06-05,15.1667,15.7967,15.1433,15.7500,12.9328,285600
2003-06-06,16.4167,16.4467,15.4033,15.4867,12.7166,269100
2003-06-09,15.1667,15.2667,14.8967,15.0667,12.3717,341400
2003-06-10,15.0667,15.2633,14.8333,15.2000,12.4812,51000
2003-06-11,14.7333,15.2000,14.6200,15.2000,12.4812,104700
2003-06-12,15.2333,15.2333,14.8367,15.0000,12.3170,164400
2003-06-13,14.8333,14.8333,14.3833,14.5167,11.9201,202200
2003-06-16,14.5333,14.9000,14.4200,14.7700,12.1281,132300
2003-06-17,14.8800,14.9167,14.6167,14.8600,12.2020,244800
2003-06-18,14.8000,15.2467,14.6633,15.1767,12.4621,67800
2003-06-19,15.4000,15.4000,14.9700,15.0333,12.3444,96900
2003-06-20,15.0333,15.0333,14.7733,14.8167,12.1664,47400
2003-06-23,14.7400,14.8933,14.3700,14.4200,11.8407,145800
2003-06-24,14.2500,14.5000,14.1000,14.3000,11.7422,585600
2003-06-25,14.5000,14.7067,14.2700,14.3833,11.8106,199800
2003-06-26,14.4333,14.7633,14.4233,14.7267,12.0925,59400
2003-06-27,14.8500,14.8800,14.5067,14.6300,12.0132,213300
2003-06-30,14.7833,14.8833,14.5333,14.5333,11.9338,355800
2003-07-01,14.4833,14.8033,14.2500,14.8033,12.1555,552300
2003-07-02,14.9500,15.2967,14.9433,15.2967,12.5606,222300
2003-07-03,15.0667,15.3333,15.0667,15.1300,12.4237,31200
2003-07-07,15.5333,16.0500,15.4667,16.0433,13.1737,198900
2003-07-08,16.0333,16.2800,15.8267,16.2333,13.3297,252900
2003-07-09,16.2167,16.6167,16.0600,16.3967,13.4638,245400
2003-07-10,16.1000,16.1500,15.7633,15.8500,13.0150,198300
2003-07-11,15.8667,16.0500,15.8667,16.0000,13.1381,102300
2003-07-14,16.4667,16.6167,16.3333,16.4167,13.4803,404100
2003-07-15,16.6000,16.7333,16.3433,16.4433,13.5022,267900
2003-07-16,16.6667,16.6667,16.1333,16.4167,13.4803,396000
2003-07-17,15.9267,15.9667,15.5400,15.7067,12.8973,273300
2003-07-18,15.7400,15.8933,15.3500,15.7500,12.9328,177900
2003-07-21,15.6833,15.6833,15.3067,15.4633,12.6974,411600
2003-07-22,15.7333,16.0133,15.7067,15.9767,13.1190,163500
2003-07-23,15.9667,16.2800,15.8433,16.2800,13.3680,147000
2003-07-24,16.3167,16.3833,15.8367,15.8367,13.0040,327300
2003-07-25,15.8667,16.1600,15.5333,16.1600,13.2695,170100
2003-07-28,16.0833,16.3933,16.0700,16.3533,13.4283,101400
2003-07-29,16.2833,16.2833,15.8733,15.9667,13.1108,282600
2003-07-30,16.0167,16.0167,15.8300,15.8667,13.0286,141900
2003-07-31,16.2500,16.4700,16.1000,16.1000,13.2202,447300
2003-08-01,16.1667,16.3000,16.0033,16.3000,13.3845,327900
2003-08-04,16.2667,16.4333,16.0167,16.3600,13.4337,56700
2003-08-05,16.3500,16.3500,15.8333,15.8333,13.0013,194100
2003-08-06,15.7833,15.9633,15.5833,15.7000,12.8918,162600
2003-08-07,15.6667,15.7067,15.4700,15.5667,12.7823,231900
2003-08-08,15.5833,15.6667,14.9533,15.1633,12.4511,467400
2003-08-11,15.2300,15.5067,15.2300,15.4400,12.6783,245100
2003-08-12,15.4333,15.7333,15.4333,15.7333,12.9192,45300
2003-08-13,15.8067,16.2000,15.7367,16.0233,13.1573,153300
2003-08-14,16.0667,16.2200,15.9633,16.2067,13.3078,42300
2003-08-15,16.1600,16.2500,16.1600,16.2500,13.3434,4800
2003-08-18,16.2600,17.0000,16.2600,17.0000,13.9593,331500
2003-08-19,17.0500,17.3333,16.9967,17.3333,14.2330,1208700
2003-08-20,17.0667,17.4600,17.0200,17.1667,14.0961,397500
2003-08-21,17.5000,17.8467,17.4167,17.7333,14.5614,1836600
2003-08-22,18.6000,18.7167,18.0033,18.0667,14.8351,3881700
2003-08-25,18.0000,18.0300,17.7300,17.8467,14.6545,3254700
2003-08-26,17.6333,17.9167,17.4200,17.9167,14.7120,129000
2003-08-27,17.9667,18.4600,17.9633,18.4600,15.1581,157200
2003-08-28,18.5667,18.6533,18.2067,18.6200,15.2895,1809300
2003-08-29,18.5833,18.7967,18.5167,18.7333,15.3826,1696800
2003-09-02,18.8000,18.8033,18.4167,18.7667,15.4099,278700
2003-09-03,18.7667,18.8133,18.2667,18.4000,15.1088,695100
2003-09-04,18.3667,18.8133,18.3067,18.6700,15.3306,276000
2003-09-05,18.7000,19.3267,18.6333,18.9167,15.5331,480300
2003-09-08,19.2333,19.6133,19.2033,19.5567,16.0586,801000
2003-09-09,19.5167,19.5667,19.2400,19.3333,15.8752,522300
2003-09-10,18.7333,18.8167,18.1833,18.2167,14.9583,3028500
2003-09-11,18.4333,18.7067,17.9167,18.4733,15.1691,836400
2003-09-12,18.3333,18.8100,18.1700,18.5700,15.2484,574200
2003-09-15,18.7333,18.7433,18.2667,18.2767,15.0086,98100
2003-09-16,18.5167,18.9900,18.4333,18.9833,15.5890,1340400
2003-09-17,18.9667,19.0867,18.7767,18.8667,15.4931,156600
2003-09-18,18.6233,19.0333,18.5000,18.9867,15.5917,205800
2003-09-19,18.9333,19.0800,18.7367,18.9133,15.5315,62100
2003-09-22,18.6333,18.6667,18.3900,18.4733,15.1701,217800
2003-09-23,18.5500,18.7667,18.4167,18.7467,15.3946,107700
2003-09-24,18.8267,18.8267,17.9133,17.9133,14.7103,202500
2003-09-25,18.0833,18.5000,17.8667,17.9167,14.7130,94500
2003-09-26,17.7000,17.9100,17.4833,17.5867,14.4420,888600
2003-09-29,17.8333,17.9833,17.5167,17.8833,14.6856,917400
2003-09-30,17.8167,17.8167,17.3533,17.4667,14.3435,423600
2003-10-01,17.6000,17.7667,17.4667,17.7267,14.5570,337800
2003-10-02,17.7667,18.1000,17.7667,17.9600,14.7486,345900
2003-10-03,18.5667,18.9000,18.4667,18.7000,15.3563,613200
2003-10-06,18.7667,18.8833,18.6700,18.8400,15.4712,214500
2003-10-07,18.7767,19.2500,18.6333,19.2333,15.7943,157500
2003-10-08,19.3000,19.3333,19.0000,19.1267,15.7067,344400
2003-10-09,19.4167,19.6600,19.1367,19.2600,15.8162,2020500
2003-10-10,19.5000,19.5667,19.3367,19.5000,16.0132,178500
2003-10-13,19.7000,19.8733,19.4533,19.6333,16.1227,253200
2003-10-14,19.4000,19.8000,19.3533,19.8000,16.2596,73500
2003-10-15,20.3167,20.3300,19.7933,19.8400,16.2924,2100600
2003-10-16,19.8333,20.0300,19.7200,20.0233,16.4430,101700
2003-10-17,20.0500,20.0833,19.4167,19.5100,16.0214,196500
2003-10-20,19.5100,19.7267,19.3667,19.7267,16.1994,187500
2003-10-21,20.0000,20.2933,19.9667,20.2500,16.6291,241200
2003-10-22,19.9500,19.9500,19.6500,19.7767,16.2404,112200
2003-10-23,19.0333,19.3833,19.0000,19.3333,15.8764,941400
2003-10-24,19.2500,19.3667,18.9200,19.3067,15.8545,1503000
2003-10-27,19.6667,19.6667,19.3833,19.4900,16.0050,470100
2003-10-28,19.9167,20.6033,19.8600,20.6033,16.9193,543000
2003-10-29,20.6000,20.9400,20.4700,20.8333,17.1082,353100
2003-10-30,21.1167,21.1933,20.8500,21.0000,17.2450,325800
2003-10-31,21.0000,21.0000,20.6367,20.7667,17.0534,141900
2003-11-03,21.0333,21.5333,21.0133,21.4667,17.6282,183300
2003-11-04,21.4000,21.7133,21.3333,21.5600,17.7049,267900
2003-11-05,21.5000,21.7033,21.1733,21.6967,17.8171,202200
2003-11-06,21.8667,22.0200,21.5233,21.9233,18.0033,990600
2003-11-07,22.1667,22.2333,21.9600,21.9667,18.0389,443700
2003-11-10,21.9500,21.9733,21.2100,21.3267,17.5133,133200
2003-11-11,21.2667,21.3467,21.0367,21.2600,17.4585,648900
2003-11-12,21.5833,22.0400,21.5667,22.0400,18.0991,571800
2003-11-13,21.8667,22.0633,21.4667,21.7500,17.8609,285600
2003-11-14,21.6733,21.8167,21.0067,21.1433,17.3627,168900
2003-11-17,20.7667,20.9500,20.4833,20.8300,17.1054,2065200
2003-11-18,21.1500,21.2333,20.5000,20.5167,16.8481,324300
2003-11-19,20.5833,20.9333,20.4500,20.8867,17.1520,663000
2003-11-20,20.6667,21.0367,20.4700,20.4833,16.8207,116700
2003-11-21,20.7000,20.8667,20.5000,20.7267,17.0206,269400
2003-11-24,21.0000,21.5000,21.0000,21.4000,17.5735,304800
2003-11-25,21.5333,21.7367,21.4667,21.5233,17.6748,198900
2003-11-26,21.8167,21.8333,21.3333,21.6300,17.7624,137400
2003-11-28,21.6500,21.8933,21.6400,21.8633,17.9540,66900
2003-12-01,22.1667,22.2367,21.8033,22.0767,18.1292,353700
2003-12-02,22.0000,22.1500,21.9000,21.9067,17.9896,557100
2003-12-03,22.1167,22.1633,21.5000,21.5333,17.6830,240000
2003-12-04,21.5833,21.7167,20.8700,21.2867,17.4804,378900
2003-12-05,20.7667,21.0933,20.5567,20.6700,16.9740,1639800
2003-12-08,20.7333,20.8133,20.3500,20.6200,16.9330,179100
2003-12-09,20.6667,20.8633,19.6167,19.7667,16.2322,1197600
2003-12-10,19.8000,20.0367,19.5833,19.8867,16.3308,1527900
2003-12-11,19.9400,20.6300,19.9033,20.5667,16.8892,473400
2003-12-12,20.7000,20.7600,20.3400,20.5800,16.9001,414600
2003-12-15,21.0000,21.0000,19.9433,19.9433,16.3773,243000
2003-12-16,20.0167,20.0167,19.4200,19.8700,16.3171,403800
2003-12-17,19.7933,19.9300,19.5400,19.6733,16.1556,112500
2003-12-18,19.8667,20.4333,19.8533,20.3333,16.6976,222600
2003-12-19,20.3333,20.4633,20.1000,20.2067,16.5935,165900
2003-12-22,20.1500,20.3800,20.0633,20.1900,16.5799,102600
2003-12-23,20.2500,20.6300,20.2500,20.5400,16.8673,127500
2003-12-24,20.6000,20.7167,20.5000,20.5400,16.8673,43200
2003-12-26,20.6000,20.7067,20.6000,20.6500,16.9576,49800
2003-12-29,20.7167,21.0333,20.7167,20.9733,17.2231,110700
2003-12-30,21.0333,21.1833,20.8733,21.0100,17.2532,180900
2003-12-31,21.0833,21.1833,20.7833,20.9167,17.1766,418800
2004-01-02,21.1167,21.2467,20.9200,21.0000,17.2450,222000
2004-01-05,21.3833,21.7633,21.3000,21.6833,17.8062,309900
2004-01-06,21.7500,22.0000,21.5733,21.9167,17.9978,510300
2004-01-07,21.9833,22.1333,21.7533,22.1133,18.1593,354900
2004-01-08,22.6167,22.8400,22.2500,22.7733,18.7013,625800
2004-01-09,22.6667,23.0967,22.4700,22.7833,18.7095,275700
2004-01-12,22.9167,23.3500,22.7000,23.3500,19.1748,255900
2004-01-13,23.4000,23.4033,22.5833,22.8100,18.7314,735000
2004-01-14,22.8833,22.9000,22.5200,22.7067,18.6465,290100
2004-01-15,22.6833,23.1433,22.4767,22.9667,18.8600,558900
2004-01-16,23.2333,23.4167,22.9700,23.3867,19.2049,93900
2004-01-20,23.5167,23.5567,23.1533,23.3900,19.2077,974400
2004-01-21,23.0000,23.0000,22.5533,22.7967,18.7204,311700
2004-01-22,23.1667,23.1667,22.3767,22.4533,18.4385,302400
2004-01-23,22.4167,22.5133,21.9667,22.1000,18.1483,614700
2004-01-26,22.1667,22.6367,22.1333,22.6267,18.5808,113100
2004-01-27,22.4167,22.5100,21.9467,21.9467,18.0224,291900
2004-01-28,22.3333,22.4000,21.6833,21.7700,17.8773,464400
2004-01-29,22.0000,22.0000,21.1667,21.5200,17.6720,950400
2004-01-30,21.5833,21.7667,21.5000,21.6667,17.7925,132300
2004-02-02,21.9000,21.9133,21.2767,21.3333,17.5187,243900
2004-02-03,21.2500,21.5433,21.2500,21.4200,17.5899,153000
2004-02-04,21.0833,21.1367,20.7633,20.7733,17.0589,569400
2004-02-05,21.1333,21.1533,20.8667,21.0500,17.2861,319500
2004-02-06,21.4167,21.9200,21.2600,21.8333,17.9293,1054800
2004-02-09,22.0667,22.0667,21.7400,21.7667,17.8746,387300
2004-02-10,21.7833,21.9467,21.6933,21.8167,17.9157,161400
2004-02-11,21.9833,22.3300,21.9633,22.2867,18.3016,254400
2004-02-12,22.1333,22.3967,21.9167,21.9167,17.9978,142800
2004-02-13,22.1667,22.1667,21.4267,21.6667,17.7925,257700
2004-02-17,21.9333,22.0200,21.7400,21.9500,18.0252,97500
2004-02-18,22.2000,22.3033,22.0000,22.1000,18.1483,140700
2004-02-19,22.6667,22.6667,21.8267,21.8333,17.9293,551400
2004-02-20,21.8167,21.8167,21.3567,21.6467,17.7761,270300
2004-02-23,21.6667,21.6967,20.7900,20.9833,17.2313,486300
2004-02-24,20.8333,21.2200,20.7500,21.0067,17.2505,312900
2004-02-25,21.2000,21.4933,21.2000,21.4167,17.5872,92700
2004-02-26,21.4167,21.7867,21.2500,21.6433,17.7733,112800
2004-02-27,21.7167,21.7633,21.2667,21.4767,17.6365,70500
2004-03-01,21.3500,21.9000,21.3333,21.8500,17.9430,165600
2004-03-02,22.0667,22.1533,21.7000,21.7000,17.8199,285000
2004-03-03,21.6333,21.6400,21.3033,21.4400,17.6063,127200
2004-03-04,21.5000,21.7000,21.4467,21.7000,17.8199,840900
2004-03-05,21.3000,21.8267,21.3000,21.5867,17.7268,542700
2004-03-08,21.6000,21.6867,20.7333,20.7333,17.0260,243300
2004-03-09,20.7333,20.7433,20.3633,20.6333,16.9439,1046700
2004-03-10,20.6333,20.7867,20.0733,20.2200,16.6045,260100
2004-03-11,20.0667,20.5500,19.9500,19.9667,16.3965,736200
2004-03-12,20.3333,20.5267,20.2400,20.5200,16.8509,599100
2004-03-15,20.3333,20.3333,19.8333,19.8767,16.3226,198900
2004-03-16,20.1167,20.2167,19.7433,20.1000,16.5060,471000
2004-03-17,20.3000,20.5600,20.3000,20.5467,16.8728,80400
2004-03-18,20.4167,20.4900,20.0833,20.2433,16.6237,81000
2004-03-19,20.0333,20.1700,19.5333,19.5933,16.0899,150000
2004-03-22,19.2667,19.4700,19.0433,19.3033,15.8517,399300
2004-03-23,19.5333,19.6000,19.1533,19.3333,15.8764,97800
2004-03-24,19.4100,19.8667,19.3833,19.6667,16.1501,183300
2004-03-25,20.0333,20.4733,19.9000,20.4067,16.7578,321900
2004-03-26,20.3333,20.5000,20.2533,20.2633,16.6401,342900
2004-03-29,20.6667,20.7867,20.5000,20.6500,16.9576,311400
2004-03-30,20.4667,20.6267,20.2700,20.6000,16.9165,199500
2004-03-31,20.5833,20.7600,20.3767,20.5533,16.8782,237600
2004-04-01,20.8333,21.1133,20.7200,20.9667,17.2177,361800
2004-04-02,21.6667,21.6967,21.3300,21.6667,17.7925,522000
2004-04-05,21.7167,21.8333,21.5400,21.8333,17.9293,216600
2004-04-06,21.4167,21.4667,21.1833,21.3667,17.5461,726900
2004-04-07,21.3333,21.4667,21.0033,21.3400,17.5242,88200
2004-04-08,21.6333,21.6367,21.2333,21.4367,17.6036,174000
2004-04-12,21.5333,21.5467,21.3233,21.4733,17.6337,245400
2004-04-13,21.6333,21.6333,21.0533,21.1767,17.3901,156900
2004-04-14,20.9667,21.2633,20.8267,20.9667,17.2177,213300
2004-04-15,20.9233,20.9333,20.1733,20.4133,16.7633,146400
2004-04-16,19.9100,20.1300,19.6700,19.9567,16.3883,338100
2004-04-19,20.0433,20.2500,19.8900,20.2000,16.5881,111900
2004-04-20,20.2600,20.3200,19.5067,19.5733,16.0735,109200
2004-04-21,19.9900,20.2333,19.8200,20.1000,16.5060,114600
2004-04-22,19.7767,20.4333,19.7267,20.3600,16.7195,109800
2004-04-23,20.4133,20.6733,20.4133,20.6100,16.9248,82200
2004-04-26,20.5333,20.6133,20.0533,20.1500,16.5470,192900
2004-04-27,20.0833,20.2700,19.7833,19.8367,16.2897,59100
2004-04-28,19.6000,19.8633,19.3733,19.4200,15.9475,152100
2004-04-29,19.4333,19.4333,18.5600,18.7500,15.3973,431400
2004-04-30,18.8667,19.0000,18.3867,18.4333,15.1373,112800
2004-05-03,18.5100,18.9133,18.1167,18.3833,15.0962,204600
2004-05-04,18.6667,19.0667,18.5367,18.7500,15.3973,232200
2004-05-05,18.8800,19.1533,18.7500,19.0500,15.6437,92100
2004-05-06,18.7167,18.9900,18.6300,18.9500,15.5616,260400
2004-05-07,19.0900,19.4200,19.0333,19.1100,15.6930,177600
2004-05-10,18.8133,19.2533,18.8133,19.0500,15.6437,457500
2004-05-11,19.3833,19.5733,19.2967,19.3667,15.9037,267000
2004-05-12,19.3667,19.3667,18.6800,19.3000,15.8490,317700
2004-05-13,19.2000,19.3767,19.0800,19.2133,15.7778,234900
2004-05-14,19.2533,19.2533,18.8033,18.8467,15.4767,162900
2004-05-17,18.3367,18.7533,18.3367,18.5033,15.1948,145500
2004-05-18,18.8933,19.0567,18.8300,18.9167,15.5342,129300
2004-05-19,19.3667,19.6400,19.1367,19.1667,15.7395,266100
2004-05-20,19.3133,19.3133,18.9333,19.0567,15.6492,20100
2004-05-21,19.2833,19.2833,19.0000,19.1333,15.7121,77400
2004-05-24,19.4333,19.4500,19.2233,19.3400,15.8818,66600
2004-05-25,19.2467,19.8833,19.0700,19.8067,16.2651,152400
2004-05-26,19.8500,20.0000,19.7067,19.8800,16.3253,118200
2004-05-27,20.1800,20.2967,20.0233,20.2000,16.5881,182100
2004-05-28,20.2567,20.3933,20.1500,20.3400,16.7030,366900
2004-06-01,20.2533,20.3867,20.0200,20.1667,16.5607,283800
2004-06-02,20.0867,20.0867,19.7467,19.8900,16.3335,342000
2004-06-03,19.6667,19.6667,19.2967,19.3333,15.8764,391800
2004-06-04,19.7333,19.9000,19.6267,19.6767,16.1583,203400
2004-06-07,19.9533,20.4100,19.9433,20.3667,16.7249,308700
2004-06-08,20.1933,20.3667,20.1200,20.3667,16.7249,181800
2004-06-09,20.1767,20.2133,19.6967,19.6967,16.1747,132300
2004-06-10,19.9467,19.9633,19.6367,19.7467,16.2158,96000
2004-06-14,19.5500,19.5600,19.1967,19.2533,15.8107,120300
2004-06-15,19.5900,19.6167,19.3500,19.4167,15.9448,81600
2004-06-16,19.4000,19.4067,19.2167,19.3433,15.8846,165900
2004-06-17,19.0167,19.0367,18.6900,18.7267,15.3782,313500
2004-06-18,18.5333,18.9167,18.5333,18.6467,15.3125,158100
2004-06-21,18.8000,18.9133,18.4733,18.4833,15.1784,66600
2004-06-22,18.6000,19.0867,18.5833,19.0467,15.6410,307500
2004-06-23,19.2000,19.5300,19.1033,19.4833,15.9996,545100
2004-06-24,19.4833,19.6333,19.2667,19.3300,15.8736,357300
2004-06-25,19.3900,19.5333,19.3633,19.4467,15.9694,149700
2004-06-28,19.6733,19.6733,19.1667,19.2200,15.7833,81000
2004-06-29,19.2800,19.5900,19.2800,19.5900,16.0871,806700
2004-06-30,19.6733,19.8667,19.5400,19.7500,16.2185,539100
2004-07-01,19.5000,19.5000,18.9200,19.0200,15.6191,575400
2004-07-02,18.8667,18.8667,18.6333,18.6633,15.3262,250800
2004-07-06,18.3333,18.3500,17.7900,17.8833,14.6856,386400
2004-07-07,18.0567,18.2600,18.0567,18.1333,14.8909,254100
2004-07-08,18.0533,18.2467,17.9533,17.9533,14.7431,230400
2004-07-09,18.2167,18.3833,18.1500,18.2200,14.9621,130500
2004-07-12,17.7500,17.8833,17.6000,17.7867,14.6063,617400
2004-07-13,17.9367,18.0000,17.7100,17.8167,14.6309,445500
2004-07-14,17.0833,17.3933,16.9667,17.0833,14.0287,320700
2004-07-15,17.1000,17.3033,16.9567,17.0900,14.0342,280500
2004-07-16,17.2000,17.2000,16.6367,16.6933,13.7084,468000
2004-07-19,16.7500,16.8900,16.5500,16.8033,13.7988,456300
2004-07-20,16.7667,17.2167,16.7667,17.2167,14.1382,264000
2004-07-21,17.4667,17.4867,16.4567,16.4567,13.5141,1143600
2004-07-22,16.5967,17.0500,16.4333,16.9167,13.8918,726000
2004-07-23,16.7167,16.7667,16.3667,16.3700,13.4429,390600
2004-07-26,16.4333,16.4933,16.0800,16.2233,13.3225,573300
2004-07-27,16.3200,16.4100,15.9333,16.3100,13.3936,336900
2004-07-28,16.1633,16.3267,15.8400,16.2333,13.3307,388800
2004-07-29,16.4667,16.8067,16.3967,16.7000,13.7139,390600
2004-07-30,16.7000,17.0167,16.6167,16.8967,13.8754,750600
2004-08-02,16.6767,17.0000,16.6767,16.9067,13.8836,258300
2004-08-03,16.8567,16.8633,16.3167,16.3167,13.3991,266700
2004-08-04,16.2333,16.6033,16.1367,16.4733,13.5278,348000
2004-08-05,16.5533,16.6667,16.2333,16.2333,13.3307,280200
2004-08-06,16.2533,16.2533,15.5233,15.6533,12.8544,868800
2004-08-09,15.6833,15.7533,15.5467,15.6500,12.8516,311400
2004-08-10,15.8167,15.8833,15.6833,15.8733,13.0351,138600
2004-08-11,15.0033,15.1900,14.8667,15.1367,12.4301,650700
2004-08-12,14.9700,15.0667,14.6667,14.7467,12.1098,719700
2004-08-13,14.8133,14.8133,14.5667,14.8000,12.1536,365700
2004-08-16,14.9733,15.0867,14.9200,14.9967,12.3151,261600
2004-08-17,15.3267,15.4233,15.2400,15.2467,12.5204,240000
2004-08-18,15.1167,15.8333,15.1167,15.8333,13.0022,402600
2004-08-19,15.7667,15.8767,15.5500,15.6967,12.8900,115200
2004-08-20,15.6167,15.9067,15.5667,15.8033,12.9776,118200
2004-08-23,15.8867,16.1300,15.8800,15.9633,13.1090,418200
2004-08-24,15.9667,16.0167,15.5100,15.6167,12.8243,401100
2004-08-25,15.5000,15.8567,15.3967,15.7800,12.9584,289500
2004-08-26,15.7767,15.7767,15.5667,15.6300,12.8352,322200
2004-08-27,15.7133,15.8467,15.6600,15.7500,12.9338,115200
2004-08-30,15.6333,15.6767,15.3600,15.4100,12.6546,305100
2004-08-31,15.3333,15.3500,14.9667,15.2467,12.5204,275700
2004-09-01,15.2900,15.6233,15.2900,15.4433,12.6819,93300
2004-09-02,15.3600,15.5800,15.2967,15.5467,12.7668,43200
2004-09-03,15.1067,15.1667,14.8000,14.8167,12.1673,430800
2004-09-07,14.9833,15.0333,14.6233,14.6867,12.0606,171600
2004-09-08,14.6667,14.8367,14.5767,14.6200,12.0058,146100
2004-09-09,14.9967,15.5600,14.8667,15.4333,12.6737,407100
2004-09-10,15.4600,16.0700,15.4433,16.0100,13.1473,949200
2004-09-13,16.3000,16.5967,16.1033,16.3300,13.4101,3798000
2004-09-14,16.3000,16.4000,16.1433,16.3733,13.4456,795300
2004-09-15,16.1267,16.1267,15.8033,15.8900,13.0487,451500
2004-09-16,16.0433,16.1000,15.8600,15.9067,13.0624,524700
2004-09-17,16.0700,16.1967,15.9133,16.1767,13.2841,431400
2004-09-20,16.0833,16.8133,16.0467,16.6467,13.6701,837600
2004-09-21,16.7833,16.9200,16.6867,16.8367,13.8261,1195500
2004-09-22,16.6600,16.6733,16.3333,16.3533,13.4292,482100
2004-09-23,16.4000,16.5500,16.2233,16.4167,13.4812,168000
2004-09-24,16.5000,16.5433,15.9267,16.0167,13.1528,448800
2004-09-27,15.7200,16.0133,15.6667,15.7867,12.9639,1411800
2004-09-28,15.7700,15.8033,15.4833,15.6100,12.8188,587100
2004-09-29,15.6400,15.9700,15.6400,15.8400,13.0077,856500
2004-09-30,15.9067,16.1633,15.8967,16.0067,13.1445,1130400
2004-10-01,16.3167,16.7533,16.2767,16.7533,13.7577,610200
2004-10-04,17.0000,17.2167,16.9000,16.9367,13.9083,673200
2004-10-05,16.9167,17.0400,16.6867,16.8800,13.8617,389100
2004-10-06,16.8667,16.9567,16.6533,16.9567,13.9247,255000
2004-10-07,16.9667,17.1133,16.8133,16.8333,13.8234,365100
2004-10-08,16.6333,16.6967,16.1733,16.2833,13.3717,404400
2004-10-11,16.2267,16.3300,16.0333,16.3133,13.3964,211200
2004-10-12,15.9933,16.1333,15.8500,16.0767,13.2020,617400
2004-10-13,16.4800,16.6500,16.2500,16.3267,13.4073,423000
2004-10-14,16.2000,16.3000,15.8167,15.8500,13.0159,281700
2004-10-15,15.9833,16.0433,15.7800,15.8800,13.0405,207000
2004-10-18,15.8333,15.9900,15.6400,15.9900,13.1309,326100
2004-10-19,16.3867,16.5200,16.1667,16.1667,13.2759,453900
2004-10-20,16.0400,16.4333,15.9300,16.3033,13.3882,273900
2004-10-21,16.3800,16.9067,16.3800,16.8200,13.8124,258900
2004-10-22,16.8833,16.8833,16.2333,16.2500,13.3444,345600
2004-10-25,16.3167,16.5300,16.2133,16.3833,13.4539,401400
2004-10-26,16.4433,16.4433,16.1567,16.2667,13.3581,183300
2004-10-27,16.4167,16.9067,16.3200,16.8733,13.8562,416100
2004-10-28,16.9000,17.1500,16.8500,16.9833,13.9466,994500
2004-10-29,16.9900,17.0700,16.8000,16.9567,13.9247,186600
2004-11-01,16.9133,17.0500,16.8667,17.0200,13.9767,465600
2004-11-02,16.9500,17.1667,16.8067,16.9467,13.9165,1016400
2004-11-03,17.5033,17.5033,16.7700,16.8200,13.8124,710700
2004-11-04,16.6567,16.9967,16.6067,16.9267,13.9000,396300
2004-11-05,17.2333,17.3933,17.0833,17.1967,14.1218,687900
2004-11-08,17.1967,17.3433,17.1233,17.2033,14.1272,178500
2004-11-09,17.2167,17.2267,17.0233,17.0767,14.0232,157500
2004-11-10,17.0667,17.0667,16.7800,16.8233,13.8152,405900
2004-11-11,16.9500,17.2000,16.9200,17.1667,14.0971,223200
2004-11-12,17.3000,17.5100,17.1000,17.4767,14.3517,447300
2004-11-15,17.4400,17.8433,17.3733,17.7500,14.5762,364500
2004-11-16,17.5933,17.8067,17.5100,17.6367,14.4831,297300
2004-11-17,17.9933,18.3567,17.9233,18.1067,14.8690,676200
2004-11-18,17.9967,18.3633,17.8900,18.3433,15.0634,585000
2004-11-19,18.2933,18.2933,17.7933,17.7967,14.6145,687300
2004-11-22,17.6800,17.8633,17.6100,17.8600,14.6665,259200
2004-11-23,17.8933,17.9867,17.6233,17.7333,14.5625,188700
2004-11-24,17.8967,17.9400,17.7833,17.8800,14.6829,180900
2004-11-26,17.9367,17.9367,17.7733,17.7767,14.5981,50100
2004-11-29,17.9933,18.0733,17.6600,17.7367,14.5652,360600
2004-11-30,17.8000,17.8000,17.5000,17.5000,14.3709,324900
2004-12-01,17.6167,18.2333,17.6167,18.2333,14.9731,238500
2004-12-02,18.0833,18.4467,18.0300,18.0800,14.8471,648900
2004-12-03,18.6367,18.7500,18.4200,18.4333,15.1373,417000
2004-12-06,18.4500,18.6433,18.2833,18.5500,15.2331,219000
2004-12-07,18.5767,18.7733,18.1800,18.1833,14.9320,383100
2004-12-08,18.0833,18.0833,17.8133,17.8733,14.6774,575400
2004-12-09,17.4167,17.7867,17.2067,17.6533,14.4968,1047300
2004-12-10,17.7967,17.7967,17.4600,17.4600,14.3380,206400
2004-12-13,17.7067,17.7067,17.5400,17.6167,14.4667,138300
2004-12-14,17.7767,17.9933,17.7767,17.9067,14.7048,711000
2004-12-15,17.9400,18.1233,17.8967,17.9833,14.7678,341700
2004-12-16,17.9833,18.1200,17.6367,17.7400,14.5679,849300
2004-12-17,17.7467,17.7600,17.5267,17.5733,14.4311,747600
2004-12-20,17.6000,17.7400,17.3600,17.3733,14.2668,572700
2004-12-21,17.4500,17.6500,17.3933,17.6133,14.4639,1310100
2004-12-22,17.6833,17.7667,17.6033,17.7000,14.5351,409200
2004-12-23,17.7000,17.7867,17.6600,17.7400,14.5679,279300
2004-12-27,17.7700,17.8667,17.5633,17.6400,14.4858,125100
2004-12-28,17.5867,17.7333,17.5500,17.6700,14.5105,212700
2004-12-29,17.7067,17.9233,17.6500,17.8367,14.6473,174900
2004-12-30,17.8433,17.9633,17.8433,17.9100,14.7075,328500
2004-12-31,17.9067,18.0133,17.8667,17.9333,14.7267,359400
2005-01-03,18.1267,18.1333,17.5867,17.6333,14.4804,674700
2005-01-04,17.6333,17.6833,16.8600,17.1000,14.0424,1019700
2005-01-05,16.9433,17.1300,16.7533,16.8300,13.8207,1136100
2005-01-06,16.8667,17.0033,16.7100,16.7500,13.7550,1602000
2005-01-07,16.8567,17.0333,16.6600,16.8333,13.8234,585300
2005-01-10,16.8567,17.0267,16.7933,16.8333,13.8234,247500
2005-01-11,16.5567,16.6367,16.3600,16.4467,13.5059,678900
2005-01-12,16.6533,16.7767,16.4167,16.6733,13.6920,341100
2005-01-13,16.6100,16.7367,16.4833,16.5133,13.5606,2932500
2005-01-14,16.6500,16.8300,16.6200,16.7000,13.7139,198300
2005-01-18,16.6667,16.8533,16.6000,16.8367,13.8261,106200
2005-01-19,16.8167,16.8167,16.3600,16.3867,13.4566,588900
2005-01-20,16.2667,16.4833,16.2200,16.2333,13.3307,741000
2005-01-21,16.3967,16.3967,16.0667,16.0667,13.1938,882600
2005-01-24,16.1200,16.1200,15.7100,15.7100,12.9009,3387300
2005-01-25,15.9333,16.0667,15.9333,15.9733,13.1172,463800
2005-01-26,16.2367,16.4433,15.9000,16.3933,13.4621,871500
2005-01-27,16.4067,16.5867,16.3300,16.5733,13.6099,296400
2005-01-28,16.6333,16.6667,16.3133,16.4100,13.4758,193800
2005-01-31,16.6667,16.7100,16.5533,16.6133,13.6427,404100
2005-02-01,16.6267,16.8600,16.6267,16.8167,13.8097,306000
2005-02-02,16.8833,16.9167,16.7533,16.8167,13.8097,80100
2005-02-03,16.6700,16.6933,16.4733,16.5800,13.6154,155400
2005-02-04,16.8067,17.2967,16.7700,17.2800,14.1902,223200
2005-02-07,17.2467,17.4400,17.2000,17.2333,14.1519,166800
2005-02-08,17.2067,17.6867,17.2067,17.5800,14.4366,735600
2005-02-09,17.5833,17.5833,17.1400,17.1533,14.0862,266400
2005-02-10,17.4667,17.4667,17.1300,17.2600,14.1738,163800
2005-02-11,17.2667,17.9267,17.2000,17.8067,14.6227,981900
2005-02-14,17.8433,17.9133,17.7500,17.8600,14.6665,195000
2005-02-15,17.9433,18.1867,17.8067,17.9600,14.7486,686400
2005-02-16,17.8233,17.9533,17.7000,17.8267,14.6391,499800
2005-02-17,17.7900,17.9367,17.5333,17.5600,14.4201,264300
2005-02-18,17.5067,17.6633,17.5000,17.5467,14.4092,325200
2005-02-22,17.3867,17.9500,17.3867,17.5133,14.3818,468900
2005-02-23,17.6667,17.6667,17.2567,17.4433,14.3243,381900
2005-02-24,17.5700,17.8300,17.3800,17.8200,14.6336,674700
2005-02-25,17.8833,18.1600,17.7933,18.1367,14.8937,622800
2005-02-28,18.2167,18.3367,17.8100,17.9200,14.7158,423300
2005-03-01,18.1500,18.3267,18.0800,18.3167,15.0415,420000
2005-03-02,18.3167,18.3167,17.9467,18.0533,14.8252,365700
2005-03-03,18.0500,18.0500,17.6467,17.8100,14.6254,614100
2005-03-04,17.9267,18.0333,17.7333,17.8067,14.6227,199500
2005-03-07,17.9167,18.2667,17.9133,18.1033,14.8663,371100
2005-03-08,18.0333,18.2667,17.8000,17.8300,14.6418,469500
2005-03-09,17.9100,18.0333,17.7200,17.7200,14.5515,357600
2005-03-10,17.7500,17.9767,17.6267,17.9533,14.7431,584700
2005-03-11,18.0233,18.0800,17.4700,17.5533,14.4147,385800
2005-03-14,17.5667,17.6500,17.5033,17.5800,14.4366,241800
2005-03-15,17.6667,17.6733,17.2700,17.2733,14.1847,320400
2005-03-16,17.2267,17.4667,17.0567,17.1033,14.0451,721200
2005-03-17,17.1367,17.2433,17.0833,17.1400,14.0752,519900
2005-03-18,17.1100,17.1233,16.8833,16.9200,13.8946,430800
2005-03-21,17.0267,17.0933,16.8100,16.9733,13.9384,1236900
2005-03-22,17.1767,17.1833,16.8133,16.8133,13.8070,431400
2005-03-23,16.9367,17.1200,16.9367,17.0067,13.9657,406500
2005-03-24,17.1267,17.1767,17.0200,17.0300,13.9849,153300
2005-03-28,17.1700,17.2667,16.9900,16.9900,13.9520,225900
2005-03-29,16.9467,17.0567,16.7100,16.7100,13.7221,168300
2005-03-30,16.8833,17.1333,16.8033,17.1333,14.0697,159000
2005-03-31,17.1333,17.1333,16.9667,16.9900,13.9520,209700
2005-04-01,17.1167,17.1767,16.7633,16.7700,13.7714,221700
2005-04-04,16.7133,16.7700,16.5900,16.7067,13.7194,302100
2005-04-05,16.7000,16.8767,16.6467,16.6933,13.7084,387300
2005-04-06,16.8333,16.9233,16.7000,16.7067,13.7194,135600
2005-04-07,16.8000,17.0033,16.7133,16.9900,13.9520,181800
2005-04-08,17.0500,17.0933,16.9267,16.9400,13.9110,305700
2005-04-11,16.9667,17.0100,16.7700,16.8000,13.7960,160200
2005-04-12,16.7667,16.7933,16.3867,16.7600,13.7632,304200
2005-04-13,16.7333,16.7333,16.3233,16.3667,13.4402,278700
2005-04-14,16.3267,16.3900,16.1200,16.1233,13.2403,371700
2005-04-15,15.8667,15.8867,15.5667,15.6167,12.8243,764100
2005-04-18,15.6233,15.8433,15.5633,15.6933,12.8872,603600
2005-04-19,16.0100,16.1067,15.9133,16.0400,13.1719,255900
2005-04-20,16.2833,16.3167,15.7900,15.8133,12.9858,423300
2005-04-21,16.1267,16.4000,16.0833,16.3867,13.4566,433500
2005-04-22,16.3167,16.3300,16.0000,16.1333,13.2486,254400
2005-04-25,16.2333,16.2833,16.0833,16.1933,13.2978,195600
2005-04-26,16.1333,16.4433,16.0733,16.1400,13.2540,147000
2005-04-27,15.9233,16.1400,15.8433,16.0267,13.1610,166200
2005-04-28,16.1267,16.1267,15.8333,15.8333,13.0022,742500
2005-04-29,15.9233,16.0533,15.6333,16.0100,13.1473,1150800
2005-05-02,16.0100,16.0933,15.9167,16.0000,13.1391,124800
2005-05-03,16.0500,16.1433,15.9300,15.9600,13.1062,367200
2005-05-04,16.0333,16.3900,16.0300,16.3200,13.4018,462000
2005-05-05,16.3667,16.5300,16.2967,16.3600,13.4347,183600
2005-05-06,16.4433,16.5200,16.3533,16.4800,13.5332,123600
2005-05-09,16.4933,16.5500,16.3467,16.5433,13.5852,118200
2005-05-10,16.4833,16.4833,16.3200,16.3667,13.4402,81900
2005-05-11,16.4733,16.4733,16.1600,16.3933,13.4621,257400
2005-05-12,16.4967,16.6467,16.4033,16.4567,13.5141,180300
2005-05-13,16.5400,17.0667,16.5400,16.9800,13.9438,830700
2005-05-16,17.0000,17.0767,16.8733,17.0433,13.9958,178200
2005-05-17,17.0267,17.1767,16.9633,17.1767,14.1053,333300
2005-05-18,17.2833,17.4267,17.0767,17.3833,14.2751,1954500
2005-05-19,17.4400,17.5833,17.3333,17.4167,14.3024,2020800
2005-05-20,17.4100,17.5633,17.3067,17.5467,14.4092,204900
2005-05-23,17.5667,17.6867,17.4633,17.5867,14.4420,168300
2005-05-24,17.5433,17.8033,17.5000,17.7967,14.6145,364500
2005-05-25,17.7667,17.7667,17.5167,17.6467,14.4913,292800
2005-05-26,17.7833,18.0000,17.7833,17.9467,14.7377,255600
2005-05-27,17.9467,17.9467,17.7200,17.8700,14.6747,873000
2005-05-31,17.9433,18.0000,17.7933,17.8333,14.6446,846900
2005-06-01,17.8300,18.0833,17.7633,17.9667,14.7541,683100
2005-06-02,17.9667,18.2333,17.9667,18.2300,14.9703,461400
2005-06-03,18.2667,18.2667,18.0467,18.0733,14.8417,948000
2005-06-06,18.0167,18.0167,17.8267,17.9500,14.7404,820800
2005-06-07,18.0200,18.2167,17.7733,17.8067,14.6227,1004700
2005-06-08,18.0333,18.0900,17.8900,17.9433,14.7349,520500
2005-06-09,17.9433,18.2900,17.8333,18.2833,15.0141,415500
2005-06-10,18.2067,18.2200,17.9300,18.0067,14.7869,468900
2005-06-13,17.9500,18.1467,17.9000,17.9767,14.7623,173400
2005-06-14,17.9700,18.0500,17.8200,17.8567,14.6638,139500
2005-06-15,17.9267,17.9867,17.5933,17.8967,14.6966,499800
2005-06-16,17.8967,18.1100,17.8967,18.0333,14.8088,334800
2005-06-17,18.0500,18.1467,17.9500,18.0333,14.8088,166200
2005-06-20,17.8800,18.0100,17.8200,17.9500,14.7404,213600
2005-06-21,17.9667,18.1000,17.9667,18.0667,14.8362,225000
2005-06-22,18.1500,18.2167,18.0567,18.2067,14.9512,356700
2005-06-23,18.2600,18.6533,18.2067,18.2133,14.9566,1476300
2005-06-24,18.2267,18.2267,17.8567,17.8667,14.6720,185100
2005-06-27,17.8000,17.8200,17.5200,17.5867,14.4420,1243200
2005-06-28,17.7500,17.8067,17.6500,17.7933,14.6117,398400
2005-06-29,17.8333,17.8333,17.6733,17.7167,14.5488,516000
2005-06-30,17.7700,17.8333,17.5633,17.5733,14.4311,843300
2005-07-01,17.6667,17.7033,17.5533,17.6200,14.4694,125700
2005-07-05,17.5700,17.9033,17.5433,17.8700,14.6747,154500
2005-07-06,17.8700,18.1667,17.8700,18.0267,14.8033,664800
2005-07-07,17.7400,18.1000,17.7400,18.1000,14.8636,778200
2005-07-08,18.1000,18.5100,18.1000,18.4867,15.1811,743700
2005-07-11,18.6667,18.9133,18.6667,18.9067,15.5260,432000
2005-07-12,18.9000,19.1333,18.8500,19.0667,15.6574,873300
2005-07-13,19.0667,19.1633,18.9433,19.1200,15.7012,1061100
2005-07-14,19.5000,19.5000,19.1633,19.3167,15.8627,5923800
2005-07-15,19.3167,19.3200,19.0567,19.2600,15.8162,751500
2005-07-18,19.2000,19.2333,19.0533,19.1600,15.7340,806400
2005-07-19,19.2233,19.5533,19.2233,19.5500,16.0543,773700
2005-07-20,19.2033,19.8167,19.1933,19.7400,16.2103,646800
2005-07-21,19.7200,19.9367,19.3400,19.4200,15.9475,349500
2005-07-22,19.6600,19.7167,19.4100,19.5467,16.0516,578100
2005-07-25,19.6267,19.7433,19.4567,19.5067,16.0187,262500
2005-07-26,19.6600,19.8000,19.5667,19.7833,16.2459,360600
2005-07-27,19.6167,19.7000,19.3867,19.6333,16.1227,539700
2005-07-28,19.6667,19.7333,19.5233,19.7333,16.2049,162300
2005-07-29,19.6433,19.7000,19.5000,19.6133,16.1063,796200
2005-08-01,19.6567,19.7167,19.5400,19.6467,16.1337,851100
2005-08-02,19.7000,20.0833,19.7000,20.0667,16.4786,365400
2005-08-03,19.9933,20.0467,19.8833,19.9700,16.3992,368100
2005-08-04,19.8100,19.8100,19.5400,19.5400,16.0461,491100
2005-08-05,19.4667,19.5867,19.3467,19.4400,15.9640,247800
2005-08-08,19.4633,19.5500,19.3133,19.3133,15.8600,239100
2005-08-09,19.3833,19.6367,19.3833,19.5733,16.0735,154800
2005-08-10,19.5833,19.7400,19.2500,19.3000,15.8490,1062000
2005-08-11,19.2667,19.5267,19.2367,19.5133,16.0242,211800
2005-08-12,19.3200,19.3367,19.0967,19.1667,15.7395,1021200
2005-08-15,19.1667,19.4700,19.1367,19.4167,15.9448,211800
2005-08-16,19.3600,19.3600,19.0067,19.0267,15.6245,213600
2005-08-17,19.1500,19.3500,19.1500,19.2933,15.8435,908100
2005-08-18,19.1500,19.5267,19.0967,19.1167,15.6984,304800
2005-08-19,19.1833,19.2867,19.1133,19.1200,15.7012,857400
2005-08-22,19.3000,19.4100,19.2100,19.4000,15.9311,1209000
2005-08-23,19.3667,19.4667,19.2600,19.3400,15.8818,209700
2005-08-24,19.2633,19.5800,19.1867,19.2000,15.7669,776100
2005-08-25,19.2667,19.3833,19.2000,19.3200,15.8654,7514700
2005-08-26,19.3133,19.3133,19.0833,19.1467,15.7231,745200
2005-08-29,19.1000,19.4167,19.0700,19.3700,15.9065,310800
2005-08-30,19.2700,19.4467,19.1500,19.4467,15.9694,175200
2005-08-31,19.4267,19.6667,19.3200,19.6500,16.1364,522600
2005-09-01,19.5267,19.6267,19.4133,19.4600,15.9804,1964100
2005-09-02,19.4900,19.5233,19.3400,19.3900,15.9229,218400
2005-09-06,19.5200,19.7267,19.5133,19.7000,16.1775,212100
2005-09-07,19.6700,19.8233,19.5367,19.7133,16.1884,282000
2005-09-08,19.7000,20.0433,19.7000,19.9933,16.4184,526500
2005-09-09,20.0333,20.1400,19.9000,20.0700,16.4813,2484000
2005-09-12,20.0933,20.1200,19.9867,20.0333,16.4512,123900
2005-09-13,20.0000,20.3067,19.9867,20.2133,16.5990,981000
2005-09-14,20.4000,20.4000,20.0067,20.1000,16.5060,288600
2005-09-15,20.1000,20.1200,19.8500,19.9000,16.3417,232500
2005-09-16,19.9833,19.9867,19.7733,19.9667,16.3965,196800
2005-09-19,19.9067,19.9667,19.6133,19.6800,16.1611,244500
2005-09-20,19.7233,19.9200,19.5500,19.5500,16.0543,346800
2005-09-21,19.4767,19.4767,19.2000,19.2800,15.8326,366300
2005-09-22,19.1600,19.3133,18.9700,19.1900,15.7587,575400
2005-09-23,19.1433,19.4433,19.0533,19.3467,15.8873,299400
2005-09-26,19.6267,19.6667,19.2900,19.3900,15.9309,345000
2005-09-27,19.3667,19.4300,19.0467,19.1733,15.7528,896100
2005-09-28,19.1767,19.3767,19.0467,19.1600,15.7419,292200
2005-09-29,19.1700,19.5233,19.0533,19.4600,15.9884,245100
2005-09-30,19.5100,19.8567,19.5000,19.7533,16.2294,522900
2005-10-03,19.9000,20.1300,19.9000,19.9400,16.3828,2934300
2005-10-04,19.9400,20.0833,19.6733,19.6733,16.1637,262200
2005-10-05,19.6767,19.6867,19.3467,19.3467,15.8953,225600
2005-10-06,19.3600,19.4433,18.8700,19.0833,15.6789,2484000
2005-10-07,19.1600,19.2667,19.0967,19.1900,15.7665,289500
2005-10-10,19.0333,19.0333,18.6100,18.6100,15.2900,527700
2005-10-11,18.6500,18.7000,18.2067,18.2800,15.0189,1189200
2005-10-12,18.2000,18.3267,18.0367,18.2400,14.9860,989700
2005-10-13,18.2800,18.5833,18.1467,18.5533,15.2435,281700
2005-10-14,18.6000,18.7033,18.3533,18.5267,15.2216,220200
2005-10-17,18.5467,18.6133,18.4033,18.5600,15.2489,230700
2005-10-18,18.5500,18.5500,18.3467,18.4267,15.1394,202800
2005-10-19,18.1467,18.5133,17.9833,18.5000,15.1996,568200
2005-10-20,18.5500,18.7833,18.4533,18.5333,15.2270,473100
2005-10-21,18.7167,18.8300,18.6600,18.7133,15.3749,417600
2005-10-24,18.7733,18.9267,18.6067,18.9267,15.5502,302400
2005-10-25,18.8167,18.8167,18.5800,18.6400,15.3147,320400
2005-10-26,18.6933,18.8667,18.5833,18.6267,15.3037,407100
2005-10-27,18.5733,18.6033,18.1867,18.2267,14.9751,817200
2005-10-28,17.9833,18.2100,17.7567,18.2100,14.9614,1075800
2005-10-31,18.4400,18.6933,18.4300,18.6000,15.2818,866700
2005-11-01,18.5000,18.5133,18.3433,18.4000,15.1175,836100
2005-11-02,18.4800,19.0733,18.4800,19.0467,15.6488,261900
2005-11-03,19.3333,19.5433,19.2833,19.4000,15.9391,1457400
2005-11-04,19.1933,19.5400,19.1933,19.4733,15.9993,1249500
2005-11-07,19.5333,19.6100,19.3500,19.5000,16.0212,1322400
2005-11-08,19.5000,19.6200,19.3333,19.4767,16.0021,138600
2005-11-09,19.7933,19.8100,19.4067,19.7733,16.2458,303000
2005-11-10,19.8333,19.9800,19.6033,19.9200,16.3663,301500
2005-11-11,20.0967,20.1100,19.8467,19.8667,16.3225,911400
2005-11-14,19.9133,19.9833,19.8467,19.9333,16.3773,1260600
2005-11-15,19.9167,20.0400,19.7500,19.7867,16.2568,211200
2005-11-16,19.8400,19.8467,19.6367,19.7767,16.2485,339600
2005-11-17,19.7333,20.0267,19.6733,20.0000,16.4320,580200
2005-11-18,20.1967,20.4633,20.1500,20.3533,16.7223,686400
2005-11-21,20.3067,20.3933,20.1900,20.2600,16.6457,203400
2005-11-22,20.2300,20.6567,20.2300,20.5400,16.8757,1948500
2005-11-23,20.5733,20.8133,20.5667,20.5900,16.9168,436200
2005-11-25,20.6567,20.7833,20.6333,20.7233,17.0263,338100
2005-11-28,20.8400,20.8400,20.4700,20.4867,16.8319,470100
2005-11-29,20.5700,20.6900,20.3833,20.3833,16.7470,348600
2005-11-30,20.4600,20.7367,20.4567,20.6167,16.9387,271500
2005-12-01,20.8667,21.3600,20.8667,21.3167,17.5138,1682700
2005-12-02,21.3300,21.5467,21.2867,21.3000,17.5001,386400
2005-12-05,21.2667,21.2667,20.9367,21.0133,17.2646,248100
2005-12-06,21.2467,21.4633,21.1367,21.2167,17.4317,1305300
2005-12-07,21.2067,21.2067,20.8833,20.9433,17.2071,391500
2005-12-08,21.0100,21.1267,20.5000,20.6533,16.9688,567600
2005-12-09,20.6767,20.9867,20.5600,20.9367,17.2016,255000
2005-12-12,21.1167,21.1467,20.9600,21.0967,17.3331,309600
2005-12-13,21.0933,21.3067,20.9667,21.1167,17.3495,343800
2005-12-14,21.1200,21.1867,20.9467,21.0600,17.3029,169200
2005-12-15,21.1300,21.1500,20.9300,20.9733,17.2317,154800
2005-12-16,20.9767,21.0067,20.8600,20.8667,17.1441,210600
2005-12-19,20.8667,20.8667,20.4233,20.4467,16.7990,243900
2005-12-20,20.4333,20.6667,20.3000,20.4833,16.8291,451200
2005-12-21,20.5000,20.7033,20.4500,20.5367,16.8730,372000
2005-12-22,20.6367,20.8133,20.6000,20.7900,17.0811,261000
2005-12-23,20.8733,20.9800,20.8133,20.8533,17.1331,144600
2005-12-27,21.0067,21.0300,20.6033,20.6333,16.9524,1374600
2005-12-28,20.6333,20.7033,20.4467,20.6467,16.9633,182100
2005-12-29,20.7000,20.7367,20.4467,20.4633,16.8127,180600
2005-12-30,20.3333,20.3900,20.1600,20.3233,16.6977,2471100
2006-01-03,20.5533,21.0333,20.2433,20.8767,17.1523,469500
2006-01-04,21.0833,21.2100,21.0333,21.1800,17.4015,299100
2006-01-05,21.4867,21.6933,21.3867,21.6233,17.7658,1715700
2006-01-06,21.9667,22.1633,21.7267,22.1167,18.1711,892200
2006-01-09,22.2167,22.4233,22.1167,22.3567,18.3683,2550000
2006-01-10,22.0633,22.3900,22.0633,22.3833,18.3902,1974900
2006-01-11,22.4333,22.7100,22.3500,22.6500,18.6093,544800
2006-01-12,22.6567,22.7867,22.3833,22.4100,18.4121,882600
2006-01-13,22.3167,22.3767,22.0667,22.2333,18.2670,501000
2006-01-17,21.9567,21.9800,21.7467,21.8867,17.9821,647100
2006-01-18,21.3433,21.7367,21.3200,21.6833,17.8151,3969000
2006-01-19,22.2000,22.4700,22.1900,22.2900,18.3135,768600
2006-01-20,22.0667,22.0667,21.4133,21.4567,17.6288,2289300
2006-01-23,21.5300,21.6667,21.3467,21.5467,17.7028,1102500
2006-01-24,21.8333,21.9333,21.6300,21.7667,17.8835,245700
2006-01-25,21.8500,21.8500,21.5567,21.7867,17.9000,239400
2006-01-26,21.9600,22.3567,21.8467,22.2500,18.2806,492900
2006-01-27,22.3000,22.8533,22.3000,22.4533,18.4477,541500
2006-01-30,22.5500,22.5500,22.3433,22.4400,18.4368,280200
2006-01-31,22.3333,22.3667,22.0867,22.1433,18.1930,212700
2006-02-01,22.0900,22.4000,21.9700,22.3667,18.3765,381900
2006-02-02,22.3833,22.5100,21.9833,22.0333,18.1026,295500
2006-02-03,21.9500,22.0567,21.7700,21.8000,17.9109,304200
2006-02-06,21.8833,22.1100,21.7667,22.0667,18.1300,121800
2006-02-07,22.0833,22.2000,21.9233,22.1167,18.1711,253800
2006-02-08,22.3367,22.5133,22.2000,22.5033,18.4888,333300
2006-02-09,22.5667,22.8000,22.3633,22.4200,18.4203,395700
2006-02-10,22.3367,22.3467,21.8933,22.2667,18.2943,201300
2006-02-13,22.1000,22.1333,21.8700,21.9900,18.0670,305700
2006-02-14,22.0233,22.2267,21.8333,22.2100,18.2478,312600
2006-02-15,22.1467,22.3300,22.0533,22.2700,18.2971,221100
2006-02-16,22.4967,22.5333,22.3067,22.5000,18.4860,254400
2006-02-17,22.3500,22.3867,22.1233,22.1233,18.1766,197700
2006-02-21,22.0400,22.1167,21.6400,21.7000,17.8288,663300
2006-02-22,21.6267,21.9967,21.4467,21.9000,17.9931,2075100
2006-02-23,21.8167,21.9100,21.6633,21.6633,17.7986,1335300
2006-02-24,21.6500,21.8000,21.5733,21.7067,17.8342,1876800
2006-02-27,21.6767,21.8833,21.6767,21.8000,17.9109,335700
2006-02-28,21.7667,21.9300,21.5767,21.6533,17.7904,2030400
2006-03-01,21.8900,22.5633,21.8900,22.4900,18.4778,735300
2006-03-02,22.4067,22.7133,22.3333,22.5267,18.5080,541500
2006-03-03,22.4567,22.6067,22.2533,22.2567,18.2861,387900
2006-03-06,22.3367,22.3800,21.9633,22.0467,18.1136,200100
2006-03-07,21.7267,21.7833,21.3867,21.4567,17.6288,546600
2006-03-08,21.3833,21.5000,21.0833,21.3733,17.5604,1535100
2006-03-09,21.4167,21.6400,21.0800,21.0833,17.3221,235200
2006-03-10,21.0267,21.3033,20.8967,21.0133,17.2646,2356500
2006-03-13,21.0933,21.2167,20.9267,20.9267,17.1934,230400
2006-03-14,20.9267,21.4733,20.9267,21.4100,17.5905,1035300
2006-03-15,21.6333,21.6967,21.4633,21.6567,17.7932,158700
2006-03-16,21.6667,21.6767,21.0867,21.0867,17.3249,690000
2006-03-17,21.0367,21.2167,20.8600,21.0933,17.3303,708600
2006-03-20,21.1200,21.2633,21.0433,21.1300,17.3605,479700
2006-03-21,21.1300,21.6500,21.0800,21.1333,17.3632,2416200
2006-03-22,21.0700,21.2200,20.9800,21.1367,17.3659,640800
2006-03-23,21.1900,21.4167,21.1900,21.3233,17.5193,402900
2006-03-24,21.3633,21.5767,21.2933,21.5700,17.7220,331800
2006-03-27,21.5900,21.7133,21.5133,21.5400,17.6973,2412300
2006-03-28,21.5000,21.6000,21.1367,21.1567,17.3824,456300
2006-03-29,21.0500,21.8200,21.0500,21.7433,17.8644,1086900
2006-03-30,22.0333,22.0667,21.7500,21.8533,17.9548,413100
2006-03-31,21.9433,21.9867,21.6300,21.7300,17.8534,279900
2006-04-03,21.7067,22.1667,21.7067,21.8833,17.9794,858000
2006-04-04,21.9567,22.1033,21.8633,21.9533,18.0369,305700
2006-04-05,22.0300,22.4567,22.0000,22.4000,18.4039,267300
2006-04-06,22.3933,22.7633,22.3933,22.6400,18.6011,734700
2006-04-07,22.7233,22.7833,22.1900,22.2567,18.2861,426900
2006-04-10,22.1867,22.2100,21.8833,21.9800,18.0588,414900
2006-04-11,22.0633,22.1200,21.6100,21.7633,17.8808,802200
2006-04-12,21.7900,22.0467,21.7900,21.9533,18.0369,239700
2006-04-13,21.9667,22.2567,21.9667,22.0500,18.1163,219900
2006-04-17,22.1333,22.2333,21.6333,21.7567,17.8753,566400
2006-04-18,21.8400,22.5033,21.8400,22.4433,18.4395,478800
2006-04-19,22.4800,22.7167,22.3600,22.6967,18.6476,772500
2006-04-20,22.6433,23.1333,22.6267,22.8033,18.7353,502200
2006-04-21,22.7567,22.7900,22.1633,22.2867,18.3108,454200
2006-04-24,22.0767,22.2800,21.9833,22.2267,18.2615,445200
2006-04-25,22.2800,22.3933,22.1600,22.3033,18.3245,720600
2006-04-26,22.3667,22.4300,22.0833,22.1900,18.2314,383400
2006-04-27,21.8767,22.6100,21.8767,22.4600,18.4532,424800
2006-04-28,22.3967,22.5667,22.2200,22.2400,18.2724,333600
2006-05-01,22.2600,22.3333,22.0267,22.0333,18.1026,210600
2006-05-02,22.1600,22.3133,22.1167,22.2233,18.2587,320400
2006-05-03,22.2000,22.4333,22.1300,22.4233,18.4231,233700
2006-05-04,22.5100,22.7733,22.5100,22.6733,18.6285,322500
2006-05-05,22.8700,22.9000,22.6967,22.8400,18.7654,167100
2006-05-08,22.8900,22.9833,22.7900,22.7900,18.7243,302100
2006-05-09,22.7067,22.7167,22.5233,22.5733,18.5463,1642800
2006-05-10,22.4767,22.5633,22.0467,22.1000,18.1574,791700
2006-05-11,22.0033,22.0333,21.4733,21.5233,17.6836,1251000
2006-05-12,21.3333,21.6500,21.2700,21.3333,17.5275,2131200
2006-05-15,21.3167,21.4667,20.8533,21.1367,17.3659,2332800
2006-05-16,21.1400,21.3167,20.8733,21.0333,17.2810,1064400
2006-05-17,20.9133,21.0400,20.5667,20.6833,16.9935,1345200
2006-05-18,20.8367,20.9133,20.3533,20.3533,16.7223,412200
2006-05-19,20.6667,20.8533,20.4167,20.7433,17.0428,698400
2006-05-22,20.4600,20.5667,19.9633,20.2300,16.6210,791700
2006-05-23,20.4933,20.6267,19.9533,19.9567,16.3964,315600
2006-05-24,19.9533,20.3233,19.6900,20.0833,16.5005,897600
2006-05-25,20.1967,20.2133,20.0000,20.1433,16.5498,621600
2006-05-26,20.1667,20.3567,20.1267,20.2800,16.6621,514200
2006-05-30,20.2033,20.2033,19.8167,19.8167,16.2814,374400
2006-05-31,19.9367,20.2267,19.8900,20.1333,16.5416,323100
2006-06-01,20.1733,20.6067,20.1733,20.6000,16.9250,278700
2006-06-02,20.8167,20.8167,20.3867,20.5600,16.8921,154200
2006-06-05,20.4933,20.4933,19.9500,19.9500,16.3910,331800
2006-06-06,19.9767,19.9767,19.7267,19.8533,16.3115,194400
2006-06-07,19.8100,19.9367,19.4167,19.4167,15.9528,265200
2006-06-08,19.2567,19.4533,18.8267,19.3033,15.8597,553800
2006-06-09,19.5633,19.7033,19.1100,19.2000,15.7748,407400
2006-06-12,19.2433,19.2767,18.6500,18.6500,15.3229,333900
2006-06-13,18.8667,19.0133,18.5467,18.6000,15.2818,378300
2006-06-14,18.8567,19.0033,18.6567,18.9000,15.5283,733200
2006-06-15,19.1833,19.7033,19.1833,19.6300,16.1280,555000
2006-06-16,19.5300,19.5567,19.2667,19.4067,15.9446,177600
2006-06-19,19.4900,19.5067,19.1667,19.2367,15.8049,296400
2006-06-20,19.2267,19.3867,19.0300,19.1200,15.7090,325500
2006-06-21,19.2033,19.7167,19.2033,19.5433,16.0568,380100
2006-06-22,19.4800,19.4800,19.1433,19.2300,15.7994,290100
2006-06-23,18.9967,19.2867,18.9967,19.1033,15.7054,167400
2006-06-26,19.1667,19.2733,19.1200,19.2000,15.7849,371700
2006-06-27,19.1833,19.1833,18.6867,18.7333,15.4012,311700
2006-06-28,18.4633,18.7067,18.4067,18.7000,15.3738,486600
2006-06-29,18.7833,19.3667,18.7000,19.3233,15.8863,636300
2006-06-30,19.4067,19.4167,19.1500,19.3167,15.8808,153600
2006-07-03,19.4100,19.5000,19.3667,19.4767,16.0123,94200
2006-07-05,19.2633,19.2700,18.9367,18.9500,15.5794,231300
2006-07-06,19.0700,19.1667,18.8667,18.9333,15.5657,125400
2006-07-07,18.7500,18.8167,18.5000,18.6300,15.3163,372900
2006-07-10,18.6633,18.8000,18.0600,18.1567,14.9271,450300
2006-07-11,18.0333,18.6367,18.0333,18.6000,15.2916,376800
2006-07-12,18.5200,18.6000,18.0967,18.1233,14.8997,682200
2006-07-13,17.8500,18.3267,17.8167,17.8600,14.6832,719400
2006-07-14,17.7733,17.9733,17.6300,17.7633,14.6038,776400
2006-07-17,17.8567,17.9700,17.6667,17.7667,14.6065,333900
2006-07-18,17.8500,17.9033,17.2833,17.7133,14.5627,538500
2006-07-19,17.7967,18.2800,17.7533,18.1400,14.9134,405600
2006-07-20,18.3300,18.3567,17.6967,17.7033,14.5544,579900
2006-07-21,17.2367,17.3033,16.9300,16.9733,13.9543,703500
2006-07-24,17.2167,17.5767,17.2167,17.4700,14.3626,952500
2006-07-25,17.6400,17.9067,17.5400,17.7667,14.6065,542400
2006-07-26,17.5000,18.0067,17.5000,17.8233,14.6531,465300
2006-07-27,18.0533,18.1933,17.8667,17.9000,14.7161,1578900
2006-07-28,18.0500,18.4767,18.0500,18.4333,15.1546,1031400
2006-07-31,18.3600,18.5833,18.3333,18.4867,15.1984,551100
2006-08-01,18.2667,18.2667,17.9433,18.1067,14.8860,560400
2006-08-02,18.1500,18.4533,18.1500,18.3067,15.0505,241800
2006-08-03,18.2567,18.7100,18.2167,18.6133,15.3026,1366800
2006-08-04,18.8567,18.9567,18.2467,18.4500,15.1683,611400
2006-08-07,18.3633,18.4700,18.2667,18.3500,15.0861,228000
2006-08-08,18.4033,18.5433,18.1367,18.2467,15.0011,376200
2006-08-09,18.6267,18.7967,18.3000,18.3267,15.0669,457200
2006-08-10,18.3000,18.6300,18.2433,18.5633,15.2615,208800
2006-08-11,18.3833,18.3833,18.0300,18.0800,14.8641,379200
2006-08-14,18.2533,18.6067,18.2200,18.3267,15.0669,156900
2006-08-15,18.6733,19.0233,18.6367,19.0067,15.6259,263700
2006-08-16,19.1167,19.7233,19.0200,19.6300,16.1384,1693800
2006-08-17,19.6200,19.9733,19.6167,19.6733,16.1740,1537200
2006-08-18,19.5333,19.7100,19.3433,19.6833,16.1822,360900
2006-08-21,19.4400,19.4400,19.2200,19.3567,15.9137,330600
2006-08-22,19.3333,19.5600,19.2467,19.3233,15.8863,550500
2006-08-23,19.5733,19.5767,19.0667,19.1933,15.7794,968100
2006-08-24,19.2167,19.3233,19.0633,19.3233,15.8863,485700
2006-08-25,19.2633,19.5267,19.2200,19.3333,15.8945,467700
2006-08-28,19.3533,19.6133,19.3533,19.6100,16.1220,471600
2006-08-29,19.6733,19.9667,19.5233,19.9667,16.4152,822900
2006-08-30,20.0667,20.3567,19.9167,20.3567,16.7358,702000
2006-08-31,20.2833,20.2833,20.0533,20.1500,16.5659,395700
2006-09-01,20.3167,20.3167,19.8800,19.9667,16.4152,329400
2006-09-05,19.8767,20.2200,19.8067,20.2067,16.6125,806700
2006-09-06,19.9667,19.9667,19.5567,19.5600,16.0809,226200
2006-09-07,19.4000,19.7567,19.2933,19.4933,16.0260,655800
2006-09-08,19.5500,19.7300,19.4967,19.6833,16.1822,158100
2006-09-11,19.6600,20.1800,19.6600,20.0333,16.4700,451800
2006-09-12,20.1833,20.7567,20.1667,20.7100,17.0263,1234500
2006-09-13,20.6767,20.8000,20.4800,20.6100,16.9441,211500
2006-09-14,20.5267,20.6933,20.4767,20.6767,16.9989,414300
2006-09-15,20.7967,21.0300,20.5667,20.6533,16.9797,1365900
2006-09-18,20.6800,21.0900,20.6800,20.9100,17.1907,377100
2006-09-19,20.8267,20.8267,20.3500,20.5667,16.9085,1032000
2006-09-20,20.7500,20.8167,20.6467,20.7333,17.0455,497100
2006-09-21,20.7667,20.7833,20.3233,20.3333,16.7166,279600
2006-09-22,20.2467,20.3000,20.0633,20.0933,16.5193,252600
2006-09-25,20.1500,20.6200,19.9867,20.5833,16.9222,773400
2006-09-26,20.4833,20.6100,20.3233,20.5700,16.9112,241800
2006-09-27,20.6233,20.8100,20.4133,20.4867,16.8563,597600
2006-09-28,20.5233,20.7067,20.4500,20.7067,17.0374,348000
2006-09-29,20.6900,20.6900,20.4933,20.4933,16.8618,120000
2006-10-02,20.4167,20.6400,20.3000,20.3000,16.7028,286800
2006-10-03,20.1067,20.2933,19.9900,20.1767,16.6013,349800
2006-10-04,20.1700,20.6167,20.1433,20.6167,16.9633,304200
2006-10-05,20.5533,20.6000,20.4367,20.5700,16.9249,1017900
2006-10-06,20.3767,20.5133,20.3300,20.4100,16.7933,254700
2006-10-09,20.3867,20.7733,20.3833,20.6100,16.9578,491100
2006-10-10,20.6000,20.6333,20.4633,20.5500,16.9085,917100
2006-10-11,20.5033,20.9867,20.4667,20.7567,17.0785,441000
2006-10-12,20.8900,21.0667,20.7400,21.0133,17.2897,941400
2006-10-13,21.0667,21.3867,21.0000,21.2967,17.5228,957300
2006-10-16,21.4567,21.5567,21.3900,21.4400,17.6407,243600
2006-10-17,21.1933,21.1933,20.7867,20.8967,17.1937,522600
2006-10-18,20.8533,20.8533,20.3033,20.3733,16.7631,2041500
2006-10-19,20.4033,20.4167,20.1000,20.2667,16.6753,681000
2006-10-20,20.2500,20.2500,19.9567,20.0333,16.4834,2808600
2006-10-23,19.9667,20.2800,19.9033,20.0533,16.4998,293100
2006-10-24,19.9833,20.1767,19.8667,19.8733,16.3517,367800
2006-10-25,19.8733,20.2933,19.8733,20.2567,16.6671,448800
2006-10-26,20.4667,20.5200,20.2133,20.4700,16.8426,956100
2006-10-27,20.4333,20.4333,19.9500,20.0133,16.4669,2468700
2006-10-30,19.9967,20.2933,19.9967,20.1833,16.6068,420000
2006-10-31,20.2667,20.3700,20.1800,20.2933,16.6973,1251900
2006-11-01,20.5000,20.5000,19.8767,19.9367,16.4038,343500
2006-11-02,19.8667,19.9433,19.7267,19.8333,16.3188,705900
2006-11-03,19.9167,19.9700,19.7600,19.9200,16.3901,2835300
2006-11-06,19.9833,20.2833,19.9167,20.2433,16.6561,204300
2006-11-07,20.0333,20.6600,20.0333,20.3767,16.7658,802200
2006-11-08,20.2300,20.4100,20.1200,20.3633,16.7549,915300
2006-11-09,20.4467,20.4767,19.9833,20.0000,16.4559,336300
2006-11-10,19.9333,20.2167,19.9333,20.1667,16.5931,222900
2006-11-13,20.1900,20.5333,20.1900,20.5133,16.8783,1661700
2006-11-14,20.5667,21.1033,20.4067,21.0567,17.3253,570000
2006-11-15,21.1133,21.3967,21.0633,21.2333,17.4707,2043000
2006-11-16,21.2333,21.3700,21.0500,21.2900,17.5173,1357500
2006-11-17,21.1833,21.2033,21.0500,21.1700,17.4186,192900
2006-11-20,21.0867,21.4633,21.0333,21.4500,17.6490,1461900
2006-11-21,21.4867,21.4867,21.0667,21.0667,17.3336,3295500
2006-11-22,21.2467,21.3933,21.1600,21.3700,17.5832,578400
2006-11-24,21.2033,21.3967,21.1700,21.3033,17.5283,173700
2006-11-27,21.2200,21.3700,20.7533,20.7533,17.0758,373200
2006-11-28,20.7100,20.7900,20.5667,20.7800,17.0977,759900
2006-11-29,21.0300,21.0333,20.6333,20.7633,17.0840,473700
2006-11-30,20.8300,21.0467,20.6533,20.9600,17.2458,2117400
2006-12-01,20.9600,20.9600,20.4067,20.6633,17.0017,723900
2006-12-04,20.7067,21.1733,20.6967,21.0467,17.3171,917100
2006-12-05,21.0333,21.2667,21.0333,21.1167,17.3747,138000
2006-12-06,21.0833,21.2967,20.9833,21.2100,17.4515,816000
2006-12-07,21.3400,21.3600,20.9000,20.9067,17.2019,265500
2006-12-08,20.8733,20.9733,20.6300,20.8067,17.1196,791100
2006-12-11,20.8100,20.9433,20.7333,20.7633,17.0840,292800
2006-12-12,20.7500,20.8367,20.4800,20.6367,16.9798,403200
2006-12-13,20.9067,20.9067,20.4667,20.4800,16.8509,381300
2006-12-14,20.5067,20.8567,20.5067,20.7900,17.1059,4226400
2006-12-15,20.9300,20.9367,20.7533,20.7867,17.1032,408000
2006-12-18,20.8700,21.0333,20.6667,20.7333,17.0593,2740800
2006-12-19,20.3600,20.5967,20.3533,20.4967,16.8646,331800
2006-12-20,20.7333,20.7833,20.5400,20.5900,16.9414,449100
2006-12-21,20.5933,20.6233,20.2200,20.3000,16.7055,351600
2006-12-22,20.3333,20.3667,20.1767,20.1767,16.6040,555900
2006-12-26,20.1333,20.3600,20.1333,20.3333,16.7329,414300
2006-12-27,20.3667,20.5600,20.3667,20.4467,16.8262,565500
2006-12-28,20.4600,20.5067,20.4167,20.4533,16.8316,123900
2006-12-29,20.4167,20.5967,20.3367,20.3367,16.7356,77700
2007-01-03,20.5633,20.7400,20.0833,20.2767,16.6863,509400
2007-01-04,20.2767,20.7367,20.2433,20.6733,17.0127,462300
2007-01-05,20.3200,20.4833,20.1200,20.2800,16.6890,241500
2007-01-08,20.2900,20.5200,20.2100,20.3600,16.7548,269100
2007-01-09,20.4433,20.5367,20.2567,20.4333,16.8152,429000
2007-01-10,20.3333,20.8600,20.3333,20.7833,17.1032,473100
2007-01-11,20.8600,21.0333,20.8033,20.8467,17.1553,708000
2007-01-12,20.7667,20.9000,20.6667,20.9000,17.1992,179700
2007-01-16,20.8167,20.8167,20.6500,20.7300,17.0593,184200
2007-01-17,20.6067,20.7600,20.5333,20.5833,16.9386,554400
2007-01-18,20.4067,20.4067,19.8100,19.8333,16.3214,803400
2007-01-19,19.8267,20.1800,19.8033,20.0200,16.4750,542700
2007-01-22,19.9433,19.9433,19.7000,19.8033,16.2967,564300
2007-01-23,19.8633,20.0033,19.7833,19.7833,16.2803,466500
2007-01-24,19.9233,20.1267,19.8600,20.0867,16.5299,195600
2007-01-25,20.3067,20.4367,19.9600,20.0033,16.4613,382800
2007-01-26,20.0867,20.3500,19.9767,20.2733,16.6835,225900
2007-01-29,20.2333,20.3400,20.1000,20.1600,16.5903,143700
2007-01-30,20.2733,20.3233,20.1967,20.2500,16.6643,130200
2007-01-31,20.0367,20.3133,19.9867,20.2700,16.6808,320100
2007-02-01,20.3333,20.5100,20.2767,20.4400,16.8207,635700
2007-02-02,20.5200,20.6367,20.4333,20.5700,16.9276,743400
2007-02-05,20.6400,20.7567,20.5533,20.6467,16.9907,318600
2007-02-06,20.6233,20.6800,20.3567,20.5700,16.9276,531600
2007-02-07,20.7967,20.9667,20.6667,20.8467,17.1553,997500
2007-02-08,20.7633,20.8100,20.6400,20.7667,17.0895,246900
2007-02-09,20.9867,21.0067,20.4100,20.4567,16.8344,588300
2007-02-12,20.4000,20.4000,20.1933,20.2233,16.6424,71400
2007-02-13,20.3267,20.3633,20.2100,20.3300,16.7302,226200
2007-02-14,20.4867,20.8033,20.4733,20.7300,17.0593,475500
2007-02-15,20.7000,20.8667,20.7000,20.8400,17.1498,1452600
2007-02-16,20.7667,20.8600,20.7233,20.8267,17.1389,703200
2007-02-20,20.6567,20.8500,20.5800,20.8267,17.1389,128700
2007-02-21,20.6700,20.8100,20.6400,20.8100,17.1252,163200
2007-02-22,21.0500,21.2767,21.0500,21.2500,17.4873,529200
2007-02-23,21.3167,21.4333,21.2733,21.3667,17.5833,1146000
2007-02-26,21.4367,21.4433,21.2333,21.3367,17.5586,231600
2007-02-27,20.8333,21.1333,20.5233,20.5833,16.9386,459900
2007-02-28,20.6300,20.8067,20.4700,20.6267,16.9743,717300
2007-03-01,20.1333,20.6400,20.1333,20.4800,16.8536,1791300
2007-03-02,20.3833,20.4533,20.0700,20.0700,16.5162,390900
2007-03-05,19.8933,20.2333,19.8533,19.8533,16.3379,306600
2007-03-06,20.1933,20.3700,20.1533,20.3267,16.7274,206400
2007-03-07,20.2000,20.3500,20.1367,20.2433,16.6588,147300
2007-03-08,20.4833,20.5733,20.4233,20.4467,16.8262,351600
2007-03-09,20.7733,20.7733,20.4233,20.5733,16.9304,339600
2007-03-12,20.5600,20.8233,20.5600,20.7367,17.0648,108900
2007-03-13,20.5633,20.6767,20.3133,20.3133,16.7164,99900
2007-03-14,20.3833,20.4367,20.0700,20.4367,16.8179,356700
2007-03-15,20.3667,20.4567,20.3367,20.4267,16.8097,465900
2007-03-16,20.4000,20.4500,20.2100,20.2933,16.7000,154500
2007-03-19,20.4167,20.4333,20.1800,20.1867,16.6122,156900
2007-03-20,20.2133,20.4633,20.2133,20.3900,16.7795,278700
2007-03-21,20.4400,20.8400,20.3833,20.7600,17.0840,207600
2007-03-22,20.6367,20.6367,20.4467,20.4733,16.8481,196800
2007-03-23,20.6000,20.7067,20.5267,20.5967,16.9496,291900
2007-03-26,20.5833,20.6200,20.3333,20.5600,16.9372,222300
2007-03-27,20.5133,20.5967,20.4800,20.4800,16.8713,104700
2007-03-28,20.3533,20.3667,20.2167,20.2267,16.6627,285600
2007-03-29,20.3467,20.3467,19.8733,20.0367,16.5061,843900
2007-03-30,20.1533,20.1967,19.9967,20.1000,16.5583,188400
2007-04-02,20.2300,20.2300,19.9400,20.0733,16.5363,274500
2007-04-03,20.2100,20.2867,20.0667,20.2100,16.6489,60900
2007-04-04,20.2100,20.4333,20.2100,20.3800,16.7890,349200
2007-04-05,20.4200,20.5633,20.4200,20.5433,16.9235,493500
2007-04-09,20.5700,20.5933,20.4133,20.4967,16.8851,193200
2007-04-10,20.5067,20.6733,20.5000,20.6733,17.0306,55200
2007-04-11,20.6467,20.6467,20.4500,20.4633,16.8576,231300
2007-04-12,20.4467,20.7000,20.4467,20.6733,17.0306,64800
2007-04-13,20.5833,20.6367,20.4300,20.6333,16.9977,29100
2007-04-16,20.6600,20.8033,20.6233,20.7800,17.1185,265200
2007-04-17,20.8000,20.8167,20.7000,20.7600,17.1020,127500
2007-04-18,21.0000,21.3400,20.9567,21.1933,17.4590,644100
2007-04-19,21.0367,21.4767,21.0333,21.3200,17.5633,802200
2007-04-20,21.5000,21.5367,21.2600,21.4000,17.6292,316800
2007-04-23,21.3467,21.3600,21.2167,21.2367,17.4947,509700
2007-04-24,21.5667,21.8900,21.5167,21.7633,17.9286,701700
2007-04-25,21.9067,21.9833,21.7000,21.9667,18.0961,218400
2007-04-26,21.9567,21.9667,21.7333,21.9600,18.0906,485100
2007-04-27,21.8133,21.8367,21.6233,21.6333,17.8215,487500
2007-04-30,21.5833,21.5967,21.3200,21.3233,17.5661,191400
2007-05-01,21.3667,21.4367,21.1767,21.3767,17.6100,139500
2007-05-02,21.4267,21.6700,21.4167,21.5533,17.7556,336300
2007-05-03,21.6000,21.7900,21.6000,21.6800,17.8599,185400
2007-05-04,21.7667,21.9400,21.7467,21.8833,18.0274,381600
2007-05-07,21.9300,21.9300,21.7933,21.7933,17.9533,217800
2007-05-08,21.6300,21.7667,21.5600,21.7433,17.9121,266700
2007-05-09,21.6667,22.1367,21.6667,22.1367,18.2361,332400
2007-05-10,21.9667,22.1633,21.6733,21.7300,17.9011,373800
2007-05-11,21.8900,22.0633,21.8433,22.0333,18.1510,194700
2007-05-14,22.1967,22.2000,21.9133,22.0033,18.1263,265500
2007-05-15,21.9700,22.0133,21.7100,21.7100,17.8846,196200
2007-05-16,21.6667,21.7367,21.5000,21.7133,17.8874,123900
2007-05-17,21.6667,21.7600,21.5000,21.6133,17.8050,462300
2007-05-18,21.7467,21.7467,21.4733,21.6467,17.8324,544200
2007-05-21,21.6667,21.9333,21.5900,21.6667,17.8489,362400
2007-05-22,21.7500,21.8967,21.6033,21.7667,17.9313,587400
2007-05-23,21.6167,21.7100,21.4267,21.4533,17.6732,571800
2007-05-24,21.4500,21.4667,20.9633,21.0767,17.3629,952200
2007-05-25,21.1600,21.2633,21.0967,21.1867,17.4535,761400
2007-05-29,21.2200,21.3533,21.2200,21.3200,17.5633,350100
2007-05-30,21.0367,21.1833,21.0233,21.1767,17.4453,255600
2007-05-31,21.3833,21.5167,21.3300,21.5033,17.7144,419700
2007-06-01,21.6467,21.8000,21.6433,21.6967,17.8736,792000
2007-06-04,21.6133,21.8167,21.6100,21.6433,17.8297,315600
2007-06-05,21.6400,21.6433,21.3700,21.5400,17.7446,186300
2007-06-06,21.4567,21.5367,21.2633,21.2633,17.5167,64200
2007-06-07,21.2900,21.3267,20.8700,20.8700,17.1926,295200
2007-06-08,21.0700,21.4667,21.0000,21.4533,17.6732,479700
2007-06-11,21.3967,21.5400,21.3500,21.3700,17.6045,210900
2007-06-12,21.2100,21.4100,21.1400,21.2000,17.4645,134700
2007-06-13,21.2800,21.5433,21.2800,21.5433,17.7473,307200
2007-06-14,21.6167,21.9033,21.6000,21.8233,17.9780,194700
2007-06-15,22.1300,22.2200,22.0500,22.1900,18.2800,279300
2007-06-18,22.1800,22.2333,22.0833,22.1833,18.2745,98700
2007-06-19,21.9833,22.0167,21.8333,22.0000,18.1235,124500
2007-06-20,21.9800,22.1300,21.8533,21.8533,18.0027,321900
2007-06-21,21.9100,22.5333,21.9000,22.5000,18.5354,1065900
2007-06-22,22.4567,22.5167,22.1767,22.2333,18.3157,354300
2007-06-25,22.2533,22.2733,21.9033,21.9533,18.0851,257100
2007-06-26,22.0333,22.0333,21.7333,21.8367,17.9890,264600
2007-06-27,21.9000,22.3367,21.8800,22.3267,18.3926,134100
2007-06-28,22.2933,22.3033,22.1167,22.1167,18.2196,377100
2007-06-29,22.1733,22.2100,21.8533,21.9433,18.1019,135300
2007-07-02,22.1433,22.2500,22.0700,22.2333,18.3412,333000
2007-07-03,22.3067,22.3300,22.2267,22.2933,18.3907,336600
2007-07-05,22.2833,22.4333,22.2233,22.4333,18.5062,79200
2007-07-06,22.4700,22.6400,22.4300,22.6200,18.6601,184200
2007-07-09,22.6667,22.8167,22.6667,22.7833,18.7949,354000
2007-07-10,22.6000,22.7933,22.6000,22.6033,18.6464,270900
2007-07-11,22.5800,22.6467,22.4233,22.5833,18.6299,143700
2007-07-12,22.6867,23.1833,22.6433,23.1833,19.1249,258600
2007-07-13,23.2400,23.2867,23.0867,23.1400,19.0891,326700
2007-07-16,23.1667,23.2900,23.1167,23.2667,19.1936,264000
2007-07-17,23.4000,23.7500,23.3767,23.6267,19.4906,496200
2007-07-18,23.2033,23.2867,22.9933,23.2133,19.1496,413100
2007-07-19,23.3833,23.4533,23.2200,23.3733,19.2816,184800
2007-07-20,23.4333,23.4633,23.0400,23.0900,19.0479,544800
2007-07-23,23.1600,23.3233,23.0633,23.0867,19.0451,431700
2007-07-24,22.7933,22.9667,22.5500,22.6167,18.6574,562800
2007-07-25,22.8633,22.8633,22.5200,22.6700,18.7014,666300
2007-07-26,22.4367,22.5733,21.8800,22.2767,18.3769,575400
2007-07-27,22.2000,22.4133,21.9133,21.9167,18.0799,605400
2007-07-30,22.1533,22.4233,22.0167,22.3100,18.4044,478800
2007-07-31,22.5500,22.5500,21.9533,21.9533,18.1102,1174500
2007-08-01,22.1033,22.1400,21.5833,22.0733,18.2092,1347000
2007-08-02,22.1933,22.1933,21.8333,22.0833,18.2174,553200
2007-08-03,22.0000,22.0333,21.4267,21.4267,17.6757,1453500
2007-08-06,21.4500,21.7200,21.2833,21.7100,17.9094,2033400
2007-08-07,21.5733,21.7833,21.3433,21.6933,17.8957,1598400
2007-08-08,21.9133,22.4800,21.9133,22.1800,18.2972,915600
2007-08-09,21.8667,22.4167,21.8333,22.0200,18.1652,2946300
2007-08-10,21.6300,22.1200,21.5333,21.8933,18.0607,961500
2007-08-13,22.1167,22.1167,21.8167,21.8167,17.9974,336000
2007-08-14,21.9000,21.9867,21.5267,21.5400,17.7692,1852500
2007-08-15,21.3100,21.5233,20.9333,20.9467,17.2797,1248600
2007-08-16,20.8167,21.0833,20.3067,20.9300,17.2660,1069200
2007-08-17,21.5667,21.9967,21.0867,21.2933,17.5657,3301200
2007-08-20,21.4367,21.6433,21.3300,21.5433,17.7720,368400
2007-08-21,21.5467,21.7567,21.5467,21.7100,17.9094,165900
2007-08-22,21.9167,21.9367,21.7433,21.8600,18.0332,251100
2007-08-23,21.9267,21.9267,21.6033,21.6600,17.8682,338700
2007-08-24,21.7667,21.9833,21.6767,21.9700,18.1239,142800
2007-08-27,21.8933,21.9167,21.7533,21.7767,17.9644,64200
2007-08-28,21.6533,21.6833,21.1633,21.2133,17.4997,462300
2007-08-29,21.4133,21.8400,21.4133,21.8233,18.0029,112200
2007-08-30,21.6667,22.0833,21.6667,21.8467,18.0222,287700
2007-08-31,22.0833,22.3000,22.0400,22.2533,18.3577,678300
2007-09-04,22.3000,22.8367,22.3000,22.6367,18.6739,144300
2007-09-05,22.5667,22.5833,22.2900,22.4100,18.4869,390600
2007-09-06,22.5867,22.6400,22.3400,22.6033,18.6464,615300
2007-09-07,22.2400,22.2400,21.8467,22.0233,18.1679,1014900
2007-09-10,22.2933,22.3533,21.8433,22.0667,18.2037,530100
2007-09-11,22.2500,22.4767,22.0933,22.3433,18.4319,700500
2007-09-12,22.2500,22.4133,21.9600,21.9967,18.1459,270000
2007-09-13,22.0000,22.1067,21.8967,21.9167,18.0799,566100
2007-09-14,21.7200,21.8900,21.7067,21.7800,17.9672,442800
2007-09-17,21.6800,21.8100,21.5933,21.7133,17.9122,167700
2007-09-18,21.9233,22.4800,21.7933,22.3567,18.4429,567000
2007-09-19,22.5000,22.7233,22.3467,22.4567,18.5254,405900
2007-09-20,22.3500,22.5467,22.3500,22.4733,18.5391,214200
2007-09-21,22.5933,22.7133,22.5567,22.5733,18.6216,200400
2007-09-24,22.6167,22.7267,22.3967,22.5067,18.5666,378900
2007-09-25,22.3400,22.6633,22.3400,22.6367,18.6739,455100
2007-09-26,22.8633,22.8700,22.5000,22.5267,18.6053,780600
2007-09-27,22.7133,22.7867,22.6033,22.6100,18.6742,149700
2007-09-28,22.6433,22.7300,22.4933,22.4933,18.5778,324600
2007-10-01,22.6267,23.0800,22.6267,22.9633,18.9660,241800
2007-10-02,22.9967,23.0533,22.8467,23.0067,19.0018,796200
2007-10-03,22.7267,23.0600,22.3500,22.5100,18.5916,377100
2007-10-04,22.5067,22.5067,22.3033,22.4700,18.5585,192600
2007-10-05,22.6367,22.9733,22.5833,22.8467,18.8696,613500
2007-10-08,22.9133,22.9567,22.7733,22.8800,18.8972,783600
2007-10-09,23.1667,23.1667,22.4333,22.7133,18.7595,894600
2007-10-10,22.6900,22.7067,22.4633,22.6600,18.7155,633300
2007-10-11,22.8067,22.8067,21.9933,22.1733,18.3135,503400
2007-10-12,22.2833,22.4933,22.2433,22.4433,18.5365,582900
2007-10-15,22.5333,22.6000,22.3500,22.4433,18.5365,445200
2007-10-16,22.4167,22.6333,22.3967,22.4067,18.5062,736500
2007-10-17,23.0000,23.0000,22.5967,22.8233,18.8504,732300
2007-10-18,22.7167,22.8767,22.5600,22.8333,18.8586,442800
2007-10-19,22.7533,22.7533,22.1433,22.1633,18.3052,850800
2007-10-22,21.9400,22.4333,21.9000,22.3567,18.4649,538800
2007-10-23,22.4067,22.4067,22.1033,22.4067,18.5062,289500
2007-10-24,21.9233,21.9233,21.2100,21.7200,17.9391,585300
2007-10-25,21.5767,21.5800,20.8033,21.0033,17.3472,488100
2007-10-26,21.2967,21.3167,20.9033,21.0733,17.4050,367800
2007-10-29,21.1267,21.3933,21.1267,21.2700,17.5674,215100
2007-10-30,21.1967,21.4900,21.1667,21.3500,17.6335,645300
2007-10-31,21.3933,21.6233,21.2567,21.5500,17.7987,271200
2007-11-01,21.4700,21.4700,21.1600,21.1933,17.5041,426600
2007-11-02,21.2667,21.3567,21.0367,21.3400,17.6252,1254300
2007-11-05,21.0900,21.4767,21.0900,21.2367,17.5399,1152000
2007-11-06,21.3500,21.5633,21.2367,21.5433,17.7932,1840800
2007-11-07,21.3467,21.4700,20.9600,20.9667,17.3169,384300
2007-11-08,21.0700,21.0833,20.3267,20.6700,17.0719,1187400
2007-11-09,20.5200,20.7900,20.4133,20.4900,16.9232,994200
2007-11-12,20.3667,20.5500,19.9533,19.9600,16.4855,693300
2007-11-13,20.2533,20.4700,20.1800,20.4133,16.8599,115200
2007-11-14,20.6333,20.6667,20.2533,20.2567,16.7305,114000
2007-11-15,20.1600,20.3933,19.9867,20.1367,16.6314,652500
2007-11-16,20.1733,20.2433,19.8967,20.0000,16.5185,1236000
2007-11-19,19.9267,20.0667,19.6133,19.6367,16.2184,1242900
2007-11-20,19.6900,19.7967,19.0533,19.3967,16.0202,1628400
2007-11-21,19.1300,19.4300,18.8067,19.0133,15.7036,1572900
2007-11-23,19.1700,19.3867,19.0700,19.2900,15.9321,92700
2007-11-26,19.4000,19.4467,18.7967,18.7967,15.5246,222600
2007-11-27,18.8133,19.1967,18.7933,19.1967,15.8550,1816800
2007-11-28,19.5700,20.0900,19.4667,20.0133,16.5295,443700
2007-11-29,19.8900,20.0700,19.8433,19.9967,16.5157,720300
2007-11-30,20.2767,20.2767,19.6667,19.7133,16.2817,90000
2007-12-03,19.7567,19.8933,19.6700,19.6933,16.2652,72300
2007-12-04,19.5667,19.6933,19.5033,19.5400,16.1386,2136600
2007-12-05,19.8667,20.2533,19.8667,20.0967,16.5983,549300
2007-12-06,20.0533,20.4833,20.0533,20.4367,16.8792,541500
2007-12-07,20.4367,20.4800,20.3067,20.4067,16.8544,277200
2007-12-10,20.4400,20.6433,20.3533,20.5833,17.0003,181200
2007-12-11,20.7133,20.8133,20.1767,20.1767,16.6644,1647000
2007-12-12,20.7867,20.7867,20.1600,20.4267,16.8709,911400
2007-12-13,20.3167,20.4933,20.0067,20.2367,16.7140,1119300
2007-12-14,20.1033,20.2367,19.9833,20.0233,16.5378,944100
2007-12-17,19.9100,19.9633,19.5800,19.5800,16.1716,1101300
2007-12-18,19.6700,19.7600,19.4600,19.6700,16.2459,791400
2007-12-19,19.5733,19.8467,19.5733,19.7167,16.2845,252900
2007-12-20,19.9200,20.1100,19.7967,19.9833,16.5047,304500
2007-12-21,20.3333,20.3733,20.1567,20.2400,16.7167,360300
2007-12-24,20.3300,20.4767,20.3300,20.4500,16.8902,121800
2007-12-26,20.4667,20.5200,20.3833,20.4867,16.9205,548400
2007-12-27,20.3500,20.5033,20.0333,20.0400,16.5718,163500
2007-12-28,20.1333,20.1367,19.8800,19.9733,16.5166,191700
2007-12-31,19.9333,20.0067,19.7767,19.8033,16.3761,270000
2008-01-02,19.7800,19.8900,19.1300,19.2733,15.9378,536700
2008-01-03,19.3433,19.3433,18.9767,19.0433,15.7476,600600
2008-01-04,18.7533,18.7533,17.9600,18.1267,14.9896,649800
2008-01-07,18.2133,18.2133,17.5300,17.6933,14.6312,346500
2008-01-08,17.7667,18.0067,17.2233,17.2767,14.2867,415200
2008-01-09,17.2100,17.5333,16.9133,17.3867,14.3776,599100
2008-01-10,17.1567,17.5433,17.1033,17.4567,14.4355,1900800
2008-01-11,17.3467,17.3467,16.8133,16.9133,13.9862,231300
2008-01-14,17.1667,17.4567,17.1433,17.4267,14.4107,115500
2008-01-15,17.2400,17.2400,16.7033,16.7733,13.8704,356700
2008-01-16,16.3800,16.9367,16.1033,16.5600,13.6940,388200
2008-01-17,16.7433,16.9133,16.2533,16.2533,13.4404,486300
2008-01-18,16.4800,16.8033,16.3900,16.6800,13.7933,392100
2008-01-22,16.0333,16.6033,15.7933,16.3667,13.5342,458100
2008-01-23,15.6267,16.7900,15.5000,16.7533,13.8539,443400
2008-01-24,16.8000,17.2300,16.7767,17.2300,14.2481,664800
2008-01-25,17.6000,17.7667,16.8667,16.8833,13.9614,1206000
2008-01-28,16.8067,17.1033,16.6000,17.1033,14.1433,386100
2008-01-29,17.0567,17.2767,16.8867,17.1333,14.1681,224400
2008-01-30,17.1533,17.3567,17.0067,17.1200,14.1571,269100
2008-01-31,16.9000,17.2500,16.8067,17.0700,14.1158,318300
2008-02-01,17.2000,18.0000,17.2000,17.9800,14.8683,604800
2008-02-04,17.9967,18.0000,17.6300,17.6600,14.6037,373800
2008-02-05,17.3000,17.3600,16.8700,16.8900,13.9669,361500
2008-02-06,16.9433,17.0667,16.4467,16.4633,13.6141,379500
2008-02-07,16.3200,16.9000,16.1000,16.6167,13.7409,473700
2008-02-08,16.6400,16.9833,16.6167,16.8100,13.9008,233100
2008-02-11,16.8833,17.3367,16.8833,17.2000,14.2233,164700
2008-02-12,17.3300,17.4600,17.0800,17.1167,14.1543,197400
2008-02-13,17.3233,17.7533,17.3233,17.7500,14.6781,74700
2008-02-14,17.7667,17.7667,17.1500,17.1500,14.1819,992400
2008-02-15,17.0667,17.1700,16.7567,16.8367,13.9228,103800
2008-02-19,17.0667,17.0767,16.6467,16.7133,13.8208,166500
2008-02-20,16.5233,17.1600,16.5233,17.0400,14.0910,165000
2008-02-21,17.3000,17.4467,16.9400,16.9933,14.0524,825900
2008-02-22,17.0367,17.0633,16.7100,17.0500,14.0992,728100
2008-02-25,16.9867,17.3033,16.8733,17.2133,14.2343,1883700
2008-02-26,17.0700,17.6567,17.0700,17.4900,14.4631,4507200
2008-02-27,17.3500,17.7667,17.3500,17.6433,14.5899,1743300
2008-02-28,17.4533,17.5200,17.1733,17.2267,14.2453,293700
2008-02-29,17.0667,17.0967,16.6833,16.7300,13.8346,209400
2008-03-03,16.7267,16.7667,16.4700,16.6300,13.7519,908700
2008-03-04,16.5000,16.7367,16.2067,16.7200,13.8263,808200
2008-03-05,16.5933,17.0300,16.5933,16.8867,13.9642,235500
2008-03-06,16.7267,16.8033,16.3800,16.4000,13.5617,158400
2008-03-07,16.2500,16.7933,16.0700,16.4200,13.5783,339900
2008-03-10,16.3800,16.5400,16.1633,16.1633,13.3660,211800
2008-03-11,16.3533,16.7300,16.2167,16.7300,13.8346,212700
2008-03-12,16.6800,16.9000,16.6067,16.6067,13.7326,1378500
2008-03-13,16.3033,16.9867,16.3033,16.9000,13.9752,387300
2008-03-14,16.9333,16.9600,16.2800,16.4167,13.5755,956100
2008-03-17,15.6867,16.5867,15.6867,16.3533,13.5231,1865100
2008-03-18,16.5100,17.0067,16.4600,17.0067,14.0634,982500
2008-03-19,16.9633,16.9767,16.2933,16.3100,13.4873,511800
2008-03-20,16.2700,16.6300,16.1833,16.6300,13.7519,4154700
2008-03-24,16.6333,17.3600,16.6333,17.1567,14.1874,727200
2008-03-25,17.1667,17.3167,17.0500,17.2067,14.2288,162900
2008-03-26,17.1333,17.2067,16.8200,17.0233,14.0772,2055000
2008-03-27,16.9533,16.9533,16.5833,16.5833,13.7133,262500
2008-03-28,16.7500,16.7833,16.3433,16.3433,13.5149,229500
2008-03-31,16.3667,16.6733,16.3667,16.5200,13.6610,479700
2008-04-01,16.6967,17.2467,16.6967,17.2100,14.2315,866400
2008-04-02,17.2067,17.5800,17.2067,17.3333,14.3335,2016900
2008-04-03,17.1967,17.6800,17.0833,17.5800,14.5375,922800
2008-04-04,17.5033,17.7300,17.3567,17.6033,14.5568,297900
2008-04-07,17.6867,17.7667,17.3867,17.4700,14.4465,3148800
2008-04-08,17.2967,17.2967,17.0433,17.1000,14.1406,337500
2008-04-09,17.1667,17.4500,17.0267,17.2733,14.2839,2472300
2008-04-10,17.3167,17.8433,17.3100,17.6767,14.6174,1656900
2008-04-11,17.4967,17.4967,16.9800,17.0300,14.0827,588900
2008-04-14,16.9000,16.9767,16.6833,16.7233,13.8291,450600
2008-04-15,16.8100,16.8100,16.4067,16.7667,13.8649,748800
2008-04-16,17.1100,17.4833,17.0933,17.4467,14.4272,555600
2008-04-17,17.3333,17.3533,17.0800,17.3267,14.3280,360900
2008-04-18,17.6367,17.8500,17.5000,17.7000,14.6367,957600
2008-04-21,17.5833,17.9100,17.5833,17.8933,14.7966,1871700
2008-04-22,17.7333,17.7333,17.2400,17.4233,14.4080,1019400
2008-04-23,17.5033,18.1100,17.5033,17.9300,14.8269,1615200
2008-04-24,17.9200,18.4000,17.7167,18.2500,15.0915,1280400
2008-04-25,18.3500,18.3500,17.8233,18.1833,15.0364,360300
2008-04-28,18.0767,18.1600,17.9633,18.0533,14.9289,617100
2008-04-29,18.0067,18.2300,18.0000,18.1400,15.0006,669900
2008-04-30,18.1633,18.1633,17.6933,17.7967,14.7167,2556300
2008-05-01,17.7833,18.5333,17.7833,18.4633,15.2680,2147100
2008-05-02,18.6333,18.6933,18.2333,18.4733,15.2762,2086800
2008-05-05,18.3967,18.4733,18.2200,18.3400,15.1660,1626600
2008-05-06,18.1767,18.6733,18.1767,18.6500,15.4223,936600
2008-05-07,18.7000,18.8867,18.4233,18.4233,15.2349,3071100
2008-05-08,18.4867,18.6433,18.2833,18.5000,15.2983,3518700
2008-05-09,18.3033,18.6233,18.3033,18.4967,15.2955,228600
2008-05-12,18.4033,18.7467,18.4033,18.7233,15.4830,172800
2008-05-13,18.7833,18.8400,18.6667,18.8033,15.5491,249600
2008-05-14,18.7933,19.3667,18.7933,19.0433,15.7476,446400
2008-05-15,19.0733,19.4933,19.0167,19.4867,16.1142,402000
2008-05-16,19.5000,19.5967,19.1900,19.5933,16.2024,307200
2008-05-19,19.6333,19.9800,19.4300,19.5000,16.1252,354300
2008-05-20,19.4233,19.4233,18.8900,19.0200,15.7283,338400
2008-05-21,18.9367,19.0967,18.6800,18.7167,15.4774,271200
2008-05-22,18.7367,19.0033,18.7267,18.8233,15.5657,376500
2008-05-23,18.7967,18.7967,18.4200,18.6800,15.4471,267000
2008-05-27,18.6500,19.0400,18.6500,19.0200,15.7283,371700
2008-05-28,19.1133,19.1633,18.9033,19.0933,15.7889,586500
2008-05-29,19.0333,19.1567,19.0133,19.0267,15.7338,132600
2008-05-30,19.1133,19.4033,19.1133,19.3067,15.9653,237600
2008-06-02,19.2633,19.3000,18.8800,19.1133,15.8055,230100
2008-06-03,19.1667,19.1667,18.7000,18.8433,15.5822,556800
2008-06-04,18.9867,19.2600,18.9167,19.1400,15.8275,582900
2008-06-05,19.3300,19.4733,19.1667,19.3867,16.0315,404100
2008-06-06,19.3500,19.4000,18.8767,19.1200,15.8110,354900
2008-06-09,19.0133,19.0133,18.3800,18.7233,15.4830,331800
2008-06-10,18.5800,18.5800,18.2333,18.3467,15.1715,816300
2008-06-11,18.4033,18.4033,17.7600,17.7600,14.6863,459000
2008-06-12,17.6833,18.1900,17.6833,17.8333,14.7470,552600
2008-06-13,18.0000,18.3867,17.9667,18.2933,15.1274,3403200
2008-06-16,18.2100,18.7633,18.2100,18.6600,15.4306,1749600
2008-06-17,18.6833,18.8267,18.4000,18.4067,15.2211,1440300
2008-06-18,18.2333,18.3667,17.9233,18.0000,14.8848,187800
2008-06-19,18.0800,18.6000,17.8933,18.4700,15.2735,430500
2008-06-20,18.2400,18.2400,17.9800,18.0533,14.9289,324300
2008-06-23,18.2333,18.2333,17.7467,17.7667,14.7299,496800
2008-06-24,17.6200,18.1900,17.6200,17.8567,14.8046,2746500
2008-06-25,18.0600,18.4033,18.0600,18.1700,15.0643,781800
2008-06-26,18.0000,18.0300,17.2633,17.3533,14.3872,2019000
2008-06-27,17.2833,17.3767,16.9900,17.2400,14.2933,715500
2008-06-30,17.1233,17.4133,17.0667,17.0667,14.1496,238500
2008-07-01,16.9000,17.0333,16.5533,17.0067,14.0998,341700
2008-07-02,17.0467,17.1467,16.5533,16.6000,13.7627,697200
2008-07-03,16.7333,16.7333,15.8967,16.1233,13.3675,1032900
2008-07-07,16.2067,16.5667,15.9833,16.2200,13.4476,3449100
2008-07-08,16.1333,16.3733,15.9867,16.3133,13.5250,901500
2008-07-09,16.3333,16.3333,15.6533,15.6533,12.9778,4893900
2008-07-10,15.5833,15.9433,15.5167,15.8833,13.1685,750900
2008-07-11,15.6900,16.0633,15.4333,15.8267,13.1215,2791800
2008-07-14,15.9233,16.0067,15.4700,15.6333,12.9612,1956900
2008-07-15,15.5033,16.0867,15.3867,15.7867,13.0884,1030500
2008-07-16,15.9800,16.3433,15.7233,16.2967,13.5112,3625800
2008-07-17,16.4300,16.7400,16.1767,16.6467,13.8014,976500
2008-07-18,16.5733,16.6300,16.0833,16.5667,13.7350,4616400
2008-07-21,16.6667,16.6867,16.3433,16.4267,13.6190,501300
2008-07-22,16.1100,16.1133,15.6867,15.9200,13.1989,735000
2008-07-23,15.9700,16.2567,15.8233,16.0700,13.3233,692100
2008-07-24,16.0000,16.0000,15.2700,15.3033,12.6876,863700
2008-07-25,15.3400,15.4933,15.1833,15.4533,12.8120,4945500
2008-07-28,15.3067,15.4800,15.1533,15.2033,12.6047,2046000
2008-07-29,15.3333,15.6233,15.2267,15.5933,12.9281,1445400
2008-07-30,15.7400,15.8833,15.5300,15.7200,13.0331,3765600
2008-07-31,15.5833,16.0000,15.5833,15.6633,12.9861,911100
2008-08-01,15.6433,15.7000,15.3100,15.5233,12.8700,1091400
2008-08-04,15.5967,15.7167,15.4900,15.5533,12.8949,604200
2008-08-05,15.7100,15.9467,15.5700,15.9367,13.2127,738600
2008-08-06,16.0100,16.2133,15.6967,16.1367,13.3785,538200
2008-08-07,16.1333,16.6167,15.9367,16.2933,13.5084,702000
2008-08-08,16.2800,16.6833,16.2067,16.6333,13.7903,497700
2008-08-11,16.7133,17.1967,16.6267,16.9833,14.0805,676800
2008-08-12,17.0000,17.0867,16.8800,16.9500,14.0529,825000
2008-08-13,17.0200,17.2133,16.8433,17.0333,14.1219,947100
2008-08-14,16.9300,17.2867,16.9000,17.2067,14.2657,695100
2008-08-15,17.3000,17.4333,17.1633,17.2867,14.3320,1181700
2008-08-18,17.4100,17.4100,16.8733,17.0667,14.1496,1061100
2008-08-19,16.9800,17.0167,16.6867,16.7467,13.8843,828300
2008-08-20,16.8967,16.9567,16.6133,16.7000,13.8456,941400
2008-08-21,16.6567,16.6833,16.4767,16.6067,13.7682,684600
2008-08-22,16.8000,16.8767,16.6500,16.8133,13.9396,416700
2008-08-25,16.7133,16.8233,16.5400,16.5500,13.7212,838200
2008-08-26,16.4800,16.5000,16.2800,16.4067,13.6024,576900
2008-08-27,16.3667,16.6867,16.3533,16.5700,13.7378,291300
2008-08-28,16.6433,16.7533,16.5967,16.7267,13.8677,610500
2008-08-29,16.5333,16.5600,16.2333,16.3533,13.5582,491400
2008-09-02,16.6067,16.6933,16.0167,16.0967,13.3454,1169700
2008-09-03,16.0000,16.0000,15.3233,15.3667,12.7402,1014900
2008-09-04,15.2500,15.2800,14.8467,14.8933,12.3477,1060800
2008-09-05,14.6900,15.1733,14.6900,15.0900,12.5108,939000
2008-09-08,15.4867,15.4867,14.7333,15.0000,12.4362,993900
2008-09-09,14.8333,14.9933,14.3400,14.4167,11.9525,2081400
2008-09-10,14.6167,14.6800,14.4067,14.5067,12.0271,1312800
2008-09-11,14.3433,14.6067,14.1267,14.5100,12.0299,1560000
2008-09-12,14.3200,14.5633,14.1600,14.5300,12.0465,1162500
2008-09-15,13.9867,14.4567,13.9500,13.9633,11.5767,1541100
2008-09-16,13.3867,14.2700,13.3333,14.1100,11.6983,1938600
2008-09-17,13.6967,14.2200,13.6367,13.6367,11.3058,961500
2008-09-18,13.8867,14.4500,13.3867,14.3233,11.8751,2410200
2008-09-19,15.4133,15.6167,13.3300,14.6700,12.1626,477300
2008-09-22,14.4000,14.5800,13.9967,14.0033,11.6098,203100
2008-09-23,14.0600,14.2100,13.7067,13.7900,11.4330,169800
2008-09-24,13.9533,14.1233,13.8667,13.9300,11.5490,395700
2008-09-25,13.5800,14.3000,13.5800,14.1300,11.7149,498000
2008-09-26,14.0767,14.2067,13.4467,14.2067,11.7784,467100
2008-09-29,14.1600,14.1600,12.9033,13.0000,10.7780,1169700
2008-09-30,12.8000,13.5367,12.8000,13.5133,11.2036,1665900
2008-10-01,13.6400,13.6400,13.2400,13.4400,11.1428,1028100
2008-10-02,13.2067,13.2467,12.6000,12.6267,10.4685,941700
2008-10-03,12.9033,13.1300,12.4700,12.4833,10.3496,824400
2008-10-06,12.1467,12.1933,11.4100,12.0600,9.9987,857700
2008-10-07,12.0933,12.2067,11.2433,11.2733,9.3465,628500
2008-10-08,10.8100,11.7667,10.8100,11.2467,9.3244,2062500
2008-10-09,11.4900,11.7333,10.9067,11.0533,9.1641,967800
2008-10-10,10.3767,11.3633,10.2300,10.9133,9.0480,2379000
2008-10-13,11.1333,11.9133,11.1333,11.9133,9.8771,617700
2008-10-14,12.3033,12.3833,11.2733,11.4200,9.4681,1168800
2008-10-15,11.3633,11.3733,10.3500,10.3633,8.5920,849000
2008-10-16,10.3367,10.8967,9.9000,10.8667,9.0093,1512300
2008-10-17,10.6433,11.1567,10.6100,10.6967,8.8684,928500
2008-10-20,10.9400,11.0467,10.7967,11.0167,9.1337,562800
2008-10-21,10.5467,10.8367,10.4933,10.4933,8.6998,618300
2008-10-22,10.4800,10.6000,9.8833,10.0667,8.3460,415200
2008-10-23,10.1000,10.1733,9.4800,9.8567,8.1719,543000
2008-10-24,9.0267,10.1500,9.0267,9.8467,8.1636,669600
2008-10-27,9.5833,10.2533,9.5833,9.8267,8.1471,532500
2008-10-28,10.1300,10.7300,9.8000,10.7100,8.8794,981600
2008-10-29,10.5867,10.8500,10.3933,10.5333,8.7329,593400
2008-10-30,10.8333,11.0000,10.5233,10.9900,9.1116,429900
2008-10-31,10.7467,11.3333,10.7467,11.1300,9.2276,541500
2008-11-03,11.2533,11.3367,11.0533,11.1033,9.2055,217800
2008-11-04,11.3200,11.5500,11.2200,11.5167,9.5482,261900
2008-11-05,11.3467,11.4067,10.9167,10.9200,9.0535,231300
2008-11-06,10.7267,10.8133,10.0733,10.0900,8.3654,225300
2008-11-07,10.1900,10.3833,10.1267,10.3133,8.5505,139500
2008-11-10,10.3967,10.4333,9.9067,10.0133,8.3018,163500
2008-11-11,9.7967,10.0100,9.6533,9.8000,8.1250,403200
2008-11-12,9.6067,9.7433,9.2933,9.3067,7.7159,185100
2008-11-13,9.3800,9.9200,8.8400,9.9200,8.2244,571800
2008-11-14,9.6500,9.6800,9.1800,9.2300,7.6524,335700
2008-11-17,9.0900,9.2533,8.9800,8.9900,7.4534,337500
2008-11-18,8.9300,9.0567,8.5333,8.7867,7.2848,359400
2008-11-19,8.6733,8.8267,8.1300,8.1300,6.7404,254100
2008-11-20,8.0267,8.4300,7.7933,7.7933,6.4613,422700
2008-11-21,8.0967,8.1600,7.6333,8.1500,6.7570,336600
2008-11-24,8.1367,8.7167,8.1367,8.6533,7.1743,196500
2008-11-25,8.7067,8.7333,8.3533,8.5567,7.0941,523800
2008-11-26,8.3333,9.1500,8.3333,9.1333,7.5722,348900
2008-11-28,9.1733,9.1733,8.9200,9.0233,7.4810,183600
2008-12-01,8.6967,8.7667,8.3400,8.3400,6.9145,478200
2008-12-02,8.5267,8.5567,8.1800,8.4800,7.0306,414900
2008-12-03,8.2200,8.9067,8.2200,8.8900,7.3705,553200
2008-12-04,8.7300,8.8933,8.3067,8.3900,6.9560,436500
2008-12-05,8.2200,8.6933,8.0433,8.6933,7.2074,710400
2008-12-08,8.9133,8.9633,8.6733,8.8267,7.3180,250200
2008-12-09,8.7867,9.5367,8.6233,9.2267,7.6496,854400
2008-12-10,9.2267,9.7100,9.1800,9.4000,7.7933,874800
2008-12-11,9.3333,9.5733,9.1467,9.1833,7.6137,374100
2008-12-12,8.9567,9.6667,8.9567,9.6433,7.9951,683100
2008-12-15,9.6933,9.6933,9.2933,9.4967,7.8735,297000
2008-12-16,9.6367,10.0433,9.5867,10.0000,8.2908,363300
2008-12-17,9.8600,10.2067,9.7567,10.1000,8.3737,362400
2008-12-18,10.0767,10.0767,9.3500,9.4767,7.8569,343200
2008-12-19,9.5900,9.8200,9.5700,9.6933,8.0365,234900
2008-12-22,9.5467,9.5467,9.0567,9.2433,7.7296,233400
2008-12-23,9.3000,9.3000,8.9267,8.9700,7.5011,260700
2008-12-24,8.9967,9.0833,8.9867,9.0733,7.5875,142500
2008-12-26,9.0833,9.0833,8.9467,9.0133,7.5373,134100
2008-12-29,9.0067,9.0133,8.8300,8.9700,7.5011,379500
2008-12-30,9.0300,9.4000,9.0300,9.3700,7.8355,342900
2008-12-31,9.3600,9.5500,9.3533,9.4567,7.9080,192600
2009-01-02,9.4733,9.9300,9.3933,9.8967,8.2760,169200
2009-01-05,9.8100,10.0433,9.7433,9.8933,8.2732,367800
2009-01-06,9.9533,10.5167,9.9533,10.4267,8.7192,424200
2009-01-07,10.1667,10.1667,9.8233,9.9367,8.3094,351600
2009-01-08,9.8300,9.9567,9.6567,9.9267,8.3011,242100
2009-01-09,9.9000,9.9167,9.5567,9.5767,8.0084,256200
2009-01-12,9.5567,9.5567,9.1967,9.2833,7.7631,199200
2009-01-13,9.3900,9.5533,9.1300,9.2967,7.7742,449100
2009-01-14,9.1467,9.1733,8.8700,8.9233,7.4620,220500
2009-01-15,8.9367,9.1900,8.7133,9.0833,7.5958,440400
2009-01-16,9.2867,9.4967,9.0567,9.4567,7.9080,653400
2009-01-20,9.4400,9.4400,8.8033,8.8200,7.3756,366900
2009-01-21,8.9533,9.0600,8.6267,9.0367,7.5568,277500
2009-01-22,8.8133,8.9900,8.5900,8.8133,7.3700,456000
2009-01-23,8.8300,9.3367,8.7067,9.1900,7.6850,543600
2009-01-26,9.2067,9.4767,9.1433,9.2667,7.7491,519300
2009-01-27,9.2900,9.6500,9.2900,9.5633,7.9972,635700
2009-01-28,9.7900,9.9800,9.7100,9.8967,8.2760,635700
2009-01-29,9.7333,9.7333,9.3367,9.4000,7.8606,367800
2009-01-30,9.4533,9.5400,9.1300,9.2100,7.7017,788700
2009-02-02,9.0367,9.3967,9.0067,9.3167,7.7909,566400
2009-02-03,9.3500,9.4967,9.1633,9.4667,7.9164,1230600
2009-02-04,9.4533,9.9200,9.3900,9.5867,8.0167,1090500
2009-02-05,9.4200,10.1167,9.4200,9.9800,8.3456,950700
2009-02-06,10.0367,10.4100,10.0367,10.3500,8.6551,552300
2009-02-09,10.3167,10.3667,10.1667,10.2967,8.6105,1004700
2009-02-10,10.2300,10.4133,9.7300,9.8233,8.2146,567900
2009-02-11,9.8067,9.8067,9.4533,9.6433,8.0641,654900
2009-02-12,9.4733,9.8133,9.4200,9.7667,8.1673,924900
2009-02-13,9.7333,10.0433,9.7333,9.9267,8.3011,728400
2009-02-17,9.5533,9.5567,9.2367,9.2500,7.7352,441300
2009-02-18,9.3033,9.4967,9.1700,9.2633,7.7463,662100
2009-02-19,9.3567,9.3700,8.7933,8.8267,7.3812,493200
2009-02-20,8.6667,8.9900,8.6667,8.8800,7.4258,818100
2009-02-23,8.9167,8.9167,8.4700,8.5067,7.1136,1062300
2009-02-24,8.5800,8.9933,8.5800,8.9400,7.4760,215100
2009-02-25,8.9067,9.4333,8.8233,9.1933,7.6878,990600
2009-02-26,9.2767,9.6200,9.0733,9.1100,7.6181,578400
2009-02-27,8.9933,9.2567,8.9767,9.0600,7.5763,756900
2009-03-02,8.8800,9.0400,8.5433,8.5833,7.1777,394200
2009-03-03,8.7333,8.8667,8.5567,8.7067,7.2808,818400
2009-03-04,8.8767,9.2733,8.8300,9.0933,7.6042,669600
2009-03-05,9.0000,9.2733,8.9567,8.9700,7.5011,1372200
2009-03-06,9.0867,9.2000,8.6433,8.8567,7.4063,1364400
2009-03-09,8.7733,9.1300,8.6533,8.6867,7.2641,439800
2009-03-10,8.9267,9.3767,8.8733,9.3600,7.8272,787800
2009-03-11,9.4033,9.6833,9.4033,9.5967,8.0251,838800
2009-03-12,9.6633,10.0333,9.5133,10.0133,8.3735,840300
2009-03-13,10.0433,10.1500,9.8967,10.1133,8.4571,783900
2009-03-16,10.4267,10.4600,9.7633,9.8067,8.2007,915300
2009-03-17,9.8467,10.2067,9.7433,10.1900,8.5213,537000
2009-03-18,10.1767,10.6033,10.1267,10.5200,8.7972,1107300
2009-03-19,10.6700,10.6700,10.3667,10.4967,8.7777,1969800
2009-03-20,10.4433,10.5767,9.9233,10.0800,8.4293,492000
2009-03-23,10.4100,10.7267,10.2733,10.7267,8.9700,545100
2009-03-24,10.7300,10.7300,10.3800,10.4100,8.7052,663300
2009-03-25,10.5400,10.8667,10.1700,10.4867,8.7693,1688400
2009-03-26,10.5233,11.0000,10.5233,10.9967,9.1958,1132500
2009-03-27,10.9800,11.0167,10.7433,10.8100,9.0397,337800
2009-03-30,10.7933,10.7933,10.2133,10.3533,8.6578,423600
2009-03-31,10.5800,10.5867,10.3333,10.3800,8.6801,856200
2009-04-01,10.1667,10.5967,10.1400,10.5600,8.8307,429600
2009-04-02,10.7900,11.1833,10.7567,10.9900,9.1902,715200
2009-04-03,11.1200,11.3200,10.8700,11.3200,9.4662,663300
2009-04-06,11.1800,11.2300,10.8800,11.1167,9.2962,416100
2009-04-07,10.9667,10.9667,10.6367,10.7133,8.9589,593100
2009-04-08,10.7500,10.9933,10.6667,10.9567,9.1624,1474800
2009-04-09,11.2633,11.5233,11.1667,11.4200,9.5498,1699200
2009-04-13,11.4233,11.4400,11.0267,11.2967,9.4467,1583700
2009-04-14,11.2167,11.5467,11.1333,11.3333,9.4774,1028400
2009-04-15,11.1300,11.1433,10.9167,11.1233,9.3017,1226400
2009-04-16,11.3333,11.5967,11.1867,11.5800,9.6836,954600
2009-04-17,11.6233,11.6667,11.3500,11.5933,9.6948,1158000
2009-04-20,11.3467,11.4200,10.9733,11.0533,9.2432,880200
2009-04-21,10.9100,11.1767,10.7433,11.0300,9.2237,1080000
2009-04-22,10.9067,11.6767,10.8067,11.3633,9.5024,1218300
2009-04-23,11.5067,11.5067,10.9067,11.2833,9.4355,1635300
2009-04-24,11.4400,11.5400,11.0700,11.4433,9.5693,1604400
2009-04-27,11.2267,11.5800,11.2267,11.3733,9.5108,1219200
2009-04-28,11.2367,11.3533,11.0900,11.1867,9.3547,909300
2009-04-29,11.2667,11.5900,11.1800,11.3833,9.5192,471300
2009-04-30,11.5967,11.9667,11.4533,11.6700,9.7589,1069500
2009-05-01,11.7133,11.8100,11.4633,11.7033,9.7868,2363400
2009-05-04,11.9233,12.2700,11.8333,12.2533,10.2467,1411200
2009-05-05,12.2333,12.2333,11.9100,12.1367,10.1491,653100
2009-05-06,12.3000,12.3000,11.9200,12.2200,10.2188,1029000
2009-05-07,12.3633,12.3633,11.3833,11.5633,9.6697,1157700
2009-05-08,11.6633,11.6633,11.0367,11.2067,9.3714,2005200
2009-05-11,11.0167,11.4333,10.8833,11.2533,9.4105,1275900
2009-05-12,11.1900,11.3367,10.7667,10.9733,9.1763,3557400
2009-05-13,10.8833,10.9700,10.6333,10.6733,8.9254,1503300
2009-05-14,10.6900,11.0400,10.6900,10.9400,9.1484,1688400
2009-05-15,10.8967,11.0467,10.7633,10.8100,9.0397,1228500
2009-05-18,10.9067,11.2100,10.9067,11.1833,9.3519,783900
2009-05-19,11.1500,11.5933,11.0833,11.4333,9.5610,1370700
2009-05-20,11.6100,11.9733,11.5267,11.5533,9.6613,1757400
2009-05-21,11.4267,11.5367,11.1500,11.3233,9.4690,1216500
2009-05-22,11.3733,11.4467,11.1600,11.3267,9.4718,586200
2009-05-26,11.1967,11.7533,11.1967,11.7100,9.7923,1453500
2009-05-27,11.6967,12.1467,11.6967,11.8733,9.9289,1137900
2009-05-28,11.9833,12.1033,11.6667,12.0900,10.1101,672600
2009-05-29,12.1000,12.2233,11.9000,12.1400,10.1519,758400
2009-06-01,12.3600,12.8633,12.3600,12.7833,10.6899,1056900
2009-06-02,12.7633,12.7633,12.3633,12.4433,10.4056,944700
2009-06-03,12.2900,12.2900,12.0867,12.2267,10.2244,652800
2009-06-04,12.3000,12.5233,12.2833,12.4867,10.4418,779700
2009-06-05,12.5933,12.5933,12.1833,12.2867,10.2746,941700
2009-06-08,12.2333,12.3833,12.0500,12.2933,10.2801,689100
2009-06-09,12.4900,12.9533,12.4900,12.8500,10.7457,1330500
2009-06-10,12.9833,12.9967,12.6300,12.8967,10.7847,851700
2009-06-11,12.9400,13.0467,12.7333,12.8200,10.7206,787500
2009-06-12,12.7500,12.7800,12.4633,12.6433,10.5728,309900
2009-06-15,12.4500,12.5667,12.2333,12.5067,10.4585,1163400
2009-06-16,12.5867,12.5900,12.1933,12.2500,10.2439,942900
2009-06-17,12.3033,12.5133,12.0400,12.4133,10.3805,1106100
2009-06-18,12.3733,12.4567,12.1367,12.1800,10.1854,672600
2009-06-19,12.3300,12.4367,12.2333,12.3167,10.2997,486000
2009-06-22,12.1900,12.3067,11.8333,11.8333,9.9296,459300
2009-06-23,11.8600,11.8767,11.5567,11.7333,9.8457,542700
2009-06-24,11.8067,12.1267,11.8067,11.9933,10.0639,309300
2009-06-25,11.9267,12.2467,11.8633,12.2367,10.2681,535200
2009-06-26,12.2100,12.3867,12.1233,12.2167,10.2513,439500
2009-06-29,12.2633,12.3400,12.1333,12.2133,10.2485,291900
2009-06-30,12.2100,12.4167,12.0767,12.2200,10.2541,639900
2009-07-01,12.2967,12.6000,12.2867,12.4167,10.4191,729600
2009-07-02,12.2767,12.3667,12.1533,12.3000,10.3212,1057800
2009-07-06,12.2200,12.3233,11.9467,12.1133,10.1646,465900
2009-07-07,12.1633,12.2900,11.7767,11.7900,9.8932,564300
2009-07-08,11.8333,11.8500,11.5067,11.6833,9.8037,580800
2009-07-09,11.7533,12.0700,11.7433,11.9267,10.0079,627300
2009-07-10,11.8667,12.1033,11.8033,11.9933,10.0639,700200
2009-07-13,12.0033,12.2967,11.8000,12.2900,10.3128,571200
2009-07-14,12.3000,12.5100,12.2967,12.4867,10.4778,1497300
2009-07-15,12.9067,13.0700,12.8667,13.0500,10.9505,688800
2009-07-16,12.9800,13.3567,12.9367,13.3100,11.1687,631500
2009-07-17,13.3167,13.4867,13.1333,13.4700,11.3030,773400
2009-07-20,13.5667,13.6400,13.4233,13.6133,11.4232,1261800
2009-07-21,13.6400,13.6400,13.2933,13.5667,11.3841,1107600
2009-07-22,13.5200,13.9333,13.5033,13.8933,11.6582,945300
2009-07-23,13.8467,14.1933,13.7333,14.1733,11.8931,1533300
2009-07-24,13.8833,14.0300,13.6467,14.0100,11.7561,893400
2009-07-27,14.0300,14.0800,13.7967,14.0567,11.7953,650400
2009-07-28,14.0000,14.1700,13.8633,14.0833,11.8176,432000
2009-07-29,14.0467,14.0700,13.8900,14.0567,11.7953,393000
2009-07-30,14.2367,14.4533,14.0100,14.0167,11.7617,526200
2009-07-31,14.0333,14.2300,13.9833,14.1100,11.8400,480900
2009-08-03,14.2667,14.3733,14.1000,14.3067,12.0050,1240200
2009-08-04,14.1967,14.3733,14.1600,14.2867,11.9882,531000
2009-08-05,14.3467,14.3800,14.0433,14.1567,11.8792,346500
2009-08-06,14.1733,14.3100,13.8867,13.9267,11.6862,440700
2009-08-07,14.1600,14.1767,13.8333,13.9533,11.7085,772800
2009-08-10,13.8667,13.9900,13.7300,13.8400,11.6134,609000
2009-08-11,13.8167,13.9233,13.6267,13.6867,11.4848,346200
2009-08-12,13.6967,14.0567,13.6967,13.9567,11.7113,391800
2009-08-13,14.0900,14.2800,13.8867,14.2533,11.9603,628200
2009-08-14,14.1767,14.1767,13.8467,13.9667,11.7197,771000
2009-08-17,13.7267,13.7267,13.5233,13.5667,11.3841,524400
2009-08-18,13.6000,13.8867,13.6000,13.8567,11.6274,227400
2009-08-19,13.6200,13.9567,13.6200,13.9233,11.6834,469200
2009-08-20,13.8833,14.0667,13.8833,14.0333,11.7757,380400
2009-08-21,14.1200,14.3100,13.9600,14.2967,11.9966,438600
2009-08-24,14.3500,14.4700,14.1200,14.1600,11.8820,337500
2009-08-25,14.2067,14.3200,14.0933,14.2267,11.9379,272400
2009-08-26,14.1867,14.3900,14.1867,14.3600,12.0498,602100
2009-08-27,14.3100,14.3900,14.1167,14.3900,12.0750,269400
2009-08-28,14.6600,14.9100,14.5433,14.6933,12.3295,674100
2009-08-31,14.5800,14.5867,14.3633,14.4800,12.1505,358200
2009-09-01,14.3833,14.7867,14.0800,14.1100,11.8400,984000
2009-09-02,14.0433,14.2500,14.0033,14.0767,11.8120,345900
2009-09-03,14.1333,14.3100,14.0600,14.2933,11.9938,243300
2009-09-04,14.3700,14.6633,14.3200,14.6633,12.3043,313500
2009-09-08,14.8233,14.9733,14.6800,14.9600,12.5533,563700
2009-09-09,14.9867,15.1533,14.8100,15.1267,12.6931,1254900
2009-09-10,15.1533,15.3767,15.0933,15.3600,12.8889,1001400
2009-09-11,15.3333,15.3467,15.0000,15.0767,12.6512,837300
2009-09-14,14.9600,15.1100,14.9567,15.0800,12.6540,345600
2009-09-15,15.1300,15.2767,15.0867,15.2033,12.7574,397200
2009-09-16,15.2833,15.2833,15.0467,15.1467,12.7099,429600
2009-09-17,15.1333,15.1867,14.8033,14.8500,12.4610,584100
2009-09-18,14.8933,15.0533,14.8433,14.9633,12.5561,320400
2009-09-21,14.8700,15.0233,14.8133,14.9467,12.5421,466800
2009-09-22,15.0700,15.1900,14.9533,15.0767,12.6512,1304700
2009-09-23,15.2233,15.4167,15.1200,15.1333,12.6987,737700
2009-09-24,15.2200,15.2333,14.6567,14.7700,12.3938,707700
2009-09-25,14.7200,14.8433,14.5900,14.7300,12.3603,406500
2009-09-28,14.8433,15.1467,14.8200,15.0167,12.6008,349200
2009-09-29,15.0800,15.1633,14.7900,14.8067,12.4246,573900
2009-09-30,14.8800,15.1100,14.6400,14.9300,12.5281,765600
2009-10-01,14.9067,14.9400,14.2133,14.2167,11.9295,2277600
2009-10-02,14.0800,14.3167,14.0167,14.0467,11.7869,718200
2009-10-05,14.1133,14.3633,14.0267,14.3200,12.0162,764700
2009-10-06,14.4433,14.7000,14.4433,14.6000,12.2512,1648500
2009-10-07,14.5967,14.6367,14.4733,14.5700,12.2260,800400
2009-10-08,14.6400,14.6400,14.3000,14.4667,12.1393,1052700
2009-10-09,14.4867,14.9800,14.4800,14.9633,12.5561,784800
2009-10-12,15.0333,15.3533,15.0133,15.1867,12.7435,341700
2009-10-13,15.2167,15.2800,15.0667,15.1300,12.6959,512400
2009-10-14,15.4900,15.5033,15.1900,15.3667,12.8945,1026300
2009-10-15,15.2333,15.2867,15.0267,15.0967,12.6679,1094400
2009-10-16,14.9367,14.9467,14.6033,14.7733,12.3966,1300800
2009-10-19,14.8100,15.0367,14.7167,14.9967,12.5840,564000
2009-10-20,15.0733,15.1933,14.9000,14.9400,12.5365,880200
2009-10-21,14.9567,15.1267,14.6500,14.6833,12.3211,825000
2009-10-22,14.6733,14.8900,14.4500,14.8400,12.4526,1264200
2009-10-23,14.8233,14.8500,14.3933,14.4500,12.1253,1089000
2009-10-26,14.4333,14.7300,14.2733,14.3967,12.0806,1235100
2009-10-27,14.4133,14.5400,14.0167,14.0633,11.8008,1217100
2009-10-28,14.0333,14.1433,13.6333,13.6600,11.4624,1805700
2009-10-29,13.7733,14.0233,13.7733,13.9967,11.7449,798900
2009-10-30,13.9300,13.9467,13.4800,13.5333,11.3561,1259100
2009-11-02,13.5433,13.6800,13.3367,13.5367,11.3589,1293900
2009-11-03,13.3367,13.4233,13.1467,13.4033,11.2470,1286100
2009-11-04,13.5367,13.7533,13.5000,13.5100,11.3365,884700
2009-11-05,13.7200,13.9733,13.6733,13.9167,11.6778,458700
2009-11-06,13.8433,14.1300,13.8333,13.9467,11.7029,339900
2009-11-09,14.1267,14.4167,14.1033,14.3733,12.0610,468000
2009-11-10,14.3800,14.5433,14.2600,14.4000,12.0834,862500
2009-11-11,14.5667,14.7733,14.5300,14.6067,12.2568,1288200
2009-11-12,14.6733,14.8433,14.5167,14.5367,12.1980,477000
2009-11-13,14.5933,14.7133,14.4867,14.6500,12.2931,299100
2009-11-16,14.8633,15.0400,14.8633,14.9967,12.5840,137700
2009-11-17,14.9233,15.0400,14.8500,15.0300,12.6120,90900
2009-11-18,15.0167,15.0467,14.8133,14.9100,12.5113,93300
2009-11-19,14.6533,14.6533,14.2233,14.4200,12.1001,480600
2009-11-20,14.3067,14.3333,14.2033,14.3067,12.0050,306900
2009-11-23,14.4700,14.6200,14.4100,14.4567,12.1309,177300
2009-11-24,14.4867,14.5933,14.4367,14.5733,12.2288,223200
2009-11-25,14.5800,14.6667,14.5800,14.6300,12.2763,110700
2009-11-27,14.1633,14.5200,14.1400,14.4267,12.1057,215700
2009-11-30,14.4500,14.4600,14.2467,14.4533,12.1281,163800
2009-12-01,14.5767,14.9600,14.5767,14.9200,12.5197,189000
2009-12-02,14.9900,15.2467,14.9033,15.1433,12.7071,222900
2009-12-03,15.1467,15.5033,15.1467,15.3300,12.8637,260700
2009-12-04,15.4800,15.7067,15.2767,15.5733,13.0679,310800
2009-12-07,15.5767,15.8467,15.5767,15.7000,13.1742,378900
2009-12-08,15.6567,15.7267,15.4667,15.6133,13.1015,453000
2009-12-09,15.6333,15.7067,15.5000,15.6867,13.1630,188700
2009-12-10,15.7300,15.8600,15.6367,15.6400,13.1239,436800
2009-12-11,15.6767,15.7067,15.4600,15.5233,13.0260,233700
2009-12-14,15.6633,15.7700,15.5733,15.7567,13.2218,221100
2009-12-15,15.7033,15.8633,15.6233,15.6800,13.1574,462600
2009-12-16,15.7100,16.0767,15.7100,15.9100,13.3504,228000
2009-12-17,15.8067,15.9033,15.6533,15.6733,13.1518,125400
2009-12-18,15.7267,15.8867,15.6567,15.8600,13.3085,188700
2009-12-21,15.9367,16.1600,15.9367,16.1600,13.6238,317700
2009-12-22,16.2200,16.3167,16.2000,16.2500,13.6997,999600
2009-12-23,16.3367,16.3567,16.2033,16.2733,13.7193,417900
2009-12-24,16.3233,16.4700,16.3233,16.4667,13.8823,60600
2009-12-28,16.5200,16.5400,16.2300,16.3067,13.7474,395100
2009-12-29,16.3167,16.3200,16.1700,16.2833,13.7277,588300
2009-12-30,16.2300,16.5167,16.2300,16.5133,13.9216,169800
2009-12-31,16.5667,16.6033,16.4100,16.4100,13.8345,138000
2010-01-04,16.5967,16.7567,16.5533,16.6100,14.0031,380400
2010-01-05,16.6367,16.7300,16.4800,16.5833,13.9807,616800
2010-01-06,16.5867,16.6700,16.5167,16.5333,13.9385,219300
2010-01-07,16.5200,16.5200,16.2900,16.4033,13.8289,300600
2010-01-08,16.3700,16.6567,16.3700,16.6500,14.0369,232800
2010-01-11,16.7167,16.7667,16.4633,16.6000,13.9947,269100
2010-01-12,16.4400,16.4400,15.9167,16.0200,13.5057,316800
2010-01-13,16.1133,16.2567,15.7767,16.2067,13.6631,342600
2010-01-14,16.1767,16.1967,16.0100,16.1767,13.6378,424200
2010-01-15,16.1667,16.1667,15.6100,15.6500,13.1938,491400
2010-01-19,15.6667,15.8667,15.6667,15.8300,13.3456,397800
2010-01-20,15.7600,15.8400,15.6233,15.8300,13.3456,916200
2010-01-21,15.8300,16.0833,15.6433,15.7300,13.2613,762900
2010-01-22,15.6433,15.6433,14.9467,14.9900,12.6374,733200
2010-01-25,15.0833,15.3033,15.0667,15.1967,12.8116,536400
2010-01-26,15.1200,15.2800,15.0433,15.0600,12.6964,616200
2010-01-27,15.0667,15.3067,14.9500,15.2700,12.8735,782700
2010-01-28,15.2733,15.2733,14.5833,14.8200,12.4941,1183800
2010-01-29,14.9000,15.0633,14.2300,14.3267,12.0782,899100
2010-02-01,14.3933,14.8300,14.3933,14.8133,12.4885,1690500
2010-02-02,14.8267,15.0400,14.7567,14.9667,12.6177,703200
2010-02-03,14.9300,15.0500,14.8367,14.9633,12.6149,481200
2010-02-04,14.8067,14.8067,14.2933,14.3167,12.0697,614700
2010-02-05,14.3333,14.6600,14.2200,14.6433,12.3451,776100
2010-02-08,14.6567,14.8367,14.4567,14.5833,12.2946,297600
2010-02-09,14.7800,14.9333,14.6333,14.7567,12.4407,272700
2010-02-10,14.7433,14.8867,14.6167,14.8467,12.5166,453600
2010-02-11,14.8200,15.1867,14.7267,15.1533,12.7751,451500
2010-02-12,14.9833,15.4300,14.8633,15.2900,12.8903,514500
2010-02-16,15.4300,15.6467,15.3467,15.6233,13.1713,432000
2010-02-17,15.7067,15.7333,15.4233,15.6100,13.1601,336300
2010-02-18,15.5400,15.6700,15.4167,15.6633,13.2051,1072200
2010-02-19,15.5867,15.7900,15.5133,15.7067,13.2416,1324200
2010-02-22,15.7900,15.8133,15.6233,15.6767,13.2163,839700
2010-02-23,15.6367,15.6367,15.1700,15.2733,12.8763,375000
2010-02-24,15.3433,15.6433,15.3433,15.5600,13.1179,469500
2010-02-25,15.2733,15.5300,15.1333,15.4967,13.0645,376200
2010-02-26,15.5067,15.5067,15.3000,15.4700,13.0421,239700
2010-03-01,15.5467,15.8700,15.5467,15.8367,13.3512,219900
2010-03-02,15.8867,16.0333,15.7833,15.8367,13.3512,403800
2010-03-03,15.9100,16.0133,15.6900,15.7600,13.2866,236700
2010-03-04,15.7667,15.8067,15.5467,15.7467,13.2753,492600
2010-03-05,15.8500,16.0067,15.7500,15.9233,13.4242,344700
2010-03-08,15.9833,16.0033,15.8900,15.9167,13.4186,354300
2010-03-09,15.8400,16.0033,15.7933,15.8733,13.3821,714300
2010-03-10,15.9367,16.2367,15.9133,16.1833,13.6434,315300
2010-03-11,16.1400,16.1400,15.9333,16.0800,13.5563,664200
2010-03-12,16.1667,16.1667,16.0067,16.0500,13.5310,219000
2010-03-15,15.9900,15.9900,15.7733,15.8767,13.3849,180900
2010-03-16,15.9200,16.3467,15.9067,16.3167,13.7559,229500
2010-03-17,16.3700,16.6567,16.3700,16.5800,13.9779,358500
2010-03-18,16.5900,16.5933,16.3133,16.4267,13.8486,264000
2010-03-19,16.4767,16.4767,16.0967,16.2000,13.6575,284100
2010-03-22,16.0933,16.5600,16.0300,16.5200,13.9273,526500
2010-03-23,16.5867,16.8733,16.5733,16.8533,14.2083,423900
2010-03-24,16.7400,16.7500,16.4267,16.4567,13.8739,530100
2010-03-25,16.6333,16.7367,16.4400,16.4467,13.8654,498000
2010-03-26,16.5467,16.6233,16.2433,16.3833,13.8121,417900
2010-03-29,16.4633,16.5733,16.4400,16.4900,13.9020,459300
2010-03-30,16.5067,16.6433,16.3900,16.5900,13.9863,283500
2010-03-31,16.5067,16.6667,16.4433,16.4733,13.8879,250200
2010-04-01,16.6233,16.8233,16.3400,16.4667,13.8823,301800
2010-04-05,16.5900,16.9600,16.5700,16.9400,14.2814,331800
2010-04-06,16.8467,16.8967,16.7300,16.8333,14.1914,288300
2010-04-07,16.7933,17.0200,16.6833,16.8967,14.2448,157200
2010-04-08,16.8167,16.8167,16.5633,16.6667,14.0509,188100
2010-04-09,16.6833,16.8500,16.6600,16.8500,14.2055,81600
2010-04-12,16.9167,17.1133,16.8500,16.9933,14.3263,178200
2010-04-13,17.0033,17.1700,16.9667,17.1533,14.4612,165600
2010-04-14,17.5000,17.8767,17.4633,17.8500,15.0485,477600
2010-04-15,17.8500,18.0000,17.7933,17.9267,15.1132,255900
2010-04-16,17.8233,17.8233,17.4300,17.6667,14.8940,600000
2010-04-19,17.6000,17.6733,17.1567,17.5100,14.7619,642000
2010-04-20,17.6700,17.7900,17.5333,17.7400,14.9558,198300
2010-04-21,17.8500,17.8900,17.2833,17.5100,14.7619,195900
2010-04-22,17.3033,17.7667,17.0233,17.7533,14.9670,452700
2010-04-23,17.7767,17.7767,17.4767,17.7633,14.9755,266700
2010-04-26,17.7400,17.9567,17.7400,17.8433,15.0429,190800
2010-04-27,17.7100,17.8100,17.2200,17.2667,14.5568,402900
2010-04-28,17.3700,17.5300,17.0867,17.3500,14.6270,459300
2010-04-29,17.4300,17.5700,17.2800,17.5700,14.8125,384600
2010-04-30,17.5833,17.5833,16.8067,16.8067,14.1689,364200
2010-05-03,16.9133,17.2433,16.8833,17.1567,14.4640,1291800
2010-05-04,16.8933,16.9033,16.3000,16.5000,13.9104,671700
2010-05-05,16.3267,16.5833,16.0533,16.3333,13.7699,1179600
2010-05-06,16.2067,16.4533,7.7533,15.7400,13.2697,1384500
2010-05-07,15.6000,15.8933,15.0000,15.5400,13.1011,3522600
2010-05-10,16.3667,16.3733,16.0767,16.3500,13.7840,517800
2010-05-11,16.2300,16.5267,16.0100,16.2567,13.7053,851400
2010-05-12,16.3800,16.7400,16.3200,16.7033,14.0818,667800
2010-05-13,16.6300,16.7800,16.2333,16.3067,13.7474,664800
2010-05-14,16.1500,16.1500,15.5167,15.8133,13.3315,697800
2010-05-17,15.8133,16.0400,15.5200,16.0167,13.5029,853200
2010-05-18,16.1467,16.2067,15.4933,15.5767,13.1320,1389000
2010-05-19,15.5267,15.8233,15.3133,15.6700,13.2107,1431900
2010-05-20,15.2800,15.5433,14.9567,15.2033,12.8172,1052400
2010-05-21,14.8967,15.6933,14.8533,15.4333,13.0111,910200
2010-05-24,15.4167,15.5600,15.2000,15.2033,12.8172,765600
2010-05-25,14.8000,15.2700,14.6000,15.2500,12.8566,1066200
2010-05-26,15.4133,15.7000,15.2100,15.2767,12.8791,954300
2010-05-27,15.5333,15.9633,15.5333,15.9633,13.4580,1031100
2010-05-28,15.9000,15.9367,15.5167,15.7067,13.2416,560100
2010-06-01,15.6200,15.8533,15.3733,15.3733,12.9606,988200
2010-06-02,15.4467,15.8700,15.3800,15.8700,13.3793,120600
2010-06-03,15.9167,16.0800,15.7833,16.0600,13.5395,465000
2010-06-04,15.7267,15.9233,15.2833,15.3433,12.9353,268500
2010-06-07,15.3900,15.5167,14.7667,14.7800,12.4604,518100
2010-06-08,14.8033,14.8367,14.3933,14.7767,12.4575,300900
2010-06-09,14.9333,15.1900,14.5700,14.6067,12.3142,321300
2010-06-10,14.8367,15.1333,14.8367,15.1233,12.7498,252300
2010-06-11,14.8933,15.3633,14.8933,15.3400,12.9325,471000
2010-06-14,15.5800,15.6933,15.3667,15.3767,12.9634,485100
2010-06-15,15.4700,16.1933,15.4700,16.1433,13.6097,401400
2010-06-16,15.9967,16.3133,15.9000,16.2033,13.6603,348900
2010-06-17,16.2667,16.3433,15.9633,16.2233,13.6772,140100
2010-06-18,16.2667,16.3533,16.1267,16.1867,13.6463,159000
2010-06-21,16.3267,16.4000,15.8900,15.9933,13.5432,422400
2010-06-22,16.0167,16.2400,15.6700,15.6800,13.2779,324600
2010-06-23,15.7367,15.9400,15.4800,15.7433,13.3315,353700
2010-06-24,15.6733,15.6733,15.2800,15.3267,12.9787,404100
2010-06-25,15.4067,15.4333,15.1000,15.3700,13.0154,241200
2010-06-28,15.3533,15.6267,15.2700,15.4767,13.1057,887400
2010-06-29,15.1567,15.1600,14.7333,14.8200,12.5496,576000
2010-06-30,14.8533,14.9933,14.5267,14.5700,12.3379,321300
2010-07-01,14.5400,14.7000,14.1667,14.5433,12.3154,753600
2010-07-02,14.5500,14.6033,14.2867,14.4667,12.2504,434700
2010-07-06,14.6633,14.7967,14.3100,14.4267,12.2166,223500
2010-07-07,14.4533,15.2100,14.4533,15.1967,12.8686,165300
2010-07-08,15.3700,15.3700,14.9333,15.1767,12.8517,405000
2010-07-09,15.1233,15.3933,15.1200,15.3933,13.0351,293700
2010-07-12,15.3100,15.5833,15.3100,15.4867,13.1142,762600
2010-07-13,15.6667,15.9067,15.5933,15.8333,13.4077,301800
2010-07-14,16.0400,16.1467,15.7333,15.8067,13.3852,656700
2010-07-15,15.8267,15.8333,15.4967,15.7833,13.3654,255300
2010-07-16,15.6367,15.6967,15.3167,15.3167,12.9702,166200
2010-07-19,15.3700,15.7367,15.3700,15.7300,13.3202,237300
2010-07-20,15.2667,15.7300,15.1467,15.7100,13.3033,501000
2010-07-21,15.7333,15.7333,15.3533,15.3933,13.0351,417000
2010-07-22,15.5100,15.9633,15.5100,15.9100,13.4727,169800
2010-07-23,15.8400,16.0567,15.6967,16.0333,13.5771,292800
2010-07-26,16.0067,16.2900,15.8667,16.2900,13.7944,221400
2010-07-27,16.3433,16.3600,16.1200,16.1500,13.6759,316500
2010-07-28,16.1100,16.2133,15.8000,15.8833,13.4501,336000
2010-07-29,15.9667,15.9667,15.3333,15.4933,13.1198,351300
2010-07-30,15.2400,15.4333,15.0867,15.3267,12.9787,263400
2010-08-02,15.5133,15.6500,15.3733,15.5633,13.1791,1021800
2010-08-03,15.4767,15.4867,15.3333,15.4233,13.0605,170400
2010-08-04,15.4700,15.5800,15.3000,15.5667,13.1819,766800
2010-08-05,15.4933,15.6400,15.4333,15.5267,13.1480,164100
2010-08-06,15.3500,15.6233,15.3333,15.5300,13.1509,662400
2010-08-09,15.6800,15.6933,15.4533,15.6300,13.2355,136200
2010-08-10,15.4733,15.4733,15.1067,15.2533,12.9166,798300
2010-08-11,14.9300,14.9300,14.5567,14.6533,12.4085,641700
2010-08-12,14.3467,14.5167,14.1900,14.4267,12.2166,688500
2010-08-13,14.3767,14.5833,14.3167,14.3300,12.1347,187800
2010-08-16,14.2667,14.4900,14.1767,14.3700,12.1686,225300
2010-08-17,14.4867,14.7100,14.4367,14.5700,12.3379,173700
2010-08-18,14.5867,14.8200,14.5167,14.7433,12.4847,988800
2010-08-19,14.6567,14.7733,14.4467,14.5300,12.3041,316800
2010-08-20,14.4833,14.6500,14.4100,14.5333,12.3069,357300
2010-08-23,14.5900,14.6767,14.3567,14.3767,12.1742,438000
2010-08-24,14.1867,14.2967,14.0000,14.1567,11.9879,458700
2010-08-25,14.0333,14.3033,13.9100,14.2733,12.0867,161700
2010-08-26,14.3400,14.3533,14.0000,14.0567,11.9032,212100
2010-08-27,14.1567,14.4033,13.7700,14.3667,12.1658,551100
2010-08-30,14.2967,14.3033,13.9800,13.9833,11.8411,510300
2010-08-31,13.9033,14.0567,13.6500,13.7233,11.6210,563700
2010-09-01,13.9400,14.2567,13.9367,14.1167,11.9541,245100
2010-09-02,14.1267,14.4167,14.1267,14.4033,12.1968,200700
2010-09-03,14.6067,14.7367,14.4067,14.6800,12.4311,133500
2010-09-07,14.5767,14.6300,14.3100,14.3367,12.1404,73200
2010-09-08,14.3633,14.3633,14.1400,14.2733,12.0867,98700
2010-09-09,14.4333,14.4667,14.2667,14.3000,12.1093,1473600
2010-09-10,14.2867,14.3200,13.9200,14.1233,11.9597,294000
2010-09-13,14.2567,14.6000,14.2433,14.5733,12.3408,401700
2010-09-14,14.5567,14.9233,14.4167,14.8433,12.5694,945000
2010-09-15,14.7600,14.8500,14.6100,14.8200,12.5496,255600
2010-09-16,14.7933,14.9700,14.7133,14.9400,12.6513,1183800
2010-09-17,15.0367,15.0433,14.8833,14.9500,12.6597,668700
2010-09-20,15.0133,15.1067,14.8433,15.0767,12.7670,1079400
2010-09-21,15.0767,15.2300,15.0133,15.1100,12.7952,801900
2010-09-22,15.0000,15.0800,14.7767,14.8733,12.5948,261900
2010-09-23,14.7433,15.2267,14.6667,14.9633,12.6710,550200
2010-09-24,15.1733,15.6300,15.1733,15.6300,13.2355,770400
2010-09-27,15.5933,15.6667,15.4667,15.5500,13.1678,1869900
2010-09-28,15.6233,15.8633,15.3867,15.8233,13.3993,688200
2010-09-29,15.7267,15.9967,15.7267,15.8633,13.4331,835500
2010-09-30,15.9433,16.0533,15.6133,15.7700,13.3541,3003300
2010-10-01,15.8733,15.9200,15.6000,15.7533,13.3400,338700
2010-10-04,15.6633,15.7333,15.3600,15.5367,13.1565,577500
2010-10-05,15.6933,15.9733,15.6633,15.9333,13.4924,2149800
2010-10-06,15.8933,15.9033,15.5633,15.6900,13.2864,664500
2010-10-07,15.7600,15.7967,15.5733,15.7500,13.3372,1087800
2010-10-08,15.7500,15.9300,15.5300,15.9000,13.4642,1113600
2010-10-11,15.8900,16.1433,15.8900,16.0233,13.5686,1359900
2010-10-12,15.9667,16.1900,15.8567,16.1367,13.6646,937200
2010-10-13,16.1867,16.1867,15.9633,16.1067,13.6392,944100
2010-10-14,16.0667,16.2400,15.9933,16.0667,13.6053,708300
2010-10-15,15.0333,16.3000,15.0200,16.1333,13.6618,822300
2010-10-18,16.0500,16.1000,15.9000,16.0233,13.5686,1510800
2010-10-19,15.7867,16.0833,15.6433,15.8000,13.3795,771000
2010-10-20,15.8433,15.9667,15.7033,15.9067,13.4698,1115700
2010-10-21,15.9067,15.9300,15.6800,15.8133,13.3908,1240500
2010-10-22,15.8167,16.1633,15.8167,16.1200,13.6505,936000
2010-10-25,16.2167,16.4067,16.2167,16.3067,13.8086,969000
2010-10-26,16.2233,16.3100,16.0833,16.2367,13.7493,749400
2010-10-27,16.2567,16.7567,16.2567,16.7500,14.1840,2363100
2010-10-28,16.7733,16.7933,16.5500,16.7567,14.1896,3502500
2010-10-29,16.7067,16.9033,16.7067,16.8600,14.2771,561600
2010-11-01,16.9700,16.9700,16.6733,16.8067,14.2320,750600
2010-11-02,16.9100,16.9967,16.8200,16.9200,14.3279,1857300
2010-11-03,16.9533,17.1000,16.8433,17.0933,14.4747,413100
2010-11-04,17.3067,17.6433,17.3067,17.6267,14.9263,447900
2010-11-05,17.6133,17.8200,17.6033,17.7400,15.0223,446400
2010-11-08,17.7033,17.8667,17.6633,17.7367,15.0195,847200
2010-11-09,17.7600,17.7600,17.4700,17.5467,14.8586,225600
2010-11-10,17.5267,17.5467,17.3067,17.5300,14.8445,1402800
2010-11-11,17.0433,17.3733,16.8867,17.3367,14.6808,483600
2010-11-12,17.2667,17.5900,17.1400,17.3300,14.6751,1605000
2010-11-15,17.4300,17.4833,17.1900,17.2000,14.5650,172500
2010-11-16,17.0800,17.2100,16.8633,16.9533,14.3562,916200
2010-11-17,16.8767,17.1233,16.8767,16.9400,14.3449,175200
2010-11-18,17.1100,17.3133,17.1100,17.2467,14.6046,305100
2010-11-19,17.2133,17.5733,17.2133,17.5133,14.8304,194700
2010-11-22,17.5133,17.7433,17.4833,17.7367,15.0195,343500
2010-11-23,17.5500,17.6933,17.5200,17.6067,14.9094,689400
2010-11-24,17.7233,18.0833,17.7233,18.0500,15.2848,524400
2010-11-26,17.9567,18.0500,17.8967,17.9367,15.1888,165900
2010-11-29,17.8433,17.9433,17.6933,17.9100,15.1663,420900
2010-11-30,17.7300,17.7833,17.6367,17.6833,14.9743,1418400
2010-12-01,17.9667,18.2767,17.9667,18.2167,15.4260,473700
2010-12-02,18.3067,18.6000,18.3067,18.5767,15.7308,695100
2010-12-03,18.4500,18.7200,18.4500,18.6700,15.8098,656400
2010-12-06,18.7067,18.7067,18.5167,18.6600,15.8014,702900
2010-12-07,18.8400,18.9267,18.6400,18.6400,15.7844,292200
2010-12-08,18.6233,18.8267,18.6000,18.8000,15.9199,218700
2010-12-09,18.9133,18.9167,18.7933,18.8567,15.9679,99900
2010-12-10,18.8933,18.9267,18.8000,18.8600,15.9707,57300
2010-12-13,18.9700,18.9833,18.7233,18.7333,15.8635,682200
2010-12-14,18.7700,18.7833,18.5467,18.6100,15.7590,365100
2010-12-15,18.5533,18.6533,18.3833,18.4100,15.5897,203400
2010-12-16,18.4167,18.5767,18.4100,18.5100,15.6744,1235700
2010-12-17,18.5367,18.6833,18.5367,18.6300,15.7760,485400
2010-12-20,18.5967,18.5967,18.4033,18.4733,15.6433,177300
2010-12-21,18.5500,18.6467,18.5467,18.5900,15.7421,117300
2010-12-22,18.5100,18.6133,18.4133,18.6100,15.7590,1719000
2010-12-23,18.5867,18.6000,18.5067,18.5567,15.7139,251700
2010-12-27,18.5167,18.6000,18.3267,18.5800,15.7336,149700
2010-12-28,18.6200,18.6200,18.4333,18.5033,15.6687,120900
2010-12-29,18.5733,18.5733,18.4833,18.5067,15.6715,53100
2010-12-30,18.4867,18.6033,18.4867,18.5633,15.7195,125400
2010-12-31,18.4833,18.5667,18.4533,18.5667,15.7223,53700
2011-01-03,18.6567,18.8900,18.6200,18.6667,15.8070,343500
2011-01-04,18.7567,18.8433,18.5333,18.7133,15.8465,273900
2011-01-05,18.6033,18.7933,18.5633,18.7733,15.8973,137700
2011-01-06,18.8767,19.1433,18.8433,19.1100,16.1824,978300
2011-01-07,19.1633,19.2467,18.8633,19.1633,16.2276,4041300
2011-01-10,19.1067,19.4033,19.0767,19.3700,16.4026,768600
2011-01-11,19.4800,19.4800,19.3200,19.4200,16.4449,132300
2011-01-12,19.5500,19.8100,19.4367,19.8000,16.7667,459000
2011-01-13,19.8167,19.8800,19.7000,19.8133,16.7780,687900
2011-01-14,19.8667,20.3433,19.8667,20.3400,17.2240,1652100
2011-01-18,20.2633,20.3400,20.1600,20.2833,17.1760,741600
2011-01-19,20.1033,20.1233,19.7433,19.7933,16.7611,2770800
2011-01-20,19.6333,19.6333,19.3067,19.5900,16.5889,1370700
2011-01-21,19.7433,19.7700,19.4133,19.4500,16.4703,276000
2011-01-24,19.5200,19.9100,19.5000,19.9000,16.8514,1881300
2011-01-25,19.8500,19.8800,19.6333,19.7600,16.7329,381900
2011-01-26,19.8400,19.9833,19.7200,19.9200,16.8683,422100
2011-01-27,20.0633,20.3567,20.0633,20.3100,17.1986,294000
2011-01-28,20.3633,20.3967,19.6500,19.7533,16.7272,464100
2011-01-31,19.7600,19.9233,19.3933,19.8300,16.7921,179100
2011-02-01,20.0100,20.4267,20.0100,20.3233,17.2099,1026000
2011-02-02,20.2533,20.5200,20.2100,20.4300,17.3002,446100
2011-02-03,20.4667,20.4933,20.2633,20.4467,17.3143,414300
2011-02-04,20.5067,20.8767,20.4900,20.8767,17.6785,1151700
2011-02-07,20.9367,21.0000,20.7233,20.7933,17.6079,508800
2011-02-08,20.7900,20.7967,20.6167,20.7933,17.6079,297000
2011-02-09,20.7100,20.7833,20.5733,20.6467,17.4837,135300
2011-02-10,20.4067,20.7067,20.3433,20.6733,17.5063,1100700
2011-02-11,20.5600,20.9133,20.5300,20.8400,17.6474,267000
2011-02-14,20.8733,21.1733,20.8733,21.0100,17.7914,210300
2011-02-15,20.9800,20.9800,20.7233,20.7967,17.6107,219600
2011-02-16,20.9567,21.0767,20.8867,21.0133,17.7942,264600
2011-02-17,20.9267,21.3767,20.9267,21.3300,18.0623,621600
2011-02-18,21.3567,21.3967,21.1833,21.2800,18.0200,243000
2011-02-22,20.8700,20.9233,20.3767,20.4467,17.3143,488400
2011-02-23,20.4867,20.4867,19.7833,20.0533,16.9813,405300
2011-02-24,20.0533,20.4167,20.0267,20.3667,17.2466,459600
2011-02-25,20.6333,20.9167,20.5967,20.8933,17.6926,1692000
2011-02-28,20.9733,21.0267,20.4800,20.6933,17.5232,253500
2011-03-01,20.7267,20.7700,20.2667,20.2900,17.1817,844500
2011-03-02,20.2733,20.8133,20.2733,20.5467,17.3990,3923100
2011-03-03,20.7567,21.0333,20.7567,20.9433,17.7349,591900
2011-03-04,20.9167,20.9233,20.6133,20.7700,17.5881,4838100
2011-03-07,20.8433,20.8433,19.9700,20.2000,17.1055,867000
2011-03-08,20.1767,20.3933,19.9933,20.2200,17.1224,1839300
2011-03-09,20.1167,20.1167,19.5700,19.5933,16.5917,1835100
2011-03-10,19.3067,19.3867,19.0800,19.0967,16.1711,1764900
2011-03-11,18.9700,19.3367,18.9700,19.3133,16.3546,626400
2011-03-14,19.2233,19.5100,19.1400,19.2700,16.3179,4028700
2011-03-15,18.6600,19.1467,18.4400,19.0167,16.1034,1566900
2011-03-16,18.9133,19.2333,18.4800,18.6167,15.7647,6734100
2011-03-17,18.9667,19.0667,18.7733,18.8400,15.9538,4530600
2011-03-18,19.1333,19.1467,18.8400,18.9200,16.0215,1270200
2011-03-21,19.1900,19.3667,19.1400,19.2600,16.3095,754200
2011-03-22,19.2500,19.2500,19.0467,19.0767,16.1542,689400
2011-03-23,19.0067,19.2933,18.8867,19.2600,16.3095,1657800
2011-03-24,19.4400,19.7733,19.3967,19.7300,16.7075,904800
2011-03-25,19.7667,19.8600,19.6367,19.6600,16.6733,1090200
2011-03-28,19.7833,19.8367,19.6533,19.6633,16.6761,1275600
2011-03-29,19.6567,19.8600,19.4800,19.8600,16.8429,633600
2011-03-30,20.0567,20.0567,19.7233,19.8833,16.8626,238200
2011-03-31,19.8500,19.9067,19.6400,19.6967,16.7043,183300
2011-04-01,19.8100,19.8100,19.4167,19.4800,16.5206,555000
2011-04-04,19.5533,19.5533,19.1967,19.3067,16.3736,677400
2011-04-05,19.6367,19.9000,19.6133,19.7400,16.7411,814200
2011-04-06,19.9400,20.0733,19.8633,20.0433,16.9983,268800
2011-04-07,20.0567,20.0567,19.7667,19.9767,16.9418,2364900
2011-04-08,20.0733,20.1200,19.7067,19.8100,16.8005,289200
2011-04-11,19.8100,19.8367,19.5733,19.6433,16.6591,371100
2011-04-12,19.5067,19.5067,19.1233,19.2267,16.3057,692400
2011-04-13,19.3433,19.4033,19.1600,19.2733,16.3453,1275000
2011-04-14,19.1167,19.3067,19.0133,19.3033,16.3708,337200
2011-04-15,19.2500,19.4667,19.1500,19.4033,16.4556,558300
2011-04-18,19.1667,19.1700,18.9167,19.0567,16.1616,352500
2011-04-19,19.0333,19.1567,18.9900,19.1367,16.2294,242100
2011-04-20,19.6833,19.9667,19.6700,19.9467,16.9164,838500
2011-04-21,20.1067,20.1067,19.8700,19.9667,16.9333,204600
2011-04-25,19.9833,20.0567,19.9067,19.9800,16.9446,527100
2011-04-26,20.0000,20.3400,20.0000,20.3067,17.2217,282300
2011-04-27,20.1667,20.3267,20.0700,20.2933,17.2104,230700
2011-04-28,20.2400,20.3033,20.0567,20.1900,17.1227,136200
2011-04-29,20.1567,20.2867,20.1567,20.2600,17.1821,127800
2011-05-02,20.3267,20.3267,20.0333,20.0767,17.0266,228600
2011-05-03,19.9833,20.0300,19.6933,19.8300,16.8174,346800
2011-05-04,19.9067,19.9900,19.5867,19.8233,16.8118,794400
2011-05-05,19.7233,20.0700,19.6933,19.8767,16.8570,258000
2011-05-06,20.1200,20.2433,19.9500,20.0333,16.9899,282600
2011-05-09,20.0533,20.0533,19.8300,19.9500,16.9192,516900
2011-05-10,19.9933,20.1100,19.9600,20.0467,17.0012,146700
2011-05-11,20.1000,20.1433,19.7833,19.9000,16.8768,200100
2011-05-12,19.8133,20.2400,19.7933,20.1600,17.0973,341400
2011-05-13,20.1333,20.1933,19.9000,19.9133,16.8881,130500
2011-05-16,19.8367,20.0400,19.5967,19.6333,16.6506,735900
2011-05-17,19.5267,19.5433,19.2000,19.3900,16.4443,1129200
2011-05-18,19.4000,19.7867,19.4000,19.7433,16.7439,150900
2011-05-19,19.7000,19.7000,19.4067,19.5767,16.6026,602700
2011-05-20,19.5800,19.6367,19.4267,19.5367,16.5687,322500
2011-05-23,19.3000,19.3000,19.1233,19.1367,16.2294,274200
2011-05-24,19.2333,19.2367,18.9667,18.9700,16.0881,1470900
2011-05-25,18.9000,19.2133,18.8900,19.1400,16.2322,872100
2011-05-26,19.1167,19.3500,19.0600,19.3200,16.3849,372600
2011-05-27,19.4633,19.6333,19.4633,19.5500,16.5800,1218000
2011-05-31,19.7600,19.8667,19.6700,19.8467,16.8316,696300
2011-06-01,19.8267,19.8267,19.2467,19.2700,16.3425,756600
2011-06-02,19.3167,19.4500,19.1700,19.2467,16.3227,489600
2011-06-03,19.0233,19.1867,18.8867,18.9100,16.0372,531600
2011-06-06,18.8700,18.9567,18.7533,18.7733,15.9213,1011600
2011-06-07,18.8833,19.0533,18.8500,18.8500,15.9863,891600
2011-06-08,18.7600,18.7600,18.4200,18.4833,15.6753,778500
2011-06-09,18.4900,18.6067,18.3967,18.4967,15.6866,1505700
2011-06-10,18.4233,18.4333,18.0767,18.2000,15.4351,408000
2011-06-13,18.2300,18.3000,17.9667,18.0400,15.2994,450000
2011-06-14,18.3233,18.4667,18.3000,18.3567,15.5679,871500
2011-06-15,18.1900,18.3000,17.9867,18.0200,15.2824,468300
2011-06-16,18.0000,18.0400,17.6567,17.8133,15.1071,580200
2011-06-17,17.9867,17.9867,17.4900,17.5500,14.8838,938700
2011-06-20,17.4933,17.6367,17.4833,17.5733,14.9036,1503300
2011-06-21,17.6900,18.0400,17.5733,17.9867,15.2541,1037100
2011-06-22,17.9500,18.1000,17.8700,17.9167,15.1948,590100
2011-06-23,17.7133,18.1600,17.5800,18.1400,15.4149,533100
2011-06-24,18.1033,18.1033,17.6733,17.7233,15.0608,346800
2011-06-27,17.7633,17.8867,17.5567,17.8133,15.1373,253500
2011-06-28,17.8600,18.0600,17.8500,18.0533,15.3412,272400
2011-06-29,18.1067,18.1700,17.9400,18.0767,15.3610,470400
2011-06-30,18.1100,18.5633,18.1100,18.5000,15.7208,378600
2011-07-01,18.5133,18.9433,18.4767,18.8967,16.0578,305400
2011-07-05,18.9000,18.9433,18.6600,18.7467,15.9304,503100
2011-07-06,18.6367,18.6500,18.4367,18.5967,15.8029,870600
2011-07-07,18.7567,19.0600,18.7233,18.9500,16.1032,512700
2011-07-08,18.7500,18.7500,18.4967,18.6900,15.8822,508200
2011-07-11,18.4767,18.7033,18.3000,18.3667,15.6075,352800
2011-07-12,18.1967,18.1967,17.7400,17.8400,15.1599,861600
2011-07-13,17.9333,18.0500,17.7033,17.7833,15.1118,1169100
2011-07-14,17.8000,18.0033,17.4767,17.5200,14.8880,502800
2011-07-15,17.6267,17.6267,17.3800,17.5900,14.9475,603000
2011-07-18,17.5000,17.5833,17.2133,17.3767,14.7662,967200
2011-07-19,17.5367,17.9633,17.5367,17.9200,15.2279,1461600
2011-07-20,17.9833,18.0267,17.7467,17.8500,15.1684,1185000
2011-07-21,17.8167,18.0467,17.5733,17.9833,15.2817,890100
2011-07-22,18.0600,18.4800,18.0600,18.4200,15.6528,541800
2011-07-25,18.2300,18.3000,18.1200,18.2033,15.4687,522900
2011-07-26,18.2867,18.5500,18.2867,18.3267,15.5735,767400
2011-07-27,18.1600,18.1600,17.6267,17.6733,15.0183,1825200
2011-07-28,17.6633,17.9100,17.4533,17.6367,14.9871,579300
2011-07-29,17.3667,17.6400,17.2400,17.4900,14.8625,453600
2011-08-01,17.7333,17.7967,17.2300,17.4700,14.8455,960300
2011-08-02,17.3433,17.4300,16.9333,16.9633,14.4150,1719300
2011-08-03,16.9467,17.1733,16.6033,17.1633,14.5849,977700
2011-08-04,16.8967,16.9300,16.1533,16.1733,13.7436,2032200
2011-08-05,16.3000,16.5300,15.3667,15.8467,13.4660,4278000
2011-08-08,15.3900,15.6033,14.9133,15.0000,12.7466,3100500
2011-08-09,15.2167,15.7000,14.7800,15.6700,13.3159,1929000
2011-08-10,15.3133,15.8533,15.1467,15.3700,13.0610,2515800
2011-08-11,15.5933,16.3333,15.5400,16.1300,13.7068,1651500
2011-08-12,16.3767,16.4100,15.9667,16.0633,13.6502,1017600
2011-08-15,16.1400,16.3833,16.1067,16.3733,13.9136,726600
2011-08-16,16.2533,16.3533,15.8733,16.0800,13.6643,840900
2011-08-17,16.0167,16.3233,15.8200,15.9733,13.5737,627300
2011-08-18,15.5300,15.5300,14.9300,15.0500,12.7891,2017200
2011-08-19,14.8867,15.3567,14.7233,14.7733,12.5540,1557600
2011-08-22,15.0567,15.1833,14.7833,14.8633,12.6304,982500
2011-08-23,14.9400,15.6500,14.9233,15.6267,13.2791,1768200
2011-08-24,15.6367,15.7767,15.3300,15.6400,13.2904,1244400
2011-08-25,15.5300,15.7300,15.1867,15.2300,12.9420,768000
2011-08-26,15.2333,15.7100,15.0067,15.6533,13.3018,600000
2011-08-29,15.8767,16.2200,15.8567,16.2000,13.7663,412200
2011-08-30,16.0967,16.3067,16.0133,16.1967,13.7635,287700
2011-08-31,16.3000,16.4567,15.9867,16.1133,13.6926,510000
2011-09-01,16.1067,16.3233,15.8200,15.8500,13.4689,735000
2011-09-02,15.5833,15.6167,15.3833,15.4733,13.1488,600000
2011-09-06,14.9533,15.3833,14.9467,15.3700,13.0610,948000
2011-09-07,15.6333,16.0433,15.6333,16.0233,13.6162,2767500
2011-09-08,15.9233,16.3267,15.8667,15.9533,13.5567,474300
2011-09-09,15.8667,16.1933,15.6767,15.7833,13.4122,1072200
2011-09-12,15.5967,16.2600,15.5967,16.2400,13.8003,4078500
2011-09-13,16.3633,16.6233,16.2267,16.5600,14.0722,1588200
2011-09-14,16.7133,17.1833,16.6000,16.9867,14.4348,2478000
2011-09-15,17.2367,17.2900,17.0333,17.2600,14.6671,1665000
2011-09-16,16.9467,17.4633,16.9467,17.2833,14.6869,2793000
2011-09-19,16.9667,17.1900,16.8100,17.1000,14.5311,1192200
2011-09-20,17.1667,17.2233,16.8567,16.8800,14.3441,1483500
2011-09-21,16.9433,17.0700,16.5367,16.5400,14.0552,1728600
2011-09-22,16.0700,16.1200,15.7033,15.9833,13.5822,3060300
2011-09-23,15.8667,16.3600,15.7767,16.2733,13.8286,2553000
2011-09-26,16.3733,16.3733,15.8533,16.2200,13.8190,1644900
2011-09-27,16.5300,16.8500,16.4333,16.5167,14.0717,1397700
2011-09-28,16.5367,16.5967,16.0367,16.0567,13.6798,1131900
2011-09-29,16.2867,16.3100,15.5333,15.8500,13.5037,1040400
2011-09-30,15.5967,15.7333,15.2967,15.3067,13.0408,1597200
2011-10-03,15.1933,15.3600,14.7300,14.7400,12.5580,1117200
2011-10-04,14.5200,15.3600,14.5133,15.3267,13.0579,3465000
2011-10-05,15.3267,15.8733,15.1433,15.8133,13.4725,1379100
2011-10-06,15.8133,16.0333,15.6300,16.0067,13.6372,575400
2011-10-07,16.0600,16.2933,15.9367,16.0800,13.6997,871200
2011-10-10,16.3300,16.6300,16.3300,16.5333,14.0859,897000
2011-10-11,16.5033,16.5767,16.4033,16.5167,14.0717,543600
2011-10-12,16.6933,16.8233,16.6333,16.6400,14.1768,562800
2011-10-13,16.5600,17.0400,16.5600,16.9767,14.4636,729300
2011-10-14,17.1667,17.1967,16.8900,17.1700,14.6283,1625700
2011-10-17,17.1033,17.1033,16.6567,16.7233,14.2478,1389900
2011-10-18,16.7433,17.1167,16.5333,17.0600,14.5346,507000
2011-10-19,16.9700,17.0300,16.6800,16.7167,14.2421,1254900
2011-10-20,16.6267,16.6267,16.1133,16.4267,13.9950,598500
2011-10-21,16.6600,17.0067,16.6600,16.7767,14.2932,1670700
2011-10-24,16.8167,17.3667,16.8167,17.3367,14.7703,631200
2011-10-25,17.1767,17.3500,17.0100,17.0500,14.5261,618000
2011-10-26,17.1633,17.3000,16.7700,17.1067,14.5744,610200
2011-10-27,17.6367,17.9633,17.4967,17.8300,15.1906,916800
2011-10-28,17.8433,17.9033,17.7233,17.9000,15.2503,359400
2011-10-31,17.6633,17.7167,17.4400,17.4667,14.8811,457800
2011-11-01,16.9467,17.0767,16.7833,16.9100,14.4068,987900
2011-11-02,17.0433,17.1267,16.8400,16.9733,14.4608,591000
2011-11-03,17.1367,17.5067,16.8067,17.4800,14.8924,573900
2011-11-04,17.3800,17.7467,17.3467,17.6800,15.0628,432000
2011-11-07,17.6367,17.7033,17.3767,17.6700,15.0543,435000
2011-11-08,17.8033,17.8367,17.4800,17.7500,15.1225,302400
2011-11-09,17.3733,17.3733,16.9233,16.9667,14.4551,586500
2011-11-10,17.1600,17.2133,16.8400,17.0800,14.5516,482400
2011-11-11,17.3200,17.7633,17.3100,17.6800,15.0628,389100
2011-11-14,17.6600,17.7700,17.3767,17.4867,14.8981,661800
2011-11-15,17.3900,17.8133,17.3900,17.7067,15.0856,674100
2011-11-16,17.5700,17.9067,17.5700,17.6467,15.0344,912600
2011-11-17,17.5833,17.5833,16.7467,16.9633,14.4523,721200
2011-11-18,17.0067,17.0300,16.7100,16.8033,14.3159,333000
2011-11-21,16.5333,16.5733,16.2400,16.4900,14.0490,538500
2011-11-22,16.4200,16.5433,16.1767,16.2800,13.8701,1081500
2011-11-23,16.0933,16.1067,15.7533,15.7667,13.4327,580500
2011-11-25,15.6833,15.8933,15.5733,15.5733,13.2680,117900
2011-11-28,16.0867,16.1800,15.9167,16.0467,13.6713,726900
2011-11-29,16.1200,16.1967,15.9100,15.9467,13.5861,495300
2011-11-30,16.4133,16.8933,16.4133,16.8433,14.3500,696300
2011-12-01,16.8367,17.0200,16.7567,16.9567,14.4466,436500
2011-12-02,17.2000,17.2433,16.9367,16.9600,14.4494,601800
2011-12-05,17.1400,17.2933,17.0267,17.1000,14.5687,240600
2011-12-06,17.1267,17.1533,16.9600,17.0567,14.5318,277500
2011-12-07,16.9833,17.3233,16.8800,17.2833,14.7249,396000
2011-12-08,17.1533,17.3000,16.7567,16.7733,14.2904,162600
2011-12-09,16.6033,17.0700,16.5100,16.9967,14.4807,426600
2011-12-12,16.7333,16.7333,16.3333,16.5433,14.0944,653400
2011-12-13,16.6767,16.7133,16.0767,16.1500,13.7593,1083900
2011-12-14,16.1533,16.1867,15.8467,15.8967,13.5435,1385400
2011-12-15,16.1367,16.2100,15.7967,15.8567,13.5094,438300
2011-12-16,15.9900,16.2100,15.9300,16.0100,13.6400,907500
2011-12-19,16.0167,16.0533,15.5367,15.5467,13.2453,1338300
2011-12-20,15.9733,16.2933,15.9733,16.2367,13.8332,1983600
2011-12-21,16.2733,16.2733,15.8500,16.0733,13.6940,295800
2011-12-22,16.0900,16.6300,16.0900,16.5767,14.1504,1195500
2011-12-23,16.6067,16.6667,16.5067,16.6500,14.2130,133800
2011-12-27,16.6067,16.7667,16.5733,16.6300,14.1959,983400
2011-12-28,16.6500,16.6500,16.3667,16.3833,13.9854,214800
2011-12-29,16.4600,16.5533,16.3700,16.5267,14.1077,275400
2011-12-30,16.4933,16.5967,16.4667,16.4667,14.0565,440100
2012-01-03,16.8367,16.9367,16.6467,16.6733,14.2329,371100
2012-01-04,16.6000,16.7100,16.4667,16.6733,14.2329,1187100
2012-01-05,16.6233,16.9267,16.6067,16.9000,14.4264,1147800
2012-01-06,16.8933,16.9833,16.7867,16.9433,14.4634,304800
2012-01-09,17.0433,17.3167,17.0233,17.2867,14.7565,1069800
2012-01-10,17.5133,17.5500,17.3900,17.4600,14.9044,700200
2012-01-11,17.3933,17.5700,17.3433,17.5200,14.9557,1195800
2012-01-12,17.5767,17.7400,17.4700,17.7067,15.1150,361200
2012-01-13,17.5367,17.5533,17.3000,17.3467,14.8077,1169100
2012-01-17,17.5100,17.5933,17.3867,17.3967,14.8504,202800
2012-01-18,17.5933,18.3167,17.5933,18.2800,15.6044,1420200
2012-01-19,18.4500,18.6600,18.4067,18.6433,15.9146,1746000
2012-01-20,18.5600,18.7533,18.5400,18.7333,15.9914,4804200
2012-01-23,18.7167,18.8000,18.5367,18.6733,15.9402,4483200
2012-01-24,18.6067,18.8000,18.5433,18.7400,15.9971,1460400
2012-01-25,18.7900,18.8600,18.5333,18.8200,16.0654,1189800
2012-01-26,18.8900,18.9800,18.5233,18.6233,15.8975,777300
2012-01-27,18.5667,18.7467,18.5133,18.6833,15.9487,414000
2012-01-30,18.5600,18.5600,18.2833,18.4900,15.7837,944400
2012-01-31,18.6167,18.6667,18.3733,18.5033,15.7951,326100
2012-02-01,18.7500,19.0533,18.6767,18.9167,16.1479,1958700
2012-02-02,18.9767,19.1467,18.9167,19.0200,16.2361,1212300
2012-02-03,19.2567,19.3967,19.1767,19.3167,16.4894,831900
2012-02-06,19.2567,19.2567,18.9933,19.0967,16.3016,448200
2012-02-07,19.0300,19.1600,18.8933,19.1067,16.3101,1608900
2012-02-08,19.1367,19.4767,19.1367,19.3367,16.5064,696900
2012-02-09,19.4200,19.4467,19.2533,19.4000,16.5605,411900
2012-02-10,19.1767,19.2533,18.9367,19.0233,16.2390,460500
2012-02-13,19.1467,19.2233,18.8333,19.0800,16.2873,157800
2012-02-14,19.0267,19.1533,18.9767,19.1500,16.3471,1032600
2012-02-15,19.3000,19.4733,19.2300,19.2500,16.4325,786600
2012-02-16,19.2967,19.7600,19.2233,19.7333,16.8450,773700
2012-02-17,19.8400,19.8800,19.5367,19.5500,16.6885,474900
2012-02-21,19.6200,19.6200,19.2233,19.2833,16.4609,462000
2012-02-22,19.2667,19.3867,19.1467,19.2133,16.4012,358200
2012-02-23,19.2000,19.2767,18.9667,19.2467,16.4296,352800
2012-02-24,19.2767,19.3733,19.1667,19.1867,16.3784,834900
2012-02-27,19.0833,19.3500,18.9567,19.2067,16.3955,619500
2012-02-28,19.2367,19.6200,19.2367,19.5167,16.6601,797100
2012-02-29,19.5567,19.5567,19.1900,19.2267,16.4125,626700
2012-03-01,19.2867,19.4233,19.1600,19.2400,16.4239,486000
2012-03-02,19.2133,19.3300,19.0200,19.0233,16.2390,474600
2012-03-05,18.9667,18.9833,18.5000,18.5700,15.8520,1145100
2012-03-06,18.2900,18.4300,18.1767,18.3967,15.7040,771000
2012-03-07,18.4300,18.7433,18.4300,18.6667,15.9345,1201500
2012-03-08,18.8400,18.9900,18.7500,18.9433,16.1707,1534200
2012-03-09,18.9300,19.1633,18.9300,19.1500,16.3471,701700
2012-03-12,19.1400,19.1400,18.9033,18.9667,16.1906,518700
2012-03-13,19.1200,19.3800,19.1033,19.3800,16.5434,1193700
2012-03-14,19.4267,19.6400,19.2933,19.3167,16.4894,670800
2012-03-15,19.4133,19.7167,19.4067,19.7000,16.8166,2073300
2012-03-16,19.7667,19.7667,19.6233,19.7333,16.8450,733200
2012-03-19,19.7433,19.9467,19.6533,19.8733,16.9646,535200
2012-03-20,19.7433,19.7900,19.5633,19.7167,16.8308,716400
2012-03-21,19.7700,19.8900,19.6767,19.7967,16.8991,365700
2012-03-22,19.6333,19.7367,19.5333,19.6900,16.8081,619200
2012-03-23,19.6700,19.7367,19.5000,19.7300,16.8422,806700
2012-03-26,19.8500,19.9733,19.7433,19.9667,17.0745,799800
2012-03-27,19.9767,20.1100,19.9600,19.9600,17.0688,635100
2012-03-28,19.9867,20.0067,19.5933,19.7300,16.8721,1057800
2012-03-29,19.5533,19.7733,19.4833,19.7333,16.8750,1300800
2012-03-30,19.8733,19.9333,19.6667,19.8167,16.9462,585600
2012-04-02,19.7267,19.8800,19.5333,19.8333,16.9605,378900
2012-04-03,19.7300,19.7600,19.4367,19.5167,16.6897,1296600
2012-04-04,19.2467,19.2733,18.9000,19.0867,16.3220,1061700
2012-04-05,18.9900,19.1833,18.9900,19.1167,16.3476,1389300
2012-04-09,18.8300,18.9100,18.7367,18.8633,16.1310,745200
2012-04-10,18.8167,18.9700,18.4733,18.5067,15.8260,849000
2012-04-11,18.7500,18.9533,18.7200,18.8167,16.0911,650400
2012-04-12,18.8867,19.2400,18.8633,19.1733,16.3961,436200
2012-04-13,19.1133,19.1600,18.8233,18.8333,16.1053,665400
2012-04-16,18.9967,19.0200,18.6633,18.8267,16.0997,726000
2012-04-17,18.9667,19.2133,18.9667,19.1200,16.3505,1012500
2012-04-18,18.9233,19.0467,18.7800,18.9800,16.2308,517800
2012-04-19,18.8967,19.1967,18.6467,18.7467,16.0312,767100
2012-04-20,18.7667,18.7667,18.3033,18.3133,15.6607,1368000
2012-04-23,18.0867,18.1100,17.9167,18.0900,15.4697,960300
2012-04-24,18.1300,18.1767,17.8967,17.9567,15.3557,527700
2012-04-25,18.2600,18.4000,18.1533,18.3567,15.6977,660300
2012-04-26,18.4233,18.8133,18.4233,18.7800,16.0597,1090800
2012-04-27,18.8233,18.8400,18.5967,18.7833,16.0626,682200
2012-04-30,18.7967,18.8033,18.6833,18.7033,15.9942,1093500
2012-05-01,18.6533,18.9000,18.6333,18.7600,16.0426,456900
2012-05-02,18.6100,18.8767,18.5933,18.8500,16.1196,405600
2012-05-03,18.8300,18.9433,18.3633,18.3800,15.7177,618000
2012-05-04,18.3033,18.3867,17.9700,18.0100,15.4013,1106100
2012-05-07,17.9400,18.0833,17.9333,17.9567,15.3557,504300
2012-05-08,17.8167,17.8833,17.4767,17.8533,15.2673,887100
2012-05-09,17.5967,17.8733,17.4167,17.7900,15.2131,711000
2012-05-10,17.9200,17.9267,17.5867,17.7233,15.1561,567900
2012-05-11,17.6767,18.0567,17.6700,17.8467,15.2616,452400
2012-05-14,17.6667,17.7933,17.5933,17.6733,15.1134,447600
2012-05-15,17.6300,17.8067,17.4500,17.4867,14.9537,515400
2012-05-16,17.5333,17.5933,17.1933,17.2167,14.7229,473700
2012-05-17,17.2267,17.2833,16.8333,16.8367,14.3979,578100
2012-05-18,16.9367,16.9367,16.4733,16.5133,14.1214,879600
2012-05-21,16.5533,16.9433,16.5133,16.9267,14.4749,739500
2012-05-22,16.9233,16.9267,16.6933,16.8033,14.3694,569100
2012-05-23,16.5733,16.8900,16.4733,16.8700,14.4264,1327800
2012-05-24,16.9200,16.9233,16.5367,16.6300,14.2212,593700
2012-05-25,16.6600,16.9233,16.6600,16.7967,14.3637,606300
2012-05-29,17.0233,17.2600,17.0100,17.1567,14.6715,394800
2012-05-30,16.9767,17.0233,16.8167,16.9167,14.4663,477600
2012-05-31,16.8767,16.8767,16.5133,16.7400,14.3152,1117200
2012-06-01,16.4200,16.4200,16.0000,16.0233,13.7024,1232100
2012-06-04,16.0500,16.2200,15.8167,15.9967,13.6796,1013100
2012-06-05,16.0033,16.3733,15.9967,16.3033,13.9418,713100
2012-06-06,16.4567,16.9000,16.4567,16.8167,14.3808,821700
2012-06-07,17.0800,17.1333,16.6300,16.6667,14.2525,850800
2012-06-08,16.6067,16.9200,16.5400,16.8400,14.4007,565500
2012-06-11,17.1133,17.1467,16.5533,16.6033,14.1984,1065300
2012-06-12,16.6500,16.9467,16.6067,16.9000,14.4521,573300
2012-06-13,16.9133,17.0067,16.7033,16.7667,14.3380,805800
2012-06-14,16.7700,16.8000,16.5433,16.7300,14.3067,386400
2012-06-15,16.7300,17.0100,16.7300,16.9933,14.5319,427200
2012-06-18,16.8867,17.3300,16.8867,17.2300,14.7343,635400
2012-06-19,17.3567,17.4800,17.2533,17.4167,14.9280,478800
2012-06-20,17.4300,17.6433,17.3867,17.5700,15.0594,628500
2012-06-21,17.5167,17.5167,16.8400,16.8533,14.4451,855600
2012-06-22,16.9800,17.1500,16.9333,17.0967,14.6537,617700
2012-06-25,16.9533,16.9533,16.5067,16.5433,14.1794,649800
2012-06-26,16.5700,16.6833,16.4200,16.6067,14.2337,316500
2012-06-27,16.6300,16.8633,16.6167,16.8200,14.4166,492900
2012-06-28,16.7233,16.7733,16.4867,16.7133,14.3251,584700
2012-06-29,17.1133,17.4400,17.0900,17.4400,14.9480,1009800
2012-07-02,17.5267,17.5433,17.2833,17.4133,14.9251,484800
2012-07-03,17.4433,17.6433,17.3900,17.6267,15.1080,586800
2012-07-05,17.4967,17.5700,17.3300,17.4933,14.9937,228900
2012-07-06,17.3167,17.3233,16.9033,17.0533,14.6165,707100
2012-07-09,17.0200,17.0700,16.7733,16.8267,14.4223,2310000
2012-07-10,16.7133,16.9233,16.3633,16.4800,14.1251,1207500
2012-07-11,16.4967,16.5533,16.2167,16.2967,13.9680,594900
2012-07-12,16.1633,16.1633,15.8933,16.0400,13.7480,803400
2012-07-13,16.0900,16.2233,16.0533,16.1533,13.8451,632700
2012-07-16,16.1133,16.1133,15.8900,16.0033,13.7166,567900
2012-07-17,16.0833,16.0833,15.6733,15.9367,13.6594,979500
2012-07-18,15.8933,16.5800,15.8500,16.4800,14.1251,1985400
2012-07-19,16.7100,16.9533,16.7067,16.8100,14.4080,1440900
2012-07-20,16.7933,16.8500,16.5300,16.5300,14.1680,1425300
2012-07-23,16.2167,16.4633,16.0000,16.3933,14.0509,1775100
2012-07-24,16.4767,16.4767,16.1567,16.3167,13.9851,712200
2012-07-25,16.4467,16.8433,16.4467,16.6433,14.2651,1102500
2012-07-26,16.9667,17.1367,16.8433,17.0100,14.5794,1387800
2012-07-27,17.0567,17.4667,17.0200,17.4267,14.9365,1870200
2012-07-30,17.3900,17.5333,17.1633,17.2700,14.8023,679800
2012-07-31,17.3333,17.5933,17.3300,17.3967,14.9108,1239000
2012-08-01,17.4867,17.5533,17.2767,17.3933,14.9080,1046700
2012-08-02,17.2067,17.5700,17.1467,17.2900,14.8194,656700
2012-08-03,17.5533,17.7800,17.4667,17.6767,15.1508,811800
2012-08-06,17.7167,17.8767,17.7167,17.7367,15.2022,288300
2012-08-07,17.8800,18.2833,17.8767,18.1467,15.5536,1024500
2012-08-08,18.0767,18.2367,18.0433,18.1900,15.5908,1240800
2012-08-09,18.2033,18.3600,18.1700,18.3333,15.7136,899400
2012-08-10,18.2633,18.4267,18.2633,18.4267,15.7936,636900
2012-08-13,18.3833,18.3833,18.0800,18.2667,15.6565,383400
2012-08-14,18.4067,18.4100,18.0500,18.1267,15.5365,1321500
2012-08-15,18.0633,18.3133,18.0133,18.2300,15.6251,418800
2012-08-16,18.2167,18.5533,18.2167,18.5167,15.8708,758700
2012-08-17,18.5033,18.5033,18.3267,18.3833,15.7565,238200
2012-08-20,18.3333,18.3333,18.1367,18.2600,15.6508,1309200
2012-08-21,18.3167,18.5100,18.2067,18.2700,15.6594,556200
2012-08-22,18.2500,18.2500,18.0267,18.1367,15.5451,1071600
2012-08-23,18.0667,18.1033,17.9233,18.0333,15.4565,320100
2012-08-24,18.0500,18.1767,17.9133,18.1233,15.5337,307500
2012-08-27,18.1767,18.2067,17.9867,18.0533,15.4737,390300
2012-08-28,18.0300,18.1267,17.9700,18.0267,15.4508,381000
2012-08-29,18.0333,18.1233,17.9167,18.0467,15.4679,483300
2012-08-30,17.9300,17.9600,17.7400,17.7700,15.2308,670200
2012-08-31,17.9167,18.0733,17.7533,17.9833,15.4137,691500
2012-09-04,18.0133,18.0133,17.6567,17.8433,15.2937,320400
2012-09-05,17.8367,17.9433,17.6867,17.7467,15.2108,226500
2012-09-06,17.8833,18.3767,17.8733,18.2867,15.6736,1041300
2012-09-07,18.2533,18.2667,18.1267,18.2367,15.6308,1990500
2012-09-10,18.1200,18.1767,17.9000,17.9200,15.3594,711000
2012-09-11,17.9567,18.1067,17.9067,18.0367,15.4594,377700
2012-09-12,18.1067,18.1967,17.9900,18.0767,15.4937,381300
2012-09-13,18.0467,18.3067,17.9100,18.2367,15.6308,1678500
2012-09-14,18.3600,18.6667,18.3333,18.4767,15.8365,512100
2012-09-17,18.4067,18.4400,18.2167,18.2867,15.6736,323700
2012-09-18,18.2233,18.2700,18.1667,18.2100,15.6079,513000
2012-09-19,18.1300,18.2167,18.0833,18.1000,15.5136,589500
2012-09-20,18.0033,18.0367,17.8333,17.9233,15.3622,1042800
2012-09-21,18.0600,18.1333,17.9433,17.9433,15.3794,210300
2012-09-24,17.8000,17.8167,17.6100,17.6867,15.1594,675600
2012-09-25,17.7100,17.7133,17.1533,17.1700,14.7820,732300
2012-09-26,17.0233,17.0800,16.8200,17.0467,14.6758,1372800
2012-09-27,17.1867,17.4700,17.0667,17.4333,15.0087,854100
2012-09-28,17.3367,17.4100,17.2600,17.2933,14.8882,350700
2012-10-01,17.3900,17.4667,17.1833,17.2267,14.8308,254400
2012-10-02,17.3167,17.3367,17.2033,17.3100,14.9025,429000
2012-10-03,17.3467,17.3567,17.1900,17.2567,14.8566,568500
2012-10-04,17.3000,17.3667,17.1667,17.3467,14.9341,440100
2012-10-05,17.4100,17.6167,17.2967,17.3267,14.9169,750900
2012-10-08,17.2067,17.2533,17.0967,17.1367,14.7533,803400
2012-10-09,17.1300,17.1333,16.8233,16.8733,14.5266,819300
2012-10-10,16.8700,16.8700,16.6233,16.6400,14.3257,781800
2012-10-11,16.8367,16.8367,16.6733,16.6900,14.3688,514500
2012-10-12,16.6767,16.7333,16.5733,16.5933,14.2855,758100
2012-10-15,16.6567,16.8567,16.6567,16.8167,14.4778,577500
2012-10-16,16.8633,17.2133,16.8633,17.2000,14.8078,622500
2012-10-17,17.0433,17.2600,17.0133,17.1667,14.7791,432300
2012-10-18,17.0667,17.1467,16.9233,17.0000,14.6357,648600
2012-10-19,16.9967,16.9967,16.4900,16.4900,14.1966,918000
2012-10-22,16.5933,16.6567,16.4267,16.5333,14.2339,455400
2012-10-23,16.3500,16.6000,16.2833,16.5733,14.2683,508800
2012-10-24,16.7533,16.7533,16.2933,16.3067,14.0388,663300
2012-10-25,16.4933,16.5567,16.3567,16.5467,14.2454,387300
2012-10-26,16.5433,16.7000,16.4967,16.6000,14.2913,399300
2012-10-31,16.6000,16.7467,16.5433,16.6300,14.3171,785400
2012-11-01,16.6433,17.1867,16.6300,17.1533,14.7677,949200
2012-11-02,17.1533,17.2067,16.8333,16.8333,14.4922,707700
2012-11-05,16.8367,17.1833,16.7967,17.1267,14.7447,278700
2012-11-06,17.1667,17.4167,17.1367,17.3833,14.9657,663300
2012-11-07,17.1500,17.1967,16.8333,16.9133,14.5610,1223100
2012-11-08,17.0033,17.0100,16.7200,16.7200,14.3946,653100
2012-11-09,16.6867,16.9533,16.6767,16.7400,14.4118,426900
2012-11-12,16.8233,16.8600,16.6500,16.7500,14.4204,517800
2012-11-13,16.6467,16.7700,16.6033,16.6233,14.3114,417000
2012-11-14,16.7333,16.7867,16.3233,16.3533,14.0789,809400
2012-11-15,16.4033,16.4300,16.1033,16.1500,13.9039,899100
2012-11-16,16.2000,16.2433,15.8600,16.1533,13.9067,760500
2012-11-19,16.3833,16.4800,16.2867,16.4800,14.1880,401700
2012-11-20,16.4033,16.4433,16.2533,16.4067,14.1248,966900
2012-11-21,16.4300,16.4800,16.3800,16.4667,14.1765,398400
2012-11-23,16.5833,16.8333,16.5233,16.7400,14.4118,301800
2012-11-26,16.7233,16.8533,16.6867,16.8100,14.4721,231900
2012-11-27,16.8333,16.9333,16.7533,16.7733,14.4405,381000
2012-11-28,16.6900,16.9767,16.5300,16.9500,14.5926,463800
2012-11-29,17.0200,17.0833,16.9000,17.0000,14.6357,584400
2012-11-30,17.0233,17.0733,16.9333,16.9767,14.6156,308400
2012-12-03,17.0967,17.1267,16.8867,16.8967,14.5467,425400
2012-12-04,16.8900,17.0600,16.8367,17.0000,14.6357,679800
2012-12-05,17.0600,17.0633,16.8700,17.0033,14.6385,235500
2012-12-06,16.9733,17.1900,16.9733,17.1700,14.7820,677400
2012-12-07,17.2400,17.2533,17.0967,17.2067,14.8136,321300
2012-12-10,17.2033,17.3633,17.2033,17.3200,14.9111,436200
2012-12-11,17.4167,17.7000,17.3867,17.6500,15.1953,791400
2012-12-12,17.6933,17.7367,17.5567,17.5833,15.1379,1001100
2012-12-13,17.5467,17.7233,17.3633,17.4167,14.9944,304200
2012-12-14,17.3967,17.4367,17.2233,17.2833,14.8796,441600
2012-12-17,17.3167,17.4467,17.2267,17.3567,14.9427,705000
2012-12-18,17.4300,17.6933,17.3700,17.6833,15.2239,992400
2012-12-19,17.6033,17.7833,17.6033,17.6433,15.2435,1379400
2012-12-20,17.6500,17.6533,17.4767,17.6100,15.2147,543600
2012-12-21,17.2500,17.4567,17.0933,17.4467,15.0736,459000
2012-12-24,17.4200,17.4467,17.3100,17.3667,15.0045,238500
2012-12-26,17.4267,17.5300,17.2300,17.2533,14.9066,250200
2012-12-27,17.2367,17.2433,16.9700,17.1633,14.8288,485700
2012-12-28,17.0567,17.2267,17.0400,17.0533,14.7338,395700
2012-12-31,17.0533,17.3900,17.0167,17.3467,14.9872,470100
2013-01-02,17.7800,18.1033,17.7733,18.1033,15.6410,2020500
2013-01-03,18.0867,18.1233,17.9200,17.9800,15.5344,502800
2013-01-04,18.0200,18.0233,17.8700,17.9700,15.5258,403800
2013-01-07,17.9200,17.9800,17.7933,17.9067,15.4710,642300
2013-01-08,17.8833,17.9233,17.6833,17.7000,15.2925,913800
2013-01-09,17.7933,17.8833,17.7600,17.8700,15.4394,256500
2013-01-10,18.0733,18.1533,17.9867,18.1300,15.6640,572100
2013-01-11,18.1000,18.2400,18.1000,18.2167,15.7389,577800
2013-01-14,18.1333,18.2300,18.0400,18.1867,15.7130,838800
2013-01-15,18.1300,18.1300,18.0033,18.0867,15.6266,436800
2013-01-16,18.0600,18.3367,18.0600,18.3033,15.8138,797400
2013-01-17,18.4233,18.6867,18.3700,18.6500,16.1133,1734900
2013-01-18,18.5500,18.6333,18.4867,18.5700,16.0442,974100
2013-01-22,18.5800,18.5800,18.4133,18.5067,15.9894,456000
2013-01-23,18.6000,18.7333,18.5433,18.7133,16.1680,853500
2013-01-24,18.4633,18.7100,18.4133,18.5367,16.0154,597300
2013-01-25,18.6667,18.8667,18.6500,18.7733,16.2198,835500
2013-01-28,18.7867,18.8867,18.7633,18.8200,16.2602,534000
2013-01-29,18.7900,18.7900,18.6400,18.7000,16.1565,616800
2013-01-30,18.6767,18.8333,18.6633,18.7200,16.1737,469800
2013-01-31,18.7567,18.8333,18.6400,18.6733,16.1334,565800
2013-02-01,18.7667,19.0467,18.7600,19.0367,16.4473,762000
2013-02-04,18.8933,19.0733,18.7400,18.7433,16.1939,1051800
2013-02-05,18.8467,19.0833,18.8333,19.0367,16.4473,485400
2013-02-06,18.9200,19.1033,18.9200,19.0833,16.4877,402600
2013-02-07,19.0633,19.0967,18.8200,18.9800,16.3984,558300
2013-02-08,19.0233,19.2500,19.0233,19.2133,16.6000,744900
2013-02-11,19.2467,19.3067,19.1567,19.2600,16.6403,437700
2013-02-12,19.2333,19.3267,19.2067,19.2933,16.6691,989400
2013-02-13,19.3333,19.4300,19.2467,19.3333,16.7037,368700
2013-02-14,19.2700,19.5433,19.2500,19.5333,16.8765,556200
2013-02-15,19.5400,19.5867,19.3433,19.4267,16.7843,232500
2013-02-19,19.4467,19.6633,19.4400,19.6500,16.9773,530400
2013-02-20,19.6667,19.6733,19.2167,19.2300,16.6144,914700
2013-02-21,19.1733,19.1733,18.7367,18.8700,16.3034,527700
2013-02-22,19.0467,19.2767,18.9933,19.2667,16.6461,624000
2013-02-25,19.3700,19.4367,18.8967,18.9000,16.3293,836100
2013-02-26,19.0167,19.0733,18.8733,19.0267,16.4387,403500
2013-02-27,19.1400,19.4333,19.0367,19.3400,16.7094,688500
2013-02-28,19.3533,19.4933,19.3100,19.3533,16.7209,536100
2013-03-01,19.2200,19.3400,19.0200,19.2733,16.6518,521400
2013-03-04,19.2167,19.2567,19.0833,19.2200,16.6057,468000
2013-03-05,19.3767,19.6433,19.3767,19.5967,16.9312,457800
2013-03-06,19.6600,19.7333,19.5733,19.6200,16.9513,528000
2013-03-07,19.6667,19.8033,19.6500,19.7100,17.0291,411300
2013-03-08,19.7833,19.8267,19.5667,19.7367,17.0521,555000
2013-03-11,19.7200,19.7833,19.5700,19.7567,17.0694,528900
2013-03-12,19.7333,19.8600,19.6833,19.8400,17.1414,1022700
2013-03-13,19.8433,19.9600,19.7333,19.9000,17.1933,722400
2013-03-14,20.0233,20.1000,19.9767,20.0033,17.2825,601200
2013-03-15,20.0200,20.0200,19.6267,19.6767,17.0003,742800
2013-03-18,19.4733,19.5967,19.3300,19.4267,16.7843,379200
2013-03-19,19.5067,19.5433,19.1767,19.3467,16.7152,1109400
2013-03-20,19.4567,19.6133,19.4333,19.6033,16.9369,973500
2013-03-21,19.4867,19.4900,19.2633,19.2867,16.6633,1679100
2013-03-22,19.4433,19.5833,19.3800,19.5000,16.8477,282300
2013-03-25,19.5000,19.5700,19.2867,19.4133,16.8300,426900
2013-03-26,19.5133,19.5800,19.4267,19.5633,16.9601,154800
2013-03-27,19.4633,19.6300,19.3433,19.6033,16.9947,264300
2013-03-28,19.5767,19.7533,19.5233,19.7367,17.1103,405000
2013-04-01,19.7833,19.7833,19.2833,19.3333,16.7607,281700
2013-04-02,19.4433,19.4433,19.0900,19.1633,16.6133,392100
2013-04-03,19.1667,19.2167,18.7133,18.7767,16.2781,1171200
2013-04-04,18.7900,19.0300,18.6900,19.0233,16.4919,350400
2013-04-05,18.6833,18.9500,18.5800,18.9233,16.4052,570600
2013-04-08,18.9533,19.1567,18.7733,19.1533,16.6046,303000
2013-04-09,19.0933,19.4733,19.0600,19.3367,16.7636,197700
2013-04-10,19.3867,19.7767,19.3867,19.7700,17.1392,531300
2013-04-11,19.6400,19.8033,19.5633,19.6767,17.0583,382200
2013-04-12,19.5433,19.6267,19.3733,19.5967,16.9890,226500
2013-04-15,19.4167,19.5167,19.0933,19.1200,16.5757,498600
2013-04-16,19.2733,19.5267,19.2100,19.5133,16.9167,211500
2013-04-17,19.2767,19.2767,18.7867,18.8600,16.3503,599400
2013-04-18,19.0700,19.1800,18.6433,18.7000,16.2116,1368300
2013-04-19,18.7067,18.8933,18.5500,18.8400,16.3330,564900
2013-04-22,18.9633,19.1067,18.6567,19.0433,16.5093,298500
2013-04-23,19.2067,19.4767,19.1733,19.4367,16.8503,365100
2013-04-24,19.4233,19.7433,19.3833,19.6867,17.0670,685800
2013-04-25,19.8000,19.9967,19.7467,19.8800,17.2346,503100
2013-04-26,19.7700,19.7700,19.6200,19.6867,17.0670,1923300
2013-04-29,19.7267,19.9767,19.6967,19.9300,17.2780,397500
2013-04-30,19.9600,20.0933,19.8233,20.0833,17.4109,1945800
2013-05-01,20.0800,20.1100,19.9033,19.9267,17.2751,608700
2013-05-02,20.0867,20.2300,19.9433,20.1900,17.5034,827700
2013-05-03,20.3933,20.5233,20.3467,20.3467,17.6392,1022400
2013-05-06,20.4900,20.6133,20.4233,20.5067,17.7779,738000
2013-05-07,20.6133,20.6133,20.4167,20.5233,17.7923,638700
2013-05-08,20.5433,20.8033,20.5433,20.7433,17.9831,747300
2013-05-09,20.7700,20.9900,20.7100,20.8967,18.1160,957000
2013-05-10,20.9200,21.0933,20.9167,21.0800,18.2749,349200
2013-05-13,20.9833,21.0533,20.8500,20.8767,18.0986,507000
2013-05-14,20.9400,21.0100,20.8467,20.9733,18.1824,153600
2013-05-15,20.9633,21.2500,20.9633,21.1767,18.3587,151800
2013-05-16,21.2100,21.2833,21.0100,21.0267,18.2287,318000
2013-05-17,21.1333,21.3133,21.0933,21.2967,18.4628,195000
2013-05-20,21.3033,21.3733,21.2167,21.2567,18.4281,962400
2013-05-21,21.2733,21.3200,21.2167,21.2533,18.4252,886200
2013-05-22,21.3300,21.4667,20.8200,20.9167,18.1333,1495500
2013-05-23,20.6167,20.9467,20.5567,20.9200,18.1362,1573500
2013-05-24,20.8633,20.9133,20.7067,20.9133,18.1304,746700
2013-05-28,21.1400,21.2667,21.0533,21.1033,18.2951,457200
2013-05-29,20.9933,21.2500,20.9700,21.1833,18.3645,215400
2013-05-30,21.2833,21.5900,21.2533,21.5100,18.6477,1004700
2013-05-31,21.4100,21.5533,21.2267,21.2267,18.4021,1761300
2013-06-03,21.3267,21.4900,21.0667,21.3033,18.4685,531300
2013-06-04,21.3933,21.6233,21.3300,21.4000,18.5523,562500
2013-06-05,21.3400,21.3667,21.0600,21.0733,18.2691,349800
2013-06-06,21.0933,21.2233,20.8600,21.0433,18.2431,230400
2013-06-07,21.1633,21.3833,21.0333,21.3567,18.5148,298800
2013-06-10,21.4000,21.5167,21.3133,21.4867,18.6275,129300
2013-06-11,21.3067,21.3200,20.9900,21.0033,18.2085,1291500
2013-06-12,21.1967,21.2400,20.7400,20.7600,17.9975,351300
2013-06-13,20.7533,21.2133,20.7067,21.1833,18.3645,386400
2013-06-14,21.2333,21.2900,21.0633,21.0967,18.2894,168000
2013-06-17,21.3533,21.5400,21.3033,21.4033,18.5552,243900
2013-06-18,21.5000,21.7733,21.5000,21.7567,18.8615,670500
2013-06-19,21.7767,21.8500,21.4933,21.5000,18.6390,2561700
2013-06-20,21.2300,21.2400,20.7833,20.8200,18.0495,386400
2013-06-21,21.0400,21.0400,20.6467,20.9100,18.1275,307500
2013-06-24,20.7600,20.7600,20.3100,20.4633,17.7403,693300
2013-06-25,20.7200,21.0100,20.6433,20.9633,18.1738,312900
2013-06-26,21.1967,21.2267,20.9033,21.0267,18.2667,250500
2013-06-27,21.1833,21.2767,21.1000,21.1000,18.3304,1718700
2013-06-28,21.1267,21.3100,20.9400,21.1733,18.3941,600600
2013-07-01,21.2733,21.3833,21.1367,21.1467,18.3710,331800
2013-07-02,21.1267,21.3867,21.0400,21.1767,18.3970,1409100
2013-07-03,21.1067,21.3667,21.1067,21.2733,18.4810,212700
2013-07-05,21.4600,21.5733,21.3200,21.5500,18.7214,358800
2013-07-08,21.6333,21.6433,21.0600,21.1200,18.3478,1793100
2013-07-09,21.3267,21.3967,21.2633,21.3467,18.5447,232500
2013-07-10,21.3333,21.6100,21.3300,21.5667,18.7358,324900
2013-07-11,21.9167,22.0533,21.8100,22.0367,19.1442,431400
2013-07-12,22.1067,22.2000,22.0600,22.1567,19.2484,310500
2013-07-15,22.2100,22.2100,22.1200,22.1567,19.2484,977400
2013-07-16,22.1900,22.3233,22.1433,22.2433,19.3237,156900
2013-07-17,22.2433,22.3367,22.1900,22.2500,19.3295,314700
2013-07-18,22.1667,22.2533,21.9933,22.0633,19.1673,385500
2013-07-19,21.9667,22.0167,21.8367,22.0067,19.1181,226500
2013-07-22,22.0433,22.0433,21.8867,21.9633,19.0805,273600
2013-07-23,22.0500,22.1900,21.8567,21.9000,19.0254,1033500
2013-07-24,21.9633,21.9900,21.4667,21.4900,18.6693,880500
2013-07-25,21.4833,21.6200,21.3567,21.6000,18.7648,1026000
2013-07-26,21.4400,21.4400,21.3167,21.4300,18.6171,281100
2013-07-29,21.3567,21.4633,21.2500,21.2933,18.4984,198600
2013-07-30,21.3600,21.5967,21.3600,21.5500,18.7214,138600
2013-07-31,21.5600,21.7733,21.5600,21.6567,18.8140,538800
2013-08-01,21.8633,22.0467,21.8233,22.0333,19.1413,181500
2013-08-02,21.9800,21.9800,21.7700,21.9133,19.0370,89700
2013-08-05,21.8367,21.8967,21.8067,21.8667,18.9965,94200
2013-08-06,21.8033,21.8033,21.6333,21.7333,18.8806,783600
2013-08-07,21.6667,21.6667,21.4100,21.4967,18.6750,372000
2013-08-08,21.5933,21.6200,21.3900,21.5067,18.6837,171900
2013-08-09,21.4667,21.5067,21.3667,21.3967,18.5882,103200
2013-08-12,21.3233,21.5433,21.2733,21.4767,18.6577,137400
2013-08-13,21.6167,21.7600,21.4100,21.7300,18.8777,231600
2013-08-14,21.5467,21.5900,21.3733,21.4000,18.5911,245700
2013-08-15,21.1233,21.1767,20.9033,20.9167,18.1712,300000
2013-08-16,20.9533,21.1700,20.8667,20.9900,18.2349,135000
2013-08-19,20.9433,21.0467,20.8300,20.8400,18.1046,607800
2013-08-20,20.8500,21.0433,20.8500,20.9867,18.2320,125100
2013-08-21,20.8967,20.9967,20.8167,20.8267,18.0930,218100
2013-08-22,20.8933,21.1000,20.8933,21.0567,18.2928,276300
2013-08-23,21.0900,21.1600,20.9600,21.0567,18.2928,170700
2013-08-26,21.0500,21.1500,21.0100,21.0167,18.2580,111900
2013-08-27,20.8167,20.8167,20.4567,20.5000,17.8092,624000
2013-08-28,20.5567,20.8333,20.5567,20.7667,18.0409,132900
2013-08-29,20.7867,21.0233,20.7567,20.9833,18.2291,319500
2013-08-30,20.9933,20.9933,20.7333,20.8033,18.0727,256800
2013-09-03,21.0533,21.2433,20.8833,20.9767,18.2233,878100
2013-09-04,21.1067,21.5533,21.0700,21.5067,18.6837,1049700
2013-09-05,21.5733,21.7133,21.5733,21.6700,18.8256,165300
2013-09-06,21.7333,21.7467,21.4167,21.5700,18.7388,282000
2013-09-09,21.6267,21.9200,21.6267,21.8567,18.9878,277500
2013-09-10,21.9767,22.2900,21.9767,22.2833,19.3585,156900
2013-09-11,22.1767,22.2767,22.0267,22.2233,19.3063,844200
2013-09-12,22.2167,22.2533,22.0633,22.0767,19.1789,121200
2013-09-13,22.0667,22.1833,21.9800,22.1800,19.2687,102300
2013-09-16,22.3500,22.4600,22.2433,22.2533,19.3324,238500
2013-09-17,22.3900,22.4567,22.3300,22.4067,19.4656,231300
2013-09-18,22.4367,22.6400,22.3233,22.6067,19.6393,323700
2013-09-19,22.6600,22.6767,22.4667,22.5400,19.5814,108900
2013-09-20,22.5933,22.6633,22.3933,22.4167,19.4743,93000
2013-09-23,22.5733,22.5733,22.2333,22.3233,19.3932,673500
2013-09-24,22.3000,22.4600,22.2100,22.3633,19.5157,173100
2013-09-25,22.3800,22.5067,22.2467,22.3867,19.5360,100500
2013-09-26,22.4367,22.5133,22.2967,22.3733,19.5244,91200
2013-09-27,22.2633,22.2833,22.1467,22.1933,19.3673,170100
2013-09-30,22.0067,22.2833,21.9200,22.2167,19.3877,408600
2013-10-01,22.2533,22.4700,22.2133,22.4300,19.5738,156000
2013-10-02,22.2733,22.3933,22.2433,22.3900,19.5389,97500
2013-10-03,22.4067,22.5100,22.1167,22.3333,19.4895,164400
2013-10-04,22.3867,22.5600,22.3567,22.5033,19.6378,180000
2013-10-07,22.3033,22.5333,22.2533,22.3900,19.5389,273300
2013-10-08,22.4200,22.4600,21.9500,22.0333,19.2277,934800
2013-10-09,22.0667,22.0667,21.7267,21.9533,19.1579,974100
2013-10-10,22.1667,22.4800,22.1667,22.4433,19.5855,1054500
2013-10-11,22.3467,22.5567,22.2833,22.4867,19.6233,198600
2013-10-14,22.3533,22.6933,22.3333,22.6633,19.7775,279000
2013-10-15,22.6333,22.7067,22.4400,22.4600,19.6000,278400
2013-10-16,22.4933,22.6967,22.4867,22.6733,19.7862,349500
2013-10-17,22.5300,22.8400,22.4533,22.8400,19.9316,116100
2013-10-18,22.8633,22.9167,22.7133,22.9033,19.9869,198900
2013-10-21,22.9300,22.9867,22.8833,22.9600,20.0364,189300
2013-10-22,23.0000,23.0033,22.8000,22.9067,19.9898,215700
2013-10-23,22.5533,22.5600,22.0500,22.1500,19.3295,336900
2013-10-24,22.3467,22.4400,22.2933,22.3467,19.5011,252600
2013-10-25,22.4267,22.4600,22.3533,22.4167,19.5622,1077000
2013-10-28,22.4700,22.6000,22.4133,22.5700,19.6960,116100
2013-10-29,22.6400,22.9333,22.6400,22.9333,20.0131,831000
2013-10-30,22.9433,22.9733,22.7367,22.8067,19.9025,108300
2013-10-31,22.8467,23.0733,22.8433,22.9567,20.0335,416700
2013-11-01,23.0200,23.0433,22.7767,22.8567,19.9462,209700
2013-11-04,22.9167,22.9167,22.8033,22.8400,19.9316,232500
2013-11-05,22.6933,22.8600,22.5900,22.7867,19.8851,441600
2013-11-06,22.8833,22.9333,22.7367,22.8333,19.9258,156300
2013-11-07,22.8500,22.8500,22.3967,22.4300,19.5738,244800
2013-11-08,22.4567,22.6800,22.4233,22.6733,19.7862,181500
2013-11-11,22.7400,22.7400,22.5700,22.6733,19.7862,42000
2013-11-12,22.5767,22.8133,22.5767,22.8133,19.9084,362100
2013-11-13,22.6833,23.0167,22.6800,22.9967,20.0684,174900
2013-11-14,22.9467,22.9767,22.8567,22.9000,19.9840,110400
2013-11-15,22.9500,23.0833,22.8267,23.0467,20.1120,105900
2013-11-18,23.0833,23.0833,22.8000,22.8400,19.9316,201000
2013-11-19,22.8733,22.8900,22.5600,22.5767,19.7018,162300
2013-11-20,22.5867,22.6367,22.4300,22.4567,19.5971,178500
2013-11-21,22.5333,22.8800,22.5333,22.8633,19.9520,124500
2013-11-22,22.8300,22.9100,22.7667,22.8933,19.9782,81900
2013-11-25,22.9000,22.9067,22.7000,22.8633,19.9520,74700
2013-11-26,22.8800,23.0967,22.8800,23.0567,20.1207,166200
2013-11-27,22.9833,23.1467,22.9167,23.1200,20.1760,1223400
2013-11-29,23.1267,23.2333,23.1233,23.1567,20.2080,117600
2013-12-02,23.1533,23.2200,23.0733,23.1000,20.1585,175200
2013-12-03,23.0433,23.2567,23.0433,23.1800,20.2283,682500
2013-12-04,23.1333,23.2333,22.9233,23.0733,20.1353,844500
2013-12-05,23.0967,23.2267,23.0833,23.1200,20.1760,149700
2013-12-06,23.3633,23.4433,23.3500,23.3900,20.4116,279000
2013-12-09,23.4933,23.5400,23.4167,23.4433,20.4581,190800
2013-12-10,23.4267,23.4867,23.3433,23.3800,20.4029,130800
2013-12-11,23.4000,23.4367,23.1333,23.1767,20.2254,322800
2013-12-12,23.1667,23.1900,22.9400,22.9867,20.0596,168600
2013-12-13,23.0600,23.0633,22.8933,22.9400,20.0189,137700
2013-12-16,23.2167,23.3667,23.0933,23.2233,20.2661,281700
2013-12-17,23.2433,23.5233,23.2433,23.4667,20.4785,166500
2013-12-18,23.4800,23.6533,23.1267,23.5900,20.5861,381000
2013-12-19,23.6000,23.6000,23.4000,23.4933,20.5018,192000
2013-12-20,23.5100,23.7533,23.5100,23.7033,20.6850,908400
2013-12-23,23.7200,23.8300,23.6967,23.8033,20.8394,435300
2013-12-24,23.8367,23.9400,23.8333,23.8567,20.8861,77100
2013-12-26,23.9567,24.0000,23.9067,23.9500,20.9678,252600
2013-12-27,23.9700,24.0333,23.9600,23.9700,20.9853,1479600
2013-12-30,23.9800,24.0767,23.9600,24.0100,21.0203,270900
2013-12-31,24.1033,24.2433,24.1033,24.2367,21.2188,887100
2014-01-02,24.0900,24.0900,23.8033,23.9033,20.9270,865800
2014-01-03,23.9000,23.9000,23.7400,23.8333,20.8657,427800
2014-01-06,23.8400,23.8400,23.6733,23.7167,20.7635,737400
2014-01-07,23.7633,23.9167,23.7333,23.8800,20.9065,394800
2014-01-08,24.0667,24.2600,24.0000,24.2367,21.2188,342600
2014-01-09,24.2900,24.2900,23.9667,24.0567,21.0612,213300
2014-01-10,24.0733,24.2033,24.0500,24.1667,21.1575,156000
2014-01-13,24.1267,24.2033,23.8167,23.8933,20.9182,543000
2014-01-14,23.9533,24.4533,23.9533,24.4067,21.3676,383100
2014-01-15,24.5400,24.7067,24.5033,24.6233,21.5573,759000
2014-01-16,24.5500,24.6267,24.4500,24.4967,21.4464,601800
2014-01-17,24.3733,24.5200,24.3067,24.3633,21.3297,545400
2014-01-21,24.4567,24.5100,24.3100,24.4967,21.4464,510900
2014-01-22,24.4933,24.7967,24.4467,24.7600,21.6769,448200
2014-01-23,24.6267,24.6400,24.3833,24.5133,21.4610,285600
2014-01-24,24.3667,24.4067,23.9267,23.9433,20.9620,1125900
2014-01-27,23.9933,24.0400,23.6333,23.7767,20.8161,824700
2014-01-28,23.7767,23.9233,23.6533,23.8733,20.9007,497400
2014-01-29,23.7200,23.9933,23.7200,23.7833,20.8219,921600
2014-01-30,23.9933,24.1533,23.9167,24.0833,21.0845,1313700
2014-01-31,23.7800,24.0633,23.7633,23.9733,20.9882,524700
2014-02-03,23.9533,23.9533,23.3867,23.4367,20.5184,1737900
2014-02-04,23.5067,23.5167,23.3400,23.4767,20.5534,949500
2014-02-05,23.3767,23.6033,23.2367,23.5067,20.5797,606300
2014-02-06,23.5467,23.9167,23.5467,23.8800,20.9065,455700
2014-02-07,23.9733,24.2800,23.8933,24.2567,21.2363,399300
2014-02-10,24.2900,24.4100,24.2733,24.3800,21.3443,346800
2014-02-11,24.4200,24.7600,24.4200,24.7000,21.6244,823800
2014-02-12,24.7667,24.9433,24.7667,24.9167,21.8141,408000
2014-02-13,24.8033,25.2100,24.7567,25.2000,22.0622,347400
2014-02-14,25.1700,25.3933,25.1100,25.3633,22.2052,1166700
2014-02-18,25.3967,25.4500,25.2400,25.4300,22.2635,169500
2014-02-19,25.3633,25.5200,25.3367,25.4067,22.2431,139800
2014-02-20,25.4167,25.6067,25.3700,25.5800,22.3949,285000
2014-02-21,25.6300,25.6767,25.4033,25.4700,22.2985,390300
2014-02-24,25.5967,25.7267,25.5667,25.5700,22.3861,167100
2014-02-25,25.5100,25.5900,25.3133,25.4333,22.2665,243300
2014-02-26,25.5200,25.7867,25.4967,25.6067,22.4182,164400
2014-02-27,25.6000,25.6467,25.4300,25.6033,22.4153,196800
2014-02-28,25.6067,25.6800,25.4067,25.5833,22.3978,163800
2014-03-03,25.3800,25.4733,25.2033,25.4233,22.2577,269400
2014-03-04,25.7533,25.9167,25.7533,25.8733,22.6517,889800
2014-03-05,25.9133,25.9933,25.8300,25.9233,22.6954,289200
2014-03-06,26.0000,26.1267,25.9067,26.1033,22.8530,427800
2014-03-07,26.2733,26.2733,25.9933,26.0733,22.8268,672000
2014-03-10,26.0833,26.1333,25.9100,26.0300,22.7888,150300
2014-03-11,26.0833,26.1533,25.8133,25.8867,22.6633,178500
2014-03-12,25.7700,26.1033,25.7200,26.0933,22.8443,145800
2014-03-13,26.1700,26.2100,25.5367,25.6700,22.4736,778200
2014-03-14,25.6400,25.7433,25.5200,25.5233,22.3452,178500
2014-03-17,25.6900,25.9300,25.6900,25.8400,22.6225,150300
2014-03-18,25.9400,26.2233,25.8433,26.2133,22.9493,538200
2014-03-19,26.2200,26.3667,26.0367,26.1900,22.9289,785100
2014-03-20,26.1267,26.6867,26.0800,26.6733,23.3520,533700
2014-03-21,26.7567,26.7867,26.3800,26.4400,23.1478,396000
2014-03-24,26.5700,26.5900,26.1200,26.3333,23.0544,727800
2014-03-25,26.3867,26.6067,26.3233,26.4600,23.2267,309300
2014-03-26,26.7433,26.7667,26.1600,26.1600,22.9634,384300
2014-03-27,26.1667,26.2500,25.8967,25.9667,22.7937,543600
2014-03-28,26.0467,26.3433,26.0300,26.1367,22.9429,214200
2014-03-31,26.3567,26.6467,26.3100,26.5633,23.3174,696300
2014-04-01,26.6867,26.9867,26.6800,26.9867,23.6890,621000
2014-04-02,27.0367,27.0400,26.8067,26.9467,23.6539,542700
2014-04-03,26.9900,27.2333,26.8767,26.9867,23.6890,354600
2014-04-04,27.2000,27.2000,26.1867,26.2233,23.0190,977700
2014-04-07,26.1567,26.3733,25.8400,25.9867,22.8112,797100
2014-04-08,26.0267,26.3433,26.0233,26.3267,23.1097,181200
2014-04-09,26.4467,26.6167,26.3167,26.6033,23.3525,174000
2014-04-10,26.6433,26.6433,25.7533,25.7800,22.6298,1304400
2014-04-11,25.4900,25.8467,25.3100,25.3767,22.2758,1170000
2014-04-14,25.5833,25.7167,25.3400,25.5800,22.4543,1281000
2014-04-15,25.6267,25.8233,25.3000,25.7467,22.6006,477900
2014-04-16,25.8167,25.8333,25.3333,25.7033,22.5625,590700
2014-04-17,25.8633,26.2933,25.8333,26.1867,22.9868,354600
2014-04-21,26.3667,26.4300,26.0933,26.4233,23.1945,447300
2014-04-22,26.4833,26.7300,26.4267,26.6600,23.4023,621000
2014-04-23,26.6900,26.7533,26.5700,26.6367,23.3818,602100
2014-04-24,26.8433,26.8600,26.4467,26.7867,23.5135,247800
2014-04-25,26.5167,26.5167,25.8600,25.9100,22.7439,261900
2014-04-28,26.0567,26.1133,25.3933,25.7633,22.6152,882900
2014-04-29,25.8867,26.0000,25.7667,25.9400,22.7703,215100
2014-04-30,25.8667,26.0767,25.8333,26.0700,22.8844,155700
2014-05-01,26.0400,26.3167,25.9333,25.9867,22.8112,85500
2014-05-02,25.9900,26.1867,25.9467,26.0767,22.8902,66300
2014-05-05,25.9200,26.1700,25.8467,26.1000,22.9107,258900
2014-05-06,26.1033,26.2333,25.9733,26.0000,22.8229,222600
2014-05-07,26.1167,26.1167,25.8000,26.0100,22.8317,105600
2014-05-08,26.0100,26.5500,25.9167,26.1900,22.9897,139200
2014-05-09,26.2067,26.2067,25.9300,26.1067,22.9166,199800
2014-05-12,26.2533,26.6133,26.2467,26.5833,23.3350,169500
2014-05-13,26.6867,26.6867,26.3700,26.3733,23.1506,322200
2014-05-14,26.3767,26.3800,26.1433,26.1533,22.9575,103200
2014-05-15,26.1233,26.1633,25.6600,25.8467,22.6883,708900
2014-05-16,25.9533,26.1500,25.8900,26.1333,22.9400,204300
2014-05-19,26.1133,26.4600,26.1133,26.3967,23.1711,384600
2014-05-20,26.3867,26.4833,26.1300,26.2700,23.0599,238200
2014-05-21,26.3700,26.4667,26.2733,26.3967,23.1711,137100
2014-05-22,26.4567,26.6233,26.4433,26.5167,23.2765,264300
2014-05-23,26.5433,26.7833,26.4833,26.7700,23.4988,233700
2014-05-27,26.9500,27.1000,26.8833,27.1000,23.7885,579900
2014-05-28,27.1433,27.2033,27.0000,27.1400,23.8236,255000
2014-05-29,27.2233,27.2800,27.1400,27.1900,23.8675,150900
2014-05-30,27.2367,27.2633,27.1200,27.2233,23.8968,219600
2014-06-02,27.4000,27.4500,27.1667,27.3733,24.0285,379500
2014-06-03,27.3867,27.6500,27.3133,27.6300,24.2537,336900
2014-06-04,27.5900,27.7933,27.5433,27.7533,24.3620,636600
2014-06-05,27.7967,27.9533,27.6633,27.8900,24.4820,260700
2014-06-06,27.9933,28.0800,27.9600,28.0533,24.6254,332700
2014-06-09,28.1433,28.2433,28.0467,28.0800,24.6488,235200
2014-06-10,28.1033,28.1800,27.9833,28.1633,24.7219,199200
2014-06-11,28.1533,28.4167,28.1467,28.3100,24.8507,344100
2014-06-12,28.2900,28.4067,28.1133,28.2133,24.7658,867300
2014-06-13,28.4700,28.5700,28.3400,28.4900,25.0087,391500
2014-06-16,28.4600,28.7133,28.4533,28.6600,25.1579,761100
2014-06-17,28.6100,28.9100,28.6100,28.8700,25.3422,330600
2014-06-18,28.9100,28.9100,28.5400,28.7500,25.2369,698100
2014-06-19,28.8233,28.8233,28.6067,28.7900,25.2720,905100
2014-06-20,28.8533,28.8767,28.7433,28.8767,25.3481,685800
2014-06-23,28.9133,28.9133,28.7367,28.7700,25.2545,1428600
2014-06-24,28.7633,28.8833,28.4000,28.4567,25.0496,1128000
2014-06-25,28.4033,28.6067,28.2833,28.5767,25.1553,435300
2014-06-26,28.5967,28.5967,28.2400,28.4500,25.0438,247800
2014-06-27,28.3833,28.5033,28.3467,28.4867,25.0761,476700
2014-06-30,28.5567,28.8233,28.5133,28.8000,25.3519,297000
2014-07-01,28.9100,29.3067,28.8900,29.1933,25.6981,306900
2014-07-02,29.2867,29.3133,29.1800,29.2700,25.7656,445800
2014-07-03,29.3667,29.5033,29.3667,29.4533,25.9270,316800
2014-07-07,29.4733,29.4733,29.2133,29.2567,25.7539,468000
2014-07-08,29.2200,29.2533,28.8233,29.1000,25.6159,525900
2014-07-09,29.0800,29.2933,28.9633,29.2767,25.7715,382800
2014-07-10,28.8533,29.2500,28.7567,29.1433,25.6541,471000
2014-07-11,29.1467,29.2033,29.0233,29.1400,25.6512,347700
2014-07-14,29.3033,29.3867,29.1967,29.2833,25.7773,937500
2014-07-15,29.2967,29.3833,28.9267,29.1967,25.7010,434700
2014-07-16,29.4233,29.5533,29.3667,29.5367,26.0003,308100
2014-07-17,29.2300,29.2400,28.7300,28.7733,25.3284,1110900
2014-07-18,28.8867,29.1767,28.8500,29.1500,25.6600,605400
2014-07-21,29.0867,29.2967,29.0433,29.2367,25.7363,355500
2014-07-22,29.3533,29.4767,29.2933,29.4267,25.9035,342300
2014-07-23,29.2833,29.2833,28.7367,28.7533,25.3108,797400
2014-07-24,28.7400,28.7433,28.4733,28.4867,25.0761,921600
2014-07-25,28.2767,28.3133,27.8600,27.9233,24.5802,2210100
2014-07-28,27.9333,27.9467,27.5600,27.8967,24.5567,1801800
2014-07-29,27.9867,28.1167,27.8433,27.8467,24.5127,577800
2014-07-30,28.0867,28.2033,27.9500,28.1167,24.7503,1718400
2014-07-31,27.8000,27.8867,27.4267,27.5467,24.2486,2455800
2014-08-01,27.5033,27.7867,27.4000,27.6367,24.3278,587400
2014-08-04,27.7100,27.8367,27.4900,27.7567,24.4335,720600
2014-08-05,27.6667,27.7700,27.3667,27.4633,24.1752,1244100
2014-08-06,27.3600,27.7500,27.3167,27.5533,24.2545,859800
2014-08-07,27.7233,27.7400,27.1200,27.1833,23.9288,879000
2014-08-08,27.2867,27.5333,27.2467,27.5200,24.2251,652500
2014-08-11,27.6467,27.9233,27.6367,27.7700,24.4452,1435200
2014-08-12,27.7500,27.8067,27.5133,27.7500,24.4276,196800
2014-08-13,27.7933,28.0133,27.7933,28.0133,24.6594,407400
2014-08-14,28.0133,28.1100,27.9633,28.0667,24.7063,469200
2014-08-15,28.2867,28.4600,28.0367,28.3633,24.9675,622500
2014-08-18,28.4633,28.4800,28.2667,28.4733,25.0643,488400
2014-08-19,28.5467,28.7200,28.5167,28.6767,25.2433,712200
2014-08-20,28.6367,28.9500,28.6367,28.9167,25.4546,262800
2014-08-21,28.9033,29.0433,28.8500,29.0267,25.5514,409500
2014-08-22,29.0100,29.1667,28.9267,29.0467,25.5690,467400
2014-08-25,29.2267,29.2267,28.8900,28.9433,25.4780,247800
2014-08-26,28.9733,29.0533,28.9167,28.9467,25.4810,153000
2014-08-27,28.9600,29.0233,28.8267,29.0000,25.5279,356700
2014-08-28,28.8500,29.1100,28.8100,29.0933,25.6101,207600
2014-08-29,29.2567,29.4000,29.1967,29.3133,25.8037,240900
2014-09-02,29.3567,29.4167,29.0500,29.1800,25.6864,214200
2014-09-03,29.2933,29.3800,29.1967,29.2600,25.7568,238200
2014-09-04,29.3367,29.5533,29.2667,29.3433,25.8302,270600
2014-09-05,29.3633,29.5900,29.3133,29.5867,26.0444,445200
2014-09-08,29.5533,29.8233,29.5467,29.6600,26.1089,474300
2014-09-09,29.6667,29.6900,29.3467,29.3867,25.8683,190500
2014-09-10,29.3567,29.4267,29.1967,29.3767,25.8595,162300
2014-09-11,29.2833,29.4533,29.1633,29.4533,25.9270,250800
2014-09-12,29.4167,29.4167,29.0267,29.0867,25.6042,624600
2014-09-15,29.1467,29.1567,28.7167,28.7300,25.2903,652500
2014-09-16,28.6833,29.2700,28.6700,29.2300,25.7304,1664400
2014-09-17,29.2833,29.6033,29.2567,29.4400,25.9152,444000
2014-09-18,29.5633,29.8900,29.5367,29.8900,26.3114,355500
2014-09-19,30.0300,30.0367,29.4633,29.5167,25.9827,339000
2014-09-22,29.4100,29.4800,29.1033,29.1600,25.6688,315600
2014-09-23,29.0233,29.2900,28.9533,29.0667,25.5866,632700
2014-09-24,29.0400,29.3600,29.0400,29.3500,25.9073,329100
2014-09-25,29.2900,29.3100,28.7233,28.8133,25.4336,507900
2014-09-26,29.0367,29.2233,28.9400,29.1533,25.7337,828300
2014-09-29,28.8600,29.2833,28.8033,29.1900,25.7661,325800
2014-09-30,29.2333,29.2333,28.8433,28.9500,25.5542,370800
2014-10-01,28.8933,28.8933,28.1700,28.2433,24.9305,1676700
2014-10-02,28.2367,28.2367,27.5667,28.0700,24.7775,584400
2014-10-03,28.3067,28.4367,28.0967,28.2467,24.9334,489600
2014-10-06,28.2967,28.3467,27.8167,28.0000,24.7157,429900
2014-10-07,27.9067,27.9667,27.4667,27.4667,24.2449,1260600
2014-10-08,27.5267,28.1467,27.2400,28.0867,24.7922,439200
2014-10-09,28.0300,28.0333,27.3100,27.3267,24.1213,1307100
2014-10-10,26.5667,26.5733,25.2133,25.4433,22.4589,3951300
2014-10-13,25.4567,25.7733,24.8867,24.9033,21.9822,4425000
2014-10-14,25.3500,25.8333,25.1433,25.3533,22.3795,3031200
2014-10-15,24.8667,25.6667,24.7200,25.4733,22.4854,1984800
2014-10-16,25.1233,26.0433,25.1167,25.8667,22.8326,990300
2014-10-17,26.3300,26.5000,26.0167,26.0567,23.0003,1563000
2014-10-20,26.0667,26.4967,25.8833,26.4700,23.3651,591900
2014-10-21,26.7833,27.4600,26.7633,27.4467,24.2272,1086600
2014-10-22,27.6567,27.6933,27.0400,27.0533,23.8801,2008500
2014-10-23,27.4100,27.5900,27.3267,27.4433,24.2243,709500
2014-10-24,27.4500,27.7867,27.4300,27.7167,24.4656,624900
2014-10-27,27.6967,27.8900,27.4867,27.8467,24.5803,1352400
2014-10-28,27.9933,28.2533,27.9000,28.2433,24.9305,1290900
2014-10-29,28.1967,28.3733,27.9767,28.3000,24.9805,1864200
2014-10-30,28.1667,28.1967,27.6067,27.9567,24.6774,1145100
2014-10-31,28.7333,29.1900,28.7333,29.0500,25.6425,2241300
2014-11-03,29.0933,29.4067,29.0500,29.2500,25.8191,1669500
2014-11-04,29.1400,29.3167,28.9267,29.1433,25.7249,539700
2014-11-05,29.3633,29.4733,29.1100,29.4367,25.9838,762900
2014-11-06,29.2633,29.3667,29.0000,29.1833,25.7602,978000
2014-11-07,29.1500,29.2433,28.6867,28.9200,25.5278,445200
2014-11-10,29.0000,29.1800,28.8767,29.1333,25.7161,326100
2014-11-11,29.1800,29.1800,28.9533,29.0767,25.6661,533700
2014-11-12,28.9633,29.0567,28.8767,29.0333,25.6278,254700
2014-11-13,29.1267,29.3267,28.9333,29.0367,25.6307,186600
2014-11-14,28.9867,29.3100,28.8300,29.2900,25.8544,277500
2014-11-17,29.1533,29.2400,28.9200,29.1567,25.7367,864900
2014-11-18,29.2067,29.8067,29.2067,29.7267,26.2398,456900
2014-11-19,29.7767,29.7767,29.3867,29.5233,26.0603,725700
2014-11-20,29.3900,29.8267,29.2633,29.7933,26.2987,651300
2014-11-21,30.1100,30.2100,29.8833,30.1200,26.5870,1091700
2014-11-24,30.1800,30.4267,30.1333,30.4100,26.8430,533100
2014-11-25,30.5000,30.5100,30.3500,30.4167,26.8489,610500
2014-11-26,30.4300,31.0667,30.4300,31.0600,27.4167,552300
2014-11-28,31.1233,31.2333,30.9567,31.1467,27.4932,333900
2014-12-01,31.0100,31.1733,30.6400,30.7533,27.1460,930300
2014-12-02,30.6833,30.9567,30.5567,30.9467,27.3167,538800
2014-12-03,31.0967,31.6267,31.0833,31.5967,27.8905,1059600
2014-12-04,31.6900,31.8267,31.4467,31.6233,27.9140,741000
2014-12-05,31.7233,31.9467,31.6633,31.9400,28.1935,362100
2014-12-08,31.8833,32.0100,31.2967,31.4900,27.7963,1208400
2014-12-09,31.0433,31.5533,30.9567,31.4867,27.7934,645900
2014-12-10,31.3233,31.4900,30.8300,30.8867,27.2637,667500
2014-12-11,31.0233,31.4067,30.9633,31.0333,27.3932,1842900
2014-12-12,30.7600,30.9633,30.4900,30.5200,26.9401,1188600
2014-12-15,30.6667,30.9700,30.1367,30.2367,26.6900,1096800
2014-12-16,30.1067,30.6700,29.9867,30.0300,26.5076,855900
2014-12-17,30.0833,30.7533,29.8767,30.6767,27.0784,812100
2014-12-18,31.1833,31.2600,30.9700,31.2600,27.5933,627600
2014-12-19,31.4333,31.4333,31.0367,31.2633,27.5962,577500
2014-12-22,31.3367,31.6833,31.2967,31.6467,27.9346,377700
2014-12-23,31.7833,31.9067,31.5667,31.5767,27.8728,982500
2014-12-24,31.4333,31.5033,31.3600,31.3700,27.9146,203400
2014-12-26,31.4500,31.5433,31.3733,31.4100,27.9502,201000
2014-12-29,31.3933,31.4000,31.2133,31.3200,27.8701,204600
2014-12-30,31.1067,31.2700,31.1067,31.1233,27.6951,362700
2014-12-31,31.1700,31.3933,30.9433,30.9633,27.5528,290100
2015-01-02,31.1000,31.2767,30.6467,30.9367,27.5290,663000
2015-01-05,30.8067,30.8633,30.3433,30.3533,27.0100,619500
2015-01-06,30.3733,30.4033,29.5900,29.6767,26.4078,1123800
2015-01-07,29.8467,30.1033,29.6700,29.9700,26.6688,721200
2015-01-08,30.2733,30.9100,30.2733,30.8600,27.4608,633000
2015-01-09,30.9833,31.0000,30.5067,30.8767,27.4756,420900
2015-01-12,30.7433,30.7433,30.1367,30.2833,26.9477,572400
2015-01-13,30.5033,30.8767,29.8333,29.9867,26.6837,520800
2015-01-14,29.6967,30.1133,29.5100,29.8167,26.5324,1241700
2015-01-15,30.0500,30.2133,29.5567,29.5800,26.3218,663000
2015-01-16,29.4767,29.9433,29.3500,29.9033,26.6095,876900
2015-01-20,30.0567,30.3233,29.8267,30.2133,26.8854,395400
2015-01-21,30.1567,30.6900,30.0267,30.5567,27.1909,433500
2015-01-22,30.5300,30.7667,29.9633,30.7400,27.3540,1371300
2015-01-23,30.6033,30.8000,30.5100,30.6600,27.2828,564600
2015-01-26,30.5933,30.7867,30.3667,30.7167,27.3333,353700
2015-01-27,30.3233,30.4533,29.9833,30.1700,26.8468,1060800
2015-01-28,30.5867,30.8300,30.0067,30.0267,26.7193,945900
2015-01-29,29.9267,30.1400,29.4867,30.0467,26.7371,658200
2015-01-30,29.7067,30.1033,29.4133,29.4567,26.2121,1456200
2015-02-02,29.5100,29.6267,28.9167,29.5333,26.2803,927300
2015-02-03,29.6600,30.0700,29.6167,30.0567,26.7460,631200
2015-02-04,29.9767,30.3833,29.9667,30.1700,26.8468,1008000
2015-02-05,30.2933,30.4767,30.1300,30.4633,27.1078,699000
2015-02-06,30.5067,30.7600,30.2200,30.2967,26.9595,1006200
2015-02-09,30.2533,30.2533,29.9000,29.9767,26.6748,1523400
2015-02-10,30.3467,31.0000,30.2633,30.9900,27.5765,1259100
2015-02-11,30.9933,31.2000,30.8900,31.0900,27.6655,965700
2015-02-12,31.1833,31.5967,31.1833,31.5867,28.1074,935400
2015-02-13,31.7300,31.9033,31.5367,31.8100,28.3062,737100
2015-02-17,31.7967,31.9467,31.7000,31.9100,28.3952,2393400
2015-02-18,31.8733,31.9200,31.7000,31.8267,28.3210,458700
2015-02-19,31.7800,32.0067,31.7333,31.9133,28.3981,651600
2015-02-20,31.8267,32.1267,31.7500,32.1033,28.5672,1902900
2015-02-23,32.0667,32.0667,31.7900,31.9033,28.3892,673200
2015-02-24,31.9033,32.3433,31.6867,32.3300,28.7689,842400
2015-02-25,32.2600,32.3367,32.0667,32.1633,28.6206,387900
2015-02-26,32.3167,32.4533,32.2133,32.3833,28.8163,295500
2015-02-27,32.3767,32.4467,32.1867,32.2867,28.7303,350100
2015-03-02,32.5600,33.1900,32.5567,33.1733,29.5193,865800
2015-03-03,33.0567,33.0567,32.5167,32.5600,28.9736,1192200
2015-03-04,32.4700,32.5267,32.1500,32.5167,28.9350,569700
2015-03-05,32.6300,32.7233,32.4000,32.5367,28.9528,733500
2015-03-06,32.4300,32.4833,32.1100,32.2000,28.6532,642600
2015-03-09,32.1733,32.3767,32.1400,32.3000,28.7422,519900
2015-03-10,32.0900,32.1667,31.6967,31.7033,28.2113,1150500
2015-03-11,31.8633,32.1000,31.7633,31.7733,28.2735,356100
2015-03-12,31.4400,31.7733,31.4167,31.7633,28.2646,1173300
2015-03-13,31.8400,32.0333,31.6333,31.9767,28.4545,539100
2015-03-16,32.1500,32.4700,32.1067,32.4633,28.8875,657600
2015-03-17,32.2267,32.2833,32.0467,32.2267,28.6769,439800
2015-03-18,32.2167,32.6233,31.8067,32.4667,28.8905,466500
2015-03-19,32.4333,32.6200,32.3867,32.5400,28.9558,283200
2015-03-20,32.7767,33.1033,32.7333,33.0000,29.3651,462300
2015-03-23,33.0100,33.0467,32.7133,32.7267,29.1219,401100
2015-03-24,32.7500,32.7500,32.4267,32.4467,28.8727,580200
2015-03-25,32.3367,32.3733,30.8200,30.8567,27.5311,1159200
2015-03-26,30.1400,30.6300,29.7600,30.4333,27.1534,1420500
2015-03-27,30.4467,31.4133,30.3767,31.2967,27.9237,1165500
2015-03-30,31.5000,31.7800,31.3167,31.6967,28.2806,1275300
2015-03-31,31.5600,31.6233,31.2900,31.3400,27.9623,408900
2015-04-01,31.2533,31.2733,30.8933,31.1367,27.7809,625500
2015-04-02,31.2633,31.3500,31.0400,31.0667,27.7185,643800
2015-04-06,30.7733,31.2733,30.6067,31.2033,27.8404,1060800
2015-04-07,31.2100,31.4833,31.1567,31.2167,27.8523,1043700
2015-04-08,31.1533,31.5033,31.1367,31.4000,28.0159,876300
2015-04-09,31.2467,31.8500,31.2467,31.8100,28.3817,597600
2015-04-10,31.8333,31.9400,31.7867,31.9400,28.4977,264900
2015-04-13,31.9833,32.1000,31.7067,31.7500,28.3282,436500
2015-04-14,31.7533,31.7533,31.3300,31.4267,28.0397,664200
2015-04-15,31.6667,32.0433,31.6267,31.9500,28.5066,444300
2015-04-16,31.6433,31.8600,31.6433,31.8133,28.3847,523200
2015-04-17,31.5567,31.5567,31.2100,31.3600,27.9802,497700
2015-04-20,31.5200,31.7533,31.5133,31.6267,28.2181,398100
2015-04-21,31.9800,32.0667,31.7333,31.8433,28.4114,454500
2015-04-22,32.0400,32.3000,31.7900,32.2933,28.8129,450900
2015-04-23,31.7200,31.9033,31.5467,31.7933,28.3668,588900
2015-04-24,31.7333,31.7533,31.0733,31.2700,27.8999,630600
2015-04-27,31.3133,31.6767,31.2733,31.3500,27.9713,595200
2015-04-28,31.3667,31.4467,30.9433,31.3800,27.9980,1202700
2015-04-29,31.1433,31.3000,30.8833,31.2067,27.8434,784500
2015-04-30,31.1500,31.2667,30.7433,30.9367,27.6025,2324100
2015-05-01,31.2233,31.8700,31.2133,31.7967,28.3698,1523700
2015-05-04,31.8700,31.9367,31.6500,31.7333,28.3133,662400
2015-05-05,31.5067,31.5867,31.0133,31.0433,27.6976,748200
2015-05-06,31.1600,31.3033,30.7800,31.0067,27.6649,1397400
2015-05-07,31.1267,31.3933,31.1267,31.3467,27.9683,928500
2015-05-08,31.6033,31.7933,31.5733,31.6600,28.2479,657000
2015-05-11,31.6600,31.7967,31.5500,31.6800,28.2657,495000
2015-05-12,31.5433,31.5833,31.2500,31.3933,28.0099,996000
2015-05-13,31.5600,31.8133,31.5000,31.5867,28.1824,393900
2015-05-14,31.8067,32.0800,31.6900,31.9633,28.5185,876300
2015-05-15,32.0233,32.1367,31.8800,32.0167,28.5661,379200
2015-05-18,32.0600,32.3467,31.9700,32.3300,28.8456,625500
2015-05-19,32.4100,32.5667,32.1000,32.2133,28.7415,457200
2015-05-20,32.2533,32.5133,32.1400,32.2833,28.8040,858600
2015-05-21,32.2567,32.4967,32.1167,32.4467,28.9497,460200
2015-05-22,32.4067,32.6267,32.4067,32.5133,29.0092,411000
2015-05-26,32.4633,32.4933,32.1167,32.2633,28.7862,785400
2015-05-27,32.3633,33.6400,32.3467,33.5300,29.9163,1316100
2015-05-28,33.5633,33.7233,33.3400,33.5633,29.9461,1225800
2015-05-29,33.6700,33.8267,33.5333,33.6900,30.0591,1813800
2015-06-01,33.8033,33.9333,33.5300,33.7100,30.0769,1315800
2015-06-02,33.6067,33.6067,33.2833,33.3333,29.7408,938700
2015-06-03,33.5000,33.5300,33.0833,33.1067,29.5386,3604800
2015-06-04,32.9667,33.0800,32.7067,32.8067,29.2709,1787400
2015-06-05,32.7667,32.9067,32.5133,32.8100,29.2739,1308000
2015-06-08,32.8400,32.8400,32.1067,32.1933,28.7237,1367700
2015-06-09,32.2133,32.2567,31.8467,32.1733,28.7059,1645500
2015-06-10,32.3233,32.6867,32.3067,32.5733,29.0627,1308900
2015-06-11,32.7100,32.7267,32.5333,32.5633,29.0538,1614300
2015-06-12,32.4267,32.4267,32.2267,32.2700,28.7921,657000
2015-06-15,31.9367,32.2300,31.7833,32.2033,28.7326,828300
2015-06-16,32.1433,32.3733,32.0667,32.2933,28.8129,679200
2015-06-17,32.3300,32.4467,32.2000,32.3200,28.8367,727200
2015-06-18,32.4067,32.9300,32.4067,32.7767,29.2442,796800
2015-06-19,32.8567,32.9500,32.5067,32.6133,29.0984,1072500
2015-06-22,32.8833,32.9733,32.7267,32.8900,29.3453,899700
2015-06-23,32.9533,33.0000,32.6167,32.7267,29.1996,976500
2015-06-24,32.5933,32.6733,32.2900,32.2967,28.8909,742200
2015-06-25,32.3833,32.4900,32.1933,32.2733,28.8701,973200
2015-06-26,31.9833,31.9833,31.3433,31.4700,28.1514,1826700
2015-06-29,31.0567,31.2767,30.5633,30.5867,27.3613,1572300
2015-06-30,30.8667,30.9333,30.5600,30.6967,27.4597,4370400
2015-07-01,31.1333,31.1800,30.7067,30.7700,27.5253,1442400
2015-07-02,30.8300,31.0100,30.7833,30.9133,27.6535,1002300
2015-07-06,30.6333,30.9133,30.3300,30.4633,27.2509,3059400
2015-07-07,30.4767,30.4800,29.4467,30.3667,27.1645,2893200
2015-07-08,29.9600,30.0433,29.4733,29.5467,26.4309,1993500
2015-07-09,30.0833,30.1533,29.1600,29.1700,26.0940,3779700
2015-07-10,29.5167,29.8133,29.4867,29.7100,26.5770,1492200
2015-07-13,29.9700,30.0200,29.7467,29.9600,26.8007,1103700
2015-07-14,30.1067,30.3467,30.0700,30.2733,27.0810,1011300
2015-07-15,30.3400,30.3400,29.9567,30.0933,26.9199,1074900
2015-07-16,30.3167,30.3167,29.8733,30.1500,26.9706,1657500
2015-07-17,30.1333,30.1333,29.8500,30.0867,26.9140,1542000
2015-07-20,30.1967,30.2467,29.8633,29.8800,26.7291,1096800
2015-07-21,29.8933,30.1500,29.8433,29.8867,26.7351,678600
2015-07-22,29.1033,29.2233,28.8200,29.1433,26.0701,3495300
2015-07-23,29.3067,29.9267,29.3067,29.5767,26.4578,1139700
2015-07-24,29.6633,29.7233,28.9533,28.9833,25.9270,2122800
2015-07-27,28.8067,28.9700,28.4667,28.7700,25.7362,1569000
2015-07-28,28.9167,29.5467,28.6900,29.3700,26.2729,2151900
2015-07-29,29.3467,29.4633,29.0867,29.4067,26.3057,1403400
2015-07-30,29.2533,29.6200,29.1733,29.5233,26.4101,3404700
2015-07-31,29.5667,29.5667,29.1267,29.1800,26.1029,1690800
2015-08-03,29.1500,29.2067,28.9267,29.0867,26.0194,1101900
2015-08-04,28.9933,29.0500,28.5800,28.7633,25.7302,2780100
2015-08-05,28.9300,29.3300,28.9167,29.1267,26.0552,1431300
2015-08-06,29.1800,29.1800,28.3867,28.6067,25.5900,2950500
2015-08-07,28.4900,28.8000,28.4633,28.7700,25.7362,946800
2015-08-10,29.0233,29.5333,28.9867,29.4833,26.3743,1439100
2015-08-11,29.1900,29.1933,28.7033,28.8200,25.7809,2166000
2015-08-12,28.4700,29.1267,28.2433,28.9867,25.9300,2565600
2015-08-13,28.9833,29.1000,28.6900,28.7533,25.7212,903300
2015-08-14,28.6467,28.6467,28.3433,28.5167,25.5096,1231500
2015-08-17,28.3967,28.8133,28.2533,28.7600,25.7272,794400
2015-08-18,28.7167,28.7200,28.1733,28.2167,25.2412,1221600
2015-08-19,28.2767,28.2833,27.7800,27.9633,25.0146,1461000
2015-08-20,27.6600,27.6733,26.9033,26.9133,24.0753,2677500
2015-08-21,26.5667,26.9767,26.1767,26.1767,23.4163,4139700
2015-08-24,24.6600,26.7267,24.2867,25.5900,22.8915,5372700
2015-08-25,26.5967,26.6533,25.3367,25.3367,22.6649,2749500
2015-08-26,26.1267,26.6333,25.6267,26.6000,23.7950,3394800
2015-08-27,27.0633,27.6267,27.0333,27.5900,24.6806,3912300
2015-08-28,27.4900,27.8067,27.4900,27.7500,24.8237,2056200
2015-08-31,27.5367,27.9533,27.4000,27.6733,24.7551,1644000
2015-09-01,26.8433,27.3867,26.5667,26.6967,23.8815,2040000
2015-09-02,27.1467,27.3333,26.8500,27.3333,24.4510,1447200
2015-09-03,27.5400,27.9100,27.4567,27.5467,24.6418,952500
2015-09-04,27.1667,27.4000,26.9633,27.0700,24.2154,998100
2015-09-08,27.6667,28.2800,27.6633,28.2700,25.2889,2252400
2015-09-09,28.5200,28.7167,27.6933,27.7500,24.8237,2599800
2015-09-10,27.7367,28.1267,27.4767,27.8733,24.9340,1707600
2015-09-11,27.6300,27.9067,27.5067,27.8900,24.9490,1901100
2015-09-14,28.0267,28.1000,27.8733,27.9533,25.0056,1593000
2015-09-15,28.0833,28.3867,28.0700,28.3100,25.3247,1239600
2015-09-16,28.2433,28.4033,28.0767,28.3700,25.3783,1427100
2015-09-17,28.3200,28.6000,28.0833,28.1433,25.1756,1956300
2015-09-18,27.7233,28.0100,27.5467,27.6533,24.7373,1840500
2015-09-21,27.8300,27.9200,27.4367,27.5700,24.6627,2055600
2015-09-22,27.1000,27.1767,26.8533,26.9633,24.1200,2840700
2015-09-23,26.9833,27.1167,26.7300,26.7633,23.9411,1437900
2015-09-24,26.5100,26.8767,26.0033,26.7100,23.8934,4153500
2015-09-25,26.9233,27.1000,26.4500,26.7067,24.0247,1764900
2015-09-28,26.5367,26.6833,25.9633,25.9667,23.3590,5704500
2015-09-29,26.0367,26.3867,25.8600,26.1400,23.5150,1279800
2015-09-30,26.6000,27.1800,26.5600,27.1533,24.4265,1386600
2015-10-01,27.1400,27.1400,26.3633,26.8300,24.1357,2105100
2015-10-02,26.4733,27.4067,26.4600,27.3900,24.6394,2045700
2015-10-05,27.6567,28.0567,27.5700,27.9233,25.1192,2508300
2015-10-06,27.8633,28.0867,27.5133,28.0133,25.2002,3105900
2015-10-07,28.2500,28.5600,27.9100,28.3833,25.5330,1994100
2015-10-08,28.3667,28.6200,28.1200,28.5700,25.7009,1840500
2015-10-09,28.6233,28.6600,28.2233,28.3933,25.5420,1390800
2015-10-12,28.3667,28.4533,28.2433,28.3933,25.5420,1982400
2015-10-13,28.1933,28.3500,28.0167,28.0433,25.2272,1438200
2015-10-14,28.1833,29.3167,28.1067,29.0633,26.1447,3415800
2015-10-15,29.2767,29.5600,29.0867,29.3367,26.3906,2243400
2015-10-16,29.3533,29.4400,29.1633,29.4033,26.4506,1426500
2015-10-19,29.3100,29.5933,29.1733,29.3933,26.4416,1389000
2015-10-20,29.3833,29.4633,29.2000,29.3667,26.4176,996900
2015-10-21,29.6567,29.9667,29.4000,29.4100,26.4566,1579800
2015-10-22,29.8900,30.4800,29.8333,30.4300,27.3742,2399100
2015-10-23,30.7000,30.8833,30.3900,30.8000,27.7070,3199500
2015-10-26,30.6600,30.6600,30.0967,30.2467,27.2092,3103200
2015-10-27,29.9767,30.1933,29.9000,29.9833,26.9724,3168900
2015-10-28,30.1967,30.5067,30.0700,30.4267,27.3712,3307800
2015-10-29,29.8433,29.9233,29.5233,29.6100,26.6365,1950600
2015-10-30,29.7233,29.9533,29.6700,29.8467,26.8494,1505400
2015-11-02,29.9267,30.1500,29.8967,30.1100,27.0863,1122300
2015-11-03,30.0133,30.3900,30.0133,30.2667,27.2272,1026300
2015-11-04,30.2933,30.4233,30.1400,30.3533,27.3052,1472100
2015-11-05,30.2167,30.2600,29.6733,29.7167,26.7325,2101800
2015-11-06,29.9633,30.5167,29.9167,30.5033,27.4401,1913700
2015-11-09,30.4267,30.4267,30.0500,30.2067,27.1733,1821900
2015-11-10,29.8833,29.8833,29.5667,29.6567,26.6785,2517900
2015-11-11,29.7267,29.9933,29.6533,29.6800,26.6995,1607400
2015-11-12,29.5233,29.7033,29.2967,29.2967,26.3546,2419200
2015-11-13,29.2867,29.3967,28.9200,29.0333,26.1177,1488300
2015-11-16,29.0167,29.4100,29.0100,29.3900,26.4386,1824000
2015-11-17,29.4300,29.8167,29.3900,29.5867,26.6155,2051700
2015-11-18,29.6300,29.9100,29.4267,29.8800,26.8794,2264700
2015-11-19,29.9500,30.2233,29.7900,29.9500,26.9424,1168200
2015-11-20,30.0767,30.2100,29.9700,30.0467,27.0293,598200
2015-11-23,29.9933,30.0000,29.6467,29.6867,26.7055,1169400
2015-11-24,29.6233,30.0967,29.4967,30.0367,27.0203,1676700
2015-11-25,30.0600,30.2067,29.9467,30.0800,27.0593,462300
2015-11-27,30.0967,30.3233,30.0967,30.2100,27.1763,588600
2015-11-30,30.2533,30.6233,30.2433,30.5367,27.4701,1134900
2015-12-01,30.7333,31.0133,30.6633,31.0100,27.8959,1731600
2015-12-02,31.1233,31.2033,30.8033,30.8633,27.7640,996900
2015-12-03,31.2733,31.3067,30.5200,30.6767,27.5961,1847700
2015-12-04,30.6433,31.2900,30.5933,31.2067,28.0728,1254900
2015-12-07,31.1800,31.1800,30.8867,30.9533,27.8449,1502100
2015-12-08,30.5400,30.7833,30.4000,30.6900,27.6081,1609200
2015-12-09,30.6900,30.7233,30.1433,30.2900,27.2482,1364700
2015-12-10,30.2633,30.6867,30.2433,30.4367,27.3802,1127400
2015-12-11,30.1267,30.2333,29.8200,29.8667,26.8674,2222100
2015-12-14,29.8533,29.9667,29.3733,29.6733,26.6935,2588100
2015-12-15,29.9033,30.2367,29.8033,30.1200,27.0953,1524000
2015-12-16,30.3033,30.4067,29.8700,30.3467,27.2992,1255200
2015-12-17,30.5233,30.6000,29.9033,29.9300,26.9244,1064700
2015-12-18,29.7467,29.8400,29.5167,29.5833,26.6125,1937700
2015-12-21,29.7633,30.1167,29.7433,30.0900,27.0683,953100
2015-12-22,30.1867,30.2367,29.9000,30.1367,27.1103,796500
2015-12-23,30.1733,30.3733,30.1267,30.3467,27.2992,1291200
2015-12-24,30.2533,30.5167,30.2333,30.4033,27.4083,506700
2015-12-28,30.2600,30.2833,29.9833,30.2833,27.3001,342900
2015-12-29,30.4700,30.7767,30.3800,30.6367,27.6186,596400
2015-12-30,30.6267,30.6900,30.3367,30.3600,27.3692,1165800
2015-12-31,30.2400,30.2533,29.9300,29.9467,26.9966,776700
2016-01-04,29.3433,29.6000,29.1667,29.6000,26.6841,1023000
2016-01-05,29.6567,29.7167,29.2567,29.3200,26.4317,1329000
2016-01-06,28.6900,28.8167,28.2400,28.3067,25.5182,1541100
2016-01-07,27.7600,28.1600,27.4533,27.5133,24.8030,2026800
2016-01-08,27.7033,27.8067,27.0467,27.1167,24.4454,1465200
2016-01-11,27.2900,27.4567,26.8433,27.2100,24.5295,1000800
2016-01-12,27.5100,27.6967,27.0567,27.4367,24.7339,1073700
2016-01-13,27.4433,27.6533,26.5567,26.5633,23.9466,1756200
2016-01-14,26.6967,27.2533,26.3333,27.1100,24.4394,1294200
2016-01-15,26.0400,26.2300,25.5400,25.8867,23.3366,1663800
2016-01-19,26.2733,26.4933,25.7033,25.9300,23.3756,986100
2016-01-20,25.6033,26.3600,25.3800,26.1000,23.5289,1718700
2016-01-21,26.3600,26.8100,26.1233,26.4867,23.8774,1162200
2016-01-22,26.9900,27.1600,26.8067,26.9700,24.3132,1642800
2016-01-25,26.9100,26.9667,26.5467,26.5967,23.9766,1261500
2016-01-26,26.6700,27.0533,26.5867,26.8433,24.1990,1683300
2016-01-27,26.7567,27.0433,26.4300,26.5367,23.9225,1650000
2016-01-28,26.6467,26.7933,26.2600,26.4767,23.8684,525000
2016-01-29,26.6967,27.6800,26.6967,27.6767,24.9502,1774500
2016-02-01,27.4600,27.9433,27.3900,27.8000,25.0614,1923600
2016-02-02,27.5000,27.5000,26.8067,26.8833,24.2350,1210200
2016-02-03,27.2367,27.2367,26.4033,26.9467,24.2921,1507800
2016-02-04,26.9467,27.5833,26.9233,27.4133,24.7128,1115400
2016-02-05,27.2933,27.2933,26.3633,26.4733,23.8654,2381400
2016-02-08,26.0267,26.0367,25.3967,25.8067,23.2644,3249300
2016-02-09,25.4933,26.1133,25.4367,25.6600,23.1322,859200
2016-02-10,25.8667,26.0933,25.4333,25.4600,22.9519,2616000
2016-02-11,25.0567,25.4067,24.9333,25.2633,22.7746,1256100
2016-02-12,25.5433,25.8467,25.1900,25.8167,23.2735,1213500
2016-02-16,26.1600,26.8600,26.0767,26.7233,24.0908,1281300
2016-02-17,26.9000,27.4133,26.8600,27.3600,24.6647,1126200
2016-02-18,27.5667,27.5900,27.2033,27.2300,24.5476,1015200
2016-02-19,27.2767,27.5100,27.1600,27.3500,24.6557,545400
2016-02-22,27.6233,27.9233,27.6233,27.7800,25.0434,1787400
2016-02-23,27.6433,27.6933,27.2900,27.3433,24.6497,764100
2016-02-24,27.0167,27.7667,26.8500,27.7067,24.9773,1031700
2016-02-25,27.7967,28.0700,27.4900,28.0433,25.2808,1239000
2016-02-26,28.2900,28.3267,28.1033,28.2233,25.4430,921300
2016-02-29,28.2767,28.6500,28.1567,28.1567,25.3829,1171200
2016-03-01,28.3633,28.9533,28.3500,28.9167,26.0681,1164900
2016-03-02,28.8733,29.1133,28.8667,29.0967,26.2303,1033200
2016-03-03,29.1067,29.2033,28.9167,29.1300,26.2604,869400
2016-03-04,29.3300,29.6733,29.1133,29.4300,26.5308,1378500
2016-03-07,29.2500,29.6700,29.1467,29.5633,26.6510,1113600
2016-03-08,29.3300,29.3500,28.8533,28.8933,26.0470,1032900
2016-03-09,28.9733,29.1700,28.8800,29.0967,26.2303,578700
2016-03-10,29.2800,29.5267,28.8500,29.2433,26.3625,2480700
2016-03-11,29.5600,29.8300,29.5000,29.8000,26.8644,656100
2016-03-14,29.6867,29.8267,29.5967,29.7300,26.8013,752400
2016-03-15,29.6300,29.6567,29.4133,29.6533,26.7322,2064300
2016-03-16,29.4667,29.9567,29.4667,29.9200,26.9726,1463400
2016-03-17,29.8300,30.2033,29.7833,30.1267,27.1589,940200
2016-03-18,30.1667,30.5600,30.0933,30.5233,27.5165,1722300
2016-03-21,30.4233,30.6000,30.3033,30.5633,27.5525,672000
2016-03-22,30.4133,30.6733,30.3400,30.5567,27.5465,653100
2016-03-23,30.4200,30.4467,30.0600,30.0667,27.1866,735600
2016-03-24,29.8800,30.0633,29.7200,30.0467,27.1685,602400
2016-03-28,30.1100,30.1467,29.9033,30.0300,27.1535,476100
2016-03-29,29.9000,30.4667,29.7600,30.4433,27.5272,1197600
2016-03-30,30.6033,30.9000,30.5867,30.7100,27.7683,688800
2016-03-31,30.6667,30.6933,30.5300,30.5400,27.6146,536700
2016-04-01,30.2767,30.7633,30.2433,30.7500,27.8045,453000
2016-04-04,30.7300,30.7533,30.4167,30.4767,27.5574,653700
2016-04-05,30.2933,30.5133,30.1733,30.3067,27.4036,541500
2016-04-06,30.2733,30.6233,30.0233,30.5967,27.6659,5235600
2016-04-07,30.4800,30.4800,30.0167,30.1300,27.2439,1107300
2016-04-08,30.4700,30.5500,30.1633,30.2700,27.3705,1175400
2016-04-11,30.4133,30.7100,30.2533,30.2633,27.3645,789300
2016-04-12,30.3033,30.3367,29.8333,30.2200,27.3253,1233000
2016-04-13,30.4267,30.9233,30.4100,30.8967,27.9371,1008600
2016-04-14,30.6267,30.7067,30.3533,30.6600,27.7231,725700
2016-04-15,30.5933,30.6367,30.3633,30.3967,27.4850,1100100
2016-04-18,30.2867,30.4733,30.2300,30.4000,27.4880,980100
2016-04-19,30.4667,30.4967,29.9033,30.0300,27.1535,1293000
2016-04-20,29.9533,30.4533,29.9500,30.3167,27.4127,1105500
2016-04-21,30.3067,30.3067,29.9933,30.1367,27.2499,825300
2016-04-22,30.1600,30.4567,29.9467,30.1900,27.2981,731400
2016-04-25,30.0967,30.2700,29.9200,30.0100,27.1354,1796100
2016-04-26,30.2367,30.6867,30.2333,30.4100,27.4971,1356300
2016-04-27,30.1100,30.7700,30.0800,30.7200,27.7774,1516800
2016-04-28,30.5567,30.7233,29.8367,29.9167,27.0510,1489500
2016-04-29,29.8000,29.8000,28.9033,29.1267,26.3367,2604000
2016-05-02,29.2033,29.3867,28.9767,29.3467,26.5356,1144200
2016-05-03,29.0533,29.1900,28.8800,29.0133,26.2342,3286800
2016-05-04,28.8033,29.0067,28.5833,28.6833,25.9358,2537100
2016-05-05,28.8500,29.0300,28.6500,28.7533,25.9991,1178100
2016-05-06,28.6300,28.8133,28.3967,28.7933,26.0353,1242000
2016-05-09,28.8467,29.0000,28.6733,28.7567,26.0021,975000
2016-05-10,28.8367,29.1100,28.6633,29.0967,26.3095,830100
2016-05-11,28.9867,29.2867,28.9867,29.0267,26.2463,2676300
2016-05-12,29.0933,29.1467,28.2767,28.5067,25.7761,1212000
2016-05-13,28.5867,28.8467,28.5267,28.6100,25.8695,1603500
2016-05-16,28.6267,29.2667,28.5267,29.0700,26.2854,712800
2016-05-17,29.0267,29.1867,28.7933,28.8800,26.1136,624000
2016-05-18,28.7600,29.5833,28.7600,29.3300,26.5205,2003400
2016-05-19,29.1400,29.3867,28.9133,29.1667,26.3728,1394700
2016-05-20,29.5200,30.0800,29.5167,30.0500,27.1716,1679400
2016-05-23,30.2500,30.5300,30.2500,30.2600,27.3614,735900
2016-05-24,30.5100,31.0267,30.4733,30.9900,28.0215,1587600
2016-05-25,31.1800,31.2567,30.9333,31.1733,28.1873,1248600
2016-05-26,31.2200,31.3500,31.1433,31.2767,28.2807,912300
2016-05-27,31.2500,31.5267,31.2500,31.4733,28.4586,861600
2016-05-31,31.5333,31.6867,31.4467,31.6567,28.6243,2144400
2016-06-01,31.6300,31.8633,31.5067,31.8233,28.7750,1314300
2016-06-02,31.7667,31.8300,31.6267,31.8300,28.7811,740700
2016-06-03,32.1067,32.1233,31.7367,31.9233,28.8654,1316100
2016-06-06,31.9433,32.1133,31.7967,31.8500,28.7991,1886100
2016-06-07,31.9867,32.2167,31.9833,32.1533,29.0734,1399200
2016-06-08,32.1533,32.2233,32.0400,32.1400,29.0614,418800
2016-06-09,31.9333,32.1933,31.8233,32.1767,29.0945,1087200
2016-06-10,31.8500,31.8500,31.5367,31.6500,28.6183,1038900
2016-06-13,31.4467,31.8367,31.4200,31.4867,28.4706,1664400
2016-06-14,31.3833,31.5600,31.1767,31.4767,28.4616,1265700
2016-06-15,31.6367,31.6900,31.4200,31.4733,28.4586,706500
2016-06-16,31.1633,31.4900,30.9300,31.4700,28.4555,4066500
2016-06-17,31.4200,31.4200,30.9767,31.2033,28.2144,1817700
2016-06-20,31.6567,31.9267,31.5333,31.5500,28.5279,1106100
2016-06-21,31.5833,31.6433,31.4367,31.5500,28.6183,966600
2016-06-22,31.5967,31.8533,31.4833,31.5200,28.5911,918900
2016-06-23,31.9333,32.3433,31.8367,32.3067,29.3046,1099200
2016-06-24,30.9400,31.4367,30.4367,30.5533,27.7142,2657100
2016-06-27,30.1367,30.1400,29.1133,29.3133,26.5895,5307000
2016-06-28,29.7700,30.1400,29.6900,30.0800,27.2849,2741700
2016-06-29,30.4333,30.7767,30.3233,30.6867,27.8352,2353800
2016-06-30,30.7267,31.2467,30.6667,31.2133,28.3129,1577400
2016-07-01,30.9767,31.0633,30.8933,30.9567,28.0801,1338000
2016-07-05,30.7133,30.7133,30.2067,30.3900,27.5661,2583300
2016-07-06,30.1700,30.4800,29.8767,30.4300,27.6024,1725300
2016-07-07,30.4767,31.0267,30.4767,30.8000,27.9380,1184100
2016-07-08,31.1167,31.6833,31.1000,31.6567,28.7150,1075200
2016-07-11,31.8967,32.1500,31.8733,32.0133,29.0386,960900
2016-07-12,32.3067,32.5400,32.2467,32.4300,29.4165,3075300
2016-07-13,32.5467,32.6667,32.4200,32.4700,29.4528,1431000
2016-07-14,32.7633,32.7967,32.5000,32.7067,29.6675,1401300
2016-07-15,32.7133,32.7533,32.5667,32.6967,29.6584,1151100
2016-07-18,33.1100,33.2367,33.0167,33.1767,30.0938,1426200
2016-07-19,33.1233,33.1533,32.9600,33.0633,29.9910,845400
2016-07-20,33.2500,33.6700,33.1433,33.5867,30.4657,1967100
2016-07-21,33.6200,33.6400,33.2133,33.3500,30.2510,1458000
2016-07-22,33.2367,33.5367,33.0333,33.5167,30.4022,1398900
2016-07-25,33.5100,33.7733,33.5100,33.7100,30.5776,710100
2016-07-26,34.0333,35.1733,34.0333,35.0167,31.7628,4409700
2016-07-27,35.3300,35.3433,34.8100,35.0133,31.7598,3430500
2016-07-28,34.8567,35.0533,34.6667,34.8200,31.5844,2495700
2016-07-29,34.8133,34.9267,34.5100,34.6667,31.4454,1017000
2016-08-01,34.7433,34.8200,34.5733,34.6933,31.4695,1479300
2016-08-02,34.6300,34.6300,33.9533,34.1600,30.9858,4523400
2016-08-03,33.9767,34.2100,33.9700,34.2033,31.0251,1248900
2016-08-04,34.2900,34.5367,34.2267,34.5233,31.3153,1218600
2016-08-05,34.7267,35.0000,34.6767,34.9633,31.7144,1239000
2016-08-08,35.0833,35.1667,34.8600,34.9233,31.6782,695700
2016-08-09,35.1167,35.3200,35.0567,35.2067,31.9352,1128000
2016-08-10,35.2367,35.2767,34.8200,34.9667,31.7175,2446800
2016-08-11,35.1167,35.1467,34.9167,35.1000,31.8384,1129500
2016-08-12,35.1667,35.3400,35.1300,35.2633,31.9866,575100
2016-08-15,35.3367,35.8300,35.3367,35.7433,32.4220,683100
2016-08-16,35.6867,35.6867,35.4533,35.4933,32.1952,1883100
2016-08-17,35.5067,35.5133,35.2967,35.4867,32.1891,1782300
2016-08-18,35.4967,35.7467,35.4667,35.7433,32.4220,693000
2016-08-19,35.7767,36.1367,35.7767,36.0500,32.7001,1472400
2016-08-22,35.9933,36.1533,35.9133,36.0667,32.7152,770700
2016-08-23,36.2267,36.4033,36.2267,36.2433,32.8755,825600
2016-08-24,36.2933,36.3233,35.8500,35.9433,32.6034,917700
2016-08-25,35.8333,36.2567,35.8333,36.0900,32.7364,940200
2016-08-26,36.1500,36.5233,36.0067,36.2500,32.8815,932100
2016-08-29,36.4033,36.5333,36.3500,36.3933,33.0116,810900
2016-08-30,36.4000,36.6000,36.1933,36.3233,32.9481,3181200
2016-08-31,36.3133,36.3533,36.0967,36.3000,32.9269,1447200
2016-09-01,36.4033,36.6133,36.1167,36.5867,33.1869,1393800
2016-09-02,36.7500,36.7767,36.3833,36.5500,33.1537,1664400
2016-09-06,36.6133,36.6633,36.2800,36.4667,33.0781,1085400
2016-09-07,36.5200,36.5267,36.1233,36.1900,32.8271,3814200
2016-09-08,36.0733,36.2233,35.9133,36.1267,32.7697,1353300
2016-09-09,35.8433,35.8433,34.7367,34.8433,31.6056,2546400
2016-09-12,34.5600,35.5333,34.4433,35.4933,32.1952,2162700
2016-09-13,35.3167,35.6167,35.0033,35.1800,31.9110,1202100
2016-09-14,35.0900,35.5767,35.0433,35.4900,32.1922,1094100
2016-09-15,35.4733,36.3767,35.4267,36.3100,32.9360,1795500
2016-09-16,36.5767,36.6900,36.0433,36.3200,32.9450,1916100
2016-09-19,36.5467,36.8967,36.2433,36.3633,32.9844,1180500
2016-09-20,36.5733,36.5967,36.1100,36.2000,32.8362,1076100
2016-09-21,36.3800,36.7567,36.2233,36.7000,33.2897,1295700
2016-09-22,36.9400,37.0500,36.7133,36.8200,33.3986,1056600
2016-09-23,36.7667,36.7833,36.3967,36.4433,33.0569,818100
2016-09-26,36.0333,36.1533,35.7833,35.9333,32.7311,1149300
2016-09-27,35.8500,36.5600,35.8300,36.5533,33.2959,1034700
2016-09-28,36.6867,36.8133,36.4033,36.6267,33.3627,840600
2016-09-29,36.6433,37.3067,36.2433,37.0767,33.7726,2580900
2016-09-30,37.2967,37.9067,37.2967,37.6633,34.3070,1372500
2016-10-03,37.7533,37.9167,37.3367,37.4100,34.0762,3632100
2016-10-04,37.5667,37.6833,37.1700,37.3133,33.9881,1019400
2016-10-05,37.4333,37.8500,37.3433,37.5867,34.2371,3852600
2016-10-06,37.5600,37.8367,37.3267,37.8067,34.4375,2603700
2016-10-07,37.8667,37.8667,37.4100,37.7500,34.3859,1383900
2016-10-10,37.9267,38.0700,37.5467,37.5600,34.2128,1210500
2016-10-11,37.5133,37.5133,36.4500,36.7733,33.4963,1871400
2016-10-12,36.7500,36.7600,36.3233,36.6500,33.3839,1567500
2016-10-13,36.3233,36.3233,35.6333,36.2167,32.9892,2082000
2016-10-14,36.5467,36.9167,36.4567,36.4900,33.2382,1365000
2016-10-17,36.4533,36.6500,36.2800,36.3000,33.0651,701100
2016-10-18,36.7467,36.8700,36.6500,36.7200,33.4477,891600
2016-10-19,36.4000,36.6133,36.2200,36.5667,33.3080,1192200
2016-10-20,36.5000,36.9567,36.2767,36.8233,33.5418,2059800
2016-10-21,36.5300,36.7667,36.3833,36.7300,33.4568,1095900
2016-10-24,36.9233,37.4267,36.9233,37.4033,34.0701,711000
2016-10-25,37.4233,37.5367,37.3000,37.3700,34.0398,823500
2016-10-26,37.0833,37.5367,37.0533,37.3167,33.9912,1119900
2016-10-27,37.6800,37.7667,37.0933,37.1433,33.8333,1385700
2016-10-28,37.2933,37.5167,36.8800,36.9200,33.6299,1798500
2016-10-31,37.0500,37.2967,37.0500,37.1200,33.8120,913200
2016-11-01,37.1267,37.4200,36.3867,36.7900,33.5115,1674000
2016-11-02,36.8133,37.0167,36.4267,36.5467,33.2898,2461200
2016-11-03,36.5633,36.8033,36.3500,36.4833,33.2321,1512600
2016-11-04,36.2700,36.5733,36.0000,36.2533,33.0226,1259100
2016-11-07,36.9267,37.2967,36.7800,37.2733,33.9517,4797900
2016-11-08,37.2633,37.5900,37.0533,37.3500,34.0215,1226100
2016-11-09,36.5133,37.2933,36.3333,37.1733,33.8606,3111000
2016-11-10,37.3900,37.6333,36.0333,36.3700,33.1289,6669000
2016-11-11,36.7833,37.8233,36.7833,37.7633,34.3980,2595300
2016-11-14,37.9500,37.9533,37.4667,37.5667,34.2189,1340100
2016-11-15,37.7200,38.3700,37.6300,38.2700,34.8596,1415100
2016-11-16,38.2033,38.7433,38.1933,38.7100,35.2603,1212300
2016-11-17,38.8567,39.3200,38.6233,39.1267,35.6399,1084500
2016-11-18,39.0100,39.4600,39.0100,39.4100,35.8980,1064400
2016-11-21,39.5300,39.7333,39.3933,39.6733,36.1378,1140300
2016-11-22,39.8833,40.1333,39.8467,40.0967,36.5234,1418700
2016-11-23,40.1133,40.2300,39.9000,40.1467,36.5690,1044000
2016-11-25,40.2200,40.2367,40.0433,40.2167,36.6327,411900
2016-11-28,40.1200,40.2800,40.0300,40.0967,36.5234,661500
2016-11-29,40.0667,40.2600,39.8333,40.0233,36.4566,1172700
2016-11-30,40.0033,40.1067,39.7767,39.7933,36.2471,591900
2016-12-01,39.7633,39.7633,37.6233,37.8500,34.4770,3488400
2016-12-02,37.7967,38.3833,37.6667,38.3167,34.9021,2997000
2016-12-05,38.6500,38.9067,38.3967,38.7833,35.3271,1120500
2016-12-06,38.8933,39.3633,38.8933,39.3200,35.8160,1454700
2016-12-07,39.2967,40.2267,39.1667,40.1300,36.5538,1300500
2016-12-08,40.2367,40.7167,40.1867,40.4800,36.8726,1262700
2016-12-09,40.8067,40.8900,40.0600,40.3433,36.7481,1004400
2016-12-12,40.1833,40.2533,39.7067,40.0267,36.4597,2093700
2016-12-13,40.1667,40.7567,40.1133,40.4933,36.8848,1004100
2016-12-14,40.5100,40.7167,40.3167,40.4567,36.8514,1989300
2016-12-15,40.6233,41.3233,40.5533,41.1467,37.4799,2221200
2016-12-16,41.3900,41.4733,40.5467,40.7300,37.1003,1474200
2016-12-19,40.8367,41.2900,40.7867,41.1333,37.4677,1245600
2016-12-20,41.5467,41.6067,41.3467,41.5267,37.8260,2156700
2016-12-21,41.5167,41.6167,41.3633,41.4300,37.8260,787200
2016-12-22,41.8867,41.8967,41.4733,41.6300,38.0086,869400
2016-12-23,41.5900,41.8667,41.5200,41.8433,38.2034,480000
2016-12-27,41.9267,42.4233,41.9067,42.3600,38.6751,1408500
2016-12-28,42.6033,42.6367,41.5333,41.5567,37.9417,1738500
2016-12-29,41.3667,41.5500,41.1133,41.5500,37.9356,1046700
2016-12-30,41.7000,41.8867,40.7733,40.9067,37.3482,3403800
2017-01-03,41.0467,41.4933,40.5567,40.9067,37.3482,2654100
2017-01-04,41.1100,41.2200,40.8300,41.0200,37.4517,1354200
2017-01-05,41.0433,41.2600,40.5933,40.6700,37.1321,942000
2017-01-06,40.7700,41.1100,40.5133,40.9933,37.4273,875100
2017-01-09,41.1367,41.5933,41.1100,41.4267,37.8230,883800
2017-01-10,41.4567,41.7233,41.4000,41.6267,38.0056,690900
2017-01-11,41.6700,41.7767,41.4667,41.7700,38.1364,1630200
2017-01-12,41.5433,41.6500,40.7933,41.4200,37.8169,1354500
2017-01-13,41.4800,41.7900,41.4300,41.6900,38.0634,849600
2017-01-17,41.5367,41.5633,40.8833,41.0200,37.4517,1092600
2017-01-18,41.0700,41.6100,41.0300,41.5800,37.9630,1156500
2017-01-19,41.5167,41.8600,41.3667,41.3933,37.7925,2727600
2017-01-20,41.8133,42.1833,41.7633,41.9267,38.2795,1929900
2017-01-23,41.7700,41.8600,41.3467,41.6700,38.0451,1053900
2017-01-24,41.8467,42.5567,41.7900,42.4767,38.7816,3734100
2017-01-25,43.0500,43.2067,42.7100,43.1067,39.3568,2025600
2017-01-26,43.1900,43.1900,42.6767,42.8633,39.1346,1262400
2017-01-27,43.0833,43.4100,43.0833,43.3967,39.6216,977400
2017-01-30,43.2000,43.2000,42.6400,43.1800,39.4238,1517400
2017-01-31,42.9333,42.9600,42.3567,42.6200,38.9125,1455000
2017-02-01,43.0800,43.3167,42.8633,43.2967,39.5303,1792200
2017-02-02,43.0000,43.4100,42.7933,43.2767,39.5120,1416000
2017-02-03,43.5200,43.5800,43.3533,43.5000,39.7159,869400
2017-02-06,43.5867,43.6867,43.3133,43.6533,39.8559,923100
2017-02-07,43.9067,43.9767,43.5867,43.8133,40.0020,594900
2017-02-08,43.9433,44.0667,43.6667,43.8967,40.0781,771600
2017-02-09,43.8733,44.0167,43.4600,43.5133,39.7281,1358100
2017-02-10,43.8067,43.8100,43.0633,43.4867,39.7038,1551600
2017-02-13,43.6067,43.8667,43.5100,43.5767,39.7859,929400
2017-02-14,43.5933,43.5933,43.1867,43.4567,39.6764,608400
2017-02-15,43.5800,43.8367,43.3567,43.7933,39.9837,703800
2017-02-16,43.8400,43.9367,43.5833,43.8633,40.0477,930600
2017-02-17,43.6400,44.0967,43.4933,44.0900,40.2546,996300
2017-02-21,44.2400,44.7300,44.2400,44.7133,40.8237,2010900
2017-02-22,44.6267,44.7800,44.5433,44.7233,40.8328,674700
2017-02-23,44.6700,44.6733,43.7067,43.9967,40.1694,1778100
2017-02-24,43.2933,43.9733,43.1333,43.9667,40.1420,1569600
2017-02-27,43.9900,44.4033,43.8933,44.3867,40.5255,3659400
2017-02-28,44.4667,44.4667,43.7300,43.8200,40.0081,1295400
2017-03-01,44.3467,44.5633,43.9200,44.5033,40.6320,1316700
2017-03-02,44.6067,44.7167,44.0000,44.0467,40.2150,1290300
2017-03-03,44.0967,44.1300,43.7667,44.0233,40.1937,1290000
2017-03-06,43.9000,44.1233,43.5367,44.0467,40.2150,1598400
2017-03-07,43.9700,44.4333,43.8367,44.1433,40.3033,1624500
2017-03-08,44.3233,44.6133,44.1567,44.2467,40.3976,1757100
2017-03-09,44.2200,44.4067,43.9800,44.3333,40.4768,1020600
2017-03-10,44.5967,44.9333,44.5967,44.8400,40.9394,2136300
2017-03-13,44.9767,45.1933,44.8900,45.1767,41.2467,1147500
2017-03-14,45.0567,45.0900,44.6733,45.0433,41.1250,1066800
2017-03-15,45.1000,45.4833,44.8833,45.4000,41.4507,1108200
2017-03-16,45.5467,45.5567,45.2667,45.3533,41.4080,932700
2017-03-17,45.5100,45.5100,45.3033,45.4467,41.4932,1832100
2017-03-20,45.5633,45.9400,45.4067,45.7833,41.8006,1138200
2017-03-21,45.9000,45.9867,44.6233,44.7100,40.8207,1962600
2017-03-22,44.7533,45.2333,44.5967,45.1833,41.2528,1676400
2017-03-23,45.1767,45.2800,44.9533,45.0833,41.1615,1530900
2017-03-24,45.5367,45.8567,45.1200,45.2933,41.4615,1596000
2017-03-27,44.8600,45.4667,44.6733,45.3600,41.5225,1449900
2017-03-28,45.4500,45.6800,45.2300,45.5033,41.6537,851400
2017-03-29,45.5233,45.5233,45.2567,45.3933,41.5530,1064400
2017-03-30,45.4167,45.7267,45.3467,45.6267,41.7666,831000
2017-03-31,45.6733,45.8567,45.4833,45.6300,41.7697,616500
2017-04-03,45.6500,45.7600,45.0467,45.3400,41.5042,2164800
2017-04-04,45.0567,45.4067,44.9833,45.1133,41.2967,1366800
2017-04-05,45.2433,45.5500,44.7700,44.8000,41.0099,1259400
2017-04-06,44.7700,44.9700,44.4133,44.8700,41.0740,1165500
2017-04-07,44.8867,45.2000,44.7600,45.0633,41.2509,757200
2017-04-10,45.0667,45.1100,44.6100,44.7167,40.9336,810300
2017-04-11,44.4967,44.5100,43.6967,44.3567,40.6040,1602000
2017-04-12,44.2333,44.2933,43.4900,43.5933,39.9053,1704600
2017-04-13,43.3333,43.9600,43.2867,43.3033,39.6398,1309200
2017-04-17,43.4733,43.8667,43.4733,43.8433,40.1342,1329900
2017-04-18,43.6000,44.0733,43.5700,44.0467,40.3203,1325700
2017-04-19,44.4067,44.6800,44.2100,44.2767,40.5308,1701600
2017-04-20,44.6033,45.0567,44.3833,44.9767,41.1716,1669800
2017-04-21,44.8300,44.8767,44.4100,44.7867,40.9977,1922400
2017-04-24,45.4433,45.5767,45.2667,45.4300,41.5866,1482300
2017-04-25,45.6500,45.9633,45.5400,45.8933,42.0107,1269900
2017-04-26,45.8300,45.9167,45.3467,45.5167,41.6659,3504000
2017-04-27,45.8433,46.2200,45.7533,46.1567,42.2518,1099200
2017-04-28,46.0467,46.0467,45.2500,45.3700,41.5317,3133800
2017-05-01,45.4800,45.8333,45.2533,45.8200,41.9436,2065500
2017-05-02,45.7000,45.7000,45.1033,45.3367,41.5011,3398700
2017-05-03,45.0967,45.5600,45.0833,45.4933,41.6446,1144800
2017-05-04,45.6500,45.6500,45.2667,45.4600,41.6140,1219500
2017-05-05,45.5800,45.6400,45.2133,45.6400,41.7788,902100
2017-05-08,45.6167,45.7000,45.3733,45.4600,41.6140,801900
2017-05-09,45.5233,46.0433,45.4600,45.9100,42.0260,1281000
2017-05-10,46.4767,46.9700,46.4633,46.8833,42.9170,2503500
2017-05-11,46.8467,47.2700,46.4667,47.0533,43.0726,2091000
2017-05-12,47.1167,47.2433,46.9167,47.1867,43.1946,573300
2017-05-15,47.3867,47.9467,47.2500,47.9167,43.8629,1123200
2017-05-16,48.1400,48.6233,47.9167,48.6033,44.4914,1067400
2017-05-17,48.0333,48.1300,46.4667,46.5067,42.5722,3091200
2017-05-18,46.5267,47.5067,46.3867,47.3733,43.3655,2103600
2017-05-19,47.8167,48.0633,47.7733,47.8967,43.8446,2681100
2017-05-22,48.2067,48.4400,48.0967,48.4200,44.3236,2000100
2017-05-23,48.4633,48.4667,47.8567,48.2267,44.1466,760200
2017-05-24,48.5500,48.6300,48.3167,48.5400,44.4335,1018800
2017-05-25,48.6867,48.9600,48.4733,48.7867,44.6593,1013400
2017-05-26,48.7467,49.0333,48.4667,49.0100,44.8637,789600
2017-05-30,49.0067,49.4567,48.9500,49.3367,45.1627,1176900
2017-05-31,49.6900,49.7900,49.0933,49.3300,45.1566,1605300
2017-06-01,49.5200,49.5200,49.1000,49.3800,45.2024,1063200
2017-06-02,49.6933,49.9433,49.3200,49.8833,45.6632,1297500
2017-06-05,49.8667,50.2700,49.8467,50.0033,45.7730,986700
2017-06-06,49.8167,50.5100,49.7433,50.1667,45.9225,1240800
2017-06-07,50.4167,50.7400,50.2833,50.5400,46.2643,1262700
2017-06-08,50.9500,51.4833,50.5100,51.4633,47.1095,1617600
2017-06-09,51.8400,51.9833,48.3033,49.3000,45.1292,5103600
2017-06-12,48.6833,49.1967,47.6033,49.0167,44.8698,5277300
2017-06-13,49.7633,49.8333,48.7467,49.3500,45.1749,3216600
2017-06-14,49.5533,49.5533,48.2900,48.8333,44.7020,2112300
2017-06-15,48.0167,48.5967,47.9533,48.4467,44.3480,3531900
2017-06-16,48.5733,48.8100,48.1033,48.2533,44.1710,1588800
2017-06-19,48.7867,49.2500,48.7467,49.1700,45.0102,1455600
2017-06-20,49.4300,49.4900,48.6067,48.6167,44.5037,1193100
2017-06-21,48.8433,49.1933,48.6467,49.1800,45.0193,1386900
2017-06-22,49.1667,49.2867,48.8333,49.0667,44.9156,1299900
2017-06-23,49.1500,49.4900,48.9200,49.2133,45.0498,973200
2017-06-26,49.4933,49.7600,48.5300,48.7900,44.6623,1882800
2017-06-27,48.4967,48.4967,47.3500,47.3700,43.4694,1921500
2017-06-28,47.6433,48.2433,47.1867,48.1900,44.2218,2285400
2017-06-29,47.9967,47.9967,46.3467,46.9900,43.1207,2949300
2017-06-30,47.1367,47.3833,46.5300,46.7333,42.8851,1492800
2017-07-03,47.1100,47.1733,46.0767,46.0933,42.2978,1771800
2017-07-05,46.2433,47.1100,46.2433,47.0367,43.1635,1918200
2017-07-06,46.6000,47.2333,46.3800,46.8300,42.9738,2063100
2017-07-07,47.0567,47.8100,47.0567,47.6200,43.6988,3374400
2017-07-10,47.8033,48.2933,47.5033,48.1700,44.2035,978300
2017-07-11,48.0433,48.5900,48.0133,48.5700,44.5706,965400
2017-07-12,49.0567,49.4533,48.8833,49.3467,45.2833,1678200
2017-07-13,49.4000,49.7200,49.0467,49.1933,45.1426,1532700
2017-07-14,49.4633,49.8800,49.3467,49.8533,45.7482,1234500
2017-07-17,50.0233,50.0400,49.4833,49.6500,45.5616,693300
2017-07-18,49.3533,49.8133,49.1700,49.8033,45.7023,1017000
2017-07-19,50.0900,50.2767,49.9200,50.2633,46.1245,1410600
2017-07-20,50.2833,50.4767,49.8667,50.4100,46.2590,1527000
2017-07-21,50.0800,50.0800,49.7333,49.9800,45.8645,984000
2017-07-24,50.0533,50.0533,49.7300,49.8300,45.7268,1212600
2017-07-25,49.7267,49.9067,49.2733,49.7867,45.6870,1203600
2017-07-26,50.2300,50.5500,50.0500,50.3333,46.1887,2004600
2017-07-27,50.4833,50.5500,48.9767,49.5667,45.4851,2827800
2017-07-28,49.3400,49.5800,49.1333,49.3767,45.3108,1205700
2017-07-31,49.3833,49.6400,48.8567,48.9933,44.9590,1517400
2017-08-01,49.1400,49.3000,48.9000,49.2967,45.2374,1002000
2017-08-02,49.5800,49.6867,48.6000,48.9400,44.9101,1741200
2017-08-03,48.9100,49.0667,48.5167,48.7567,44.7419,1347300
2017-08-04,48.7900,49.1700,48.6333,48.7767,44.7602,1283700
2017-08-07,48.9033,49.6400,48.9033,49.6167,45.5310,949200
2017-08-08,49.6600,50.0533,49.3133,49.4733,45.3995,818700
2017-08-09,49.0833,49.3533,48.8633,49.3067,45.2466,706500
2017-08-10,48.9933,49.0100,47.8900,47.9300,43.9832,1627500
2017-08-11,47.7067,48.2833,47.5933,48.2000,44.2310,1044300
2017-08-14,48.7833,49.4833,48.7767,49.4267,45.3567,1610100
2017-08-15,49.6433,49.6500,49.2000,49.5500,45.4699,531300
2017-08-16,49.6533,49.8400,49.3933,49.6300,45.5433,777900
2017-08-17,49.3933,49.5233,48.3500,48.3767,44.3931,1209000
2017-08-18,48.6633,48.8100,48.2100,48.4500,44.4604,1026900
2017-08-21,48.5200,48.6000,47.7900,48.0900,44.1301,945900
2017-08-22,48.5133,48.9800,48.4500,48.8833,44.8581,1046700
2017-08-23,48.4233,49.2300,48.3733,49.0900,45.0477,1983900
2017-08-24,49.2933,49.3633,48.8233,49.0967,45.0539,1294200
2017-08-25,49.2800,49.3667,48.7833,48.8600,44.8367,684900
2017-08-28,48.9300,49.0200,48.7400,49.0067,44.9713,552600
2017-08-29,48.3900,49.2100,48.3733,49.0833,45.0416,1068900
2017-08-30,49.3467,50.0000,49.1733,49.9233,45.8125,1998900
2017-08-31,50.0933,50.4833,50.0167,50.4167,46.2652,1072200
2017-09-01,50.5067,50.9000,50.5067,50.6367,46.4670,1591200
2017-09-05,50.4567,50.5200,49.5167,49.9433,45.8308,2806500
2017-09-06,50.2233,50.2533,49.7867,50.0233,45.9042,1044000
2017-09-07,50.1200,50.3067,49.8933,50.1100,45.9837,873300
2017-09-08,50.0767,50.1133,49.3367,49.5200,45.4423,1454100
2017-09-11,49.9033,50.5800,49.9033,50.4633,46.3080,1305300
2017-09-12,50.5267,50.8367,50.4100,50.6900,46.5160,742200
2017-09-13,50.6667,50.9067,50.4133,50.7900,46.6078,772800
2017-09-14,50.5767,51.2900,50.5700,50.9900,46.7913,1656900
2017-09-15,51.2300,51.9367,51.1267,51.8800,47.6080,1424100
2017-09-18,52.1833,52.8800,52.1833,52.5600,48.2320,1476900
2017-09-19,52.6833,52.9300,52.4000,52.7267,48.3849,1382700
2017-09-20,52.7867,52.7867,51.2967,52.0000,47.7181,2274900
2017-09-21,51.9033,51.9633,51.3267,51.7767,47.5132,864300
2017-09-22,51.6400,52.1067,51.6300,52.0400,47.7548,742200
2017-09-25,51.8533,51.8533,50.7967,51.0367,46.8341,1795500
2017-09-26,51.3967,51.3967,50.6433,50.7900,46.7602,1474200
2017-09-27,51.4033,52.2300,51.3367,52.0200,47.8926,1166400
2017-09-28,51.9667,52.4333,51.8333,52.4033,48.2455,819900
2017-09-29,52.6133,52.9267,52.3467,52.8567,48.6628,918600
2017-10-02,53.0933,53.4200,52.8100,53.2100,48.9881,1240500
2017-10-03,53.2733,53.4833,53.0967,53.3567,49.1232,536100
2017-10-04,53.2900,53.4800,52.9800,53.4800,49.2367,873900
2017-10-05,53.7067,53.7133,53.2167,53.5267,49.2797,538200
2017-10-06,53.3333,53.7533,53.3300,53.7367,49.4730,742800
2017-10-09,53.9467,54.1933,53.8867,54.1467,49.8505,835200
2017-10-10,54.6333,54.6333,53.9067,54.4500,50.1297,756300
2017-10-11,54.4167,54.8367,54.3433,54.8233,50.4735,859200
2017-10-12,54.8033,55.0100,54.6067,54.6500,50.3139,584400
2017-10-13,54.9067,55.1933,54.7633,55.0000,50.6361,531900
2017-10-16,55.1667,55.2700,54.8900,55.2600,50.8755,543300
2017-10-17,55.2867,55.2867,54.9467,55.2133,50.8325,558900
2017-10-18,55.4167,55.5000,54.6733,55.4000,51.0044,712200
2017-10-19,54.9733,55.2667,54.4100,55.2600,50.8755,1063800
2017-10-20,55.6933,55.8167,55.4600,55.5433,51.1363,1083600
2017-10-23,55.8133,56.1133,55.5500,55.8167,51.3880,898500
2017-10-24,55.9733,56.2600,55.7633,56.2067,51.7470,643500
2017-10-25,55.8967,56.0467,54.9033,55.4700,51.0688,1568100
2017-10-26,55.5667,55.9133,55.4933,55.7967,51.3696,1145100
2017-10-27,56.1700,57.0400,55.9267,56.9633,52.4437,1058400
2017-10-30,56.7833,57.3567,56.7833,57.1167,52.5848,1579200
2017-10-31,57.2600,57.7400,57.1033,57.5733,53.0053,1031400
2017-11-01,58.0400,58.0800,56.8600,57.3633,52.8119,1516500
2017-11-02,57.4733,57.7967,57.0300,57.6467,53.0728,4100100
2017-11-03,57.9267,58.6700,57.4500,58.6667,54.0119,2683800
2017-11-06,59.2367,59.5233,58.8133,59.4967,54.7760,3057600
2017-11-07,59.4300,59.5833,59.0367,59.4433,54.7269,1299300
2017-11-08,59.3867,59.6833,59.1533,59.6333,54.9018,1204500
2017-11-09,59.1167,59.1167,57.7233,58.4400,53.8032,3302400
2017-11-10,58.6433,58.8633,58.4767,58.8267,54.1592,1166400
2017-11-13,58.6000,59.0633,58.5167,58.9967,54.3157,1308900
2017-11-14,58.8867,59.1100,58.5100,58.9433,54.2666,801900
2017-11-15,58.5267,58.6600,57.9400,58.4133,53.7786,1175700
2017-11-16,58.6567,59.5267,58.6567,59.2833,54.5796,1093500
2017-11-17,59.6333,59.6400,58.9233,59.0233,54.3402,1887300
2017-11-20,59.3567,59.8233,59.2033,59.7267,54.9877,1792800
2017-11-21,60.1200,60.4867,60.0033,60.4100,55.6169,3603000
2017-11-22,60.6233,60.6267,59.9533,60.0433,55.2793,1203900
2017-11-24,60.3000,60.6233,60.2167,60.5833,55.7765,556800
2017-11-27,60.2167,60.2167,59.7233,59.8233,55.0767,1692900
2017-11-28,60.0600,60.0600,59.4833,59.8500,55.1013,1971300
2017-11-29,59.7833,59.8000,56.6333,57.2133,52.6738,5576700
2017-11-30,57.8433,58.1167,57.1633,57.5200,52.9562,4293300
2017-12-01,56.9767,57.2367,55.5033,56.8967,52.3823,4877700
2017-12-04,57.5733,57.6433,55.1833,55.5300,51.1241,4886400
2017-12-05,55.2500,56.5867,54.8467,55.5733,51.1639,5340300
2017-12-06,55.0267,55.8533,54.7933,55.7533,51.3297,2170500
2017-12-07,56.1633,56.4700,55.9333,56.2967,51.8299,2917500
2017-12-08,56.9400,56.9667,55.9567,56.0067,51.5629,1965900
2017-12-11,56.0967,56.4900,55.9400,56.3433,51.8729,5248200
2017-12-12,56.2233,56.2233,55.7167,55.7933,51.3665,1307700
2017-12-13,55.9867,56.2767,55.7500,55.7833,51.3573,980100
2017-12-14,55.8200,56.0967,55.5900,55.7267,51.3051,889200
2017-12-15,56.0167,56.7467,55.7100,56.6000,52.1092,3382500
2017-12-18,57.2933,57.8433,57.0000,57.8133,53.2262,3488700
2017-12-19,57.7000,57.8600,57.3500,57.6467,53.1700,2278500
2017-12-20,58.2533,58.3233,57.5700,58.0667,53.5573,1342200
2017-12-21,58.2567,58.2567,57.3700,57.4533,52.9916,1750500
2017-12-22,57.2533,57.4500,57.0333,57.4200,52.9609,877800
2017-12-26,56.6967,56.9000,56.3700,56.8467,52.4321,680100
2017-12-27,56.8500,57.3200,56.7767,57.0300,52.6012,794100
2017-12-28,57.2100,57.3333,57.0900,57.1900,52.7488,789000
2017-12-29,57.2833,57.2833,56.6000,56.6033,52.2076,760200
2018-01-02,56.9100,58.1633,56.8400,58.1400,53.6250,2860200
2018-01-03,58.4567,59.1733,58.3233,59.1567,54.5627,1326900
2018-01-04,59.5933,59.6900,59.0133,59.4900,54.8702,1335000
2018-01-05,59.7567,60.0767,59.4100,59.8300,55.1837,1170600
2018-01-08,59.8700,60.4867,59.6833,60.3000,55.6172,1622700
2018-01-09,60.4600,60.4600,59.6400,59.7067,55.0700,1464600
2018-01-10,59.0300,59.2733,58.5167,58.9900,54.4090,2030400
2018-01-11,59.1800,59.3733,58.9367,59.3433,54.7349,1047300
2018-01-12,59.4067,59.7900,59.1867,59.6633,55.0300,1101900
2018-01-16,60.1700,60.5633,59.5100,59.8600,55.2114,1462500
2018-01-17,60.4200,61.6800,60.3567,61.5967,56.8132,1136700
2018-01-18,61.5767,62.1767,61.5033,61.8733,57.0684,3163800
2018-01-19,62.1533,62.2500,61.5700,61.9367,57.1268,1188600
2018-01-22,62.0533,62.4133,61.7567,62.3967,57.5511,1247700
2018-01-23,62.6933,62.9033,62.4633,62.8967,58.0123,1467000
2018-01-24,62.2467,62.4600,61.0200,61.4567,56.6841,3006000
2018-01-25,62.1267,62.2833,60.3900,60.3900,55.7003,2254800
2018-01-26,61.2067,62.3300,61.1767,62.3200,57.4804,1667700
2018-01-29,62.0933,62.6667,61.4933,62.2300,57.3974,1626000
2018-01-30,61.3333,61.6900,60.9133,60.9933,56.2567,1948500
2018-01-31,61.7100,61.9300,61.1500,61.4900,56.7148,1163700
2018-02-01,61.0000,62.0900,60.9067,61.1867,56.4350,1255500
2018-02-02,60.6833,60.7300,59.5100,59.5400,54.9163,3241800
2018-02-05,58.6567,59.9733,56.5700,56.7367,52.3306,3915600
2018-02-06,55.8667,58.8600,55.7367,58.7900,54.2245,4045500
2018-02-07,58.4067,58.9300,57.5200,57.5300,53.0624,3262200
2018-02-08,57.8000,57.9600,55.0667,55.1133,50.8334,4162200
2018-02-09,56.3667,57.1000,54.3933,56.7000,52.2968,5947800
2018-02-12,57.4533,58.1667,56.9200,57.7900,53.3022,2956200
2018-02-13,57.4267,57.8433,57.2367,57.7233,53.2407,1481700
2018-02-14,57.2733,59.1667,57.1600,59.0767,54.4889,1199100
2018-02-15,59.6333,59.7900,58.3933,59.7800,55.1376,1732500
2018-02-16,59.4833,60.3133,59.4833,59.5667,54.9409,929700
2018-02-20,59.3800,61.1667,59.3200,60.6200,55.9124,2507400
2018-02-21,60.9533,61.0000,59.8833,59.9233,55.2698,1435500
2018-02-22,60.2700,60.4133,59.5933,59.7900,55.1469,1460700
2018-02-23,60.4267,61.0700,60.2333,61.0700,56.3275,1424700
2018-02-26,61.4333,62.4000,61.4267,62.3867,57.5419,1090500
2018-02-27,62.4133,63.2400,62.1800,62.1800,57.3512,1369200
2018-02-28,62.6167,62.7400,61.5667,61.6267,56.8409,1266600
2018-03-01,61.8433,61.8833,59.9467,60.6533,55.9431,2850300
2018-03-02,59.9667,61.7967,59.8267,61.6833,56.8932,1392600
2018-03-05,61.3533,62.5367,61.0767,62.2367,57.4035,1251000
2018-03-06,62.8300,63.3467,62.5000,63.1733,58.2674,1779000
2018-03-07,62.5167,63.4567,62.5167,63.3767,58.4550,1167300
2018-03-08,63.7500,63.7867,63.0833,63.4333,58.5072,1147200
2018-03-09,63.9433,64.7767,63.7933,64.7500,59.7217,1586400
2018-03-12,65.2267,65.7700,65.0200,65.4367,60.3550,1860300
2018-03-13,65.2267,65.7700,64.1467,64.4267,59.4234,4230000
2018-03-14,64.7833,64.7833,63.8300,64.4200,59.4173,1641000
2018-03-15,64.5900,64.7900,64.0367,64.3700,59.3712,1073100
2018-03-16,64.4600,64.7267,64.2733,64.3433,59.3466,1035000
2018-03-19,63.7633,64.0633,62.2233,63.1167,58.2152,2781600
2018-03-20,63.2500,63.7867,63.1667,63.5800,58.6425,760800
2018-03-21,63.5067,64.5200,63.4267,63.7000,58.7532,1380300
2018-03-22,62.5933,63.2433,61.8467,61.9000,57.2052,1752000
2018-03-23,61.7900,61.9000,59.8167,59.8400,55.3015,3847500
2018-03-26,61.2433,62.3533,60.4633,62.3367,57.6088,2399700
2018-03-27,62.8167,62.9933,59.5333,60.0433,55.4894,3221700
2018-03-28,59.6300,60.1767,58.4833,58.7433,54.2880,2980200
2018-03-29,59.1400,60.5867,58.7100,60.0167,55.4648,2504100
2018-04-02,59.4933,59.9333,57.1533,57.7233,53.3454,2379600
2018-04-03,58.4433,58.9767,57.8100,58.8167,54.3558,1673400
2018-04-04,57.1233,59.7300,57.1067,59.5733,55.0551,2024700
2018-04-05,59.9467,60.0233,58.5800,58.9633,54.4913,1725000
2018-04-06,58.1567,58.7933,56.9233,57.1800,52.8432,1179900
2018-04-09,57.8533,59.2033,57.5067,57.5400,53.1759,1113000
2018-04-10,58.8600,59.7267,58.4867,59.3800,54.8764,1904100
2018-04-11,59.0500,59.9267,58.9433,59.4033,54.8979,1226400
2018-04-12,59.8767,60.6867,59.8233,60.5233,55.9330,1911300
2018-04-13,61.2300,61.3367,59.8600,60.0767,55.5202,1289400
2018-04-16,60.4333,60.5067,59.6833,60.1833,55.6188,849300
2018-04-17,60.6600,61.4667,60.5367,61.3233,56.6723,1097700
2018-04-18,60.9300,61.0667,60.1800,60.7200,56.1147,1453500
2018-04-19,59.5533,59.6200,57.8900,58.0933,53.6873,5532900
2018-04-20,58.0800,58.3767,57.1533,57.4067,53.0527,3552000
2018-04-23,57.6233,57.7533,56.5000,56.6433,52.3473,2047200
2018-04-24,57.1367,57.6600,55.6900,56.1867,51.9252,3480900
2018-04-25,56.4367,56.5200,55.2300,56.1167,51.8606,4432800
2018-04-26,57.0033,57.3200,56.6433,57.2633,52.9202,4609200
2018-04-27,57.9900,58.0500,56.5800,56.8633,52.5506,3309000
2018-04-30,56.7667,57.1967,55.9967,56.2400,51.9745,1802100
2018-05-01,56.1000,57.2267,56.0333,57.1633,52.8278,3127800
2018-05-02,57.2200,57.4000,56.6700,56.9100,52.5937,1543200
2018-05-03,56.4633,57.5000,56.0333,57.2500,52.9079,2396700
2018-05-04,56.9400,58.6967,56.6800,58.5933,54.1494,1977900
2018-05-07,59.0733,59.4367,58.8600,59.1600,54.6731,1185000
2018-05-08,59.1233,59.5933,58.8933,59.5100,54.9965,1206300
2018-05-09,59.7300,60.4600,59.5967,60.4167,55.8344,1043700
2018-05-10,60.7567,61.5433,60.7200,61.5167,56.8510,1242900
2018-05-11,61.1667,61.6367,60.9567,61.0667,56.4351,1857900
2018-05-14,61.8300,62.5567,61.7033,61.8133,57.1252,1653900
2018-05-15,61.4067,61.5800,60.7033,61.1433,56.5060,1263900
2018-05-16,61.6267,62.0633,61.1067,61.9300,57.2330,1221300
2018-05-17,61.7867,62.2533,61.2867,61.7500,57.0666,1301400
2018-05-18,61.2000,61.2867,60.6500,60.8667,56.2503,2072700
2018-05-21,61.7633,62.0833,60.9367,61.4767,56.8140,1473300
2018-05-22,62.0000,62.2900,61.6100,61.8200,57.1313,1496400
2018-05-23,61.3400,62.1733,61.0833,62.1533,57.4394,1039200
2018-05-24,62.1967,62.5367,61.6300,62.4033,57.6704,1136100
2018-05-25,62.4000,62.9967,62.3000,62.9067,58.1356,1400700
2018-05-29,62.6400,63.0533,62.0933,62.5267,57.7844,1538400
2018-05-30,62.8667,63.4033,62.6233,62.9333,58.1602,2143500
2018-05-31,62.8300,63.1167,62.3767,62.4767,57.7382,1606500
2018-06-01,63.0367,63.9000,62.8133,63.9000,59.0536,1060500
2018-06-04,64.0700,64.4800,63.8267,64.4067,59.5218,1170900
2018-06-05,64.5767,64.8867,64.3333,64.7133,59.8052,641400
2018-06-06,64.7900,65.1233,64.4433,65.1233,60.1841,1268100
2018-06-07,65.1867,65.2600,64.0800,64.5433,59.6481,2082900
2018-06-08,63.8067,64.0900,63.4533,63.9667,59.1152,2429700
2018-06-11,63.8700,64.1667,63.6333,63.8433,59.0012,1277700
2018-06-12,64.0067,64.2167,63.6000,64.1733,59.3062,932400
2018-06-13,64.2133,64.7567,64.0067,64.0767,59.2168,9156900
2018-06-14,64.4467,64.7700,64.0733,64.4600,59.5711,1635600
2018-06-15,64.0433,64.4800,63.8167,64.4033,59.5187,1122600
2018-06-18,63.9933,63.9933,63.1933,63.7833,58.9458,1675800
2018-06-19,62.8300,63.1300,62.1233,63.0833,58.2988,2631000
2018-06-20,63.4433,63.7100,63.0967,63.3867,58.5792,2007300
2018-06-21,63.8133,63.8400,62.5067,62.6000,57.8522,1245900
2018-06-22,62.9033,62.9433,61.9833,62.1033,57.3932,1116300
2018-06-25,61.4367,61.4367,59.5033,60.2767,55.7050,5441100
2018-06-26,60.2667,60.5833,59.9833,60.2833,55.9029,11004000
2018-06-27,60.6033,60.7433,58.8133,58.8433,54.5675,2364000
2018-06-28,58.6667,59.4233,58.5900,59.2900,54.9817,4067700
2018-06-29,59.8333,60.1367,59.4133,59.4133,55.0961,1278000
2018-07-02,58.9000,59.8000,58.4467,59.7867,55.4423,2097300
2018-07-03,60.0400,60.1267,58.6400,58.6967,54.4315,1141500
2018-07-05,59.2200,60.2767,59.2200,60.2667,55.8874,1341000
2018-07-06,60.2633,61.1067,59.9400,61.0067,56.5736,2263200
2018-07-09,61.6200,61.6367,60.6800,61.3967,56.9353,1360200
2018-07-10,61.5100,62.1767,61.4167,62.0467,57.5381,1403400
2018-07-11,61.0467,61.4100,60.4033,60.4533,56.0605,1998600
2018-07-12,60.2967,60.9433,59.9200,60.8600,56.4376,2267400
2018-07-13,61.0333,61.0333,60.5500,60.6400,56.2336,802200
2018-07-16,60.7267,60.9633,60.5067,60.5567,56.1563,612600
2018-07-17,60.1500,61.4467,60.0533,61.4267,56.9631,4140600
2018-07-18,61.7033,62.0067,61.5000,61.9000,57.4021,923400
2018-07-19,61.7800,62.0133,61.3600,61.7633,57.2753,871500
2018-07-20,61.7000,61.8167,61.1600,61.4733,57.0064,871800
2018-07-23,61.1567,61.6600,60.3633,61.5567,57.0837,1001100
2018-07-24,61.9400,62.2400,60.8000,60.8867,56.4624,1884000
2018-07-25,60.8600,61.1700,60.0800,61.1167,56.6757,10230000
2018-07-26,61.5233,62.3500,61.5233,62.3100,57.7823,7296300
2018-07-27,62.3533,62.9133,61.5767,62.0333,57.5257,5193300
2018-07-30,62.0067,62.1767,61.1233,61.4267,56.9631,2500200
2018-07-31,61.8367,62.6967,61.7233,61.8333,57.3402,2271000
2018-08-01,61.8933,62.3900,61.4767,61.7433,57.2568,3727800
2018-08-02,61.1867,62.4300,60.9667,62.3500,57.8194,2253300
2018-08-03,62.3900,62.5367,62.0967,62.4800,57.9399,1344300
2018-08-06,62.3600,62.8667,62.0233,62.8567,58.2892,777900
2018-08-07,63.1600,63.3967,62.9167,63.3567,58.7529,9879900
2018-08-08,63.3667,63.6333,63.1167,63.5033,58.8889,1116600
2018-08-09,63.2200,63.3100,62.8633,62.8767,58.3078,2218800
2018-08-10,61.5733,61.8433,61.0267,61.3167,56.8611,3248100
2018-08-13,61.4267,61.9400,61.3333,61.4067,56.9446,1687500
2018-08-14,61.7667,61.8633,61.2333,61.2833,56.8302,1609500
2018-08-15,60.7567,61.0100,59.8100,60.4333,56.0420,3067800
2018-08-16,60.8333,60.9167,60.1933,60.3567,55.9709,1419900
2018-08-17,59.8200,60.0667,59.0133,59.9067,55.5536,2195400
2018-08-20,59.9900,60.2067,59.1800,59.8533,55.5041,957300
2018-08-21,60.0433,61.1800,60.0300,61.0200,56.5860,2549100
2018-08-22,60.8933,61.3867,60.5200,61.3067,56.8518,1440300
2018-08-23,61.2767,61.8300,61.2767,61.3767,56.9167,1847700
2018-08-24,61.6500,62.3000,61.6400,62.2667,57.7421,1685100
2018-08-27,62.7733,63.7267,62.6367,63.2567,58.6601,17873700
2018-08-28,63.5933,63.7733,62.8867,63.5000,58.8858,1616100
2018-08-29,63.5000,63.8633,63.2767,63.6667,59.0404,4280400
2018-08-30,63.5200,63.7600,63.0100,63.0967,58.5118,1811400
2018-08-31,63.0067,63.5367,63.0067,63.4400,58.8302,1099800
2018-09-04,63.2100,63.9767,63.0733,63.9500,59.3031,1289700
2018-09-05,63.8900,64.0633,63.1033,63.6400,59.0156,1579500
2018-09-06,63.4000,63.4533,61.8867,61.9533,57.4515,1494000
2018-09-07,61.8367,62.5933,61.5500,61.6967,57.2135,8400900
2018-09-10,62.1367,62.3667,61.7733,62.3500,57.8194,951000
2018-09-11,62.1000,62.1833,61.4167,61.7467,57.2599,1734900
2018-09-12,60.9500,61.0600,59.7000,61.0333,56.5984,2111400
2018-09-13,61.7067,62.5033,61.5067,61.7300,57.2444,2159700
2018-09-14,62.0867,62.6700,61.9067,62.4233,57.8874,1979100
2018-09-17,62.1933,62.3567,61.4767,61.5533,57.0806,1527600
2018-09-18,61.8033,62.4600,61.8033,62.0833,57.5721,1312800
2018-09-19,62.1067,62.4767,61.9200,62.1800,57.6617,1104900
2018-09-20,62.6700,63.1733,62.5800,62.9333,58.3603,1450200
2018-09-21,62.9933,63.2267,62.6000,62.7633,58.2027,1707600
2018-09-24,62.2567,63.0100,62.1267,62.9800,58.4036,833400
2018-09-25,62.8267,62.8267,61.8100,61.9767,57.4731,1470300
2018-09-26,61.4167,61.7867,61.0000,61.0667,56.8792,1049700
2018-09-27,61.2633,61.5400,61.0833,61.2967,57.0934,1055700
2018-09-28,61.2267,61.9000,61.0433,61.6833,57.4536,2376600
2018-10-01,62.0000,62.4033,61.7500,61.8967,57.6523,1025100
2018-10-02,61.7333,62.7500,61.7333,61.8967,57.6523,2016900
2018-10-03,62.1667,62.3867,61.4000,61.9533,57.7051,1986300
2018-10-04,61.5267,61.6300,60.3300,60.8567,56.6836,1919100
2018-10-05,60.8733,60.9333,58.8633,59.4167,55.3424,2436900
2018-10-08,58.9333,59.4667,58.2467,58.7533,54.7245,2152200
2018-10-09,58.4300,58.9833,58.3233,58.6867,54.6624,1609800
2018-10-10,57.9233,57.9600,56.0500,56.0967,52.2500,6056400
2018-10-11,55.9933,57.2133,55.1033,55.5367,51.7284,4370400
2018-10-12,57.0367,57.3567,55.7233,56.5467,52.6692,4856100
2018-10-15,56.3033,56.7100,55.8800,56.0833,52.2376,3884100
2018-10-16,56.7067,57.9900,56.6433,57.9100,53.9390,1955100
2018-10-17,58.3333,58.4467,57.2800,57.6800,53.7248,2425500
2018-10-18,57.4433,57.4467,56.0267,56.2367,52.3804,4058700
2018-10-19,56.5833,56.9067,55.1567,55.3933,51.5949,3382800
2018-10-22,55.6833,56.0600,55.2167,55.7333,51.9116,3923700
2018-10-23,54.2767,55.7500,53.6733,55.4433,51.6415,4304700
2018-10-24,54.5167,54.5167,51.7133,51.8067,48.2542,9218700
2018-10-25,52.1033,53.3667,52.0233,52.9633,49.3315,9226500
2018-10-26,51.8100,52.9600,51.1967,52.0433,48.4746,3910200
2018-10-29,53.0967,53.3400,50.5267,51.5000,47.9685,4422600
2018-10-30,51.3500,53.6933,51.3500,53.6400,49.9618,2495700
2018-10-31,54.4733,54.7400,53.8400,54.3200,50.5952,3495900
2018-11-01,54.7100,57.0000,54.6700,56.8700,52.9703,3511500
2018-11-02,56.6200,56.9233,55.3200,56.0133,52.1724,3240000
2018-11-05,55.9267,55.9333,54.5700,55.5033,51.6974,2405100
2018-11-06,55.3833,56.3667,55.3833,56.1500,52.2997,1184400
2018-11-07,56.8900,56.9733,56.1667,56.7867,52.8927,1827900
2018-11-08,56.3400,57.0033,56.0833,56.6333,52.7499,1706100
2018-11-09,55.9900,56.0433,55.0700,55.5533,51.7439,1690200
2018-11-12,54.6067,54.7167,52.9033,53.0733,49.4340,2249100
2018-11-13,53.5133,54.8733,53.5133,53.8033,50.1139,2411100
2018-11-14,54.3067,54.8200,53.5233,54.0400,50.3344,3722100
2018-11-15,53.7567,56.0633,53.7433,55.8667,52.0358,4985100
2018-11-16,53.8400,55.4433,53.8333,55.1933,51.4086,4494300
2018-11-19,54.9200,55.0800,53.0300,53.0833,49.4433,2579100
2018-11-20,51.5667,53.8367,51.5067,53.1500,49.5054,3124200
2018-11-21,53.7433,54.1567,53.3500,53.3700,49.7103,2259900
2018-11-23,52.9633,53.8167,52.9300,53.4000,49.7383,1488000
2018-11-26,54.1133,54.3700,53.5867,54.3667,50.6387,1907400
2018-11-27,54.0733,54.9067,53.8033,54.4467,50.7132,2013000
2018-11-28,55.0667,55.7433,53.9800,55.7200,51.8992,1681200
2018-11-29,55.5833,55.8467,55.1733,55.3133,51.5204,2874300
2018-11-30,55.2767,56.0900,54.7567,56.0833,52.2376,1842600
2018-12-03,57.7733,57.9833,56.9933,57.5567,53.6099,2338500
2018-12-04,57.1000,57.2333,54.7300,54.8033,51.0454,2076900
2018-12-06,53.2700,54.5233,52.9967,54.5233,50.7846,5354400
2018-12-07,54.4400,54.5233,52.1933,52.4900,48.8907,1956000
2018-12-10,52.3067,53.4067,52.1733,53.1633,49.5178,1613100
2018-12-11,54.1133,54.7567,53.2000,53.5033,49.8345,2491500
2018-12-12,54.3767,55.0967,53.9367,54.2633,50.5424,1403700
2018-12-13,54.6733,54.9367,53.9167,54.1500,50.4368,1341000
2018-12-14,53.5233,54.4367,53.3367,53.3833,49.7227,1363500
2018-12-17,53.1933,53.9733,52.2467,52.5800,49.0784,1176300
2018-12-18,53.0233,54.1000,53.0133,53.2733,49.7255,2520300
2018-12-19,52.9767,53.5800,50.7867,51.0067,47.6098,3022800
2018-12-20,50.9833,51.8100,49.9767,50.6533,47.2800,3256500
2018-12-21,50.9767,51.5567,49.6567,49.7933,46.4773,2780100
2018-12-24,49.3600,49.9133,48.3333,48.3333,45.1145,2641800
2018-12-26,49.1333,51.2333,48.2633,51.2333,47.8214,4233900
2018-12-27,50.4467,51.5767,49.8400,51.5700,48.1356,2700600
2018-12-28,51.8267,52.8800,51.5267,51.9400,48.4810,1011000
2018-12-31,52.4800,52.7100,51.7600,52.3033,48.8201,2207700
2019-01-02,51.2333,53.1100,51.1800,52.6400,49.1344,2292000
2019-01-03,51.4400,51.7633,49.5467,49.5700,46.2688,3070200
2019-01-04,50.4967,51.9867,50.3167,51.8067,48.3565,2537400
2019-01-07,51.9600,53.2700,51.7433,52.7633,49.2495,1679700
2019-01-08,53.3333,53.3333,51.8600,52.5333,49.0348,1529700
2019-01-09,53.0100,54.1100,53.0100,53.8833,50.2949,2304600
2019-01-10,53.3500,54.4500,53.3133,54.3600,50.7398,1256700
2019-01-11,54.1233,55.3933,53.9467,54.9433,51.2843,1290300
2019-01-14,54.3233,54.4167,53.7733,54.0500,50.4505,853500
2019-01-15,54.1933,54.7900,53.9833,54.2067,50.5967,882000
2019-01-16,54.3033,54.6267,53.7100,53.7100,50.1331,856800
2019-01-17,53.3367,54.6267,53.0400,54.2067,50.5967,3133500
2019-01-18,54.7767,55.9500,54.6067,55.6167,51.9128,1574400
2019-01-22,55.0800,55.0800,53.6167,54.0167,50.4194,2130600
2019-01-23,54.3167,54.5367,53.1633,53.6367,50.0647,2110500
2019-01-24,54.8567,56.9500,54.8367,56.7533,52.9738,5947200
2019-01-25,56.9800,58.1700,56.5800,57.9300,54.0721,3126600
2019-01-28,55.8233,57.2433,55.6433,56.7867,53.0049,2450400
2019-01-29,56.7900,56.9733,55.8700,55.9667,52.2395,4396500
2019-01-30,56.9667,57.7933,56.3200,57.5900,53.7547,3142800
2019-01-31,57.4733,58.0800,57.0333,57.5633,53.7298,1481700
2019-02-01,57.6300,58.5333,57.6033,58.2533,54.3739,1515000
2019-02-04,58.2200,58.5533,57.8000,58.5467,54.6477,627600
2019-02-05,58.4967,59.0967,58.3933,58.8133,54.8966,1295400
2019-02-06,59.5400,60.8767,59.5400,60.3967,56.3745,2575800
2019-02-07,59.6567,59.9300,58.5667,59.0867,55.1517,3459900
2019-02-08,58.2733,59.1067,57.9533,58.9833,55.0553,1882800
2019-02-11,59.1200,59.4267,58.8033,59.2733,55.3260,741600
2019-02-12,60.0033,60.6767,59.9167,60.5267,56.4958,2019900
2019-02-13,60.8267,61.1900,60.5400,60.7200,56.6763,906600
2019-02-14,60.5133,61.3333,60.4467,60.8833,56.8287,1004700
2019-02-15,61.3667,61.5333,60.8667,61.1967,57.1212,742500
2019-02-19,60.9167,61.5067,60.8433,61.1133,57.0434,1182900
2019-02-20,61.2600,62.0200,61.2600,61.6333,57.5288,1036800
2019-02-21,61.6400,61.7767,61.0000,61.1767,57.1025,1152900
2019-02-22,61.6567,61.9233,61.4167,61.8333,57.7155,880800
2019-02-25,62.7633,63.0767,62.3000,62.3433,58.1915,2355600
2019-02-26,62.1733,62.4200,61.7600,61.9533,57.8275,865200
2019-02-27,61.7033,61.7033,60.5433,61.2100,57.1337,2977800
2019-02-28,60.9500,61.4233,60.7500,61.2467,57.1679,1236000
2019-03-01,61.8300,62.0900,61.1500,61.7900,57.6750,1433400
2019-03-04,62.2167,62.4333,61.0300,61.7967,57.6813,1755600
2019-03-05,61.6300,61.9100,61.2767,61.5600,57.4604,1330500
2019-03-06,61.3900,61.5367,60.5000,60.5433,56.5114,1412400
2019-03-07,60.3033,60.3033,59.4833,59.8900,55.9016,2994000
2019-03-08,58.8533,59.8867,58.6367,59.8367,55.8518,1491000
2019-03-11,60.1367,61.5233,60.0667,61.2300,57.1523,1993800
2019-03-12,61.4533,61.8200,60.9267,61.4600,57.3670,1968300
2019-03-13,61.8833,62.2300,61.6567,61.7067,57.5972,1230000
2019-03-14,61.7400,62.0300,61.3667,61.3700,57.2830,1775700
2019-03-15,62.1100,63.6433,62.0933,63.1500,58.9445,3952800
2019-03-18,63.2933,63.6133,62.6467,63.0533,58.8542,2697000
2019-03-19,63.4833,64.0633,63.4767,63.8700,59.6165,1991400
2019-03-20,63.7333,64.0633,62.7133,63.1000,59.0581,2508600
2019-03-21,63.1600,65.7133,63.1600,65.2800,61.0984,2802300
2019-03-22,65.0067,65.1000,63.3867,63.4400,59.3763,4417200
2019-03-25,62.9900,63.5767,62.1233,62.6467,58.6338,2944800
2019-03-26,63.5267,63.8133,62.7733,63.2467,59.1953,3840900
2019-03-27,63.3200,63.5300,61.8800,62.3600,58.3655,3970800
2019-03-28,62.4633,63.0233,61.8167,62.2567,58.2687,1386600
2019-03-29,62.9967,63.3300,62.8200,63.1800,59.1329,1725900
2019-04-01,64.1100,64.8333,63.8833,64.7567,60.6086,1964400
2019-04-02,64.7900,65.0067,64.4667,64.8533,60.6991,1459500
2019-04-03,65.6367,66.8833,65.6200,66.2867,62.0406,3218100
2019-04-04,66.2033,66.8433,66.0700,66.4300,62.1747,1617300
2019-04-05,66.8267,66.9400,66.4300,66.9100,62.6240,1223700
2019-04-08,66.6200,67.1400,66.4767,67.0667,62.7706,1380300
2019-04-09,66.6833,66.6833,66.0233,66.3700,62.1186,1483500
2019-04-10,66.2933,67.0967,66.2367,66.8833,62.5991,1267500
2019-04-11,67.0567,67.3133,66.6567,66.8267,62.5460,935400
2019-04-12,67.4467,67.8000,67.2400,67.7533,63.4133,1030500
2019-04-15,67.8633,67.8633,66.8933,67.2500,62.9422,1770000
2019-04-16,67.6767,69.4633,67.6767,69.4033,64.9576,3216900
2019-04-17,70.8267,71.4067,70.0000,70.5533,66.0340,3275700
2019-04-18,70.6667,70.7633,70.2267,70.5633,66.0433,1083900
2019-04-22,70.3433,70.7133,69.9167,70.5100,65.9934,912300
2019-04-23,70.9033,71.5000,70.7367,71.2367,66.6735,2014800
2019-04-24,71.2833,72.6667,71.2533,71.8967,67.2913,2025900
2019-04-25,71.6567,71.7600,70.0433,70.6333,66.1088,2073300
2019-04-26,69.2900,70.0833,68.6067,70.0500,65.5629,3381000
2019-04-29,70.0833,70.2267,69.6333,69.9667,65.4849,2680200
2019-04-30,69.8067,70.6400,69.8067,70.5200,66.0028,3088800
2019-05-01,71.1033,71.5267,69.8800,69.9567,65.4755,4019100
2019-05-02,69.9167,71.4067,69.7533,70.6300,66.1057,3420000
2019-05-03,71.0567,71.2000,70.3300,71.1833,66.6236,2269800
2019-05-06,68.7033,70.0467,68.5533,70.0233,65.5379,2262900
2019-05-07,69.0967,69.2567,67.5233,68.3000,63.9250,3237000
2019-05-08,67.7367,68.7800,67.5867,67.7167,63.3790,3103200
2019-05-09,66.6667,67.2700,65.4500,66.9700,62.6802,2978700
2019-05-10,66.3567,67.4333,65.4500,67.0667,62.7706,3901200
2019-05-13,64.8333,65.2300,63.6300,63.9300,59.8349,4856400
2019-05-14,64.7300,65.7467,64.4200,65.4033,61.2139,2954100
2019-05-15,64.7267,66.3567,64.6633,65.9067,61.6849,5173800
2019-05-16,64.9867,65.5633,64.4567,64.8667,60.7116,6997800
2019-05-17,63.8267,65.1133,63.3267,63.6033,59.5292,5014200
2019-05-20,61.5333,62.0367,60.6333,61.0667,57.1550,4640700
2019-05-21,62.2933,62.6467,61.8000,62.3167,58.3249,5167500
2019-05-22,61.1233,61.6300,60.8133,61.0000,57.0926,3254100
2019-05-23,59.9300,60.0833,59.0667,60.0500,56.2034,3725400
2019-05-24,60.3433,60.7933,59.4733,59.5267,55.7136,2273100
2019-05-28,59.8667,60.0733,58.8833,59.0167,55.2363,2389200
2019-05-29,58.5267,59.5133,58.3567,59.2300,55.4360,4244400
2019-05-30,59.3800,60.2100,59.2467,59.7300,55.9039,2000100
2019-05-31,58.9833,59.8067,58.8000,58.8400,55.0709,3330600
2019-06-03,59.5067,60.1400,58.6767,58.9800,55.2020,2988000
2019-06-04,60.1000,61.5600,59.5867,61.5600,57.6167,3156600
2019-06-05,62.0800,62.2367,60.3200,61.1167,57.2018,3273600
2019-06-06,61.2067,62.1767,60.9867,61.9633,57.9942,957000
2019-06-07,62.2300,62.7933,62.0200,62.6633,58.6494,1468500
2019-06-10,63.4367,64.9733,63.4367,64.1900,60.0782,3907800
2019-06-11,65.3800,65.5100,63.9567,64.4467,60.3185,3400500
2019-06-12,63.7600,63.8433,62.8633,62.9500,58.9177,1450500
2019-06-13,63.4033,63.5333,62.8233,63.2533,59.2016,1143000
2019-06-14,61.4033,61.9300,61.2400,61.6600,57.7103,2081700
2019-06-17,61.3967,61.6200,60.9333,60.9533,57.2833,1074600
2019-06-18,61.6033,64.0333,61.6033,63.5900,59.7612,2850000
2019-06-19,64.0267,64.1267,63.3467,63.7167,59.8803,1431300
2019-06-20,64.9367,65.2333,63.9567,64.2533,60.3846,3371400
2019-06-21,64.0300,64.5167,63.7667,63.8867,60.0400,1333200
2019-06-24,63.9667,64.2567,63.7967,63.9533,60.1027,2115900
2019-06-25,64.1067,64.3400,63.0067,63.0700,59.2725,1416600
2019-06-26,64.4800,65.4533,64.3667,65.1067,61.1866,1755300
2019-06-27,65.4333,66.3833,65.4333,66.0533,62.0762,1559700
2019-06-28,66.5867,66.7167,65.9900,66.1367,62.1546,2529900
2019-07-01,69.0167,69.5900,67.3467,67.8033,63.7209,4752000
2019-07-02,67.6033,67.6700,66.6500,66.9567,62.9252,1378800
2019-07-03,66.9533,66.9967,66.1467,66.6500,62.6370,738000
2019-07-05,65.7800,66.3200,65.5167,66.2700,62.2799,934200
2019-07-08,65.6667,65.9467,65.3433,65.7567,61.7974,581400
2019-07-09,65.3800,66.2733,65.2133,66.1667,62.1828,1347300
2019-07-10,66.8933,67.6333,66.5933,66.7000,62.6840,1424100
2019-07-11,67.0000,67.1367,66.4867,66.8867,62.8594,2578800
2019-07-12,67.0567,68.1733,67.0567,68.1033,64.0028,1315500
2019-07-15,68.4167,68.9567,68.3067,68.7000,64.5636,684300
2019-07-16,68.3833,68.5200,67.6067,67.9700,63.8775,1124400
2019-07-17,68.3633,68.4800,67.9300,68.1733,64.0686,786900
2019-07-18,68.1500,69.3200,68.1500,69.1600,64.9959,1041600
2019-07-19,69.4200,69.7167,69.0100,69.0800,64.9207,1311900
2019-07-22,69.3833,70.5000,69.3833,70.4000,66.1612,2729700
2019-07-23,70.8067,71.3033,70.5000,71.3033,67.0101,1297500
2019-07-24,71.7967,73.6067,71.7967,73.4767,69.0526,2436300
2019-07-25,72.9533,72.9867,72.0300,72.2433,67.8935,1846500
2019-07-26,72.7633,72.7633,72.1667,72.2233,67.8748,626400
2019-07-29,72.1000,72.4900,71.4900,72.4200,68.0596,2041800
2019-07-30,71.7067,72.4067,71.4333,72.2567,67.9061,789600
2019-07-31,71.7100,71.8200,69.1633,69.8600,65.6537,1374600
2019-08-01,69.5633,71.5600,67.8900,68.4800,64.3568,2578800
2019-08-02,67.7867,68.3767,66.8700,67.4700,63.4076,2328900
2019-08-05,65.4933,65.5500,63.9700,64.5567,60.6697,2511300
2019-08-06,65.6300,66.2133,64.6533,65.3800,61.4435,1479000
2019-08-07,64.3400,66.0000,64.3400,65.7933,61.8319,2180400
2019-08-08,66.4067,67.6400,65.9700,67.6167,63.5455,2165400
2019-08-09,66.9000,67.1767,65.9800,66.4367,62.4365,1893600
2019-08-12,65.7467,66.3300,65.2767,65.5667,61.6189,1178100
2019-08-13,65.5667,68.0800,65.1300,67.5033,63.4390,2205000
2019-08-14,65.9433,66.4567,65.0900,65.4267,61.4873,2766300
2019-08-15,65.7867,65.9667,64.7400,65.3067,61.3745,965700
2019-08-16,65.9933,67.2333,65.9933,67.0467,63.0098,1509900
2019-08-19,68.6533,68.9000,67.9767,68.2800,64.1689,4550400
2019-08-20,68.2567,68.4433,67.6633,68.0267,63.9308,732600
2019-08-21,68.5867,68.9300,68.2933,68.5833,64.4539,700200
2019-08-22,68.7300,68.9700,67.8700,68.5833,64.4539,5985600
2019-08-23,67.7433,68.2167,65.4167,65.6033,61.6534,1682700
2019-08-26,66.5967,66.7033,65.9033,66.1600,62.1765,997800
2019-08-27,66.6400,66.9700,65.5967,65.9133,61.9447,1290600
2019-08-28,65.6700,66.4800,65.2033,66.3300,62.3363,726000
2019-08-29,67.5033,68.3267,67.3533,67.9233,63.8337,3748500
2019-08-30,68.5833,68.8633,67.9433,68.2433,64.1344,1014600
2019-09-03,67.4900,67.7667,66.7333,67.1200,63.0787,2833500
2019-09-04,68.1467,68.9733,68.1467,68.9233,64.7735,1387800
2019-09-05,70.4067,71.8767,70.2133,71.0433,66.7658,2037600
2019-09-06,71.2333,71.4333,70.7600,71.2333,66.9444,1273500
2019-09-09,71.5233,72.0900,71.2233,71.4933,67.1887,962400
2019-09-10,71.2733,71.8133,70.7100,71.8133,67.4894,1291800
2019-09-11,72.2267,72.9300,71.7700,72.8900,68.5013,1415400
2019-09-12,73.6200,73.7700,72.6333,73.0533,68.6548,1719900
2019-09-13,73.1467,73.2633,72.5700,72.9067,68.5170,1309500
2019-09-16,72.3567,72.7367,71.7533,72.4367,68.0752,840900
2019-09-17,72.3067,72.6900,71.8567,72.5967,68.2256,667800
2019-09-18,72.6800,72.7300,71.6600,72.7300,68.3509,654900
2019-09-19,72.8233,73.0500,72.2367,72.2533,67.9029,1057500
2019-09-20,72.4533,72.4533,70.6667,70.9233,66.6530,1944900
2019-09-23,70.9133,72.1033,70.8600,71.7600,67.4393,2110800
2019-09-24,71.7267,71.9700,69.8833,70.2600,66.3254,1169400
2019-09-25,69.8967,71.6667,69.2900,71.4367,67.4362,1033500
2019-09-26,71.4333,71.7367,70.8167,71.5267,67.5211,1050600
2019-09-27,71.1467,71.2933,69.2933,69.8533,65.9415,2070000
2019-09-30,70.1633,70.5967,69.8533,70.4700,66.5236,1079700
2019-10-01,70.9567,71.8633,69.6233,69.8100,65.9006,1820400
2019-10-02,69.4267,69.4533,68.3367,68.7900,64.9377,1328700
2019-10-03,68.8600,70.0167,67.9767,70.0000,66.0800,1603500
2019-10-04,70.3567,71.2700,70.2067,71.1633,67.1781,1213200
2019-10-07,71.1167,71.4433,70.7100,70.7467,66.7848,1224600
2019-10-08,69.8367,70.0267,68.4767,68.5567,64.7175,2052000
2019-10-09,69.4367,70.1500,69.3000,69.6767,65.7747,1358400
2019-10-10,69.7500,71.1200,69.7500,70.3567,66.4167,1116300
2019-10-11,71.6667,72.8467,71.6433,72.0167,67.9837,1947300
2019-10-14,71.9667,72.1233,71.6067,72.0067,67.9743,1111200
2019-10-15,72.4533,73.7367,72.3300,73.5900,69.4689,1204800
2019-10-16,73.1733,73.5133,72.3367,72.5467,68.4840,1761600
2019-10-17,73.3767,73.5667,72.2667,72.6700,68.6004,1289700
2019-10-18,72.5400,72.7700,71.2600,71.9000,67.8736,807600
2019-10-21,72.6000,73.3233,72.4200,73.3167,69.2109,1299900
2019-10-22,73.5333,73.5733,72.6767,72.6767,68.6068,1130400
2019-10-23,71.3400,71.9633,70.8400,71.2767,67.2851,1599300
2019-10-24,72.2367,73.1100,72.1500,73.0400,68.9497,1912200
2019-10-25,73.2833,74.6400,73.2433,74.5667,70.3909,1859700
2019-10-28,75.1233,75.9833,75.0133,75.9233,71.6716,1158600
2019-10-29,75.9900,76.5033,75.1367,75.1367,70.9290,1158300
2019-10-30,75.7100,75.7267,74.6667,75.1633,70.9542,1061400
2019-10-31,75.0367,75.0367,73.8100,74.7833,70.5954,862800
2019-11-01,75.4900,76.5000,75.1400,76.5000,72.2159,1989600
2019-11-04,77.4700,78.2833,77.4500,78.2033,73.8239,1991100
2019-11-05,78.4400,78.8800,78.0233,78.2467,73.8648,1091700
2019-11-06,78.0967,78.1200,76.9333,77.7233,73.3708,1633800
2019-11-07,78.8833,79.0500,77.8700,78.1933,73.8145,1491600
2019-11-08,77.8933,78.6367,77.4333,78.5867,74.1858,1048500
2019-11-11,77.9233,78.3833,77.6267,78.2633,73.8805,836400
2019-11-12,78.4600,79.0300,78.1167,78.4233,74.0316,1444200
2019-11-13,77.9933,78.6967,77.6133,78.5067,74.1103,929700
2019-11-14,78.0900,78.3167,77.6500,78.2467,73.8648,973800
2019-11-15,79.2833,79.6300,78.5967,78.9633,74.5414,977400
2019-11-18,78.9567,79.2667,78.3967,78.7833,74.3714,777000
2019-11-19,79.1500,79.2667,77.9567,78.3900,74.0001,731700
2019-11-20,78.0233,78.4133,76.8733,77.4667,73.1285,1412700
2019-11-21,76.9267,77.3200,76.3033,76.6400,72.3481,2084400
2019-11-22,76.8600,77.2833,76.3800,76.5600,72.2726,1028400
2019-11-25,77.2900,78.4733,77.2900,78.3967,74.0064,1229100
2019-11-26,78.2667,78.3867,77.7467,78.1033,73.7295,2139600
2019-11-27,78.4200,78.6767,78.3167,78.6667,74.2613,775200
2019-11-29,78.4033,78.4033,77.7233,77.8233,73.4652,615000
2019-12-02,77.9033,77.9833,76.4633,76.6267,72.3355,1428900
2019-12-03,74.9800,75.5167,74.6167,75.4400,71.2153,1932300
2019-12-04,76.4800,76.9667,76.4100,76.6333,72.3418,1081500
2019-12-05,77.1633,77.3333,76.6800,77.0167,72.7037,1404600
2019-12-06,77.9700,78.3567,77.8300,78.1300,73.7547,1002300
2019-12-09,78.3133,78.3833,77.7633,77.7733,73.4180,492900
2019-12-10,78.1833,78.6133,77.8100,78.1033,73.7295,522600
2019-12-11,78.3067,79.8233,78.2533,79.7033,75.2399,1458900
2019-12-12,79.5833,82.0033,79.5833,81.8633,77.2789,2190300
2019-12-13,81.9067,82.7500,81.1333,81.5033,76.9391,1735800
2019-12-16,82.1100,82.7033,81.9300,81.9933,77.6755,2099100
2019-12-17,82.4433,82.5233,81.9333,82.3633,78.0260,974100
2019-12-18,82.5267,82.5267,82.0200,82.3200,77.9849,963900
2019-12-19,82.6500,82.9833,82.2533,82.9833,78.6134,1063500
2019-12-20,83.5600,83.9700,83.1700,83.7733,79.3618,1035600
2019-12-23,84.4300,84.4733,83.9333,84.0400,79.6144,1356300
2019-12-24,84.2267,84.2467,83.7500,84.1767,79.7439,504300
2019-12-26,84.5333,84.5333,83.9600,84.2733,79.8354,654000
2019-12-27,84.6200,84.6200,83.8233,84.1067,79.6776,1104000
2019-12-30,84.0867,84.0867,82.9000,83.4733,79.0776,1118700
2019-12-31,83.0400,83.7433,83.0000,83.7000,79.2923,604500
2020-01-02,84.7533,85.4300,84.3333,85.4300,80.9312,1275300
2020-01-03,84.1133,84.5700,83.6533,83.8367,79.4218,1235100
2020-01-06,82.7833,83.2300,82.4200,82.9633,78.5944,1615200
2020-01-07,83.9967,84.8233,83.5000,84.4900,80.0407,1146600
2020-01-08,84.6567,84.9833,84.0533,84.4133,79.9681,1297800
2020-01-09,85.5867,85.5867,84.1467,84.9467,80.4733,639600
2020-01-10,85.4867,85.4867,84.2067,84.4533,80.0059,1952100
2020-01-13,85.0433,85.5600,84.7833,85.4400,80.9407,950100
2020-01-14,85.6667,86.3467,85.1800,85.6267,81.1175,896400
2020-01-15,85.7467,85.7867,84.3700,84.7200,80.2586,1516500
2020-01-16,85.3733,86.0933,85.3133,86.0600,81.5280,1708500
2020-01-17,86.5833,86.7067,86.0267,86.7067,82.1406,1016700
2020-01-21,86.3667,86.9567,86.2933,86.6567,82.0933,1653300
2020-01-22,87.2933,88.2100,87.0400,87.2400,82.6459,1251300
2020-01-23,87.5733,87.9800,86.7767,87.9000,83.2711,1077300
2020-01-24,89.1833,89.3100,86.3600,86.9667,82.3869,1626300
2020-01-27,84.5000,84.6700,83.4767,83.6467,79.2418,3212100
2020-01-28,84.5933,85.8867,84.1233,85.5867,81.0796,2410500
2020-01-29,85.2833,85.4967,83.9633,84.0133,79.5891,1242300
2020-01-30,83.5500,84.2633,82.3667,84.0167,79.5923,1741800
2020-01-31,83.2467,83.3133,80.6333,81.0200,76.7534,2155500
2020-02-03,81.2667,82.1267,81.2133,81.9267,77.6123,1719300
2020-02-04,84.1100,84.6133,83.6900,84.4867,80.0375,2465100
2020-02-05,86.0967,86.5800,85.1567,86.4333,81.8817,2009100
2020-02-06,86.4033,86.5267,85.4400,86.4833,81.9290,1068600
2020-02-07,85.4667,85.6167,84.3400,84.4433,79.9965,1550700
2020-02-10,83.6567,85.6733,83.6567,85.6267,81.1175,1212900
2020-02-11,86.4567,87.8633,86.4567,87.3567,82.7564,1132500
2020-02-12,88.3333,88.8333,88.2533,88.7033,84.0321,1554900
2020-02-13,87.9700,89.3733,87.8633,88.7967,84.1206,1681800
2020-02-14,89.4933,89.7867,88.0567,88.5000,83.8395,1366800
2020-02-18,87.1567,87.5033,86.6967,87.3633,82.7627,2409900
2020-02-19,88.4733,89.7333,88.4733,89.5667,84.8500,1575300
2020-02-20,89.2867,89.5233,86.9667,88.2667,83.6185,2301300
2020-02-21,87.6533,87.7300,85.3033,85.6433,81.1333,2479200
2020-02-24,81.6233,82.7867,81.0000,81.5400,77.2460,3786600
2020-02-25,82.6333,82.7567,78.6367,79.1100,74.9440,5127600
2020-02-26,79.7600,80.9567,78.7333,79.2167,75.0451,4525200
2020-02-27,76.8600,78.4367,75.4233,75.5600,71.5809,4172100
2020-02-28,72.9267,77.7700,72.7067,77.2633,73.1946,4788900
2020-03-02,78.6333,80.0000,76.1033,80.0000,75.7871,4137600
2020-03-03,80.3567,81.4033,76.6667,77.1833,73.1188,2729700
2020-03-04,78.8867,81.1267,77.7300,81.1267,76.8545,3355800
2020-03-05,79.1167,80.7200,78.0267,78.6833,74.5398,3548700
2020-03-06,76.2933,77.6900,75.1100,76.9633,72.9104,4851600
2020-03-09,70.8233,74.2600,70.0000,70.3900,66.6832,6082500
2020-03-10,73.3333,75.0767,70.7000,75.0100,71.0599,3859500
2020-03-11,72.6367,73.6933,70.0300,70.8067,67.0779,2262900
2020-03-12,65.8633,68.5600,62.9367,63.0433,59.7234,5859900
2020-03-13,66.8033,70.0600,63.0533,69.8067,66.1306,4420200
2020-03-16,62.6667,65.6233,58.5500,59.1767,56.0604,4817100
2020-03-17,60.7533,65.0000,58.1067,64.3833,60.9929,4079100
2020-03-18,60.1033,62.2633,55.9300,59.0933,55.9814,4131600
2020-03-19,58.0100,62.4967,56.7933,60.6133,57.4214,2945100
2020-03-20,62.8167,63.9233,58.5867,58.8867,55.7856,2942700
2020-03-23,59.5367,61.9700,58.1033,60.9900,57.7782,2787600
2020-03-24,64.8167,67.7833,64.6200,67.5867,64.0275,5754600
2020-03-25,67.9533,70.1700,65.5167,66.4767,63.1929,2496000
2020-03-26,68.2200,71.2367,67.6033,70.9467,67.4421,3301800
2020-03-27,68.7067,69.7133,67.1967,67.4267,64.0959,2500800
2020-03-30,68.1333,69.9800,67.6333,69.7733,66.3267,3341400
2020-03-31,69.7833,70.9600,67.8067,68.4033,65.0244,4342200
2020-04-01,66.1533,67.7367,63.9733,64.6600,61.4659,2938800
2020-04-02,64.1033,66.7433,63.9667,66.5867,63.2974,3537900
2020-04-03,66.4833,67.3267,64.4667,65.3267,62.0997,3110400
2020-04-06,68.1633,72.3167,68.1633,71.9900,68.4339,5011800
2020-04-07,74.5067,74.7933,71.6500,71.7333,68.1899,6696300
2020-04-08,72.9400,74.4067,71.9200,74.1333,70.4713,3915900
2020-04-09,75.1900,75.7700,71.8200,72.5300,68.9472,6792300
2020-04-13,72.2533,73.5700,71.6700,73.3500,69.7267,3968100
2020-04-14,75.1267,76.7333,74.9467,76.7333,72.9429,5871300
2020-04-15,75.1233,75.1233,73.7500,74.4500,70.7723,3620400
2020-04-16,75.8000,76.7033,74.7933,76.5400,72.7591,3338100
2020-04-17,77.8867,78.0433,76.1833,77.1333,73.3231,2772600
2020-04-20,75.9733,77.1033,75.3567,75.4567,71.7293,2713200
2020-04-21,74.2800,74.6633,71.5267,71.7600,68.2152,3653100
2020-04-22,74.1000,76.4633,73.7233,76.1033,72.3440,3341100
2020-04-23,76.1067,76.8900,75.0767,75.3433,71.6215,2933100
2020-04-24,75.2933,77.0800,74.6633,76.9100,73.1108,2887200
2020-04-27,77.9033,78.7133,77.5767,77.9367,74.0868,3212400
2020-04-28,79.3900,79.7867,77.4467,77.5333,73.7034,4094100
2020-04-29,78.9100,81.5433,78.7633,81.2133,77.2016,3975900
2020-04-30,80.8700,80.9700,78.2133,78.3467,74.4765,5172300
2020-05-01,76.2867,76.7033,74.1667,74.5267,70.8452,6033600
2020-05-04,73.8167,75.2400,73.5233,75.1467,71.4346,3381300
2020-05-05,76.5467,77.8333,75.9533,76.4100,72.6355,4506300
2020-05-06,77.2433,78.5367,77.1233,77.3467,73.5259,4407900
2020-05-07,78.7133,79.0100,77.6533,78.0433,74.1882,2825700
2020-05-08,78.8600,80.4300,78.6367,80.3467,76.3777,3885600
2020-05-11,79.5933,80.9900,79.4467,80.2700,76.3048,3498300
2020-05-12,80.8133,81.0833,78.0733,78.1400,74.2801,3764100
2020-05-13,78.5200,78.8800,75.4733,76.6333,72.8478,6889500
2020-05-14,75.9800,78.7600,74.7033,78.6833,74.7966,6521700
2020-05-15,76.0467,77.3200,75.5800,77.0567,73.2502,5657100
2020-05-18,78.8867,81.0267,78.8867,80.5967,76.6154,4940700
2020-05-19,80.6133,82.1933,80.3033,80.3333,76.3651,4308000
2020-05-20,81.9867,83.8367,81.9867,83.2933,79.1788,3791100
2020-05-21,83.3200,83.3833,81.0633,81.1967,77.1857,3809700
2020-05-22,81.2767,81.6933,80.2700,81.5567,77.5279,2462400
2020-05-26,83.7400,84.1433,82.3033,82.4133,78.3423,4310400
2020-05-27,82.6667,83.6833,80.3267,83.6833,79.5496,5297400
2020-05-28,83.0700,84.1867,81.4067,81.8567,77.8131,4460100
2020-05-29,82.1267,84.1767,81.8733,83.9533,79.8062,6282000
2020-06-01,83.5200,83.8933,82.7567,83.5000,79.3753,2780100
2020-06-02,83.7400,85.3667,83.3500,85.3033,81.0895,3159900
2020-06-03,86.5700,88.1667,86.5467,87.7667,83.4312,1781700
2020-06-04,87.4333,89.2233,87.1567,88.5667,84.1917,1948500
2020-06-05,90.6833,92.0533,90.2567,90.7367,86.2545,2878200
2020-06-08,91.2767,91.4200,89.6567,90.5500,86.0770,2531400
2020-06-09,89.6367,90.9433,89.2400,90.6200,86.1436,1958400
2020-06-10,91.2233,91.8033,90.5667,90.9400,86.4478,2579400
2020-06-11,88.6333,88.9233,85.0700,85.1633,80.9565,3992100
2020-06-12,87.3433,88.0567,84.3967,86.3233,82.0592,4613400
2020-06-15,84.2400,87.4333,83.9467,87.2967,83.1652,2132400
2020-06-16,89.8633,90.4333,87.4133,89.0000,84.7879,3384300
2020-06-17,89.8467,90.5000,89.1567,89.6933,85.4484,1371300
2020-06-18,89.5733,90.0067,89.1300,89.5267,85.2897,1340400
2020-06-19,90.6500,90.9333,88.8500,89.0933,84.8769,2271300
2020-06-22,89.0000,89.9600,88.1400,89.7500,85.5024,1286100
2020-06-23,90.6233,91.0067,89.9100,90.0700,85.8073,1177800
2020-06-24,89.5800,90.0533,87.4133,88.0933,83.9242,1974000
2020-06-25,87.9867,88.8967,86.6433,88.7233,84.5244,1376400
2020-06-26,88.8333,88.9200,86.8433,87.0600,82.9397,1637700
2020-06-29,87.0833,88.0433,85.9867,88.0100,83.8448,2664900
2020-06-30,88.4100,90.6267,88.3367,90.2900,86.0169,4086000
2020-07-01,90.3733,90.4067,89.0500,89.1333,84.9150,1909200
2020-07-02,90.5100,91.0633,89.9500,90.2233,85.9534,1787400
2020-07-06,91.9967,92.9600,91.7100,92.6067,88.2239,2312700
2020-07-07,92.4133,92.9800,91.3667,91.5133,87.1823,1893000
2020-07-08,92.2100,92.8333,91.4867,92.7533,88.3637,1610700
2020-07-09,93.2000,94.5533,91.7767,93.9833,89.5354,2007900
2020-07-10,94.2333,94.3467,92.7600,93.6667,89.2337,966000
2020-07-13,94.9933,96.0167,91.9500,92.1267,87.7666,2951700
2020-07-14,91.4767,93.8833,90.2833,93.6500,89.2179,3124200
2020-07-15,94.4000,94.4033,92.0533,93.4867,89.0623,2247000
2020-07-16,92.4000,93.4367,91.9933,93.1367,88.7288,1344600
2020-07-17,93.4433,93.9867,93.1500,93.6067,89.1766,1340400
2020-07-20,93.7633,95.7233,93.1467,95.4567,90.9390,1783200
2020-07-21,96.1633,96.2900,94.5800,94.9700,90.4754,1593900
2020-07-22,95.2300,96.0067,94.5100,95.2833,90.7739,1240500
2020-07-23,95.3333,96.0767,93.0000,93.8267,89.3862,2006100
2020-07-24,92.1667,93.6700,90.9233,92.3533,87.9826,2717400
2020-07-27,93.5200,95.2700,93.4533,95.2300,90.7231,2324400
2020-07-28,94.5333,94.6567,93.2033,93.3900,88.9702,1822500
2020-07-29,94.2200,95.7033,94.1200,95.3133,90.8025,1452000
2020-07-30,95.0367,97.2800,95.0133,97.1900,92.5903,2717400
2020-07-31,97.4333,97.4800,95.3200,96.7967,92.2156,1928400
2020-08-03,97.3867,98.7900,97.3733,98.5533,93.8891,1654200
2020-08-04,98.5533,100.0867,98.5033,100.0000,95.2673,1452900
2020-08-05,99.8433,100.3400,99.2000,99.8967,95.1689,1741500
2020-08-06,99.8200,100.0067,98.8300,99.8433,95.1181,1096200
2020-08-07,99.7300,100.1000,97.5333,98.7333,94.0606,1364700
2020-08-10,99.0300,99.1500,97.3000,98.7300,94.0575,1326900
2020-08-11,98.6167,99.6367,97.4000,97.7000,93.0762,2116500
2020-08-12,98.5300,101.1233,98.2133,100.8567,96.0835,1945800
2020-08-13,100.8567,100.9600,99.3567,99.8533,95.1276,1522200
2020-08-14,100.1733,100.9600,99.4400,99.7933,95.0705,1088700
2020-08-17,100.6167,101.3933,100.3867,100.9167,96.1406,928500
2020-08-18,101.4900,101.5633,100.0967,100.3833,95.6325,1020300
2020-08-19,100.5067,100.6900,99.5100,99.8133,95.0895,1197600
2020-08-20,98.6667,99.3833,98.1900,98.9267,94.2448,1899300
2020-08-21,98.7333,99.6733,98.3567,99.5967,94.8831,1239300
2020-08-24,100.7500,100.9933,99.8467,100.6333,95.8707,1043700
2020-08-25,100.8333,101.6900,100.6300,101.6100,96.8012,1089900
2020-08-26,101.8400,102.3000,101.4167,101.9367,97.1124,1019700
2020-08-27,102.3833,102.3833,100.1367,100.7767,96.0073,1660200
2020-08-28,100.9000,102.6767,100.7233,102.6367,97.7792,1711200
2020-08-31,102.5667,103.2667,101.7500,102.4067,97.5601,1013400
2020-09-01,103.2267,104.5100,102.6900,104.4400,99.4972,1414200
2020-09-02,106.0867,108.0867,105.0733,107.4667,102.3807,2971800
2020-09-03,105.7400,105.9767,100.7667,101.4733,96.6710,3921000
2020-09-04,100.7967,102.1500,96.8400,100.4200,95.6675,3466800
2020-09-08,96.8133,98.5900,95.5867,95.7267,91.1962,3036000
2020-09-09,98.1533,99.1533,96.8633,98.3333,93.6796,1914600
2020-09-10,99.6633,99.9567,96.4300,97.0000,92.4093,1914000
2020-09-11,97.6767,98.6867,95.9167,96.9733,92.3839,1524300
2020-09-14,98.9167,99.5333,98.1533,98.9133,94.2321,1155600
2020-09-15,100.2667,101.3133,100.0933,100.6200,95.8580,1259700
2020-09-16,101.3433,101.4633,99.5233,99.6767,94.9593,1217400
2020-09-17,97.1367,99.7867,96.7967,99.6267,94.9117,1714800
2020-09-18,100.0833,100.3367,96.7900,98.0667,93.4255,1210800
2020-09-21,96.2200,97.8900,95.3933,97.8900,93.2572,2331600
2020-09-22,98.5167,99.0367,96.8000,98.9000,94.2194,1096200
2020-09-23,98.5700,99.1000,95.9133,96.2700,92.0455,1896000
2020-09-24,95.4733,98.4333,95.4033,97.0833,92.8232,2350500
2020-09-25,97.2533,98.7267,95.7967,98.4167,94.0980,1614300
2020-09-28,99.8133,101.2267,99.1667,101.1267,96.6891,1836000
2020-09-29,101.2133,102.3133,101.0600,101.3633,96.9154,1915500
2020-09-30,101.2967,102.5367,100.9433,101.5367,97.0811,1947600
2020-10-01,102.9167,103.9067,102.4433,103.7100,99.1590,2045400
2020-10-02,101.0300,102.6967,100.4600,100.6000,96.1855,2008500
2020-10-05,101.5167,103.8367,101.3800,103.7433,99.1909,1540200
2020-10-06,103.8267,105.7367,102.8267,103.2500,98.7192,1888800
2020-10-07,104.7200,105.5500,104.7033,105.2267,100.6091,1249200
2020-10-08,106.1900,106.7467,105.8567,106.5300,101.8553,979800
2020-10-09,108.0700,108.7067,107.6600,108.4033,103.6464,1967400
2020-10-12,109.8367,110.5767,109.2900,110.0133,105.1858,1591500
2020-10-13,110.2000,110.7533,109.3200,109.8167,104.9977,2298900
2020-10-14,110.2733,110.6100,108.7500,109.3733,104.5738,1562400
2020-10-15,107.3333,109.2933,107.1100,109.0800,104.2934,1207200
2020-10-16,109.8333,110.0333,108.4733,108.5600,103.7962,865800
2020-10-19,109.4500,110.0967,107.6000,108.0133,103.2735,1208700
2020-10-20,108.5000,108.7933,107.5833,107.8367,103.1046,1048800
2020-10-21,108.0933,108.3100,107.0267,107.1133,102.4130,1074300
2020-10-22,107.2467,107.7133,105.8567,107.1567,102.4545,905100
2020-10-23,106.7467,106.7800,105.7700,106.7800,102.0943,786000
2020-10-26,105.8667,106.2467,103.1033,104.4667,99.8825,1671300
2020-10-27,105.1900,105.4467,103.6967,104.0567,99.4905,890100
2020-10-28,102.4167,102.4167,100.4833,100.6500,96.2333,1481100
2020-10-29,100.6667,104.2800,100.5267,103.2033,98.6746,1504500
2020-10-30,102.1133,102.7800,100.4800,101.8267,97.3583,1337100
2020-11-02,102.7800,103.2500,101.3133,102.1900,97.7058,1456200
2020-11-03,103.0900,105.0000,103.0700,104.1167,99.5478,1385100
2020-11-04,106.3367,108.3167,105.0667,107.7567,103.0281,3026700
2020-11-05,110.8700,112.8767,110.7700,112.5967,107.6557,2808600
2020-11-06,112.3300,114.8500,111.9667,114.4333,109.4118,2016000
2020-11-09,117.5067,117.9233,113.0933,113.1000,108.1370,1920900
2020-11-10,112.0867,112.5667,109.4233,109.7067,104.8925,1862100
2020-11-11,111.4000,113.8600,111.3900,113.6600,108.6724,1670400
2020-11-12,113.8400,114.1100,111.6600,112.2567,107.3307,1203600
2020-11-13,113.5933,114.5800,112.8200,113.6333,108.6469,1070700
2020-11-16,114.5633,116.4600,114.2500,116.4600,111.3495,1456200
2020-11-17,116.0467,116.0800,114.6433,115.5000,110.4317,1371600
2020-11-18,115.7033,116.5000,114.5667,114.6400,109.6094,1361100
2020-11-19,114.2300,116.4433,113.7067,116.3333,111.2284,1056300
2020-11-20,116.3733,117.3567,115.6533,115.7900,110.7089,1369500
2020-11-23,116.3067,117.8500,115.9333,117.4400,112.2865,1374900
2020-11-24,118.2833,118.2900,116.2600,118.0800,112.8985,1824600
2020-11-25,118.2533,118.7267,117.3333,117.8200,112.6499,974100
2020-11-27,118.5667,119.9200,118.5667,119.2233,113.9916,1713300
2020-11-30,119.4233,120.7433,117.9133,120.6033,115.3111,1874100
2020-12-01,121.6667,123.3700,121.2700,122.5933,117.2137,2005200
2020-12-02,122.2500,123.5600,122.1267,122.9533,117.5579,2141400
2020-12-03,123.6667,124.3900,122.9467,123.1133,117.7109,1096800
2020-12-04,123.6667,126.5467,123.4700,126.4700,120.9203,1624500
2020-12-07,127.1867,127.2000,125.9000,127.1100,121.5322,1657800
2020-12-08,127.0200,128.0167,126.3967,127.5200,121.9242,1203000
2020-12-09,127.0367,127.8833,123.1733,123.9267,118.4886,1949400
2020-12-10,122.8667,124.8167,122.4533,123.7533,118.3228,1967400
2020-12-11,122.8767,123.4100,121.2033,122.5500,117.1723,1605900
2020-12-14,123.4400,124.4133,123.1667,123.6667,118.4807,1313400
2020-12-15,125.3333,125.8067,124.5100,125.3900,120.1318,1102500
2020-12-16,125.9800,125.9800,124.4700,125.4633,120.2020,1342500
2020-12-17,126.2867,126.2867,125.1433,125.6933,120.4224,1240200
2020-12-18,125.8600,126.0933,124.2967,124.9467,119.7070,1160100
2020-12-21,123.3667,124.4967,122.3233,124.3900,119.1737,1799700
2020-12-22,124.4200,124.5000,123.1700,124.2067,118.9981,668700
2020-12-23,124.4133,124.6167,123.1667,123.2733,118.1038,1257000
2020-12-24,123.9300,124.4300,123.5567,124.3733,119.1577,574200
2020-12-28,125.8333,125.9000,124.0533,124.2367,119.0268,1108500
2020-12-29,124.8767,124.8767,122.5433,123.9167,118.7202,1334700
2020-12-30,124.6033,126.2033,124.4867,125.9933,120.7098,1159800
2020-12-31,126.1233,126.5900,125.2067,126.3933,121.0930,1193100
2021-01-04,127.2133,129.9267,124.9533,125.8633,120.5853,2487600
2021-01-05,125.7633,128.4367,125.6667,128.4367,123.0507,1670700
2021-01-06,127.0333,130.5367,126.8567,128.0200,122.6515,3215100
2021-01-07,129.8933,133.1767,129.8933,132.8500,127.2789,1809000
2021-01-08,134.7533,135.3700,131.3600,132.9200,127.3460,2119800
2021-01-11,131.7667,135.3300,131.6667,134.2667,128.6362,1627500
2021-01-12,135.1300,136.3867,133.9033,135.0800,129.4154,4503900
2021-01-13,136.3300,136.6267,134.7700,135.3000,129.6262,1200000
2021-01-14,136.9800,139.7533,136.9800,138.1667,132.3726,1748400
2021-01-15,138.0133,138.1667,134.5800,135.3567,129.6805,2403900
2021-01-19,137.5833,140.0933,137.2600,140.0000,134.1291,2517000
2021-01-20,141.5200,141.9967,139.1733,139.5000,133.6501,1851000
2021-01-21,140.8233,142.0833,139.3733,141.5167,135.5821,2540400
2021-01-22,140.3667,140.9733,139.0433,139.1167,133.2828,1668300
2021-01-25,140.2800,140.6400,136.6333,139.3167,133.4744,1683300
2021-01-26,139.3933,139.3933,137.0400,137.0533,131.3060,1224900
2021-01-27,134.6667,134.6833,129.4100,129.9400,124.4910,5391300
2021-01-28,132.5567,134.6967,131.5133,132.7900,127.2214,3369900
2021-01-29,133.2367,133.7133,130.0400,130.4733,125.0019,2761800
2021-02-01,132.6967,136.0400,132.2567,135.6267,129.9392,1923300
2021-02-02,137.8900,138.0000,135.9667,137.8267,132.0469,2429400
2021-02-03,138.3533,138.7500,134.6667,135.0267,129.3643,2767800
2021-02-04,134.6000,136.2400,133.6533,136.1333,130.4245,1832400
2021-02-05,137.1500,137.1500,135.0000,135.2033,129.5336,1462800
2021-02-08,136.1133,139.3633,136.1067,139.2600,133.4201,1947300
2021-02-09,138.8567,139.8300,138.0767,138.8500,133.0273,1383300
2021-02-10,140.0000,140.7300,137.3367,139.1233,133.2892,2220300
2021-02-11,140.2733,144.0433,140.2733,143.9400,137.9039,2112600
2021-02-12,143.5167,146.0033,142.7833,145.7200,139.6092,1925100
2021-02-16,147.4567,147.9900,145.8267,146.4533,140.3118,3152400
2021-02-17,145.1967,145.7333,141.9700,143.9433,137.9071,2785200
2021-02-18,142.1567,143.1233,140.6800,142.4633,136.4891,2247600
2021-02-19,144.6233,146.7633,144.3267,145.8967,139.7785,2254500
2021-02-22,144.0000,145.0133,140.1167,140.6100,134.7135,2652000
2021-02-23,138.0267,140.6067,134.0267,139.5533,133.7011,4029300
2021-02-24,138.6833,144.2333,137.4333,144.0800,138.0380,3144900
2021-02-25,142.4000,143.3433,135.3100,135.8733,130.1755,5339700
2021-02-26,138.1000,140.2533,135.3500,138.9700,133.1423,4558800
2021-03-01,141.0767,143.5500,140.0067,143.4000,137.3865,2316600
2021-03-02,143.9800,143.9800,138.9433,139.1000,133.2668,3177600
2021-03-03,139.2467,139.5467,133.5800,134.8433,129.1886,4425900
2021-03-04,134.4067,135.0400,126.4500,128.3533,122.9708,7243500
2021-03-05,131.3067,132.6500,125.1833,132.2033,126.6594,6307800
2021-03-08,132.0333,132.5700,125.0200,125.0700,119.8252,7349100
2021-03-09,129.6000,133.7333,129.2167,132.8400,127.2693,4132800
2021-03-10,135.1300,135.1733,130.3333,130.3333,124.8678,4082400
2021-03-11,134.2100,136.5933,133.5033,135.8200,130.1244,3689400
2021-03-12,133.3333,134.6333,132.3733,134.3867,128.7512,3153600
2021-03-15,135.1067,137.4067,134.1267,137.2200,131.4657,3894900
2021-03-16,138.8433,141.2000,138.1833,138.9933,133.1646,6785100
2021-03-17,137.0733,141.8467,136.0333,140.7433,134.8412,5773800
2021-03-18,138.7867,139.0600,134.7633,134.9200,129.2621,6042900
2021-03-19,135.1900,137.7933,133.4667,136.5867,130.8589,6614100
2021-03-22,138.2633,141.1100,137.7400,139.4767,133.6277,3130200
2021-03-23,140.0167,140.2633,135.1833,135.8100,130.1148,5638800
2021-03-24,138.0700,138.6300,133.8833,133.9467,128.3296,6608100
2021-03-25,131.6300,134.4867,130.2733,133.8367,128.4659,5580000
2021-03-26,133.9400,140.7000,133.8500,140.4433,134.8074,6493800
2021-03-29,139.1300,139.6633,136.6333,138.2900,132.7405,6540600
2021-03-30,137.2000,138.2500,136.3300,137.9600,132.4238,4263600
2021-03-31,139.2633,142.4000,138.9900,141.3300,135.6586,5968200
2021-04-01,143.7900,146.6100,143.7367,146.5267,140.6467,7380000
2021-04-05,148.9367,149.9200,147.1533,149.4833,143.4847,6504000
2021-04-06,148.6033,149.5200,146.3433,147.8133,141.8817,5913000
2021-04-07,147.9667,148.4733,146.5967,147.7167,141.7889,3296400
2021-04-08,149.3033,149.5700,148.0333,149.4000,143.4047,4276500
2021-04-09,148.1900,149.0800,147.5667,148.9333,142.9568,2466000
2021-04-12,148.1533,148.1533,146.0667,147.3333,141.4210,2607900
2021-04-13,148.4567,148.6667,145.6333,147.1000,141.1970,3328500
2021-04-14,146.8200,147.9333,144.6867,145.4833,139.6452,4996200
2021-04-15,146.9767,148.2267,145.8467,147.9200,141.9841,5672400
2021-04-16,147.9200,148.2233,146.9033,147.2267,141.3186,2712600
2021-04-19,146.1433,146.6333,142.0400,143.3567,137.6039,8922300
2021-04-20,142.8867,143.4800,140.4800,141.3133,135.6426,5374500
2021-04-21,141.4233,145.0733,140.8400,145.0200,139.2005,4321800
2021-04-22,144.7200,144.9133,141.0000,141.8633,136.1705,5433000
2021-04-23,142.4433,145.0467,142.2700,144.4500,138.6533,3996300
2021-04-26,144.6367,147.2800,144.3767,147.0967,141.1938,3577800
2021-04-27,147.6733,147.7800,145.5500,145.9933,140.1347,4878300
2021-04-28,145.1833,145.2533,143.6100,143.7767,138.0070,2356200
2021-04-29,145.8200,145.9067,142.6100,144.7100,138.9029,3237000
2021-04-30,142.5867,143.4267,140.3367,140.6767,135.0314,3900000
2021-05-03,141.6767,141.8233,138.4367,139.2133,133.6268,3222900
2021-05-04,137.4000,137.4533,134.3367,136.8667,131.3743,6061800
2021-05-05,138.5833,139.4267,136.6900,137.7233,132.1966,4808700
2021-05-06,137.4667,138.8867,135.9033,138.8533,133.2812,3656400
2021-05-07,140.2667,141.7200,139.6033,140.7600,135.1114,2871600
2021-05-10,139.5300,139.5300,134.2633,134.5000,129.1026,6354600
2021-05-11,130.3967,135.0533,129.9300,134.6800,129.2754,6719400
2021-05-12,131.8633,132.6433,128.6733,129.1933,124.0089,7754100
2021-05-13,131.4333,132.8667,129.5300,130.8400,125.5895,4862400
2021-05-14,132.7467,136.1100,131.4567,134.8900,129.4769,4663500
2021-05-17,133.6400,133.8267,131.4800,133.7133,128.3475,3365100
2021-05-18,134.9700,135.2267,132.5600,132.6367,127.3141,2354700
2021-05-19,130.0667,135.3633,129.5167,135.2233,129.7969,4127400
2021-05-20,136.2333,139.3533,136.1333,138.7800,133.2109,5020800
2021-05-21,139.7600,139.8133,137.7833,138.0133,132.4750,5250000
2021-05-24,139.4567,142.2633,139.3333,141.5000,135.8217,3373800
2021-05-25,142.5400,142.9933,141.1200,141.9200,136.2249,4363500
2021-05-26,142.0233,142.9167,141.0067,142.3000,136.5896,2492400
2021-05-27,142.0367,143.6167,141.6667,142.9000,137.1655,3302700
2021-05-28,143.4400,144.9200,143.1867,144.2267,138.4390,2179500
2021-06-01,145.3167,146.4633,143.0800,143.8233,138.0518,3373500
2021-06-02,143.7133,145.2867,143.2567,144.7000,138.8933,2140500
2021-06-03,143.0767,143.7000,141.5467,142.2133,136.5064,3247500
2021-06-04,143.4333,145.9567,143.4333,145.6667,139.8212,2821500
2021-06-07,144.9767,145.2433,143.6933,144.5333,138.7333,2376300
2021-06-08,145.6600,145.9133,142.6233,143.7067,137.9398,2534400
2021-06-09,144.1833,144.6000,143.0000,143.0000,137.2615,2607000
2021-06-10,143.0567,145.0333,142.7567,144.4700,138.8382,2165100
2021-06-11,144.9033,145.2000,144.0867,145.2000,139.5398,1765200
2021-06-14,145.5667,147.2633,144.7133,147.2633,141.5227,3673800
2021-06-15,146.8700,147.7667,145.5767,146.0567,140.3631,2388300
2021-06-16,146.5100,146.9333,143.5333,144.6833,139.0433,3614700
2021-06-17,144.2867,147.3133,144.1767,146.2433,140.5424,3873000
2021-06-18,145.2400,145.3467,141.9567,142.7433,137.1789,2889900
2021-06-21,142.9067,143.5200,141.6933,143.2700,137.6850,2233200
2021-06-22,143.4833,144.3600,142.6800,143.9467,138.3353,1737900
2021-06-23,144.3067,145.3600,144.2600,144.5467,138.9119,1889400
2021-06-24,145.9533,147.3933,145.8000,147.0033,141.2728,1428300
2021-06-25,147.6267,147.8633,146.1900,146.6033,140.8884,1343100
2021-06-28,147.5100,150.7267,147.5100,150.1033,144.2520,2651100
2021-06-29,149.9267,151.5000,149.4333,151.2800,145.3828,1748100
2021-06-30,151.1400,151.6967,150.3967,151.4067,145.5045,1317300
2021-07-01,151.2533,151.2533,148.7300,149.2367,143.4191,2264100
2021-07-02,150.1633,150.5100,148.9733,150.1467,144.2936,1827000
2021-07-06,150.5533,151.0400,147.9800,149.8900,144.0469,2001900
2021-07-07,150.8333,150.8467,146.9967,147.6200,141.8654,1888200
2021-07-08,144.5100,146.4200,143.4033,145.7233,140.0427,2000100
2021-07-09,146.2033,148.3767,145.1500,148.1000,142.3267,1833000
2021-07-12,148.7333,150.0000,148.1667,150.0000,144.1526,3949800
2021-07-13,149.3733,150.0467,148.6067,149.4000,143.5760,2122200
2021-07-14,150.4200,151.6967,148.2833,148.7100,142.9130,2256600
2021-07-15,147.9933,148.3133,144.3067,145.4100,139.7416,2657100
2021-07-16,145.8633,146.6000,141.9100,142.2500,136.7048,2571600
2021-07-19,140.3067,142.3400,139.5033,142.1067,136.5670,4068000
2021-07-20,142.7900,145.1367,141.0000,144.0433,138.4282,3201000
2021-07-21,144.5933,148.5367,144.5933,148.4667,142.6791,2039400
2021-07-22,147.7233,148.4000,146.4967,147.5900,141.8366,1185000
2021-07-23,148.2800,148.4900,146.5133,148.3433,142.5606,1312500
2021-07-26,147.7733,148.7200,147.4067,148.3900,142.6055,1123200
2021-07-27,147.9667,147.9667,142.5900,145.6667,139.9883,2508000
2021-07-28,146.1967,148.6700,145.4933,148.0467,142.2755,2289600
2021-07-29,148.6100,151.5300,148.5533,151.0667,145.1777,2303700
2021-07-30,149.7000,152.6133,149.7000,152.3033,146.3662,2320200
2021-08-02,153.7633,155.1667,152.8900,153.2667,147.2920,2864100
2021-08-03,153.6067,154.4333,151.8100,154.4333,148.4132,1769100
2021-08-04,154.7333,156.7567,154.5033,156.0067,149.9252,1626000
2021-08-05,156.7567,157.1267,155.1467,156.0333,149.9508,1420200
2021-08-06,155.1167,156.0367,154.8500,155.2567,149.2044,1233000
2021-08-09,155.8833,155.9733,154.0767,154.7300,148.6983,1065900
2021-08-10,154.9600,155.2267,151.8167,152.9333,146.9716,2695500
2021-08-11,153.3500,153.5633,150.6200,152.4100,146.4687,1296900
2021-08-12,151.9100,151.9100,149.5233,150.7733,144.8959,1531500
2021-08-13,150.4267,151.7433,150.2967,151.7200,145.8056,1060200
2021-08-16,151.1467,151.5467,149.8900,151.1567,145.2643,1143900
2021-08-17,149.9000,149.9000,146.8433,148.2300,142.4517,1850700
2021-08-18,148.0233,148.9300,146.0767,146.2700,140.5681,1879200
2021-08-19,145.3533,148.2767,144.2267,147.4700,141.7213,2175600
2021-08-20,147.8633,148.8400,146.8067,148.5767,142.7848,1798200
2021-08-23,150.1200,152.9633,150.1200,152.7600,146.8050,2181000
2021-08-24,153.2000,153.6667,152.4967,152.7600,146.8050,1662900
2021-08-25,153.3633,155.0600,153.2767,153.9233,147.9231,2274300
2021-08-26,153.7400,154.6667,152.8067,154.0667,148.0608,2284500
2021-08-27,154.1533,157.1933,153.9367,157.0067,150.8862,2404500
2021-08-30,157.6467,158.8433,156.7567,157.3200,151.1873,2519400
2021-08-31,157.4900,157.7000,154.8467,156.0633,149.9796,2107800
2021-09-01,156.8467,157.0033,155.2133,155.2133,149.1628,1632600
2021-09-02,155.9500,156.2733,155.1900,155.7933,149.7201,1501500
2021-09-03,155.8200,157.5700,155.4733,156.9600,150.8414,1356000
2021-09-07,157.0400,157.0467,155.4567,156.3833,150.2871,1640700
2021-09-08,155.6667,155.8267,153.0333,154.3800,148.3620,3087900
2021-09-09,154.2767,155.8400,154.1833,154.9233,148.8841,3921000
2021-09-10,156.1967,158.5267,156.1400,156.1533,150.0662,2959200
2021-09-13,157.7267,157.9767,155.5167,157.6500,151.5044,2835900
2021-09-14,158.0533,158.8533,156.9367,157.6567,151.5108,2581500
2021-09-15,157.7800,158.5667,156.4433,158.5633,152.3822,3770400
2021-09-16,157.4167,159.3967,156.7633,158.8667,152.6737,1655100
2021-09-17,158.4467,158.4467,155.6267,156.3333,150.2391,2426700
2021-09-20,153.0000,153.5933,150.2167,152.4633,146.5200,3124800
2021-09-21,153.6033,154.0600,151.5233,152.9133,146.9524,2214000
2021-09-22,154.1167,156.4467,153.5533,156.0867,150.0021,1309200
2021-09-23,156.8267,158.6667,156.2633,158.1667,152.0009,2407200
2021-09-24,156.5833,157.9367,156.3333,157.6000,151.8266,1191900
2021-09-27,155.9133,157.8333,154.9900,157.2167,151.4573,1339800
2021-09-28,154.2467,155.1433,151.0667,151.0667,145.5326,5448000
2021-09-29,151.4033,151.8467,148.3933,148.6833,143.2366,6776400
2021-09-30,150.0933,151.0733,148.5833,148.6233,143.1788,4524900
2021-10-01,149.2133,149.4933,146.2767,148.7200,143.2719,3114900
2021-10-04,147.9500,148.0400,144.4467,144.8900,139.5822,4161900
2021-10-05,145.5833,148.1033,145.3400,147.0833,141.6952,3156000
2021-10-06,145.4467,147.7700,144.9433,147.6567,142.2475,3410700
2021-10-07,149.5633,151.3633,149.1933,149.3833,143.9109,1913400
2021-10-08,149.9200,150.1133,147.7333,147.8533,142.4370,1672200
2021-10-11,147.2667,149.3533,146.8100,146.8633,141.4832,1532100
2021-10-12,147.7900,148.0067,144.4200,145.0300,139.7171,3201900
2021-10-13,146.0800,146.7733,145.3900,145.8667,140.5231,1756500
2021-10-14,148.5567,150.4067,148.1433,150.3933,144.8840,2486100
2021-10-15,151.4967,151.8500,150.6300,151.3967,145.8505,1639500
2021-10-18,150.4967,152.6667,149.6333,152.6167,147.0258,1352700
2021-10-19,152.9667,154.4867,152.2700,154.4867,148.8273,1394100
2021-10-20,153.9300,154.7700,153.5000,154.1667,148.5190,1261500
2021-10-21,153.1767,155.9200,153.1067,155.7200,150.0155,1303200
2021-10-22,154.9000,156.5000,153.7067,153.9733,148.3328,3284400
2021-10-25,154.7600,155.9200,154.2000,155.0300,149.3508,1684800
2021-10-26,156.2433,156.8000,154.6000,155.1467,149.4631,1879200
2021-10-27,154.2033,155.8400,153.4867,154.0333,148.3906,3226200
2021-10-28,156.0900,157.6333,155.8100,157.5067,151.7367,3278100
2021-10-29,156.1767,158.2300,156.0000,158.2100,152.4143,2135700
2021-11-01,158.4000,160.8267,158.0000,160.7900,154.8998,2547300
2021-11-02,160.7033,162.7967,160.7033,162.7900,156.8265,2225400
2021-11-03,163.0000,164.8667,162.3700,164.6667,158.6344,2175000
2021-11-04,166.5267,170.9700,165.6200,170.2067,163.9714,4080900
2021-11-05,171.2667,173.4167,170.3900,172.0967,165.7922,4534800
2021-11-08,173.1633,175.5600,172.5367,174.4233,168.0336,2921400
2021-11-09,176.1633,176.3633,172.5433,174.4233,168.0336,2722800
2021-11-10,171.1500,173.4900,168.5433,169.2800,163.0787,3934200
2021-11-11,172.0800,173.2733,170.7500,172.8600,166.5276,2283000
2021-11-12,173.4600,175.3767,172.5033,174.5500,168.1557,1970400
2021-11-15,175.8567,175.8567,172.6267,174.4200,168.0304,2318100
2021-11-16,173.6333,177.3533,173.4233,177.0333,170.5480,2023200
2021-11-17,177.1233,177.1233,174.9400,175.8000,169.3598,1575600
2021-11-18,178.9967,179.6367,177.0333,178.7400,172.1922,1997100
2021-11-19,178.7667,180.4500,177.8767,179.2367,172.6707,3405900
2021-11-22,180.2667,182.7067,176.4000,176.6400,170.1691,4422600
2021-11-23,176.4500,177.6367,172.9733,175.9300,169.4851,2422800
2021-11-24,174.5500,177.9533,172.8033,177.8633,171.3476,2117100
2021-11-26,174.5067,176.0867,171.6400,172.9133,166.5790,2448000
2021-11-29,175.4767,179.9600,174.8167,179.5600,172.9821,2412300
2021-11-30,178.8533,180.5300,174.9067,176.4133,169.9507,3264300
2021-12-01,179.0000,182.1600,174.9933,175.0033,168.5924,3112500
2021-12-02,173.2000,176.4767,171.8767,175.2567,168.8364,3124500
2021-12-03,177.7367,179.4967,172.8500,174.8133,168.4094,2490900
2021-12-06,174.4733,175.1233,169.1267,174.5900,168.1942,2091600
2021-12-07,178.4933,183.7600,178.4933,183.4000,176.6815,2692200
2021-12-08,182.4267,182.5867,180.3267,182.2067,175.5319,1666500
2021-12-09,181.1300,182.9367,177.8600,178.0167,171.4953,1674000
2021-12-10,181.3367,182.2000,177.4733,179.6967,173.1138,2020500
2021-12-13,180.1133,180.1933,174.3200,174.6267,168.5024,2286600
2021-12-14,172.4833,174.7033,171.5233,173.7867,167.6919,2888100
2021-12-15,174.1400,180.3300,171.8000,180.1667,173.8481,2344200
2021-12-16,180.9000,181.4100,171.2733,172.3067,166.2637,2797800
2021-12-17,170.6100,174.6400,170.0400,171.9000,165.8714,2702100
2021-12-20,169.4000,171.8833,168.6933,170.5533,164.5719,2145900
2021-12-21,174.3967,176.7900,172.0133,176.7067,170.5095,1624200
2021-12-22,175.7967,178.5433,174.8833,178.5433,172.2817,2134800
2021-12-23,178.9000,181.4367,178.8967,180.2700,173.9478,2100300
2021-12-27,180.9300,185.2500,180.8867,185.2100,178.7146,2503500
2021-12-28,186.0667,186.0933,182.3200,183.1667,176.7429,1974900
2021-12-29,183.0967,184.5933,182.3233,183.4467,177.0131,1254900
2021-12-30,183.0033,183.7633,180.7567,181.3200,175.0103,1361700
2021-12-31,181.5067,182.7133,180.7533,180.7733,174.4826,1217400
2022-01-03,181.9900,184.5467,181.2733,184.3667,177.9509,1699800
2022-01-04,185.1867,186.3400,179.3733,183.8000,177.4040,3504600
2022-01-05,182.3933,183.9600,177.3967,177.5567,171.3779,3751800
2022-01-06,177.5300,179.7733,175.6067,178.9367,172.7099,2934300
2022-01-07,178.7633,179.4167,173.2033,173.7467,167.7005,2284500
2022-01-10,171.5967,174.1867,168.0000,173.8100,167.7616,5377500
2022-01-11,173.2267,177.2867,171.9467,177.0800,170.9178,3157200
2022-01-12,178.7900,180.0233,176.6033,178.3800,172.1726,3571500
2022-01-13,181.1067,182.6167,173.7733,174.2167,168.1541,3268800
2022-01-14,172.8367,178.5533,172.8133,178.3867,172.1790,3401700
2022-01-18,175.5367,175.5600,170.0400,170.4133,164.4831,7686000
2022-01-19,171.7967,172.8533,165.2833,165.4000,159.6443,9931800
2022-01-20,166.6767,168.0000,160.0000,160.2133,154.6381,8349900
2022-01-21,159.0933,163.6167,157.1967,157.5467,152.0642,13946100
2022-01-24,154.2533,159.6433,148.9767,159.3467,153.8016,15465300
2022-01-25,155.2500,157.1600,152.5167,153.4000,148.0619,10710300
2022-01-26,157.7067,162.2567,153.4000,155.7567,150.3365,8508000
2022-01-27,157.2967,157.4867,148.3233,148.8233,143.6445,8400900
2022-01-28,148.7033,151.6767,144.4267,151.6767,146.3985,7173000
2022-01-31,152.4367,160.0667,151.5967,159.8233,154.2617,7846800
2022-02-01,161.3867,161.6467,157.1300,161.1533,155.5454,4068900
2022-02-02,164.4100,165.6400,162.0867,165.2233,159.4737,5229000
2022-02-03,161.0667,163.7300,157.4267,158.0333,152.5339,6506400
2022-02-04,157.2967,160.3000,155.1667,158.9400,153.4091,5061300
2022-02-07,159.3333,161.5033,158.2500,158.8500,153.3223,3501900
2022-02-08,158.1767,163.1967,157.9133,162.8667,157.1991,2941200
2022-02-09,165.0133,168.2300,162.9467,168.2100,162.3565,5061000
2022-02-10,164.1067,169.2933,162.0400,162.9667,157.2956,4614000
2022-02-11,163.2400,164.4267,153.5633,154.6733,149.2909,7881900
2022-02-14,155.2000,157.9467,152.8000,154.8200,149.4325,5697300
2022-02-15,158.1700,163.7867,157.7500,163.3633,157.6785,4881000
2022-02-16,161.3567,164.0233,159.9300,163.4167,157.7300,2713200
2022-02-17,161.2467,161.4700,157.0367,157.2800,151.8069,6003000
2022-02-18,157.3533,157.9333,153.3600,155.5233,150.1113,5866200
2022-02-22,153.8433,158.2867,152.1233,154.5767,149.1975,8370000
2022-02-23,156.3700,158.0000,150.4067,150.8933,145.6424,6525600
2022-02-24,145.0267,156.6633,144.6767,156.4133,150.9703,8669100
2022-02-25,156.4067,159.0200,154.1900,159.0200,153.4863,7065000
2022-02-28,156.9500,159.4567,154.8700,158.0533,152.5533,4359300
2022-03-01,157.4133,158.3300,150.6533,152.3233,147.0227,4265700
2022-03-02,153.5900,158.2633,153.2333,157.1667,151.6975,2850600
2022-03-03,158.1267,158.1733,152.9333,153.8700,148.5155,4177800
2022-03-04,152.3700,153.7133,148.1000,149.7867,144.5742,4443300
2022-03-07,150.2333,151.3033,142.2433,142.2733,137.3224,5869200
2022-03-08,143.2433,150.2967,140.8533,145.0000,139.9542,7909500
2022-03-09,149.8800,152.2167,148.1733,151.0767,145.8194,4699800
2022-03-10,148.4033,148.5500,145.0667,147.9767,142.8273,4805700
2022-03-11,150.1233,150.4000,144.5067,144.8000,139.7611,6524400
2022-03-14,144.3667,145.1167,139.4533,140.1133,135.2375,5683800
2022-03-15,141.5167,146.9000,140.6300,146.5533,141.4534,3980400
2022-03-16,149.0400,154.1233,147.4233,154.1000,148.7375,4868700
2022-03-17,152.3533,155.0500,151.1767,155.0500,149.6545,4133100
2022-03-18,153.9700,158.7167,153.0167,158.0767,152.5758,5004600
2022-03-21,157.4667,159.0567,154.9433,157.7633,152.2734,4801500
2022-03-22,157.4767,160.5133,157.3200,158.6367,153.1163,2886600
2022-03-23,157.1867,159.1100,154.5967,154.6400,149.2587,3530400
2022-03-24,155.9400,162.2667,155.3000,162.1400,156.7935,5002500
2022-03-25,161.9600,162.4000,159.0900,161.7733,156.4389,3103200
2022-03-28,160.8033,163.0300,158.4867,163.0300,157.6541,2735700
2022-03-29,165.6300,167.0300,163.4000,166.7667,161.2676,3093600
2022-03-30,165.4767,166.0633,160.5767,161.4333,156.1101,3269100
2022-03-31,161.3133,162.0300,157.3367,157.7600,152.5579,3369300
2022-04-01,158.4267,158.7967,152.3933,154.7033,149.6020,5391900
2022-04-04,155.1067,157.4367,154.5233,157.2167,152.0325,2705100
2022-04-05,155.9300,156.0633,149.5800,149.9800,145.0344,4054800
2022-04-06,146.6667,148.9067,145.0000,146.2500,141.4274,4836900
2022-04-07,146.0500,147.8833,143.5033,146.5700,141.7369,3511800
2022-04-08,145.3533,145.4067,142.7033,142.9333,138.2201,4500300
2022-04-11,140.8200,142.0000,139.6733,139.9967,135.3803,4291800
2022-04-12,142.9567,144.0133,138.8400,139.5700,134.9677,5894700
2022-04-13,140.4733,143.5600,139.6067,142.5733,137.8720,3309000
2022-04-14,143.5033,143.5367,138.4500,138.6300,134.0587,5903400
2022-04-18,137.9367,142.2767,137.7667,141.0300,136.3795,3630300
2022-04-19,140.4667,144.4233,139.7533,144.1200,139.3677,3036600
2022-04-20,146.4000,147.6700,143.2933,143.8000,139.0582,3826200
2022-04-21,145.5700,147.1900,139.2400,139.9633,135.3481,3600300
2022-04-22,139.7433,140.5200,136.6200,136.8500,132.3374,4569000
2022-04-25,135.7333,139.2000,135.3267,139.1633,134.5744,6353700
2022-04-26,137.2833,137.5233,132.8367,132.9933,128.6079,5844000
2022-04-27,131.5267,135.5733,131.2300,132.2667,127.9052,4350300
2022-04-28,134.9233,141.0467,133.2233,139.5567,134.9548,4923300
2022-04-29,137.6000,140.2700,133.2067,133.5933,129.1881,4188300
2022-05-02,133.7167,138.2067,132.6700,138.0533,133.5011,4635300
2022-05-03,137.6867,140.2900,136.7300,139.1967,134.6067,2300100
2022-05-04,140.2300,144.8367,135.9000,144.5967,139.8286,4259400
2022-05-05,142.0033,142.2167,135.5433,137.5933,133.0562,4597200
2022-05-06,136.3333,139.4033,133.7933,136.3667,131.8700,3950400
2022-05-09,133.4200,135.0467,128.6633,129.4233,125.1556,5058600
2022-05-10,133.3300,134.8133,129.4767,132.3667,128.0019,4476600
2022-05-11,131.2367,134.3267,128.0833,128.4567,124.2208,5066100
2022-05-12,126.8700,130.3133,125.7767,129.2367,124.9751,5345100
2022-05-13,131.5033,136.7833,130.8067,135.8333,131.3542,4724400
2022-05-16,134.4533,135.8733,133.2600,133.7667,129.3557,2372400
2022-05-17,137.2567,140.6233,136.7400,140.2633,135.6382,3193200
2022-05-18,137.9467,139.8633,132.6267,133.1933,128.8013,3581100
2022-05-19,132.5433,135.7867,131.2333,132.3867,128.0213,3303300
2022-05-20,134.9933,135.0033,126.3900,132.3167,127.9535,4083900
2022-05-23,131.2900,133.2400,130.2767,132.8867,128.5048,3639300
2022-05-24,130.7533,131.1900,128.1733,129.6500,125.3748,2865600
2022-05-25,128.7733,133.2233,128.6533,131.9833,127.6312,2512500
2022-05-26,130.7467,137.7533,130.5367,137.1400,132.6178,2966700
2022-05-27,139.3033,143.0167,139.3033,142.7800,138.0718,3165600
2022-05-31,142.5333,143.3067,139.8667,142.0467,137.3627,2807100
2022-06-01,142.7700,143.4900,137.8600,139.7933,135.1837,2466000
2022-06-02,139.3067,144.8067,139.0367,144.6633,139.8931,2005800
2022-06-03,141.5300,142.3300,139.6867,140.3367,135.7091,2065500
2022-06-06,143.2867,143.7600,139.6467,140.5800,135.9444,2241900
2022-06-07,138.9100,142.1033,137.8400,141.7033,137.0307,1866600
2022-06-08,140.9267,141.5000,137.6400,138.6867,134.1135,3396000
2022-06-09,137.2833,139.6767,134.5433,134.5467,130.3067,2517000
2022-06-10,132.3333,133.4767,129.4967,129.7667,125.6773,3599100
2022-06-13,125.0000,126.6433,121.8100,122.2800,118.4266,4042800
2022-06-14,123.6233,124.1733,121.5167,122.9600,119.0851,2831100
2022-06-15,124.4100,127.2733,122.2700,125.0733,121.1319,3811200
2022-06-16,121.4200,121.5433,116.0567,117.5367,113.8327,3921300
2022-06-17,117.8000,118.8667,115.3067,118.0133,114.2944,3400200
2022-06-21,120.5033,122.9233,120.4167,121.1033,117.2870,2830200
2022-06-22,119.0167,121.5533,118.8400,119.8400,116.0635,4106700
2022-06-23,120.5500,120.6533,117.1533,119.0267,115.2758,2178900
2022-06-24,120.8900,124.3000,120.6267,124.3000,120.3829,3783600
2022-06-27,125.4233,125.7333,123.0067,123.9600,120.0536,2497500
2022-06-28,124.6933,126.1467,120.7467,120.9367,117.1256,3039900
2022-06-29,119.2800,119.4200,116.6167,118.0833,114.3622,3393600
2022-06-30,116.4267,118.8600,114.7000,116.5367,112.8642,3285600
2022-07-01,114.5967,115.2167,110.9600,112.4133,108.8708,3875100
2022-07-05,109.5667,113.3000,108.9000,113.3000,109.7296,3391200
2022-07-06,113.4100,115.1867,112.1700,113.8533,110.2655,2672100
2022-07-07,116.5267,119.5467,116.5267,118.9500,115.2015,2866200
2022-07-08,117.2267,120.3333,116.8733,119.5167,115.7503,2334000
2022-07-11,117.7067,118.2933,116.0033,116.7633,113.0838,2490000
2022-07-12,117.5233,118.3867,116.2367,117.0900,113.4001,4494300
2022-07-13,114.7000,118.6900,114.4667,117.7500,114.0393,3564600
2022-07-14,117.4367,120.7600,115.7233,120.2467,116.4573,3186900
2022-07-15,122.0833,123.3133,120.1700,123.1167,119.2369,2984100
2022-07-18,125.1567,126.1167,121.9433,122.7233,118.8560,2959200
2022-07-19,124.6600,128.8267,124.3033,128.1333,124.0955,3116700
2022-07-20,127.9400,132.0233,127.1500,131.4000,127.2592,4845300
2022-07-21,132.0833,133.6333,130.1967,133.5467,129.3382,2753400
2022-07-22,133.1167,133.1733,129.0767,130.2567,126.1519,4548000
2022-07-25,129.2567,129.5333,127.2700,129.4333,125.3545,2862900
2022-07-26,128.5733,129.2233,126.8033,127.2767,123.2658,2510400
2022-07-27,129.5600,134.1733,129.1700,133.1000,128.9056,3214200
2022-07-28,133.3933,135.0300,130.4867,134.7400,130.4939,3532200
2022-07-29,132.7900,136.1567,132.3333,135.7767,131.4979,3840900
2022-08-01,134.8133,137.4767,133.9267,136.3000,132.0048,3812100
2022-08-02,134.7600,138.1067,134.1900,136.0400,131.7529,2124900
2022-08-03,136.0200,140.0933,135.9333,139.8200,135.4139,2860800
2022-08-04,139.4967,141.2533,139.0900,140.8300,136.3920,1919100
2022-08-05,138.3600,140.9367,137.7267,139.7333,135.3299,3279900
2022-08-08,137.8067,139.3367,135.5033,137.6200,133.2832,3061200
2022-08-09,134.4400,134.5800,129.5067,131.3133,127.1752,4368900
2022-08-10,134.8133,137.0167,133.0167,136.7633,132.4535,3456000
2022-08-11,137.9233,140.6200,136.2867,136.5867,132.2824,2403900
2022-08-12,137.4967,140.9633,136.9967,140.5833,136.1532,2049600
2022-08-15,139.9567,141.5000,139.0000,141.1067,136.6600,1325100
2022-08-16,140.3833,141.0000,138.1033,139.6633,135.2621,1566900
2022-08-17,137.5233,137.5900,134.3833,136.2900,131.9951,2640000
2022-08-18,136.6600,140.3267,136.1667,139.3967,135.0039,1698900
2022-08-19,137.4767,138.1733,134.9367,135.6333,131.3591,2323500
2022-08-22,132.8833,133.1333,129.8967,130.5300,126.4166,2903400
2022-08-23,130.6233,133.1800,130.4733,131.1800,127.0461,2430600
2022-08-24,131.0300,131.9633,129.9900,131.5100,127.3657,1251900
2022-08-25,131.6367,136.4900,131.5633,136.3300,132.0338,2679300
2022-08-26,136.0233,136.3400,128.3933,128.5967,124.5442,2838000
2022-08-29,127.2300,128.7033,125.7933,126.0000,122.0294,2575200
2022-08-30,127.3567,127.4067,123.0033,124.5333,120.6089,3212700
2022-08-31,125.0833,125.0867,122.1533,123.2300,119.3467,2974800
2022-09-01,120.0867,120.9600,117.1967,120.9433,117.1320,4537800
2022-09-02,122.8067,123.6633,119.0933,119.6167,115.8472,3841200
2022-09-06,119.5967,120.2533,117.3300,118.2367,114.5107,2692500
2022-09-07,118.7133,121.2533,117.8167,120.2367,116.4476,1699500
2022-09-08,119.0700,122.7200,118.3333,122.2633,118.4104,2823300
2022-09-09,123.8733,125.8433,123.8733,125.1967,121.2514,2066400
2022-09-12,125.7367,126.4300,124.2967,125.8067,121.8421,2610900
2022-09-13,121.0233,122.0633,117.6367,117.9933,114.2750,4065000
2022-09-14,118.8800,120.1600,117.5533,119.3333,115.5728,2722800
2022-09-15,118.5300,119.9200,116.5567,117.3533,113.6552,2432700
2022-09-16,116.0633,118.1833,115.1800,118.0567,114.3363,3392100
2022-09-19,116.5500,119.3033,116.4967,118.6767,114.9368,2146200
2022-09-20,117.5300,118.1000,116.1700,117.1000,113.4098,2630700
2022-09-21,117.3167,121.1167,115.9167,115.9167,112.2638,3535200
2022-09-22,115.2533,115.7400,112.0967,112.7633,109.2098,2936100
2022-09-23,111.4300,111.7300,109.2367,111.2533,107.7474,3881700
2022-09-26,110.2667,111.9633,108.7967,108.9933,106.1316,2881500
2022-09-27,110.9733,111.7867,108.4267,110.0067,107.1184,2977200
2022-09-28,109.0967,112.0033,108.6433,111.5667,108.6374,4045200
2022-09-29,109.5267,109.7333,106.3700,108.0967,105.2585,3009000
2022-09-30,106.7000,109.4533,106.0800,106.2433,103.4538,2722800
2022-10-03,107.4533,111.1467,106.6833,109.9167,107.0307,3747300
2022-10-04,113.4567,115.2100,113.1667,115.0733,112.0520,3182400
2022-10-05,113.1667,117.1867,112.1600,116.0133,112.9673,2505600
2022-10-06,115.8933,118.0267,115.1200,115.5500,112.5162,2850000
2022-10-07,112.1067,112.4233,107.9667,108.6167,105.7649,3969000
2022-10-10,108.1933,108.3233,103.4200,104.9233,102.1685,4665000
2022-10-11,103.0533,104.0100,100.5400,101.9733,99.2960,4818600
2022-10-12,101.8400,102.3800,100.6600,100.9833,98.3319,3107400
2022-10-13,97.0333,105.8033,95.9400,103.8900,101.1623,4911600
2022-10-14,105.3433,105.3433,99.2367,99.5600,96.9460,3887100
2022-10-17,102.2100,103.0700,100.8667,101.6700,99.0006,3760500
2022-10-18,104.8500,105.5367,100.2200,102.0200,99.3414,3558900
2022-10-19,101.2933,103.6467,100.9800,102.6733,99.9776,3043500
2022-10-20,103.2400,106.4633,102.7233,103.3100,100.5975,3567300
2022-10-21,103.0400,107.4167,102.5900,107.1500,104.3367,3703200
2022-10-24,107.5100,108.0800,105.1000,107.6133,104.7879,3784200
2022-10-25,108.0667,110.8100,107.8933,110.0700,107.1800,2770800
2022-10-26,107.7967,111.5733,107.2667,108.9867,106.1251,4811700
2022-10-27,109.7000,110.7300,106.9133,107.0533,104.2426,3589500
2022-10-28,107.2500,111.4133,106.9733,111.2500,108.3291,4192500
2022-10-31,110.2467,110.5533,108.2700,108.8267,105.9693,2394900
2022-11-01,111.0133,111.3767,109.0467,109.7033,106.8230,2810400
2022-11-02,110.3967,112.3267,106.1000,106.2400,103.4506,3193800
2022-11-03,104.2533,106.4433,103.1600,104.8167,102.0646,3752100
2022-11-04,108.5967,109.9467,107.0900,109.6667,106.7873,4601700
2022-11-07,110.6833,112.4667,109.2367,112.0367,109.0951,3548700
2022-11-08,114.1333,115.8533,112.1833,114.5033,111.4969,3901200
2022-11-09,112.5633,113.0100,110.6733,110.8433,107.9331,3578700
2022-11-10,117.1833,122.6167,116.2067,122.3133,119.1019,5347500
2022-11-11,122.9100,126.7967,121.5033,126.0567,122.7470,6114000
2022-11-14,125.3733,127.1267,124.6333,124.6767,121.4032,3683100
2022-11-15,129.8433,130.1967,126.5500,128.2900,124.9216,4897800
2022-11-16,125.3667,125.6167,122.2167,122.9933,119.7641,4775700
2022-11-17,120.4400,124.5100,120.2233,123.9567,120.7021,3961500
2022-11-18,126.0300,126.0567,122.8900,124.2333,120.9715,3105300
2022-11-21,122.8800,123.3200,121.7867,122.1733,118.9656,1815000
2022-11-22,123.2200,125.9100,122.1867,125.8133,122.5100,3290700
2022-11-23,125.6800,128.5600,125.6633,127.3333,123.9901,3905400
2022-11-25,126.5567,127.0000,125.6367,125.6367,122.3380,1164000
2022-11-28,124.0767,125.3900,121.6500,122.4967,119.2804,3197700
2022-11-29,122.8633,123.5533,121.2767,122.0233,118.8195,1828200
2022-11-30,122.4800,129.4333,121.3400,129.3433,125.9473,4166100
2022-12-01,130.1100,130.2433,126.6233,128.4133,125.0417,4130700
2022-12-02,125.1933,127.1633,124.5533,126.9633,123.6298,3110400
2022-12-05,126.1000,127.3167,124.2233,125.3567,122.0653,2709300
2022-12-06,125.3433,125.4733,121.4800,122.7200,119.4979,2182200
2022-12-07,121.4100,123.3167,121.1800,122.4567,119.2415,2111400
2022-12-08,123.2033,126.0867,122.3833,125.9967,122.6885,2694300
2022-12-09,125.4400,127.0367,124.3833,124.8300,121.5525,1749000
2022-12-12,124.2167,127.1767,123.5800,127.0400,123.7045,2178900
2022-12-13,132.4033,132.9800,127.2500,128.8633,125.8306,4521000
2022-12-14,128.5500,130.0900,125.4467,126.9300,123.9427,3972000
2022-12-15,124.2633,124.8033,121.3933,121.5600,118.6991,3881100
2022-12-16,120.9133,121.9633,119.4500,120.6400,117.8008,2465700
2022-12-19,120.5133,120.7900,117.9167,119.1467,116.3426,2231700
2022-12-20,117.6600,119.5067,117.3933,118.4200,115.6330,2275500
2022-12-21,119.2467,121.4867,119.0167,121.0867,118.2369,2291700
2022-12-22,118.7333,118.9233,113.7467,116.1933,113.4587,5403300
2022-12-23,115.1867,116.2967,114.0133,116.2933,113.5564,2571900
2022-12-27,115.3700,115.4767,113.6667,114.1933,111.5058,3494400
2022-12-28,113.4567,114.8467,112.0500,112.5100,109.8621,2682000
2022-12-29,114.3433,116.6400,113.9200,116.1000,113.3676,3263100
2022-12-30,114.4400,116.1867,113.6133,115.9933,113.2634,2010000
2023-01-03,117.9567,118.1667,114.1667,114.8633,112.1600,2844600
2023-01-04,117.0500,118.4733,115.7000,117.8200,115.0471,3257100
2023-01-05,116.6567,117.4867,115.6433,115.8333,113.1072,2671800
2023-01-06,117.4000,121.8600,115.8133,121.2233,118.3704,4898400
2023-01-09,123.4467,126.2633,122.6600,123.4567,120.5511,4581300
2023-01-10,123.0333,125.2233,122.3933,125.0533,122.1102,2825400
2023-01-11,125.1300,126.7200,124.0767,126.6667,123.6856,2682000
2023-01-12,127.3500,128.9800,124.7200,128.2067,125.1894,3324000
2023-01-13,126.5433,128.7500,126.3867,128.7367,125.7069,2079000
2023-01-17,128.2967,130.1867,127.6933,128.8833,125.8501,3017400
2023-01-18,130.3267,131.2433,128.1600,128.2067,125.1894,3512700
2023-01-19,127.0667,127.1333,124.2067,124.6100,121.6773,3775200
2023-01-20,125.9500,128.5900,124.6700,128.5100,125.4855,3352500
2023-01-23,129.7100,135.4133,129.5033,134.9633,131.7870,5726700
2023-01-24,133.3167,135.2000,133.1333,133.9433,130.7910,2370300
2023-01-25,131.5867,134.5467,130.5767,134.3067,131.1458,3301200
2023-01-26,135.8467,136.7433,133.6000,136.5700,133.3559,3896700
2023-01-27,134.2100,136.8733,133.8633,135.7000,132.5063,4289700
2023-01-30,133.8500,134.6600,131.9900,132.0967,128.9878,4384500
2023-01-31,131.8433,134.6233,131.7167,134.5600,131.3932,3104100
2023-02-01,135.2267,143.0067,135.1067,141.5767,138.2447,7244100
2023-02-02,143.0267,146.0367,142.2133,144.8567,141.4475,7456200
2023-02-03,141.6367,145.2933,141.2767,142.0300,138.6873,5555400
2023-02-06,139.8100,141.8733,139.0967,139.7233,136.4350,2496300
2023-02-07,140.2633,144.8567,139.9100,144.1667,140.7737,3285300
2023-02-08,143.2067,144.3833,140.7367,141.0667,137.7467,3522000
2023-02-09,143.5767,145.1867,140.3800,141.4267,138.0983,3015600
2023-02-10,139.9800,140.3867,137.6633,139.1767,135.9012,2947800
2023-02-13,139.8333,141.6300,138.6133,141.2233,137.8997,2122500
2023-02-14,139.9767,144.2200,138.9267,143.7867,140.4027,3252000
2023-02-15,142.2900,144.4467,141.2400,144.3733,140.9755,2143500
2023-02-16,141.7733,143.2600,140.6033,140.8333,137.5189,3444900
2023-02-17,140.0000,140.4100,137.3833,138.6400,135.3771,3064200
2023-02-21,136.4833,138.0933,133.8900,134.1500,130.9928,2208600
2023-02-22,134.4633,135.4700,132.7000,133.5067,130.3646,2285700
2023-02-23,138.0000,138.5533,135.1900,137.8967,134.6513,4617000
2023-02-24,135.4500,136.1400,134.4100,135.4267,132.2394,2842200
2023-02-27,137.6900,137.7100,136.0933,136.1433,132.9392,2040900
2023-02-28,135.8267,138.4567,135.5333,136.6100,133.3949,1582500
2023-03-01,137.1133,138.3133,136.1067,136.6467,133.4307,1922400
2023-03-02,134.5200,138.3967,133.4767,137.7400,134.4983,3108300
2023-03-03,137.7100,140.0167,136.6733,139.8633,136.5717,2408700
2023-03-06,140.2533,141.4600,137.9067,138.2367,134.9833,2177100
2023-03-07,138.3833,138.9667,136.2300,136.7800,133.5609,1899000
2023-03-08,137.3300,140.5700,137.3300,140.4167,137.1120,2088300
2023-03-09,140.2367,142.4100,137.4167,137.6267,134.3876,3889800
2023-03-10,138.3667,138.7233,134.3267,134.9667,131.7902,3320700
2023-03-13,133.5567,136.6667,132.1600,135.0067,131.8293,3512700
2023-03-14,137.3600,139.8133,136.7067,138.9533,135.6831,2743200
2023-03-15,136.9667,137.6467,134.4300,137.3333,134.1012,3527100
2023-03-16,136.7333,143.0100,136.1367,142.6967,139.3383,3730200
2023-03-17,142.9700,144.0767,141.0400,141.8133,138.4758,2828400
2023-03-20,142.0900,143.7733,140.9167,143.3133,139.9405,2155800
2023-03-21,144.4800,146.0000,141.4667,143.5967,140.2171,2899500
2023-03-22,143.6000,147.4167,142.1333,142.1700,138.8241,3313200
2023-03-23,144.2767,147.6300,143.1333,145.6767,142.6066,4039800
2023-03-24,144.4967,144.8900,141.7000,143.1500,140.1332,3120600
2023-03-27,143.6667,144.1067,140.9733,141.4700,138.4886,1806300
2023-03-28,141.1433,141.2600,138.2700,140.4100,137.4510,2737500
2023-03-29,142.7533,145.9333,142.4867,144.9233,141.8692,3140400
2023-03-30,146.7600,148.2733,146.2667,147.3100,144.2055,2602200
2023-03-31,146.1900,148.4467,145.9533,148.2233,145.0996,2151000
2023-04-03,147.3567,147.9167,145.1267,146.9433,143.8466,1876800
2023-04-04,147.2100,147.2533,143.3967,144.2033,141.1643,2324100
2023-04-05,142.6633,142.7833,140.2067,141.7033,138.7170,3343800
2023-04-06,140.4100,142.0133,139.3233,140.9733,138.0024,1894800
2023-04-10,139.7600,143.5633,139.5367,143.4633,140.4399,1927200
2023-04-11,144.2567,144.3567,142.4367,142.7100,139.7025,1823100
2023-04-12,144.1233,144.1667,139.9633,140.1000,137.1475,2598900
2023-04-13,140.4167,142.0833,139.2933,141.2533,138.2765,3013500
2023-04-14,141.1200,142.8267,139.4967,141.0333,138.0612,1963500
2023-04-17,139.5167,141.1233,139.0967,141.0333,138.0612,2206500
2023-04-18,142.1333,143.3600,140.5700,141.6433,138.6583,2765100
2023-04-19,139.7633,140.4300,139.2367,140.0933,137.1410,1264500
2023-04-20,138.6900,142.0633,138.5500,139.9633,137.0137,2391900
2023-04-21,139.4800,139.4800,137.7133,138.9367,136.0087,2157600
2023-04-24,138.6867,139.4767,137.3800,138.3133,135.3985,2074800
2023-04-25,137.4867,137.5000,133.5800,133.6667,130.8497,2482500
2023-04-26,135.0567,135.7567,133.6933,134.3800,131.5480,1926300
2023-04-27,134.2067,135.1167,131.5300,134.9467,132.1028,3116700
2023-04-28,135.5733,137.4133,134.9733,137.3800,134.4848,2359200
2023-05-01,137.9300,139.0267,137.5700,138.6233,135.7019,1803900
2023-05-02,138.6767,139.4667,136.2900,137.6333,134.7328,2115600
2023-05-03,136.8600,138.5100,135.9533,136.0533,133.1861,2525400
2023-05-04,134.9767,136.4533,134.0767,135.2900,132.4389,2102700
2023-05-05,135.4567,138.8800,134.7733,138.3000,135.3854,1619400
2023-05-08,138.1467,138.9800,137.0000,138.8833,135.9564,1365300
2023-05-09,136.9100,137.0933,135.9633,136.5200,133.6429,2348400
2023-05-10,138.0533,138.8867,136.5767,137.9100,135.0036,2766600
2023-05-11,137.9500,138.2467,135.7067,137.0067,134.1193,1854600
2023-05-12,137.4967,138.0667,135.5900,136.8800,133.9953,1383300
2023-05-15,137.2700,140.6233,136.8667,140.5967,137.6337,1799100
2023-05-16,140.1400,141.9300,140.1400,140.3333,137.3759,2047500
2023-05-17,141.6167,144.3533,140.7300,143.8000,140.7695,1986000
2023-05-18,144.4400,148.7033,144.3333,148.3433,145.2171,3429300
2023-05-19,147.9100,148.2467,146.6567,147.5800,144.4699,2877600
2023-05-22,146.2500,148.4800,146.1867,148.0900,144.9691,2299800
2023-05-23,147.0967,148.0667,145.9367,146.2600,143.1776,1553100
2023-05-24,143.3167,144.2433,142.1267,143.6433,140.6162,4341000
2023-05-25,150.2467,153.8000,148.6167,153.2100,149.9812,12973800
2023-05-26,155.5467,164.0633,155.4933,163.2233,159.7835,8010900
2023-05-30,167.0000,167.6733,162.4233,163.0867,159.6497,7862700
2023-05-31,160.3300,162.5367,158.8267,158.9000,155.5513,5358600
2023-06-01,159.8700,163.0133,158.2333,161.6333,158.2270,7343700
2023-06-02,162.8667,163.3333,160.0800,161.2533,157.8550,3318900
2023-06-05,160.6633,160.7533,157.9433,158.7567,155.4110,2710800
2023-06-06,157.6367,161.4533,157.3967,160.6733,157.2872,3235500
2023-06-07,161.5167,163.7900,159.8567,160.2200,157.0556,3906300
2023-06-08,160.6900,162.2600,159.8633,161.8600,158.6632,2724900
2023-06-09,163.6933,164.8033,161.5233,162.2867,159.0814,2519400
2023-06-12,164.1900,167.6733,163.9900,167.5133,164.2049,2638500
2023-06-13,170.2067,170.8567,167.8267,169.7567,166.4039,4164300
2023-06-14,169.1233,172.2500,168.1367,172.1667,168.7663,8500500
2023-06-15,170.1833,172.0033,169.5200,170.7433,167.3711,6561300
2023-06-16,172.4633,172.4800,168.9233,169.1667,165.8255,4956300
2023-06-20,168.3900,169.8700,166.3200,167.7967,164.4826,2024400
2023-06-21,166.7433,167.5767,163.5167,163.7067,160.4734,4128300
2023-06-22,162.5933,165.1533,162.3700,164.4700,161.2216,3656400
2023-06-23,161.8200,162.6000,160.8367,161.5733,158.3822,2057400
2023-06-26,162.7067,165.2033,162.0900,162.0967,158.8952,2434800
2023-06-27,162.6667,168.0433,162.0500,167.7600,164.4467,2763600
2023-06-28,165.0533,167.8767,164.8733,166.4667,163.1789,2912400
2023-06-29,167.1433,167.2600,165.1333,166.5133,163.2246,1674600
2023-06-30,168.3467,169.7633,167.7467,169.0867,165.7471,1618200
2023-07-03,169.8633,171.0000,168.7167,170.5900,167.2208,809400
2023-07-05,169.4500,169.8000,166.7667,166.8200,163.5252,2821800
2023-07-06,163.9867,164.9933,162.6400,164.7167,161.4634,3454200
2023-07-07,165.0267,167.4067,164.5200,164.7867,161.5321,1824300
2023-07-10,165.3033,168.3633,165.1367,168.2167,164.8943,1833600
2023-07-11,168.8000,169.1067,165.7967,168.2233,164.9008,2370300
2023-07-12,170.6567,171.6667,169.6933,171.3567,167.9723,4269300
2023-07-13,173.1733,175.2933,172.5067,174.8967,171.4424,2791200
2023-07-14,174.9167,176.4833,171.9967,172.7100,169.2989,5124900
2023-07-17,172.7733,177.7167,171.7100,176.8433,173.3506,2926200
2023-07-18,176.0833,177.7533,174.7033,177.1700,173.6708,2669400
2023-07-19,177.4000,177.5267,174.6300,175.0667,171.6090,2483400
2023-07-20,171.9433,172.5400,167.9333,168.7000,165.3681,5085600
2023-07-21,170.5367,171.8133,169.2700,170.2233,166.8613,2527800
2023-07-24,170.2200,171.4267,169.3333,170.2167,166.8548,1544400
2023-07-25,171.2000,174.1100,171.2000,173.0800,169.6616,1869300
2023-07-26,170.9200,172.1333,168.8233,170.6900,167.3188,2618700
2023-07-27,175.1300,177.5367,172.9267,173.9000,170.4654,3826500
2023-07-28,177.2133,178.3000,175.4800,177.6967,174.1871,2821500
2023-07-31,178.3467,178.9600,177.3300,178.4333,174.9092,1628400
2023-08-01,176.8000,178.9233,176.2533,178.5467,175.0203,1343400
2023-08-02,176.2800,176.3267,170.6900,171.7133,168.3219,4657800
2023-08-03,169.6567,172.5100,169.0233,171.2733,167.8906,4354800
2023-08-04,170.6533,173.3800,169.1200,171.0033,167.6259,4139400
2023-08-07,172.2333,173.0233,171.1867,172.8033,169.3904,2262900
2023-08-08,170.1033,170.2467,167.7733,170.0533,166.6947,2767500
2023-08-09,169.9367,170.0033,166.5967,166.9333,163.6363,3228000
2023-08-10,168.2667,170.0533,165.1300,166.2600,162.9763,3831600
2023-08-11,164.2200,164.3333,161.9367,162.2300,159.0259,3882000
2023-08-14,161.6067,166.9500,161.0500,166.9100,163.6134,3127200
2023-08-15,166.0467,166.5800,163.9333,164.1233,160.8818,2276700
2023-08-16,163.9467,164.1100,160.8200,160.9467,157.7679,2840100
2023-08-17,161.2467,161.6100,158.8700,159.3733,156.2256,2624400
2023-08-18,157.6367,160.8033,157.3067,160.2300,157.0654,2315700
2023-08-21,160.9867,165.0767,160.7300,164.8333,161.5778,2757900
2023-08-22,166.8500,167.0533,162.8233,163.3800,160.1532,2055300
2023-08-23,162.4367,167.3067,162.2533,166.7200,163.4272,3027300
2023-08-24,169.8667,169.9567,160.8433,161.2100,158.0260,4848600
2023-08-25,161.1700,163.2900,158.6667,161.9033,158.7057,3435900
2023-08-28,163.4967,164.4067,162.2833,163.9533,160.7152,1689300
2023-08-29,163.1333,168.8133,162.8967,168.2600,164.9368,2730000
2023-08-30,167.7567,169.7467,166.5567,169.0533,165.7145,3073800
2023-08-31,168.4433,171.2033,168.4433,170.2233,166.8613,2109000
2023-09-01,171.3600,171.7500,169.4333,170.6667,167.2959,1891200
2023-09-05,170.0633,171.9467,169.1500,170.6100,167.2404,1871100
2023-09-06,170.1333,171.2600,167.4733,169.3767,166.0314,2008200
2023-09-07,165.4900,165.9733,163.4133,165.5000,162.2313,3877500
2023-09-08,165.1500,166.3500,163.9567,164.6433,161.3916,1333800
2023-09-11,166.7100,166.7400,162.3300,164.5500,161.3001,1422900
2023-09-12,163.4633,165.9367,163.0367,163.1533,159.9310,1720500
2023-09-13,163.1067,165.6467,162.9333,163.9900,160.7511,2927700
2023-09-14,165.5800,165.8567,163.6000,165.1633,161.9013,2022000
2023-09-15,164.1833,164.1833,159.5833,160.3967,157.2288,2901000
2023-09-18,159.1667,161.5333,158.8433,160.9433,157.7647,1722600
2023-09-19,160.4633,160.5500,158.7367,159.5867,156.4348,1553700
2023-09-20,160.3133,160.9867,156.9133,156.9667,153.8665,2122800
2023-09-21,155.0933,156.0800,154.0000,154.0700,151.0271,2532900
2023-09-22,155.5367,156.9033,154.7433,155.3533,152.2850,2395500
2023-09-25,154.6267,156.6333,153.9100,156.4900,153.3993,1587600
2023-09-26,154.6667,155.0600,152.4233,153.1033,150.6140,2349000
2023-09-27,154.3567,155.6167,152.1567,154.4533,151.9420,2727300
2023-09-28,154.1333,158.9733,153.4967,157.3133,154.7555,3674400
2023-09-29,159.5900,160.1667,157.3967,157.8833,155.3163,2802600
2023-10-02,158.2267,159.9300,156.7567,158.6800,156.0999,2466600
2023-10-03,157.2033,159.4100,154.3000,155.3967,152.8700,2685900
2023-10-04,156.1533,157.9333,155.0133,157.4600,154.8998,3280200
2023-10-05,157.5000,158.1067,155.2500,156.6967,154.1489,1902300
2023-10-06,155.8900,160.8433,154.8600,160.0633,157.4608,3818700
2023-10-09,158.3867,160.1133,157.1700,159.6633,157.0673,2082000
2023-10-10,160.1600,163.1500,159.5000,161.7100,159.0807,1863300
2023-10-11,162.2633,163.2567,160.9900,162.9267,160.2776,2983200
2023-10-12,163.1967,165.6867,161.7700,163.3433,160.6875,3051600
2023-10-13,163.6700,163.8600,158.5900,158.8967,156.3131,2544900
2023-10-16,159.4333,161.7433,159.2767,161.1467,158.5266,1732500
2023-10-17,157.9300,161.1100,156.1100,159.9700,157.3690,2450100
2023-10-18,157.2367,158.4333,156.2567,157.0867,154.5325,2865900
2023-10-19,158.5167,158.9433,154.1100,154.6667,152.1519,4398300
2023-10-20,154.6567,155.7467,152.1533,152.4300,149.9516,3013200
2023-10-23,151.5267,154.1733,149.9167,151.5633,149.0990,2846100
2023-10-24,152.4867,153.9200,151.7700,153.6200,151.1222,2233500
2023-10-25,151.5900,152.1000,146.6367,147.4100,145.0132,3244200
2023-10-26,148.0633,149.7967,145.8700,146.5333,144.1508,4508100
2023-10-27,148.6133,149.5100,147.4333,148.1100,145.7018,2436900
2023-10-30,147.0533,147.9967,144.5400,146.1267,143.7507,2743200
2023-10-31,146.2533,147.8433,144.4033,147.4633,145.0657,1911600
2023-11-01,147.4800,151.0700,147.4800,150.9333,148.4793,3542100
2023-11-02,153.9300,155.4667,152.3533,154.3633,151.8534,2726700
2023-11-03,156.0733,159.5700,155.7833,158.4200,155.8442,2326800
2023-11-06,158.6767,159.1167,156.6300,158.1267,155.5556,1740000
2023-11-07,157.7800,159.8300,157.5367,159.1333,156.5459,1556400
2023-11-08,159.2833,160.0400,158.1933,159.2933,156.7033,2233800
2023-11-09,160.3333,162.2400,158.2100,158.5300,155.9524,2383200
2023-11-10,160.5167,165.4367,159.8533,164.9233,162.2418,2229000
2023-11-13,163.6267,163.8767,162.2533,163.3167,160.6612,1956000
2023-11-14,167.4467,169.8600,167.1567,169.3567,166.6030,2765100
2023-11-15,170.4100,171.8600,169.3000,170.5867,167.8130,5104800
2023-11-16,169.8700,171.1767,169.2967,170.6700,167.8950,2275500
2023-11-17,170.1400,172.2033,169.8600,171.8700,169.0755,1815300
2023-11-20,171.6833,175.0000,171.6267,174.4033,171.5676,1482000
2023-11-21,172.9733,172.9733,170.2633,171.1433,168.3606,3018600
2023-11-22,172.2867,174.4033,171.2100,171.6900,168.8984,2044200
2023-11-24,171.6800,172.0067,171.0767,171.8133,169.0197,516600
2023-11-27,171.1767,173.0300,170.7500,171.5733,168.7837,1816800
2023-11-28,170.5900,171.4733,169.2000,170.5700,167.7966,1852200
2023-11-29,172.9867,175.0100,172.1300,172.4200,169.6165,3665700
2023-11-30,172.6900,172.8633,169.8367,171.2167,168.4328,2419500
2023-12-01,170.3300,172.3400,169.0000,172.0200,169.2230,1719600
2023-12-04,170.2667,170.4400,167.6400,170.0933,167.3277,1810500
2023-12-05,168.4633,169.5767,167.7233,169.1267,166.3768,2568300
2023-12-06,171.5833,171.6800,167.8867,168.0833,165.3504,2683500
2023-12-07,169.6667,173.1233,168.9900,172.5900,169.7838,1916700
2023-12-08,172.1833,174.7133,172.1100,173.9533,171.1250,4207200
2023-12-11,175.5833,180.4467,175.3967,179.8867,176.9619,3977100
2023-12-12,178.9800,181.2100,178.6633,181.1833,178.2374,2226600
2023-12-13,181.2100,185.0233,180.5367,183.9733,180.9820,5724900
2023-12-14,185.4600,189.6067,185.4600,189.0733,185.9991,3372300
2023-12-15,189.6267,191.9100,189.3667,189.7767,186.6910,3956100
2023-12-18,189.7733,190.0867,187.5267,189.2500,186.1729,2272200
2023-12-19,189.5200,190.6433,189.2800,190.2600,187.1665,1910100
2023-12-20,188.4667,189.5633,184.2567,184.2567,181.6181,3355800
2023-12-21,188.2400,189.7033,187.3633,189.3567,186.6451,2589300
2023-12-22,190.2600,191.1000,188.6100,189.9633,187.2430,2363400
2023-12-26,190.8333,194.0867,190.8333,193.3200,190.5516,1906500
2023-12-27,194.2033,194.5333,192.7467,193.8167,191.0412,1877400
2023-12-28,194.2667,194.6367,193.2000,193.4533,190.6830,1053000
2023-12-29,193.4933,193.8800,191.0000,192.0333,189.2834,1452300
2024-01-02,188.7833,188.7833,183.5433,185.1167,182.4658,3256800
2024-01-03,181.8433,182.8733,180.4233,181.1400,178.5460,4069800
2024-01-04,178.2800,181.4433,177.8800,179.6167,177.0445,3737100
2024-01-05,179.9533,182.2000,179.3867,180.6133,178.0269,3888900
2024-01-08,181.8567,186.9833,181.8067,186.4967,183.8260,3202200
2024-01-09,184.3933,187.9933,184.1167,186.5600,183.8884,2944200
2024-01-10,186.9833,187.0233,183.5833,185.9333,183.2707,2821800
2024-01-11,186.1967,187.8333,182.9733,186.6200,183.9476,3692100
2024-01-12,186.8700,187.7767,184.8967,185.7967,183.1360,2277000
2024-01-16,186.0267,189.7033,185.0700,188.4300,185.7316,4151400
2024-01-17,186.5067,186.9233,183.5367,186.7033,184.0297,4971000
2024-01-18,191.8867,193.1200,189.8100,192.8667,190.1048,3552000
2024-01-19,195.2967,200.6700,194.3033,200.4100,197.5401,5326800
2024-01-22,202.0700,203.6933,199.2233,201.0667,198.1874,5288400
2024-01-23,201.1400,202.6400,199.2300,202.4000,199.5016,3282000
2024-01-24,204.7367,208.0767,203.1333,205.3467,202.4061,6283800
2024-01-25,209.1267,209.2633,203.7433,204.7767,201.8443,3916800
2024-01-26,200.5867,201.9500,198.5667,199.2567,196.4033,5781300
2024-01-29,199.6500,201.3300,198.1900,201.3300,198.4469,3467400
2024-01-30,200.1267,201.3533,197.3933,198.2200,195.3815,3059100
2024-01-31,195.1400,198.9233,193.6067,195.3500,192.5526,6573600
2024-02-01,196.1400,196.8033,193.7467,196.3167,193.5054,3464100
2024-02-02,196.3100,199.2833,195.7767,198.8233,195.9761,4801200
2024-02-05,200.5200,202.5433,198.3100,201.5400,198.6539,4735200
2024-02-06,202.1100,202.2667,196.9533,199.1900,196.3376,3624000
2024-02-07,200.6000,202.4267,198.5133,202.2367,199.3406,4839300
2024-02-08,202.8733,207.2000,202.7967,205.7133,202.7675,2760900
2024-02-09,206.9667,210.1433,205.7500,209.8100,206.8055,3518700
2024-02-12,209.8333,213.3067,208.5867,209.4300,206.4309,4299900
2024-02-13,203.3567,207.3467,202.3667,205.1267,202.1892,6551400
2024-02-14,207.7567,209.8667,206.8533,209.7600,206.7562,3236400
2024-02-15,211.1233,211.3800,208.6300,209.5600,206.5591,2845500
2024-02-16,211.1333,212.7500,207.7567,208.3733,205.3894,4103100
2024-02-20,206.4200,207.1600,201.7100,204.8667,201.9330,5547600
2024-02-21,202.5500,204.4467,201.4800,204.3967,201.4697,4471500
2024-02-22,212.4433,215.6267,211.5033,214.4700,211.3988,6676500
2024-02-23,215.5500,216.6600,211.0267,212.1567,209.1185,5105100
2024-02-26,214.2967,215.2067,212.7600,214.2500,211.1819,3759000
2024-02-27,215.2833,215.8333,213.4833,214.0367,210.9717,4560900
2024-02-28,211.6667,212.7600,210.6367,211.6300,208.5994,2923800
2024-02-29,214.2533,217.8000,213.5833,217.3633,214.2507,3382800
2024-03-01,219.8767,227.5900,219.6267,226.6133,223.3682,6123000
2024-03-04,229.1267,231.3433,227.5767,228.8400,225.5630,7328400
2024-03-05,226.0733,227.6433,221.8933,224.3533,221.1406,7260000
2024-03-06,229.0267,232.2833,227.3133,229.8667,226.5749,5531700
2024-03-07,232.7900,238.7100,232.6500,237.7500,234.3454,4799600
2024-03-08,238.5500,240.0100,227.9700,228.1300,224.8631,10483000
2024-03-11,225.5000,226.7900,222.5200,225.1000,221.8766,4499800
2024-03-12,227.9800,229.8900,223.9900,229.7700,226.4797,3598400
2024-03-13,227.0500,227.3700,222.8100,224.1700,220.9598,3264600
2024-03-14,223.5700,224.8400,218.1200,220.3400,217.1847,4662100
2024-03-15,217.4000,221.3700,217.1000,218.7600,215.6273,4105300
2024-03-18,222.5000,223.3400,218.3700,218.5900,215.4597,3143300
2024-03-19,215.7500,217.6900,212.6500,216.7600,213.6560,3558700
2024-03-20,217.2800,221.0300,215.5300,220.4500,217.2931,3386600
2024-03-21,227.3700,229.2800,224.7600,225.1800,222.1821,4059800
2024-03-22,224.1600,227.1000,223.4500,225.4500,222.4486,2658900
2024-03-25,222.2500,226.6100,221.7100,224.5700,221.5803,2283500
2024-03-26,226.1900,226.8800,222.8300,222.8800,219.9128,4414200
2024-03-27,225.3900,225.7600,221.4000,225.6800,222.6755,4161700
2024-03-28,225.4200,227.0000,224.9100,225.9200,222.9123,1794300
2024-04-01,226.0600,231.4500,226.0600,228.3000,225.2606,3000900
2024-04-02,224.5400,225.2600,222.4000,224.7800,221.7875,2383500
2024-04-03,222.1700,226.9900,222.1400,225.4100,222.4091,1860600
2024-04-04,228.5100,229.1700,218.5600,219.0300,216.1140,3744000
2024-04-05,220.0000,223.0000,218.5800,221.6300,218.6794,2428300
2024-04-08,222.9400,224.1100,221.3100,222.2000,219.2418,1866900
2024-04-09,224.4400,225.3000,220.7600,224.5900,221.6000,3170100
2024-04-10,220.8400,223.4300,219.2300,220.4900,217.5546,3610500
2024-04-11,221.8800,225.8700,220.0600,225.4700,222.4683,2455300
2024-04-12,221.4900,221.7600,217.6400,218.0700,215.1668,3210400
2024-04-15,221.0500,221.8600,214.2400,215.3100,212.4436,3170800
2024-04-16,215.4000,218.0000,214.5100,216.9400,214.0519,2452300
2024-04-17,217.1000,217.4400,209.9000,210.3600,207.5594,4798600
2024-04-18,208.8600,210.2300,205.9700,206.6300,203.8791,5372700
2024-04-19,204.8000,206.1200,197.4300,198.3900,195.7488,6406600
2024-04-22,200.4400,203.1100,198.0200,201.6600,198.9753,4493800
2024-04-23,203.0500,206.8600,202.5000,205.8700,203.1292,3645400
2024-04-24,211.3800,212.5000,206.7400,208.5400,205.7637,4077600
2024-04-25,208.0400,213.8300,206.9300,212.4100,209.5822,3902900
2024-04-26,212.1500,217.8200,211.6600,216.9000,214.0124,3812600
2024-04-29,216.5200,218.7600,214.9700,218.5500,215.6404,3247300
2024-04-30,217.6000,220.0000,213.9300,213.9900,211.1411,3583500
2024-05-01,210.0100,213.8400,205.5900,206.7600,204.0074,7023200
2024-05-02,210.3000,212.1600,206.5200,211.4100,208.5955,3955500
2024-05-03,215.8500,217.4100,214.4800,216.1700,213.2921,3467100
2024-05-06,218.0100,220.6800,217.1600,220.6600,217.7224,2441500
2024-05-07,220.9800,221.5700,218.7100,218.7100,215.7983,2859500
2024-05-08,216.6000,219.1300,216.3700,218.9200,216.0055,3212000
2024-05-09,218.9300,219.3400,217.0600,218.1000,215.1964,1874300
2024-05-10,220.4900,222.4200,219.2700,220.2400,217.3079,3079200
2024-05-13,221.2000,222.0800,220.3300,220.7000,217.7618,1843200
2024-05-14,220.5300,224.5600,220.3200,224.3700,221.3829,2149400
2024-05-15,226.7500,230.8200,225.5000,230.6700,227.5991,3106200
2024-05-16,230.6200,232.4400,229.4600,229.5400,226.4841,2878400
2024-05-17,231.0000,231.4000,226.4200,228.2400,225.2014,1806100
2024-05-20,229.2700,234.7200,228.8500,233.2600,230.1546,2555300
2024-05-21,230.1800,232.8900,230.0700,232.5100,229.4146,2178700
2024-05-22,234.6700,235.8500,232.8100,235.2400,232.1082,3488500
2024-05-23,240.8300,240.9200,232.1600,233.9200,230.8058,4704800
2024-05-24,236.0400,239.3500,235.0000,238.5600,235.3840,2450100
2024-05-28,241.3500,243.6300,238.8500,242.5900,239.3604,2824200
2024-05-29,238.1300,239.1800,237.2600,237.5800,234.4171,2061100
2024-05-30,237.6500,238.3300,234.6900,235.9300,232.7890,1536800
2024-05-31,236.7800,237.3600,227.5000,234.0100,230.8946,2991000
2024-06-03,237.8000,237.9500,230.2000,234.3900,231.2695,1815900
2024-06-04,234.0000,234.3600,230.7900,232.5600,229.4639,2246900
2024-06-05,236.7000,242.8900,235.8600,242.7300,239.4985,3749400
2024-06-06,242.9700,242.9700,238.9400,240.7400,237.5350,2261300
2024-06-07,240.8400,241.5500,238.3500,240.0200,236.8246,2052600
2024-06-10,238.1600,244.1700,237.8300,243.4800,240.2385,1824300
2024-06-11,241.9000,243.7100,239.5000,243.3700,240.4361,1662100
2024-06-12,247.7000,251.1600,247.1700,250.2300,247.2134,3101600
2024-06-13,252.0600,254.0800,249.5100,252.9500,249.9006,3469400
2024-06-14,250.8000,252.7800,249.7300,252.0400,249.0016,2567600
2024-06-17,253.7300,256.5000,250.6200,256.0200,252.9336,3057900
2024-06-18,257.0000,260.6500,256.4900,259.2800,256.1543,3071500
2024-06-20,259.6600,260.1200,250.8200,252.2400,249.1992,3921500
2024-06-21,250.1400,252.6900,246.9400,249.7800,246.7688,3156800
2024-06-24,247.5300,249.0400,242.5200,242.6500,239.7248,3958300
2024-06-25,244.6000,246.5200,241.7900,246.3800,243.4098,2551800
2024-06-26,246.2100,247.6600,242.7100,245.4200,242.4614,1933800
2024-06-27,244.9400,246.7500,242.7000,244.1600,241.2166,2363600
2024-06-28,245.8500,251.4600,244.6700,246.6300,243.6568,3851300
2024-07-01,246.4900,246.9100,241.9700,246.6200,243.6469,2330400
2024-07-02,245.2000,250.1700,245.0000,250.0900,247.0751,1617400
2024-07-03,250.7200,255.5800,249.3800,254.2600,251.1948,1392200
2024-07-05,256.2800,256.8300,253.2800,254.7600,251.6888,1823900
2024-07-08,256.7100,259.9000,256.6900,259.5900,256.4606,2295500
2024-07-09,260.7500,262.0800,257.1300,259.4700,256.3420,2374700
2024-07-10,261.8700,266.0000,260.5800,265.4900,262.2894,3075800
2024-07-11,267.1500,267.2400,255.9700,256.7600,253.6647,4689600
2024-07-12,257.8400,264.4200,256.5600,259.8900,256.7570,2929500
2024-07-15,261.3500,263.6300,258.5900,260.1800,257.0435,3202200
2024-07-16,261.5300,262.1400,257.5900,261.7900,258.6341,2595100
2024-07-17,252.7500,253.6600,242.7800,243.1700,240.2385,9101600
2024-07-18,247.4100,247.5200,239.6500,243.9000,240.9597,5274000
2024-07-19,243.5600,243.7000,236.0400,236.4400,233.5897,4983500
2024-07-22,241.5200,246.4400,239.5000,246.2400,243.2715,4941700
2024-07-23,242.8900,245.0800,241.8400,242.5700,239.6458,2418700
2024-07-24,239.2600,239.8900,229.3500,229.6700,226.9013,5738900
2024-07-25,227.7100,232.0600,220.6300,224.5500,221.8430,8437600
2024-07-26,229.6700,231.2100,226.9100,229.3700,226.6049,3805500
2024-07-29,231.6000,234.8300,228.0300,228.8900,226.1307,2926800
2024-07-30,230.0000,230.5600,219.8200,220.5800,217.9209,8083500
2024-07-31,230.7200,235.6000,228.9700,235.3800,232.5424,7494100
2024-08-01,231.4000,233.2100,215.5900,218.4200,215.7869,8576300
2024-08-02,209.0600,211.4500,204.2100,206.8100,204.3168,13105400
2024-08-05,193.0900,208.6800,192.8700,203.1600,200.7109,9247100
2024-08-06,205.0600,210.4800,201.7400,205.0000,202.5287,6602300
2024-08-07,211.5000,213.1800,198.8500,199.2900,196.8875,5292500
2024-08-08,205.4700,213.2600,201.2400,213.0400,210.4717,6243200
2024-08-09,211.4900,213.6800,208.7500,211.7800,209.2269,3454500
2024-08-12,212.1000,215.5500,210.3000,213.0000,210.4323,4365200
2024-08-13,215.9900,221.9800,214.6700,221.6500,218.9779,4525400
2024-08-14,223.6500,224.5400,217.4900,221.0900,218.4247,3769900
2024-08-15,226.0700,232.6200,225.0400,231.7200,228.9266,4332100
2024-08-16,229.5900,232.2200,228.0300,231.2300,228.4425,3966100
2024-08-19,230.3300,235.2000,227.6600,235.1600,232.3251,2197800
2024-08-20,233.9500,235.5500,230.2700,232.0500,229.2526,2587700
2024-08-21,233.2100,236.5100,232.6400,235.3400,232.5029,1832200
2024-08-22,236.7000,237.5000,226.6200,227.3000,224.5598,2969600
2024-08-23,230.9200,235.0000,229.7000,233.3900,230.5764,3452900
2024-08-26,232.4700,233.2100,226.7000,227.5300,224.7871,2148200
2024-08-27,225.8800,230.8100,223.8100,230.0500,227.2767,2024700
2024-08-28,229.0900,230.7000,223.6200,225.9000,223.1767,3480000
2024-08-29,227.1000,231.0200,224.2100,225.2500,222.5345,4084600
2024-08-30,230.5600,231.7500,227.2800,231.1400,228.3535,3249700
2024-09-03,226.8000,226.8300,212.2800,213.5000,210.9262,7214300
2024-09-04,211.1100,217.4900,210.5200,214.2000,211.6178,4435800
2024-09-05,211.2000,216.3800,210.8600,213.0500,210.4817,3988300
2024-09-06,211.4500,211.6100,202.8600,203.9300,201.4716,5596300
2024-09-09,207.2400,208.6800,204.5600,207.9600,205.4530,4078600
2024-09-10,208.3400,210.3800,204.9600,210.1500,207.6166,2390600
2024-09-11,211.5900,220.3400,207.1700,219.9100,217.2589,6521400
2024-09-12,218.7000,220.9700,215.6300,218.9400,216.3006,4739100
2024-09-13,220.8500,223.4500,220.3200,222.8500,220.1635,5268000
2024-09-16,219.6700,221.0000,217.0400,219.8800,217.2293,2469800
2024-09-17,222.6500,223.1700,218.2300,220.1500,217.4960,2304100
2024-09-18,221.1800,224.2100,217.5000,217.7200,215.0953,4671900
2024-09-19,225.9700,230.0600,224.1600,226.9900,224.2536,4624700
2024-09-20,224.7100,225.5700,220.4400,223.6700,220.9736,4550800
2024-09-23,224.7500,225.5500,222.9500,224.5400,221.8331,2454200
2024-09-24,226.5500,228.6300,223.9700,227.2600,224.5203,4314700
2024-09-25,225.9800,229.7700,225.8500,228.2700,226.0673,2191200
2024-09-26,237.7200,238.3800,230.2900,236.4300,234.1485,5537400
2024-09-27,237.1500,237.1800,231.4700,232.6800,230.4347,2303600
2024-09-30,229.7900,232.1100,227.3000,230.5900,228.3649,2693300
2024-10-01,230.5000,231.2000,222.3300,224.1300,221.9672,3926500
2024-10-02,224.5700,229.6500,223.2600,227.1500,224.9581,1762100
2024-10-03,225.3600,230.8300,225.2100,227.9600,225.7603,2110700
2024-10-04,232.4900,232.8800,228.3900,231.0800,228.8501,2685000
2024-10-07,229.6000,232.2600,228.7800,230.4500,228.2262,2006800
2024-10-08,230.4500,233.5400,228.9400,232.7200,230.4743,2508500
2024-10-09,232.4900,235.4800,230.8800,235.1500,232.8809,2019100
2024-10-10,231.9900,234.7900,230.6500,233.5000,231.2468,1886400
2024-10-11,231.7900,236.1900,231.6700,235.4600,233.1879,4572900
2024-10-14,236.9600,240.2900,236.8100,239.8000,237.4860,2142500
2024-10-15,239.2400,240.4700,225.7200,227.3600,225.1660,6421200
2024-10-16,230.1200,230.1200,226.4100,227.3600,225.1660,3776600
2024-10-17,233.3000,233.8700,229.1500,229.1500,226.9388,2407800
2024-10-18,231.3000,231.3100,228.4200,229.3600,227.1467,1643700
2024-10-21,228.4400,229.5400,225.9800,228.9300,226.7209,2034300
2024-10-22,227.6800,228.8100,226.2800,228.0800,225.8791,2476400
2024-10-23,227.6500,228.5100,222.8700,226.0400,223.8588,2260000
2024-10-24,228.0700,228.2100,225.5800,227.3000,225.1066,2247900
2024-10-25,229.4500,233.0700,229.3700,229.5800,227.3646,2209600
2024-10-28,229.5000,231.3100,228.3700,229.7200,227.5033,1508500
2024-10-29,229.9200,236.4600,228.8600,235.3700,233.0987,3135000
2024-10-30,229.2900,230.7400,226.9800,227.0700,224.8788,4324400
2024-10-31,224.9000,224.9900,216.5600,218.2600,216.1538,6120800
2024-11-01,220.0200,222.7600,219.3100,220.5800,218.4515,2130100
2024-11-04,219.9300,222.4600,218.5000,219.3100,217.1937,1727700
2024-11-05,219.4100,222.0700,219.1400,221.8700,219.7290,2273700
2024-11-06,226.3600,229.1700,224.3100,228.3400,226.1366,3644000
2024-11-07,231.8300,233.4100,231.3200,233.1000,230.8507,3154600
2024-11-08,231.8300,233.1900,230.1400,231.3600,229.1274,1769200
2024-11-11,229.1800,229.1800,222.7800,225.5700,223.3933,4250400
2024-11-12,224.7800,225.1500,220.1500,223.1100,220.9570,3259700
2024-11-13,221.5000,222.1300,217.9700,218.3700,216.2628,3057500
2024-11-14,220.5000,221.3700,217.8400,218.2400,216.1340,2523600
2024-11-15,214.5700,215.6700,210.5900,211.2100,209.1719,4748200
2024-11-18,211.1500,214.3300,210.2400,213.9400,211.8755,2422300
2024-11-19,213.3300,214.8100,212.4700,214.3500,212.2816,2363400
2024-11-20,213.0700,213.6800,209.6500,212.7100,210.6574,3995000
2024-11-21,215.0500,217.2600,210.9000,216.0800,213.9949,4245400
2024-11-22,215.6200,216.7000,214.5600,216.1700,214.0840,2672600
2024-11-25,218.9700,220.3000,216.8800,218.2800,216.1737,2787700
2024-11-26,220.0000,220.5900,213.7700,215.4500,213.3710,2783900
2024-11-27,214.2500,214.4100,208.8900,212.5600,210.5089,3122300
2024-11-29,214.1200,218.0200,214.0800,215.4000,213.3214,2505300
2024-12-02,216.7000,222.4700,216.5200,221.0600,218.9268,3707000
2024-12-03,219.6500,221.0600,219.0200,219.8100,217.6889,1914900
2024-12-04,224.1500,224.3200,221.1400,222.7200,220.5708,2681200
2024-12-05,222.3300,222.6600,217.8900,218.5100,216.4014,2422000
2024-12-06,218.6000,220.3800,218.0000,219.8300,217.7087,1822900
2024-12-09,218.5000,221.5400,217.3800,218.7700,216.6590,1574800
2024-12-10,219.4300,219.5800,212.1900,213.5700,211.5091,2566600
2024-12-11,216.7300,220.2300,215.4000,218.9400,216.8273,3233900
2024-12-12,217.3900,218.1800,215.4600,217.2400,215.1437,2680200
2024-12-13,222.3000,224.6600,220.0100,223.3000,221.1452,3720600
2024-12-16,224.0100,228.5800,222.3900,227.4400,225.2453,4774000
2024-12-17,224.8400,226.1800,222.5600,223.8700,222.0592,2397300
2024-12-18,225.3500,227.1600,213.9500,215.5900,213.8462,4426000
2024-12-19,216.0900,216.5600,211.4500,211.9700,210.2555,3255700
2024-12-20,210.8100,217.7800,210.3000,214.8200,213.0825,4681100
2024-12-23,216.4700,221.6000,216.4700,221.3200,219.5299,3044300
2024-12-24,222.7800,223.6800,221.3500,223.6000,221.7914,1252300
2024-12-26,221.9800,224.9500,221.6900,223.5300,221.7220,1303500
2024-12-27,222.1900,222.7200,218.8500,221.6400,219.8473,1933000
2024-12-30,217.8400,219.3100,215.6700,217.2800,215.5226,2566900
2024-12-31,217.9300,218.8200,214.6400,215.4900,213.7470,1354500
2025-01-02,217.6800,220.2200,214.9600,216.8200,215.0663,2409100
2025-01-03,218.2500,223.0400,217.9600,222.4700,220.6706,2623200
2025-01-06,227.2600,231.8000,227.2600,228.9100,227.0585,4176500
2025-01-07,231.7000,231.8900,224.5600,225.7900,223.9637,3694800
2025-01-08,225.0500,225.4600,221.1100,223.5400,221.7319,3141400
2025-01-10,220.7400,220.8800,216.7800,218.2000,216.4351,4038000
2025-01-13,213.8500,217.8400,213.6600,217.5300,215.7705,2310000
2025-01-14,219.3500,220.7500,216.1200,218.9600,217.1890,1492800
2025-01-15,222.4800,224.6500,221.6700,223.2100,221.4046,2900200
2025-01-16,227.2500,227.7900,223.5300,223.5400,221.7319,3029500
2025-01-17,228.5800,230.3200,227.3600,229.7400,227.8818,3785500
2025-01-21,231.8100,234.5800,229.8000,232.4500,230.5698,3201500
2025-01-22,234.8300,238.3400,234.3200,235.8100,233.9027,3461100
2025-01-23,232.0300,235.3800,231.1800,235.3700,233.4662,2567100
2025-01-24,235.4800,235.4800,229.7100,230.6400,228.7745,2229900
2025-01-27,219.0000,219.6100,209.7400,212.5500,210.8308,16943600
2025-01-28,213.6200,214.7700,208.9800,213.5000,211.7731,9118300
2025-01-29,215.5600,216.1800,212.1500,214.3800,212.6460,2430800
2025-01-30,217.0100,219.9900,215.7600,218.7400,216.9707,4653800
2025-01-31,219.9900,224.2900,217.4700,218.1300,216.3657,3867800
2025-02-03,212.3900,216.8500,210.9600,214.2000,212.4674,3646800
2025-02-04,213.7200,217.2700,213.4300,216.4000,214.6497,3742300
2025-02-05,215.8300,221.0400,214.4800,220.5900,218.8058,2200500
2025-02-06,219.0500,220.7000,217.8800,220.3000,218.5181,3111700
2025-02-07,220.8100,222.0800,215.3900,216.8700,215.1158,3297400
2025-02-10,218.4500,220.2500,218.4200,219.7000,217.9230,2698600
2025-02-11,217.8900,221.1700,217.8900,219.9000,218.1213,1549700
2025-02-12,216.4400,220.2200,215.9500,220.1400,218.3594,2017500
2025-02-13,219.9500,222.9900,219.8900,222.8400,221.0376,2546800
2025-02-14,222.8200,223.7700,221.9200,223.0700,221.2657,1566200
2025-02-18,224.7000,227.4700,223.4700,226.7600,224.9259,3605000
2025-02-19,227.1500,231.6200,226.2600,230.5300,228.6654,2635700
2025-02-20,232.0000,233.4400,228.7500,231.0700,229.2010,2642300
2025-02-21,231.7600,231.8500,223.1300,223.9800,222.1684,2947000
2025-02-24,224.9700,225.3400,218.5400,218.7200,216.9509,3372800
2025-02-25,218.4500,219.2200,213.5800,214.2100,212.4774,3514200
2025-02-26,216.9500,219.8000,215.5800,217.9400,216.1772,2562600
2025-02-27,219.1800,219.5000,204.9200,205.2500,203.5899,4349100
2025-02-28,205.3700,210.0500,203.1200,208.5200,206.8334,3722100
2025-03-03,211.5100,211.6500,199.3200,201.1500,199.5230,5067800
2025-03-04,200.8000,207.6200,196.7000,202.2700,200.6339,5487900
2025-03-05,204.5400,207.2900,200.5700,206.6300,204.9587,3312100
2025-03-06,199.5800,203.7200,197.3300,198.0400,196.4382,5088700
2025-03-07,198.8000,204.5400,196.4800,203.8500,202.2012,3713300
2025-03-10,198.8200,200.2800,191.5600,194.4200,192.8474,5410800
2025-03-11,194.5200,196.3100,189.1100,192.1200,190.5661,3776600
2025-03-12,196.7000,198.6900,194.3200,196.0800,194.4940,3143000
2025-03-13,196.0700,199.2400,193.1800,195.1000,193.5219,2504200
2025-03-14,198.5000,201.7100,198.3200,201.1200,199.4933,3696800
2025-03-17,200.3100,206.2600,200.2100,204.4400,202.7864,2743100
2025-03-18,202.1100,203.0500,200.1800,201.4700,200.0959,2470800
2025-03-19,201.5000,206.4300,200.0000,203.1100,201.7247,2330800
2025-03-20,200.5200,203.7200,200.3600,201.4900,200.1158,2265900
2025-03-21,197.9400,200.1400,196.3700,199.3800,198.0202,2873400
2025-03-24,203.5700,206.6600,203.3300,205.3000,203.8997,3947000
2025-03-25,205.0500,205.7100,203.5600,204.1900,202.7973,1419100
2025-03-26,203.2200,204.0600,196.4400,198.4700,197.1164,3595300
2025-03-27,195.8700,197.0400,193.3800,194.5600,193.2330,3545900
2025-03-28,193.2900,194.2400,187.4400,188.6800,187.3931,4122300
2025-03-31,184.7000,188.3000,182.1200,188.1700,186.8866,3843000
2025-04-01,187.4500,188.3400,183.8000,188.2700,186.9859,3108800
2025-04-02,185.3900,192.0200,184.7300,189.4800,188.1877,2784800
2025-04-03,179.7500,181.1400,169.9900,170.3600,169.1981,9982600
2025-04-04,163.9200,165.7700,154.6100,157.6300,156.5549,13988400
2025-04-07,152.0300,170.4200,148.3100,161.2700,160.1701,18686500
2025-04-08,167.6400,169.8500,151.1100,154.8600,153.8038,11023300
2025-04-09,156.1000,185.5600,154.9400,183.6200,182.3676,23539500
2025-04-10,174.5600,175.6500,162.3900,168.6100,167.4600,14499000
2025-04-11,166.9800,173.1100,164.4200,172.2600,171.0851,9890900
2025-04-14,177.5500,177.5500,170.7900,173.4000,172.2173,5657400
2025-04-15,174.3200,176.6300,173.2500,174.1100,172.9225,3201100
2025-04-16,166.3300,169.5800,161.8300,167.3900,166.2483,10205000
2025-04-17,168.5700,168.7500,164.8100,166.5500,165.4140,4921000
2025-04-21,163.1400,163.9000,160.2600,163.6400,162.5239,4769700
2025-04-22,165.2300,168.0200,164.6200,166.8200,165.6822,4996000
2025-04-23,175.2500,177.1400,172.3500,173.0700,171.8896,7323800
2025-04-24,177.8000,183.5600,176.5400,183.0300,181.7816,6873400
2025-04-25,181.2000,186.1200,180.6600,184.8100,183.5495,4224900
2025-04-28,183.8900,185.7600,180.4400,184.4800,183.2218,2875400
2025-04-29,182.2400,184.5400,181.2500,182.5100,181.2652,3527000
2025-04-30,178.0000,184.3800,176.7700,183.8400,182.5861,3580500
2025-05-01,186.0000,187.3500,183.4700,183.5900,182.3378,3997600
2025-05-02,187.9500,191.8700,187.8300,190.0300,188.7339,4581400
2025-05-05,188.1900,190.4600,187.9300,188.5700,187.2839,3323200
2025-05-06,185.2600,188.2500,184.2700,186.7700,185.4962,2844600
2025-05-07,186.5800,190.5800,184.8100,190.0400,188.7438,3001100
2025-05-08,192.5100,195.0400,190.4700,191.7400,190.4323,3457700
2025-05-09,194.4800,195.6300,192.2800,193.9400,192.6172,2808500
2025-05-12,206.8000,209.3900,204.9900,207.8700,206.4522,10675600
2025-05-13,208.7000,214.8200,208.4100,213.7600,212.3020,5693600
2025-05-14,215.2100,216.7000,213.2100,214.7900,213.3250,4162800
2025-05-15,212.6900,215.0000,210.9100,213.4100,211.9544,4216900
2025-05-16,213.5600,213.5600,210.6800,213.1300,211.6763,2521500
2025-05-19,208.2200,212.3900,208.1700,211.8500,210.4051,5334700
2025-05-20,210.0400,211.6200,209.4100,211.5400,210.0972,2968000
2025-05-21,209.7500,213.9000,206.3500,207.6700,206.2536,5007700
2025-05-22,207.5300,209.4700,205.5800,205.7500,204.3467,5397300
2025-05-23,200.4700,203.6600,199.9300,202.5600,201.1784,9527500
2025-05-27,206.9600,210.2300,205.2700,209.2900,207.8626,6057600
2025-05-28,209.8400,210.4600,207.7500,208.2400,206.8197,6769200
2025-05-29,213.0300,213.1700,207.7500,209.0900,207.6639,8600400
2025-05-30,207.8200,207.8700,201.1200,204.9400,203.5422,10781000
2025-06-02,204.4200,208.8300,204.2900,208.0300,206.6111,6034900
2025-06-03,208.1500,214.1400,206.7100,213.6200,212.1630,8905100
2025-06-04,215.3900,217.6200,213.5400,216.8000,215.3213,7339500
2025-06-05,218.4700,220.2800,214.4100,215.8900,214.4175,10941600
2025-06-06,218.0000,220.2300,217.2100,217.3400,215.8576,7582100
2025-06-09,219.3300,224.4100,219.1300,222.4600,220.9427,7712000
2025-06-10,223.5400,228.0800,222.9900,227.3200,225.7696,7676200
2025-06-11,228.9000,229.8000,224.2700,226.5600,225.0148,10405600
2025-06-12,224.9400,228.0000,224.6000,226.8700,225.3226,5149200
2025-06-13,221.9900,224.5800,220.3000,220.9600,219.4530,10484600
2025-06-16,223.5900,228.5800,223.2400,227.4400,226.3836,5772500
2025-06-17,226.4500,229.6400,225.4800,225.6400,224.5920,7290000
2025-06-18,226.8500,229.1900,225.1000,226.5600,225.5077,6657600
2025-06-20,228.7900,229.0800,222.1600,225.1100,224.0644,8202300
2025-06-23,225.0200,227.8900,221.8600,226.5100,225.4579,7115100
2025-06-24,230.5700,235.3600,230.4600,235.1000,234.0080,7017500
2025-06-25,236.6600,237.2400,234.8000,237.2100,236.1082,5252500
2025-06-26,239.0400,239.6500,237.1800,239.0700,237.9596,4350100
2025-06-27,239.3100,241.2300,236.3700,238.8600,237.7506,4520500
2025-06-30,240.1700,240.1700,237.5600,238.7000,237.5913,4925300
2025-07-01,236.7000,239.1800,234.0800,237.6200,236.5163,10892900
2025-07-02,237.0900,243.1200,237.0000,242.1400,241.0154,5979000
2025-07-03,243.1500,244.2000,242.7000,243.3400,242.2098,3069400
2025-07-07,241.2900,242.1300,237.7500,238.7800,237.6709,4859200
2025-07-08,241.0600,245.4000,240.1100,243.3400,242.2098,7276200
2025-07-09,244.0100,246.5300,241.8800,244.1200,242.9861,4415300
2025-07-10,246.4200,247.5200,244.2700,246.5500,245.4049,4868500
2025-07-11,245.0100,247.0700,244.0600,246.1700,245.0266,2649600
2025-07-14,244.1500,244.7400,240.3500,243.8300,242.6975,5522600
2025-07-15,248.7900,249.9600,246.1000,246.2600,245.1162,6042100
2025-07-16,244.2800,245.6700,239.2200,245.5900,244.4493,8348900
2025-07-17,245.5400,247.1300,243.9100,246.5300,245.3850,4801100
2025-07-18,247.9500,248.3700,244.8800,246.7300,245.5840,3758500
2025-07-21,247.3600,250.1900,246.9500,246.9500,245.8030,4672600
2025-07-22,246.0400,246.5000,240.6900,243.5400,242.4088,6871000
2025-07-23,241.7200,242.4000,239.0600,242.0600,240.9357,5952600
2025-07-24,241.5900,242.0900,239.4600,241.5600,240.4380,4166800
2025-07-25,240.1000,241.6700,239.1000,241.5400,240.4181,3511400
2025-07-28,244.2100,246.0000,243.9100,245.7500,244.6086,6433000
2025-07-29,247.2900,249.5300,244.5000,246.1900,245.0465,5299700
2025-07-30,248.3600,249.5000,245.8700,247.9500,246.7983,5300500
2025-07-31,245.0400,245.2900,237.6600,240.0300,238.9151,9419300
2025-08-01,235.5100,239.6100,232.3300,237.2400,236.1381,8549000
2025-08-04,238.7600,240.8600,237.7700,240.4000,239.2834,6189500
2025-08-05,241.7600,242.4500,235.8800,238.7300,237.6212,5149700
2025-08-06,236.5600,237.4600,233.6700,236.9300,235.8295,4966500
2025-08-07,242.0400,243.3700,238.8900,240.8400,239.7214,6073400
2025-08-08,241.0100,243.1800,240.2900,242.8700,241.7419,5301300
2025-08-11,243.7800,246.5100,241.9500,242.4100,241.2841,4127900
2025-08-12,244.2400,250.3800,242.7100,250.1600,248.9981,10091500
2025-08-13,252.1300,254.1000,251.0400,253.8800,252.7008,6022400
2025-08-14,250.3600,255.0600,250.0500,254.1400,252.9596,5315700
2025-08-15,252.1900,252.2700,247.6200,248.3200,247.1666,6840100
2025-08-18,247.5400,249.3400,247.4800,249.0500,247.8932,4978200
2025-08-19,249.0700,250.0400,244.7200,245.1500,244.0113,3508000
2025-08-20,244.6400,244.6400,237.1000,243.7400,242.6079,9423100
2025-08-21,242.4700,244.1200,241.0000,242.3600,241.2343,4581100
2025-08-22,243.1200,251.9900,242.4400,249.0900,247.9331,6527700
2025-08-25,248.8500,249.6300,247.2700,248.5100,247.3557,3654200
2025-08-26,249.5700,251.6100,249.5100,250.8500,249.6849,3762000
2025-08-27,249.8800,251.6600,248.8200,251.3400,250.1726,4195400
2025-08-28,252.3200,254.3200,250.9000,252.5500,251.3770,5060200
2025-08-29,248.9400,248.9400,244.1700,245.3200,244.1806,8672600
2025-09-02,238.6700,242.9300,238.1500,242.8300,241.7021,6659200
2025-09-03,243.2300,243.4200,239.2300,241.6800,240.5575,5473300
2025-09-04,240.0600,244.5200,238.7500,244.1700,243.0359,11842200
2025-09-05,247.8500,248.5000,244.1300,247.0500,245.9025,17105500
2025-09-08,248.4100,249.9200,247.5600,248.8500,247.6942,10290500
2025-09-09,249.1100,249.6800,247.2300,249.0600,247.9032,9305200
2025-09-10,253.0300,254.2100,251.8600,253.4500,252.2728,13398400
2025-09-11,254.8100,256.5100,254.6200,255.1900,254.0047,10286200
2025-09-12,255.8100,256.4000,254.1600,255.6400,254.4527,7144200
2025-09-15,255.2000,257.8400,254.5300,257.8000,256.6026,7239200
2025-09-16,258.2900,259.0500,256.5800,258.5800,257.9202,7543300
2025-09-17,257.9400,260.7400,254.8300,258.5300,257.8704,6566900
2025-09-18,265.0600,268.9800,264.1400,267.5700,266.8873,12601600
2025-09-19,267.3000,267.4000,263.6000,265.8600,265.1816,5839100
2025-09-22,266.6500,270.6600,266.5800,269.8300,269.1415,5721400
2025-09-23,270.7900,272.1300,267.9100,269.5100,268.8223,6068300
2025-09-24,268.7400,269.7600,265.6100,269.1000,268.4134,7825500
2025-09-25,264.5800,268.9400,261.8000,268.2400,267.5556,11157800
2025-09-26,268.5300,269.4200,265.7400,268.8300,268.1441,7244300
2025-09-29,271.7200,272.8000,268.8700,268.9300,268.2438,5954900
2025-09-30,268.8500,271.4500,267.7600,271.1200,270.4282,7091800
2025-10-01,269.3800,276.7000,268.8800,276.3400,275.6349,9339600
2025-10-02,281.5000,282.5400,279.6100,281.6900,280.9713,7250000
2025-10-03,282.9500,284.3400,278.4800,279.9600,279.2457,8629100
2025-10-06,290.9900,292.5100,288.3500,288.3600,287.6243,11275000
2025-10-07,290.9800,291.4800,281.5300,281.9100,281.1907,9952000
2025-10-08,282.0000,291.8600,281.4800,291.5400,290.7961,9301700
2025-10-09,291.0800,291.6100,287.4700,290.1900,289.4496,7603500
2025-10-10,290.8200,291.6300,271.4600,271.9900,271.2960,26691200
2025-10-13,282.7800,285.9500,280.3400,284.8700,284.1432,8703400
2025-10-14,278.5000,284.7700,277.3600,279.0300,278.3181,8476000
2025-10-15,286.2500,288.0200,281.8400,287.6400,286.9061,7595200
2025-10-16,291.0800,292.2600,285.9400,288.9800,288.2427,7410400
2025-10-17,286.8900,289.6400,283.7200,288.1700,287.4347,6261500
2025-10-20,290.6100,295.0000,290.5000,292.9700,292.2225,5832300
2025-10-21,292.5000,292.7000,289.2200,291.3300,290.5866,3965200
2025-10-22,288.1100,289.8300,278.4600,284.1300,283.4050,7875300
2025-10-23,282.4900,291.8600,282.2500,291.0600,290.3174,5374800
2025-10-24,296.3300,298.2200,295.4400,295.8600,295.1051,4621200
2025-10-27,301.4300,305.0100,300.4100,304.0800,303.3041,5165000
2025-10-28,303.4600,305.9700,302.3800,304.4500,303.6732,4156400
2025-10-29,309.8700,312.7900,306.9700,309.6000,308.8101,4503100
2025-10-30,307.9400,311.1200,305.3800,305.4100,304.6307,4630700
2025-10-31,308.7000,311.3200,304.2600,306.5500,305.7678,5163900
2025-11-03,310.4000,311.7500,307.1300,308.3800,307.5932,3750800
2025-11-04,300.3400,304.7500,295.5500,296.2600,295.5041,5288800
2025-11-05,297.2100,309.1700,296.8900,305.4700,304.6906,4949400
2025-11-06,305.0000,305.8900,295.3500,297.5000,296.7409,8548300
2025-11-07,292.6400,294.4500,283.5900,294.3800,293.6289,13798600
2025-11-10,302.4400,303.3600,298.5400,302.0000,301.2295,6030800
2025-11-11,299.0400,300.0200,294.6900,295.1500,294.3969,5877900
2025-11-12,300.2200,301.6900,297.5000,299.6700,298.9054,4145000
2025-11-13,295.9400,297.1300,286.4500,289.3800,288.6417,10980600
2025-11-14,280.6200,292.8000,279.4100,288.5200,287.7838,7142000
2025-11-17,286.0700,291.5300,280.2400,283.5600,282.8365,8188700
2025-11-18,279.5400,281.4100,274.0900,276.9800,276.2733,11103100
2025-11-19,278.1400,285.1400,276.8200,281.6100,280.8914,5108100
2025-11-20,288.9000,289.9900,267.0000,268.1000,267.4160,13398300
2025-11-21,268.2700,274.7600,260.4400,270.8300,270.1390,15355900
2025-11-24,273.7800,284.0500,273.6200,282.7000,281.9787,6424800
2025-11-25,278.9600,284.3400,272.7600,283.5800,282.8564,5942800
2025-11-26,286.7200,294.0800,286.6100,291.3900,290.6465,5818300
2025-11-28,293.2500,296.9900,291.8300,296.7400,295.9828,3038000
2025-12-01,292.8700,299.4200,292.5300,296.9200,296.1624,3933000
2025-12-02,300.4500,304.8400,298.6900,302.8400,302.0673,5086900
2025-12-03,304.5000,309.5700,301.4700,309.3600,308.5707,3867100
2025-12-04,307.8400,308.2700,304.5900,306.2800,305.4985,4639700
2025-12-05,309.3000,312.8300,308.9300,309.4000,308.6106,4338100
2025-12-08,311.9300,314.0800,309.8700,312.7600,311.9620,3620900
2025-12-09,310.7800,312.8500,309.4400,312.1800,311.3835,2775300
2025-12-10,312.0100,317.3500,310.5600,316.3300,315.5229,5093800
2025-12-11,312.8000,314.7800,305.7900,314.5200,313.7175,6504700
2025-12-12,310.8000,311.6000,297.9600,299.4800,298.7159,13813600
2025-12-15,302.6000,303.5000,297.2300,298.0100,297.2496,5241800
2025-12-16,296.7100,298.9200,293.0800,296.2000,295.8771,5850400
2025-12-17,297.3200,298.1800,284.4300,285.2300,284.9191,10422000
2025-12-18,295.7200,296.9600,290.8400,292.0400,291.7217,6740400
2025-12-19,294.6700,301.6900,294.5000,299.8100,299.4832,5075000
2025-12-22,306.7300,306.9400,302.5500,303.8400,303.5088,4019000
2025-12-23,302.2100,305.1200,301.3700,304.9600,304.6276,2708600
2025-12-24,305.0000,306.5000,304.7100,306.1400,305.8063,1723200
2025-12-26,307.4000,307.5400,305.2900,306.0400,305.7064,1860900
2025-12-29,303.3700,306.4600,301.8900,305.3200,304.9872,3620700
2025-12-30,306.0800,307.4800,304.7000,304.9200,304.5876,2984800
2025-12-31,305.6400,306.1200,301.1100,301.1500,300.8217,2954200
2026-01-02,308.5600,315.8100,308.5600,313.6900,313.3481,8491300
2026-01-05,320.7000,322.6400,316.8800,318.0600,317.7133,7923200
2026-01-06,322.0700,329.1500,322.0000,328.3500,327.9921,7579900
2026-01-07,325.0500,325.9500,322.1100,324.8900,324.5359,4528500
2026-01-08,324.1900,324.1900,316.4000,319.5800,319.2316,5408300
2026-01-09,322.8000,330.6700,321.1100,328.7800,328.4216,7323100
2026-01-12,325.7000,331.3800,325.5300,330.3500,329.9899,5159600
2026-01-13,332.8500,336.4200,331.8900,333.3000,332.9366,3835900
2026-01-14,331.0300,331.9900,327.1800,331.9000,331.5382,5468900
2026-01-15,343.1000,344.5500,337.2200,337.2200,336.8524,6531500
2026-01-16,343.5100,345.4100,340.2200,342.4700,342.0967,5127300
2026-01-20,336.2000,343.1900,335.9600,337.3500,336.9823,6232600
2026-01-21,341.8400,351.3300,340.3000,348.1400,347.7605,7204200
2026-01-22,354.3600,354.6000,347.3700,348.6700,348.2899,4662000
2026-01-23,346.3900,348.0300,342.1700,344.7100,344.3342,4335900
2026-01-26,343.2900,345.5000,341.1300,343.0700,342.6960,4458700
2026-01-27,348.1600,353.2000,346.6500,351.0800,350.6973,5293600
2026-01-28,358.5300,362.0400,356.7200,360.4600,360.0670,5364000
2026-01-29,361.1800,363.8000,347.7200,361.1300,360.7364,8446200
2026-01-30,356.0000,360.1900,343.7100,346.3000,345.9225,8719100
2026-02-02,342.3700,356.1100,341.9000,352.6900,352.3055,7758000
2026-02-03,355.9100,357.1200,338.0900,345.6400,345.2632,8371200
2026-02-04,342.1800,345.3900,323.3300,330.3800,330.0199,15231400
2026-02-05,326.5400,335.4700,324.0400,330.8300,330.4694,10406500
2026-02-06,337.4000,349.5600,335.8700,348.5100,348.1301,9096100
2026-02-09,344.8400,354.7400,343.8800,352.7700,352.3855,7091400
2026-02-10,353.5200,355.0400,348.1200,351.4300,351.0469,6252400
2026-02-11,358.8200,362.2800,351.4000,360.2000,359.8074,7497000
2026-02-12,363.4600,365.3800,351.0500,351.5000,351.1169,9488000
2026-02-13,352.8000,357.6100,348.6800,354.6600,354.2734,5963000
2026-02-17,349.8100,357.1000,345.3200,354.1000,353.7140,4068900
2026-02-18,355.8200,361.6700,353.6000,357.9200,357.5299,5681200
2026-02-19,354.1800,356.3200,351.7700,355.8400,355.4521,5576400
2026-02-20,353.5900,361.3300,352.8000,359.4300,359.0382,6013600
2026-02-23,357.5700,360.3800,352.8500,356.8200,356.4311,6339800
2026-02-24,361.6000,364.7400,358.0400,362.0400,361.6454,6206000
2026-02-25,366.2000,368.8200,365.5100,368.0000,367.5988,4539900
2026-02-26,366.3800,366.4800,350.4100,356.8000,356.4110,13329100
2026-02-27,349.6000,354.0300,348.3400,352.2900,351.9060,6250200
2026-03-02,343.7900,352.3300,343.3400,352.0500,351.6662,7284000
2026-03-03,338.0900,339.3100,330.8900,334.7800,334.4151,17946100
2026-03-04,339.9600,343.8100,336.7900,341.5400,341.1677,10649900
2026-03-05,338.9000,343.7200,330.5700,337.7600,337.3918,7239300
2026-03-06,328.4000,335.0400,321.4900,323.5100,323.1574,8733700
2026-03-09,318.3100,337.1700,316.2200,336.3700,336.0033,9824600
2026-03-10,336.3100,345.5600,336.3100,338.8100,338.4407,7471000
2026-03-11,340.5000,345.4000,340.4500,342.0900,341.7171,6215100
2026-03-12,337.3400,337.5500,328.6400,330.1900,329.8301,8008100
2026-03-13,333.8800,338.4000,329.7900,331.3200,330.9588,6450800
2026-03-16,338.8900,342.0400,336.3200,337.8300,337.4617,8018200
2026-03-17,340.5600,341.1600,336.7900,340.2500,340.0885,4472100
2026-03-18,340.5300,343.4400,338.2900,338.2900,338.1295,6363900
2026-03-19,328.7600,342.7700,326.7600,340.2000,340.0385,8292100
2026-03-20,339.7100,341.2500,327.9400,332.5100,332.3522,9441300
2026-03-23,340.1200,344.9300,335.1200,336.5900,336.4302,8151000
2026-03-24,333.7900,343.2200,333.6200,341.0200,340.8581,5287500
2026-03-25,344.1700,347.6800,342.1400,345.2500,345.0861,5869000
2026-03-26,339.4500,339.8900,328.5200,328.8500,328.6939,10172400
2026-03-27,326.8400,329.9500,322.1600,323.4800,323.3265,6334800
2026-03-30,326.7500,327.6300,307.2600,309.7900,309.6430,13204800
2026-03-31,315.6000,329.1800,314.8800,328.6600,328.5040,14036500
2026-04-01,333.4900,342.6500,332.3500,338.5400,338.3793,10130800
2026-04-02,325.1100,340.3900,325.0300,339.6100,339.4488,6521000
2026-04-06,341.5200,345.7700,339.9200,344.1000,343.9367,3105000
2026-04-07,343.0400,347.9400,338.4700,347.7600,347.5949,4026000
2026-04-08,367.8900,371.1500,362.1300,370.4000,370.2242,9868700
2026-04-09,371.3000,378.9500,371.3000,378.6300,378.4503,6036700
2026-04-10,382.6700,389.6000,382.6700,386.6000,386.4165,5596900
2026-04-13,384.8800,393.5700,384.3700,393.3400,393.1533,4377400
2026-04-14,397.8400,401.4400,393.5100,401.2400,401.0496,5202600
2026-04-15,400.3100,402.0900,392.3900,401.8600,401.6693,5570200
2026-04-16,400.6000,407.4800,397.9900,405.9500,405.7573,4400500
2026-04-17,413.3800,415.7300,409.5800,415.7100,415.5127,5729100
2026-04-20,417.4300,418.8600,411.7900,417.5500,417.3518,3493500
2026-04-21,420.4000,423.3500,416.6700,420.7000,420.5003,3676800
2026-04-22,427.2600,432.1600,422.8200,431.7700,431.5651,6557600
2026-04-23,435.3400,446.6400,434.0400,441.0000,440.7907,10812400
2026-04-24,457.5900,463.8700,450.9700,461.6000,461.3809,9072000
2026-04-27,461.7500,463.0000,448.9300,455.4100,455.1938,8924600
2026-04-28,437.6300,446.1400,431.7400,438.7100,438.5018,11014900
2026-04-29,445.2600,450.3700,442.4100,449.9900,449.7764,5972800
2026-04-30,455.7000,462.1400,449.3400,461.4400,461.2210,5170200
2026-05-01,458.4700,466.9100,455.0700,465.7500,465.5289,4155900
2026-05-04,467.9300,469.6100,457.8100,462.0600,461.8407,5233100
2026-05-05,471.1400,486.1800,470.2300,482.7300,482.5009,7203000
2026-05-06,497.9600,506.9400,487.8600,506.8700,506.6294,9768600
2026-05-07,502.9300,503.6800,488.1300,492.3600,492.1263,9913700
2026-05-08,504.2400,520.4600,502.7500,520.3000,520.0530,7754500
2026-05-11,524.0800,533.7400,521.6600,532.7600,532.5071,7492600
2026-05-12,520.8500,525.1500,495.7100,515.9900,515.7451,14660600
2026-05-13,527.6200,532.2500,515.9400,528.2900,528.0392,7346400
2026-05-14,526.5000,533.1300,522.2100,530.0300,529.7784,5212400
2026-05-15,511.6700,518.7900,506.2600,508.5200,508.2786,9388200
2026-05-18,518.0200,519.9600,486.9200,495.8700,495.6346,9999000
2026-05-19,484.4000,506.0400,477.9500,496.7400,496.5042,12217000
2026-05-20,507.7300,520.5400,506.5500,520.3100,520.0630,9457600
2026-05-21,518.1700,526.7800,515.0000,524.7100,524.4610,6749900
2026-05-22,531.8800,541.8900,530.1700,537.3300,537.0750,7671100
2026-05-26,556.9900,572.9500,555.4100,570.0900,569.8195,8926200
2026-05-27,584.3800,584.5000,551.8900,563.9800,563.7123,11412400
2026-05-28,564.3200,575.8000,554.8300,569.4700,569.1997,6763900
2026-05-29,576.4400,582.2300,564.6000,569.0800,568.8099,7323900
2026-06-01,563.6700,577.9900,557.3800,571.9300,571.6585,6999500
2026-06-02,585.1700,605.4400,581.9300,605.0200,604.7328,7475400
2026-06-03,616.2100,618.8400,598.0100,615.6800,615.3878,8564700
2026-06-04,587.6400,611.2600,577.5400,602.7200,602.4339,11445300
2026-06-05,577.8600,580.5000,539.5700,539.7700,539.5139,22377300
2026-06-08,569.7700,581.3800,560.7900,571.4500,571.1788,12843000
2026-06-09,585.4500,588.5800,522.2400,562.1400,561.8732,24548100
2026-06-10,551.6600,572.5100,539.3800,541.5100,541.2530,16672200
2026-06-11,555.4200,588.0000,554.8100,586.9300,586.6514,12295400
2026-06-12,584.1100,602.6900,578.5300,596.2500,595.9670,9928200
2026-06-15,622.6100,629.7200,618.4500,628.4500,628.4500,8170800
2026-06-16,623.8400,629.6400,590.6300,591.2400,591.2400,11204900
2026-06-17,611.5600,621.9900,598.9500,599.7300,599.7300,8948400
2026-06-18,626.5200,644.4300,626.1500,639.4500,639.4500,9666000
2026-06-22,653.9600,655.9500,643.9300,655.0100,655.0100,7782700
2026-06-23,607.6400,619.9400,598.1900,603.3900,603.3900,12712200
2026-06-24,606.1900,609.6900,586.6600,601.5000,601.5000,9230700
2026-06-25,637.3300,638.4700,598.8300,625.2000,625.2000,12713200
2026-06-26,601.4400,605.8900,588.5100,589.9400,589.9400,11017500
2026-06-29,593.7100,615.3500,571.6000,614.3500,614.3500,11036800
2026-06-30,616.1500,644.9400,616.1500,640.7600,640.7600,10112600
2026-07-01,616.8200,622.8900,597.8800,599.7000,599.7000,9983000
2026-07-02,601.2400,608.1100,554.9100,566.3200,566.3200,16092600
2026-07-06,583.1500,598.0000,580.4800,581.5100,581.5100,8419400
2026-07-07,551.9300,558.0600,536.1200,551.6900,551.6900,12285700
2026-07-08,544.6600,564.5000,543.8700,562.0300,562.0300,7195400
2026-07-09,589.5000,594.9900,579.1400,581.7000,581.7000,10026200
2026-07-10,571.9900,585.7900,566.6700,581.3400,581.3400,5861000
2026-07-13,563.5800,566.6500,550.2600,553.6100,553.6100,8307000
2026-07-14,580.5100,580.6700,560.2400,567.9200,567.9200,7372300
2026-07-15,575.1200,575.8800,538.5300,555.2700,555.2700,10199600
2026-07-16,539.0500,545.5500,525.4300,530.5000,530.5000,10343300
2026-07-17,508.5500,533.1900,498.5400,521.8100,521.8100,15576800
2026-07-20,534.0000,539.5400,522.8400,524.1400,524.1400,6533100
2026-07-21,549.1000,555.1600,540.1500,552.6900,552.6900,10079700
2026-07-22,538.7500,561.1800,538.7200,555.5200,555.5200,6268400
2026-07-23,545.5000,558.0900,543.7900,551.2400,551.2400,6689500
2026-07-24,544.3600,548.0000,522.2100,527.0100,527.0100,10952000
2026-07-27,532.6400,534.3100,500.0000,516.2300,516.2300,13472800
2026-07-28,496.7400,498.4800,480.5000,491.4600,491.4600,14904200
2026-07-29,488.6500,496.0600,464.0800,465.0000,465.0000,18817200
2026-07-30,491.5700,509.9800,488.0100,504.5300,504.5300,17477800
2026-07-31,527.1000,532.6700,501.3000,504.8900,504.8900,13113700
2026-08-03,491.9200,510.9500,485.7100,507.6800,507.6800,10302000
2026-08-04,529.3100,545.3900,526.5700,542.2100,542.2100,10898600
2026-08-05,536.4000,547.5700,528.8800,530.7000,530.7000,9649300
2026-08-06,522.6600,542.5600,516.4100,532.5200,532.5200,7654700
2026-08-07,545.2000,547.9000,531.2700,543.2700,543.2700,5262600
2026-08-10,545.8500,547.2200,529.3900,529.3900,529.3900,8763500
2026-08-11,537.9100,539.0500,530.1000,534.2000,534.2000,7176100
2026-08-12,553.4000,554.1100,546.4700,546.6100,546.6100,7723600
2026-08-13,547.1400,562.2500,546.4000,550.7400,550.7400,5940700
2026-08-14,549.5800,552.8900,542.9300,550.4200,550.4200,4309800
2026-08-17,557.9200,566.0200,555.8400,559.1200,559.1200,5745000
2026-08-18,537.4200,541.7000,523.0300,531.3900,531.3900,9993900
2026-08-19,536.2600,538.0000,514.4900,519.6700,519.6700,8413800
2026-08-20,518.3800,525.4300,515.2600,522.3500,522.3500,6269000
2026-08-21,528.1500,528.9900,514.6600,520.0500,520.0500,6255600
2026-08-24,511.9700,512.1100,498.9300,506.1800,506.1800,7828600
2026-08-25,515.9100,520.1000,509.6600,514.0600,514.0600,6445900
2026-08-26,512.0900,516.3900,509.2600,515.4000,515.4000,4322200
2026-08-27,526.0600,527.7800,517.0000,525.4300,525.4300,9046000
2026-08-28,521.2000,522.6500,506.8200,508.6200,508.6200,8468500
2026-08-31,509.8200,514.3300,507.0300,511.0400,511.0400,6241500
2026-09-01,501.43,504.715,495.09,500.31,500.31,8048312
2026-09-02,498.18,504.02,493.31,501.44,501.44,5845203
