date,open,high,low,close,adj_close,volume
2011-05-05,24.0800,24.4400,24.0800,24.1800,20.3613,86200
2011-05-06,24.6300,24.6300,24.1700,24.2700,20.4371,26000
2011-05-09,24.2700,24.2700,24.2700,24.2700,20.4371,0
2011-05-10,24.6900,24.7800,24.6900,24.7800,20.8666,1300
2011-05-11,24.6500,24.6500,24.2300,24.2700,20.4371,2700
2011-05-12,24.1800,24.4100,24.1800,24.3800,20.5298,1700
2011-05-13,24.3800,24.3800,24.3800,24.3800,20.5298,0
2011-05-16,24.1500,24.1500,24.1500,24.1500,20.3361,100
2011-05-17,24.1500,24.1500,24.1500,24.1500,20.3361,0
2011-05-18,23.8300,23.8300,23.8300,23.8300,20.0666,300
2011-05-19,23.8300,23.8300,23.8300,23.8300,20.0666,0
2011-05-20,24.1600,24.1600,24.1600,24.1600,20.3445,500
2011-05-23,23.4500,23.4700,23.4200,23.4200,19.7214,2300
2011-05-24,23.4200,23.4200,23.4200,23.4200,19.7214,0
2011-05-25,23.4200,23.4200,23.4200,23.4200,19.7214,0
2011-05-26,23.7500,23.9400,23.7500,23.9400,20.1593,900
2011-05-27,24.0700,24.1500,24.0700,24.0700,20.2687,400
2011-05-31,24.4100,24.4100,24.4100,24.4100,20.5550,200
2011-06-01,23.6200,23.6600,23.6200,23.6600,19.9235,200
2011-06-02,23.6100,23.6100,23.3500,23.3500,19.6624,300
2011-06-03,23.1800,23.1800,23.1800,23.1800,19.5193,500
2011-06-06,23.0000,23.0000,23.0000,23.0000,19.3677,100
2011-06-07,23.0000,23.0000,23.0000,23.0000,19.3677,0
2011-06-08,22.7500,22.7500,22.7200,22.7200,19.1319,300
2011-06-09,22.7200,22.7200,22.7200,22.7200,19.1319,0
2011-06-10,22.4600,22.4600,22.4600,22.4600,18.9130,1200
2011-06-13,22.1400,22.1400,22.1400,22.1400,18.6435,800
2011-06-14,22.3400,22.5500,22.3400,22.5500,18.9888,1400
2011-06-15,22.3600,22.3600,21.9900,21.9900,18.5172,1800
2011-06-16,21.9800,22.0900,21.9800,22.0900,18.6014,3300
2011-06-17,22.0600,22.1200,21.9000,21.9800,18.5356,26500
2011-06-20,21.9800,21.9800,21.9800,21.9800,18.5356,0
2011-06-21,21.9800,21.9800,21.9800,21.9800,18.5356,0
2011-06-22,22.7400,22.7400,22.4800,22.4900,18.9657,1100
2011-06-23,21.9900,22.4300,21.9900,22.4100,18.8982,2400
2011-06-24,22.4100,22.4100,22.1400,22.1400,18.6706,1700
2011-06-27,22.1500,22.2200,22.1500,22.2200,18.7380,1500
2011-06-28,22.4200,22.7700,22.4200,22.7500,19.1850,176500
2011-06-29,22.8400,23.1400,22.8400,23.0400,19.4295,68700
2011-06-30,23.1500,23.4100,23.1300,23.3300,19.6741,158500
2011-07-01,23.3800,23.7500,23.3800,23.7500,20.0283,353100
2011-07-05,23.7400,23.7400,23.5800,23.7200,20.0030,136300
2011-07-06,23.5300,23.5800,23.4400,23.5700,19.8765,12100
2011-07-07,23.9400,24.1300,23.9000,24.0900,20.3150,113400
2011-07-08,23.6500,23.7300,23.4800,23.7300,20.0114,11800
2011-07-11,23.3600,23.3600,22.9000,22.9000,19.3115,84600
2011-07-12,22.8700,23.0000,22.7900,22.7900,19.2187,6100
2011-07-13,22.9900,23.2900,22.9800,23.1900,19.5560,64500
2011-07-14,23.0400,23.1200,22.6100,22.6600,19.1091,12600
2011-07-15,22.6900,22.8300,22.6900,22.8300,19.2524,23800
2011-07-18,22.8400,22.8400,22.3300,22.4400,18.9235,38600
2011-07-19,22.8500,23.1000,22.8500,23.0700,19.4548,88200
2011-07-20,23.1500,23.2300,23.1100,23.2200,19.5813,84200
2011-07-21,23.3800,23.5800,23.3800,23.5800,19.8849,87000
2011-07-22,23.5600,23.7300,23.5300,23.7300,20.0114,3400
2011-07-25,23.5500,23.6800,23.4700,23.5500,19.8596,173900
2011-07-26,23.3500,23.4800,23.3500,23.3900,19.7247,88200
2011-07-27,22.8700,22.9300,22.5400,22.5900,19.0500,170400
2011-07-28,22.7100,22.7900,22.4000,22.4000,18.8898,9600
2011-07-29,22.1000,22.4200,22.1000,22.4200,18.9067,5000
2011-08-01,22.4400,22.4400,21.9600,22.1600,18.6874,18800
2011-08-02,22.1100,22.1100,21.5200,21.5500,18.1730,92600
2011-08-03,21.3500,21.3700,20.7300,21.2600,17.9285,417400
2011-08-04,20.9700,20.9700,19.9000,19.9000,16.7816,51500
2011-08-05,20.1000,20.1700,18.8200,19.3800,16.3431,149300
2011-08-08,18.4900,18.8200,17.2100,17.3800,14.6565,219700
2011-08-09,17.9500,18.3800,17.4900,18.3800,15.4998,103200
2011-08-10,17.9800,18.3500,17.6000,17.6000,14.8420,132900
2011-08-11,17.8800,19.0000,17.8800,19.0000,16.0226,13000
2011-08-12,19.1200,19.1900,18.6900,18.7900,15.8455,16400
2011-08-15,19.0500,19.3400,18.8800,19.3200,16.2925,21100
2011-08-16,19.1700,19.3100,18.8200,18.9600,15.9889,82700
2011-08-17,19.2600,19.2600,18.8200,18.8700,15.9130,8500
2011-08-18,18.2700,18.2700,17.4000,17.5400,14.7914,47400
2011-08-19,17.2300,17.7800,17.0400,17.0400,14.3698,3900
2011-08-22,17.6700,17.6700,16.9100,17.0300,14.3613,9900
2011-08-23,17.0200,17.6200,16.8800,17.6200,14.8589,11600
2011-08-24,18.0900,18.0900,18.0400,18.0400,15.2131,5800
2011-08-25,18.0400,18.0400,18.0400,18.0400,15.2131,0
2011-08-26,17.5100,18.2600,17.2900,18.1600,15.3142,99500
2011-08-29,18.7500,19.1000,18.6900,19.1000,16.1069,7600
2011-08-30,18.9600,19.3100,18.9600,19.2300,16.2166,76100
2011-08-31,19.5300,19.7700,19.3000,19.3800,16.3431,265800
2011-09-01,19.2300,19.3800,18.9200,18.9200,15.9551,4900
2011-09-02,18.4400,18.4400,18.0900,18.2000,15.3480,31200
2011-09-06,17.2900,17.9400,17.2900,17.9300,15.1203,139600
2011-09-07,18.4300,18.8800,18.4300,18.8800,15.9214,5700
2011-09-08,18.7500,18.9000,18.4800,18.4800,15.5841,3200
2011-09-09,18.0100,18.2800,17.7600,17.8800,15.0781,3000
2011-09-12,17.5800,18.0000,17.5800,18.0000,15.1793,6600
2011-09-13,18.2900,18.2900,18.2200,18.2200,15.3648,2900
2011-09-14,18.4600,18.8000,18.2900,18.6400,15.7190,8200
2011-09-15,18.9500,19.0900,18.9500,19.0900,16.0985,2900
2011-09-16,19.1700,19.2000,18.8200,19.0400,16.1053,7200
2011-09-19,18.6300,18.6300,18.5500,18.5500,15.6908,4500
2011-09-20,18.7700,18.8000,18.3400,18.3400,15.5132,10600
2011-09-21,18.3200,18.3700,17.4400,17.4500,14.7603,65300
2011-09-22,16.6000,16.6100,16.2000,16.4200,13.8891,14500
2011-09-23,16.3000,16.6600,16.2600,16.5000,13.9568,9700
2011-09-26,16.5800,16.9200,16.5600,16.8800,14.2782,2400
2011-09-27,17.5200,17.8700,17.3500,17.3500,14.6758,8100
2011-09-28,17.3800,17.3900,16.7200,16.7500,14.1682,38100
2011-09-29,17.1000,17.1000,16.8600,16.9200,14.3120,50400
2011-09-30,16.4600,16.4600,16.4600,16.4600,13.9229,300
2011-10-03,15.9800,16.0500,15.2200,15.2200,12.8741,135900
2011-10-04,14.9400,16.0200,14.8400,16.0200,13.5508,296100
2011-10-05,15.8600,16.6100,15.8600,16.6100,14.0498,30900
2011-10-06,16.6700,17.1200,16.5300,17.1200,14.4812,12000
2011-10-07,17.3800,17.3800,16.5200,16.7400,14.1598,25000
2011-10-10,17.2500,17.5300,17.2500,17.4700,14.7773,11900
2011-10-11,17.4300,17.7400,17.4300,17.7400,15.0057,12500
2011-10-12,17.9500,18.2800,17.9100,18.1400,15.3440,44700
2011-10-13,17.9700,17.9700,17.6300,17.9600,15.1917,4900
2011-10-14,18.3700,18.4100,18.0600,18.4100,15.5724,10800
2011-10-17,18.2600,18.2600,17.6400,17.6800,14.9549,46500
2011-10-18,17.7500,18.5000,17.5900,18.4400,15.5978,207400
2011-10-19,18.3300,18.4300,17.8900,17.9200,15.1579,177800
2011-10-20,17.7700,18.1300,17.7700,18.0900,15.3017,61600
2011-10-21,18.5000,18.6700,18.4400,18.6700,15.7923,50300
2011-10-24,18.7900,29.4900,18.7900,19.3400,16.3590,190000
2011-10-25,19.2600,19.2600,18.7000,18.8000,15.9023,75800
2011-10-26,18.8800,19.2800,18.6900,19.0400,16.1053,14200
2011-10-27,20.0400,20.4400,19.7200,20.2900,17.1626,533900
2011-10-28,20.3100,20.5800,20.2100,20.5100,17.3487,136000
2011-10-31,20.2100,20.2100,19.6000,19.6000,16.5790,113900
2011-11-01,17.8200,19.1000,17.8200,18.9600,16.0376,83700
2011-11-02,19.1900,19.4300,19.0500,19.2100,16.2491,58300
2011-11-03,19.6300,19.7800,19.0500,19.7800,16.7312,46000
2011-11-04,19.6000,19.7800,19.3300,19.7500,16.7058,21800
2011-11-07,19.8300,19.8300,19.4900,19.7200,16.6805,14100
2011-11-08,20.0400,20.1000,19.6100,20.0800,16.9850,145800
2011-11-09,19.4100,19.4300,18.8900,18.9200,16.0038,71200
2011-11-10,20.1500,20.1500,18.9000,19.0800,16.1391,8100
2011-11-11,20.1600,20.1600,19.4500,19.6700,16.6382,40300
2011-11-14,19.6000,19.6000,19.3200,19.4100,16.4183,4800
2011-11-15,19.2800,19.5800,19.2300,19.5500,16.5367,52000
2011-11-16,19.3400,19.6400,19.2500,19.2500,16.2829,19300
2011-11-17,19.7900,19.7900,18.5800,18.6800,15.8008,19200
2011-11-18,18.8800,18.8800,18.5000,18.6300,15.7585,15600
2011-11-21,18.3100,18.3100,17.7700,18.1900,15.3863,51300
2011-11-22,18.0800,18.0800,17.7700,17.9200,15.1579,20500
2011-11-23,17.7000,17.7300,16.8400,17.3200,14.6504,44600
2011-11-25,17.2000,17.4300,17.1600,17.2300,14.5743,15900
2011-11-28,18.0100,18.2100,17.8300,17.9700,15.2002,12800
2011-11-29,17.9900,18.0800,17.8700,18.0000,15.2256,9300
2011-11-30,18.8500,19.5400,18.8100,19.2800,16.3083,107300
2011-12-01,19.1900,19.3200,18.9900,19.1900,16.2322,75700
2011-12-02,19.5100,19.5800,19.3100,19.3100,16.3337,262100
2011-12-05,19.7500,19.9200,19.5400,19.6800,16.6466,378800
2011-12-06,19.6000,19.7200,19.4700,19.6300,16.6043,22600
2011-12-07,19.4100,19.6400,19.2900,19.6400,16.6128,57700
2011-12-08,19.3600,19.3600,18.7500,18.8000,15.9023,54500
2011-12-09,18.9700,19.3200,18.9700,19.3200,16.3421,36300
2011-12-12,18.8700,18.8700,18.5200,18.5200,15.6654,8900
2011-12-13,18.9700,19.0400,18.1500,18.2800,15.4624,126300
2011-12-14,18.0200,18.0500,17.7800,17.8800,15.1241,32800
2011-12-15,18.1100,18.1100,17.8800,17.8800,15.1241,12300
2011-12-16,18.0500,18.1400,17.8900,17.9700,15.2351,5000
2011-12-19,18.0700,18.0700,17.4500,17.4800,14.8197,17100
2011-12-20,18.0900,18.4200,18.0700,18.4200,15.6167,16800
2011-12-21,18.4600,19.1400,18.0300,18.5200,15.7014,40400
2011-12-22,18.6100,18.8500,18.5700,18.8500,15.9812,8100
2011-12-23,18.8400,18.9400,18.8300,18.9400,16.0575,21100
2011-12-27,18.9400,18.9900,18.8400,18.8400,15.9727,36700
2011-12-28,18.9200,18.9200,18.4300,18.4400,15.6336,6400
2011-12-29,18.5200,18.7300,18.5200,18.7200,15.8710,25200
2011-12-30,18.7300,18.8300,18.7300,18.7600,15.9049,57200
2012-01-03,19.4400,19.6100,19.3500,19.3700,16.4221,77900
2012-01-04,19.2800,19.4600,19.1100,19.4100,16.4560,151700
2012-01-05,19.2800,19.6600,19.2100,19.5500,16.5747,31600
2012-01-06,19.5700,19.6200,19.4500,19.5400,16.5662,50500
2012-01-09,19.6000,19.7200,19.5500,19.5500,16.5747,3200
2012-01-10,19.6500,20.1500,19.6500,20.0600,17.0071,256400
2012-01-11,20.0300,20.2300,19.9900,20.2200,17.1427,45200
2012-01-12,20.2800,20.3400,20.0600,20.3000,17.2105,51200
2012-01-13,20.0100,20.0700,19.8700,20.0700,17.0155,26700
2012-01-17,20.3400,20.3400,20.0500,20.0700,17.0155,26800
2012-01-18,20.0300,20.6400,19.8000,20.6400,17.4988,66500
2012-01-19,20.8200,20.9600,20.8000,20.8900,17.7107,45900
2012-01-20,20.8600,20.8700,20.7700,20.8000,17.6344,92900
2012-01-23,21.0000,21.1200,20.8800,20.9500,17.7616,17100
2012-01-24,20.6100,21.0800,20.5300,21.0400,17.8379,271100
2012-01-25,20.9500,21.3000,20.8700,21.3000,18.0584,240700
2012-01-26,21.3300,21.3500,21.0800,21.0800,17.8718,19700
2012-01-27,20.7800,21.0800,20.7800,21.0800,17.8718,234200
2012-01-30,20.6600,20.8800,20.6000,20.8600,17.6853,88300
2012-01-31,21.0000,21.0000,20.7500,20.7800,17.6175,87300
2012-02-01,21.0800,21.3200,20.8900,21.1700,17.9481,120100
2012-02-02,21.2300,21.3600,21.1400,21.2600,18.0244,460700
2012-02-03,21.6500,21.9500,21.6500,21.9000,18.5670,97700
2012-02-06,21.8100,21.9100,21.7300,21.9000,18.5670,33700
2012-02-07,21.8200,21.9900,21.7000,21.9300,18.5925,341400
2012-02-08,21.9600,22.1500,21.8900,22.0400,18.6857,605700
2012-02-09,22.1500,22.1700,21.9300,22.1200,18.7535,81600
2012-02-10,21.7500,21.8500,21.6700,21.7600,18.4483,37000
2012-02-13,22.0600,22.0600,21.8400,22.0300,18.6772,52300
2012-02-14,21.9500,21.9500,21.6400,21.8200,18.4992,19100
2012-02-15,21.9500,22.0000,21.7000,21.7800,18.4653,25200
2012-02-16,21.7900,22.1800,21.7800,22.1600,18.7875,87800
2012-02-17,22.3200,22.3200,22.1100,22.2400,18.8553,21700
2012-02-21,22.3100,22.4000,22.1400,22.2200,18.8383,19800
2012-02-22,22.2200,22.2200,21.9300,21.9300,18.5925,169100
2012-02-23,22.0400,22.2000,21.9200,22.2000,18.8214,17100
2012-02-24,22.2900,22.2900,22.1400,22.1600,18.7875,12600
2012-02-27,22.5600,22.5600,21.8800,22.1600,18.7875,28700
2012-02-28,22.1200,22.2700,21.7900,22.1200,18.7535,370300
2012-02-29,22.1800,22.2400,21.8200,21.8200,18.4992,44500
2012-03-01,21.9700,22.2000,21.9700,22.0300,18.6772,70000
2012-03-02,22.0600,22.0600,21.7700,21.8800,18.5501,26800
2012-03-05,21.6700,21.6700,21.3500,21.4400,18.1770,67300
2012-03-06,21.0600,21.0600,20.7500,20.8200,17.6514,210400
2012-03-07,20.9900,21.1600,20.9400,21.1200,17.9057,178200
2012-03-08,21.3600,21.5400,21.2600,21.4700,18.2025,47900
2012-03-09,21.5700,21.8200,21.5400,21.6400,18.3466,43200
2012-03-12,21.7000,21.7000,21.4000,21.4600,18.1940,10000
2012-03-13,21.7800,22.1600,21.7500,22.1500,18.7790,22300
2012-03-14,22.2100,22.2400,22.0100,22.0700,18.7112,410600
2012-03-15,22.1400,22.4700,22.1100,22.4300,19.0164,167000
2012-03-16,22.7200,22.7200,22.4300,22.5500,19.1454,25400
2012-03-19,22.5400,22.8200,22.5300,22.6600,19.2388,67800
2012-03-20,22.4400,22.4400,22.1900,22.4100,19.0266,102300
2012-03-21,22.4400,22.4800,22.3000,22.3200,18.9501,21300
2012-03-22,22.0700,22.0700,21.7200,21.8200,18.5256,62600
2012-03-23,21.7100,22.0400,21.7100,22.0300,18.7039,84500
2012-03-26,22.3300,22.3300,22.1300,22.2700,18.9077,176700
2012-03-27,22.3300,22.3300,22.1300,22.1400,18.7973,18200
2012-03-28,22.0700,22.0900,21.7200,21.9200,18.6105,108100
2012-03-29,21.7300,21.8400,21.5300,21.8100,18.5171,22400
2012-03-30,22.0000,22.0000,21.7000,21.9000,18.5936,9000
2012-04-02,21.8400,22.2600,21.8400,22.1400,18.7973,32300
2012-04-03,22.1000,22.1000,21.7400,21.9300,18.6190,99700
2012-04-04,21.6700,21.6900,21.4500,21.5300,18.2794,48300
2012-04-05,21.5600,21.6200,21.3600,21.4200,18.1860,69600
2012-04-09,21.0000,21.0800,20.7500,21.0100,17.8379,28000
2012-04-10,20.8700,20.9900,20.1900,20.4900,17.3964,99300
2012-04-11,20.7300,20.8800,20.7300,20.7400,17.6087,6100
2012-04-12,20.9300,21.3700,20.9200,21.3500,18.1266,28000
2012-04-13,21.1700,21.1700,20.8700,20.8700,17.7191,9800
2012-04-16,20.8900,21.0500,20.6900,20.8200,17.6766,33300
2012-04-17,21.0500,21.3100,21.0500,21.2200,18.0162,8700
2012-04-18,21.0700,21.1300,20.9300,20.9500,17.7870,45000
2012-04-19,21.0800,21.1300,20.7700,20.9100,17.7530,76100
2012-04-20,20.9900,21.0200,20.7900,20.7900,17.6511,25300
2012-04-23,20.4600,20.5500,20.2900,20.5200,17.4219,4000
2012-04-24,19.9000,20.7900,19.8300,20.7200,17.5917,17100
2012-04-25,20.9900,21.0600,20.8300,21.0500,17.8719,24800
2012-04-26,21.0500,21.3000,20.8700,21.3000,18.0841,162200
2012-04-27,21.2500,21.3100,21.1200,21.3100,18.0926,11900
2012-04-30,21.2200,21.2200,20.2900,21.1900,17.9907,37000
2012-05-01,21.2100,21.6200,21.2100,21.4300,18.1945,55000
2012-05-02,21.3400,21.3400,21.1700,21.2300,18.0247,189000
2012-05-03,20.5700,21.2200,20.5700,20.8200,17.6766,26000
2012-05-04,20.6400,20.6400,20.2700,20.3400,17.2691,13000
2012-05-07,20.2000,20.4100,20.1700,20.3000,17.2351,143000
2012-05-08,20.0200,20.1200,19.7300,20.1200,17.0823,11400
2012-05-09,19.6900,20.0800,19.6800,20.0700,17.0398,34800
2012-05-10,20.1400,20.1900,19.9300,19.9500,16.9380,21000
2012-05-11,19.6600,20.0900,19.6600,19.8800,16.8785,12000
2012-05-14,19.5500,19.6500,19.4700,19.4800,16.5389,130900
2012-05-15,19.5300,19.5300,19.1300,19.1700,16.2757,40000
2012-05-16,19.3300,19.4400,18.8600,18.8600,16.0125,24600
2012-05-17,18.8700,18.9200,18.3900,18.4300,15.6474,160900
2012-05-18,18.4900,18.5100,18.1000,18.1300,15.3927,272100
2012-05-21,18.2100,18.6700,18.2100,18.6700,15.8512,120000
2012-05-22,18.7100,19.0000,18.5500,18.6800,15.8597,50600
2012-05-23,18.4200,18.7500,18.2400,18.7500,15.9191,475000
2012-05-24,18.9000,18.9000,18.4900,18.7000,15.8767,214800
2012-05-25,18.6800,18.7800,18.6700,18.7200,15.8937,4700
2012-05-29,19.0300,19.1800,18.9400,18.9600,16.0974,14300
2012-05-30,18.8000,18.8000,18.5000,18.5100,15.7154,22100
2012-05-31,18.4500,18.5400,18.0500,18.4000,15.6220,205500
2012-06-01,17.9000,17.9100,17.6100,17.6100,14.9513,437500
2012-06-04,17.6500,17.6700,17.2400,17.4300,14.7984,152400
2012-06-05,17.5000,17.8200,17.5000,17.8100,15.1211,309900
2012-06-06,18.0000,18.4200,18.0000,18.3700,15.5965,31300
2012-06-07,18.7800,18.8200,18.3200,18.3200,15.5541,36300
2012-06-08,18.2700,18.4200,17.9200,18.4200,15.6390,15500
2012-06-11,18.6500,18.6500,17.9100,17.9100,15.2060,38500
2012-06-12,18.0800,18.2900,17.9000,18.2600,15.5031,266500
2012-06-13,18.2100,18.2800,18.0300,18.0400,15.3163,21200
2012-06-14,18.0300,18.2300,17.9700,18.1700,15.4267,17400
2012-06-15,18.2700,18.4700,18.1800,18.4700,15.7264,27300
2012-06-18,18.3000,18.4200,18.2700,18.3900,15.6583,356600
2012-06-19,18.5400,18.9200,18.5300,18.8400,16.0415,232200
2012-06-20,18.8400,19.0600,18.7000,18.8600,16.0585,88100
2012-06-21,18.8400,18.9000,18.1300,18.1300,15.4369,14000
2012-06-22,18.1800,18.3200,18.1600,18.3200,15.5987,4400
2012-06-25,17.8200,17.8400,17.4200,17.7300,15.0963,2800
2012-06-26,17.6700,17.8700,17.6500,17.8700,15.2155,30600
2012-06-27,18.0000,18.3000,17.9900,18.3000,15.5817,15200
2012-06-28,18.2700,18.3800,18.0200,18.3800,15.6498,85500
2012-06-29,18.8900,19.0700,18.7300,19.0700,16.2373,79300
2012-07-02,19.2600,19.2700,18.8700,19.0200,16.1947,443400
2012-07-03,19.1300,19.4500,19.1300,19.4300,16.5438,28900
2012-07-05,19.2900,19.3700,19.1700,19.2200,16.3650,65600
2012-07-06,18.8700,18.9500,18.7800,18.9200,16.1096,41000
2012-07-09,18.7300,18.7300,18.6500,18.7200,15.9393,3900
2012-07-10,18.7600,18.7600,18.2300,18.3100,15.5902,18200
2012-07-11,18.3700,18.5000,18.3000,18.3400,15.6157,42300
2012-07-12,18.0300,18.2000,18.0300,18.2000,15.4965,25700
2012-07-13,18.3200,18.6500,18.3200,18.6100,15.8456,33800
2012-07-16,18.5700,18.6100,18.4000,18.5500,15.7945,50100
2012-07-17,18.6900,18.7600,18.3400,18.7100,15.9308,65600
2012-07-18,18.8200,18.9800,18.7900,18.8600,16.0585,27600
2012-07-19,18.9600,19.0400,18.9000,18.9300,16.1181,27000
2012-07-20,18.7900,18.8400,18.6300,18.6500,15.8797,32700
2012-07-23,18.2100,18.3900,18.1300,18.3900,15.6583,11700
2012-07-24,18.2000,18.2700,18.0000,18.1100,15.4199,50200
2012-07-25,18.3100,18.3100,18.0300,18.0500,15.3688,20600
2012-07-26,18.5900,18.6000,18.4100,18.5600,15.8031,15900
2012-07-27,18.8000,19.2400,18.7000,19.1100,16.2714,22700
2012-07-30,19.1700,19.1700,18.9300,19.0500,16.2203,34000
2012-07-31,19.0000,19.1600,18.9700,18.9900,16.1692,18400
2012-08-01,19.0800,19.0800,18.9000,18.9800,16.1607,30900
2012-08-02,18.8500,18.9200,18.5500,18.6700,15.8967,62200
2012-08-03,19.1800,19.4000,19.1800,19.3400,16.4672,67300
2012-08-06,19.5600,19.6000,19.4800,19.4900,16.5949,56800
2012-08-07,19.6000,20.0100,19.6000,19.8800,16.9270,98700
2012-08-08,19.7500,19.9700,19.7500,19.9000,16.9440,9700
2012-08-09,19.8800,20.1400,19.8800,20.1000,17.1143,19100
2012-08-10,20.0100,20.1300,19.9500,20.1200,17.1313,10800
2012-08-13,19.9900,20.0300,19.9200,20.0300,17.0547,6800
2012-08-14,20.2000,20.2000,19.9500,19.9600,16.9951,6400
2012-08-15,20.0000,20.0700,19.9800,20.0700,17.0888,17300
2012-08-16,20.0900,20.4100,20.0700,20.3400,17.3186,263900
2012-08-17,20.4300,20.4400,20.3500,20.4100,17.3783,173400
2012-08-20,20.2300,20.3700,20.2200,20.3700,17.3442,7300
2012-08-21,20.4900,20.7500,20.3700,20.4000,17.3697,41600
2012-08-22,20.3800,20.5200,20.2700,20.4400,17.4038,1638900
2012-08-23,20.3400,20.3400,20.1100,20.1100,17.1228,83600
2012-08-24,20.0000,20.3000,19.9900,20.2600,17.2505,92800
2012-08-27,20.3400,20.3400,20.1200,20.1200,17.1313,21200
2012-08-28,20.1000,20.2000,20.0400,20.1000,17.1143,12600
2012-08-29,20.1200,20.1400,19.9600,20.1000,17.1143,12400
2012-08-30,19.9200,19.9200,19.7200,19.7700,16.8333,156000
2012-08-31,19.9300,20.0200,19.8200,19.9500,16.9866,139000
2012-09-04,19.9600,19.9600,19.6500,19.7900,16.8503,85900
2012-09-05,19.8100,19.8300,19.7000,19.7700,16.8333,50800
2012-09-06,19.9100,20.4800,19.9100,20.4000,17.3697,818900
2012-09-07,20.6000,20.8800,20.6000,20.8800,17.7784,24100
2012-09-10,20.9300,20.9900,20.7200,20.7200,17.6422,155800
2012-09-11,20.8000,21.0300,20.8000,21.0300,17.9062,177100
2012-09-12,21.1700,21.2500,21.0700,21.2100,18.0594,77200
2012-09-13,21.1300,21.7900,21.0500,21.6700,18.4511,66300
2012-09-14,21.8400,22.3500,21.8400,22.1700,18.8768,65900
2012-09-17,21.9400,23.8500,21.7400,21.8400,18.5958,827900
2012-09-18,21.7900,21.8500,21.5400,21.6500,18.4341,450500
2012-09-19,21.7000,21.7600,21.6100,21.7000,18.4766,33400
2012-09-20,21.4200,21.5200,21.2600,21.4900,18.2978,402500
2012-09-21,21.6400,21.6400,21.4000,21.4000,18.2356,21400
2012-09-24,21.1900,21.3300,21.1400,21.2600,18.1163,22600
2012-09-25,21.3000,21.3000,20.7100,20.7500,17.6817,282500
2012-09-26,20.6700,20.6700,20.3700,20.5100,17.4772,748300
2012-09-27,20.6900,20.9000,20.6000,20.8600,17.7755,276500
2012-09-28,20.7400,20.7900,20.6300,20.6800,17.6221,81400
2012-10-01,20.8200,21.0300,20.6500,20.7100,17.6476,46300
2012-10-02,20.8000,20.8400,20.6700,20.7300,17.6647,27700
2012-10-03,20.7300,20.7600,20.6200,20.6800,17.6221,9100
2012-10-04,20.9700,21.0500,20.8800,21.0500,17.9374,78900
2012-10-05,21.2200,21.2800,20.9700,21.0200,17.9118,51700
2012-10-08,20.8800,20.9900,20.8800,20.9400,17.8436,25400
2012-10-09,20.9800,21.0400,20.8200,20.8200,17.7414,30100
2012-10-10,20.8100,20.8200,20.5800,20.6200,17.5710,11700
2012-10-11,20.8900,21.0200,20.8400,20.8900,17.8010,945600
2012-10-12,20.8200,20.8200,20.5400,20.6400,17.5880,52800
2012-10-15,20.6200,20.8800,20.6200,20.8600,17.7755,44600
2012-10-16,20.9800,21.2100,20.9700,21.1600,18.0311,521200
2012-10-17,21.2300,21.4500,21.1900,21.4400,18.2697,36000
2012-10-18,21.3700,21.5600,21.3400,21.4400,18.2697,30200
2012-10-19,21.2700,21.2900,20.8900,20.9600,17.8607,82600
2012-10-22,20.9500,21.1200,20.7600,20.9700,17.8692,40100
2012-10-23,20.4600,20.6600,20.4100,20.6100,17.5624,38500
2012-10-24,20.6200,20.6300,20.3900,20.4100,17.3920,17000
2012-10-25,20.5400,20.5600,20.3400,20.5100,17.4772,9500
2012-10-26,20.4700,20.4800,20.2500,20.3900,17.3750,24400
2012-10-31,20.4500,20.4500,20.3200,20.4200,17.4005,31000
2012-11-01,20.5200,20.8600,20.5200,20.8600,17.7755,208000
2012-11-02,20.9700,21.0300,20.5400,20.5500,17.5113,139100
2012-11-05,20.5000,20.7700,20.5000,20.7000,17.6391,26000
2012-11-06,20.8300,21.0700,20.8100,20.9900,17.8862,399200
2012-11-07,20.6700,20.6700,20.2200,20.3400,17.3324,306600
2012-11-08,20.3600,20.4800,20.0400,20.0700,17.1023,436800
2012-11-09,19.9500,20.3300,19.9500,20.0300,17.0682,47700
2012-11-12,20.1900,20.2100,20.0700,20.1600,17.1790,34600
2012-11-13,19.9900,20.2800,19.9900,20.0400,17.0767,40400
2012-11-14,20.1100,20.1100,19.5700,19.6400,16.7359,84500
2012-11-15,19.6400,19.8200,19.1800,19.6900,16.7785,62500
2012-11-16,19.6700,19.8100,19.4500,19.7700,16.8466,100100
2012-11-19,20.2800,20.2800,20.1400,20.2700,17.2727,49700
2012-11-20,20.2000,20.3000,20.1000,20.2500,17.2557,12400
2012-11-21,20.2800,20.3600,20.2100,20.3600,17.3494,33400
2012-11-23,20.4200,20.6600,20.4200,20.6500,17.5965,5400
2012-11-26,20.5700,20.5700,20.4000,20.5600,17.5198,60200
2012-11-27,20.5800,20.5800,20.3600,20.4100,17.3920,42500
2012-11-28,20.2500,20.6100,20.1100,20.6100,17.5624,104400
2012-11-29,20.7500,20.8400,20.6300,20.7700,17.6988,144800
2012-11-30,20.8300,20.8300,20.6800,20.7900,17.7158,29200
2012-12-03,20.9500,20.9500,20.6400,20.6700,17.6136,16100
2012-12-04,20.7600,20.7900,20.5600,20.6800,17.6221,38200
2012-12-05,20.6900,20.9300,20.6900,20.8100,17.7329,619800
2012-12-06,20.8800,20.9500,20.8500,20.9400,17.8436,38000
2012-12-07,21.0400,21.1300,21.0100,21.1300,18.0055,29700
2012-12-10,21.0600,21.1900,21.0600,21.1800,18.0482,26700
2012-12-11,21.2800,21.4500,21.2800,21.3800,18.2186,30400
2012-12-12,21.5000,21.6500,21.4100,21.4500,18.2782,41200
2012-12-13,21.4300,21.5000,21.2300,21.2900,18.1419,31500
2012-12-14,21.2700,21.4000,21.2700,21.3300,18.1760,334000
2012-12-17,21.5000,21.6100,21.4200,21.6100,18.4146,83900
2012-12-18,21.7000,22.1000,21.7000,22.1000,18.8321,55400
2012-12-19,22.1200,22.2000,22.0100,22.0100,18.7554,93900
2012-12-20,22.0000,22.1900,22.0000,22.1700,18.8918,170800
2012-12-21,21.6400,21.8300,21.6300,21.8200,18.6710,69800
2012-12-24,21.7100,21.7300,21.6700,21.7200,18.5854,20900
2012-12-26,21.7800,21.8900,21.6900,21.7000,18.5683,10300
2012-12-27,21.7100,21.7200,21.3400,21.6400,18.5170,34500
2012-12-28,21.4300,21.5500,21.3100,21.3200,18.2432,116700
2012-12-31,21.4600,21.9300,21.3800,21.9200,18.7566,69500
2013-01-02,22.4700,22.5500,22.3200,22.5500,19.2956,109000
2013-01-03,22.5100,22.7700,22.4700,22.5800,19.3213,465900
2013-01-04,22.6300,22.9100,22.6300,22.8900,19.5866,78800
2013-01-07,22.7700,22.8300,22.6900,22.8000,19.5096,43000
2013-01-08,22.7400,22.7400,22.4800,22.6100,19.3470,45200
2013-01-09,22.7100,22.7800,22.5800,22.6600,19.3898,101400
2013-01-10,22.8200,22.8800,22.6500,22.8700,19.5695,36500
2013-01-11,22.8100,22.8100,22.6700,22.7900,19.5010,70800
2013-01-14,22.6400,22.6900,22.6100,22.6800,19.4069,5100
2013-01-15,22.6300,22.8600,22.6300,22.8500,19.5523,20200
2013-01-16,22.8300,22.9000,22.8200,22.8700,19.5695,232500
2013-01-17,22.9600,23.1500,22.9600,23.0900,19.7577,69200
2013-01-18,23.1300,23.1700,22.9900,23.1600,19.8176,83100
2013-01-22,23.1800,23.4100,23.0900,23.4100,20.0315,83500
2013-01-23,23.4200,23.4300,23.2900,23.3900,20.0144,280900
2013-01-24,23.4600,23.6300,23.3400,23.4400,20.0572,75800
2013-01-25,23.5500,23.7000,23.5200,23.7000,20.2797,82100
2013-01-28,23.7500,23.7500,23.4700,23.5800,20.1770,79400
2013-01-29,23.5400,23.6700,23.5000,23.6100,20.2027,124200
2013-01-30,23.6200,23.6900,23.4700,23.4700,20.0829,84500
2013-01-31,23.4900,23.6800,23.3800,23.6000,20.1941,4773600
2013-02-01,23.7400,23.9300,23.6800,23.8400,20.3995,551200
2013-02-04,23.7200,23.7400,23.5500,23.5800,20.1770,52400
2013-02-05,23.8100,23.9100,23.7000,23.8700,20.4251,152500
2013-02-06,23.7000,23.9100,23.6800,23.9100,20.4594,46800
2013-02-07,23.9100,23.9100,23.5600,23.7800,20.3481,94100
2013-02-08,23.8500,23.9000,23.8100,23.9000,20.4508,59000
2013-02-11,23.9000,23.9600,23.8200,23.9300,20.4765,95300
2013-02-12,23.9800,24.1900,23.9800,24.1400,20.6562,83700
2013-02-13,24.1600,24.2500,24.0800,24.1500,20.6647,46500
2013-02-14,24.1100,24.3400,24.0300,24.3100,20.8016,32600
2013-02-15,24.3500,24.3500,24.0300,24.1100,20.6305,67700
2013-02-19,24.1300,24.3200,24.1300,24.3200,20.8102,44300
2013-02-20,24.3100,24.3100,23.6000,23.6300,20.2198,307000
2013-02-21,23.5000,23.5000,23.0500,23.2500,19.8946,210400
2013-02-22,23.4700,23.5000,23.2700,23.5000,20.1085,72900
2013-02-25,23.6500,23.6800,22.7100,22.7100,19.4325,95000
2013-02-26,22.8900,22.9300,22.5700,22.8600,19.5609,336800
2013-02-27,22.8100,23.3000,22.8100,23.2200,19.8689,60800
2013-02-28,23.2800,23.4000,23.1800,23.1800,19.8347,152700
2013-03-01,23.0000,23.2000,22.8700,23.1000,19.7663,349100
2013-03-04,23.0700,23.1600,22.9400,23.1400,19.8005,55200
2013-03-05,23.3300,23.6200,23.3300,23.4800,20.0914,128700
2013-03-06,23.7200,23.7600,23.5900,23.6700,20.2540,73700
2013-03-07,23.7500,23.9300,23.7300,23.9100,20.4594,97000
2013-03-08,24.0600,24.1800,23.9700,24.1300,20.6476,75400
2013-03-11,24.1700,24.2800,24.0500,24.2800,20.7760,121400
2013-03-12,24.2800,24.3300,24.1100,24.2200,20.7246,192100
2013-03-13,24.2900,24.3100,24.1500,24.2800,20.7760,69800
2013-03-14,24.4100,24.5000,24.3700,24.4600,20.9300,32800
2013-03-15,24.4200,24.4900,24.3400,24.4200,20.9223,96200
2013-03-18,24.0800,24.2900,23.9700,24.1400,20.6824,96300
2013-03-19,24.1900,24.1900,23.7000,23.8800,20.4596,111200
2013-03-20,24.1000,24.1900,24.0000,24.1200,20.6653,45500
2013-03-21,23.9400,24.0100,23.7500,23.7700,20.3654,39600
2013-03-22,23.8100,23.8600,23.7400,23.8200,20.4082,64100
2013-03-25,23.9800,23.9800,23.5800,23.7000,20.3054,32000
2013-03-26,23.8500,23.9000,23.7500,23.8900,20.4682,22600
2013-03-27,23.7000,23.8800,23.6000,23.8700,20.4511,58300
2013-03-28,23.8400,23.9300,23.8000,23.9200,20.4939,47400
2013-04-01,23.9300,23.9300,23.5100,23.5600,20.1855,601600
2013-04-02,23.5700,23.6200,23.3400,23.3900,20.0398,62300
2013-04-03,23.4200,23.4200,22.8800,22.9500,19.6628,125500
2013-04-04,22.9800,23.0800,22.9000,23.0300,19.7314,22500
2013-04-05,22.6400,23.0200,22.5000,23.0100,19.7142,44400
2013-04-08,23.0600,23.3000,22.9100,23.3000,19.9627,46800
2013-04-09,23.3300,23.6900,23.2800,23.6000,20.2197,46500
2013-04-10,23.6100,23.9100,23.6100,23.8800,20.4596,49700
2013-04-11,23.7600,24.0700,23.7600,23.9300,20.5025,1063600
2013-04-12,23.8300,23.8300,23.5100,23.6400,20.2540,52600
2013-04-15,23.4600,23.4600,22.6500,22.6500,19.4058,91300
2013-04-16,22.8900,23.1400,22.7800,23.1400,19.8256,150800
2013-04-17,22.8800,22.8800,22.3600,22.5400,19.3116,69600
2013-04-18,22.6500,22.6500,22.2500,22.3700,19.1659,190600
2013-04-19,22.4500,22.5600,22.2800,22.5600,19.3287,50900
2013-04-22,22.6300,22.7300,22.2800,22.6900,19.4401,31800
2013-04-23,22.7900,23.1100,22.7900,23.0400,19.7399,39300
2013-04-24,23.1000,23.4600,23.1000,23.4100,20.0569,79900
2013-04-25,23.5500,23.8700,23.5500,23.6400,20.2540,71800
2013-04-26,23.6100,23.6100,23.4000,23.5200,20.1512,50100
2013-04-29,23.6700,23.7900,23.6000,23.7400,20.3397,35700
2013-04-30,23.6500,23.8300,23.5600,23.8300,20.4168,26200
2013-05-01,23.7500,23.7500,23.4600,23.5100,20.1426,54900
2013-05-02,23.6000,23.9500,23.6000,23.8900,20.4682,61100
2013-05-03,24.2000,24.5800,24.1700,24.4300,20.9309,201600
2013-05-06,24.5000,24.7600,24.5000,24.6900,21.1536,154300
2013-05-07,24.8400,24.9400,24.6600,24.9000,21.3335,106000
2013-05-08,24.9100,25.1900,24.8700,25.1900,21.5820,134800
2013-05-09,25.1700,25.2900,25.0500,25.0900,21.4963,61400
2013-05-10,25.1500,25.3300,25.0500,25.3300,21.7019,105300
2013-05-13,25.2500,25.3400,25.2100,25.2600,21.6420,139200
2013-05-14,25.2900,25.6900,25.2900,25.6900,22.0104,212200
2013-05-15,25.6200,25.8300,25.5600,25.7600,22.0704,37700
2013-05-16,25.6200,25.7500,25.4700,25.5000,21.8476,47700
2013-05-17,25.7000,26.0000,25.6500,25.9900,22.2674,103800
2013-05-20,25.9500,26.2500,25.9500,26.1200,22.3788,206500
2013-05-21,26.1500,26.2400,25.9800,26.0800,22.3445,97300
2013-05-22,26.1300,26.4000,25.5100,25.6400,21.9675,121900
2013-05-23,25.2100,25.6600,25.1100,25.6300,21.9590,155600
2013-05-24,25.4100,25.5400,25.2400,25.5300,21.8733,132500
2013-05-28,25.9200,26.0300,25.7100,25.8400,22.1389,86500
2013-05-29,25.7100,25.8500,25.5500,25.7500,22.0618,177500
2013-05-30,25.8900,26.1000,25.7300,25.9400,22.2246,83500
2013-05-31,25.8700,26.0200,25.5000,25.5000,21.8476,80800
2013-06-03,25.6200,25.6800,25.1000,25.5400,21.8819,864900
2013-06-04,25.5600,25.7400,25.1500,25.2900,21.6677,129400
2013-06-05,25.2600,25.2600,24.8400,24.8400,21.2821,76700
2013-06-06,24.8800,25.1900,24.7600,25.1800,21.5734,55300
2013-06-07,25.4400,25.5800,25.2400,25.5700,21.9076,147600
2013-06-10,25.6200,25.6300,25.4500,25.5800,21.9161,72200
2013-06-11,25.3500,25.3900,25.0700,25.0700,21.4792,56400
2013-06-12,25.2300,25.3600,24.7500,24.7900,21.2393,53600
2013-06-13,24.7800,25.3800,24.7800,25.3400,21.7105,39800
2013-06-14,25.3500,25.4000,25.0100,25.0600,21.4706,47200
2013-06-17,25.3200,25.5400,25.2700,25.4200,21.7791,3902300
2013-06-18,25.4600,25.7700,25.4600,25.7100,22.0275,244200
2013-06-19,25.7700,25.7700,25.3800,25.3800,21.7448,43100
2013-06-20,25.1900,25.1900,24.5400,24.6300,21.1022,218600
2013-06-21,24.7700,24.7700,24.2100,24.5600,21.0799,133000
2013-06-24,24.3200,24.3200,23.6800,24.0500,20.6422,246200
2013-06-25,24.4500,24.5100,24.2300,24.4800,21.0112,164700
2013-06-26,24.7000,24.7400,24.5200,24.6600,21.1657,101900
2013-06-27,24.9200,25.1100,24.9000,25.0100,21.4661,147900
2013-06-28,24.8900,25.0300,24.7700,24.8200,21.3030,53700
2013-07-01,25.0000,25.2800,25.0000,25.1100,21.5520,46800
2013-07-02,25.1200,25.3100,24.9500,25.1200,21.5605,110300
2013-07-03,24.9700,25.1400,24.9000,25.0600,21.5090,41700
2013-07-05,25.2200,25.4600,25.1000,25.4600,21.8524,53800
2013-07-08,25.6700,25.6700,25.4200,25.4400,21.8352,75200
2013-07-09,25.5600,25.7600,25.5600,25.7200,22.0755,68400
2013-07-10,25.7000,25.7700,25.6000,25.7200,22.0755,58000
2013-07-11,26.0900,26.1500,25.9500,26.1100,22.4103,107800
2013-07-12,26.1400,26.2100,26.0800,26.1700,22.4618,62700
2013-07-15,26.3000,26.3000,26.2000,26.2400,22.5218,39100
2013-07-16,26.3100,26.3100,25.9500,26.0700,22.3759,100700
2013-07-17,26.1800,26.2300,26.0600,26.1900,22.4789,43600
2013-07-18,26.2800,26.5700,26.2800,26.5200,22.7622,220600
2013-07-19,26.4300,26.5800,26.3800,26.5800,22.8137,46700
2013-07-22,26.7000,26.7000,26.5400,26.6300,22.8566,110700
2013-07-23,26.7200,26.7400,26.5100,26.5600,22.7965,68100
2013-07-24,26.5800,26.5800,26.1500,26.2400,22.5218,61400
2013-07-25,26.1600,26.3100,26.0500,26.2700,22.5476,30400
2013-07-26,26.1500,26.1500,25.9300,26.1100,22.4103,98700
2013-07-29,26.0900,26.1000,25.8900,25.9800,22.2987,57500
2013-07-30,26.0700,26.1600,26.0200,26.1500,22.4446,70800
2013-07-31,26.1300,26.4200,26.1300,26.1900,22.4789,63600
2013-08-01,26.5200,26.8500,26.5200,26.7900,22.9939,116500
2013-08-02,26.7500,26.8600,26.6200,26.8500,23.0454,27600
2013-08-05,26.7700,26.9200,26.7100,26.8000,23.0025,39900
2013-08-06,26.8300,26.8300,26.4600,26.5300,22.7707,70900
2013-08-07,26.4700,26.4700,26.1700,26.3300,22.5991,58000
2013-08-08,26.5500,26.6500,26.3700,26.6000,22.8308,41400
2013-08-09,26.6000,26.7300,26.5400,26.6600,22.8823,72400
2013-08-12,26.6200,26.7300,26.5700,26.6400,22.8652,30500
2013-08-13,26.7400,26.8000,26.5500,26.7600,22.9682,35200
2013-08-14,26.7500,26.7900,26.6200,26.6200,22.8480,71100
2013-08-15,26.4300,26.4300,26.0800,26.2700,22.5476,72200
2013-08-16,26.2100,26.3800,26.1600,26.2300,22.5133,69600
2013-08-19,26.2200,26.2200,25.7700,25.8000,22.1442,50600
2013-08-20,25.7600,26.2000,25.7100,26.0900,22.3931,67500
2013-08-21,25.9900,26.1400,25.8400,25.9000,22.2300,29100
2013-08-22,26.0600,26.6500,26.0600,26.3600,22.6248,54400
2013-08-23,26.4100,26.4300,26.2600,26.4100,22.6677,23300
2013-08-26,26.4000,26.5600,26.2900,26.2900,22.5647,33100
2013-08-27,25.9900,25.9900,25.5900,25.6100,21.9811,63500
2013-08-28,25.5600,25.8800,25.5500,25.7700,22.1184,58200
2013-08-29,25.7500,26.0300,25.7500,25.8400,22.1785,90100
2013-08-30,25.9200,25.9200,25.5700,25.6200,21.9897,38000
2013-09-03,25.9600,26.1400,25.7900,25.9200,22.2472,27000
2013-09-04,25.9900,26.3600,25.9900,26.3100,22.5819,67300
2013-09-05,26.4100,26.5200,26.4000,26.4400,22.6935,66000
2013-09-06,26.5900,26.6500,26.3000,26.4700,22.7192,46300
2013-09-09,26.5500,26.9700,26.5500,26.9300,23.1141,113100
2013-09-10,27.2000,27.2800,27.1000,27.2400,23.3801,108300
2013-09-11,27.1800,27.3800,27.0900,27.3800,23.5003,62600
2013-09-12,27.3700,27.3900,27.1100,27.1300,23.2857,107800
2013-09-13,27.2100,27.2100,27.0400,27.1900,23.3372,50700
2013-09-16,27.6300,27.6300,27.3400,27.3800,23.5003,156500
2013-09-17,27.4400,27.5400,27.4300,27.5100,23.6119,78600
2013-09-18,27.5300,27.9600,27.4100,27.8600,23.9123,385800
2013-09-19,27.9900,28.0400,27.6600,27.7100,23.7835,167800
2013-09-20,27.7200,27.7400,27.3100,27.3700,23.5308,195300
2013-09-23,27.2600,27.2600,26.9300,27.0700,23.2729,85500
2013-09-24,27.0600,27.4300,27.0000,27.2000,23.3846,40800
2013-09-25,27.2000,27.4500,27.2000,27.3000,23.4706,41000
2013-09-26,27.4200,27.4200,27.2000,27.3000,23.4706,59100
2013-09-27,27.2000,27.2200,27.0800,27.1400,23.3330,63600
2013-09-30,26.7500,27.0900,26.7200,27.0200,23.2299,133600
2013-10-01,27.0000,27.3500,27.0000,27.2800,23.4534,425000
2013-10-02,27.1100,27.4000,27.0700,27.3900,23.5480,56200
2013-10-03,27.3500,27.3500,26.8700,27.1300,23.3244,215400
2013-10-04,27.1700,27.4900,27.1100,27.4400,23.5910,99100
2013-10-07,27.1100,27.3000,27.0900,27.0900,23.2901,32000
2013-10-08,27.0700,27.1500,26.5600,26.5700,22.8430,165600
2013-10-09,26.6200,26.7100,26.2800,26.5800,22.8516,71200
2013-10-10,26.9700,27.3500,26.9700,27.3100,23.4792,76600
2013-10-11,27.2600,27.6400,27.2500,27.5600,23.6941,166700
2013-10-14,27.1400,27.7100,27.1400,27.6900,23.8059,170700
2013-10-15,27.6700,27.7700,27.4000,27.4900,23.6339,104400
2013-10-16,27.7300,27.9500,27.6600,27.9300,24.0122,195500
2013-10-17,27.8000,28.2600,27.8000,28.2500,24.2873,152400
2013-10-18,28.4100,28.5600,28.2800,28.5500,24.5453,222900
2013-10-21,28.5400,28.6700,28.3900,28.4700,24.4765,182900
2013-10-22,28.6300,28.8600,28.5100,28.7200,24.6914,140900
2013-10-23,28.5200,28.5200,28.2200,28.3400,24.3647,186700
2013-10-24,28.4000,28.5500,28.2600,28.5500,24.5453,89100
2013-10-25,28.5600,28.6400,28.4600,28.6400,24.6226,142700
2013-10-28,28.6300,28.6800,28.5200,28.6200,24.6054,91100
2013-10-29,28.6200,28.8600,28.6200,28.8600,24.8118,50800
2013-10-30,28.8900,28.9300,28.5000,28.6900,24.6656,75900
2013-10-31,28.6200,28.7700,28.4800,28.5300,24.5281,184000
2013-11-01,28.6400,28.6900,28.3900,28.6400,24.6226,75000
2013-11-04,28.7900,28.9300,28.7200,28.9300,24.8720,88100
2013-11-05,28.8500,28.8500,28.6500,28.7800,24.7430,70100
2013-11-06,28.8500,28.8900,28.5600,28.6600,24.6398,217500
2013-11-07,28.8200,28.8200,28.0900,28.1200,24.1756,159400
2013-11-08,28.2700,28.6800,28.2400,28.6800,24.6570,41700
2013-11-11,28.6700,28.7900,28.6100,28.7500,24.7172,48700
2013-11-12,28.7300,28.7500,28.4900,28.6100,24.5968,86300
2013-11-13,28.5500,28.9700,28.5500,28.9600,24.8977,250100
2013-11-14,29.0000,29.1600,28.8600,29.1500,25.0611,208500
2013-11-15,29.1500,29.2700,29.1300,29.2300,25.1299,146800
2013-11-18,29.3200,29.3400,28.9200,29.0100,24.9407,91600
2013-11-19,29.0200,29.0900,28.7600,28.8100,24.7688,150000
2013-11-20,28.8800,29.0400,28.6700,28.7700,24.7344,189600
2013-11-21,28.8800,29.2100,28.8800,29.1800,25.0869,50800
2013-11-22,29.1900,29.3000,29.1500,29.2900,25.1815,53400
2013-11-25,29.3500,29.3500,29.1500,29.2100,25.1127,38700
2013-11-26,29.2700,29.4100,29.2200,29.3100,25.1986,50200
2013-11-27,29.3900,29.4700,29.3400,29.4500,25.3190,44700
2013-11-29,29.4900,29.5400,29.3700,29.4000,25.2760,39800
2013-12-02,29.4400,29.5900,29.2700,29.3500,25.2330,88500
2013-12-03,29.1900,29.3400,29.0200,29.1400,25.0525,81400
2013-12-04,29.0100,29.2800,28.8100,29.1100,25.0267,62900
2013-12-05,29.1200,29.1200,28.9100,28.9400,24.8805,156000
2013-12-06,29.2400,29.3500,29.1700,29.2700,25.1643,48300
2013-12-09,29.3100,29.5200,29.3100,29.3400,25.2244,53200
2013-12-10,29.2800,29.5600,29.2800,29.3600,25.2416,50100
2013-12-11,29.3800,29.3800,28.7800,28.8100,24.7688,82900
2013-12-12,28.8400,28.9400,28.7300,28.8200,24.7774,1957000
2013-12-13,28.8500,29.0100,28.8000,28.9300,24.8720,208100
2013-12-16,28.3600,29.3900,28.3600,29.3200,25.2072,69200
2013-12-17,29.3900,29.3900,29.1800,29.3000,25.1901,69700
2013-12-18,29.4000,29.8000,29.0500,29.7800,25.6027,237300
2013-12-19,29.7200,29.8300,29.6800,29.8100,25.6285,101600
2013-12-20,29.8100,30.0200,29.8000,29.9600,25.8355,63600
2013-12-23,30.0700,30.2100,30.0700,30.1800,26.0252,63000
2013-12-24,30.2000,30.3300,30.1800,30.3000,26.1287,21200
2013-12-26,30.3900,30.4800,30.3600,30.4400,26.2494,118000
2013-12-27,30.4900,30.4900,30.3700,30.4200,26.2322,74100
2013-12-30,30.5100,30.5100,30.3700,30.3900,26.2063,78100
2013-12-31,30.4700,30.6000,30.4700,30.6000,26.3874,50700
2014-01-02,30.5200,30.5200,30.2000,30.2500,26.0855,521700
2014-01-03,30.3000,30.4200,30.2000,30.2700,26.1028,120300
2014-01-06,30.3800,30.3800,30.0900,30.1700,26.0166,59000
2014-01-07,30.2400,30.4100,30.2400,30.3500,26.1718,114000
2014-01-08,30.4000,30.5100,30.3400,30.4700,26.2753,87900
2014-01-09,30.5900,30.6100,30.3500,30.5100,26.3098,118000
2014-01-10,30.5800,30.6300,30.4600,30.6300,26.4132,38800
2014-01-13,30.5800,30.5800,29.9600,30.0300,25.8958,151900
2014-01-14,30.1200,30.5300,30.1200,30.5200,26.3184,118200
2014-01-15,30.5900,30.6300,30.5000,30.5900,26.3787,130800
2014-01-16,30.5900,30.5900,30.4000,30.5700,26.3615,89800
2014-01-17,30.5800,30.6200,30.4100,30.4400,26.2494,68100
2014-01-21,30.6400,30.6400,30.2700,30.4600,26.2666,71500
2014-01-22,30.5000,30.6200,30.4700,30.6200,26.4046,72000
2014-01-23,30.4700,30.4700,30.0500,30.2200,26.0597,90300
2014-01-24,29.9400,29.9400,29.2300,29.2500,25.2232,350400
2014-01-27,29.2800,29.4100,28.7000,29.0600,25.0594,363800
2014-01-28,29.1700,29.5000,29.1700,29.4700,25.4129,81200
2014-01-29,29.1300,29.5100,29.0900,29.2100,25.1887,108300
2014-01-30,29.6200,29.7400,29.5100,29.6600,25.5768,129400
2014-01-31,29.1900,29.6900,29.1900,29.4800,25.4216,98400
2014-02-03,29.3200,29.4600,28.5500,28.6100,24.6713,281600
2014-02-04,28.7300,29.0100,28.5900,28.9400,24.9559,414100
2014-02-05,28.8700,28.9300,28.5100,28.8500,24.8783,107300
2014-02-06,28.8400,29.3700,28.8400,29.3500,25.3095,55800
2014-02-07,29.5600,29.8400,29.3900,29.8000,25.6975,179200
2014-02-10,29.8400,29.8400,29.6600,29.7600,25.6630,66400
2014-02-11,29.8700,30.2100,29.8000,30.1300,25.9821,688900
2014-02-12,30.1900,30.3400,30.1600,30.2000,26.0424,643300
2014-02-13,29.9300,30.4400,29.9100,30.4200,26.2322,92300
2014-02-14,30.3500,30.6000,30.3500,30.5400,26.3356,392300
2014-02-18,30.5500,30.7500,30.5400,30.7300,26.4995,206500
2014-02-19,30.6300,30.9200,30.5000,30.5400,26.3356,114600
2014-02-20,30.5700,30.7700,30.4700,30.7300,26.4995,94500
2014-02-21,30.8100,30.9200,30.7700,30.7700,26.5340,1788400
2014-02-24,30.8200,31.2900,30.8200,31.0500,26.7754,324000
2014-02-25,31.0000,31.1100,30.8400,30.9800,26.7151,70100
2014-02-26,30.8400,31.1300,30.8400,30.9600,26.6978,7901800
2014-02-27,30.9400,31.1500,30.8700,31.0900,26.8099,643200
2014-02-28,31.0700,31.3200,30.9500,31.1600,26.8703,277400
2014-03-03,30.8000,30.9900,30.7100,30.8600,26.6116,136500
2014-03-04,31.2000,31.4600,31.2000,31.4300,27.1031,111100
2014-03-05,31.4500,31.5300,31.4200,31.4700,27.1376,41700
2014-03-06,31.5900,31.7500,31.5800,31.6500,27.2928,70800
2014-03-07,31.8400,31.8400,31.5000,31.6200,27.2669,77800
2014-03-10,31.6000,31.6000,31.3000,31.5100,27.1721,65800
2014-03-11,31.5400,31.6300,31.1500,31.2400,26.9393,118100
2014-03-12,31.0300,31.2400,30.9000,31.2200,26.9220,85800
2014-03-13,31.3100,31.3200,30.6000,30.7000,26.4736,119400
2014-03-14,30.6200,30.8200,30.5800,30.6700,26.4477,98100
2014-03-17,30.8700,31.0700,30.8600,30.9600,26.6978,86500
2014-03-18,31.0700,31.3400,31.0300,31.3200,27.0082,70900
2014-03-19,31.3900,31.4300,31.0800,31.2700,26.9651,29600
2014-03-20,31.1800,31.5300,31.1300,31.4700,27.1376,50000
2014-03-21,31.5200,31.6000,31.2200,31.2600,27.0519,74100
2014-03-24,31.3100,31.3500,30.8100,30.9900,26.8183,38300
2014-03-25,31.1200,31.2700,30.9000,31.0900,26.9048,284100
2014-03-26,31.2100,31.2800,30.6800,30.6800,26.5500,292300
2014-03-27,30.6000,30.7600,30.4200,30.5300,26.4202,50800
2014-03-28,30.6100,30.9900,30.6100,30.7500,26.6106,38300
2014-03-31,30.9800,31.1600,30.9300,31.1200,26.9308,178400
2014-04-01,31.2500,31.5200,31.2500,31.5100,27.2683,388300
2014-04-02,31.5700,31.7400,31.4900,31.7000,27.4327,225800
2014-04-03,31.7400,31.7400,31.4300,31.5800,27.3288,44200
2014-04-04,31.7500,31.7500,30.9300,31.0000,26.8269,724600
2014-04-07,30.9200,30.9200,30.1900,30.3600,26.2731,189000
2014-04-08,30.3700,30.5500,30.1300,30.5000,26.3942,60300
2014-04-09,30.6100,30.9900,30.5400,30.9900,26.8183,92100
2014-04-10,30.9100,30.9600,30.1100,30.1500,26.0913,68600
2014-04-11,29.9100,30.1400,29.6200,29.6500,25.6587,246800
2014-04-14,29.8400,30.1200,29.7200,30.0000,25.9615,103100
2014-04-15,30.0100,30.2800,29.6400,30.2300,26.1606,40300
2014-04-16,30.4600,30.7300,30.4100,30.7300,26.5933,79200
2014-04-17,30.7700,31.0300,30.7700,30.9300,26.7663,30700
2014-04-21,30.9800,31.0400,30.8600,31.0200,26.8442,35100
2014-04-22,31.0700,31.4100,31.0500,31.3200,27.1038,28300
2014-04-23,31.3800,31.3800,31.2200,31.2800,27.0692,160600
2014-04-24,31.4900,31.4900,31.0700,31.3000,27.0865,780000
2014-04-25,31.0900,31.1400,30.7300,30.7900,26.6452,98600
2014-04-28,30.8700,30.9500,30.2700,30.6100,26.4894,70100
2014-04-29,30.7500,30.9300,30.7300,30.8800,26.7231,779900
2014-04-30,30.8600,31.1700,30.8000,31.1700,26.9740,243300
2014-05-01,31.1200,31.3500,31.0200,31.1200,26.9308,78700
2014-05-02,31.3100,31.4800,31.1500,31.2100,27.0087,32200
2014-05-05,31.0600,31.2000,30.8300,31.1800,26.9827,48400
2014-05-06,31.2000,31.2000,30.8700,30.8700,26.7144,35400
2014-05-07,31.0100,31.0100,30.6000,31.0000,26.8269,51100
2014-05-08,30.9200,31.3200,30.8100,30.9000,26.7404,1764900
2014-05-09,30.9300,30.9700,30.6800,30.8700,26.7144,153400
2014-05-12,30.9600,31.4800,30.9600,31.4600,27.2250,77000
2014-05-13,31.5300,31.6200,31.4000,31.4300,27.1990,153200
2014-05-14,31.3500,31.3500,31.1100,31.1400,26.9481,32600
2014-05-15,31.0100,31.0100,30.3300,30.6200,26.4981,32500
2014-05-16,30.7200,30.7300,30.4200,30.7200,26.5846,14400
2014-05-19,30.6400,31.0300,30.6400,31.0100,26.8356,26700
2014-05-20,30.9500,30.9500,30.5400,30.6900,26.5587,28900
2014-05-21,30.7400,31.0200,30.7400,31.0000,26.8269,26900
2014-05-22,31.0600,31.3400,31.0100,31.2100,27.0087,70600
2014-05-23,31.2400,31.5200,31.2400,31.5000,27.2596,50900
2014-05-27,31.5900,31.8500,31.5900,31.8200,27.5365,85000
2014-05-28,31.9000,31.9000,31.7200,31.8000,27.5192,1121400
2014-05-29,31.9100,31.9800,31.7600,31.9600,27.6577,41600
2014-05-30,32.0000,32.0000,31.7300,31.8700,27.5798,250700
2014-06-02,31.9000,32.0400,31.6700,32.0300,27.7183,42900
2014-06-03,31.9700,32.0500,31.8500,32.0400,27.7269,88500
2014-06-04,32.0200,32.2800,31.9900,32.2300,27.8913,157300
2014-06-05,32.3300,32.4900,32.1800,32.4400,28.0731,23100
2014-06-06,32.5700,32.8200,32.5700,32.8200,28.4019,172600
2014-06-09,32.8200,32.9800,32.7200,32.8400,28.4192,56500
2014-06-10,32.8500,32.8600,32.6800,32.8500,28.4279,855200
2014-06-11,32.7300,32.8100,32.6300,32.7800,28.3673,54200
2014-06-12,32.8300,32.8300,32.3800,32.4900,28.1164,56700
2014-06-13,32.5800,32.6500,32.3400,32.5800,28.1942,29900
2014-06-16,32.5100,32.6800,32.4200,32.6500,28.2548,363100
2014-06-17,32.6400,32.9900,32.6200,32.9400,28.5058,120300
2014-06-18,32.9100,33.1800,32.7700,33.1800,28.7135,29300
2014-06-19,33.1800,33.2200,32.9500,33.0700,28.6183,59500
2014-06-20,33.0800,33.1000,33.0000,33.0800,28.6911,28200
2014-06-23,33.0600,33.1100,33.0100,33.0500,28.6651,32000
2014-06-24,33.1400,33.4200,32.9000,32.9600,28.5870,54100
2014-06-25,32.8100,33.1700,32.8100,33.1600,28.7605,102100
2014-06-26,33.2100,33.2100,32.8500,33.1600,28.7605,159700
2014-06-27,33.0800,33.2400,33.0700,33.2200,28.8125,20500
2014-06-30,33.2100,33.3500,33.2100,33.2700,28.8559,183700
2014-07-01,33.3500,33.7900,33.3500,33.7200,29.2462,282100
2014-07-02,33.7700,33.7700,33.6200,33.6800,29.2115,528500
2014-07-03,33.7700,34.0000,33.7700,33.9700,29.4630,60100
2014-07-07,33.8500,33.8500,33.5500,33.5700,29.1161,47400
2014-07-08,33.5700,33.5700,33.0100,33.1800,28.7779,47700
2014-07-09,33.2300,33.4300,33.2100,33.4000,28.9687,57700
2014-07-10,32.8700,33.3000,32.8100,33.1700,28.7692,54400
2014-07-11,33.1200,33.3100,33.0400,33.2800,28.8646,38200
2014-07-14,33.7000,33.7000,33.4300,33.5600,29.1074,62100
2014-07-15,33.5800,33.5800,33.1700,33.3600,28.9340,33800
2014-07-16,33.5600,33.5600,33.2500,33.3800,28.9513,369200
2014-07-17,33.2200,33.3100,32.7400,32.7800,28.4309,169300
2014-07-18,32.8800,33.2400,32.8800,33.2300,28.8212,71300
2014-07-21,33.0900,33.2000,32.9900,33.1500,28.7518,173300
2014-07-22,33.2700,33.4600,33.2700,33.4100,28.9773,225500
2014-07-23,33.4700,33.5900,33.4100,33.5700,29.1161,31100
2014-07-24,33.5600,33.6100,33.5000,33.5200,29.0727,38200
2014-07-25,33.3700,33.4200,33.2600,33.3100,28.8906,27900
2014-07-28,33.3400,33.3800,33.0000,33.1500,28.7518,87800
2014-07-29,33.2000,33.3700,33.0500,33.0700,28.6824,43600
2014-07-30,33.1600,33.2400,32.9400,33.0700,28.6824,79100
2014-07-31,32.8000,32.8500,32.2900,32.3200,28.0320,195400
2014-08-01,32.2900,32.4800,31.9200,32.2000,27.9279,101000
2014-08-04,32.3300,32.6000,32.1500,32.5000,28.1881,430900
2014-08-05,32.3500,32.6000,32.1100,32.2500,27.9712,94900
2014-08-06,32.0500,32.4700,32.0000,32.3000,28.0146,59700
2014-08-07,32.5000,32.5000,31.9500,32.0300,27.7804,43500
2014-08-08,32.1100,32.4900,32.1100,32.4600,28.1534,22300
2014-08-11,32.5800,32.7800,32.5700,32.6500,28.3182,25900
2014-08-12,32.6900,32.7100,32.3900,32.5100,28.1968,484100
2014-08-13,32.7400,32.8900,32.6500,32.8300,28.4743,48500
2014-08-14,32.8500,33.0500,32.8300,33.0500,28.6651,53000
2014-08-15,33.2100,33.2100,32.7100,33.0000,28.6217,31800
2014-08-18,33.2500,33.4300,33.2300,33.4100,28.9773,80500
2014-08-19,33.5300,33.6200,33.5300,33.5900,29.1335,54300
2014-08-20,33.5200,33.7900,33.5200,33.7500,29.2722,61500
2014-08-21,33.8500,33.8500,33.6300,33.7700,29.2896,71900
2014-08-22,33.8100,33.9200,33.7000,33.8600,29.3676,70400
2014-08-25,34.0100,34.1500,34.0100,34.0900,29.5671,80700
2014-08-26,34.0800,34.2600,34.0800,34.1900,29.6539,143500
2014-08-27,34.1300,34.1500,34.0200,34.1000,29.5758,31900
2014-08-28,33.9300,34.0200,33.8000,33.9700,29.4630,34400
2014-08-29,34.0500,34.1500,33.9300,34.1000,29.5758,30500
2014-09-02,34.1500,34.3300,34.0700,34.2200,29.6799,86900
2014-09-03,34.3700,34.3700,34.0900,34.1300,29.6018,296800
2014-09-04,34.1900,34.4000,33.9700,34.0400,29.5238,61200
2014-09-05,34.0300,34.1500,33.8100,34.1400,29.6105,31600
2014-09-08,34.1300,34.2500,33.9800,34.1500,29.6192,100700
2014-09-09,34.1300,34.1600,33.7700,33.7900,29.3069,33200
2014-09-10,33.8000,34.0500,33.7600,34.0100,29.4977,22800
2014-09-11,33.8600,34.0500,33.8400,34.0400,29.5238,308500
2014-09-12,34.0400,34.0600,33.8000,33.9200,29.4197,93900
2014-09-15,33.9400,33.9900,33.5200,33.6300,29.1682,58000
2014-09-16,33.4900,33.9800,33.4600,33.9300,29.4284,670700
2014-09-17,34.0400,34.1200,33.7500,33.9700,29.4630,37700
2014-09-18,34.1200,34.2700,34.1100,34.2300,29.6885,75000
2014-09-19,34.3700,34.3700,33.8600,33.9900,29.5054,81200
2014-09-22,33.9000,33.9800,33.3700,33.4900,29.0714,43400
2014-09-23,33.3100,33.5700,33.2600,33.3000,28.9064,1168200
2014-09-24,33.3400,33.7000,33.2400,33.7000,29.2537,21100
2014-09-25,33.5900,33.5900,33.0500,33.1000,28.7328,139300
2014-09-26,33.2300,33.4900,33.1800,33.4200,29.0106,22300
2014-09-29,33.0800,33.3900,32.9700,33.3100,28.9151,194100
2014-09-30,33.3300,33.3800,33.0600,33.1700,28.7936,35200
2014-10-01,33.0600,33.0600,32.4100,32.4600,28.1773,866800
2014-10-02,32.5400,32.6600,32.0200,32.5400,28.2467,99400
2014-10-03,32.8500,33.1200,32.8000,33.0400,28.6807,74300
2014-10-06,33.1600,33.1800,32.7800,32.8800,28.5418,49900
2014-10-07,32.7000,32.7100,32.1600,32.1600,27.9168,1206500
2014-10-08,32.2100,32.7800,31.8100,32.7400,28.4203,101500
2014-10-09,32.6700,32.6700,31.8000,31.8700,27.6651,89800
2014-10-10,31.7500,31.8600,31.0400,31.0400,26.9446,179800
2014-10-13,31.0800,31.2700,30.2800,30.3000,26.3022,277000
2014-10-14,30.5200,30.8900,30.3000,30.5000,26.4759,145100
2014-10-15,30.0000,30.5600,29.5100,30.4600,26.4411,494300
2014-10-16,29.7900,30.7900,29.6200,30.6300,26.5887,203900
2014-10-17,31.0900,31.4300,30.9500,31.1600,27.0488,206100
2014-10-20,31.1400,31.5000,31.1200,31.5000,27.3439,74100
2014-10-21,31.7900,32.4200,31.7900,32.4000,28.1252,123900
2014-10-22,32.4500,32.5100,31.9600,31.9700,27.7519,237800
2014-10-23,32.4000,32.8000,32.3000,32.5100,28.2207,84000
2014-10-24,32.5000,32.8100,32.3800,32.8000,28.4724,100400
2014-10-27,32.7500,32.8000,32.4500,32.7600,28.4377,70500
2014-10-28,32.8900,33.3700,32.8900,33.3500,28.9498,87100
2014-10-29,33.4400,33.4400,32.9900,33.2200,28.8370,109900
2014-10-30,33.1100,33.5800,33.0600,33.4700,29.0540,188100
2014-10-31,34.1800,34.1800,33.8900,34.0100,29.5227,212800
2014-11-03,34.1200,34.2200,33.9500,34.0000,29.5141,87400
2014-11-04,33.8800,33.9300,33.6100,33.8400,29.3752,61300
2014-11-05,34.1000,34.1000,33.8100,33.9100,29.4359,376400
2014-11-06,33.8900,34.1200,33.7700,34.1100,29.6096,70700
2014-11-07,34.1400,34.1400,33.9700,34.0700,29.5748,28700
2014-11-10,34.1400,34.2900,34.1400,34.2900,29.7658,96300
2014-11-11,34.3500,34.4000,34.2500,34.3100,29.7832,239500
2014-11-12,34.1400,34.3200,34.1400,34.3000,29.7745,22500
2014-11-13,34.3700,34.4100,34.0600,34.2800,29.7571,59400
2014-11-14,34.2900,34.3300,34.1300,34.2900,29.7658,31900
2014-11-17,34.2400,34.2400,34.0200,34.1000,29.6009,54300
2014-11-18,34.2800,34.5400,34.2800,34.4600,29.9134,239800
2014-11-19,34.3400,34.4000,34.1600,34.2900,29.7658,22400
2014-11-20,34.1700,34.4500,34.0600,34.3700,29.8352,59400
2014-11-21,34.7500,34.8100,34.5300,34.6000,30.0349,186300
2014-11-24,34.7500,34.8100,34.6900,34.8000,30.2085,151700
2014-11-25,34.8900,34.9500,34.6700,34.7900,30.1998,36600
2014-11-26,34.7400,34.8300,34.7100,34.8000,30.2085,46400
2014-11-28,34.7600,34.7600,34.4100,34.4300,29.8873,157000
2014-12-01,34.3800,34.3800,33.7500,33.9100,29.4359,220700
2014-12-02,33.9800,34.2500,33.9800,34.1900,29.6790,89000
2014-12-03,34.2100,34.5900,34.2100,34.5600,30.0002,376500
2014-12-04,34.4800,34.5900,34.3200,34.4900,29.9394,365500
2014-12-05,34.5300,34.7300,34.5300,34.6200,30.0523,104400
2014-12-08,34.6000,34.6600,34.1000,34.2100,29.6964,71600
2014-12-09,33.8100,34.2900,33.6500,34.2800,29.7571,108300
2014-12-10,34.1400,34.2100,33.5000,33.5400,29.1148,42800
2014-12-11,33.7800,34.1100,33.6000,33.6400,29.2016,36100
2014-12-12,33.4300,33.4900,33.0100,33.0100,28.6547,114600
2014-12-15,33.2700,33.3100,32.6400,32.8000,28.4724,88300
2014-12-16,32.6200,33.2000,32.3800,32.3900,28.1165,67500
2014-12-17,32.4400,33.2900,32.4200,33.1900,28.8109,90300
2014-12-18,33.8200,34.1300,33.7400,34.1100,29.6096,219600
2014-12-19,34.2000,34.4800,34.1100,34.3700,29.9423,44800
2014-12-22,34.4600,34.4600,34.2000,34.3600,29.9336,57200
2014-12-23,34.4900,34.4900,34.3700,34.3800,29.9511,127400
2014-12-24,34.4400,34.5200,34.3500,34.4500,30.0120,20800
2014-12-26,34.4800,34.6400,34.4800,34.5500,30.0992,37000
2014-12-29,34.5000,34.6800,34.5000,34.6400,30.1776,36800
2014-12-30,34.4900,34.5600,34.3900,34.4100,29.9772,20200
2014-12-31,34.4900,34.5300,34.1300,34.1300,29.7333,31800
2015-01-02,34.3800,34.3800,33.8500,34.0500,29.6636,35100
2015-01-05,33.9200,33.9200,33.0400,33.1600,28.8882,72200
2015-01-06,33.1500,33.2000,32.3500,32.6100,28.4091,302700
2015-01-07,33.0000,33.0800,32.7700,32.9300,28.6879,99300
2015-01-08,33.3200,33.6400,33.3200,33.6200,29.2890,92800
2015-01-09,33.7700,33.7700,33.1900,33.3200,29.0276,45600
2015-01-12,33.3600,33.3600,32.7700,32.8400,28.6094,204000
2015-01-13,33.2600,33.4000,32.4800,32.7200,28.5049,74000
2015-01-14,32.3100,32.5000,31.9800,32.4300,28.2523,110000
2015-01-15,32.5500,32.6100,31.8200,31.8200,27.7208,51700
2015-01-16,31.8000,32.4100,31.7500,32.3900,28.2174,60100
2015-01-20,32.6200,32.6200,32.1800,32.5300,28.3394,70300
2015-01-21,32.3500,32.9100,32.3500,32.8400,28.6094,70400
2015-01-22,32.9800,33.4300,32.6600,33.3500,29.0537,337900
2015-01-23,33.2400,33.3900,33.1700,33.2100,28.9318,156900
2015-01-26,33.1200,33.4400,33.0600,33.4300,29.1234,45200
2015-01-27,32.9700,33.2800,32.8000,33.0200,28.7663,96200
2015-01-28,33.2400,33.2400,32.4500,32.4600,28.2784,44200
2015-01-29,32.4300,32.9000,32.2600,32.8900,28.6530,58900
2015-01-30,32.6200,33.0100,32.5400,32.5900,28.3916,49000
2015-02-02,32.7000,33.0100,32.2900,32.9800,28.7314,358300
2015-02-03,33.1700,33.7000,33.1700,33.6800,29.3412,40900
2015-02-04,33.4000,33.6700,33.3900,33.4100,29.1060,55000
2015-02-05,33.5100,33.8000,33.5100,33.7500,29.4022,30300
2015-02-06,33.8500,33.9900,33.6500,33.6500,29.3151,221400
2015-02-09,33.4800,33.6600,33.4400,33.4800,29.1670,42300
2015-02-10,32.8400,33.9600,32.8000,33.9400,29.5677,32700
2015-02-11,33.8800,34.0000,33.7600,33.8900,29.5242,35700
2015-02-12,34.2200,34.5300,34.2200,34.5200,30.0730,37700
2015-02-13,34.5500,34.8300,34.5500,34.8200,30.3344,176600
2015-02-17,34.7300,34.9900,34.7300,34.9300,30.4302,110300
2015-02-18,34.8400,35.0000,34.7300,34.9500,30.4476,26100
2015-02-19,34.8800,35.2100,34.8800,35.1500,30.6219,36100
2015-02-20,35.0300,35.4700,34.9500,35.4700,30.9006,59500
2015-02-23,35.3000,35.3200,35.1400,35.2400,30.7003,97000
2015-02-24,35.2800,35.3800,35.1900,35.3400,30.7874,15300
2015-02-25,35.2000,35.5000,35.1900,35.4300,30.8658,36500
2015-02-26,35.4400,35.4900,35.1000,35.2100,30.6741,22400
2015-02-27,35.3000,35.3000,35.0300,35.0400,30.5260,35000
2015-03-02,35.0300,35.2700,34.9500,35.2500,30.7090,878700
2015-03-03,35.0400,35.2000,35.0000,35.1100,30.5870,59800
2015-03-04,35.0200,35.0200,34.6000,34.9300,30.4302,1320300
2015-03-05,34.8700,34.9900,34.8400,34.9900,30.4825,37300
2015-03-06,34.8100,35.0400,34.4400,34.4900,30.0469,68900
2015-03-09,34.5300,34.5600,34.3500,34.4600,30.0207,724100
2015-03-10,34.1200,34.1200,33.7300,33.7300,29.3848,482900
2015-03-11,33.7500,33.9600,33.7100,33.8600,29.4980,76700
2015-03-12,33.9500,34.2500,33.9500,34.2500,29.8378,52000
2015-03-13,34.1600,34.1600,33.6700,33.9900,29.6113,356300
2015-03-16,34.2500,34.4400,34.0300,34.4400,30.0033,648400
2015-03-17,34.2500,34.4200,34.1400,34.3400,29.9162,31200
2015-03-18,34.2200,35.0500,34.1500,34.9200,30.4215,52400
2015-03-19,34.7400,34.7400,34.4700,34.6500,30.1863,42100
2015-03-20,34.8300,35.1000,34.8300,35.0100,30.5404,25200
2015-03-23,34.9400,35.0800,34.8200,34.8200,30.3747,38900
2015-03-24,34.8000,34.8900,34.7000,34.7100,30.2787,32200
2015-03-25,34.8000,34.8000,34.1400,34.1400,29.7815,71300
2015-03-26,33.9300,34.3100,33.9000,34.1000,29.7466,49300
2015-03-27,34.1500,34.1700,33.9800,34.1300,29.7728,39300
2015-03-30,34.3300,34.6100,34.3300,34.5700,30.1566,53900
2015-03-31,34.4100,34.5100,34.2500,34.3000,29.9211,25200
2015-04-01,34.2800,34.2800,33.9600,34.1800,29.8164,327800
2015-04-02,34.1300,34.5000,34.1300,34.4000,30.0083,72600
2015-04-06,34.2900,34.9000,34.2900,34.7800,30.3398,37500
2015-04-07,34.7700,34.9700,34.7000,34.7000,30.2700,35900
2015-04-08,34.7500,34.9400,34.7200,34.8400,30.3921,24100
2015-04-09,34.8900,35.1800,34.8100,35.1500,30.6626,27300
2015-04-10,35.1600,35.1800,35.0800,35.1700,30.6800,26600
2015-04-13,35.1700,35.2900,35.0800,35.0800,30.6015,20300
2015-04-14,35.1000,35.2600,35.0000,35.2400,30.7411,36000
2015-04-15,35.3700,35.8400,35.3700,35.7600,31.1947,50500
2015-04-16,35.6700,35.8200,35.5400,35.6900,31.1336,31600
2015-04-17,35.3900,35.3900,35.0700,35.2300,30.7324,94600
2015-04-20,35.4800,35.6000,35.4700,35.5100,30.9766,35500
2015-04-21,35.7200,35.7200,35.4100,35.4700,30.9417,56800
2015-04-22,35.3800,35.7500,35.3800,35.6800,31.1249,13200
2015-04-23,35.6900,35.9500,35.6300,35.8400,31.2645,33100
2015-04-24,35.8000,35.8000,35.5800,35.6400,31.0900,37000
2015-04-27,35.7600,35.8100,35.4000,35.4200,30.8981,33800
2015-04-28,35.3900,35.5600,35.3500,35.5500,31.0115,841900
2015-04-29,35.3800,35.7600,35.3800,35.6300,31.0813,509100
2015-04-30,35.5200,35.5700,35.1000,35.2300,30.7324,1202200
2015-05-01,35.3900,35.6500,35.3700,35.5800,31.0377,174900
2015-05-04,35.6700,35.7900,35.5500,35.6200,31.0726,47000
2015-05-05,35.6700,35.8000,35.1700,35.1900,30.6975,126400
2015-05-06,35.3700,35.3700,34.7800,35.0000,30.5317,73100
2015-05-07,34.9200,35.0500,34.7700,35.0100,30.5404,41000
2015-05-08,35.4500,35.5100,35.2400,35.4800,30.9504,456300
2015-05-11,35.4600,35.5400,35.3400,35.3600,30.8458,91800
2015-05-12,35.1000,35.2800,35.0100,35.2000,30.7062,20600
2015-05-13,35.3500,35.4300,35.2100,35.2400,30.7411,50900
2015-05-14,35.5700,35.5700,35.3000,35.4100,30.8894,70600
2015-05-15,35.4400,35.5000,35.2800,35.3600,30.8458,357300
2015-05-18,35.3300,35.5700,35.3100,35.5500,31.0115,177900
2015-05-19,35.5300,35.5300,35.1300,35.1900,30.6975,184700
2015-05-20,35.2500,35.3200,35.0200,35.1700,30.6800,142700
2015-05-21,35.2900,35.5100,35.2700,35.4500,30.9243,60200
2015-05-22,35.3600,35.5000,35.3400,35.3900,30.8719,40000
2015-05-26,35.3000,35.3000,34.7600,34.8100,30.3660,95500
2015-05-27,34.9200,35.2100,34.8100,35.1700,30.6800,926500
2015-05-28,35.1000,35.1000,34.7800,34.9500,30.4881,46400
2015-05-29,34.8700,34.8700,34.6600,34.7200,30.2875,29700
2015-06-01,34.8700,34.8700,34.5300,34.7100,30.2787,462700
2015-06-02,34.6800,35.0800,34.6500,34.9100,30.4532,359500
2015-06-03,34.8900,35.1400,34.8700,34.8800,30.4270,2481800
2015-06-04,34.7700,34.7700,34.4600,34.5100,30.1043,41000
2015-06-05,34.5300,34.8200,34.4100,34.7400,30.3049,174000
2015-06-08,34.6700,34.6700,34.3800,34.4200,30.0258,25900
2015-06-09,34.4000,34.5700,34.3500,34.4100,30.0170,57400
2015-06-10,34.6500,34.9900,34.6500,34.9000,30.4445,29700
2015-06-11,35.0000,35.0000,34.8300,34.8400,30.3921,35300
2015-06-12,34.7600,34.7600,34.5400,34.6200,30.2002,16500
2015-06-15,34.3100,34.5300,34.1900,34.4200,30.0258,56500
2015-06-16,34.4800,34.6500,34.4100,34.6100,30.1915,73900
2015-06-17,34.7100,34.8400,34.4900,34.6600,30.2351,58600
2015-06-18,34.8000,35.0800,34.8000,34.9300,30.4707,57000
2015-06-19,34.8200,34.8200,34.5700,34.5700,30.2832,96800
2015-06-22,34.8800,34.9600,34.8200,34.9400,30.6073,26400
2015-06-23,35.0300,35.0300,34.9000,34.9900,30.6511,71000
2015-06-24,34.9500,34.9500,34.6400,34.6700,30.3708,12500
2015-06-25,34.6400,34.6500,34.3800,34.4200,30.1518,10200
2015-06-26,34.3500,34.3900,34.1800,34.3200,30.0642,29000
2015-06-29,33.8700,34.0100,33.3700,33.3700,29.2320,119900
2015-06-30,33.7100,33.7600,33.4600,33.5400,29.3809,45000
2015-07-01,33.8800,33.8800,33.3800,33.4900,29.3371,343300
2015-07-02,33.5900,33.6300,33.3800,33.4600,29.3108,44700
2015-07-06,33.1200,33.3900,32.9200,33.0700,28.9692,152800
2015-07-07,32.9100,33.3500,32.3800,33.3200,29.1882,52400
2015-07-08,33.0100,33.0100,32.3200,32.4300,28.4086,43800
2015-07-09,32.9000,33.0100,32.6300,32.6800,28.6276,80400
2015-07-10,33.0200,33.0300,32.7600,32.9500,28.8641,388900
2015-07-13,33.1500,33.3500,33.1200,33.3400,29.2057,40000
2015-07-14,33.3900,33.6400,33.3900,33.5700,29.4072,32800
2015-07-15,33.5800,33.5800,33.1100,33.2300,29.1094,44300
2015-07-16,33.5300,33.5300,33.3800,33.4600,29.3108,10600
2015-07-17,33.4900,33.4900,33.1500,33.2200,29.1006,622000
2015-07-20,33.2700,33.2700,32.9600,32.9600,28.8728,41200
2015-07-21,32.9700,33.1000,32.8000,32.8800,28.8028,44900
2015-07-22,32.7000,32.7100,32.5500,32.6200,28.5750,75100
2015-07-23,32.7300,32.8800,32.4700,32.5100,28.4786,67500
2015-07-24,32.4500,32.4500,31.6900,31.8000,27.8567,87200
2015-07-27,31.4300,31.5500,31.2300,31.3100,27.4274,118300
2015-07-28,31.6100,32.0300,31.3400,31.9800,28.0144,44100
2015-07-29,32.0200,32.3500,31.9500,32.3200,28.3122,39200
2015-07-30,32.0300,32.3500,32.0300,32.3500,28.3385,23300
2015-07-31,32.3700,32.4200,32.1300,32.1600,28.1720,42100
2015-08-03,32.1200,32.1500,31.7900,31.8700,27.9180,36800
2015-08-04,31.9800,32.1600,31.8800,31.9900,28.0231,35900
2015-08-05,32.2800,32.5400,32.0700,32.1000,28.1195,106100
2015-08-06,31.9500,32.0800,31.8100,31.9900,28.0231,19700
2015-08-07,31.8900,32.0600,31.6600,31.7700,27.8304,823200
2015-08-10,32.2200,32.6100,32.2100,32.5900,28.5487,24400
2015-08-11,32.2200,32.2200,31.9300,32.1000,28.1195,63900
2015-08-12,31.7500,32.2800,31.4800,32.2100,28.2158,12900
2015-08-13,32.0400,32.1100,31.9700,31.9700,28.0056,28200
2015-08-14,32.1000,32.1000,31.8900,32.0200,28.0494,299500
2015-08-17,31.8700,32.2200,31.7700,32.2100,28.2158,19300
2015-08-18,32.1200,32.1900,31.9300,32.0100,28.0406,42100
2015-08-19,31.8700,31.8700,31.3000,31.5200,27.6114,34700
2015-08-20,31.2100,31.3000,30.5500,30.6100,26.8142,57000
2015-08-21,30.2500,30.4400,29.5700,29.5900,25.9207,170900
2015-08-24,29.0100,29.4000,26.9400,28.2800,24.7732,260800
2015-08-25,29.4100,29.4100,27.8200,27.8200,24.3702,247300
2015-08-26,28.6300,28.9600,28.0600,28.9000,25.3163,388100
2015-08-27,29.4400,30.2700,29.4400,30.2000,26.4551,63300
2015-08-28,30.3100,30.6300,30.3100,30.4600,26.6828,19900
2015-08-31,30.2800,30.7100,30.1000,30.5300,26.7442,31100
2015-09-01,29.7000,30.0200,29.3100,29.4100,25.7630,38100
2015-09-02,29.8700,29.9100,29.3200,29.9000,26.1923,15900
2015-09-03,30.0100,30.5600,29.9200,30.0200,26.2974,100800
2015-09-04,29.6000,29.6900,29.4700,29.5900,25.9207,21600
2015-09-08,30.2400,30.5500,30.0200,30.5500,26.7617,8800
2015-09-09,30.8300,30.9800,30.0300,30.0800,26.3500,26900
2015-09-10,30.2000,30.4500,29.9000,30.2300,26.4814,33700
2015-09-11,30.0300,30.1100,29.7700,30.1100,26.3762,12000
2015-09-14,30.1600,30.1600,29.8800,30.0100,26.2887,16600
2015-09-15,30.1100,30.5200,30.1100,30.4600,26.6828,41800
2015-09-16,30.5600,31.0300,30.5600,31.0100,27.1646,13500
2015-09-17,31.0300,31.4200,30.8100,30.8200,26.9982,60100
2015-09-18,30.2100,30.3000,29.8300,29.9000,26.3075,21200
2015-09-21,30.0200,30.2500,29.8900,29.9500,26.3515,12200
2015-09-22,29.4900,29.4900,29.1700,29.3200,25.7972,26900
2015-09-23,29.3800,29.3800,28.9000,28.9300,25.4541,6800
2015-09-24,28.6600,28.8700,28.3000,28.7700,25.3133,42000
2015-09-25,29.1300,29.1500,28.5600,28.7200,25.2693,21900
2015-09-28,28.4900,28.4900,27.6000,27.6400,24.3191,23400
2015-09-29,27.5600,28.0000,27.5200,27.6700,24.3455,294500
2015-09-30,28.0900,28.4600,28.0100,28.4400,25.0229,27200
2015-10-01,28.6000,28.6300,28.2100,28.5400,25.1109,15700
2015-10-02,28.1600,29.3200,28.0700,29.3200,25.7972,49800
2015-10-05,29.5600,30.2400,29.5600,30.1600,26.5363,53600
2015-10-06,30.1700,30.4200,30.0800,30.3700,26.7211,35500
2015-10-07,30.6500,30.9900,30.3400,30.8700,27.1610,47200
2015-10-08,30.8600,31.4400,30.6900,31.3500,27.5833,56500
2015-10-09,31.4300,31.4600,31.0800,31.2400,27.4865,33000
2015-10-12,31.1000,31.1200,30.8100,30.9500,27.2314,11600
2015-10-13,30.7000,31.0500,30.4700,30.5000,26.8354,22600
2015-10-14,30.7100,30.8500,30.5600,30.7900,27.0906,7800
2015-10-15,30.7600,31.2200,30.6200,31.2200,27.4689,26800
2015-10-16,31.2000,31.2000,30.7300,30.9800,27.2578,20200
2015-10-19,30.7600,30.8500,30.5400,30.7100,27.0202,16900
2015-10-20,30.8200,31.0000,30.7100,30.8000,27.0994,15400
2015-10-21,30.9400,30.9400,30.5600,30.5600,26.8882,10700
2015-10-22,31.0000,31.2200,30.9000,31.0400,27.3105,49400
2015-10-23,31.2900,31.4300,31.1300,31.3900,27.6185,17000
2015-10-26,31.1600,31.1800,31.0000,31.0100,27.2842,10800
2015-10-27,30.7300,30.7700,30.4900,30.6600,26.9762,12200
2015-10-28,30.9800,31.1900,30.7900,31.1600,27.4161,79300
2015-10-29,31.0300,31.2000,31.0000,31.0900,27.3545,11200
2015-10-30,31.2400,31.6000,31.1900,31.3900,27.6185,29200
2015-11-02,31.3900,31.9400,31.3900,31.8400,28.0144,49500
2015-11-03,31.8500,32.3200,31.8500,32.1400,28.2784,29800
2015-11-04,32.2500,32.2500,31.8600,31.9600,28.1200,15400
2015-11-05,31.9100,32.0600,31.7400,31.8500,28.0232,6300
2015-11-06,31.8500,31.9600,31.7400,31.9600,28.1200,5000
2015-11-09,31.7300,31.7300,31.5700,31.7100,27.9000,11800
2015-11-10,31.5300,31.5400,31.2600,31.4500,27.6713,18600
2015-11-11,31.4400,31.4400,31.1000,31.1000,27.3633,4100
2015-11-12,30.7000,30.8700,30.4800,30.4800,26.8178,60100
2015-11-13,30.4700,30.6500,30.2000,30.3400,26.6947,24300
2015-11-16,30.2800,30.8900,30.2500,30.8900,27.1786,36900
2015-11-17,30.8700,31.1500,30.7700,30.8100,27.1082,19700
2015-11-18,31.0100,31.5000,31.0100,31.5000,27.7153,46600
2015-11-19,31.4000,31.4100,31.2400,31.2900,27.5305,15900
2015-11-20,31.4200,31.4200,31.1500,31.1800,27.4337,13600
2015-11-23,31.2300,31.4200,31.1300,31.2200,27.4689,43700
2015-11-24,31.1400,31.6600,31.1400,31.5700,27.7769,21000
2015-11-25,31.3700,31.6900,31.3700,31.5500,27.7593,7200
2015-11-27,31.4000,31.4500,31.3800,31.4400,27.6625,8200
2015-11-30,31.4700,31.6300,31.4700,31.5200,27.7329,6600
2015-12-01,31.6300,31.9100,31.6300,31.9100,28.0760,39100
2015-12-02,31.8600,31.9200,31.2800,31.2900,27.5305,19200
2015-12-03,31.5100,31.5100,30.7100,30.7800,27.0818,16800
2015-12-04,30.7400,31.0900,30.6000,31.0000,27.2754,105000
2015-12-07,30.7400,30.7400,30.0000,30.1100,26.4923,18000
2015-12-08,29.6900,30.0500,29.6200,29.8100,26.2283,22100
2015-12-09,29.8600,30.3700,29.5000,29.7500,26.1755,37700
2015-12-10,29.9100,30.1700,29.8700,29.9700,26.3691,5800
2015-12-11,29.4800,29.4800,28.9600,28.9600,25.4805,21200
2015-12-14,28.9300,28.9300,28.4700,28.7500,25.2957,19900
2015-12-15,28.8700,29.4700,28.8700,29.4400,25.9028,10500
2015-12-16,29.6100,29.7700,29.2800,29.7100,26.1403,22600
2015-12-17,29.7800,29.7800,28.9700,29.0000,25.5157,26100
2015-12-18,28.6300,28.7100,28.2800,28.2800,25.0272,118800
2015-12-21,28.4700,28.5800,28.3200,28.5500,25.2661,19000
2015-12-22,28.7300,28.9800,28.6400,28.9200,25.5935,52600
2015-12-23,29.2700,29.8400,29.2700,29.8400,26.4077,14400
2015-12-24,29.8100,29.9300,29.7300,29.8400,26.4077,7600
2015-12-28,29.5700,29.5700,29.1800,29.3500,25.9741,247600
2015-12-29,29.6300,29.7800,29.5600,29.7600,26.3369,37100
2015-12-30,29.5700,29.7000,29.3800,29.3900,26.0095,20600
2015-12-31,29.2900,29.5100,29.2200,29.2800,25.9121,18900
2016-01-04,28.7500,29.0000,28.5000,29.0000,25.6643,17100
2016-01-05,29.1600,29.1600,28.7800,28.9100,25.5847,24600
2016-01-06,28.3300,28.3300,27.7000,27.9000,24.6909,51300
2016-01-07,27.2800,27.5400,26.8400,26.8900,23.7970,58200
2016-01-08,27.0900,27.2100,26.4500,26.4500,23.4076,28300
2016-01-11,26.5500,26.5900,25.6700,25.9900,23.0006,70200
2016-01-12,26.3100,26.4500,25.5600,26.0200,23.0271,118300
2016-01-13,26.1700,26.2900,24.8400,24.9800,22.1067,27500
2016-01-14,25.1100,25.7000,24.5700,25.5400,22.6023,62800
2016-01-15,24.5700,24.7700,24.2400,24.7400,21.8943,142500
2016-01-19,25.0600,25.1800,24.0800,24.3500,21.5492,37000
2016-01-20,23.8800,24.4700,23.1500,24.1800,21.3987,309000
2016-01-21,24.1700,24.9500,24.1300,24.5700,21.7439,262100
2016-01-22,25.2200,25.4300,24.9000,25.1600,22.2660,28600
2016-01-25,25.0700,25.0700,24.3100,24.3100,21.5138,19700
2016-01-26,24.6200,24.9900,24.3200,24.9300,22.0625,21400
2016-01-27,24.9300,25.3000,24.5700,24.7300,21.8855,263300
2016-01-28,25.1800,25.2400,24.6000,24.8400,21.9828,234900
2016-01-29,25.0300,25.6800,25.0300,25.6800,22.7262,26900
2016-02-01,25.2900,25.6600,25.2000,25.5200,22.5846,16100
2016-02-02,25.2000,25.2000,24.5200,24.6000,21.7704,21500
2016-02-03,24.9200,25.2100,24.0500,25.1700,22.2749,51300
2016-02-04,25.1800,26.0100,25.1800,25.3800,22.4607,20600
2016-02-05,25.2300,25.3500,24.7500,24.8200,21.9651,9500
2016-02-08,24.3600,24.3600,23.6000,23.9500,21.1952,25500
2016-02-09,23.5400,23.9100,23.3600,23.6600,20.9386,30100
2016-02-10,23.8700,24.1900,23.6100,23.6100,20.8943,30000
2016-02-11,23.1000,23.4100,22.7800,23.1400,20.4784,31900
2016-02-12,23.5300,24.0500,23.3400,24.0200,21.2571,36000
2016-02-16,24.4700,24.7000,24.2000,24.6900,21.8501,49700
2016-02-17,25.0000,25.5300,25.0000,25.4500,22.5227,23100
2016-02-18,25.6100,25.6100,25.0300,25.1000,22.2129,76800
2016-02-19,24.9500,24.9500,24.7500,24.8900,22.0271,9600
2016-02-22,25.3900,25.7700,25.3900,25.7700,22.8059,49900
2016-02-23,25.5900,25.6000,25.0000,25.0000,22.1244,5600
2016-02-24,24.4800,25.3300,24.4000,25.3300,22.4165,14100
2016-02-25,25.1100,25.4600,25.1000,25.4600,22.5315,19100
2016-02-26,25.9500,26.2100,25.8000,25.9300,22.9475,80900
2016-02-29,25.9700,26.1300,25.6900,25.7200,22.7616,13300
2016-03-01,26.0400,26.5700,25.7400,26.5600,23.5050,58300
2016-03-02,26.4400,27.3000,26.4400,27.3000,24.1599,44000
2016-03-03,27.2300,27.9700,27.2300,27.9700,24.7528,25800
2016-03-04,28.2000,28.9700,27.9900,28.5200,25.2395,163100
2016-03-07,28.3800,29.0200,28.3800,28.8200,25.5050,230600
2016-03-08,28.5300,28.5300,27.4800,27.4800,24.3192,20300
2016-03-09,27.8500,27.9700,27.3800,27.8000,24.6024,49300
2016-03-10,27.8200,27.8300,27.4200,27.7600,24.5670,6800
2016-03-11,28.3100,28.7500,28.3100,28.7300,25.4254,70000
2016-03-14,28.5500,28.6500,28.2900,28.5800,25.2926,99200
2016-03-15,28.2300,28.2300,27.8200,28.1300,24.8944,100600
2016-03-16,28.1600,28.7200,28.1600,28.7200,25.4165,32700
2016-03-17,28.7700,29.2700,28.5500,29.1200,25.7705,141500
2016-03-18,29.3800,29.5500,29.2200,29.3600,26.0026,29100
2016-03-21,29.2600,29.4600,29.0700,29.3300,25.9760,16900
2016-03-22,29.0600,29.4800,29.0600,29.3500,25.9937,20700
2016-03-23,29.1900,29.2300,28.4000,28.4100,25.1612,79000
2016-03-24,28.0000,28.4300,27.8000,28.4300,25.1789,12500
2016-03-28,28.5100,28.5100,28.0900,28.3300,25.0904,228900
2016-03-29,28.0800,28.5400,27.8400,28.5100,25.2498,18100
2016-03-30,28.8000,28.9200,28.5000,28.6600,25.3826,19200
2016-03-31,28.5800,28.7900,28.5300,28.7900,25.4977,18100
2016-04-01,28.4100,28.6600,28.2000,28.6300,25.3561,419400
2016-04-04,28.3700,28.7000,28.2500,28.2900,25.0549,9700
2016-04-05,28.0100,28.1800,27.9500,27.9900,24.7892,10500
2016-04-06,28.1600,28.5000,27.9100,28.4800,25.2232,11700
2016-04-07,28.2800,28.5200,27.8800,28.0500,24.8424,253400
2016-04-08,28.5300,28.6900,28.3600,28.4000,25.1523,242400
2016-04-11,28.7100,28.9600,28.6200,28.6200,25.3472,64000
2016-04-12,28.8100,29.6200,28.8000,29.4800,26.1088,16700
2016-04-13,29.7200,30.1400,29.7200,30.0800,26.6402,38900
2016-04-14,30.0900,30.0900,29.9400,30.0200,26.5871,11200
2016-04-15,29.8900,29.9200,29.6700,29.8000,26.3923,23500
2016-04-18,29.4700,30.1300,29.2700,30.0500,26.6137,47300
2016-04-19,30.2500,30.6100,30.2400,30.5000,27.0122,26100
2016-04-20,30.5000,31.0700,30.4600,30.8700,27.3399,79100
2016-04-21,30.9300,31.1000,30.7000,30.7500,27.2336,34800
2016-04-22,30.8300,31.2400,30.8300,31.1600,27.5967,37100
2016-04-25,30.9800,31.0600,30.5400,30.6900,27.1805,489500
2016-04-26,30.9100,31.1600,30.8800,31.1600,27.5967,16600
2016-04-27,31.4800,31.7000,31.2300,31.6500,28.0307,53800
2016-04-28,31.4500,31.6400,30.9700,31.0000,27.4550,43800
2016-04-29,31.0200,31.1800,30.3200,30.6800,27.1716,36200
2016-05-02,30.9000,30.9000,30.3500,30.6700,27.1628,405500
2016-05-03,30.2300,30.2400,29.7000,29.8600,26.4454,231200
2016-05-04,29.7300,29.8900,29.1400,29.3600,26.0026,387800
2016-05-05,29.6400,29.8100,29.2900,29.3500,25.9937,43500
2016-05-06,29.1500,29.4300,29.1000,29.2200,25.8786,232300
2016-05-09,29.2300,29.2300,28.6700,28.7500,25.4623,49200
2016-05-10,28.9000,29.3500,28.9000,29.3400,25.9849,15700
2016-05-11,29.2800,29.7100,29.1900,29.4000,26.0380,13300
2016-05-12,29.5400,29.5400,28.9100,29.1100,25.7812,17200
2016-05-13,28.9100,29.1800,28.6700,28.6900,25.4092,19500
2016-05-16,28.9400,29.2600,28.9400,29.1500,25.8166,19900
2016-05-17,29.1800,29.6200,29.0900,29.2700,25.9229,103700
2016-05-18,29.1700,29.6200,29.1100,29.1700,25.8343,51000
2016-05-19,29.0100,29.1500,28.7400,29.1300,25.7989,15000
2016-05-20,29.5000,29.5700,29.3900,29.4800,26.1088,32800
2016-05-23,29.5700,29.6600,29.5100,29.5400,26.1620,13200
2016-05-24,29.7600,30.0500,29.6600,30.0400,26.6048,49700
2016-05-25,30.5000,30.6300,30.4200,30.5700,27.0742,31800
2016-05-26,30.7600,30.7600,30.3600,30.4100,26.9325,12000
2016-05-27,30.3400,30.5500,30.3300,30.5400,27.0476,23200
2016-05-31,30.7100,30.9000,30.5400,30.6700,27.1628,510000
2016-06-01,30.2100,30.8100,30.2000,30.7500,27.2336,392100
2016-06-02,30.6200,30.8700,30.6100,30.8600,27.3310,13000
2016-06-03,30.7500,30.7500,30.3000,30.5700,27.0742,9900
2016-06-06,30.7500,31.2500,30.7400,31.1900,27.6233,262500
2016-06-07,31.2200,31.5300,31.0900,31.3700,27.7827,24300
2016-06-08,31.5400,31.6400,31.3600,31.3800,27.7916,7700
2016-06-09,30.9000,31.0400,30.8500,31.0000,27.4550,47200
2016-06-10,30.6200,30.6200,29.9500,30.0600,26.6225,15000
2016-06-13,29.8700,30.2700,29.7500,29.7600,26.3568,226500
2016-06-14,29.9400,29.9400,29.2600,29.5400,26.1620,13900
2016-06-15,29.6300,30.0400,29.5700,29.6200,26.2328,18100
2016-06-16,29.3500,29.4500,28.8500,29.4300,26.0646,31400
2016-06-17,29.6000,29.6700,29.4800,29.6200,26.2981,6500
2016-06-20,30.3200,30.4000,30.0100,30.0300,26.6621,40200
2016-06-21,30.1200,30.2000,29.8500,30.1600,26.7775,11000
2016-06-22,30.2600,30.3700,30.0500,30.0500,26.6798,54300
2016-06-23,30.4500,30.8600,30.4300,30.8600,27.3990,48900
2016-06-24,28.8800,29.6300,28.7300,28.8300,25.5967,111300
2016-06-27,28.4000,28.4000,27.1700,27.2900,24.2294,147100
2016-06-28,27.8900,28.3000,27.8600,28.2600,25.0906,23300
2016-06-29,28.6700,29.0900,28.5900,29.0400,25.7831,41800
2016-06-30,29.1000,29.3600,28.7700,29.3600,26.0672,791800
2016-07-01,29.2600,29.7500,29.2600,29.5300,26.2182,210300
2016-07-05,29.1200,29.1200,28.4000,28.6000,25.3925,39000
2016-07-06,28.3900,28.8200,28.2100,28.8100,25.5789,216400
2016-07-07,29.0500,29.3800,28.6800,28.8700,25.6322,35400
2016-07-08,29.2600,29.6400,29.2100,29.5400,26.2270,119900
2016-07-11,29.7800,29.9600,29.6900,29.7100,26.3780,73700
2016-07-12,30.2000,30.8100,30.2000,30.7300,27.2836,32100
2016-07-13,30.7500,30.8500,30.3000,30.5400,27.1149,47400
2016-07-14,30.9500,30.9600,30.7100,30.8400,27.3812,33300
2016-07-15,30.9400,31.0200,30.8000,30.8800,27.4168,29000
2016-07-18,30.8800,31.1000,30.7200,31.0700,27.5854,15800
2016-07-19,30.9300,30.9300,30.6900,30.7700,27.3191,35100
2016-07-20,30.7600,31.1400,30.5600,31.0700,27.5854,47200
2016-07-21,31.1300,31.4000,30.9400,30.9700,27.4967,43400
2016-07-22,31.0600,31.0700,30.8400,31.0500,27.5677,24100
2016-07-25,30.9700,31.0200,30.7200,30.8200,27.3635,454000
2016-07-26,30.7600,31.2000,30.7600,31.1800,27.6831,31100
2016-07-27,31.4000,31.4700,30.8800,31.0200,27.5411,161300
2016-07-28,30.9000,31.1100,30.8600,31.0700,27.5854,41000
2016-07-29,30.8200,31.2100,30.7100,31.2000,27.7009,33200
2016-08-01,31.0300,31.0300,30.5700,30.6200,27.1859,35100
2016-08-02,30.7900,30.7900,30.0800,30.4600,27.0439,53800
2016-08-03,30.3700,31.0500,30.3300,31.0500,27.5677,99000
2016-08-04,31.0200,31.1600,30.8200,30.9700,27.4967,37300
2016-08-05,31.1900,31.5700,31.1800,31.5300,27.9939,59800
2016-08-08,31.6500,31.9100,31.6400,31.6800,28.1270,95600
2016-08-09,31.7700,31.8200,31.5400,31.6000,28.0560,29000
2016-08-10,31.5600,31.5800,31.1900,31.2500,27.7453,40000
2016-08-11,31.4400,31.7600,31.3500,31.6800,28.1270,52800
2016-08-12,31.6500,31.6900,31.4900,31.6200,28.0738,28400
2016-08-15,31.7700,32.1200,31.7700,32.0600,28.4644,517600
2016-08-16,32.0000,32.1100,31.8700,31.9800,28.3934,25100
2016-08-17,31.9600,31.9900,31.7700,31.9800,28.3934,59400
2016-08-18,32.1300,32.4300,32.1100,32.4300,28.7929,18400
2016-08-19,32.3100,32.4100,32.2400,32.3800,28.7485,62900
2016-08-22,32.2000,32.2200,32.0100,32.2000,28.5887,41300
2016-08-23,32.3000,32.6100,32.3000,32.5600,28.9083,25600
2016-08-24,32.5000,32.6100,32.1100,32.1300,28.5266,505600
2016-08-25,32.1100,32.3200,32.0800,32.2100,28.5976,28400
2016-08-26,32.3600,32.6200,32.1100,32.3300,28.7041,34400
2016-08-29,32.3400,32.6000,32.3300,32.5200,28.8728,65300
2016-08-30,32.5200,32.7400,32.3900,32.5700,28.9172,2086600
2016-08-31,32.4600,32.5400,32.0400,32.2600,28.6420,122900
2016-09-01,32.2400,32.3500,31.8700,32.1400,28.5354,937300
2016-09-02,32.4100,32.4700,32.3100,32.3800,28.7485,111100
2016-09-06,32.4400,32.5300,32.2100,32.4900,28.8462,215400
2016-09-07,32.5700,32.7300,32.5700,32.6900,29.0238,446900
2016-09-08,32.7600,33.1200,32.6300,33.0800,29.3700,132300
2016-09-09,32.7900,32.9300,32.1500,32.1700,28.5621,104800
2016-09-12,31.9000,32.7600,31.8000,32.7000,29.0326,171500
2016-09-13,32.3300,32.3300,31.7000,31.8800,28.3046,1168400
2016-09-14,31.8800,32.1300,31.5800,31.7200,28.1625,219300
2016-09-15,31.8200,32.3000,31.7300,32.1900,28.5798,121100
2016-09-16,31.9600,31.9900,31.7400,31.9600,28.4233,47400
2016-09-19,32.1900,32.3100,31.8600,31.9000,28.3699,465100
2016-09-20,32.0300,32.0300,31.7400,31.7400,28.2277,65100
2016-09-21,31.9500,32.3400,31.9500,32.3100,28.7346,43900
2016-09-22,32.6000,32.7000,32.4700,32.5500,28.9480,65300
2016-09-23,32.4200,32.6200,32.1200,32.2200,28.6545,39800
2016-09-26,32.1000,32.2000,31.8400,31.8400,28.3166,36800
2016-09-27,31.7600,31.9800,31.5400,31.9800,28.4411,66700
2016-09-28,32.1200,32.6900,31.7900,32.6800,29.0636,54900
2016-09-29,32.6700,33.0200,32.2300,32.4200,28.8324,109100
2016-09-30,32.5800,33.0300,32.5500,32.8700,29.2326,154800
2016-10-03,32.8800,32.9300,32.6700,32.8700,29.2326,5918600
2016-10-04,33.0000,33.0700,32.6700,32.7800,29.1526,243500
2016-10-05,32.9900,33.5300,32.9900,33.4100,29.7129,442700
2016-10-06,33.4200,33.4700,33.1100,33.3400,29.6506,359300
2016-10-07,33.3800,33.3800,32.9500,33.0800,29.4194,161700
2016-10-10,33.3700,33.5800,33.3500,33.3900,29.6951,255400
2016-10-11,33.2300,33.2300,32.4300,32.6400,29.0281,184700
2016-10-12,32.6000,32.7200,32.4300,32.5400,28.9391,249000
2016-10-13,32.2100,32.3400,31.7500,32.2200,28.6545,97300
2016-10-14,32.4600,32.6400,32.2000,32.2100,28.6456,77000
2016-10-17,32.1700,32.2800,31.9000,31.9700,28.4322,115000
2016-10-18,32.4200,32.4400,32.1500,32.3200,28.7435,198900
2016-10-19,32.4400,32.8700,32.4400,32.7800,29.1526,158900
2016-10-20,32.6700,32.9300,32.5600,32.8400,29.2059,523200
2016-10-21,32.5900,32.7400,32.4800,32.7000,29.0814,1294400
2016-10-24,32.8400,32.9400,32.5600,32.7100,29.0903,112000
2016-10-25,32.7700,32.8600,32.4600,32.4700,28.8769,61500
2016-10-26,32.3500,32.6800,32.2300,32.6800,29.0636,139100
2016-10-27,32.8900,32.8900,32.5900,32.7000,29.0814,97100
2016-10-28,32.7600,32.9200,32.3300,32.5100,28.9125,145200
2016-10-31,32.6100,32.6100,32.2900,32.3000,28.7257,526400
2016-11-01,32.5300,32.6000,31.7300,32.1700,28.6101,1588600
2016-11-02,31.9800,32.0700,31.5800,31.7900,28.2721,100000
2016-11-03,31.8700,32.1100,31.7200,31.7600,28.2454,242400
2016-11-04,31.7600,32.0700,31.5600,31.7200,28.2099,82600
2016-11-07,32.3400,32.5600,32.3400,32.5300,28.9302,556100
2016-11-08,32.3500,32.7000,32.1700,32.5400,28.9391,129700
2016-11-09,33.1500,33.9200,32.5900,33.7100,29.9797,633900
2016-11-10,33.9800,34.7500,33.8800,34.3400,30.5399,1964800
2016-11-11,34.2900,34.3000,33.7200,34.2500,30.4599,275200
2016-11-14,34.5600,35.0000,34.5300,34.8900,31.0291,889800
2016-11-15,35.0400,35.4500,34.8100,35.4300,31.5093,443300
2016-11-16,35.3200,35.3200,34.9500,35.0400,31.1625,289400
2016-11-17,35.1800,35.3700,35.1400,35.2200,31.3226,468300
2016-11-18,35.1100,35.4300,35.1100,35.2900,31.3848,186300
2016-11-21,35.6500,35.8700,35.6200,35.8700,31.9006,375500
2016-11-22,35.9400,35.9900,35.5000,35.8400,31.8739,331100
2016-11-23,35.7100,36.1300,35.6600,36.1200,32.1230,232700
2016-11-25,36.1200,36.2200,35.9200,36.0300,32.0429,158100
2016-11-28,36.0200,36.0200,35.4800,35.5300,31.5983,473800
2016-11-29,35.3300,35.4600,35.0900,35.2400,31.3403,489700
2016-11-30,36.0300,36.6300,36.0300,36.4600,32.4253,5760500
2016-12-01,36.8500,37.0300,36.4100,36.4700,32.4342,327600
2016-12-02,36.4400,36.6400,36.3400,36.5200,32.4787,446900
2016-12-05,36.8900,37.1600,36.8600,36.9600,32.8700,240200
2016-12-06,36.9000,37.3700,36.8000,37.3400,33.2080,250400
2016-12-07,37.2900,37.8400,37.2600,37.8200,33.6348,208300
2016-12-08,37.9800,38.3200,37.8000,38.1500,33.9283,305100
2016-12-09,38.3200,38.3200,38.0000,38.1500,33.9283,260200
2016-12-12,38.4200,38.4200,37.6600,37.6900,33.5192,309100
2016-12-13,37.8800,38.0600,37.5100,37.8500,33.6615,336700
2016-12-14,37.6500,37.9900,37.1900,37.2900,33.1635,652700
2016-12-15,37.2900,37.7500,37.1700,37.5000,33.3503,153400
2016-12-16,37.5000,37.5100,37.0800,37.1400,33.2010,134700
2016-12-19,37.1600,37.2400,36.9700,37.1400,33.2010,153000
2016-12-20,37.3700,37.5000,37.2700,37.3200,33.3619,232400
2016-12-21,37.4100,37.4100,37.2700,37.3200,33.3619,248500
2016-12-22,37.3800,37.4000,37.1300,37.2000,33.2546,116100
2016-12-23,37.1700,37.3100,37.1700,37.3100,33.3529,127500
2016-12-27,37.4300,37.5600,37.4300,37.4800,33.5049,177800
2016-12-28,37.5900,37.6300,36.8600,36.9200,33.0043,260400
2016-12-29,36.9400,37.0200,36.5500,36.7000,32.8076,238900
2016-12-30,36.7700,36.8700,36.4600,36.5900,32.7093,201400
2017-01-03,37.1300,37.4900,36.7600,37.1800,33.2367,6493300
2017-01-04,37.2700,37.6500,37.2700,37.6100,33.6211,296100
2017-01-05,37.6100,37.7700,37.1900,37.5700,33.5854,171800
2017-01-06,37.6700,37.7500,37.4000,37.6500,33.6569,152100
2017-01-09,37.4400,37.5300,37.2200,37.2700,33.3172,197000
2017-01-10,37.3700,37.6300,37.3100,37.4200,33.4513,224300
2017-01-11,37.4700,37.6700,37.3000,37.6600,33.6658,239300
2017-01-12,37.6100,37.6100,36.9900,37.3600,33.3976,216100
2017-01-13,37.4100,37.6300,37.3900,37.4800,33.5049,171600
2017-01-17,37.3800,37.3900,36.9800,37.0700,33.1384,236400
2017-01-18,37.0000,37.2000,36.8400,37.1900,33.2457,264000
2017-01-19,37.2100,37.2300,36.8800,36.9800,33.0579,169100
2017-01-20,37.2000,37.4000,37.1000,37.2300,33.2814,112400
2017-01-23,37.1600,37.2000,36.7800,37.0300,33.1026,163100
2017-01-24,37.2300,37.7700,37.2300,37.6100,33.6211,207600
2017-01-25,37.9100,38.1500,37.9100,38.1300,34.0860,279300
2017-01-26,38.2000,38.3300,38.0200,38.0700,34.0323,196200
2017-01-27,38.0700,38.0700,37.8200,37.9000,33.8804,259100
2017-01-30,37.6900,37.7400,36.9600,37.3700,33.4066,640100
2017-01-31,37.2900,37.3200,36.9600,37.3100,33.3529,178700
2017-02-01,37.5900,37.7500,37.1900,37.4300,33.4602,248300
2017-02-02,37.2100,37.4000,37.0700,37.3100,33.3529,196100
2017-02-03,37.5600,37.8800,37.5100,37.8500,33.8357,388900
2017-02-06,37.7200,37.8600,37.5200,37.6200,33.6301,178900
2017-02-07,37.6300,37.6500,37.2000,37.3400,33.3798,123400
2017-02-08,37.1100,37.2800,36.8100,37.2400,33.2904,165300
2017-02-09,37.4300,37.7900,37.4300,37.7300,33.7284,223200
2017-02-10,37.9900,38.0700,37.8600,38.0000,33.9697,201400
2017-02-13,38.0900,38.3000,37.9400,38.2000,34.1485,206300
2017-02-14,38.1800,38.4800,38.0800,38.4600,34.3810,158300
2017-02-15,38.4900,38.7100,38.3000,38.6300,34.5329,194500
2017-02-16,38.6300,38.8100,38.1700,38.2800,34.2201,203400
2017-02-17,38.0700,38.2500,37.9700,38.2500,34.1932,175700
2017-02-21,38.4100,38.5500,38.4000,38.4900,34.4078,655600
2017-02-22,38.2800,38.3600,38.1000,38.1400,34.0949,253600
2017-02-23,38.3900,38.3900,37.8200,38.0500,34.0145,242200
2017-02-24,37.6600,37.8400,37.4900,37.7600,33.7552,385200
2017-02-27,37.8500,38.1400,37.7400,38.0700,34.0323,190500
2017-02-28,37.9000,37.9500,37.7000,37.7700,33.7642,2019300
2017-03-01,38.4400,38.7800,38.4400,38.6400,34.5419,1136800
2017-03-02,38.5600,38.5600,38.0200,38.0200,33.9876,665100
2017-03-03,38.1000,38.2200,38.0000,38.0800,34.0413,812000
2017-03-06,37.9000,38.0900,37.6400,37.8800,33.8625,466200
2017-03-07,37.8200,37.8300,37.5500,37.5800,33.5943,295800
2017-03-08,37.7300,37.8400,37.2400,37.2900,33.3351,211000
2017-03-09,37.2600,37.4400,36.9800,37.3000,33.3440,245200
2017-03-10,37.5900,37.5900,37.0900,37.4000,33.4334,345400
2017-03-13,37.4400,37.6200,37.4100,37.5500,33.5675,406500
2017-03-14,37.2900,37.2900,36.8400,37.2200,33.2725,310400
2017-03-15,37.3700,37.8200,37.2700,37.7200,33.7195,263400
2017-03-16,37.8800,37.8800,37.6100,37.6800,33.6837,127500
2017-03-17,37.7700,37.7800,37.3400,37.3700,33.4474,145600
2017-03-20,37.3000,37.3900,37.0700,37.2400,33.3311,150300
2017-03-21,37.4300,37.4400,36.1900,36.2700,32.4629,942700
2017-03-22,36.1300,36.4200,35.8800,36.3500,32.5345,2078400
2017-03-23,36.3100,36.7000,36.2200,36.4500,32.6240,408900
2017-03-24,36.6100,36.7300,36.2700,36.4600,32.6329,236100
2017-03-27,35.9000,36.4400,35.6800,36.3900,32.5703,191200
2017-03-28,36.3700,37.0800,36.3700,36.9400,33.0626,1741900
2017-03-29,37.0200,37.4400,36.9700,37.3500,33.4295,158800
2017-03-30,37.4000,37.7800,37.4000,37.6300,33.6801,186200
2017-03-31,37.6000,37.7500,37.5700,37.5900,33.6443,103600
2017-04-03,37.6600,37.7800,36.9500,37.3200,33.4027,361200
2017-04-04,37.1900,37.4000,37.1600,37.4000,33.4743,130700
2017-04-05,37.7100,37.9500,37.0500,37.0900,33.1968,248100
2017-04-06,37.2100,37.6200,37.1000,37.5100,33.5727,201200
2017-04-07,37.4300,37.6400,37.2200,37.4400,33.5101,158900
2017-04-10,37.5200,37.7500,37.3800,37.5300,33.5906,101900
2017-04-11,37.4800,37.5100,37.0300,37.5100,33.5727,177400
2017-04-12,37.5200,37.5200,36.9800,37.0300,33.1431,94800
2017-04-13,36.9500,37.1600,36.5600,36.5700,32.7314,162300
2017-04-17,36.6900,36.9700,36.5500,36.9700,33.0894,87300
2017-04-18,36.7300,36.9400,36.4600,36.7200,32.8656,238400
2017-04-19,36.9100,37.0700,36.5600,36.6500,32.8030,880300
2017-04-20,36.8200,37.1700,36.7900,37.0500,33.1610,589300
2017-04-21,37.0200,37.0200,36.6700,36.8000,32.9372,207400
2017-04-24,37.3800,37.4600,37.2800,37.3300,33.4116,141100
2017-04-25,37.5600,37.6400,37.4500,37.6200,33.6712,562600
2017-04-26,37.5000,37.8700,37.4100,37.5900,33.6443,177300
2017-04-27,37.5300,37.5300,37.0100,37.3100,33.3937,108100
2017-04-28,37.4300,37.4300,37.0600,37.0700,33.1789,99300
2017-05-01,37.1700,37.3100,37.0000,37.1200,33.2236,7515400
2017-05-02,37.1600,37.2200,36.9300,37.0600,33.1700,172400
2017-05-03,36.9000,37.1400,36.8500,37.1000,33.2058,176500
2017-05-04,37.1300,37.1300,36.7100,36.8700,32.9999,221200
2017-05-05,36.9600,37.2300,36.9100,37.2200,33.3132,109000
2017-05-08,37.1500,37.2600,37.0700,37.2000,33.2953,38500
2017-05-09,37.2800,37.3400,37.1300,37.1700,33.2684,67500
2017-05-10,37.2400,37.4500,37.1800,37.4100,33.4832,39300
2017-05-11,37.3500,37.3500,36.9700,37.1400,33.2416,33100
2017-05-12,37.0600,37.0600,36.8400,36.9000,33.0267,97900
2017-05-15,37.1500,37.4100,37.1100,37.2800,33.3669,135200
2017-05-16,37.3600,37.3600,37.0800,37.2700,33.3579,84200
2017-05-17,36.7700,36.8100,36.0700,36.1500,32.3555,230000
2017-05-18,36.0400,36.4700,35.9400,36.2600,32.4539,286300
2017-05-19,36.5000,36.9700,36.5000,36.7900,32.9283,252200
2017-05-22,37.0000,37.0400,36.7800,36.9400,33.0626,101500
2017-05-23,36.9900,37.0800,36.7400,37.0100,33.1252,70800
2017-05-24,37.0800,37.1200,36.8800,36.9900,33.1073,144900
2017-05-25,37.1200,37.3300,36.8400,36.8500,32.9820,90100
2017-05-26,36.8100,36.8800,36.7000,36.8600,32.9909,1319100
2017-05-30,36.7300,36.7500,36.6000,36.6300,32.7851,331200
2017-05-31,36.6600,36.6600,36.1000,36.4800,32.6508,108900
2017-06-01,36.6700,37.0100,36.4600,36.9300,33.0536,112500
2017-06-02,36.8200,36.8800,36.6200,36.7300,32.8746,361800
2017-06-05,36.7100,36.8300,36.6300,36.6500,32.8030,111400
2017-06-06,36.4500,36.7400,36.3200,36.6400,32.7940,56600
2017-06-07,36.6600,36.8100,36.3600,36.4800,32.6508,100500
2017-06-08,36.4900,36.9800,36.3900,36.8000,32.9372,269700
2017-06-09,36.9400,37.3500,36.9400,37.2400,33.3311,72700
2017-06-12,37.4300,37.4300,37.3000,37.3500,33.4295,73500
2017-06-13,37.5000,37.6800,37.4100,37.6800,33.7249,50200
2017-06-14,37.5500,37.5500,36.9900,37.2200,33.3132,489700
2017-06-15,37.0700,37.0900,36.9100,37.0200,33.1342,50600
2017-06-16,36.8900,36.8900,36.6700,36.8200,33.1648,26000
2017-06-19,37.0300,37.2500,37.0300,37.2000,33.5070,60800
2017-06-20,37.0200,37.0200,36.7500,36.8000,33.1468,98900
2017-06-21,36.8500,36.8500,36.3600,36.4800,32.8585,46900
2017-06-22,36.5000,36.6200,36.3900,36.4900,32.8675,442900
2017-06-23,36.5600,36.6500,36.4500,36.5800,32.9486,16200
2017-06-26,36.6800,36.8700,36.5800,36.6600,33.0207,21800
2017-06-27,36.7000,36.8800,36.4800,36.4800,32.8585,28700
2017-06-28,36.6900,37.1300,36.6900,37.0100,33.3359,363200
2017-06-29,37.3100,37.3700,36.7700,37.0100,33.3359,53500
2017-06-30,37.2500,37.2700,36.9700,37.1600,33.4710,105000
2017-07-03,37.3300,37.6800,37.3300,37.5900,33.8583,72100
2017-07-05,37.5700,37.5700,37.3100,37.4900,33.7683,718500
2017-07-06,37.3800,37.4500,37.0100,37.0600,33.3809,274900
2017-07-07,37.1300,37.3100,36.9800,37.2900,33.5881,244400
2017-07-10,37.3100,37.6400,37.3000,37.5700,33.8403,56500
2017-07-11,37.5600,37.6300,37.4100,37.5700,33.8403,36100
2017-07-12,37.8100,38.0000,37.8100,37.8600,34.1015,66100
2017-07-13,37.8900,38.0700,37.8700,38.0400,34.2637,102800
2017-07-14,37.9600,38.3000,37.9600,38.2000,34.4078,78500
2017-07-17,38.2100,38.2500,38.1400,38.1700,34.3808,85100
2017-07-18,38.0600,38.0600,37.8600,38.0000,34.2276,40100
2017-07-19,38.1400,38.4500,38.1400,38.4300,34.6149,51500
2017-07-20,38.5500,38.5500,38.2100,38.2900,34.4888,33400
2017-07-21,38.1800,38.2800,38.0900,38.2200,34.4258,26500
2017-07-24,38.2500,38.3100,38.2500,38.3100,34.5069,14600
2017-07-25,38.5400,38.8300,38.5400,38.6300,34.7951,36400
2017-07-26,38.8000,38.8000,38.3700,38.4100,34.5969,57500
2017-07-27,38.3700,38.4600,38.1000,38.2800,34.4798,92100
2017-07-28,38.1000,38.2100,38.0000,38.1400,34.3537,21300
2017-07-31,38.2300,38.2400,38.0900,38.1300,34.3447,127400
2017-08-01,38.1800,38.1800,37.8400,38.0200,34.2456,105200
2017-08-02,38.0200,38.0200,37.6800,37.9000,34.1376,36800
2017-08-03,37.9300,38.0400,37.6900,37.7600,34.0115,51500
2017-08-04,37.9400,38.1100,37.9200,38.0100,34.2366,51100
2017-08-07,38.0100,38.0200,37.9000,37.9600,34.1916,63500
2017-08-08,37.8600,38.2700,37.7500,37.8000,34.0475,124400
2017-08-09,37.6800,37.7800,37.5000,37.6600,33.9214,168800
2017-08-10,37.4900,37.4900,36.7800,36.8000,33.1468,61500
2017-08-11,36.7500,36.9500,36.7000,36.8200,33.1648,132200
2017-08-14,37.1600,37.3400,37.1200,37.1700,33.4800,634400
2017-08-15,37.3300,37.3500,37.0900,37.1600,33.4710,43300
2017-08-16,37.3100,37.3800,37.0400,37.1700,33.4800,38600
2017-08-17,37.0200,37.0200,36.2600,36.2600,32.6604,75600
2017-08-18,36.2400,36.5600,36.0900,36.2900,32.6874,94600
2017-08-21,36.2900,36.3200,36.0700,36.1900,32.5973,33900
2017-08-22,36.3200,36.6900,36.3200,36.6500,33.0116,49700
2017-08-23,36.4300,36.7400,36.4300,36.5900,32.9576,27900
2017-08-24,36.7000,36.7000,36.4900,36.5600,32.9306,22700
2017-08-25,36.7000,36.7800,36.5900,36.6500,33.0116,21800
2017-08-28,36.7100,36.7200,36.4500,36.5500,32.9216,19700
2017-08-29,36.2100,36.5600,36.1900,36.5400,32.9126,31400
2017-08-30,36.5300,36.8800,36.4500,36.8000,33.1468,32200
2017-08-31,36.9700,37.1400,36.9500,37.0500,33.3719,147700
2017-09-01,37.1600,37.4600,37.1600,37.4100,33.6962,69100
2017-09-05,37.2900,37.2900,36.7100,36.8400,33.1828,97500
2017-09-06,37.0100,37.2200,36.8600,37.1000,33.4170,218200
2017-09-07,37.1500,37.1500,36.8600,36.9600,33.2909,153600
2017-09-08,36.9200,36.9900,36.8500,36.9000,33.2368,52600
2017-09-11,37.1400,37.4300,37.1400,37.4000,33.6872,20500
2017-09-12,37.5600,37.8700,37.5300,37.8000,34.0475,25000
2017-09-13,37.7500,37.9700,37.7500,37.9700,34.2006,28500
2017-09-14,37.9400,38.0700,37.9200,37.9500,34.1826,106500
2017-09-15,37.9400,38.0700,37.9100,38.0600,34.2817,27900
2017-09-18,38.1600,38.3100,38.1500,38.2900,34.6207,658300
2017-09-19,38.3600,38.4700,38.2500,38.4000,34.7202,31100
2017-09-20,38.4700,38.5400,38.3500,38.5300,34.8377,51800
2017-09-21,38.4800,38.6100,38.4700,38.5500,34.8558,46100
2017-09-22,38.4800,38.7700,38.4800,38.7500,35.0367,59900
2017-09-25,38.7100,38.8400,38.5400,38.7200,35.0095,151300
2017-09-26,38.8000,38.8900,38.7600,38.7800,35.0638,85000
2017-09-27,39.1100,39.3700,38.9900,39.3100,35.5430,88900
2017-09-28,39.3100,39.3100,39.1000,39.2800,35.5159,48900
2017-09-29,39.2800,39.4700,39.2700,39.4300,35.6515,87100
2017-10-02,39.4900,39.6800,39.3600,39.6800,35.8775,1385100
2017-10-03,39.6800,39.8900,39.6600,39.8900,36.0674,471100
2017-10-04,39.9100,40.0200,39.8400,39.9000,36.0765,76200
2017-10-05,39.9200,40.1400,39.9200,40.0700,36.2302,36200
2017-10-06,40.0000,40.0800,39.8900,40.0200,36.1850,265700
2017-10-09,40.1000,40.1200,39.9000,39.9700,36.1397,56700
2017-10-10,40.1800,40.2700,39.9900,40.0400,36.2030,3790200
2017-10-11,40.0400,40.0900,39.9100,40.0500,36.2121,127500
2017-10-12,39.9500,40.0800,39.9200,40.0200,36.1850,181400
2017-10-13,40.1600,40.2200,40.0400,40.0800,36.2392,153600
2017-10-16,40.2200,40.3100,40.1600,40.3100,36.4472,147800
2017-10-17,40.3300,40.3300,40.0500,40.0900,36.2482,87000
2017-10-18,40.2900,40.2900,40.0500,40.1700,36.3206,70800
2017-10-19,39.9100,40.0800,39.7700,40.0800,36.2392,39100
2017-10-20,40.3700,40.5600,40.3700,40.5200,36.6370,84300
2017-10-23,40.7200,40.7200,40.2500,40.2800,36.4200,40600
2017-10-24,40.4300,40.6200,40.4300,40.5600,36.6732,32800
2017-10-25,40.4400,40.4400,39.6700,39.9100,36.0855,312400
2017-10-26,40.1100,40.1800,40.0100,40.1100,36.2663,145100
2017-10-27,40.0000,40.1800,39.8100,40.1800,36.3296,117900
2017-10-30,40.0000,40.2000,39.9900,40.0300,36.1940,608400
2017-10-31,40.1000,40.2700,40.0700,40.1200,36.2754,90300
2017-11-01,40.4300,41.6900,40.0800,40.1400,36.2935,1620100
2017-11-02,40.1100,40.2700,40.0000,40.1900,36.3387,72500
2017-11-03,40.2200,40.3500,40.1300,40.3300,36.4652,65500
2017-11-06,40.3300,40.8100,40.3300,40.8100,36.8992,86400
2017-11-07,40.7900,40.8100,40.3900,40.4600,36.5828,42500
2017-11-08,40.4100,40.4300,40.2300,40.4300,36.5557,82100
2017-11-09,40.1500,40.3100,38.5000,40.0700,36.2302,103800
2017-11-10,40.0700,40.1800,40.0700,40.1100,36.2663,58600
2017-11-13,39.9300,40.1300,39.8500,40.1000,36.2573,130900
2017-11-14,39.9500,40.0400,39.7900,39.8700,36.0493,52100
2017-11-15,39.6300,39.8200,39.3700,39.7100,35.9047,51100
2017-11-16,39.9600,40.2800,39.9600,40.1700,36.3206,43800
2017-11-17,40.1800,40.3900,40.1200,40.2700,36.4110,60000
2017-11-20,40.2900,40.5000,40.2800,40.4900,36.6099,27700
2017-11-21,40.6800,40.7200,40.6100,40.6900,36.7908,47500
2017-11-22,40.7300,40.7800,40.6200,40.6300,36.7365,29100
2017-11-24,40.7300,40.7300,40.6300,40.6500,36.7546,13700
2017-11-27,40.5400,40.5800,40.3900,40.4700,36.5918,587000
2017-11-28,40.5700,41.2100,40.4900,41.1900,37.2428,44500
2017-11-29,41.2000,41.4900,41.1500,41.2800,37.3242,57200
2017-11-30,41.4900,41.8600,41.4900,41.5500,37.5683,59000
2017-12-01,41.4400,41.5900,40.4500,41.3700,37.4056,251200
2017-12-04,41.9000,42.0300,41.6000,41.6000,37.6135,766600
2017-12-05,41.5700,41.7400,41.2800,41.3300,37.3694,44600
2017-12-06,41.1500,41.3600,41.1500,41.1800,37.2338,35000
2017-12-07,41.1900,41.7000,41.1900,41.6500,37.6588,138300
2017-12-08,41.9400,41.9600,41.8100,41.9100,37.8938,33500
2017-12-11,41.9300,42.0400,41.8200,41.9100,37.8938,580000
2017-12-12,41.9400,42.1400,41.9400,42.0000,37.9752,1488100
2017-12-13,42.0700,42.1400,41.8000,41.8000,37.7944,96500
2017-12-14,41.8700,41.9300,41.4600,41.4800,37.5050,170500
2017-12-15,41.7900,42.1100,41.6300,41.9200,37.9029,98700
2017-12-18,42.2100,43.0000,42.1800,42.3900,38.4590,116800
2017-12-19,42.5100,42.5100,42.2700,42.2700,38.3502,95400
2017-12-20,42.6000,42.6000,42.2200,42.4400,38.5044,258700
2017-12-21,42.5700,42.7600,42.5500,42.6400,38.6859,50600
2017-12-22,42.6900,42.6900,42.4800,42.6700,38.7131,64600
2017-12-26,42.5500,42.6900,42.5500,42.6800,38.7221,52900
2017-12-27,42.6200,42.7000,42.5500,42.6400,38.6859,40800
2017-12-28,42.7400,42.8000,42.5900,42.7800,38.8129,230300
2017-12-29,42.8500,42.9200,42.4600,42.4900,38.5498,100800
2018-01-02,42.7600,43.0500,42.6600,43.0500,39.0578,912100
2018-01-03,43.1500,43.3200,43.0800,43.3200,39.3028,129600
2018-01-04,43.5000,43.6300,43.4400,43.6000,39.5568,104400
2018-01-05,43.7200,43.7400,43.5200,43.7300,39.6748,72900
2018-01-08,43.7600,43.8400,43.5800,43.8200,39.7564,50500
2018-01-09,43.8900,44.0800,43.8500,43.8800,39.8109,69600
2018-01-10,43.8200,44.2200,43.7800,44.0600,39.9742,88200
2018-01-11,44.2800,44.7600,44.2200,44.7600,40.6092,51600
2018-01-12,44.9000,45.1900,44.8700,45.1600,40.9722,143500
2018-01-16,45.4200,45.4700,44.5400,44.7300,40.5820,96000
2018-01-17,44.9300,45.2600,44.7000,45.1500,40.9631,98900
2018-01-18,45.1300,45.2900,45.0300,45.0700,40.8905,104600
2018-01-19,45.1900,45.3900,45.0900,45.3800,41.1718,77900
2018-01-22,45.3600,45.7500,45.2500,45.7500,41.5075,89200
2018-01-23,45.7100,45.9100,45.5600,45.8600,41.6073,79500
2018-01-24,45.8300,46.0100,45.4100,45.6800,41.4439,78200
2018-01-25,45.8900,45.9100,45.1800,45.2600,41.0629,124700
2018-01-26,45.4500,45.9300,45.4200,45.9300,41.6708,89400
2018-01-29,45.8500,46.0400,45.6200,45.7100,41.4712,225700
2018-01-30,45.2300,45.4500,44.9100,44.9500,40.7816,84600
2018-01-31,45.2300,45.3700,44.8200,44.9900,40.8179,243300
2018-02-01,44.8400,45.2100,44.8400,45.0800,40.8996,321100
2018-02-02,44.8000,44.8600,43.8200,43.8700,39.8018,377900
2018-02-05,43.3200,43.9500,41.7000,41.8600,37.9782,406500
2018-02-06,40.9300,42.8500,40.7600,42.7100,38.7493,235100
2018-02-07,42.5800,43.2500,42.5800,42.6100,38.6586,173400
2018-02-08,42.6400,42.6400,40.7100,40.7300,36.9530,111300
2018-02-09,41.3000,41.5800,39.7600,41.2500,37.4248,560800
2018-02-12,41.5900,42.2500,41.4100,41.9500,38.0598,663300
2018-02-13,41.7300,42.1200,41.7100,42.0800,38.1778,100700
2018-02-14,41.8000,43.0900,41.8000,43.0900,39.0941,77700
2018-02-15,43.3300,43.3300,42.6400,43.2900,39.2756,107200
2018-02-16,43.1100,43.6000,43.1100,43.1700,39.1667,146700
2018-02-20,43.0700,43.7200,43.0700,43.3400,39.3209,62300
2018-02-21,43.3500,43.8500,43.0700,43.0700,39.0760,467000
2018-02-22,43.3300,43.6600,42.9700,43.0400,39.0488,159700
2018-02-23,43.3500,43.9200,43.2900,43.9200,39.8472,58800
2018-02-26,44.0800,44.3300,43.8100,44.3300,40.2191,48500
2018-02-27,44.3500,44.6400,43.7900,43.7900,39.7292,61600
2018-02-28,44.0100,44.0800,43.2900,43.2900,39.2756,50600
2018-03-01,43.3300,43.5300,42.4300,42.7200,38.7584,370700
2018-03-02,42.3500,43.2700,42.1000,43.1800,39.1758,55600
2018-03-05,42.9200,43.9700,42.9200,43.8200,39.7564,58900
2018-03-06,44.1100,44.3000,43.8300,44.2400,40.1375,48900
2018-03-07,44.1100,44.3600,43.8900,44.2800,40.1738,91200
2018-03-08,44.5100,44.5500,44.0800,44.4300,40.3099,78700
2018-03-09,44.8700,45.3200,44.6000,45.3100,41.1083,109800
2018-03-12,45.4200,45.4800,45.2300,45.3200,41.1173,555200
2018-03-13,45.5600,45.6900,44.8600,44.9500,40.7816,1938900
2018-03-14,45.1500,45.2000,44.5200,44.6100,40.4732,92200
2018-03-15,44.8300,44.8300,44.3200,44.4800,40.3552,150600
2018-03-16,44.5700,44.9000,44.5200,44.7000,40.5548,106000
2018-03-19,44.3700,44.3900,43.5700,43.9900,40.0145,75900
2018-03-20,44.2000,44.2500,44.0500,44.1500,40.1600,45400
2018-03-21,44.1900,44.7600,44.1900,44.3300,40.3238,85500
2018-03-22,43.8300,44.0500,42.9700,42.9700,39.0867,107200
2018-03-23,43.3500,43.3500,41.7500,41.7800,38.0042,120100
2018-03-26,42.5200,43.1300,42.2100,43.0900,39.1958,507400
2018-03-27,43.3200,43.3300,41.7800,42.0700,38.2680,128500
2018-03-28,42.0500,42.1800,41.5000,41.6800,37.9133,155300
2018-03-29,41.9000,42.8100,41.7900,42.5000,38.6592,92400
2018-04-02,42.2800,42.3500,40.7400,41.2100,37.4857,1037800
2018-04-03,41.3900,41.8700,41.1700,41.8100,38.0315,143500
2018-04-04,40.9200,42.4700,40.9200,42.4100,38.5773,163600
2018-04-05,42.6300,42.9200,42.5200,42.7200,38.8593,159600
2018-04-06,42.2000,42.4800,41.1500,41.5300,37.7768,132800
2018-04-09,41.8000,42.4100,41.6100,41.6100,37.8496,59700
2018-04-10,42.3600,42.7200,42.1400,42.5400,38.6955,492400
2018-04-11,42.2500,42.6400,42.2200,42.2700,38.4499,82000
2018-04-12,42.5600,43.0400,42.5600,42.8900,39.0139,114500
2018-04-13,43.2500,43.2700,42.4300,42.5800,38.7319,89800
2018-04-16,42.8600,43.1000,42.6900,42.9700,39.0867,219600
2018-04-17,43.2700,43.4700,43.1900,43.3400,39.4232,2617800
2018-04-18,43.4600,43.7900,43.3900,43.5700,39.6325,239100
2018-04-19,43.3500,43.4700,43.0100,43.2100,39.3050,65300
2018-04-20,43.1900,43.2800,42.8100,42.9700,39.0867,85800
2018-04-23,43.0600,43.2900,42.6800,42.8700,38.9957,75800
2018-04-24,43.1900,43.2600,41.8100,42.2100,38.3954,74700
2018-04-25,42.0000,42.4300,41.7800,42.2100,38.3954,85300
2018-04-26,42.5200,42.7600,42.3500,42.6300,38.7774,45600
2018-04-27,42.7600,42.7600,42.2400,42.5100,38.6683,50600
2018-04-30,42.5300,42.6100,41.9500,41.9500,38.1589,102500
2018-05-01,41.7900,42.0500,41.5000,42.0100,38.2134,599800
2018-05-02,41.9700,42.2200,41.7600,41.7700,37.9951,122600
2018-05-03,41.6400,41.8200,41.0700,41.7000,37.9315,125600
2018-05-04,41.5000,42.5700,41.5000,42.3900,38.5591,126700
2018-05-07,42.5800,42.8300,42.5000,42.6100,38.7592,51700
2018-05-08,42.6000,42.9100,42.4800,42.8400,38.9684,6350700
2018-05-09,43.1000,43.5700,43.1000,43.4800,39.5506,150600
2018-05-10,43.5900,43.9500,43.5100,43.8800,39.9144,364700
2018-05-11,43.7800,43.9600,43.6500,43.7500,39.7962,37200
2018-05-14,43.9800,44.1600,43.8400,43.9300,39.9599,314000
2018-05-15,43.7100,43.9300,43.6300,43.8900,39.9235,263200
2018-05-16,43.9900,44.4600,43.9900,44.3400,40.3329,71300
2018-05-17,44.3200,44.6900,44.2600,44.4900,40.4693,72600
2018-05-18,44.3600,44.4100,44.1600,44.2500,40.2510,19300
2018-05-21,44.6200,44.8200,44.4800,44.6500,40.6149,57000
2018-05-22,44.8100,44.8800,44.4900,44.5300,40.5057,66900
2018-05-23,44.2100,44.5500,44.1100,44.5500,40.5239,82900
2018-05-24,44.5100,44.5700,44.0400,44.5000,40.4784,74800
2018-05-25,44.3300,44.4300,44.2300,44.3400,40.3329,65800
2018-05-29,44.0200,44.1500,43.4400,43.6700,39.7234,79700
2018-05-30,44.0800,44.3700,43.9800,44.2900,40.2874,97400
2018-05-31,44.1700,44.3200,43.8600,43.9300,39.9599,101000
2018-06-01,44.2700,44.7500,44.2700,44.7300,40.6876,392300
2018-06-04,44.6300,44.7600,44.5300,44.6700,40.6331,21200
2018-06-05,44.7000,44.9000,44.6400,44.8800,40.8241,61100
2018-06-06,45.0500,45.4200,44.9400,45.4200,41.3153,47700
2018-06-07,45.3100,45.5800,44.9000,45.1200,41.0424,159800
2018-06-08,44.9200,45.2500,44.8600,45.2300,41.1424,42200
2018-06-11,45.2700,45.4400,45.2700,45.3400,41.2425,26000
2018-06-12,45.4000,45.5300,45.2500,45.4300,41.3244,56700
2018-06-13,45.4700,45.5800,45.3100,45.3200,41.2243,74000
2018-06-14,45.5400,45.6400,45.3900,45.4500,41.3426,34400
2018-06-15,45.2700,45.3100,44.8600,45.2000,41.1152,270600
2018-06-18,44.6000,44.9500,44.4600,44.9300,41.1142,260500
2018-06-19,44.3500,44.5800,44.0100,44.5700,40.7848,42100
2018-06-20,44.8200,44.8600,44.5900,44.7200,40.9221,60200
2018-06-21,44.7700,44.7700,44.2300,44.2300,40.4737,214700
2018-06-22,44.6200,44.6200,44.1700,44.2000,40.4462,20300
2018-06-25,43.8800,43.8800,42.8500,43.1800,39.5129,230300
2018-06-26,43.3300,43.4200,43.0300,43.2500,39.5769,54800
2018-06-27,43.4000,43.6400,42.6200,42.6200,39.0004,72900
2018-06-28,42.6000,42.9900,42.3300,42.8800,39.2383,102200
2018-06-29,43.1600,43.4800,42.9700,42.9700,39.3207,80700
2018-07-02,42.6400,43.1400,42.5000,43.1400,39.4762,466600
2018-07-03,43.3000,43.3000,42.7400,42.7500,39.1194,181000
2018-07-05,43.0600,43.2000,42.8200,43.2000,39.5312,51600
2018-07-06,43.1200,43.7200,43.1200,43.6500,39.9429,109200
2018-07-09,43.9800,44.3400,43.9200,44.3400,40.5743,37000
2018-07-10,44.4100,44.4800,44.2600,44.4300,40.6567,20900
2018-07-11,43.9600,44.1600,43.6900,43.7400,40.0253,60500
2018-07-12,43.9800,44.1800,43.8300,44.1700,40.4188,55100
2018-07-13,44.1200,44.2700,43.9800,44.1200,40.3730,21800
2018-07-16,44.2500,44.2500,43.9800,44.0600,40.3181,310800
2018-07-17,43.8400,44.4500,43.8400,44.4100,40.6384,142400
2018-07-18,44.5600,44.7400,44.4500,44.7300,40.9312,55900
2018-07-19,44.5300,44.5600,44.2300,44.4000,40.6292,36600
2018-07-20,44.2500,44.3200,44.1200,44.1400,40.3913,18000
2018-07-23,44.0700,44.3300,43.9000,44.2700,40.5103,15100
2018-07-24,44.5900,44.7400,44.1600,44.2200,40.4645,14900
2018-07-25,44.2100,44.7200,44.0500,44.6900,40.8946,61100
2018-07-26,44.7800,44.9900,44.7400,44.8400,41.0319,72800
2018-07-27,44.9800,45.0200,44.1800,44.3800,40.6109,21500
2018-07-30,44.4700,44.4700,43.9300,43.9700,40.2358,243000
2018-07-31,44.1900,44.3600,43.9800,44.2200,40.4645,71700
2018-08-01,44.2400,44.3100,43.8400,43.8600,40.1351,75900
2018-08-02,43.5600,44.1700,43.4800,44.1700,40.4188,22400
2018-08-03,44.2500,44.2900,44.1000,44.2600,40.5011,22600
2018-08-06,44.1400,44.4300,44.0800,44.4200,40.6475,230700
2018-08-07,44.6200,44.7800,44.6000,44.6300,40.8397,41800
2018-08-08,44.5200,44.6900,44.4900,44.6400,40.8489,35800
2018-08-09,44.6300,44.6300,44.4400,44.4500,40.6750,13700
2018-08-10,44.1000,44.1100,43.8500,43.9700,40.2358,16200
2018-08-13,43.9500,44.1500,43.7300,43.7300,40.0162,13400
2018-08-14,44.0400,44.1600,43.8800,44.1000,40.3547,17900
2018-08-15,43.6800,43.7800,43.0900,43.3800,39.6959,159600
2018-08-16,43.6900,43.9000,43.6400,43.6500,39.9429,66700
2018-08-17,43.5000,43.8300,43.4200,43.7700,40.0527,44400
2018-08-20,43.8100,44.0300,43.6900,43.9400,40.2083,22300
2018-08-21,44.0400,44.4900,44.0400,44.3500,40.5835,114900
2018-08-22,44.3100,44.5100,44.1600,44.4500,40.6750,32600
2018-08-23,44.3700,44.4600,44.1400,44.2400,40.4828,14200
2018-08-24,44.5300,44.7700,44.5100,44.7500,40.9495,25800
2018-08-27,45.0300,45.5300,45.0300,45.3900,41.5352,50400
2018-08-28,45.5600,45.6000,45.2500,45.4200,41.5626,16700
2018-08-29,45.4000,45.7400,45.3000,45.6600,41.7822,23200
2018-08-30,45.5300,45.5600,45.2100,45.2700,41.4254,22300
2018-08-31,45.1700,45.2800,45.1100,45.2500,41.4071,16600
2018-09-04,45.1000,45.1700,44.8700,45.1700,41.3338,244800
2018-09-05,45.0700,45.1000,44.6600,44.8900,41.0776,37200
2018-09-06,44.8700,44.8800,44.1700,44.3300,40.5652,68500
2018-09-07,44.1300,44.3900,43.9200,44.0900,40.3456,68900
2018-09-10,44.3700,44.4900,44.2800,44.3800,40.6109,243800
2018-09-11,44.0700,44.5200,44.0700,44.4400,40.6659,193300
2018-09-12,44.2700,44.4300,43.9700,44.3800,40.6109,54400
2018-09-13,44.6500,44.8400,44.5100,44.5800,40.7940,52700
2018-09-14,44.6700,44.9800,44.6700,44.9000,41.0868,44100
2018-09-17,44.9200,44.9200,44.4300,44.4700,40.6933,260000
2018-09-18,44.7900,44.9500,44.6200,44.8600,41.0502,35600
2018-09-19,45.0000,45.2500,45.0000,45.2000,41.3613,60100
2018-09-20,45.4900,45.7800,45.4900,45.7000,41.8188,18000
2018-09-21,45.8300,45.9200,45.6700,45.6800,41.8006,31200
2018-09-24,45.5500,45.5500,45.2400,45.4100,41.6794,53400
2018-09-25,45.5100,45.6200,45.1800,45.2100,41.4958,17000
2018-09-26,45.2300,45.4100,44.8800,44.9100,41.2205,28100
2018-09-27,45.0300,45.2200,45.0100,45.0700,41.3673,11100
2018-09-28,44.8900,45.1200,44.8900,44.9500,41.2572,22000
2018-10-01,45.2200,45.3600,44.9900,45.1000,41.3949,53300
2018-10-02,45.0300,45.1700,44.8700,44.9300,41.2388,30400
2018-10-03,45.1700,45.4000,44.9900,45.1600,41.4499,25700
2018-10-04,45.0400,45.0900,44.3200,44.6100,40.9451,87100
2018-10-05,44.5900,44.6800,43.6200,43.9300,40.3210,162600
2018-10-08,43.7300,43.8900,43.2800,43.7000,40.1099,271000
2018-10-09,43.5400,43.6800,43.3800,43.3900,39.8253,29000
2018-10-10,42.9500,42.9600,41.5600,41.5900,38.1732,83200
2018-10-11,41.3700,41.9500,40.5700,40.7900,37.4389,503100
2018-10-12,41.7800,41.7800,40.7700,41.4100,38.0080,402900
2018-10-15,41.2800,41.4800,40.9900,41.0900,37.7143,26900
2018-10-16,41.3800,42.1600,41.3800,42.1300,38.6688,236900
2018-10-17,42.2800,42.3400,41.7000,42.1200,38.6597,124500
2018-10-18,41.9100,41.9100,40.9700,41.0900,37.7143,88600
2018-10-19,41.1500,41.5200,40.6000,40.6700,37.3288,211800
2018-10-22,40.8500,40.8700,40.3100,40.3700,37.0534,155000
2018-10-23,39.6600,40.1400,38.9200,39.9200,36.6404,222300
2018-10-24,39.7000,39.8500,37.9500,37.9700,34.8506,169600
2018-10-25,38.1700,39.0200,38.1700,38.7700,35.5849,58600
2018-10-26,37.8500,38.4800,37.3800,37.8900,34.7772,208600
2018-10-29,38.4800,38.6500,36.7900,37.3900,34.3183,121600
2018-10-30,37.5000,38.4800,37.4400,38.4700,35.3095,104600
2018-10-31,39.1300,39.5700,39.0600,39.1600,35.9428,114900
2018-11-01,39.4200,40.3400,39.3300,40.2900,36.9800,68600
2018-11-02,40.4800,40.7600,39.8000,40.1300,36.8332,101000
2018-11-05,40.2500,40.3700,39.8100,40.2500,36.9433,28900
2018-11-06,40.2000,40.5400,40.2000,40.5100,37.1819,11600
2018-11-07,41.0200,41.4000,40.8000,41.3600,37.9621,58000
2018-11-08,41.1600,41.4000,41.0000,41.1100,37.7327,43100
2018-11-09,40.7500,40.7500,40.0800,40.3800,37.0626,276700
2018-11-12,40.0800,40.0800,39.0300,39.0700,35.8602,46300
2018-11-13,39.2300,39.8500,39.0900,39.2100,35.9887,47000
2018-11-14,39.6500,39.6500,38.6700,38.9700,35.7685,53600
2018-11-15,38.7300,39.7600,38.5000,39.5900,36.3375,146200
2018-11-16,39.1700,39.7000,39.1700,39.5200,36.2733,93100
2018-11-19,39.3000,39.3000,38.1500,38.2400,35.0984,70100
2018-11-20,37.3400,38.1500,37.1800,37.7000,34.6028,167600
2018-11-21,38.1100,38.4500,38.0700,38.1300,34.9975,116900
2018-11-23,37.7300,38.1400,37.7300,37.8800,34.7680,8200
2018-11-26,38.3500,38.8300,38.3500,38.8200,35.6308,56100
2018-11-27,38.6500,38.8300,38.4500,38.7400,35.5574,91900
2018-11-28,39.1600,39.8300,38.5800,39.8300,36.5578,109400
2018-11-29,39.6500,39.9000,39.3500,39.6100,36.3559,58300
2018-11-30,39.5300,39.9700,39.5100,39.9300,36.6496,116100
2018-12-03,40.9000,41.0600,40.4800,40.7600,37.4114,98400
2018-12-04,40.5900,40.5900,38.8400,38.9100,35.7134,76500
2018-12-06,37.9800,38.7200,37.5900,38.7200,35.5390,131600
2018-12-07,38.6900,39.0100,37.2800,37.4400,34.3642,125500
2018-12-10,37.3200,37.5700,36.6800,37.4600,34.3825,82000
2018-12-11,38.1800,38.1800,37.1500,37.4000,34.3274,99900
2018-12-12,38.0100,38.4200,37.7600,37.7600,34.6579,99300
2018-12-13,37.8900,37.9700,37.3400,37.4800,34.4009,213300
2018-12-14,36.9700,37.4000,36.7000,36.7800,33.7584,73200
2018-12-17,36.6000,37.0200,35.7500,36.0000,33.0424,118600
2018-12-18,36.3400,36.6500,35.9900,36.2000,33.2260,89500
2018-12-19,36.1800,36.7900,35.0300,35.2100,32.3174,218600
2018-12-20,35.0600,35.4600,34.2600,34.6800,31.8309,292200
2018-12-21,34.8000,35.1000,33.6700,33.7500,30.9773,394600
2018-12-24,33.3600,33.5900,32.7600,32.7600,30.2209,147700
2018-12-26,33.1100,34.7600,32.6900,34.7400,32.0474,242400
2018-12-27,34.1000,35.1500,33.7600,35.1500,32.4256,406300
2018-12-28,35.3300,35.5800,34.8000,35.0400,32.3241,222100
2018-12-31,35.3200,35.4600,34.9200,35.2900,32.5548,239300
2019-01-02,34.5300,35.6900,34.5300,35.5500,32.7946,119300
2019-01-03,35.1900,35.1900,34.2600,34.3100,31.6507,196000
2019-01-04,35.2300,36.1400,35.0300,36.0400,33.2466,361600
2019-01-07,36.1500,36.9300,35.9300,36.6900,33.8463,115500
2019-01-08,37.2700,37.2700,36.5200,37.0500,34.1783,211000
2019-01-09,37.2700,37.7700,37.2400,37.5900,34.6765,140100
2019-01-10,37.3800,37.9400,37.2400,37.9300,34.9901,198100
2019-01-11,37.6100,37.9900,37.5000,37.9000,34.9625,468100
2019-01-14,37.4900,37.7400,37.4700,37.5700,34.6580,231700
2019-01-15,37.8300,38.0100,37.7000,37.9700,35.0271,112500
2019-01-16,38.0600,38.3400,38.0300,38.1400,35.1839,133400
2019-01-17,37.9100,38.7400,37.8300,38.5300,35.5436,136400
2019-01-18,38.9900,39.4200,38.7300,39.3100,36.2632,255400
2019-01-22,38.9300,38.9300,38.1300,38.3600,35.3868,245100
2019-01-23,38.5800,38.6500,37.7600,38.1400,35.1839,198300
2019-01-24,38.3600,38.9400,38.3600,38.8500,35.8388,34800
2019-01-25,39.2400,39.6900,39.2200,39.6300,36.5584,213600
2019-01-28,38.9400,39.1800,38.7900,39.0700,36.0418,59900
2019-01-29,39.2100,39.2100,38.8200,38.8400,35.8296,67000
2019-01-30,39.2200,39.7400,38.8800,39.6000,36.5307,122400
2019-01-31,39.5100,40.0000,39.5100,39.8600,36.7705,123000
2019-02-01,39.9200,40.2300,39.8200,40.0600,36.9551,75800
2019-02-04,40.1000,40.2600,39.9400,40.2600,37.1395,280500
2019-02-05,40.2900,40.5000,40.2500,40.4000,37.2687,42900
2019-02-06,40.4200,40.6000,40.3900,40.4600,37.3241,68200
2019-02-07,40.0700,40.1300,39.4300,39.6900,36.6137,54700
2019-02-08,39.4000,39.8200,39.2200,39.8200,36.7337,53200
2019-02-11,39.9600,40.0900,39.8400,39.9600,36.8628,261400
2019-02-12,40.3500,40.8100,40.3500,40.7200,37.5639,49500
2019-02-13,40.9200,41.0900,40.8800,40.9200,37.7484,50800
2019-02-14,40.6800,41.0800,40.6800,40.9000,37.7300,195300
2019-02-15,41.2100,41.3100,41.1100,41.2400,38.0436,22800
2019-02-19,41.1300,41.5200,41.1100,41.4000,38.1912,16800
2019-02-20,41.4500,41.7500,41.4500,41.6200,38.3941,41700
2019-02-21,41.5500,41.5500,41.1200,41.2700,38.0713,72100
2019-02-22,41.5300,41.7000,41.4600,41.6700,38.4403,39500
2019-02-25,41.9900,42.2300,41.8700,41.8800,38.6340,29100
2019-02-26,41.6900,41.9400,41.6900,41.7600,38.5233,4448200
2019-02-27,41.6600,41.7700,41.3700,41.7200,38.4864,679600
2019-02-28,41.5600,41.5900,41.3300,41.4000,38.1912,690700
2019-03-01,41.7500,41.9300,41.4800,41.8100,38.5694,83000
2019-03-04,42.0500,42.0900,41.0700,41.5500,38.3296,274900
2019-03-05,41.4800,41.4800,41.2200,41.2700,38.0713,58300
2019-03-06,41.1400,41.1400,40.6400,40.6900,37.5362,116200
2019-03-07,40.6200,40.6200,40.0200,40.2000,37.0842,181900
2019-03-08,39.7300,40.0300,39.5700,40.0300,36.9274,114100
2019-03-11,40.1200,40.8000,40.1200,40.8000,37.6377,452600
2019-03-12,40.8500,41.0900,40.8000,40.9800,37.8037,86800
2019-03-13,41.2500,41.5300,41.1600,41.3400,38.1358,92200
2019-03-14,41.4200,41.4200,41.1400,41.2100,38.0159,76500
2019-03-15,41.3400,41.7000,41.3400,41.5700,38.3480,44000
2019-03-18,41.7200,41.8100,41.4600,41.6800,38.4921,47500
2019-03-19,41.9200,42.0700,41.6300,41.7900,38.5937,240800
2019-03-20,41.7000,41.9400,41.3400,41.6100,38.4274,93800
2019-03-21,41.6300,42.6200,41.6300,42.5100,39.2586,133200
2019-03-22,42.1900,42.1900,41.0400,41.0500,37.9103,140800
2019-03-25,40.9100,41.1300,40.6300,40.9300,37.7994,307500
2019-03-26,41.3900,41.6000,41.0400,41.3000,38.1411,102800
2019-03-27,41.2700,41.4200,40.5700,40.8600,37.7348,83400
2019-03-28,41.0100,41.2100,40.8200,41.1400,37.9934,71700
2019-03-29,41.6000,41.6400,41.4300,41.5700,38.3905,142100
2019-04-01,42.0600,42.5400,42.0600,42.5100,39.2586,305600
2019-04-02,42.5600,42.6700,42.4400,42.6200,39.3602,85400
2019-04-03,42.9800,43.3100,42.8600,43.0000,39.7111,102700
2019-04-04,42.9900,43.0900,42.7000,43.0000,39.7111,226000
2019-04-05,43.1700,43.3700,43.1700,43.3400,40.0251,83500
2019-04-08,43.2700,43.4100,43.0500,43.4000,40.0805,286900
2019-04-09,43.1500,43.1500,42.8000,42.8700,39.5911,102700
2019-04-10,42.9500,43.3200,42.9500,43.3200,40.0066,88500
2019-04-11,43.3800,43.4300,43.1900,43.3400,40.0251,55700
2019-04-12,43.9100,44.0000,43.8000,43.9700,40.6069,60800
2019-04-15,43.9300,43.9500,43.6300,43.7000,40.3576,38000
2019-04-16,43.9300,44.0600,43.8600,43.9900,40.6254,49600
2019-04-17,44.2100,44.2100,43.6100,43.6800,40.3391,52800
2019-04-18,43.8200,43.8400,43.5000,43.8200,40.4684,68500
2019-04-22,43.7200,43.9400,43.6500,43.9200,40.5608,78700
2019-04-23,44.0300,44.3800,44.0100,44.3400,40.9486,73700
2019-04-24,44.3800,44.4800,44.2900,44.3000,40.9117,60600
2019-04-25,44.2800,44.2800,43.7200,43.9500,40.5885,53800
2019-04-26,43.7000,44.0500,43.4500,44.0500,40.6808,78300
2019-04-29,44.1200,44.2500,44.0500,44.1300,40.7547,106100
2019-04-30,44.1200,44.1600,43.7600,44.1600,40.7824,46900
2019-05-01,44.4500,44.4500,43.7300,43.7300,40.3853,84800
2019-05-02,43.5700,43.9000,43.2600,43.6000,40.2652,232200
2019-05-03,43.6600,44.1000,43.6600,44.0900,40.7178,54400
2019-05-06,43.0100,43.7600,42.8800,43.6700,40.3299,96200
2019-05-07,43.1300,43.2500,42.3300,42.7400,39.4710,60800
2019-05-08,42.6200,43.0100,42.5700,42.6600,39.3971,50200
2019-05-09,42.1600,42.5400,41.6700,42.4700,39.2217,76500
2019-05-10,42.1900,42.6200,41.5200,42.4800,39.2309,43100
2019-05-13,41.3600,41.3900,40.6000,40.7100,37.5963,396600
2019-05-14,41.0100,41.6900,40.9900,41.4300,38.2612,63500
2019-05-15,41.0400,41.8700,41.0200,41.7200,38.5290,64400
2019-05-16,41.8400,42.2700,41.8400,42.0100,38.7969,43200
2019-05-17,41.5400,42.0700,41.3800,41.4300,38.2612,65400
2019-05-20,40.8900,41.0900,40.7000,40.8700,37.7440,328700
2019-05-21,41.2700,41.6100,41.2600,41.5400,38.3628,4497800
2019-05-22,41.2300,41.5300,41.0500,41.0500,37.9103,599700
2019-05-23,40.5300,40.5300,39.9700,40.2100,37.1345,104900
2019-05-24,40.5200,40.6300,40.2600,40.3400,37.2546,24300
2019-05-28,40.4600,40.6400,40.0500,40.0500,36.9868,19500
2019-05-29,39.7300,39.9900,39.5000,39.8300,36.7836,39600
2019-05-30,40.0800,40.1800,39.6400,39.8100,36.7651,76000
2019-05-31,39.2200,39.3900,39.0000,39.0000,36.0171,406000
2019-06-03,39.1000,39.3100,38.5900,38.7800,35.8139,373900
2019-06-04,39.3200,40.1700,39.2600,40.1700,37.0976,402100
2019-06-05,40.4400,40.4400,39.8100,40.2900,37.2084,350000
2019-06-06,40.3300,40.6900,40.1600,40.5600,37.4577,61700
2019-06-07,40.7500,41.1500,40.7500,41.0000,37.8641,183900
2019-06-10,41.3200,41.8100,41.3200,41.4400,38.2704,379500
2019-06-11,41.8200,41.9100,41.3100,41.4200,38.2520,23700
2019-06-12,41.2500,41.2500,40.9600,41.0000,37.8641,614700
2019-06-13,41.2300,41.3700,41.1500,41.3700,38.2058,383300
2019-06-14,41.1100,41.1100,40.9000,40.9500,37.8179,538900
2019-06-17,40.9100,41.2000,40.9000,41.0000,37.8641,153500
2019-06-18,41.4000,42.2100,41.4000,41.8800,38.6768,388000
2019-06-19,42.0100,42.1400,41.8500,42.0500,38.8338,377400
2019-06-20,42.7300,42.7800,42.2700,42.5900,39.3325,123800
2019-06-21,42.4900,42.6000,42.3500,42.3700,39.1293,46800
2019-06-24,42.1700,42.3100,42.0200,42.0700,39.0569,274500
2019-06-25,41.9500,42.0000,41.5200,41.5400,38.5649,26900
2019-06-26,41.9500,42.1700,41.9500,42.0600,39.0476,250500
2019-06-27,42.2000,42.4900,42.2000,42.4100,39.3725,753900
2019-06-28,42.6100,42.8100,42.4400,42.7800,39.7160,60000
2019-07-01,43.7200,43.7700,43.0700,43.2600,40.1617,94800
2019-07-02,43.2100,43.2100,42.9100,43.0600,39.9760,56600
2019-07-03,43.1700,43.2700,43.1000,43.2700,40.1710,35200
2019-07-05,43.1500,43.2500,42.7900,43.2300,40.1338,35200
2019-07-08,42.9800,43.0700,42.7700,42.8500,39.7810,37000
2019-07-09,42.6000,43.0700,42.6000,43.0500,39.9667,43800
2019-07-10,43.3300,43.6100,43.2000,43.2500,40.1524,29900
2019-07-11,43.3700,43.3900,43.1300,43.3500,40.2452,30800
2019-07-12,43.4100,43.7300,43.4100,43.7300,40.5980,85300
2019-07-15,43.8300,43.8300,43.6400,43.6900,40.5609,11500
2019-07-16,43.6300,43.7400,43.4000,43.4200,40.3102,11900
2019-07-17,43.4700,43.4700,43.1200,43.1200,40.0317,27200
2019-07-18,42.9100,43.3000,42.9100,43.2400,40.1431,40800
2019-07-19,43.5200,43.5200,43.1400,43.1400,40.0503,17000
2019-07-22,43.2500,43.4600,43.2500,43.3900,40.2824,37100
2019-07-23,43.6100,43.8800,43.5300,43.8700,40.7280,25300
2019-07-24,43.9100,44.4700,43.9100,44.4200,41.2386,44400
2019-07-25,44.2000,44.2000,43.5700,43.6600,40.5330,91500
2019-07-26,43.9400,43.9500,43.8100,43.8600,40.7187,40100
2019-07-29,43.9700,43.9700,43.3300,43.6300,40.5052,39100
2019-07-30,43.1600,43.5800,43.1600,43.5600,40.4402,13100
2019-07-31,43.5500,43.5600,42.4900,42.9400,39.8646,63000
2019-08-01,42.7700,43.1300,41.7100,41.9900,38.9826,440900
2019-08-02,41.7200,41.7200,40.9800,41.2400,38.2863,140700
2019-08-05,40.5900,40.5900,39.3800,39.7200,36.8752,205500
2019-08-06,40.2300,40.4500,39.7700,40.2200,37.3394,342200
2019-08-07,39.6100,40.3200,39.5000,40.2400,37.3580,171000
2019-08-08,40.5700,41.3100,40.5300,41.3100,38.3513,133500
2019-08-09,40.9300,40.9300,40.2900,40.5200,37.6179,80700
2019-08-12,40.1200,40.1300,39.6500,39.8000,36.9495,114000
2019-08-13,39.9200,40.9400,39.9200,40.5400,37.6365,41300
2019-08-14,39.7000,39.7000,38.9300,39.0500,36.2532,56000
2019-08-15,39.1900,39.2200,38.7200,39.0300,36.2346,52200
2019-08-16,39.3400,39.7600,39.3400,39.6900,36.8474,45400
2019-08-19,40.3400,40.5200,40.2100,40.4200,37.5251,51400
2019-08-20,40.2500,40.3100,40.0200,40.0700,37.2001,32200
2019-08-21,40.5000,40.6700,40.3900,40.5100,37.6086,48200
2019-08-22,40.7200,40.7200,40.3000,40.5200,37.6179,29700
2019-08-23,40.1900,40.4100,38.9700,39.1400,36.3367,87700
2019-08-26,39.5600,39.5600,39.2600,39.3900,36.5688,40400
2019-08-27,39.7000,39.7300,39.0800,39.2000,36.3925,35800
2019-08-28,39.0100,39.6200,38.8600,39.5700,36.7359,26100
2019-08-29,40.0900,40.4400,40.0900,40.3500,37.4601,23600
2019-08-30,40.6300,40.7300,40.1800,40.4100,37.5158,64200
2019-09-03,39.9800,40.1200,39.5900,39.8000,36.9495,216800
2019-09-04,40.2800,40.5300,40.2800,40.5300,37.6272,30600
2019-09-05,41.0500,41.7600,41.0500,41.6100,38.6298,91700
2019-09-06,41.6900,41.7300,41.4300,41.5800,38.6020,342000
2019-09-09,41.8100,42.0400,41.7100,42.0200,39.0105,97300
2019-09-10,41.9600,42.3100,41.7200,42.3100,39.2797,37200
2019-09-11,42.5500,42.8400,42.2200,42.8300,39.7625,53100
2019-09-12,42.9000,43.1300,42.5900,42.7500,39.6882,69000
2019-09-13,42.9300,43.0600,42.7900,42.9000,39.8274,62000
2019-09-16,42.9000,43.2700,42.9000,43.2200,40.1245,326500
2019-09-17,43.0900,43.0900,42.7000,42.9900,39.9110,286500
2019-09-18,42.8300,42.8300,42.2300,42.7000,39.6418,57200
2019-09-19,42.8500,42.9300,42.5000,42.5000,39.4561,86500
2019-09-20,42.6000,42.6700,42.1200,42.1500,39.1312,226800
2019-09-23,41.8400,42.1700,41.8400,42.0700,39.1870,128100
2019-09-24,42.2500,42.2500,41.2200,41.3700,38.5350,91100
2019-09-25,41.4100,41.9100,41.0000,41.8300,38.9635,36000
2019-09-26,41.8000,41.8000,41.4000,41.5600,38.7120,77800
2019-09-27,41.6500,41.7500,40.9100,41.0800,38.2649,47200
2019-09-30,41.1700,41.4200,41.0900,41.3400,38.5071,85800
2019-10-01,41.5400,41.7100,40.5300,40.5700,37.7898,297300
2019-10-02,40.1300,40.1600,39.5700,39.7600,37.0354,106000
2019-10-03,39.6900,40.2600,39.1400,40.2600,37.5011,109700
2019-10-04,40.3800,40.6800,40.2500,40.6800,37.8923,20200
2019-10-07,40.5600,40.7900,40.4300,40.4300,37.6594,49700
2019-10-08,39.9900,39.9900,39.3900,39.3900,36.6907,112000
2019-10-09,39.8700,40.0700,39.7600,39.8900,37.1565,81700
2019-10-10,39.9200,40.4900,39.9100,40.3000,37.5383,78000
2019-10-11,40.9900,41.6400,40.9900,41.2800,38.4512,398600
2019-10-14,41.0900,41.3200,41.0300,41.2700,38.4419,7600
2019-10-15,41.3700,42.0200,41.3700,41.9000,39.0287,22900
2019-10-16,41.6900,41.8000,41.4700,41.4900,38.6468,33100
2019-10-17,41.8000,41.8900,41.5200,41.6200,38.7679,10900
2019-10-18,41.5300,41.6700,41.0400,41.2300,38.4046,1070400
2019-10-21,41.5000,41.8400,41.5000,41.7900,38.9262,24100
2019-10-22,41.8900,41.9400,41.6700,41.6700,38.8144,19700
2019-10-23,41.4500,41.8800,41.2800,41.7700,38.9076,81200
2019-10-24,42.0600,42.1600,41.7600,42.0600,39.1777,36800
2019-10-25,41.9900,42.5600,41.9800,42.4900,39.5783,54300
2019-10-28,42.9000,42.9900,42.8200,42.9200,39.9788,299600
2019-10-29,42.7800,42.9600,42.7300,42.7900,39.8577,40500
2019-10-30,42.6600,42.7200,42.4400,42.7000,39.7739,65000
2019-10-31,42.5600,42.5600,41.8700,42.3300,39.4292,180700
2019-11-01,42.6000,43.1800,42.5300,43.1800,40.2210,58900
2019-11-04,43.5700,43.8900,43.5600,43.8700,40.8637,350700
2019-11-05,43.9800,44.2500,43.9000,43.9000,40.8917,119700
2019-11-06,43.9900,43.9900,43.3800,43.4900,40.5098,127200
2019-11-07,43.9100,44.0200,43.6400,43.7600,40.7612,214200
2019-11-08,43.5700,43.9300,43.3700,43.9300,40.9196,95400
2019-11-11,43.5900,43.8600,43.4800,43.8100,40.8078,123700
2019-11-12,43.9300,44.1500,43.7500,43.8900,40.8823,115700
2019-11-13,43.5800,43.7800,43.5100,43.6800,40.6867,41000
2019-11-14,43.5500,43.8100,43.5500,43.7300,40.7333,70800
2019-11-15,44.1200,44.2400,43.9500,44.1900,41.1618,561900
2019-11-18,44.1400,44.1400,43.7900,43.9800,40.9662,100600
2019-11-19,44.0800,44.0800,43.6000,43.8700,40.8637,94000
2019-11-20,43.7100,43.9600,43.3500,43.5500,40.5656,69900
2019-11-21,43.3900,43.6800,43.3400,43.5500,40.5656,42900
2019-11-22,43.7000,43.8200,43.4900,43.7500,40.7519,53500
2019-11-25,43.9300,44.5400,43.9000,44.5400,41.4878,71900
2019-11-26,44.4900,44.4900,44.2700,44.3600,41.3201,147200
2019-11-27,44.5000,44.6500,44.3900,44.6500,41.5902,45000
2019-11-29,44.4000,44.4700,44.2800,44.3200,41.2829,31100
2019-12-02,44.4000,44.4000,43.7800,43.7900,40.7892,396200
2019-12-03,43.1200,43.1200,42.6600,43.1200,40.1651,148300
2019-12-04,43.4700,43.8000,43.4700,43.6600,40.6681,300000
2019-12-05,43.8000,43.8400,43.5300,43.6400,40.6495,77000
2019-12-06,44.0000,44.4500,43.9800,44.3700,41.3295,112900
2019-12-09,44.3200,44.4400,44.1600,44.1700,41.1431,306300
2019-12-10,44.1500,44.4300,44.0600,44.1600,41.1338,34500
2019-12-11,44.2900,44.5700,44.2900,44.5700,41.5157,35700
2019-12-12,44.5900,45.7100,44.4800,45.6500,42.5217,223400
2019-12-13,45.6900,46.0400,45.2700,45.3900,42.2795,60400
2019-12-16,45.8100,46.1400,45.8100,45.8600,42.7173,463700
2019-12-17,46.0100,46.0200,45.8500,46.0000,42.8477,172300
2019-12-18,46.0700,46.2900,46.0000,46.1500,42.9875,42800
2019-12-19,46.4300,46.4300,46.2300,46.3800,43.2017,49500
2019-12-20,46.6600,46.6800,46.4900,46.5500,43.3601,53200
2019-12-23,46.6000,46.8600,46.5200,46.8100,43.7696,81100
2019-12-24,46.8500,46.8500,46.7400,46.8000,43.7603,13300
2019-12-26,46.9900,47.0300,46.8600,46.9400,43.8912,51800
2019-12-27,47.1900,47.1900,46.6500,46.7200,43.6854,57200
2019-12-30,46.7100,46.7500,46.3500,46.4400,43.4236,41600
2019-12-31,46.3500,46.6700,46.2000,46.6400,43.6106,37800
2020-01-02,47.0700,47.3200,46.8500,47.3200,44.2465,105600
2020-01-03,46.7800,46.8900,46.6500,46.7100,43.6761,118600
2020-01-06,46.3400,46.8100,46.2900,46.8100,43.7696,85200
2020-01-07,46.9300,47.2100,46.8300,47.1300,44.0688,382000
2020-01-08,47.1300,47.4700,46.9300,47.2200,44.1530,103700
2020-01-09,47.5400,47.5400,47.1900,47.4800,44.3961,53200
2020-01-10,47.5400,47.5600,47.0800,47.1900,44.1249,129800
2020-01-13,47.3200,47.5700,47.1600,47.5500,44.4615,64400
2020-01-14,47.6000,47.9000,47.4700,47.6600,44.5644,82300
2020-01-15,47.5500,47.6500,47.2300,47.4200,44.3400,51600
2020-01-16,47.6900,48.0500,47.6900,48.0500,44.9291,42300
2020-01-17,48.2400,48.2400,47.9500,48.1000,44.9758,65500
2020-01-21,47.8200,48.0200,47.6600,47.7100,44.6111,77600
2020-01-22,47.8400,47.9600,47.4600,47.5300,44.4428,127800
2020-01-23,47.3500,47.7300,46.9600,47.6900,44.5924,234500
2020-01-24,47.8400,47.8400,46.6400,46.9900,43.9379,144500
2020-01-27,45.6500,45.8800,45.4700,45.5100,42.5540,630700
2020-01-28,45.8300,46.3100,45.6000,46.1600,43.1618,106000
2020-01-29,46.3900,46.4100,45.8200,45.8400,42.8626,131200
2020-01-30,45.4100,45.9100,45.1000,45.9000,42.9187,177000
2020-01-31,45.6400,45.6400,44.5900,44.7400,41.8341,342000
2020-02-03,44.9300,45.4500,44.9300,45.1100,42.1800,373400
2020-02-04,45.9500,46.4700,45.9500,46.3600,43.3488,149000
2020-02-05,47.0300,47.2100,46.8100,47.1700,44.1062,130200
2020-02-06,47.3400,47.4300,47.0300,47.2000,44.1343,61600
2020-02-07,46.8600,46.8600,46.3700,46.3800,43.3675,91900
2020-02-10,46.2100,46.6400,46.2100,46.6200,43.5919,53200
2020-02-11,47.0100,47.5000,46.9900,47.2100,44.1436,86300
2020-02-12,47.6100,47.9600,47.6100,47.8600,44.7514,451400
2020-02-13,47.5200,47.8500,47.3600,47.6900,44.5924,315300
2020-02-14,47.7600,47.8100,47.2200,47.4400,44.3587,127600
2020-02-18,47.0800,47.1700,46.7500,47.0900,44.0314,214500
2020-02-19,47.4400,47.8600,47.4400,47.7700,44.6672,248700
2020-02-20,47.7600,48.1100,47.2800,47.7100,44.6111,103300
2020-02-21,47.3900,47.3900,46.5300,46.7400,43.7041,114200
2020-02-24,44.7500,44.9000,44.2700,44.4600,41.5722,118200
2020-02-25,44.8100,44.9200,42.4600,42.6300,39.8611,436700
2020-02-26,42.9100,43.3700,41.9800,42.0200,39.2907,674200
2020-02-27,40.7600,42.0400,39.9900,40.2900,37.6731,360200
2020-02-28,38.8200,40.6800,38.8200,40.6200,37.9817,916300
2020-03-02,41.0900,41.8400,39.9500,41.8400,39.1224,725000
2020-03-03,41.9200,42.5700,39.8900,40.3500,37.7292,1587100
2020-03-04,41.1000,41.5400,40.3100,41.4800,38.7858,488800
2020-03-05,40.2000,40.5200,39.2500,39.5200,36.9531,266200
2020-03-06,37.9800,38.8600,37.2300,37.9900,35.5225,1233900
2020-03-09,34.9600,34.9600,33.0600,33.1400,30.9875,167700
2020-03-10,34.8200,35.3000,33.0800,35.3000,33.0072,247300
2020-03-11,34.0700,34.3300,32.4500,32.8900,30.7537,367000
2020-03-12,30.0400,30.9300,28.7700,28.8300,26.9574,396100
2020-03-13,30.9400,31.8300,28.9600,31.7600,29.6971,369400
2020-03-16,27.2500,29.4700,26.2500,27.4700,25.6858,333300
2020-03-17,27.8800,29.0000,26.2800,28.6600,26.7985,288300
2020-03-18,26.7100,27.0800,24.7000,26.1900,24.4889,323900
2020-03-19,25.9200,27.5800,25.0300,27.0300,25.2744,132700
2020-03-20,27.6200,28.1200,26.0000,26.0800,24.3861,224900
2020-03-23,25.8600,25.8600,24.4800,25.1200,23.9111,252100
2020-03-24,26.7700,28.4800,26.7700,28.0200,26.6715,382700
2020-03-25,28.8100,30.6200,27.8300,29.1800,27.7757,403400
2020-03-26,29.6700,30.9400,29.3800,30.6500,29.1749,618200
2020-03-27,29.5200,29.9100,28.9700,29.1100,27.7090,205400
2020-03-30,29.2800,29.7300,28.4800,29.6800,28.2516,315300
2020-03-31,29.7600,30.1100,29.0400,29.2100,27.8042,213500
2020-04-01,27.9900,28.2200,27.1900,27.4100,26.0909,547500
2020-04-02,27.3500,28.7000,27.2200,27.9700,26.6239,436300
2020-04-03,27.8100,28.2500,27.0700,27.4500,26.1289,331200
2020-04-06,28.6800,30.3600,28.6800,30.1200,28.6704,907300
2020-04-07,31.6400,32.0900,30.4800,30.5400,29.0702,592800
2020-04-08,31.0600,32.2800,30.8300,32.1600,30.6123,708400
2020-04-09,33.0300,33.7000,32.0300,32.5900,31.0216,749300
2020-04-13,32.6400,32.6400,31.4300,31.9900,30.4504,298600
2020-04-14,32.8600,33.1000,32.2600,32.7300,31.1548,190900
2020-04-15,31.6200,31.6200,30.9800,31.3200,29.8127,387900
2020-04-16,31.5400,31.5400,30.7100,31.0200,29.5271,263000
2020-04-17,32.1300,32.6100,32.0100,32.5400,30.9740,499600
2020-04-20,31.8100,32.5400,31.5200,31.7900,30.2601,386400
2020-04-21,31.0400,31.3500,30.5200,30.6600,29.1844,603500
2020-04-22,31.4900,31.7900,31.2800,31.5900,30.0697,320300
2020-04-23,31.8800,32.5000,31.7600,31.8200,30.2886,344300
2020-04-24,32.1800,32.6600,31.8200,32.5000,30.9359,300800
2020-04-27,32.7900,33.6300,32.6300,33.4900,31.8782,462800
2020-04-28,34.2700,34.6800,33.6300,34.0800,32.4399,430100
2020-04-29,34.9800,36.0900,34.9200,36.0400,34.3055,586900
2020-04-30,35.5800,35.5800,34.7300,34.8500,33.1728,426200
2020-05-01,33.8600,33.9300,32.8600,33.0900,31.4975,612800
2020-05-04,32.7200,33.2900,32.3000,33.2500,31.6498,596600
2020-05-05,34.0200,34.4200,33.3500,33.4200,31.8116,507400
2020-05-06,33.7900,34.0100,33.2000,33.2700,31.6688,260300
2020-05-07,33.8100,34.4400,33.8100,33.9400,32.3066,1011800
2020-05-08,34.6800,35.2200,34.4900,35.1700,33.4774,580600
2020-05-11,34.7800,34.9900,34.3400,34.7500,33.0776,376800
2020-05-12,34.9000,34.9900,33.6700,33.6700,32.0496,460500
2020-05-13,33.6200,33.6200,32.1100,32.5000,30.9359,747600
2020-05-14,31.9700,33.2600,31.3300,33.2300,31.6308,1428000
2020-05-15,32.6900,33.3100,32.4500,33.0800,31.4880,230800
2020-05-18,34.9400,36.4100,34.8900,36.1900,34.4483,1319100
2020-05-19,36.0600,36.1900,35.0500,35.2200,33.5250,726700
2020-05-20,36.0500,36.5100,35.9700,36.2800,34.5340,618400
2020-05-21,36.2400,36.7500,35.8600,36.2900,34.5435,448700
2020-05-22,36.3800,36.3800,35.5000,36.1400,34.4007,422400
2020-05-26,37.8200,38.9500,37.7600,38.5500,36.6947,689500
2020-05-27,39.9800,40.3600,38.5900,40.2600,38.3224,956400
2020-05-28,40.5700,40.5700,38.6700,38.8600,36.9898,957300
2020-05-29,38.2800,38.5600,37.5100,38.0400,36.2093,695700
2020-06-01,38.2400,39.2400,37.9000,39.0700,37.1897,741300
2020-06-02,39.5500,40.0900,39.4300,39.9600,38.0369,383400
2020-06-03,40.8900,42.3800,40.8900,42.1900,40.1595,622900
2020-06-04,42.0000,43.3700,41.3800,43.3200,41.2352,733200
2020-06-05,46.2900,47.1100,45.7800,46.0000,43.7862,732600
2020-06-08,47.8500,48.6600,47.1300,48.6400,46.2991,731200
2020-06-09,46.9500,47.0400,45.8000,46.5300,44.2907,573900
2020-06-10,46.1100,46.1100,43.9100,43.9700,41.8539,499500
2020-06-11,40.7300,41.6200,39.3000,39.4500,37.5514,959600
2020-06-12,41.5500,41.9900,39.7600,41.2800,39.2933,417800
2020-06-15,39.4700,42.1200,39.0400,41.7700,39.7598,692700
2020-06-16,44.5000,44.5000,41.8500,43.0500,40.9782,758200
2020-06-17,42.9000,42.9000,41.7500,41.8400,39.8264,317000
2020-06-18,41.3900,42.5000,41.0800,41.8800,39.8645,272500
2020-06-19,42.8900,42.9300,40.7700,41.1400,39.1601,511000
2020-06-22,40.8200,41.0800,40.2000,40.9000,39.0970,219700
2020-06-23,41.5400,41.7100,40.9700,41.1600,39.3455,251500
2020-06-24,40.4000,40.4000,38.4900,38.8500,37.1374,827800
2020-06-25,38.3400,39.7100,38.1700,39.6800,37.9308,586500
2020-06-26,39.3300,39.3700,38.0200,38.2800,36.5925,663400
2020-06-29,38.6400,39.5200,38.1500,39.3700,37.6344,376500
2020-06-30,39.2500,40.2700,39.0000,40.0100,38.2462,398600
2020-07-01,40.3300,40.7800,39.2500,39.2900,37.5580,263700
2020-07-02,40.3000,40.8000,39.4900,39.5600,37.8161,393400
2020-07-06,40.4700,40.8700,39.7400,40.2400,38.4661,583300
2020-07-07,39.7900,39.7900,38.8800,38.9600,37.2425,188800
2020-07-08,39.0600,39.5200,38.6400,39.3900,37.6535,274700
2020-07-09,39.4000,39.4300,37.7300,38.0500,36.3726,367900
2020-07-10,37.9500,39.3200,37.9100,39.3200,37.5867,638200
2020-07-13,39.7500,40.1700,38.9500,39.1800,37.4528,303100
2020-07-14,38.9900,39.7500,38.5500,39.6800,37.9308,314500
2020-07-15,40.8100,41.6100,40.4600,41.4600,39.6323,510000
2020-07-16,40.8300,41.6100,40.5900,41.2000,39.3838,168400
2020-07-17,41.2900,41.4200,40.7200,40.7800,38.9823,197100
2020-07-20,40.6600,40.8500,40.1400,40.3200,38.5426,238300
2020-07-21,40.8800,41.7300,40.8100,41.4500,39.6228,256600
2020-07-22,41.1000,41.6400,40.8700,41.4400,39.6132,137500
2020-07-23,41.3400,41.9700,41.1100,41.4900,39.6610,243900
2020-07-24,41.3800,41.6200,40.9500,41.0700,39.2595,164600
2020-07-27,40.8800,41.1500,40.5500,41.1000,39.2882,121700
2020-07-28,40.8000,41.1900,40.6600,40.7000,38.9058,108800
2020-07-29,40.9300,41.9100,40.9300,41.8800,40.0338,148100
2020-07-30,41.1500,41.3100,40.5100,41.2400,39.4220,238600
2020-07-31,41.0700,41.0900,40.2600,40.9000,39.0970,205000
2020-08-03,40.9800,41.2900,40.5400,41.0500,39.2404,244900
2020-08-04,40.9200,41.3800,40.9200,41.3000,39.4794,146300
2020-08-05,41.7900,42.2300,41.7900,42.1600,40.3014,255300
2020-08-06,41.9700,42.3200,41.7700,41.9800,40.1294,108900
2020-08-07,41.8100,42.6400,41.5500,42.6000,40.7221,230100
2020-08-10,42.9400,43.9800,42.8900,43.9300,41.9934,565400
2020-08-11,44.8300,45.3700,44.1000,44.2000,42.2515,444900
2020-08-12,45.0600,45.0600,43.7500,44.2500,42.2993,136600
2020-08-13,43.9600,44.3400,43.5900,43.8000,41.8691,188900
2020-08-14,43.5600,44.3900,43.5000,44.1600,42.2133,224800
2020-08-17,44.2400,44.2800,43.6600,43.8500,41.9169,208000
2020-08-18,43.7600,43.7600,43.0800,43.1300,41.2287,122600
2020-08-19,43.1400,43.6600,42.9400,43.0600,41.1618,109000
2020-08-20,42.5000,42.8000,42.3400,42.4500,40.5787,226500
2020-08-21,42.2500,42.5200,42.1100,42.2200,40.3588,93800
2020-08-24,42.6600,43.7600,42.4500,43.7600,41.8309,593900
2020-08-25,44.1500,44.3600,43.3300,43.7400,41.8118,368700
2020-08-26,43.7400,43.7400,43.1800,43.2200,41.3147,283700
2020-08-27,43.5000,44.1000,43.5000,43.8400,41.9074,362900
2020-08-28,44.1500,44.7100,43.9300,44.6600,42.6912,234200
2020-08-31,44.5800,44.5800,43.7300,43.7300,41.8022,307500
2020-09-01,43.5100,44.0600,43.0900,44.0000,42.0603,642500
2020-09-02,44.1400,44.8400,43.8100,44.6800,42.7104,367400
2020-09-03,44.8100,45.6600,43.8000,44.1400,42.1942,846800
2020-09-04,44.7900,45.0000,43.6200,44.5200,42.5574,764600
2020-09-08,43.8000,43.8000,43.0600,43.1700,41.2669,316000
2020-09-09,43.6300,43.6300,42.9100,43.2600,41.3530,324400
2020-09-10,43.5100,44.0000,42.5200,42.6000,40.7221,394900
2020-09-11,42.8100,42.9900,42.3800,42.7800,40.8941,333400
2020-09-14,43.2700,44.0000,43.1200,43.8600,41.9265,423900
2020-09-15,44.1100,44.1100,43.4200,43.5200,41.6015,187200
2020-09-16,43.7800,45.0700,43.5400,44.4200,42.4618,182900
2020-09-17,43.5800,44.4400,43.4000,44.2500,42.2993,261100
2020-09-18,44.3100,44.3100,43.3600,43.5700,41.6493,125000
2020-09-21,42.1800,42.1800,40.9400,41.4000,39.5750,499200
2020-09-22,41.4900,41.9300,40.9400,41.3600,39.5367,371900
2020-09-23,41.5400,42.0000,40.1800,40.2100,38.4374,214200
2020-09-24,40.0000,40.8800,39.2600,40.2200,38.4470,280800
2020-09-25,40.0600,40.9200,39.8600,40.7800,38.9823,214100
2020-09-28,41.5200,42.2500,41.5000,41.9600,40.1103,372100
2020-09-29,41.8900,41.8900,40.9100,41.2900,39.4698,108000
2020-09-30,41.4400,42.2400,41.2100,41.5400,39.7088,237600
2020-10-01,41.7600,41.9500,41.2200,41.6200,39.7853,169400
2020-10-02,40.6100,42.4500,40.4700,42.2300,40.3684,289200
2020-10-05,42.7400,43.3600,42.7400,43.3100,41.4008,1958400
2020-10-06,43.7300,44.2100,42.5700,42.6600,40.7794,380900
2020-10-07,43.3500,43.9400,43.3400,43.7900,41.8596,173800
2020-10-08,44.2500,44.7600,43.9700,44.7500,42.7773,369900
2020-10-09,45.0800,45.2300,44.3800,44.5300,42.5670,125800
2020-10-12,44.6500,44.7600,44.3400,44.6400,42.6721,396200
2020-10-13,44.3500,44.3500,43.6100,43.7300,41.8022,125500
2020-10-14,43.8500,44.2800,43.6700,43.6800,41.7544,242000
2020-10-15,42.9500,44.1100,42.9100,44.0700,42.1273,179400
2020-10-16,44.2400,44.2400,43.7100,43.7900,41.8596,186000
2020-10-19,43.9800,44.3600,43.3100,43.3600,41.4485,419500
2020-10-20,43.7300,44.4300,43.7300,43.9400,42.0030,225300
2020-10-21,43.8600,44.0200,43.5100,43.5100,41.5919,110900
2020-10-22,43.7300,44.9800,43.7300,44.9000,42.9207,652000
2020-10-23,45.1700,45.3300,44.7200,45.1700,43.1788,861200
2020-10-26,44.4500,44.4500,43.0300,43.5900,41.6684,238300
2020-10-27,43.6400,43.6400,42.6600,42.6700,40.7890,217400
2020-10-28,41.6200,41.8400,40.9700,41.1000,39.2882,162400
2020-10-29,41.0400,42.3700,40.7600,42.1200,40.2632,127200
2020-10-30,41.9200,42.3100,41.2700,42.2700,40.4066,142500
2020-11-02,42.9000,43.8100,42.4000,43.6400,41.7162,7340400
2020-11-03,44.3900,44.8300,44.2300,44.5100,42.5479,244200
2020-11-04,44.2800,44.7500,43.1400,43.8300,41.8978,237100
2020-11-05,44.4800,45.4100,44.3800,45.1100,43.1214,178300
2020-11-06,45.2200,45.3900,44.3200,44.5100,42.5479,140900
2020-11-09,48.8500,50.6500,48.7200,49.6800,47.4900,928400
2020-11-10,49.6800,50.0400,49.2500,49.7700,47.5760,842200
2020-11-11,50.1800,50.1800,48.6400,49.0100,46.8495,1006100
2020-11-12,48.2900,48.6100,47.2000,47.6300,45.5303,444800
2020-11-13,48.1300,49.5900,48.1300,49.4300,47.2510,295700
2020-11-16,51.1600,51.5000,50.5800,51.4800,49.2106,522000
2020-11-17,50.9200,51.8400,50.2400,51.7500,49.4687,320900
2020-11-18,51.9400,52.6300,51.2300,51.2300,48.9716,663100
2020-11-19,51.0700,51.9400,50.6800,51.8400,49.5547,421700
2020-11-20,51.8900,51.9300,51.3100,51.4400,49.1723,444900
2020-11-23,52.1000,53.6500,52.1000,53.5200,51.1607,473700
2020-11-24,55.0000,55.9600,54.6500,55.9200,53.4549,1656800
2020-11-25,55.3200,55.4400,54.6000,55.2000,52.7666,1430600
2020-11-27,55.2800,55.4400,54.7800,54.9700,52.5468,490300
2020-11-30,54.6900,54.6900,53.1100,53.2200,50.8739,616400
2020-12-01,54.3700,54.6600,53.9100,53.9400,51.5621,8418500
2020-12-02,53.6900,54.9700,53.3700,54.8300,52.4129,515300
2020-12-03,55.0500,56.3700,54.9500,55.9200,53.4549,542700
2020-12-04,56.6400,57.7900,56.6400,57.7800,55.2329,444600
2020-12-07,57.5500,57.5500,56.7500,57.1800,54.6593,614500
2020-12-08,56.7200,57.6100,56.6200,57.4300,54.8983,280600
2020-12-09,57.9400,58.2700,56.6800,57.2800,54.7549,300700
2020-12-10,56.7800,57.9900,56.6100,57.8700,55.3189,477700
2020-12-11,57.4600,57.4700,56.4400,57.0500,54.5351,220800
2020-12-14,57.9900,58.0000,55.8600,55.9000,53.4357,472400
2020-12-15,56.4200,57.1800,55.7600,57.0900,54.5733,401800
2020-12-16,57.1500,57.2700,56.5300,56.8100,54.3056,232100
2020-12-17,57.2200,57.2200,56.4700,56.9000,54.3917,179900
2020-12-18,56.9600,56.9700,55.8000,56.3000,53.8181,246000
2020-12-21,54.7000,55.9800,54.4200,55.6500,53.4293,306300
2020-12-22,55.6600,55.6800,54.9200,54.9800,52.7860,147300
2020-12-23,55.3600,56.6100,55.3600,56.1700,53.9285,287900
2020-12-24,56.3400,56.3400,55.6000,56.1000,53.8613,315400
2020-12-28,56.5800,56.9800,56.1100,56.1500,53.9093,309400
2020-12-29,56.5500,56.5500,55.4900,55.7300,53.5061,275100
2020-12-30,55.8800,56.7500,55.8100,56.6200,54.3606,501800
2020-12-31,56.5100,56.9200,56.0700,56.7700,54.5046,425400
2021-01-04,57.1800,57.3600,55.5000,55.9500,53.7173,790100
2021-01-05,55.8700,57.9800,55.8700,57.3400,55.0518,320900
2021-01-06,58.0800,60.1000,58.0800,59.4200,57.0488,682400
2021-01-07,60.1500,60.9900,60.1100,60.4400,58.0281,355400
2021-01-08,60.9200,60.9200,59.4300,60.1500,57.7497,341800
2021-01-11,59.1200,60.3400,58.8000,60.2900,57.8841,603400
2021-01-12,60.6300,61.8300,60.3600,61.7200,59.2570,354100
2021-01-13,61.6100,61.6100,60.8200,61.1100,58.6714,173400
2021-01-14,61.6100,62.9300,61.6100,62.4100,59.9195,485600
2021-01-15,61.6900,61.6900,60.4300,60.9500,58.5178,407900
2021-01-19,61.6200,61.8300,61.0900,61.5500,59.0938,443700
2021-01-20,62.0400,62.0400,61.2800,61.6600,59.1994,171200
2021-01-21,61.5900,61.6600,60.4900,60.7700,58.3450,446200
2021-01-22,59.8600,60.5200,59.6300,60.4300,58.0185,170700
2021-01-25,59.9800,59.9800,58.4500,59.5400,57.1640,410000
2021-01-26,59.9300,60.1100,58.5400,58.5800,56.2424,172600
2021-01-27,57.4600,57.8600,56.4800,56.7600,54.4950,535300
2021-01-28,57.7200,58.6400,57.5800,58.1700,55.8487,497300
2021-01-29,58.1400,58.1400,56.1800,56.4100,54.1589,858200
2021-02-01,57.0800,57.5700,56.3300,57.2800,54.9942,1320100
2021-02-02,58.3900,58.9100,58.0000,58.4100,56.0791,218300
2021-02-03,58.6200,59.7400,58.5900,59.6300,57.2505,252700
2021-02-04,60.0200,61.0100,60.0000,60.9500,58.5178,307100
2021-02-05,61.5800,61.8500,61.1800,61.2600,58.8154,341000
2021-02-08,61.8000,62.9200,61.7300,62.9200,60.4092,219700
2021-02-09,62.5700,62.7100,61.9900,62.4200,59.9291,220900
2021-02-10,62.7200,63.2300,62.0800,62.9000,60.3900,246300
2021-02-11,62.9200,63.2600,61.8700,62.7700,60.2652,162500
2021-02-12,62.4900,63.5000,62.4900,63.4300,60.8988,479700
2021-02-16,64.3600,64.9800,64.2400,64.8000,62.2141,1617200
2021-02-17,64.6700,65.0000,64.0100,64.7100,62.1277,437300
2021-02-18,64.3400,64.3700,63.2400,63.6200,61.0812,157100
2021-02-19,64.2500,65.7200,64.1800,65.4800,62.8670,490500
2021-02-22,65.5100,67.6300,65.4200,66.7900,64.1247,1279600
2021-02-23,66.8800,67.5600,64.8800,67.3300,64.6432,1078800
2021-02-24,67.6600,69.7200,67.5000,69.5400,66.7650,1143900
2021-02-25,70.0300,70.0600,66.8000,67.2100,64.5280,1075000
2021-02-26,67.1300,67.5800,65.3400,66.8200,64.1535,769600
2021-03-01,68.2500,69.0100,68.1100,68.4900,65.7569,6918200
2021-03-02,68.6600,69.0700,68.0600,68.2000,65.4784,1824000
2021-03-03,68.5400,70.1000,68.5400,68.7300,65.9873,2067400
2021-03-04,68.9100,69.2400,66.0700,67.9100,65.2000,2613000
2021-03-05,69.1400,69.7300,66.0700,69.5700,66.7938,1709300
2021-03-08,70.1300,71.1500,69.7700,70.0600,67.2642,2388900
2021-03-09,70.4700,70.5300,68.9900,69.4400,66.6690,1061700
2021-03-10,69.7500,70.8500,69.6000,70.6200,67.8019,1619700
2021-03-11,71.1100,72.0600,70.5900,71.3100,68.4643,1221700
2021-03-12,71.5500,72.0700,71.5000,72.0700,69.1940,849300
2021-03-15,72.4000,72.6400,71.5000,72.6000,69.7029,1070300
2021-03-16,72.3500,72.3500,70.5600,70.7700,67.9459,1333600
2021-03-17,70.8200,71.9800,70.2600,71.9800,69.1076,907600
2021-03-18,71.7000,72.5800,70.0700,70.3400,67.5331,623900
2021-03-19,70.1900,70.9400,68.9600,70.1800,67.3795,1226700
2021-03-22,69.8800,69.8800,68.8600,69.1800,66.5578,1102900
2021-03-23,68.4400,68.7400,66.4800,66.8300,64.2969,2294700
2021-03-24,67.7400,68.8800,66.9000,66.9000,64.3643,3406100
2021-03-25,66.1400,68.5300,65.5600,68.3500,65.7593,2303000
2021-03-26,69.3200,69.8800,68.3800,69.8300,67.1832,2289500
2021-03-29,69.4300,69.4800,67.9000,68.5000,65.9036,2153400
2021-03-30,68.5900,69.8600,68.3700,69.6500,67.0100,1027700
2021-03-31,69.9100,70.0400,69.2600,69.5300,66.8946,984800
2021-04-01,69.8900,70.8200,69.7700,70.8200,68.1357,1033000
2021-04-05,71.6200,71.6200,70.8300,70.9800,68.2896,1816200
2021-04-06,71.0600,71.7700,70.9500,71.1200,68.4243,1040100
2021-04-07,71.3300,71.5600,70.6700,71.1100,68.4147,935400
2021-04-08,71.0500,71.0500,69.9000,70.9500,68.2607,930300
2021-04-09,71.0900,71.2800,70.7000,71.1900,68.4916,1311600
2021-04-12,71.2000,71.4900,70.6900,71.1800,68.4820,646300
2021-04-13,70.9600,70.9600,69.8900,70.5600,67.8855,455300
2021-04-14,70.7500,72.2500,70.7400,71.4600,68.7514,916300
2021-04-15,71.9300,71.9300,70.7300,71.2100,68.5109,732600
2021-04-16,71.7400,72.0600,71.0700,71.3000,68.5975,501800
2021-04-19,71.2200,71.5400,70.4500,70.7900,68.1068,932700
2021-04-20,70.3800,70.3800,68.2100,68.8800,66.2692,945700
2021-04-21,68.4500,70.5200,67.9600,70.4600,67.7893,1190100
2021-04-22,70.7000,70.8400,69.5300,69.7100,67.0677,914700
2021-04-23,69.9600,71.3400,69.5800,71.0700,68.3762,615500
2021-04-26,71.4700,72.2200,71.4200,71.7800,69.0593,567400
2021-04-27,71.9600,72.4300,71.7000,72.3700,69.6269,546900
2021-04-28,72.4100,73.3300,72.4100,73.1500,70.3773,505700
2021-04-29,74.0000,74.2800,73.0000,73.7500,70.9546,523800
2021-04-30,73.1900,73.6700,72.6800,72.9400,70.1753,410600
2021-05-03,73.6800,74.2000,73.1400,73.7800,70.9835,571100
2021-05-04,73.3500,73.6600,72.1800,73.4400,70.6564,553500
2021-05-05,73.8300,74.6800,73.4100,74.3100,71.4934,1059300
2021-05-06,74.4400,74.6800,73.1800,74.6400,71.8109,662200
2021-05-07,74.2800,75.9400,74.0000,75.9200,73.0423,868700
2021-05-10,76.3200,76.6300,75.2800,75.3300,72.4747,773700
2021-05-11,73.9500,74.8700,72.9200,74.0900,71.2817,842800
2021-05-12,74.0200,74.6800,72.1800,72.3600,69.6173,770000
2021-05-13,72.2800,73.8900,72.1600,73.2500,70.4736,881600
2021-05-14,73.9200,75.7100,73.9200,75.4900,72.6286,927000
2021-05-17,75.2300,76.1900,74.5800,76.1200,73.2348,702200
2021-05-18,76.2400,76.5300,75.0800,75.0900,72.2438,858500
2021-05-19,73.6200,74.3100,72.6800,74.1600,71.3491,697700
2021-05-20,74.2700,74.4500,73.3900,74.1200,71.3106,332700
2021-05-21,74.7500,75.2800,74.2600,74.3600,71.5415,797400
2021-05-24,74.8600,75.7000,74.3500,75.3800,72.5228,915500
2021-05-25,75.8200,76.4300,74.7300,74.8700,72.0321,785600
2021-05-26,75.1400,75.9100,75.1100,75.8500,72.9750,696200
2021-05-27,76.3700,77.0000,76.2100,76.9100,73.9948,1001400
2021-05-28,77.2000,77.2000,76.2200,76.7200,73.8120,1216100
2021-06-01,77.6600,78.2600,77.5000,78.1600,75.1975,747100
2021-06-02,78.4400,78.7300,77.6900,78.5100,75.5342,520700
2021-06-03,77.9400,78.3200,77.2400,77.7900,74.8415,433500
2021-06-04,78.2000,78.3700,77.4900,78.1100,75.1493,301100
2021-06-07,78.2000,78.4100,77.8800,78.0100,75.0531,519100
2021-06-08,78.2100,78.3800,77.4100,78.2500,75.2840,433500
2021-06-09,78.3000,78.3400,77.2100,77.2400,74.3123,384300
2021-06-10,77.9100,78.0600,76.4300,76.7800,73.8698,249100
2021-06-11,76.9700,77.2500,76.7800,77.1100,74.1873,256300
2021-06-14,77.1800,77.4100,76.0200,76.4000,73.5042,524300
2021-06-15,76.4500,76.8900,76.0700,76.5600,73.6581,449800
2021-06-16,76.4600,76.8700,75.6500,76.4700,73.5715,356600
2021-06-17,76.3600,76.7000,73.7000,74.4100,71.5896,618400
2021-06-18,73.4000,73.6800,72.6900,72.7400,69.9829,1033000
2021-06-21,73.1600,74.7400,73.0700,74.7200,72.1099,488900
2021-06-22,74.6800,75.0600,73.9500,74.7900,72.1775,487800
2021-06-23,75.0500,75.7700,75.0500,75.1500,72.5249,472300
2021-06-24,75.6400,76.0900,75.2200,75.9600,73.3066,412800
2021-06-25,76.3100,76.7600,76.1000,76.5800,73.9049,342900
2021-06-28,76.5600,76.5600,74.8300,75.2100,72.5828,330000
2021-06-29,75.4200,75.8400,74.9400,75.0600,72.4380,555800
2021-06-30,75.0800,75.7400,75.0400,75.5700,72.9302,404200
2021-07-01,76.2400,76.5800,75.9700,76.3500,73.6830,679900
2021-07-02,76.4700,76.4700,75.8900,76.1300,73.4706,526200
2021-07-06,76.1500,76.1500,73.9000,74.3300,71.7335,700600
2021-07-07,74.2400,74.7000,72.7200,73.3400,70.7781,1229300
2021-07-08,71.8300,73.2100,71.2100,72.5500,70.0157,1108300
2021-07-09,73.5400,74.6400,73.1500,74.5900,71.9844,913200
2021-07-12,74.2200,75.2700,73.7700,75.1100,72.4863,657600
2021-07-13,74.7900,74.7900,73.7900,73.8300,71.2510,741700
2021-07-14,74.2100,75.0500,72.5900,72.7500,70.2087,966000
2021-07-15,72.1900,72.6900,71.2400,71.9400,69.4270,551500
2021-07-16,72.5300,72.5300,70.0000,70.1200,67.6706,370000
2021-07-19,68.1000,68.5200,67.0800,68.0200,65.6439,1967300
2021-07-20,68.1500,70.6300,67.8600,70.4200,67.9601,828400
2021-07-21,71.1200,72.7400,71.1200,72.6000,70.0639,1330200
2021-07-22,72.3200,72.3200,71.2900,71.8300,69.3209,335200
2021-07-23,72.2500,72.3300,71.3400,71.8200,69.3112,680100
2021-07-26,71.7500,72.9200,71.7500,72.9100,70.3631,426000
2021-07-27,72.3500,72.3500,71.3200,72.1000,69.5814,154500
2021-07-28,72.4400,73.1300,71.4700,72.6800,70.1412,356800
2021-07-29,73.2400,73.9300,72.9800,73.3900,70.8264,220200
2021-07-30,72.8500,73.7100,72.4800,72.7800,70.2377,358100
2021-08-02,73.1200,74.4800,72.3100,72.3700,69.8420,537700
2021-08-03,72.6000,73.2800,71.4600,73.2800,70.7202,275800
2021-08-04,72.6800,73.3000,72.1200,72.1200,69.6007,353900
2021-08-05,72.4100,73.9000,72.4100,73.6600,71.0869,312300
2021-08-06,74.1900,74.5800,73.9200,74.4100,71.8107,492400
2021-08-09,73.9600,74.2900,73.3100,73.9300,71.3475,216000
2021-08-10,74.0500,75.0500,73.8700,74.7700,72.1581,228100
2021-08-11,74.8400,75.5600,74.2400,75.5600,72.9206,336900
2021-08-12,75.3500,75.3500,74.4000,75.2200,72.5924,278600
2021-08-13,75.1800,75.2400,74.2800,74.4700,71.8686,265800
2021-08-16,73.7200,73.7200,72.7900,73.4500,70.8842,863600
2021-08-17,72.7000,72.8500,71.0600,71.8400,69.3305,617000
2021-08-18,71.7400,72.5700,71.1700,71.2500,68.7611,480700
2021-08-19,70.2800,70.7300,69.5700,70.2200,67.7671,456300
2021-08-20,70.1000,70.9100,69.9900,70.9000,68.4234,292600
2021-08-23,71.6200,72.7300,71.6200,72.6400,70.1026,625800
2021-08-24,73.0700,73.7500,73.0700,73.6700,71.0966,818100
2021-08-25,73.8100,74.6100,73.5400,74.3400,71.7432,955600
2021-08-26,74.1300,74.4300,73.4000,73.5900,71.0194,992300
2021-08-27,73.9400,75.4100,73.9400,75.2400,72.6117,554900
2021-08-30,75.5200,75.6000,74.8800,74.8900,72.2739,1519400
2021-08-31,74.8400,75.0100,74.2300,74.7600,72.1485,1665900
2021-09-01,74.9900,75.0500,74.3000,74.3400,71.7432,7231600
2021-09-02,74.6600,75.3100,74.5400,74.8700,72.2547,953100
2021-09-03,74.6800,75.0900,74.3700,74.6300,72.0230,886400
2021-09-07,74.5100,74.6900,74.1800,74.5000,71.8976,1348200
2021-09-08,74.5200,74.5200,73.2300,73.6000,71.0290,754200
2021-09-09,73.4800,74.5200,73.4100,73.8700,71.2896,504700
2021-09-10,74.5800,74.7100,73.4000,73.4300,70.8650,244900
2021-09-13,74.1100,74.1900,73.1900,74.1800,71.5888,1045900
2021-09-14,74.4600,74.4600,73.2600,73.4400,70.8746,436500
2021-09-15,73.6400,74.6100,73.2700,74.5500,71.9458,495000
2021-09-16,74.4700,74.9500,74.0500,74.6100,72.0037,294700
2021-09-17,74.4800,74.8300,73.6400,73.9100,71.3282,212200
2021-09-20,72.0500,72.4300,70.8200,71.8700,69.3594,734800
2021-09-21,72.5300,72.6500,71.3900,71.8300,69.3209,299000
2021-09-22,72.3900,73.9700,72.3900,73.5500,70.9808,452800
2021-09-23,74.0000,75.6300,73.9500,75.3200,72.6889,679500
2021-09-24,74.8100,75.7700,74.7700,75.6200,72.9785,340100
2021-09-27,75.7500,76.5900,75.7500,76.3900,73.7216,1534500
2021-09-28,75.8700,76.0700,74.5500,74.6400,72.0327,972800
2021-09-29,74.9600,74.9600,73.9400,73.9600,71.3765,653100
2021-09-30,74.2600,74.2900,73.1000,73.1000,70.5465,1242700
2021-10-01,73.7500,74.9500,73.2100,74.7300,72.1195,615400
2021-10-04,74.6200,74.7400,73.4700,73.7700,71.1931,1348700
2021-10-05,74.3600,75.1200,73.9900,74.4900,71.8879,758100
2021-10-06,73.5800,74.4700,73.0400,74.3500,71.7528,1783800
2021-10-07,75.0800,75.8300,75.0800,75.1700,72.5442,771600
2021-10-08,75.5600,75.7200,74.9100,75.1100,72.4863,382500
2021-10-11,75.2700,75.9300,74.6700,74.6900,72.0809,346000
2021-10-12,74.8700,75.4100,74.7300,74.9300,72.3126,342700
2021-10-13,75.0300,75.1400,74.2200,74.8900,72.2739,381900
2021-10-14,75.8900,76.3700,75.7100,76.3400,73.6733,813400
2021-10-15,76.9700,77.1400,76.6400,76.7000,74.0207,522300
2021-10-18,76.4800,77.2800,76.4600,77.2200,74.5226,468800
2021-10-19,77.6400,77.9300,77.2500,77.7000,74.9858,500600
2021-10-20,77.6300,78.0000,77.3200,77.8800,75.1595,544900
2021-10-21,77.6300,78.0700,77.3700,77.9100,75.1885,473100
2021-10-22,77.9700,78.4900,77.3600,77.9400,75.2174,837400
2021-10-25,78.3700,78.7900,78.1400,78.6000,75.8544,662000
2021-10-26,78.9900,79.3300,78.2000,78.4200,75.6807,535100
2021-10-27,78.3000,78.3800,77.2800,77.2800,74.5805,520300
2021-10-28,77.7500,78.6200,77.7300,78.6200,75.8737,335200
2021-10-29,78.1900,78.6200,78.0400,78.5900,75.8447,180000
2021-11-01,78.9900,80.0900,78.9800,80.0800,77.2827,1022300
2021-11-02,79.9100,80.3300,79.7600,80.1400,77.3406,315700
2021-11-03,79.9800,80.8300,79.6000,80.6900,77.8714,204200
2021-11-04,81.1500,81.4200,80.5400,80.9800,78.1512,249300
2021-11-05,82.1200,82.6700,82.0200,82.4600,79.5795,304000
2021-11-08,82.9300,83.1600,82.5700,82.6800,79.7919,449700
2021-11-09,82.6900,82.9200,81.5400,82.1800,79.3093,293000
2021-11-10,81.4900,82.0000,79.7700,80.2100,77.4081,592500
2021-11-11,80.8400,81.1900,80.6300,80.9100,78.0837,202000
2021-11-12,81.1100,81.4100,80.9100,81.3600,78.5180,205900
2021-11-15,81.7100,81.7600,80.9100,81.3500,78.5083,262500
2021-11-16,81.2600,81.9000,81.0200,81.7200,78.8654,163900
2021-11-17,81.5300,81.6600,80.7400,80.8700,78.0451,278100
2021-11-18,81.4100,81.4500,80.0900,80.8200,77.9968,436700
2021-11-19,80.4600,80.7100,79.9400,80.1600,77.3599,663300
2021-11-22,80.6600,81.2900,79.7800,79.9100,77.1186,357100
2021-11-23,80.2100,80.8000,79.2100,80.2100,77.4081,375500
2021-11-24,79.4900,80.3400,79.0800,80.3300,77.5239,403600
2021-11-26,77.5300,77.5700,76.0800,76.9100,74.2234,499900
2021-11-29,78.4500,78.8600,77.2200,78.4700,75.7289,667000
2021-11-30,77.5000,77.9700,75.8200,76.5200,73.8470,380300
2021-12-01,78.0200,78.5900,74.7500,74.8100,72.1968,869500
2021-12-02,74.9500,77.0200,74.7600,76.7100,74.0304,1064400
2021-12-03,77.1400,77.2100,74.5000,75.3200,72.6889,788500
2021-12-06,76.0500,77.3900,75.1200,76.7400,74.0593,1044000
2021-12-07,78.1800,79.6800,78.1300,78.9900,76.2308,747500
2021-12-08,79.2300,79.7500,78.7500,79.4500,76.6747,458800
2021-12-09,78.9100,79.3900,78.2000,78.2400,75.5070,645100
2021-12-10,78.9300,79.1900,77.5800,78.4700,75.7289,611000
2021-12-13,78.1800,78.1800,76.2000,76.4900,73.8181,844000
2021-12-14,75.6200,76.7700,75.5900,75.9400,73.2873,888600
2021-12-15,75.9000,76.9600,74.4800,76.8600,74.1752,1259600
2021-12-16,77.4700,77.7400,75.2500,75.5000,72.8627,986500
2021-12-17,74.9000,76.2700,74.1900,75.5100,72.8723,1029500
2021-12-20,73.7400,74.3200,73.1100,73.9700,71.5358,1804200
2021-12-21,75.0200,77.0800,75.0000,77.0500,74.5144,1140900
2021-12-22,76.9700,77.8500,76.7600,77.7200,75.1624,509200
2021-12-23,78.0500,78.8000,78.0500,78.5400,75.9554,403400
2021-12-27,78.5200,79.8400,78.3500,79.8200,77.1933,660700
2021-12-28,79.8900,80.3000,79.2800,79.4500,76.8354,569200
2021-12-29,79.3700,79.7600,79.1400,79.4500,76.8354,847700
2021-12-30,79.4000,80.0000,79.0500,79.1300,76.5260,552300
2021-12-31,79.0500,79.4400,78.9500,79.0200,76.4196,590700
2022-01-03,79.3400,80.4800,79.3200,80.1000,77.4641,1275200
2022-01-04,80.6200,81.2900,79.9600,80.8900,78.2281,1335500
2022-01-05,80.8500,81.2600,78.5400,78.5600,75.9747,1309600
2022-01-06,78.9300,79.7400,78.0700,79.2400,76.6324,1663300
2022-01-07,79.2300,79.8400,78.3800,78.7400,76.1488,786100
2022-01-10,78.1500,78.3500,76.3200,78.2800,75.7039,1089400
2022-01-11,78.2700,79.8900,77.7800,79.7900,77.1642,837200
2022-01-12,80.3100,80.7800,79.3500,79.9500,77.3190,380900
2022-01-13,80.3300,81.1200,78.7800,78.9800,76.3809,397200
2022-01-14,78.4400,79.6300,78.2100,79.5200,76.9031,755200
2022-01-18,78.7200,78.8700,77.2900,77.4900,74.9399,849800
2022-01-19,77.8700,78.1100,75.8900,75.9400,73.4410,898500
2022-01-20,76.2300,77.4600,74.4300,74.5000,72.0483,616400
2022-01-21,74.0600,74.6600,72.3700,72.4700,70.0851,1902400
2022-01-24,70.7600,73.3700,68.7900,73.2900,70.8782,2889000
2022-01-25,71.8600,73.8300,70.6800,72.8000,70.4043,1086100
2022-01-26,74.2300,75.2800,71.7400,72.7300,70.3366,1144600
2022-01-27,73.5400,74.0400,70.7300,71.1900,68.8473,2063700
2022-01-28,71.0000,72.2500,69.8800,72.2300,69.8530,3191000
2022-01-31,71.9800,74.4900,71.8700,74.3900,71.9420,759400
2022-02-01,74.5800,75.8500,73.9400,75.7700,73.2765,1091000
2022-02-02,75.9400,76.1500,74.9800,75.9400,73.4410,589800
2022-02-03,74.8600,75.3800,73.8200,73.9600,71.5261,594500
2022-02-04,73.7900,75.2600,73.3200,74.6100,72.1547,528900
2022-02-07,74.7000,75.8500,74.7000,75.0900,72.6189,433800
2022-02-08,75.0400,76.2000,74.5700,76.0600,73.5570,892100
2022-02-09,76.9800,78.2100,76.9600,78.1600,75.5879,1758900
2022-02-10,76.8000,79.1800,76.6300,77.0800,74.5434,321200
2022-02-11,77.2000,77.8200,74.9500,75.4200,72.9381,1319100
2022-02-14,75.4600,75.9500,74.1400,74.6100,72.1547,422400
2022-02-15,75.1800,76.8500,75.1800,76.7300,74.2049,469600
2022-02-16,76.3900,77.6000,76.3000,77.3100,74.7659,406100
2022-02-17,76.5200,76.7700,74.8700,75.0000,72.5319,624700
2022-02-18,74.7700,75.4000,73.7200,74.2800,71.8356,674700
2022-02-22,73.8800,74.7900,72.3000,73.0500,70.6460,612500
2022-02-23,73.7900,74.2500,71.2500,71.3700,69.0214,716900
2022-02-24,68.8500,74.0500,68.4900,73.9400,71.5068,775900
2022-02-25,74.2500,75.7700,73.4100,75.7300,73.2379,463900
2022-02-28,74.8100,76.1200,74.4400,75.5700,73.0831,620500
2022-03-01,75.3000,75.5900,73.1000,73.7000,71.2747,642300
2022-03-02,74.3000,75.7300,73.8300,75.3800,72.8994,457800
2022-03-03,75.7600,75.8300,73.5600,73.9300,71.4971,1313900
2022-03-04,73.2400,73.5900,71.6200,72.4100,70.0271,494800
2022-03-07,72.4600,72.7600,68.6900,68.6900,66.4295,1088300
2022-03-08,68.8700,71.2400,68.2200,69.2900,67.0098,822800
2022-03-09,70.9200,72.3700,70.7900,71.9600,69.5919,940300
2022-03-10,70.7300,71.4700,69.9900,71.3000,68.9537,446200
2022-03-11,72.0100,72.0800,69.7200,69.7900,67.4933,191300
2022-03-14,69.6900,70.1900,67.7200,68.1500,65.9073,318600
2022-03-15,68.4000,70.3700,68.2700,70.2100,67.8995,303100
2022-03-16,71.2200,73.3100,70.7000,73.2600,70.8492,373800
2022-03-17,72.8500,74.6100,72.5400,74.5900,72.1354,340500
2022-03-18,74.0800,76.1700,73.9500,76.0200,73.5183,250600
2022-03-21,75.7700,76.0400,74.6000,75.3800,73.0599,218900
2022-03-22,75.5200,76.7000,75.5200,76.4600,74.1066,211800
2022-03-23,75.8600,76.2800,74.8600,74.8900,72.5849,287000
2022-03-24,75.2700,76.5600,74.7700,76.5300,74.1745,341200
2022-03-25,76.6200,76.6300,75.5000,76.3400,73.9903,444200
2022-03-28,76.0400,76.7600,75.3300,76.7400,74.3780,248300
2022-03-29,77.6100,78.8300,77.2300,78.6700,76.2486,298100
2022-03-30,78.5300,78.5300,76.7200,77.1000,74.7269,223800
2022-03-31,77.1000,77.7000,75.9600,75.9600,73.6220,639500
2022-04-01,76.3600,76.6000,75.2200,75.9700,73.6317,396600
2022-04-04,76.3800,77.4300,76.3800,77.3300,74.9499,578700
2022-04-05,77.3300,77.4700,74.9800,75.2200,72.9048,216100
2022-04-06,74.1600,74.1600,72.6800,73.3700,71.1117,837800
2022-04-07,73.1400,73.9400,71.9400,73.3900,71.1311,465800
2022-04-08,73.0900,73.5800,72.3100,72.7500,70.5108,330300
2022-04-11,71.9100,72.7100,71.5600,71.6600,69.4544,631600
2022-04-12,72.6100,73.4700,71.1200,71.4400,69.2411,335600
2022-04-13,71.6300,73.0000,71.5500,72.8400,70.5981,405100
2022-04-14,72.8900,73.2600,71.4700,71.5100,69.3090,211600
2022-04-18,71.3000,72.1800,71.0300,71.7200,69.5125,640100
2022-04-19,71.7400,73.7200,71.6200,73.5800,71.3153,294300
2022-04-20,74.0900,74.3600,73.0000,73.1800,70.9276,361600
2022-04-21,74.1900,74.5300,70.6100,70.8600,68.6790,265400
2022-04-22,70.6400,70.9000,68.7600,68.8200,66.7018,389300
2022-04-25,68.1800,69.7400,67.8600,69.6900,67.5450,849100
2022-04-26,69.1200,69.2100,66.9900,67.0300,64.9669,393500
2022-04-27,67.0500,68.3300,66.6600,67.1100,65.0444,651400
2022-04-28,68.1900,70.0700,67.0000,69.5400,67.3996,1823800
2022-04-29,69.1000,70.4100,67.1500,67.2400,65.1704,1630400
2022-05-02,67.1900,68.5700,66.3700,68.5700,66.4595,901700
2022-05-03,68.5700,69.8600,68.4800,69.4100,67.2736,543400
2022-05-04,69.6500,72.0000,68.2600,71.9000,69.6870,697500
2022-05-05,70.9700,71.0900,67.7000,68.6000,66.4885,691900
2022-05-06,68.1400,68.3300,65.9900,67.3100,65.2383,1259000
2022-05-09,65.7600,66.3300,63.0700,63.4000,61.4486,1613200
2022-05-10,64.9600,65.3500,62.4700,63.8400,61.8751,1641800
2022-05-11,63.5800,65.0200,61.7800,61.8900,59.9851,1347100
2022-05-12,61.0800,63.2400,60.5200,62.1800,60.2662,2896200
2022-05-13,63.2700,65.5600,63.2700,65.2100,63.2029,753000
2022-05-16,64.8100,65.2600,64.0900,64.2200,62.2434,777900
2022-05-17,65.6700,66.4700,64.8400,66.3900,64.3466,583200
2022-05-18,65.4600,65.9600,63.1500,63.5000,61.5455,956900
2022-05-19,62.9000,65.0400,62.9000,63.9100,61.9429,1667500
2022-05-20,64.8100,64.8700,61.8600,63.9500,61.9817,745900
2022-05-23,64.3500,64.5200,63.0900,64.3200,62.3403,572800
2022-05-24,63.3600,63.3800,61.4000,62.0700,60.1595,538900
2022-05-25,61.7400,64.1200,61.6400,63.6600,61.7006,648600
2022-05-26,63.9700,66.6900,63.9000,66.3300,64.2884,838900
2022-05-27,67.0800,68.7400,67.0600,68.7100,66.5952,774800
2022-05-31,68.4800,68.8600,67.3200,68.1600,66.0621,754800
2022-06-01,68.6600,69.1400,66.3900,67.1100,65.0444,421500
2022-06-02,67.1600,69.8000,67.1600,69.7700,67.6226,534700
2022-06-03,68.6400,69.0300,67.8500,68.1700,66.0718,379000
2022-06-06,69.2500,69.6000,68.3200,68.6100,66.4983,328600
2022-06-07,67.7300,69.4800,67.4800,69.3700,67.2349,215400
2022-06-08,68.9400,69.5000,68.1300,68.3500,66.2463,212400
2022-06-09,67.8800,68.3400,66.3600,66.3800,64.3369,291800
2022-06-10,64.8600,65.3700,63.4200,63.4800,61.5261,1520600
2022-06-13,61.1000,61.4400,59.0500,59.3200,57.4942,1121800
2022-06-14,59.8300,60.1000,58.7800,59.3700,57.5427,471100
2022-06-15,60.2100,61.7200,59.3800,60.7600,58.8899,829100
2022-06-16,58.8900,59.0100,56.5600,57.1500,55.3910,1069900
2022-06-17,57.3200,58.7800,56.7700,58.1700,56.3796,862700
2022-06-21,59.2300,60.0000,59.0100,59.0800,57.3592,625500
2022-06-22,58.1000,59.7000,58.0000,58.9100,57.1941,515300
2022-06-23,59.3600,59.9700,58.5900,59.8000,58.0582,626500
2022-06-24,60.5500,62.6100,60.4500,62.5900,60.7670,649000
2022-06-27,62.8500,63.0500,61.6900,62.1000,60.2912,387300
2022-06-28,62.5700,63.2000,60.4000,60.4600,58.6990,433200
2022-06-29,60.0300,60.0500,58.8100,59.4100,57.6796,567500
2022-06-30,58.4800,59.4700,57.3600,58.6100,56.9029,691700
2022-07-01,58.3000,59.3100,57.8400,59.0900,57.3689,1042400
2022-07-05,57.8200,60.0500,57.3900,60.0200,58.2718,417100
2022-07-06,60.0300,60.5700,59.1500,59.6900,57.9514,149900
2022-07-07,60.3500,61.7100,60.3500,61.5700,59.7767,345700
2022-07-08,61.0300,61.9000,60.4500,61.3600,59.5728,417000
2022-07-11,60.5300,60.6700,59.4800,59.8200,58.0776,863700
2022-07-12,59.8100,60.5100,59.0700,59.4000,57.6699,2571500
2022-07-13,58.1200,59.6600,57.7200,59.2700,57.5437,625400
2022-07-14,58.4800,59.1100,57.7400,58.9100,57.1941,230500
2022-07-15,59.7000,60.5800,58.9200,60.5500,58.7864,312900
2022-07-18,61.4500,62.1500,60.4600,60.7000,58.9320,199100
2022-07-19,61.6900,63.3300,61.6900,63.2500,61.4077,460400
2022-07-20,63.2300,65.0200,63.1800,64.8600,62.9708,415000
2022-07-21,64.5700,65.6000,63.9500,65.5700,63.6602,548900
2022-07-22,65.4300,65.8900,63.7800,64.2700,62.3980,418100
2022-07-25,64.2200,64.2200,63.3600,64.0600,62.1941,663900
2022-07-26,63.6500,63.6500,62.5100,62.6300,60.8058,526100
2022-07-27,63.6600,65.7900,63.5600,65.4200,63.5145,649000
2022-07-28,65.7600,66.9600,64.8900,66.9200,64.9708,1195600
2022-07-29,66.7100,68.0600,66.4300,67.8200,65.8446,1338100
2022-08-01,67.2500,68.4900,66.7300,67.9500,65.9708,578000
2022-08-02,67.4300,68.8800,67.2400,67.9900,66.0097,193900
2022-08-03,68.2900,69.3100,67.9900,69.1300,67.1165,193600
2022-08-04,69.0000,69.5000,68.7100,69.4100,67.3883,531500
2022-08-05,68.3700,69.8000,68.3500,69.3000,67.2815,203100
2022-08-08,69.5800,70.5200,69.1700,69.4200,67.3980,423700
2022-08-09,68.7800,68.7800,67.3500,67.7900,65.8155,139100
2022-08-10,69.6400,70.5000,69.3600,70.3100,68.2621,361300
2022-08-11,71.2500,71.9700,70.2900,70.4600,68.4077,1112800
2022-08-12,70.9700,72.1200,70.7100,72.1200,70.0194,350500
2022-08-15,71.5500,72.4300,71.5500,72.2300,70.1262,125400
2022-08-16,71.9800,72.6400,71.2100,72.1900,70.0873,138000
2022-08-17,71.0800,71.4100,70.1600,70.7900,68.7281,1008500
2022-08-18,70.8400,71.3500,70.5500,71.1600,69.0873,287500
2022-08-19,70.4300,70.4300,68.8200,69.0700,67.0582,256800
2022-08-22,67.6300,67.7200,66.5800,66.7700,64.8252,394400
2022-08-23,66.7900,67.8900,66.7900,67.0900,65.1359,329500
2022-08-24,67.1400,68.3100,66.9900,67.8400,65.8641,209100
2022-08-25,68.3200,69.5800,68.2600,69.5600,67.5339,166100
2022-08-26,69.6800,69.7700,66.4000,66.4100,64.4757,434900
2022-08-29,65.6100,66.5000,65.4800,65.7600,63.8446,1085300
2022-08-30,66.2500,66.6000,64.3700,65.1300,63.2330,585300
2022-08-31,65.5300,65.9300,64.4000,64.4800,62.6019,386600
2022-09-01,63.6200,64.1600,62.4100,64.1300,62.2621,825300
2022-09-02,65.0600,65.3200,63.3600,63.7100,61.8543,294500
2022-09-06,63.9400,64.0500,62.5900,63.3900,61.5437,238400
2022-09-07,63.3400,65.4400,63.3400,65.2500,63.3495,341700
2022-09-08,64.5400,66.3300,64.2900,66.3200,64.3883,349900
2022-09-09,66.9500,67.9100,66.9500,67.7500,65.7767,349600
2022-09-12,68.1800,68.7600,67.8200,68.5200,66.5242,400400
2022-09-13,66.0300,66.4500,64.7900,65.0200,63.1262,354300
2022-09-14,65.1700,65.6400,64.2900,65.4800,63.5728,186600
2022-09-15,65.0500,66.5600,64.7300,64.9900,63.0971,185000
2022-09-16,63.9100,64.3400,63.2100,64.1900,62.3204,359800
2022-09-19,63.3600,64.8700,63.3600,64.7900,62.9725,342600
2022-09-20,64.1400,64.2900,63.1300,63.5400,61.7576,172800
2022-09-21,63.8000,64.7900,62.1500,62.1600,60.4163,538000
2022-09-22,61.9800,62.2300,60.1000,60.3400,58.6474,732400
2022-09-23,59.4000,59.6000,57.9800,59.0400,57.3838,359900
2022-09-26,59.0700,60.1100,58.2400,58.2900,56.6549,424000
2022-09-27,59.3600,59.8700,58.0400,58.7200,57.0728,1169100
2022-09-28,58.8700,60.7300,58.6600,60.4400,58.7446,457800
2022-09-29,59.3900,59.4000,58.0100,58.6600,57.0145,420000
2022-09-30,58.1500,59.1900,57.3300,57.3900,55.7801,314000
2022-10-03,57.9700,59.5100,57.3200,59.0800,57.4227,468900
2022-10-04,60.6900,62.1500,60.6900,62.1100,60.3677,1007000
2022-10-05,61.0000,62.3600,60.3800,61.9800,60.2414,665000
2022-10-06,61.6900,62.7700,61.2500,61.7300,59.9984,430500
2022-10-07,60.6400,60.7800,59.1200,59.5100,57.8406,688800
2022-10-10,59.5400,59.5800,57.4800,58.1700,56.5382,663000
2022-10-11,57.8200,58.2700,56.4800,57.0800,55.4788,304200
2022-10-12,57.1700,57.4900,56.4400,57.1200,55.5177,323500
2022-10-13,55.2000,58.4600,54.6000,58.0500,56.4216,794500
2022-10-14,58.7500,58.9900,56.1200,56.2400,54.6624,659600
2022-10-17,57.6300,58.3700,57.6300,57.9900,56.3633,568300
2022-10-18,59.7200,60.0100,58.2200,58.9300,57.2769,287700
2022-10-19,58.4700,59.0800,57.7100,58.2200,56.5868,446300
2022-10-20,58.2200,59.5700,57.7900,57.9500,56.3244,300300
2022-10-21,57.7400,59.7700,57.4200,59.6500,57.9767,344300
2022-10-24,59.6900,60.3000,58.6900,60.0800,58.3947,310500
2022-10-25,60.2800,62.0400,60.2800,61.9000,60.1636,502200
2022-10-26,61.4400,63.2400,61.2800,61.7300,59.9984,272500
2022-10-27,62.1800,62.6300,61.2600,61.3700,59.6485,494600
2022-10-28,61.2900,62.9500,61.0000,62.8900,61.1258,581700
2022-10-31,62.5600,62.8700,61.9900,62.3800,60.6301,380800
2022-11-01,63.8400,64.0800,62.6400,62.6600,60.9023,1325000
2022-11-02,62.7500,63.4900,60.5000,60.5400,58.8418,1170500
2022-11-03,59.4200,60.6600,58.9000,59.9300,58.2489,418000
2022-11-04,61.4200,61.7200,59.8300,61.0900,59.3763,319500
2022-11-07,61.4900,61.6800,60.5000,61.5300,59.8040,122700
2022-11-08,62.0300,63.0600,61.3700,62.3600,60.6107,630300
2022-11-09,61.6900,61.9200,60.5900,60.6900,58.9875,420600
2022-11-10,63.7400,66.1700,63.7400,66.0800,64.2263,1000400
2022-11-11,66.3600,68.5000,66.3600,67.9700,66.0633,733500
2022-11-14,67.6200,68.1000,66.8900,66.9500,65.0719,366000
2022-11-15,68.7400,69.1000,67.6300,68.3300,66.4132,411600
2022-11-16,67.3600,67.4900,66.2000,66.4500,64.5860,267600
2022-11-17,65.0700,66.0700,64.8500,65.8700,64.0222,816700
2022-11-18,66.8300,66.9400,65.2700,65.8700,64.0222,151400
2022-11-21,65.3500,65.4100,64.8100,65.1200,63.2933,337100
2022-11-22,65.4200,66.3000,64.8800,66.2900,64.4305,163400
2022-11-23,66.1800,67.1800,66.1800,66.9700,65.0914,601800
2022-11-25,66.7100,66.9900,66.6200,66.8200,64.9456,51800
2022-11-28,66.2400,66.5700,65.2100,65.4500,63.6140,160000
2022-11-29,65.5400,66.0500,65.2900,65.5600,63.7209,252600
2022-11-30,65.7000,68.2800,65.2500,68.2800,66.3646,339200
2022-12-01,68.5100,69.0400,67.8000,68.4600,66.5396,390100
2022-12-02,67.1400,68.3800,67.1000,68.1500,66.2383,407800
2022-12-05,67.6100,67.7400,66.1300,66.4900,64.6249,185800
2022-12-06,66.3900,66.4100,64.6100,65.1700,63.3419,291800
2022-12-07,64.8000,65.3100,64.4600,64.8800,63.0600,116000
2022-12-08,65.4100,66.1600,65.0300,65.8200,63.9736,82000
2022-12-09,65.5700,66.1100,65.1800,65.3000,63.4682,129300
2022-12-12,65.2600,66.3800,64.8600,66.3800,64.5179,128700
2022-12-13,69.2000,69.4100,66.6800,67.3300,65.4413,213100
2022-12-14,67.3700,67.8800,66.0600,66.7400,64.8678,181600
2022-12-15,65.5700,65.5700,64.3300,64.5900,62.7781,160200
2022-12-16,63.9700,64.5500,63.3000,63.7000,61.9131,301800
2022-12-19,63.6400,63.6400,62.1100,62.4600,60.8148,472600
2022-12-20,62.0000,62.9600,61.8500,62.4000,60.7564,148100
2022-12-21,62.9500,63.9800,62.9500,63.7500,62.0708,251200
2022-12-22,62.8500,62.8500,60.8000,62.0900,60.4546,637200
2022-12-23,61.8100,62.2200,61.2400,62.2200,60.5811,474900
2022-12-27,61.9900,62.0900,61.2700,61.5100,59.8898,417400
2022-12-28,61.3900,61.7000,60.4500,60.4900,58.8967,492300
2022-12-29,61.2300,62.6100,61.0600,62.4800,60.8343,362200
2022-12-30,61.6000,62.3600,61.3200,62.3300,60.6882,295100
2023-01-03,63.2400,63.6900,61.6400,62.1600,60.5227,614500
2023-01-04,63.0200,64.1900,62.7700,63.9200,62.2364,209400
2023-01-05,63.2100,63.4500,62.6600,63.0200,61.3601,117200
2023-01-06,63.6100,65.0100,62.7400,64.7400,63.0348,147900
2023-01-09,65.4200,66.6200,65.2800,65.6200,63.8916,163600
2023-01-10,65.2700,66.5500,65.2200,66.5300,64.7776,127700
2023-01-11,66.7200,67.6600,66.5000,67.6500,65.8681,181100
2023-01-12,68.0000,68.5500,66.8400,68.2900,66.4913,94600
2023-01-13,67.2700,68.6500,67.2700,68.6000,66.7931,125200
2023-01-17,68.5300,69.1300,68.3700,68.9400,67.1241,400300
2023-01-18,69.5400,70.1900,68.1200,68.1700,66.3744,336300
2023-01-19,67.4000,67.5000,66.4500,66.8400,65.0795,152200
2023-01-20,67.4100,69.0900,67.1100,69.0200,67.2020,272800
2023-01-23,69.3100,71.2500,69.2900,71.0500,69.1786,1444000
2023-01-24,70.5200,71.1400,70.3700,70.6600,68.7988,419200
2023-01-25,69.6500,70.9300,68.9300,70.7800,68.9157,409100
2023-01-26,71.7500,72.0000,70.7600,71.9100,70.0159,409800
2023-01-27,71.4700,72.8900,71.3400,72.3100,70.4054,399500
2023-01-30,71.4400,72.0000,70.7200,70.7700,68.9059,537100
2023-01-31,70.9200,72.4200,70.9000,72.4000,70.4930,306400
2023-02-01,72.1400,75.0800,72.1000,74.5700,72.6059,918900
2023-02-02,76.0600,77.5400,75.7800,76.8700,74.8453,2111700
2023-02-03,75.2100,76.8100,74.9900,75.3500,73.3653,612700
2023-02-06,74.4200,75.0400,74.0400,74.3200,72.3624,1071600
2023-02-07,74.3300,76.1200,73.8800,75.8100,73.8132,541800
2023-02-08,75.5200,75.8100,74.3900,74.6300,72.6643,908200
2023-02-09,75.7400,76.1900,73.8300,74.1700,72.2164,423900
2023-02-10,73.5000,73.7500,72.7800,73.2600,71.3304,627800
2023-02-13,73.5300,74.5900,73.0900,74.5200,72.5572,494000
2023-02-14,74.0100,75.5700,73.5600,75.2100,73.2290,714700
2023-02-15,74.6900,75.9700,74.6300,75.9400,73.9397,437700
2023-02-16,74.6500,75.3300,74.1300,74.1700,72.2164,626500
2023-02-17,73.6000,73.6500,72.5300,73.2800,71.3498,529100
2023-02-21,72.1700,72.5900,70.8400,70.8900,69.0228,975400
2023-02-22,71.0300,71.6100,70.5600,71.0500,69.1786,663200
2023-02-23,71.9700,72.0700,70.4900,71.6900,69.8017,677100
2023-02-24,70.2500,70.5300,69.8500,70.2900,68.4386,809200
2023-02-27,71.1300,71.5000,70.5000,70.6000,68.7404,908300
2023-02-28,70.5200,71.3400,70.4900,70.7200,68.8573,562300
2023-03-01,70.7300,71.1500,70.2700,70.4900,68.6333,638800
2023-03-02,69.7900,71.2400,69.6100,71.0800,69.2078,597900
2023-03-03,71.4800,72.7500,71.3400,72.5500,70.6391,1639300
2023-03-06,72.7900,73.3000,71.8800,71.9400,70.0451,1023700
2023-03-07,72.0400,72.3800,70.9000,70.9300,69.0617,716600
2023-03-08,71.0300,71.5500,70.7000,71.4700,69.5875,907800
2023-03-09,71.0800,71.6900,68.9200,69.0600,67.2410,1311800
2023-03-10,68.6900,69.0500,66.4500,67.0300,65.2645,1621100
2023-03-13,65.2900,66.7600,64.4700,65.9500,64.2129,1591000
2023-03-14,67.3400,67.8200,66.1900,67.0900,65.3229,1183600
2023-03-15,65.6500,66.1500,64.8100,66.0800,64.3395,4070500
2023-03-16,65.6100,67.6900,65.4000,67.5000,65.7221,2961500
2023-03-17,67.2500,67.4200,65.8700,66.3200,64.5731,1167500
2023-03-20,66.3200,66.9800,65.9800,66.6000,64.9672,595400
2023-03-21,67.4800,68.2500,67.4100,68.0200,66.3524,524900
2023-03-22,67.9500,68.8000,66.3500,66.5400,64.9087,598900
2023-03-23,67.3000,68.4900,66.3100,67.0300,65.3867,506900
2023-03-24,66.6200,66.8400,65.7500,66.8100,65.1721,466100
2023-03-27,67.3100,67.5500,66.3200,66.6800,65.0453,621000
2023-03-28,66.5700,66.7100,66.0200,66.5000,64.8697,437200
2023-03-29,67.4500,68.2800,67.1700,68.1200,66.4500,1190000
2023-03-30,68.9300,69.2700,68.4000,68.7500,67.0645,659400
2023-03-31,68.9100,70.0400,68.8600,69.9600,68.2449,735700
2023-04-03,69.5800,69.8000,68.8700,69.5100,67.8059,746000
2023-04-04,69.7700,69.7900,68.2900,68.6100,66.9280,806000
2023-04-05,68.1500,68.1900,66.8800,67.3200,65.6696,831400
2023-04-06,67.0200,67.4900,66.4500,67.3700,65.7184,746300
2023-04-10,66.8800,68.1900,66.8000,68.1700,66.4987,932300
2023-04-11,68.4700,68.8600,68.1500,68.4600,66.7816,329900
2023-04-12,69.0800,69.2200,67.2800,67.3900,65.7379,632400
2023-04-13,67.7600,68.5300,67.5200,68.3300,66.6548,758900
2023-04-14,68.1400,68.8900,67.4500,68.0000,66.3329,651300
2023-04-17,67.8100,68.3800,67.7300,68.3500,66.6743,558700
2023-04-18,68.8400,69.0300,68.2200,68.5300,66.8499,355400
2023-04-19,68.0000,68.6300,67.8900,68.4500,66.7719,362000
2023-04-20,67.7500,68.4800,67.5400,67.7600,66.0988,632200
2023-04-21,67.7000,67.8300,67.1100,67.6800,66.0208,250700
2023-04-24,67.5900,67.8600,67.1400,67.7000,66.0403,692700
2023-04-25,67.1600,67.1600,65.5600,65.5600,63.9527,423500
2023-04-26,65.6700,65.8600,64.8400,65.0700,63.4748,715900
2023-04-27,65.4100,66.2000,65.0200,66.1200,64.4990,570100
2023-04-28,66.0800,67.2400,65.9200,67.2300,65.5818,863600
2023-05-01,67.3100,67.6400,67.0100,67.1800,65.5330,2019600
2023-05-02,66.9100,66.9300,65.4500,66.0900,64.4697,1156100
2023-05-03,66.1500,67.0200,65.6000,65.6800,64.0698,612600
2023-05-04,65.6000,65.6300,64.6600,64.8800,63.2894,1454600
2023-05-05,65.4000,66.3500,65.2200,66.1100,64.4893,653300
2023-05-08,66.1700,66.3900,65.7200,66.2900,64.6649,808300
2023-05-09,65.6900,65.8800,65.4800,65.7300,64.1186,450200
2023-05-10,66.5200,66.5600,65.1800,65.9400,64.3234,550700
2023-05-11,65.7800,65.8500,65.1600,65.5900,63.9820,343800
2023-05-12,65.8000,65.8700,64.7500,65.2900,63.6894,538200
2023-05-15,65.4200,66.4700,65.2700,66.4400,64.8112,276500
2023-05-16,66.1500,66.3100,65.7300,65.7400,64.1283,219300
2023-05-17,66.2000,67.4900,65.9800,67.2400,65.5916,437300
2023-05-18,67.3800,68.8300,67.3800,68.7200,67.0353,545700
2023-05-19,68.8000,68.8400,67.8600,68.2000,66.5280,356200
2023-05-22,68.1700,69.1500,68.1600,68.8300,67.1426,906800
2023-05-23,68.4300,69.1300,67.9900,68.0100,66.3427,391700
2023-05-24,67.3300,67.4500,66.5400,67.0300,65.3867,300000
2023-05-25,67.9900,68.2600,67.4300,68.0100,66.3427,384400
2023-05-26,68.4400,69.9300,68.4300,69.7100,68.0010,298800
2023-05-30,70.6500,70.8600,69.5900,69.9100,68.1961,556300
2023-05-31,69.3500,69.5300,68.2100,68.8600,67.1718,325500
2023-06-01,68.9600,70.3400,68.4600,69.9100,68.1961,603900
2023-06-02,70.8600,71.7900,70.4300,71.5200,69.7666,410900
2023-06-05,71.4300,71.6800,70.7400,71.2500,69.5033,447500
2023-06-06,71.0200,72.6900,70.9600,72.3900,70.6153,471000
2023-06-07,72.7400,73.3000,72.2700,72.5200,70.7421,324300
2023-06-08,72.5500,72.9100,71.9700,72.7500,70.9665,387100
2023-06-09,73.1900,73.5400,72.6400,72.8000,71.0153,472500
2023-06-12,73.2900,74.2400,73.0900,74.1800,72.3614,286400
2023-06-13,74.9700,75.5600,74.8200,75.4300,73.5808,459200
2023-06-14,75.4500,76.0100,74.4900,75.3800,73.5320,558300
2023-06-15,74.9700,76.3300,74.7900,76.0200,74.1563,446500
2023-06-16,76.5900,76.5900,75.2600,75.4000,73.5515,281600
2023-06-20,74.9000,75.0200,74.1300,74.8400,73.1352,533800
2023-06-21,74.5000,74.6800,73.8100,73.9900,72.3046,616800
2023-06-22,73.6000,73.8400,73.2000,73.7200,72.0407,478500
2023-06-23,72.7600,73.3900,72.6300,73.0600,71.3957,582800
2023-06-26,72.8900,73.8100,72.8600,72.9700,71.3078,350300
2023-06-27,73.2900,74.9500,73.1400,74.8100,73.1059,643400
2023-06-28,74.5200,75.4000,74.4400,75.1800,73.4675,441300
2023-06-29,75.3100,75.7100,74.9700,75.3900,73.6727,439400
2023-06-30,76.2000,76.6900,75.9200,76.3900,74.6499,467800
2023-07-03,76.4600,76.9100,76.4600,76.9100,75.1581,238300
2023-07-05,76.4300,76.5100,76.0700,76.2000,74.4642,612100
2023-07-06,75.0600,75.2800,74.2300,75.2300,73.5163,521900
2023-07-07,75.1700,76.5800,75.1700,75.7400,74.0147,360600
2023-07-10,75.7300,77.1500,75.7200,77.1300,75.3730,495000
2023-07-11,77.4900,78.1000,77.0900,77.9400,76.1646,372900
2023-07-12,78.9700,79.1500,78.4800,78.7200,76.9268,625000
2023-07-13,79.3400,79.8400,79.1100,79.6600,77.8454,404200
2023-07-14,79.6800,79.6800,78.4700,78.6100,76.8193,373500
2023-07-17,78.4500,79.7600,78.4500,79.4500,77.6402,360900
2023-07-18,79.4100,80.3300,79.3300,80.2100,78.3829,345000
2023-07-19,80.5300,80.6500,80.1000,80.3300,78.5001,242900
2023-07-20,79.5800,79.6400,78.4300,78.5600,76.7705,802900
2023-07-21,79.1400,79.2100,78.3100,78.5700,76.7802,621600
2023-07-24,78.6300,78.9200,78.0800,78.7100,76.9171,486200
2023-07-25,78.6500,79.2200,78.6500,78.8400,77.0441,379300
2023-07-26,78.5900,79.3100,78.3300,79.0100,77.2102,365800
2023-07-27,80.4500,80.6600,78.6900,78.9700,77.1711,728800
2023-07-28,79.9800,80.2300,79.5900,80.0700,78.2461,541900
2023-07-31,80.4500,80.7800,80.2900,80.6100,78.7738,337500
2023-08-01,79.8900,80.1400,79.4300,80.0700,78.2461,407000
2023-08-02,78.6300,78.8000,77.2200,77.6200,75.8519,675000
2023-08-03,76.8500,77.2300,76.4100,76.9600,75.2069,1031500
2023-08-04,77.1900,77.7600,76.4700,76.6700,74.9235,957800
2023-08-07,76.9700,77.5000,76.8000,77.5000,75.7346,372600
2023-08-08,76.4100,77.1300,75.8800,77.0700,75.3144,501900
2023-08-09,77.0500,77.0500,76.0300,76.0900,74.3567,406100
2023-08-10,76.6800,77.3600,75.6200,76.0400,74.3079,435400
2023-08-11,75.3900,75.8300,75.1300,75.2900,73.5750,531000
2023-08-14,74.9000,75.9300,74.7400,75.9100,74.1808,530400
2023-08-15,75.3300,75.3800,74.5900,74.6500,72.9495,335200
2023-08-16,74.4400,74.7400,73.5100,73.5100,71.8355,325300
2023-08-17,73.8600,73.9000,72.6400,72.7400,71.0830,520000
2023-08-18,71.9200,72.9600,71.7400,72.7700,71.1124,461900
2023-08-21,72.9800,73.4100,72.5100,73.3000,71.6303,720300
2023-08-22,73.6800,73.7300,72.6500,72.7900,71.1319,665300
2023-08-23,72.7900,74.1100,72.6500,73.9500,72.2655,365100
2023-08-24,74.3300,74.3700,72.6200,72.6300,70.9755,450400
2023-08-25,72.8900,73.4100,71.9700,73.0500,71.3860,776600
2023-08-28,73.5600,74.0600,73.5500,73.8600,72.1775,394200
2023-08-29,73.7200,75.5400,73.6600,75.4400,73.7215,320000
2023-08-30,75.4300,75.9000,75.0900,75.7500,74.0245,270300
2023-08-31,75.8600,76.3900,75.8600,76.0300,74.2981,292100
2023-09-01,76.5400,76.8100,76.1600,76.4400,74.6988,379000
2023-09-05,76.1000,76.2600,75.6200,75.7200,73.9952,307200
2023-09-06,75.5000,75.8500,74.7700,75.3700,73.6531,344700
2023-09-07,74.4100,74.4100,73.6200,74.1000,72.4121,337000
2023-09-08,74.0500,74.2700,73.8300,74.0100,72.3241,307400
2023-09-11,74.6600,74.7900,73.9300,74.1300,72.4414,249600
2023-09-12,73.8400,74.4100,73.6600,73.7600,72.0798,206200
2023-09-13,73.7900,73.9500,72.9800,73.2600,71.5912,323800
2023-09-14,73.9300,74.3400,73.5100,74.2300,72.5391,267900
2023-09-15,73.8500,74.0200,73.1800,73.2800,71.6107,197200
2023-09-18,72.9100,72.9800,72.5600,72.7200,71.2336,188200
2023-09-19,72.5100,72.8100,72.0400,72.5100,71.0279,312400
2023-09-20,72.8500,73.1700,71.6300,71.6700,70.2051,294700
2023-09-21,70.9700,71.0900,70.1100,70.1400,68.7064,341800
2023-09-22,70.5000,70.6100,69.6400,69.7300,68.3047,321000
2023-09-25,69.3200,69.9900,69.2500,69.9200,68.4909,460100
2023-09-26,69.3400,69.7200,68.6800,68.8000,67.3937,311200
2023-09-27,69.1600,69.4500,68.3900,69.0500,67.6386,374600
2023-09-28,68.8300,70.4200,68.7900,69.9800,68.5496,263400
2023-09-29,70.7400,71.1500,69.8900,70.1000,68.6672,424800
2023-10-02,69.9800,70.3500,69.2000,69.6300,68.2068,559900
2023-10-03,69.0700,69.5500,67.8100,68.0600,66.6689,313200
2023-10-04,68.4500,68.8800,67.7600,68.7200,67.3154,366400
2023-10-05,68.7300,68.9000,67.7800,68.4400,67.0411,411600
2023-10-06,67.8200,69.7800,67.6600,69.3500,67.9325,489600
2023-10-09,68.6700,69.6300,68.2900,69.4800,68.0598,261100
2023-10-10,69.7100,70.8600,69.7100,70.2500,68.8141,406200
2023-10-11,70.5300,70.9500,70.0400,70.6800,69.2353,327000
2023-10-12,70.8400,70.8400,69.1500,69.6700,68.2460,576300
2023-10-13,69.7600,69.8300,68.2600,68.5600,67.1587,455100
2023-10-16,69.0600,69.8200,68.8100,69.6300,68.2068,462800
2023-10-17,68.8900,70.5300,68.8900,70.0700,68.6378,1033600
2023-10-18,69.3600,69.3800,68.2500,68.4100,67.0117,581800
2023-10-19,68.4800,68.7000,67.0600,67.2200,65.8460,1097000
2023-10-20,66.9300,67.0100,65.8900,65.8900,64.5432,692100
2023-10-23,65.5200,66.6500,65.0800,65.7100,64.3669,498800
2023-10-24,66.1300,66.5500,65.5500,66.0100,64.6608,1169900
2023-10-25,65.3800,65.5000,64.1100,64.2900,62.9759,998100
2023-10-26,64.2500,64.6200,63.5500,63.8300,62.5253,1398000
2023-10-27,64.3100,64.3500,63.2500,63.4500,62.1531,1078000
2023-10-30,63.8500,64.2500,63.1500,63.9100,62.6037,667300
2023-10-31,63.7700,64.3300,63.3800,64.2400,62.9269,597200
2023-11-01,63.9900,64.2600,63.2200,64.2500,62.9367,816400
2023-11-02,65.0200,66.2400,65.0200,66.1800,64.8273,820200
2023-11-03,67.0400,68.4500,67.0400,68.0500,66.6591,529200
2023-11-06,68.1900,68.2100,66.9000,67.4200,66.0419,468700
2023-11-07,67.2800,67.9600,67.1100,67.7500,66.3652,453200
2023-11-08,67.7200,68.0100,67.3200,67.6900,66.3064,629400
2023-11-09,68.0300,68.0800,66.6700,66.7900,65.4248,559900
2023-11-10,67.0600,68.1800,66.6600,68.1200,66.7276,595000
2023-11-13,67.6500,67.9900,67.3400,67.7400,66.3554,292400
2023-11-14,69.5000,71.0400,69.5000,70.7200,69.2745,653600
2023-11-15,71.0800,72.2500,71.0800,71.6300,70.1659,551000
2023-11-16,71.5200,71.7100,70.8500,71.3000,69.8427,551000
2023-11-17,71.5500,71.8600,71.3100,71.8300,70.3618,715800
2023-11-20,71.9400,72.6800,71.6700,72.5000,71.0181,428800
2023-11-21,72.0500,72.0600,71.5300,71.7000,70.2345,331100
2023-11-22,72.2400,72.5200,71.8200,72.0000,70.5283,322900
2023-11-24,71.9200,72.2100,71.8100,72.1700,70.6949,156900
2023-11-27,71.9000,72.2800,71.6700,72.0400,70.5675,273300
2023-11-28,71.8600,72.4200,71.5400,72.2100,70.7340,298600
2023-11-29,72.9900,73.9300,72.9900,73.0700,71.5765,306300
2023-11-30,73.4600,73.4600,72.7200,73.2000,71.7038,364400
2023-12-01,73.0100,75.2400,72.8900,75.2200,73.6825,542200
2023-12-04,74.5800,75.4000,74.4700,75.1900,73.6531,624600
2023-12-05,74.6800,74.7100,73.9900,74.3900,72.8695,513400
2023-12-06,75.0600,75.7100,74.3300,74.3700,72.8499,539100
2023-12-07,74.7100,75.3500,74.5200,75.2400,73.7021,439200
2023-12-08,75.1800,76.3300,75.1800,75.9400,74.3878,435100
2023-12-11,76.0300,76.9200,75.9400,76.7900,75.2204,659900
2023-12-12,76.6100,76.9300,76.1900,76.8000,75.2302,394100
2023-12-13,76.7900,79.1300,76.4400,79.0800,77.4636,928000
2023-12-14,80.2200,82.2500,80.2200,81.8500,80.1770,1122800
2023-12-15,81.8900,82.1700,81.2500,81.4400,79.7754,396800
2023-12-18,81.4600,81.4700,80.8800,81.2500,79.7548,347300
2023-12-19,81.5200,82.4200,81.5200,82.3100,80.7953,323300
2023-12-20,82.0000,82.5700,80.3600,80.3900,78.9106,578200
2023-12-21,81.5900,82.1800,81.2500,82.1600,80.6480,1269500
2023-12-22,82.4600,82.8400,81.7900,82.3100,80.7953,993400
2023-12-26,82.4300,83.1200,82.4300,82.9400,81.4137,333200
2023-12-27,82.9900,83.2100,82.7100,83.0900,81.5609,289600
2023-12-28,83.0900,83.3700,82.9700,83.2100,81.6787,327700
2023-12-29,82.9900,83.3000,82.2400,82.4000,80.8836,537500
2024-01-02,81.5600,81.6300,80.6100,81.1100,79.6173,1670700
2024-01-03,79.9900,80.0200,78.4100,78.7700,77.3204,844800
2024-01-04,78.3900,79.2100,78.2900,78.6500,77.2026,761500
2024-01-05,78.3300,79.7700,78.2700,79.0900,77.6345,656700
2024-01-08,79.3000,80.7900,79.2700,80.7600,79.2738,842100
2024-01-09,80.0200,80.8700,79.9100,80.4800,78.9989,347600
2024-01-10,80.4600,80.8300,79.7800,80.6500,79.1658,1213000
2024-01-11,80.5400,80.7000,79.2600,80.3400,78.8615,1140100
2024-01-12,80.5700,80.8200,79.3500,79.5400,78.0762,871400
2024-01-16,79.0400,79.4400,78.4800,79.1300,77.6738,1101500
2024-01-17,78.1600,78.3000,77.5600,78.2200,76.7805,625400
2024-01-18,78.8900,79.2400,78.1900,79.1100,77.6541,907500
2024-01-19,79.4500,80.5100,79.0200,80.4600,78.9793,989000
2024-01-22,80.9800,81.8200,80.8500,81.1800,79.6861,649400
2024-01-23,81.6100,81.6700,80.8100,81.2000,79.7057,513300
2024-01-24,82.1100,82.1600,81.0200,81.1100,79.6173,877800
2024-01-25,82.0800,82.1000,81.3300,81.7500,80.2456,600600
2024-01-26,81.6300,81.9500,81.2700,81.3400,79.8431,684700
2024-01-29,81.3900,82.5700,81.2700,82.5700,81.0505,424900
2024-01-30,82.1700,82.5500,81.9100,81.9500,80.4419,400200
2024-01-31,81.3100,82.1900,80.2600,80.3800,78.9008,811900
2024-02-01,81.0500,81.3600,79.6600,81.3100,79.8137,444800
2024-02-02,80.9100,82.1200,80.5100,81.8200,80.3143,657900
2024-02-05,81.7200,81.7200,80.7100,81.4600,79.9609,810300
2024-02-06,81.5500,81.7700,81.1200,81.6000,80.0983,613100
2024-02-07,82.2300,82.4300,81.2200,82.1400,80.6284,936600
2024-02-08,82.1900,82.9700,82.0200,82.7600,81.2370,498300
2024-02-09,82.7200,83.3500,82.6000,83.2000,81.6689,539900
2024-02-12,83.3800,84.7800,83.3400,84.0500,82.5033,722800
2024-02-13,81.7100,82.2000,80.8600,81.6200,80.1180,942200
2024-02-14,82.3300,83.0600,81.9500,83.0300,81.5020,753100
2024-02-15,83.5900,84.2600,83.5300,84.0900,82.5425,746200
2024-02-16,83.7200,83.9000,83.0500,83.1400,81.6100,612900
2024-02-20,82.3900,82.4900,81.8700,82.3100,80.7953,392300
2024-02-21,81.6300,82.1200,81.4800,82.0900,80.5793,590000
2024-02-22,83.3000,83.6700,82.9100,83.2600,81.7278,499000
2024-02-23,83.1900,83.4700,82.8700,82.9400,81.4137,735200
2024-02-26,82.9700,83.3600,82.5000,82.6300,81.1094,492000
2024-02-27,83.3700,83.7100,83.2500,83.5700,82.0321,413700
2024-02-28,82.9700,83.6800,82.9200,83.1800,81.6492,406200
2024-02-29,83.9300,84.6500,83.6600,84.3300,82.7781,640700
2024-03-01,84.4500,85.5400,83.8900,85.4100,83.8382,500000
2024-03-04,85.7100,85.7200,85.1200,85.1300,83.5634,642600
2024-03-05,84.4000,84.9900,83.8900,84.2600,82.7094,756300
2024-03-06,85.1100,85.2100,84.3700,84.8200,83.2591,959100
2024-03-07,85.5300,86.3100,85.5200,86.0200,84.4370,476700
2024-03-08,86.5800,87.1400,85.5600,85.6600,84.0836,2779500
2024-03-11,85.2500,85.6700,84.9100,85.5200,83.9462,366100
2024-03-12,85.7700,86.0300,85.0300,85.7900,84.2112,485600
2024-03-13,85.5600,86.1700,85.3300,85.5300,83.9560,367700
2024-03-14,85.3900,85.5000,83.4300,84.0400,82.4934,442300
2024-03-15,83.4100,84.0700,83.3600,83.4800,81.9437,243000
2024-03-18,83.8100,83.9400,83.3100,83.6500,82.3731,323900
2024-03-19,83.1900,83.9600,83.0100,83.8900,82.6094,447600
2024-03-20,83.8700,85.8700,83.7700,85.7300,84.4213,560300
2024-03-21,86.6100,87.2800,86.5900,86.8400,85.5144,471800
2024-03-22,86.6700,86.9500,85.9700,86.0400,84.7266,220400
2024-03-25,85.7500,86.1700,85.6300,85.8300,84.5198,254800
2024-03-26,86.3000,86.5000,85.5100,85.5600,84.2539,222600
2024-03-27,86.1500,87.3700,85.8900,87.3700,86.0363,385300
2024-03-28,87.4000,87.9000,87.4000,87.7400,86.4006,197200
2024-04-01,87.8200,88.0900,86.9600,87.1700,85.8393,926200
2024-04-02,86.1200,86.1600,85.2800,85.6000,84.2933,518400
2024-04-03,85.2800,86.0800,85.2100,85.9700,84.6577,457000
2024-04-04,86.8800,87.1600,84.5600,84.6600,83.3677,447300
2024-04-05,84.7400,85.5800,84.5000,85.1400,83.8403,640100
2024-04-08,85.5200,86.3600,85.5200,86.0900,84.7758,877400
2024-04-09,86.5700,86.9300,85.8000,86.8900,85.5636,455000
2024-04-10,85.0400,85.3900,83.9500,84.4300,83.1412,1164600
2024-04-11,84.6400,85.1500,83.7000,84.9700,83.6729,690400
2024-04-12,83.9600,84.0800,82.6800,82.9300,81.6641,824800
2024-04-15,83.8200,84.1100,81.4000,81.7800,80.5316,763800
2024-04-16,81.4500,81.7800,80.7900,81.2100,79.9703,712800
2024-04-17,81.7000,81.7900,80.4500,80.7000,79.4681,687100
2024-04-18,80.7600,81.4800,80.0700,80.3300,79.1038,857200
2024-04-19,80.3700,80.8300,79.6200,79.9400,78.7197,1129100
2024-04-22,80.4200,81.2800,79.8600,80.8400,79.6060,739500
2024-04-23,80.9600,82.4900,80.9600,82.1800,80.9255,591700
2024-04-24,82.4500,83.1600,81.8700,82.6000,81.3391,454200
2024-04-25,81.9500,82.6600,81.0200,82.4200,81.1618,991800
2024-04-26,82.5900,83.5400,82.4700,83.1500,81.8807,625600
2024-04-29,83.5600,83.9900,83.2500,83.7400,82.4617,390000
2024-04-30,83.2200,83.5300,81.9700,81.9800,80.7286,482000
2024-05-01,81.4800,83.0000,80.6500,81.0600,79.8226,799200
2024-05-02,81.6900,82.0400,80.3900,81.8800,80.6301,658600
2024-05-03,83.0800,83.7700,82.5700,82.6700,81.4080,544900
2024-05-06,83.3500,83.8200,83.1600,83.8200,82.5405,341200
2024-05-07,83.8600,83.9900,83.1200,83.1400,81.8709,372000
2024-05-08,82.3000,83.0800,82.1400,83.0400,81.7724,396000
2024-05-09,82.8200,83.3600,82.5800,83.3100,82.0383,244700
2024-05-10,83.7500,83.9100,83.2000,83.3500,82.0776,268800
2024-05-13,83.7900,84.2000,83.4800,83.6000,82.3238,413600
2024-05-14,84.0800,84.6000,84.0800,84.5000,83.2101,581900
2024-05-15,85.3700,85.6500,84.9200,85.5800,84.2736,738500
2024-05-16,85.4600,85.6000,84.9400,84.9400,83.6434,521900
2024-05-17,85.0500,85.2200,84.5600,84.8900,83.5941,134500
2024-05-20,85.0000,85.6900,85.0000,85.4300,84.1259,201400
2024-05-21,85.0000,85.3100,84.7500,85.2200,83.9191,121900
2024-05-22,85.2600,85.5700,84.6200,85.0800,83.7812,256900
2024-05-23,85.7300,85.7600,83.3300,83.5800,82.3041,514100
2024-05-24,84.0600,84.7500,83.8800,84.5400,83.2495,237000
2024-05-28,84.9500,85.0200,83.9800,84.4300,83.1412,167200
2024-05-29,83.1600,83.3400,83.0100,83.0900,81.8216,180200
2024-05-30,82.9400,83.1800,82.4700,82.7900,81.5262,180200
2024-05-31,83.0700,83.3500,81.5600,83.1800,81.9102,234600
2024-06-03,84.0400,84.0800,81.8500,82.9200,81.6542,979000
2024-06-04,82.5200,82.8500,82.0200,82.4300,81.1717,207700
2024-06-05,83.0700,84.0300,82.6700,84.0300,82.7473,232900
2024-06-06,83.9000,84.0200,83.6000,83.8000,82.5208,176500
2024-06-07,83.2200,83.7800,82.9800,83.2200,81.9496,190800
2024-06-10,82.7100,83.9600,82.6300,83.8100,82.5306,134800
2024-06-11,83.3600,83.6800,82.6700,83.4700,82.1958,218200
2024-06-12,85.0900,86.0200,84.6900,85.0800,83.7812,475200
2024-06-13,85.1300,85.3700,84.4300,84.8500,83.5548,202300
2024-06-14,84.3000,84.4400,83.4700,83.9900,82.7079,237200
2024-06-17,83.8600,84.8100,83.4100,84.6700,83.3775,160400
2024-06-18,84.6200,85.2200,84.6200,85.0300,83.7320,393300
2024-06-20,84.9200,85.1300,84.1300,84.3400,83.0525,148900
2024-06-21,84.3400,84.5700,83.6400,84.4200,83.1313,112100
2024-06-24,84.1200,84.5400,83.8100,83.8100,82.7040,186500
2024-06-25,84.0900,84.0900,83.5700,84.0100,82.9014,161500
2024-06-26,83.6200,83.9600,83.4300,83.8500,82.7435,96800
2024-06-27,83.8200,84.3100,83.7100,84.2600,83.1481,223200
2024-06-28,84.6000,85.3600,84.0400,84.4500,83.3356,364800
2024-07-01,84.6700,84.6700,83.4700,83.7600,82.6547,435200
2024-07-02,83.5800,84.6600,83.5800,84.6600,83.5428,128200
2024-07-03,84.9400,85.4600,84.7200,85.2500,84.1250,110900
2024-07-05,85.4200,85.4200,84.7800,85.1800,84.0560,170600
2024-07-08,85.4900,85.9400,85.4900,85.8300,84.6974,271300
2024-07-09,85.9100,86.0700,85.4900,85.7400,84.6086,112900
2024-07-10,86.0300,87.0000,85.8700,86.9600,85.8125,252200
2024-07-11,87.6500,88.1500,86.9700,87.2700,86.1184,274200
2024-07-12,87.5700,89.0900,87.5500,88.4200,87.2532,203800
2024-07-15,88.6300,89.2500,88.3000,88.5900,87.4210,151400
2024-07-16,88.9700,90.3400,88.8400,90.3300,89.1380,237000
2024-07-17,88.8400,89.3000,87.5200,87.5200,86.3651,339400
2024-07-18,87.9700,88.8400,86.3700,86.8400,85.6940,280500
2024-07-19,86.9600,87.1200,86.0200,86.2100,85.0724,273200
2024-07-22,87.1100,87.8600,86.2600,87.8500,86.6907,368700
2024-07-23,87.2400,87.9600,87.2400,87.4500,86.2960,379500
2024-07-24,86.8300,87.0300,84.5300,84.5800,83.4639,471300
2024-07-25,84.1400,85.8600,83.2900,83.8700,82.7633,795800
2024-07-26,85.0700,85.7900,84.7700,85.3500,84.2237,1223400
2024-07-29,85.7800,86.1900,85.1300,85.4600,84.3323,332600
2024-07-30,85.9000,86.2400,84.3700,84.8600,83.7402,221300
2024-07-31,86.6600,87.9300,86.4600,86.9400,85.7927,369300
2024-08-01,86.7000,87.1300,82.8200,83.5600,82.4573,622000
2024-08-02,81.1800,81.4500,79.3900,80.1400,79.0825,1255700
2024-08-05,75.8600,79.5400,75.8600,78.1600,77.1286,1405400
2024-08-06,78.5600,80.5500,78.3700,79.1500,78.1055,1079900
2024-08-07,80.4900,80.8800,77.6000,77.6400,76.6155,631500
2024-08-08,78.6900,80.4900,78.2600,80.4100,79.3489,405800
2024-08-09,80.3600,80.9800,79.8800,80.6400,79.5759,338400
2024-08-12,80.8100,81.0600,80.0200,80.3400,79.2798,398900
2024-08-13,81.1000,82.4600,80.9100,82.3300,81.2436,356400
2024-08-14,82.6500,82.8600,81.5000,82.1100,81.0265,278800
2024-08-15,83.4700,84.9500,83.3900,84.7800,83.6612,333600
2024-08-16,84.3300,84.8300,84.2200,84.7000,83.5823,218200
2024-08-19,84.7000,85.8500,84.3600,85.8500,84.7171,263400
2024-08-20,85.7200,86.0600,84.8700,85.1100,83.9869,237200
2024-08-21,85.6200,86.4000,85.4700,86.2300,85.0921,247200
2024-08-22,86.4500,86.5500,84.6800,84.8500,83.7303,311500
2024-08-23,85.6200,86.9000,85.4900,86.8400,85.6940,409400
2024-08-26,86.9500,87.0500,85.5000,85.6400,84.5099,230100
2024-08-27,85.0500,86.0300,84.7400,85.8400,84.7072,335600
2024-08-28,85.3300,85.4900,83.7900,84.4500,83.3356,182700
2024-08-29,85.1100,86.0800,84.7300,84.8200,83.7007,230900
2024-08-30,85.7200,85.9100,84.5300,85.7600,84.6283,209300
2024-09-03,84.9000,84.9000,81.7800,82.1400,81.0561,383800
2024-09-04,81.5300,82.8600,81.4100,82.0600,80.9771,260300
2024-09-05,81.8400,82.5600,81.4000,81.7500,80.6712,471200
2024-09-06,81.8000,81.9900,79.5200,79.8100,78.7568,311100
2024-09-09,80.6200,81.4200,80.3900,81.0000,79.9311,172900
2024-09-10,81.2100,81.4900,80.1700,81.4500,80.3752,164400
2024-09-11,81.6500,83.4500,80.1400,83.3500,82.2501,288700
2024-09-12,83.3700,84.2600,82.6400,83.8900,82.7830,315300
2024-09-13,84.4900,85.6200,84.3900,85.3500,84.2237,290200
2024-09-16,85.1400,85.6400,84.6800,85.5800,84.4507,248200
2024-09-17,86.2300,86.8700,85.7100,86.1700,85.0329,301700
2024-09-18,86.3500,87.6300,85.7100,85.8400,84.7072,607300
2024-09-19,88.2300,88.6200,87.4300,88.0800,86.9177,300700
2024-09-20,87.7300,87.9700,86.9200,87.9000,86.7401,195600
2024-09-23,88.0400,88.4200,87.7700,88.1800,87.1661,179300
2024-09-24,88.7600,88.9000,87.9800,88.6300,87.6109,174600
2024-09-25,88.5400,88.8700,88.0000,88.1700,87.1562,1668500
2024-09-26,90.1600,90.5500,88.6600,89.7100,88.6785,478600
2024-09-27,90.2300,90.2300,89.2900,89.5700,88.5401,235000
2024-09-30,89.1300,89.3700,88.3300,89.2200,88.1941,143700
2024-10-01,89.1700,89.3700,87.2800,87.8500,86.8399,443300
2024-10-02,87.5400,88.7000,87.2000,88.2000,87.1859,210700
2024-10-03,87.6500,88.5900,87.5600,88.0500,87.0376,164300
2024-10-04,89.5300,89.5300,88.4000,89.1700,88.1447,120000
2024-10-07,88.7600,89.2800,88.4700,88.9700,87.9470,287300
2024-10-08,89.2300,89.6600,88.7500,89.4500,88.4215,166200
2024-10-09,89.6300,90.5600,89.4400,90.4200,89.3803,85700
2024-10-10,89.5000,90.2800,89.2500,89.9400,88.9059,90200
2024-10-11,89.6300,90.9400,89.6300,90.7600,89.7164,75400
2024-10-14,91.1000,91.7700,90.8400,91.7000,90.6456,94700
2024-10-15,91.6900,91.9500,89.8200,90.0100,88.9751,508900
2024-10-16,90.6200,90.8600,90.1800,90.6200,89.5780,88800
2024-10-17,91.5200,91.5200,90.4400,90.4700,89.4298,65400
2024-10-18,91.0400,91.0400,90.5100,90.8500,89.8054,58300
2024-10-21,90.5700,90.7400,89.7400,90.2200,89.1826,108100
2024-10-22,89.6600,89.7800,89.1500,89.5600,88.5302,93200
2024-10-23,89.0000,89.3800,87.7500,88.4900,87.4725,96100
2024-10-24,89.1900,89.2900,88.6000,89.0500,88.0261,79000
2024-10-25,89.8000,90.4800,89.1500,89.4100,88.3820,113300
2024-10-28,90.0100,90.3800,89.9200,89.9400,88.9059,140900
2024-10-29,89.5100,90.7700,89.2800,90.6100,89.5682,122800
2024-10-30,88.9500,89.7300,88.7500,88.9000,87.8778,135000
2024-10-31,88.1700,88.1700,86.4500,86.6000,85.6043,216200
2024-11-01,86.9200,87.8900,86.8700,87.0000,85.9997,127300
2024-11-04,86.9200,87.8300,86.7000,86.9500,85.9502,260100
2024-11-05,87.0400,88.4300,86.9700,88.4100,87.3935,96300
2024-11-06,90.1800,91.0600,89.4700,90.9000,89.8548,362200
2024-11-07,91.6100,92.2700,91.5300,92.0900,91.0311,179900
2024-11-08,91.8000,92.2300,91.6400,92.1500,91.0905,110900
2024-11-11,92.5000,92.5000,91.8100,92.4300,91.3672,120800
2024-11-12,91.8300,92.0400,90.4800,91.1200,90.0723,203900
2024-11-13,91.2400,91.5000,90.6400,90.7400,89.6967,216200
2024-11-14,90.7600,90.9600,89.8700,89.9600,88.9256,131100
2024-11-15,89.1100,89.3600,88.0200,88.2300,87.2155,255600
2024-11-18,88.6700,89.3300,88.2100,89.0000,87.9767,140700
2024-11-19,88.6700,89.9100,88.4800,89.8800,88.8466,260200
2024-11-20,89.7700,89.8900,88.8000,89.6800,88.6488,239300
2024-11-21,90.4000,91.8800,89.9800,91.6100,90.5567,141400
2024-11-22,91.7400,92.7500,91.7400,92.7200,91.6539,309100
2024-11-25,94.0900,94.7800,93.9600,94.4000,93.3146,373100
2024-11-26,94.3900,94.3900,93.3400,93.5200,92.4447,213300
2024-11-27,93.4200,93.6800,91.9700,92.6200,91.5551,155500
2024-11-29,92.8800,93.4700,92.7900,93.0900,92.0197,121000
2024-12-02,93.7500,95.1800,93.7500,94.8100,93.7199,408600
2024-12-03,94.6800,94.9300,94.0300,94.3300,93.2454,268700
2024-12-04,95.0800,95.0800,94.5300,95.0100,93.9176,102100
2024-12-05,94.9600,95.1500,93.8100,93.8400,92.7610,307900
2024-12-06,94.4900,95.2400,94.4900,94.9700,93.8780,97500
2024-12-09,95.6600,96.0500,94.7300,94.8000,93.7100,500600
2024-12-10,94.6000,94.6000,92.8800,93.0600,91.9900,343800
2024-12-11,93.6700,94.3300,93.2800,94.1100,93.0279,549200
2024-12-12,93.7800,94.0000,93.4300,93.4600,92.3854,158400
2024-12-13,93.8400,93.8400,92.6900,93.3800,92.3063,93500
2024-12-16,93.0100,94.0400,92.9100,93.7400,92.6622,146300
2024-12-17,93.2700,93.7200,92.7400,92.9600,91.8911,108700
2024-12-18,93.2200,93.4900,88.8200,89.1700,88.1447,192500
2024-12-19,89.8500,90.2500,88.3200,88.3500,87.3342,228900
2024-12-20,87.9300,90.8200,87.7800,89.9100,88.8762,173500
2024-12-23,89.8500,90.6700,89.3700,90.6700,89.7422,430000
2024-12-24,90.8400,91.7500,90.6200,91.6800,90.7419,63100
2024-12-26,91.2900,91.9400,91.0900,91.5900,90.6528,159000
2024-12-27,90.9700,91.1300,89.7000,90.4200,89.4948,183600
2024-12-30,89.0700,89.6800,88.0700,89.0400,88.1289,472300
2024-12-31,89.3000,89.6200,88.3000,88.6500,87.7429,663600
2025-01-02,89.5100,89.8000,87.9900,88.6300,87.7231,382300
2025-01-03,89.1700,90.6800,88.9700,90.6800,89.7522,172100
2025-01-06,91.9500,93.0600,91.8300,92.0400,91.0982,298800
2025-01-07,92.4500,92.6100,90.4800,90.9600,90.0293,233900
2025-01-08,90.4900,90.4900,89.3500,90.2600,89.3365,211800
2025-01-10,89.4400,89.6600,88.4900,89.0100,88.0992,507700
2025-01-13,87.5100,88.6500,87.2000,88.6200,87.7132,506300
2025-01-14,89.4800,89.9200,88.6300,89.3600,88.4457,170500
2025-01-15,91.4100,91.5900,90.7300,90.8600,89.9303,214200
2025-01-16,91.5400,91.9300,90.8200,91.3000,90.3658,219300
2025-01-17,92.6500,92.7800,92.1300,92.4500,91.5040,188400
2025-01-21,93.4000,94.1700,92.9700,93.8800,92.9194,147200
2025-01-22,94.9600,95.4200,94.7700,94.8100,93.8399,181900
2025-01-23,94.2200,95.2500,93.9900,95.2100,94.2358,362400
2025-01-24,95.4100,95.4100,94.3400,94.5000,93.5331,156300
2025-01-27,91.3700,91.8800,89.4800,90.5500,89.6235,243400
2025-01-28,90.8800,91.3200,89.5400,91.0300,90.0986,200400
2025-01-29,91.3600,91.4800,90.3500,90.8600,89.9303,420700
2025-01-30,91.5700,92.5900,91.5000,92.1900,91.2467,148000
2025-01-31,92.3100,93.2700,91.1800,91.3100,90.3757,145600
2025-02-03,89.0300,90.5000,88.5100,89.8800,88.9603,563900
2025-02-04,90.4100,90.9800,90.4000,90.9200,89.9897,91200
2025-02-05,91.0600,91.6700,90.4000,91.4800,90.5440,71400
2025-02-06,91.6600,92.2500,91.1900,91.8400,90.9003,111400
2025-02-07,92.3100,92.8900,91.0200,91.3200,90.3856,304700
2025-02-10,92.2000,92.6400,91.8500,92.6100,91.6624,96500
2025-02-11,91.6700,92.2800,91.3500,91.5100,90.5737,149300
2025-02-12,90.5600,91.6000,90.4200,91.4000,90.4648,169700
2025-02-13,91.8300,92.6300,91.5400,92.5600,91.6129,233200
2025-02-14,92.9000,93.4300,92.8300,93.4100,92.4542,96300
2025-02-18,94.1500,95.1600,94.0900,95.1300,94.1566,214000
2025-02-19,94.9100,96.1500,94.4700,95.1200,94.1467,358500
2025-02-20,94.6600,94.9500,93.0500,94.0900,93.1273,269100
2025-02-21,94.5200,94.5200,90.5800,90.9000,89.9699,262600
2025-02-24,91.1900,91.2900,88.8100,89.3900,88.4753,470300
2025-02-25,89.1300,89.1300,87.2400,87.9500,87.0501,175900
2025-02-26,89.2600,90.5600,88.9600,89.3800,88.4655,311300
2025-02-27,89.8500,89.9600,86.0700,86.1300,85.2487,287100
2025-02-28,85.7600,86.9500,85.1000,86.8700,85.9811,183500
2025-03-03,87.6300,87.6400,83.1600,83.7700,82.9129,303100
2025-03-04,82.7800,84.6900,80.8200,82.8500,82.0023,922700
2025-03-05,83.1800,84.5600,82.3500,84.3900,83.5265,414500
2025-03-06,82.5000,83.6200,81.2100,81.4700,80.6364,509000
2025-03-07,81.3300,82.6100,79.7900,82.3500,81.5074,436500
2025-03-10,80.6800,81.0300,78.1900,79.1500,78.3401,519600
2025-03-11,79.0300,80.1400,77.7600,78.9800,78.1719,512600
2025-03-12,80.7600,81.1600,79.5400,80.2500,79.4289,332400
2025-03-13,80.1600,80.4100,78.2100,78.6600,77.8552,189800
2025-03-14,79.9500,81.4800,79.8200,81.3600,80.5275,285100
2025-03-17,81.3800,83.3500,81.3800,82.7200,81.8736,269700
2025-03-18,82.0400,82.1500,81.0600,81.4300,80.5968,219000
2025-03-19,81.5800,83.7400,81.4300,82.7200,81.8736,189500
2025-03-20,81.9400,83.2000,81.8700,82.1800,81.3391,132000
2025-03-21,81.1300,82.2700,80.5700,82.1200,81.2797,289400
2025-03-24,83.4500,84.5500,83.4500,84.3400,83.6308,101000
2025-03-25,84.4200,84.7500,83.9200,84.1800,83.4721,146600
2025-03-26,84.0700,84.2600,81.6500,82.0800,81.3898,389300
2025-03-27,81.3500,81.8900,80.4000,80.9200,80.2395,1410000
2025-03-28,80.5300,80.7700,78.2800,78.5500,77.8895,563500
2025-03-31,77.0000,78.5100,75.7300,78.2600,77.6019,303100
2025-04-01,78.0800,78.9900,77.1000,78.7200,78.0581,185700
2025-04-02,77.3800,80.7700,77.3800,80.1700,79.4959,297900
2025-04-03,75.9100,76.0200,72.8400,72.9200,72.3068,870700
2025-04-04,69.9700,70.4800,66.4600,68.1100,67.5373,1076700
2025-04-07,65.6000,72.3800,64.4000,69.1700,68.5884,1660800
2025-04-08,72.1200,72.3800,65.9700,67.2800,66.7143,950100
2025-04-09,67.0300,77.2900,66.7600,76.7900,76.1443,958800
2025-04-10,74.1900,74.2800,69.9700,72.1500,71.5433,1095200
2025-04-11,71.7300,73.5300,70.5800,73.1400,72.5250,643700
2025-04-14,75.3500,75.3500,73.1000,74.0900,73.4670,486300
2025-04-15,74.2400,75.2300,73.9800,74.2600,73.6356,329300
2025-04-16,72.7700,73.6900,71.1400,72.5000,71.8904,336000
2025-04-17,72.9000,73.2700,72.1000,72.6300,72.0193,190700
2025-04-21,71.5600,71.5700,69.7400,70.7200,70.1253,746200
2025-04-22,71.7400,73.2000,71.6900,72.7900,72.1779,270500
2025-04-23,75.9200,77.2600,74.6300,74.8200,74.1908,458300
2025-04-24,75.6500,78.3800,75.6500,78.3400,77.6812,314800
2025-04-25,77.9700,79.2300,77.8200,78.8500,78.1870,186500
2025-04-28,78.8500,79.7400,77.8800,79.0200,78.3555,248500
2025-04-29,78.6300,79.5300,78.3800,79.1700,78.5043,374900
2025-04-30,77.1600,79.4100,76.6600,79.1700,78.5043,491900
2025-05-01,80.2400,81.1100,79.8100,79.8300,79.1587,216700
2025-05-02,81.3200,82.5900,81.2100,82.0400,81.3501,349100
2025-05-05,81.2900,82.3700,81.2300,81.6800,80.9932,171200
2025-05-06,80.4700,81.6500,80.4100,80.9500,80.2693,304500
2025-05-07,81.0900,81.9500,80.4900,81.7600,81.0725,193000
2025-05-08,82.6700,83.9700,82.3100,83.0900,82.3913,748900
2025-05-09,83.6600,83.8700,82.7500,83.2000,82.5004,152200
2025-05-12,87.5400,88.0300,86.8600,87.7300,86.9923,326800
2025-05-13,88.1000,90.2500,87.9800,89.8100,89.0548,610000
2025-05-14,90.4200,90.7500,89.7400,90.0300,89.2730,580900
2025-05-15,89.5300,90.1500,88.9000,89.6900,88.9358,838500
2025-05-16,90.0000,90.6400,89.7000,90.5900,89.8282,314800
2025-05-19,89.0700,90.4900,88.8900,90.3300,89.5704,413300
2025-05-20,89.9100,90.2200,89.2400,89.7600,89.0052,389400
2025-05-21,88.9800,89.6400,87.1300,87.3800,86.6452,515500
2025-05-22,87.1800,88.0500,86.7900,87.4300,86.6948,344800
2025-05-23,85.5400,87.1300,85.4400,86.8000,86.0701,259900
2025-05-27,88.3300,89.4800,87.7000,89.3400,88.5888,225100
2025-05-28,89.4800,89.4800,88.4900,88.6400,87.8946,176100
2025-05-29,89.7500,89.9500,88.1900,88.6700,87.9244,206000
2025-05-30,88.1800,88.2400,86.7500,87.9000,87.1609,835600
2025-06-02,87.9900,88.8000,87.2700,88.7600,88.0136,452900
2025-06-03,88.9400,90.6300,88.5900,90.4800,89.7192,670400
2025-06-04,90.8300,91.1600,90.1700,90.6300,89.8679,104200
2025-06-05,91.0000,91.5700,89.5500,90.0300,89.2730,333700
2025-06-06,91.2900,91.8800,91.1900,91.4900,90.7207,236700
2025-06-09,92.0900,92.8700,92.0900,92.2900,91.5140,418600
2025-06-10,92.6100,93.1300,92.2200,93.1200,92.3370,256300
2025-06-11,93.6300,93.7000,92.2200,92.7900,92.0098,163100
2025-06-12,92.2100,93.0200,92.0400,92.6800,91.9007,239600
2025-06-13,91.0900,92.1000,90.6800,90.9300,90.1654,314800
2025-06-16,92.0000,93.3900,92.0000,93.2200,92.4361,1027100
2025-06-17,92.7000,93.5400,92.0500,92.2600,91.4842,247100
2025-06-18,92.2700,93.3800,92.2700,92.6200,91.8412,270300
2025-06-20,93.5100,93.5500,92.0600,92.5900,91.8114,182300
2025-06-23,92.4400,93.1700,91.0700,93.0500,92.4333,165700
2025-06-24,94.2100,95.2800,94.2100,95.1800,94.5492,300600
2025-06-25,95.4900,95.5800,94.8200,95.3200,94.6882,94300
2025-06-26,95.8600,96.8200,95.8400,96.7400,96.0988,91300
2025-06-27,97.1200,97.6700,96.4200,97.1200,96.4763,160000
2025-06-30,97.8700,97.8700,97.2100,97.5300,96.8836,334200
2025-07-01,96.9800,98.0700,96.4600,97.6500,97.0028,188400
2025-07-02,97.6700,99.3200,97.5300,99.2600,98.6021,399100
2025-07-03,99.8500,100.4800,99.8500,100.3200,99.6551,208200
2025-07-07,99.6800,100.0400,98.4000,99.0300,98.3736,667600
2025-07-08,99.6500,100.4200,99.2500,100.0500,99.3869,400100
2025-07-09,100.4500,100.8200,99.7900,100.6300,99.9630,425600
2025-07-10,101.3700,102.2200,101.1200,101.9800,101.3041,826100
2025-07-11,101.1200,101.5800,100.9100,101.2900,100.6187,434000
2025-07-14,100.8700,101.3400,100.3600,101.1900,100.5193,339200
2025-07-15,102.0300,102.0300,100.2800,100.4700,99.8041,400700
2025-07-16,100.5900,100.7300,98.7300,100.6200,99.9531,642900
2025-07-17,100.8900,102.0500,100.7300,102.0000,101.3240,317900
2025-07-18,102.4000,102.7100,102.0000,102.4700,101.7908,258600
2025-07-21,103.0000,103.2900,102.0900,102.1500,101.4730,195500
2025-07-22,102.0100,102.3400,100.6900,102.1700,101.4928,424900
2025-07-23,102.7500,103.4800,102.6300,103.4100,102.7246,298900
2025-07-24,103.3600,103.4900,102.8500,102.8500,102.1683,203500
2025-07-25,103.1100,103.7500,102.8000,103.7000,103.0127,166000
2025-07-28,104.1800,104.5300,103.9900,104.3900,103.6981,214800
2025-07-29,104.7800,104.9300,103.1800,103.6900,103.0028,322700
2025-07-30,104.0600,104.9300,103.3500,104.2400,103.5491,547900
2025-07-31,103.9900,104.4900,102.3600,102.8000,102.1187,457000
2025-08-01,100.7300,101.5100,98.8500,100.8800,100.2114,488900
2025-08-04,101.7000,102.3200,101.4500,102.2900,101.6120,327600
2025-08-05,102.7900,102.9000,100.5100,101.5900,100.9167,355200
2025-08-06,101.3100,101.3100,100.3500,100.9300,100.2610,308700
2025-08-07,102.0600,102.2400,100.3100,100.9100,100.2412,296200
2025-08-08,101.5600,101.8100,101.0900,101.3500,100.6783,157600
2025-08-11,101.7500,102.2300,100.9600,101.1300,100.4597,183500
2025-08-12,101.9300,104.1400,101.6800,104.1400,103.4498,879300
2025-08-13,104.7000,104.9400,103.7500,104.8500,104.1551,306800
2025-08-14,103.6600,104.3900,103.5300,104.1900,103.4995,403500
2025-08-15,104.2600,104.2600,103.0300,103.0900,102.4067,420200
2025-08-18,103.0900,103.9700,103.0900,103.8900,103.2014,334200
2025-08-19,103.8300,104.1100,102.5100,102.7000,102.0193,167100
2025-08-20,102.3500,102.3500,100.3000,101.9100,101.2346,401000
2025-08-21,101.5600,101.8500,101.0900,101.4800,100.8074,286800
2025-08-22,101.8800,105.1700,101.8000,104.8600,104.1650,673300
2025-08-25,104.4200,104.7400,104.1900,104.3800,103.6882,219400
2025-08-26,104.4300,105.0900,104.3500,105.0500,104.3538,223900
2025-08-27,104.9300,105.7700,104.7700,105.5400,104.8405,514000
2025-08-28,105.9600,106.4500,105.8200,106.3900,105.6849,497500
2025-08-29,105.9300,105.9300,104.6600,104.8700,104.1749,260500
2025-09-02,102.7800,103.8900,102.4100,103.8400,103.1518,577800
2025-09-03,103.7900,104.3500,102.9800,103.6400,102.9531,370900
2025-09-04,103.7500,104.9200,103.2900,104.9100,104.2147,351600
2025-09-05,105.6800,106.2000,103.9500,105.2600,104.5624,449400
2025-09-08,105.6800,105.6800,104.9200,105.5200,104.8206,393300
2025-09-09,105.3500,105.5300,104.8700,105.3900,104.6915,343500
2025-09-10,106.0700,106.7300,105.7900,106.2300,105.5259,203600
2025-09-11,106.5900,108.1100,106.5900,107.9100,107.1948,477600
2025-09-12,108.1000,108.1000,107.3300,107.4700,106.7577,249500
2025-09-15,107.9600,108.7800,107.7400,108.4500,107.7312,198400
2025-09-16,108.4600,108.5800,107.6100,108.2700,107.5524,163500
2025-09-17,108.3400,109.5600,106.9400,108.3600,107.6418,395200
2025-09-18,109.8200,111.0500,109.5000,110.7400,110.0060,843600
2025-09-19,110.9800,110.9800,109.8100,110.6000,109.8670,206600
2025-09-22,110.2600,111.3100,110.1200,111.1500,110.6103,150200
2025-09-23,111.4100,112.1200,110.3700,110.5600,110.0232,628500
2025-09-24,110.9000,110.9600,109.4700,109.8200,109.2868,426200
2025-09-25,108.3300,109.0000,107.4400,108.5500,108.0230,628800
2025-09-26,108.8500,109.5900,108.4600,109.4300,108.8987,386700
2025-09-29,110.4700,110.5700,109.5000,109.6600,109.1276,214900
2025-09-30,109.6300,109.9800,108.3400,109.8000,109.2669,205600
2025-10-01,109.3300,111.4400,109.2700,111.2900,110.7496,516900
2025-10-02,112.1600,112.3300,111.2300,112.1600,111.6154,356100
2025-10-03,112.6900,113.1900,111.7300,111.9700,111.4264,250000
2025-10-06,113.7100,113.8600,112.8300,113.1100,112.5608,494200
2025-10-07,113.7500,113.8000,110.7800,111.5300,110.9885,280000
2025-10-08,111.8900,113.4700,111.7000,113.3900,112.8395,142700
2025-10-09,113.6400,113.7800,112.2800,112.8600,112.3120,145200
2025-10-10,113.0300,113.2100,107.3400,107.4600,106.9383,542900
2025-10-13,109.9400,111.0700,109.7500,110.7200,110.1824,439200
2025-10-14,108.8400,112.0000,108.3300,110.7200,110.1824,415900
2025-10-15,112.4300,112.9300,110.6300,112.2100,111.6652,401600
2025-10-16,112.7800,113.0700,110.6000,111.2200,110.6800,195700
2025-10-17,110.6100,111.7200,110.1100,111.0900,110.5506,409700
2025-10-20,112.3100,113.1400,112.1000,112.6100,112.0632,390200
2025-10-21,112.5100,113.4800,112.0800,113.1100,112.5608,293400
2025-10-22,112.9700,113.1600,110.1900,111.5400,110.9984,688500
2025-10-23,111.6700,113.5100,111.6700,113.4200,112.8693,421300
2025-10-24,114.9400,115.3400,114.5700,114.5900,114.0336,459500
2025-10-27,116.0000,116.2500,115.4500,115.7300,115.1681,125500
2025-10-28,115.7000,115.7000,114.7300,114.9700,114.4118,257200
2025-10-29,115.7300,116.7700,115.0700,115.7200,115.1581,444200
2025-10-30,114.8000,115.9100,114.2900,114.4000,113.8446,377500
2025-10-31,115.1700,115.8500,114.1900,115.1000,114.5412,312200
2025-11-03,115.5900,115.7100,114.0900,115.1600,114.6009,200000
2025-11-04,112.7300,113.5000,111.5300,111.6500,111.1079,207300
2025-11-05,111.7200,114.4100,111.5300,113.5200,112.9688,382200
2025-11-06,113.6000,114.2100,111.3500,112.0200,111.4761,383900
2025-11-07,110.8400,112.4900,109.3500,112.4900,111.9438,956900
2025-11-10,114.4700,114.8900,112.9500,114.3100,113.7550,746400
2025-11-11,113.8400,114.0100,112.9900,113.2500,112.7001,327200
2025-11-12,114.1100,114.9700,113.7700,114.0200,113.4664,258300
2025-11-13,113.2400,113.6300,110.1500,110.7400,110.2023,277400
2025-11-14,108.6100,111.8700,108.3400,110.5100,109.9734,361200
2025-11-17,109.9600,110.9000,107.2700,108.1000,107.5751,263300
2025-11-18,107.0200,108.5400,106.2000,107.4200,106.8984,306100
2025-11-19,107.7200,109.2000,107.1300,108.1600,107.6348,222300
2025-11-20,110.1900,110.5900,104.3700,104.5200,104.0125,712000
2025-11-21,104.9900,107.2400,103.3100,106.3900,105.8735,477900
2025-11-24,107.0200,109.0300,106.9400,108.5200,107.9931,277000
2025-11-25,108.3500,110.4300,107.3800,110.1900,109.6550,152400
2025-11-26,110.9500,112.7500,110.8100,112.0500,111.5060,388700
2025-11-28,112.5600,113.4000,112.4000,113.1900,112.6404,163400
2025-12-01,112.0900,113.6300,111.8200,112.9400,112.3916,240300
2025-12-02,113.8200,114.6300,113.2400,114.0700,113.5162,256300
2025-12-03,114.1800,116.2600,113.9500,116.2600,115.6955,250700
2025-12-04,116.1600,116.9700,115.7300,116.5900,116.0239,741000
2025-12-05,116.8300,118.0400,116.8300,117.4500,116.8797,354500
2025-12-08,118.0400,118.2700,117.2700,117.6900,117.1186,307300
2025-12-09,117.2800,118.8500,117.1400,118.1700,117.5962,328800
2025-12-10,118.2600,121.0600,118.2400,120.5700,119.9846,817700
2025-12-11,119.7900,121.1100,119.1100,121.0000,120.4125,458000
2025-12-12,121.0800,121.0800,117.8200,118.1900,117.6161,373100
2025-12-15,119.1800,119.2800,117.7300,117.8000,117.2280,120900
2025-12-16,117.8800,118.5400,117.0200,117.8100,117.2380,136800
2025-12-17,118.1700,118.6900,115.3900,115.4200,114.8596,358300
2025-12-18,117.6100,118.2700,116.6800,116.9000,116.3324,286400
2025-12-19,117.5200,119.1700,117.5200,118.8400,118.2630,359500
2025-12-22,119.7600,120.1000,119.4600,120.0100,119.6196,642900
2025-12-23,119.6500,120.0000,119.1300,119.5100,119.1212,98900
2025-12-24,119.4600,120.0100,119.4000,119.8800,119.4900,142000
2025-12-26,119.9700,119.9700,119.3600,119.6100,119.2209,561200
2025-12-29,118.8400,119.5300,118.4600,118.7500,118.3637,237500
2025-12-30,118.9300,118.9900,118.1900,118.2400,117.8553,337400
2025-12-31,118.2600,118.2600,116.9100,116.9700,116.5895,553100
2026-01-02,118.3300,119.2700,117.8200,119.0300,118.6427,365300
2026-01-05,120.0000,121.7200,119.9500,120.9900,120.5964,897100
2026-01-06,121.5500,123.8600,121.4200,123.8000,123.3972,680400
2026-01-07,123.3300,123.3300,121.6600,121.8400,121.4436,264500
2026-01-08,121.3600,121.6200,120.6400,121.3000,120.9054,216100
2026-01-09,122.1400,123.2400,121.3400,123.0100,122.6098,287600
2026-01-12,121.9500,123.0900,121.8700,122.9600,122.5600,330000
2026-01-13,123.1100,123.5900,122.7500,123.0900,122.6895,150700
2026-01-14,122.6700,122.8100,121.2800,122.4000,122.0018,270200
2026-01-15,123.6600,124.4000,123.2600,123.3600,122.9587,133100
2026-01-16,123.8400,123.8700,122.7100,122.8000,122.4005,124700
2026-01-20,120.3000,121.9000,119.4500,119.8700,119.4800,281500
2026-01-21,120.9200,123.5600,120.8500,122.8200,122.4204,221000
2026-01-22,124.2000,124.4800,123.0400,123.2200,122.8191,226200
2026-01-23,122.7200,122.7200,121.6500,122.0700,121.6729,144200
2026-01-26,122.1900,122.6400,121.7800,122.0300,121.6330,96100
2026-01-27,122.7800,122.9700,122.2700,122.6400,122.2410,155200
2026-01-28,123.5500,124.2000,123.2400,123.5300,123.1281,191200
2026-01-29,124.4200,124.6500,121.4300,123.9000,123.4969,260000
2026-01-30,122.9600,123.4300,120.4100,121.1500,120.7559,217200
2026-02-02,120.6800,123.2400,120.6800,122.5900,122.1912,193600
2026-02-03,123.3600,123.7900,119.6300,121.4800,121.0848,306300
2026-02-04,121.5400,122.0600,118.0400,120.3100,119.9186,500300
2026-02-05,118.8100,119.7500,116.8100,117.8700,117.4865,738800
2026-02-06,119.7200,123.3900,119.7200,123.0000,122.5998,427500
2026-02-09,122.5700,124.9100,122.4400,124.2400,123.8358,165600
2026-02-10,124.4300,125.3500,124.2000,124.5100,124.1049,113000
2026-02-11,125.9400,126.2700,123.5100,124.8300,124.4239,159100
2026-02-12,125.4400,126.5900,120.8300,121.3900,120.9951,530600
2026-02-13,121.5600,123.2900,120.1200,122.6400,122.2410,219400
2026-02-17,122.3600,123.5500,121.3300,122.9400,122.5400,237800
2026-02-18,123.5100,125.2100,122.9100,124.2900,123.8856,464300
2026-02-19,123.3500,123.3500,122.1100,123.3000,122.8989,164700
2026-02-20,122.6200,125.0600,122.6200,124.3800,123.9753,151000
2026-02-23,123.2800,123.4000,119.8800,120.7600,120.3671,416700
2026-02-24,121.0300,123.5200,120.8000,123.0200,122.6198,676900
2026-02-25,124.4700,125.3500,124.0400,124.9600,124.5535,236000
2026-02-26,124.9900,125.1200,122.9800,124.9200,124.5136,194500
2026-02-27,122.8900,123.4600,122.0300,123.1000,122.6995,219300
2026-03-02,120.2700,123.0400,120.0100,122.7300,122.3307,369600
2026-03-03,118.9000,120.9600,116.8100,120.0800,119.6893,855900
2026-03-04,121.4800,122.8500,120.8500,122.2900,121.8922,565200
2026-03-05,121.8300,123.6000,120.2100,121.8700,121.4735,391800
2026-03-06,119.2000,119.6900,117.9500,118.2800,117.8952,414200
2026-03-09,116.3900,120.5600,115.0600,120.3800,119.9884,592900
2026-03-10,120.3300,121.5300,119.0900,119.5000,119.1112,724000
2026-03-11,119.8400,120.4500,118.5100,119.5000,119.1112,862500
2026-03-12,117.9900,118.3900,116.2600,116.3400,115.9615,385700
2026-03-13,117.3600,118.3200,116.0200,116.3900,116.0113,796000
2026-03-16,118.0900,118.9600,117.6600,118.0300,117.6460,296000
2026-03-17,118.8400,120.1900,118.7500,119.5900,119.2009,169100
2026-03-18,118.9800,120.2200,118.2700,118.3100,117.9251,270100
2026-03-19,116.5300,119.6500,116.1200,118.8600,118.4733,490500
2026-03-20,118.0300,118.2200,114.5700,115.6200,115.2439,430000
2026-03-23,117.8000,119.9000,117.3600,117.7400,117.5949,611800
2026-03-24,116.6100,118.6300,116.2700,118.2300,118.0844,259000
2026-03-25,119.5700,120.3300,118.3700,119.1800,119.0332,340100
2026-03-26,117.5400,118.4600,115.7900,115.9400,115.7972,332300
2026-03-27,115.0600,115.0600,113.0900,113.4900,113.3502,506900
2026-03-30,114.6800,115.0100,110.5900,111.3600,111.2228,456600
2026-03-31,112.9300,116.2300,112.6000,115.9500,115.8072,1142100
2026-04-01,117.1900,118.3400,116.7900,117.1800,117.0356,573300
2026-04-02,114.3900,118.0000,113.7800,116.8900,116.7460,301700
2026-04-06,117.0100,117.9000,116.7200,117.6000,117.4551,292900
2026-04-07,116.8900,117.8200,115.7000,117.8100,117.6649,1033100
2026-04-08,123.1700,124.0200,121.4700,122.2800,122.1294,480900
2026-04-09,122.0100,122.5600,120.9100,122.1200,121.9696,234000
2026-04-10,122.6800,122.8500,121.9200,122.2500,122.0994,126000
2026-04-13,121.6800,125.1200,121.6600,125.1100,124.9559,261200
2026-04-14,126.2000,127.2600,125.8000,127.0700,126.9135,351600
2026-04-15,127.4200,128.3800,126.9300,128.3000,128.1419,349500
2026-04-16,129.0000,129.7400,128.2500,129.5500,129.3904,493000
2026-04-17,131.5500,133.0200,131.1600,131.9100,131.7475,589200
2026-04-20,131.3500,132.8600,131.3500,132.7700,132.6064,500200
2026-04-21,133.2700,134.3600,131.9800,132.3300,132.1670,448300
2026-04-22,134.1700,134.3000,133.1500,133.8700,133.7051,207800
2026-04-23,133.3900,133.9300,130.8900,132.5700,132.4067,356000
2026-04-24,134.3000,134.9500,133.2200,134.7100,134.5441,174800
2026-04-27,134.8500,135.0800,133.3300,134.2500,134.0846,427800
2026-04-28,132.2200,133.0600,130.4400,131.5200,131.3580,321800
2026-04-29,132.2300,132.2300,130.8400,131.6000,131.4379,196800
2026-04-30,132.4900,134.6500,131.9400,134.5600,134.3942,209900
2026-05-01,134.9200,135.7800,134.5200,135.3100,135.1433,244700
2026-05-04,135.7500,136.7400,134.5700,135.4200,135.2532,334700
2026-05-05,136.7300,138.0200,136.5500,137.7100,137.5404,180300
2026-05-06,139.7300,140.9500,138.4900,140.8600,140.6865,599100
2026-05-07,141.1600,141.3100,138.0500,138.7900,138.6190,310700
2026-05-08,140.0500,141.6700,139.5100,141.6700,141.4955,285700
2026-05-11,141.9000,142.5900,141.5000,142.3100,142.1347,147100
2026-05-12,140.9500,140.9600,137.6300,140.2600,140.0872,340100
2026-05-13,141.1200,141.1200,138.7500,140.1500,139.9773,364600
2026-05-14,140.3300,141.7100,140.0500,141.2100,141.0360,359800
2026-05-15,138.5100,139.1600,137.3900,138.1600,137.9898,172200
2026-05-18,138.5900,138.5900,133.9500,135.6100,135.4429,1186400
2026-05-19,133.8900,134.9100,132.0900,133.7500,133.5852,584000
2026-05-20,135.0800,137.7400,133.8500,137.6700,137.5004,501500
2026-05-21,136.8900,140.3600,136.8900,140.0000,139.8275,399000
2026-05-22,141.3100,142.8800,140.8300,141.9800,141.8051,430800
2026-05-26,144.6500,146.6500,144.1500,145.9400,145.7602,351600
2026-05-27,147.2300,147.2900,145.3100,146.2900,146.1098,496300
2026-05-28,145.9400,148.5500,144.9200,147.9100,147.7278,285700
2026-05-29,149.5300,150.3600,148.4100,150.0400,149.8551,215900
2026-06-01,148.5100,151.2300,148.0800,150.5000,150.3146,353900
2026-06-02,151.6500,153.3100,151.5900,153.1900,153.0013,141000
2026-06-03,152.5500,152.7600,150.3500,152.1700,151.9825,186600
2026-06-04,149.8300,152.5900,149.2000,151.8400,151.6529,301800
2026-06-05,148.7800,148.7800,142.2500,143.2300,143.0535,386900
2026-06-08,146.0000,147.2100,144.5000,145.8800,145.7003,519500
2026-06-09,147.5500,149.6100,139.0400,144.9200,144.7415,684200
2026-06-10,142.6900,145.4300,139.5300,139.7000,139.5279,785300
2026-06-11,140.8400,146.6500,140.3800,146.5400,146.3595,612300
2026-06-12,147.5500,149.6300,146.2700,148.7300,148.5468,510700
2026-06-15,153.8200,155.1400,153.6100,154.2400,154.0500,331600
2026-06-16,154.9000,155.8200,151.7900,151.9000,151.7129,211900
2026-06-17,153.1500,155.0900,150.7600,150.8800,150.6941,355800
2026-06-18,154.8200,155.8900,154.1200,155.0400,154.8490,138400
2026-06-22,156.1900,157.5700,155.7400,156.7600,156.7600,171000
2026-06-23,150.3200,152.5700,149.5500,150.4600,150.4600,406500
2026-06-24,150.8000,153.0800,149.5100,151.0000,151.0000,317900
2026-06-25,155.5200,155.8000,151.9300,154.3500,154.3500,259500
2026-06-26,151.2500,152.1400,149.8500,150.4900,150.4900,307000
2026-06-29,151.3800,153.3200,148.3100,153.1700,153.1700,358000
2026-06-30,153.2800,156.0000,153.1700,155.5900,155.5900,147100
2026-07-01,153.1500,154.3000,152.1100,152.3000,152.3000,465200
2026-07-02,152.8500,154.0000,146.0900,147.8500,147.8500,243400
2026-07-06,149.2300,151.3200,149.2300,150.2900,150.2900,222300
2026-07-07,147.5500,147.9100,143.6900,145.8300,145.8300,371600
2026-07-08,143.9900,145.8500,142.3500,145.5400,145.5400,629700
2026-07-09,148.6700,150.9200,148.3800,149.6300,149.6300,376800
2026-07-10,149.4900,150.2700,147.8400,149.4500,149.4500,178300
2026-07-13,147.5700,148.1100,145.0700,145.6900,145.6900,469600
2026-07-14,148.5600,148.9100,147.0200,147.8000,147.8000,487900
2026-07-15,149.1000,149.1000,143.9500,146.6900,146.6900,445100
2026-07-16,144.4800,145.1400,142.0200,142.9200,142.9200,729000
2026-07-17,139.0800,142.9900,138.0400,140.9400,140.9400,628400
2026-07-20,142.5200,142.9700,140.4200,140.6100,140.6100,353000
2026-07-21,143.7800,145.5200,143.3600,145.0000,145.0000,259000
2026-07-22,143.3700,145.7400,143.3600,144.7100,144.7100,206000
2026-07-23,142.9200,145.0500,142.3300,143.3900,143.3900,208600
2026-07-24,142.9500,143.1800,140.3800,141.1500,141.1500,336400
