date,open,high,low,close,adj_close,volume
2008-11-05,4.8117,4.8992,4.1767,4.2500,3.2721,229200
2008-11-06,4.1500,4.1975,3.5525,3.6000,2.7717,4332000
2008-11-07,3.7075,3.8875,3.6117,3.8542,2.9673,6978000
2008-11-10,4.1500,4.1617,3.5842,3.7042,2.8519,5785200
2008-11-11,3.5417,3.6875,3.2917,3.4592,2.6632,11479200
2008-11-12,3.3275,3.3275,3.0175,3.0742,2.3668,13312800
2008-11-13,3.0517,3.5333,2.5642,3.5183,2.7088,32067600
2008-11-14,3.2708,3.5833,3.0417,3.0675,2.3617,34303200
2008-11-17,2.9567,3.1708,2.8333,2.8508,2.1949,44524800
2008-11-18,2.8367,2.9950,2.5958,2.8767,2.2148,61130400
2008-11-19,2.8750,2.9708,2.3667,2.4133,1.8580,75193200
2008-11-20,2.3242,2.4975,1.8467,1.9967,1.5372,137044800
2008-11-21,2.2667,2.2700,1.8058,2.2225,1.7111,124576800
2008-11-24,2.3717,2.7975,2.3167,2.5975,1.9998,98185200
2008-11-25,2.8342,2.8458,2.5250,2.7425,2.1115,80054400
2008-11-26,2.5875,3.0450,2.5758,3.0283,2.3315,61237200
2008-11-28,2.9917,3.1250,2.9792,3.1183,2.4008,21645600
2008-12-01,2.8725,2.8817,2.2817,2.3083,1.7772,101854800
2008-12-02,2.4233,2.5733,2.3100,2.5525,1.9652,109262400
2008-12-03,2.3883,2.7867,2.3667,2.7442,2.1128,136166400
2008-12-04,2.6458,2.8258,2.4033,2.5250,1.9440,109459200
2008-12-05,2.4150,2.8167,2.2833,2.7817,2.1416,167187600
2008-12-08,3.0333,3.2067,2.9742,3.0917,2.3803,142784400
2008-12-09,3.0125,3.2042,2.8792,2.9175,2.2462,126266400
2008-12-10,3.0183,3.1192,2.8958,3.0092,2.3168,125726400
2008-12-11,2.9542,3.0975,2.7217,2.7867,2.1455,113610000
2008-12-12,2.5433,2.8850,2.5167,2.8608,2.2026,142026000
2008-12-15,2.9033,2.9167,2.6308,2.7383,2.1083,91215600
2008-12-16,2.8192,3.1575,2.8108,3.1558,2.4297,121978800
2008-12-17,3.0508,3.2292,2.9842,3.0750,2.3716,118600800
2008-12-18,3.1192,3.1408,2.7967,2.9050,2.2405,94359600
2008-12-19,2.9425,3.0758,2.8583,2.8992,2.2360,97183200
2008-12-22,2.9100,2.9167,2.6033,2.7667,2.1338,76341600
2008-12-23,2.7983,2.8358,2.6483,2.6792,2.0663,68952000
2008-12-24,2.7133,2.7367,2.6567,2.7108,2.0907,17952000
2008-12-26,2.7725,2.7783,2.7050,2.7675,2.1344,19194000
2008-12-29,2.7875,2.7875,2.6200,2.7500,2.1209,46562400
2008-12-30,2.7958,2.9358,2.7542,2.9325,2.2617,57126000
2008-12-31,2.9442,3.1283,2.9267,3.0325,2.3388,65361600
2009-01-02,3.0900,3.3850,3.0250,3.3292,2.5676,87174000
2009-01-05,3.2917,3.4283,3.2242,3.3292,2.5676,111709200
2009-01-06,3.4192,3.5083,3.3225,3.4100,2.6300,119607600
2009-01-07,3.2308,3.2808,3.0458,3.1233,2.4089,116395200
2009-01-08,3.0517,3.1550,3.0092,3.1550,2.4333,104341200
2009-01-09,3.1758,3.1858,2.9250,2.9475,2.2733,114417600
2009-01-12,2.9192,2.9283,2.6792,2.7333,2.1081,85770000
2009-01-13,2.7033,2.8083,2.6617,2.7442,2.1164,123522000
2009-01-14,2.6075,2.6225,2.4300,2.4758,1.9095,158102400
2009-01-15,2.4600,2.5767,2.2567,2.5083,1.9346,200223600
2009-01-16,2.6317,2.6417,2.3850,2.5583,1.9731,209690400
2009-01-20,2.4842,2.5050,2.1442,2.1625,1.6678,207566400
2009-01-21,2.2633,2.4350,2.1417,2.4242,1.8696,180774000
2009-01-22,2.2850,2.4217,2.1758,2.3025,1.7758,200959200
2009-01-23,2.1450,2.4150,2.1250,2.3450,1.8086,213451200
2009-01-26,2.3875,2.5367,2.3158,2.3708,1.8285,203494800
2009-01-27,2.4200,2.5075,2.3750,2.4608,1.8979,165728400
2009-01-28,2.6258,2.7525,2.5942,2.6800,2.0669,189104400
2009-01-29,2.5792,2.6042,2.4342,2.4467,1.8870,157486800
2009-01-30,2.4783,2.5100,2.2442,2.2933,1.7687,200570400
2009-02-02,2.1875,2.3183,2.1667,2.2758,1.7552,156507600
2009-02-03,2.3208,2.4133,2.2417,2.3608,1.8208,160300800
2009-02-04,2.4083,2.5000,2.3125,2.3275,1.7951,184461600
2009-02-05,2.2792,2.5008,2.2358,2.4517,1.8908,242638800
2009-02-06,2.4808,2.6875,2.4667,2.6517,2.0451,174416400
2009-02-09,2.6492,2.7300,2.6017,2.6692,2.0586,123003600
2009-02-10,2.5958,2.6675,2.2475,2.2975,1.7719,261804000
2009-02-11,2.3333,2.3750,2.2408,2.3375,1.8028,170080800
2009-02-12,2.2258,2.3583,2.1358,2.3517,1.8137,226532400
2009-02-13,2.3342,2.3942,2.2708,2.2800,1.7584,137535600
2009-02-17,2.0733,2.0933,1.9583,1.9683,1.5181,262568400
2009-02-18,2.0267,2.0300,1.9067,1.9625,1.5136,197564400
2009-02-19,2.0233,2.0475,1.8858,1.8983,1.4641,187294800
2009-02-20,1.7908,1.9375,1.7250,1.8358,1.4159,292909200
2009-02-23,1.9058,1.9233,1.6358,1.6558,1.2771,267398400
2009-02-24,1.6850,1.8575,1.6575,1.8342,1.4146,277934400
2009-02-25,1.8025,1.8942,1.6992,1.7767,1.3703,343731600
2009-02-26,1.8458,1.8858,1.6883,1.6958,1.3079,297150000
2009-02-27,1.5900,1.7000,1.5742,1.5867,1.2237,333808800
2009-03-02,1.4925,1.5200,1.3583,1.3717,1.0579,332221200
2009-03-03,1.4300,1.4300,1.3058,1.3400,1.0335,329433600
2009-03-04,1.4075,1.4983,1.3625,1.4250,1.0990,362257200
2009-03-05,1.3400,1.3875,1.2242,1.2583,0.9705,382197600
2009-03-06,1.2925,1.3483,1.1667,1.2592,0.9711,396495600
2009-03-09,1.2092,1.3258,1.2025,1.2167,0.9384,351142800
2009-03-10,1.3000,1.4408,1.2900,1.4325,1.1048,385700400
2009-03-11,1.4925,1.5333,1.4200,1.4583,1.1247,447939600
2009-03-12,1.4583,1.6492,1.4225,1.6358,1.2616,341392800
2009-03-13,1.6733,1.6950,1.5850,1.6733,1.2906,373284000
2009-03-16,1.7317,1.7917,1.6450,1.6525,1.2745,317324400
2009-03-17,1.6600,1.8083,1.6225,1.8025,1.3902,275514000
2009-03-18,1.7775,1.9958,1.7300,1.9292,1.4879,387838800
2009-03-19,2.0025,2.0042,1.8458,1.8642,1.4377,294087600
2009-03-20,1.8900,1.8983,1.7292,1.7375,1.3400,223050000
2009-03-23,1.8825,2.1208,1.8608,2.1175,1.6331,296656800
2009-03-24,2.0250,2.1225,1.9767,1.9783,1.5308,272170800
2009-03-25,2.0375,2.1450,1.8650,2.0333,1.5733,372982800
2009-03-26,2.1100,2.1850,2.0492,2.1733,1.6817,333250800
2009-03-27,2.0858,2.1242,2.0292,2.0442,1.5817,249626400
2009-03-30,1.9083,1.9092,1.7817,1.8425,1.4257,216735600
2009-03-31,1.9025,2.0008,1.8625,1.8850,1.4586,222627600
2009-04-01,1.8208,2.0292,1.8042,1.9983,1.5463,260770800
2009-04-02,2.1708,2.2683,2.1350,2.1767,1.6843,334137600
2009-04-03,2.1783,2.2500,2.1258,2.2475,1.7391,205558800
2009-04-06,2.1767,2.2117,2.1000,2.1992,1.7017,206715600
2009-04-07,2.0858,2.1225,2.0300,2.0333,1.5733,215980800
2009-04-08,2.0708,2.1333,2.0367,2.1033,1.6275,220068000
2009-04-09,2.2742,2.3558,2.2475,2.3500,1.8184,244622400
2009-04-13,2.2825,2.4175,2.2583,2.3667,1.8313,182120400
2009-04-14,2.2917,2.3625,2.2217,2.2425,1.7352,226063200
2009-04-15,2.1958,2.3183,2.1767,2.3125,1.7894,229102800
2009-04-16,2.3617,2.4700,2.2783,2.4150,1.8687,259408800
2009-04-17,2.4400,2.5108,2.3858,2.4700,1.9112,211032000
2009-04-20,2.3308,2.3425,2.1458,2.1525,1.6656,214047600
2009-04-21,2.1025,2.2833,2.0958,2.2783,1.7629,271872000
2009-04-22,2.2092,2.3892,2.1992,2.2375,1.7313,284221200
2009-04-23,2.2642,2.3083,2.1700,2.3017,1.7810,259046400
2009-04-24,2.3542,2.4625,2.3275,2.4117,1.8661,262822800
2009-04-27,2.3292,2.4442,2.3142,2.3500,1.8184,235772400
2009-04-28,2.2750,2.4067,2.2583,2.3342,1.8061,191420400
2009-04-29,2.3958,2.5533,2.3833,2.4692,1.9106,213756000
2009-04-30,2.5717,2.6208,2.4417,2.4733,1.9138,235899600
2009-05-01,2.4867,2.5492,2.4242,2.5225,1.9519,139549200
2009-05-04,2.5725,2.7758,2.5642,2.7742,2.1466,203774400
2009-05-05,2.7458,2.7892,2.6867,2.7442,2.1234,181232400
2009-05-06,2.8550,2.8908,2.7442,2.8742,2.2240,247142400
2009-05-07,2.9675,2.9800,2.7008,2.7567,2.1330,247902000
2009-05-08,2.8692,2.9733,2.8075,2.9525,2.2846,249042000
2009-05-11,2.8258,2.8683,2.7600,2.7867,2.1563,160106400
2009-05-12,2.8208,2.8417,2.6517,2.7633,2.1382,210037200
2009-05-13,2.6342,2.6617,2.5250,2.5508,1.9738,234828000
2009-05-14,2.5450,2.6625,2.5233,2.6000,2.0118,199932000
2009-05-15,2.6000,2.6558,2.4917,2.5367,1.9628,178242000
2009-05-18,2.6150,2.7683,2.5992,2.7592,2.1350,193011600
2009-05-19,2.7508,2.8325,2.7217,2.7567,2.1330,162718800
2009-05-20,2.8267,2.9142,2.6925,2.7092,2.0963,232425600
2009-05-21,2.6075,2.6417,2.5017,2.5833,1.9989,203521200
2009-05-22,2.6092,2.6533,2.5408,2.5633,1.9834,161150400
2009-05-26,2.5158,2.7892,2.5117,2.7767,2.1485,206808000
2009-05-27,2.7767,2.8108,2.6100,2.6167,2.0247,203434800
2009-05-28,2.6933,2.7592,2.5692,2.7217,2.1060,230176800
2009-05-29,2.7708,2.8750,2.7083,2.8608,2.2136,156828000
2009-06-01,2.9800,3.1250,2.9567,3.0792,2.3826,167692800
2009-06-02,3.0542,3.1508,3.0308,3.1067,2.4039,155802000
2009-06-03,3.0183,3.0300,2.8892,2.9792,2.3052,157880400
2009-06-04,3.0075,3.0675,2.9425,3.0492,2.3594,175689600
2009-06-05,3.1575,3.1700,2.9842,3.0575,2.3658,223023600
2009-06-08,2.9875,3.1050,2.9108,3.0267,2.3420,159536400
2009-06-09,3.0675,3.1200,3.0117,3.0742,2.3787,155650800
2009-06-10,3.1508,3.1542,2.9333,3.0492,2.3594,175136400
2009-06-11,3.0658,3.2092,3.0625,3.0917,2.3923,204170400
2009-06-12,3.0475,3.1125,3.0017,3.1100,2.4064,126085200
2009-06-15,3.0008,3.0025,2.8458,2.8858,2.2330,174684000
2009-06-16,2.9217,2.9333,2.7658,2.7750,2.1472,182605200
2009-06-17,2.7617,2.8317,2.6942,2.7675,2.1414,208708800
2009-06-18,2.7783,2.8575,2.7308,2.8133,2.1769,159696000
2009-06-19,2.8942,2.9092,2.8033,2.8425,2.1995,144078000
2009-06-22,2.7525,2.7650,2.5917,2.5967,2.0092,168792000
2009-06-23,2.6042,2.6342,2.5433,2.5917,2.0126,173306400
2009-06-24,2.6517,2.7375,2.6125,2.6525,2.0598,191844000
2009-06-25,2.6150,2.8367,2.6058,2.8267,2.1951,219787200
2009-06-26,2.7950,2.8492,2.7625,2.8075,2.1802,133370400
2009-06-29,2.8417,2.9008,2.7917,2.8875,2.2423,113755200
2009-06-30,2.8875,2.9233,2.7633,2.8300,2.1977,179834400
2009-07-01,2.8642,2.9417,2.8500,2.8625,2.2229,120717600
2009-07-02,2.7483,2.7492,2.6250,2.6267,2.0398,146991600
2009-07-06,2.5408,2.6267,2.5192,2.6183,2.0333,133627200
2009-07-07,2.6067,2.6183,2.4592,2.4633,1.9129,159948000
2009-07-08,2.5050,2.5242,2.3700,2.4633,1.9129,206892000
2009-07-09,2.5058,2.5333,2.4508,2.4708,1.9188,171753600
2009-07-10,2.4325,2.5008,2.4042,2.4550,1.9065,135909600
2009-07-13,2.4833,2.6333,2.4183,2.6283,2.0411,146958000
2009-07-14,2.6525,2.6842,2.5992,2.6808,2.0819,132357600
2009-07-15,2.7883,2.9325,2.7758,2.9142,2.2631,139839600
2009-07-16,2.8883,3.0333,2.8725,2.9967,2.3271,118136400
2009-07-17,2.9917,3.0150,2.9417,2.9950,2.3258,111025200
2009-07-20,3.0592,3.1083,3.0042,3.0917,2.4009,138030000
2009-07-21,3.1650,3.1725,3.0200,3.1325,2.4326,119028000
2009-07-22,3.0692,3.1933,3.0683,3.1392,2.4378,140370000
2009-07-23,3.1492,3.3917,3.1408,3.3517,2.6028,175532400
2009-07-24,3.2958,3.4000,3.2533,3.3933,2.6352,111655200
2009-07-27,3.3850,3.4392,3.3225,3.4242,2.6591,121465200
2009-07-28,3.3550,3.4292,3.2908,3.4042,2.6436,139650000
2009-07-29,3.3283,3.3775,3.2833,3.3450,2.5976,126027600
2009-07-30,3.4683,3.5700,3.4458,3.4533,2.6818,166808400
2009-07-31,3.4575,3.5333,3.4217,3.4633,2.6895,151978800
2009-08-03,3.5750,3.6483,3.5183,3.6358,2.8235,131858400
2009-08-04,3.5933,3.6942,3.5708,3.6717,2.8513,162132000
2009-08-05,3.6817,3.6917,3.5508,3.6358,2.8235,166682400
2009-08-06,3.6875,3.7100,3.5333,3.5842,2.7834,142646400
2009-08-07,3.6883,3.8142,3.6325,3.7283,2.8953,153865200
2009-08-10,3.6892,3.7325,3.6275,3.6975,2.8714,101360400
2009-08-11,3.6558,3.6667,3.5375,3.5650,2.7685,127894800
2009-08-12,3.5492,3.7642,3.5467,3.6867,2.8630,125985600
2009-08-13,3.7375,3.7717,3.6250,3.7608,2.9205,115600800
2009-08-14,3.7650,3.7717,3.5583,3.6667,2.8474,104617200
2009-08-17,3.4492,3.4683,3.3792,3.3958,2.6371,97530000
2009-08-18,3.4208,3.5158,3.4033,3.4875,2.7083,78616800
2009-08-19,3.3933,3.6067,3.3867,3.5792,2.7795,100122000
2009-08-20,3.5892,3.7058,3.5642,3.6825,2.8597,92176800
2009-08-21,3.7683,3.9125,3.7500,3.8892,3.0202,92438400
2009-08-24,3.9467,4.0042,3.8475,3.8825,3.0150,94820400
2009-08-25,3.9350,4.0192,3.8858,3.9067,3.0338,126572400
2009-08-26,3.8758,3.9633,3.8350,3.9117,3.0377,104142000
2009-08-27,3.8992,3.9708,3.7675,3.9417,3.0610,116272800
2009-08-28,4.0283,4.0492,3.8567,3.9333,3.0545,100240800
2009-08-31,3.8142,3.8417,3.7567,3.8283,2.9730,81829200
2009-09-01,3.7708,3.9200,3.5542,3.5767,2.7775,173712000
2009-09-02,3.5258,3.6008,3.5100,3.5350,2.7452,89448000
2009-09-03,3.5983,3.6392,3.5125,3.6267,2.8164,75825600
2009-09-04,3.6442,3.7833,3.6117,3.7833,2.9380,68756400
2009-09-08,3.8892,3.8950,3.8225,3.8908,3.0215,70411200
2009-09-09,3.9033,4.0225,3.8683,3.9808,3.0914,86215200
2009-09-10,3.9892,4.1142,3.9250,4.1042,3.1872,78838800
2009-09-11,4.1325,4.1758,4.0492,4.1042,3.1872,86341200
2009-09-14,4.0083,4.1917,4.0042,4.1783,3.2448,81573600
2009-09-15,4.1983,4.2842,4.1233,4.2375,3.2907,108459600
2009-09-16,4.2900,4.4375,4.2467,4.4342,3.4434,79426800
2009-09-17,4.4175,4.5758,4.3375,4.4067,3.4221,133173600
2009-09-18,4.4608,4.4700,4.3717,4.4158,3.4292,81897600
2009-09-21,4.3208,4.4167,4.1842,4.3842,3.4046,54210000
2009-09-22,4.4583,4.4908,4.3958,4.4575,3.4691,74361600
2009-09-23,4.4883,4.5650,4.3142,4.3267,3.3673,111838800
2009-09-24,4.3658,4.3875,4.1267,4.1800,3.2532,88407600
2009-09-25,4.1492,4.2183,4.0725,4.1208,3.2071,78145200
2009-09-28,4.1633,4.3625,4.1575,4.3325,3.3719,48109200
2009-09-29,4.3583,4.4233,4.2783,4.3100,3.3543,73011600
2009-09-30,4.3500,4.3600,4.1358,4.2542,3.3109,98480400
2009-10-01,4.2208,4.2300,3.9258,3.9308,3.0592,106536000
2009-10-02,3.8200,3.9467,3.8108,3.8808,3.0203,89538000
2009-10-05,3.9317,4.0817,3.8867,4.0483,3.1507,69171600
2009-10-06,4.1392,4.2958,4.1300,4.2258,3.2888,76896000
2009-10-07,4.1958,4.2692,4.1725,4.2575,3.3135,79050000
2009-10-08,4.3692,4.4317,4.3050,4.3642,3.3965,78579600
2009-10-09,4.3642,4.4408,4.3333,4.4383,3.4542,46399200
2009-10-12,4.5117,4.5533,4.4433,4.4975,3.5003,42571200
2009-10-13,4.4575,4.4900,4.3792,4.4650,3.4750,60387600
2009-10-14,4.6275,4.7075,4.5625,4.6917,3.6514,76630800
2009-10-15,4.6275,4.7392,4.6167,4.7350,3.6851,60434400
2009-10-16,4.6242,4.6833,4.5483,4.6333,3.6060,73185600
2009-10-19,4.6583,4.7942,4.6117,4.7508,3.6974,73150800
2009-10-20,4.7825,4.7825,4.5967,4.6700,3.6345,91654800
2009-10-21,4.6475,4.8083,4.5325,4.5433,3.5359,93099600
2009-10-22,4.5275,4.7167,4.4433,4.6717,3.6358,94479600
2009-10-23,4.7225,4.7275,4.4558,4.5075,3.5081,127652400
2009-10-26,4.5217,4.6683,4.3258,4.3592,3.3926,122566800
2009-10-27,4.3758,4.4167,4.2625,4.2933,3.3414,122426400
2009-10-28,4.2542,4.2967,4.0233,4.0333,3.1390,130334400
2009-10-29,4.1233,4.3125,4.1000,4.2875,3.3368,79713600
2009-10-30,4.2542,4.2825,3.9008,3.9242,3.0541,163779600
2009-11-02,3.9792,4.1250,3.8550,4.0050,3.1170,164173200
2009-11-03,3.9308,4.0667,3.9083,4.0508,3.1526,125739600
2009-11-04,4.1500,4.2433,4.0475,4.0658,3.1643,130326000
2009-11-05,4.1625,4.3108,4.1400,4.3042,3.3498,78327600
2009-11-06,4.2300,4.3742,4.2100,4.3383,3.3764,79237200
2009-11-09,4.4425,4.6358,4.4358,4.6358,3.6079,62114400
2009-11-10,4.6050,4.6817,4.5600,4.6350,3.6073,82910400
2009-11-11,4.7342,4.7992,4.6425,4.7067,3.6631,89554800
2009-11-12,4.6817,4.7658,4.5258,4.5642,3.5522,97922400
2009-11-13,4.5958,4.6958,4.5267,4.6392,3.6105,81452400
2009-11-16,4.7367,4.9050,4.7292,4.8492,3.7740,70759200
2009-11-17,4.8108,4.8675,4.7508,4.8625,3.7843,60363600
2009-11-18,4.8517,4.8733,4.7617,4.8458,3.7714,56280000
2009-11-19,4.7417,4.7525,4.5608,4.6425,3.6131,98540400
2009-11-20,4.0400,4.0958,4.0083,4.0650,3.5827,73640400
2009-11-23,4.2067,4.3000,4.1800,4.2033,3.7046,71452800
2009-11-24,4.2233,4.2358,4.1175,4.2150,3.7149,59002800
2009-11-25,4.2483,4.2850,4.2058,4.2692,3.7627,46106400
2009-11-27,3.9292,4.1500,3.9092,4.0633,3.5812,65482800
2009-11-30,4.0525,4.1192,3.9950,4.1008,3.6143,82401600
2009-12-01,4.2200,4.2967,4.1925,4.2475,3.7436,67971600
2009-12-02,4.2542,4.3483,4.2242,4.2658,3.7597,58404000
2009-12-03,4.3008,4.3692,4.1508,4.1617,3.6679,80853600
2009-12-04,4.3333,4.3900,4.0167,4.2342,3.7318,122559600
2009-12-07,4.2292,4.2942,4.1792,4.2133,3.7134,49426800
2009-12-08,4.1317,4.1542,4.0392,4.0800,3.5959,66080400
2009-12-09,4.0825,4.1442,4.0142,4.1225,3.6334,60139200
2009-12-10,4.2000,4.2475,4.1750,4.1975,3.6995,47019600
2009-12-11,4.2483,4.2775,4.1933,4.2583,3.7531,53821200
2009-12-14,4.3392,4.3600,4.2833,4.3483,3.8324,41520000
2009-12-15,4.3033,4.3583,4.2592,4.2942,3.7847,38721600
2009-12-16,4.3517,4.3892,4.2942,4.3233,3.8104,43034400
2009-12-17,4.2317,4.2567,4.1583,4.1725,3.6775,53840400
2009-12-18,4.2425,4.2475,4.1333,4.2367,3.7340,48298800
2009-12-21,4.3058,4.4083,4.3000,4.3650,3.8471,35182800
2009-12-22,4.3992,4.4408,4.3792,4.4175,3.8993,31441200
2009-12-23,4.4583,4.4692,4.3958,4.4567,3.9339,28054800
2009-12-24,4.4808,4.5317,4.4808,4.5267,3.9957,14533200
2009-12-28,4.5708,4.5783,4.4950,4.5408,4.0082,18194400
2009-12-29,4.5808,4.5808,4.5167,4.5217,3.9913,21056400
2009-12-30,4.4733,4.5275,4.4692,4.5075,3.9788,17800800
2009-12-31,4.5358,4.5392,4.3758,4.3758,3.8626,18962400
2010-01-04,4.4908,4.6075,4.4900,4.6000,4.0604,28238400
2010-01-05,4.5950,4.6458,4.5417,4.6433,4.0987,33206400
2010-01-06,4.6300,4.6858,4.6192,4.6558,4.1097,44194800
2010-01-07,4.6317,4.7258,4.5867,4.7108,4.1583,43773600
2010-01-08,4.6700,4.7667,4.6433,4.7608,4.2024,39685200
2010-01-11,4.8233,4.8342,4.7183,4.7792,4.2186,39402000
2010-01-12,4.6800,4.7067,4.5833,4.6392,4.0950,70981200
2010-01-13,4.6750,4.7958,4.6017,4.7583,4.2002,58323600
2010-01-14,4.7450,4.8200,4.7367,4.7967,4.2340,39696000
2010-01-15,4.7733,4.7900,4.5817,4.6350,4.0913,65668800
2010-01-19,4.6292,4.8083,4.6225,4.8017,4.2385,42022800
2010-01-20,4.7042,4.7100,4.5475,4.6600,4.1134,70280400
2010-01-21,4.6633,4.7108,4.3892,4.4083,3.8913,137617200
2010-01-22,4.3517,4.3958,4.0975,4.1158,3.6331,138201600
2010-01-25,4.2258,4.2425,4.1333,4.1767,3.6868,71208000
2010-01-26,4.1233,4.2508,4.0933,4.1217,3.6382,68493600
2010-01-27,4.1125,4.2017,4.0117,4.1808,3.6904,97148400
2010-01-28,4.2250,4.2250,3.9558,4.0325,3.5595,97756800
2010-01-29,4.0808,4.1658,3.8733,3.8850,3.4293,99787200
2010-02-01,3.9750,4.0742,3.9650,4.0692,3.5919,67242000
2010-02-02,4.1008,4.2467,4.0525,4.2250,3.7294,66903600
2010-02-03,4.1683,4.2275,4.1225,4.1617,3.6735,62972400
2010-02-04,4.0575,4.0642,3.7683,3.7750,3.3322,109621200
2010-02-05,3.7800,3.8167,3.5650,3.7933,3.3484,148866000
2010-02-08,3.7933,3.8642,3.7033,3.7075,3.2726,94868400
2010-02-09,3.8408,3.9450,3.7500,3.8483,3.3969,140008800
2010-02-10,3.8333,3.8925,3.7292,3.8242,3.3756,90757200
2010-02-11,3.8233,3.9658,3.7483,3.9517,3.4882,85040400
2010-02-12,3.8308,3.9525,3.7825,3.9525,3.4889,89464800
2010-02-16,4.0450,4.1542,4.0008,4.1408,3.6551,54260400
2010-02-17,4.1967,4.2208,4.1483,4.2025,3.7096,67672800
2010-02-18,4.1808,4.3025,4.1792,4.2783,3.7765,51837600
2010-02-19,4.2442,4.3542,4.2167,4.3117,3.8059,51297600
2010-02-22,4.3575,4.3600,4.2742,4.3042,3.7993,44547600
2010-02-23,4.2708,4.3058,4.1125,4.1483,3.6617,72362400
2010-02-24,4.1800,4.2733,4.1492,4.2508,3.7522,52680000
2010-02-25,4.0750,4.2508,4.0392,4.2450,3.7471,78308400
2010-02-26,4.2575,4.2900,4.1750,4.2500,3.7515,48735600
2010-03-01,4.3125,4.4033,4.3058,4.3858,3.8714,42188400
2010-03-02,4.4475,4.4933,4.4092,4.4300,3.9104,44275200
2010-03-03,4.4717,4.5250,4.4142,4.4417,3.9207,53859600
2010-03-04,4.4633,4.4967,4.4075,4.4783,3.9530,36088800
2010-03-05,4.5708,4.6808,4.5317,4.6675,4.1200,40521600
2010-03-08,4.6783,4.7058,4.6517,4.6733,4.1252,27522000
2010-03-09,4.6275,4.7658,4.6267,4.6992,4.1480,43633200
2010-03-10,4.7117,4.8017,4.6975,4.7650,4.2061,48385200
2010-03-11,4.7400,4.8275,4.6900,4.8183,4.2532,38838000
2010-03-12,4.8892,4.8950,4.7883,4.8308,4.2642,48924000
2010-03-15,4.8042,4.8400,4.7217,4.8217,4.2561,45910800
2010-03-16,4.8708,4.9617,4.8325,4.9508,4.3701,46935600
2010-03-17,4.9992,5.0900,4.9900,5.0433,4.4518,37910400
2010-03-18,5.0458,5.0650,4.9725,5.0142,4.4260,39668400
2010-03-19,4.9308,5.0708,4.8867,4.9308,4.3525,44769600
2010-03-22,4.8533,5.0558,4.8458,5.0250,4.4356,43524000
2010-03-23,4.9375,5.0292,4.8875,5.0200,4.5358,47023200
2010-03-24,4.9592,5.0083,4.9183,4.9408,4.4643,52588800
2010-03-25,5.0425,5.0983,4.8958,4.9100,4.4364,56316000
2010-03-26,4.9375,5.0075,4.8417,4.9150,4.4409,63303600
2010-03-29,4.9808,5.0250,4.9542,4.9983,4.5162,34329600
2010-03-30,5.0175,5.0667,4.9475,5.0108,4.5275,38167200
2010-03-31,4.9517,5.0325,4.9142,4.9600,4.4816,41473200
2010-04-01,5.0558,5.1175,4.9758,5.0683,4.5795,49788000
2010-04-05,5.1283,5.2108,5.0858,5.2050,4.7030,27745200
2010-04-06,5.1617,5.2725,5.1425,5.2450,4.7391,35377200
2010-04-07,5.2158,5.2475,5.0833,5.1542,4.6570,63921600
2010-04-08,5.0975,5.2258,5.0492,5.2025,4.7007,44210400
2010-04-09,5.2375,5.3100,5.2042,5.3000,4.7888,35521200
2010-04-12,5.3242,5.3708,5.3058,5.3367,4.8219,32072400
2010-04-13,5.3208,5.3708,5.2350,5.3450,4.8295,31603200
2010-04-14,5.4067,5.5283,5.3808,5.5250,4.9921,30331200
2010-04-15,5.5000,5.5775,5.4942,5.5458,5.0109,29269200
2010-04-16,5.4917,5.5158,5.2008,5.2867,4.7768,90853200
2010-04-19,5.2383,5.3425,5.1550,5.3300,4.8159,56596800
2010-04-20,5.4317,5.4875,5.3775,5.4758,4.9477,36062400
2010-04-21,5.4867,5.5250,5.3683,5.4608,4.9341,44731200
2010-04-22,5.3400,5.5358,5.2500,5.5125,4.9808,59278800
2010-04-23,5.5083,5.6367,5.4658,5.6233,5.0809,49657200
2010-04-26,5.6400,5.6750,5.5508,5.5675,5.0305,42423600
2010-04-27,5.4750,5.5625,5.1450,5.1717,4.6728,90979200
2010-04-28,5.2583,5.3233,5.1458,5.2808,4.7715,89214000
2010-04-29,5.3833,5.5167,5.3750,5.4800,4.9514,42943200
2010-04-30,5.4875,5.5042,5.2017,5.2100,4.7075,66883200
2010-05-03,5.2758,5.4458,5.2550,5.4067,4.8852,40921200
2010-05-04,5.2208,5.2258,4.9408,5.0217,4.5373,67262400
2010-05-05,4.8808,5.0517,4.8083,4.9158,4.4417,65911200
2010-05-06,4.8458,4.9425,3.4667,4.4217,3.9952,129265200
2010-05-07,4.3750,4.5225,4.0225,4.2025,3.7972,100494000
2010-05-10,4.7375,4.8225,4.6317,4.7683,4.3084,79014000
2010-05-11,4.6383,4.9217,4.6108,4.7392,4.2821,72963600
2010-05-12,4.8017,4.9658,4.7750,4.9458,4.4688,45466800
2010-05-13,4.9150,4.9850,4.7525,4.7725,4.3122,50678400
2010-05-14,4.6583,4.6875,4.3792,4.5067,4.0720,85371600
2010-05-17,4.5425,4.5867,4.2500,4.5150,4.0795,70009200
2010-05-18,4.6258,4.6667,4.2808,4.3317,3.9139,87229200
2010-05-19,4.2550,4.3725,4.0833,4.2475,3.8378,104214000
2010-05-20,3.9842,4.0283,3.7533,3.7608,3.3981,162824400
2010-05-21,3.5867,3.9558,3.5600,3.9117,3.5344,135914400
2010-05-24,3.8700,3.9575,3.7658,3.7750,3.4109,76162800
2010-05-25,3.5000,3.7892,3.4225,3.7817,3.4169,80966400
2010-05-26,3.8650,3.9700,3.6925,3.7267,3.3672,85789200
2010-05-27,3.9425,4.1133,3.8983,4.1000,3.7045,58806000
2010-05-28,4.0883,4.0950,3.8933,3.9650,3.5826,73153200
2010-06-01,3.8392,4.0133,3.7275,3.7383,3.3778,72601200
2010-06-02,3.8033,4.0350,3.7500,4.0317,3.6428,53204400
2010-06-03,4.0825,4.1200,3.9642,4.0858,3.6917,49161600
2010-06-04,3.8542,3.9375,3.6167,3.6692,3.3153,79070400
2010-06-07,3.6950,3.7358,3.5017,3.5092,3.1707,57530400
2010-06-08,3.5183,3.6275,3.4167,3.6083,3.2603,94893600
2010-06-09,3.6758,3.7883,3.5183,3.5567,3.2136,72370800
2010-06-10,3.7417,3.8833,3.7250,3.8758,3.5020,56421600
2010-06-11,3.7708,3.9433,3.7592,3.9300,3.5509,41620800
2010-06-14,4.0325,4.0983,3.9117,3.9217,3.5434,47994000
2010-06-15,4.0058,4.2025,3.9867,4.1858,3.7821,42567600
2010-06-16,4.1283,4.2358,4.0975,4.1792,3.7761,50440800
2010-06-17,4.2233,4.2250,4.0725,4.1908,3.7866,63685200
2010-06-18,4.2133,4.2475,4.1625,4.2025,3.7972,36188400
2010-06-21,4.3592,4.3700,4.0917,4.1533,3.7527,56272800
2010-06-22,4.1558,4.2125,3.9283,3.9442,3.5678,62646000
2010-06-23,3.9542,3.9958,3.8233,3.9050,3.5324,60920400
2010-06-24,3.8542,3.8667,3.6842,3.7092,3.3552,64449600
2010-06-25,3.7367,3.8142,3.6442,3.7600,3.4012,73022400
2010-06-28,3.7742,3.8042,3.6792,3.7142,3.3598,38508000
2010-06-29,3.5650,3.5683,3.3017,3.3683,3.0469,91196400
2010-06-30,3.3425,3.4408,3.2433,3.2583,2.9474,69840000
2010-07-01,3.2692,3.2992,3.0692,3.2292,2.9210,100200000
2010-07-02,3.2592,3.2900,3.1200,3.1767,2.8736,71796000
2010-07-06,3.3100,3.3783,3.1358,3.2233,2.9158,65976000
2010-07-07,3.2467,3.5433,3.2400,3.5333,3.1962,54277200
2010-07-08,3.6250,3.6667,3.5175,3.6342,3.2874,55112400
2010-07-09,3.6367,3.7250,3.6167,3.7208,3.3658,47355600
2010-07-12,3.6892,3.7592,3.6367,3.7233,3.3681,40822800
2010-07-13,3.8417,3.9467,3.8233,3.9017,3.5294,53217600
2010-07-14,3.8692,3.9450,3.8183,3.8967,3.5249,37082400
2010-07-15,3.8942,3.9383,3.7383,3.9050,3.5324,60340800
2010-07-16,3.8383,3.8458,3.5542,3.5750,3.2339,60516000
2010-07-19,3.6150,3.6708,3.5267,3.6417,3.2942,38925600
2010-07-20,3.4917,3.7767,3.4833,3.7667,3.4073,49574400
2010-07-21,3.8267,3.8308,3.5742,3.6183,3.2731,62870400
2010-07-22,3.7492,3.9058,3.7475,3.8600,3.4917,40190400
2010-07-23,3.8350,3.9817,3.8042,3.9700,3.5912,42493200
2010-07-26,3.9875,4.1108,3.9550,4.1008,3.7095,37852800
2010-07-27,4.1667,4.1792,4.0400,4.0842,3.6945,39218400
2010-07-28,4.0600,4.0975,3.9592,4.0025,3.6206,37102800
2010-07-29,4.0783,4.1042,3.8425,3.9417,3.5656,51758400
2010-07-30,3.8175,4.0042,3.7975,3.9500,3.5731,37359600
2010-08-02,4.1342,4.2442,4.0833,4.2025,3.8015,36231600
2010-08-03,4.1758,4.2092,4.1017,4.1433,3.7480,31233600
2010-08-04,4.1800,4.2483,4.1417,4.2325,3.8286,31260000
2010-08-05,4.1550,4.2258,4.1342,4.2208,3.8181,25328400
2010-08-06,4.0933,4.1942,4.0083,4.1683,3.7706,38065200
2010-08-09,4.2342,4.2592,4.1633,4.2392,3.8347,20134800
2010-08-10,4.1325,4.2275,4.0525,4.1558,3.7593,42063600
2010-08-11,3.9633,3.9633,3.7942,3.8100,3.4465,47680800
2010-08-12,3.6383,3.7842,3.6333,3.7458,3.3884,37207200
2010-08-13,3.7050,3.7767,3.6983,3.7042,3.3507,34147200
2010-08-16,3.6333,3.7425,3.5958,3.7058,3.3522,35426400
2010-08-17,3.8042,3.9283,3.7725,3.8458,3.4789,44095200
2010-08-18,3.8433,3.9342,3.7767,3.8733,3.5037,41824800
2010-08-19,3.8117,3.8433,3.6275,3.6742,3.3236,55251600
2010-08-20,3.6383,3.6558,3.5567,3.6392,3.2919,42684000
2010-08-23,3.6917,3.7458,3.5892,3.5942,3.2512,46245600
2010-08-24,3.4700,3.5183,3.3725,3.4358,3.1080,53014800
2010-08-25,3.3708,3.5108,3.3042,3.4717,3.1404,51841200
2010-08-26,3.5250,3.5383,3.3708,3.4042,3.0793,48879600
2010-08-27,3.4650,3.5767,3.3142,3.5650,3.2248,61564800
2010-08-30,3.5367,3.5733,3.4100,3.4108,3.0854,47550000
2010-08-31,3.3692,3.4750,3.3292,3.4275,3.1005,49580400
2010-09-01,3.5508,3.7283,3.5433,3.7142,3.3598,45638400
2010-09-02,3.7383,3.8267,3.7183,3.8225,3.4578,31700400
2010-09-03,3.9408,3.9892,3.8783,3.9717,3.5927,37790400
2010-09-07,3.9142,3.9325,3.8283,3.8417,3.4751,33942000
2010-09-08,3.8592,3.9625,3.8550,3.9150,3.5414,32110800
2010-09-09,4.0483,4.0542,3.9350,3.9658,3.5874,25590000
2010-09-10,3.9875,4.0400,3.9642,4.0267,3.6424,25532400
2010-09-13,4.1433,4.1867,4.1042,4.1658,3.7683,37706400
2010-09-14,4.1400,4.2300,4.0942,4.1600,3.7631,37848000
2010-09-15,4.1233,4.2217,4.0858,4.2067,3.8053,28318800
2010-09-16,4.1650,4.2117,4.1317,4.2033,3.8023,27724800
2010-09-17,4.2675,4.2775,4.1725,4.2083,3.8068,29958000
2010-09-20,4.2550,4.4292,4.2242,4.4017,3.9817,24872400
2010-09-21,4.4183,4.4725,4.3242,4.3758,3.9583,50521200
2010-09-22,4.3458,4.4167,4.2617,4.2992,3.8965,29373600
2010-09-23,4.1867,4.3300,4.1625,4.1958,3.8029,34352400
2010-09-24,4.3367,4.4633,4.3267,4.4467,4.0302,25610400
2010-09-27,4.4650,4.4775,4.3858,4.4000,3.9879,22155600
2010-09-28,4.4192,4.4867,4.2725,4.4550,4.0378,49814400
2010-09-29,4.4158,4.4792,4.3758,4.4250,4.0106,36463200
2010-09-30,4.5017,4.5808,4.3317,4.3958,3.9841,49293600
2010-10-01,4.4875,4.5058,4.3700,4.4458,4.0294,38605200
2010-10-04,4.4292,4.4725,4.2792,4.3458,3.9388,28527600
2010-10-05,4.4667,4.6358,4.4475,4.6050,4.1737,31062000
2010-10-06,4.6042,4.6367,4.5408,4.5958,4.1654,23876400
2010-10-07,4.6567,4.6592,4.4975,4.5808,4.1518,26488800
2010-10-08,4.5942,4.7000,4.5492,4.6617,4.2251,27525600
2010-10-11,4.6858,4.7150,4.6342,4.6800,4.2417,16532400
2010-10-12,4.6342,4.7625,4.5533,4.7267,4.2840,29330400
2010-10-13,4.8083,4.9075,4.7700,4.8283,4.3761,19452000
2010-10-14,4.8217,4.8442,4.6883,4.7833,4.3353,29485200
2010-10-15,4.8767,4.8825,4.6950,4.8042,4.3542,27841200
2010-10-18,4.8092,4.9117,4.7817,4.8342,4.3814,15804000
2010-10-19,4.7308,4.8125,4.5858,4.6708,4.2334,37636800
2010-10-20,4.7050,4.8767,4.6875,4.8092,4.3587,25963200
2010-10-21,4.8767,4.9575,4.7267,4.8408,4.3875,37836000
2010-10-22,4.8592,4.8908,4.8258,4.8758,4.4192,15234000
2010-10-25,4.9658,5.0492,4.9125,4.9242,4.4630,22051200
2010-10-26,4.8492,4.9450,4.8150,4.9225,4.4615,16182000
2010-10-27,4.8183,4.9033,4.7525,4.8900,4.4320,23532000
2010-10-28,4.9733,4.9817,4.8233,4.8950,4.4365,20245200
2010-10-29,4.8725,4.9342,4.8575,4.9133,4.4532,17666400
2010-11-01,4.9808,5.0650,4.8308,4.9133,4.4532,21316800
2010-11-02,5.0233,5.0650,4.9792,5.0300,4.5589,15842400
2010-11-03,5.0592,5.0975,4.9025,5.0942,4.6171,25878000
2010-11-04,5.2450,5.3858,5.2400,5.3675,4.8648,22269600
2010-11-05,5.3925,5.4683,5.3708,5.4433,4.9335,23643600
2010-11-08,5.3933,5.4367,5.3392,5.4192,4.9116,12212400
2010-11-09,5.4625,5.4800,5.2317,5.2925,4.7968,22017600
2010-11-10,5.2842,5.3700,5.1750,5.3633,4.8610,14200800
2010-11-11,5.2292,5.3383,5.1842,5.3200,4.8217,15766800
2010-11-12,5.2100,5.2742,5.0467,5.1133,4.6344,22506000
2010-11-15,5.1625,5.2292,5.0933,5.0933,4.6163,20818800
2010-11-16,5.0042,5.0283,4.7842,4.8542,4.3995,36133200
2010-11-17,4.8700,4.9317,4.8250,4.8750,4.4184,19288800
2010-11-18,5.0133,5.1383,5.0133,5.0900,4.6133,24543600
2010-11-19,5.0792,5.1400,5.0000,5.1333,4.6526,13808400
2010-11-22,5.0667,5.1375,4.9550,5.1333,4.6526,21766800
2010-11-23,4.9575,4.9825,4.8558,4.9075,4.4479,29283600
2010-11-24,5.0067,5.1425,5.0033,5.1392,4.6578,14347200
2010-11-26,5.0142,5.0917,4.9792,4.9792,4.5128,6696000
2010-11-29,4.9300,5.0442,4.8292,5.0067,4.5378,23293200
2010-11-30,4.8608,5.0025,4.8358,4.9125,4.4524,19250400
2010-12-01,5.1225,5.2558,5.1225,5.2242,4.7349,22958400
2010-12-02,5.2467,5.4375,5.2450,5.4283,4.9199,21811200
2010-12-03,5.3750,5.4975,5.3650,5.4783,4.9652,15642000
2010-12-06,5.4517,5.5000,5.4267,5.4633,4.9516,10306800
2010-12-07,5.6275,5.6342,5.4617,5.4708,4.9584,17996400
2010-12-08,5.4917,5.5450,5.4117,5.5158,4.9992,14798400
2010-12-09,5.6058,5.6158,5.5000,5.5758,5.0536,9627600
2010-12-10,5.6250,5.6917,5.5733,5.6750,5.1435,9651600
2010-12-13,5.7592,5.7667,5.6758,5.6817,5.1495,9380400
2010-12-14,5.7008,5.7708,5.6500,5.6958,5.1624,10982400
2010-12-15,5.6667,5.7408,5.5933,5.6183,5.0921,14084400
2010-12-16,5.6267,5.7283,5.5650,5.7142,5.1790,14613600
2010-12-17,5.7142,5.7683,5.6817,5.7517,5.2130,8481600
2010-12-20,5.7908,5.8267,5.7033,5.7817,5.2402,9219600
2010-12-21,5.8333,5.9100,5.8233,5.8975,5.3452,10626000
2010-12-22,5.9142,5.9617,5.9025,5.9500,5.3927,8198400
2010-12-23,5.9317,5.9542,5.8858,5.9250,5.3701,8319600
2010-12-27,5.8633,5.9450,5.8467,5.9300,5.3746,5630400
2010-12-28,5.9717,5.9733,5.9058,5.9450,5.3882,5232000
2010-12-29,5.9775,6.0083,5.9633,5.9725,5.4131,5784000
2010-12-30,5.9608,5.9967,5.9250,5.9508,5.3935,7772400
2010-12-31,5.9233,5.9667,5.8933,5.9583,5.4003,5966400
2011-01-03,6.0825,6.2067,6.0750,6.1275,5.5536,15336000
2011-01-04,6.1767,6.1792,5.9867,6.0975,5.5264,13239600
2011-01-05,6.0500,6.2083,6.0308,6.1917,5.6118,14179200
2011-01-06,6.2083,6.2292,6.1125,6.1600,5.5831,11323200
2011-01-07,6.1917,6.2242,5.9850,6.1300,5.5559,16960800
2011-01-10,6.0433,6.1458,5.9917,6.1150,5.5423,9441600
2011-01-11,6.1875,6.2267,6.1150,6.1833,5.6042,12766800
2011-01-12,6.3017,6.3642,6.2625,6.3550,5.7598,9703200
2011-01-13,6.3425,6.3700,6.2750,6.3275,5.7349,8310000
2011-01-14,6.2942,6.4583,6.2825,6.4442,5.8406,11208000
2011-01-18,6.4450,6.5100,6.4175,6.5025,5.8935,11287200
2011-01-19,6.4883,6.4967,6.2467,6.2933,5.7039,13868400
2011-01-20,6.2500,6.2975,6.1183,6.2533,5.6677,11586000
2011-01-21,6.3550,6.4058,6.2642,6.2942,5.7047,7990800
2011-01-24,6.2758,6.4217,6.2708,6.4008,5.8013,7172400
2011-01-25,6.3558,6.4117,6.2550,6.4050,5.8051,15638400
2011-01-26,6.4592,6.5475,6.4208,6.4975,5.8890,11451600
2011-01-27,6.5067,6.5833,6.4700,6.5517,5.9381,10396800
2011-01-28,6.5758,6.6025,6.1817,6.2117,5.6299,21056400
2011-01-31,6.2650,6.3700,6.2175,6.3483,5.7538,15157200
2011-02-01,6.4667,6.6817,6.4592,6.6458,6.0234,17382000
2011-02-02,6.6033,6.6717,6.5850,6.6108,5.9917,8742000
2011-02-03,6.5833,6.6875,6.4742,6.6592,6.0355,11728800
2011-02-04,6.6708,6.7225,6.5800,6.7108,6.0823,10027200
2011-02-07,6.7650,6.9108,6.7625,6.8475,6.2062,9831600
2011-02-08,6.8692,6.9467,6.8075,6.9367,6.2870,7790400
2011-02-09,6.8917,6.9467,6.7925,6.8967,6.2507,10884000
2011-02-10,6.7867,6.9267,6.7433,6.9083,6.2613,9261600
2011-02-11,6.8300,7.0600,6.8250,7.0392,6.3799,15388800
2011-02-14,7.0258,7.1075,7.0100,7.0925,6.4282,10832400
2011-02-15,7.0308,7.0583,6.9708,7.0242,6.3663,7975200
2011-02-16,7.0950,7.1842,7.0583,7.1558,6.4856,11973600
2011-02-17,7.1042,7.2500,7.0850,7.2267,6.5498,9907200
2011-02-18,7.2375,7.2883,7.1808,7.2558,6.5763,7836000
2011-02-22,7.0317,7.1458,6.7533,6.8067,6.1692,21571200
2011-02-23,6.8008,6.8483,6.5292,6.6758,6.0506,15822000
2011-02-24,6.6483,6.7367,6.4658,6.6600,6.0362,21230400
2011-02-25,6.7400,6.8925,6.7283,6.8800,6.2356,13113600
2011-02-28,6.9667,7.0392,6.8875,7.0125,6.3557,15357600
2011-03-01,7.0833,7.0958,6.6525,6.6592,6.0355,23127600
2011-03-02,6.6242,6.7958,6.6117,6.6933,6.0665,15442800
2011-03-03,6.8875,7.0717,6.8825,7.0392,6.3799,19180800
2011-03-04,7.0408,7.0567,6.7633,6.8958,6.2500,28984800
2011-03-07,6.9583,7.0000,6.6117,6.7192,6.0899,16789200
2011-03-08,6.7617,6.9583,6.6633,6.8950,6.2492,17228400
2011-03-09,6.8475,6.9267,6.7433,6.8650,6.2220,19587600
2011-03-10,6.6467,6.6492,6.4642,6.4892,5.8814,25024800
2011-03-11,6.4133,6.6817,6.4125,6.6108,5.9917,15356400
2011-03-14,6.4850,6.5642,6.3483,6.4975,5.8890,21320400
2011-03-15,5.9917,6.3967,5.9600,6.2942,5.7047,28333200
2011-03-16,6.2300,6.2958,5.8200,5.9558,5.3980,41353200
2011-03-17,6.2000,6.2475,6.0658,6.1525,5.5763,22156800
2011-03-18,6.3850,6.3950,6.1958,6.2367,5.6526,23245200
2011-03-21,6.4533,6.5625,6.4400,6.5233,5.9124,16153200
2011-03-22,6.5217,6.5508,6.4375,6.4533,5.8489,16443600
2011-03-23,6.3958,6.5592,6.3075,6.5083,5.8988,12088800
2011-03-24,6.6133,6.7267,6.5050,6.7008,6.0732,16778400
2011-03-25,6.7583,6.8592,6.7083,6.7667,6.1329,16087200
2011-03-28,6.8133,6.8633,6.7108,6.7175,6.0884,9057600
2011-03-29,6.6983,6.8550,6.6317,6.8542,6.2122,12357600
2011-03-30,6.9575,7.0583,6.9325,7.0075,6.3512,12403200
2011-03-31,6.9833,7.0392,6.9583,6.9875,6.3331,9019200
2011-04-01,7.1117,7.1667,7.0267,7.0750,6.4124,12213600
2011-04-04,7.1275,7.1592,7.0375,7.0958,6.4313,9080400
2011-04-05,7.0542,7.1958,7.0500,7.0958,6.4313,9904800
2011-04-06,7.1950,7.2217,7.0733,7.1517,6.4819,9038400
2011-04-07,7.1175,7.1992,6.9933,7.0950,6.4305,11648400
2011-04-08,7.1742,7.1983,6.9267,7.0108,6.3542,9889200
2011-04-11,7.0458,7.1058,6.8900,6.9475,6.2968,10888800
2011-04-12,6.8308,6.8683,6.7108,6.7842,6.1488,19225200
2011-04-13,6.8833,6.9000,6.7125,6.7917,6.1556,13984800
2011-04-14,6.6742,6.8350,6.6125,6.8092,6.1714,10696800
2011-04-15,6.8425,6.9358,6.7825,6.8858,6.2409,14944800
2011-04-18,6.6525,6.6917,6.4900,6.6475,6.0249,21690000
2011-04-19,6.6867,6.7700,6.6325,6.7517,6.1193,17607600
2011-04-20,6.9983,7.0925,6.9983,7.0558,6.3950,16110000
2011-04-21,7.1450,7.1667,7.0833,7.1575,6.4871,9032400
2011-04-25,7.1517,7.1742,7.0708,7.1425,6.4735,8326800
2011-04-26,7.2117,7.3692,7.1867,7.3233,6.6374,9565200
2011-04-27,7.3717,7.4950,7.2742,7.4633,6.7643,9602400
2011-04-28,7.4342,7.5692,7.4258,7.5358,6.8300,12918000
2011-04-29,7.5467,7.6167,7.5175,7.6008,6.8890,8976000
2011-05-02,7.7058,7.7208,7.5108,7.5542,6.8467,10220400
2011-05-03,7.5025,7.5450,7.3342,7.4467,6.7492,12174000
2011-05-04,7.4542,7.4542,7.1975,7.2933,6.6103,13485600
2011-05-05,7.1783,7.3267,7.0200,7.1183,6.4516,18632400
2011-05-06,7.3242,7.4358,7.1267,7.2033,6.5287,17847600
2011-05-09,7.2133,7.3667,7.1833,7.3075,6.6231,8986800
2011-05-10,7.3783,7.5375,7.3550,7.5017,6.7991,11820000
2011-05-11,7.4708,7.4750,7.1592,7.2625,6.5823,19417200
2011-05-12,7.2125,7.4042,7.0867,7.3642,6.6745,14400000
2011-05-13,7.3725,7.3950,7.1117,7.1783,6.5060,13810800
2011-05-16,7.1092,7.2767,7.0075,7.0442,6.3844,12715200
2011-05-17,6.9617,7.0558,6.8583,7.0242,6.3663,17752800
2011-05-18,7.0392,7.2458,6.9925,7.2283,6.5513,11592000
2011-05-19,7.2967,7.3350,7.1542,7.2658,6.5853,13902000
2011-05-20,7.2233,7.2492,7.0583,7.1100,6.4441,12919200
2011-05-23,6.8417,6.9175,6.7808,6.8458,6.2047,18416400
2011-05-24,6.9092,6.9567,6.7900,6.8325,6.1926,12444000
2011-05-25,6.7500,6.9892,6.7475,6.9067,6.2598,16561200
2011-05-26,6.8492,7.0458,6.8183,7.0100,6.3535,13185600
2011-05-27,7.0708,7.1542,7.0508,7.0975,6.4328,11781600
2011-05-31,7.2900,7.3167,7.1458,7.3167,6.6314,13755600
2011-06-01,7.2583,7.2692,6.8092,6.8275,6.1881,26522400
2011-06-02,6.8383,6.8917,6.6892,6.8050,6.1677,12970800
2011-06-03,6.5667,6.7517,6.5492,6.5992,5.9811,14660400
2011-06-06,6.5592,6.5858,6.3550,6.3750,5.7779,17934000
2011-06-07,6.4683,6.5292,6.3617,6.3683,5.7719,12573600
2011-06-08,6.3492,6.3983,6.2500,6.2808,5.6926,21044400
2011-06-09,6.3317,6.4917,6.2850,6.4117,5.8112,12996000
2011-06-10,6.3325,6.3458,6.0983,6.1408,5.5657,19465200
2011-06-13,6.1808,6.2333,6.0542,6.1467,5.5710,11220000
2011-06-14,6.3142,6.4458,6.3067,6.3808,5.7832,12528000
2011-06-15,6.2233,6.2867,6.0008,6.0508,5.4841,18382800
2011-06-16,6.0625,6.1758,5.9358,6.0758,5.5068,15596400
2011-06-17,6.2558,6.2575,6.0683,6.1258,5.5521,12894000
2011-06-20,6.0750,6.2575,6.0675,6.2250,5.6420,10174800
2011-06-21,6.3233,6.5250,6.2983,6.4867,5.8791,16641600
2011-06-22,6.4283,6.5442,6.3650,6.3742,5.7772,11616000
2011-06-23,6.1517,6.3375,6.0158,6.3250,5.7326,20224800
2011-06-24,6.3317,6.3425,6.0850,6.1158,5.5430,14014800
2011-06-27,6.1267,6.3317,6.0817,6.2600,5.6737,9319200
2011-06-28,6.3367,6.5150,6.3142,6.5117,5.9018,12219600
2011-06-29,6.5958,6.7175,6.5275,6.6858,6.0597,17418000
2011-06-30,6.7475,6.9017,6.7250,6.8742,6.2303,14382000
2011-07-01,6.8850,7.2000,6.8408,7.1692,6.4977,15760800
2011-07-05,7.1558,7.2100,7.0958,7.1600,6.4894,11524800
2011-07-06,7.1092,7.2242,7.0533,7.1958,6.5219,13176000
2011-07-07,7.3892,7.4750,7.3475,7.4275,6.7319,11244000
2011-07-08,7.1683,7.2717,7.0958,7.2700,6.5891,15460800
2011-07-11,7.0033,7.0683,6.8092,6.8658,6.2228,21625200
2011-07-12,6.8092,6.9717,6.7592,6.7675,6.1337,20124000
2011-07-13,6.8717,7.0500,6.7917,6.8333,6.1933,17727600
2011-07-14,6.8883,6.9850,6.6442,6.6900,6.0634,25340400
2011-07-15,6.7958,6.8317,6.6625,6.8083,6.1707,19026000
2011-07-18,6.7175,6.7392,6.4775,6.6183,5.9985,24120000
2011-07-19,6.7333,6.9700,6.7292,6.9500,6.2991,16382400
2011-07-20,7.0042,7.0267,6.8933,6.9333,6.2840,13586400
2011-07-21,7.0542,7.2617,7.0058,7.2125,6.5370,22999200
2011-07-22,7.2108,7.2608,7.1042,7.2383,6.5604,14442000
2011-07-25,7.0275,7.2175,7.0042,7.1100,6.4441,12319200
2011-07-26,7.1008,7.1233,6.9775,7.0275,6.3693,15853200
2011-07-27,6.9142,6.9150,6.5508,6.5825,5.9660,25171200
2011-07-28,6.5875,6.7525,6.4833,6.5075,5.8980,24495600
2011-07-29,6.3150,6.5625,6.2217,6.3925,5.7938,34669200
2011-08-01,6.6217,6.8258,6.1250,6.3033,5.7130,39793200
2011-08-02,6.1658,6.2758,5.8058,5.8083,5.2643,43264800
2011-08-03,5.8367,5.9183,5.5183,5.9042,5.3512,47070000
2011-08-04,5.6600,5.6742,5.0158,5.0333,4.5619,56443200
2011-08-05,5.2217,5.2608,4.5800,4.9633,4.4985,72712800
2011-08-08,4.5883,4.7342,3.9483,3.9850,3.6118,88406400
2011-08-09,4.1767,4.5558,3.7817,4.5558,4.1291,83222400
2011-08-10,4.2642,4.4075,3.9200,3.9442,3.5748,81435600
2011-08-11,4.0608,4.6667,4.0133,4.4983,4.0770,76117200
2011-08-12,4.6267,4.7092,4.4875,4.5933,4.1631,61723200
2011-08-15,4.7150,4.9050,4.7000,4.8908,4.4328,36991200
2011-08-16,4.7500,4.8942,4.6025,4.7525,4.3074,54420000
2011-08-17,4.8325,4.9425,4.6392,4.7508,4.3059,41816400
2011-08-18,4.3850,4.3900,3.9867,4.1242,3.7379,53354400
2011-08-19,3.9592,4.2658,3.8958,3.9142,3.5476,44486400
2011-08-22,4.1700,4.1750,3.8783,3.9133,3.5468,46683600
2011-08-23,3.9558,4.3125,3.8925,4.3042,3.9010,47911200
2011-08-24,4.2750,4.5025,4.2425,4.4833,4.0634,46254000
2011-08-25,4.5608,4.6367,4.2250,4.2692,3.8693,51700800
2011-08-26,4.1983,4.5283,4.0033,4.4792,4.0597,50733600
2011-08-29,4.6483,4.8833,4.6417,4.8700,4.4139,29001600
2011-08-30,4.8117,5.0092,4.7067,4.9058,4.4464,41655600
2011-08-31,5.0167,5.1467,4.8708,4.9942,4.5264,48398400
2011-09-01,4.9908,5.1292,4.8000,4.8233,4.3716,44793600
2011-09-02,4.5167,4.5950,4.3908,4.4433,4.0272,38329200
2011-09-06,4.0567,4.3625,4.0500,4.3475,3.9403,50906400
2011-09-07,4.5458,4.7292,4.5033,4.7083,4.2674,31575600
2011-09-08,4.6400,4.8008,4.5400,4.5725,4.1442,40579200
2011-09-09,4.4183,4.4717,4.1350,4.2100,3.8157,46026000
2011-09-12,4.0458,4.2967,4.0042,4.2900,3.8882,52429200
2011-09-13,4.3275,4.4642,4.2408,4.4150,4.0015,49196400
2011-09-14,4.4900,4.7625,4.3017,4.6042,4.1730,51801600
2011-09-15,4.7517,4.8408,4.6233,4.8400,4.3867,39694800
2011-09-16,4.8917,4.9683,4.7708,4.9092,4.4494,33806400
2011-09-19,4.6650,4.8392,4.5658,4.7650,4.3187,39620400
2011-09-20,4.8275,4.9600,4.7225,4.7317,4.2885,37627200
2011-09-21,4.7292,4.7758,4.2917,4.2950,3.8927,64922400
2011-09-22,3.9283,4.0375,3.7133,3.8792,3.5159,70525200
2011-09-23,3.8108,4.0150,3.7992,3.9542,3.5838,44407200
2011-09-26,4.0717,4.2408,3.8792,4.2233,3.8278,57792000
2011-09-27,4.4667,4.5983,4.2983,4.3742,3.9645,58254000
2011-09-28,4.4033,4.4733,4.0708,4.0833,3.7009,33201600
2011-09-29,4.3025,4.3525,3.9525,4.1767,3.7855,62367600
2011-09-30,4.0017,4.1108,3.8567,3.8642,3.5023,49004400
2011-10-03,3.7925,3.9458,3.5033,3.5108,3.1820,61560000
2011-10-04,3.3708,3.7717,3.2700,3.7517,3.4003,105518400
2011-10-05,3.7783,3.9983,3.6758,3.9667,3.5952,71014800
2011-10-06,3.9583,4.2083,3.8742,4.1958,3.8029,56544000
2011-10-07,4.2600,4.2725,4.0283,4.0875,3.7047,47214000
2011-10-10,4.3100,4.5108,4.2833,4.5050,4.0831,27985200
2011-10-11,4.4350,4.5658,4.4100,4.5200,4.0967,21837600
2011-10-12,4.6200,4.8017,4.5975,4.6458,4.2107,31983600
2011-10-13,4.5725,4.6667,4.4542,4.6233,4.1903,28080000
2011-10-14,4.7925,4.8667,4.7042,4.8608,4.4056,23740800
2011-10-17,4.8042,4.8175,4.5433,4.5667,4.1390,23984400
2011-10-18,4.5683,4.9500,4.4542,4.8508,4.3965,32799600
2011-10-19,4.8317,4.9083,4.6242,4.6575,4.2213,26361600
2011-10-20,4.6992,4.7767,4.5100,4.7333,4.2900,24826800
2011-10-21,4.9092,5.0183,4.8542,4.9917,4.5242,26978400
2011-10-24,5.0258,5.2475,5.0142,5.2208,4.7319,25074000
2011-10-25,5.1367,5.1442,4.8733,4.9100,4.4501,24036000
2011-10-26,5.0800,5.1100,4.7983,5.0525,4.5793,24990000
2011-10-27,5.4658,5.6867,5.3375,5.5792,5.0566,36159600
2011-10-28,5.4975,5.6125,5.4775,5.5767,5.0544,16480800
2011-10-31,5.3900,5.4108,5.1683,5.1683,4.6843,17040000
2011-11-01,4.7450,4.9283,4.6817,4.7492,4.3044,33924000
2011-11-02,4.9475,5.0283,4.8333,4.9725,4.5068,25490400
2011-11-03,5.1583,5.2800,4.9250,5.2475,4.7560,27016800
2011-11-04,5.1225,5.1975,4.9742,5.1725,4.6881,19509600
2011-11-07,5.1658,5.2625,5.0017,5.2500,4.7583,14806800
2011-11-08,5.3325,5.4642,5.1742,5.4492,4.9388,22998000
2011-11-09,5.0625,5.1358,4.8108,4.8400,4.3867,43312800
2011-11-10,5.0342,5.0475,4.8133,4.9533,4.4894,23128800
2011-11-11,5.1492,5.2858,5.1342,5.2408,4.7500,23091600
2011-11-14,5.1875,5.2175,5.0375,5.1092,4.6307,19956000
2011-11-15,5.0667,5.2625,5.0092,5.1825,4.6971,19945200
2011-11-16,5.0242,5.2158,4.9175,4.9392,4.4766,30177600
2011-11-17,4.9042,4.9467,4.5983,4.6933,4.2538,40179600
2011-11-18,4.7383,4.7700,4.6192,4.6725,4.2349,28208400
2011-11-21,4.4675,4.4908,4.3000,4.4175,4.0038,39374400
2011-11-22,4.3883,4.4625,4.2883,4.3608,3.9524,31190400
2011-11-23,4.2408,4.2517,4.0658,4.0658,3.6850,37113600
2011-11-25,4.0350,4.1833,4.0350,4.0425,3.6639,15164400
2011-11-28,4.3842,4.4475,4.3067,4.3933,3.9819,26708400
2011-11-29,4.4367,4.5183,4.3833,4.4258,4.0113,31952400
2011-11-30,4.8133,5.0017,4.7867,4.9783,4.5121,45720000
2011-12-01,4.9550,5.0608,4.9158,4.9775,4.5113,23124000
2011-12-02,5.1142,5.1667,4.9567,4.9750,4.5091,26841600
2011-12-05,5.1983,5.2483,5.0417,5.1258,4.6458,25603200
2011-12-06,5.1217,5.2283,5.0692,5.1308,4.6503,22510800
2011-12-07,5.0650,5.2375,4.9625,5.1708,4.6865,38666400
2011-12-08,5.0725,5.1075,4.7917,4.8350,4.3822,38332800
2011-12-09,4.8975,5.1150,4.8817,5.0783,4.6027,27199200
2011-12-12,4.9417,4.9417,4.7283,4.8517,4.3973,30230400
2011-12-13,4.9325,5.0092,4.6308,4.6992,4.2591,32126400
2011-12-14,4.6325,4.6900,4.5133,4.5383,4.1133,30356400
2011-12-15,4.6933,4.7058,4.5683,4.5983,4.1677,25378800
2011-12-16,4.6958,4.7758,4.5917,4.6225,4.1896,25257600
2011-12-19,4.6667,4.7150,4.4408,4.4708,4.0521,20001600
2011-12-20,4.6875,4.8992,4.6767,4.8717,4.4154,30589200
2011-12-21,4.8683,4.9300,4.7325,4.9092,4.4494,24160800
2011-12-22,4.9650,5.0617,4.9350,5.0500,4.5770,25196400
2011-12-23,5.1042,5.1725,5.0550,5.1658,4.6820,14340000
2011-12-27,5.1325,5.2258,5.1250,5.1758,4.6911,10466400
2011-12-28,5.1833,5.1875,4.9625,4.9875,4.5204,16612800
2011-12-29,5.0250,5.1425,5.0050,5.1258,4.6458,19434000
2011-12-30,5.1058,5.1558,5.0650,5.0700,4.5952,11559600
2012-01-03,5.3333,5.4008,5.2775,5.2950,4.7991,23260800
2012-01-04,5.2608,5.3250,5.1875,5.3050,4.8081,19708800
2012-01-05,5.2283,5.3833,5.1475,5.3667,4.8640,24488400
2012-01-06,5.3800,5.3925,5.2708,5.3300,4.8308,20624400
2012-01-09,5.3625,5.3892,5.2875,5.3592,4.8572,10701600
2012-01-10,5.5400,5.5733,5.4892,5.5150,4.9985,11743200
2012-01-11,5.4583,5.5508,5.4383,5.5383,5.0196,10377600
2012-01-12,5.5783,5.5950,5.4417,5.5700,5.0483,20396400
2012-01-13,5.4533,5.4992,5.3408,5.4992,4.9841,27244800
2012-01-17,5.6417,5.6667,5.5083,5.5392,5.0204,13574400
2012-01-18,5.5383,5.7458,5.5092,5.7325,5.1956,13240800
2012-01-19,5.7942,5.8517,5.7475,5.8283,5.2825,12278400
2012-01-20,5.7975,5.8358,5.7608,5.8333,5.2870,9370800
2012-01-23,5.8317,5.9358,5.7600,5.8442,5.2968,19124400
2012-01-24,5.7333,5.8400,5.7083,5.8392,5.2923,7798800
2012-01-25,5.8083,6.0333,5.7525,5.9967,5.4350,17991600
2012-01-26,6.0767,6.1142,5.8300,5.8950,5.3429,19418400
2012-01-27,5.8025,5.9350,5.7983,5.8983,5.3459,8565600
2012-01-30,5.7392,5.8558,5.6675,5.8408,5.2938,10156800
2012-01-31,5.9217,5.9533,5.7500,5.8233,5.2779,15530400
2012-02-01,5.9542,6.0833,5.9417,5.9967,5.4350,16501200
2012-02-02,6.0400,6.0825,5.9692,6.0342,5.4690,11760000
2012-02-03,6.2233,6.3025,6.1867,6.2917,5.7024,17925600
2012-02-06,6.2058,6.2892,6.1917,6.2817,5.6933,9988800
2012-02-07,6.2475,6.3567,6.1683,6.3300,5.7371,12403200
2012-02-08,6.3400,6.3925,6.2542,6.3733,5.7764,12632400
2012-02-09,6.4133,6.4350,6.2883,6.4042,5.8044,16430400
2012-02-10,6.2308,6.2783,6.1842,6.2633,5.6767,15049200
2012-02-13,6.3950,6.4183,6.3117,6.3925,5.7938,11510400
2012-02-14,6.3442,6.3875,6.2483,6.3783,5.7810,15753600
2012-02-15,6.4458,6.4708,6.2558,6.2875,5.6986,19021200
2012-02-16,6.2925,6.5258,6.2750,6.5042,5.8950,11224800
2012-02-17,6.5792,6.5833,6.4917,6.5400,5.9275,8208000
2012-02-21,6.5883,6.6367,6.4900,6.5458,5.9328,9343200
2012-02-22,6.5125,6.5608,6.4500,6.4775,5.8708,8635200
2012-02-23,6.4800,6.5883,6.4075,6.5783,5.9622,12114000
2012-02-24,6.6225,6.6608,6.5800,6.6150,5.9955,7984800
2012-02-27,6.5000,6.7000,6.4450,6.6442,6.0219,10944000
2012-02-28,6.6550,6.7167,6.6100,6.6975,6.0702,9765600
2012-02-29,6.7242,6.7867,6.5717,6.5808,5.9645,10321200
2012-03-01,6.6592,6.7600,6.6308,6.7167,6.0876,11517600
2012-03-02,6.7108,6.7375,6.6050,6.6542,6.0310,10132800
2012-03-05,6.6083,6.6292,6.4917,6.5650,5.9501,7558800
2012-03-06,6.3558,6.3633,6.2083,6.2542,5.6684,15643200
2012-03-07,6.3108,6.4308,6.2917,6.3967,5.7976,7814400
2012-03-08,6.5217,6.6342,6.4767,6.5925,5.9751,7905600
2012-03-09,6.6392,6.7325,6.6075,6.6792,6.0536,6812400
2012-03-12,6.6858,6.7083,6.6042,6.6625,6.0385,4150800
2012-03-13,6.7808,7.0400,6.7475,7.0350,6.3761,13549200
2012-03-14,7.0450,7.0883,6.9400,7.0033,6.3474,6802800
2012-03-15,7.0408,7.1367,6.9792,7.1150,6.4486,9010800
2012-03-16,7.1717,7.1783,7.1083,7.1608,6.4902,8433600
2012-03-19,7.1342,7.3017,7.1208,7.2342,6.5566,9237600
2012-03-20,7.1050,7.1842,7.0375,7.1575,6.4871,10712400
2012-03-21,7.1775,7.1942,7.0842,7.1317,6.4637,8652000
2012-03-22,6.9783,7.0250,6.8975,6.9675,6.3149,13342800
2012-03-23,6.9858,7.0650,6.8667,7.0400,6.3806,11572800
2012-03-26,7.1850,7.3283,7.1850,7.3258,6.6397,10947600
2012-03-27,7.3525,7.3667,7.2483,7.2617,6.5816,9888000
2012-03-28,7.2500,7.2817,7.0225,7.1492,6.4796,11620800
2012-03-29,7.0225,7.1458,6.9367,7.1208,6.4539,13125600
2012-03-30,7.2342,7.2417,7.0883,7.1817,6.5090,7884000
2012-04-02,7.1817,7.4142,7.1342,7.3517,6.6631,11688000
2012-04-03,7.3233,7.3692,7.1475,7.2858,6.6035,14676000
2012-04-04,7.1083,7.1258,6.9750,7.0575,6.3965,15806400
2012-04-05,6.9858,7.1000,6.9617,7.0308,6.3723,9534000
2012-04-09,6.7675,6.8767,6.7358,6.7950,6.1586,10657200
2012-04-10,6.7592,6.8133,6.4192,6.4383,5.8353,21163200
2012-04-11,6.6425,6.6750,6.5667,6.5867,5.9698,14298000
2012-04-12,6.6217,6.8850,6.6058,6.8683,6.2251,14290800
2012-04-13,6.8183,6.8225,6.6150,6.6292,6.0083,15357600
2012-04-16,6.7275,6.7583,6.5383,6.6017,5.9834,12098400
2012-04-17,6.7375,6.9442,6.7117,6.8975,6.2515,9441600
2012-04-18,6.8217,6.9025,6.8000,6.8325,6.1926,9956400
2012-04-19,6.8392,6.9300,6.6225,6.7175,6.0884,15042000
2012-04-20,6.8108,6.8725,6.7367,6.7375,6.1065,8282400
2012-04-23,6.5342,6.5825,6.4342,6.5642,5.9494,13197600
2012-04-24,6.5925,6.6892,6.5650,6.6350,6.0136,10956000
2012-04-25,6.8167,6.9225,6.8167,6.9200,6.2719,10164000
2012-04-26,6.8717,7.0900,6.8567,7.0583,6.3973,11768400
2012-04-27,7.1242,7.1625,7.0100,7.1008,6.4358,10170000
2012-04-30,7.0575,7.0742,6.9650,7.0067,6.3504,6356400
2012-05-01,7.0192,7.2892,6.9892,7.1400,6.4713,6487200
2012-05-02,7.0192,7.1125,6.9517,7.0917,6.4275,7030800
2012-05-03,7.1000,7.1050,6.8725,6.9142,6.2666,9312000
2012-05-04,6.8025,6.8092,6.5592,6.5775,5.9615,12248400
2012-05-07,6.4975,6.6508,6.4942,6.5933,5.9758,8424000
2012-05-08,6.4717,6.5392,6.2642,6.5092,5.8995,11107200
2012-05-09,6.2967,6.5175,6.2083,6.3967,5.7976,13142400
2012-05-10,6.5392,6.5508,6.3942,6.4358,5.8331,8890800
2012-05-11,6.3092,6.5583,6.3033,6.3742,5.7772,7975200
2012-05-14,6.2058,6.3000,6.1383,6.1758,5.5974,12610800
2012-05-15,6.1517,6.2633,6.0275,6.0642,5.4962,16068000
2012-05-16,6.1442,6.2217,5.9833,5.9925,5.4313,15049200
2012-05-17,5.9958,6.0067,5.6833,5.6958,5.1624,18037200
2012-05-18,5.7675,5.7883,5.5117,5.5358,5.0174,13870800
2012-05-21,5.5908,5.8425,5.5592,5.8358,5.2893,10126800
2012-05-22,5.8775,6.0050,5.7583,5.8625,5.3134,12411600
2012-05-23,5.7433,5.9092,5.5725,5.8850,5.3338,16800000
2012-05-24,5.9358,5.9608,5.7658,5.9167,5.3625,14038800
2012-05-25,5.9075,5.9542,5.8233,5.8575,5.3089,8892000
2012-05-29,6.0008,6.1067,5.9500,6.0708,5.5023,13465200
2012-05-30,5.9158,5.9233,5.7650,5.8033,5.2598,11776800
2012-05-31,5.8017,5.8833,5.6017,5.7625,5.2228,16076400
2012-06-01,5.4792,5.5300,5.3142,5.3225,4.8240,17872800
2012-06-04,5.3375,5.3875,5.1667,5.2925,4.7968,16398000
2012-06-05,5.2542,5.4442,5.2542,5.4175,4.9101,11833200
2012-06-06,5.5333,5.7917,5.5267,5.7858,5.2439,12883200
2012-06-07,5.9742,6.0083,5.7517,5.7842,5.2424,14035200
2012-06-08,5.7433,5.9267,5.6783,5.9208,5.3663,8828400
2012-06-11,6.0758,6.0833,5.6667,5.6892,5.1563,13381200
2012-06-12,5.7350,5.8850,5.6517,5.8792,5.3285,12625200
2012-06-13,5.8175,5.9242,5.6925,5.7508,5.2122,9422400
2012-06-14,5.7917,5.9917,5.7367,5.9258,5.3708,12553200
2012-06-15,6.0017,6.1150,5.9650,6.0875,5.5174,11575200
2012-06-18,6.0225,6.1942,5.9908,6.1558,5.5793,12716400
2012-06-19,6.2567,6.4075,6.2250,6.3325,5.7394,9776400
2012-06-20,6.3308,6.3958,6.1692,6.3050,5.7145,14730000
2012-06-21,6.3242,6.3392,5.8642,5.8825,5.3316,11828400
2012-06-22,5.9675,6.0367,5.8942,5.9967,5.4350,7998000
2012-06-25,5.8108,5.8308,5.6458,5.7067,5.1722,9306000
2012-06-26,5.7533,5.8542,5.6625,5.8025,5.2591,11019600
2012-06-27,5.8625,5.9875,5.8408,5.9575,5.3995,7185600
2012-06-28,5.8300,5.9292,5.7083,5.9083,5.3550,8966400
2012-06-29,6.2250,6.3583,6.1808,6.3475,5.7530,5563200
2012-07-02,6.4042,6.4225,6.2667,6.3967,5.7976,5299200
2012-07-03,6.4058,6.5383,6.3825,6.5283,5.9169,3943200
2012-07-05,6.4542,6.5258,6.3692,6.4392,5.8361,3296400
2012-07-06,6.2550,6.2967,6.1667,6.2650,5.6782,5143200
2012-07-09,6.2475,6.2625,6.1500,6.2375,5.6533,4748400
2012-07-10,6.3275,6.3583,6.0083,6.0725,5.5038,8064000
2012-07-11,6.0800,6.1292,5.9683,6.0733,5.5045,11403600
2012-07-12,5.9650,6.0600,5.8600,5.9917,5.4305,9254400
2012-07-13,6.0292,6.3000,6.0250,6.2758,5.6881,7542000
2012-07-16,6.2325,6.2942,6.1667,6.2383,5.6541,5434800
2012-07-17,6.3133,6.4025,6.1167,6.3633,5.7674,9842400
2012-07-18,6.3217,6.5417,6.3108,6.5033,5.8942,6025200
2012-07-19,6.5500,6.6200,6.4842,6.5608,5.9464,8710800
2012-07-20,6.4458,6.4700,6.3567,6.3750,5.7779,7609200
2012-07-23,6.0942,6.2333,6.0092,6.1867,5.6072,8131200
2012-07-24,6.2008,6.2033,5.9008,6.0317,5.4668,10555200
2012-07-25,6.0667,6.1067,5.9300,6.0208,5.4569,8098800
2012-07-26,6.2900,6.3617,6.2033,6.3158,5.7243,9445200
2012-07-27,6.4217,6.7258,6.3917,6.6742,6.0491,11628000
2012-07-30,6.6483,6.7642,6.6100,6.6692,6.0445,6237600
2012-07-31,6.6425,6.6967,6.5417,6.5458,5.9328,7092000
2012-08-01,6.6708,6.6733,6.4892,6.5225,5.9116,22868400
2012-08-02,6.3592,6.5083,6.2358,6.3800,5.7825,11732400
2012-08-03,6.6500,6.7950,6.6375,6.7533,6.1208,10500000
2012-08-06,6.8092,6.8742,6.7875,6.7942,6.1578,5474400
2012-08-07,6.8800,6.9817,6.8758,6.8908,6.2455,6432000
2012-08-08,6.8317,6.9433,6.8217,6.9125,6.2651,8164800
2012-08-09,6.8867,6.9792,6.8700,6.9333,6.2840,6223200
2012-08-10,6.8575,6.9775,6.8192,6.9675,6.3149,6543600
2012-08-13,6.9367,6.9708,6.8525,6.9558,6.3044,7688400
2012-08-14,7.0375,7.0508,6.9025,6.9650,6.3127,8353200
2012-08-15,6.9433,7.0233,6.9308,6.9825,6.3285,6267600
2012-08-16,7.0142,7.1667,6.9667,7.1400,6.4713,9019200
2012-08-17,7.1775,7.1850,7.1208,7.1658,6.4947,7825200
2012-08-20,7.1383,7.1725,7.0808,7.1692,6.4977,6124800
2012-08-21,7.2208,7.3017,7.0592,7.1042,6.4388,8667600
2012-08-22,7.0500,7.1433,7.0000,7.1042,6.4388,10146000
2012-08-23,7.0600,7.0617,6.9058,6.9433,6.2930,9544800
2012-08-24,6.8842,7.1058,6.8742,7.0617,6.4003,8530800
2012-08-27,7.1208,7.1442,7.0367,7.0650,6.4033,7930800
2012-08-28,7.0092,7.1092,6.9858,7.0500,6.3897,7726800
2012-08-29,7.0625,7.1175,7.0067,7.0625,6.4010,6266400
2012-08-30,6.9642,6.9708,6.8608,6.9058,6.2590,7704000
2012-08-31,7.0258,7.1008,6.8867,6.9833,6.3293,9835200
2012-09-04,6.9883,7.0475,6.8492,6.9700,6.3172,8530800
2012-09-05,6.9942,7.0417,6.9267,6.9617,6.3097,7149600
2012-09-06,7.0867,7.3892,7.0867,7.3825,6.6911,9955200
2012-09-07,7.4242,7.4783,7.4058,7.4783,6.7779,6426000
2012-09-10,7.4542,7.4900,7.3408,7.3500,6.6616,4386000
2012-09-11,7.3667,7.4792,7.3575,7.4133,6.7190,5784000
2012-09-12,7.4817,7.5075,7.4050,7.4750,6.7749,6883200
2012-09-13,7.4808,7.8950,7.4475,7.8333,7.0997,15946800
2012-09-14,7.8700,8.0692,7.8533,7.9325,7.1896,17302800
2012-09-17,7.8800,7.9208,7.7892,7.8533,7.1178,6691200
2012-09-18,7.8142,7.8583,7.7700,7.8283,7.0951,6073200
2012-09-19,7.8542,7.9142,7.7925,7.8442,7.1095,6078000
2012-09-20,7.7317,7.8542,7.6708,7.8367,7.1027,9292800
2012-09-21,7.9558,7.9608,7.8233,7.8258,7.0929,8558400
2012-09-24,7.7158,7.8450,7.6958,7.7942,7.0642,9325200
2012-09-25,7.8425,7.8850,7.5392,7.5617,6.8535,10605600
2012-09-26,7.5425,7.5433,7.3650,7.4208,6.7258,12507600
2012-09-27,7.5125,7.6750,7.4550,7.6300,6.9154,8102400
2012-09-28,7.5383,7.6100,7.4408,7.5183,6.8142,17718000
2012-10-01,7.6050,7.7858,7.5267,7.5667,6.8580,15244800
2012-10-02,7.6675,7.7000,7.4950,7.6008,6.8890,9662400
2012-10-03,7.6600,7.7442,7.5408,7.6892,6.9690,8552400
2012-10-04,7.7833,7.8833,7.7492,7.8683,7.1314,6703200
2012-10-05,7.9800,8.0208,7.7892,7.8533,7.1178,6657600
2012-10-08,7.7658,7.8158,7.7258,7.7758,7.0476,3967200
2012-10-09,7.7600,7.7775,7.5383,7.5475,6.8406,6397200
2012-10-10,7.5467,7.5583,7.3742,7.4067,6.7130,6561600
2012-10-11,7.5575,7.5883,7.4133,7.4133,6.7190,6951600
2012-10-12,7.4233,7.5000,7.2925,7.3342,6.6473,6474000
2012-10-15,7.3933,7.5417,7.3250,7.5175,6.8134,6519600
2012-10-16,7.6267,7.7658,7.6125,7.7500,7.0242,5925600
2012-10-17,7.7708,7.8742,7.7300,7.8508,7.1155,7185600
2012-10-18,7.7950,7.9050,7.7175,7.7958,7.0657,8878800
2012-10-19,7.7467,7.7467,7.3508,7.4008,6.7077,8950800
2012-10-22,7.3675,7.4442,7.2292,7.4058,6.7122,8800800
2012-10-23,7.1675,7.1917,7.0058,7.0900,6.4260,11016000
2012-10-24,7.1742,7.1975,7.0025,7.0383,6.3791,8469600
2012-10-25,7.1875,7.2233,6.9708,7.1017,6.4365,12286800
2012-10-26,7.0783,7.1567,6.9400,7.0825,6.4192,9554400
2012-10-31,7.1625,7.1833,6.9833,7.0517,6.3912,5445600
2012-11-01,7.1317,7.3283,7.1083,7.3075,6.6231,6121200
2012-11-02,7.4300,7.4333,7.0875,7.1000,6.4350,7904400
2012-11-05,7.0725,7.1942,7.0142,7.1508,6.4811,4681200
2012-11-06,7.2142,7.4017,7.1958,7.3158,6.6306,7273200
2012-11-07,7.1183,7.1208,6.7183,6.8117,6.1737,15523200
2012-11-08,6.8167,6.9192,6.5558,6.5558,5.9418,11400000
2012-11-09,6.5108,6.7683,6.5008,6.5750,5.9592,10020000
2012-11-12,6.6525,6.6783,6.5625,6.6033,5.9849,4633200
2012-11-13,6.4958,6.7400,6.4742,6.5358,5.9237,7148400
2012-11-14,6.5983,6.6233,6.2267,6.2967,5.7069,10341600
2012-11-15,6.2717,6.3458,6.1642,6.2333,5.6495,10068000
2012-11-16,6.2642,6.3625,6.1050,6.3158,5.7243,11762400
2012-11-19,6.5417,6.7108,6.5317,6.7108,6.0823,10732800
2012-11-20,6.6817,6.7525,6.5617,6.7308,6.1004,10521600
2012-11-21,6.7400,6.7733,6.6983,6.7692,6.1352,5337600
2012-11-23,6.8600,7.0358,6.8433,7.0125,6.3557,5185200
2012-11-26,6.9258,7.0017,6.8625,6.9983,6.3429,7293600
2012-11-27,6.9608,7.0333,6.8675,6.8917,6.2462,8364000
2012-11-28,6.7958,7.0558,6.6875,7.0450,6.3852,12213600
2012-11-29,7.1258,7.2033,7.0317,7.1475,6.4781,9114000
2012-11-30,7.1483,7.1875,7.0775,7.1275,6.4600,5964000
2012-12-03,7.2433,7.2625,7.0233,7.0442,6.3844,7410000
2012-12-04,7.0392,7.1000,6.9517,7.0050,6.3489,8482800
2012-12-05,7.0308,7.1417,6.8775,7.0375,6.3784,8344800
2012-12-06,7.0258,7.1242,6.9983,7.1217,6.4547,6726000
2012-12-07,7.2008,7.2225,7.0700,7.1725,6.5007,9136800
2012-12-10,7.1500,7.2417,7.1425,7.1933,6.5196,6475200
2012-12-11,7.2842,7.4375,7.2692,7.3242,6.6382,7930800
2012-12-12,7.4250,7.5075,7.3208,7.3467,6.6586,9618000
2012-12-13,7.3350,7.3975,7.1583,7.2167,6.5408,6392400
2012-12-14,7.1633,7.2042,7.0983,7.1183,6.4516,5061600
2012-12-17,7.1892,7.3933,7.1842,7.3858,6.6941,9217200
2012-12-18,7.4192,7.6500,7.3850,7.6275,6.9131,13076400
2012-12-19,7.6600,7.6633,7.4533,7.4533,6.7553,9442800
2012-12-20,7.4750,7.5875,7.4108,7.5817,6.8716,9198000
2012-12-21,7.2533,7.4258,7.2450,7.3875,6.6956,14835600
2012-12-24,7.3325,7.3417,7.2867,7.3058,6.6216,5690400
2012-12-26,7.3575,7.3642,7.1575,7.2125,6.5370,6444000
2012-12-27,7.2250,7.2617,6.9383,7.1850,6.5121,9996000
2012-12-28,7.0525,7.1642,6.9350,6.9358,6.2862,7423200
2012-12-31,6.9008,7.3258,6.8800,7.3042,6.6201,15788400
2013-01-02,7.7275,7.8642,7.6625,7.8608,7.1246,13586400
2013-01-03,7.8475,7.9117,7.7483,7.8225,7.0899,8916000
2013-01-04,7.8442,7.9517,7.8025,7.9225,7.1805,6972000
2013-01-07,7.8267,7.8700,7.7608,7.8342,7.1004,5488800
2013-01-08,7.8033,7.8375,7.6917,7.7875,7.0581,6898800
2013-01-09,7.8375,7.8992,7.7950,7.8400,7.1057,6055200
2013-01-10,7.9750,8.0267,7.8450,8.0233,7.2719,5521200
2013-01-11,8.0208,8.0325,7.9492,8.0308,7.2787,6086400
2013-01-14,7.9942,8.0192,7.9167,8.0017,7.2522,4747200
2013-01-15,7.8958,8.0417,7.8792,8.0100,7.2598,4554000
2013-01-16,7.9750,8.0517,7.9467,8.0133,7.2628,5179200
2013-01-17,8.1250,8.2400,8.0792,8.1675,7.4025,8246400
2013-01-18,8.1700,8.2483,8.0767,8.2250,7.4547,5376000
2013-01-22,8.2258,8.3542,8.1692,8.3525,7.5702,5754000
2013-01-23,8.3625,8.4175,8.3158,8.3958,7.6095,4609200
2013-01-24,8.3567,8.5267,8.3358,8.4008,7.6140,8370000
2013-01-25,8.4850,8.5417,8.4142,8.5358,7.7364,6726000
2013-01-28,8.5533,8.5533,8.4217,8.5125,7.7152,4348800
2013-01-29,8.4675,8.6425,8.4508,8.6175,7.8104,5545200
2013-01-30,8.6092,8.6600,8.4892,8.5175,7.7198,8107200
2013-01-31,8.4792,8.5575,8.4300,8.4467,7.6556,6103200
2013-02-01,8.6042,8.7350,8.5625,8.7058,7.8905,7562400
2013-02-04,8.5467,8.5925,8.3983,8.4200,7.6314,6824400
2013-02-05,8.5583,8.7408,8.5417,8.6650,7.8535,6936000
2013-02-06,8.5783,8.7033,8.5608,8.6900,7.8761,5599200
2013-02-07,8.6933,8.7167,8.4642,8.6583,7.8474,5928000
2013-02-08,8.7000,8.8092,8.6967,8.7917,7.9683,4688400
2013-02-11,8.7892,8.8108,8.7250,8.7875,7.9645,4231200
2013-02-12,8.7917,8.8792,8.7617,8.8350,8.0075,5203200
2013-02-13,8.8883,8.9350,8.7783,8.8542,8.0249,3920400
2013-02-14,8.7700,8.9108,8.7433,8.8817,8.0498,3390000
2013-02-15,8.9033,8.9292,8.7500,8.8417,8.0136,4564800
2013-02-19,8.8883,9.0442,8.8883,9.0292,8.1835,3420000
2013-02-20,9.0217,9.0325,8.6983,8.7017,7.8867,5316000
2013-02-21,8.6283,8.6325,8.4583,8.5375,7.7379,7512000
2013-02-22,8.6642,8.7933,8.6017,8.7933,7.9698,6162000
2013-02-25,8.9242,8.9533,8.2950,8.2983,7.5211,8290800
2013-02-26,8.4067,8.4875,8.2458,8.4600,7.6677,6901200
2013-02-27,8.4450,8.8508,8.4208,8.7733,7.9516,7502400
2013-02-28,8.7783,8.9392,8.7000,8.7000,7.8852,6222000
2013-03-01,8.6358,8.8500,8.5158,8.8183,7.9924,7041600
2013-03-04,8.7508,8.9492,8.7133,8.9492,8.1110,4765200
2013-03-05,9.0850,9.2658,9.0850,9.1967,8.3353,6762000
2013-03-06,9.2950,9.2992,9.1742,9.2358,8.3708,6070800
2013-03-07,9.2683,9.3175,9.2417,9.2850,8.4154,2670000
2013-03-08,9.4042,9.4367,9.2617,9.4042,8.5234,7255200
2013-03-11,9.3833,9.5083,9.3458,9.4992,8.6095,3630000
2013-03-12,9.4883,9.5167,9.3567,9.4467,8.5619,8630400
2013-03-13,9.4600,9.5208,9.3642,9.4758,8.5883,7592400
2013-03-14,9.5525,9.6417,9.5425,9.6333,8.7311,6496800
2013-03-15,9.5992,9.6317,9.5000,9.5950,8.6963,6586800
2013-03-18,9.3200,9.5575,9.2925,9.4308,8.5476,7956000
2013-03-19,9.4950,9.5275,9.1867,9.3775,8.4992,11726400
2013-03-20,9.5325,9.6133,9.4867,9.5542,8.6593,6926400
2013-03-21,9.3917,9.4917,9.2717,9.3225,8.4494,9889200
2013-03-22,9.4025,9.5350,9.3858,9.5283,8.6359,7125600
2013-03-25,9.6200,9.6667,9.3242,9.4383,8.5544,9177600
2013-03-26,9.5433,9.6525,9.5092,9.6425,8.7394,5844000
2013-03-27,9.4725,9.6533,9.4267,9.6417,8.7386,8599200
2013-03-28,9.6325,9.7642,9.5850,9.6992,8.7908,7928400
2013-04-01,9.7200,9.7792,9.5483,9.6208,8.7198,6032400
2013-04-02,9.7250,9.8300,9.6750,9.7550,8.8414,4052400
2013-04-03,9.7800,9.7925,9.3850,9.4400,8.5559,5455600
2013-04-04,9.4950,9.6275,9.4375,9.5725,8.6760,2979600
2013-04-05,9.2250,9.4750,9.1875,9.4475,8.5627,4606400
2013-04-08,9.4675,9.6375,9.3725,9.6375,8.7349,3545600
2013-04-09,9.6900,9.8375,9.5950,9.7175,8.8074,3929600
2013-04-10,9.8150,10.1225,9.8050,10.0975,9.1518,4164800
2013-04-11,10.1050,10.2875,10.0725,10.1925,9.2379,3612800
2013-04-12,10.0850,10.1575,9.9475,10.1150,9.1677,4759600
2013-04-15,9.9575,9.9825,9.4125,9.4300,8.5468,7358400
2013-04-16,9.6275,9.8425,9.5550,9.8250,8.9048,4720800
2013-04-17,9.6200,9.6200,9.2450,9.3775,8.4992,6433600
2013-04-18,9.4400,9.4500,9.1150,9.2300,8.3655,4934400
2013-04-19,9.2875,9.4700,9.2175,9.4450,8.5604,4045600
2013-04-22,9.5075,9.6475,9.3225,9.5725,8.6760,4337200
2013-04-23,9.7325,9.9000,9.5875,9.8900,8.9637,4980000
2013-04-24,9.8850,9.9750,9.8300,9.9150,8.9864,3147600
2013-04-25,9.9750,10.1550,9.9375,10.0275,9.0883,3620800
2013-04-26,9.9825,10.0300,9.8650,9.9850,9.0498,2917600
2013-04-29,10.0450,10.2300,10.0000,10.1675,9.2152,4088400
2013-04-30,10.1625,10.2425,10.0300,10.2350,9.2764,3910800
2013-05-01,10.1675,10.1800,9.9275,9.9725,9.0385,5025200
2013-05-02,10.0425,10.2625,10.0150,10.2325,9.2741,3539600
2013-05-03,10.5075,10.6475,10.4900,10.5325,9.5461,5336000
2013-05-06,10.5750,10.6750,10.5600,10.6375,9.6412,2822400
2013-05-07,10.7000,10.7975,10.6125,10.7850,9.7749,2216800
2013-05-08,10.7625,10.9475,10.7425,10.9450,9.9199,2529600
2013-05-09,10.9225,11.0075,10.7600,10.8475,9.8315,3724400
2013-05-10,10.8725,10.9600,10.7700,10.9575,9.9312,2814800
2013-05-13,10.9050,11.0250,10.8350,10.9800,9.9516,2467200
2013-05-14,10.9950,11.3375,10.9950,11.3250,10.2643,2983600
2013-05-15,11.2725,11.5625,11.2525,11.4875,10.4116,3564400
2013-05-16,11.4300,11.5475,11.2875,11.3425,10.2802,3909600
2013-05-17,11.4575,11.6800,11.4175,11.6625,10.5702,4243600
2013-05-20,11.6350,11.7975,11.5925,11.6600,10.5679,4353200
2013-05-21,11.6950,11.8425,11.5725,11.7050,10.6087,5312800
2013-05-22,11.7575,12.1100,11.2850,11.4625,10.3889,10788400
2013-05-23,11.0825,11.4375,11.0350,11.3600,10.2960,5365200
2013-05-24,11.1450,11.3200,11.0475,11.3200,10.2598,3883200
2013-05-28,11.6900,11.8250,11.4225,11.5250,10.4456,5689200
2013-05-29,11.3325,11.4125,11.1150,11.3075,10.2485,5440000
2013-05-30,11.3150,11.5725,11.3000,11.4175,10.3482,3346800
2013-05-31,11.3150,11.5075,10.8800,10.9375,9.9131,5643600
2013-06-03,11.0000,11.1250,10.7625,11.0950,10.0559,7573600
2013-06-04,11.1150,11.2525,10.7750,10.9525,9.9267,7122400
2013-06-05,10.8450,10.9125,10.4550,10.4750,9.4939,9662800
2013-06-06,10.4625,10.7650,10.2850,10.7650,9.7568,6877200
2013-06-07,10.9875,11.1975,10.8500,11.1600,10.1148,6889200
2013-06-10,11.2775,11.2950,11.0850,11.1750,10.1284,3951600
2013-06-11,10.8600,11.1175,10.7625,10.8375,9.8225,9634400
2013-06-12,11.0525,11.0825,10.5275,10.5675,9.5778,12120800
2013-06-13,10.5400,11.0925,10.4725,11.0325,9.9992,9780800
2013-06-14,11.0025,11.1275,10.7750,10.8250,9.8112,9806800
2013-06-17,11.0550,11.2325,10.9075,11.0900,10.0513,11212400
2013-06-18,11.1100,11.3925,11.1025,11.3325,10.2711,9158800
2013-06-19,11.3175,11.3700,10.8575,10.8925,9.8723,13709600
2013-06-20,10.5550,10.6000,9.9775,10.0650,9.1223,17852800
2013-06-21,10.2575,10.2875,9.8575,10.1600,9.2084,16142400
2013-06-24,9.8375,10.0325,9.5175,9.7725,8.8572,15408000
2013-06-25,10.0375,10.1600,9.8400,10.0600,9.1178,12646000
2013-06-26,10.2975,10.4150,10.1800,10.3375,9.3693,11986400
2013-06-27,10.5275,10.6700,10.5050,10.5250,9.5392,13806800
2013-06-28,10.4400,10.5900,10.2875,10.3125,9.3467,13644800
2013-07-01,10.5675,10.7950,10.5175,10.5750,9.5846,13886800
2013-07-02,10.5250,10.7600,10.4100,10.5225,9.5370,13625200
2013-07-03,10.4050,10.6575,10.3550,10.5575,9.5687,6893200
2013-07-05,10.7950,10.9125,10.5675,10.8925,9.8723,7974400
2013-07-08,11.0725,11.1800,11.0150,11.0825,10.0445,6354800
2013-07-09,11.2925,11.3675,11.1525,11.3250,10.2643,8708800
2013-07-10,11.3050,11.4525,11.2250,11.3350,10.2734,8383200
2013-07-11,11.7375,11.8375,11.6175,11.8075,10.7016,8938400
2013-07-12,11.7950,11.8875,11.7375,11.8025,10.6971,7351600
2013-07-15,11.9175,12.0050,11.8525,11.9575,10.8376,6808400
2013-07-16,11.9750,11.9925,11.7225,11.8125,10.7062,9298800
2013-07-17,11.9525,12.0150,11.8575,11.9050,10.7900,10053600
2013-07-18,11.9750,12.1850,11.9625,12.1125,10.9781,10130800
2013-07-19,12.0300,12.1775,11.9825,12.1775,11.0370,6259200
2013-07-22,12.2125,12.2875,12.1300,12.2375,11.0914,5338400
2013-07-23,12.3025,12.3075,12.1400,12.1700,11.0302,7097600
2013-07-24,12.3000,12.3100,11.9500,12.0250,10.8988,10986800
2013-07-25,11.9475,12.1350,11.8975,12.1225,10.9871,6061200
2013-07-26,11.9550,12.1550,11.8050,12.1375,11.0007,6882400
2013-07-29,12.0525,12.1350,11.9350,12.0300,10.9033,5340000
2013-07-30,12.1500,12.1775,11.9500,12.0300,10.9033,6520000
2013-07-31,12.1075,12.3000,12.0100,12.0600,10.9305,8762800
2013-08-01,12.3275,12.5050,12.3125,12.4650,11.2976,6254000
2013-08-02,12.3900,12.5375,12.3425,12.5275,11.3542,6204400
2013-08-05,12.4575,12.5375,12.4050,12.4875,11.3179,3792800
2013-08-06,12.4075,12.4375,12.1850,12.2800,11.1299,6195200
2013-08-07,12.1525,12.1950,12.0100,12.1525,11.0143,6034800
2013-08-08,12.3250,12.3550,12.0925,12.2650,11.1163,7314800
2013-08-09,12.2225,12.3375,12.0450,12.1750,11.0347,5729200
2013-08-12,11.9850,12.1700,11.9725,12.1175,10.9826,4086800
2013-08-13,12.1825,12.2900,11.9775,12.2400,11.0936,5416800
2013-08-14,12.2175,12.2675,12.0350,12.0475,10.9192,3779600
2013-08-15,11.7500,11.7550,11.4750,11.5225,10.4433,7556800
2013-08-16,11.4675,11.5875,11.3525,11.4375,10.3663,5684800
2013-08-19,11.3900,11.4975,11.2000,11.2025,10.1533,5990000
2013-08-20,11.2575,11.4925,11.2200,11.3675,10.3028,5524800
2013-08-21,11.2725,11.4550,11.0775,11.1650,10.1193,8753600
2013-08-22,11.2275,11.5050,11.2250,11.4525,10.3799,5775600
2013-08-23,11.5600,11.6150,11.4000,11.5700,10.4864,4478400
2013-08-26,11.6075,11.7150,11.4225,11.4400,10.3686,6435200
2013-08-27,11.0975,11.2300,10.8625,10.8925,9.8723,10686800
2013-08-28,10.8825,11.1175,10.8325,10.9975,9.9675,7792000
2013-08-29,10.9250,11.2300,10.9100,11.0600,10.0241,5964800
2013-08-30,11.1200,11.1200,10.8525,10.9375,9.9131,8151600
2013-09-03,11.2625,11.3325,10.9575,11.0850,10.0468,8747600
2013-09-04,11.1075,11.4225,11.0450,11.3750,10.3096,6266400
2013-09-05,11.3900,11.5000,11.3650,11.3950,10.3278,4837200
2013-09-06,11.5175,11.6175,11.1050,11.4200,10.3504,8376400
2013-09-09,11.5125,11.7750,11.5125,11.7600,10.6586,6566800
2013-09-10,11.9625,12.0225,11.8900,12.0100,10.8852,9010400
2013-09-11,11.9700,12.1350,11.9075,12.1350,10.9985,4600400
2013-09-12,12.1175,12.1625,11.9825,12.0400,10.9124,5678000
2013-09-13,12.0700,12.1375,11.9875,12.1075,10.9735,2934000
2013-09-16,12.5100,12.5225,12.2650,12.3200,11.1661,5912800
2013-09-17,12.3500,12.4925,12.3500,12.4750,11.3066,3184000
2013-09-18,12.4675,13.0200,12.3775,12.9325,11.7213,7117600
2013-09-19,13.0225,13.0375,12.8175,12.8700,11.6646,7936800
2013-09-20,12.9450,12.9450,12.5550,12.5850,11.4063,6187600
2013-09-23,12.5350,12.5650,12.2900,12.4225,11.2590,6903200
2013-09-24,12.4050,12.5425,12.2575,12.3325,11.1775,4934400
2013-09-25,12.3475,12.4075,12.1825,12.2225,11.0778,10595600
2013-09-26,12.2850,12.4550,12.2200,12.3500,11.1933,7089200
2013-09-27,12.1625,12.2300,12.0850,12.1950,11.0528,5462400
2013-09-30,11.8700,12.1025,11.8075,12.0100,10.8852,7094400
2013-10-01,12.0200,12.3025,11.9900,12.2775,11.1276,7173200
2013-10-02,12.0475,12.2375,11.9425,12.2200,11.0755,7097600
2013-10-03,12.1500,12.1750,11.7250,11.8925,10.7787,10897200
2013-10-04,11.9225,12.1975,11.8700,12.1500,11.0121,4180400
2013-10-07,11.8475,12.0600,11.8075,11.8425,10.7334,4809200
2013-10-08,11.8400,11.8850,11.4100,11.4225,10.3527,9210400
2013-10-09,11.5025,11.5800,11.2350,11.4525,10.3799,13901600
2013-10-10,11.8000,12.2125,11.7925,12.1950,11.0528,9574000
2013-10-11,12.1475,12.4425,12.1100,12.4300,11.2658,6400800
2013-10-14,12.2050,12.6075,12.1700,12.5875,11.4086,8690000
2013-10-15,12.4750,12.6175,12.2575,12.2975,11.1457,12127600
2013-10-16,12.5325,12.8350,12.5075,12.8175,11.6170,11862000
2013-10-17,12.6575,13.0950,12.6575,13.0800,11.8550,8401600
2013-10-18,13.2250,13.3650,13.1400,13.3200,12.0725,10884000
2013-10-21,13.3500,13.4200,13.2500,13.3475,12.0974,6538800
2013-10-22,13.4575,13.6875,13.4025,13.5475,12.2787,8547600
2013-10-23,13.4325,13.4475,13.2375,13.3775,12.1246,4850800
2013-10-24,13.4500,13.5550,13.3625,13.5000,12.2356,3440000
2013-10-25,13.5825,13.6925,13.5075,13.6825,12.4010,8237200
2013-10-28,13.6750,13.8075,13.6325,13.7550,12.4667,3989200
2013-10-29,13.8400,13.9825,13.7925,13.9800,12.6707,5289600
2013-10-30,14.0275,14.0550,13.6150,13.7625,12.4735,6814800
2013-10-31,13.7375,13.8975,13.5825,13.6150,12.3398,8371200
2013-11-01,13.6975,13.8250,13.5050,13.7400,12.4531,7354000
2013-11-04,13.8550,13.8975,13.7250,13.8825,12.5823,5557200
2013-11-05,13.7200,13.8600,13.5825,13.7525,12.4645,4937600
2013-11-06,13.9300,14.0350,13.8125,13.9475,12.6412,3540000
2013-11-07,14.0500,14.0675,13.3900,13.4400,12.1812,9415200
2013-11-08,13.4125,13.9725,13.4125,13.9725,12.6639,6353200
2013-11-11,13.9450,14.0250,13.8800,13.9625,12.6548,3614400
2013-11-12,13.8875,13.9800,13.7500,13.8925,12.5914,6736800
2013-11-13,13.6800,14.2300,13.6800,14.2150,12.8837,6988000
2013-11-14,14.2575,14.4725,14.1950,14.4500,13.0966,5678800
2013-11-15,14.5000,14.6325,14.4550,14.6325,13.2621,5292000
2013-11-18,14.6950,14.7325,14.3725,14.4825,13.1261,6632400
2013-11-19,14.4525,14.5775,14.3000,14.3825,13.0355,7285200
2013-11-20,14.4650,14.5850,14.1200,14.2475,12.9131,6954800
2013-11-21,14.3600,14.6125,14.3325,14.5800,13.2145,3990800
2013-11-22,14.5950,14.8075,14.5475,14.7850,13.4003,6272800
2013-11-25,14.8825,14.8825,14.6900,14.7675,13.3844,5888000
2013-11-26,14.7825,14.8975,14.6975,14.7675,13.3844,6874400
2013-11-27,14.8075,14.9025,14.7550,14.8625,13.4705,4234000
2013-11-29,14.9150,15.0250,14.7925,14.8225,13.4343,4952800
2013-12-02,14.8700,14.9475,14.6550,14.7200,13.3414,6920800
2013-12-03,14.5825,14.6900,14.3925,14.5525,13.1895,8014000
2013-12-04,14.3850,14.7025,14.1825,14.5100,13.1510,13832400
2013-12-05,14.4500,14.5200,14.2975,14.3350,12.9924,7264800
2013-12-06,14.7575,14.8500,14.6200,14.8025,13.4161,9162000
2013-12-09,14.9375,14.9850,14.8650,14.9200,13.5226,6886000
2013-12-10,14.8200,14.9100,14.7350,14.7750,13.3912,5458000
2013-12-11,14.7825,14.7825,14.2100,14.2575,12.9222,7659600
2013-12-12,14.2325,14.2950,14.0325,14.1225,12.7998,8197600
2013-12-13,14.2100,14.2500,14.0375,14.1025,12.7817,4555600
2013-12-16,14.3150,14.5175,14.3025,14.3750,13.0287,6597200
2013-12-17,14.4150,14.4225,14.1425,14.2175,12.8859,5388800
2013-12-18,14.2975,14.9725,13.9125,14.9600,13.5589,12209600
2013-12-19,14.8400,14.9650,14.7275,14.9350,13.5362,8282000
2013-12-20,14.9525,15.2850,14.9525,15.1800,13.7583,8705200
2013-12-23,15.4000,15.4475,15.3125,15.4175,13.9735,5641200
2013-12-24,15.4225,15.5350,15.4125,15.5300,14.0755,3255600
2013-12-26,15.6275,15.7775,15.6175,15.7600,14.2840,4340400
2013-12-27,15.8175,15.8350,15.6975,15.7525,14.2772,3591600
2013-12-30,15.7500,15.7825,15.6800,15.7350,14.2613,2423200
2013-12-31,15.8100,15.9550,15.7550,15.9500,14.4562,5003600
2014-01-02,15.7800,15.7925,15.3875,15.5100,14.0574,7051600
2014-01-03,15.5800,15.6675,15.4275,15.4675,14.0188,4602000
2014-01-06,15.6400,15.6550,15.2825,15.3500,13.9124,8258000
2014-01-07,15.5475,15.7125,15.5100,15.6325,14.1684,5520800
2014-01-08,15.6350,15.7175,15.4825,15.6400,14.1752,6790400
2014-01-09,15.7900,15.7975,15.4600,15.6675,14.2001,6438000
2014-01-10,15.7525,15.8175,15.5100,15.7825,14.3043,6004400
2014-01-13,15.6750,15.8050,15.0800,15.1800,13.7583,7867600
2014-01-14,15.3125,15.6850,15.2350,15.6575,14.1911,5927200
2014-01-15,15.7675,15.9850,15.7500,15.9150,14.4244,6465200
2014-01-16,15.8175,15.8700,15.7000,15.8475,14.3633,4487200
2014-01-17,15.7725,15.8550,15.5675,15.6375,14.1729,5635200
2014-01-21,15.9250,15.9325,15.4925,15.7875,14.3089,5264800
2014-01-22,15.8675,15.8825,15.7150,15.8150,14.3338,5734000
2014-01-23,15.5800,15.5825,15.1775,15.4275,13.9826,8795600
2014-01-24,15.1225,15.1350,14.4275,14.4275,13.0762,15620400
2014-01-27,14.4850,14.5850,14.0050,14.2200,12.8882,14215600
2014-01-28,14.2550,14.5275,14.2450,14.4800,13.1238,7050400
2014-01-29,14.1275,14.3475,13.9450,14.0475,12.7318,8257200
2014-01-30,14.4100,14.6350,14.2750,14.5075,13.1488,9108800
2014-01-31,13.9725,14.5150,13.9425,14.2325,12.8995,9179600
2014-02-03,14.1875,14.2850,13.1975,13.2775,12.0340,21674800
2014-02-04,13.4600,13.6550,13.3150,13.5550,12.2855,13081600
2014-02-05,13.4075,13.5950,13.1700,13.4925,12.2288,7779600
2014-02-06,13.6025,14.0325,13.6025,14.0225,12.7092,7724400
2014-02-07,14.2300,14.6000,14.0975,14.5650,13.2009,12381600
2014-02-10,14.5625,14.6500,14.4425,14.6275,13.2575,7862400
2014-02-11,14.6900,15.2300,14.6525,15.1100,13.6948,7558800
2014-02-12,15.1875,15.3250,15.0525,15.1575,13.7379,7734800
2014-02-13,14.8375,15.4200,14.8225,15.3750,13.9350,12613200
2014-02-14,15.3400,15.7100,15.2875,15.6225,14.1593,9141600
2014-02-18,15.6600,15.7450,15.5350,15.6775,14.2092,5552000
2014-02-19,15.5575,15.8625,15.3300,15.3750,13.9350,13062000
2014-02-20,15.4225,15.7425,15.2675,15.6350,14.1707,10671600
2014-02-21,15.7325,15.8375,15.5575,15.5900,14.1299,4687200
2014-02-24,15.6850,16.1575,15.6650,15.8075,14.3270,10546800
2014-02-25,15.8775,16.0125,15.6675,15.8100,14.3293,7128000
2014-02-26,15.9000,16.0125,15.6875,15.8225,14.3406,4834800
2014-02-27,15.7525,16.0775,15.7100,16.0775,14.5717,9280800
2014-02-28,16.0625,16.4125,15.8700,16.1975,14.6805,11879200
2014-03-03,15.7675,15.9675,15.5275,15.8400,14.3565,14517200
2014-03-04,16.3225,16.6175,16.3075,16.5475,14.9977,7664800
2014-03-05,16.5575,16.6475,16.4850,16.5325,14.9841,6802000
2014-03-06,16.6875,16.7900,16.6025,16.6775,15.1155,6210000
2014-03-07,16.8625,16.8825,16.4750,16.6825,15.1201,10561200
2014-03-10,16.6075,16.6850,16.3875,16.6650,15.1042,3594400
2014-03-11,16.7525,16.8125,16.3100,16.4200,14.8821,10941600
2014-03-12,16.1900,16.4475,16.0675,16.4300,14.8912,5320800
2014-03-13,16.5825,16.6175,15.7450,15.9000,14.4108,7755200
2014-03-14,15.7925,16.0300,15.6850,15.7275,14.2545,9347600
2014-03-17,15.9750,16.2775,15.9625,16.1600,14.6465,5725600
2014-03-18,16.2575,16.5750,16.2200,16.5125,14.9660,6560800
2014-03-19,16.5150,16.5850,15.9325,16.2425,14.7213,9406400
2014-03-20,16.1375,16.5625,16.0550,16.5275,14.9796,7272800
2014-03-21,16.7375,16.8600,16.2925,16.3300,14.8006,6010400
2014-03-24,16.5175,16.5650,15.9200,16.1250,14.6148,5649600
2014-03-25,16.3650,16.5225,16.0925,16.3650,14.8323,4663200
2014-03-26,16.5550,16.6250,15.9950,15.9975,14.4992,6104800
2014-03-27,15.9475,16.0975,15.7250,15.9200,14.4290,6171200
2014-03-28,16.0325,16.3700,16.0050,16.1300,14.6193,4215600
2014-03-31,16.4400,16.6025,16.3925,16.5300,14.9818,4538000
2014-04-01,16.6975,16.8825,16.6475,16.8525,15.2741,4354800
2014-04-02,16.9300,17.0925,16.8325,17.0200,15.4259,4244400
2014-04-03,17.1125,17.1200,16.8050,16.9500,15.3625,3248800
2014-04-04,17.2350,17.2475,16.2700,16.3625,14.8300,7689600
2014-04-07,16.2300,16.3125,15.7150,15.8025,14.3225,8202800
2014-04-08,15.7975,16.0825,15.6200,16.0050,14.5060,6736000
2014-04-09,16.1300,16.5325,16.0000,16.5275,14.9796,5480400
2014-04-10,16.5100,16.5375,15.4200,15.4800,14.0302,7940000
2014-04-11,15.2250,15.5375,15.0100,15.0550,13.6450,6743200
2014-04-14,15.4125,15.5150,15.0450,15.4175,13.9735,6520000
2014-04-15,15.5125,15.7600,15.0500,15.7275,14.2545,9829200
2014-04-16,16.0425,16.2225,15.8450,16.2075,14.6895,6716400
2014-04-17,16.1600,16.4150,16.0675,16.2750,14.7507,5137600
2014-04-21,16.2875,16.4650,16.2325,16.4600,14.9184,3591200
2014-04-22,16.4950,16.8100,16.4775,16.6600,15.0997,6145200
2014-04-23,16.6500,16.6825,16.5225,16.5675,15.0158,3158000
2014-04-24,16.8075,16.8075,16.4275,16.6650,15.1042,5153200
2014-04-25,16.4800,16.5250,16.1350,16.2500,14.7281,4324800
2014-04-28,16.4425,16.6100,15.9050,16.4075,14.8708,7545200
2014-04-29,16.5625,16.7000,16.4500,16.6225,15.0657,3984800
2014-04-30,16.5500,16.8250,16.4775,16.7975,15.2243,4364000
2014-05-01,16.7625,16.9150,16.6250,16.7850,15.2129,4585600
2014-05-02,16.7800,16.9950,16.6375,16.7175,15.1518,4550400
2014-05-05,16.4675,16.8325,16.3275,16.8075,15.2333,3796800
2014-05-06,16.6775,16.7225,16.3575,16.3825,14.8481,5472400
2014-05-07,16.5425,16.6700,16.1625,16.6600,15.0997,4628000
2014-05-08,16.5850,16.9525,16.4425,16.6025,15.0475,3796400
2014-05-09,16.5875,16.6875,16.3750,16.6700,15.1087,6406400
2014-05-12,16.8975,17.1775,16.8775,17.1425,15.5370,6417200
2014-05-13,17.2050,17.3275,17.1500,17.1925,15.5823,3362800
2014-05-14,17.1600,17.1775,16.8800,16.9600,15.3716,2701200
2014-05-15,16.8275,16.8625,16.2625,16.4900,14.9456,8344400
2014-05-16,16.5350,16.6925,16.3275,16.6900,15.1268,3570000
2014-05-19,16.5875,16.8975,16.5325,16.8550,15.2764,3617600
2014-05-20,16.8250,16.8300,16.4075,16.5325,14.9841,5090800
2014-05-21,16.6725,16.9750,16.6675,16.9450,15.3580,4451200
2014-05-22,16.9650,17.1775,16.8850,17.0775,15.4781,2360800
2014-05-23,17.1225,17.3175,17.0975,17.2950,15.6752,5000800
2014-05-27,17.4750,17.6125,17.4550,17.5975,15.9494,2926800
2014-05-28,17.5900,17.6825,17.4750,17.5500,15.9063,3287200
2014-05-29,17.6900,17.8350,17.5475,17.8350,16.1646,3438000
2014-05-30,17.7825,17.9450,17.7325,17.8800,16.2054,4064000
2014-06-02,17.9875,18.0000,17.7150,17.9700,16.2870,2597200
2014-06-03,17.8375,17.9725,17.7950,17.9450,16.2643,2091200
2014-06-04,17.8350,18.0850,17.7975,18.0300,16.3413,4719200
2014-06-05,18.1075,18.4625,17.9200,18.4125,16.6880,4975200
2014-06-06,18.5350,18.6825,18.5025,18.6650,16.9169,2629600
2014-06-09,18.6650,18.8675,18.6150,18.7325,16.9781,6100800
2014-06-10,18.6525,18.7300,18.5400,18.7300,16.9758,3623200
2014-06-11,18.5450,18.5950,18.4125,18.5525,16.8149,5716400
2014-06-12,18.4650,18.5075,18.0200,18.1375,16.4388,7804400
2014-06-13,18.2450,18.3600,18.0750,18.3100,16.5951,3983200
2014-06-16,18.2225,18.4625,18.1700,18.3450,16.6269,5458400
2014-06-17,18.2725,18.5400,18.2125,18.4900,16.7583,5774000
2014-06-18,18.5100,18.9375,18.3750,18.8975,17.1276,5672400
2014-06-19,18.9625,19.0075,18.7750,18.9650,17.1888,8091600
2014-06-20,19.0825,19.1175,19.0175,19.0825,17.2953,4066800
2014-06-23,19.1000,19.1125,18.9625,19.0700,17.2839,5683200
2014-06-24,18.9625,19.2450,18.6575,18.7225,16.9690,6796000
2014-06-25,18.6075,19.0275,18.5975,18.9625,17.1865,8426400
2014-06-26,18.9675,18.9675,18.5525,18.9275,17.1548,4283200
2014-06-27,18.7850,19.0500,18.7675,19.0225,17.2409,4108000
2014-06-30,19.0125,19.1350,18.9575,19.0100,17.2296,4178000
2014-07-01,19.1500,19.5625,19.1375,19.3925,17.5762,6634400
2014-07-02,19.3900,19.5125,19.3675,19.4400,17.6193,3714400
2014-07-03,19.5975,19.7500,19.5650,19.7250,17.8776,2851600
2014-07-07,19.6175,19.6575,19.4375,19.5350,17.7054,3352800
2014-07-08,19.4075,19.4375,19.0000,19.1575,17.3632,6580800
2014-07-09,19.2950,19.4475,19.1675,19.3925,17.5762,4166000
2014-07-10,18.8425,19.3175,18.7825,19.1600,17.3655,4504000
2014-07-11,19.1375,19.2825,19.0025,19.2550,17.4516,4317600
2014-07-14,19.5350,19.6125,19.3750,19.5350,17.7054,3899200
2014-07-15,19.5625,19.6725,19.1700,19.4225,17.6034,5163200
2014-07-16,19.6875,19.7250,19.4775,19.6300,17.7915,6401600
2014-07-17,19.4625,19.6750,18.8825,18.9650,17.1888,12268000
2014-07-18,19.1375,19.5975,19.1150,19.5275,17.6986,5028800
2014-07-21,19.3475,19.4800,19.1625,19.4250,17.6057,4568000
2014-07-22,19.6425,19.7850,19.5875,19.6875,17.8436,7155600
2014-07-23,19.7600,19.8800,19.6575,19.8150,17.9592,5906400
2014-07-24,19.8825,19.9400,19.7525,19.8150,17.9592,4001200
2014-07-25,19.6450,19.6975,19.4250,19.5450,17.7145,3288000
2014-07-28,19.5500,19.6425,19.2150,19.5525,17.7213,4032800
2014-07-29,19.6800,19.7450,19.3050,19.3100,17.5015,5811600
2014-07-30,19.5200,19.5875,19.0800,19.3150,17.5060,7655600
2014-07-31,18.9100,18.9600,18.1500,18.1550,16.4546,9218000
2014-08-01,18.0075,18.3375,17.7400,17.9950,16.3096,7463200
2014-08-04,18.1125,18.4975,17.8675,18.3800,16.6586,4571200
2014-08-05,18.1500,18.2975,17.6500,17.8350,16.1646,6860000
2014-08-06,17.5950,18.0925,17.5875,17.8625,16.1895,5022000
2014-08-07,18.1125,18.1550,17.4450,17.5625,15.9176,6742800
2014-08-08,17.6775,18.2100,17.5525,18.1675,16.4660,5894400
2014-08-11,18.3850,18.5750,18.3125,18.3300,16.6133,5305600
2014-08-12,18.2750,18.4300,18.1000,18.2675,16.5566,3828400
2014-08-13,18.4800,18.6900,18.3850,18.6475,16.9010,5772800
2014-08-14,18.7175,18.8900,18.6675,18.8825,17.1140,2928800
2014-08-15,19.0975,19.1500,18.4750,18.8900,17.1208,6918800
2014-08-18,19.1975,19.3775,19.1625,19.3325,17.5219,3976400
2014-08-19,19.4700,19.6950,19.4325,19.6250,17.7870,3942000
2014-08-20,19.5625,19.8750,19.5625,19.7975,17.9433,3469600
2014-08-21,19.8650,20.0525,19.8175,19.9825,18.1110,5217600
2014-08-22,19.9275,20.0300,19.7475,19.8750,18.0135,4864800
2014-08-25,20.1875,20.2825,20.0900,20.1825,18.2922,3058400
2014-08-26,20.2400,20.3725,20.2100,20.2275,18.3330,3016000
2014-08-27,20.2500,20.2975,20.1075,20.2100,18.3172,2183600
2014-08-28,20.0000,20.2000,19.9425,20.1725,18.2832,4418800
2014-08-29,20.2675,20.3425,20.0700,20.3325,18.4282,3538400
2014-09-02,20.4275,20.4275,20.0775,20.2925,18.3919,3398800
2014-09-03,20.5300,20.5475,20.1925,20.2675,18.3693,5055600
2014-09-04,20.3550,20.5900,20.0125,20.1525,18.2651,6739200
2014-09-05,20.1500,20.4650,19.9350,20.4450,18.5302,3683200
2014-09-08,20.3850,20.4700,20.1125,20.2975,18.3965,4297200
2014-09-09,20.2450,20.2725,19.7800,19.9000,18.0362,7027600
2014-09-10,19.9050,20.1600,19.7325,20.1325,18.2469,4145600
2014-09-11,19.8700,20.1975,19.8350,20.1875,18.2968,3218400
2014-09-12,20.1275,20.1325,19.6650,19.8325,17.9750,6794400
2014-09-15,19.8375,19.8850,19.6075,19.7875,17.9342,2503200
2014-09-16,19.6750,20.3325,19.6475,20.2375,18.3421,6522400
2014-09-17,20.3300,20.5950,20.0225,20.3075,18.4055,6050800
2014-09-18,20.5050,20.6475,20.4325,20.6175,18.6865,4058400
2014-09-19,20.8275,20.8975,20.4600,20.5825,18.6548,4706400
2014-09-22,20.4700,20.4775,19.9750,20.0975,18.2152,4564800
2014-09-23,19.8800,20.1325,19.7450,19.7575,17.9071,6526000
2014-09-24,19.7750,20.2500,19.6150,20.2325,18.3376,6843200
2014-09-25,20.0500,20.0675,19.2275,19.2425,17.4403,7309200
2014-09-26,19.3300,19.8275,19.2625,19.6975,17.8527,6161600
2014-09-29,19.1825,19.6800,19.1300,19.5775,17.7439,4917600
2014-09-30,19.6325,19.8025,19.3075,19.4100,17.5921,6744000
2014-10-01,19.3250,19.3475,18.5100,18.6300,16.8852,9438000
2014-10-02,18.5775,18.8375,18.0625,18.6325,16.8874,9985200
2014-10-03,19.0225,19.3700,18.8450,19.2450,17.4426,8934000
2014-10-06,19.4950,19.5675,18.9800,19.1825,17.3859,8542000
2014-10-07,18.8750,19.0125,18.2950,18.3000,16.5861,7875200
2014-10-08,18.3200,19.3250,18.0400,19.2600,17.4562,10558400
2014-10-09,19.1475,19.2250,18.0625,18.1000,16.4048,12331600
2014-10-10,18.0850,18.3575,17.4700,17.4950,15.8565,11327200
2014-10-13,17.4725,17.6475,16.5850,16.6125,15.0566,10665600
2014-10-14,16.8750,17.2500,16.5125,16.7275,15.1608,13162400
2014-10-15,16.0000,16.4675,15.1500,16.2775,14.7530,27246000
2014-10-16,15.4675,16.6400,15.4225,16.2800,14.7552,18242000
2014-10-17,16.8425,17.2125,16.6600,16.8975,15.3149,14357200
2014-10-20,16.7800,17.4025,16.7650,17.3750,15.7477,8958000
2014-10-21,17.7325,18.4300,17.6900,18.3900,16.6676,10132800
2014-10-22,18.5075,18.6350,17.9875,18.0100,16.3232,8679600
2014-10-23,18.5400,18.9800,18.4575,18.6375,16.8919,9526400
2014-10-24,18.7200,19.0750,18.5150,19.0350,17.2522,6220800
2014-10-27,18.8525,19.2500,18.6525,18.9725,17.1956,7809200
2014-10-28,19.1850,19.6350,19.1500,19.6125,17.7756,9072800
2014-10-29,19.6725,19.8425,19.1500,19.5475,17.7167,8112000
2014-10-30,19.3700,20.0800,19.3300,19.9325,18.0657,7333200
2014-10-31,20.6375,20.6400,20.3275,20.5950,18.6661,8757600
2014-11-03,20.6750,20.8275,20.4875,20.6200,18.6888,5878800
2014-11-04,20.4725,20.5675,20.1000,20.4325,18.5188,6554000
2014-11-05,20.8525,20.8700,20.5225,20.7950,18.8474,6819600
2014-11-06,20.8300,21.0775,20.5750,21.0500,19.0785,5643200
2014-11-07,21.0400,21.1750,20.8750,21.1000,19.1238,4432000
2014-11-10,21.1050,21.3125,21.0325,21.3000,19.3051,5717600
2014-11-11,21.3325,21.4025,21.1975,21.3500,19.3504,4769600
2014-11-12,21.0900,21.3750,21.0875,21.2950,19.3006,5037200
2014-11-13,21.3575,21.5600,21.0525,21.3525,19.3527,5434000
2014-11-14,21.3275,21.4450,21.2150,21.3650,19.3640,4043200
2014-11-17,21.2375,21.4725,21.1900,21.4075,19.4025,4699200
2014-11-18,21.4350,21.8925,21.4350,21.7825,19.7424,4104400
2014-11-19,21.7150,21.7800,21.3875,21.6675,19.6382,4393200
2014-11-20,21.3650,21.8275,21.3500,21.7900,19.7492,3308400
2014-11-21,22.4425,22.4675,21.9225,22.1475,20.0732,7063200
2014-11-24,22.3000,22.3725,22.2175,22.3250,20.2341,8334400
2014-11-25,22.4200,22.5000,22.1850,22.2850,20.1978,8815200
2014-11-26,22.3275,22.4850,22.2475,22.4450,20.3428,2822000
2014-11-28,22.3925,22.5075,22.2050,22.3050,20.2160,2486000
2014-12-01,22.0400,22.0775,21.7100,21.8250,19.7809,4555200
2014-12-02,21.8425,22.3250,21.8400,22.2425,20.1593,2600400
2014-12-03,22.3000,22.5850,22.2600,22.5000,20.3927,4533600
2014-12-04,22.3950,22.6250,22.1225,22.4150,20.3157,5350400
2014-12-05,22.4975,22.6925,22.4000,22.5350,20.4244,3882000
2014-12-08,22.3900,22.5775,21.8675,22.0825,20.0143,4392000
2014-12-09,21.3575,22.0775,21.2125,22.0250,19.9622,10628400
2014-12-10,21.8500,21.8725,20.9075,20.9825,19.0173,8655600
2014-12-11,21.2075,21.9075,21.1450,21.2800,19.2870,7442800
2014-12-12,20.8150,21.1700,20.2450,20.2450,18.3489,7490400
2014-12-15,20.5950,20.7500,19.6075,19.8300,17.9728,7934000
2014-12-16,19.5500,20.7000,19.3400,19.3575,17.5445,10262000
2014-12-17,19.5150,20.6475,19.4700,20.4925,18.5732,8040400
2014-12-18,21.4100,22.0275,21.1475,21.9950,19.9350,9425200
2014-12-19,22.2500,22.5550,22.0100,22.2775,20.1910,5274400
2014-12-22,22.3825,22.5975,22.2850,22.5875,20.4720,3778400
2014-12-23,22.8400,22.8500,22.6150,22.6825,20.5581,4460800
2014-12-24,22.7950,22.8800,22.6825,22.7075,20.5808,1291600
2014-12-26,22.8725,23.0450,22.8475,22.9100,20.7643,2223200
2014-12-29,22.8250,23.0750,22.8150,22.9950,20.8413,2677600
2014-12-30,22.8150,22.8825,22.5950,22.6250,20.5060,3138400
2014-12-31,22.7500,22.8175,21.9100,21.9300,19.8761,4766000
2015-01-02,22.2175,22.3825,21.5150,21.9100,19.8580,4748800
2015-01-05,21.5075,21.5800,20.6150,20.7350,18.7930,7138400
2015-01-06,20.8600,21.0375,19.8500,20.1625,18.2741,9798400
2015-01-07,20.6450,21.0125,20.4600,20.9125,18.9539,7011600
2015-01-08,21.4350,22.0900,21.4150,22.0250,19.9622,7421200
2015-01-09,22.1625,22.1675,21.2350,21.4650,19.4546,8158000
2015-01-12,21.5150,21.5825,20.7475,20.9625,18.9992,7129600
2015-01-13,21.4300,21.8350,20.3100,20.7750,18.8293,10916400
2015-01-14,20.0275,20.4750,19.7075,20.4050,18.4939,11448400
2015-01-15,20.6375,20.7625,19.8125,19.8550,17.9954,11251200
2015-01-16,19.7700,20.6825,19.6975,20.6000,18.6706,7074400
2015-01-20,20.8475,20.9575,20.1775,20.7425,18.7998,5662000
2015-01-21,20.5750,21.2375,20.4225,21.0650,19.0921,6768400
2015-01-22,21.3400,22.0500,20.8275,21.9950,19.9350,9117600
2015-01-23,21.8850,22.0000,21.5875,21.6275,19.6019,6044400
2015-01-26,21.5700,21.8275,21.2850,21.7975,19.7560,3482800
2015-01-27,21.0000,21.3625,20.6125,20.9225,18.9629,9183200
2015-01-28,21.3625,21.4125,20.0600,20.1050,18.2220,8742800
2015-01-29,20.1750,20.7700,19.6875,20.6700,18.7341,6866800
2015-01-30,20.2200,20.7250,19.8000,19.8975,18.0339,9065200
2015-02-02,20.0900,20.6550,19.4150,20.6075,18.6774,6718400
2015-02-03,20.9575,21.5150,20.8175,21.4975,19.4841,7803600
2015-02-04,21.2050,21.6850,21.0950,21.2650,19.2734,6949200
2015-02-05,21.5125,21.9700,21.5000,21.9250,19.8716,5912000
2015-02-06,22.0400,22.2675,21.5300,21.7100,19.6767,6533600
2015-02-09,21.4275,21.7500,21.2850,21.4275,19.4206,5257600
2015-02-10,21.8250,22.2025,21.4950,22.1050,20.0347,4913600
2015-02-11,22.0600,22.3250,21.7950,22.1575,20.0823,4178800
2015-02-12,22.4700,22.8100,22.3975,22.7750,20.6419,4485200
2015-02-13,22.8250,23.0850,22.7375,23.0825,20.9206,4304400
2015-02-17,22.9525,23.2475,22.8500,23.1825,21.0113,2864400
2015-02-18,23.0275,23.2100,22.9225,23.1900,21.0181,2683600
2015-02-19,22.9525,23.2700,22.8875,23.1475,20.9796,2597200
2015-02-20,22.9575,23.5625,22.7150,23.5525,21.3466,5070000
2015-02-23,23.4525,23.5425,23.2925,23.5425,21.3376,2275600
2015-02-24,23.5125,23.8150,23.3950,23.7350,21.5120,3018400
2015-02-25,23.6750,23.8775,23.5425,23.6700,21.4531,2923600
2015-02-26,23.6400,23.6950,23.3425,23.5825,21.3738,2834800
2015-02-27,23.5500,23.6425,23.3275,23.3425,21.1563,2372800
2015-03-02,23.3825,23.8000,23.3625,23.7825,21.5551,2714400
2015-03-03,23.6100,23.6450,23.1375,23.4850,21.2854,4570400
2015-03-04,23.2250,23.2775,22.8300,23.1950,21.0226,3907200
2015-03-05,23.3250,23.3825,23.0650,23.2550,21.0770,2823200
2015-03-06,22.9050,23.0825,22.1450,22.2775,20.1910,6672400
2015-03-09,22.3425,22.6875,22.3125,22.5525,20.4403,2712800
2015-03-10,22.0075,22.0425,21.4550,21.4575,19.4478,6690800
2015-03-11,21.5525,21.6175,21.2725,21.2975,19.3028,4090800
2015-03-12,21.5300,22.1375,21.5200,22.1250,20.0528,4315600
2015-03-13,22.0000,22.0625,21.3075,21.7000,19.6676,7766400
2015-03-16,21.9850,22.6025,21.9725,22.5875,20.4720,4949600
2015-03-17,22.2675,22.5075,22.0525,22.3700,20.2749,4714400
2015-03-18,22.1875,23.4350,21.9375,23.1750,21.0045,7736800
2015-03-19,23.0000,23.1150,22.7075,22.8375,20.6986,5855600
2015-03-20,23.2275,23.6550,23.2000,23.4475,21.2515,7083600
2015-03-23,23.4625,23.6825,23.3200,23.3200,21.1359,3964400
2015-03-24,23.2500,23.4475,22.8925,22.9100,20.7643,3142800
2015-03-25,23.0175,23.1025,21.9025,21.9200,19.8670,6795600
2015-03-26,21.6700,22.1000,21.3875,21.7600,19.7220,5020800
2015-03-27,21.7100,21.9750,21.6450,21.8900,19.8398,3301200
2015-03-30,22.2875,22.8125,22.2875,22.7000,20.5740,3756400
2015-03-31,22.3750,22.6500,22.0875,22.1100,20.0392,5350000
2015-04-01,22.0850,22.0950,21.4875,21.8950,19.8444,6756400
2015-04-02,21.8250,22.2700,21.7750,22.0725,20.0052,2658000
2015-04-06,21.7475,22.7375,21.7100,22.5400,20.4289,4580800
2015-04-07,22.5550,22.8475,22.3475,22.3575,20.2635,8103200
2015-04-08,22.4600,22.7500,22.2925,22.5850,20.4697,3964800
2015-04-09,22.5375,22.9725,22.3375,22.9000,20.7552,3760400
2015-04-10,22.9775,23.2700,22.9150,23.2500,21.0725,3034800
2015-04-13,23.1950,23.4375,22.9275,22.9350,20.7870,2737200
2015-04-14,22.9075,23.1375,22.6175,23.0625,20.9025,3308000
2015-04-15,23.2800,23.5750,23.2200,23.3875,21.1971,2891600
2015-04-16,23.2625,23.5550,23.1725,23.3500,21.1631,3704400
2015-04-17,22.8750,22.9700,22.2425,22.5475,20.4357,5562000
2015-04-20,22.9225,23.2925,22.8800,23.1525,20.9841,3237600
2015-04-21,23.4250,23.4875,22.9700,23.0775,20.9161,2501600
2015-04-22,23.2150,23.4875,22.8550,23.4300,21.2356,2893600
2015-04-23,23.2700,23.8575,23.2225,23.5850,21.3761,3532000
2015-04-24,23.7725,23.8550,23.5800,23.7600,21.5347,3410400
2015-04-27,23.9925,24.0300,23.3875,23.4500,21.2537,4161600
2015-04-28,23.4575,23.7000,22.9750,23.6650,21.4486,3145200
2015-04-29,23.3125,23.6250,23.0625,23.3850,21.1948,4552400
2015-04-30,23.1725,23.3150,22.4050,22.6900,20.5649,5361600
2015-05-01,23.0075,23.4275,22.9550,23.3925,21.2016,3911600
2015-05-04,23.5850,23.8400,23.5250,23.6175,21.4055,2504000
2015-05-05,23.5125,23.6550,22.7500,22.7875,20.6533,5709200
2015-05-06,23.0200,23.1350,22.0975,22.5250,20.4154,5902800
2015-05-07,22.4750,22.9500,22.3525,22.7825,20.6487,2841200
2015-05-08,23.4200,23.7550,23.4125,23.6725,21.4554,5646400
2015-05-11,23.6250,23.7725,23.3150,23.3350,21.1495,2749200
2015-05-12,23.0000,23.3450,22.6775,23.1150,20.9501,4905600
2015-05-13,23.3050,23.5525,23.0550,23.1425,20.9750,3053600
2015-05-14,23.5400,23.8950,23.4300,23.8550,21.6208,4100000
2015-05-15,23.9025,23.9975,23.7425,23.9350,21.6933,2512000
2015-05-18,23.8700,24.2650,23.8575,24.1600,21.8972,2219200
2015-05-19,24.2325,24.3150,24.0225,24.1225,21.8632,2594800
2015-05-20,24.1925,24.3875,23.9375,24.0725,21.8179,3259200
2015-05-21,24.0175,24.3750,23.9600,24.2875,22.0128,2053200
2015-05-22,24.1425,24.3050,24.0900,24.1075,21.8496,3253200
2015-05-26,23.9175,23.9450,23.1750,23.3650,21.1767,4937600
2015-05-27,23.5350,24.0900,23.3950,23.9900,21.7431,3112800
2015-05-28,23.8850,23.9625,23.6375,23.9325,21.6910,2888800
2015-05-29,23.8925,23.8925,23.3600,23.4650,21.2673,3533200
2015-06-01,23.7425,23.8675,23.2925,23.6025,21.3919,3552400
2015-06-02,23.4125,23.8150,23.1775,23.5200,21.3172,4184000
2015-06-03,23.7500,23.9775,23.5350,23.7275,21.5052,3149200
2015-06-04,23.4575,23.6750,22.9950,23.1700,21.0000,6186800
2015-06-05,23.0825,23.2625,22.7500,22.9900,20.8368,5020800
2015-06-08,22.9550,23.0150,22.5425,22.5750,20.4607,3946800
2015-06-09,22.5775,22.7700,22.3200,22.5425,20.4312,4368000
2015-06-10,22.9050,23.5200,22.8275,23.3700,21.1812,6863600
2015-06-11,23.5500,23.7450,23.4550,23.5900,21.3806,3692400
2015-06-12,23.2600,23.3150,22.9425,23.0575,20.8980,4469600
2015-06-15,22.6250,22.8650,22.3250,22.7225,20.5944,7172800
2015-06-16,22.6875,23.1550,22.6225,23.1200,20.9546,3422400
2015-06-17,23.2600,23.4675,22.8300,23.2300,21.0543,6564400
2015-06-18,23.4800,24.1375,23.4300,23.9325,21.6910,6645200
2015-06-19,23.8725,23.8825,23.5075,23.5075,21.3058,2579200
2015-06-22,24.0100,24.2275,23.9200,23.9900,21.7431,4542000
2015-06-23,24.1000,24.1750,23.8900,24.0475,21.7953,2542000
2015-06-24,23.9300,24.0875,23.5200,23.5275,21.3240,2460800
2015-06-25,23.7225,23.7700,23.2925,23.3050,21.1223,2606000
2015-06-26,23.4600,23.5325,23.0750,23.2950,21.1132,3094800
2015-06-29,22.7225,22.9575,21.8125,21.8300,19.7854,8873600
2015-06-30,22.4375,22.4675,21.7850,21.9925,19.9327,9398400
2015-07-01,22.5875,22.6550,22.2000,22.4650,20.3610,6888800
2015-07-02,22.6625,22.7250,22.2600,22.4100,20.3111,3220400
2015-07-06,21.9125,22.5200,21.8475,22.2275,20.1457,4530400
2015-07-07,22.3025,22.6900,21.3950,22.6250,20.5060,8124800
2015-07-08,22.1225,22.2275,21.4175,21.5025,19.4886,7502800
2015-07-09,22.2875,22.3875,21.5950,21.6075,19.5838,6830000
2015-07-10,22.4300,22.5800,22.1200,22.4175,20.3179,8656400
2015-07-13,22.9375,23.2100,22.8975,23.1575,20.9886,3820000
2015-07-14,23.1650,23.5925,23.1425,23.4625,21.2651,5274400
2015-07-15,23.4750,23.6650,23.2575,23.4425,21.2469,4928000
2015-07-16,23.8375,24.0000,23.7675,23.9475,21.7046,5479600
2015-07-17,24.0000,24.0825,23.8375,24.0575,21.8043,2383600
2015-07-20,24.1425,24.2825,23.9725,24.1025,21.8451,2951200
2015-07-21,24.0300,24.1350,23.6875,23.8075,21.5777,3416000
2015-07-22,23.5000,23.8000,23.5000,23.6625,21.4463,2295600
2015-07-23,23.7475,23.7500,23.1375,23.2750,21.0951,2962800
2015-07-24,23.3150,23.3200,22.4175,22.5475,20.4357,6037600
2015-07-27,22.1875,22.4000,21.9850,22.1525,20.0777,5925600
2015-07-28,22.4900,23.0250,22.1600,22.9475,20.7983,5798000
2015-07-29,23.0100,23.5150,22.9625,23.4300,21.2356,5621200
2015-07-30,23.2150,23.5125,22.9825,23.4450,21.2492,4550800
2015-07-31,23.6550,23.6625,23.2300,23.3325,21.1472,3224000
2015-08-03,23.3200,23.3375,22.7325,23.0950,20.9320,3369200
2015-08-04,23.0575,23.2500,22.7750,22.9450,20.7960,3008000
2015-08-05,23.3175,23.6000,23.0775,23.1825,21.0113,4131600
2015-08-06,23.2375,23.3025,22.3875,22.6450,20.5241,3630800
2015-08-07,22.5725,22.6100,22.1375,22.4875,20.3814,4771200
2015-08-10,22.9425,23.3650,22.9425,23.3175,21.1336,4354800
2015-08-11,22.8000,22.9625,22.3975,22.6975,20.5717,6183600
2015-08-12,22.1625,22.8550,21.6250,22.7800,20.6465,8799200
2015-08-13,22.7275,22.9800,22.4950,22.6800,20.5558,6754400
2015-08-14,22.6100,22.9625,22.5700,22.9325,20.7847,3211200
2015-08-17,22.7075,23.3100,22.5250,23.2975,21.1155,4848000
2015-08-18,23.2225,23.3450,23.0225,23.0975,20.9342,3184800
2015-08-19,22.8100,23.1150,22.2500,22.5500,20.4380,10591600
2015-08-20,21.9675,22.1900,21.1275,21.1275,19.1487,12504800
2015-08-21,20.4575,20.8125,19.1325,19.1325,17.3406,19191200
2015-08-24,16.2925,18.7500,16.0000,16.8200,15.2447,19086800
2015-08-25,18.5300,18.5300,16.1325,16.1975,14.6805,14598000
2015-08-26,17.4650,18.1450,16.4850,18.0950,16.4003,14174400
2015-08-27,18.7975,19.4300,18.2650,19.4125,17.5944,11291600
2015-08-28,19.1750,19.5625,19.0075,19.4150,17.5966,6908000
2015-08-31,19.0775,19.3475,18.7425,18.9225,17.1503,6413200
2015-09-01,17.6325,18.0925,16.9325,17.2325,15.6185,13851200
2015-09-02,18.0225,18.2200,17.4100,18.2025,16.4977,7672400
2015-09-03,18.4200,18.9450,18.0850,18.2250,16.5181,9458400
2015-09-04,17.5000,17.7625,17.1400,17.4175,15.7862,8290000
2015-09-08,18.3225,18.7700,18.1175,18.7525,16.9962,7239600
2015-09-09,19.2750,19.3025,17.8475,17.9700,16.2870,9210000
2015-09-10,17.8825,18.6425,17.8325,18.2600,16.5498,7876000
2015-09-11,18.1175,18.5150,17.8925,18.5075,16.7741,5948800
2015-09-14,18.5550,18.5675,18.1400,18.2900,16.5770,3828000
2015-09-15,18.4675,19.1350,18.3200,19.0050,17.2250,5943200
2015-09-16,19.0700,19.5475,18.9825,19.4925,17.6669,8546400
2015-09-17,19.4450,20.2650,19.2175,19.3525,17.5400,13971600
2015-09-18,18.4700,19.0175,18.2700,18.3875,16.6654,9870400
2015-09-21,18.6925,19.0300,18.3325,18.6750,16.9259,7126800
2015-09-22,17.9550,18.1200,17.5850,17.9650,16.2824,9630400
2015-09-23,18.0000,18.1750,17.6875,17.8675,16.1941,5939200
2015-09-24,17.4650,17.8325,17.0325,17.7000,16.0423,14954000
2015-09-25,18.1575,18.2500,17.3750,17.6400,15.9879,11768800
2015-09-28,17.3500,17.3825,16.2250,16.3000,14.7734,14869200
2015-09-29,16.4150,16.7750,16.0500,16.3450,14.8142,10466800
2015-09-30,16.9525,17.3125,16.6925,17.2675,15.6503,13527200
2015-10-01,17.3750,17.4925,16.7725,17.4075,15.7771,9817200
2015-10-02,16.7375,18.1675,16.5750,18.1550,16.4546,13874800
2015-10-05,18.5700,19.2150,18.5425,19.1350,17.3429,13699600
2015-10-06,19.1125,19.2925,18.7150,18.9450,17.1706,6744400
2015-10-07,19.2675,19.5300,18.8550,19.4125,17.5944,7870800
2015-10-08,19.2675,20.0300,19.1750,19.9425,18.0747,8596800
2015-10-09,19.9675,20.1350,19.7500,19.9675,18.0974,5870400
2015-10-12,19.9825,20.0925,19.8500,20.0450,18.1676,3807200
2015-10-13,19.7575,20.2100,19.5800,19.6375,17.7983,5470800
2015-10-14,19.6050,19.8200,19.2550,19.3500,17.5377,6939200
2015-10-15,19.5925,20.2475,19.4575,20.2300,18.3353,8169600
2015-10-16,20.3800,20.5225,20.1200,20.4925,18.5732,5782000
2015-10-19,20.3100,20.5500,20.1750,20.5400,18.6163,4380400
2015-10-20,20.4000,20.6925,20.3050,20.4525,18.5370,4898000
2015-10-21,20.6300,20.6775,20.0275,20.0875,18.2061,5779200
2015-10-22,20.4250,21.1725,20.3800,21.0850,19.1102,7288800
2015-10-23,21.7075,21.9300,21.4300,21.7925,19.7515,6599600
2015-10-26,21.7250,21.7525,21.5100,21.6275,19.6019,5123200
2015-10-27,21.3975,21.6400,21.2700,21.5050,19.4909,5005600
2015-10-28,21.6450,22.2500,21.3900,22.2400,20.1571,7420800
2015-10-29,22.0500,22.3425,22.0075,22.2125,20.1321,4636400
2015-10-30,22.2700,22.3925,21.8525,21.9050,19.8534,4356000
2015-11-02,22.0275,22.7625,21.9975,22.6750,20.5513,3650400
2015-11-03,22.5400,23.1050,22.4675,22.8675,20.7258,4374400
2015-11-04,23.0000,23.0500,22.4800,22.6775,20.5536,4839600
2015-11-05,22.7000,22.8850,22.2725,22.5900,20.4743,4829600
2015-11-06,22.4675,22.6650,22.0600,22.5575,20.4448,6540400
2015-11-09,22.3425,22.3900,21.5875,21.9225,19.8693,6684800
2015-11-10,21.7525,22.1025,21.6525,22.0625,19.9962,4207600
2015-11-11,22.2000,22.2100,21.8000,21.8000,19.7583,7607200
2015-11-12,21.4400,21.6075,20.9075,20.9175,18.9584,7788400
2015-11-13,20.7500,20.8500,20.1725,20.2100,18.3172,8350800
2015-11-16,20.1425,21.1350,20.1000,21.1300,19.1510,7519200
2015-11-17,21.2350,21.5675,20.8925,21.0600,19.0876,10901200
2015-11-18,21.2525,22.1250,21.2300,22.0625,19.9962,7917600
2015-11-19,22.0350,22.1825,21.9100,22.0025,19.9418,7911600
2015-11-20,22.2875,22.5125,22.1150,22.2750,20.1888,5368000
2015-11-23,22.2750,22.4725,22.0025,22.1600,20.0845,4590800
2015-11-24,21.7925,22.4200,21.6475,22.2600,20.1752,5227200
2015-11-25,22.3175,22.3850,22.1575,22.2475,20.1638,3293200
2015-11-27,22.2775,22.4025,22.1025,22.3275,20.2364,2054800
2015-11-30,22.3975,22.4400,22.0100,22.0400,19.9758,3728000
2015-12-01,22.2625,22.7225,22.1875,22.6850,20.5604,4857600
2015-12-02,22.6600,22.7775,21.8800,21.9650,19.9078,6247600
2015-12-03,22.0825,22.1650,20.7875,21.0450,19.0740,7856000
2015-12-04,21.1925,22.3900,21.1725,22.2625,20.1774,7882800
2015-12-07,22.1400,22.1550,21.5050,21.8450,19.7990,4985600
2015-12-08,21.2900,21.7700,21.0650,21.3450,19.3459,5958800
2015-12-09,21.2125,21.9700,20.5750,20.9425,18.9811,9394800
2015-12-10,20.9700,21.5600,20.8625,21.0850,19.1102,5587600
2015-12-11,20.3275,20.5525,19.7450,19.8600,18.0000,13487200
2015-12-14,19.9175,20.1875,19.2950,20.1875,18.2968,10816000
2015-12-15,20.7000,21.1125,20.6450,20.7900,18.8429,11924000
2015-12-16,21.2175,21.8100,20.7000,21.6775,19.6472,14750400
2015-12-17,21.8175,21.8450,20.7125,20.7200,18.7794,11857600
2015-12-18,20.4375,20.4600,19.5375,19.5375,17.7077,11700000
2015-12-21,20.0300,20.1500,19.6175,20.0750,18.1948,7924400
2015-12-22,20.3925,20.7275,20.0450,20.6200,18.6888,6882400
2015-12-23,20.9875,21.4000,20.9525,21.3675,19.3663,5789600
2015-12-24,21.2775,21.4750,21.2000,21.2500,19.2598,2834800
2015-12-28,21.0275,21.1375,20.7375,21.1125,19.1351,4004800
2015-12-29,21.5250,21.9200,21.5225,21.8075,19.7651,4634400
2015-12-30,21.7050,21.7400,21.2900,21.3450,19.3459,3856400
2015-12-31,21.0750,21.3175,20.7025,20.7200,18.7794,5826800
2016-01-04,19.6625,19.8275,19.0975,19.8125,17.9569,12571200
2016-01-05,19.9575,20.0900,19.5375,19.9450,18.0770,7654000
2016-01-06,19.0425,19.5350,18.8100,19.1525,17.3587,15462000
2016-01-07,18.1500,18.7625,17.6625,17.7850,16.1193,17905600
2016-01-08,18.0775,18.2725,17.1075,17.2000,15.5891,14990800
2016-01-11,17.4950,17.5975,16.6325,17.2100,15.5981,18027600
2016-01-12,17.7175,17.9050,16.9850,17.6500,15.9969,17508400
2016-01-13,17.8800,17.9975,16.2200,16.3525,14.8210,17911200
2016-01-14,16.5375,17.4900,16.0400,17.1150,15.5120,21744400
2016-01-15,15.7500,16.2900,15.4300,16.0275,14.5264,22730400
2016-01-19,16.6000,16.6225,15.6300,16.0950,14.5876,15717600
2016-01-20,15.3225,15.9475,14.2950,15.5200,14.0664,29300800
2016-01-21,15.6425,16.2750,15.2275,15.7100,14.2386,19535200
2016-01-22,16.5150,16.7550,16.2900,16.6800,15.1178,13151600
2016-01-25,16.5525,16.6000,15.8800,15.9225,14.4312,10864000
2016-01-26,16.1250,16.6650,16.0500,16.5725,15.0204,8575200
2016-01-27,16.4250,16.9425,15.7725,16.0325,14.5309,12104800
2016-01-28,16.5250,16.5750,15.8000,16.2925,14.7666,9376800
2016-01-29,16.5150,17.4875,16.4875,17.4725,15.8361,10500000
2016-02-01,17.1550,17.7150,16.9750,17.4800,15.8429,10630400
2016-02-02,16.9950,17.0075,16.3575,16.5250,14.9773,12135600
2016-02-03,16.8575,16.9300,15.7275,16.7925,15.2198,27986400
2016-02-04,16.6600,17.1950,16.4650,16.8800,15.2991,12856400
2016-02-05,16.7450,16.7475,15.7275,15.9225,14.4312,13445600
2016-02-08,15.3700,15.4450,14.6175,15.2800,13.8489,17973200
2016-02-09,14.7550,15.6550,14.7350,15.2600,13.8308,15032400
2016-02-10,15.5175,15.9925,15.2025,15.2375,13.8104,13284400
2016-02-11,14.4950,14.9400,14.2150,14.6800,13.3051,22600000
2016-02-12,15.1625,15.5575,14.9075,15.5525,14.0959,11355200
2016-02-16,16.0950,16.3350,15.7975,16.3250,14.7960,8840400
2016-02-17,16.6750,17.2475,16.6550,17.1275,15.5234,12123600
2016-02-18,17.2175,17.2375,16.8200,16.9125,15.3285,7638000
2016-02-19,16.6775,16.9400,16.4850,16.9100,15.3262,8191600
2016-02-22,17.3925,17.6750,17.3700,17.6175,15.9675,6660400
2016-02-23,17.4125,17.5025,16.9300,16.9875,15.3965,9436800
2016-02-24,16.4950,17.2825,16.1675,17.1925,15.5823,12216000
2016-02-25,17.3375,17.8150,17.0925,17.8075,16.1397,8596000
2016-02-26,18.1250,18.1300,17.6400,17.6975,16.0400,11120000
2016-02-29,17.7050,18.0000,17.2225,17.2225,15.6095,8311600
2016-03-01,17.6675,18.5150,17.5200,18.5050,16.7719,10162000
2016-03-02,18.4000,18.7600,18.2525,18.7425,16.9871,7800000
2016-03-03,18.6825,18.9625,18.4925,18.9550,17.1797,6951600
2016-03-04,19.0250,19.4050,18.7425,19.1450,17.3519,9289600
2016-03-07,18.8275,19.3250,18.8125,19.1825,17.3859,7954000
2016-03-08,18.8200,18.9975,18.5075,18.5450,16.8081,8099600
2016-03-09,18.8325,18.9450,18.5700,18.8350,17.0709,6207200
2016-03-10,19.0075,19.3100,18.2675,18.8750,17.1072,14479200
2016-03-11,19.3625,19.8025,19.3300,19.7775,17.9252,10012000
2016-03-14,19.6025,19.8725,19.4875,19.7050,17.8595,5594000
2016-03-15,19.3675,19.6250,19.2925,19.6225,17.7847,5678000
2016-03-16,19.4550,20.0950,19.4325,19.9575,18.0883,7802400
2016-03-17,19.9175,20.5100,19.7875,20.3275,18.4237,7389200
2016-03-18,20.5475,20.6900,20.4000,20.5625,18.6367,6504400
2016-03-21,20.4975,20.7375,20.3950,20.6650,18.7296,4593600
2016-03-22,20.3900,20.8250,20.3300,20.6275,18.6956,5630800
2016-03-23,20.5075,20.5525,20.1575,20.2300,18.3353,5944400
2016-03-24,19.8500,20.2000,19.7700,20.2000,18.3081,5726000
2016-03-28,20.3350,20.4000,20.0625,20.2250,18.3308,3621600
2016-03-29,20.0750,20.8100,19.9675,20.8000,18.8519,5518000
2016-03-30,21.1325,21.3050,20.9250,21.0725,19.0989,5030400
2016-03-31,21.0075,21.1675,20.8400,20.8975,18.9403,3536400
2016-04-01,20.5050,21.3850,20.4275,21.3025,19.3074,4876800
2016-04-04,21.3050,21.3575,21.0025,21.1100,19.1329,3062400
2016-04-05,20.6200,20.7975,20.3900,20.4850,18.5664,6418400
2016-04-06,20.4950,21.1675,20.4175,21.1400,19.1601,6882400
2016-04-07,20.7550,20.8775,20.1300,20.3850,18.4758,8108800
2016-04-08,20.8025,20.9500,20.3625,20.5600,18.6344,6663600
2016-04-11,20.7825,21.0175,20.3725,20.3975,18.4871,6125600
2016-04-12,20.4600,21.0675,20.3175,20.9850,19.0196,6766800
2016-04-13,21.3000,21.6375,21.2500,21.6000,19.5770,6755600
2016-04-14,21.6500,21.7875,21.4825,21.6175,19.5929,3907200
2016-04-15,21.6025,21.6350,21.4150,21.5325,19.5158,2482000
2016-04-18,21.3225,21.9950,21.2900,21.9875,19.9282,4456400
2016-04-19,22.1375,22.2875,21.8900,22.1900,20.1117,4188800
2016-04-20,22.2025,22.5125,22.0325,22.2450,20.1616,3657200
2016-04-21,22.2500,22.3000,21.7925,21.8925,19.8421,5027600
2016-04-22,21.7625,21.9825,21.5625,21.9025,19.8512,4210000
2016-04-25,21.6650,21.7800,21.4425,21.7800,19.7401,4736400
2016-04-26,21.9350,22.0550,21.7025,21.9000,19.8489,2966800
2016-04-27,21.7475,22.1525,21.6000,22.0025,19.9418,4423200
2016-04-28,21.7325,22.1350,21.2500,21.4075,19.4025,7452000
2016-04-29,21.1700,21.3000,20.6575,21.0600,19.0876,8393600
2016-05-02,21.2625,21.6200,21.0825,21.5525,19.5339,4671600
2016-05-03,21.1125,21.1875,20.7200,21.0000,19.0332,5110800
2016-05-04,20.5900,20.8950,20.4625,20.6450,18.7114,6275600
2016-05-05,20.8275,20.9275,20.4775,20.6225,18.6910,5004000
2016-05-06,20.3625,20.8600,20.2950,20.8525,18.8995,5840000
2016-05-09,20.8075,21.0425,20.7375,20.9150,18.9561,4610400
2016-05-10,21.1475,21.6750,21.1250,21.6525,19.6246,4244800
2016-05-11,21.4950,21.6275,21.0675,21.1000,19.1238,5992400
2016-05-12,21.3075,21.3675,20.7175,21.0800,19.1057,5446000
2016-05-13,20.9575,21.1575,20.4175,20.5225,18.6004,6476800
2016-05-16,20.5750,21.2950,20.5700,21.1175,19.1397,5204400
2016-05-17,21.0225,21.1350,20.3500,20.5675,18.6412,6536000
2016-05-18,20.3900,20.9650,20.1725,20.5675,18.6412,8466400
2016-05-19,20.3275,20.4375,19.9075,20.3500,18.4441,7958000
2016-05-20,20.5700,20.9000,20.5400,20.7025,18.7635,4043600
2016-05-23,20.7200,20.8225,20.5625,20.6400,18.7069,3386000
2016-05-24,20.9175,21.5450,20.9175,21.4400,19.4320,5690400
2016-05-25,21.6750,22.0250,21.6700,21.8475,19.8013,5123200
2016-05-26,21.9375,22.0000,21.7750,21.8850,19.8353,2695200
2016-05-27,21.9450,22.1575,21.9275,22.1525,20.0777,2528400
2016-05-31,22.2625,22.3100,21.8350,22.0500,19.9848,4244400
2016-06-01,21.8075,22.2350,21.7400,22.1700,20.0936,3289600
2016-06-02,22.0300,22.3750,21.8450,22.3675,20.2726,3242800
2016-06-03,22.1700,22.3000,21.7175,22.1825,20.1049,6862000
2016-06-06,22.3025,22.6375,22.2500,22.5050,20.3972,4921600
2016-06-07,22.5725,22.8200,22.5550,22.6025,20.4856,3073600
2016-06-08,22.6725,22.8750,22.6225,22.8175,20.6805,3115600
2016-06-09,22.5500,22.7825,22.4525,22.7375,20.6080,3858800
2016-06-10,22.1975,22.3375,21.8825,22.1000,20.0302,6922800
2016-06-13,21.8475,22.1775,21.5425,21.5725,19.5521,5588800
2016-06-14,21.4200,21.6575,21.0925,21.4350,19.4274,6336800
2016-06-15,21.4350,21.8000,21.2775,21.3425,19.3436,6995200
2016-06-16,21.0425,21.6000,20.6800,21.5625,19.5430,8201600
2016-06-17,21.5000,21.5050,21.0675,21.2975,19.3028,7283200
2016-06-20,22.0250,22.2500,21.6775,21.6900,19.6586,5210000
2016-06-21,21.9400,22.0375,21.6850,21.8875,19.8376,3280800
2016-06-22,21.9450,22.2225,21.7325,21.7550,19.7175,3946400
2016-06-23,22.2925,22.6350,22.1475,22.6225,20.5037,4851600
2016-06-24,20.2850,21.3750,20.0300,20.1700,18.2809,14501600
2016-06-27,19.7075,19.7200,18.8325,19.0675,17.2817,13004000
2016-06-28,19.6550,20.1325,19.5400,20.0600,18.1812,13388400
2016-06-29,20.6250,21.2325,20.5900,21.1525,19.1714,11790400
2016-06-30,21.3075,22.0400,21.1225,21.9900,19.9305,8538400
2016-07-01,21.9850,22.3350,21.9750,22.1150,20.0438,5926800
2016-07-05,21.8500,21.8825,21.4500,21.6925,19.6608,5652400
2016-07-06,21.4875,22.1075,21.2550,22.0550,19.9894,8422000
2016-07-07,22.1525,22.3750,21.7425,22.0000,19.9395,4572400
2016-07-08,22.5000,23.0875,22.4100,23.0075,20.8527,5956400
2016-07-11,23.1950,23.4550,23.1025,23.2475,21.0702,7207200
2016-07-12,23.6250,23.8600,23.5250,23.7350,21.5120,3888000
2016-07-13,23.9025,23.9250,23.5575,23.7450,21.5211,3981200
2016-07-14,24.2450,24.3150,23.9875,24.1250,21.8655,3817600
2016-07-15,24.3700,24.3700,23.8575,24.0225,21.7726,3570800
2016-07-18,24.0750,24.2875,23.9850,24.2300,21.9607,3135600
2016-07-19,24.0525,24.1625,23.9650,24.1325,21.8723,5678000
2016-07-20,24.3275,24.5425,24.1650,24.4525,22.1623,2963600
2016-07-21,24.3975,24.4875,23.9925,24.1575,21.8950,2946000
2016-07-22,24.2525,24.5125,24.1150,24.4825,22.1895,2502800
2016-07-25,24.4050,24.4225,24.0700,24.2900,22.0150,4178000
2016-07-26,24.2500,24.4575,23.9925,24.3075,22.0309,3252000
2016-07-27,24.4700,24.5000,23.9375,24.2400,21.9697,4436400
2016-07-28,24.1900,24.4425,23.9825,24.3200,22.0422,3035200
2016-07-29,24.2300,24.5825,24.1125,24.4525,22.1623,3334800
2016-08-01,24.4800,24.6150,24.1950,24.3525,22.0717,3550400
2016-08-02,24.2650,24.3350,23.5775,23.9000,21.6616,4800800
2016-08-03,23.8700,24.1300,23.7675,24.1100,21.8519,4232400
2016-08-04,24.1600,24.3075,23.9950,24.1800,21.9153,3210800
2016-08-05,24.4575,24.7900,24.4075,24.7825,22.4614,3714000
2016-08-08,24.8575,24.8925,24.6300,24.7375,22.4206,1892000
2016-08-09,24.7625,24.9700,24.6550,24.7750,22.4546,2493600
2016-08-10,24.8300,24.8500,24.4500,24.5975,22.2938,2476000
2016-08-11,24.8150,25.0300,24.6950,24.9400,22.6042,3703600
2016-08-12,24.8100,24.9450,24.7075,24.8600,22.5317,3075200
2016-08-15,25.0025,25.2150,25.0025,25.1025,22.7514,1999600
2016-08-16,24.9075,24.9350,24.6925,24.7025,22.3889,2612400
2016-08-17,24.7000,24.8800,24.3650,24.8150,22.4909,5244800
2016-08-18,24.8025,25.0000,24.7650,25.0000,22.6585,1747600
2016-08-19,24.8000,24.9425,24.6075,24.8750,22.5453,2480800
2016-08-22,24.7800,24.9550,24.6275,24.8650,22.5362,3160800
2016-08-23,25.1125,25.2275,24.9925,24.9975,22.6563,2220000
2016-08-24,24.9650,24.9975,24.4625,24.6550,22.3459,2969200
2016-08-25,24.4775,24.7400,24.4200,24.5650,22.2643,2613600
2016-08-26,24.6375,25.0425,24.0825,24.4275,22.1397,7179200
2016-08-29,24.4925,24.8925,24.4750,24.7850,22.4637,2393600
2016-08-30,24.7575,24.8625,24.4500,24.6575,22.3481,4769200
2016-08-31,24.5450,24.5800,24.1500,24.4525,22.1623,4132800
2016-09-01,24.4525,24.5750,24.0000,24.4600,22.1691,4662400
2016-09-02,24.7700,24.9525,24.5625,24.7775,22.4569,4949600
2016-09-06,24.9050,25.0250,24.6075,25.0125,22.6699,4488400
2016-09-07,24.9400,25.0675,24.7550,25.0075,22.6653,3725600
2016-09-08,24.8650,24.9700,24.7025,24.8225,22.4977,3178400
2016-09-09,24.3025,24.3100,23.0225,23.0250,20.8685,8130800
2016-09-12,22.7550,24.1750,22.7100,24.0300,21.7794,8086800
2016-09-13,23.5325,23.6200,22.7475,22.9850,20.8323,9060400
2016-09-14,23.0000,23.4550,22.7375,22.9425,20.7937,5171600
2016-09-15,22.8900,23.7850,22.8325,23.6375,21.4237,5882000
2016-09-16,23.4000,23.4650,23.0975,23.3475,21.1608,4321600
2016-09-19,23.6200,23.8550,23.2500,23.3675,21.1789,6420800
2016-09-20,23.6975,23.7550,23.3650,23.3775,21.1880,3504800
2016-09-21,23.6400,24.2275,23.3825,24.1450,21.8836,6676400
2016-09-22,24.5625,24.7300,24.4600,24.6000,22.2960,4320800
2016-09-23,24.4550,24.5025,24.1725,24.1975,21.9312,3593200
2016-09-26,23.8900,23.9450,23.5425,23.6250,21.4123,6629200
2016-09-27,23.5575,24.0875,23.4125,24.0550,21.8021,3959200
2016-09-28,24.1475,24.4625,23.7625,24.4150,22.1283,4882800
2016-09-29,24.3300,24.4775,23.5450,23.7275,21.5052,8038800
2016-09-30,24.0500,24.5375,23.9625,24.2950,22.0196,5385600
2016-10-03,24.1050,24.1725,23.8475,24.0650,21.8111,3846000
2016-10-04,24.1350,24.2225,23.4900,23.7475,21.5234,5207600
2016-10-05,23.9650,24.2050,23.9375,24.0225,21.7726,3939200
2016-10-06,23.9450,24.1625,23.7325,24.0900,21.8338,2600800
2016-10-07,24.1825,24.2525,23.5500,23.8425,21.6095,5418400
2016-10-10,24.1900,24.3800,24.1375,24.1875,21.9221,4122400
2016-10-11,24.0375,24.0500,23.0000,23.3050,21.1223,8120000
2016-10-12,23.3325,23.5700,23.1525,23.3850,21.1948,5792800
2016-10-13,22.8700,23.3325,22.5550,23.1550,20.9864,5972000
2016-10-14,23.5125,23.6850,23.1450,23.1650,20.9954,5942000
2016-10-17,23.1525,23.2500,22.8575,22.9350,20.7870,4492400
2016-10-18,23.5275,23.5475,23.2150,23.3325,21.1472,5958000
2016-10-19,23.4450,23.6500,23.3225,23.5250,21.3217,2146000
2016-10-20,23.4025,23.6150,23.1500,23.4000,21.2084,4296400
2016-10-21,23.1025,23.4625,23.0350,23.4300,21.2356,3824800
2016-10-24,23.7500,23.8650,23.5950,23.7075,21.4871,4127200
2016-10-25,23.6600,23.7525,23.4250,23.5075,21.3058,5372000
2016-10-26,23.1825,23.5650,23.0800,23.3525,21.1654,4628000
2016-10-27,23.6275,23.6275,23.1275,23.1600,20.9909,3555600
2016-10-28,23.1500,23.3950,22.6825,22.9425,20.7937,7927200
2016-10-31,23.0775,23.1500,22.8825,22.9200,20.7734,3772400
2016-11-01,23.0475,23.0775,21.9825,22.4500,20.3474,8182000
2016-11-02,22.3225,22.4650,21.8750,22.0275,19.9644,5886400
2016-11-03,22.1025,22.1900,21.6350,21.7325,19.6971,6000800
2016-11-04,21.7800,22.0725,21.6100,21.6400,19.6132,4517600
2016-11-07,22.5625,23.0950,22.5075,23.0575,20.8980,6525200
2016-11-08,22.9425,23.6125,22.8325,23.3800,21.1903,6892000
2016-11-09,22.7900,24.3700,22.7900,24.1300,21.8700,10286800
2016-11-10,24.4650,24.7775,23.7450,24.2850,22.0105,8039600
2016-11-11,24.0275,24.2275,23.7750,24.1475,21.8859,5265200
2016-11-14,24.3425,24.4225,23.8975,24.1850,21.9199,4454000
2016-11-15,24.3450,24.7500,24.2625,24.7375,22.4206,5878000
2016-11-16,24.5250,24.7050,24.4675,24.6425,22.3345,2623600
2016-11-17,24.6850,25.0175,24.6375,24.9850,22.6450,3218000
2016-11-18,25.0200,25.0800,24.7550,24.8150,22.4909,2643600
2016-11-21,25.0575,25.3925,24.9975,25.3625,22.9871,2594400
2016-11-22,25.5175,25.6050,25.2400,25.5300,23.1389,4909200
2016-11-23,25.3200,25.5900,25.2400,25.5775,23.1820,2710400
2016-11-25,25.7125,25.8575,25.6825,25.8500,23.4289,2276000
2016-11-28,25.7250,25.8250,25.4425,25.4925,23.1049,2604000
2016-11-29,25.4925,25.8125,25.3675,25.6200,23.2205,2066800
2016-11-30,25.8875,25.9475,25.4100,25.4125,23.0324,4189600
2016-12-01,25.5550,25.5575,25.0200,25.1525,22.7968,3791200
2016-12-02,25.1850,25.3825,25.0500,25.1800,22.8217,2244800
2016-12-05,25.5325,25.7875,25.4475,25.6150,23.2159,3278800
2016-12-06,25.7200,25.9000,25.5250,25.8750,23.4516,2393600
2016-12-07,25.8225,26.9250,25.7775,26.8875,24.3693,3237600
2016-12-08,26.8975,27.2950,26.7850,27.1025,24.5641,3366800
2016-12-09,27.2000,27.5875,27.1750,27.5875,25.0037,3374800
2016-12-12,27.5450,27.7500,27.3150,27.4875,24.9131,3563200
2016-12-13,27.7600,28.2525,27.7600,28.0125,25.3889,4048000
2016-12-14,27.9100,28.2250,27.1575,27.3550,24.7930,6147200
2016-12-15,27.4575,28.0350,27.3850,27.6800,25.0875,4765200
2016-12-16,27.8575,27.9050,27.3850,27.5275,24.9493,4379200
2016-12-19,27.6100,27.8750,27.5350,27.6775,25.0853,2588000
2016-12-20,27.9325,28.0750,27.8300,28.0000,25.3776,2748000
2016-12-21,27.9700,28.0225,27.7800,27.7900,25.1872,2390000
2016-12-22,27.7125,27.7575,27.4650,27.6425,25.0536,3383200
2016-12-23,27.6350,27.7375,27.5525,27.7175,25.1215,2654000
2016-12-27,27.8325,28.1025,27.8275,27.9175,25.3028,1785200
2016-12-28,28.0325,28.0425,27.2025,27.2725,24.7182,2704800
2016-12-29,27.2775,27.4225,27.0400,27.2250,24.6752,3390800
2016-12-30,27.3625,27.3825,26.6250,26.9375,24.4146,4903600
2017-01-03,27.4675,27.7450,27.0500,27.5075,24.9312,3557200
2017-01-04,27.6525,28.0775,27.6525,27.9950,25.3730,3548800
2017-01-05,27.9075,28.0175,27.6150,27.9300,25.3141,3352000
2017-01-06,28.0025,28.4375,27.7650,28.2450,25.5996,3386800
2017-01-09,28.1325,28.1875,27.9475,27.9775,25.3572,1995600
2017-01-10,27.9750,28.3200,27.7925,27.9525,25.3345,2475600
2017-01-11,27.9200,28.1850,27.6375,28.1850,25.5452,3181600
2017-01-12,27.9750,28.0600,27.3925,27.9825,25.3617,3253200
2017-01-13,28.0525,28.2850,28.0300,28.1600,25.5226,2795600
2017-01-17,27.8750,28.0550,27.6975,27.8575,25.2484,2405600
2017-01-18,27.9600,28.0500,27.7325,28.0375,25.4116,1934800
2017-01-19,28.0750,28.1250,27.5400,27.7375,25.1397,2534800
2017-01-20,28.0050,28.2325,27.7750,28.0100,25.3866,3196800
2017-01-23,27.8800,28.0425,27.4775,27.8100,25.2054,3571600
2017-01-24,27.8850,28.5000,27.8425,28.3275,25.6744,2754000
2017-01-25,28.7325,29.0650,28.6700,29.0300,26.3111,3774400
2017-01-26,29.0000,29.1125,28.8575,28.9625,26.2499,3257200
2017-01-27,28.9975,29.0625,28.7500,28.8475,26.1457,2080800
2017-01-30,28.5250,28.5325,27.8675,28.3250,25.6721,4163600
2017-01-31,28.0775,28.2950,27.8300,28.2875,25.6382,2991200
2017-02-01,28.5525,28.6675,28.0625,28.3250,25.6721,3903200
2017-02-02,28.1550,28.4825,28.0075,28.3450,25.6903,2627200
2017-02-03,28.7350,29.0100,28.6125,28.9300,26.2205,3748400
2017-02-06,28.7575,28.9225,28.6400,28.7950,26.0981,2288400
2017-02-07,28.9550,29.0475,28.6975,28.7950,26.0981,2212400
2017-02-08,28.6525,28.9400,28.5500,28.8900,26.1842,1586400
2017-02-09,29.0125,29.5325,28.9950,29.4000,26.6465,2447600
2017-02-10,29.5600,29.8425,29.5225,29.7400,26.9546,2306800
2017-02-13,29.9775,30.3400,29.9650,30.2125,27.3829,2523200
2017-02-14,30.1550,30.6050,29.9900,30.6050,27.7386,2172000
2017-02-15,30.5000,31.1500,30.4750,31.0550,28.1465,2554800
2017-02-16,31.0675,31.1550,30.6500,30.9975,28.0943,3195600
2017-02-17,30.6750,31.1075,30.6675,31.1075,28.1940,2228400
2017-02-21,31.2975,31.7475,31.2850,31.6500,28.6857,2732000
2017-02-22,31.4875,31.6900,31.4125,31.6025,28.6427,2665600
2017-02-23,31.8500,31.8500,31.3025,31.6575,28.6925,3489200
2017-02-24,31.2325,31.7875,31.2275,31.7875,28.8103,2390800
2017-02-27,31.7350,31.9725,31.6025,31.9050,28.9168,3122400
2017-02-28,31.7325,31.8325,31.4375,31.6450,28.6812,2719600
2017-03-01,32.4150,33.1900,32.4125,32.9575,29.8708,3872000
2017-03-02,32.8825,32.8875,32.3250,32.3725,29.3406,3061600
2017-03-03,32.3125,32.4800,32.1275,32.4225,29.3859,3098400
2017-03-06,32.0200,32.2750,31.8300,32.1200,29.1117,2941600
2017-03-07,31.9700,32.1300,31.7250,31.8475,28.8647,3066800
2017-03-08,31.9575,32.0700,31.5750,31.6625,28.6971,4086000
2017-03-09,31.6900,31.9050,31.3075,31.7475,28.7741,3416000
2017-03-10,32.2075,32.2175,31.6525,32.0550,29.0528,3942400
2017-03-13,32.0550,32.1375,31.9000,32.1100,29.1026,1491200
2017-03-14,31.8650,31.8775,31.4650,31.7375,28.7650,3264400
2017-03-15,32.0250,32.7575,31.9100,32.5325,29.4856,4504800
2017-03-16,32.6550,32.6700,32.2250,32.4000,29.3655,5068000
2017-03-17,32.5175,32.5800,32.2125,32.2125,29.1955,2408400
2017-03-20,32.1850,32.3250,31.9150,32.0875,29.0823,2757600
2017-03-21,32.3750,32.4325,30.8000,30.8800,27.9878,6515200
2017-03-22,30.8750,31.1900,30.5850,31.0500,28.1419,3771200
2017-03-23,30.9625,31.4775,30.8000,30.9600,28.0603,3348000
2017-03-24,31.1125,31.3525,30.5425,30.9125,28.0173,4364000
2017-03-27,30.1150,30.9100,30.0000,30.7800,27.8972,3237600
2017-03-28,30.6550,31.6375,30.6200,31.4325,28.4886,2798800
2017-03-29,31.3350,31.6500,31.2175,31.5625,28.6064,2466800
2017-03-30,31.5125,31.9300,31.4425,31.8125,28.8330,2553600
2017-03-31,31.6675,31.9050,31.5800,31.5875,28.6291,2183200
2017-04-03,31.6500,31.7125,30.8650,31.4625,28.5158,4154400
2017-04-04,31.2850,31.5250,31.1275,31.5125,28.5611,4488400
2017-04-05,31.7925,32.2550,31.1225,31.1800,28.2597,4515200
2017-04-06,31.2675,31.6950,31.0925,31.4450,28.4999,1854400
2017-04-07,31.3350,31.6750,31.1425,31.3600,28.4229,1834000
2017-04-10,31.4150,31.7750,31.1750,31.3975,28.4569,2067600
2017-04-11,31.2325,31.3325,30.6175,31.3025,28.3708,2908800
2017-04-12,31.1725,31.2525,30.7825,30.9050,28.0105,2782800
2017-04-13,30.7250,31.0525,30.2975,30.3025,27.4644,4100400
2017-04-17,30.5175,31.0725,30.4225,31.0675,28.1578,2580400
2017-04-18,30.7575,31.0375,30.4825,30.7925,27.9085,3318800
2017-04-19,31.0500,31.2075,30.5250,30.6275,27.7590,2571600
2017-04-20,30.8800,31.5550,30.7525,31.3475,28.4116,2454400
2017-04-21,31.3050,31.3275,30.8700,31.0425,28.1351,2192000
2017-04-24,32.0875,32.1625,31.8525,32.0400,29.0392,2588400
2017-04-25,32.3725,32.7825,32.3250,32.6075,29.5535,2329600
2017-04-26,32.6175,33.0250,32.5450,32.5825,29.5309,2221600
2017-04-27,32.7175,32.7800,32.3850,32.6600,29.6011,2266400
2017-04-28,32.7800,32.7800,32.3650,32.4400,29.4017,2041200
2017-05-01,32.6300,32.8600,32.4600,32.6300,29.5739,1042100
2017-05-02,32.7500,32.7800,32.5000,32.7000,29.6374,1100100
2017-05-03,32.4800,32.6600,32.2500,32.5400,29.4924,2750700
2017-05-04,32.7100,32.7200,32.2800,32.6500,29.5921,1366700
2017-05-05,32.8500,33.0400,32.6400,33.0400,29.9455,1258800
2017-05-08,33.0800,33.1300,32.8300,33.0500,29.9546,1425200
2017-05-09,33.1800,33.2500,32.7700,32.9700,29.8821,1749800
2017-05-10,32.9200,33.1100,32.8200,33.1100,30.0090,699300
2017-05-11,32.9100,32.9800,32.4000,32.9300,29.8458,1253200
2017-05-12,32.7800,32.8300,32.6000,32.7600,29.6918,723000
2017-05-15,32.9200,33.3200,32.9100,33.2200,30.1087,1409300
2017-05-16,33.4100,33.4200,32.9900,33.1600,30.0543,1256900
2017-05-17,32.3300,32.5700,31.3800,31.4400,28.4954,3034600
2017-05-18,31.3300,32.1700,31.2600,31.7600,28.7854,2075500
2017-05-19,32.0100,32.6900,31.9800,32.3600,29.3292,1548900
2017-05-22,32.6100,32.9500,32.5900,32.8700,29.7915,1140900
2017-05-23,33.0400,33.1700,32.8800,33.0800,29.9818,1872200
2017-05-24,33.2100,33.3700,33.0600,33.3000,30.1812,943600
2017-05-25,33.5900,33.9400,33.4700,33.7700,30.6072,1614300
2017-05-26,33.7400,33.8400,33.6700,33.8000,30.6344,885800
2017-05-30,33.6300,33.8000,33.5400,33.7000,30.5437,559000
2017-05-31,33.8500,33.8500,33.3200,33.6500,30.4984,1158800
2017-06-01,33.8600,34.4400,33.7400,34.4300,31.2054,1564700
2017-06-02,34.4900,34.8500,34.3300,34.7400,31.4863,1792800
2017-06-05,34.7000,34.8300,34.6200,34.6600,31.4138,1483000
2017-06-06,34.3900,34.6800,34.3300,34.3600,31.1419,1006500
2017-06-07,34.5300,34.6600,34.2000,34.5600,31.3232,1038200
2017-06-08,34.5900,34.8400,34.3500,34.6000,31.3594,1572500
2017-06-09,34.7400,35.1200,33.8200,34.4500,31.2235,2365200
2017-06-12,34.3000,34.4400,33.9900,34.4000,31.1782,1793200
2017-06-13,34.6800,34.9400,34.5100,34.8900,31.6223,1570000
2017-06-14,35.0500,35.0500,34.3700,34.7800,31.5226,2799100
2017-06-15,34.1000,34.6300,33.9800,34.5700,31.3322,1533600
2017-06-16,34.6600,34.6600,34.1600,34.5500,31.3141,1435300
2017-06-19,34.9700,35.4500,34.9300,35.4000,32.0845,1888500
2017-06-20,35.2300,35.2600,34.7100,34.7500,31.4954,1043400
2017-06-21,34.8600,34.9500,34.4800,34.7000,31.4501,781000
2017-06-22,34.7000,34.9300,34.5700,34.6200,31.3776,501600
2017-06-23,34.6800,34.9100,34.4800,34.7800,31.5226,1366800
2017-06-26,35.0900,35.2900,34.7000,34.7900,31.5316,1472200
2017-06-27,34.6600,34.8400,33.9700,34.0100,30.8247,3221500
2017-06-28,34.4500,34.9600,34.3400,34.8500,31.5860,1764400
2017-06-29,34.9400,34.9700,33.3700,33.9600,30.7794,3030800
2017-06-30,34.3400,34.5200,34.0400,34.1300,30.9335,1723200
2017-07-03,34.6000,34.8000,34.2800,34.2800,31.0694,1307200
2017-07-05,34.4800,34.6300,34.0800,34.5100,31.2779,943700
2017-07-06,34.1400,34.2000,33.5000,33.6100,30.4622,1423300
2017-07-07,33.8600,34.3000,33.7800,34.2000,30.9969,1102600
2017-07-10,34.1600,34.5100,34.0700,34.3000,31.0875,820900
2017-07-11,34.2300,34.3900,33.6700,34.2500,31.0422,1443500
2017-07-12,34.7200,35.1000,34.7200,35.0100,31.7310,1679900
2017-07-13,35.0300,35.2400,34.9100,35.1800,31.8851,993200
2017-07-14,35.1800,35.8300,35.1000,35.6200,32.2839,1940100
2017-07-17,35.6300,35.8100,35.5700,35.6200,32.2839,754000
2017-07-18,35.4500,35.7200,35.2700,35.6800,32.3383,1209900
2017-07-19,35.8400,36.2700,35.8400,36.2600,32.8639,1065800
2017-07-20,36.4200,36.4600,36.0300,36.2900,32.8911,987400
2017-07-21,36.0400,36.2200,35.9000,36.2200,32.8277,1022200
2017-07-24,36.1900,36.2500,35.9500,36.1700,32.7824,846500
2017-07-25,36.5600,36.6100,36.3300,36.4400,33.0271,1273400
2017-07-26,36.6000,36.6100,36.3100,36.4400,33.0271,1375800
2017-07-27,36.6700,36.6800,35.6800,36.3400,32.9365,1551200
2017-07-28,36.0700,36.2600,35.8500,36.1900,32.8005,1001900
2017-07-31,36.4000,36.4400,36.0300,36.1300,32.7461,1037600
2017-08-01,36.4500,36.4500,36.1600,36.3500,32.9455,887400
2017-08-02,36.4400,36.4800,35.9500,36.4000,32.9908,1110300
2017-08-03,36.3800,36.3800,36.0700,36.2200,32.8277,743500
2017-08-04,36.4300,36.5400,36.1900,36.3900,32.9818,991100
2017-08-07,36.4100,36.5800,36.3500,36.5500,33.1268,558400
2017-08-08,36.4200,37.0400,36.1100,36.3300,32.9274,1060500
2017-08-09,35.9600,36.3200,35.7700,36.2800,32.8821,1500700
2017-08-10,35.8700,35.9400,34.7400,34.7800,31.5226,3793900
2017-08-11,34.8900,35.2000,34.7500,34.8900,31.6223,2538200
2017-08-14,35.5500,36.0500,35.5300,35.9100,32.5467,2081100
2017-08-15,36.1000,36.1300,35.7700,35.9100,32.5467,948700
2017-08-16,36.1600,36.3700,35.8900,36.0900,32.7099,1277800
2017-08-17,35.7700,35.9400,34.4000,34.4000,31.1782,3538900
2017-08-18,34.3300,34.8500,34.0100,34.2300,31.0241,2157700
2017-08-21,34.2100,34.4300,33.8600,34.3300,31.1147,1750600
2017-08-22,34.5900,35.4500,34.5800,35.3400,32.0301,1859500
2017-08-23,34.8900,35.2000,34.8200,34.9900,31.7129,1340600
2017-08-24,35.1800,35.2500,34.6300,34.7300,31.4773,3856300
2017-08-25,35.1200,35.4100,34.8900,34.9400,31.6676,1189000
2017-08-28,35.2100,35.2300,34.7700,34.9900,31.7129,913100
2017-08-29,34.3200,35.2000,34.2700,35.0600,31.7764,1381500
2017-08-30,35.0700,35.7100,34.9800,35.6000,32.2658,1707200
2017-08-31,35.9000,36.3400,35.8400,36.2000,32.8096,2357000
2017-09-01,36.4000,36.5700,36.2700,36.3900,32.9818,2154200
2017-09-05,36.1000,36.2000,35.0700,35.6000,32.2658,2677300
2017-09-06,35.9100,36.0900,35.6300,35.9200,32.5558,2617900
2017-09-07,36.0900,36.1000,35.7100,35.9300,32.5649,2012400
2017-09-08,35.7400,35.9900,35.6500,35.7600,32.4108,1071500
2017-09-11,36.3900,36.9400,36.3900,36.8800,33.4259,1122100
2017-09-12,37.0800,37.2900,36.9800,37.2700,33.7794,1108100
2017-09-13,37.1100,37.3500,37.0800,37.3400,33.8428,654000
2017-09-14,37.1500,37.3800,37.0600,37.3000,33.8066,630400
2017-09-15,37.2100,37.4600,37.1500,37.4200,33.9153,721700
2017-09-18,37.6100,37.8300,37.4500,37.6400,34.1147,835100
2017-09-19,37.7700,37.8100,37.5900,37.7500,34.2144,386600
2017-09-20,37.8100,37.8600,37.2700,37.8300,34.2869,933900
2017-09-21,37.7300,37.7500,37.4100,37.5100,33.9969,767900
2017-09-22,37.3200,37.5900,37.3100,37.5100,33.9969,591400
2017-09-25,37.3500,37.5500,36.8900,37.3000,33.8066,1759700
2017-09-26,37.4800,37.6100,37.2200,37.3500,33.8519,1117100
2017-09-27,37.6900,37.9600,37.2500,37.7400,34.2053,1751700
2017-09-28,37.6100,37.9200,37.5800,37.8800,34.3322,931100
2017-09-29,37.8500,38.3000,37.7900,38.2300,34.6494,987400
2017-10-02,38.3900,38.7600,38.3500,38.7600,35.1298,1159800
2017-10-03,38.8400,39.0200,38.7300,39.0200,35.3655,616500
2017-10-04,38.9500,39.2800,38.8900,39.1300,35.4652,1407400
2017-10-05,39.3200,39.8400,39.2600,39.8200,36.0905,1349100
2017-10-06,39.6000,39.7300,39.4600,39.6900,35.9727,1158900
2017-10-09,39.8000,39.8500,39.3600,39.5200,35.8186,961100
2017-10-10,39.7900,40.0100,39.5200,39.8000,36.0724,1020000
2017-10-11,39.7500,40.0000,39.6800,39.9900,36.2446,1247900
2017-10-12,39.8100,40.0000,39.6700,39.8000,36.0724,1105900
2017-10-13,40.0200,40.0900,39.8400,39.9300,36.1902,1724200
2017-10-16,40.0600,40.1900,39.8800,40.0800,36.3262,1329900
2017-10-17,40.0600,40.1900,39.9500,40.1600,36.3987,999900
2017-10-18,40.3700,40.3900,40.1800,40.2600,36.4893,894700
2017-10-19,39.8700,40.3200,39.6300,40.3200,36.5437,1729700
2017-10-20,40.7300,40.9100,40.5900,40.8800,37.0513,1932000
2017-10-23,41.0700,41.0700,40.3900,40.4600,36.6706,1741100
2017-10-24,40.6600,40.7700,40.4600,40.6500,36.8428,1370500
2017-10-25,40.4700,40.5200,39.4200,40.0700,36.3171,3105300
2017-10-26,40.3600,40.5200,40.1600,40.2000,36.4350,1953000
2017-10-27,40.6100,41.2400,40.4400,41.1500,37.2960,1782700
2017-10-30,40.6100,41.1000,40.5400,40.7300,36.9153,1209800
2017-10-31,40.9200,41.0200,40.7300,40.8700,37.0422,1028600
2017-11-01,41.3200,41.5000,40.8500,41.0700,37.2235,1333500
2017-11-02,41.0200,41.1500,40.4200,41.1000,37.2507,1400900
2017-11-03,41.1800,41.5000,40.9300,41.4600,37.5769,1464600
2017-11-06,41.4000,41.7300,41.3600,41.6300,37.7310,1080100
2017-11-07,41.7400,41.9000,41.3000,41.6000,37.7038,1336700
2017-11-08,41.4500,41.8300,41.3400,41.8100,37.8942,942900
2017-11-09,41.1400,41.4300,40.4500,41.3400,37.4682,2350100
2017-11-10,41.1100,41.3200,40.9200,41.2600,37.3957,1739200
2017-11-13,40.8800,41.5000,40.8700,41.3700,37.4954,1050900
2017-11-14,40.9300,41.1500,40.5000,41.1000,37.2507,1422400
2017-11-15,40.5500,40.8200,40.0800,40.4600,36.6706,1777700
2017-11-16,40.9700,41.6800,40.9500,41.4600,37.5769,2046300
2017-11-17,41.2800,41.3900,41.0700,41.1300,37.2779,1323700
2017-11-20,41.2200,41.4100,41.1000,41.2800,37.4138,910200
2017-11-21,41.7400,42.2100,41.6900,42.1000,38.1570,1278100
2017-11-22,42.1400,42.1900,41.9100,42.0100,38.0754,847600
2017-11-24,42.2700,42.3300,42.1800,42.2500,38.2929,607400
2017-11-27,42.2700,42.4600,42.0900,42.2100,38.2567,1201000
2017-11-28,42.4600,43.5000,42.4200,43.4700,39.3987,1407300
2017-11-29,43.5800,43.8600,43.1500,43.3900,39.3262,2649400
2017-11-30,43.9200,45.0400,43.8800,44.4800,40.3141,3116000
2017-12-01,44.4300,44.6700,42.4100,44.2500,40.1056,4092700
2017-12-04,45.1900,45.4300,44.0800,44.0900,39.9606,2755000
2017-12-05,44.1900,44.5900,43.5200,43.6000,39.5165,2137500
2017-12-06,43.4000,43.8600,43.3600,43.5900,39.5075,1445600
2017-12-07,43.5400,44.2000,43.4800,44.0100,39.8881,1269700
2017-12-08,44.5000,44.7500,44.3400,44.7300,40.5407,1424900
2017-12-11,44.7600,45.1700,44.7300,45.1400,40.9123,1095200
2017-12-12,45.3000,45.6500,45.1500,45.3900,41.1389,1530100
2017-12-13,43.9200,44.1500,43.7000,43.7400,41.0956,6500900
2017-12-14,43.9300,43.9600,43.1600,43.2100,40.5977,1298200
2017-12-15,43.7600,44.5200,43.7200,44.2700,41.5936,2130200
2017-12-18,45.0500,45.3000,44.9900,45.1400,42.4110,1631000
2017-12-19,45.1700,45.1700,44.4600,44.5200,41.9353,3155000
2017-12-20,45.0000,45.0500,44.2400,44.4200,41.8411,1792000
2017-12-21,44.7200,45.0600,44.5200,44.6500,42.0578,2038400
2017-12-22,44.6500,44.6600,44.3000,44.6000,42.0107,1343600
2017-12-26,44.4100,44.5400,44.3000,44.4400,41.8600,805800
2017-12-27,44.5300,44.7100,44.3600,44.5200,41.9353,1119500
2017-12-28,44.7400,44.7900,44.5500,44.7400,42.1426,2214100
2017-12-29,45.0400,45.0400,44.1200,44.3300,41.7564,2493300
2018-01-02,44.7300,45.1900,44.5000,45.1900,42.5664,1826300
2018-01-03,45.2700,46.0900,45.2500,45.9900,43.3200,2150800
2018-01-04,46.3800,46.8700,46.3200,46.5700,43.8663,2632000
2018-01-05,47.0300,47.5600,46.7400,47.4500,44.6952,1928900
2018-01-08,47.4200,47.8200,47.2500,47.7400,44.9684,1992500
2018-01-09,48.0000,48.4200,47.8300,48.0700,45.2792,1604800
2018-01-10,47.6100,47.9800,47.2100,47.7900,45.0155,2428300
2018-01-11,48.1700,48.8700,48.0600,48.8700,46.0328,1926400
2018-01-12,49.0400,49.9200,48.9500,49.8200,46.9276,2582100
2018-01-16,50.5900,50.9900,48.8500,49.2900,46.4284,5166500
2018-01-17,49.8400,50.9100,49.4000,50.6600,47.7189,2519300
2018-01-18,50.6000,50.8800,50.1300,50.4600,47.5305,2063900
2018-01-19,50.7800,51.0900,50.4200,51.0900,48.1239,2115700
2018-01-22,50.9300,52.3500,50.9300,52.3500,49.3107,2418800
2018-01-23,52.4000,52.8800,52.2000,52.7000,49.6404,2437700
2018-01-24,53.1000,53.4800,51.8900,52.6200,49.5651,3648000
2018-01-25,53.1900,53.2400,52.2200,52.6900,49.6310,3116800
2018-01-26,53.1900,54.4900,53.0400,54.4800,51.3171,2219800
2018-01-29,54.1400,54.4000,53.3000,53.4100,50.3092,3100200
2018-01-30,52.1700,52.6000,51.4100,51.7100,48.7079,5671000
2018-01-31,52.3100,52.6000,51.1400,51.8400,48.8303,4027500
2018-02-01,51.2900,52.4600,51.1600,51.6300,48.6325,4293000
2018-02-02,50.7500,50.8600,48.2200,48.2700,45.4676,7028200
2018-02-05,47.1000,48.4000,41.8200,42.3400,39.8819,13353200
2018-02-06,40.2600,44.9500,39.7500,44.6900,42.0955,13332300
2018-02-07,44.3700,46.2500,43.9100,43.9200,41.3702,9536600
2018-02-08,44.0700,44.1700,38.9700,39.0400,36.7735,13277100
2018-02-09,40.4600,41.6800,36.8200,40.8300,38.4595,15481900
2018-02-12,41.8000,43.2500,40.8800,42.4300,39.9667,9384500
2018-02-13,41.7900,43.1000,41.5200,42.8100,40.3246,6607500
2018-02-14,42.0300,44.7000,42.0000,44.5200,41.9353,7033200
2018-02-15,45.4900,46.1900,44.1000,46.1900,43.5084,7578600
2018-02-16,45.8300,47.3800,45.8200,46.2000,43.5178,7867600
2018-02-20,45.6900,46.5000,44.9100,45.3700,42.7360,6606200
2018-02-21,45.6000,47.0200,44.6200,44.6200,42.0295,8045400
2018-02-22,45.2200,46.1400,44.4700,44.8400,42.2367,7927800
2018-02-23,45.5700,46.9800,45.2700,46.9800,44.2525,5206600
2018-02-26,47.6000,48.6900,47.3000,48.6200,45.7973,5547900
2018-02-27,48.7200,49.1700,46.7800,46.7800,44.0641,6994400
2018-02-28,47.4500,47.7200,45.2100,45.2300,42.6041,7746500
2018-03-01,45.2800,46.1100,42.5200,43.3800,40.8615,10796400
2018-03-02,42.4300,44.3300,41.9400,44.0600,41.5020,8644000
2018-03-05,43.3600,45.8600,43.2900,45.5300,42.8867,8260300
2018-03-06,46.1000,46.1100,45.0400,45.8900,43.2258,5180900
2018-03-07,44.6300,46.0500,44.5300,45.8600,43.1975,7490100
2018-03-08,46.2200,46.5700,45.6500,46.5100,43.8098,4788600
2018-03-09,47.3100,48.9200,47.1100,48.8900,46.0516,5875100
2018-03-12,49.1000,49.4600,48.5000,48.7200,45.8915,4652600
2018-03-13,49.4100,49.7200,47.4000,47.7500,44.9778,7375300
2018-03-14,48.3200,48.4200,46.6900,47.0200,44.2902,4263700
2018-03-15,47.3400,47.7000,46.5700,46.8500,44.1300,4193700
2018-03-16,47.1100,47.6000,46.9600,46.9600,44.2337,4315400
2018-03-19,46.5000,46.5300,44.1000,45.0500,42.4346,6423900
2018-03-20,45.2500,45.6300,44.9000,45.2700,42.6418,3142600
2018-03-21,45.2500,46.4400,44.8900,45.0400,42.4251,4552800
2018-03-22,43.7300,44.2500,41.4900,41.6900,39.2696,10022300
2018-03-23,41.9200,42.0500,38.8600,38.9300,36.6699,10342200
2018-03-26,40.8300,42.3200,39.5800,42.1900,39.7406,9041700
2018-03-27,42.6600,42.9400,39.1500,39.9200,37.6024,7820200
2018-03-28,40.0600,40.9200,39.0200,39.6400,37.3386,9961400
2018-03-29,40.2300,42.0900,39.8200,41.2900,38.8928,7663100
2018-04-02,40.8500,41.1200,37.1200,38.4200,36.1895,12107000
2018-04-03,39.1000,40.1600,38.1100,39.9300,37.6118,9172500
2018-04-04,38.0700,41.5200,37.9900,41.2200,38.8269,10015100
2018-04-05,42.0800,42.5900,41.4900,42.1000,39.6558,6809900
2018-04-06,41.0600,41.8500,38.5000,39.3400,37.0561,10687400
2018-04-09,40.1000,41.6100,39.6400,39.7900,37.4799,6741700
2018-04-10,41.3800,42.1900,40.7900,41.7900,39.3638,7414000
2018-04-11,40.9900,42.0200,40.9400,41.0700,38.6856,6605700
2018-04-12,41.8000,42.6000,41.7000,42.1100,39.6652,6027000
2018-04-13,42.7800,42.8700,41.1600,41.7300,39.3073,6007900
2018-04-16,42.5800,43.1500,42.1400,42.7300,40.2492,3747100
2018-04-17,43.6900,44.4100,43.3800,44.0900,41.5303,4018900
2018-04-18,44.3900,44.6400,43.9400,44.1700,41.6056,3330000
2018-04-19,43.8000,43.9400,42.8900,43.4500,40.9274,4214600
2018-04-20,43.4300,43.5200,41.8500,42.3200,39.8630,5689900
2018-04-23,42.6300,42.9400,41.7200,42.2900,39.8348,3243300
2018-04-24,42.8600,42.9700,39.7800,40.6400,38.2806,8778800
2018-04-25,40.5900,41.1400,39.6100,40.8700,38.4972,4856000
2018-04-26,41.4400,42.5400,41.2000,42.1000,39.6558,5523000
2018-04-27,42.4200,42.6000,41.7200,42.2000,39.7500,4741100
2018-04-30,42.5200,42.8500,41.2100,41.2200,38.8269,5237100
2018-05-01,40.9900,41.5000,40.1300,41.4400,39.0341,5157500
2018-05-02,41.3400,41.7700,40.3900,40.5600,38.2052,5284600
2018-05-03,40.1100,40.6600,38.7000,40.3000,37.9603,9825200
2018-05-04,39.8000,42.2100,39.6400,41.8500,39.4203,5889100
2018-05-07,42.2900,42.8000,41.9100,42.2500,39.7971,4272200
2018-05-08,42.1000,42.4800,41.4600,42.2600,39.8065,3465300
2018-05-09,42.6500,43.6600,42.3500,43.4700,40.9463,4047700
2018-05-10,43.9100,44.8900,43.8400,44.7200,42.1237,4701900
2018-05-11,44.7500,45.2600,44.4800,44.9700,42.3592,2738500
2018-05-14,45.3500,45.7100,44.8700,45.1100,42.4911,2527400
2018-05-15,44.4700,44.4800,43.7400,44.2100,41.6433,6682400
2018-05-16,44.2300,45.0200,44.2300,44.7900,42.1897,5268900
2018-05-17,44.6300,45.2500,44.2100,44.6500,42.0578,4154800
2018-05-18,44.4500,44.6300,44.1000,44.3100,41.7375,1706400
2018-05-21,45.1200,45.6000,44.9300,45.2800,42.6512,3499200
2018-05-22,45.6000,45.7400,44.7300,44.9000,42.2933,2422200
2018-05-23,44.1900,45.3100,44.1000,45.2800,42.6512,3009600
2018-05-24,45.0600,45.2000,44.0000,45.0200,42.4063,3219500
2018-05-25,44.6800,45.0100,44.3700,44.6500,42.0578,1971600
2018-05-29,43.7600,44.1800,42.4900,43.1500,40.6449,5521900
2018-05-30,43.8200,45.0400,43.7600,44.8200,42.2179,3855100
2018-05-31,44.6000,44.7600,43.6500,43.9000,41.3513,4017000
2018-06-01,44.7200,45.4100,44.6500,45.2700,42.6418,4400200
2018-06-04,45.7100,46.0300,45.5800,45.9100,43.2446,2689200
2018-06-05,45.9400,46.1900,45.5200,46.0100,43.3388,2540000
2018-06-06,46.3300,47.1700,45.9700,47.1700,44.4315,3249400
2018-06-07,47.4300,47.5800,46.5800,47.0900,44.3561,2745700
2018-06-08,46.8300,47.5300,46.7300,47.4900,44.7329,2116100
2018-06-11,47.6200,48.1100,47.5600,47.7000,44.9307,2045600
2018-06-12,47.9400,48.0800,47.5000,47.9300,45.1474,2306600
2018-06-13,48.0300,48.1600,47.3100,47.3800,44.6293,2617100
2018-06-14,47.9100,48.0600,47.4200,47.7500,44.9778,2214800
2018-06-15,47.3300,47.7400,46.6400,47.5600,44.7988,2351900
2018-06-18,46.7000,47.3200,46.4200,47.2300,44.4880,2556700
2018-06-19,45.9400,46.8200,45.6900,46.6900,43.9924,3410900
2018-06-20,47.0600,47.3000,46.7400,46.9600,44.2468,2782900
2018-06-21,46.9300,46.9300,45.7600,46.0500,43.3894,3239100
2018-06-22,46.7400,46.7800,46.1500,46.2500,43.5778,1835900
2018-06-25,45.6000,45.6800,43.4300,44.4000,41.8347,7442900
2018-06-26,44.6900,45.1300,44.2600,44.6500,42.0702,2959600
2018-06-27,44.9600,45.7600,43.4700,43.5200,41.0055,4772500
2018-06-28,43.4700,44.7000,43.1100,44.3400,41.7782,3977500
2018-06-29,44.8800,45.6100,44.4000,44.5400,41.9666,3857900
2018-07-02,43.5800,44.8000,43.4500,44.6700,42.0891,4088400
2018-07-03,45.2100,45.2500,44.0000,44.1700,41.6180,1803400
2018-07-05,44.8500,45.3400,44.2500,45.2600,42.6450,2870400
2018-07-06,45.3000,46.6200,45.0700,46.3700,43.6909,4119900
2018-07-09,47.0000,47.6900,46.9800,47.6800,44.9252,3152200
2018-07-10,47.9300,48.2400,47.7600,48.1400,45.3586,2952400
2018-07-11,47.2500,47.7300,46.9300,47.1700,44.4447,3519500
2018-07-12,47.8300,48.4200,47.5000,48.3600,45.5659,3730300
2018-07-13,48.2900,48.6700,48.0100,48.4500,45.6507,2323400
2018-07-16,48.5200,48.5800,48.0900,48.3500,45.5565,1436200
2018-07-17,47.9000,49.1600,47.8800,48.9300,46.1030,3225300
2018-07-18,48.9800,49.2900,48.7100,49.2200,46.3762,2005400
2018-07-19,48.8100,49.0400,48.3800,48.6400,45.8297,2648300
2018-07-20,48.5400,48.8900,48.3900,48.5100,45.7072,2139000
2018-07-23,48.3500,48.8600,48.1600,48.7700,45.9522,1643600
2018-07-24,49.5200,49.9600,48.9500,49.4100,46.5552,3432200
2018-07-25,49.3300,50.9100,49.3200,50.7800,47.8461,3646000
2018-07-26,50.3000,50.7800,50.2200,50.3300,47.4221,2383900
2018-07-27,50.5800,50.5800,48.7600,49.3300,46.4798,3060200
2018-07-30,49.3500,49.4400,48.2100,48.4800,45.6790,2313900
2018-07-31,49.0200,49.6000,48.7400,49.1900,46.3479,2551100
2018-08-01,49.3100,49.6500,48.6300,49.0300,46.1972,2450800
2018-08-02,48.2100,49.8700,48.0700,49.7300,46.8567,2931700
2018-08-03,49.8700,50.4200,49.7400,50.4100,47.4974,1928300
2018-08-06,50.3700,51.1300,50.1900,50.9600,48.0157,2344700
2018-08-07,51.3500,51.6700,51.2600,51.4400,48.4679,2416900
2018-08-08,51.3400,51.6200,51.1000,51.3800,48.4114,1851800
2018-08-09,51.4200,51.6400,51.0700,51.1600,48.2041,1871400
2018-08-10,50.2500,50.5800,49.6800,50.1000,47.2054,2915300
2018-08-13,50.2400,50.6300,49.3500,49.5200,46.6589,3362100
2018-08-14,49.9800,50.6100,49.7400,50.4500,47.5351,2305700
2018-08-15,49.6700,49.7200,48.4800,49.3600,46.5081,4301800
2018-08-16,50.1600,51.0300,50.1600,50.5100,47.5917,3019000
2018-08-17,50.3300,51.3000,50.1400,51.0000,48.0534,3372100
2018-08-20,51.3000,51.5100,51.0400,51.3400,48.3737,2516800
2018-08-21,51.6800,52.2300,51.5900,51.6600,48.6752,2456300
2018-08-22,51.4400,51.9100,51.2900,51.6100,48.6281,2035400
2018-08-23,51.5000,52.0000,51.1900,51.3700,48.4020,2146900
2018-08-24,51.7400,52.3700,51.6900,52.2500,49.2311,2470200
2018-08-27,53.0000,53.5900,52.9400,53.4800,50.3901,3019000
2018-08-28,53.8400,53.8800,53.3200,53.6300,50.5314,2224800
2018-08-29,53.7300,54.6100,53.5800,54.4500,51.3040,2130000
2018-08-30,54.1400,54.3800,53.4200,53.7500,50.6445,2677900
2018-08-31,53.5100,54.0500,53.1900,53.7500,50.6445,2799300
2018-09-04,53.5100,53.6900,52.8500,53.5000,50.4089,2390200
2018-09-05,53.2500,53.3600,52.4000,53.0900,50.0226,2584500
2018-09-06,53.1000,53.2700,51.9100,52.6000,49.5609,2514500
2018-09-07,51.8600,52.8100,51.7300,52.1900,49.1746,2650600
2018-09-10,52.8300,52.9900,52.3700,52.4900,49.4573,1730500
2018-09-11,52.0900,53.2800,51.8600,53.0500,49.9849,1957000
2018-09-12,52.9900,53.4000,52.5600,53.0700,50.0038,2661100
2018-09-13,53.6900,54.0800,53.5200,53.9400,50.8235,1817700
2018-09-14,54.1000,54.1900,53.4900,53.9600,50.8423,1873600
2018-09-17,53.9000,53.9500,52.9200,53.0900,50.0226,1709500
2018-09-18,53.2100,54.2900,53.2000,53.9200,50.8047,1700500
2018-09-19,53.9700,54.3700,53.8800,54.1200,50.9931,1218800
2018-09-20,54.9000,55.6100,54.8400,55.3800,52.1803,2039700
2018-09-21,55.8900,55.9500,55.1300,55.2500,52.0578,2134900
2018-09-24,54.8600,54.9600,54.3200,54.7300,51.5679,2156000
2018-09-25,54.8600,54.9200,54.2700,54.4100,51.3733,1670000
2018-09-26,54.5000,55.2400,53.6700,53.9000,50.8918,1894500
2018-09-27,54.2100,55.0400,54.0400,54.3400,51.3073,1622200
2018-09-28,53.9600,54.6600,53.9300,54.3200,51.2884,1493000
2018-10-01,55.1600,55.5900,54.5000,54.8900,51.8266,1943400
2018-10-02,54.8000,55.2700,54.5800,54.8000,51.7416,1228300
2018-10-03,55.4600,55.7500,54.6800,54.9200,51.8549,1638500
2018-10-04,54.5800,54.6100,52.6100,53.6100,50.6180,4263400
2018-10-05,53.7300,54.0300,51.8000,52.7900,49.8438,4200900
2018-10-08,52.3000,52.9000,51.4000,52.6600,49.7210,3714700
2018-10-09,52.4500,53.2300,52.1000,52.4600,49.5322,3446900
2018-10-10,52.0900,52.1100,47.2300,47.4900,44.8396,9485400
2018-10-11,46.8700,47.7400,43.3900,44.2700,41.7993,14318800
2018-10-12,46.6100,46.7000,44.3700,46.1700,43.5932,8069400
2018-10-15,45.8700,46.6500,45.2900,45.3500,42.8190,4841800
2018-10-16,46.3900,48.5400,46.1700,48.2200,45.5288,5154900
2018-10-17,48.3200,48.6600,46.8200,48.2800,45.5855,5035100
2018-10-18,47.7800,48.1100,45.4600,46.2500,43.6688,6828500
2018-10-19,46.6000,47.6400,45.7100,46.0600,43.4894,6193400
2018-10-22,46.5100,46.6600,45.1700,45.5200,42.9795,4825900
2018-10-23,43.4200,45.3900,42.3000,44.7400,42.2430,7697800
2018-10-24,44.6500,44.8500,40.4200,40.6900,38.4191,9348200
2018-10-25,41.6000,43.6800,41.1000,42.9200,40.5246,6732000
2018-10-26,40.8700,42.2300,39.1400,40.5600,38.2963,10652300
2018-10-29,42.1600,42.8100,38.0700,39.8700,37.6448,8851100
2018-10-30,39.8400,41.8300,39.5800,41.7200,39.3916,6286900
2018-10-31,43.0100,44.1900,42.7600,43.0100,40.6096,6174000
2018-11-01,43.4600,44.4600,42.8700,44.3900,41.9126,4317600
2018-11-02,44.9300,45.1700,42.4200,43.4800,41.0534,6079700
2018-11-05,43.7800,44.5300,43.2800,44.2400,41.7709,2801900
2018-11-06,44.2100,45.1700,44.1700,45.0800,42.5641,2298000
2018-11-07,46.3000,48.0000,46.0600,47.8900,45.2172,4159300
2018-11-08,47.5400,48.0700,47.0300,47.6600,45.0001,2813900
2018-11-09,46.9500,47.0400,45.4800,46.3300,43.7443,4498600
2018-11-12,45.9900,46.1100,43.3900,43.6400,41.2044,5285200
2018-11-13,43.9000,44.9800,43.0100,43.4000,40.9778,4814300
2018-11-14,44.4300,44.6200,41.6900,42.5200,40.1469,5201200
2018-11-15,41.8600,44.1000,41.0200,43.8700,41.4216,6201800
2018-11-16,43.2500,44.6500,42.9400,44.1200,41.6576,4776100
2018-11-19,43.8300,43.9600,41.4300,42.0800,39.7315,5329900
2018-11-20,40.1700,40.9300,39.1400,39.6300,37.4182,7919500
2018-11-21,40.3800,40.9100,39.9800,40.0100,37.7770,3872800
2018-11-23,39.1000,39.8600,39.0700,39.2000,37.0122,1819200
2018-11-26,40.3000,41.0400,40.0600,41.0000,38.7118,3589000
2018-11-27,40.5200,41.4100,40.1900,41.4000,39.0895,3522500
2018-11-28,41.9800,44.2700,41.4800,44.2700,41.7993,5697300
2018-11-29,43.8700,44.7600,43.2600,43.9700,41.5160,4628200
2018-11-30,43.8900,45.0900,43.7300,44.8600,42.3563,4103300
2018-12-03,47.0500,47.1100,45.6800,46.5000,43.9048,6058500
2018-12-04,46.0700,46.3100,41.8300,42.1000,39.7504,7951500
2018-12-06,40.0000,41.8700,38.3600,41.8600,39.5238,9950000
2018-12-07,41.6200,42.4500,38.4400,38.8900,36.7195,9520200
2018-12-10,38.7900,39.5600,36.6700,39.0800,36.8989,8545900
2018-12-11,40.6600,40.7600,38.3700,39.0900,36.9084,7198200
2018-12-12,40.5500,41.2300,39.6400,39.6900,37.4749,6801600
2018-12-13,40.1400,40.5900,39.0900,39.6100,37.3994,5364800
2018-12-14,38.5100,39.0000,37.1500,37.4400,35.3505,6949600
2018-12-17,36.9400,37.4800,34.4300,35.2700,33.3016,9401900
2018-12-18,35.9800,36.2700,34.3600,35.1000,33.1411,7564200
2018-12-19,35.1300,36.8000,32.6900,33.3700,31.5076,11983300
2018-12-20,32.9300,33.6000,30.8400,31.8800,30.1008,13724900
2018-12-21,32.1700,33.3600,29.6000,29.9100,28.2407,12712400
2018-12-24,29.2300,29.7100,27.4800,27.5400,26.0030,7749400
2018-12-26,28.0800,31.5900,27.2700,31.5300,29.7703,13894400
2018-12-27,30.0800,32.2100,28.6600,32.2000,30.6048,14909600
2018-12-28,32.7400,33.4300,31.5000,32.0100,30.4242,13116100
2018-12-31,32.6700,32.9200,31.8800,32.9000,31.2701,9072100
2019-01-02,31.3200,33.3200,31.2600,32.9300,31.2986,10629200
2019-01-03,32.1700,32.2700,30.3400,30.4900,28.9795,10652700
2019-01-04,31.8000,33.8600,31.6400,33.5700,31.9069,13208800
2019-01-07,33.7500,35.0200,33.3200,34.3800,32.6768,7787400
2019-01-08,35.3900,35.5800,34.2400,35.3100,33.5607,7245700
2019-01-09,35.6800,36.2400,35.1400,35.8300,34.0550,7309500
2019-01-10,35.1500,36.3300,34.8300,36.2300,34.4351,5935800
2019-01-11,35.7000,36.2400,35.4300,36.2400,34.4446,5612300
2019-01-14,35.3700,35.9700,35.1700,35.5800,33.8174,3991500
2019-01-15,35.7700,36.9500,35.7700,36.8100,34.9864,6128400
2019-01-16,37.0100,37.4800,36.9000,37.0200,35.1860,5783700
2019-01-17,36.6400,38.3100,36.6300,37.9100,36.0319,5419400
2019-01-18,38.7800,39.6100,38.3700,39.3500,37.4006,7009700
2019-01-22,38.6400,38.7300,37.0000,37.8100,35.9369,7651500
2019-01-23,38.3000,38.6000,36.8300,37.9600,36.0794,7529400
2019-01-24,37.9300,38.3400,37.4300,38.0600,36.1745,6140600
2019-01-25,38.9100,39.4000,38.7300,39.1000,37.1630,6643200
2019-01-28,37.9700,38.1400,37.2600,38.1400,36.2505,5606700
2019-01-29,38.1800,38.4400,37.5600,37.9400,36.0604,4434800
2019-01-30,38.6700,40.1500,38.3200,39.7400,37.7713,7311100
2019-01-31,39.7200,41.0100,39.6000,40.8000,38.7787,8228200
2019-02-01,40.8700,41.3500,40.4400,40.8300,38.8073,5232200
2019-02-04,40.8800,41.7200,40.5200,41.6900,39.6247,3941400
2019-02-05,41.9300,42.3600,41.6500,42.2100,40.1189,5332000
2019-02-06,42.0700,42.3000,41.6500,42.0500,39.9668,3422300
2019-02-07,41.2000,41.4600,39.9800,40.8200,38.7978,7435000
2019-02-08,40.1600,40.9900,39.7500,40.9400,38.9118,4921000
2019-02-11,41.2800,41.4100,40.7500,41.0300,38.9974,4301800
2019-02-12,41.8300,42.7800,41.7800,42.6100,40.4991,4793900
2019-02-13,43.0200,43.4500,42.8100,42.9800,40.8507,5265700
2019-02-14,42.4200,43.3000,42.0000,42.6900,40.5751,6092300
2019-02-15,43.6000,44.0800,43.4900,44.0700,41.8868,5479200
2019-02-19,43.6600,44.6400,43.6400,44.3000,42.1053,3781800
2019-02-20,44.2800,44.7800,44.0100,44.5600,42.3525,4334600
2019-02-21,44.2300,44.4000,43.5500,44.0700,41.8868,4584300
2019-02-22,44.4100,44.9800,44.2600,44.9100,42.6851,6849300
2019-02-25,45.6300,45.9100,45.0000,45.0800,42.8467,5170800
2019-02-26,44.8400,45.4200,44.7500,44.9700,42.7422,3184700
2019-02-27,44.5700,45.0700,44.0600,44.8700,42.6471,3532500
2019-02-28,44.7500,44.9800,44.4500,44.5800,42.3715,3285400
2019-03-01,45.4500,45.6600,44.6900,45.4500,43.1984,4277000
2019-03-04,46.0000,46.1200,43.6900,44.8900,42.6661,7861700
2019-03-05,44.9900,45.1000,44.4400,44.7400,42.5236,3892000
2019-03-06,44.8000,44.8000,43.7600,43.8800,41.7062,4328000
2019-03-07,43.6500,43.7200,42.3600,42.8200,40.6987,6250700
2019-03-08,41.7900,42.6000,41.5600,42.5300,40.4230,6224800
2019-03-11,42.8800,44.4500,42.8700,44.4000,42.2004,3862500
2019-03-12,44.6500,45.1400,44.5700,44.8700,42.6471,3725800
2019-03-13,45.3500,46.2500,45.2600,45.7600,43.4930,4906400
2019-03-14,45.7700,45.9800,45.4100,45.6500,43.3885,4317000
2019-03-15,45.9500,46.7500,45.8500,46.3300,44.0348,5508800
2019-03-18,46.4500,46.9700,46.3200,46.7800,44.4625,4443100
2019-03-19,47.4000,47.8100,46.3400,46.8600,44.5385,5591700
2019-03-20,46.7200,47.3800,45.8000,46.3900,44.0918,7504000
2019-03-21,45.9300,48.1700,45.9100,47.9200,45.5460,7996700
2019-03-22,47.1600,47.4700,45.1600,45.1800,42.9418,10391500
2019-03-25,45.0000,45.6200,44.3800,45.0200,42.7897,8812400
2019-03-26,46.0100,46.5800,45.3200,46.0300,43.7497,7547000
2019-03-27,46.0800,46.3700,44.5000,45.3400,43.0938,7767600
2019-03-28,45.6600,46.0900,45.0400,45.8700,43.5976,5779200
2019-03-29,46.6700,46.8600,46.0500,46.7600,44.4435,6036900
2019-04-01,47.7900,48.4900,47.6400,48.3600,45.9642,4310000
2019-04-02,48.4500,48.5200,47.9400,48.4100,46.0117,2783500
2019-04-03,49.0900,49.3000,48.2800,48.6500,46.2399,4911200
2019-04-04,48.8000,49.1400,48.4000,49.0100,46.5820,4480600
2019-04-05,49.3900,49.7100,49.2100,49.6600,47.1998,3994800
2019-04-08,49.4300,49.8500,49.0500,49.8100,47.3424,3444100
2019-04-09,49.2300,49.4200,48.7100,49.0100,46.5820,5590900
2019-04-10,49.2600,49.5600,49.0100,49.5100,47.0573,3316400
2019-04-11,49.7900,49.7900,49.1500,49.4700,47.0192,3253000
2019-04-12,50.3700,50.6000,49.9800,50.4500,47.9507,3344100
2019-04-15,50.4900,50.5300,49.8800,50.3500,47.8556,2784500
2019-04-16,50.8500,50.8700,50.1000,50.4300,47.9317,2918000
2019-04-17,51.0800,51.0800,49.8200,50.0300,47.5515,3806100
2019-04-18,50.3700,50.4500,49.5900,50.3000,47.8081,3242500
2019-04-22,49.8800,50.5100,49.8100,50.3900,47.8937,1769000
2019-04-23,50.6400,51.9000,50.5100,51.7500,49.1863,3681500
2019-04-24,51.7200,51.9200,51.3500,51.4800,48.9297,2358500
2019-04-25,51.3700,51.6900,50.6300,51.3400,48.7966,2976200
2019-04-26,51.3500,52.0400,50.8700,52.0200,49.4429,3122800
2019-04-29,52.0600,52.5600,52.0100,52.2000,49.6140,2178500
2019-04-30,52.0300,52.4700,51.2000,52.3000,49.7090,3347400
2019-05-01,52.7100,52.8100,51.1400,51.1500,48.6160,5549000
2019-05-02,51.0300,51.6000,49.9300,50.8000,48.2833,6457000
2019-05-03,51.6100,52.4100,51.5000,52.2500,49.6615,3004400
2019-05-06,49.7100,51.8600,49.5400,51.6400,49.0817,4728700
2019-05-07,50.2100,50.5500,47.9100,49.0600,46.6295,8582200
2019-05-08,48.8000,49.7800,48.4700,48.8300,46.4109,6251000
2019-05-09,47.6200,48.6800,46.6400,48.4500,46.0498,7327200
2019-05-10,47.8500,49.4700,46.1200,48.9700,46.5440,7709500
2019-05-13,46.1400,46.6800,44.8900,45.3600,43.1128,11209900
2019-05-14,45.9100,47.4000,45.8200,46.5100,44.2059,5962100
2019-05-15,45.6900,47.7200,45.5500,47.3300,44.9852,5612500
2019-05-16,47.7400,49.4300,47.7300,48.6200,46.2113,4826100
2019-05-17,47.3900,49.1100,47.3700,47.7300,45.3654,6038200
2019-05-20,46.8200,47.4900,46.3500,46.7400,44.4245,4861700
2019-05-21,47.7000,48.2300,47.5500,47.9900,45.6126,2976300
2019-05-22,47.4700,48.0900,47.3300,47.5700,45.2134,3591700
2019-05-23,46.3500,46.3600,45.0400,45.8900,43.6166,7805400
2019-05-24,46.5900,46.7900,45.7500,46.0600,43.7782,3730800
2019-05-28,46.2500,46.7500,44.8000,44.8000,42.5806,3667800
2019-05-29,44.1900,44.4100,43.1500,43.8800,41.7062,6781400
2019-05-30,44.2800,44.7200,43.6600,44.2500,42.0578,4629500
2019-05-31,42.8800,43.3100,42.4300,42.5200,40.4135,5222400
2019-06-03,42.4500,43.0300,41.4200,42.1000,40.0143,7024900
2019-06-04,43.2800,44.9100,43.0500,44.8300,42.6091,5976800
2019-06-05,45.7200,46.0300,44.7300,45.9900,43.7116,4596300
2019-06-06,46.1800,47.2600,45.8100,46.8900,44.5671,4726000
2019-06-07,47.4400,48.8800,47.3500,48.2600,45.8692,5322800
2019-06-10,49.1500,49.8800,48.8800,48.9100,46.4870,5061300
2019-06-11,49.9600,50.1800,48.5200,48.8800,46.4585,3699300
2019-06-12,48.7500,49.0700,48.3500,48.6300,46.2209,3016000
2019-06-13,49.1500,49.4200,48.7500,49.2400,46.8006,3005200
2019-06-14,49.0300,49.3600,48.6000,49.0100,46.5820,2055700
2019-06-17,49.1600,49.5000,48.9800,49.1100,46.6771,1840300
2019-06-18,50.1100,51.2100,49.9000,50.5400,48.0362,4199100
2019-06-19,50.7000,51.2700,50.1300,50.9900,48.4639,3775100
2019-06-20,52.5300,52.6300,51.2600,52.4100,49.8136,4128600
2019-06-21,52.1800,52.9500,52.0200,52.1600,49.5760,3595200
2019-06-24,52.2500,52.4500,51.8800,51.9600,49.3859,2137900
2019-06-25,51.6800,51.7000,50.0500,50.1100,47.8976,3304200
2019-06-26,50.6500,50.9300,49.9100,50.0000,47.7925,3243800
2019-06-27,50.4000,50.7700,50.2000,50.4700,48.2417,2230400
2019-06-28,51.0400,51.5400,50.7500,51.3500,49.0829,2845800
2019-07-01,53.1900,53.3100,51.9500,52.5600,50.2395,4302600
2019-07-02,52.6000,53.0600,52.1000,53.0400,50.6983,2114100
2019-07-03,53.4200,54.2700,53.3400,54.2300,51.8357,1488400
2019-07-05,53.5300,54.1600,52.7500,53.9900,51.6063,3417500
2019-07-08,53.2700,53.4700,52.8500,53.2300,50.8799,2254400
2019-07-09,52.4800,53.5400,52.4500,53.3800,51.0232,2006500
2019-07-10,54.0100,54.6900,53.6900,54.1500,51.7592,4260700
2019-07-11,54.5300,54.6600,53.9000,54.4700,52.0651,3822300
2019-07-12,54.7700,55.2200,54.5800,55.1600,52.7247,2427200
2019-07-15,55.4600,55.4600,54.9500,55.2300,52.7916,1810500
2019-07-16,55.1900,55.2900,54.5100,54.6400,52.2276,2263300
2019-07-17,54.7000,54.7700,53.5800,53.6100,51.2431,2837000
2019-07-18,53.2600,54.3600,52.9900,54.1700,51.7784,2714000
2019-07-19,54.8000,54.8000,53.1000,53.1800,50.8321,2998600
2019-07-22,53.4400,53.9000,53.1300,53.5800,51.2144,2538200
2019-07-23,54.2500,54.7300,53.7700,54.7300,52.3137,2622700
2019-07-24,54.2800,55.5000,54.2300,55.5000,53.0496,2461600
2019-07-25,55.2500,55.2500,54.2000,54.6600,52.2467,3708900
2019-07-26,55.0900,55.8700,55.0200,55.7400,53.2790,1860800
2019-07-29,55.6800,55.7000,55.1100,55.4600,53.0114,1802800
2019-07-30,54.6100,55.2800,54.3700,55.1000,52.6673,2480100
2019-07-31,55.2000,55.2900,51.9700,53.1900,50.8416,5429500
2019-08-01,53.3200,55.0600,51.3600,51.8200,49.5321,8602200
2019-08-02,51.2900,51.3900,49.7300,50.6700,48.4329,6836200
2019-08-05,48.2800,48.3300,45.0000,46.1300,44.0933,9030500
2019-08-06,47.1000,48.1000,46.2800,48.0000,45.8808,5088700
2019-08-07,46.2800,48.4800,45.1100,48.0900,45.9668,8132300
2019-08-08,48.8900,50.8400,48.5600,50.8400,48.5954,5007300
2019-08-09,50.3000,50.6400,48.7900,49.7300,47.5344,6514200
2019-08-12,48.9100,49.2300,47.4300,47.9600,45.8425,4710700
2019-08-13,47.7800,50.9800,47.5900,50.2100,47.9932,6105100
2019-08-14,47.8800,48.2400,45.6900,45.7300,43.7110,10357600
2019-08-15,46.2200,46.5700,45.0100,46.1000,44.0647,7187300
2019-08-16,46.9800,48.3400,46.9400,48.0800,45.9573,4071900
2019-08-19,49.8000,50.2200,49.4000,49.8100,47.6109,4107600
2019-08-20,49.5800,49.8500,48.6300,48.6800,46.5308,3963100
2019-08-21,49.8900,50.1000,49.5100,49.8800,47.6778,3273600
2019-08-22,50.2700,50.6400,48.8100,49.7700,47.5726,3734400
2019-08-23,49.0700,50.0000,45.2800,45.9800,43.9500,7886000
2019-08-26,47.1400,47.4700,46.3200,47.4700,45.3742,4513000
2019-08-27,48.2400,48.4200,46.5000,46.9000,44.8293,3888400
2019-08-28,46.5200,47.9800,46.1200,47.8900,45.7756,2704800
2019-08-29,49.3300,49.9900,48.7400,49.6800,47.4866,3399200
2019-08-30,50.5100,50.5300,49.1000,49.6400,47.4484,2942400
2019-09-03,48.6600,49.1800,47.9900,48.7800,46.6263,2787100
2019-09-04,49.9600,50.4100,49.5300,50.3600,48.1366,2422600
2019-09-05,51.8000,52.8600,51.7400,52.3200,50.0100,3338800
2019-09-06,52.5300,52.8100,52.1200,52.4400,50.1248,2455200
2019-09-09,53.0300,53.0500,51.9600,52.4600,50.1439,2289300
2019-09-10,52.0800,52.5200,51.3700,52.5200,50.2012,2827900
2019-09-11,52.6500,53.6300,52.2800,53.6200,51.2527,2772900
2019-09-12,54.1000,54.7500,53.6800,54.1000,51.7115,3661300
2019-09-13,54.3700,54.5700,53.7600,53.9600,51.5776,2551400
2019-09-16,53.2900,53.7400,53.0900,53.5000,51.1380,2274700
2019-09-17,53.3400,53.9300,53.2600,53.8500,51.4725,2205800
2019-09-18,53.6500,54.0400,52.4400,53.9700,51.5872,4182300
2019-09-19,54.1900,54.7800,53.7600,53.9500,51.5681,3345100
2019-09-20,54.2800,54.4400,52.7400,53.0600,50.7174,3989100
2019-09-23,52.7500,53.5200,52.6200,53.1400,50.7938,2208800
2019-09-24,53.7600,53.9800,51.2800,51.8300,49.5417,5967700
2019-09-25,51.9000,53.0300,51.0500,52.7800,50.4497,3930900
2019-09-26,52.7600,52.8800,51.6100,52.4000,50.0865,3742100
2019-09-27,52.8500,52.8900,50.6700,51.5200,49.2454,4937100
2019-09-30,51.8400,52.6700,51.8200,52.3100,50.0005,3086200
2019-10-01,52.7700,53.1600,50.2800,50.3900,48.1653,6224400
2019-10-02,49.4800,49.5000,47.0100,47.7800,45.6705,8157500
2019-10-03,47.6000,48.8700,46.1200,48.8600,46.7028,7194000
2019-10-04,49.2700,50.9600,49.2100,50.8200,48.5763,5317500
2019-10-07,50.4100,51.3000,50.0100,50.1400,47.9263,4386700
2019-10-08,49.1200,49.5300,47.8300,47.8800,45.7661,6422500
2019-10-09,48.9500,49.7000,48.6000,49.1300,46.9609,4471100
2019-10-10,49.1200,50.6500,49.0300,50.2100,47.9932,4924000
2019-10-11,51.7000,52.9600,51.6400,51.7300,49.4461,6739500
2019-10-14,51.5100,51.9000,51.3400,51.5900,49.3123,2638300
2019-10-15,52.1100,53.4900,52.0600,53.0900,50.7461,3128800
2019-10-16,52.8000,53.1900,52.5300,52.8100,50.4784,2972300
2019-10-17,53.4500,53.7400,52.8400,53.1900,50.8416,3360000
2019-10-18,52.9300,53.2700,51.9800,52.5000,50.1821,2717600
2019-10-21,53.3200,53.6800,53.0300,53.6400,51.2718,2479500
2019-10-22,53.9300,54.0400,52.9800,53.0300,50.6887,3491900
2019-10-23,52.9100,53.5400,52.7700,53.5300,51.1666,2880100
2019-10-24,54.0300,54.1300,53.2700,53.7300,51.3578,3816300
2019-10-25,53.3800,54.7000,53.3800,54.4600,52.0556,3881000
2019-10-28,55.1000,55.5900,55.1000,55.3300,52.8872,3545200
2019-10-29,55.1500,55.7800,55.0600,55.2400,52.8011,3364000
2019-10-30,55.3800,55.9500,54.5700,55.7400,53.2790,3092500
2019-10-31,55.7300,55.7300,54.4200,55.2400,52.8011,3960700
2019-11-01,56.1300,56.8000,56.0200,56.8000,54.2922,3668700
2019-11-04,57.7700,57.8300,57.2500,57.4500,54.9136,2765400
2019-11-05,57.6500,57.7800,57.1000,57.2600,54.7319,2370800
2019-11-06,57.2900,57.5000,56.7500,57.3300,54.7989,2527600
2019-11-07,58.1500,58.6300,57.6100,57.9500,55.3915,3925400
2019-11-08,57.7000,58.3200,57.2500,58.2900,55.7165,1814800
2019-11-11,57.4600,58.0900,57.3600,57.9600,55.4010,1823700
2019-11-12,58.2000,58.9000,57.8600,58.2900,55.7165,2829400
2019-11-13,57.6900,58.6400,57.5700,58.3700,55.7929,3553300
2019-11-14,58.2300,58.6900,57.8100,58.6400,56.0510,2674500
2019-11-15,59.4400,59.9000,59.0300,59.9000,57.2554,2334300
2019-11-18,59.7100,60.1600,59.4300,59.9500,57.3032,2396900
2019-11-19,60.3800,60.3800,59.5300,59.9000,57.2554,2652800
2019-11-20,59.5800,59.8700,58.2700,59.2700,56.6532,4098200
2019-11-21,59.2900,59.4000,58.4600,58.9900,56.3856,2751400
2019-11-22,59.4000,59.4900,58.6900,59.3300,56.7106,2318100
2019-11-25,59.9000,60.7100,59.9000,60.6900,58.0105,2161900
2019-11-26,60.7600,61.2400,60.5500,61.0900,58.3928,1739900
2019-11-27,61.4900,61.9000,61.2800,61.8800,59.1480,1718800
2019-11-29,61.5600,61.7100,61.0800,61.2200,58.5171,1221600
2019-12-02,61.3800,61.4100,59.3800,59.6100,56.9782,4023600
2019-12-03,57.8800,58.4900,57.0500,58.3800,55.8025,5039100
2019-12-04,59.0600,59.8600,58.8800,59.4600,56.8348,3084000
2019-12-05,59.9500,59.9500,58.9900,59.8600,57.2172,2618500
2019-12-06,61.0000,61.6900,61.0000,61.4100,58.6987,3133500
2019-12-09,61.1800,61.6200,60.8100,60.8800,58.1921,2375200
2019-12-10,60.8300,61.2400,60.2300,60.6600,57.9818,2694900
2019-12-11,60.9200,61.3300,60.6800,61.1700,58.4693,2403800
2019-12-12,61.1500,63.2400,61.0000,62.7400,59.9700,6205900
2019-12-13,62.5100,63.6100,62.0500,62.8000,60.0274,4764600
2019-12-16,63.9400,64.5000,63.9300,64.1100,61.2795,2623000
2019-12-17,64.3400,64.5500,64.1100,64.1300,61.2986,1778500
2019-12-18,64.3900,64.5400,64.1300,64.1300,61.2986,1701300
2019-12-19,64.2400,64.9600,64.2200,64.9400,62.0729,2176900
2019-12-20,65.5900,66.1700,65.5500,65.8900,62.9809,2960200
2019-12-23,65.9900,66.0300,65.6800,65.7600,63.1076,1909300
2019-12-24,65.9100,65.9300,65.5500,65.7800,63.1268,941900
2019-12-26,66.0200,66.8200,66.0000,66.7800,64.0864,2129800
2019-12-27,67.3000,67.3100,66.3700,66.7400,64.0481,2225900
2019-12-30,66.7600,66.8400,65.2600,65.5700,62.9253,3645400
2019-12-31,65.2200,66.2200,64.9900,66.0800,63.4147,2683000
2020-01-02,67.1000,67.9100,66.4600,67.9100,65.1709,3682700
2020-01-03,65.5700,67.1200,65.5100,66.2800,63.6066,4668100
2020-01-06,65.1100,67.1100,65.0700,67.0500,64.3456,2946000
2020-01-07,66.7500,67.0200,66.2100,66.5400,63.8561,2767300
2020-01-08,66.6700,68.3800,66.4900,67.5600,64.8350,3876200
2020-01-09,68.6500,68.9800,68.2400,68.9300,66.1497,2889400
2020-01-10,69.3700,69.4100,68.0000,68.2800,65.5260,3883300
2020-01-13,68.7400,69.7600,68.4500,69.7600,66.9463,2859000
2020-01-14,69.4200,70.1400,69.0100,69.3800,66.5816,3751400
2020-01-15,69.3300,70.3800,69.2600,69.8700,67.0518,3346900
2020-01-16,70.8000,71.5400,70.6500,71.5100,68.6257,3158100
2020-01-17,72.0800,72.3400,71.6100,72.2500,69.3358,3368900
2020-01-21,71.4900,72.3100,71.4500,71.7300,68.8368,3736300
2020-01-22,72.3800,72.8200,71.6900,71.8400,68.9424,2433100
2020-01-23,71.3000,72.1200,70.5000,72.0300,69.1247,3439700
2020-01-24,72.5000,72.5000,69.1600,70.0500,67.2246,6223400
2020-01-27,66.3900,67.7100,66.1500,66.7000,64.0097,5682800
2020-01-28,67.6300,69.3500,67.3200,68.7400,65.9674,3635700
2020-01-29,69.7200,69.8500,68.4600,68.6200,65.8522,3443600
2020-01-30,67.1700,69.3900,66.6400,69.2600,66.4664,4689600
2020-01-31,68.8100,68.9100,64.8600,65.5000,62.8581,8799300
2020-02-03,66.4200,68.1500,66.3800,66.8900,64.1920,4527700
2020-02-04,69.3500,70.5500,69.1300,70.0100,67.1862,4015400
2020-02-05,72.0200,72.5200,71.0000,72.3500,69.4318,4014200
2020-02-06,73.0400,73.2300,72.3300,73.1300,70.1803,3119200
2020-02-07,72.3100,72.8500,71.5500,71.9100,69.0096,3236700
2020-02-10,71.2600,73.5300,71.2500,73.4700,70.5066,2504100
2020-02-11,74.4900,75.0500,73.5300,73.9200,70.9385,3879500
2020-02-12,74.9300,75.4800,74.6700,75.3000,72.2628,2869600
2020-02-13,74.2800,75.7700,74.0400,75.0700,72.0421,4065400
2020-02-14,75.3000,75.4400,74.4400,75.3800,72.3396,2484100
2020-02-18,74.6700,75.0500,73.7600,74.7000,71.6870,3819000
2020-02-19,75.4500,76.3300,75.2700,75.8300,72.7714,2099700
2020-02-20,75.4400,76.0400,72.7100,74.9300,71.9077,5317200
2020-02-21,73.9100,74.1000,71.9600,72.5100,69.5853,4788400
2020-02-24,65.7900,67.5100,64.5600,65.3100,62.6758,8863300
2020-02-25,66.3100,66.6400,58.7800,59.4100,57.0137,11042800
2020-02-26,60.2000,62.4700,58.2400,58.6700,56.3036,11818100
2020-02-27,55.2200,57.6100,50.8400,50.8500,48.7990,16237200
2020-02-28,46.2700,50.2600,44.6100,50.2600,48.2328,20096800
2020-03-02,51.1000,56.5500,49.1600,56.5200,54.2403,14869400
2020-03-03,56.7800,59.1100,50.1700,51.7100,49.6243,15354400
2020-03-04,54.7400,58.2800,53.2700,58.1600,55.8141,10415800
2020-03-05,53.7700,55.7200,51.0000,52.3100,50.2001,13031000
2020-03-06,47.5000,50.4000,45.9500,49.7000,47.6954,13626900
2020-03-09,39.8500,43.0500,37.7100,38.1600,36.6208,18924200
2020-03-10,42.3900,44.0000,37.7500,44.0000,42.2253,21643600
2020-03-11,40.4800,40.9900,36.0000,37.5900,36.0738,20910500
2020-03-12,29.5000,34.3900,26.7600,26.8100,25.7286,33980800
2020-03-13,31.7100,34.1600,27.2000,34.0400,32.6670,31641100
2020-03-16,23.1000,28.8300,22.0000,22.5100,21.6021,42234500
2020-03-17,23.7200,26.7400,21.4800,26.1900,25.1336,41179900
2020-03-18,21.4400,23.6900,18.3800,22.2400,21.3430,54281500
2020-03-19,21.6100,23.8000,19.9000,22.0200,21.1318,50720300
2020-03-20,23.0000,23.4300,19.0100,19.1200,18.3488,39904400
2020-03-23,19.0000,19.3000,16.5100,17.5500,16.8421,58496200
2020-03-24,20.4800,22.5900,20.1800,22.4300,21.5253,51313500
2020-03-25,22.8100,25.9700,21.4100,23.2700,22.3314,56013000
2020-03-26,24.1300,27.8500,23.9800,27.4100,26.3044,48482500
2020-03-27,24.9100,27.2800,24.1800,24.9000,23.8957,42155000
2020-03-30,25.5700,27.5600,24.9700,27.2900,26.1893,32979600
2020-03-31,27.0000,27.9000,25.6600,26.0500,24.9993,43213400
2020-04-01,23.1500,24.2000,21.9100,22.5900,21.6788,38189600
2020-04-02,22.3600,24.4000,22.1700,24.1200,23.1471,41577900
2020-04-03,23.8300,24.5700,22.2700,23.1100,22.1779,40390100
2020-04-06,25.8100,28.8100,25.4900,27.7900,26.6691,39068200
2020-04-07,30.7100,31.0100,27.7500,27.7800,26.6595,47873300
2020-04-08,28.7000,31.0500,27.9800,30.6100,29.3754,38576100
2020-04-09,31.8300,33.0100,31.1000,31.9800,30.6901,44859400
2020-04-13,31.6800,31.7700,29.6700,31.0900,29.8360,35165200
2020-04-14,32.9500,34.1900,32.5700,33.8800,32.5135,30687900
2020-04-15,31.6700,32.3700,30.8900,31.7000,30.4214,27931700
2020-04-16,32.1800,32.4700,31.0300,32.1800,30.8820,34532500
2020-04-17,34.3600,34.9800,33.3100,34.7600,33.3580,31562100
2020-04-20,33.2900,34.6300,32.8300,32.9400,31.6114,28604900
2020-04-21,31.2000,31.6800,29.5800,29.9400,28.7324,33679400
2020-04-22,31.6500,32.5100,31.1800,31.9100,30.6229,18343000
2020-04-23,32.3700,33.5600,31.7800,31.8500,30.5653,30495300
2020-04-24,32.4500,33.4700,31.6800,33.2400,31.8993,23981300
2020-04-27,33.9800,35.0700,33.8000,34.6600,33.2620,21158100
2020-04-28,36.1100,36.2300,34.0500,34.2000,32.8206,31452400
2020-04-29,36.2500,37.4500,35.8500,36.8400,35.3541,26079300
2020-04-30,36.2300,36.4900,35.1100,35.7500,34.3080,25563200
2020-05-01,33.8600,34.1600,32.5000,32.9900,31.6594,26388900
2020-05-04,32.2000,33.3500,31.6900,33.2200,31.8801,18849000
2020-05-05,34.3100,35.2200,33.9800,34.1300,32.7534,18649400
2020-05-06,34.8100,34.9600,33.4000,33.4600,32.1104,18055100
2020-05-07,34.6900,35.3900,34.4700,34.6700,33.2716,15240800
2020-05-08,35.9000,36.5000,35.4400,36.3900,34.9222,12851900
2020-05-11,35.5700,36.9600,35.4000,36.3800,34.9126,14214100
2020-05-12,36.8800,37.0400,34.1500,34.2400,32.8589,17276100
2020-05-13,33.9700,34.3900,31.4400,32.4500,31.1411,24326900
2020-05-14,31.4600,33.5900,30.5800,33.5500,32.1968,32202500
2020-05-15,32.6500,33.9900,32.2600,33.9600,32.5902,22057500
2020-05-18,36.4300,37.7200,36.2800,37.0900,35.5940,18280500
2020-05-19,36.9000,37.5500,35.9400,35.9800,34.5288,18037400
2020-05-20,37.3900,38.1400,37.2800,37.8300,36.3041,17601100
2020-05-21,37.7300,38.0700,36.5400,36.9400,35.4500,17467900
2020-05-22,36.8800,37.2700,36.3800,37.1900,35.6900,12755600
2020-05-26,39.7100,39.7600,38.4400,38.6400,37.0815,13527700
2020-05-27,39.7600,40.3000,37.7200,40.2600,38.6361,17961000
2020-05-28,40.7600,41.6300,39.7900,40.1000,38.4826,16599200
2020-05-29,39.8800,40.8500,38.7200,40.5300,38.8952,21869300
2020-06-01,40.3200,41.3600,40.1000,41.1000,39.4422,11573400
2020-06-02,41.5000,42.1300,40.9300,42.1000,40.4019,12075500
2020-06-03,43.0200,44.2300,42.9000,43.8000,42.0333,13047800
2020-06-04,43.3400,44.1500,42.5000,43.4300,41.6783,14517800
2020-06-05,45.9400,47.6100,45.9000,46.7700,44.8836,19893800
2020-06-08,47.2000,48.5700,46.9300,48.4800,46.5246,11919400
2020-06-09,47.1600,48.1300,46.7700,47.4200,45.5073,16122200
2020-06-10,47.7000,48.1200,46.2800,46.6500,44.7684,19500600
2020-06-11,43.2700,43.5700,38.2700,38.5600,37.0047,33437300
2020-06-12,41.4400,41.7700,37.7200,39.8800,38.2715,29234100
2020-06-15,37.4300,41.4800,36.9300,41.0000,39.3463,26172300
2020-06-16,44.3900,44.4500,41.2600,43.3600,41.6111,24862500
2020-06-17,43.8400,43.9700,42.5200,42.7700,41.0449,14325400
2020-06-18,42.1500,43.0900,41.9400,42.8600,41.1313,11666500
2020-06-19,44.4200,44.5000,41.5500,42.1300,40.4307,18463300
2020-06-22,41.8500,43.1200,41.3600,42.9400,41.2080,10016400
2020-06-23,44.1000,44.5100,43.3200,43.4700,41.7614,10428500
2020-06-24,42.5600,42.8400,39.3400,40.1700,38.5911,21619800
2020-06-25,39.9100,41.5700,39.0500,41.4500,39.8208,15448400
2020-06-26,40.9700,41.0600,38.2500,38.5400,37.0252,21054100
2020-06-29,39.0000,40.2200,38.0600,40.1100,38.5335,14988500
2020-06-30,40.0000,42.4500,39.9300,41.8100,40.1666,15209500
2020-07-01,42.2000,43.1400,42.0000,42.5900,40.9160,14461100
2020-07-02,44.1200,44.7100,42.9700,43.2500,41.5500,14654400
2020-07-06,45.0300,45.4400,44.6600,45.2400,43.4618,10834800
2020-07-07,44.5600,45.4700,43.7200,43.8600,42.1361,11186600
2020-07-08,44.2400,44.9200,43.4200,44.8300,43.0680,9959600
2020-07-09,45.1600,45.2600,42.5400,44.1000,42.3666,15521500
2020-07-10,44.0800,45.5800,43.4200,45.4500,43.6636,11063700
2020-07-13,46.5200,47.6500,43.9700,44.2900,42.5492,15115300
2020-07-14,43.6200,46.1400,43.0700,46.0100,44.2016,16153900
2020-07-15,47.5300,47.7800,46.1500,47.2400,45.3832,17449000
2020-07-16,46.3400,47.0000,46.0400,46.7700,44.9317,10726900
2020-07-17,47.2400,47.5500,46.3300,47.1300,45.2775,8613000
2020-07-20,47.0800,48.6800,46.7200,48.3100,46.4112,7721300
2020-07-21,49.2800,49.5000,48.1800,48.6200,46.7090,10400800
2020-07-22,48.4800,49.6100,48.4200,49.4300,47.4871,8224500
2020-07-23,49.2700,49.6400,47.0200,47.7300,45.8540,14700400
2020-07-24,46.7900,47.2600,46.0500,46.7400,44.9029,12917900
2020-07-27,47.0900,47.8700,46.7200,47.7500,45.8732,7674800
2020-07-28,47.4400,47.9800,46.7400,46.9200,45.0758,9458700
2020-07-29,47.3100,48.8800,47.2700,48.5700,46.6609,8089100
2020-07-30,47.1600,48.2800,46.1500,48.0500,46.1614,12924300
2020-07-31,48.9500,49.2500,46.9100,49.2100,47.2758,12533800
2020-08-03,50.0400,50.6000,49.7500,50.2100,48.2365,6819100
2020-08-04,49.8000,50.8100,49.7900,50.7800,48.7841,7112100
2020-08-05,51.4600,51.8900,51.3400,51.7100,49.6775,7009200
2020-08-06,51.4800,52.8500,51.3200,52.7700,50.6959,7614400
2020-08-07,52.3200,52.9800,51.8300,52.8700,50.7919,10639200
2020-08-10,53.1400,53.4700,52.1500,53.3800,51.2819,8010400
2020-08-11,54.0000,54.3000,51.6700,52.0800,50.0330,11505800
2020-08-12,53.3000,54.6100,53.2900,54.1700,52.0408,8178000
2020-08-13,53.8300,54.6100,53.4500,53.9600,51.8391,8707900
2020-08-14,53.7100,54.2200,53.3800,53.9100,51.7911,7373100
2020-08-17,54.4500,54.6500,54.2400,54.4000,52.2618,4216900
2020-08-18,54.6500,55.0100,53.8200,54.7400,52.5884,5337200
2020-08-19,55.0100,55.2600,53.8100,54.0700,51.9448,7030800
2020-08-20,53.1900,54.8300,53.1300,54.5700,52.4251,5167800
2020-08-21,54.4200,55.2600,54.2500,55.1300,52.9631,5034200
2020-08-24,56.5000,56.8800,55.9400,56.8400,54.6059,5616700
2020-08-25,57.1900,57.4800,56.5300,57.4300,55.1727,5438400
2020-08-26,57.7700,59.3200,57.4700,59.1500,56.8251,5616200
2020-08-27,59.6600,60.3600,58.6400,59.5400,57.1998,8807600
2020-08-28,60.1300,60.7700,59.4800,60.7100,58.3238,5447600
2020-08-31,60.5800,61.0800,59.9400,60.0000,57.6417,6578200
2020-09-01,60.5100,61.7900,60.0200,61.7300,59.3037,4946300
2020-09-02,62.8600,64.9600,62.2000,64.4200,61.8880,8019200
2020-09-03,63.4400,63.7100,56.2500,57.7900,55.5186,17626100
2020-09-04,58.0800,58.9800,52.4600,56.3500,54.1351,15625400
2020-09-08,53.3700,54.1000,51.5400,51.6800,49.6487,14560300
2020-09-09,53.7400,56.0100,53.2800,54.7400,52.5884,9799900
2020-09-10,55.7300,56.0800,51.4000,51.9200,49.8793,13450600
2020-09-11,52.7700,53.3200,50.5400,51.9400,49.8985,12786100
2020-09-14,53.5500,54.9000,53.3100,54.0300,51.9063,6927400
2020-09-15,55.3100,55.7400,54.2900,54.8000,52.6461,6438100
2020-09-16,55.5000,56.2400,54.0400,54.1900,52.0600,7319800
2020-09-17,51.6600,53.6300,51.3800,52.7800,50.7055,10835800
2020-09-18,53.1700,53.2000,49.6500,50.9700,48.9666,9865600
2020-09-21,48.6600,49.2700,46.7900,49.2100,47.2758,12802200
2020-09-22,49.9400,50.9900,48.7300,50.7400,48.7456,8509100
2020-09-23,51.0000,51.1200,46.9500,47.2000,45.3448,8842600
2020-09-24,46.5400,48.9900,45.9300,47.5500,45.6810,9661000
2020-09-25,47.1400,50.2200,46.7200,49.8500,47.8906,6858500
2020-09-28,51.8900,52.6800,51.4100,52.3600,50.3020,6069400
2020-09-29,52.2400,52.6000,51.1300,51.4600,49.4373,6052300
2020-09-30,51.8300,54.2300,51.6900,52.6600,50.5902,8486600
2020-10-01,53.9500,54.4400,52.7000,53.6200,51.5124,6991300
2020-10-02,51.1100,53.1100,50.8500,52.1800,50.1290,10064900
2020-10-05,53.1600,54.9700,53.1600,54.8500,52.6941,4891600
2020-10-06,54.9800,56.0400,52.2800,52.5600,50.4941,10028800
2020-10-07,54.0400,55.6900,54.0300,55.2300,53.0592,5798700
2020-10-08,56.2900,56.7600,55.8300,56.6900,54.4618,5091900
2020-10-09,57.6400,58.5000,57.2900,58.2200,55.9316,5502300
2020-10-12,59.6500,61.8600,59.3800,61.1000,58.6984,6378500
2020-10-13,60.9800,61.0200,59.3200,59.8600,57.5072,5169000
2020-10-14,60.1600,60.7900,58.3400,58.7900,56.4792,5897400
2020-10-15,56.6000,58.8000,56.3100,58.5500,56.2487,7109000
2020-10-16,59.2700,60.1700,58.3300,58.4100,56.1142,6134400
2020-10-19,59.0800,59.4200,55.2700,55.7800,53.5875,9448100
2020-10-20,56.4400,58.1000,56.0400,56.3600,54.1448,9544600
2020-10-21,56.3600,57.5100,55.9200,56.0200,53.8181,7263400
2020-10-22,56.1700,57.2900,55.0600,56.9800,54.7404,7287500
2020-10-23,57.6700,57.6800,56.2600,57.5200,55.2592,5553100
2020-10-26,55.7600,56.1800,52.5100,54.4100,52.2714,11198300
2020-10-27,54.5500,54.7200,53.6900,53.8000,51.6854,7055700
2020-10-28,50.9000,51.2300,48.0500,48.3100,46.4112,15880400
2020-10-29,48.4000,51.2300,47.5800,49.7200,47.7657,9193000
2020-10-30,48.9400,49.5800,46.3800,48.1400,46.2478,13455500
2020-11-02,49.8000,50.7400,48.4700,49.8000,47.8426,10792600
2020-11-03,51.3500,53.4200,51.1400,52.3900,50.3308,10203400
2020-11-04,54.6700,57.9900,54.1000,55.8900,53.6932,14289200
2020-11-05,58.7100,60.1500,58.5300,59.1700,56.8443,9589200
2020-11-06,59.0700,59.8300,57.8800,59.1400,56.8155,7842400
2020-11-09,66.2600,66.3500,61.1100,61.4000,58.9867,15828600
2020-11-10,60.8300,61.7000,59.3200,61.1100,58.7081,10254000
2020-11-11,62.3500,62.9400,61.6600,62.4100,59.9570,6479100
2020-11-12,61.9000,62.3300,59.6300,60.6500,58.2661,8259300
2020-11-13,61.7100,63.5600,61.4100,63.1200,60.6390,6005800
2020-11-16,64.7100,65.5400,63.9600,65.5000,62.9255,6675900
2020-11-17,64.1300,65.1900,63.2400,64.4500,61.9168,5704100
2020-11-18,64.6300,64.9500,62.1200,62.1600,59.7168,6593600
2020-11-19,61.7500,63.1400,61.0200,62.8900,60.4181,6654200
2020-11-20,62.7600,62.8800,61.5800,61.6200,59.1980,5352700
2020-11-23,62.6400,63.4000,61.3700,62.7600,60.2932,7247900
2020-11-24,64.1800,66.0600,63.6900,65.7000,63.1176,6838000
2020-11-25,65.7000,65.7100,64.8100,65.4200,62.8487,4655800
2020-11-27,66.0800,66.2600,65.4000,65.9800,63.3866,2806700
2020-11-30,65.5300,65.6700,63.5400,65.0900,62.5316,6640300
2020-12-01,66.9800,68.1200,66.5500,67.1900,64.5491,6031700
2020-12-02,66.5700,67.7500,66.2500,67.6000,64.9430,4510900
2020-12-03,67.6100,68.4300,66.9600,67.5500,64.8949,5734200
2020-12-04,67.9400,69.3600,67.9000,69.3600,66.6338,3693900
2020-12-07,68.8800,69.2200,68.1700,68.9100,66.2015,5499000
2020-12-08,68.1500,69.8500,68.1100,69.4600,66.7298,4139500
2020-12-09,69.9600,70.0100,67.1200,67.6500,64.9910,7367600
2020-12-10,66.7900,68.1700,66.3000,67.5300,64.8757,6084100
2020-12-11,66.5600,67.4700,65.6400,67.2800,64.6356,6074500
2020-12-14,68.6400,69.2500,66.2700,66.3900,63.7805,6322200
2020-12-15,67.9500,69.1000,67.0900,69.0600,66.3456,5789800
2020-12-16,69.2500,69.9800,68.6900,69.4000,66.6722,4884700
2020-12-17,70.4200,70.7200,69.9300,70.6100,67.8346,4843000
2020-12-18,70.7800,70.8600,68.5100,69.7100,66.9700,8421500
2020-12-21,67.3700,69.5200,65.7100,69.0100,66.2975,8951500
2020-12-22,69.0800,69.1500,67.8500,68.5200,65.9367,4767900
2020-12-23,69.0400,69.8400,68.6100,68.6400,66.0521,4395400
2020-12-24,68.9800,69.5000,68.6500,69.5000,66.8797,2141500
2020-12-28,71.0500,71.5000,70.6600,71.2600,68.5734,3672000
2020-12-29,72.2100,72.3200,70.5100,70.8800,68.2077,4877600
2020-12-30,71.3800,71.8000,70.9100,71.1200,68.4387,3954000
2020-12-31,71.0500,72.6700,70.7200,72.2500,69.5261,4344600
2021-01-04,73.0500,73.1300,66.9700,69.2600,66.6488,10399100
2021-01-05,68.8900,71.3600,68.8900,70.6600,67.9960,5779400
2021-01-06,69.7800,73.9200,69.4400,71.9600,69.2470,10308400
2021-01-07,73.4700,75.6300,73.3200,75.1000,72.2686,6081900
2021-01-08,76.0800,76.5500,73.9700,76.3800,73.5004,8231200
2021-01-11,74.4200,76.0100,74.2900,74.9500,72.1243,5204200
2021-01-12,75.0300,75.5800,73.5200,74.9200,72.0954,5294700
2021-01-13,74.9100,76.1600,74.3800,75.5100,72.6631,4337700
2021-01-14,76.0200,76.3200,74.5200,74.6500,71.8356,4815300
2021-01-15,73.6900,74.2000,71.9100,73.0200,70.2670,7941200
2021-01-19,74.6200,75.1200,73.7000,74.7700,71.9510,4525700
2021-01-20,76.2400,78.4300,76.0200,77.8600,74.9245,4339500
2021-01-21,78.2700,78.5300,77.4700,78.0600,75.1170,3733800
2021-01-22,76.8800,77.9700,76.6200,77.2300,74.3183,4572900
2021-01-25,77.7700,78.3900,74.5800,78.1500,75.2036,6982100
2021-01-26,78.7600,79.0200,77.6700,77.7700,74.8379,4137300
2021-01-27,75.6400,75.6600,70.6400,72.0900,69.3721,9762600
2021-01-28,73.2100,76.4000,72.9900,73.8200,71.0369,6690500
2021-01-29,72.7400,73.3600,68.4400,69.5300,66.9086,11141400
2021-02-01,71.5500,73.5800,70.2600,72.9100,70.1612,6123600
2021-02-02,74.9400,77.0100,74.9100,76.0200,73.1539,5584900
2021-02-03,76.6300,77.3100,75.4100,76.2100,73.3368,5206000
2021-02-04,76.8900,78.8000,76.7800,78.7500,75.7810,3503600
2021-02-05,80.0400,80.1600,78.9800,79.6900,76.6855,4033400
2021-02-08,80.7100,81.4700,80.1200,81.4500,78.3792,4063700
2021-02-09,80.8700,81.6700,80.6200,81.2500,78.1867,4079200
2021-02-10,82.5300,82.5600,79.6000,81.1500,78.0905,6039900
2021-02-11,81.9100,82.1700,79.9500,81.5500,78.4754,5392100
2021-02-12,81.0200,82.9200,80.9900,82.7800,79.6591,3949200
2021-02-16,83.6400,83.7400,82.0900,82.5800,79.4666,6154500
2021-02-17,81.3800,82.7600,80.6900,82.6000,79.4858,4777300
2021-02-18,80.8400,82.0500,79.6800,81.5200,78.4466,5171700
2021-02-19,82.4600,82.5800,80.8100,81.0700,78.0135,5124000
2021-02-22,79.2900,80.8500,79.0700,79.2400,76.2525,4351800
2021-02-23,77.8100,80.4000,75.0300,79.4700,76.4738,6583100
2021-02-24,78.8000,82.4300,78.1400,82.0800,78.9854,6382600
2021-02-25,81.2900,82.2100,75.2100,76.1800,73.3079,13883600
2021-02-26,77.4600,78.1200,73.7200,75.0100,72.1820,12274600
2021-03-01,78.0400,81.2300,78.0400,80.4200,77.3880,6432600
2021-03-02,80.6600,80.7600,78.4300,78.6000,75.6366,8959700
2021-03-03,78.1100,78.7600,75.3800,75.4300,72.5862,11587200
2021-03-04,75.3200,76.9600,69.7700,72.6500,69.9109,13825200
2021-03-05,74.7700,77.2900,70.2700,76.5800,73.6928,11367200
2021-03-08,77.2700,79.0500,75.2800,75.5000,72.6535,11133000
2021-03-09,77.9400,80.3300,77.6000,78.6400,75.6751,7307700
2021-03-10,80.2400,81.2800,79.3100,80.1300,77.1090,10854700
2021-03-11,81.8100,83.9200,81.5100,82.5600,79.4473,6294700
2021-03-12,81.7000,83.0400,81.1300,82.9600,79.8323,4387100
2021-03-15,83.1100,84.5900,81.6400,84.4700,81.2853,4397700
2021-03-16,84.8500,85.3200,83.5600,84.1400,80.9678,5613900
2021-03-17,83.1800,85.4900,82.4200,84.8500,81.6510,6306200
2021-03-18,83.1400,84.5900,80.7900,81.2300,78.1675,7681300
2021-03-19,81.0400,82.0500,79.3100,80.7900,77.7441,5342600
2021-03-22,81.0600,83.6200,81.0600,82.7100,79.5917,4675500
2021-03-23,82.2800,83.2300,80.1800,80.6800,77.6382,6476200
2021-03-24,81.6900,82.7600,79.4700,79.4800,76.4835,6981000
2021-03-25,78.5500,81.3500,77.2800,80.8500,77.8018,9654100
2021-03-26,81.6100,84.9700,81.2000,84.6300,81.4393,7596900
2021-03-29,83.7200,85.2000,82.7000,84.5800,81.3912,6790300
2021-03-30,83.7100,84.3700,82.8200,84.0000,80.8330,6451500
2021-03-31,84.3100,85.9900,84.3000,84.9500,81.7472,5711800
2021-04-01,86.2300,87.6900,86.0700,87.5400,84.2396,5257200
2021-04-05,89.5400,91.8100,89.4900,91.4400,87.9926,6772500
2021-04-06,91.0100,92.0000,90.7800,91.1600,87.7231,4874200
2021-04-07,91.1400,91.8100,90.8200,91.5000,88.0503,4245400
2021-04-08,92.4800,92.9000,91.8000,92.8200,89.3205,4374900
2021-04-09,92.8000,94.9900,92.7000,94.8100,91.2355,4825000
2021-04-12,94.4100,95.1600,94.0000,94.9200,91.3414,4585000
2021-04-13,94.9200,96.2800,94.6200,95.8000,92.1882,4530900
2021-04-14,95.8400,96.5700,94.4100,94.9000,91.3221,6974200
2021-04-15,96.4100,98.0900,96.4000,97.9000,94.2090,5868800
2021-04-16,98.9100,99.3000,97.7800,98.9200,95.1905,5883200
2021-04-19,98.1700,98.4900,96.3700,97.3800,93.7086,6569000
2021-04-20,96.4800,97.0000,94.1600,95.2300,91.6397,5531200
2021-04-21,94.7900,98.0900,94.6800,97.9100,94.2186,5421100
2021-04-22,97.8200,98.4400,94.4500,95.2900,91.6974,9592600
2021-04-23,95.6700,99.3600,95.6000,98.2600,94.5554,6281500
2021-04-26,98.8600,99.3800,98.5100,98.9100,95.1809,5203300
2021-04-27,99.1700,99.3100,98.0300,98.8000,95.0751,4371200
2021-04-28,99.0800,99.9300,98.4200,98.7300,95.0077,6045100
2021-04-29,100.8900,101.1200,98.1100,100.5700,96.7783,6930800
2021-04-30,98.9300,99.5900,98.0000,98.7200,94.9981,6643500
2021-05-03,100.1700,100.4700,98.9400,99.2400,95.4985,5373300
2021-05-04,97.8000,98.1700,94.6600,97.4300,93.7567,9295200
2021-05-05,98.7200,98.8700,96.9700,97.4800,93.8048,5328000
2021-05-06,97.6300,99.9500,96.0700,99.8000,96.0374,8629800
2021-05-07,100.4500,102.5400,99.9300,102.0100,98.1640,7394300
2021-05-10,102.3400,102.4800,98.9100,99.0500,95.3156,6543400
2021-05-11,95.5300,97.1100,93.4100,96.4100,92.7752,11566900
2021-05-12,94.2500,95.2100,89.7600,90.1500,86.7512,11115300
2021-05-13,91.3000,94.8300,91.2800,93.3900,89.8690,12278900
2021-05-14,95.4400,98.3700,95.4300,97.7600,94.0743,7710100
2021-05-17,96.8900,97.6000,95.4700,96.9400,93.2852,6784400
2021-05-18,97.1700,97.3600,94.3400,94.5100,90.9468,5095600
2021-05-19,90.9900,93.8200,89.9100,93.7700,90.2347,9320300
2021-05-20,94.3400,97.6400,94.2800,96.6900,93.0446,6486300
2021-05-21,97.8800,98.7600,96.1400,96.4400,92.8040,6723900
2021-05-24,98.1900,100.2300,97.9700,99.4300,95.6813,4733200
2021-05-25,100.2500,100.5400,98.3500,98.8100,95.0847,5095800
2021-05-26,99.2000,99.7300,98.4400,99.3600,95.6140,3839100
2021-05-27,100.1600,100.5200,99.4100,99.4500,95.7005,4152700
2021-05-28,100.7000,100.8900,99.8800,100.0500,96.2779,3759400
2021-06-01,101.8200,101.9400,99.4400,99.7800,96.0181,6089700
2021-06-02,100.2900,100.8700,99.5100,100.2100,96.4319,4976400
2021-06-03,98.4700,99.9900,97.3200,99.1200,95.3830,5713700
2021-06-04,100.4900,102.0100,100.4400,101.7900,97.9523,3660300
2021-06-07,101.8300,101.9500,100.8200,101.5800,97.7503,3352300
2021-06-08,102.2000,102.2300,100.1800,101.5800,97.7503,5199000
2021-06-09,102.2300,102.2600,100.9500,101.1100,97.2980,4502000
2021-06-10,102.0500,103.2500,101.0600,102.5200,98.6548,5926500
2021-06-11,102.9600,103.0900,101.9400,103.0300,99.1456,3100400
2021-06-14,103.1100,103.7400,102.1300,103.7200,99.8096,3112600
2021-06-15,103.8400,103.8400,102.4600,103.1200,99.2322,4107900
2021-06-16,103.2100,103.3700,99.7600,101.3600,97.5386,6908000
2021-06-17,101.0200,102.0200,99.3800,101.3200,97.5001,6386400
2021-06-18,98.8100,99.2500,97.0300,97.2100,93.5450,8814300
2021-06-21,98.4900,101.5000,97.8800,101.4000,97.5770,6806300
2021-06-22,101.3300,103.5500,100.7400,102.8900,99.0509,4563700
2021-06-23,102.9700,103.6000,102.4700,102.5800,98.7525,4695100
2021-06-24,104.2200,104.6900,104.0200,104.3900,100.4950,4456500
2021-06-25,104.9600,105.7800,104.6700,105.4300,101.4961,4216000
2021-06-28,105.8600,106.1900,104.9100,106.1300,102.1700,5005200
2021-06-29,106.3900,106.8800,105.8300,106.1800,102.2182,3014800
2021-06-30,105.8900,107.0500,105.8700,106.5800,102.6032,3709200
2021-07-01,107.1300,108.4200,107.0900,108.2900,104.2494,3204300
2021-07-02,109.2000,111.0200,108.9400,110.7800,106.6465,3785400
2021-07-06,110.7900,110.9600,107.8900,110.0800,105.9726,6158700
2021-07-07,110.6600,111.5100,109.0300,111.2900,107.1375,5539000
2021-07-08,106.9400,109.1900,105.9700,108.5100,104.4612,7673200
2021-07-09,109.7900,112.2200,109.5900,111.9600,107.7825,4569100
2021-07-12,111.9700,113.4400,111.6100,113.2700,109.0436,4352100
2021-07-13,112.6000,113.8300,111.8500,112.1000,107.9173,6289500
2021-07-14,113.4800,113.8500,111.5400,112.4400,108.2446,5660500
2021-07-15,111.4400,112.0000,109.8200,111.4200,107.2627,7281300
2021-07-16,112.3100,112.3800,108.4300,108.7500,104.6923,6291800
2021-07-19,104.8400,105.2300,101.6700,104.0400,100.1580,13982800
2021-07-20,104.4400,109.3600,103.8300,108.4500,104.4035,8119200
2021-07-21,109.3600,111.1300,109.2000,111.0300,106.8872,4571300
2021-07-22,111.1500,111.9000,110.3400,111.7400,107.5707,3831300
2021-07-23,113.2800,115.3800,112.7400,115.1200,110.8246,5189100
2021-07-26,114.6200,115.9500,114.5900,115.9500,111.6236,3245500
2021-07-27,115.0900,115.1000,111.9900,114.3000,110.0352,6186400
2021-07-28,114.8700,115.3800,113.0400,114.2300,109.9678,5684900
2021-07-29,115.0000,116.5500,115.0000,115.6900,111.3733,4976100
2021-07-30,113.5000,115.1900,113.3900,113.8800,109.6309,4179900
2021-08-02,115.3700,115.8200,113.0100,113.2700,109.0436,4638900
2021-08-03,113.8400,116.0400,112.0600,115.9800,111.6525,5010800
2021-08-04,114.8800,115.3900,114.0700,114.3000,110.0352,4198000
2021-08-05,115.2200,116.4800,114.9500,116.3400,111.9991,3082300
2021-08-06,116.6600,117.3300,116.4400,117.0300,112.6633,3275200
2021-08-09,116.9400,117.2100,116.0300,116.7100,112.3553,3102900
2021-08-10,117.0100,117.7300,116.4800,117.1100,112.7403,4221500
2021-08-11,118.0100,118.0800,117.0700,117.9700,113.5683,3684400
2021-08-12,117.8700,119.1600,117.1000,118.9600,114.5213,4313200
2021-08-13,119.4300,119.6900,119.0200,119.6700,115.2048,2980300
2021-08-16,118.5500,120.6000,117.2100,120.5700,116.0712,5006900
2021-08-17,118.3000,118.9000,115.5700,118.1300,113.7223,7677600
2021-08-18,117.2700,118.6100,114.0400,114.2200,109.9582,8226600
2021-08-19,111.9600,115.7800,111.8400,114.8200,110.5358,12093900
2021-08-20,115.0500,117.7800,114.6500,117.5800,113.1928,7774600
2021-08-23,118.9100,121.3900,118.9100,120.5400,116.0424,5414700
2021-08-24,121.2100,121.6200,120.7400,121.2000,116.6777,3534900
2021-08-25,121.3500,122.3700,121.0300,121.9400,117.3901,3057100
2021-08-26,121.6900,121.9300,119.6800,119.7600,115.2915,6338500
2021-08-27,120.4200,123.2800,120.3900,122.9300,118.3432,6340700
2021-08-30,123.5200,125.2900,123.3500,124.5900,119.9412,3879400
2021-08-31,124.5000,124.8000,123.5000,124.0800,119.4503,4874800
2021-09-01,124.8700,125.3000,124.0200,124.4000,119.7583,5289100
2021-09-02,125.4500,126.0900,124.3100,125.4200,120.7403,4795300
2021-09-03,124.3400,125.7000,123.9800,125.2700,120.5959,3796200
2021-09-07,124.9300,125.0300,123.3100,123.9800,119.3540,4966900
2021-09-08,123.3700,124.0600,121.7700,123.4600,118.8534,7544500
2021-09-09,123.2300,124.8000,121.6300,121.7600,117.2169,6556100
2021-09-10,123.5000,123.8700,118.8500,119.0200,114.5791,6188700
2021-09-13,121.5300,121.7200,117.8800,119.8400,115.3685,6312000
2021-09-14,121.0600,121.2500,117.1500,117.9400,113.5394,6883700
2021-09-15,118.2600,121.8000,117.3000,120.8600,116.3504,6201100
2021-09-16,120.3700,121.2200,117.7300,120.2200,115.7343,5749400
2021-09-17,119.5900,119.9500,116.4200,116.8500,112.4900,8439300
2021-09-20,111.5900,112.9000,106.8000,110.8800,106.7428,16118700
2021-09-21,112.7700,113.8300,110.1400,110.6600,106.5310,10362500
2021-09-22,112.4600,115.4700,111.6500,113.7900,109.5442,9034900
2021-09-23,115.3500,119.2600,115.1600,117.9700,113.5683,6627900
2021-09-24,116.5600,119.1000,116.3500,118.5300,114.1074,5312400
2021-09-27,117.6200,118.6100,116.8900,117.5200,113.1350,5406300
2021-09-28,115.1300,115.4100,109.7800,110.3400,106.2230,12695700
2021-09-29,111.4900,112.9000,110.4700,110.8800,106.7428,10159700
2021-09-30,112.1200,112.6800,106.7100,106.9800,102.9883,12615700
2021-10-01,108.2000,111.9800,105.4400,110.6900,106.5599,11396700
2021-10-04,109.7000,110.4200,104.6200,106.4600,102.4877,10960100
2021-10-05,107.5500,111.4400,106.9100,109.6500,105.5587,8072900
2021-10-06,106.7600,111.1900,105.4300,111.0800,106.9353,12328000
2021-10-07,113.7300,116.2000,113.5400,113.9000,109.6501,7771500
2021-10-08,114.5100,114.8300,112.7200,113.2800,109.0532,7450200
2021-10-11,112.7200,115.1200,110.7300,110.8200,106.6850,5798200
2021-10-12,111.5500,111.8600,109.3400,110.0300,105.9245,7474400
2021-10-13,110.8000,111.8100,108.3900,111.0800,106.9353,6322200
2021-10-14,114.1400,116.8600,113.7700,116.7400,112.3841,5996300
2021-10-15,118.5600,119.7100,117.9700,119.3900,114.9353,4842900
2021-10-18,117.8700,120.7500,117.3100,120.4900,115.9942,4172800
2021-10-19,121.8900,123.3000,121.3500,123.2100,118.6127,4177200
2021-10-20,123.6400,124.9700,123.5400,124.7300,120.0760,4475300
2021-10-21,124.1400,125.8400,123.7600,125.7500,121.0580,3938600
2021-10-22,125.2800,126.5200,123.5200,125.2000,120.5285,6502900
2021-10-25,126.2000,127.5400,124.6300,127.1200,122.3768,4164100
2021-10-26,128.6600,129.7100,127.2800,127.6100,122.8486,5058400
2021-10-27,128.0000,128.6000,125.8500,125.8800,121.1831,4377700
2021-10-28,127.1700,129.5800,127.1300,129.5000,124.6680,4920500
2021-10-29,127.4100,130.5600,127.2000,130.2300,125.3708,5797800
2021-11-01,131.1900,131.5500,129.4200,130.9400,126.0543,5712200
2021-11-02,131.1100,132.8300,131.0000,132.4800,127.5368,4322600
2021-11-03,132.0400,135.3200,131.6300,134.9100,129.8762,4903400
2021-11-04,135.5200,136.9800,135.2300,136.7500,131.6475,4972700
2021-11-05,139.0300,140.7400,136.8700,138.2100,133.0531,6861400
2021-11-08,139.3400,139.7800,137.9800,138.7000,133.5248,4918100
2021-11-09,138.9900,139.2000,135.9000,137.3000,132.1770,6974900
2021-11-10,135.6500,137.2600,132.5300,134.0000,129.0001,8314100
2021-11-11,135.2800,135.3600,134.0200,134.0200,129.0194,2755500
2021-11-12,135.2500,137.6000,134.3400,137.0800,131.9652,4817000
2021-11-15,138.3200,138.4000,136.1700,137.1700,132.0518,4204000
2021-11-16,136.9600,139.9100,136.9100,138.8100,133.6307,4453600
2021-11-17,138.5600,138.7700,137.2500,137.8000,132.6583,4660400
2021-11-18,138.7800,139.4800,136.2300,139.2300,134.0350,5128500
2021-11-19,139.1500,140.2700,138.1300,138.4700,133.3033,5414800
2021-11-22,140.1400,142.6000,137.0800,137.3100,132.1866,7615400
2021-11-23,136.9600,138.6200,134.5300,137.9500,132.8027,8749300
2021-11-24,135.9800,139.0200,135.1500,138.8700,133.6884,6555500
2021-11-26,132.6600,133.9400,128.5700,129.5200,124.6873,10118200
2021-11-29,133.8600,135.9900,131.9300,134.4500,129.4334,7920300
2021-11-30,132.1200,133.8100,126.2600,126.7700,122.0399,13180400
2021-12-01,131.5600,134.1000,122.0500,122.3400,117.7752,13099200
2021-12-02,122.4400,129.2100,122.1000,127.7800,123.0122,10999300
2021-12-03,129.3500,130.3100,120.7600,124.3400,119.7006,15928700
2021-12-06,126.6800,130.5700,124.5800,128.9300,124.1193,9729200
2021-12-07,133.6800,137.4500,133.6100,136.9500,131.8400,12174400
2021-12-08,137.3000,138.4600,135.6900,137.9800,132.8316,8039100
2021-12-09,136.8200,137.6500,135.0800,135.2700,130.2227,7510300
2021-12-10,137.7100,139.1600,135.3400,139.1000,133.9099,9002500
2021-12-13,138.4700,138.8100,135.0800,135.4200,130.3672,6281100
2021-12-14,132.2600,134.5900,129.8100,132.5700,127.6235,10135400
2021-12-15,132.5600,138.9600,130.2900,138.7500,133.5729,10319900
2021-12-16,140.5000,140.7200,133.5600,135.0400,130.0013,10628200
2021-12-17,132.1200,134.9200,129.1300,130.7900,125.9099,13202600
2021-12-20,126.0700,126.8900,123.2600,126.4400,121.7222,11011900
2021-12-21,129.4100,133.2500,127.5100,133.1300,128.2793,7575000
2021-12-22,132.8800,137.2300,132.7200,137.1900,132.1913,8470500
2021-12-23,138.0100,141.0400,137.9200,139.6700,134.5810,7106300
2021-12-27,140.8800,145.6200,140.8000,145.5900,140.2853,5790000
2021-12-28,146.0000,146.9800,144.4700,145.2700,139.9770,5386400
2021-12-29,145.2900,146.7300,144.3200,145.7800,140.4683,4199000
2021-12-30,146.1300,147.1400,144.1000,144.5700,139.3024,4315000
2021-12-31,143.9800,145.1600,143.1600,143.4100,138.1847,3783500
2022-01-03,144.6800,146.0100,142.4000,145.9500,140.6321,5746300
2022-01-04,147.2300,147.9800,143.9400,145.7800,140.4683,7599500
2022-01-05,145.4400,146.1200,137.2600,137.3100,132.3070,8885300
2022-01-06,136.9300,139.4500,134.7500,136.9400,131.9505,8199400
2022-01-07,136.8800,138.0400,134.0400,135.3700,130.4377,8150700
2022-01-10,132.3100,135.0100,127.0100,134.8400,129.9270,13552100
2022-01-11,134.5100,138.5500,131.7800,138.4700,133.4247,8969600
2022-01-12,140.0800,141.5000,137.7400,139.6000,134.5135,7799700
2022-01-13,140.6000,141.2100,132.8600,133.8800,129.0020,9608300
2022-01-14,130.8700,134.2400,129.7600,133.9400,129.0597,11210100
2022-01-18,129.5900,129.7900,125.8300,126.8900,122.2666,13441300
2022-01-19,128.0600,129.3900,122.5900,122.8900,118.4124,9600500
2022-01-20,124.4600,128.5500,118.3600,118.8500,114.5196,10253500
2022-01-21,117.8600,119.7900,111.7500,111.7800,107.7072,16252100
2022-01-24,107.2200,113.6000,98.5600,113.3000,109.1718,20937700
2022-01-25,107.9400,113.0700,103.3800,108.8000,104.8358,14093600
2022-01-26,113.7400,116.1900,104.8100,108.3800,104.4310,15475500
2022-01-27,111.8200,114.3200,105.2200,106.5500,102.6677,10835100
2022-01-28,107.6700,114.5800,104.0200,114.5800,110.4052,12638100
2022-01-31,113.9700,120.9700,112.8700,120.7500,116.3503,8764000
2022-02-01,121.3500,123.6400,118.2900,123.2900,118.7978,7107200
2022-02-02,125.1700,127.3400,123.1700,126.7600,122.1413,10222700
2022-02-03,121.3800,123.0600,117.0200,117.6800,113.3922,8857900
2022-02-04,117.5200,122.6000,115.5400,119.4500,115.0977,8459900
2022-02-07,120.0200,121.2100,117.1000,118.2400,113.9318,7321600
2022-02-08,117.7800,121.9200,116.6200,121.2400,116.8225,8664000
2022-02-09,124.5600,126.6700,124.4200,126.3700,121.7656,9299400
2022-02-10,121.3100,126.5900,117.8800,119.8200,115.4542,11558900
2022-02-11,119.6700,121.4300,111.3500,112.5600,108.4588,12697800
2022-02-14,112.1100,113.3800,108.6400,111.5900,107.5241,12200100
2022-02-15,115.0200,116.9200,114.5700,116.7400,112.4865,9705600
2022-02-16,115.0600,118.3300,113.5200,117.2600,112.9875,7697000
2022-02-17,114.4800,114.9700,109.1800,109.6900,105.6933,8353100
2022-02-18,109.9500,110.8700,105.7000,107.4400,103.5253,9125300
2022-02-22,105.7800,108.4500,101.2900,104.1900,100.3937,11755300
2022-02-23,106.2600,106.7900,98.0500,98.3200,94.7376,15104000
2022-02-24,90.7500,103.2400,90.5400,102.9200,99.1700,18091400
2022-02-25,103.9000,109.7900,102.6100,109.6200,105.6259,11338200
2022-02-28,105.6300,110.1000,104.4200,108.7800,104.8165,10903600
2022-03-01,107.8800,109.2900,101.8200,104.0000,100.2106,10814000
2022-03-02,105.6600,110.8600,105.0400,109.7000,105.7030,12709200
2022-03-03,111.5400,112.0300,106.5900,107.9000,103.9685,11707600
2022-03-04,105.0100,106.2200,102.1200,105.2700,101.4344,11242700
2022-03-07,104.8800,105.0600,95.9600,96.0600,92.5599,13056900
2022-03-08,96.0800,101.3200,93.0100,93.7600,90.3438,16802400
2022-03-09,99.8600,102.7500,98.2500,101.2300,97.5416,8842800
2022-03-10,97.8600,100.6200,96.4000,100.0300,96.3853,8077600
2022-03-11,101.8600,102.2600,95.7500,96.1700,92.6659,9597500
2022-03-14,96.7700,99.2000,93.1700,94.0700,90.6424,7248000
2022-03-15,95.8600,100.6700,94.9700,100.1100,96.4624,7708600
2022-03-16,102.9100,107.0000,99.2700,107.0000,103.1013,10438100
2022-03-17,105.3800,110.9500,105.1100,110.8500,106.8111,7506100
2022-03-18,109.6800,114.7900,109.0500,114.3900,110.2221,6148100
2022-03-21,114.5900,116.0400,111.5800,114.4700,110.2992,7506800
2022-03-22,115.6200,119.2000,115.6000,118.3700,114.0571,6513700
2022-03-23,116.3700,117.5800,113.8300,113.9000,109.7499,5069600
2022-03-24,115.4300,119.0000,114.6100,119.0000,114.6641,4491300
2022-03-25,119.5000,120.9700,117.3700,120.6300,116.2347,5748900
2022-03-28,120.1900,123.3100,118.6500,123.2500,118.7592,7393200
2022-03-29,126.6500,128.3000,124.3600,127.8200,123.1627,7236100
2022-03-30,126.8500,127.5600,123.6400,125.5400,120.9658,5336000
2022-03-31,124.8600,125.5400,119.6300,119.8000,115.4350,6692700
2022-04-01,121.0100,121.0900,117.7000,120.5800,116.1865,6850500
2022-04-04,120.8300,123.8900,120.1500,123.5300,119.0291,4653600
2022-04-05,122.5200,124.6100,118.1500,119.2300,114.8857,6092400
2022-04-06,115.8300,117.4300,113.0700,115.6200,111.4072,9206700
2022-04-07,114.7600,118.7400,113.1800,117.2600,112.9875,7267200
2022-04-08,116.6100,118.6600,115.0500,116.4100,112.1685,6495300
2022-04-11,113.5800,114.2800,109.9100,110.3200,106.3004,6388400
2022-04-12,112.6900,114.6700,107.8500,109.1300,105.1537,9118900
2022-04-13,108.8300,113.3700,108.7400,112.8000,108.6900,7047500
2022-04-14,112.9900,113.8700,108.4800,108.6500,104.6912,6975100
2022-04-18,107.8600,110.0300,106.9400,108.7100,104.7490,6748300
2022-04-19,108.6000,114.5200,108.4800,113.9100,109.7595,7687700
2022-04-20,115.3700,115.9000,112.7400,113.6900,109.5476,8736500
2022-04-21,116.6300,117.7700,107.8600,108.6100,104.6527,8543600
2022-04-22,107.6200,107.9400,99.2000,99.6900,96.0577,10642300
2022-04-25,97.9300,101.4700,94.5600,101.3000,97.6090,12037500
2022-04-26,99.5100,99.5500,92.5000,92.5300,89.1586,11509700
2022-04-27,93.2700,97.0700,91.8100,93.3600,89.9583,10594900
2022-04-28,96.7800,101.6000,93.5400,100.3800,96.7225,10951100
2022-04-29,97.4500,99.0000,88.7100,89.3400,86.0848,12550600
2022-05-02,89.2600,91.7700,84.7100,90.8100,87.5012,13005500
2022-05-03,91.1600,93.7500,90.0900,92.0900,88.7346,11027900
2022-05-04,92.5600,100.8800,90.3000,100.4300,96.7707,15271500
2022-05-05,97.2800,97.3700,86.7300,89.7300,86.4606,17335800
2022-05-06,88.0100,90.4000,84.5000,88.2300,85.0152,13026500
2022-05-09,84.1400,84.9400,78.6300,79.7200,76.8153,12736100
2022-05-10,83.5000,84.3900,77.6500,80.1400,77.2200,13279600
2022-05-11,79.5700,83.1800,75.8900,76.4000,73.6163,14137800
2022-05-12,74.3900,78.1100,71.9300,76.0900,73.3176,15103600
2022-05-13,78.6400,82.4100,78.0000,81.4600,78.4919,12191800
2022-05-16,80.5200,82.9300,79.0400,80.5900,77.6536,9002900
2022-05-17,84.4400,85.6500,82.0700,85.4200,82.3076,9367400
2022-05-18,82.4900,82.6600,74.3700,75.2300,72.4889,11188000
2022-05-19,73.1900,76.4500,72.4300,73.7100,71.0243,12067600
2022-05-20,75.9300,76.2400,68.6800,73.8500,71.1592,14309600
2022-05-23,75.6900,78.4400,74.2700,77.9700,75.1291,8728100
2022-05-24,75.4000,76.9400,72.1100,76.2100,73.4332,10000200
2022-05-25,75.2500,79.4200,75.0400,78.2800,75.4278,9618600
2022-05-26,78.9900,83.9200,78.8800,82.8400,79.8216,10289900
2022-05-27,84.4900,89.0600,84.3600,89.0100,85.7668,9095800
2022-05-31,87.8200,89.7300,85.6000,87.4500,84.2636,9368100
2022-06-01,88.8800,89.5600,83.6400,85.3700,82.2594,12219200
2022-06-02,85.2500,90.2200,83.7200,90.1400,86.8556,9263400
2022-06-03,86.9500,88.0000,85.0700,85.7500,82.6256,8448800
2022-06-06,88.4000,89.5400,85.7300,86.4400,83.2905,7023000
2022-06-07,84.1800,89.2800,83.8500,88.9500,85.7090,6904400
2022-06-08,87.8000,89.0200,85.5300,86.0800,82.9436,6714400
2022-06-09,84.8500,86.3600,79.8700,79.9400,77.0273,9555400
2022-06-10,75.9800,76.5000,72.8700,72.9600,70.3016,10201800
2022-06-13,67.3200,68.4000,63.6100,64.6400,62.2848,13407400
2022-06-14,65.5300,66.1500,62.2800,64.0300,61.6970,12747500
2022-06-15,65.7900,69.1200,63.0700,66.6500,64.2215,13417500
2022-06-16,62.1100,62.3100,58.7000,60.2400,58.0451,12441700
2022-06-17,60.2700,62.1500,58.5900,60.4700,58.2667,12106700
2022-06-21,63.4100,65.7100,63.3700,64.9200,62.5546,8899100
2022-06-22,62.5800,66.7900,62.3300,64.5200,62.2439,10063100
2022-06-23,65.7200,66.8300,63.7600,66.3900,64.0480,11448000
2022-06-24,68.2200,72.7300,68.1500,72.6900,70.1257,9278000
2022-06-27,73.2900,73.4500,71.2600,71.9400,69.4022,8297900
2022-06-28,72.7800,74.4400,67.4300,67.5900,65.2056,14727700
2022-06-29,67.8400,68.3500,66.3000,67.3800,65.0030,9291700
2022-06-30,65.1800,67.4600,63.1500,65.5900,63.2762,12643500
2022-07-01,65.2500,67.9500,63.8400,67.6700,65.2828,10493100
2022-07-05,64.8300,68.1100,63.2600,68.0600,65.6590,11532800
2022-07-06,68.1500,70.1700,66.8300,68.7900,66.3633,10819900
2022-07-07,69.7800,72.2900,69.7800,71.8200,69.2864,8082100
2022-07-08,70.8600,72.7300,69.9800,71.6300,69.1031,10610000
2022-07-11,70.0900,70.6300,68.7800,69.2200,66.7781,6940000
2022-07-12,68.8700,70.2100,66.3400,67.3900,65.0127,8034000
2022-07-13,64.2900,67.8900,64.0300,66.2400,63.9033,11907800
2022-07-14,63.5700,66.1000,62.1600,65.7500,63.4305,12825300
2022-07-15,68.2000,69.5700,67.0900,69.5400,67.0868,9905500
2022-07-18,71.2000,71.6300,67.0700,67.8300,65.4372,8195000
2022-07-19,69.9400,73.5700,69.6000,73.2300,70.6467,10098500
2022-07-20,73.3300,75.4900,72.5700,74.6200,71.9877,12396000
2022-07-21,74.2700,76.9300,72.8600,76.8700,74.1583,8852800
2022-07-22,76.9600,77.6900,73.4000,74.8000,72.1613,8868100
2022-07-25,75.1100,75.5300,73.6700,74.9800,72.3349,9424100
2022-07-26,74.0400,74.1500,71.8100,72.3400,69.7881,11276600
2022-07-27,74.2700,78.9800,74.0900,77.9700,75.2195,9784300
2022-07-28,78.4400,81.3000,76.2600,80.8300,77.9786,12277200
2022-07-29,81.7600,85.0100,81.2800,84.4700,81.4901,9893900
2022-08-01,82.6300,85.2500,82.1800,83.6600,80.7087,9870600
2022-08-02,82.6100,84.9900,81.1900,82.0000,79.1073,7797400
2022-08-03,83.2800,86.5600,83.1300,85.8200,82.7925,7349200
2022-08-04,85.7500,86.1900,84.5500,85.5800,82.5610,6793800
2022-08-05,82.8000,85.5600,82.7400,85.0600,82.0593,7612200
2022-08-08,86.2100,87.7000,84.1100,84.8700,81.8760,6500600
2022-08-09,84.3400,84.6600,83.1000,83.8000,80.8438,5581100
2022-08-10,88.2900,89.1800,87.0900,89.0300,85.8893,8169300
2022-08-11,90.9500,92.2100,88.5600,89.0600,85.9182,7822500
2022-08-12,90.3000,93.5800,89.6700,93.4700,90.1727,6495100
2022-08-15,91.9800,95.0100,91.9300,94.6600,91.3207,7073500
2022-08-16,93.9200,96.5500,93.3400,95.2100,91.8513,8066800
2022-08-17,92.7000,95.0800,91.7700,93.2300,89.9411,8655700
2022-08-18,93.2300,94.4300,92.4000,93.9300,90.6164,5583200
2022-08-19,92.0200,92.1800,89.5300,90.0800,86.9023,8116000
2022-08-22,86.9000,86.9500,83.8700,84.4900,81.5094,8334300
2022-08-23,84.1600,85.7200,83.4900,83.8500,80.8920,5783000
2022-08-24,83.6900,85.5100,83.2300,84.5900,81.6059,6041800
2022-08-25,85.5500,88.2200,84.8800,88.1500,85.0403,6901900
2022-08-26,88.1200,88.4400,79.1800,79.2200,76.4254,11030500
2022-08-29,77.3700,79.4800,76.7500,77.6200,74.8818,8057100
2022-08-30,78.3300,78.4300,73.7500,75.0100,72.3639,10544800
2022-08-31,75.9900,76.7300,73.2200,73.2200,70.6370,9523800
2022-09-01,71.9700,74.1500,70.4000,73.9700,71.3606,11599800
2022-09-02,76.1200,76.8700,70.5000,71.5200,68.9970,12264000
2022-09-06,72.0500,72.6000,69.4700,70.7100,68.2156,11998900
2022-09-07,70.5400,74.9900,70.4500,74.5200,71.8912,10334600
2022-09-08,73.1300,76.2600,72.4600,76.0000,73.3189,11296900
2022-09-09,77.3600,80.0200,77.1500,79.4900,76.6858,8487900
2022-09-12,80.7800,82.5200,80.6000,82.0300,79.1362,7788200
2022-09-13,76.5500,77.3200,70.6300,71.4200,68.9005,11152800
2022-09-14,72.0500,72.9900,70.2500,72.1600,69.6144,7029500
2022-09-15,71.1900,72.8500,68.9000,69.6800,67.2219,12230600
2022-09-16,67.2100,68.3800,66.1600,67.9700,65.5722,12083900
2022-09-19,66.2300,69.5900,66.2200,69.5500,67.0965,8042900
2022-09-20,67.6900,68.2500,65.6400,67.2100,64.8390,10868000
2022-09-21,68.2500,69.9100,63.6500,63.6700,61.4239,15241600
2022-09-22,63.2100,63.7600,61.6300,62.0200,59.8321,13544300
2022-09-23,60.2000,60.2000,56.5600,58.8900,56.8125,17195900
2022-09-26,58.1000,59.9300,56.4900,57.1200,55.1050,17961500
2022-09-27,58.9300,59.9600,55.4800,56.6900,54.6902,20382900
2022-09-28,57.0900,60.8000,56.2700,59.9500,57.8351,19484000
2022-09-29,58.1700,58.3000,54.7000,56.1700,54.1885,19694400
2022-09-30,55.7500,57.6000,53.5200,53.5800,51.6899,19868600
2022-10-03,55.3700,58.6700,54.4600,57.7600,55.7224,16506800
2022-10-04,60.4800,63.1700,60.4700,63.0800,60.8547,16016000
2022-10-05,60.8300,63.8800,59.6200,62.6600,60.4495,20527700
2022-10-06,61.9500,63.4900,60.4400,60.7100,58.5683,15517900
2022-10-07,58.6100,58.7900,54.7100,55.6300,53.6675,16948000
2022-10-10,56.1400,56.2500,53.2400,54.4200,52.5002,15983000
2022-10-11,53.5200,55.6700,52.3500,53.2800,51.4004,18223100
2022-10-12,53.4700,54.1900,52.6300,52.7700,50.9084,12665200
2022-10-13,49.4900,57.5700,48.9700,56.8500,54.8445,25478900
2022-10-14,58.0600,58.8600,52.6800,52.9800,51.1110,18814600
2022-10-17,55.8200,57.5500,55.7800,57.0000,54.9892,13425000
2022-10-18,60.9200,61.0400,57.3600,58.9900,56.9090,25395900
2022-10-19,57.9800,59.3700,56.3600,57.8300,55.7899,16483800
2022-10-20,57.5200,59.7000,55.9000,56.3200,54.3332,15314200
2022-10-21,56.1600,60.6100,55.4100,60.3400,58.2114,19980700
2022-10-24,61.1300,63.1600,59.7700,62.5700,60.3627,19565700
2022-10-25,62.5300,65.7300,62.5000,65.5800,63.2665,18654000
2022-10-26,63.8800,66.9200,63.7200,64.0800,61.8195,19561100
2022-10-27,64.5800,65.5500,62.6900,63.0100,60.7872,14103700
2022-10-28,62.9200,67.7200,62.8400,67.4600,65.0802,16617300
2022-10-31,66.1000,67.1400,65.4900,66.0000,63.6717,13927900
2022-11-01,67.9900,68.1100,64.5000,65.1400,62.8420,13013100
2022-11-02,64.7800,67.2100,60.1500,60.2200,58.0956,20956900
2022-11-03,58.5500,59.8400,57.2300,58.2800,56.2240,15490300
2022-11-04,61.1000,61.9900,57.7900,60.7700,58.6262,20630700
2022-11-07,61.4300,62.8200,60.3900,62.5200,60.3145,10806700
2022-11-08,63.0700,65.0600,61.4100,63.5400,61.2985,17112900
2022-11-09,62.4400,63.0700,59.3100,59.6000,57.4975,14645000
2022-11-10,66.2000,69.5400,65.0600,69.3400,66.8939,18469400
2022-11-11,69.8500,71.8200,68.7700,71.3900,68.8716,16787600
2022-11-14,70.3500,72.2500,69.3800,69.5400,67.0868,11720600
2022-11-15,72.6600,73.3000,69.1800,71.3000,68.7848,18633600
2022-11-16,70.4000,70.8800,69.2900,69.7000,67.2412,13779600
2022-11-17,66.9700,69.3400,66.8000,68.9600,66.5273,13413600
2022-11-18,70.7800,70.8100,68.2900,69.9200,67.4534,12012100
2022-11-21,69.1400,69.7300,68.0400,69.0900,66.6527,8489200
2022-11-22,70.0600,71.9600,69.3500,71.8800,69.3443,11029400
2022-11-23,71.6500,73.4500,71.5100,73.1300,70.5502,12872500
2022-11-25,72.8300,73.4100,72.6700,73.0800,70.5020,3990700
2022-11-28,71.3000,72.2400,69.1300,69.6000,67.1447,9502300
2022-11-29,69.6200,70.2800,68.1800,69.2100,66.7685,10442100
2022-11-30,69.3100,75.6700,68.2600,75.5900,72.9234,15591700
2022-12-01,76.3700,77.0200,74.0600,75.5500,72.8848,13780700
2022-12-02,72.5900,75.7400,72.5600,75.1900,72.5375,13710900
2022-12-05,73.6000,74.1200,70.3500,71.1500,68.6400,12565200
2022-12-06,71.0100,71.3300,66.8600,68.0700,65.6687,14167700
2022-12-07,67.5200,68.9500,67.0500,67.6300,65.2442,16501500
2022-12-08,68.6500,69.8000,67.7900,69.2300,66.7878,16590200
2022-12-09,68.5000,69.9000,67.5800,67.6600,65.2732,10681100
2022-12-12,68.0300,70.5400,67.6800,70.5000,68.0130,8340400
2022-12-13,76.5700,76.6300,70.6000,72.0900,69.5469,22673500
2022-12-14,71.9000,74.1100,69.0500,70.7400,68.2445,17011800
2022-12-15,67.9900,68.4700,64.5600,65.4900,63.1797,17687900
2022-12-16,64.1100,64.7900,62.0000,63.1000,60.8740,16196200
2022-12-19,63.2400,63.3700,60.6400,61.5200,59.3498,12163300
2022-12-20,60.9700,62.4200,60.3200,61.6100,59.5566,14691000
2022-12-21,62.9200,64.9300,62.6200,64.3600,62.2150,15715800
2022-12-22,62.7200,62.8900,58.6100,61.6000,59.5470,22328200
2022-12-23,61.0200,62.6300,60.2000,62.5300,60.4460,12906400
2022-12-27,62.5000,62.6700,60.9500,61.8200,59.7596,9214400
2022-12-28,61.7700,62.7600,59.4200,59.5300,57.5460,14031200
2022-12-29,60.8700,63.1000,60.6200,62.6100,60.5233,12007000
2022-12-30,61.2300,62.1500,60.1600,62.1100,60.0400,11174400
2023-01-03,63.0300,64.0400,59.8800,61.3600,59.3150,18048500
2023-01-04,62.4400,63.7500,60.9000,62.7100,60.6200,17139400
2023-01-05,61.6900,61.7400,60.2500,60.5300,58.5126,15680900
2023-01-06,62.0500,65.2200,60.5300,64.6400,62.4856,18489900
2023-01-09,65.8000,67.4500,64.4400,64.5600,62.4083,11824200
2023-01-10,64.2100,65.9200,63.7200,65.8800,63.6843,11130700
2023-01-11,66.7100,68.4200,66.2800,68.3800,66.1010,12485900
2023-01-12,68.9100,69.8600,66.7300,69.0600,66.7583,18862000
2023-01-13,67.2600,70.1100,67.1200,69.7800,67.4543,11262000
2023-01-17,69.8000,70.6900,69.0300,69.4200,67.1063,9122800
2023-01-18,70.0400,70.6300,66.0200,66.1200,63.9163,16848500
2023-01-19,64.9600,65.8500,63.9300,64.6700,62.5146,14128500
2023-01-20,65.3300,68.2700,64.4400,68.1300,65.8593,9568900
2023-01-23,68.5800,71.6600,68.0800,70.5900,68.2373,11032800
2023-01-24,69.7100,70.8800,69.0200,70.3700,68.0247,9483300
2023-01-25,68.1000,70.6300,66.8600,70.4700,68.1213,16059100
2023-01-26,71.8600,72.7900,70.2400,72.6500,70.2287,13947200
2023-01-27,72.0900,74.5100,71.9700,73.1400,70.7023,13196400
2023-01-30,71.5900,72.8600,70.2400,70.4200,68.0730,11013700
2023-01-31,70.6600,73.4900,70.4600,73.4500,71.0020,10904800
2023-02-01,72.8000,77.3900,71.2300,75.8200,73.2930,17770400
2023-02-02,77.9900,79.9200,76.9200,79.0300,76.3960,16604600
2023-02-03,76.1300,79.1700,75.8000,76.5300,73.9794,13377300
2023-02-06,75.0400,75.9000,74.1200,75.1500,72.6454,9206900
2023-02-07,74.5400,78.7300,73.8300,78.0000,75.4004,15933100
2023-02-08,76.8500,77.6300,75.0500,75.5000,72.9837,14326300
2023-02-09,77.4900,77.5600,72.7100,73.4600,71.0117,13055200
2023-02-10,72.7200,74.1100,72.2600,73.8600,71.3984,10542400
2023-02-13,74.2600,76.5400,73.9700,76.4500,73.9020,10826700
2023-02-14,75.5600,77.6900,74.0400,76.3400,73.7957,18702000
2023-02-15,75.0700,77.1300,74.5800,77.0600,74.4917,14441800
2023-02-16,74.1300,76.4200,73.7500,73.8500,71.3887,16007700
2023-02-17,72.6200,73.3400,71.4600,73.2000,70.7603,11919400
2023-02-21,70.9200,71.5000,68.6300,68.7800,66.4876,15302900
2023-02-22,68.9800,69.8200,67.7200,68.5000,66.2170,22711300
2023-02-23,69.9900,70.3200,67.2500,69.4900,67.1740,15793700
2023-02-24,66.7300,67.7100,65.8200,67.2300,64.9893,19089700
2023-02-27,69.0200,69.7200,67.4200,67.8700,65.6080,12635100
2023-02-28,67.6500,68.6700,67.0800,67.1300,64.8926,13500300
2023-03-01,66.6800,67.3500,65.6500,66.4200,64.2063,19913800
2023-03-02,65.2700,68.2900,65.1000,67.8200,65.5597,16244500
2023-03-03,68.8000,71.2100,68.4100,71.0100,68.6433,16509000
2023-03-06,71.5200,72.7800,70.9900,71.2200,68.8463,12063200
2023-03-07,71.1200,71.3000,67.5700,67.9200,65.6563,18030500
2023-03-08,67.9600,68.6300,67.0300,68.2100,65.9367,17279500
2023-03-09,68.5900,69.4900,63.8500,64.4300,62.2826,19511800
2023-03-10,64.0800,65.1400,60.7800,61.5900,59.5373,28624600
2023-03-13,59.6100,63.7000,59.0600,61.2900,59.2473,22789800
2023-03-14,63.7300,65.1200,62.0500,64.2300,62.0893,18774200
2023-03-15,61.3400,63.1700,60.3100,63.1400,61.0356,31288500
2023-03-16,61.8500,66.4700,61.5700,66.3000,64.0903,23814300
2023-03-17,65.6500,66.1800,63.2400,64.0100,61.8766,19615100
2023-03-20,64.3300,66.0000,63.9900,65.7700,63.5780,14210100
2023-03-21,67.2900,68.3600,66.4200,68.0900,66.0839,10938300
2023-03-22,68.0000,69.9200,64.5900,64.6800,62.7744,16604200
2023-03-23,66.0300,68.1100,63.7000,65.0300,63.1140,18413100
2023-03-24,64.4200,66.3800,63.1700,66.3100,64.3563,14070100
2023-03-27,67.5100,67.9000,66.2100,66.6500,64.6863,11815200
2023-03-28,66.3100,66.6600,65.2400,66.2200,64.2690,10817000
2023-03-29,68.3800,69.2300,67.7600,69.1100,67.0739,11417500
2023-03-30,70.4700,70.6000,69.2500,70.2300,68.1609,13065200
2023-03-31,70.7100,73.3200,70.6500,73.1800,71.0239,10711800
2023-04-03,72.8700,74.2100,72.6300,73.9500,71.7713,12177900
2023-04-04,74.3500,74.5000,71.9600,72.7600,70.6163,13972700
2023-04-05,72.2500,72.7000,71.2000,72.1100,69.9855,11163000
2023-04-06,71.6400,73.0400,71.0300,72.8600,70.7134,10565400
2023-04-10,71.4800,73.1400,71.1500,73.1100,70.9560,9575800
2023-04-11,73.4000,73.9000,72.7100,73.0900,70.9366,8626100
2023-04-12,74.2700,74.4200,71.9100,72.2600,70.1311,17729600
2023-04-13,72.8000,75.2300,72.5300,74.9900,72.7806,10435000
2023-04-14,74.6500,75.8700,73.1300,74.5000,72.3050,11725200
2023-04-17,74.3700,75.2900,73.6800,75.2500,73.0330,10242600
2023-04-18,76.1200,76.1800,74.5700,75.3500,73.1300,9345700
2023-04-19,74.2700,75.8200,74.2300,75.3500,73.1300,11041200
2023-04-20,73.6500,75.0100,73.1400,73.9900,71.8101,11843300
2023-04-21,74.0900,74.3900,73.0400,74.1200,71.9363,9073600
2023-04-24,73.9900,74.5900,73.2400,74.3300,72.1400,7780300
2023-04-25,73.2500,73.5200,70.7600,70.8300,68.7432,11346600
2023-04-26,71.1400,71.6800,69.5800,69.9000,67.8406,12637700
2023-04-27,71.1900,74.1400,71.0800,73.9900,71.8101,12998600
2023-04-28,73.4900,75.8700,73.4400,75.8700,73.6347,9661000
2023-05-01,75.5500,76.7500,75.4500,75.5800,73.3532,7783300
2023-05-02,75.1700,75.1800,71.3700,73.0700,70.9172,13992500
2023-05-03,73.2800,74.6100,71.3600,71.4700,69.3643,20785000
2023-05-04,70.8700,71.0400,69.1900,69.9600,67.8988,15061700
2023-05-05,71.8600,74.3100,71.6900,73.7200,71.5480,10082500
2023-05-08,73.8700,74.0500,73.0200,73.8000,71.6257,7587800
2023-05-09,72.8800,73.4000,72.6600,72.8400,70.6940,5791000
2023-05-10,74.3500,74.6900,71.6900,73.8200,71.6451,16785600
2023-05-11,73.2800,73.5100,72.2000,73.3300,71.1695,9695100
2023-05-12,73.9900,74.0900,71.6600,73.0100,70.8589,10101000
2023-05-15,73.3300,73.9600,72.2700,73.7100,71.5383,8893000
2023-05-16,73.0900,73.6000,72.2300,72.2500,70.1213,7032600
2023-05-17,73.3300,75.1900,72.4400,74.8400,72.6350,11161200
2023-05-18,74.6200,77.1800,74.5000,76.9100,74.6441,11482500
2023-05-19,77.4200,77.7100,75.8600,76.6000,74.3432,9511500
2023-05-22,76.5600,77.5100,75.8600,76.6600,74.4014,8110000
2023-05-23,75.6800,76.2400,73.8000,74.0600,71.8780,8885700
2023-05-24,73.1400,73.3200,71.7500,72.4300,70.2960,16363700
2023-05-25,74.2500,75.0300,73.0500,74.2100,72.0236,11940300
2023-05-26,74.5300,77.4400,74.4700,77.0700,74.7993,13126000
2023-05-30,78.1300,78.4300,76.3100,77.0800,74.8091,9094100
2023-05-31,75.9800,76.5600,74.9100,75.8300,73.5959,12182400
2023-06-01,75.8800,78.5000,75.1900,77.9300,75.6340,11584500
2023-06-02,79.3700,81.7000,79.0400,81.2500,78.8562,10481200
2023-06-05,81.4400,82.1700,80.3300,80.7200,78.3418,10645600
2023-06-06,80.4600,81.5600,80.0900,81.2700,78.8756,7150300
2023-06-07,81.4500,82.1400,80.1400,80.4700,78.0992,14289000
2023-06-08,80.3800,82.0400,79.9300,81.7300,79.3220,8148100
2023-06-09,82.2300,83.3600,81.5800,82.2100,79.7879,8884800
2023-06-12,82.7500,84.4100,82.3100,84.3400,81.8551,6507300
2023-06-13,85.2700,86.4100,84.8500,86.0000,83.4662,10559700
2023-06-14,86.2200,87.4500,84.2000,86.4300,83.8836,20155900
2023-06-15,85.7600,90.2200,85.7000,89.4000,86.7661,13981000
2023-06-16,90.6600,90.7000,88.1600,88.4600,85.8538,10017400
2023-06-20,87.2200,87.7700,85.7700,87.1400,84.5726,6915800
2023-06-21,86.1700,86.6700,85.0800,85.5100,83.2371,10555800
2023-06-22,84.8200,86.3400,84.6000,86.2800,83.9866,9987200
2023-06-23,84.1200,85.3800,83.8500,84.3200,82.0787,8737800
2023-06-26,83.9400,85.0800,83.1000,83.2300,81.0177,9601100
2023-06-27,83.7400,86.3200,83.4600,85.9700,83.6849,11297600
2023-06-28,85.2700,86.6800,84.8800,86.1500,83.8601,14974900
2023-06-29,85.7300,87.1100,85.5200,87.0400,84.7265,8989900
2023-06-30,88.9200,90.6000,88.7200,89.9800,87.5883,8264600
2023-07-03,89.7400,90.4400,89.5600,90.3000,87.8998,3604500
2023-07-05,89.1000,90.3200,89.1000,89.8700,87.4812,12400100
2023-07-06,87.5200,87.9400,86.0900,87.6100,85.2813,14827000
2023-07-07,86.9800,89.3800,86.7800,86.9100,84.5999,8788800
2023-07-10,86.6500,87.6800,86.3300,87.5300,85.2034,6371500
2023-07-11,88.0000,89.5300,87.4000,89.2600,86.8874,10022700
2023-07-12,91.5700,92.2300,90.6800,91.3300,88.9024,20474600
2023-07-13,92.4100,93.9400,92.1800,93.3600,90.8785,7872500
2023-07-14,93.9700,94.5000,92.7100,93.1700,90.6935,7729100
2023-07-17,93.0400,94.8200,93.0100,94.1300,91.6280,7687300
2023-07-18,93.9100,96.6200,93.6200,96.1600,93.6040,10001400
2023-07-19,96.7100,97.5900,96.2700,96.7000,94.1297,11096800
2023-07-20,96.0600,96.6800,94.3200,94.8400,92.3191,10804600
2023-07-21,95.8600,96.0100,94.7400,94.7700,92.2510,7187700
2023-07-24,95.4700,96.5100,95.0800,95.9600,93.4093,5986500
2023-07-25,95.7800,97.5600,95.7500,96.7700,94.1978,6582100
2023-07-26,96.1000,97.7000,95.4100,96.8300,94.2562,15197000
2023-07-27,98.9400,99.2000,94.1600,94.8100,92.2899,11782900
2023-07-28,96.8400,98.0500,96.3500,97.4800,94.8890,8873600
2023-07-31,97.7800,98.2800,96.9200,98.0900,95.4827,5720700
2023-08-01,97.0300,97.6500,96.5400,97.1200,94.5385,5450100
2023-08-02,95.0500,95.2500,92.5900,93.1100,90.6351,9704600
2023-08-03,91.7300,93.4100,91.2900,92.2400,89.7882,7617400
2023-08-04,93.3300,94.6600,90.5700,90.9000,88.4838,10493700
2023-08-07,92.0300,93.3400,91.6000,93.2300,90.7519,6696200
2023-08-08,91.6100,92.2900,89.8400,92.0400,89.5935,8697300
2023-08-09,92.1900,92.2300,89.6400,90.1900,87.7927,10228400
2023-08-10,91.5100,93.6600,89.4000,90.1700,87.7733,15466100
2023-08-11,88.8800,90.5700,88.5300,89.9400,87.5494,9366200
2023-08-14,89.2900,91.3900,89.1300,91.3500,88.9219,6042800
2023-08-15,90.2500,90.4500,87.8200,88.2300,85.8848,8806300
2023-08-16,87.8400,88.9000,86.1600,86.2500,83.9574,9315300
2023-08-17,87.0200,87.1600,83.8100,84.1400,81.9035,11069200
2023-08-18,82.3400,84.8300,82.1900,84.1500,81.9133,8221100
2023-08-21,84.7600,86.2800,83.4900,85.8400,83.5583,6650500
2023-08-22,86.7800,86.8800,84.7600,85.0600,82.7991,7012000
2023-08-23,85.6600,88.2800,85.6200,87.8700,85.5344,6090900
2023-08-24,88.8200,89.1400,84.1400,84.2200,81.9814,6831200
2023-08-25,85.1800,86.6900,83.0400,85.9300,83.6459,10681400
2023-08-28,87.2100,87.9000,86.4100,87.4600,85.1353,5712900
2023-08-29,87.4500,91.4700,87.3300,91.2700,88.8440,7596400
2023-08-30,91.5300,92.8000,91.0200,92.4700,90.0121,7348800
2023-08-31,92.7100,93.4100,91.7900,91.9100,89.4670,5453400
2023-09-01,93.6200,93.8800,91.4400,92.3700,89.9148,5485400
2023-09-05,92.0700,92.2600,91.1000,91.1400,88.7175,4136800
2023-09-06,90.6000,90.6600,87.8100,89.2900,86.9166,6308600
2023-09-07,87.3400,88.7900,87.1200,88.3300,85.9822,5910700
2023-09-08,88.3900,89.6600,88.1200,88.7200,86.3618,5419300
2023-09-11,90.2800,90.6300,89.2400,90.4400,88.0361,5197400
2023-09-12,89.4900,90.4500,88.5600,88.9100,86.5467,5367300
2023-09-13,89.0000,89.9200,88.3400,89.2500,86.8777,6003100
2023-09-14,90.6800,91.8500,89.8300,91.4300,88.9997,5651200
2023-09-15,90.4400,90.5800,87.8000,88.0700,85.7291,9077400
2023-09-18,87.8500,88.9800,87.5600,88.2400,85.8945,5653800
2023-09-19,87.3800,87.7600,85.7700,87.4900,85.3521,7027700
2023-09-20,88.1300,88.4100,84.8900,84.9600,82.8840,10040700
2023-09-21,83.2000,83.3600,80.6000,80.7400,78.7671,10337700
2023-09-22,81.2500,82.1700,79.8800,80.0800,78.1232,10096700
2023-09-25,79.3600,81.1100,79.1400,81.0800,79.0988,8551700
2023-09-26,79.2900,79.7000,77.0200,77.4700,75.5770,13269800
2023-09-27,78.1200,78.4400,75.5100,77.5100,75.6160,14746900
2023-09-28,77.2500,79.7800,76.8400,78.8700,76.9428,11895200
2023-09-29,80.5400,80.6200,77.3700,78.2000,76.2891,15546100
2023-10-02,77.7200,78.8100,76.5600,78.1100,76.2013,13468200
2023-10-03,76.8300,77.7100,74.1700,74.9300,73.0990,13343700
2023-10-04,75.1600,76.9700,74.3600,76.6200,74.7477,12714500
2023-10-05,76.3300,76.8600,74.6200,76.4100,74.5429,8347300
2023-10-06,75.0000,79.9100,74.2400,79.0200,77.0891,12329600
2023-10-09,77.9400,80.8900,77.6400,80.5200,78.5524,9563600
2023-10-10,80.9100,83.2800,80.6500,81.7900,79.7914,9483900
2023-10-11,82.4000,82.9200,80.9800,82.8000,80.7767,8294000
2023-10-12,83.0500,83.2700,79.8000,81.2400,79.2548,11726300
2023-10-13,82.0300,82.7000,79.0000,79.9200,77.9671,13110800
2023-10-16,81.1800,83.0300,81.0300,82.4300,80.4158,11148700
2023-10-17,80.5600,83.5600,80.3500,82.3700,80.3572,14245700
2023-10-18,81.3100,81.8700,78.4200,79.0700,77.1379,14273500
2023-10-19,79.3600,80.4000,76.5100,76.9100,75.0307,14782300
2023-10-20,76.6300,76.9000,73.9300,74.0200,72.2113,16557500
2023-10-23,73.1200,75.6900,72.1800,73.5800,71.7820,17597900
2023-10-24,74.6900,75.8500,73.7100,75.2500,73.4112,13914400
2023-10-25,74.3100,74.3100,71.6900,71.9700,70.2114,14034300
2023-10-26,71.3500,71.7800,68.8200,69.3700,67.6749,13897800
2023-10-27,70.1000,70.3000,67.6000,68.3300,66.6603,16908800
2023-10-30,69.7400,71.2900,69.0700,70.7800,69.0505,13486500
2023-10-31,71.0200,72.2200,70.0300,72.0400,70.2797,14616400
2023-11-01,72.5400,74.7800,72.2600,74.3400,72.5235,14963500
2023-11-02,76.4000,78.6500,76.3600,78.5700,76.6501,10974000
2023-11-03,79.8300,81.5500,79.7600,80.6700,78.6988,13149800
2023-11-06,81.0800,81.4600,80.0900,81.2000,79.2158,11053500
2023-11-07,81.1700,82.2300,80.5200,81.8700,79.8695,8066300
2023-11-08,82.1800,82.4900,80.6800,82.0000,79.9963,9689000
2023-11-09,82.6300,82.6400,79.7800,80.0200,78.0647,13341500
2023-11-10,81.1500,83.9100,80.3200,83.7100,81.6645,11454200
2023-11-13,82.9300,84.1300,82.4700,83.4100,81.3718,10214800
2023-11-14,86.9700,89.0600,86.8000,88.2900,86.1326,10930700
2023-11-15,89.0800,89.8400,88.3300,88.8400,86.6691,8035400
2023-11-16,88.5100,89.2900,87.8600,89.0500,86.8740,8829600
2023-11-17,89.0500,89.7600,88.5100,89.5300,87.3423,10775100
2023-11-20,89.2100,91.9500,89.2100,91.4000,89.1666,10069200
2023-11-21,90.7200,91.0400,90.0000,90.7400,88.5227,12771000
2023-11-22,91.7100,92.5700,91.0800,91.7600,89.5178,8061700
2023-11-24,91.7000,91.9600,91.5200,91.8500,89.6056,2941200
2023-11-27,91.4100,91.9600,91.1000,91.3300,89.0983,6130200
2023-11-28,91.0500,92.4000,90.7200,91.5800,89.3422,6739200
2023-11-29,92.9000,93.5900,91.1300,91.4200,89.1861,7805900
2023-11-30,91.8300,92.5900,90.5300,92.3900,90.1324,10001900
2023-12-01,91.9600,94.3100,91.5900,93.9200,91.6250,10621300
2023-12-04,91.8000,92.6400,91.0300,92.5000,90.2397,11775000
2023-12-05,91.5300,92.9800,91.3300,92.4100,90.1519,10406000
2023-12-06,93.6800,93.7100,90.9600,91.2000,88.9715,9167000
2023-12-07,92.4400,93.6400,92.0600,93.2200,90.9421,7221800
2023-12-08,92.7100,94.7000,92.5600,94.3400,92.0348,9790700
2023-12-11,94.2400,95.5600,93.9100,95.4700,93.1371,6082500
2023-12-12,95.2100,96.7900,94.5700,96.7400,94.3761,6052000
2023-12-13,96.9400,100.8800,96.7100,100.6600,98.2003,10743200
2023-12-14,101.8900,102.6800,99.7900,101.5500,99.0686,10282000
2023-12-15,101.1300,101.8700,100.4700,101.1200,98.6491,9053500
2023-12-18,102.1200,103.3700,101.9800,102.7300,100.2197,7070200
2023-12-19,103.0800,104.6000,103.0000,104.5300,101.9758,5429400
2023-12-20,103.9000,105.2100,99.9200,100.0400,97.5955,11952500
2023-12-21,101.7000,102.7300,100.1200,102.5100,100.3099,8639100
2023-12-22,103.2800,104.2600,101.8800,103.1400,100.9264,6531300
2023-12-26,103.3800,105.0100,103.3000,104.3600,102.1202,4480100
2023-12-27,104.2400,105.0800,103.9100,105.0000,102.7465,7931500
2023-12-28,105.0100,105.4800,104.6500,105.0000,102.7465,5232600
2023-12-29,104.6500,105.1100,102.6500,103.9900,101.7582,8692600
2024-01-02,101.8800,102.8400,100.7600,102.1200,99.9283,8732800
2024-01-03,100.7000,101.2000,99.2500,99.6300,97.4917,11632600
2024-01-04,99.2700,100.9300,98.4400,98.6300,96.5132,7422300
2024-01-05,98.6500,100.5500,98.0000,98.9300,96.8068,10967400
2024-01-08,99.2200,103.2300,99.1500,103.1000,100.8873,8596400
2024-01-09,101.3200,103.3300,100.9900,102.5600,100.3588,11699800
2024-01-10,102.8000,104.9300,102.6000,104.3600,102.1202,9823600
2024-01-11,104.8700,105.2200,101.3800,104.0800,101.8462,8716900
2024-01-12,104.9700,105.4800,103.2900,104.2500,102.0126,6557100
2024-01-16,103.2600,104.1500,101.8200,103.0600,100.8481,13261800
2024-01-17,100.9600,101.6200,99.7200,101.3200,99.1455,8442300
2024-01-18,102.2800,104.2200,101.2700,103.9000,101.6701,7684400
2024-01-19,104.6000,107.9100,104.1400,107.6600,105.3494,10010800
2024-01-22,108.7100,109.5600,107.9200,108.3500,106.0246,12762900
2024-01-23,108.6800,109.4300,107.9600,109.2400,106.8955,6720800
2024-01-24,111.1800,111.8700,109.3500,109.5500,107.1989,7679600
2024-01-25,110.9500,111.4800,109.5100,111.3200,108.9309,6089600
2024-01-26,110.9300,111.9800,110.2300,110.9200,108.5394,10774900
2024-01-29,110.9600,113.5100,110.6100,113.3800,110.9466,5696300
2024-01-30,112.8800,113.6100,112.5700,113.1400,110.7118,4861300
2024-01-31,111.5000,111.8300,107.4900,107.5600,105.2515,10411500
2024-02-01,108.5800,111.6800,108.0300,111.6100,109.2146,15098100
2024-02-02,111.9100,116.3000,111.6800,115.1100,112.6395,9528000
2024-02-05,114.6400,114.9600,112.2300,113.8200,111.3772,11377300
2024-02-06,114.4700,115.0200,113.4500,114.7400,112.2775,6819200
2024-02-07,116.3600,117.9300,115.7400,117.5700,115.0467,5542800
2024-02-08,117.5300,117.9400,116.9200,117.7100,115.1837,4075700
2024-02-09,118.0000,119.9900,117.7400,119.6200,117.0527,5414900
2024-02-12,119.6500,121.2600,118.9300,119.4200,116.8570,5474100
2024-02-13,114.8000,115.7500,112.0900,114.5100,112.0524,9210600
2024-02-14,116.3400,117.9300,114.6600,117.5600,115.0369,6561800
2024-02-15,117.9900,119.9900,117.5900,119.8200,117.2484,6601900
2024-02-16,119.6100,120.4000,117.4700,117.9700,115.4381,6946900
2024-02-20,116.7100,117.1900,114.3900,115.9500,113.4615,6589200
2024-02-21,115.0200,116.3900,113.7300,116.2500,113.7550,6509200
2024-02-22,120.9100,124.1000,120.2700,123.4000,120.7516,6293300
2024-02-23,124.6300,125.2800,123.0600,123.5300,120.8788,6649300
2024-02-26,123.8800,124.2200,122.1200,122.2300,119.6067,4292600
2024-02-27,122.6900,123.0200,121.2800,122.8100,120.1743,4652400
2024-02-28,121.6800,122.7600,121.3800,122.2500,119.6263,3882300
2024-02-29,123.5500,124.7400,121.5700,123.4300,120.7810,6950900
2024-03-01,124.1600,127.3100,123.8300,127.0400,124.3135,6119100
2024-03-04,126.3800,127.9400,126.3200,126.4900,123.7753,4766400
2024-03-05,124.9400,125.3200,121.0000,122.7000,120.0666,6849300
2024-03-06,125.1200,126.2000,123.5400,124.5400,121.8671,6240700
2024-03-07,126.9300,128.9300,126.2200,128.1500,125.3996,5795800
2024-03-08,128.5700,130.6000,125.2900,125.7300,123.0316,9774600
2024-03-11,124.7500,125.8000,123.3300,125.3700,122.6793,7690100
2024-03-12,126.9200,129.8100,125.0000,129.3900,126.6130,6147900
2024-03-13,129.5500,129.7100,127.6200,128.7100,125.9476,3708000
2024-03-14,129.3300,129.4600,125.4900,127.8000,125.0572,5564600
2024-03-15,125.4100,126.5300,124.0500,125.0300,122.3466,6092300
2024-03-18,128.1700,129.2400,126.9800,127.2900,124.5581,6188800
2024-03-19,126.3400,129.2100,125.5800,129.0700,126.6931,5291800
2024-03-20,129.0200,132.6400,128.4800,132.4500,130.0108,6279100
2024-03-21,134.6700,135.2000,133.5100,133.6900,131.2280,4330600
2024-03-22,133.4900,133.9900,132.7500,132.9400,130.4918,4111700
2024-03-25,131.7600,132.6800,131.6500,131.8800,129.4513,5737500
2024-03-26,132.8700,133.0900,130.6800,130.8100,128.4010,6567800
2024-03-27,133.0000,134.1400,131.3400,134.0800,131.6108,4600500
2024-03-28,134.1300,135.1600,133.7800,134.0300,131.5617,3843700
2024-04-01,134.5400,134.9500,132.3300,133.3500,130.8942,5667000
2024-04-02,130.1600,130.7500,128.8300,130.6800,128.2734,3696600
2024-04-03,129.7400,132.1900,129.7200,131.0500,128.6366,4613100
2024-04-04,134.0300,134.3000,125.8700,126.1800,123.8563,7072700
2024-04-05,127.1000,131.4800,126.7400,129.9300,127.5372,6946100
2024-04-08,130.5000,131.2700,129.5500,130.0700,127.6746,6096000
2024-04-09,131.4800,131.6700,126.8400,130.5200,128.1163,5409100
2024-04-10,126.1100,128.1300,125.0800,126.6100,124.2784,7529400
2024-04-11,127.6100,130.4300,124.9800,129.4000,127.0170,5004700
2024-04-12,126.5700,127.6300,122.5900,123.8400,121.5594,8850300
2024-04-15,127.0100,127.1000,118.6000,119.2600,117.0637,8718500
2024-04-16,119.5300,120.6200,117.5900,118.5200,116.3373,5997700
2024-04-17,120.2600,120.3600,115.3600,116.3500,114.2073,6666500
2024-04-18,117.2200,118.7200,114.8400,115.5300,113.4024,5587900
2024-04-19,115.3800,116.1000,111.5400,112.5500,110.4773,11659000
2024-04-22,114.2100,117.3100,112.5700,115.4500,113.3239,6315100
2024-04-23,116.8800,119.8700,116.5000,119.5100,117.3091,5019700
2024-04-24,120.1500,120.7200,117.7400,119.3500,117.1521,10395500
2024-04-25,114.7900,118.4200,113.6000,117.8400,115.6699,6755700
2024-04-26,119.8500,122.3100,119.3800,121.1400,118.9091,6060500
2024-04-29,122.4100,122.8900,120.3900,122.3600,120.1066,3177100
2024-04-30,121.2700,122.0000,116.5400,116.6200,114.4723,5167600
2024-05-01,116.0700,120.8500,115.0300,115.3500,113.2257,6631100
2024-05-02,117.8900,119.0700,114.7100,118.4400,116.2588,4396500
2024-05-03,122.7700,123.6400,120.9400,122.8600,120.5974,4857700
2024-05-06,124.5600,126.6300,124.3000,126.6200,124.2882,3515200
2024-05-07,127.3100,128.0500,126.5000,127.1000,124.7593,7257900
2024-05-08,125.5800,127.3800,125.4700,127.0300,124.6906,2878500
2024-05-09,127.0100,129.1100,126.5400,129.1000,126.7225,3182100
2024-05-10,130.2200,130.8600,128.5600,129.5500,127.1642,3421400
2024-05-13,130.7600,130.8200,128.6300,129.5700,127.1839,2517700
2024-05-14,129.6000,131.6300,129.2100,131.2100,128.7936,3804900
2024-05-15,133.1400,136.3200,132.6300,136.0900,133.5838,3676600
2024-05-16,136.0300,137.3000,134.9700,135.0700,132.5826,10316300
2024-05-17,135.1400,135.6900,134.0000,135.5900,133.0930,3344400
2024-05-20,135.6900,137.2300,135.3900,136.1100,133.6034,2645700
2024-05-21,135.4100,137.1600,135.2800,137.0000,134.4770,2329900
2024-05-22,136.4300,136.9900,134.0800,135.7900,133.2893,4506300
2024-05-23,138.0800,138.1200,131.7000,132.6700,130.2267,4623300
2024-05-24,134.0500,135.8300,133.2800,135.2300,132.7396,2688100
2024-05-28,135.8300,136.0100,133.4100,135.5000,133.0047,2587100
2024-05-29,132.2900,133.5000,132.0500,132.6500,130.2071,6054300
2024-05-30,131.3700,131.8700,128.9800,129.9800,127.5863,4307800
2024-05-31,130.5200,133.4900,126.6100,133.3000,130.8452,5937800
2024-06-03,134.5700,134.6500,129.6800,133.5600,131.1004,4743100
2024-06-04,132.6100,134.5900,131.3900,133.9400,131.4734,3825400
2024-06-05,135.7300,138.7500,134.2400,138.6900,136.1359,3774200
2024-06-06,138.9800,139.2900,137.1400,138.6400,136.0868,2680500
2024-06-07,137.8000,140.2900,136.9000,137.9700,135.4291,3539000
2024-06-10,137.3800,139.5400,136.9000,139.2400,136.6758,2695200
2024-06-11,138.0300,140.2900,136.4000,140.1600,137.5788,2803400
2024-06-12,143.8500,145.7700,142.8000,143.5700,140.9260,4086600
2024-06-13,145.0200,145.1500,142.2000,144.4600,141.7996,6772000
2024-06-14,143.1000,144.6300,142.2500,144.5700,141.9076,6709800
2024-06-17,144.0200,149.0800,143.6000,147.9500,145.2254,2904900
2024-06-18,147.9700,149.1500,147.6400,149.0300,146.2855,2066300
2024-06-20,149.7900,150.3400,146.3300,147.7900,145.0683,3665200
2024-06-21,147.0200,147.9700,145.8500,146.7400,144.0377,2250300
2024-06-24,146.8200,148.9500,145.4600,145.4900,142.8107,8573400
2024-06-25,146.1400,147.1700,144.9300,146.8600,144.4901,2334300
2024-06-26,145.9000,147.9500,145.3400,147.4300,145.0509,6060000
2024-06-27,147.2300,148.4800,146.5700,147.9300,145.5429,2235000
2024-06-28,148.4600,151.0000,145.1000,146.0700,143.7129,3460700
2024-07-01,147.1700,147.3500,144.6400,146.9900,144.6180,2699400
2024-07-02,145.5400,149.8200,145.4800,149.7700,147.3531,2550600
2024-07-03,149.4700,152.0100,149.4400,151.6700,149.2225,5058400
2024-07-05,151.8200,154.5500,151.2600,154.2100,151.7215,2321600
2024-07-08,154.8500,155.5000,153.7600,154.6900,152.1938,2247500
2024-07-09,155.4600,156.2200,154.8100,155.0700,152.5676,2039400
2024-07-10,156.0700,159.9200,155.8200,159.5500,156.9753,2631300
2024-07-11,159.6700,160.4500,154.8900,155.4300,152.9218,4128400
2024-07-12,156.2400,161.3300,155.9600,158.1600,155.6078,3862600
2024-07-15,159.8900,162.2700,157.8500,159.4500,156.8769,7173000
2024-07-16,160.5500,162.4900,159.9000,162.2600,159.6416,2921800
2024-07-17,157.0100,158.4000,155.0500,155.3900,152.8825,3420700
2024-07-18,156.6000,157.4300,149.8800,151.7300,149.2815,4144000
2024-07-19,151.3200,152.7000,147.6400,148.5500,146.1528,3471000
2024-07-22,151.7700,153.5600,150.1200,153.0100,150.5408,2958300
2024-07-23,152.9200,154.7600,151.8800,152.2100,149.7538,2358100
2024-07-24,148.1500,148.4000,141.0800,141.9100,139.6200,4813500
2024-07-25,141.9000,146.7100,138.8300,139.5800,137.3276,5296400
2024-07-26,142.4500,146.2700,141.8400,144.0400,141.7156,3872600
2024-07-29,145.3600,146.1500,142.7400,144.2900,141.9616,2990200
2024-07-30,145.5000,146.3300,139.3200,142.0700,139.7774,4576900
2024-07-31,147.4800,151.0800,146.4300,148.7100,146.3103,5787400
2024-08-01,150.3300,152.2000,139.6900,142.5300,140.2300,8116300
2024-08-02,136.6900,137.6800,131.0800,134.5100,132.3394,10774900
2024-08-05,118.2600,127.3500,117.2900,122.7400,120.7593,11317000
2024-08-06,123.9100,131.3700,122.9600,125.9500,123.9175,5711200
2024-08-07,130.5500,132.7600,122.9600,123.4400,121.4481,10799500
2024-08-08,127.0700,132.3300,125.6000,131.8200,129.6928,4320700
2024-08-09,131.1500,134.6200,130.1700,133.3500,131.1981,8065000
2024-08-12,134.3700,135.5000,131.8900,133.6000,131.4441,3327100
2024-08-13,136.0900,140.3500,135.8900,140.1300,137.8687,3235200
2024-08-14,140.8200,142.4000,138.6700,141.5100,139.2264,2989300
2024-08-15,145.9200,148.9400,145.4400,148.6700,146.2709,3578500
2024-08-16,147.2600,150.1200,147.1200,149.4800,147.0678,2597600
2024-08-19,149.8700,153.7900,149.1900,153.7900,151.3083,2768100
2024-08-20,153.4100,154.7800,151.8800,152.9800,150.5114,2297900
2024-08-21,153.7700,155.7200,152.3900,154.5100,152.0167,3040600
2024-08-22,156.0500,156.5500,149.7900,150.7600,148.3271,3765200
2024-08-23,153.3700,156.2500,151.5500,155.3800,152.8726,4743200
2024-08-26,156.2700,156.8600,152.8400,154.2900,151.8002,2804300
2024-08-27,153.1800,155.2700,152.2100,154.8700,152.3708,3837300
2024-08-28,154.5100,154.8900,149.4100,152.1600,149.7046,3511300
2024-08-29,153.7400,156.4700,151.1500,152.1600,149.7046,4573200
2024-08-30,153.8900,156.6800,150.9300,156.1800,153.6597,3453600
2024-09-03,153.5100,153.8100,144.3900,146.6000,144.2343,10244100
2024-09-04,145.0000,148.3700,144.4100,145.4800,143.1324,3761000
2024-09-05,145.5100,147.7700,142.4700,144.4000,142.0698,3801300
2024-09-06,144.6000,145.9100,136.2600,137.1300,134.9171,6112800
2024-09-09,140.2500,142.5300,138.7200,141.5800,139.2953,3600400
2024-09-10,143.0400,143.6300,139.2200,143.3700,141.0564,3421000
2024-09-11,143.2300,148.4400,136.3500,147.6700,145.2870,5710000
2024-09-12,148.1100,151.6300,146.3200,151.3500,148.9077,3872100
2024-09-13,151.7400,154.4500,151.5400,153.5300,151.0525,3245400
2024-09-16,153.3700,154.4500,151.8400,154.1800,151.6920,5514200
2024-09-17,156.0500,157.2500,152.4700,154.3800,151.8887,2924900
2024-09-18,154.8800,158.9400,152.4500,152.8500,150.3835,5223200
2024-09-19,160.7400,162.2800,158.3300,160.6400,158.0477,3716300
2024-09-20,159.3800,160.6200,157.1300,159.5500,156.9753,3322900
2024-09-23,160.5800,161.4000,159.5300,160.8200,158.2249,2099500
2024-09-24,161.3200,162.0500,158.8400,161.9300,159.5083,2788500
2024-09-25,161.7900,162.4300,159.9200,160.7800,158.3755,5808500
2024-09-26,164.5500,164.7700,160.7200,162.7700,160.3358,3407200
2024-09-27,163.5400,164.2500,161.0000,161.8400,159.4197,2367600
2024-09-30,160.9500,164.3100,159.0200,163.9500,161.4981,2960000
2024-10-01,163.3900,163.4600,157.0500,159.3200,156.9374,4132200
2024-10-02,158.5100,160.3300,156.4400,159.4500,157.0654,2898700
2024-10-03,158.1900,160.2100,156.6000,158.5100,156.1395,2641100
2024-10-04,162.2000,163.0400,158.7000,162.6400,160.2077,3457000
2024-10-07,161.2700,161.7900,157.2600,158.2800,155.9129,3427800
2024-10-08,160.3700,163.1400,159.6600,162.6400,160.2077,2280700
2024-10-09,162.6700,166.4800,162.1300,165.9200,163.4387,2653200
2024-10-10,164.8000,166.3400,163.6700,165.0500,162.5817,3037400
2024-10-11,164.8200,168.4800,164.7200,167.7700,165.2610,2558400
2024-10-14,169.2100,172.7100,168.9400,171.9000,169.3293,2107300
2024-10-15,172.1700,172.4200,166.8100,167.9000,165.3891,2916300
2024-10-16,167.8700,170.5000,167.1500,169.9500,167.4084,2130800
2024-10-17,173.1900,173.3300,169.8800,170.0400,167.4971,2881400
2024-10-18,171.3800,172.5300,170.0900,171.7600,169.1913,1942400
2024-10-21,171.1600,171.9900,168.2600,170.9700,168.4132,2997100
2024-10-22,168.6000,171.5900,167.9700,170.5400,167.9896,2744700
2024-10-23,168.6900,169.0900,162.6800,165.7900,163.3106,4029100
2024-10-24,167.5400,167.5500,164.6200,166.8300,164.3351,2580500
2024-10-25,168.7100,171.2600,165.7100,166.5400,164.0494,3395400
2024-10-28,169.5900,169.5900,167.7900,168.0700,165.5565,2245000
2024-10-29,167.2100,169.8000,165.9500,168.7900,166.2658,2111100
2024-10-30,168.3900,170.1400,166.6600,167.2500,164.7488,2960500
2024-10-31,163.3600,163.4300,157.2100,157.3300,154.9771,4449600
2024-11-01,159.4100,162.9900,158.8400,159.1800,156.7995,2965300
2024-11-04,159.2500,160.3900,156.5200,158.1600,155.7947,2184900
2024-11-05,158.9200,163.8100,158.7500,163.8000,161.3504,2332900
2024-11-06,174.4700,176.7800,171.1900,175.9800,173.3482,4871700
2024-11-07,177.7600,180.9700,177.7000,180.0900,177.3968,3284300
2024-11-08,180.3800,183.5000,180.3600,182.2300,179.5048,2296600
2024-11-11,183.6600,183.9600,181.1000,182.7000,179.9677,2620300
2024-11-12,182.6000,183.1200,178.6100,180.8600,178.1553,2664100
2024-11-13,181.2500,182.9800,179.1000,181.1600,178.4508,2840800
2024-11-14,181.1500,181.6200,176.9600,177.5500,174.8947,2691600
2024-11-15,174.1600,174.5800,168.8800,170.5500,167.9995,4853700
2024-11-18,170.9500,173.8000,170.1600,172.6900,170.1074,2639600
2024-11-19,169.5000,175.0800,168.9100,174.4800,171.8707,3473700
2024-11-20,174.3900,174.7400,169.2800,174.5000,171.8904,3790800
2024-11-21,177.0200,178.5200,171.7500,177.1600,174.5106,4258700
2024-11-22,177.1300,179.3500,176.6800,178.7400,176.0670,2961800
2024-11-25,182.3200,183.5000,178.4300,180.4300,177.7317,3279800
2024-11-26,181.6400,183.9300,180.9700,183.3200,180.5785,2197000
2024-11-27,183.0200,183.4500,180.0800,181.4200,178.7069,2578700
2024-11-29,182.0900,185.4400,181.8900,184.6900,181.9280,1492700
2024-12-02,185.0800,186.3000,184.6300,185.6800,182.9032,2172200
2024-12-03,185.4100,186.1100,184.4300,185.8600,183.0805,1916700
2024-12-04,187.4000,189.4800,186.7700,189.1700,186.3410,2323000
2024-12-05,189.1800,189.9700,187.9600,188.2900,185.4741,2068900
2024-12-06,188.8200,190.3400,188.4200,189.2200,186.3902,2718100
2024-12-09,189.0000,189.1600,185.6100,186.1600,183.3760,2350200
2024-12-10,186.7500,187.0500,183.7400,184.4800,181.7211,2396300
2024-12-11,187.1000,189.5200,186.7700,188.6400,185.8189,2438600
2024-12-12,187.7200,188.2500,185.6500,185.6900,182.9130,2141900
2024-12-13,187.4000,188.0300,184.0500,185.4200,182.6470,2494500
2024-12-16,186.9200,188.5600,186.1900,187.6500,184.8437,6451400
2024-12-17,185.1500,186.0700,183.9700,185.1500,182.3811,3083100
2024-12-18,184.8900,187.1400,168.1900,168.7300,166.2066,4801400
2024-12-19,172.8800,174.3600,168.1800,168.3700,165.8520,4162000
2024-12-20,166.1300,178.2100,165.4000,173.9400,171.3387,4783800
2024-12-23,173.6400,177.5700,170.7800,177.1100,174.7839,7031100
2024-12-24,178.0700,182.7500,177.5700,182.6400,180.2413,2183200
2024-12-26,181.0700,183.7900,179.8100,182.6500,180.2511,2446700
2024-12-27,179.0500,179.3300,172.9400,176.8900,174.5668,4005300
2024-12-30,170.4300,173.8000,167.3000,170.7400,168.4976,3726900
2024-12-31,172.0900,172.6700,167.3100,168.7000,166.4843,3802500
2025-01-02,171.5300,173.0400,163.8200,167.3100,165.1126,5967200
2025-01-03,169.7300,174.0500,168.7600,173.3700,171.0930,7668000
2025-01-06,177.2400,180.2900,174.9100,176.4700,174.1523,3588000
2025-01-07,178.2100,178.5500,168.7800,170.5300,168.2903,4255700
2025-01-08,170.3900,172.0000,167.3600,170.9700,168.7245,4246400
2025-01-10,167.7300,167.7500,161.3800,163.0900,160.9480,7967500
2025-01-13,158.9800,164.0000,158.6400,163.7900,161.6388,3609100
2025-01-14,166.2000,166.7400,161.1400,164.2200,162.0632,3542200
2025-01-15,171.2500,174.2300,170.2500,173.1500,170.8759,2980000
2025-01-16,174.3700,174.6200,171.6100,172.3000,170.0371,2327800
2025-01-17,176.6300,178.7300,175.4200,177.1100,174.7839,2967800
2025-01-21,179.9300,181.9400,178.1500,181.8400,179.4518,4732500
2025-01-22,184.5100,186.2100,184.0800,184.7900,182.3630,2074800
2025-01-23,184.3300,187.9000,184.1000,187.8300,185.3631,1996100
2025-01-24,187.8300,188.7200,184.9900,185.9900,183.5473,2318400
2025-01-27,173.9400,178.4200,173.7700,178.2000,175.8596,3714300
2025-01-28,179.1700,183.3900,176.2500,182.5200,180.1228,2542500
2025-01-29,181.8000,182.2300,177.8200,180.2300,177.8629,2515300
2025-01-30,182.0500,184.4200,179.1500,183.0300,180.6261,2688300
2025-01-31,185.2000,187.3800,179.2600,179.9800,177.6162,3496200
2025-02-03,171.6300,178.4600,169.7000,176.1500,173.8365,4077300
2025-02-04,176.2100,180.1400,175.7200,179.5300,177.1721,2073400
2025-02-05,178.7000,181.9600,176.8300,181.8200,179.4320,2030500
2025-02-06,183.3100,183.7400,180.3600,183.6700,181.2577,2003300
2025-02-07,183.9400,185.1000,177.7900,178.4900,176.1458,3280600
2025-02-10,181.2900,182.6200,180.1200,181.9400,179.5505,4471300
2025-02-11,179.8700,182.8900,179.7800,182.3200,179.9255,1807900
2025-02-12,176.7900,181.6500,176.2500,180.6600,178.2873,2622700
2025-02-13,181.5600,186.4100,180.4000,186.1400,183.6953,2325600
2025-02-14,186.1700,187.1400,185.4000,185.9700,183.5275,1542800
2025-02-18,187.0100,187.4800,184.7000,187.4100,184.9486,1500000
2025-02-19,186.1800,189.0700,185.7100,188.7500,186.2710,1804400
2025-02-20,187.4800,187.5700,183.3100,186.3200,183.8729,2364200
2025-02-21,186.0200,186.0500,176.2500,176.7600,174.4385,3413500
2025-02-24,178.3900,179.3200,173.5500,174.1900,171.9022,2548900
2025-02-25,174.1100,174.7100,167.4400,171.5000,169.2476,3707600
2025-02-26,172.9600,176.1200,169.4300,171.6300,169.3759,3217300
2025-02-27,173.6600,174.6800,163.1000,163.5500,161.4020,3875300
2025-02-28,163.7600,171.3700,161.1200,170.8700,168.6259,6333800
2025-03-03,172.5900,173.6200,158.5700,162.0000,159.8723,4012000
2025-03-04,158.4600,163.1300,152.2100,156.2100,154.1584,5799400
2025-03-05,155.8500,162.5100,152.9600,160.5000,158.3920,4771000
2025-03-06,154.6800,158.5900,150.3000,152.5400,150.5366,5562300
2025-03-07,150.8100,155.9600,146.6600,154.7000,152.6682,6690100
2025-03-10,148.0300,149.6100,138.3500,142.5000,140.6284,6907200
2025-03-11,141.4100,144.0500,135.8100,138.8000,136.9770,5825000
2025-03-12,143.4400,144.1300,137.0700,140.8600,139.0100,5739400
2025-03-13,140.5900,141.0200,133.9400,135.3400,133.5625,6311200
2025-03-14,138.5800,144.2400,138.1600,143.4000,141.5166,4291700
2025-03-17,143.4400,148.7700,143.1000,146.5400,144.6154,10771000
2025-03-18,144.9100,145.0500,140.4700,142.0900,140.2238,4032600
2025-03-19,143.2700,149.4700,142.4200,146.4200,144.4970,4179300
2025-03-20,143.5500,149.1700,143.0000,145.4000,143.4904,4695700
2025-03-21,141.5900,145.9200,140.6400,145.3200,143.4114,3962500
2025-03-24,150.4800,153.8100,150.0000,152.9200,150.9116,3407300
2025-03-25,153.4500,154.3400,152.1700,153.5200,151.9947,2468800
2025-03-26,153.3400,154.1500,146.9300,148.1600,146.6880,3513500
2025-03-27,146.9300,149.7900,145.1500,146.8000,145.3415,3465300
2025-03-28,145.4400,146.0300,137.3600,137.9300,136.5596,7069400
2025-03-31,133.4200,141.4800,131.2400,140.3900,138.9952,5325900
2025-04-01,139.0400,143.1600,136.1900,141.7100,140.3021,3831700
2025-04-02,137.1400,146.5200,136.9800,144.3500,142.9158,4748400
2025-04-03,129.3800,131.5800,123.1100,123.8200,122.5898,7706000
2025-04-04,113.8900,115.3800,101.1200,101.5000,100.4916,17536900
2025-04-07,91.4600,111.9300,87.0800,100.7500,99.7490,19566300
2025-04-08,111.1000,112.9400,91.5700,96.1100,95.1551,19905100
2025-04-09,94.0800,124.6600,93.8300,122.6000,121.3819,22776600
2025-04-10,115.3200,116.1700,99.9400,110.0900,108.9962,16152200
2025-04-11,109.0700,117.5200,107.1900,115.7400,114.5901,9627100
2025-04-14,122.5400,122.6600,115.8900,119.1400,117.9563,6601600
2025-04-15,119.6300,121.9500,117.7300,118.2900,117.1148,5973800
2025-04-16,114.2700,116.5700,106.8100,110.3900,109.2933,8068400
2025-04-17,111.3700,113.6000,109.0800,110.6400,109.5407,6780000
2025-04-21,107.3200,107.6100,99.3100,102.7600,101.7390,7740100
2025-04-22,106.4800,111.9100,105.8500,110.4300,109.3328,6813100
2025-04-23,118.9800,122.0200,114.8200,115.8400,114.6891,7358700
2025-04-24,116.5700,123.5000,115.8000,123.0100,121.7879,4818000
2025-04-25,123.0100,125.9100,120.9600,125.6200,124.3719,5054200
2025-04-28,126.1100,127.5700,121.7700,125.8200,124.5699,5281800
2025-04-29,124.4100,128.8400,124.2000,128.0100,126.7382,3640400
2025-04-30,123.4000,129.4700,119.1900,128.0900,126.8174,6637100
2025-05-01,132.2300,134.7800,130.4700,130.8000,129.5005,4671300
2025-05-02,135.2200,137.7500,133.5100,136.5500,135.1933,9120400
2025-05-05,133.5400,136.5200,132.9000,134.2300,132.8964,7693300
2025-05-06,130.1700,134.0300,129.4900,130.8900,129.5896,3660700
2025-05-07,131.7400,134.2900,128.8200,132.5000,131.1836,5290900
2025-05-08,135.3100,138.9000,132.7600,135.2000,133.8567,5376700
2025-05-09,136.0700,136.7700,133.4400,134.5200,133.1835,3287000
2025-05-12,146.7300,147.8000,143.5800,147.7300,146.2623,4961600
2025-05-13,148.1500,152.4200,147.7000,150.6500,149.1532,4033000
2025-05-14,151.4700,152.3200,149.6300,151.2000,149.6978,3133600
2025-05-15,149.6000,153.8100,149.2600,153.3300,151.8066,3577900
2025-05-16,153.8900,156.4300,152.3700,156.2500,154.6976,3894300
2025-05-19,151.3800,157.1900,151.3100,156.6800,155.1233,3712200
2025-05-20,155.2300,155.9700,152.5100,154.9300,153.3907,3303300
2025-05-21,151.5100,154.7800,146.3000,147.2200,145.7573,6423800
2025-05-22,146.9400,149.9200,146.0400,147.1500,145.6880,3330800
2025-05-23,141.7300,146.1200,141.3800,144.1500,142.7178,5231900
2025-05-27,149.3000,153.1500,147.9700,153.0200,151.4997,7967800
2025-05-28,153.3700,154.2800,149.7900,150.1800,148.6879,9107900
2025-05-29,154.4000,154.4900,149.0100,152.2200,150.7076,9198800
2025-05-30,151.0800,152.7600,146.7000,151.4400,149.9354,4948600
2025-06-02,150.1300,154.0200,148.0600,153.9600,152.4304,3406700
2025-06-03,153.6500,157.3300,153.2500,156.6100,155.0540,3018300
2025-06-04,157.2200,157.9700,156.0500,156.3000,154.7471,7565500
2025-06-05,157.7400,158.7200,152.5100,154.0500,152.5195,3782100
2025-06-06,158.2800,159.9800,156.8900,158.5700,156.9946,2813200
2025-06-09,159.0800,160.3000,158.1400,158.9900,157.4104,2091900
2025-06-10,159.4200,162.0100,158.5300,161.6700,160.0638,2635100
2025-06-11,162.5500,163.3000,158.6300,160.3300,158.7371,3205600
2025-06-12,159.2000,162.1300,158.7800,162.0300,160.4202,2346200
2025-06-13,157.8200,160.4600,155.3500,156.5600,155.0045,4041600
2025-06-16,159.2600,162.4000,159.1400,161.0300,159.4301,2247500
2025-06-17,158.9900,160.2100,156.2300,156.8300,155.2719,2824600
2025-06-18,157.4700,159.6500,155.9400,156.6300,155.0738,2670000
2025-06-20,158.6600,159.5300,154.3000,155.0700,153.5293,3006900
2025-06-23,155.9500,160.3200,153.4600,159.9700,158.3806,8424500
2025-06-24,162.6600,165.4900,161.9900,164.4700,163.4213,7873600
2025-06-25,165.5200,165.9800,163.6000,164.7500,163.6995,5010800
2025-06-26,166.3500,169.0100,165.8700,168.6800,167.6044,2286500
2025-06-27,169.4900,172.2900,167.6900,170.9300,169.8401,3089300
2025-06-30,173.0800,174.5700,171.1600,173.5300,172.4235,2878100
2025-07-01,172.1300,174.2300,171.5000,173.2300,172.1254,2748400
2025-07-02,172.8400,175.5100,172.3600,175.4300,174.3114,2045000
2025-07-03,177.0800,180.2400,177.0400,179.4100,178.2660,4986000
2025-07-07,177.7100,178.3100,172.9700,175.4100,174.2915,7478400
2025-07-08,175.9500,176.5800,174.3900,175.0700,173.9537,2787500
2025-07-09,177.0900,178.7500,175.5300,178.1200,176.9843,2502000
2025-07-10,178.2500,180.5500,177.2500,179.6400,178.4946,2247700
2025-07-11,176.8600,178.6400,175.8500,177.5400,176.4079,2303400
2025-07-14,177.1500,178.8500,176.0000,178.4900,177.3519,2292400
2025-07-15,180.8700,181.0900,176.1500,176.1800,175.0566,2427800
2025-07-16,177.5600,178.3300,172.7100,177.8600,176.7259,2619500
2025-07-17,178.1100,181.4600,177.8700,181.0400,179.8856,2268000
2025-07-18,182.0500,182.1300,179.6300,180.6000,179.4485,1946600
2025-07-21,181.6000,184.0000,181.2100,181.5500,180.3924,2388300
2025-07-22,181.7800,182.2900,179.3700,181.5400,180.3824,1938600
2025-07-23,183.9100,186.1800,182.3000,186.1400,184.9531,2472000
2025-07-24,186.5000,187.8000,185.9600,186.3700,185.1817,2018400
2025-07-25,186.7800,188.9100,186.5500,188.4300,187.2285,1606600
2025-07-28,188.8400,189.3100,187.1400,188.2900,187.0894,1925700
2025-07-29,189.5600,189.7900,185.9700,186.7600,185.5692,2123900
2025-07-30,187.4000,188.8700,183.4200,186.0600,184.8736,2895500
2025-07-31,190.3700,190.7200,182.7100,183.8000,182.6281,3018700
2025-08-01,178.7100,178.7100,172.6300,174.6500,173.5364,4788400
2025-08-04,178.0200,182.6300,177.9000,182.5300,181.3661,2112600
2025-08-05,183.1500,183.8400,179.0000,179.8300,178.6833,1928100
2025-08-06,180.7100,184.4100,179.9200,183.7600,182.5883,1941900
2025-08-07,186.8600,187.4800,180.6600,183.4300,182.2604,2431100
2025-08-08,184.7600,187.8800,184.5300,187.4000,186.2051,1965600
2025-08-11,187.6600,188.9900,185.2400,186.2900,185.1022,5326300
2025-08-12,188.3400,192.3800,187.0500,192.1500,190.9248,7123800
2025-08-13,194.1300,195.2800,192.1800,194.1200,192.8822,2437500
2025-08-14,192.2200,194.7200,191.7400,194.0400,192.8027,2379700
2025-08-15,194.8900,194.9900,191.7800,192.6200,191.3918,2427700
2025-08-18,192.0400,193.0000,191.4300,192.4300,191.2030,1579800
2025-08-19,192.2300,193.1000,188.0800,189.2100,188.0036,3094100
2025-08-20,188.7500,188.8900,183.0500,187.5300,186.3343,2976400
2025-08-21,185.9100,187.4000,183.7700,185.2400,184.0589,2419600
2025-08-22,187.0900,194.7000,186.7000,193.5900,192.3556,3025000
2025-08-25,192.4600,193.6200,191.0400,191.1700,189.9510,1914400
2025-08-26,190.7500,193.7500,190.2300,193.4200,192.1867,2166600
2025-08-27,192.7900,195.3600,192.7900,194.6600,193.4188,2090000
2025-08-28,195.2100,197.1900,193.4800,196.6700,195.4160,2710000
2025-08-29,195.2000,195.4900,191.2600,193.0100,191.7793,2888100
2025-09-02,186.1400,188.7500,183.8600,188.6000,187.3974,4055100
2025-09-03,190.6600,192.0000,188.7500,191.5500,190.3286,2654700
2025-09-04,192.2200,196.3500,191.3600,196.2200,194.9689,2387200
2025-09-05,198.3200,199.0300,190.9500,194.2200,192.9816,6581800
2025-09-08,195.6700,196.7700,194.4400,195.9500,194.7006,2170300
2025-09-09,195.9300,197.6200,194.3700,197.1600,195.9029,3257300
2025-09-10,200.0800,200.9500,197.4000,198.9100,197.6417,3512900
2025-09-11,200.6000,204.3400,200.0800,203.6400,202.3415,3043100
2025-09-12,203.5100,205.0000,202.9000,203.3500,202.0534,2928700
2025-09-15,205.4000,206.7200,205.1600,206.4800,205.1634,2710500
2025-09-16,207.0400,207.3200,204.9700,205.5800,204.2692,2334300
2025-09-17,205.6300,207.1700,200.3500,204.8600,203.5538,3528200
2025-09-18,207.3000,210.0700,205.7600,207.6900,206.3657,2118800
2025-09-19,209.1800,211.2700,207.4000,210.4200,209.0783,2527500
2025-09-22,209.0000,213.8500,208.9800,213.3400,211.9797,2941900
2025-09-23,213.0000,213.5700,208.4800,209.5000,208.4417,4738400
2025-09-24,210.8000,210.8300,206.2700,207.5500,206.5015,3007500
2025-09-25,204.5700,205.9300,201.2900,204.5600,203.5266,3809300
2025-09-26,205.8800,208.5000,204.4000,207.9900,206.9393,2133300
2025-09-29,210.3400,211.1000,207.9800,209.6400,208.5809,2324500
2025-09-30,208.8900,212.4000,207.6800,211.9000,210.8295,2285300
2025-10-01,209.0400,214.9800,208.9800,214.1400,213.0582,2315400
2025-10-02,215.9500,216.0800,212.4400,214.7200,213.6353,1928300
2025-10-03,215.3500,217.9300,213.6400,214.5200,213.4363,4442200
2025-10-06,216.8400,217.7100,214.7800,216.8600,215.7645,2879000
2025-10-07,217.7100,218.1400,212.9900,214.3900,213.3070,2993700
2025-10-08,215.4400,218.2300,214.6100,218.1100,217.0082,2730000
2025-10-09,218.5200,218.8800,214.3200,216.2500,215.1575,2284200
2025-10-10,217.0000,218.7200,198.3500,198.6000,197.5967,6283900
2025-10-13,205.4000,209.0000,204.6200,207.5700,206.5214,2536200
2025-10-14,202.0500,210.1500,198.3000,206.8000,205.7553,3213600
2025-10-15,211.0300,214.2300,203.6800,209.4600,208.4019,2773100
2025-10-16,210.9800,212.7300,201.8000,205.1400,204.1037,3655600
2025-10-17,203.9000,209.6500,202.7100,208.4200,207.3671,3382300
2025-10-20,211.0900,215.6900,211.0500,214.7900,213.7049,1847500
2025-10-21,214.8800,216.3700,213.5000,214.6200,213.5358,2023400
2025-10-22,215.3400,215.3400,206.9700,211.3000,210.2326,3336000
2025-10-23,211.5600,215.9300,211.3600,214.8400,213.7547,2436700
2025-10-24,219.3500,221.2800,218.6100,220.0000,218.8886,2482600
2025-10-27,225.4600,228.1800,224.8500,227.8600,226.7089,4133200
2025-10-28,229.6200,231.4500,227.4300,229.5500,228.3904,2562400
2025-10-29,231.2000,232.1900,225.3800,229.9000,228.7386,4267200
2025-10-30,226.3700,228.3400,222.3300,222.4000,221.2765,3652900
2025-10-31,227.2900,227.3300,221.6100,224.2400,223.1072,3639600
2025-11-03,227.7500,227.8900,222.1400,225.4700,224.3310,2692200
2025-11-04,218.2900,222.0500,216.7400,217.5600,216.4610,3289300
2025-11-05,217.0800,222.7700,216.3100,219.5600,218.4508,5505100
2025-11-06,218.4400,219.3100,210.9300,212.3600,211.2872,3689800
2025-11-07,209.9900,213.0400,203.6300,212.9600,211.8842,6900300
2025-11-10,218.8300,223.5100,216.7600,222.6600,221.5352,3136600
2025-11-11,221.3000,224.8300,220.1300,224.1600,223.0276,4998900
2025-11-12,226.0300,226.1500,222.2200,224.5200,223.3858,2485100
2025-11-13,221.7700,222.0400,211.8900,213.3900,212.3120,5224100
2025-11-14,206.8900,216.6500,204.8300,213.1200,212.0434,4485200
2025-11-17,210.9100,214.7100,203.7900,207.0700,206.0239,4342500
2025-11-18,203.6700,206.5000,197.9200,201.9300,200.9099,8626400
2025-11-19,202.3800,208.4300,200.5600,204.1300,203.0988,4469800
2025-11-20,213.5800,216.0200,194.1300,194.7200,193.7363,9485500
2025-11-21,196.7400,205.2600,192.8800,200.4300,199.4175,7134000
2025-11-24,203.5800,210.3100,202.6000,209.1800,208.1233,2778700
2025-11-25,208.9700,216.0600,205.1500,214.9700,213.8840,2974400
2025-11-26,217.3200,221.1900,216.4900,219.2400,218.1325,2289300
2025-11-28,220.2900,222.9200,219.9700,222.7300,221.6048,1185200
2025-12-01,218.1600,222.2500,218.0700,219.6300,218.5205,1946100
2025-12-02,221.1100,222.9700,218.6300,220.7200,219.6050,2185000
2025-12-03,219.8100,223.9800,218.9200,222.9800,221.8536,4354400
2025-12-04,224.3000,224.3300,220.4500,223.5500,222.4207,5639600
2025-12-05,224.3700,227.1900,223.4900,224.5300,223.3957,2444500
2025-12-08,225.3500,225.3800,220.4000,222.4700,221.3461,2490500
2025-12-09,221.8700,224.0600,221.3800,221.7700,220.6497,1995300
2025-12-10,221.2400,227.4600,220.0100,225.9800,224.8384,2900600
2025-12-11,223.6800,227.7100,220.7400,227.5700,226.4204,5215200
2025-12-12,226.5000,227.1700,217.5800,220.0900,218.9781,4527700
2025-12-15,223.9100,223.9200,217.6700,219.0600,217.9534,2664500
2025-12-16,217.4600,219.2600,213.4600,217.1100,216.0132,3353600
2025-12-17,218.0800,218.6100,209.6800,209.7300,208.6705,4089200
2025-12-18,215.6600,218.5800,213.1200,214.5900,213.5060,3063300
2025-12-19,216.4600,220.7400,216.3600,220.1900,219.0777,1868000
2025-12-22,223.4400,224.8000,222.2100,224.2200,223.0873,1551300
2025-12-23,223.1400,227.3300,223.1200,227.1000,226.1262,1414800
2025-12-24,226.9800,229.8400,226.8600,229.3800,228.3965,895000
2025-12-26,229.5000,230.5000,228.1600,229.1200,228.1376,1314600
2025-12-29,226.3600,227.9500,224.8800,226.6200,225.6483,1546600
2025-12-30,226.2000,227.2900,225.3800,225.6400,224.6725,1453100
2025-12-31,225.7600,225.9700,220.4000,220.6100,219.6640,1749900
2026-01-02,224.1000,225.2300,218.4400,221.6400,220.6896,2844300
2026-01-05,224.8800,227.6800,224.7400,226.0300,225.0608,1967600
2026-01-06,226.1800,230.4700,226.0300,230.0000,229.0138,1793400
2026-01-07,230.2900,232.0700,227.5000,227.7700,226.7934,2176400
2026-01-08,226.8500,228.6500,225.5300,227.5500,226.5743,1533600
2026-01-09,228.4800,233.0800,227.0900,231.8200,230.8260,2272500
2026-01-12,228.4500,233.8400,228.4400,232.9600,231.9611,1523600
2026-01-13,233.2000,233.7800,229.0600,231.3900,230.3978,2087900
2026-01-14,228.6300,229.3000,223.7900,228.0100,227.0323,2980700
2026-01-15,232.0700,232.9500,228.9000,229.7600,228.7748,2112500
2026-01-16,231.0000,231.5200,227.4800,228.9100,227.9285,1726700
2026-01-20,218.7200,221.9900,213.8900,214.8700,213.9486,4337000
2026-01-21,216.7400,225.3900,215.3200,222.1400,221.1875,4193500
2026-01-22,226.5100,227.7500,223.6000,225.5000,224.5331,2424000
2026-01-23,224.6300,227.4000,223.7000,225.6000,224.6326,1704000
2026-01-26,226.8600,230.4300,226.3500,229.1300,228.1475,1666400
2026-01-27,230.4200,232.8000,229.8800,231.9000,230.9056,1563400
2026-01-28,233.2600,234.0900,230.2000,231.7800,230.7861,1844300
2026-01-29,232.5000,233.1600,221.0300,230.1400,229.1532,3463200
2026-01-30,227.9000,230.2600,223.1900,227.9700,226.9925,3154100
2026-02-02,225.5500,232.7500,225.4500,231.3000,230.3082,1810800
2026-02-03,232.0700,232.7400,219.9500,225.3300,224.3638,4209500
2026-02-04,226.1100,227.1600,217.6800,221.9600,221.0083,4885600
2026-02-05,216.8600,219.4500,211.8700,213.4700,212.5547,6840300
2026-02-06,217.1000,227.3500,216.5600,225.8000,224.8318,2726000
2026-02-09,224.5500,230.8300,223.4700,228.9700,227.9882,2003400
2026-02-10,229.8600,231.4500,226.6100,226.9800,226.0067,1596400
2026-02-11,231.2900,231.9600,224.1500,226.8700,225.8972,2002600
2026-02-12,229.0400,230.1200,215.4600,216.3300,215.4024,3511100
2026-02-13,216.4500,220.8200,212.5000,216.4100,215.4821,3122200
2026-02-17,214.9100,219.4200,210.7600,217.4600,216.5275,3297200
2026-02-18,218.5700,223.4400,217.4300,220.7400,219.7935,2447000
2026-02-19,218.3300,220.5500,216.1200,218.9300,217.9912,2402700
2026-02-20,216.6200,224.0000,216.2000,223.4400,222.4819,5183600
2026-02-23,221.8500,224.0000,214.6700,216.6200,215.6911,2959400
2026-02-24,216.0100,222.1500,214.3200,221.3100,220.3610,2497900
2026-02-25,223.8800,227.2700,223.8800,226.7400,225.7678,1543700
2026-02-26,226.8400,226.8400,218.1200,222.9500,221.9940,2919200
2026-02-27,216.6700,220.3300,215.3600,219.7300,218.7878,2720500
2026-03-02,212.5000,222.0000,211.8800,219.8100,218.8675,2866200
2026-03-03,208.8900,216.1900,203.7400,213.9400,213.0226,6179200
2026-03-04,215.1600,220.3100,213.3100,218.3500,217.4137,3064200
2026-03-05,215.4700,218.7700,209.3000,214.8900,213.9686,5008600
2026-03-06,207.0900,209.6300,203.6600,206.1700,205.2859,4380500
2026-03-09,200.5200,212.9700,196.8900,211.5300,210.6230,5762800
2026-03-10,210.9400,216.2100,208.1700,210.3100,209.4082,3961400
2026-03-11,210.7300,213.0000,206.7900,209.5400,208.6415,3004900
2026-03-12,204.6400,205.1300,199.7800,199.9100,199.0528,4041500
2026-03-13,202.6100,205.4400,195.5700,196.3500,195.5081,5109500
2026-03-16,201.7400,205.0000,200.6200,202.2600,201.3927,3695700
2026-03-17,205.2800,207.1600,203.1900,203.8500,202.9759,2752800
2026-03-18,201.5800,202.8000,195.0800,195.3400,194.5024,3272700
2026-03-19,191.1900,196.5500,189.6400,193.7500,192.9192,5214500
2026-03-20,192.2700,192.3500,181.9200,185.1200,184.3262,5306900
2026-03-23,193.2600,197.2000,189.8100,191.0100,190.1909,7420400
2026-03-24,186.9800,191.9800,185.7700,188.5600,188.1948,3828100
2026-03-25,193.2600,195.2100,189.4800,191.6600,191.2888,2634100
2026-03-26,187.4300,189.9700,181.2100,181.5100,181.1585,3254400
2026-03-27,179.0700,179.2000,171.1900,172.0500,171.7168,4875900
2026-03-30,176.7800,177.0000,168.0400,170.2000,169.8704,3828200
2026-03-31,175.7800,185.9300,175.0500,184.8900,184.5319,4984400
2026-04-01,187.9600,191.9100,187.2500,189.1400,188.7737,3446000
2026-04-02,181.3100,191.1600,180.2000,189.6000,189.2328,3724000
2026-04-06,189.4000,192.7500,189.1700,191.9800,191.6082,2377800
2026-04-07,190.0200,192.5400,185.1700,192.3200,191.9476,3658500
2026-04-08,207.2300,207.8600,202.9900,206.9000,206.4993,5166400
2026-04-09,205.8500,211.5800,204.8900,210.4700,210.0624,2594600
2026-04-10,211.5900,212.2000,208.9500,209.7600,209.3538,3916900
2026-04-13,207.9200,216.0800,207.1500,215.9100,215.4919,2474000
2026-04-14,217.3900,223.8900,217.3900,223.6700,223.2368,2760300
2026-04-15,224.5900,229.3100,223.5800,229.0000,228.5565,2798500
2026-04-16,230.0000,231.7300,227.5900,230.6200,230.1734,2107100
2026-04-17,234.9300,241.0600,234.5200,238.7300,238.2677,3534800
2026-04-20,237.3500,238.5000,234.7300,237.3300,236.8704,2085400
2026-04-21,238.7600,239.8300,231.1900,232.6800,232.2294,2841700
2026-04-22,237.5700,239.9100,236.7100,239.6900,239.2258,2439200
2026-04-23,237.7400,240.7600,230.6500,236.6200,236.1618,3101100
2026-04-24,238.9000,242.6000,237.1800,242.1400,241.6711,2241800
2026-04-27,241.3100,243.7200,240.4500,243.3000,242.8288,1327200
2026-04-28,239.8200,240.8700,237.2200,239.7100,239.2458,1877600
2026-04-29,238.8700,240.1200,236.2900,239.6000,239.1360,1717600
2026-04-30,242.5800,247.6000,238.4000,246.3700,245.8929,2600800
2026-05-01,249.0500,252.8000,248.2900,248.4800,247.9988,2197800
2026-05-04,247.7700,249.8800,242.3100,245.7300,245.2541,2017500
2026-05-05,249.4800,252.7900,249.2500,251.4500,250.9630,1542900
2026-05-06,256.0500,262.7200,255.7000,261.9400,261.4327,2037500
2026-05-07,263.2000,264.3400,257.5200,259.3800,258.8777,2415900
2026-05-08,262.7900,266.1400,262.4900,265.5600,265.0457,1479100
2026-05-11,264.4600,269.0100,264.3800,267.2700,266.7524,1499100
2026-05-12,264.8700,266.8300,259.2600,266.1900,265.6745,2477700
2026-05-13,266.4100,272.2100,263.1900,270.5800,270.0560,1737600
2026-05-14,272.0300,278.4400,271.9300,276.9000,276.3637,2033700
2026-05-15,269.6900,271.4900,265.4000,266.6000,266.0837,2322800
2026-05-18,267.3200,269.0400,260.3700,265.8700,265.3551,3031300
2026-05-19,261.8300,264.8600,258.3200,260.7000,260.1951,2938400
2026-05-20,262.5500,269.2500,260.8100,268.6500,268.1297,2081700
2026-05-21,265.6400,272.5000,264.1500,270.2400,269.7166,2323000
2026-05-22,273.7100,276.6900,271.8500,273.0800,272.5511,1898800
2026-05-26,277.8800,280.1700,276.0700,278.3900,277.8509,1714300
2026-05-27,278.7600,279.2500,275.9300,278.3700,277.8309,1878300
2026-05-28,277.8200,283.4600,276.8600,282.9100,282.3621,1607300
2026-05-29,284.1000,286.5000,282.7800,284.6500,284.0987,2267000
2026-06-01,283.4900,288.9100,282.7200,286.8600,286.3044,1840800
2026-06-02,285.1800,289.0000,284.9200,288.0300,287.4722,1147500
2026-06-03,286.4000,287.1600,281.3000,282.0300,281.4838,2044200
2026-06-04,279.4900,286.4500,278.7800,285.0600,284.5079,1202900
2026-06-05,279.4600,280.0800,260.5100,262.5600,262.0515,4850800
2026-06-08,268.8700,271.0500,263.4500,264.5300,264.0177,2328300
2026-06-09,269.1600,272.5600,246.5600,262.0600,261.5525,3786100
2026-06-10,258.1000,263.4500,249.5000,249.6700,249.1865,3270200
2026-06-11,252.9100,264.5200,248.5000,262.2200,261.7122,3313100
2026-06-12,265.3100,269.1500,259.2400,266.2700,265.7543,2576200
2026-06-15,277.2100,282.3400,277.0800,280.2200,279.6773,3371700
2026-06-16,279.9600,280.9300,274.7800,275.3000,274.7668,1470700
2026-06-17,276.2000,277.0400,262.9800,264.9500,264.4369,2199700
2026-06-18,273.8400,274.2800,269.7000,272.6200,272.0920,1592200
2026-06-22,273.7800,276.5000,268.7200,270.0600,269.5370,1594500
2026-06-23,257.7800,264.3300,256.4000,257.9700,257.9700,1969200
2026-06-24,259.3700,264.4400,254.8100,257.1200,257.1200,1679000
2026-06-25,263.2600,263.7000,253.4300,257.5300,257.5300,1895700
2026-06-26,252.3600,260.5200,250.3700,251.6500,251.6500,1889500
2026-06-29,260.3800,265.7000,255.8600,265.1300,265.1300,1373600
2026-06-30,265.1900,272.5400,265.0000,270.6700,270.6700,1356700
2026-07-01,269.2200,274.0700,266.4100,269.9900,269.9900,1660700
2026-07-02,271.6600,275.7500,263.5700,268.8100,268.8100,2686900
2026-07-06,272.8600,276.9700,271.6100,275.8100,275.8100,1419900
2026-07-07,274.5200,275.3200,268.9900,271.5600,271.5600,1660700
2026-07-08,266.6700,269.9200,262.7100,269.1000,269.1000,1797100
2026-07-09,271.1700,276.2000,269.2500,275.7900,275.7900,1387700
2026-07-10,276.1400,279.7700,271.8300,279.1800,279.1800,1364300
2026-07-13,276.4200,278.0100,271.4500,272.7200,272.7200,1488200
2026-07-14,274.6500,277.1800,272.2500,275.6300,275.6300,1605700
2026-07-15,278.0700,279.6400,273.7500,278.7100,278.7100,1529700
2026-07-16,276.5100,278.3400,271.0500,274.2400,274.2400,1513200
2026-07-17,264.5200,270.1700,263.0700,265.7300,265.7300,1785400
2026-07-20,269.7700,271.5100,263.8600,264.5400,264.5400,1592800
2026-07-21,268.9100,271.7900,266.6000,271.0400,271.0400,1229900
2026-07-22,269.1800,272.8000,268.8300,269.9700,269.9700,1106300
2026-07-23,261.2200,264.5900,256.6800,260.0500,260.0500,1869000
2026-07-24,260.0300,265.4900,258.7700,260.4000,260.4000,1803400
2026-07-27,266.8700,267.4100,257.2600,260.5800,260.5800,1589200
2026-07-28,260.5700,264.4200,257.2800,262.4200,262.4200,1764500
2026-07-29,261.3200,264.2600,249.8800,250.2000,250.2000,2631800
2026-07-30,256.9200,263.5400,255.4600,262.9100,262.9100,2036400
2026-07-31,265.8900,270.2000,258.4400,268.2000,268.2000,2493000
2026-08-03,270.6800,280.6500,270.4300,279.6800,279.6800,2080400
2026-08-04,282.9000,296.9600,282.7500,294.5600,294.5600,4497400
2026-08-05,299.7700,300.9600,292.5000,292.8500,292.8500,2087300
2026-08-06,293.2100,295.0700,290.1900,291.2000,291.2000,1490300
2026-08-07,293.8700,297.1700,292.3700,296.3300,296.3300,1299500
2026-08-10,295.7200,298.5200,294.7600,296.1800,296.1800,1238600
2026-08-11,297.8100,297.9500,291.8400,293.1700,293.1700,1265800
2026-08-12,297.9700,298.0500,293.8400,295.4200,295.4200,1081500
2026-08-13,297.9700,303.1800,297.2800,301.3500,301.3500,1483100
2026-08-14,301.9900,302.2300,298.3800,299.3100,299.3100,987500
2026-08-17,299.1900,299.8200,294.8600,294.9900,294.9900,1302700
2026-08-18,290.3900,291.3600,288.3900,288.8700,288.8700,1507900
2026-08-19,292.2600,294.5500,289.7100,290.8600,290.8600,1310700
2026-08-20,287.3100,289.6000,282.8100,283.4300,283.4300,1479800
2026-08-21,286.9000,288.9700,284.8700,286.6400,286.6400,2483900
2026-08-24,285.6200,285.9400,282.4400,284.0700,284.0700,1369700
2026-08-25,287.0800,287.5900,283.5200,286.6100,286.6100,1039800
2026-08-26,285.2000,288.1200,284.3700,286.6500,286.6500,952700
2026-08-27,289.4000,293.7200,287.9000,292.2500,292.2500,1307300
2026-08-31,287.7800,288.5000,284.8000,287.3300,287.3300,1059200
