date,open,high,low,close,adj_close,volume
1993-01-29,100.0,100.0,100.0,100.0,100.0,1003200
1993-02-01,100.0,100.0,100.0,100.0,100.0,480500
1993-02-02,100.066222,100.066222,100.066222,100.066222,100.066222,201300
1993-02-03,99.990346,99.990346,99.990346,99.990346,99.990346,529400
1993-02-04,100.126346,100.126346,100.126346,100.126346,100.126346,531500
1993-02-05,100.470542,100.470542,100.470542,100.470542,100.470542,492100
1993-02-08,100.395549,100.395549,100.395549,100.395549,100.395549,596100
1993-02-09,100.390529,100.390529,100.390529,100.390529,100.390529,122100
1993-02-10,100.036828,100.036828,100.036828,100.036828,100.036828,379600
1993-02-11,100.031601,100.031601,100.031601,100.031601,100.031601,19500
1993-02-12,100.166483,100.166483,100.166483,100.166483,100.166483,42500
1993-02-16,100.021864,100.021864,100.021864,100.021864,100.021864,374800
1993-02-17,99.736542,99.736542,99.736542,99.736542,99.736542,210900
1993-02-18,99.731461,99.731461,99.731461,99.731461,99.731461,378100
1993-02-19,100.874734,100.874734,100.874734,100.874734,100.874734,34900
1993-02-22,100.86978,100.86978,100.86978,100.86978,100.86978,513600
1993-02-23,101.153829,101.153829,101.153829,101.153829,101.153829,373700
1993-02-24,101.438303,101.438303,101.438303,101.438303,101.438303,26300
1993-02-25,101.505882,101.505882,101.505882,101.505882,101.505882,44500
1993-02-26,101.428913,101.428913,101.428913,101.428913,101.428913,66200
1993-03-01,101.638381,101.638381,101.638381,101.638381,101.638381,66500
1993-03-02,101.99103,101.99103,101.99103,101.99103,101.99103,182400
1993-03-03,102.058089,102.058089,102.058089,102.058089,102.058089,280100
1993-03-04,102.194917,102.194917,102.194917,102.194917,102.194917,89500
1993-03-05,102.331354,102.331354,102.331354,102.331354,102.331354,40000
1993-03-08,102.468757,102.468757,102.468757,102.468757,102.468757,50800
1993-03-09,102.67837,102.67837,102.67837,102.67837,102.67837,169300
1993-03-10,102.462417,102.462417,102.462417,102.462417,102.462417,194400
1993-03-11,102.457607,102.457607,102.457607,102.457607,102.457607,70900
1993-03-12,102.522678,102.522678,102.522678,102.522678,102.522678,643600
1993-03-15,101.673485,101.673485,101.673485,101.673485,101.673485,310800
1993-03-16,101.598142,101.598142,101.598142,101.598142,101.598142,30800
1993-03-17,101.593062,101.593062,101.593062,101.593062,101.593062,21800
1993-03-18,101.447779,101.447779,101.447779,101.447779,101.447779,59300
1993-03-19,101.865399,101.865399,101.865399,101.865399,101.865399,66900
1993-03-22,102.270526,102.270526,102.270526,102.270526,102.270526,183400
1993-03-23,101.272286,101.272286,101.272286,101.272286,101.272286,55200
1993-03-24,101.549807,101.549807,101.549807,101.549807,101.549807,37200
1993-03-25,101.403302,101.403302,101.403302,101.403302,101.403302,110100
1993-03-26,101.468919,101.468919,101.468919,101.468919,101.468919,101500
1993-03-29,101.393538,101.393538,101.393538,101.393538,101.393538,87100
1993-03-30,101.458962,101.458962,101.458962,101.458962,101.458962,56000
1993-03-31,101.594178,101.594178,101.594178,101.594178,101.594178,111600
1993-04-01,101.870165,101.870165,101.870165,101.870165,101.870165,129500
1993-04-02,102.005897,102.005897,102.005897,102.005897,102.005897,59400
1993-04-05,101.151305,101.151305,101.151305,101.151305,101.151305,172200
1993-04-06,101.934695,101.934695,101.934695,101.934695,101.934695,129700
1993-04-07,102.145235,102.145235,102.145235,102.145235,102.145235,28000
1993-04-08,102.284247,102.284247,102.284247,102.284247,102.284247,180800
1993-04-12,102.711866,102.711866,102.711866,102.711866,102.711866,348500
1993-04-13,103.721602,103.721602,103.721602,103.721602,103.721602,146100
1993-04-14,103.644266,103.644266,103.644266,103.644266,103.644266,119600
1993-04-15,103.710783,103.710783,103.710783,103.710783,103.710783,148600
1993-04-16,103.633364,103.633364,103.633364,103.633364,103.633364,47900
1993-04-19,103.700362,103.700362,103.700362,103.700362,103.700362,157000
1993-04-20,103.695544,103.695544,103.695544,103.695544,103.695544,279500
1993-04-21,103.545737,103.545737,103.545737,103.545737,103.545737,67900
1993-04-22,103.758249,103.758249,103.758249,103.758249,103.758249,97700
1993-04-23,103.315739,103.315739,103.315739,103.315739,103.315739,106000
1993-04-26,103.090629,103.090629,103.090629,103.090629,103.090629,62600
1993-04-27,103.158868,103.158868,103.158868,103.158868,103.158868,156800
1993-04-28,103.005432,103.005432,103.005432,103.005432,103.005432,85900
1993-04-29,102.853649,102.853649,102.853649,102.853649,102.853649,85000
1993-04-30,103.068674,103.068674,103.068674,103.068674,103.068674,88500
1993-05-03,103.429625,103.429625,103.429625,103.429625,103.429625,80500
1993-05-04,103.571456,103.571456,103.571456,103.571456,103.571456,149100
1993-05-05,103.78534,103.78534,103.78534,103.78534,103.78534,109000
1993-05-06,103.780045,103.780045,103.780045,103.780045,103.780045,54700
1993-05-07,103.62911,103.62911,103.62911,103.62911,103.62911,68000
1993-05-10,103.696774,103.696774,103.696774,103.696774,103.696774,113900
1993-05-11,103.837646,103.837646,103.837646,103.837646,103.837646,42600
1993-05-12,103.832508,103.832508,103.832508,103.832508,103.832508,31000
1993-05-13,103.39133,103.39133,103.39133,103.39133,103.39133,129100
1993-05-14,102.950983,102.950983,102.950983,102.950983,102.950983,63500
1993-05-17,102.945851,102.945851,102.945851,102.945851,102.945851,34000
1993-05-18,103.233451,103.233451,103.233451,103.233451,103.233451,105200
1993-05-19,103.301054,103.301054,103.301054,103.301054,103.301054,50200
1993-05-20,103.295979,103.295979,103.295979,103.295979,103.295979,98200
1993-05-21,103.291126,103.291126,103.291126,103.291126,103.291126,221400
1993-05-24,103.357467,103.357467,103.357467,103.357467,103.357467,30500
1993-05-25,103.568568,103.568568,103.568568,103.568568,103.568568,191800
1993-05-26,103.995646,103.995646,103.995646,103.995646,103.995646,102400
1993-05-27,104.279036,104.279036,104.279036,104.279036,104.279036,53800
1993-05-28,104.416881,104.416881,104.416881,104.416881,104.416881,79100
1993-06-01,104.339281,104.339281,104.339281,104.339281,104.339281,28300
1993-06-02,104.694958,104.694958,104.694958,104.694958,104.694958,20300
1993-06-03,104.402714,104.402714,104.402714,104.402714,104.402714,21600
1993-06-04,104.183065,104.183065,104.183065,104.183065,104.183065,32000
1993-06-07,103.891193,103.891193,103.891193,103.891193,103.891193,121400
1993-06-08,104.1009,104.1009,104.1009,104.1009,104.1009,104500
1993-06-09,103.807251,103.807251,103.807251,103.807251,103.807251,43300
1993-06-10,104.164936,104.164936,104.164936,104.164936,104.164936,17900
1993-06-11,104.087293,104.087293,104.087293,104.087293,104.087293,647400
1993-06-14,104.444176,104.444176,104.444176,104.444176,104.444176,64200
1993-06-15,104.583549,104.583549,104.583549,104.583549,104.583549,142400
1993-06-16,104.723556,104.723556,104.723556,104.723556,104.723556,330900
1993-06-17,104.718463,104.718463,104.718463,104.718463,104.718463,37400
1993-06-18,104.931413,104.931413,104.931413,104.931413,104.931413,58500
1993-06-21,104.86601,104.86601,104.86601,104.86601,104.86601,29300
1993-06-22,105.155371,105.155371,105.155371,105.155371,105.155371,137500
1993-06-23,105.29714,105.29714,105.29714,105.29714,105.29714,227600
1993-06-24,105.291729,105.291729,105.291729,105.291729,105.291729,243700
1993-06-25,105.584155,105.584155,105.584155,105.584155,105.584155,44800
1993-06-28,105.505477,105.505477,105.505477,105.505477,105.505477,439900
1993-06-29,106.015443,106.015443,106.015443,106.015443,106.015443,207500
1993-06-30,105.864249,105.864249,105.864249,105.864249,105.864249,437600
1993-07-01,106.005778,106.005778,106.005778,106.005778,106.005778,605700
1993-07-02,106.147129,106.147129,106.147129,106.147129,106.147129,285400
1993-07-06,105.772756,105.772756,105.772756,105.772756,105.772756,246400
1993-07-07,105.619423,105.619423,105.619423,105.619423,105.619423,343700
1993-07-08,105.539327,105.539327,105.539327,105.539327,105.539327,248200
1993-07-09,105.608501,105.608501,105.608501,105.608501,105.608501,378200
1993-07-12,105.603164,105.603164,105.603164,105.603164,105.603164,373700
1993-07-13,105.450804,105.450804,105.450804,105.450804,105.450804,389600
1993-07-14,105.51932,105.51932,105.51932,105.51932,105.51932,617300
1993-07-15,105.58761,105.58761,105.58761,105.58761,105.58761,443800
1993-07-16,105.508657,105.508657,105.508657,105.508657,105.508657,216400
1993-07-19,105.576791,105.576791,105.576791,105.576791,105.576791,188200
1993-07-20,105.571621,105.571621,105.571621,105.571621,105.571621,68500
1993-07-21,105.492396,105.492396,105.492396,105.492396,105.492396,142700
1993-07-22,105.339786,105.339786,105.339786,105.339786,105.339786,632400
1993-07-23,105.187752,105.187752,105.187752,105.187752,105.187752,286200
1993-07-26,105.404197,105.404197,105.404197,105.404197,105.404197,121300
1993-07-27,105.693429,105.693429,105.693429,105.693429,105.693429,92800
1993-07-28,105.761392,105.761392,105.761392,105.761392,105.761392,30800
1993-07-29,105.535727,105.535727,105.535727,105.535727,105.535727,331000
1993-07-30,105.75084,105.75084,105.75084,105.75084,105.75084,75300
1993-08-02,105.745666,105.745666,105.745666,105.745666,105.745666,41300
1993-08-03,105.887459,105.887459,105.887459,105.887459,105.887459,81600
1993-08-04,106.103103,106.103103,106.103103,106.103103,106.103103,434000
1993-08-05,106.097798,106.097798,106.097798,106.097798,106.097798,36800
1993-08-06,106.092442,106.092442,106.092442,106.092442,106.092442,402300
1993-08-09,106.382174,106.382174,106.382174,106.382174,106.382174,828200
1993-08-10,106.672437,106.672437,106.672437,106.672437,106.672437,604900
1993-08-11,106.593614,106.593614,106.593614,106.593614,106.593614,542200
1993-08-12,106.514454,106.514454,106.514454,106.514454,106.514454,303700
1993-08-13,106.803817,106.803817,106.803817,106.803817,106.803817,103500
1993-08-16,106.872629,106.872629,106.872629,106.872629,106.872629,241800
1993-08-17,106.94106,106.94106,106.94106,106.94106,106.94106,369300
1993-08-18,106.862441,106.862441,106.862441,106.862441,106.862441,414300
1993-08-19,107.223803,107.223803,107.223803,107.223803,107.223803,28500
1993-08-20,107.291745,107.291745,107.291745,107.291745,107.291745,80700
1993-08-23,107.066457,107.066457,107.066457,107.066457,107.066457,15600
1993-08-24,106.623063,106.623063,106.623063,106.623063,106.623063,273400
1993-08-25,106.617508,106.617508,106.617508,106.617508,106.617508,242300
1993-08-26,106.612486,106.612486,106.612486,106.612486,106.612486,120000
1993-08-27,106.679381,106.679381,106.679381,106.679381,106.679381,25700
1993-08-30,106.385625,106.385625,106.385625,106.385625,106.385625,183500
1993-08-31,106.451986,106.451986,106.451986,106.451986,106.451986,66500
1993-09-01,106.37486,106.37486,106.37486,106.37486,106.37486,136500
1993-09-02,106.01251,106.01251,106.01251,106.01251,106.01251,472400
1993-09-03,106.078498,106.078498,106.078498,106.078498,106.078498,630500
1993-09-07,106.001448,106.001448,106.001448,106.001448,106.001448,196400
1993-09-08,105.996287,105.996287,105.996287,105.996287,105.996287,269900
1993-09-09,105.990966,105.990966,105.990966,105.990966,105.990966,239200
1993-09-10,105.553057,105.553057,105.553057,105.553057,105.553057,106500
1993-09-13,105.834732,105.834732,105.834732,105.834732,105.834732,66900
1993-09-14,106.185549,106.185549,106.185549,106.185549,106.185549,184500
1993-09-15,105.894508,105.894508,105.894508,105.894508,105.894508,101000
1993-09-16,105.459877,105.459877,105.459877,105.459877,105.459877,54300
1993-09-17,105.312565,105.312565,105.312565,105.312565,105.312565,200900
1993-09-20,105.246628,105.246628,105.246628,105.246628,105.246628,57800
1993-09-21,105.384686,105.384686,105.384686,105.384686,105.384686,318200
1993-09-22,105.524515,105.524515,105.524515,105.524515,105.524515,439700
1993-09-23,105.883308,105.883308,105.883308,105.883308,105.883308,88500
1993-09-24,106.167926,106.167926,106.167926,106.167926,106.167926,53500
1993-09-27,106.018502,106.018502,106.018502,106.018502,106.018502,274600
1993-09-28,106.809386,106.809386,106.809386,106.809386,106.809386,158300
1993-09-29,106.876098,106.876098,106.876098,106.876098,106.876098,221000
1993-09-30,106.870901,106.870901,106.870901,106.870901,106.870901,99300
1993-10-01,106.865377,106.865377,106.865377,106.865377,106.865377,22700
1993-10-04,106.714636,106.714636,106.714636,106.714636,106.714636,1038500
1993-10-05,106.854113,106.854113,106.854113,106.854113,106.854113,436500
1993-10-06,107.065299,107.065299,107.065299,107.065299,107.065299,209200
1993-10-07,107.132686,107.132686,107.132686,107.132686,107.132686,59400
1993-10-08,107.272263,107.272263,107.272263,107.272263,107.272263,54400
1993-10-11,107.55829,107.55829,107.55829,107.55829,107.55829,467100
1993-10-12,107.771877,107.771877,107.771877,107.771877,107.771877,26200
1993-10-13,107.912737,107.912737,107.912737,107.912737,107.912737,139100
1993-10-14,107.980184,107.980184,107.980184,107.980184,107.980184,108100
1993-10-15,108.412414,108.412414,108.412414,108.412414,108.412414,1502500
1993-10-18,108.913486,108.913486,108.913486,108.913486,108.913486,722400
1993-10-19,108.835799,108.835799,108.835799,108.835799,108.835799,880100
1993-10-20,108.685229,108.685229,108.685229,108.685229,108.685229,230400
1993-10-21,109.044268,109.044268,109.044268,109.044268,109.044268,56200
1993-10-22,109.111829,109.111829,109.111829,109.111829,109.111829,390700
1993-10-25,109.252738,109.252738,109.252738,109.252738,109.252738,114500
1993-10-26,109.32058,109.32058,109.32058,109.32058,109.32058,186200
1993-10-27,109.241909,109.241909,109.241909,109.241909,109.241909,118400
1993-10-28,109.089149,109.089149,109.089149,109.089149,109.089149,129600
1993-10-29,109.230294,109.230294,109.230294,109.230294,109.230294,80700
1993-11-01,109.151851,109.151851,109.151851,109.151851,109.151851,36400
1993-11-02,109.000344,109.000344,109.000344,109.000344,109.000344,262100
1993-11-03,108.849997,108.849997,108.849997,108.849997,108.849997,479100
1993-11-04,108.771724,108.771724,108.771724,108.771724,108.771724,130400
1993-11-05,108.766216,108.766216,108.766216,108.766216,108.766216,363200
1993-11-08,108.464215,108.464215,108.464215,108.464215,108.464215,367600
1993-11-09,108.532815,108.532815,108.532815,108.532815,108.532815,246900
1993-11-10,109.262527,109.262527,109.262527,109.262527,109.262527,46500
1993-11-11,109.257045,109.257045,109.257045,109.257045,109.257045,88900
1993-11-12,109.251776,109.251776,109.251776,109.251776,109.251776,108200
1993-11-15,109.467033,109.467033,109.467033,109.467033,109.467033,243300
1993-11-16,109.681642,109.681642,109.681642,109.681642,109.681642,492600
1993-11-17,109.897275,109.897275,109.897275,109.897275,109.897275,39600
1993-11-18,109.965273,109.965273,109.965273,109.965273,109.965273,240800
1993-11-19,109.812087,109.812087,109.812087,109.812087,109.812087,106000
1993-11-22,109.436812,109.436812,109.436812,109.436812,109.436812,165300
1993-11-23,109.136323,109.136323,109.136323,109.136323,109.136323,89700
1993-11-24,109.7236,109.7236,109.7236,109.7236,109.7236,77200
1993-11-26,110.014343,110.014343,110.014343,110.014343,110.014343,1019800
1993-11-29,110.304621,110.304621,110.304621,110.304621,110.304621,517500
1993-11-30,110.595476,110.595476,110.595476,110.595476,110.595476,230000
1993-12-01,110.51525,110.51525,110.51525,110.51525,110.51525,379200
1993-12-02,111.106006,111.106006,111.106006,111.106006,111.106006,352000
1993-12-03,111.325247,111.325247,111.325247,111.325247,111.325247,306000
1993-12-06,111.244506,111.244506,111.244506,111.244506,111.244506,99500
1993-12-07,111.387608,111.387608,111.387608,111.387608,111.387608,88800
1993-12-08,111.382181,111.382181,111.382181,111.382181,111.382181,146700
1993-12-09,111.376612,111.376612,111.376612,111.376612,111.376612,416500
1993-12-10,111.371194,111.371194,111.371194,111.371194,111.371194,412900
1993-12-13,111.440101,111.440101,111.440101,111.440101,111.440101,273200
1993-12-14,111.434421,111.434421,111.434421,111.434421,111.434421,41900
1993-12-15,111.503463,111.503463,111.503463,111.503463,111.503463,82600
1993-12-16,111.647748,111.647748,111.647748,111.647748,111.647748,78200
1993-12-17,112.092486,112.092486,112.092486,112.092486,112.092486,104700
1993-12-20,112.324227,112.324227,112.324227,112.324227,112.324227,68800
1993-12-21,112.243271,112.243271,112.243271,112.243271,112.243271,205700
1993-12-22,112.087108,112.087108,112.087108,112.087108,112.087108,410300
1993-12-23,112.383197,112.383197,112.383197,112.383197,112.383197,533800
1993-12-27,112.302428,112.302428,112.302428,112.302428,112.302428,447100
1993-12-28,112.297033,112.297033,112.297033,112.297033,112.297033,880600
1993-12-29,112.216574,112.216574,112.216574,112.216574,112.216574,266700
1993-12-30,112.285806,112.285806,112.285806,112.285806,112.285806,219900
1993-12-31,112.205409,112.205409,112.205409,112.205409,112.205409,312900
1994-01-03,112.424006,112.424006,112.424006,112.424006,112.424006,960900
1994-01-04,112.418488,112.418488,112.418488,112.418488,112.418488,164300
1994-01-05,112.56412,112.56412,112.56412,112.56412,112.56412,710900
1994-01-06,112.70921,112.70921,112.70921,112.70921,112.70921,201000
1994-01-07,112.854247,112.854247,112.854247,112.854247,112.854247,775500
1994-01-10,113.075449,113.075449,113.075449,113.075449,113.075449,593700
1994-01-11,113.219805,113.219805,113.219805,113.219805,113.219805,295200
1994-01-12,113.13999,113.13999,113.13999,113.13999,113.13999,158400
1994-01-13,113.208548,113.208548,113.208548,113.208548,113.208548,244300
1994-01-14,112.90368,112.90368,112.90368,112.90368,112.90368,137200
1994-01-17,113.2718,113.2718,113.2718,113.2718,113.2718,17700
1994-01-18,113.266137,113.266137,113.266137,113.266137,113.266137,166400
1994-01-19,113.409956,113.409956,113.409956,113.409956,113.409956,200800
1994-01-20,113.254835,113.254835,113.254835,113.254835,113.254835,281100
1994-01-21,113.398334,113.398334,113.398334,113.398334,113.398334,85600
1994-01-24,113.542028,113.542028,113.542028,113.542028,113.542028,373800
1994-01-25,113.461093,113.461093,113.461093,113.461093,113.461093,310400
1994-01-26,113.530676,113.530676,113.530676,113.530676,113.530676,145100
1994-01-27,113.525324,113.525324,113.525324,113.525324,113.525324,344500
1994-01-28,113.744321,113.744321,113.744321,113.744321,113.744321,356500
1994-01-31,114.185573,114.185573,114.185573,114.185573,114.185573,313800
1994-02-01,114.626537,114.626537,114.626537,114.626537,114.626537,303600
1994-02-02,114.472203,114.472203,114.472203,114.472203,114.472203,307600
1994-02-03,114.839409,114.839409,114.839409,114.839409,114.839409,466100
1994-02-04,114.61055,114.61055,114.61055,114.61055,114.61055,1403200
1994-02-07,114.604852,114.604852,114.604852,114.604852,114.604852,516400
1994-02-08,114.293966,114.293966,114.293966,114.293966,114.293966,188200
1994-02-09,114.515154,114.515154,114.515154,114.515154,114.515154,144600
1994-02-10,114.585393,114.585393,114.585393,114.585393,114.585393,883900
1994-02-11,114.504363,114.504363,114.504363,114.504363,114.504363,519400
1994-02-14,114.574745,114.574745,114.574745,114.574745,114.574745,2742100
1994-02-15,114.340856,114.340856,114.340856,114.340856,114.340856,374700
1994-02-16,114.562247,114.562247,114.562247,114.562247,114.562247,287600
1994-02-17,114.707148,114.707148,114.707148,114.707148,114.707148,342400
1994-02-18,115.230467,115.230467,115.230467,115.230467,115.230467,313300
1994-02-22,115.300755,115.300755,115.300755,115.300755,115.300755,154500
1994-02-23,115.60269,115.60269,115.60269,115.60269,115.60269,391700
1994-02-24,115.748939,115.748939,115.748939,115.748939,115.748939,770800
1994-02-25,115.360114,115.360114,115.360114,115.360114,115.360114,531300
1994-02-28,115.509101,115.509101,115.509101,115.509101,115.509101,333000
1994-03-01,115.811745,115.811745,115.811745,115.811745,115.811745,423600
1994-03-02,115.805894,115.805894,115.805894,115.805894,115.805894,581500
1994-03-03,114.325478,114.325478,114.325478,114.325478,114.325478,223200
1994-03-04,114.166393,114.166393,114.166393,114.166393,114.166393,595800
1994-03-07,114.161015,114.161015,114.161015,114.161015,114.161015,539800
1994-03-08,114.537265,114.537265,114.537265,114.537265,114.537265,880300
1994-03-09,114.607853,114.607853,114.607853,114.607853,114.607853,2500100
1994-03-10,114.755354,114.755354,114.755354,114.755354,114.755354,207400
1994-03-11,114.673026,114.673026,114.673026,114.673026,114.673026,576600
1994-03-14,114.821085,114.821085,114.821085,114.821085,114.821085,345900
1994-03-15,115.274641,115.274641,115.274641,115.274641,115.274641,748600
1994-03-16,115.499178,115.499178,115.499178,115.499178,115.499178,455500
1994-03-17,115.647516,115.647516,115.647516,115.647516,115.647516,133000
1994-03-18,115.259443,115.259443,115.259443,115.259443,115.259443,365500
1994-03-21,114.691751,114.691751,114.691751,114.691751,114.691751,324800
1994-03-22,114.304499,114.304499,114.304499,114.304499,114.304499,435700
1994-03-23,114.298656,114.298656,114.298656,114.298656,114.298656,698500
1994-03-24,114.216822,114.216822,114.216822,114.216822,114.216822,1200500
1994-03-25,113.754804,113.754804,113.754804,113.754804,113.754804,100900
1994-03-28,113.82588,113.82588,113.82588,113.82588,113.82588,1117200
1994-03-29,113.9752,113.9752,113.9752,113.9752,113.9752,338400
1994-03-30,113.969337,113.969337,113.969337,113.969337,113.969337,1123900
1994-03-31,114.042258,114.042258,114.042258,114.042258,114.042258,788800
1994-04-04,114.036874,114.036874,114.036874,114.036874,114.036874,2627300
1994-04-05,110.834656,110.834656,110.834656,110.834656,110.834656,1179000
1994-04-06,111.933631,111.933631,111.933631,111.933631,111.933631,516500
1994-04-07,112.08414,112.08414,112.08414,112.08414,112.08414,666100
1994-04-08,112.000479,112.000479,112.000479,112.000479,112.000479,242400
1994-04-11,111.761748,111.761748,111.761748,111.761748,111.761748,203300
1994-04-12,112.068788,112.068788,112.068788,112.068788,112.068788,1409200
1994-04-13,112.18015,112.18015,112.18015,112.18015,112.18015,364100
1994-04-14,112.135635,112.135635,112.135635,112.135635,112.135635,419900
1994-04-15,111.933651,111.933651,111.933651,111.933651,111.933651,387300
1994-04-18,111.888648,111.888648,111.888648,111.888648,111.888648,369100
1994-04-19,112.000461,112.000461,112.000461,112.000461,112.000461,472200
1994-04-20,111.875995,111.875995,111.875995,111.875995,111.875995,508000
1994-04-21,111.988595,111.988595,111.988595,111.988595,111.988595,200300
1994-04-22,112.457105,112.457105,112.457105,112.457105,112.457105,301800
1994-04-25,112.724908,112.724908,112.724908,112.724908,112.724908,394600
1994-04-26,112.680479,112.680479,112.680479,112.680479,112.680479,399000
1994-04-28,112.519651,112.519651,112.519651,112.519651,112.519651,287000
1994-04-29,112.280988,112.280988,112.280988,112.280988,112.280988,481900
1994-05-02,112.080252,112.080252,112.080252,112.080252,112.080252,275000
1994-05-03,112.074588,112.074588,112.074588,112.074588,112.074588,183400
1994-05-04,112.107679,112.107679,112.107679,112.107679,112.107679,401900
1994-05-05,112.334017,112.334017,112.334017,112.334017,112.334017,659800
1994-05-06,112.444671,112.444671,112.444671,112.444671,112.444671,216300
1994-05-09,111.895101,111.895101,111.895101,111.895101,111.895101,499300
1994-05-10,111.576596,111.576596,111.576596,111.576596,111.576596,583400
1994-05-11,112.121622,112.121622,112.121622,112.121622,112.121622,210600
1994-05-12,111.998141,111.998141,111.998141,111.998141,111.998141,305200
1994-05-13,112.703259,112.703259,112.703259,112.703259,112.703259,321300
1994-05-16,113.014079,113.014079,113.014079,113.014079,113.014079,450400
1994-05-17,113.24688,113.24688,113.24688,113.24688,113.24688,470200
1994-05-18,113.320545,113.320545,113.320545,113.320545,113.320545,824800
1994-05-19,113.393582,113.393582,113.393582,113.393582,113.393582,531000
1994-05-20,113.154464,113.154464,113.154464,113.154464,113.154464,370400
1994-05-23,112.955195,112.955195,112.955195,112.955195,112.955195,262700
1994-05-24,112.833247,112.833247,112.833247,112.833247,112.833247,549600
1994-05-25,113.137701,113.137701,113.137701,113.137701,113.137701,738200
1994-05-26,112.706108,112.706108,112.706108,112.706108,112.706108,369600
1994-05-27,112.662036,112.662036,112.662036,112.662036,112.662036,162000
1994-05-31,112.464251,112.464251,112.464251,112.464251,112.464251,160000
1994-06-01,112.114239,112.114239,112.114239,112.114239,112.114239,200500
1994-06-02,111.840824,111.840824,111.840824,111.840824,111.840824,55100
1994-06-03,111.911222,111.911222,111.911222,111.911222,111.911222,550400
1994-06-06,111.981637,111.981637,111.981637,111.981637,111.981637,99300
1994-06-07,112.202659,112.202659,112.202659,112.202659,112.202659,120600
1994-06-08,112.007737,112.007737,112.007737,112.007737,112.007737,131900
1994-06-09,112.267562,112.267562,112.267562,112.267562,112.267562,80500
1994-06-10,112.759964,112.759964,112.759964,112.759964,112.759964,83100
1994-06-13,112.869431,112.869431,112.869431,112.869431,112.869431,109700
1994-06-14,112.710524,112.710524,112.710524,112.710524,112.710524,161000
1994-06-15,113.048497,113.048497,113.048497,113.048497,113.048497,142800
1994-06-16,113.08072,113.08072,113.08072,113.08072,113.08072,44000
1994-06-17,113.074984,113.074984,113.074984,113.074984,113.074984,403800
1994-06-20,113.127274,113.127274,113.127274,113.127274,113.127274,137400
1994-06-21,112.312901,112.312901,112.312901,112.312901,112.312901,139200
1994-06-22,112.229905,112.229905,112.229905,112.229905,112.229905,279900
1994-06-23,112.535581,112.535581,112.535581,112.535581,112.535581,922500
1994-06-24,112.724274,112.724274,112.724274,112.724274,112.724274,353800
1994-06-27,112.170491,112.170491,112.170491,112.170491,112.170491,371200
1994-06-28,112.6026,112.6026,112.6026,112.6026,112.6026,5382300
1994-06-29,112.636259,112.636259,112.636259,112.636259,112.636259,311800
1994-06-30,112.788504,112.788504,112.788504,112.788504,112.788504,271900
1994-07-01,112.979547,112.979547,112.979547,112.979547,112.979547,406900
1994-07-05,113.529646,113.529646,113.529646,113.529646,113.529646,112000
1994-07-06,113.76263,113.76263,113.76263,113.76263,113.76263,174800
1994-07-07,113.320414,113.320414,113.320414,113.320414,113.320414,66700
1994-07-08,113.314765,113.314765,113.314765,113.314765,113.314765,148400
1994-07-11,112.599747,112.599747,112.599747,112.599747,112.599747,124000
1994-07-12,112.672457,112.672457,112.672457,112.672457,112.672457,257300
1994-07-13,112.706105,112.706105,112.706105,112.706105,112.706105,532700
1994-07-14,112.739772,112.739772,112.739772,112.739772,112.739772,494200
1994-07-15,113.283589,113.283589,113.283589,113.283589,113.283589,49100
1994-07-18,113.200098,113.200098,113.200098,113.200098,113.200098,72300
1994-07-19,113.194258,113.194258,113.194258,113.194258,113.194258,609500
1994-07-20,113.383135,113.383135,113.383135,113.383135,113.383135,185300
1994-07-21,113.455344,113.455344,113.455344,113.455344,113.455344,86300
1994-07-22,113.449804,113.449804,113.449804,113.449804,113.449804,151600
1994-07-25,113.718128,113.718128,113.718128,113.718128,113.718128,120900
1994-07-26,113.751819,113.751819,113.751819,113.751819,113.751819,489600
1994-07-27,113.70642,113.70642,113.70642,113.70642,113.70642,83200
1994-07-28,113.700735,113.700735,113.700735,113.700735,113.700735,828200
1994-07-29,113.695624,113.695624,113.695624,113.695624,113.695624,459100
1994-08-01,114.471683,114.471683,114.471683,114.471683,114.471683,486300
1994-08-02,114.543899,114.543899,114.543899,114.543899,114.543899,505500
1994-08-03,114.925618,114.925618,114.925618,114.925618,114.925618,144100
1994-08-04,114.881557,114.881557,114.881557,114.881557,114.881557,231700
1994-08-05,114.797716,114.797716,114.797716,114.797716,114.797716,138400
1994-08-08,114.206789,114.206789,114.206789,114.206789,114.206789,328600
1994-08-09,114.31758,114.31758,114.31758,114.31758,114.31758,105900
1994-08-10,113.883737,113.883737,113.883737,113.883737,113.883737,840300
1994-08-11,113.955537,113.955537,113.955537,113.955537,113.955537,876200
1994-08-12,113.679461,113.679461,113.679461,113.679461,113.679461,184100
1994-08-15,113.867125,113.867125,113.867125,113.867125,113.867125,325900
1994-08-16,113.976636,113.976636,113.976636,113.976636,113.976636,1089500
1994-08-17,114.048055,114.048055,114.048055,114.048055,114.048055,133700
1994-08-18,114.195048,114.195048,114.195048,114.195048,114.195048,620000
1994-08-19,113.806523,113.806523,113.806523,113.806523,113.806523,103200
1994-08-22,113.83917,113.83917,113.83917,113.83917,113.83917,79700
1994-08-23,113.872219,113.872219,113.872219,113.872219,113.872219,268600
1994-08-24,114.364859,114.364859,114.364859,114.364859,114.364859,254700
1994-08-25,114.474181,114.474181,114.474181,114.474181,114.474181,147400
1994-08-26,114.354804,114.354804,114.354804,114.354804,114.354804,339500
1994-08-29,114.615163,114.615163,114.615163,114.615163,114.615163,350300
1994-08-30,114.909968,114.909968,114.909968,114.909968,114.909968,36000
1994-08-31,114.86662,114.86662,114.86662,114.86662,114.86662,356200
1994-09-01,114.673122,114.673122,114.673122,114.673122,114.673122,294600
1994-09-02,114.291416,114.291416,114.291416,114.291416,114.291416,99600
1994-09-06,114.812059,114.812059,114.812059,114.812059,114.812059,229800
1994-09-07,114.730404,114.730404,114.730404,114.730404,114.730404,27900
1994-09-08,114.99,114.99,114.99,114.99,114.99,284800
1994-09-09,115.212401,115.212401,115.212401,115.212401,115.212401,488400
1994-09-12,114.069566,114.069566,114.069566,114.069566,114.069566,129400
1994-09-13,114.063789,114.063789,114.063789,114.063789,114.063789,389200
1994-09-14,114.28623,114.28623,114.28623,114.28623,114.28623,423500
1994-09-15,113.900659,113.900659,113.900659,113.900659,113.900659,779800
1994-09-16,114.197748,114.197748,114.197748,114.197748,114.197748,571300
1994-09-19,113.3418,113.3418,113.3418,113.3418,113.3418,167300
1994-09-20,113.599955,113.599955,113.599955,113.599955,113.599955,355600
1994-09-21,112.990653,112.990653,112.990653,112.990653,112.990653,397500
1994-09-22,113.329059,113.329059,113.329059,113.329059,113.329059,266400
1994-09-23,113.591618,113.591618,113.591618,113.591618,113.591618,176600
1994-09-26,113.624694,113.624694,113.624694,113.624694,113.624694,223000
1994-09-27,114.044376,114.044376,114.044376,114.044376,114.044376,479500
1994-09-28,114.038583,114.038583,114.038583,114.038583,114.038583,324000
1994-09-29,114.650931,114.650931,114.650931,114.650931,114.650931,195900
1994-09-30,114.645291,114.645291,114.645291,114.645291,114.645291,5200
1994-10-03,114.600943,114.600943,114.600943,114.600943,114.600943,72600
1994-10-04,114.67261,114.67261,114.67261,114.67261,114.67261,84200
1994-10-05,115.250241,115.250241,115.250241,115.250241,115.250241,461900
1994-10-06,115.046386,115.046386,115.046386,115.046386,115.046386,345200
1994-10-07,115.119829,115.119829,115.119829,115.119829,115.119829,188700
1994-10-10,115.114139,115.114139,115.114139,115.114139,115.114139,213600
1994-10-11,115.622805,115.622805,115.622805,115.622805,115.622805,461400
1994-10-12,116.128333,116.128333,116.128333,116.128333,116.128333,162400
1994-10-13,116.27812,116.27812,116.27812,116.27812,116.27812,1564500
1994-10-14,117.595183,117.595183,117.595183,117.595183,117.595183,72800
1994-10-17,117.981469,117.981469,117.981469,117.981469,117.981469,282300
1994-10-18,117.858188,117.858188,117.858188,117.858188,117.858188,132100
1994-10-19,117.734286,117.734286,117.734286,117.734286,117.734286,136700
1994-10-20,117.296706,117.296706,117.296706,117.296706,117.296706,290300
1994-10-21,117.290738,117.290738,117.290738,117.290738,117.290738,87800
1994-10-24,116.97104,116.97104,116.97104,116.97104,116.97104,149600
1994-10-25,117.004513,117.004513,117.004513,117.004513,117.004513,91800
1994-10-26,116.602709,116.602709,116.602709,116.602709,116.602709,201000
1994-10-27,117.030066,117.030066,117.030066,117.030066,117.030066,210300
1994-10-28,117.45786,117.45786,117.45786,117.45786,117.45786,192100
1994-10-31,117.68802,117.68802,117.68802,117.68802,117.68802,36300
1994-11-01,117.41201,117.41201,117.41201,117.41201,117.41201,435200
1994-11-02,116.903974,116.903974,116.903974,116.903974,116.903974,115600
1994-11-03,116.548082,116.548082,116.548082,116.548082,116.548082,87000
1994-11-04,116.932148,116.932148,116.932148,116.932148,116.932148,124400
1994-11-07,117.471161,117.471161,117.471161,117.471161,117.471161,115000
1994-11-08,117.742552,117.742552,117.742552,117.742552,117.742552,308300
1994-11-09,118.13289,118.13289,118.13289,118.13289,118.13289,318500
1994-11-10,119.388023,119.388023,119.388023,119.388023,119.388023,172100
1994-11-11,119.461786,119.461786,119.461786,119.461786,119.461786,302200
1994-11-14,119.295552,119.295552,119.295552,119.295552,119.295552,181400
1994-11-15,119.811637,119.811637,119.811637,119.811637,119.811637,316900
1994-11-16,119.685995,119.685995,119.685995,119.685995,119.685995,106900
1994-11-17,119.879916,119.879916,119.879916,119.879916,119.879916,104700
1994-11-18,119.953912,119.953912,119.953912,119.953912,119.953912,269300
1994-11-21,119.988196,119.988196,119.988196,119.988196,119.988196,283100
1994-11-22,119.901573,119.901573,119.901573,119.901573,119.901573,483600
1994-11-23,119.447735,119.447735,119.447735,119.447735,119.447735,601600
1994-11-25,119.524294,119.524294,119.524294,119.524294,119.524294,77300
1994-11-28,119.600809,119.600809,119.600809,119.600809,119.600809,79900
1994-11-29,119.553602,119.553602,119.553602,119.553602,119.553602,105500
1994-11-30,119.506514,119.506514,119.506514,119.506514,119.506514,218800
1994-12-01,120.113864,120.113864,120.113864,120.113864,120.113864,439000
1994-12-02,120.231158,120.231158,120.231158,120.231158,120.231158,318500
1994-12-05,119.975743,119.975743,119.975743,119.975743,119.975743,139200
1994-12-06,120.216576,120.216576,120.216576,120.216576,120.216576,249900
1994-12-07,119.757592,119.757592,119.757592,119.757592,119.757592,531900
1994-12-08,119.013408,119.013408,119.013408,119.013408,119.013408,261500
1994-12-09,119.499931,119.499931,119.499931,119.499931,119.499931,235900
1994-12-12,119.493927,119.493927,119.493927,119.493927,119.493927,151100
1994-12-13,119.238979,119.238979,119.238979,119.238979,119.238979,70900
1994-12-14,119.150948,119.150948,119.150948,119.150948,119.150948,203300
1994-12-15,118.981289,118.981289,118.981289,118.981289,118.981289,130100
1994-12-16,119.138011,119.138011,119.138011,119.138011,119.138011,266100
1994-12-19,119.50982,119.50982,119.50982,119.50982,119.50982,1120200
1994-12-20,119.503841,119.503841,119.503841,119.503841,119.503841,675600
1994-12-21,119.619803,119.619803,119.619803,119.619803,119.619803,544500
1994-12-22,119.695817,119.695817,119.695817,119.695817,119.695817,222000
1994-12-23,119.689888,119.689888,119.689888,119.689888,119.689888,125800
1994-12-27,119.602799,119.602799,119.602799,119.602799,119.602799,95200
1994-12-28,120.002622,120.002622,120.002622,120.002622,120.002622,358200
1994-12-29,120.118106,120.118106,120.118106,120.118106,120.118106,220100
1994-12-30,120.559835,120.559835,120.559835,120.559835,120.559835,2209500
1995-01-03,120.799225,120.799225,120.799225,120.799225,120.799225,324300
1995-01-04,121.165827,121.165827,121.165827,121.165827,121.165827,351800
1995-01-05,121.697621,121.697621,121.697621,121.697621,121.697621,89800
1995-01-06,121.774075,121.774075,121.774075,121.774075,121.774075,448400
1995-01-09,122.015874,122.015874,122.015874,122.015874,122.015874,36800
1995-01-10,121.968219,121.968219,121.968219,121.968219,121.968219,229800
1995-01-11,122.251634,122.251634,122.251634,122.251634,122.251634,222400
1995-01-12,122.659261,122.659261,122.659261,122.659261,122.659261,40300
1995-01-13,122.52895,122.52895,122.52895,122.52895,122.52895,170600
1995-01-16,123.186021,123.186021,123.186021,123.186021,123.186021,105100
1995-01-17,123.138632,123.138632,123.138632,123.138632,123.138632,89500
1995-01-18,122.887029,122.887029,122.887029,122.887029,122.887029,84500
1995-01-19,122.799513,122.799513,122.799513,122.799513,122.799513,139100
1995-01-20,122.384494,122.384494,122.384494,122.384494,122.384494,78700
1995-01-23,122.214811,122.214811,122.214811,122.214811,122.214811,53700
1995-01-24,121.388177,121.388177,121.388177,121.388177,121.388177,32400
1995-01-25,121.341546,121.341546,121.341546,121.341546,121.341546,15700
1995-01-26,120.727107,120.727107,120.727107,120.727107,120.727107,9800
1995-01-27,120.640763,120.640763,120.640763,120.640763,120.640763,91200
1995-01-30,121.438148,121.438148,121.438148,121.438148,121.438148,26600
1995-01-31,121.190162,121.190162,121.190162,121.190162,121.190162,127500
1995-02-01,121.42617,121.42617,121.42617,121.42617,121.42617,380200
1995-02-02,121.581289,121.581289,121.581289,121.581289,121.581289,131700
1995-02-03,121.535002,121.535002,121.535002,121.535002,121.535002,405100
1995-02-06,122.290806,122.290806,122.290806,122.290806,122.290806,405400
1995-02-07,122.244663,122.244663,122.244663,122.244663,122.244663,702900
1995-02-08,122.436473,122.436473,122.436473,122.436473,122.436473,521500
1995-02-09,122.271917,122.271917,122.271917,122.271917,122.271917,390700
1995-02-10,122.068089,122.068089,122.068089,122.068089,122.068089,148300
1995-02-13,121.904025,121.904025,121.904025,121.904025,121.904025,79700
1995-02-14,121.818986,121.818986,121.818986,121.818986,121.818986,170200
1995-02-15,122.206218,122.206218,122.206218,122.206218,122.206218,431500
1995-02-16,122.200047,122.200047,122.200047,122.200047,122.200047,99300
1995-02-17,122.037131,122.037131,122.037131,122.037131,122.037131,49100
1995-02-21,121.913626,121.913626,121.913626,121.913626,121.913626,168000
1995-02-22,121.907577,121.907577,121.907577,121.907577,121.907577,386400
1995-02-23,122.01954,122.01954,122.01954,122.01954,122.01954,402800
1995-02-24,122.48222,122.48222,122.48222,122.48222,122.48222,307600
1995-02-27,122.632709,122.632709,122.632709,122.632709,122.632709,280900
1995-02-28,122.274781,122.274781,122.274781,122.274781,122.274781,493500
1995-03-01,122.151016,122.151016,122.151016,122.151016,122.151016,242600
1995-03-02,122.02787,122.02787,122.02787,122.02787,122.02787,488600
1995-03-03,121.982681,121.982681,121.982681,121.982681,121.982681,290000
1995-03-06,121.586267,121.586267,121.586267,121.586267,121.586267,85700
1995-03-07,120.762105,120.762105,120.762105,120.762105,120.762105,180900
1995-03-08,120.330828,120.330828,120.330828,120.330828,120.330828,155900
1995-03-09,120.518815,120.518815,120.518815,120.518815,120.518815,63500
1995-03-10,120.474122,120.474122,120.474122,120.474122,120.474122,192100
1995-03-13,120.584352,120.584352,120.584352,120.584352,120.584352,261300
1995-03-14,120.502097,120.502097,120.502097,120.502097,120.502097,223300
1995-03-15,120.840132,120.840132,120.840132,120.840132,120.840132,278500
1995-03-16,120.643834,120.643834,120.643834,120.643834,120.643834,20400
1995-03-17,120.523736,120.523736,120.523736,120.523736,120.523736,89900
1995-03-20,120.333325,120.333325,120.333325,120.333325,120.333325,91700
1995-03-21,120.479045,120.479045,120.479045,120.479045,120.479045,104400
1995-03-22,120.472989,120.472989,120.472989,120.472989,120.472989,74900
1995-03-23,120.695135,120.695135,120.695135,120.695135,120.695135,220500
1995-03-24,120.537006,120.537006,120.537006,120.537006,120.537006,134000
1995-03-27,120.911128,120.911128,120.911128,120.911128,120.911128,132100
1995-03-28,121.093328,121.093328,121.093328,121.093328,121.093328,121900
1995-03-29,120.787089,120.787089,120.787089,120.787089,120.787089,246100
1995-03-30,120.668777,120.668777,120.668777,120.668777,120.668777,298400
1995-03-31,120.924276,120.924276,120.924276,120.924276,120.924276,541300
1995-04-03,119.979681,119.979681,119.979681,119.979681,119.979681,193300
1995-04-04,119.936363,119.936363,119.936363,119.936363,119.936363,66900
1995-04-05,119.967444,119.967444,119.967444,119.967444,119.967444,107200
1995-04-06,119.70189,119.70189,119.70189,119.70189,119.70189,352500
1995-04-07,119.991863,119.991863,119.991863,119.991863,119.991863,361400
1995-04-10,120.244662,120.244662,120.244662,120.244662,120.244662,285400
1995-04-11,120.053143,120.053143,120.053143,120.053143,120.053143,250300
1995-04-12,120.342668,120.342668,120.342668,120.342668,120.342668,150900
1995-04-13,120.522178,120.522178,120.522178,120.522178,120.522178,243400
1995-04-17,120.738848,120.738848,120.738848,120.738848,120.738848,178900
1995-04-18,121.175682,121.175682,121.175682,121.175682,121.175682,329500
1995-04-19,121.281412,121.281412,121.281412,121.281412,121.281412,223000
1995-04-20,121.275499,121.275499,121.275499,121.275499,121.275499,207900
1995-04-21,121.606834,121.606834,121.606834,121.606834,121.606834,145000
1995-04-24,121.638275,121.638275,121.638275,121.638275,121.638275,169000
1995-04-25,121.557447,121.557447,121.557447,121.557447,121.557447,293200
1995-04-26,121.366548,121.366548,121.366548,121.366548,121.366548,204400
1995-04-27,121.138854,121.138854,121.138854,121.138854,121.138854,502200
1995-04-28,120.948738,120.948738,120.948738,120.948738,120.948738,130800
1995-05-01,120.906011,120.906011,120.906011,120.906011,120.906011,518700
1995-05-02,120.790105,120.790105,120.790105,120.790105,120.790105,228400
1995-05-03,120.894433,120.894433,120.894433,120.894433,120.894433,724700
1995-05-04,121.291497,121.291497,121.291497,121.291497,121.291497,311400
1995-05-05,121.430332,121.430332,121.430332,121.430332,121.430332,314900
1995-05-08,121.932716,121.932716,121.932716,121.932716,121.932716,183100
1995-05-09,121.817138,121.817138,121.817138,121.817138,121.817138,180600
1995-05-10,122.318021,122.318021,122.318021,122.318021,122.318021,330300
1995-05-11,122.639386,122.639386,122.639386,122.639386,122.639386,351700
1995-05-12,122.814973,122.814973,122.814973,122.814973,122.814973,94600
1995-05-15,122.3358,122.3358,122.3358,122.3358,122.3358,147200
1995-05-16,122.655801,122.655801,122.655801,122.655801,122.655801,221600
1995-05-17,122.613492,122.613492,122.613492,122.613492,122.613492,189200
1995-05-18,122.607154,122.607154,122.607154,122.607154,122.607154,577800
1995-05-19,122.383622,122.383622,122.383622,122.383622,122.383622,363900
1995-05-22,122.194015,122.194015,122.194015,122.194015,122.194015,216000
1995-05-23,122.590767,122.590767,122.590767,122.590767,122.590767,136800
1995-05-24,122.8029,122.8029,122.8029,122.8029,122.8029,370800
1995-05-25,123.013525,123.013525,123.013525,123.013525,123.013525,379900
1995-05-26,122.645558,122.645558,122.645558,122.645558,122.645558,518600
1995-05-30,122.170991,122.170991,122.170991,122.170991,122.170991,61500
1995-05-31,122.455243,122.455243,122.455243,122.455243,122.455243,564500
1995-06-01,122.230722,122.230722,122.230722,122.230722,122.230722,810100
1995-06-02,121.690322,121.690322,121.690322,121.690322,121.690322,112900
1995-06-05,121.18683,121.18683,121.18683,121.18683,121.18683,257200
1995-06-06,121.180613,121.180613,121.180613,121.180613,121.180613,165800
1995-06-07,121.069352,121.069352,121.069352,121.069352,121.069352,41900
1995-06-08,120.816887,120.816887,120.816887,120.816887,120.816887,141100
1995-06-09,120.775589,120.775589,120.775589,120.775589,120.775589,304900
1995-06-12,120.522331,120.522331,120.522331,120.522331,120.522331,378500
1995-06-13,120.906642,120.906642,120.906642,120.906642,120.906642,120000
1995-06-14,121.466943,121.466943,121.466943,121.466943,121.466943,389400
1995-06-15,121.28514,121.28514,121.28514,121.28514,121.28514,274500
1995-06-16,121.454964,121.454964,121.454964,121.454964,121.454964,325100
1995-06-19,121.20969,121.20969,121.20969,121.20969,121.20969,134600
1995-06-20,121.554724,121.554724,121.554724,121.554724,121.554724,287800
1995-06-21,121.200518,121.200518,121.200518,121.200518,121.200518,158200
1995-06-22,121.577481,121.577481,121.577481,121.577481,121.577481,297000
1995-06-23,122.094841,122.094841,122.094841,122.094841,122.094841,315400
1995-06-26,121.812292,121.812292,121.812292,121.812292,121.812292,132900
1995-06-27,121.460063,121.460063,121.460063,121.460063,121.460063,127700
1995-06-28,121.419158,121.419158,121.419158,121.419158,121.419158,212600
1995-06-29,121.413229,121.413229,121.413229,121.413229,121.413229,89200
1995-06-30,121.40691,121.40691,121.40691,121.40691,121.40691,714100
1995-07-03,121.645133,121.645133,121.645133,121.645133,121.645133,9500
1995-07-05,121.77863,121.77863,121.77863,121.77863,121.77863,409300
1995-07-06,122.121075,122.121075,122.121075,122.121075,122.121075,202500
1995-07-07,122.149665,122.149665,122.149665,122.149665,122.149665,481700
1995-07-10,121.903094,121.903094,121.903094,121.903094,121.903094,400400
1995-07-11,121.999202,121.999202,121.999202,121.999202,121.999202,420500
1995-07-12,121.890593,121.890593,121.890593,121.890593,121.890593,203400
1995-07-13,122.124764,122.124764,122.124764,122.124764,122.124764,215600
1995-07-14,121.948489,121.948489,121.948489,121.948489,121.948489,543700
1995-07-17,121.297318,121.297318,121.297318,121.297318,121.297318,171500
1995-07-18,121.460096,121.460096,121.460096,121.460096,121.460096,221200
1995-07-19,121.252115,121.252115,121.252115,121.252115,121.252115,486600
1995-07-20,120.771197,120.771197,120.771197,120.771197,120.771197,318900
1995-07-21,120.901361,120.901361,120.901361,120.901361,120.901361,94000
1995-07-24,120.793349,120.793349,120.793349,120.793349,120.793349,108400
1995-07-25,120.95764,120.95764,120.95764,120.95764,120.95764,107400
1995-07-26,121.087212,121.087212,121.087212,121.087212,121.087212,167800
1995-07-27,121.013752,121.013752,121.013752,121.013752,121.013752,187700
1995-07-28,121.579741,121.579741,121.579741,121.579741,121.579741,415600
1995-07-31,121.674246,121.674246,121.674246,121.674246,121.674246,342500
1995-08-01,121.769855,121.769855,121.769855,121.769855,121.769855,141000
1995-08-02,121.933086,121.933086,121.933086,121.933086,121.933086,240400
1995-08-03,122.640624,122.640624,122.640624,122.640624,122.640624,1193600
1995-08-04,121.777836,121.777836,121.777836,121.777836,121.777836,240500
1995-08-07,122.009717,122.009717,122.009717,122.009717,122.009717,193100
1995-08-08,122.276325,122.276325,122.276325,122.276325,122.276325,951900
1995-08-09,122.338201,122.338201,122.338201,122.338201,122.338201,107100
1995-08-10,122.740552,122.740552,122.740552,122.740552,122.740552,280800
1995-08-11,122.871017,122.871017,122.871017,122.871017,122.871017,257200
1995-08-14,122.762313,122.762313,122.762313,122.762313,122.762313,254800
1995-08-15,123.066598,123.066598,123.066598,123.066598,123.066598,44400
1995-08-16,123.026062,123.026062,123.026062,123.026062,123.026062,374900
1995-08-17,122.916802,122.916802,122.916802,122.916802,122.916802,353800
1995-08-18,122.979237,122.979237,122.979237,122.979237,122.979237,85400
1995-08-21,123.58935,123.58935,123.58935,123.58935,123.58935,266700
1995-08-22,124.098661,124.098661,124.098661,124.098661,124.098661,220200
1995-08-23,124.265671,124.265671,124.265671,124.265671,124.265671,176500
1995-08-24,124.363068,124.363068,124.363068,124.363068,124.363068,167400
1995-08-25,124.391505,124.391505,124.391505,124.391505,124.391505,195000
1995-08-28,124.59367,124.59367,124.59367,124.59367,124.59367,293000
1995-08-29,124.932892,124.932892,124.932892,124.932892,124.932892,1133100
1995-08-30,125.065878,125.065878,125.065878,125.065878,125.065878,437400
1995-08-31,125.163632,125.163632,125.163632,125.163632,125.163632,491900
1995-09-01,125.122966,125.122966,125.122966,125.122966,125.122966,629900
1995-09-05,125.081964,125.081964,125.081964,125.081964,125.081964,272200
1995-09-06,125.455356,125.455356,125.455356,125.455356,125.455356,214500
1995-09-07,125.551568,125.551568,125.551568,125.551568,125.551568,258800
1995-09-08,125.682516,125.682516,125.682516,125.682516,125.682516,107300
1995-09-11,126.155846,126.155846,126.155846,126.155846,126.155846,260700
1995-09-12,126.355149,126.355149,126.355149,126.355149,126.355149,139500
1995-09-13,126.382802,126.382802,126.382802,126.382802,126.382802,239800
1995-09-14,126.240196,126.240196,126.240196,126.240196,126.240196,457600
1995-09-15,126.67414,126.67414,126.67414,126.67414,126.67414,431200
1995-09-18,126.564926,126.564926,126.564926,126.564926,126.564926,307500
1995-09-19,126.118872,126.118872,126.118872,126.118872,126.118872,549600
1995-09-20,126.349185,126.349185,126.349185,126.349185,126.349185,290800
1995-09-21,126.54567,126.54567,126.54567,126.54567,126.54567,508500
1995-09-22,126.371266,126.371266,126.371266,126.371266,126.371266,449900
1995-09-25,125.348547,125.348547,125.348547,125.348547,125.348547,130000
1995-09-26,125.476722,125.476722,125.476722,125.476722,125.476722,466600
1995-09-27,125.840777,125.840777,125.840777,125.840777,125.840777,654400
1995-09-28,125.294145,125.294145,125.294145,125.294145,125.294145,456200
1995-09-29,125.388596,125.388596,125.388596,125.388596,125.388596,606600
1995-10-02,125.282138,125.282138,125.282138,125.282138,125.282138,293100
1995-10-03,125.275727,125.275727,125.275727,125.275727,125.275727,839700
1995-10-04,125.269448,125.269448,125.269448,125.269448,125.269448,248800
1995-10-05,125.330293,125.330293,125.330293,125.330293,125.330293,268800
1995-10-06,125.458818,125.458818,125.458818,125.458818,125.458818,75300
1995-10-09,125.519672,125.519672,125.519672,125.519672,125.519672,358200
1995-10-10,125.043099,125.043099,125.043099,125.043099,125.043099,360800
1995-10-11,123.755299,123.755299,123.755299,123.755299,123.755299,228100
1995-10-12,124.183432,124.183432,124.183432,124.183432,124.183432,199800
1995-10-13,124.277269,124.277269,124.277269,124.277269,124.277269,488100
1995-10-16,124.835825,124.835825,124.835825,124.835825,124.835825,443600
1995-10-17,124.463701,124.463701,124.463701,124.463701,124.463701,146000
1995-10-18,124.590636,124.590636,124.590636,124.590636,124.590636,228100
1995-10-19,125.180901,125.180901,125.180901,125.180901,125.180901,500600
1995-10-20,125.108348,125.108348,125.108348,125.108348,125.108348,748400
1995-10-23,125.002832,125.002832,125.002832,125.002832,125.002832,533000
1995-10-24,124.399125,124.399125,124.399125,124.399125,124.399125,172200
1995-10-25,124.558746,124.558746,124.558746,124.558746,124.558746,302700
1995-10-26,124.651823,124.651823,124.651823,124.651823,124.651823,606800
1995-10-27,124.846041,124.846041,124.846041,124.846041,124.846041,905800
1995-10-30,124.704583,124.704583,124.704583,124.704583,124.704583,488700
1995-10-31,124.999932,124.999932,124.999932,124.999932,124.999932,508200
1995-11-01,125.32698,125.32698,125.32698,125.32698,125.32698,415700
1995-11-02,125.25362,125.25362,125.25362,125.25362,125.25362,326000
1995-11-03,125.047616,125.047616,125.047616,125.047616,125.047616,615000
1995-11-06,125.206571,125.206571,125.206571,125.206571,125.206571,311200
1995-11-07,125.167456,125.167456,125.167456,125.167456,125.167456,358200
1995-11-08,125.095173,125.095173,125.095173,125.095173,125.095173,357200
1995-11-09,125.254975,125.254975,125.254975,125.254975,125.254975,503700
1995-11-10,125.743089,125.743089,125.743089,125.743089,125.743089,795600
1995-11-13,125.044114,125.044114,125.044114,125.044114,125.044114,818500
1995-11-14,124.808454,124.808454,124.808454,124.808454,124.808454,341800
1995-11-15,124.572429,124.572429,124.572429,124.572429,124.572429,584700
1995-11-16,124.697914,124.697914,124.697914,124.697914,124.697914,577700
1995-11-17,124.691742,124.691742,124.691742,124.691742,124.691742,267000
1995-11-20,124.880742,124.880742,124.880742,124.880742,124.880742,448800
1995-11-21,125.068623,125.068623,125.068623,125.068623,125.068623,119200
1995-11-22,125.193013,125.193013,125.193013,125.193013,125.193013,351600
1995-11-24,125.089527,125.089527,125.089527,125.089527,125.089527,62400
1995-11-27,125.213085,125.213085,125.213085,125.213085,125.213085,273000
1995-11-28,125.466182,125.466182,125.466182,125.466182,125.466182,479000
1995-11-29,125.362389,125.362389,125.362389,125.362389,125.362389,549200
1995-11-30,125.580983,125.580983,125.580983,125.580983,125.580983,286200
1995-12-01,125.575155,125.575155,125.575155,125.575155,125.575155,465200
1995-12-04,125.729662,125.729662,125.729662,125.729662,125.729662,631700
1995-12-05,126.013406,126.013406,126.013406,126.013406,126.013406,567700
1995-12-06,125.879715,125.879715,125.879715,125.879715,125.879715,272800
1995-12-07,126.189784,126.189784,126.189784,126.189784,126.189784,289700
1995-12-08,126.025181,126.025181,126.025181,126.025181,126.025181,296900
1995-12-11,126.559431,126.559431,126.559431,126.559431,126.559431,186500
1995-12-12,126.807481,126.807481,126.807481,126.807481,126.807481,299400
1995-12-13,126.229764,126.229764,126.229764,126.229764,126.229764,390700
1995-12-14,126.381901,126.381901,126.381901,126.381901,126.381901,395000
1995-12-15,126.501673,126.501673,126.501673,126.501673,126.501673,416700
1995-12-18,126.669722,126.669722,126.669722,126.669722,126.669722,862300
1995-12-19,125.542676,125.542676,125.542676,125.542676,125.542676,1022600
1995-12-20,125.600903,125.600903,125.600903,125.600903,125.600903,1349800
1995-12-21,125.979055,125.979055,125.979055,125.979055,125.979055,857600
1995-12-22,126.718925,126.718925,126.718925,126.718925,126.718925,332800
1995-12-26,127.394206,127.394206,127.394206,127.394206,127.394206,432200
1995-12-27,127.908053,127.908053,127.908053,127.908053,127.908053,151800
1995-12-28,128.226281,128.226281,128.226281,128.226281,128.226281,256200
1995-12-29,127.959446,127.959446,127.959446,127.959446,127.959446,339200
1996-01-02,128.083459,128.083459,128.083459,128.083459,128.083459,514400
1996-01-03,127.914342,127.914342,127.914342,127.914342,127.914342,610300
1996-01-04,128.325943,128.325943,128.325943,128.325943,128.325943,1129700
1996-01-05,128.480413,128.480413,128.480413,128.480413,128.480413,302400
1996-01-08,127.628102,127.628102,127.628102,127.628102,127.628102,179900
1996-01-09,128.075049,128.075049,128.075049,128.075049,128.075049,415500
1996-01-10,128.457131,128.457131,128.457131,128.457131,128.457131,787700
1996-01-11,128.285354,128.285354,128.285354,128.285354,128.285354,513200
1996-01-12,128.479699,128.479699,128.479699,128.479699,128.479699,390400
1996-01-15,128.806009,128.806009,128.806009,128.806009,128.806009,154200
1996-01-16,128.83279,128.83279,128.83279,128.83279,128.83279,454600
1996-01-17,129.462251,129.462251,129.462251,129.462251,129.462251,407600
1996-01-18,129.156962,129.156962,129.156962,129.156962,129.156962,425600
1996-01-19,129.649339,129.649339,129.649339,129.649339,129.649339,169800
1996-01-22,129.642775,129.642775,129.642775,129.642775,129.642775,288200
1996-01-23,129.537559,129.537559,129.537559,129.537559,129.537559,362200
1996-01-24,129.464993,129.464993,129.464993,129.464993,129.464993,1506500
1996-01-25,129.655836,129.655836,129.655836,129.655836,129.655836,298400
1996-01-26,129.747865,129.747865,129.747865,129.747865,129.747865,726300
1996-01-29,129.642605,129.642605,129.642605,129.642605,129.642605,254800
1996-01-30,129.538343,129.538343,129.538343,129.538343,129.538343,272100
1996-01-31,129.791047,129.791047,129.791047,129.791047,129.791047,498000
1996-02-01,129.752406,129.752406,129.752406,129.752406,129.752406,373900
1996-02-02,129.618741,129.618741,129.618741,129.618741,129.618741,496200
1996-02-05,129.548784,129.548784,129.548784,129.548784,129.548784,295300
1996-02-06,129.319732,129.319732,129.319732,129.319732,129.319732,301600
1996-02-07,129.376376,129.376376,129.376376,129.376376,129.376376,585100
1996-02-08,129.33879,129.33879,129.33879,129.33879,129.33879,1526600
1996-02-09,129.14589,129.14589,129.14589,129.14589,129.14589,804600
1996-02-12,129.078299,129.078299,129.078299,129.078299,129.078299,626500
1996-02-13,129.317106,129.317106,129.317106,129.317106,129.317106,1045900
1996-02-14,128.762359,128.762359,128.762359,128.762359,128.762359,431400
1996-02-15,128.664349,128.664349,128.664349,128.664349,128.664349,889500
1996-02-16,128.382475,128.382475,128.382475,128.382475,128.382475,606100
1996-02-20,128.129756,128.129756,128.129756,128.129756,128.129756,492300
1996-02-21,127.136933,127.136933,127.136933,127.136933,127.136933,434000
1996-02-22,127.377777,127.377777,127.377777,127.377777,127.377777,721400
1996-02-23,128.074351,128.074351,128.074351,128.074351,128.074351,1430400
1996-02-26,128.794209,128.794209,128.794209,128.794209,128.794209,1408400
1996-02-27,128.42177,128.42177,128.42177,128.42177,128.42177,601000
1996-02-28,128.723643,128.723643,128.723643,128.723643,128.723643,865900
1996-02-29,129.741559,129.741559,129.741559,129.741559,129.741559,914300
1996-03-01,128.980836,128.980836,128.980836,128.980836,128.980836,1452600
1996-03-04,130.520549,130.520549,130.520549,130.520549,130.520549,652600
1996-03-05,130.796515,130.796515,130.796515,130.796515,130.796515,402000
1996-03-06,130.476979,130.476979,130.476979,130.476979,130.476979,624700
1996-03-07,130.28467,130.28467,130.28467,130.28467,130.28467,534200
1996-03-08,130.527641,130.527641,130.527641,130.527641,130.527641,2289900
1996-03-11,127.66194,127.66194,127.66194,127.66194,127.66194,1511400
1996-03-12,127.153126,127.153126,127.153126,127.153126,127.153126,1385300
1996-03-13,126.311481,126.311481,126.311481,126.311481,126.311481,1019300
1996-03-14,127.141006,127.141006,127.141006,127.141006,127.141006,725600
1996-03-15,127.320416,127.320416,127.320416,127.320416,127.320416,869200
1996-03-18,127.104468,127.104468,127.104468,127.104468,127.104468,917600
1996-03-19,128.275232,128.275232,128.275232,128.275232,128.275232,858300
1996-03-20,129.403179,129.403179,129.403179,129.403179,129.403179,744300
1996-03-21,130.016568,130.016568,130.016568,130.016568,130.016568,650800
1996-03-22,130.16617,130.16617,130.16617,130.16617,130.16617,344500
1996-03-25,130.222264,130.222264,130.222264,130.222264,130.222264,802400
1996-03-26,131.402439,131.402439,131.402439,131.402439,131.402439,969400
1996-03-27,131.174908,131.174908,131.174908,131.174908,131.174908,809600
1996-03-28,131.356554,131.356554,131.356554,131.356554,131.356554,1001300
1996-03-29,130.874554,130.874554,130.874554,130.874554,130.874554,457700
1996-04-01,131.245432,131.245432,131.245432,131.245432,131.245432,773400
1996-04-02,131.872731,131.872731,131.872731,131.872731,131.872731,638800
1996-04-03,132.023554,132.023554,132.023554,132.023554,132.023554,288000
1996-04-04,131.544964,131.544964,131.544964,131.544964,131.544964,934900
1996-04-08,131.538509,131.538509,131.538509,131.538509,131.538509,2217200
1996-04-09,128.238237,128.238237,128.238237,128.238237,128.238237,1180900
1996-04-10,128.729627,128.729627,128.729627,128.729627,128.729627,939500
1996-04-11,128.50354,128.50354,128.50354,128.50354,128.50354,1276000
1996-04-12,128.815548,128.815548,128.815548,128.815548,128.815548,411300
1996-04-15,129.704803,129.704803,129.704803,129.704803,129.704803,484200
1996-04-16,130.366231,130.366231,130.366231,130.366231,130.366231,429700
1996-04-17,130.613381,130.613381,130.613381,130.613381,130.613381,525300
1996-04-18,130.480401,130.480401,130.480401,130.480401,130.480401,818600
1996-04-19,130.790877,130.790877,130.790877,130.790877,130.790877,885100
1996-04-22,131.419528,131.419528,131.419528,131.419528,131.419528,828900
1996-04-23,132.621973,132.621973,132.621973,132.621973,132.621973,225400
1996-04-24,132.392438,132.392438,132.392438,132.392438,132.392438,699000
1996-04-25,133.051735,133.051735,133.051735,133.051735,133.051735,475500
1996-04-26,133.332811,133.332811,133.332811,133.332811,133.332811,563300
1996-04-29,133.676968,133.676968,133.676968,133.676968,133.676968,219900
1996-04-30,133.095668,133.095668,133.095668,133.095668,133.095668,184400
1996-05-01,133.089137,133.089137,133.089137,133.089137,133.089137,561900
1996-05-02,133.050907,133.050907,133.050907,133.050907,133.050907,1299600
1996-05-03,131.997509,131.997509,131.997509,131.997509,131.997509,1329300
1996-05-06,132.759114,132.759114,132.759114,132.759114,132.759114,647500
1996-05-07,133.268504,133.268504,133.268504,133.268504,133.268504,582100
1996-05-08,133.261979,133.261979,133.261979,133.261979,133.261979,1694700
1996-05-09,132.604431,132.604431,132.604431,132.604431,132.604431,593400
1996-05-10,132.150074,132.150074,132.150074,132.150074,132.150074,925100
1996-05-13,133.451099,133.451099,133.451099,133.451099,133.451099,867500
1996-05-14,133.763389,133.763389,133.763389,133.763389,133.763389,632300
1996-05-15,134.292093,134.292093,134.292093,134.292093,134.292093,466100
1996-05-16,134.316599,134.316599,134.316599,134.316599,134.316599,514400
1996-05-17,133.554797,133.554797,133.554797,133.554797,133.554797,427700
1996-05-20,133.891601,133.891601,133.891601,133.891601,133.891601,788500
1996-05-21,134.818803,134.818803,134.818803,134.818803,134.818803,352700
1996-05-22,135.030147,135.030147,135.030147,135.030147,135.030147,1218100
1996-05-23,135.179479,135.179479,135.179479,135.179479,135.179479,967900
1996-05-24,135.358663,135.358663,135.358663,135.358663,135.358663,659100
1996-05-28,135.476338,135.476338,135.476338,135.476338,135.476338,456400
1996-05-29,135.873316,135.873316,135.873316,135.873316,135.873316,649600
1996-05-30,136.14954,136.14954,136.14954,136.14954,136.14954,895800
1996-05-31,135.952584,135.952584,135.952584,135.952584,135.952584,923500
1996-06-03,135.914177,135.914177,135.914177,135.914177,135.914177,503100
1996-06-04,135.939135,135.939135,135.939135,135.939135,135.939135,627100
1996-06-05,136.565814,136.565814,136.565814,136.565814,136.565814,428000
1996-06-06,136.622166,136.622166,136.622166,136.622166,136.622166,523300
1996-06-07,137.367555,137.367555,137.367555,137.367555,137.367555,1422800
1996-06-10,134.44082,134.44082,134.44082,134.44082,134.44082,548800
1996-06-11,134.247505,134.247505,134.247505,134.247505,134.247505,688700
1996-06-12,134.738456,134.738456,134.738456,134.738456,134.738456,1120600
1996-06-13,135.169229,135.169229,135.169229,135.169229,135.169229,1502000
1996-06-14,135.476555,135.476555,135.476555,135.476555,135.476555,1468200
1996-06-17,135.532857,135.532857,135.532857,135.532857,135.532857,1101000
1996-06-18,135.589576,135.589576,135.589576,135.589576,135.589576,718000
1996-06-19,135.487723,135.487723,135.487723,135.487723,135.487723,552100
1996-06-20,136.119049,136.119049,136.119049,136.119049,136.119049,1234400
1996-06-21,136.239819,136.239819,136.239819,136.239819,136.239819,573300
1996-06-24,136.890419,136.890419,136.890419,136.890419,136.890419,416500
1996-06-25,137.203855,137.203855,137.203855,137.203855,137.203855,454400
1996-06-26,137.581299,137.581299,137.581299,137.581299,137.581299,838200
1996-06-27,137.413543,137.413543,137.413543,137.413543,137.413543,1090500
1996-06-28,137.406612,137.406612,137.406612,137.406612,137.406612,1060800
1996-07-01,137.977631,137.977631,137.977631,137.977631,137.977631,471300
1996-07-02,138.323822,138.323822,138.323822,138.323822,138.323822,389400
1996-07-03,138.189419,138.189419,138.189419,138.189419,138.189419,308300
1996-07-05,138.118345,138.118345,138.118345,138.118345,138.118345,842900
1996-07-08,135.70622,135.70622,135.70622,135.70622,135.70622,942000
1996-07-09,135.796396,135.796396,135.796396,135.796396,135.796396,716300
1996-07-10,136.406972,136.406972,136.406972,136.406972,136.406972,1132300
1996-07-11,136.367584,136.367584,136.367584,136.367584,136.367584,1587400
1996-07-12,135.778528,135.778528,135.778528,135.778528,135.778528,1312000
1996-07-15,136.001673,136.001673,136.001673,136.001673,136.001673,1951300
1996-07-16,136.324199,136.324199,136.324199,136.324199,136.324199,4141000
1996-07-17,136.725682,136.725682,136.725682,136.725682,136.725682,1340500
1996-07-18,138.759422,138.759422,138.759422,138.759422,138.759422,1432500
1996-07-19,139.16184,139.16184,139.16184,139.16184,139.16184,1216000
1996-07-22,138.817196,138.817196,138.817196,138.817196,138.817196,519800
1996-07-23,137.860741,137.860741,137.860741,137.860741,137.860741,1479800
1996-07-24,138.057454,138.057454,138.057454,138.057454,138.057454,2463400
1996-07-25,136.398959,136.398959,136.398959,136.398959,136.398959,1989800
1996-07-26,137.749182,137.749182,137.749182,137.749182,137.749182,642300
1996-07-29,138.149691,138.149691,138.149691,138.149691,138.149691,1297900
1996-07-30,137.939704,137.939704,137.939704,137.939704,137.939704,1868200
1996-07-31,138.856255,138.856255,138.856255,138.856255,138.856255,767100
1996-08-01,138.951598,138.951598,138.951598,138.951598,138.951598,1168600
1996-08-02,139.079924,139.079924,139.079924,139.079924,139.079924,1098500
1996-08-05,140.874045,140.874045,140.874045,140.874045,140.874045,710200
1996-08-06,140.899867,140.899867,140.899867,140.899867,140.899867,640000
1996-08-07,140.859454,140.859454,140.859454,140.859454,140.859454,917800
1996-08-08,141.382689,141.382689,141.382689,141.382689,141.382689,925100
1996-08-09,141.40903,141.40903,141.40903,141.40903,141.40903,648800
1996-08-12,141.900813,141.900813,141.900813,141.900813,141.900813,764200
1996-08-13,141.960694,141.960694,141.960694,141.960694,141.960694,805200
1996-08-14,141.687399,141.687399,141.687399,141.687399,141.687399,533800
1996-08-15,141.713719,141.713719,141.713719,141.713719,141.713719,632600
1996-08-16,141.340321,141.340321,141.340321,141.340321,141.340321,475100
1996-08-19,141.732974,141.732974,141.732974,141.732974,141.732974,436400
1996-08-20,141.758907,141.758907,141.758907,141.758907,141.758907,645700
1996-08-21,141.785183,141.785183,141.785183,141.785183,141.785183,266400
1996-08-22,141.413044,141.413044,141.413044,141.413044,141.413044,584800
1996-08-23,141.737591,141.737591,141.737591,141.737591,141.737591,757100
1996-08-26,141.467091,141.467091,141.467091,141.467091,141.467091,784700
1996-08-27,141.129413,141.129413,141.129413,141.129413,141.129413,389400
1996-08-28,141.520401,141.520401,141.520401,141.520401,141.520401,227600
1996-08-29,141.844234,141.844234,141.844234,141.844234,141.844234,680200
1996-08-30,141.671325,141.671325,141.671325,141.671325,141.671325,1500900
1996-09-03,141.630799,141.630799,141.630799,141.630799,141.630799,1782000
1996-09-04,139.760732,139.760732,139.760732,139.760732,139.760732,930200
1996-09-05,139.753774,139.753774,139.753774,139.753774,139.753774,616600
1996-09-06,139.083166,139.083166,139.083166,139.083166,139.083166,804900
1996-09-09,139.577736,139.577736,139.577736,139.577736,139.577736,719200
1996-09-10,140.099665,140.099665,140.099665,140.099665,140.099665,669900
1996-09-11,139.89597,139.89597,139.89597,139.89597,139.89597,713500
1996-09-12,139.626589,139.626589,139.626589,139.626589,139.626589,713300
1996-09-13,140.010116,140.010116,140.010116,140.010116,140.010116,2008800
1996-09-16,141.622726,141.622726,141.622726,141.622726,141.622726,1220200
1996-09-17,141.809296,141.809296,141.809296,141.809296,141.809296,604700
1996-09-18,141.931205,141.931205,141.931205,141.931205,141.931205,225500
1996-09-19,141.730094,141.730094,141.730094,141.730094,141.730094,410000
1996-09-20,141.4967,141.4967,141.4967,141.4967,141.4967,948400
1996-09-23,141.894673,141.894673,141.894673,141.894673,141.894673,466800
1996-09-24,141.532298,141.532298,141.532298,141.532298,141.532298,1269800
1996-09-25,141.39652,141.39652,141.39652,141.39652,141.39652,1353300
1996-09-26,142.065706,142.065706,142.065706,142.065706,142.065706,773200
1996-09-27,142.252382,142.252382,142.252382,142.252382,142.252382,407600
1996-09-30,142.439754,142.439754,142.439754,142.439754,142.439754,578200
1996-10-01,142.626874,142.626874,142.626874,142.626874,142.626874,561400
1996-10-02,142.782049,142.782049,142.782049,142.782049,142.782049,609000
1996-10-03,143.292358,143.292358,143.292358,143.292358,143.292358,342200
1996-10-04,143.349696,143.349696,143.349696,143.349696,143.349696,754100
1996-10-07,143.923096,143.923096,143.923096,143.923096,143.923096,235100
1996-10-08,143.852069,143.852069,143.852069,143.852069,143.852069,386200
1996-10-09,143.908628,143.908628,143.908628,143.908628,143.908628,528800
1996-10-10,144.125661,144.125661,144.125661,144.125661,144.125661,1562200
1996-10-11,144.118742,144.118742,144.118742,144.118742,144.118742,331300
1996-10-14,144.662797,144.662797,144.662797,144.662797,144.662797,201600
1996-10-15,144.65558,144.65558,144.65558,144.65558,144.65558,776900
1996-10-16,146.125094,146.125094,146.125094,146.125094,146.125094,590100
1996-10-17,146.507331,146.507331,146.507331,146.507331,146.507331,792500
1996-10-18,146.953633,146.953633,146.953633,146.953633,146.953633,695800
1996-10-21,147.010995,147.010995,147.010995,147.010995,147.010995,879200
1996-10-22,147.132636,147.132636,147.132636,147.132636,147.132636,848900
1996-10-23,146.995889,146.995889,146.995889,146.995889,146.995889,735900
1996-10-24,146.663521,146.663521,146.663521,146.663521,146.663521,379300
1996-10-25,146.65612,146.65612,146.65612,146.65612,146.65612,568300
1996-10-28,146.616279,146.616279,146.616279,146.616279,146.616279,975400
1996-10-29,146.739258,146.739258,146.739258,146.739258,146.739258,815900
1996-10-30,147.191404,147.191404,147.191404,147.191404,147.191404,495400
1996-10-31,147.64116,147.64116,147.64116,147.64116,147.64116,726300
1996-11-01,147.831039,147.831039,147.831039,147.831039,147.831039,821300
1996-11-04,148.117146,148.117146,148.117146,148.117146,148.117146,1608400
1996-11-05,148.306337,148.306337,148.306337,148.306337,148.306337,764000
1996-11-06,148.787831,148.787831,148.787831,148.787831,148.787831,1665000
1996-11-07,149.04082,149.04082,149.04082,149.04082,149.04082,1446300
1996-11-08,148.585939,148.585939,148.585939,148.585939,148.585939,1355700
1996-11-11,148.610004,148.610004,148.610004,148.610004,148.610004,655900
1996-11-12,148.254452,148.254452,148.254452,148.254452,148.254452,719900
1996-11-13,148.657634,148.657634,148.657634,148.657634,148.657634,481900
1996-11-14,148.809053,148.809053,148.809053,148.809053,148.809053,558800
1996-11-15,148.263516,148.263516,148.263516,148.263516,148.263516,2250900
1996-11-18,148.632419,148.632419,148.632419,148.632419,148.632419,1518200
1996-11-19,148.907068,148.907068,148.907068,148.907068,148.907068,1029300
1996-11-20,149.088107,149.088107,149.088107,149.088107,149.088107,730000
1996-11-21,149.049578,149.049578,149.049578,149.049578,149.049578,653000
1996-11-22,149.229106,149.229106,149.229106,149.229106,149.229106,965100
1996-11-25,149.440267,149.440267,149.440267,149.440267,149.440267,2058800
1996-11-26,149.588344,149.588344,149.588344,149.588344,149.588344,2861800
1996-11-27,149.887573,149.887573,149.887573,149.887573,149.887573,872000
1996-11-29,150.250534,150.250534,150.250534,150.250534,150.250534,1073400
1996-12-02,150.7701,150.7701,150.7701,150.7701,150.7701,1350600
1996-12-03,150.576488,150.576488,150.576488,150.576488,150.576488,1777800
1996-12-04,150.599846,150.599846,150.599846,150.599846,150.599846,2365100
1996-12-05,150.844456,150.844456,150.844456,150.844456,150.844456,1697700
1996-12-06,150.616644,150.616644,150.616644,150.616644,150.616644,3401800
1996-12-09,147.586808,147.586808,147.586808,147.586808,147.586808,1864600
1996-12-10,148.324372,148.324372,148.324372,148.324372,148.324372,1331600
1996-12-11,148.624337,148.624337,148.624337,148.624337,148.624337,1847900
1996-12-12,145.801154,145.801154,145.801154,145.801154,145.801154,2540200
1996-12-13,146.620596,146.620596,146.620596,146.620596,146.620596,1678300
1996-12-16,146.488119,146.488119,146.488119,146.488119,146.488119,1831100
1996-12-17,146.855271,146.855271,146.855271,146.855271,146.855271,2023200
1996-12-18,146.404293,146.404293,146.404293,146.404293,146.404293,1666800
1996-12-19,147.243581,147.243581,147.243581,147.243581,147.243581,2269300
1996-12-20,148.550292,148.550292,148.550292,148.550292,148.550292,1543200
1996-12-23,149.42793,149.42793,149.42793,149.42793,149.42793,1263700
1996-12-24,149.919778,149.919778,149.919778,149.919778,149.919778,633000
1996-12-26,150.288961,150.288961,150.288961,150.288961,150.288961,1384300
1996-12-27,150.749817,150.749817,150.749817,150.749817,150.749817,410400
1996-12-30,150.742174,150.742174,150.742174,150.742174,150.742174,694100
1996-12-31,151.231564,151.231564,151.231564,151.231564,151.231564,1378100
1997-01-02,151.349091,151.349091,151.349091,151.349091,151.349091,2031900
1997-01-03,152.430745,152.430745,152.430745,152.430745,152.430745,2123200
1997-01-06,153.130586,153.130586,153.130586,153.130586,153.130586,1374100
1997-01-07,153.123074,153.123074,153.123074,153.123074,153.123074,939000
1997-01-08,153.115033,153.115033,153.115033,153.115033,153.115033,1802200
1997-01-09,153.933307,153.933307,153.933307,153.933307,153.933307,1415700
1997-01-10,154.698532,154.698532,154.698532,154.698532,154.698532,2369500
1997-01-13,152.508163,152.508163,152.508163,152.508163,152.508163,1364600
1997-01-14,153.251884,153.251884,153.251884,153.251884,153.251884,2111200
1997-01-15,154.598478,154.598478,154.598478,154.598478,154.598478,1583900
1997-01-16,154.088838,154.088838,154.088838,154.088838,154.088838,1308400
1997-01-17,154.582824,154.582824,154.582824,154.582824,154.582824,1604000
1997-01-20,154.794316,154.794316,154.794316,154.794316,154.794316,1889900
1997-01-21,155.160852,155.160852,155.160852,155.160852,155.160852,2785800
1997-01-22,154.591013,154.591013,154.591013,154.591013,154.591013,1201600
1997-01-23,154.645188,154.645188,154.645188,154.645188,154.645188,2601100
1997-01-24,155.066452,155.066452,155.066452,155.066452,155.066452,2176000
1997-01-27,155.30794,155.30794,155.30794,155.30794,155.30794,2108500
1997-01-28,155.553335,155.553335,155.553335,155.553335,155.553335,4376000
1997-01-29,157.768416,157.768416,157.768416,157.768416,157.768416,1122700
1997-01-30,158.017419,158.017419,158.017419,158.017419,158.017419,2126300
1997-01-31,158.77413,158.77413,158.77413,158.77413,158.77413,3208100
1997-02-03,159.651142,159.651142,159.651142,159.651142,159.651142,755000
1997-02-04,160.279411,160.279411,160.279411,160.279411,160.279411,654100
1997-02-05,160.494557,160.494557,160.494557,160.494557,160.494557,2255400
1997-02-06,160.708515,160.708515,160.708515,160.708515,160.708515,2483100
1997-02-07,160.99134,160.99134,160.99134,160.99134,160.99134,2321000
1997-02-10,162.335068,162.335068,162.335068,162.335068,162.335068,1670000
1997-02-11,162.39093,162.39093,162.39093,162.39093,162.39093,1664300
1997-02-12,163.029448,163.029448,163.029448,163.029448,163.029448,2675400
1997-02-13,163.021223,163.021223,163.021223,163.021223,163.021223,1104800
1997-02-14,163.64572,163.64572,163.64572,163.64572,163.64572,1112900
1997-02-18,163.260504,163.260504,163.260504,163.260504,163.260504,833100
1997-02-19,163.566809,163.566809,163.566809,163.566809,163.566809,648100
1997-02-20,163.121572,163.121572,163.121572,163.121572,163.121572,1193900
1997-02-21,162.517691,162.517691,162.517691,162.517691,162.517691,1844400
1997-02-24,162.635767,162.635767,162.635767,162.635767,162.635767,787300
1997-02-25,161.806014,161.806014,161.806014,161.806014,161.806014,1653900
1997-02-26,161.953075,161.953075,161.953075,161.953075,161.953075,1597800
1997-02-27,161.789645,161.789645,161.789645,161.789645,161.789645,1813100
1997-02-28,162.22074,162.22074,162.22074,162.22074,162.22074,2961200
1997-03-03,161.925248,161.925248,161.925248,161.925248,161.925248,1210400
1997-03-04,161.086231,161.086231,161.086231,161.086231,161.086231,1478700
1997-03-05,161.520166,161.520166,161.520166,161.520166,161.520166,1254800
1997-03-06,162.467547,162.467547,162.467547,162.467547,162.467547,1528500
1997-03-07,162.522447,162.522447,162.522447,162.522447,162.522447,1859300
1997-03-10,163.147782,163.147782,163.147782,163.147782,163.147782,1074900
1997-03-11,163.328757,163.328757,163.328757,163.328757,163.328757,624600
1997-03-12,163.445798,163.445798,163.445798,163.445798,163.445798,1055600
1997-03-13,163.563382,163.563382,163.563382,163.563382,163.563382,2514100
1997-03-14,162.984294,162.984294,162.984294,162.984294,162.984294,1642700
1997-03-17,163.71471,163.71471,163.71471,163.71471,163.71471,3013500
1997-03-18,162.807718,162.807718,162.807718,162.807718,162.807718,1352500
1997-03-19,162.990642,162.990642,162.990642,162.990642,162.990642,1510000
1997-03-20,162.563846,162.563846,162.563846,162.563846,162.563846,1808200
1997-03-21,162.491378,162.491378,162.491378,162.491378,162.491378,2810600
1997-03-24,163.755477,163.755477,163.755477,163.755477,163.755477,2145600
1997-03-25,163.878173,163.878173,163.878173,163.878173,163.878173,2125800
1997-03-26,163.483581,163.483581,163.483581,163.483581,163.483581,1335300
1997-03-27,164.124131,164.124131,164.124131,164.124131,164.124131,2898500
1997-03-31,164.699523,164.699523,164.699523,164.699523,164.699523,4270700
1997-04-01,164.490716,164.490716,164.490716,164.490716,164.490716,3210900
1997-04-02,164.209507,164.209507,164.209507,164.209507,164.209507,2672700
1997-04-03,163.694026,163.694026,163.694026,163.694026,163.694026,2284200
1997-04-04,163.548708,163.548708,163.548708,163.548708,163.548708,3706700
1997-04-07,162.653536,162.653536,162.653536,162.653536,162.653536,2596200
1997-04-08,163.382595,163.382595,163.382595,163.382595,163.382595,1822700
1997-04-09,163.340702,163.340702,163.340702,163.340702,163.340702,2453200
1997-04-10,163.998185,163.998185,163.998185,163.998185,163.998185,1996500
1997-04-11,164.057413,164.057413,164.057413,164.057413,164.057413,4221600
1997-04-14,162.493512,162.493512,162.493512,162.493512,162.493512,3988500
1997-04-15,163.28106,163.28106,163.28106,163.28106,163.28106,2760400
1997-04-16,165.228486,165.228486,165.228486,165.228486,165.228486,2273300
1997-04-17,164.674152,164.674152,164.674152,164.674152,164.674152,1386000
1997-04-18,164.666135,164.666135,164.666135,164.666135,164.666135,1702100
1997-04-21,166.008402,166.008402,166.008402,166.008402,166.008402,2809400
1997-04-22,166.406621,166.406621,166.406621,166.406621,166.406621,3215000
1997-04-23,166.500943,166.500943,166.500943,166.500943,166.500943,2047700
1997-04-24,166.325305,166.325305,166.325305,166.325305,166.325305,2689900
1997-04-25,166.817678,166.817678,166.817678,166.817678,166.817678,1606200
1997-04-28,166.035233,166.035233,166.035233,166.035233,166.035233,1666500
1997-04-29,165.959085,165.959085,165.959085,165.959085,165.959085,3197400
1997-04-30,168.769306,168.769306,168.769306,168.769306,168.769306,3372200
1997-05-01,167.768536,167.768536,167.768536,167.768536,167.768536,2149500
1997-05-02,168.022134,168.022134,168.022134,168.022134,168.022134,1448300
1997-05-05,168.604033,168.604033,168.604033,168.604033,168.604033,3636200
1997-05-06,169.048454,169.048454,169.048454,169.048454,169.048454,1721100
1997-05-07,168.216485,168.216485,168.216485,168.216485,168.216485,2327200
1997-05-08,167.576967,167.576967,167.576967,167.576967,167.576967,2923700
1997-05-09,167.183386,167.183386,167.183386,167.183386,167.183386,2558200
1997-05-12,169.021281,169.021281,169.021281,169.021281,169.021281,2357900
1997-05-13,169.65184,169.65184,169.65184,169.65184,169.65184,1195100
1997-05-14,169.517459,169.517459,169.517459,169.517459,169.517459,2772000
1997-05-15,170.680361,170.680361,170.680361,170.680361,170.680361,884100
1997-05-16,170.671798,170.671798,170.671798,170.671798,170.671798,1934200
1997-05-19,170.157572,170.157572,170.157572,170.157572,170.157572,1375800
1997-05-20,170.34048,170.34048,170.34048,170.34048,170.34048,1756400
1997-05-21,169.949159,169.949159,169.949159,169.949159,169.949159,1208000
1997-05-22,170.380981,170.380981,170.380981,170.380981,170.380981,907600
1997-05-23,170.561822,170.561822,170.561822,170.561822,170.561822,644400
1997-05-27,171.314959,171.314959,171.314959,171.314959,171.314959,1531000
1997-05-28,170.485648,170.485648,170.485648,170.485648,170.485648,716700
1997-05-29,170.476918,170.476918,170.476918,170.476918,170.476918,1282700
1997-05-30,170.437137,170.437137,170.437137,170.437137,170.437137,2143300
1997-06-02,167.627823,167.627823,167.627823,167.627823,167.627823,1479100
1997-06-03,167.98862,167.98862,167.98862,167.98862,167.98862,1562100
1997-06-04,167.236971,167.236971,167.236971,167.236971,167.236971,1063100
1997-06-05,167.290513,167.290513,167.290513,167.290513,167.290513,1180800
1997-06-06,167.653879,167.653879,167.653879,167.653879,167.653879,1511100
1997-06-09,167.398173,167.398173,167.398173,167.398173,167.398173,1823400
1997-06-10,167.510974,167.510974,167.510974,167.510974,167.510974,1217500
1997-06-11,167.563035,167.563035,167.563035,167.563035,167.563035,1673800
1997-06-12,167.404459,167.404459,167.404459,167.404459,167.404459,4273300
1997-06-13,168.53466,168.53466,168.53466,168.53466,168.53466,2132900
1997-06-16,168.703582,168.703582,168.703582,168.703582,168.703582,800400
1997-06-17,168.754197,168.754197,168.754197,168.754197,168.754197,2048100
1997-06-18,168.15797,168.15797,168.15797,168.15797,168.15797,1971900
1997-06-19,167.211675,167.211675,167.211675,167.211675,167.211675,2029900
1997-06-20,167.759012,167.759012,167.759012,167.759012,167.759012,1396900
1997-06-23,167.849819,167.849819,167.849819,167.849819,167.849819,3991500
1997-06-24,167.519346,167.519346,167.519346,167.519346,167.519346,4895100
1997-06-25,169.128125,169.128125,169.128125,169.128125,169.128125,4708900
1997-06-26,168.85434,168.85434,168.85434,168.85434,168.85434,2569900
1997-06-27,168.549298,168.549298,168.549298,168.549298,168.549298,2617900
1997-06-30,169.314573,169.314573,169.314573,169.314573,169.314573,2384900
1997-07-01,169.305741,169.305741,169.305741,169.305741,169.305741,1749000
1997-07-02,169.656534,169.656534,169.656534,169.656534,169.656534,1961800
1997-07-03,170.063593,170.063593,170.063593,170.063593,170.063593,2539100
1997-07-07,172.044765,172.044765,172.044765,172.044765,172.044765,1158600
1997-07-08,172.620097,172.620097,172.620097,172.620097,172.620097,3396500
1997-07-09,172.848353,172.848353,172.848353,172.848353,172.848353,5390300
1997-07-10,173.279466,173.279466,173.279466,173.279466,173.279466,2072200
1997-07-11,173.389832,173.389832,173.389832,173.389832,173.389832,2258900
1997-07-14,173.618302,173.618302,173.618302,173.618302,173.618302,3186400
1997-07-15,173.81641,173.81641,173.81641,173.81641,173.81641,2983100
1997-07-16,174.279812,174.279812,174.279812,174.279812,174.279812,2621300
1997-07-17,175.38933,175.38933,175.38933,175.38933,175.38933,1794800
1997-07-18,175.146798,175.146798,175.146798,175.146798,175.146798,3961900
1997-07-21,174.639256,174.639256,174.639256,174.639256,174.639256,3810300
1997-07-22,174.600573,174.600573,174.600573,174.600573,174.600573,4243400
1997-07-23,175.30873,175.30873,175.30873,175.30873,175.30873,3204300
1997-07-24,175.68009,175.68009,175.68009,175.68009,175.68009,4152700
1997-07-25,176.198706,176.198706,176.198706,176.198706,176.198706,2364800
1997-07-28,177.067596,177.067596,177.067596,177.067596,177.067596,2794700
1997-07-29,177.470734,177.470734,177.470734,177.470734,177.470734,2737100
1997-07-30,176.812476,176.812476,176.812476,176.812476,176.812476,4839800
1997-07-31,177.214046,177.214046,177.214046,177.214046,177.214046,2138700
1997-08-01,177.205211,177.205211,177.205211,177.205211,177.205211,7077700
1997-08-04,177.544799,177.544799,177.544799,177.544799,177.544799,2339500
1997-08-05,177.243522,177.243522,177.243522,177.243522,177.243522,1466700
1997-08-06,177.060319,177.060319,177.060319,177.060319,177.060319,2478200
1997-08-07,177.400111,177.400111,177.400111,177.400111,177.400111,3641900
1997-08-08,178.257227,178.257227,178.257227,178.257227,178.257227,7113100
1997-08-11,176.37798,176.37798,176.37798,176.37798,176.37798,6355900
1997-08-12,177.077619,177.077619,177.077619,177.077619,177.077619,6132500
1997-08-13,177.363069,177.363069,177.363069,177.363069,177.363069,6982300
1997-08-14,179.509586,179.509586,179.509586,179.509586,179.509586,3462700
1997-08-15,181.081217,181.081217,181.081217,181.081217,181.081217,4907100
1997-08-18,180.094977,180.094977,180.094977,180.094977,180.094977,5638900
1997-08-19,181.277036,181.277036,181.277036,181.277036,181.277036,3802800
1997-08-20,182.132006,182.132006,182.132006,182.132006,182.132006,3564600
1997-08-21,182.306529,182.306529,182.306529,182.306529,182.306529,5392600
1997-08-22,182.05561,182.05561,182.05561,182.05561,182.05561,8087800
1997-08-25,178.913324,178.913324,178.913324,178.913324,178.913324,3888000
1997-08-26,179.326908,179.326908,179.326908,179.326908,179.326908,4290000
1997-08-27,178.892587,178.892587,178.892587,178.892587,178.892587,5484300
1997-08-28,179.160459,179.160459,179.160459,179.160459,179.160459,4287900
1997-08-29,178.722795,178.722795,178.722795,178.722795,178.722795,2652300
1997-09-02,178.931119,178.931119,178.931119,178.931119,178.931119,7294000
1997-09-03,179.540888,179.540888,179.540888,179.540888,179.540888,2812500
1997-09-04,179.501816,179.501816,179.501816,179.501816,179.501816,2473700
1997-09-05,179.976377,179.976377,179.976377,179.976377,179.976377,3663300
1997-09-08,181.051388,181.051388,181.051388,181.051388,181.051388,803500
1997-09-09,182.166001,182.166001,182.166001,182.166001,182.166001,1885200
1997-09-10,181.518057,181.518057,181.518057,181.518057,181.518057,3623700
1997-09-11,180.599823,180.599823,180.599823,180.599823,180.599823,7055900
1997-09-12,180.837292,180.837292,180.837292,180.837292,180.837292,6708000
1997-09-15,182.439421,182.439421,182.439421,182.439421,182.439421,2060500
1997-09-16,182.430195,182.430195,182.430195,182.430195,182.430195,6979000
1997-09-17,184.023437,184.023437,184.023437,184.023437,184.023437,2220000
1997-09-18,185.105948,185.105948,185.105948,185.105948,185.105948,5045400
1997-09-19,185.462526,185.462526,185.462526,185.462526,185.462526,1566400
1997-09-22,185.034149,185.034149,185.034149,185.034149,185.034149,3259000
1997-09-23,185.937428,185.937428,185.937428,185.937428,185.937428,1872800
1997-09-24,185.928099,185.928099,185.928099,185.928099,185.928099,2793100
1997-09-25,186.407424,186.407424,186.407424,186.407424,186.407424,6327800
1997-09-26,186.212667,186.212667,186.212667,186.212667,186.212667,3995800
1997-09-29,187.6941,187.6941,187.6941,187.6941,187.6941,2065000
1997-09-30,187.746706,187.746706,187.746706,187.746706,187.746706,4137600
1997-10-01,186.999415,186.999415,186.999415,186.999415,186.999415,3567500
1997-10-02,188.723514,188.723514,188.723514,188.723514,188.723514,2577500
1997-10-03,188.528941,188.528941,188.528941,188.528941,188.528941,6499900
1997-10-06,191.093007,191.093007,191.093007,191.093007,191.093007,2272100
1997-10-07,192.411989,192.411989,192.411989,192.411989,192.411989,1832800
1997-10-08,192.896947,192.896947,192.896947,192.896947,192.896947,4439400
1997-10-09,193.224946,193.224946,193.224946,193.224946,193.224946,3607600
1997-10-10,191.790753,191.790753,191.790753,191.790753,191.790753,2858100
1997-10-13,190.115465,190.115465,190.115465,190.115465,190.115465,1760300
1997-10-14,191.025995,191.025995,191.025995,191.025995,191.025995,2235700
1997-10-15,192.001646,192.001646,192.001646,192.001646,192.001646,2601700
1997-10-16,190.631198,190.631198,190.631198,190.631198,190.631198,9488100
1997-10-17,191.668071,191.668071,191.668071,191.668071,191.668071,8151300
1997-10-20,191.18703,191.18703,191.18703,191.18703,191.18703,3636400
1997-10-21,192.31811,192.31811,192.31811,192.31811,192.31811,5225400
1997-10-22,193.502512,193.502512,193.502512,193.502512,193.502512,4485200
1997-10-23,193.213749,193.213749,193.213749,193.213749,193.213749,8054100
1997-10-24,189.401122,189.401122,189.401122,189.401122,189.401122,6778700
1997-10-27,191.823109,191.823109,191.823109,191.823109,191.823109,10840700
1997-10-28,189.804595,189.804595,189.804595,189.804595,189.804595,19548000
1997-10-29,183.672796,183.672796,183.672796,183.672796,183.672796,10134400
1997-10-30,184.223634,184.223634,184.223634,184.223634,184.223634,9772900
1997-10-31,181.522561,181.522561,181.522561,181.522561,181.522561,7072700
1997-11-03,185.297808,185.297808,185.297808,185.297808,185.297808,5548500
1997-11-04,187.552906,187.552906,187.552906,187.552906,187.552906,3455700
1997-11-05,187.294135,187.294135,187.294135,187.294135,187.294135,4774900
1997-11-06,187.65804,187.65804,187.65804,187.65804,187.65804,3679800
1997-11-07,187.08891,187.08891,187.08891,187.08891,187.08891,10606800
1997-11-10,183.93752,183.93752,183.93752,183.93752,183.93752,4347900
1997-11-11,185.28888,185.28888,185.28888,185.28888,185.28888,3212400
1997-11-12,185.906346,185.906346,185.906346,185.906346,185.906346,6775300
1997-11-13,184.3254,184.3254,184.3254,184.3254,184.3254,8589600
1997-11-14,186.289385,186.289385,186.289385,186.289385,186.289385,5827900
1997-11-17,187.294624,187.294624,187.294624,187.294624,187.294624,5149900
1997-11-18,189.926686,189.926686,189.926686,189.926686,189.926686,3433600
1997-11-19,189.979597,189.979597,189.979597,189.979597,189.979597,4387900
1997-11-20,188.961929,188.961929,188.961929,188.961929,188.961929,4822700
1997-11-21,190.262167,190.262167,190.262167,190.262167,190.262167,5436500
1997-11-24,191.30467,191.30467,191.30467,191.30467,191.30467,4337200
1997-11-25,189.812066,189.812066,189.812066,189.812066,189.812066,4525000
1997-11-26,191.051296,191.051296,191.051296,191.051296,191.051296,2681100
1997-11-28,192.295585,192.295585,192.295585,192.295585,192.295585,1564700
1997-12-01,192.726114,192.726114,192.726114,192.726114,192.726114,4850900
1997-12-02,193.913107,193.913107,193.913107,193.913107,193.913107,1974900
1997-12-03,193.100489,193.100489,193.100489,193.100489,193.100489,3302500
1997-12-04,193.338343,193.338343,193.338343,193.338343,193.338343,2872500
1997-12-05,194.749913,194.749913,194.749913,194.749913,194.749913,3458800
1997-12-08,194.116975,194.116975,194.116975,194.116975,194.116975,2289200
1997-12-09,194.168916,194.168916,194.168916,194.168916,194.168916,1703000
1997-12-10,193.298084,193.298084,193.298084,193.298084,193.298084,3558400
1997-12-11,192.302881,192.302881,192.302881,192.302881,192.302881,5072800
1997-12-12,190.500792,190.500792,190.500792,190.500792,190.500792,4478400
1997-12-15,192.235479,192.235479,192.235479,192.235479,192.235479,4674700
1997-12-16,193.229467,193.229467,193.229467,193.229467,193.229467,2885800
1997-12-17,194.218989,194.218989,194.218989,194.218989,194.218989,2236300
1997-12-18,195.269571,195.269571,195.269571,195.269571,195.269571,4658300
1997-12-19,195.511847,195.511847,195.511847,195.511847,195.511847,8556000
1997-12-22,193.529091,193.529091,193.529091,193.529091,193.529091,5136800
1997-12-23,194.859231,194.859231,194.859231,194.859231,194.859231,4436500
1997-12-24,194.945295,194.945295,194.945295,194.945295,194.945295,2019200
1997-12-26,196.496266,196.496266,196.496266,196.496266,196.496266,941800
1997-12-29,197.998137,197.998137,197.998137,197.998137,197.998137,2080000
1997-12-30,199.704084,199.704084,199.704084,199.704084,199.704084,3616000
1997-12-31,200.346341,200.346341,200.346341,200.346341,200.346341,4359500
1998-01-02,199.820826,199.820826,199.820826,199.820826,199.820826,2360900
1998-01-05,200.325476,200.325476,200.325476,200.325476,200.325476,4191800
1998-01-06,200.89321,200.89321,200.89321,200.89321,200.89321,3154900
1998-01-07,199.791499,199.791499,199.791499,199.791499,199.791499,4424200
1998-01-08,199.521967,199.521967,199.521967,199.521967,199.521967,3831000
1998-01-09,199.189104,199.189104,199.189104,199.189104,199.189104,10258800
1998-01-12,198.397911,198.397911,198.397911,198.397911,198.397911,12097900
1998-01-13,195.83576,195.83576,195.83576,195.83576,195.83576,5224900
1998-01-14,197.128162,197.128162,197.128162,197.128162,197.128162,3770400
1998-01-15,197.894018,197.894018,197.894018,197.894018,197.894018,2875400
1998-01-16,197.367133,197.367133,197.367133,197.367133,197.367133,4374800
1998-01-20,200.052984,200.052984,200.052984,200.052984,200.052984,5091700
1998-01-21,200.822017,200.822017,200.822017,200.822017,200.822017,4699400
1998-01-22,199.46548,199.46548,199.46548,199.46548,199.46548,4543400
1998-01-23,197.848114,197.848114,197.848114,197.848114,197.848114,6350300
1998-01-26,198.707134,198.707134,198.707134,198.707134,198.707134,4362900
1998-01-27,199.60314,199.60314,199.60314,199.60314,199.60314,7044200
1998-01-28,199.462682,199.462682,199.462682,199.462682,199.462682,4268600
1998-01-29,200.610982,200.610982,200.610982,200.610982,200.610982,8007700
1998-01-30,200.857906,200.857906,200.857906,200.857906,200.857906,3649100
1998-02-02,201.933602,201.933602,201.933602,201.933602,201.933602,5756300
1998-02-03,205.196783,205.196783,205.196783,205.196783,205.196783,2759600
1998-02-04,205.314838,205.314838,205.314838,205.314838,205.314838,3374000
1998-02-05,204.476117,204.476117,204.476117,204.476117,204.476117,5076200
1998-02-06,205.990978,205.990978,205.990978,205.990978,205.990978,5701200
1998-02-09,207.005113,207.005113,207.005113,207.005113,207.005113,2322200
1998-02-10,207.186175,207.186175,207.186175,207.186175,207.186175,3660400
1998-02-11,207.495175,207.495175,207.495175,207.495175,207.495175,4073200
1998-02-12,207.168191,207.168191,207.168191,207.168191,207.168191,5024700
1998-02-13,206.270809,206.270809,206.270809,206.270809,206.270809,2101300
1998-02-17,205.44367,205.44367,205.44367,205.44367,205.44367,3055500
1998-02-18,207.069811,207.069811,207.069811,207.069811,207.069811,3007400
1998-02-19,206.680518,206.680518,206.680518,206.680518,206.680518,3387800
1998-02-20,206.295569,206.295569,206.295569,206.295569,206.295569,3707000
1998-02-23,206.817921,206.817921,206.817921,206.817921,206.817921,3227800
1998-02-24,207.99243,207.99243,207.99243,207.99243,207.99243,3386800
1998-02-25,207.669489,207.669489,207.669489,207.669489,207.669489,3481800
1998-02-26,208.664725,208.664725,208.664725,208.664725,208.664725,3187600
1998-02-27,208.46691,208.46691,208.46691,208.46691,208.46691,3442900
1998-03-02,208.146751,208.146751,208.146751,208.146751,208.146751,4252300
1998-03-03,208.384175,208.384175,208.384175,208.384175,208.384175,3349200
1998-03-04,207.628875,207.628875,207.628875,207.628875,207.628875,4404100
1998-03-05,206.818958,206.818958,206.818958,206.818958,206.818958,7268000
1998-03-06,204.219035,204.219035,204.219035,204.219035,204.219035,6896300
1998-03-09,205.621988,205.621988,205.621988,205.621988,205.621988,3362800
1998-03-10,204.823448,204.823448,204.823448,204.823448,204.823448,5481900
1998-03-11,206.086555,206.086555,206.086555,206.086555,206.086555,3439600
1998-03-12,206.861654,206.861654,206.861654,206.861654,206.861654,3191300
1998-03-13,206.911939,206.911939,206.911939,206.911939,206.911939,2879400
1998-03-16,207.562963,207.562963,207.562963,207.562963,207.562963,3223600
1998-03-17,209.006445,209.006445,209.006445,209.006445,209.006445,4581900
1998-03-18,209.116816,209.116816,209.116816,209.116816,209.116816,1944100
1998-03-19,208.504264,208.504264,208.504264,208.504264,208.504264,2554800
1998-03-20,208.493854,208.493854,208.493854,208.493854,208.493854,3123300
1998-03-23,209.680486,209.680486,209.680486,209.680486,209.680486,4453100
1998-03-24,209.372057,209.372057,209.372057,209.372057,209.372057,3333600
1998-03-25,210.196811,210.196811,210.196811,210.196811,210.196811,4597600
1998-03-26,211.79045,211.79045,211.79045,211.79045,211.79045,3333500
1998-03-27,211.239238,211.239238,211.239238,211.239238,211.239238,2611300
1998-03-30,212.487776,212.487776,212.487776,212.487776,212.487776,3108700
1998-03-31,212.477025,212.477025,212.477025,212.477025,212.477025,5926500
1998-04-01,213.617529,213.617529,213.617529,213.617529,213.617529,2929000
1998-04-02,214.335734,214.335734,214.335734,214.335734,214.335734,3920900
1998-04-03,214.53653,214.53653,214.53653,214.53653,214.53653,3787600
1998-04-06,215.124387,215.124387,215.124387,215.124387,215.124387,4550500
1998-04-07,216.367167,216.367167,216.367167,216.367167,216.367167,5583700
1998-04-08,216.477486,216.477486,216.477486,216.477486,216.477486,4854800
1998-04-09,217.015551,217.015551,217.015551,217.015551,217.015551,4481200
1998-04-13,217.496684,217.496684,217.496684,217.496684,217.496684,4350200
1998-04-14,217.852566,217.852566,217.852566,217.852566,217.852566,3279100
1998-04-15,218.332538,218.332538,218.332538,218.332538,218.332538,3867200
1998-04-16,218.627125,218.627125,218.627125,218.627125,218.627125,7177900
1998-04-17,217.031897,217.031897,217.031897,217.031897,217.031897,5688800
1998-04-20,216.837756,216.837756,216.837756,216.837756,216.837756,3688300
1998-04-21,216.283728,216.283728,216.283728,216.283728,216.283728,4573200
1998-04-22,216.634077,216.634077,216.634077,216.634077,216.634077,2386100
1998-04-23,216.803218,216.803218,216.803218,216.803218,216.803218,5062000
1998-04-24,215.893821,215.893821,215.893821,215.893821,215.893821,11039700
1998-04-27,215.401274,215.401274,215.401274,215.401274,215.401274,14510200
1998-04-28,212.596162,212.596162,212.596162,212.596162,212.596162,6511400
1998-04-29,214.663339,214.663339,214.663339,214.663339,214.663339,7703100
1998-04-30,215.579264,215.579264,215.579264,215.579264,215.579264,8684500
1998-05-01,218.033426,218.033426,218.033426,218.033426,218.033426,4008800
1998-05-04,218.817901,218.817901,218.817901,218.817901,218.817901,4537200
1998-05-05,219.04972,219.04972,219.04972,219.04972,219.04972,5146400
1998-05-06,218.42973,218.42973,218.42973,218.42973,218.42973,5526100
1998-05-07,219.581365,219.581365,219.581365,219.581365,219.581365,6940400
1998-05-08,220.130379,220.130379,220.130379,220.130379,220.130379,7951000
1998-05-11,221.440592,221.440592,221.440592,221.440592,221.440592,6336300
1998-05-12,222.301487,222.301487,222.301487,222.301487,222.301487,6045200
1998-05-13,222.415682,222.415682,222.415682,222.415682,222.415682,4441500
1998-05-14,222.652755,222.652755,222.652755,222.652755,222.652755,4187500
1998-05-15,221.277755,221.277755,221.277755,221.277755,221.277755,6716100
1998-05-18,221.947996,221.947996,221.947996,221.947996,221.947996,4847200
1998-05-19,221.311993,221.311993,221.311993,221.311993,221.311993,5918700
1998-05-20,222.114003,222.114003,222.114003,222.114003,222.114003,5716600
1998-05-21,223.599089,223.599089,223.599089,223.599089,223.599089,6301500
1998-05-22,223.525556,223.525556,223.525556,223.525556,223.525556,4862200
1998-05-26,223.639852,223.639852,223.639852,223.639852,223.639852,6899300
1998-05-27,225.324605,225.324605,225.324605,225.324605,225.324605,10202600
1998-05-28,223.383631,223.383631,223.383631,223.383631,223.383631,4907600
1998-05-29,223.881596,223.881596,223.881596,223.881596,223.881596,4772600
1998-06-01,224.887282,224.887282,224.887282,224.887282,224.887282,6092200
1998-06-02,224.747067,224.747067,224.747067,224.747067,224.747067,6701100
1998-06-03,225.69781,225.69781,225.69781,225.69781,225.69781,6445100
1998-06-04,226.201144,226.201144,226.201144,226.201144,226.201144,6566300
1998-06-05,226.97605,226.97605,226.97605,226.97605,226.97605,8463200
1998-06-08,227.997392,227.997392,227.997392,227.997392,227.997392,4159900
1998-06-09,227.858834,227.858834,227.858834,227.858834,227.858834,2725300
1998-06-10,227.529284,227.529284,227.529284,227.529284,227.529284,6186900
1998-06-11,226.314244,226.314244,226.314244,226.314244,226.314244,8056600
1998-06-12,226.176056,226.176056,226.176056,226.176056,226.176056,9779000
1998-06-15,227.13361,227.13361,227.13361,227.13361,227.13361,10234200
1998-06-16,223.780576,223.780576,223.780576,223.780576,223.780576,7471500
1998-06-17,225.589992,225.589992,225.589992,225.589992,225.589992,12057700
1998-06-18,227.580115,227.580115,227.580115,227.580115,227.580115,3844600
1998-06-19,226.994384,226.994384,226.994384,226.994384,226.994384,3549100
1998-06-22,227.897567,227.897567,227.897567,227.897567,227.897567,5438300
1998-06-23,228.274633,228.274633,228.274633,228.274633,228.274633,5004600
1998-06-24,229.295329,229.295329,229.295329,229.295329,229.295329,8291900
1998-06-25,229.79585,229.79585,229.79585,229.79585,229.79585,5854800
1998-06-26,230.797413,230.797413,230.797413,230.797413,230.797413,4833100
1998-06-29,230.976921,230.976921,230.976921,230.976921,230.976921,5953400
1998-06-30,232.107923,232.107923,232.107923,232.107923,232.107923,4284800
1998-07-01,231.71488,231.71488,231.71488,231.71488,231.71488,3489500
1998-07-02,233.236825,233.236825,233.236825,233.236825,233.236825,3503900
1998-07-06,233.415956,233.415956,233.415956,233.415956,233.415956,3144400
1998-07-07,233.277098,233.277098,233.277098,233.277098,233.277098,4920700
1998-07-08,233.234451,233.234451,233.234451,233.234451,233.234451,6875000
1998-07-09,233.411279,233.411279,233.411279,233.411279,233.411279,6942500
1998-07-10,232.711552,232.711552,232.711552,232.711552,232.711552,7849700
1998-07-13,233.076286,233.076286,233.076286,233.076286,233.076286,6555100
1998-07-14,233.252426,233.252426,233.252426,233.252426,233.252426,6983600
1998-07-15,234.116588,234.116588,234.116588,234.116588,234.116588,4977500
1998-07-16,234.601516,234.601516,234.601516,234.601516,234.601516,6315600
1998-07-17,234.777013,234.777013,234.777013,234.777013,234.777013,3539500
1998-07-20,235.198975,235.198975,235.198975,235.198975,235.198975,2338400
1998-07-21,235.55915,235.55915,235.55915,235.55915,235.55915,5518600
1998-07-22,236.416585,236.416585,236.416585,236.416585,236.416585,10417300
1998-07-23,236.087799,236.087799,236.087799,236.087799,236.087799,15110900
1998-07-24,235.696175,235.696175,235.696175,235.696175,235.696175,11540500
1998-07-27,237.296639,237.296639,237.296639,237.296639,237.296639,9600000
1998-07-28,236.31011,236.31011,236.31011,236.31011,236.31011,13693000
1998-07-29,235.33405,235.33405,235.33405,235.33405,235.33405,7462400
1998-07-30,236.885053,236.885053,236.885053,236.885053,236.885053,6821600
1998-07-31,239.175338,239.175338,239.175338,239.175338,239.175338,7680500
1998-08-03,239.425341,239.425341,239.425341,239.425341,239.425341,10486500
1998-08-04,239.413318,239.413318,239.413318,239.413318,239.413318,15091600
1998-08-05,241.350422,241.350422,241.350422,241.350422,241.350422,21718400
1998-08-06,243.452663,243.452663,243.452663,243.452663,243.452663,13084400
1998-08-07,242.669304,242.669304,242.669304,242.669304,242.669304,12083800
1998-08-10,244.327619,244.327619,244.327619,244.327619,244.327619,6273000
1998-08-11,243.475544,243.475544,243.475544,243.475544,243.475544,14287100
1998-08-12,239.60704,239.60704,239.60704,239.60704,239.60704,11158400
1998-08-13,241.556358,241.556358,241.556358,241.556358,241.556358,9073900
1998-08-14,241.822167,241.822167,241.822167,241.822167,241.822167,8628500
1998-08-17,243.991986,243.991986,243.991986,243.991986,243.991986,11290000
1998-08-18,243.692203,243.692203,243.692203,243.692203,243.692203,7603900
1998-08-19,245.085224,245.085224,245.085224,245.085224,245.085224,6258600
1998-08-20,246.66911,246.66911,246.66911,246.66911,246.66911,7402800
1998-08-21,245.746467,245.746467,245.746467,245.746467,245.746467,16685400
1998-08-24,242.927574,242.927574,242.927574,242.927574,242.927574,7201700
1998-08-25,244.453739,244.453739,244.453739,244.453739,244.453739,9688300
1998-08-26,246.958544,246.958544,246.958544,246.958544,246.958544,9339700
1998-08-27,244.197616,244.197616,244.197616,244.197616,244.197616,24887800
1998-08-28,239.979906,239.979906,239.979906,239.979906,239.979906,23735900
1998-08-31,242.787276,242.787276,242.787276,242.787276,242.787276,22563100
1998-09-01,243.655802,243.655802,243.655802,243.655802,243.655802,24748500
1998-09-02,243.802081,243.802081,243.802081,243.802081,243.802081,13843200
1998-09-03,243.180454,243.180454,243.180454,243.180454,243.180454,17311300
1998-09-04,238.961334,238.961334,238.961334,238.961334,238.961334,17783800
1998-09-08,241.070957,241.070957,241.070957,241.070957,241.070957,14746500
1998-09-09,248.765385,248.765385,248.765385,248.765385,248.765385,12109700
1998-09-10,248.149123,248.149123,248.149123,248.149123,248.149123,19889300
1998-09-11,243.044473,243.044473,243.044473,243.044473,243.044473,20379800
1998-09-14,242.260928,242.260928,242.260928,242.260928,242.260928,10686800
1998-09-15,245.077784,245.077784,245.077784,245.077784,245.077784,8337900
1998-09-16,243.733147,243.733147,243.733147,243.733147,243.733147,11024900
1998-09-17,245.331006,245.331006,245.331006,245.331006,245.331006,12945200
1998-09-18,238.893508,238.893508,238.893508,238.893508,238.893508,7019200
1998-09-21,240.606722,240.606722,240.606722,240.606722,240.606722,8834600
1998-09-22,234.777004,234.777004,234.777004,234.777004,234.777004,7270100
1998-09-23,238.14457,238.14457,238.14457,238.14457,238.14457,13688500
1998-09-24,240.447472,240.447472,240.447472,240.447472,240.447472,11129500
1998-09-25,238.890441,238.890441,238.890441,238.890441,238.890441,10247400
1998-09-28,236.017808,236.017808,236.017808,236.017808,236.017808,8847800
1998-09-29,238.411452,238.411452,238.411452,238.411452,238.411452,10618100
1998-09-30,238.824384,238.824384,238.824384,238.824384,238.824384,7908400
1998-10-01,235.541115,235.541115,235.541115,235.541115,235.541115,13335600
1998-10-02,231.550871,231.550871,231.550871,231.550871,231.550871,14351800
1998-10-05,231.685437,231.685437,231.685437,231.685437,231.685437,12807200
1998-10-06,229.086187,229.086187,229.086187,229.086187,229.086187,12621000
1998-10-07,233.862221,233.862221,233.862221,233.862221,233.862221,14348500
1998-10-08,233.924354,233.924354,233.924354,233.924354,233.924354,20625000
1998-10-09,227.741302,227.741302,227.741302,227.741302,227.741302,12708500
1998-10-12,228.68796,228.68796,228.68796,228.68796,228.68796,9508500
1998-10-13,233.535634,233.535634,233.535634,233.535634,233.535634,6256800
1998-10-14,232.574967,232.574967,232.574967,232.574967,232.574967,8176900
1998-10-15,230.958555,230.958555,230.958555,230.958555,230.958555,20541100
1998-10-16,229.941931,229.941931,229.941931,229.941931,229.941931,16573900
1998-10-19,230.269433,230.269433,230.269433,230.269433,230.269433,7915900
1998-10-20,229.579064,229.579064,229.579064,229.579064,229.579064,14611600
1998-10-21,232.130394,232.130394,232.130394,232.130394,232.130394,9178400
1998-10-22,231.84765,231.84765,231.84765,231.84765,231.84765,8277500
1998-10-23,232.175716,232.175716,232.175716,232.175716,232.175716,6237200
1998-10-26,231.627767,231.627767,231.627767,231.627767,231.627767,5838600
1998-10-27,233.51303,233.51303,233.51303,233.51303,233.51303,10089700
1998-10-28,235.264072,235.264072,235.264072,235.264072,235.264072,5650600
1998-10-29,234.29025,234.29025,234.29025,234.29025,234.29025,9625600
1998-10-30,234.895816,234.895816,234.895816,234.895816,234.895816,9872800
1998-11-02,236.427254,236.427254,236.427254,236.427254,236.427254,6501400
1998-11-03,238.161538,238.161538,238.161538,238.161538,238.161538,6866000
1998-11-04,237.551156,237.551156,237.551156,237.551156,237.551156,8233600
1998-11-05,240.546908,240.546908,240.546908,240.546908,240.546908,6841500
1998-11-06,238.994902,238.994902,238.994902,238.994902,238.994902,5224800
1998-11-09,238.326693,238.326693,238.326693,238.326693,238.326693,6188700
1998-11-10,237.92302,237.92302,237.92302,237.92302,237.92302,14015200
1998-11-11,237.254965,237.254965,237.254965,237.254965,237.254965,10922400
1998-11-12,238.948999,238.948999,238.948999,238.948999,238.948999,5457400
1998-11-13,239.070215,239.070215,239.070215,239.070215,239.070215,5524600
1998-11-16,239.258089,239.258089,239.258089,239.258089,239.258089,6023700
1998-11-17,241.359214,241.359214,241.359214,241.359214,241.359214,9058900
1998-11-18,240.487447,240.487447,240.487447,240.487447,240.487447,4567700
1998-11-19,241.002838,241.002838,241.002838,241.002838,241.002838,5249300
1998-11-20,242.106079,242.106079,242.106079,242.106079,242.106079,5562000
1998-11-23,243.368709,243.368709,243.368709,243.368709,243.368709,7151300
1998-11-24,245.117281,245.117281,245.117281,245.117281,245.117281,5323700
1998-11-25,244.335117,244.335117,244.335117,244.335117,244.335117,4393500
1998-11-27,244.966533,244.966533,244.966533,244.966533,244.966533,4557900
1998-11-30,246.69651,246.69651,246.69651,246.69651,246.69651,8705400
1998-12-01,245.684481,245.684481,245.684481,245.684481,245.684481,8950600
1998-12-02,245.672082,245.672082,245.672082,245.672082,245.672082,7495500
1998-12-03,244.811552,244.811552,244.811552,244.811552,244.811552,12145300
1998-12-04,244.73384,244.73384,244.73384,244.73384,244.73384,10339500
1998-12-07,247.44008,247.44008,247.44008,247.44008,247.44008,4290000
1998-12-08,246.77431,246.77431,246.77431,246.77431,246.77431,10102600
1998-12-09,245.919295,245.919295,245.919295,245.919295,245.919295,5327900
1998-12-10,246.491225,246.491225,246.491225,246.491225,246.491225,5966600
1998-12-11,246.93341,246.93341,246.93341,246.93341,246.93341,8198200
1998-12-14,245.963817,245.963817,245.963817,245.963817,245.963817,9521400
1998-12-15,243.917039,243.917039,243.917039,243.917039,243.917039,9631500
1998-12-16,245.915229,245.915229,245.915229,245.915229,245.915229,7260000
1998-12-17,246.825165,246.825165,246.825165,246.825165,246.825165,6914700
1998-12-18,248.269147,248.269147,248.269147,248.269147,248.269147,4802400
1998-12-21,248.917014,248.917014,248.917014,248.917014,248.917014,8580700
1998-12-22,250.479754,250.479754,250.479754,250.479754,250.479754,5461100
1998-12-23,250.988442,250.988442,250.988442,250.988442,250.988442,7791000
1998-12-24,252.015477,252.015477,252.015477,252.015477,252.015477,1507100
1998-12-28,251.875096,251.875096,251.875096,251.875096,251.875096,4203600
1998-12-29,253.017019,253.017019,253.017019,253.017019,253.017019,3935800
1998-12-30,253.715369,253.715369,253.715369,253.715369,253.715369,6810700
1998-12-31,252.937173,252.937173,252.937173,252.937173,252.937173,6790500
1999-01-04,252.924526,252.924526,252.924526,252.924526,252.924526,9450400
1999-01-05,253.040363,253.040363,253.040363,253.040363,253.040363,8031000
1999-01-06,252.834926,252.834926,252.834926,252.834926,252.834926,7737700
1999-01-07,255.615819,255.615819,255.615819,255.615819,255.615819,5504900
1999-01-08,253.472173,253.472173,253.472173,253.472173,253.472173,6224400
1999-01-11,256.207396,256.207396,256.207396,256.207396,256.207396,7578300
1999-01-12,256.069521,256.069521,256.069521,256.069521,256.069521,7768800
1999-01-13,255.424232,255.424232,255.424232,255.424232,255.424232,10810600
1999-01-14,247.510205,247.510205,247.510205,247.510205,247.510205,11400700
1999-01-15,247.999074,247.999074,247.999074,247.999074,247.999074,7817700
1999-01-19,250.35214,250.35214,250.35214,250.35214,250.35214,6535100
1999-01-20,252.195197,252.195197,252.195197,252.195197,252.195197,6534400
1999-01-21,254.008464,254.008464,254.008464,254.008464,254.008464,6937500
1999-01-22,252.769134,252.769134,252.769134,252.769134,252.769134,7522300
1999-01-25,251.277499,251.277499,251.277499,251.277499,251.277499,5700300
1999-01-26,252.73825,252.73825,252.73825,252.73825,252.73825,6047000
1999-01-27,253.36359,253.36359,253.36359,253.36359,253.36359,7399400
1999-01-28,253.978659,253.978659,253.978659,253.978659,253.978659,5961700
1999-01-29,255.303623,255.303623,255.303623,255.303623,255.303623,6456800
1999-02-01,256.613587,256.613587,256.613587,256.613587,256.613587,9426800
1999-02-02,258.67395,258.67395,258.67395,258.67395,258.67395,9194500
1999-02-03,259.011048,259.011048,259.011048,259.011048,259.011048,10290700
1999-02-04,258.099792,258.099792,258.099792,258.099792,258.099792,7761100
1999-02-05,258.023793,258.023793,258.023793,258.023793,258.023793,7516100
1999-02-08,258.331905,258.331905,258.331905,258.331905,258.331905,8528400
1999-02-09,260.466378,260.466378,260.466378,260.466378,260.466378,8985700
1999-02-10,260.584453,260.584453,260.584453,260.584453,260.584453,6936700
1999-02-11,261.844363,261.844363,261.844363,261.844363,261.844363,9181800
1999-02-12,263.436826,263.436826,263.436826,263.436826,263.436826,10676600
1999-02-16,262.765795,262.765795,262.765795,262.765795,262.765795,6915500
1999-02-17,265.143581,265.143581,265.143581,265.143581,265.143581,7858100
1999-02-18,265.804587,265.804587,265.804587,265.804587,265.804587,9048900
1999-02-19,266.738621,266.738621,266.738621,266.738621,266.738621,5312200
1999-02-22,267.331478,267.331478,267.331478,267.331478,267.331478,10695800
1999-02-23,267.72166,267.72166,267.72166,267.72166,267.72166,7770700
1999-02-24,267.774119,267.774119,267.774119,267.774119,267.774119,7271000
1999-02-25,268.482633,268.482633,268.482633,268.482633,268.482633,11633000
1999-02-26,266.928418,266.928418,266.928418,266.928418,266.928418,9621300
1999-03-01,268.394096,268.394096,268.394096,268.394096,268.394096,7607200
1999-03-02,268.584286,268.584286,268.584286,268.584286,268.584286,9651500
1999-03-03,269.858045,269.858045,269.858045,269.858045,269.858045,7881400
1999-03-04,270.462387,270.462387,270.462387,270.462387,270.462387,8256400
1999-03-05,271.749682,271.749682,271.749682,271.749682,271.749682,10703100
1999-03-08,277.101343,277.101343,277.101343,277.101343,277.101343,4802200
1999-03-09,278.6828,278.6828,278.6828,278.6828,278.6828,7893400
1999-03-10,278.125942,278.125942,278.125942,278.125942,278.125942,3950000
1999-03-11,278.994624,278.994624,278.994624,278.994624,278.994624,6583700
1999-03-12,280.060543,280.060543,280.060543,280.060543,280.060543,5286500
1999-03-15,280.850247,280.850247,280.850247,280.850247,280.850247,5394400
1999-03-16,282.057413,282.057413,282.057413,282.057413,282.057413,4547500
1999-03-17,281.841593,281.841593,281.841593,281.841593,281.841593,4524100
1999-03-18,281.760295,281.760295,281.760295,281.760295,281.760295,3506300
1999-03-19,280.934334,280.934334,280.934334,280.934334,280.934334,5526700
1999-03-22,281.73472,281.73472,281.73472,281.73472,281.73472,4603800
1999-03-23,282.535382,282.535382,282.535382,282.535382,282.535382,9713800
1999-03-24,281.162045,281.162045,281.162045,281.162045,281.162045,6280900
1999-03-25,282.610477,282.610477,282.610477,282.610477,282.610477,6639600
1999-03-26,285.17119,285.17119,285.17119,285.17119,285.17119,6159700
1999-03-29,283.229859,283.229859,283.229859,283.229859,283.229859,5863900
1999-03-30,284.523789,284.523789,284.523789,284.523789,284.523789,5401400
1999-03-31,281.865843,281.865843,281.865843,281.865843,281.865843,7413600
1999-04-01,283.33703,283.33703,283.33703,283.33703,283.33703,7683600
1999-04-05,286.218985,286.218985,286.218985,286.218985,286.218985,5791100
1999-04-06,289.731434,289.731434,289.731434,289.731434,289.731434,5381300
1999-04-07,289.238551,289.238551,289.238551,289.238551,289.238551,6248600
1999-04-08,290.523933,290.523933,290.523933,290.523933,290.523933,5909100
1999-04-09,290.577517,290.577517,290.577517,290.577517,290.577517,4365800
1999-04-12,289.687526,289.687526,289.687526,289.687526,289.687526,8213200
1999-04-13,286.653171,286.653171,286.653171,286.653171,286.653171,10071400
1999-04-14,286.507294,286.507294,286.507294,286.507294,286.507294,11551700
1999-04-15,287.815051,287.815051,287.815051,287.815051,287.815051,11150000
1999-04-16,288.408735,288.408735,288.408735,288.408735,288.408735,6476200
1999-04-19,288.937907,288.937907,288.937907,288.937907,288.937907,12487200
1999-04-20,291.463336,291.463336,291.463336,291.463336,291.463336,9049600
1999-04-21,292.15189,292.15189,292.15189,292.15189,292.15189,5772200
1999-04-22,291.997969,291.997969,291.997969,291.997969,291.997969,6897400
1999-04-23,292.524596,292.524596,292.524596,292.524596,292.524596,4593100
1999-04-26,291.905824,291.905824,291.905824,291.905824,291.905824,3606500
1999-04-27,293.368698,293.368698,293.368698,293.368698,293.368698,5147200
1999-04-28,294.495228,294.495228,294.495228,294.495228,294.495228,5544300
1999-04-29,292.736909,292.736909,292.736909,292.736909,292.736909,9824300
1999-04-30,293.127473,293.127473,293.127473,293.127473,293.127473,10991900
1999-05-03,294.749659,294.749659,294.749659,294.749659,294.749659,10709700
1999-05-04,295.149395,295.149395,295.149395,295.149395,295.149395,10509300
1999-05-05,293.911316,293.911316,293.911316,293.911316,293.911316,10032300
1999-05-06,294.308324,294.308324,294.308324,294.308324,294.308324,13507200
1999-05-07,293.475407,293.475407,293.475407,293.475407,293.475407,8680700
1999-05-10,294.58989,294.58989,294.58989,294.58989,294.58989,5580100
1999-05-11,294.234499,294.234499,294.234499,294.234499,294.234499,7000600
1999-05-12,296.375599,296.375599,296.375599,296.375599,296.375599,13865800
1999-05-13,296.497341,296.497341,296.497341,296.497341,296.497341,4485700
1999-05-14,297.566498,297.566498,297.566498,297.566498,297.566498,8370100
1999-05-17,291.526217,291.526217,291.526217,291.526217,291.526217,6268100
1999-05-18,291.171302,291.171302,291.171302,291.171302,291.171302,8218600
1999-05-19,291.90236,291.90236,291.90236,291.90236,291.90236,5052400
1999-05-20,293.045989,293.045989,293.045989,293.045989,293.045989,4670400
1999-05-21,293.506111,293.506111,293.506111,293.506111,293.506111,6418200
1999-05-24,293.559665,293.559665,293.559665,293.559665,293.559665,7952000
1999-05-25,294.645917,294.645917,294.645917,294.645917,294.645917,15406400
1999-05-26,295.192815,295.192815,295.192815,295.192815,295.192815,12575900
1999-05-27,295.893384,295.893384,295.893384,295.893384,295.893384,14515400
1999-05-28,294.531537,294.531537,294.531537,294.531537,294.531537,8748000
1999-06-01,295.519265,295.519265,295.519265,295.519265,295.519265,6705300
1999-06-02,295.327152,295.327152,295.327152,295.327152,295.327152,6981900
1999-06-03,295.312456,295.312456,295.312456,295.312456,295.312456,6076600
1999-06-04,297.145096,297.145096,297.145096,297.145096,297.145096,9787200
1999-06-07,299.121083,299.121083,299.121083,299.121083,299.121083,5299100
1999-06-08,299.597191,299.597191,299.597191,299.597191,299.597191,4895700
1999-06-09,299.161454,299.161454,299.161454,299.161454,299.161454,7409700
1999-06-10,299.500111,299.500111,299.500111,299.500111,299.500111,7040700
1999-06-11,297.926858,297.926858,297.926858,297.926858,297.926858,12824800
1999-06-14,298.623275,298.623275,298.623275,298.623275,298.623275,6823500
1999-06-15,300.621183,300.621183,300.621183,300.621183,300.621183,5700900
1999-06-16,301.835055,301.835055,301.835055,301.835055,301.835055,7865800
1999-06-17,305.425027,305.425027,305.425027,305.425027,305.425027,8162800
1999-06-18,304.407451,304.407451,304.407451,304.407451,304.407451,2875100
1999-06-21,304.17663,304.17663,304.17663,304.17663,304.17663,4646400
1999-06-22,304.515419,304.515419,304.515419,304.515419,304.515419,5862400
1999-06-23,303.08641,303.08641,303.08641,303.08641,303.08641,9629200
1999-06-24,301.512996,301.512996,301.512996,301.512996,301.512996,9176900
1999-06-25,301.143991,301.143991,301.143991,301.143991,301.143991,4087000
1999-06-28,302.412122,302.412122,302.412122,302.412122,302.412122,5028900
1999-06-29,304.656963,304.656963,304.656963,304.656963,304.656963,6956200
1999-06-30,303.927791,303.927791,303.927791,303.927791,303.927791,16856100
1999-07-01,304.053588,304.053588,304.053588,304.053588,304.053588,9939500
1999-07-02,304.038495,304.038495,304.038495,304.038495,304.038495,3772800
1999-07-06,304.22966,304.22966,304.22966,304.22966,304.22966,11221100
1999-07-07,303.873753,303.873753,303.873753,303.873753,303.873753,3230700
1999-07-08,303.177357,303.177357,303.177357,303.177357,303.177357,7101500
1999-07-09,302.076112,302.076112,302.076112,302.076112,302.076112,2976800
1999-07-12,302.770322,302.770322,302.770322,302.770322,302.770322,4436300
1999-07-13,303.69819,303.69819,303.69819,303.69819,303.69819,6477600
1999-07-14,302.597317,302.597317,302.597317,302.597317,302.597317,4382500
1999-07-15,303.939271,303.939271,303.939271,303.939271,303.939271,3348600
1999-07-16,305.279044,305.279044,305.279044,305.279044,305.279044,2281500
1999-07-19,305.703639,305.703639,305.703639,305.703639,305.703639,4287000
1999-07-20,306.496572,306.496572,306.496572,306.496572,306.496572,7060100
1999-07-21,304.849485,304.849485,304.849485,304.849485,304.849485,4793700
1999-07-22,305.076017,305.076017,305.076017,305.076017,305.076017,7804100
1999-07-23,304.196483,304.196483,304.196483,304.196483,304.196483,4603000
1999-07-26,305.613727,305.613727,305.613727,305.613727,305.613727,4333400
1999-07-27,303.628737,303.628737,303.628737,303.628737,303.628737,5908500
1999-07-28,306.429512,306.429512,306.429512,306.429512,306.429512,3955500
1999-07-29,307.260211,307.260211,307.260211,307.260211,307.260211,7760600
1999-07-30,304.14577,304.14577,304.14577,304.14577,304.14577,5994300
1999-08-02,305.049726,305.049726,305.049726,305.049726,305.049726,6065500
1999-08-03,305.034518,305.034518,305.034518,305.034518,305.034518,5445400
1999-08-04,306.523985,306.523985,306.523985,306.523985,306.523985,6497900
1999-08-05,307.159203,307.159203,307.159203,307.159203,307.159203,10322000
1999-08-06,307.731704,307.731704,307.731704,307.731704,307.731704,7537700
1999-08-09,306.330415,306.330415,306.330415,306.330415,306.330415,5565900
1999-08-10,306.829084,306.829084,306.829084,306.829084,306.829084,9793300
1999-08-11,306.298053,306.298053,306.298053,306.298053,306.298053,8003400
1999-08-12,308.737492,308.737492,308.737492,308.737492,308.737492,7036800
1999-08-13,309.833413,309.833413,309.833413,309.833413,309.833413,5857700
1999-08-16,313.351791,313.351791,313.351791,313.351791,313.351791,3927000
1999-08-17,313.262599,313.262599,313.262599,313.262599,313.262599,4808000
1999-08-18,314.857061,314.857061,314.857061,314.857061,314.857061,4355500
1999-08-19,313.854917,313.854917,313.854917,313.854917,313.854917,6448100
1999-08-20,310.830553,310.830553,310.830553,310.830553,310.830553,3663700
1999-08-23,311.987507,311.987507,311.987507,311.987507,311.987507,5637800
1999-08-24,314.083301,314.083301,314.083301,314.083301,314.083301,9279500
1999-08-25,313.13232,313.13232,313.13232,313.13232,313.13232,6005300
1999-08-26,313.616935,313.616935,313.616935,313.616935,313.616935,4322300
1999-08-27,313.388472,313.388472,313.388472,313.388472,313.388472,6247400
1999-08-30,313.730852,313.730852,313.730852,313.730852,313.730852,4652000
1999-08-31,314.368563,314.368563,314.368563,314.368563,314.368563,11453700
1999-09-01,315.242335,315.242335,315.242335,315.242335,315.242335,6863900
1999-09-02,317.314782,317.314782,317.314782,317.314782,317.314782,10896300
1999-09-03,313.590659,313.590659,313.590659,313.590659,313.590659,9160800
1999-09-07,320.139236,320.139236,320.139236,320.139236,320.139236,4560800
1999-09-08,320.344064,320.344064,320.344064,320.344064,320.344064,6159600
1999-09-09,318.850125,318.850125,318.850125,318.850125,318.850125,6177800
1999-09-10,318.686587,318.686587,318.686587,318.686587,318.686587,2934500
1999-09-13,322.217486,322.217486,322.217486,322.217486,322.217486,2320500
1999-09-14,320.423426,320.423426,320.423426,320.423426,320.423426,3736000
1999-09-15,318.292665,318.292665,318.292665,318.292665,318.292665,6984500
1999-09-16,321.541352,321.541352,321.541352,321.541352,321.541352,15377600
1999-09-17,322.895729,322.895729,322.895729,322.895729,322.895729,8542300
1999-09-20,324.209216,324.209216,324.209216,324.209216,324.209216,2803900
1999-09-21,324.647489,324.647489,324.647489,324.647489,324.647489,9335200
1999-09-22,321.441261,321.441261,321.441261,321.441261,321.441261,13009100
1999-09-23,322.654293,322.654293,322.654293,322.654293,322.654293,12204100
1999-09-24,325.61016,325.61016,325.61016,325.61016,325.61016,13792900
1999-09-27,325.275747,325.275747,325.275747,325.275747,325.275747,6970300
1999-09-28,327.804975,327.804975,327.804975,327.804975,327.804975,11063400
1999-09-29,326.115941,326.115941,326.115941,326.115941,326.115941,7580300
1999-09-30,326.338039,326.338039,326.338039,326.338039,326.338039,7498900
1999-10-01,327.929656,327.929656,327.929656,327.929656,327.929656,11127100
1999-10-04,325.843789,325.843789,325.843789,325.843789,325.843789,6341600
1999-10-05,327.650595,327.650595,327.650595,327.650595,327.650595,11976000
1999-10-06,327.556171,327.556171,327.556171,327.556171,327.556171,10308200
1999-10-07,327.853013,327.853013,327.853013,327.853013,327.853013,6535600
1999-10-08,328.416066,328.416066,328.416066,328.416066,328.416066,9674300
1999-10-11,328.088548,328.088548,328.088548,328.088548,328.088548,4282000
1999-10-12,327.382909,327.382909,327.382909,327.382909,327.382909,8686100
1999-10-13,326.065298,326.065298,326.065298,326.065298,326.065298,10469300
1999-10-14,323.803859,323.803859,323.803859,323.803859,323.803859,10562200
1999-10-15,324.537463,324.537463,324.537463,324.537463,324.537463,14238700
1999-10-18,319.061249,319.061249,319.061249,319.061249,319.061249,9758800
1999-10-19,319.204797,319.204797,319.204797,319.204797,319.204797,14392900
1999-10-20,322.757359,322.757359,322.757359,322.757359,322.757359,9759400
1999-10-21,324.647394,324.647394,324.647394,324.647394,324.647394,9105400
1999-10-22,322.020919,322.020919,322.020919,322.020919,322.020919,8309600
1999-10-25,323.876904,323.876904,323.876904,323.876904,323.876904,8114300
1999-10-26,321.915861,321.915861,321.915861,321.915861,321.915861,6256300
1999-10-27,323.764747,323.764747,323.764747,323.764747,323.764747,5433300
1999-10-28,325.173411,325.173411,325.173411,325.173411,325.173411,10509700
1999-10-29,330.935729,330.935729,330.935729,330.935729,330.935729,10988600
1999-11-01,334.070088,334.070088,334.070088,334.070088,334.070088,4006500
1999-11-02,332.834399,332.834399,332.834399,332.834399,332.834399,6516900
1999-11-03,333.81491,333.81491,333.81491,333.81491,333.81491,7222300
1999-11-04,337.285876,337.285876,337.285876,337.285876,337.285876,7907500
1999-11-05,340.380433,340.380433,340.380433,340.380433,340.380433,7431500
1999-11-08,345.582807,345.582807,345.582807,345.582807,345.582807,4649200
1999-11-09,343.372716,343.372716,343.372716,343.372716,343.372716,4533700
1999-11-10,344.59984,344.59984,344.59984,344.59984,344.59984,6405600
1999-11-11,343.440134,343.440134,343.440134,343.440134,343.440134,4794100
1999-11-12,344.591698,344.591698,344.591698,344.591698,344.591698,11802900
1999-11-15,346.440611,346.440611,346.440611,346.440611,346.440611,2187500
1999-11-16,346.655461,346.655461,346.655461,346.655461,346.655461,7544800
1999-11-17,347.837115,347.837115,347.837115,347.837115,347.837115,9459000
1999-11-18,350.282149,350.282149,350.282149,350.282149,350.282149,4491000
1999-11-19,352.274188,352.274188,352.274188,352.274188,352.274188,4832100
1999-11-22,351.716317,351.716317,351.716317,351.716317,351.716317,4155400
1999-11-23,351.544092,351.544092,351.544092,351.544092,351.544092,5918000
1999-11-24,352.451969,352.451969,352.451969,352.451969,352.451969,4459700
1999-11-26,351.26435,351.26435,351.26435,351.26435,351.26435,1693900
1999-11-29,352.483856,352.483856,352.483856,352.483856,352.483856,7348600
1999-11-30,351.064619,351.064619,351.064619,351.064619,351.064619,7682000
1999-12-01,350.580102,350.580102,350.580102,350.580102,350.580102,6980200
1999-12-02,350.641306,350.641306,350.641306,350.641306,350.641306,6698300
1999-12-03,351.170004,351.170004,351.170004,351.170004,351.170004,10045400
1999-12-06,355.580475,355.580475,355.580475,355.580475,355.580475,3138900
1999-12-07,354.790414,354.790414,354.790414,354.790414,354.790414,10714200
1999-12-08,356.014695,356.014695,356.014695,356.014695,356.014695,4611400
1999-12-09,355.28983,355.28983,355.28983,355.28983,355.28983,6474700
1999-12-10,358.033821,358.033821,358.033821,358.033821,358.033821,5127300
1999-12-13,360.23112,360.23112,360.23112,360.23112,360.23112,4210800
1999-12-14,359.102443,359.102443,359.102443,359.102443,359.102443,5739000
1999-12-15,357.820735,357.820735,357.820735,357.820735,357.820735,6879100
1999-12-16,356.849924,356.849924,356.849924,356.849924,356.849924,5854900
1999-12-17,358.565915,358.565915,358.565915,358.565915,358.565915,4775400
1999-12-20,361.640781,361.640781,361.640781,361.640781,361.640781,4608700
1999-12-21,361.306002,361.306002,361.306002,361.306002,361.306002,7981300
1999-12-22,361.128538,361.128538,361.128538,361.128538,361.128538,5377500
1999-12-23,360.639756,360.639756,360.639756,360.639756,360.639756,5721700
1999-12-27,362.692603,362.692603,362.692603,362.692603,362.692603,2691000
1999-12-28,362.713595,362.713595,362.713595,362.713595,362.713595,4084500
1999-12-29,361.68797,361.68797,361.68797,361.68797,361.68797,3001000
1999-12-30,361.979405,361.979405,361.979405,361.979405,361.979405,3641300
1999-12-31,362.731427,362.731427,362.731427,362.731427,362.731427,3172700
2000-01-03,363.215991,363.215991,363.215991,363.215991,363.215991,8164300
2000-01-04,366.597792,366.597792,366.597792,366.597792,366.597792,8089800
2000-01-05,361.774779,361.774779,361.774779,361.774779,361.774779,12177900
2000-01-06,362.241834,362.241834,362.241834,362.241834,362.241834,6227200
2000-01-07,361.25379,361.25379,361.25379,361.25379,361.25379,8066500
2000-01-10,367.955267,367.955267,367.955267,367.955267,367.955267,5741700
2000-01-11,369.19947,369.19947,369.19947,369.19947,369.19947,7503700
2000-01-12,368.076499,368.076499,368.076499,368.076499,368.076499,6907700
2000-01-13,368.296823,368.296823,368.296823,368.296823,368.296823,5158300
2000-01-14,371.898745,371.898745,371.898745,371.898745,371.898745,7437300
2000-01-18,375.807319,375.807319,375.807319,375.807319,375.807319,6488500
2000-01-19,371.633321,371.633321,371.633321,371.633321,371.633321,6157900
2000-01-20,370.340448,370.340448,370.340448,370.340448,370.340448,5800100
2000-01-21,370.243636,370.243636,370.243636,370.243636,370.243636,6244800
2000-01-24,372.143455,372.143455,372.143455,372.143455,372.143455,7896900
2000-01-25,375.2645,375.2645,375.2645,375.2645,375.2645,9942500
2000-01-26,375.704961,375.704961,375.704961,375.704961,375.704961,5158100
2000-01-27,373.20492,373.20492,373.20492,373.20492,373.20492,10922700
2000-01-28,375.919314,375.919314,375.919314,375.919314,375.919314,11916200
2000-01-31,373.722943,373.722943,373.722943,373.722943,373.722943,10768700
2000-02-01,373.532237,373.532237,373.532237,373.532237,373.532237,8419900
2000-02-02,374.015411,374.015411,374.015411,374.015411,374.015411,6205900
2000-02-03,374.908653,374.908653,374.908653,374.908653,374.908653,7997500
2000-02-04,374.391821,374.391821,374.391821,374.391821,374.391821,4925400
2000-02-07,374.373182,374.373182,374.373182,374.373182,374.373182,5845800
2000-02-08,374.272301,374.272301,374.272301,374.272301,374.272301,4936400
2000-02-09,378.443294,378.443294,378.443294,378.443294,378.443294,8511500
2000-02-10,378.834008,378.834008,378.834008,378.834008,378.834008,6690600
2000-02-11,379.737038,379.737038,379.737038,379.737038,379.737038,9849800
2000-02-14,380.472191,380.472191,380.472191,380.472191,380.472191,8528800
2000-02-15,383.453355,383.453355,383.453355,383.453355,383.453355,11078300
2000-02-16,382.747222,382.747222,382.747222,382.747222,382.747222,8845400
2000-02-17,380.820923,380.820923,380.820923,380.820923,380.820923,7584200
2000-02-18,384.740068,384.740068,384.740068,384.740068,384.740068,9409200
2000-02-22,386.372522,386.372522,386.372522,386.372522,386.372522,16415400
2000-02-23,385.996141,385.996141,385.996141,385.996141,385.996141,12119000
2000-02-24,387.853728,387.853728,387.853728,387.853728,387.853728,17375000
2000-02-25,388.189244,388.189244,388.189244,388.189244,388.189244,10559900
2000-02-28,392.158645,392.158645,392.158645,392.158645,392.158645,13397800
2000-02-29,392.277118,392.277118,392.277118,392.277118,392.277118,8242500
2000-03-01,392.077279,392.077279,392.077279,392.077279,392.077279,6868000
2000-03-02,392.592491,392.592491,392.592491,392.592491,392.592491,7600200
2000-03-03,393.281735,393.281735,393.281735,393.281735,393.281735,12770300
2000-03-06,398.673653,398.673653,398.673653,398.673653,398.673653,11967100
2000-03-07,397.770917,397.770917,397.770917,397.770917,397.770917,20062000
2000-03-08,398.462533,398.462533,398.462533,398.462533,398.462533,11808500
2000-03-09,396.761941,396.761941,396.761941,396.761941,396.761941,5500900
2000-03-10,397.828867,397.828867,397.828867,397.828867,397.828867,7924600
2000-03-13,395.867845,395.867845,395.867845,395.867845,395.867845,10540500
2000-03-14,386.137092,386.137092,386.137092,386.137092,386.137092,8263900
2000-03-15,388.033184,388.033184,388.033184,388.033184,388.033184,10300800
2000-03-16,388.723673,388.723673,388.723673,388.723673,388.723673,25601400
2000-03-17,393.742945,393.742945,393.742945,393.742945,393.742945,10272900
2000-03-20,393.291198,393.291198,393.291198,393.291198,393.291198,12502300
2000-03-21,393.104054,393.104054,393.104054,393.104054,393.104054,13612600
2000-03-22,391.319626,391.319626,391.319626,391.319626,391.319626,8260000
2000-03-23,392.283468,392.283468,392.283468,392.283468,392.283468,11654500
2000-03-24,389.81385,389.81385,389.81385,389.81385,389.81385,11462900
2000-03-27,390.35288,390.35288,390.35288,390.35288,390.35288,8798600
2000-03-28,389.85689,389.85689,389.85689,389.85689,389.85689,6334400
2000-03-29,388.073747,388.073747,388.073747,388.073747,388.073747,6747500
2000-03-30,389.337988,389.337988,389.337988,389.337988,389.337988,9491900
2000-03-31,386.583108,386.583108,386.583108,386.583108,386.583108,9249100
2000-04-03,389.001157,389.001157,389.001157,389.001157,389.001157,8508200
2000-04-04,388.33511,388.33511,388.33511,388.33511,388.33511,19585500
2000-04-05,389.599502,389.599502,389.599502,389.599502,389.599502,8387200
2000-04-06,383.740946,383.740946,383.740946,383.740946,383.740946,6378500
2000-04-07,386.45493,386.45493,386.45493,386.45493,386.45493,6023600
2000-04-10,389.20394,389.20394,389.20394,389.20394,389.20394,9624200
2000-04-11,389.987438,389.987438,389.987438,389.987438,389.987438,9006400
2000-04-12,387.786518,387.786518,387.786518,387.786518,387.786518,10779200
2000-04-13,387.686857,387.686857,387.686857,387.686857,387.686857,12225800
2000-04-14,390.814826,390.814826,390.814826,390.814826,390.814826,29604000
2000-04-17,386.392829,386.392829,386.392829,386.392829,386.392829,23918200
2000-04-18,384.065353,384.065353,384.065353,384.065353,384.065353,11069200
2000-04-19,383.534269,383.534269,383.534269,383.534269,383.534269,6553700
2000-04-20,383.597832,383.597832,383.597832,383.597832,383.597832,8537600
2000-04-24,384.751632,384.751632,384.751632,384.751632,384.751632,12893100
2000-04-25,378.545779,378.545779,378.545779,378.545779,378.545779,14102000
2000-04-26,384.84673,384.84673,384.84673,384.84673,384.84673,7711100
2000-04-27,384.340439,384.340439,384.340439,384.340439,384.340439,15595300
2000-04-28,375.179445,375.179445,375.179445,375.179445,375.179445,8743400
2000-05-01,377.730188,377.730188,377.730188,377.730188,377.730188,7328300
2000-05-02,381.534885,381.534885,381.534885,381.534885,381.534885,9411900
2000-05-03,377.462505,377.462505,377.462505,377.462505,377.462505,12630700
2000-05-04,377.116225,377.116225,377.116225,377.116225,377.116225,5963600
2000-05-05,380.446511,380.446511,380.446511,380.446511,380.446511,7862400
2000-05-08,378.415556,378.415556,378.415556,378.415556,378.415556,5064100
2000-05-09,376.336989,376.336989,376.336989,376.336989,376.336989,5620300
2000-05-10,377.927723,377.927723,377.927723,377.927723,377.927723,10293900
2000-05-11,375.73597,375.73597,375.73597,375.73597,375.73597,7091100
2000-05-12,381.157708,381.157708,381.157708,381.157708,381.157708,5960800
2000-05-15,382.571662,382.571662,382.571662,382.571662,382.571662,4441300
2000-05-16,382.385341,382.385341,382.385341,382.385341,382.385341,8192200
2000-05-17,385.738301,385.738301,385.738301,385.738301,385.738301,5907200
2000-05-18,383.089771,383.089771,383.089771,383.089771,383.089771,4325600
2000-05-19,384.307607,384.307607,384.307607,384.307607,384.307607,6518400
2000-05-22,382.110466,382.110466,382.110466,382.110466,382.110466,10839400
2000-05-23,382.430081,382.430081,382.430081,382.430081,382.430081,7979200
2000-05-24,383.434687,383.434687,383.434687,383.434687,383.434687,11081500
2000-05-25,383.415697,383.415697,383.415697,383.415697,383.415697,8278900
2000-05-26,384.591991,384.591991,384.591991,384.591991,384.591991,4814000
2000-05-30,387.275687,387.275687,387.275687,387.275687,387.275687,5362700
2000-05-31,392.868662,392.868662,392.868662,392.868662,392.868662,6056500
2000-06-01,393.021262,393.021262,393.021262,393.021262,393.021262,8961600
2000-06-02,395.409461,395.409461,395.409461,395.409461,395.409461,8962200
2000-06-05,405.253301,405.253301,405.253301,405.253301,405.253301,6998100
2000-06-06,404.205411,404.205411,404.205411,404.205411,404.205411,4858900
2000-06-07,402.811272,402.811272,402.811272,402.811272,402.811272,4919500
2000-06-08,403.220668,403.220668,403.220668,403.220668,403.220668,5723100
2000-06-09,403.243711,403.243711,403.243711,403.243711,403.243711,3085300
2000-06-12,404.852738,404.852738,404.852738,404.852738,404.852738,3678900
2000-06-13,405.868341,405.868341,405.868341,405.868341,405.868341,6558700
2000-06-14,405.673137,405.673137,405.673137,405.673137,405.673137,6420500
2000-06-15,407.456157,407.456157,407.456157,407.456157,407.456157,5881200
2000-06-16,408.210946,408.210946,408.210946,408.210946,408.210946,5567900
2000-06-19,409.583164,409.583164,409.583164,409.583164,409.583164,5106900
2000-06-20,409.21321,409.21321,409.21321,409.21321,409.21321,6480000
2000-06-21,408.417683,408.417683,408.417683,408.417683,408.417683,3115000
2000-06-22,405.636896,405.636896,405.636896,405.636896,405.636896,7490500
2000-06-23,404.758938,404.758938,404.758938,404.758938,404.758938,4863300
2000-06-26,405.259836,405.259836,405.259836,405.259836,405.259836,5201300
2000-06-27,408.046731,408.046731,408.046731,408.046731,408.046731,4159500
2000-06-28,407.32888,407.32888,407.32888,407.32888,407.32888,5347700
2000-06-29,408.623788,408.623788,408.623788,408.623788,408.623788,6345700
2000-06-30,406.322679,406.322679,406.322679,406.322679,406.322679,7420200
2000-07-03,405.597964,405.597964,405.597964,405.597964,405.597964,1436600
2000-07-05,406.014172,406.014172,406.014172,406.014172,406.014172,2748200
2000-07-06,403.495692,403.495692,403.495692,403.495692,403.495692,5963200
2000-07-07,404.347361,404.347361,404.347361,404.347361,404.347361,3034800
2000-07-10,406.927653,406.927653,406.927653,406.927653,406.927653,2816100
2000-07-11,406.306214,406.306214,406.306214,406.306214,406.306214,5431600
2000-07-12,405.255315,405.255315,405.255315,405.255315,405.255315,5883000
2000-07-13,408.312414,408.312414,408.312414,408.312414,408.312414,5356000
2000-07-14,410.644973,410.644973,410.644973,410.644973,410.644973,5341900
2000-07-17,412.423344,412.423344,412.423344,412.423344,412.423344,4208300
2000-07-18,411.678619,411.678619,411.678619,411.678619,411.678619,4262100
2000-07-19,410.635621,410.635621,410.635621,410.635621,410.635621,8506800
2000-07-20,409.801221,409.801221,409.801221,409.801221,409.801221,4538900
2000-07-21,410.987836,410.987836,410.987836,410.987836,410.987836,5656900
2000-07-24,408.579458,408.579458,408.579458,408.579458,408.579458,5628500
2000-07-25,409.769597,409.769597,409.769597,409.769597,409.769597,4757100
2000-07-26,412.277602,412.277602,412.277602,412.277602,412.277602,12062500
2000-07-27,411.295443,411.295443,411.295443,411.295443,411.295443,7652600
2000-07-28,411.450826,411.450826,411.450826,411.450826,411.450826,6229500
2000-07-31,412.403318,412.403318,412.403318,412.403318,412.403318,5265500
2000-08-01,414.831188,414.831188,414.831188,414.831188,414.831188,3946600
2000-08-02,416.623557,416.623557,416.623557,416.623557,416.623557,7439800
2000-08-03,416.602653,416.602653,416.602653,416.602653,416.602653,4607100
2000-08-04,411.629954,411.629954,411.629954,411.629954,411.629954,3686600
2000-08-07,413.641178,413.641178,413.641178,413.641178,413.641178,4159800
2000-08-08,414.591794,414.591794,414.591794,414.591794,414.591794,3658700
2000-08-09,412.822276,412.822276,412.822276,412.822276,412.822276,5383800
2000-08-10,414.059149,414.059149,414.059149,414.059149,414.059149,4193400
2000-08-11,414.301366,414.301366,414.301366,414.301366,414.301366,5089400
2000-08-14,414.016492,414.016492,414.016492,414.016492,414.016492,2966700
2000-08-15,415.048746,415.048746,415.048746,415.048746,415.048746,5564600
2000-08-16,415.202078,415.202078,415.202078,415.202078,415.202078,5191600
2000-08-17,415.616329,415.616329,415.616329,415.616329,415.616329,5652200
2000-08-18,415.770406,415.770406,415.770406,415.770406,415.770406,4626400
2000-08-21,416.268397,416.268397,416.268397,416.268397,416.268397,2380600
2000-08-22,417.203702,417.203702,417.203702,417.203702,417.203702,3075300
2000-08-23,417.355741,417.355741,417.355741,417.355741,417.355741,5483200
2000-08-24,416.119647,416.119647,416.119647,416.119647,416.119647,4529000
2000-08-25,416.960886,416.960886,416.960886,416.960886,416.960886,2822200
2000-08-28,416.509159,416.509159,416.509159,416.509159,416.509159,5518700
2000-08-29,416.488489,416.488489,416.488489,416.488489,416.488489,3561900
2000-08-30,415.567269,415.567269,415.567269,415.567269,415.567269,3964800
2000-08-31,414.219966,414.219966,414.219966,414.219966,414.219966,4863100
2000-09-01,416.179438,416.179438,416.179438,416.179438,416.179438,3191200
2000-09-05,418.634728,418.634728,418.634728,418.634728,418.634728,3470800
2000-09-06,416.897982,416.897982,416.897982,416.897982,416.897982,4322200
2000-09-07,416.618651,416.618651,416.618651,416.618651,416.618651,4265500
2000-09-08,418.512758,418.512758,418.512758,418.512758,418.512758,3518200
2000-09-11,416.931394,416.931394,416.931394,416.931394,416.931394,3937500
2000-09-12,416.736227,416.736227,416.736227,416.736227,416.736227,4769100
2000-09-13,417.150716,417.150716,417.150716,417.150716,417.150716,7691600
2000-09-14,415.725585,415.725585,415.725585,415.725585,415.725585,3397100
2000-09-15,418.452981,418.452981,418.452981,418.452981,418.452981,4085700
2000-09-18,415.409661,415.409661,415.409661,415.409661,415.409661,5109300
2000-09-19,416.455783,416.455783,416.455783,416.455783,416.455783,6588200
2000-09-20,417.784548,417.784548,417.784548,417.784548,417.784548,6508100
2000-09-21,416.95871,416.95871,416.95871,416.95871,416.95871,5972300
2000-09-22,415.724268,415.724268,415.724268,415.724268,415.724268,7791300
2000-09-25,415.521343,415.521343,415.521343,415.521343,415.521343,9726300
2000-09-26,417.377386,417.377386,417.377386,417.377386,417.377386,5302400
2000-09-27,417.718296,417.718296,417.718296,417.718296,417.718296,7186200
2000-09-28,421.089241,421.089241,421.089241,421.089241,421.089241,7036400
2000-09-29,421.160128,421.160128,421.160128,421.160128,421.160128,9333600
2000-10-02,422.500605,422.500605,422.500605,422.500605,422.500605,5517800
2000-10-03,424.409626,424.409626,424.409626,424.409626,424.409626,9347200
2000-10-04,426.416439,426.416439,426.416439,426.416439,426.416439,6148900
2000-10-05,427.517556,427.517556,427.517556,427.517556,427.517556,4566900
2000-10-06,426.65911,426.65911,426.65911,426.65911,426.65911,10014900
2000-10-09,425.712652,425.712652,425.712652,425.712652,425.712652,4508000
2000-10-10,426.445891,426.445891,426.445891,426.445891,426.445891,6104700
2000-10-11,426.710267,426.710267,426.710267,426.710267,426.710267,10346000
2000-10-12,426.495399,426.495399,426.495399,426.495399,426.495399,12336900
2000-10-13,428.81687,428.81687,428.81687,428.81687,428.81687,11778800
2000-10-16,428.191804,428.191804,428.191804,428.191804,428.191804,5659000
2000-10-17,427.683703,427.683703,427.683703,427.683703,427.683703,7831700
2000-10-18,428.436384,428.436384,428.436384,428.436384,428.436384,10897300
2000-10-19,421.658547,421.658547,421.658547,421.658547,421.658547,8767300
2000-10-20,429.78389,429.78389,429.78389,429.78389,429.78389,7373500
2000-10-23,426.869929,426.869929,426.869929,426.869929,426.869929,5290000
2000-10-24,426.944368,426.944368,426.944368,426.944368,426.944368,5750700
2000-10-25,428.252162,428.252162,428.252162,428.252162,428.252162,9137600
2000-10-26,425.642567,425.642567,425.642567,425.642567,425.642567,9345800
2000-10-27,428.158109,428.158109,428.158109,428.158109,428.158109,9762900
2000-10-30,431.85666,431.85666,431.85666,431.85666,431.85666,10154100
2000-10-31,429.218818,429.218818,429.218818,429.218818,429.218818,7752400
2000-11-01,430.676479,430.676479,430.676479,430.676479,430.676479,6753600
2000-11-02,428.536915,428.536915,428.536915,428.536915,428.536915,11395100
2000-11-03,430.583014,430.583014,430.583014,430.583014,430.583014,5187100
2000-11-06,432.872215,432.872215,432.872215,432.872215,432.872215,4042500
2000-11-07,433.987096,433.987096,433.987096,433.987096,433.987096,5231300
2000-11-08,432.031894,432.031894,432.031894,432.031894,432.031894,6123300
2000-11-09,432.949232,432.949232,432.949232,432.949232,432.949232,10635300
2000-11-10,431.195547,431.195547,431.195547,431.195547,431.195547,8569500
2000-11-13,427.998865,427.998865,427.998865,427.998865,427.998865,17285300
2000-11-14,424.844566,424.844566,424.844566,424.844566,424.844566,7668900
2000-11-15,430.797351,430.797351,430.797351,430.797351,430.797351,8837700
2000-11-16,430.582397,430.582397,430.582397,430.582397,430.582397,6684100
2000-11-17,427.523879,427.523879,427.523879,427.523879,427.523879,6551100
2000-11-20,427.308011,427.308011,427.308011,427.308011,427.308011,5458500
2000-11-21,424.501781,424.501781,424.501781,424.501781,424.501781,7684300
2000-11-22,425.071506,425.071506,425.071506,425.071506,425.071506,5736900
2000-11-24,421.812308,421.812308,421.812308,421.812308,421.812308,3411600
2000-11-27,426.528729,426.528729,426.528729,426.528729,426.528729,5992000
2000-11-28,431.647926,431.647926,431.647926,431.647926,431.647926,5336100
2000-11-29,428.750951,428.750951,428.750951,428.750951,428.750951,6914100
2000-11-30,430.934376,430.934376,430.934376,430.934376,430.934376,11201600
2000-12-01,427.884988,427.884988,427.884988,427.884988,427.884988,7587200
2000-12-04,430.794974,430.794974,430.794974,430.794974,430.794974,6996600
2000-12-05,429.653464,429.653464,429.653464,429.653464,429.653464,8883400
2000-12-06,434.565578,434.565578,434.565578,434.565578,434.565578,12888000
2000-12-07,434.740751,434.740751,434.740751,434.740751,434.740751,6529100
2000-12-08,432.664416,432.664416,432.664416,432.664416,432.664416,10276300
2000-12-11,443.668741,443.668741,443.668741,443.668741,443.668741,6405600
2000-12-12,454.926437,454.926437,454.926437,454.926437,454.926437,5022900
2000-12-13,453.468251,453.468251,453.468251,453.468251,453.468251,6070500
2000-12-14,457.449292,457.449292,457.449292,457.449292,457.449292,7678400
2000-12-15,456.533833,456.533833,456.533833,456.533833,456.533833,9065300
2000-12-18,453.545864,453.545864,453.545864,453.545864,453.545864,7235400
2000-12-19,457.310484,457.310484,457.310484,457.310484,457.310484,9616600
2000-12-20,456.426608,456.426608,456.426608,456.426608,456.426608,9994300
2000-12-21,451.522151,451.522151,451.522151,451.522151,451.522151,14331500
2000-12-22,450.605793,450.605793,450.605793,450.605793,450.605793,10182900
2000-12-26,457.228595,457.228595,457.228595,457.228595,457.228595,4665300
2000-12-27,456.878717,456.878717,456.878717,456.878717,456.878717,4854100
2000-12-28,454.806152,454.806152,454.806152,454.806152,454.806152,8358700
2000-12-29,453.07787,453.07787,453.07787,453.07787,453.07787,8774600
2001-01-02,454.219834,454.219834,454.219834,454.219834,454.219834,8737500
2001-01-03,457.009896,457.009896,457.009896,457.009896,457.009896,19431600
2001-01-04,455.213035,455.213035,455.213035,455.213035,455.213035,9219000
2001-01-05,454.979559,454.979559,454.979559,454.979559,454.979559,12911400
2001-01-08,454.690609,454.690609,454.690609,454.690609,454.690609,6625300
2001-01-09,457.087487,457.087487,457.087487,457.087487,457.087487,5702400
2001-01-10,460.082004,460.082004,460.082004,460.082004,460.082004,8746100
2001-01-11,457.069502,457.069502,457.069502,457.069502,457.069502,7245100
2001-01-12,453.479251,453.479251,453.479251,453.479251,453.479251,7244000
2001-01-16,454.956671,454.956671,454.956671,454.956671,454.956671,8542200
2001-01-17,454.933951,454.933951,454.933951,454.933951,454.933951,7851400
2001-01-18,461.759967,461.759967,461.759967,461.759967,461.759967,8107000
2001-01-19,461.683154,461.683154,461.683154,461.683154,461.683154,7782500
2001-01-22,466.47689,466.47689,466.47689,466.47689,466.47689,7050900
2001-01-23,467.269807,467.269807,467.269807,467.269807,467.269807,8463100
2001-01-24,465.731296,465.731296,465.731296,465.731296,465.731296,6199900
2001-01-25,466.671117,466.671117,466.671117,466.671117,466.671117,10818300
2001-01-26,466.220029,466.220029,466.220029,466.220029,466.220029,7136800
2001-01-29,463.19801,463.19801,463.19801,463.19801,463.19801,6705900
2001-01-30,461.896161,461.896161,461.896161,461.896161,461.896161,7069100
2001-01-31,460.859017,460.859017,460.859017,460.859017,460.859017,9706900
2001-02-01,459.498262,459.498262,459.498262,459.498262,459.498262,8239100
2001-02-02,459.743487,459.743487,459.743487,459.743487,459.743487,8276600
2001-02-05,457.954111,457.954111,457.954111,457.954111,457.954111,4352900
2001-02-06,457.931378,457.931378,457.931378,457.931378,457.931378,7106700
2001-02-07,456.256009,456.256009,456.256009,456.256009,456.256009,5748700
2001-02-08,453.975135,453.975135,453.975135,453.975135,453.975135,5943300
2001-02-09,454.32331,454.32331,454.32331,454.32331,454.32331,9913000
2001-02-12,455.085503,455.085503,455.085503,455.085503,455.085503,5804400
2001-02-13,454.579341,454.579341,454.579341,454.579341,454.579341,6587600
2001-02-14,455.750157,455.750157,455.750157,455.750157,455.750157,8400100
2001-02-15,457.070863,457.070863,457.070863,457.070863,457.070863,5929800
2001-02-16,459.747536,459.747536,459.747536,459.747536,459.747536,6434900
2001-02-20,451.656844,451.656844,451.656844,451.656844,451.656844,5760000
2001-02-21,453.85106,453.85106,453.85106,453.85106,453.85106,10910800
2001-02-22,452.096147,452.096147,452.096147,452.096147,452.096147,21281600
2001-02-23,454.700575,454.700575,454.700575,454.700575,454.700575,20173000
2001-02-26,452.039735,452.039735,452.039735,452.039735,452.039735,11503700
2001-02-27,455.055578,455.055578,455.055578,455.055578,455.055578,11415000
2001-02-28,452.108962,452.108962,452.108962,452.108962,452.108962,14825800
2001-03-01,453.194587,453.194587,453.194587,453.194587,453.194587,14672000
2001-03-02,453.537649,453.537649,453.537649,453.537649,453.537649,12564300
2001-03-05,445.871283,445.871283,445.871283,445.871283,445.871283,5293200
2001-03-06,447.797189,447.797189,447.797189,447.797189,447.797189,6917000
2001-03-07,453.55422,453.55422,453.55422,453.55422,453.55422,6371700
2001-03-08,456.480764,456.480764,456.480764,456.480764,456.480764,6055000
2001-03-09,455.092239,455.092239,455.092239,455.092239,455.092239,10020300
2001-03-12,451.41825,451.41825,451.41825,451.41825,451.41825,13972900
2001-03-13,447.663336,447.663336,447.663336,447.663336,447.663336,12888000
2001-03-14,452.645008,452.645008,452.645008,452.645008,452.645008,19883400
2001-03-15,441.42176,441.42176,441.42176,441.42176,441.42176,10370300
2001-03-16,444.401155,444.401155,444.401155,444.401155,444.401155,58514600
2001-03-19,443.492743,443.492743,443.492743,443.492743,443.492743,10067800
2001-03-20,446.36264,446.36264,446.36264,446.36264,446.36264,15083900
2001-03-21,448.431957,448.431957,448.431957,448.431957,448.431957,19004600
2001-03-22,448.331109,448.331109,448.331109,448.331109,448.331109,28624800
2001-03-23,447.350841,447.350841,447.350841,447.350841,447.350841,12861700
2001-03-26,455.902538,455.902538,455.902538,455.902538,455.902538,9943800
2001-03-27,460.738236,460.738236,460.738236,460.738236,460.738236,12880700
2001-03-28,459.443437,459.443437,459.443437,459.443437,459.443437,10953300
2001-03-29,453.945424,453.945424,453.945424,453.945424,453.945424,12060300
2001-03-30,452.580798,452.580798,452.580798,452.580798,452.580798,9183600
2001-04-02,452.832887,452.832887,452.832887,452.832887,452.832887,10561000
2001-04-03,451.296347,451.296347,451.296347,451.296347,451.296347,12836000
2001-04-04,450.404362,450.404362,450.404362,450.404362,450.404362,14884300
2001-04-05,451.116506,451.116506,451.116506,451.116506,451.116506,21522800
2001-04-06,461.063976,461.063976,461.063976,461.063976,461.063976,14937800
2001-04-09,456.793079,456.793079,456.793079,456.793079,456.793079,9034300
2001-04-10,459.592418,459.592418,459.592418,459.592418,459.592418,17873600
2001-04-11,463.14006,463.14006,463.14006,463.14006,463.14006,12722300
2001-04-12,471.573351,471.573351,471.573351,471.573351,471.573351,9233200
2001-04-16,469.812087,469.812087,469.812087,469.812087,469.812087,7350000
2001-04-17,467.575235,467.575235,467.575235,467.575235,467.575235,10924700
2001-04-18,466.398613,466.398613,466.398613,466.398613,466.398613,32481600
2001-04-19,473.414625,473.414625,473.414625,473.414625,473.414625,13809900
2001-04-20,474.345406,474.345406,474.345406,474.345406,474.345406,7626700
2001-04-23,471.490728,471.490728,471.490728,471.490728,471.490728,8451800
2001-04-24,468.248227,468.248227,468.248227,468.248227,468.248227,10044700
2001-04-25,469.29755,469.29755,469.29755,469.29755,469.29755,8249000
2001-04-26,468.655912,468.655912,468.655912,468.655912,468.655912,10590400
2001-04-27,470.763758,470.763758,470.763758,470.763758,470.763758,7938700
2001-04-30,475.306039,475.306039,475.306039,475.306039,475.306039,10766900
2001-05-01,477.813885,477.813885,477.813885,477.813885,477.813885,10578000
2001-05-02,471.792079,471.792079,471.792079,471.792079,471.792079,9572900
2001-05-03,473.104839,473.104839,473.104839,473.104839,473.104839,9926200
2001-05-04,470.50783,470.50783,470.50783,470.50783,470.50783,12145300
2001-05-07,464.62222,464.62222,464.62222,464.62222,464.62222,7185200
2001-05-08,462.847692,462.847692,462.847692,462.847692,462.847692,6952600
2001-05-09,465.097577,465.097577,465.097577,465.097577,465.097577,9507400
2001-05-10,461.646528,461.646528,461.646528,461.646528,461.646528,6872400
2001-05-11,467.53831,467.53831,467.53831,467.53831,467.53831,7734400
2001-05-14,467.441135,467.441135,467.441135,467.441135,467.441135,7914000
2001-05-15,466.483892,466.483892,466.483892,466.483892,466.483892,9782200
2001-05-16,467.018854,467.018854,467.018854,467.018854,467.018854,14909000
2001-05-17,462.769229,462.769229,462.769229,462.769229,462.769229,11824600
2001-05-18,462.925625,462.925625,462.925625,462.925625,462.925625,6683100
2001-05-21,462.687457,462.687457,462.687457,462.687457,462.687457,11531500
2001-05-22,463.021095,463.021095,463.021095,463.021095,463.021095,8342700
2001-05-23,463.630617,463.630617,463.630617,463.630617,463.630617,12330800
2001-05-24,462.09145,462.09145,462.09145,462.09145,462.09145,7902800
2001-05-25,462.854483,462.854483,462.854483,462.854483,462.854483,7425000
2001-05-29,462.902779,462.902779,462.902779,462.902779,462.902779,9003900
2001-05-30,463.31384,463.31384,463.31384,463.31384,463.31384,10041800
2001-05-31,461.503913,461.503913,461.503913,461.503913,461.503913,9874200
2001-06-01,461.959694,461.959694,461.959694,461.959694,461.959694,8848300
2001-06-04,462.853348,462.853348,462.853348,462.853348,462.853348,5623500
2001-06-05,463.085895,463.085895,463.085895,463.085895,463.085895,9115400
2001-06-06,463.608418,463.608418,463.608418,463.608418,463.608418,12064900
2001-06-07,463.692926,463.692926,463.692926,463.692926,463.692926,7355300
2001-06-08,461.201535,461.201535,461.201535,461.201535,461.201535,8170600
2001-06-11,459.415291,459.415291,459.415291,459.415291,459.415291,7012200
2001-06-12,458.343399,458.343399,458.343399,458.343399,458.343399,9364400
2001-06-13,453.813486,453.813486,453.813486,453.813486,453.813486,7629400
2001-06-14,454.836792,454.836792,454.836792,454.836792,454.836792,12603000
2001-06-15,452.554192,452.554192,452.554192,452.554192,452.554192,16821100
2001-06-18,449.764041,449.764041,449.764041,449.764041,449.764041,11368300
2001-06-19,449.003712,449.003712,449.003712,449.003712,449.003712,7732300
2001-06-20,453.127875,453.127875,453.127875,453.127875,453.127875,8787200
2001-06-21,450.873017,450.873017,450.873017,450.873017,450.873017,12259100
2001-06-22,450.076978,450.076978,450.076978,450.076978,450.076978,12212000
2001-06-25,448.855065,448.855065,448.855065,448.855065,448.855065,8406800
2001-06-26,450.403534,450.403534,450.403534,450.403534,450.403534,8005800
2001-06-27,447.347136,447.347136,447.347136,447.347136,447.347136,10105100
2001-06-28,447.508603,447.508603,447.508603,447.508603,447.508603,10269300
2001-06-29,449.401729,449.401729,449.401729,449.401729,449.401729,9824200
2001-07-02,451.770436,451.770436,451.770436,451.770436,451.770436,8522200
2001-07-03,452.484976,452.484976,452.484976,452.484976,452.484976,3303100
2001-07-05,451.915599,451.915599,451.915599,451.915599,451.915599,5517900
2001-07-06,448.142064,448.142064,448.142064,448.142064,448.142064,11665900
2001-07-09,446.757327,446.757327,446.757327,446.757327,446.757327,8339300
2001-07-10,448.386309,448.386309,448.386309,448.386309,448.386309,8630700
2001-07-11,450.573661,450.573661,450.573661,450.573661,450.573661,15328600
2001-07-12,449.941527,449.941527,449.941527,449.941527,449.941527,12002800
2001-07-13,454.17598,454.17598,454.17598,454.17598,454.17598,10433800
2001-07-16,452.841389,452.841389,452.841389,452.841389,452.841389,6915300
2001-07-17,451.078107,451.078107,451.078107,451.078107,451.078107,7469800
2001-07-18,449.149354,449.149354,449.149354,449.149354,449.149354,7709300
2001-07-19,444.408963,444.408963,444.408963,444.408963,444.408963,10082900
2001-07-20,448.683266,448.683266,448.683266,448.683266,448.683266,6705800
2001-07-23,445.279425,445.279425,445.279425,445.279425,445.279425,8065200
2001-07-24,446.945374,446.945374,446.945374,446.945374,446.945374,12269000
2001-07-25,447.110404,447.110404,447.110404,447.110404,447.110404,12088500
2001-07-26,447.54334,447.54334,447.54334,447.54334,447.54334,12898200
2001-07-27,447.370727,447.370727,447.370727,447.370727,447.370727,8478800
2001-07-30,449.132623,449.132623,449.132623,449.132623,449.132623,8547700
2001-07-31,450.522998,450.522998,450.522998,450.522998,450.522998,11918100
2001-08-01,451.05931,451.05931,451.05931,451.05931,451.05931,11940800
2001-08-02,453.341186,453.341186,453.341186,453.341186,453.341186,11070100
2001-08-03,457.476643,457.476643,457.476643,457.476643,457.476643,10816300
2001-08-06,456.521009,456.521009,456.521009,456.521009,456.521009,8550100
2001-08-07,454.289482,454.289482,454.289482,454.289482,454.289482,8865100
2001-08-08,454.153753,454.153753,454.153753,454.153753,454.153753,15183800
2001-08-09,451.686462,451.686462,451.686462,451.686462,451.686462,14118500
2001-08-10,452.311975,452.311975,452.311975,452.311975,452.311975,11173300
2001-08-13,451.984684,451.984684,451.984684,451.984684,451.984684,7431600
2001-08-14,453.136594,453.136594,453.136594,453.136594,453.136594,13178100
2001-08-15,456.228075,456.228075,456.228075,456.228075,456.228075,8520600
2001-08-16,456.052344,456.052344,456.052344,456.052344,456.052344,10734700
2001-08-17,454.332833,454.332833,454.332833,454.332833,454.332833,11604600
2001-08-20,450.480839,450.480839,450.480839,450.480839,450.480839,10417400
2001-08-21,450.650938,450.650938,450.650938,450.650938,450.650938,14480800
2001-08-22,450.513611,450.513611,450.513611,450.513611,450.513611,11752300
2001-08-23,454.108678,454.108678,454.108678,454.108678,454.108678,8744100
2001-08-24,453.853263,453.853263,453.853263,453.853263,453.853263,11687700
2001-08-27,456.204556,456.204556,456.204556,456.204556,456.204556,7425100
2001-08-28,455.990499,455.990499,455.990499,455.990499,455.990499,12046600
2001-08-29,455.851538,455.851538,455.851538,455.851538,455.851538,16180000
2001-08-30,457.979746,457.979746,457.979746,457.979746,457.979746,17692600
2001-08-31,455.221321,455.221321,455.221321,455.221321,455.221321,15985400
2001-09-04,455.520101,455.520101,455.520101,455.520101,455.520101,24473400
2001-09-05,454.300218,454.300218,454.300218,454.300218,454.300218,21477100
2001-09-06,455.399109,455.399109,455.399109,455.399109,455.399109,21653000
2001-09-07,451.170792,451.170792,451.170792,451.170792,451.170792,33133900
2001-09-10,448.09398,448.09398,448.09398,448.09398,448.09398,23408700
2001-09-17,443.867645,443.867645,443.867645,443.867645,443.867645,32388700
2001-09-18,407.345612,407.345612,407.345612,407.345612,407.345612,22029200
2001-09-19,407.442268,407.442268,407.442268,407.442268,407.442268,42771800
2001-09-20,407.617637,407.617637,407.617637,407.617637,407.617637,36210900
2001-09-21,401.40062,401.40062,401.40062,401.40062,401.40062,49782100
2001-09-24,384.805418,384.805418,384.805418,384.805418,384.805418,25549600
2001-09-25,394.43733,394.43733,394.43733,394.43733,394.43733,25466200
2001-09-26,394.613717,394.613717,394.613717,394.613717,394.613717,18587500
2001-09-27,396.920685,396.920685,396.920685,396.920685,396.920685,20536800
2001-09-28,396.352745,396.352745,396.352745,396.352745,396.352745,21687200
2001-10-01,399.084743,399.084743,399.084743,399.084743,399.084743,20457400
2001-10-02,397.001136,397.001136,397.001136,397.001136,397.001136,19833100
2001-10-03,395.953204,395.953204,395.953204,395.953204,395.953204,32045800
2001-10-04,392.258858,392.258858,392.258858,392.258858,392.258858,32674100
2001-10-05,395.67374,395.67374,395.67374,395.67374,395.67374,29796100
2001-10-08,394.954335,394.954335,394.954335,394.954335,394.954335,12970300
2001-10-09,391.398681,391.398681,391.398681,391.398681,391.398681,15976300
2001-10-10,391.672949,391.672949,391.672949,391.672949,391.672949,19987400
2001-10-11,391.062095,391.062095,391.062095,391.062095,391.062095,23006300
2001-10-12,393.316944,393.316944,393.316944,393.316944,393.316944,31360500
2001-10-15,390.257887,390.257887,390.257887,390.257887,390.257887,16873000
2001-10-16,387.137961,387.137961,387.137961,387.137961,387.137961,15877100
2001-10-17,388.889617,388.889617,388.889617,388.889617,388.889617,28542300
2001-10-18,392.688495,392.688495,392.688495,392.688495,392.688495,16510000
2001-10-19,393.288921,393.288921,393.288921,393.288921,393.288921,21912500
2001-10-22,391.73183,391.73183,391.73183,391.73183,391.73183,17540600
2001-10-23,391.529269,391.529269,391.529269,391.529269,391.529269,22062500
2001-10-24,393.262112,393.262112,393.262112,393.262112,393.262112,16065200
2001-10-25,393.49542,393.49542,393.49542,393.49542,393.49542,27467900
2001-10-26,389.23772,389.23772,389.23772,389.23772,389.23772,18623300
2001-10-29,387.035655,387.035655,387.035655,387.035655,387.035655,18727500
2001-10-30,386.455112,386.455112,386.455112,386.455112,386.455112,26178600
2001-10-31,386.076376,386.076376,386.076376,386.076376,386.076376,28124200
2001-11-01,388.747991,388.747991,388.747991,388.747991,388.747991,29806800
2001-11-02,391.667538,391.667538,391.667538,391.667538,391.667538,17575900
2001-11-05,391.395109,391.395109,391.395109,391.395109,391.395109,15929500
2001-11-06,394.492697,394.492697,394.492697,394.492697,394.492697,23245800
2001-11-07,393.29653,393.29653,393.29653,393.29653,393.29653,19716000
2001-11-08,391.072365,391.072365,391.072365,391.072365,391.072365,22563500
2001-11-09,393.212828,393.212828,393.212828,393.212828,393.212828,15895800
2001-11-12,391.97103,391.97103,391.97103,391.97103,391.97103,26068800
2001-11-13,385.970513,385.970513,385.970513,385.970513,385.970513,15296200
2001-11-14,390.809124,390.809124,390.809124,390.809124,390.809124,17571300
2001-11-15,392.90472,392.90472,392.90472,392.90472,392.90472,19470200
2001-11-16,391.891323,391.891323,391.891323,391.891323,391.891323,18134900
2001-11-19,392.587815,392.587815,392.587815,392.587815,392.587815,13625400
2001-11-20,394.490887,394.490887,394.490887,394.490887,394.490887,16209700
2001-11-21,393.108363,393.108363,393.108363,393.108363,393.108363,11470200
2001-11-23,392.061025,392.061025,392.061025,392.061025,392.061025,6717100
2001-11-26,392.041822,392.041822,392.041822,392.041822,392.041822,13726000
2001-11-27,392.259571,392.259571,392.259571,392.259571,392.259571,19261400
2001-11-28,391.190835,391.190835,391.190835,391.190835,391.190835,20195500
2001-11-29,388.833102,388.833102,388.833102,388.833102,388.833102,16354700
2001-11-30,389.911293,389.911293,389.911293,389.911293,389.911293,13680300
2001-12-03,388.296324,388.296324,388.296324,388.296324,388.296324,15220400
2001-12-04,386.915068,386.915068,386.915068,386.915068,386.915068,17239900
2001-12-05,388.772842,388.772842,388.772842,388.772842,388.772842,25204000
2001-12-06,389.83242,389.83242,389.83242,389.83242,389.83242,17972900
2001-12-07,389.613945,389.613945,389.613945,389.613945,389.613945,18857800
2001-12-10,388.133561,388.133561,388.133561,388.133561,388.133561,13862700
2001-12-11,385.749724,385.749724,385.749724,385.749724,385.749724,20833300
2001-12-12,387.484027,387.484027,387.484027,387.484027,387.484027,16171500
2001-12-13,388.822481,388.822481,388.822481,388.822481,388.822481,19026700
2001-12-14,385.979233,385.979233,385.979233,385.979233,385.979233,16721900
2001-12-17,386.889674,386.889674,386.889674,386.889674,386.889674,13925900
2001-12-18,386.391852,386.391852,386.391852,386.391852,386.391852,13663700
2001-12-19,387.488104,387.488104,387.488104,387.488104,387.488104,20143400
2001-12-20,384.469685,384.469685,384.469685,384.469685,384.469685,14867900
2001-12-21,383.487462,383.487462,383.487462,383.487462,383.487462,14037700
2001-12-24,386.062517,386.062517,386.062517,386.062517,386.062517,5728800
2001-12-26,385.640136,385.640136,385.640136,385.640136,385.640136,10304800
2001-12-27,385.352391,385.352391,385.352391,385.352391,385.352391,9407300
2001-12-28,385.132658,385.132658,385.132658,385.132658,385.132658,10593800
2001-12-31,385.875961,385.875961,385.875961,385.875961,385.875961,14619500
2002-01-02,386.356184,386.356184,386.356184,386.356184,386.356184,18651900
2002-01-03,389.074697,389.074697,389.074697,389.074697,389.074697,15743000
2002-01-04,389.459341,389.459341,389.459341,389.459341,389.459341,20140700
2002-01-07,390.539723,390.539723,390.539723,390.539723,390.539723,13106500
2002-01-08,390.785697,390.785697,390.785697,390.785697,390.785697,12683700
2002-01-09,390.766423,390.766423,390.766423,390.766423,390.766423,16610300
2002-01-10,391.283094,391.283094,391.283094,391.283094,391.283094,12823400
2002-01-11,391.669989,391.669989,391.669989,391.669989,391.669989,13708400
2002-01-14,392.088921,392.088921,392.088921,392.088921,392.088921,12301100
2002-01-15,391.080292,391.080292,391.080292,391.080292,391.080292,20219900
2002-01-16,392.190531,392.190531,392.190531,392.190531,392.190531,17067000
2002-01-17,389.275651,389.275651,389.275651,389.275651,389.275651,17283400
2002-01-18,392.499393,392.499393,392.499393,392.499393,392.499393,17028000
2002-01-22,390.166797,390.166797,390.166797,390.166797,390.166797,11689300
2002-01-23,392.216193,392.216193,392.216193,392.216193,392.216193,12438900
2002-01-24,393.103947,393.103947,393.103947,393.103947,393.103947,12142800
2002-01-25,394.507875,394.507875,394.507875,394.507875,394.507875,12810700
2002-01-28,392.89014,392.89014,392.89014,392.89014,392.89014,10589200
2002-01-29,394.081442,394.081442,394.081442,394.081442,394.081442,27720800
2002-01-30,394.026852,394.026852,394.026852,394.026852,394.026852,34711800
2002-01-31,394.400352,394.400352,394.400352,394.400352,394.400352,19909200
2002-02-01,395.367721,395.367721,395.367721,395.367721,395.367721,15838500
2002-02-04,395.033511,395.033511,395.033511,395.033511,395.033511,24243400
2002-02-05,393.541208,393.541208,393.541208,393.541208,393.541208,33614000
2002-02-06,391.909379,391.909379,391.909379,391.909379,391.909379,29486000
2002-02-07,393.612909,393.612909,393.612909,393.612909,393.612909,23445400
2002-02-08,393.665551,393.665551,393.665551,393.665551,393.665551,19277800
2002-02-11,395.868891,395.868891,395.868891,395.868891,395.868891,18792400
2002-02-12,395.705527,395.705527,395.705527,395.705527,395.705527,13942500
2002-02-13,393.981174,393.981174,393.981174,393.981174,393.981174,16781100
2002-02-14,395.344363,395.344363,395.344363,395.344363,395.344363,20453800
2002-02-15,396.170083,396.170083,396.170083,396.170083,396.170083,18366800
2002-02-19,396.468552,396.468552,396.468552,396.468552,396.468552,15988100
2002-02-20,393.802934,393.802934,393.802934,393.802934,393.802934,29242800
2002-02-21,394.832804,394.832804,394.832804,394.832804,394.832804,26288600
2002-02-22,392.457238,392.457238,392.457238,392.457238,392.457238,26572900
2002-02-25,392.618567,392.618567,392.618567,392.618567,392.618567,17458700
2002-02-26,392.956737,392.956737,392.956737,392.956737,392.956737,22346500
2002-02-27,393.466485,393.466485,393.466485,393.466485,393.466485,28597900
2002-02-28,396.064278,396.064278,396.064278,396.064278,396.064278,23755400
2002-03-01,396.683245,396.683245,396.683245,396.683245,396.683245,26273600
2002-03-04,398.697774,398.697774,398.697774,398.697774,398.697774,27184600
2002-03-05,399.238064,399.238064,399.238064,399.238064,399.238064,22718900
2002-03-06,397.769968,397.769968,397.769968,397.769968,397.769968,20143200
2002-03-07,396.784411,396.784411,396.784411,396.784411,396.784411,19330800
2002-03-08,398.837734,398.837734,398.837734,398.837734,398.837734,19930100
2002-03-11,401.830662,401.830662,401.830662,401.830662,401.830662,15621800
2002-03-12,401.466981,401.466981,401.466981,401.466981,401.466981,17153600
2002-03-13,397.543333,397.543333,397.543333,397.543333,397.543333,17175300
2002-03-14,395.691223,395.691223,395.691223,395.691223,395.691223,11168100
2002-03-15,395.67148,395.67148,395.67148,395.67148,395.67148,21220100
2002-03-18,397.093284,397.093284,397.093284,397.093284,397.093284,17548900
2002-03-19,398.605415,398.605415,398.605415,398.605415,398.605415,17912000
2002-03-20,400.73807,400.73807,400.73807,400.73807,400.73807,17114500
2002-03-21,397.476441,397.476441,397.476441,397.476441,397.476441,25846800
2002-03-22,397.663736,397.663736,397.663736,397.663736,397.663736,15235400
2002-03-25,398.368073,398.368073,398.368073,398.368073,398.368073,17499600
2002-03-26,398.521207,398.521207,398.521207,398.521207,398.521207,19947600
2002-03-27,398.185758,398.185758,398.185758,398.185758,398.185758,19020300
2002-03-28,397.329364,397.329364,397.329364,397.329364,397.329364,17532900
2002-04-01,398.696397,398.696397,398.696397,398.696397,398.696397,17711000
2002-04-02,397.667123,397.667123,397.667123,397.667123,397.667123,15669500
2002-04-03,395.599349,395.599349,395.599349,395.599349,395.599349,25658500
2002-04-04,395.822644,395.822644,395.822644,395.822644,395.822644,23549000
2002-04-05,393.913604,393.913604,393.913604,393.913604,393.913604,19404900
2002-04-08,395.71203,395.71203,395.71203,395.71203,395.71203,16470100
2002-04-09,390.881971,390.881971,390.881971,390.881971,390.881971,15122700
2002-04-10,391.727583,391.727583,391.727583,391.727583,391.727583,17199300
2002-04-11,391.567829,391.567829,391.567829,391.567829,391.567829,25453700
2002-04-12,389.753181,389.753181,389.753181,389.753181,389.753181,14950600
2002-04-15,391.249055,391.249055,391.249055,391.249055,391.249055,17394900
2002-04-16,391.931563,391.931563,391.931563,391.931563,391.931563,15040900
2002-04-17,395.917507,395.917507,395.917507,395.917507,395.917507,12920100
2002-04-18,396.561945,396.561945,396.561945,396.561945,396.561945,25204800
2002-04-19,396.331689,396.331689,396.331689,396.331689,396.331689,10499200
2002-04-22,398.884261,398.884261,398.884261,398.884261,398.884261,13922900
2002-04-23,397.097531,397.097531,397.097531,397.097531,397.097531,16967000
2002-04-24,397.39966,397.39966,397.39966,397.39966,397.39966,18902700
2002-04-25,397.523505,397.523505,397.523505,397.523505,397.523505,25451500
2002-04-26,396.777064,396.777064,396.777064,396.777064,396.777064,19769800
2002-04-29,397.917148,397.917148,397.917148,397.917148,397.917148,17724400
2002-04-30,399.89782,399.89782,399.89782,399.89782,399.89782,19473500
2002-05-01,400.476349,400.476349,400.476349,400.476349,400.476349,24575600
2002-05-02,400.865076,400.865076,400.865076,400.865076,400.865076,15666800
2002-05-03,400.551417,400.551417,400.551417,400.551417,400.551417,18185500
2002-05-06,399.942161,399.942161,399.942161,399.942161,399.942161,23630400
2002-05-07,400.144724,400.144724,400.144724,400.144724,400.144724,21910000
2002-05-08,402.515125,402.515125,402.515125,402.515125,402.515125,27917400
2002-05-09,409.963016,409.963016,409.963016,409.963016,409.963016,18085600
2002-05-10,408.58842,408.58842,408.58842,408.58842,408.58842,18958900
2002-05-13,409.401985,409.401985,409.401985,409.401985,409.401985,14677700
2002-05-14,411.31802,411.31802,411.31802,411.31802,411.31802,34201200
2002-05-15,417.970205,417.970205,417.970205,417.970205,417.970205,29535300
2002-05-16,415.218797,415.218797,415.218797,415.218797,415.218797,28092000
2002-05-17,414.857751,414.857751,414.857751,414.857751,414.857751,27823700
2002-05-20,415.96473,415.96473,415.96473,415.96473,415.96473,13833800
2002-05-21,414.968554,414.968554,414.968554,414.968554,414.968554,16877200
2002-05-22,416.498873,416.498873,416.498873,416.498873,416.498873,15844200
2002-05-23,414.639234,414.639234,414.639234,414.639234,414.639234,13879800
2002-05-24,415.835588,415.835588,415.835588,415.835588,415.835588,11877000
2002-05-28,415.36231,415.36231,415.36231,415.36231,415.36231,24236900
2002-05-29,416.716928,416.716928,416.716928,416.716928,416.716928,14773300
2002-05-30,414.845876,414.845876,414.845876,414.845876,414.845876,18217900
2002-05-31,411.925855,411.925855,411.925855,411.925855,411.925855,19826300
2002-06-03,413.445151,413.445151,413.445151,413.445151,413.445151,26056300
2002-06-04,412.922843,412.922843,412.922843,412.922843,412.922843,25856200
2002-06-05,412.031753,412.031753,412.031753,412.031753,412.031753,19695900
2002-06-06,413.271408,413.271408,413.271408,413.271408,413.271408,22998500
2002-06-07,412.976479,412.976479,412.976479,412.976479,412.976479,24011600
2002-06-10,406.250042,406.250042,406.250042,406.250042,406.250042,18759900
2002-06-11,405.836909,405.836909,405.836909,405.836909,405.836909,19990700
2002-06-12,407.342129,407.342129,407.342129,407.342129,407.342129,31266000
2002-06-13,406.323377,406.323377,406.323377,406.323377,406.323377,21043900
2002-06-14,404.52025,404.52025,404.52025,404.52025,404.52025,39267500
2002-06-17,399.561213,399.561213,399.561213,399.561213,399.561213,17647200
2002-06-18,401.589983,401.589983,401.589983,401.589983,401.589983,21628500
2002-06-19,400.104525,400.104525,400.104525,400.104525,400.104525,21540700
2002-06-20,394.481637,394.481637,394.481637,394.481637,394.481637,25691000
2002-06-21,393.461571,393.461571,393.461571,393.461571,393.461571,31190700
2002-06-24,391.932065,391.932065,391.932065,391.932065,391.932065,37169700
2002-06-25,389.267605,389.267605,389.267605,389.267605,389.267605,33355000
2002-06-26,391.198074,391.198074,391.198074,391.198074,391.198074,37913600
2002-06-27,381.716042,381.716042,381.716042,381.716042,381.716042,31616400
2002-06-28,384.743588,384.743588,384.743588,384.743588,384.743588,28184200
2002-07-01,383.989375,383.989375,383.989375,383.989375,383.989375,20270200
2002-07-02,384.823769,384.823769,384.823769,384.823769,384.823769,34213900
2002-07-03,384.130319,384.130319,384.130319,384.130319,384.130319,30565800
2002-07-05,382.695464,382.695464,382.695464,382.695464,382.695464,19013500
2002-07-08,387.764971,387.764971,387.764971,387.764971,387.764971,19118600
2002-07-09,386.457011,386.457011,386.457011,386.457011,386.457011,28620400
2002-07-10,385.097979,385.097979,385.097979,385.097979,385.097979,50522500
2002-07-11,386.690237,386.690237,386.690237,386.690237,386.690237,59476500
2002-07-12,385.159552,385.159552,385.159552,385.159552,385.159552,39018600
2002-07-15,387.047922,387.047922,387.047922,387.047922,387.047922,77317200
2002-07-16,386.143435,386.143435,386.143435,386.143435,386.143435,53282400
2002-07-17,381.022563,381.022563,381.022563,381.022563,381.022563,48880600
2002-07-18,388.997383,388.997383,388.997383,388.997383,388.997383,32656700
2002-07-19,388.806719,388.806719,388.806719,388.806719,388.806719,77572600
2002-07-22,384.181678,384.181678,384.181678,384.181678,384.181678,78134000
2002-07-23,381.396247,381.396247,381.396247,381.396247,381.396247,74484100
2002-07-24,383.001198,383.001198,383.001198,383.001198,383.001198,107022800
2002-07-25,374.263781,374.263781,374.263781,374.263781,374.263781,87176600
2002-07-26,372.257076,372.257076,372.257076,372.257076,372.257076,41206800
2002-07-29,375.118751,375.118751,375.118751,375.118751,375.118751,53492900
2002-07-30,383.426061,383.426061,383.426061,383.426061,383.426061,47532200
2002-07-31,381.484924,381.484924,381.484924,381.484924,381.484924,44669900
2002-08-01,379.578332,379.578332,379.578332,379.578332,379.578332,66571900
2002-08-02,378.39367,378.39367,378.39367,378.39367,378.39367,51772900
2002-08-05,377.180877,377.180877,377.180877,377.180877,377.180877,47191300
2002-08-06,375.858086,375.858086,375.858086,375.858086,375.858086,64730000
2002-08-07,382.389749,382.389749,382.389749,382.389749,382.389749,43289400
2002-08-08,388.023404,388.023404,388.023404,388.023404,388.023404,48339800
2002-08-09,389.412973,389.412973,389.412973,389.412973,389.412973,41879200
2002-08-12,385.75476,385.75476,385.75476,385.75476,385.75476,25841700
2002-08-13,380.242532,380.242532,380.242532,380.242532,380.242532,49690500
2002-08-14,378.251421,378.251421,378.251421,378.251421,378.251421,57423600
2002-08-15,378.445017,378.445017,378.445017,378.445017,378.445017,45551500
2002-08-16,380.970302,380.970302,380.970302,380.970302,380.970302,36517300
2002-08-19,378.180752,378.180752,378.180752,378.180752,378.180752,33669900
2002-08-20,379.135169,379.135169,379.135169,379.135169,379.135169,30508300
2002-08-21,376.810946,376.810946,376.810946,376.810946,376.810946,39628900
2002-08-22,379.467114,379.467114,379.467114,379.467114,379.467114,38399800
2002-08-23,378.417725,378.417725,378.417725,378.417725,378.417725,33716400
2002-08-26,375.7765,375.7765,375.7765,375.7765,375.7765,33830100
2002-08-27,376.988713,376.988713,376.988713,376.988713,376.988713,35335700
2002-08-28,378.711219,378.711219,378.711219,378.711219,378.711219,38970600
2002-08-29,375.15308,375.15308,375.15308,375.15308,375.15308,42965700
2002-08-30,371.754162,371.754162,371.754162,371.754162,371.754162,30366700
2002-09-03,369.879342,369.879342,369.879342,369.879342,369.879342,76586400
2002-09-04,365.629195,365.629195,365.629195,365.629195,365.629195,51099500
2002-09-05,366.978326,366.978326,366.978326,366.978326,366.978326,67250900
2002-09-06,362.656748,362.656748,362.656748,362.656748,362.656748,38622200
2002-09-09,366.600304,366.600304,366.600304,366.600304,366.600304,33998400
2002-09-10,362.916432,362.916432,362.916432,362.916432,362.916432,41416600
2002-09-11,364.819637,364.819637,364.819637,364.819637,364.819637,27711200
2002-09-12,367.864431,367.864431,367.864431,367.864431,367.864431,43601700
2002-09-13,366.312485,366.312485,366.312485,366.312485,366.312485,41131000
2002-09-16,363.182092,363.182092,363.182092,363.182092,363.182092,28167600
2002-09-17,361.706023,361.706023,361.706023,361.706023,361.706023,47609700
2002-09-18,365.710957,365.710957,365.710957,365.710957,365.710957,54719400
2002-09-19,362.278744,362.278744,362.278744,362.278744,362.278744,48510500
2002-09-20,358.261109,358.261109,358.261109,358.261109,358.261109,46325600
2002-09-23,360.783465,360.783465,360.783465,360.783465,360.783465,46893800
2002-09-24,357.771608,357.771608,357.771608,357.771608,357.771608,69507000
2002-09-25,352.53651,352.53651,352.53651,352.53651,352.53651,59294400
2002-09-26,357.058734,357.058734,357.058734,357.058734,357.058734,53638000
2002-09-27,359.877369,359.877369,359.877369,359.877369,359.877369,64648300
2002-09-30,356.794977,356.794977,356.794977,356.794977,356.794977,73096400
2002-10-01,353.543169,353.543169,353.543169,353.543169,353.543169,67198100
2002-10-02,356.291547,356.291547,356.291547,356.291547,356.291547,56749100
2002-10-03,351.993303,351.993303,351.993303,351.993303,351.993303,55547000
2002-10-04,351.933078,351.933078,351.933078,351.933078,351.933078,68483700
2002-10-07,354.010487,354.010487,354.010487,354.010487,354.010487,53188000
2002-10-08,350.750959,350.750959,350.750959,350.750959,350.750959,79531000
2002-10-09,353.747655,353.747655,353.747655,353.747655,353.747655,79956400
2002-10-10,348.09632,348.09632,348.09632,348.09632,348.09632,76749000
2002-10-11,347.365493,347.365493,347.365493,347.365493,347.365493,82308300
2002-10-14,353.680597,353.680597,353.680597,353.680597,353.680597,40631900
2002-10-15,349.628791,349.628791,349.628791,349.628791,349.628791,82320300
2002-10-16,359.360616,359.360616,359.360616,359.360616,359.360616,62977800
2002-10-17,354.117221,354.117221,354.117221,354.117221,354.117221,68534100
2002-10-18,363.590991,363.590991,363.590991,363.590991,363.590991,47448700
2002-10-21,361.019339,361.019339,361.019339,361.019339,361.019339,45859100
2002-10-22,358.883075,358.883075,358.883075,358.883075,358.883075,40966800
2002-10-23,354.407563,354.407563,354.407563,354.407563,354.407563,54905800
2002-10-24,351.420577,351.420577,351.420577,351.420577,351.420577,54987400
2002-10-25,353.545917,353.545917,353.545917,353.545917,353.545917,43672100
2002-10-28,352.92788,352.92788,352.92788,352.92788,352.92788,39416100
2002-10-29,356.627659,356.627659,356.627659,356.627659,356.627659,59508200
2002-10-30,354.500723,354.500723,354.500723,354.500723,354.500723,41688600
2002-10-31,354.92312,354.92312,354.92312,354.92312,354.92312,41620600
2002-11-01,355.818352,355.818352,355.818352,355.818352,355.818352,51878900
2002-11-04,355.116705,355.116705,355.116705,355.116705,355.116705,49080600
2002-11-05,361.11745,361.11745,361.11745,361.11745,361.11745,37270800
2002-11-06,359.950514,359.950514,359.950514,359.950514,359.950514,65013100
2002-11-07,362.40158,362.40158,362.40158,362.40158,362.40158,51572000
2002-11-08,358.410513,358.410513,358.410513,358.410513,358.410513,37905400
2002-11-11,357.484314,357.484314,357.484314,357.484314,357.484314,33505100
2002-11-12,356.908267,356.908267,356.908267,356.908267,356.908267,37724500
2002-11-13,358.507896,358.507896,358.507896,358.507896,358.507896,63891500
2002-11-14,355.910627,355.910627,355.910627,355.910627,355.910627,31896800
2002-11-15,359.969866,359.969866,359.969866,359.969866,359.969866,39152100
2002-11-18,357.055459,357.055459,357.055459,357.055459,357.055459,28934800
2002-11-19,359.966841,359.966841,359.966841,359.966841,359.966841,32806600
2002-11-20,358.119436,358.119436,358.119436,358.119436,358.119436,36688400
2002-11-21,356.595312,356.595312,356.595312,356.595312,356.595312,55128200
2002-11-22,357.4657,357.4657,357.4657,357.4657,357.4657,32513800
2002-11-25,355.130131,355.130131,355.130131,355.130131,355.130131,33846400
2002-11-26,355.150406,355.150406,355.150406,355.150406,355.150406,42284700
2002-11-27,353.575276,353.575276,353.575276,353.575276,353.575276,37764000
2002-11-29,356.718813,356.718813,356.718813,356.718813,356.718813,19385700
2002-12-02,358.66885,358.66885,358.66885,358.66885,358.66885,49911900
2002-12-03,364.336873,364.336873,364.336873,364.336873,364.336873,34407700
2002-12-04,360.912921,360.912921,360.912921,360.912921,360.912921,64040800
2002-12-05,356.620119,356.620119,356.620119,356.620119,356.620119,36724900
2002-12-06,357.682592,357.682592,357.682592,357.682592,357.682592,49824100
2002-12-09,352.53972,352.53972,352.53972,352.53972,352.53972,36789600
2002-12-10,348.84509,348.84509,348.84509,348.84509,348.84509,33319900
2002-12-11,350.854138,350.854138,350.854138,350.854138,350.854138,39201000
2002-12-12,349.753751,349.753751,349.753751,349.753751,349.753751,34465600
2002-12-13,351.35424,351.35424,351.35424,351.35424,351.35424,36862200
2002-12-16,348.008179,348.008179,348.008179,348.008179,348.008179,37098400
2002-12-17,349.860273,349.860273,349.860273,349.860273,349.860273,32353900
2002-12-18,348.773527,348.773527,348.773527,348.773527,348.773527,35612600
2002-12-19,346.721479,346.721479,346.721479,346.721479,346.721479,39264200
2002-12-20,344.967352,344.967352,344.967352,344.967352,344.967352,31176900
2002-12-23,346.80041,346.80041,346.80041,346.80041,346.80041,22599300
2002-12-24,345.241971,345.241971,345.241971,345.241971,345.241971,10937000
2002-12-26,343.575565,343.575565,343.575565,343.575565,343.575565,17485600
2002-12-27,344.904411,344.904411,344.904411,344.904411,344.904411,22205700
2002-12-30,343.227812,343.227812,343.227812,343.227812,343.227812,29968000
2002-12-31,344.820625,344.820625,344.820625,344.820625,344.820625,34036600
2003-01-02,344.333929,344.333929,344.333929,344.333929,344.333929,44516300
2003-01-03,346.736479,346.736479,346.736479,346.736479,346.736479,32222600
2003-01-06,346.109934,346.109934,346.109934,346.109934,346.109934,40984500
2003-01-07,345.676106,345.676106,345.676106,345.676106,345.676106,38640400
2003-01-08,345.435362,345.435362,345.435362,345.435362,345.435362,38702200
2003-01-09,343.444215,343.444215,343.444215,343.444215,343.444215,34804900
2003-01-10,345.042436,345.042436,345.042436,345.042436,345.042436,37768900
2003-01-13,341.828287,341.828287,341.828287,341.828287,341.828287,31649900
2003-01-14,343.574494,343.574494,343.574494,343.574494,343.574494,30733000
2003-01-15,342.30148,342.30148,342.30148,342.30148,342.30148,33511800
2003-01-16,343.054322,343.054322,343.054322,343.054322,343.054322,44812100
2003-01-17,343.408747,343.408747,343.408747,343.408747,343.408747,35618300
2003-01-21,339.547884,339.547884,339.547884,339.547884,339.547884,36826200
2003-01-22,340.317184,340.317184,340.317184,340.317184,340.317184,42286500
2003-01-23,338.469881,338.469881,338.469881,338.469881,338.469881,55919800
2003-01-24,340.679421,340.679421,340.679421,340.679421,340.679421,68633900
2003-01-27,340.201653,340.201653,340.201653,340.201653,340.201653,57884400
2003-01-28,337.62497,337.62497,337.62497,337.62497,337.62497,46929100
2003-01-29,339.311836,339.311836,339.311836,339.311836,339.311836,53712200
2003-01-30,337.674382,337.674382,337.674382,337.674382,337.674382,49845900
2003-01-31,338.867915,338.867915,338.867915,338.867915,338.867915,55317000
2003-02-03,337.726679,337.726679,337.726679,337.726679,337.726679,39696000
2003-02-04,338.024028,338.024028,338.024028,338.024028,338.024028,43633400
2003-02-05,334.400557,334.400557,334.400557,334.400557,334.400557,55270600
2003-02-06,335.833377,335.833377,335.833377,335.833377,335.833377,53638000
2003-02-07,333.916774,333.916774,333.916774,333.916774,333.916774,43165000
2003-02-10,335.718897,335.718897,335.718897,335.718897,335.718897,45455900
2003-02-11,335.862682,335.862682,335.862682,335.862682,335.862682,46861000
2003-02-12,337.285366,337.285366,337.285366,337.285366,337.285366,35873600
2003-02-13,336.17733,336.17733,336.17733,336.17733,336.17733,57934100
2003-02-14,336.36483,336.36483,336.36483,336.36483,336.36483,59580900
2003-02-18,336.429465,336.429465,336.429465,336.429465,336.429465,39492700
2003-02-19,337.931988,337.931988,337.931988,337.931988,337.931988,31432000
2003-02-20,336.691516,336.691516,336.691516,336.691516,336.691516,29280100
2003-02-21,336.793535,336.793535,336.793535,336.793535,336.793535,60955800
2003-02-24,336.976095,336.976095,336.976095,336.976095,336.976095,30628600
2003-02-25,335.971034,335.971034,335.971034,335.971034,335.971034,56770600
2003-02-26,332.546086,332.546086,332.546086,332.546086,332.546086,37787200
2003-02-27,330.757979,330.757979,330.757979,330.757979,330.757979,51126000
2003-02-28,332.569107,332.569107,332.569107,332.569107,332.569107,43666800
2003-03-03,333.065546,333.065546,333.065546,333.065546,333.065546,42923100
2003-03-04,334.46104,334.46104,334.46104,334.46104,334.46104,31440500
2003-03-05,333.887288,333.887288,333.887288,333.887288,333.887288,43974700
2003-03-06,333.305577,333.305577,333.305577,333.305577,333.305577,41217700
2003-03-07,330.972623,330.972623,330.972623,330.972623,330.972623,63538000
2003-03-10,326.396466,326.396466,326.396466,326.396466,326.396466,41014100
2003-03-11,323.559959,323.559959,323.559959,323.559959,323.559959,48102700
2003-03-12,324.180814,324.180814,324.180814,324.180814,324.180814,62459800
2003-03-13,323.600416,323.600416,323.600416,323.600416,323.600416,72117800
2003-03-14,328.055154,328.055154,328.055154,328.055154,328.055154,63951800
2003-03-17,329.368769,329.368769,329.368769,329.368769,329.368769,88217500
2003-03-18,326.729477,326.729477,326.729477,326.729477,326.729477,50792300
2003-03-19,328.106436,328.106436,328.106436,328.106436,328.106436,49630800
2003-03-20,328.051972,328.051972,328.051972,328.051972,328.051972,67321600
2003-03-21,325.686187,325.686187,325.686187,325.686187,325.686187,71165300
2003-03-24,329.394307,329.394307,329.394307,329.394307,329.394307,65398900
2003-03-25,323.317,323.317,323.317,323.317,323.317,61040100
2003-03-26,323.487321,323.487321,323.487321,323.487321,323.487321,45740800
2003-03-27,323.61899,323.61899,323.61899,323.61899,323.61899,53120200
2003-03-28,321.0759,321.0759,321.0759,321.0759,321.0759,32583000
2003-03-31,318.554737,318.554737,318.554737,318.554737,318.554737,61119500
2003-04-01,313.542489,313.542489,313.542489,313.542489,313.542489,53574000
2003-04-02,315.413631,315.413631,315.413631,315.413631,315.413631,50431200
2003-04-03,320.896362,320.896362,320.896362,320.896362,320.896362,48755500
2003-04-04,323.611474,323.611474,323.611474,323.611474,323.611474,36250100
2003-04-07,326.289253,326.289253,326.289253,326.289253,326.289253,69776200
2003-04-08,334.112944,334.112944,334.112944,334.112944,334.112944,39712700
2003-04-09,335.044994,335.044994,335.044994,335.044994,335.044994,55647300
2003-04-10,335.674339,335.674339,335.674339,335.674339,335.674339,41812400
2003-04-11,335.889171,335.889171,335.889171,335.889171,335.889171,47730100
2003-04-14,338.366987,338.366987,338.366987,338.366987,338.366987,36711700
2003-04-15,339.59204,339.59204,339.59204,339.59204,339.59204,49709800
2003-04-16,339.155145,339.155145,339.155145,339.155145,339.155145,51788000
2003-04-17,339.629613,339.629613,339.629613,339.629613,339.629613,37403100
2003-04-21,339.805269,339.805269,339.805269,339.805269,339.805269,32052700
2003-04-22,340.926073,340.926073,340.926073,340.926073,340.926073,59763600
2003-04-23,338.817467,338.817467,338.817467,338.817467,338.817467,44227100
2003-04-24,339.83946,339.83946,339.83946,339.83946,339.83946,49692400
2003-04-25,337.42599,337.42599,337.42599,337.42599,337.42599,43917200
2003-04-28,337.187669,337.187669,337.187669,337.187669,337.187669,46432900
2003-04-29,337.955621,337.955621,337.955621,337.955621,337.955621,52017100
2003-04-30,339.227246,339.227246,339.227246,339.227246,339.227246,48709100
2003-05-01,338.473856,338.473856,338.473856,338.473856,338.473856,50240400
2003-05-02,338.493425,338.493425,338.493425,338.493425,338.493425,50201500
2003-05-05,337.224462,337.224462,337.224462,337.224462,337.224462,35437800
2003-05-06,338.147857,338.147857,338.147857,338.147857,338.147857,44401000
2003-05-07,338.167289,338.167289,338.167289,338.167289,338.167289,41413100
2003-05-08,336.386147,336.386147,336.386147,336.386147,336.386147,40570700
2003-05-09,333.236046,333.236046,333.236046,333.236046,333.236046,33608100
2003-05-12,334.588813,334.588813,334.588813,334.588813,334.588813,35662300
2003-05-13,333.751056,333.751056,333.751056,333.751056,333.751056,39253600
2003-05-14,332.503243,332.503243,332.503243,332.503243,332.503243,32195100
2003-05-15,333.820737,333.820737,333.820737,333.820737,333.820737,43879200
2003-05-16,335.146423,335.146423,335.146423,335.146423,335.146423,38905000
2003-05-19,334.354379,334.354379,334.354379,334.354379,334.354379,41606000
2003-05-20,331.800187,331.800187,331.800187,331.800187,331.800187,55404600
2003-05-21,332.392251,332.392251,332.392251,332.392251,332.392251,49333800
2003-05-22,331.117572,331.117572,331.117572,331.117572,331.117572,38421800
2003-05-23,332.172764,332.172764,332.172764,332.172764,332.172764,26155900
2003-05-27,332.014285,332.014285,332.014285,332.014285,332.014285,43719200
2003-05-28,330.368795,330.368795,330.368795,330.368795,330.368795,37727100
2003-05-29,331.910516,331.910516,331.910516,331.910516,331.910516,50844200
2003-05-30,332.622566,332.622566,332.622566,332.622566,332.622566,52529500
2003-06-02,334.279276,334.279276,334.279276,334.279276,334.279276,50305500
2003-06-03,336.26208,336.26208,336.26208,336.26208,336.26208,38254500
2003-06-04,335.554801,335.554801,335.554801,335.554801,335.554801,49360700
2003-06-05,335.22872,335.22872,335.22872,335.22872,335.22872,46262400
2003-06-06,333.251232,333.251232,333.251232,333.251232,333.251232,60356800
2003-06-09,335.742586,335.742586,335.742586,335.742586,335.742586,37808500
2003-06-10,334.068651,334.068651,334.068651,334.068651,334.068651,29965900
2003-06-11,334.76599,334.76599,334.76599,334.76599,334.76599,37610200
2003-06-12,334.445714,334.445714,334.445714,334.445714,334.445714,36442000
2003-06-13,335.929581,335.929581,335.929581,335.929581,335.929581,48628300
2003-06-16,335.912772,335.912772,335.912772,335.912772,335.912772,36326300
2003-06-17,337.245522,337.245522,337.245522,337.245522,337.245522,36801800
2003-06-18,338.588721,338.588721,338.588721,338.588721,338.588721,35521000
2003-06-19,337.33937,337.33937,337.33937,337.33937,337.33937,43551700
2003-06-20,337.555205,337.555205,337.555205,337.555205,337.555205,41545000
2003-06-23,340.010348,340.010348,340.010348,340.010348,340.010348,34237500
2003-06-24,340.027982,340.027982,340.027982,340.027982,340.027982,36213600
2003-06-25,339.319803,339.319803,339.319803,339.319803,339.319803,47743400
2003-06-26,339.337229,339.337229,339.337229,339.337229,339.337229,33477300
2003-06-27,340.190055,340.190055,340.190055,340.190055,340.190055,54208800
2003-06-30,340.000677,340.000677,340.000677,340.000677,340.000677,33349000
2003-07-01,341.93317,341.93317,341.93317,341.93317,341.93317,51322800
2003-07-02,340.585729,340.585729,340.585729,340.585729,340.585729,34662100
2003-07-03,341.39771,341.39771,341.39771,341.39771,341.39771,30792800
2003-07-07,338.98572,338.98572,338.98572,338.98572,338.98572,31391100
2003-07-08,342.092477,342.092477,342.092477,342.092477,342.092477,30952500
2003-07-09,341.396468,341.396468,341.396468,341.396468,341.396468,36528500
2003-07-10,340.603048,340.603048,340.603048,340.603048,340.603048,49777700
2003-07-11,338.080023,338.080023,338.080023,338.080023,338.080023,39976300
2003-07-14,338.369686,338.369686,338.369686,338.369686,338.369686,42114900
2003-07-15,341.592851,341.592851,341.592851,341.592851,341.592851,42573600
2003-07-16,343.780028,343.780028,343.780028,343.780028,343.780028,39894200
2003-07-17,344.788939,344.788939,344.788939,344.788939,344.788939,52253500
2003-07-18,342.114654,342.114654,342.114654,342.114654,342.114654,35698100
2003-07-21,343.90397,343.90397,343.90397,343.90397,343.90397,34786000
2003-07-22,343.67911,343.67911,343.67911,343.67911,343.67911,49968300
2003-07-23,345.09589,345.09589,345.09589,345.09589,345.09589,37275400
2003-07-24,345.217547,345.217547,345.217547,345.217547,345.217547,40896200
2003-07-25,347.809338,347.809338,347.809338,347.809338,347.809338,43241100
2003-07-28,348.392086,348.392086,348.392086,348.392086,348.392086,34382800
2003-07-29,348.86121,348.86121,348.86121,348.86121,348.86121,53472100
2003-07-30,349.822271,349.822271,349.822271,349.822271,349.822271,28363300
2003-07-31,350.508339,350.508339,350.508339,350.508339,350.508339,54937200
2003-08-01,353.389268,353.389268,353.389268,353.389268,353.389268,49321000
2003-08-04,352.660413,352.660413,352.660413,352.660413,352.660413,55214100
2003-08-05,351.926826,351.926826,351.926826,351.926826,351.926826,61415600
2003-08-06,351.55195,351.55195,351.55195,351.55195,351.55195,50096900
2003-08-07,352.519227,352.519227,352.519227,352.519227,352.519227,43427400
2003-08-08,353.191744,353.191744,353.191744,353.191744,353.191744,27357300
2003-08-11,354.327265,354.327265,354.327265,354.327265,354.327265,34631400
2003-08-12,354.23751,354.23751,354.23751,354.23751,354.23751,43285600
2003-08-13,354.435729,354.435729,354.435729,354.435729,354.435729,36152000
2003-08-14,355.378674,355.378674,355.378674,355.378674,355.378674,35525100
2003-08-15,355.5765,355.5765,355.5765,355.5765,355.5765,12567000
2003-08-18,355.737729,355.737729,355.737729,355.737729,355.737729,22873800
2003-08-19,356.826601,356.826601,356.826601,356.826601,356.826601,37437700
2003-08-20,357.554733,357.554733,357.554733,357.554733,357.554733,21295300
2003-08-21,355.515985,355.515985,355.515985,355.515985,355.515985,46494200
2003-08-22,357.621829,357.621829,357.621829,357.621829,357.621829,52040300
2003-08-25,361.081441,361.081441,361.081441,361.081441,361.081441,23473000
2003-08-26,360.846619,360.846619,360.846619,360.846619,360.846619,45065800
2003-08-27,359.275589,359.275589,359.275589,359.275589,359.275589,18919500
2003-08-28,359.042888,359.042888,359.042888,359.042888,359.042888,27402400
2003-08-29,359.956537,359.956537,359.956537,359.956537,359.956537,28706600
2003-09-02,359.402761,359.402761,359.402761,359.402761,359.402761,49419100
2003-09-03,360.09347,360.09347,360.09347,360.09347,360.09347,44912400
2003-09-04,360.881002,360.881002,360.881002,360.881002,360.881002,28381000
2003-09-05,359.955094,359.955094,359.955094,359.955094,359.955094,31637300
2003-09-08,358.301409,358.301409,358.301409,358.301409,358.301409,32632800
2003-09-09,359.015251,359.015251,359.015251,359.015251,359.015251,35053200
2003-09-10,357.923855,357.923855,357.923855,357.923855,357.923855,45904900
2003-09-11,356.272868,356.272868,356.272868,356.272868,356.272868,38396300
2003-09-12,356.744029,356.744029,356.744029,356.744029,356.744029,42524800
2003-09-15,355.505632,355.505632,355.505632,355.505632,355.505632,21312800
2003-09-16,355.730344,355.730344,355.730344,355.730344,355.730344,37892600
2003-09-17,356.200266,356.200266,356.200266,356.200266,356.200266,31885800
2003-09-18,355.839061,355.839061,355.839061,355.839061,355.839061,30243600
2003-09-19,355.890231,355.890231,355.890231,355.890231,355.890231,34331600
2003-09-22,356.111283,356.111283,356.111283,356.111283,356.111283,36677400
2003-09-23,353.276633,353.276633,353.276633,353.276633,353.276633,32489200
2003-09-24,353.396757,353.396757,353.396757,353.396757,353.396757,41694700
2003-09-25,353.997133,353.997133,353.997133,353.997133,353.997133,52673100
2003-09-26,355.02998,355.02998,355.02998,355.02998,355.02998,42914700
2003-09-29,355.577917,355.577917,355.577917,355.577917,355.577917,36771600
2003-09-30,356.805784,356.805784,356.805784,356.805784,356.805784,70764500
2003-10-01,355.196632,355.196632,355.196632,355.196632,355.196632,65797600
2003-10-02,356.209852,356.209852,356.209852,356.209852,356.209852,44591500
2003-10-03,355.668531,355.668531,355.668531,355.668531,355.668531,48806900
2003-10-06,359.886259,359.886259,359.886259,359.886259,359.886259,20226500
2003-10-07,360.180903,360.180903,360.180903,360.180903,360.180903,42602900
2003-10-08,358.082804,358.082804,358.082804,358.082804,358.082804,30920800
2003-10-09,358.304958,358.304958,358.304958,358.304958,358.304958,40066500
2003-10-10,361.319159,361.319159,361.319159,361.319159,361.319159,22682800
2003-10-13,361.265906,361.265906,361.265906,361.265906,361.265906,23825600
2003-10-14,361.731688,361.731688,361.731688,361.731688,361.731688,38484400
2003-10-15,361.368675,361.368675,361.368675,361.368675,361.368675,39021700
2003-10-16,363.375913,363.375913,363.375913,363.375913,363.375913,32772200
2003-10-17,362.285031,362.285031,362.285031,362.285031,362.285031,32790300
2003-10-20,362.473236,362.473236,362.473236,362.473236,362.473236,27657000
2003-10-21,363.115633,363.115633,363.115633,363.115633,363.115633,26729100
2003-10-22,362.336549,362.336549,362.336549,362.336549,362.336549,33914500
2003-10-23,359.450814,359.450814,359.450814,359.450814,359.450814,45830500
2003-10-24,357.176433,357.176433,357.176433,357.176433,357.176433,51723600
2003-10-27,355.361736,355.361736,355.361736,355.361736,355.361736,32460200
2003-10-28,355.892613,355.892613,355.892613,355.892613,355.892613,34956200
2003-10-29,357.076982,357.076982,357.076982,357.076982,357.076982,30955400
2003-10-30,356.141035,356.141035,356.141035,356.141035,356.141035,39123100
2003-10-31,358.188726,358.188726,358.188726,358.188726,358.188726,25761600
2003-11-03,358.170803,358.170803,358.170803,358.170803,358.170803,37589300
2003-11-04,359.683499,359.683499,359.683499,359.683499,359.683499,31421600
2003-11-05,359.665331,359.665331,359.665331,359.665331,359.665331,33558800
2003-11-06,358.729093,358.729093,358.729093,358.729093,358.729093,28392300
2003-11-07,357.898131,357.898131,357.898131,357.898131,357.898131,31723200
2003-11-10,358.687437,358.687437,358.687437,358.687437,358.687437,25530800
2003-11-11,359.110794,359.110794,359.110794,359.110794,359.110794,26558600
2003-11-12,358.785412,358.785412,358.785412,358.785412,358.785412,28000000
2003-11-13,359.04048,359.04048,359.04048,359.04048,359.04048,29714800
2003-11-14,357.942207,357.942207,357.942207,357.942207,357.942207,49158500
2003-11-17,358.058803,358.058803,358.058803,358.058803,358.058803,44382100
2003-11-18,356.173921,356.173921,356.173921,356.173921,356.173921,41155000
2003-11-19,357.208235,357.208235,357.208235,357.208235,357.208235,29827000
2003-11-20,357.843948,357.843948,357.843948,357.843948,357.843948,53578700
2003-11-21,355.366022,355.366022,355.366022,355.366022,355.366022,30016000
2003-11-24,356.923009,356.923009,356.923009,356.923009,356.923009,28906400
2003-11-25,358.549172,358.549172,358.549172,358.549172,358.549172,37580000
2003-11-26,359.006666,359.006666,359.006666,359.006666,359.006666,33053600
2003-11-28,360.445073,360.445073,360.445073,360.445073,360.445073,10507500
2003-12-01,360.122,360.122,360.122,360.122,360.122,38699000
2003-12-02,361.457023,361.457023,361.457023,361.457023,361.457023,35352000
2003-12-03,360.700067,360.700067,360.700067,360.700067,360.700067,39078600
2003-12-04,361.758035,361.758035,361.758035,361.758035,361.758035,36089500
2003-12-05,361.772941,361.772941,361.772941,361.772941,361.772941,28824400
2003-12-08,360.141236,360.141236,360.141236,360.141236,360.141236,32482900
2003-12-09,359.752681,359.752681,359.752681,359.752681,359.752681,43596100
2003-12-10,360.838531,360.838531,360.838531,360.838531,360.838531,36915400
2003-12-11,360.921335,360.921335,360.921335,360.921335,360.921335,45304000
2003-12-12,360.734368,360.734368,360.734368,360.734368,360.734368,34142200
2003-12-15,360.850094,360.850094,360.850094,360.850094,360.850094,38693400
2003-12-16,364.268591,364.268591,364.268591,364.268591,364.268591,32894200
2003-12-17,364.521574,364.521574,364.521574,364.521574,364.521574,23198800
2003-12-18,364.166081,364.166081,364.166081,364.166081,364.166081,29353100
2003-12-19,364.315936,364.315936,364.315936,364.315936,364.315936,41465100
2003-12-22,364.617845,364.617845,364.617845,364.617845,364.617845,27611300
2003-12-23,364.231393,364.231393,364.231393,364.231393,364.231393,24741200
2003-12-24,363.615117,363.615117,363.615117,363.615117,363.615117,8055800
2003-12-26,362.901238,362.901238,362.901238,362.901238,362.901238,8308400
2003-12-29,363.181191,363.181191,363.181191,363.181191,363.181191,22483700
2003-12-30,364.486986,364.486986,364.486986,364.486986,364.486986,19559500
2003-12-31,364.239536,364.239536,364.239536,364.239536,364.239536,31501800
2004-01-02,364.352318,364.352318,364.352318,364.352318,364.352318,38072300
2004-01-05,365.840176,365.840176,365.840176,365.840176,365.840176,27959800
2004-01-06,367.334629,367.334629,367.334629,367.334629,367.334629,20472800
2004-01-07,366.401419,366.401419,366.401419,366.401419,366.401419,30170400
2004-01-08,365.862283,365.862283,365.862283,365.862283,365.862283,36438400
2004-01-09,366.880943,366.880943,366.880943,366.880943,366.880943,54084300
2004-01-12,365.082815,365.082815,365.082815,365.082815,365.082815,31564100
2004-01-13,365.584106,365.584106,365.584106,365.584106,365.584106,54239700
2004-01-14,365.146467,365.146467,365.146467,365.146467,365.146467,30112800
2004-01-15,365.776668,365.776668,365.776668,365.776668,365.776668,38408700
2004-01-16,365.984031,365.984031,365.984031,365.984031,365.984031,31922700
2004-01-20,366.801809,366.801809,366.801809,366.801809,366.801809,29863000
2004-01-21,367.74705,367.74705,367.74705,367.74705,367.74705,30725000
2004-01-22,367.502872,367.502872,367.502872,367.502872,367.502872,29888500
2004-01-23,367.612335,367.612335,367.612335,367.612335,367.612335,44245300
2004-01-26,368.234717,368.234717,368.234717,368.234717,368.234717,30460600
2004-01-27,368.087069,368.087069,368.087069,368.087069,368.087069,35322800
2004-01-28,367.687891,367.687891,367.687891,367.687891,367.687891,52621300
2004-01-29,368.631502,368.631502,368.631502,368.631502,368.631502,60117100
2004-01-30,369.230693,369.230693,369.230693,369.230693,369.230693,30984400
2004-02-02,369.342373,369.342373,369.342373,369.342373,369.342373,38832400
2004-02-03,370.039786,370.039786,370.039786,370.039786,370.039786,25093500
2004-02-04,369.274538,369.274538,369.274538,369.274538,369.274538,39332600
2004-02-05,367.341036,367.341036,367.341036,367.341036,367.341036,37226800
2004-02-06,368.36431,368.36431,368.36431,368.36431,368.36431,37216000
2004-02-09,369.127206,369.127206,369.127206,369.127206,369.127206,24851300
2004-02-10,369.818446,369.818446,369.818446,369.818446,369.818446,27908100
2004-02-11,369.153549,369.153549,369.153549,369.153549,369.153549,42965700
2004-02-12,369.135339,369.135339,369.135339,369.135339,369.135339,27814700
2004-02-13,368.798762,368.798762,368.798762,368.798762,368.798762,44739900
2004-02-17,369.322345,369.322345,369.322345,369.322345,369.322345,23984300
2004-02-18,371.613564,371.613564,371.613564,371.613564,371.613564,28618000
2004-02-19,371.690778,371.690778,371.690778,371.690778,371.690778,51146200
2004-02-20,373.825222,373.825222,373.825222,373.825222,373.825222,46728800
2004-02-23,374.617685,374.617685,374.617685,374.617685,374.617685,36357000
2004-02-24,375.70765,375.70765,375.70765,375.70765,375.70765,43953000
2004-02-25,374.639817,374.639817,374.639817,374.639817,374.639817,31213600
2004-02-26,374.850317,374.850317,374.850317,374.850317,374.850317,29683000
2004-02-27,373.982943,373.982943,373.982943,373.982943,373.982943,39312000
2004-03-01,374.777796,374.777796,374.777796,374.777796,374.777796,33130800
2004-03-02,376.095012,376.095012,376.095012,376.095012,376.095012,38556400
2004-03-03,375.363553,375.363553,375.363553,375.363553,375.363553,31346200
2004-03-04,374.597515,374.597515,374.597515,374.597515,374.597515,21060000
2004-03-05,374.675788,374.675788,374.675788,374.675788,374.675788,55905600
2004-03-08,372.815837,372.815837,372.815837,372.815837,372.815837,39281600
2004-03-09,372.66939,372.66939,372.66939,372.66939,372.66939,39746100
2004-03-10,373.104384,373.104384,373.104384,373.104384,373.104384,67671800
2004-03-11,373.80263,373.80263,373.80263,373.80263,373.80263,89134800
2004-03-12,373.186058,373.186058,373.186058,373.186058,373.186058,54012200
2004-03-15,375.216178,375.216178,375.216178,375.216178,375.216178,57677200
2004-03-16,374.164189,374.164189,374.164189,374.164189,374.164189,59832600
2004-03-17,376.096793,376.096793,376.096793,376.096793,376.096793,41607300
2004-03-18,377.390455,377.390455,377.390455,377.390455,377.390455,60014300
2004-03-19,376.236218,376.236218,376.236218,376.236218,376.236218,48636200
2004-03-22,375.332695,375.332695,375.332695,375.332695,375.332695,62752100
2004-03-23,373.556232,373.556232,373.556232,373.556232,373.556232,54080200
2004-03-24,375.581731,375.581731,375.581731,375.581731,375.581731,51584300
2004-03-25,375.974694,375.974694,375.974694,375.974694,375.974694,49873600
2004-03-26,377.774789,377.774789,377.774789,377.774789,377.774789,37409500
2004-03-29,377.620119,377.620119,377.620119,377.620119,377.620119,44113600
2004-03-30,379.641366,379.641366,379.641366,379.641366,379.641366,39059900
2004-03-31,378.644706,378.644706,378.644706,378.644706,378.644706,48517600
2004-04-01,378.69294,378.69294,378.69294,378.69294,378.69294,45103800
2004-04-02,378.573566,378.573566,378.573566,378.573566,378.573566,50987700
2004-04-05,381.981561,381.981561,381.981561,381.981561,381.981561,30251800
2004-04-06,381.362837,381.362837,381.362837,381.362837,381.362837,28420900
2004-04-07,379.887793,379.887793,379.887793,379.887793,379.887793,45890500
2004-04-08,380.034057,380.034057,380.034057,380.034057,380.034057,46929700
2004-04-12,382.601102,382.601102,382.601102,382.601102,382.601102,23085200
2004-04-13,383.284526,383.284526,383.284526,383.284526,383.284526,56210300
2004-04-14,384.734071,384.734071,384.734071,384.734071,384.734071,62322300
2004-04-15,382.675921,382.675921,382.675921,382.675921,382.675921,61602500
2004-04-16,382.859251,382.859251,382.859251,382.859251,382.859251,47059200
2004-04-19,384.263369,384.263369,384.263369,384.263369,384.263369,28277600
2004-04-20,383.298989,383.298989,383.298989,383.298989,383.298989,53299400
2004-04-21,384.121725,384.121725,384.121725,384.121725,384.121725,50177300
2004-04-22,385.063422,385.063422,385.063422,385.063422,385.063422,62071500
2004-04-23,384.395015,384.395015,384.395015,384.395015,384.395015,29395700
2004-04-26,384.947301,384.947301,384.947301,384.947301,384.947301,35515200
2004-04-27,385.399821,385.399821,385.399821,385.399821,385.399821,43485500
2004-04-28,385.48158,385.48158,385.48158,385.48158,385.48158,50165800
2004-04-29,384.079261,384.079261,384.079261,384.079261,384.079261,69687600
2004-04-30,383.719977,383.719977,383.719977,383.719977,383.719977,48681400
2004-05-03,384.867038,384.867038,384.867038,384.867038,384.867038,33758000
2004-05-04,386.270089,386.270089,386.270089,386.270089,386.270089,51185100
2004-05-05,386.595165,386.595165,386.595165,386.595165,386.595165,34405000
2004-05-06,387.783366,387.783366,387.783366,387.783366,387.783366,54997000
2004-05-07,385.150805,385.150805,385.150805,385.150805,385.150805,60950000
2004-05-10,383.099066,383.099066,383.099066,383.099066,383.099066,75279400
2004-05-11,381.26824,381.26824,381.26824,381.26824,381.26824,48300600
2004-05-12,383.456396,383.456396,383.456396,383.456396,383.456396,90830500
2004-05-13,382.808419,382.808419,382.808419,382.808419,382.808419,57393700
2004-05-14,380.398078,380.398078,380.398078,380.398078,380.398078,54123100
2004-05-17,380.240619,380.240619,380.240619,380.240619,380.240619,55020400
2004-05-18,376.247725,376.247725,376.247725,376.247725,376.247725,30193100
2004-05-19,377.573688,377.573688,377.573688,377.573688,377.573688,54804100
2004-05-20,380.481987,380.481987,380.481987,380.481987,380.481987,38082900
2004-05-21,381.08947,381.08947,381.08947,381.08947,381.08947,47480400
2004-05-24,382.287441,382.287441,382.287441,382.287441,382.287441,40961500
2004-05-25,384.774625,384.774625,384.774625,384.774625,384.774625,48668000
2004-05-26,383.464543,383.464543,383.464543,383.464543,383.464543,35977000
2004-05-27,382.793907,382.793907,382.793907,382.793907,382.793907,45306900
2004-05-28,383.797975,383.797975,383.797975,383.797975,383.797975,23367200
2004-06-01,383.302985,383.302985,383.302985,383.302985,383.302985,41044700
2004-06-02,381.925184,381.925184,381.925184,381.925184,381.925184,39774200
2004-06-03,382.990107,382.990107,382.990107,382.990107,382.990107,38688300
2004-06-04,381.887615,381.887615,381.887615,381.887615,381.887615,32739500
2004-06-07,384.90096,384.90096,384.90096,384.90096,384.90096,31643800
2004-06-08,386.414265,386.414265,386.414265,386.414265,386.414265,32846500
2004-06-09,385.283231,385.283231,385.283231,385.283231,385.283231,36737600
2004-06-10,384.090088,384.090088,384.090088,384.090088,384.090088,21711000
2004-06-14,384.914853,384.914853,384.914853,384.914853,384.914853,34633000
2004-06-15,383.111573,383.111573,383.111573,383.111573,383.111573,37445000
2004-06-16,385.393131,385.393131,385.393131,385.393131,385.393131,26633400
2004-06-17,385.306712,385.306712,385.306712,385.306712,385.306712,28402400
2004-06-18,384.780234,384.780234,384.780234,384.780234,384.780234,31799800
2004-06-21,384.26568,384.26568,384.26568,384.26568,384.26568,25284000
2004-06-22,384.651944,384.651944,384.651944,384.651944,384.651944,37334000
2004-06-23,384.395392,384.395392,384.395392,384.395392,384.395392,35580000
2004-06-24,383.835611,383.835611,383.835611,383.835611,383.835611,35272100
2004-06-25,383.180709,383.180709,383.180709,383.180709,383.180709,32837900
2004-06-28,383.228843,383.228843,383.228843,383.228843,383.228843,40824500
2004-06-29,385.498533,385.498533,385.498533,385.498533,385.498533,28418100
2004-06-30,385.751017,385.751017,385.751017,385.751017,385.751017,52230600
2004-07-01,386.239781,386.239781,386.239781,386.239781,386.239781,57734700
2004-07-02,385.276087,385.276087,385.276087,385.276087,385.276087,34615100
2004-07-06,386.007332,386.007332,386.007332,386.007332,386.007332,38698200
2004-07-07,384.243941,384.243941,384.243941,384.243941,384.243941,29839800
2004-07-08,383.95024,383.95024,383.95024,383.95024,383.95024,45291100
2004-07-09,382.5285,382.5285,382.5285,382.5285,382.5285,27412900
2004-07-12,383.470028,383.470028,383.470028,383.470028,383.470028,35691300
2004-07-13,382.730446,382.730446,382.730446,382.730446,382.730446,26752000
2004-07-14,383.190399,383.190399,383.190399,383.190399,383.190399,54089400
2004-07-15,381.11609,381.11609,381.11609,381.11609,381.11609,38403500
2004-07-16,381.848952,381.848952,381.848952,381.848952,381.848952,40871200
2004-07-19,384.483449,384.483449,384.483449,384.483449,384.483449,39592800
2004-07-20,384.602678,384.602678,384.602678,384.602678,384.602678,46679800
2004-07-21,385.595302,385.595302,385.595302,385.595302,385.595302,56241100
2004-07-22,386.197595,386.197595,386.197595,386.197595,386.197595,72477100
2004-07-23,385.403228,385.403228,385.403228,385.403228,385.403228,49610500
2004-07-26,384.471997,384.471997,384.471997,384.471997,384.471997,49679100
2004-07-27,385.263959,385.263959,385.263959,385.263959,385.263959,51295100
2004-07-28,386.308117,386.308117,386.308117,386.308117,386.308117,65862300
2004-07-29,385.514311,385.514311,385.514311,385.514311,385.514311,52200500
2004-07-30,387.035548,387.035548,387.035548,387.035548,387.035548,41581700
2004-08-02,386.140911,386.140911,386.140911,386.140911,386.140911,38263100
2004-08-03,383.857412,383.857412,383.857412,383.857412,383.857412,40948800
2004-08-04,383.354813,383.354813,383.354813,383.354813,383.354813,40763200
2004-08-05,382.221927,382.221927,382.221927,382.221927,382.221927,50772000
2004-08-06,382.515503,382.515503,382.515503,382.515503,382.515503,74729000
2004-08-09,379.779359,379.779359,379.779359,379.779359,379.779359,37476300
2004-08-10,380.364439,380.364439,380.364439,380.364439,380.364439,55870600
2004-08-11,381.447182,381.447182,381.447182,381.447182,381.447182,52933200
2004-08-12,378.964578,378.964578,378.964578,378.964578,378.964578,50015900
2004-08-13,377.264266,377.264266,377.264266,377.264266,377.264266,41634700
2004-08-16,377.668373,377.668373,377.668373,377.668373,377.668373,45731900
2004-08-17,377.473396,377.473396,377.473396,377.473396,377.473396,40701600
2004-08-18,379.023051,379.023051,379.023051,379.023051,379.023051,43165400
2004-08-19,377.64662,377.64662,377.64662,377.64662,377.64662,39881600
2004-08-20,376.872623,376.872623,376.872623,376.872623,376.872623,44870900
2004-08-23,376.510467,376.510467,376.510467,376.510467,376.510467,33745100
2004-08-24,376.729746,376.729746,376.729746,376.729746,376.729746,30453100
2004-08-25,378.215402,378.215402,378.215402,378.215402,378.215402,38551400
2004-08-26,378.127811,378.127811,378.127811,378.127811,378.127811,26629500
2004-08-27,377.632439,377.632439,377.632439,377.632439,377.632439,24902900
2004-08-30,377.953483,377.953483,377.953483,377.953483,377.953483,26726500
2004-08-31,377.154581,377.154581,377.154581,377.154581,377.154581,44125300
2004-09-01,377.579473,377.579473,377.579473,377.579473,377.579473,52778300
2004-09-02,377.016721,377.016721,377.016721,377.016721,377.016721,42736600
2004-09-03,376.726879,376.726879,376.726879,376.726879,376.726879,30480500
2004-09-07,375.87173,375.87173,375.87173,375.87173,375.87173,37338800
2004-09-08,377.261086,377.261086,377.261086,377.261086,377.261086,32963100
2004-09-09,376.439576,376.439576,376.439576,376.439576,376.439576,34314800
2004-09-10,376.387737,376.387737,376.387737,376.387737,376.387737,27900600
2004-09-13,376.502438,376.502438,376.502438,376.502438,376.502438,44398100
2004-09-14,377.315954,377.315954,377.315954,377.315954,377.315954,28048900
2004-09-15,376.864814,376.864814,376.864814,376.864814,376.864814,38295000
2004-09-16,375.652762,375.652762,375.652762,375.652762,375.652762,23911700
2004-09-17,375.800363,375.800363,375.800363,375.800363,375.800363,33683000
2004-09-20,376.711879,376.711879,376.711879,376.711879,376.711879,37149400
2004-09-21,375.095229,375.095229,375.095229,375.095229,375.095229,40920800
2004-09-22,376.0102,376.0102,376.0102,376.0102,376.0102,49042100
2004-09-23,374.460032,374.460032,374.460032,374.460032,374.460032,44068700
2004-09-24,374.608976,374.608976,374.608976,374.608976,374.608976,34981100
2004-09-27,375.333507,375.333507,375.333507,375.333507,375.333507,39355100
2004-09-28,374.102145,374.102145,374.102145,374.102145,374.102145,41662900
2004-09-29,374.623907,374.623907,374.623907,374.623907,374.623907,33325700
2004-09-30,374.369623,374.369623,374.369623,374.369623,374.369623,43536700
2004-10-01,373.380061,373.380061,373.380061,373.380061,373.380061,62824300
2004-10-04,375.031939,375.031939,375.031939,375.031939,375.031939,33082400
2004-10-05,376.497932,376.497932,376.497932,376.497932,376.497932,36910600
2004-10-06,376.512787,376.512787,376.512787,376.512787,376.512787,42297800
2004-10-07,376.063773,376.063773,376.063773,376.063773,376.063773,39388800
2004-10-08,375.061352,375.061352,375.061352,375.061352,375.061352,51872600
2004-10-11,374.051032,374.051032,374.051032,374.051032,374.051032,20229100
2004-10-12,374.929822,374.929822,374.929822,374.929822,374.929822,41754700
2004-10-13,372.355342,372.355342,372.355342,372.355342,372.355342,54212600
2004-10-14,373.891923,373.891923,373.891923,373.891923,373.891923,64082200
2004-10-15,374.342749,374.342749,374.342749,374.342749,374.342749,63482200
2004-10-18,375.609878,375.609878,375.609878,375.609878,375.609878,43535100
2004-10-19,374.341868,374.341868,374.341868,374.341868,374.341868,55851900
2004-10-20,375.462414,375.462414,375.462414,375.462414,375.462414,57118500
2004-10-21,374.2232,374.2232,374.2232,374.2232,374.2232,53218300
2004-10-22,375.119073,375.119073,375.119073,375.119073,375.119073,48752400
2004-10-25,374.931282,374.931282,374.931282,374.931282,374.931282,43990900
2004-10-26,374.094722,374.094722,374.094722,374.094722,374.094722,54337400
2004-10-27,374.995137,374.995137,374.995137,374.995137,374.995137,73896000
2004-10-28,374.438604,374.438604,374.438604,374.438604,374.438604,54413300
2004-10-29,374.088344,374.088344,374.088344,374.088344,374.088344,48820200
2004-11-01,373.739209,373.739209,373.739209,373.739209,373.739209,36720900
2004-11-02,374.909134,374.909134,374.909134,374.909134,374.909134,56210000
2004-11-03,375.418405,375.418405,375.418405,375.418405,375.418405,76960200
2004-11-04,380.292837,380.292837,380.292837,380.292837,380.292837,55350300
2004-11-05,379.612412,379.612412,379.612412,379.612412,379.612412,63287200
2004-11-08,381.22181,381.22181,381.22181,381.22181,381.22181,33863800
2004-11-09,380.227804,380.227804,380.227804,380.227804,380.227804,44658100
2004-11-10,380.111446,380.111446,380.111446,380.111446,380.111446,45265400
2004-11-11,380.677482,380.677482,380.677482,380.677482,380.677482,37863200
2004-11-12,381.34208,381.34208,381.34208,381.34208,381.34208,55583700
2004-11-15,381.678721,381.678721,381.678721,381.678721,381.678721,35297900
2004-11-16,381.856519,381.856519,381.856519,381.856519,381.856519,40028700
2004-11-17,380.646811,380.646811,380.646811,380.646811,380.646811,54494000
2004-11-18,382.210362,382.210362,382.210362,382.210362,382.210362,31854300
2004-11-19,382.030312,382.030312,382.030312,382.030312,382.030312,54276500
2004-11-22,381.88207,381.88207,381.88207,381.88207,381.88207,37560200
2004-11-23,381.049981,381.049981,381.049981,381.049981,381.049981,41968800
2004-11-24,380.869509,380.869509,380.869509,380.869509,380.869509,29724800
2004-11-26,381.20527,381.20527,381.20527,381.20527,381.20527,15487700
2004-11-29,381.411227,381.411227,381.411227,381.411227,381.411227,61460800
2004-11-30,382.810388,382.810388,382.810388,382.810388,382.810388,53685200
2004-12-01,383.408466,383.408466,383.408466,383.408466,383.408466,49898300
2004-12-02,384.267658,384.267658,384.267658,384.267658,384.267658,60163500
2004-12-03,383.829202,383.829202,383.829202,383.829202,383.829202,49067900
2004-12-06,383.745816,383.745816,383.745816,383.745816,383.745816,33030500
2004-12-07,383.597742,383.597742,383.597742,383.597742,383.597742,52047200
2004-12-08,384.479854,384.479854,384.479854,384.479854,384.479854,43895100
2004-12-09,384.818233,384.818233,384.818233,384.818233,384.818233,60922800
2004-12-10,382.693577,382.693577,382.693577,382.693577,382.693577,47828600
2004-12-13,381.743558,381.743558,381.743558,381.743558,381.743558,38541000
2004-12-14,383.100189,383.100189,383.100189,383.100189,383.100189,41500700
2004-12-15,382.476022,382.476022,382.476022,382.476022,382.476022,46699200
2004-12-16,382.172197,382.172197,382.172197,382.172197,382.172197,51641800
2004-12-17,381.647315,381.647315,381.647315,381.647315,381.647315,70761900
2004-12-20,379.146126,379.146126,379.146126,379.146126,379.146126,47187400
2004-12-21,380.111441,380.111441,380.111441,380.111441,380.111441,33094200
2004-12-22,380.505621,380.505621,380.505621,380.505621,380.505621,31500700
2004-12-23,380.455072,380.455072,380.455072,380.455072,380.455072,25646100
2004-12-27,381.034877,381.034877,381.034877,381.034877,381.034877,29944100
2004-12-28,382.372859,382.372859,382.372859,382.372859,382.372859,23422900
2004-12-29,382.734223,382.734223,382.734223,382.734223,382.734223,22650600
2004-12-30,382.399458,382.399458,382.399458,382.399458,382.399458,21076900
2004-12-31,382.506354,382.506354,382.506354,382.506354,382.506354,28648800
2005-01-03,383.023748,383.023748,383.023748,383.023748,383.023748,55748000
2005-01-04,385.191106,385.191106,385.191106,385.191106,385.191106,69167600
2005-01-05,385.684172,385.684172,385.684172,385.684172,385.684172,65667300
2005-01-06,385.372839,385.372839,385.372839,385.372839,385.372839,47814700
2005-01-07,386.757895,386.757895,386.757895,386.757895,386.757895,55847700
2005-01-10,387.912421,387.912421,387.912421,387.912421,387.912421,56563300
2005-01-11,387.565183,387.565183,387.565183,387.565183,387.565183,63099700
2005-01-12,386.373445,386.373445,386.373445,386.373445,386.373445,72720500
2005-01-13,387.073546,387.073546,387.073546,387.073546,387.073546,55537500
2005-01-14,387.282356,387.282356,387.282356,387.282356,387.282356,42032500
2005-01-18,388.415578,388.415578,388.415578,388.415578,388.415578,57391700
2005-01-19,387.772212,387.772212,387.772212,387.772212,387.772212,54378900
2005-01-20,387.622808,387.622808,387.622808,387.622808,387.622808,72049300
2005-01-21,386.521629,386.521629,386.521629,386.521629,386.521629,63160400
2005-01-24,387.456388,387.456388,387.456388,387.456388,387.456388,58441900
2005-01-25,388.464982,388.464982,388.464982,388.464982,388.464982,68245000
2005-01-26,389.645522,389.645522,389.645522,389.645522,389.645522,57195100
2005-01-27,391.092464,391.092464,391.092464,391.092464,391.092464,55878800
2005-01-28,390.939701,390.939701,390.939701,390.939701,390.939701,60738900
2005-01-31,391.119892,391.119892,391.119892,391.119892,391.119892,52532700
2005-02-01,392.83229,392.83229,392.83229,392.83229,392.83229,49841200
2005-02-02,393.111963,393.111963,393.111963,393.111963,393.111963,52468900
2005-02-03,393.588095,393.588095,393.588095,393.588095,393.588095,48837100
2005-02-04,392.875349,392.875349,392.875349,392.875349,392.875349,50024600
2005-02-07,392.988018,392.988018,392.988018,392.988018,392.988018,45412000
2005-02-08,393.033558,393.033558,393.033558,393.033558,393.033558,39263500
2005-02-09,393.341385,393.341385,393.341385,393.341385,393.341385,55279400
2005-02-10,394.008297,394.008297,394.008297,394.008297,394.008297,45858600
2005-02-11,395.14462,395.14462,395.14462,395.14462,395.14462,53133000
2005-02-14,394.992816,394.992816,394.992816,394.992816,394.992816,32432100
2005-02-15,394.711571,394.711571,394.711571,394.711571,394.711571,43852700
2005-02-16,395.084566,395.084566,395.084566,395.084566,395.084566,55523000
2005-02-17,394.41212,394.41212,394.41212,394.41212,394.41212,58124000
2005-02-18,394.457828,394.457828,394.457828,394.457828,394.457828,47723300
2005-02-22,394.470606,394.470606,394.470606,394.470606,394.470606,80697600
2005-02-23,392.845595,392.845595,392.845595,392.845595,392.845595,68292600
2005-02-24,393.918717,393.918717,393.918717,393.918717,393.918717,68563600
2005-02-25,393.206687,393.206687,393.206687,393.206687,393.206687,60899900
2005-02-28,393.285252,393.285252,393.285252,393.285252,393.285252,69381300
2005-03-01,392.358845,392.358845,392.358845,392.358845,392.358845,47294400
2005-03-02,392.957374,392.957374,392.957374,392.957374,392.957374,64226500
2005-03-03,391.414268,391.414268,391.414268,391.414268,391.414268,61230800
2005-03-04,392.977276,392.977276,392.977276,392.977276,392.977276,56168500
2005-03-07,395.648229,395.648229,395.648229,395.648229,395.648229,43442400
2005-03-08,395.402864,395.402864,395.402864,395.402864,395.402864,44362000
2005-03-09,394.996663,394.996663,394.996663,394.996663,394.996663,73263600
2005-03-10,393.814478,393.814478,393.814478,393.814478,393.814478,65149000
2005-03-11,394.543569,394.543569,394.543569,394.543569,394.543569,57976500
2005-03-14,394.751399,394.751399,394.751399,394.751399,394.751399,36336400
2005-03-15,395.453108,395.453108,395.453108,395.453108,395.453108,62438500
2005-03-16,396.347663,396.347663,396.347663,396.347663,396.347663,74874200
2005-03-17,394.87616,394.87616,394.87616,394.87616,394.87616,62584200
2005-03-18,395.486006,395.486006,395.486006,395.486006,395.486006,60232000
2005-03-21,396.188167,396.188167,396.188167,396.188167,396.188167,61244300
2005-03-22,396.736331,396.736331,396.736331,396.736331,396.736331,92472400
2005-03-23,397.623476,397.623476,397.623476,397.623476,397.623476,70817300
2005-03-24,397.773948,397.773948,397.773948,397.773948,397.773948,51932500
2005-03-28,399.317685,399.317685,399.317685,399.317685,399.317685,46765500
2005-03-29,400.251853,400.251853,400.251853,400.251853,400.251853,71160300
2005-03-30,399.652279,399.652279,399.652279,399.652279,399.652279,62002100
2005-03-31,400.489452,400.489452,400.489452,400.489452,400.489452,64575400
2005-04-01,400.503474,400.503474,400.503474,400.503474,400.503474,95255300
2005-04-04,402.758313,402.758313,402.758313,402.758313,402.758313,71581200
2005-04-05,402.498185,402.498185,402.498185,402.498185,402.498185,46853900
2005-04-06,402.991019,402.991019,402.991019,402.991019,402.991019,53268200
2005-04-07,403.857134,403.857134,403.857134,403.857134,403.857134,46734600
2005-04-08,403.190247,403.190247,403.190247,403.190247,403.190247,63772900
2005-04-11,402.933401,402.933401,402.933401,402.933401,402.933401,44945000
2005-04-12,403.903628,403.903628,403.903628,403.903628,403.903628,86144800
2005-04-13,403.199278,403.199278,403.199278,403.199278,403.199278,65949000
2005-04-14,402.703521,402.703521,402.703521,402.703521,402.703521,96119800
2005-04-15,403.026425,403.026425,403.026425,403.026425,403.026425,128677300
2005-04-18,402.901932,402.901932,402.901932,402.901932,402.901932,100035200
2005-04-19,402.775923,402.775923,402.775923,402.775923,402.775923,64930100
2005-04-20,404.86655,404.86655,404.86655,404.86655,404.86655,107735900
2005-04-21,404.740777,404.740777,404.740777,404.740777,404.740777,86952200
2005-04-22,408.241424,408.241424,408.241424,408.241424,408.241424,88845800
2005-04-25,407.271258,407.271258,407.271258,407.271258,407.271258,52284100
2005-04-26,408.272611,408.272611,408.272611,408.272611,408.272611,72626000
2005-04-27,406.953619,406.953619,406.953619,406.953619,406.953619,84131900
2005-04-28,405.732572,405.732572,405.732572,405.732572,405.732572,72481500
2005-04-29,404.378984,404.378984,404.378984,404.378984,404.378984,103993800
2005-05-02,407.439263,407.439263,407.439263,407.439263,407.439263,56026400
2005-05-03,408.545118,408.545118,408.545118,408.545118,408.545118,86000300
2005-05-04,407.366586,407.366586,407.366586,407.366586,407.366586,81055700
2005-05-05,407.521014,407.521014,407.521014,407.521014,407.521014,96906700
2005-05-06,408.090197,408.090197,408.090197,408.090197,408.090197,67415400
2005-05-09,409.702343,409.702343,409.702343,409.702343,409.702343,43750500
2005-05-10,410.101643,410.101643,410.101643,410.101643,410.101643,74613500
2005-05-11,408.480333,408.480333,408.480333,408.480333,408.480333,91647400
2005-05-12,409.615681,409.615681,409.615681,409.615681,409.615681,95086800
2005-05-13,409.874532,409.874532,409.874532,409.874532,409.874532,85267000
2005-05-16,411.091756,411.091756,411.091756,411.091756,411.091756,49207000
2005-05-17,411.000092,411.000092,411.000092,411.000092,411.000092,61071800
2005-05-18,409.607334,409.607334,409.607334,409.607334,409.607334,77944900
2005-05-19,411.363544,411.363544,411.363544,411.363544,411.363544,61768100
2005-05-20,412.139366,412.139366,412.139366,412.139366,412.139366,46345500
2005-05-23,412.291299,412.291299,412.291299,412.291299,412.291299,51047900
2005-05-24,412.58219,412.58219,412.58219,412.58219,412.58219,50654100
2005-05-25,411.390374,411.390374,411.390374,411.390374,411.390374,47608800
2005-05-26,410.853276,410.853276,410.853276,410.853276,410.853276,43256200
2005-05-27,412.140398,412.140398,412.140398,412.140398,412.140398,24596100
2005-05-31,412.154202,412.154202,412.154202,412.154202,412.154202,43377200
2005-06-01,411.551015,411.551015,411.551015,411.551015,411.551015,69611000
2005-06-02,411.667873,411.667873,411.667873,411.667873,411.667873,39704500
2005-06-03,410.725284,410.725284,410.725284,410.725284,410.725284,60999400
2005-06-06,409.990666,409.990666,409.990666,409.990666,409.990666,36046400
2005-06-07,409.287314,409.287314,409.287314,409.287314,409.287314,66501300
2005-06-08,410.46031,410.46031,410.46031,410.46031,410.46031,46881200
2005-06-09,411.464432,411.464432,411.464432,411.464432,411.464432,56653300
2005-06-10,410.860903,410.860903,410.860903,410.860903,410.860903,36465300
2005-06-13,411.113048,411.113048,411.113048,411.113048,411.113048,49383200
2005-06-14,410.203178,410.203178,410.203178,410.203178,410.203178,33857100
2005-06-15,409.740555,409.740555,409.740555,409.740555,409.740555,53195600
2005-06-16,410.737048,410.737048,410.737048,410.737048,410.737048,46564500
2005-06-17,410.614758,410.614758,410.614758,410.614758,410.614758,51529400
2005-06-20,412.726755,412.726755,412.726755,412.726755,412.726755,41019400
2005-06-21,411.753898,411.753898,411.753898,411.753898,411.753898,39879800
2005-06-22,412.072412,412.072412,412.072412,412.072412,412.072412,46310100
2005-06-23,412.764096,412.764096,412.764096,412.764096,412.764096,62185600
2005-06-24,411.894985,411.894985,411.894985,411.894985,411.894985,58572500
2005-06-27,411.943291,411.943291,411.943291,411.943291,411.943291,48183800
2005-06-28,411.887941,411.887941,411.887941,411.887941,411.887941,41174200
2005-06-29,412.731258,412.731258,412.731258,412.731258,412.731258,42316500
2005-06-30,413.466053,413.466053,413.466053,413.466053,413.466053,62288800
2005-07-01,414.791489,414.791489,414.791489,414.791489,414.791489,49737500
2005-07-05,415.710131,415.710131,415.710131,415.710131,415.710131,51549000
2005-07-06,414.715862,414.715862,414.715862,414.715862,414.715862,52363600
2005-07-07,414.350719,414.350719,414.350719,414.350719,414.350719,103268800
2005-07-08,410.20349,410.20349,410.20349,410.20349,410.20349,64491200
2005-07-11,410.251327,410.251327,410.251327,410.251327,410.251327,49688300
2005-07-12,410.264655,410.264655,410.264655,410.264655,410.264655,51871100
2005-07-13,410.41261,410.41261,410.41261,410.41261,410.41261,41182300
2005-07-14,410.425529,410.425529,410.425529,410.425529,410.425529,63638800
2005-07-15,412.248827,412.248827,412.248827,412.248827,412.248827,56075900
2005-07-18,411.825799,411.825799,411.825799,411.825799,411.825799,56598400
2005-07-19,410.665279,410.665279,410.665279,410.665279,410.665279,59165700
2005-07-20,411.853006,411.853006,411.853006,411.853006,411.853006,69477000
2005-07-21,410.392594,410.392594,410.392594,410.392594,410.392594,101110900
2005-07-22,410.737813,410.737813,410.737813,410.737813,410.737813,52607100
2005-07-25,411.25264,411.25264,411.25264,411.25264,411.25264,57301600
2005-07-26,410.799602,410.799602,410.799602,410.799602,410.799602,42758800
2005-07-27,410.912331,410.912331,410.912331,410.912331,410.912331,43181600
2005-07-28,411.424959,411.424959,411.424959,411.424959,411.424959,47880700
2005-07-29,411.969274,411.969274,411.969274,411.969274,411.969274,62358100
2005-08-01,411.419691,411.419691,411.419691,411.419691,411.419691,40418200
2005-08-02,411.697921,411.697921,411.697921,411.697921,411.697921,45147400
2005-08-03,412.410225,412.410225,412.410225,412.410225,412.410225,36837200
2005-08-04,411.925219,411.925219,411.925219,411.925219,411.925219,50855600
2005-08-05,410.286587,410.286587,410.286587,410.286587,410.286587,53595500
2005-08-08,409.370378,409.370378,409.370378,409.370378,409.370378,47616000
2005-08-09,410.249532,410.249532,410.249532,410.249532,410.249532,47170000
2005-08-10,411.600289,411.600289,411.600289,411.600289,411.600289,72863700
2005-08-11,413.014062,413.014062,413.014062,413.014062,413.014062,58570200
2005-08-12,412.792614,412.792614,412.792614,412.792614,412.792614,54776900
2005-08-15,411.938642,411.938642,411.938642,411.938642,411.938642,36208500
2005-08-16,412.453533,412.453533,412.453533,412.453533,412.453533,71942100
2005-08-17,411.166898,411.166898,411.166898,411.166898,411.166898,62275100
2005-08-18,411.079062,411.079062,411.079062,411.079062,411.079062,53388600
2005-08-19,410.553943,410.553943,410.553943,410.553943,410.553943,39842100
2005-08-22,412.012009,412.012009,412.012009,412.012009,412.012009,69912000
2005-08-23,412.36145,412.36145,412.36145,412.36145,412.36145,55168600
2005-08-24,412.442013,412.442013,412.442013,412.442013,412.442013,79104600
2005-08-25,411.409065,411.409065,411.409065,411.409065,411.409065,35631100
2005-08-26,412.067298,412.067298,412.067298,412.067298,412.067298,61956800
2005-08-29,411.674057,411.674057,411.674057,411.674057,411.674057,56179200
2005-08-30,410.460662,410.460662,410.460662,410.460662,410.460662,74160200
2005-08-31,408.956082,408.956082,408.956082,408.956082,408.956082,102945200
2005-09-01,409.408421,409.408421,409.408421,409.408421,409.408421,74578700
2005-09-02,409.187632,409.187632,409.187632,409.187632,409.187632,47653400
2005-09-06,410.369887,410.369887,410.369887,410.369887,410.369887,57251300
2005-09-07,411.658153,411.658153,411.658153,411.658153,411.658153,41749700
2005-09-08,411.404474,411.404474,411.404474,411.404474,411.404474,39068700
2005-09-09,410.554204,410.554204,410.554204,410.554204,410.554204,43093900
2005-09-12,411.630317,411.630317,411.630317,411.630317,411.630317,33017600
2005-09-13,411.114403,411.114403,411.114403,411.114403,411.114403,58427500
2005-09-14,410.366567,410.366567,410.366567,410.366567,410.366567,57694600
2005-09-15,410.611363,410.611363,410.611363,410.611363,410.611363,73156900
2005-09-16,411.857207,411.857207,411.857207,411.857207,411.857207,75424100
2005-09-19,414.093387,414.093387,414.093387,414.093387,414.093387,53355300
2005-09-20,413.972342,413.972342,413.972342,413.972342,413.972342,84480300
2005-09-21,414.321425,414.321425,414.321425,414.321425,414.321425,94469100
2005-09-22,413.418008,413.418008,413.418008,413.418008,413.418008,84597200
2005-09-23,413.534046,413.534046,413.534046,413.534046,413.534046,59368100
2005-09-26,413.172557,413.172557,413.172557,413.172557,413.172557,70415400
2005-09-27,415.125487,415.125487,415.125487,415.125487,415.125487,66150800
2005-09-28,414.899833,414.899833,414.899833,414.899833,414.899833,58620500
2005-09-29,416.175789,416.175789,416.175789,416.175789,416.175789,66607700
2005-09-30,415.744948,415.744948,415.744948,415.744948,415.744948,47824200
2005-10-03,415.588303,415.588303,415.588303,415.588303,415.588303,50994800
2005-10-04,415.297527,415.297527,415.297527,415.297527,415.297527,60776300
2005-10-05,415.920372,415.920372,415.920372,415.920372,415.920372,106052100
2005-10-06,416.002232,416.002232,416.002232,416.002232,416.002232,140941800
2005-10-07,416.503071,416.503071,416.503071,416.503071,416.503071,75661400
2005-10-10,418.228981,418.228981,418.228981,418.228981,418.228981,52677000
2005-10-11,418.453222,418.453222,418.453222,418.453222,418.453222,75629800
2005-10-12,419.808352,419.808352,419.808352,419.808352,419.808352,100510400
2005-10-13,419.645236,419.645236,419.645236,419.645236,419.645236,99052900
2005-10-14,419.481473,419.481473,419.481473,419.481473,419.481473,88651000
2005-10-17,421.92529,421.92529,421.92529,421.92529,421.92529,68109300
2005-10-18,422.366166,422.366166,422.366166,422.366166,422.366166,74996900
2005-10-19,421.74242,421.74242,421.74242,421.74242,421.74242,116563800
2005-10-20,420.576069,420.576069,420.576069,420.576069,420.576069,131966700
2005-10-21,419.536474,419.536474,419.536474,419.536474,419.536474,96579500
2005-10-24,421.725903,421.725903,421.725903,421.725903,421.725903,71308400
2005-10-25,422.811586,422.811586,422.811586,422.811586,422.811586,76594500
2005-10-26,421.944744,421.944744,421.944744,421.944744,421.944744,80855800
2005-10-27,421.183382,421.183382,421.183382,421.183382,421.183382,66623100
2005-10-28,420.562374,420.562374,420.562374,420.562374,420.562374,72322000
2005-10-31,421.71654,421.71654,421.71654,421.71654,421.71654,77698900
2005-11-01,423.420223,423.420223,423.420223,423.420223,423.420223,66365100
2005-11-02,424.985095,424.985095,424.985095,424.985095,424.985095,74012300
2005-11-03,423.835014,423.835014,423.835014,423.835014,423.835014,84897600
2005-11-04,425.206816,425.206816,425.206816,425.206816,425.206816,59156000
2005-11-07,425.63756,425.63756,425.63756,425.63756,425.63756,46765400
2005-11-08,426.522176,426.522176,426.522176,426.522176,426.522176,42152800
2005-11-09,425.45405,425.45405,425.45405,425.45405,425.45405,57666800
2005-11-10,424.910752,424.910752,424.910752,424.910752,424.910752,79048100
2005-11-11,424.71595,424.71595,424.71595,424.71595,424.71595,34867000
2005-11-14,424.729248,424.729248,424.729248,424.729248,424.729248,45092200
2005-11-15,424.811029,424.811029,424.811029,424.811029,424.811029,69592500
2005-11-16,424.308842,424.308842,424.308842,424.308842,424.308842,51133000
2005-11-17,424.734876,424.734876,424.734876,424.734876,424.734876,55717500
2005-11-18,425.367576,425.367576,425.367576,425.367576,425.367576,72437200
2005-11-21,426.779132,426.779132,426.779132,426.779132,426.779132,50021200
2005-11-22,426.826402,426.826402,426.826402,426.826402,426.826402,66438800
2005-11-23,426.126073,426.126073,426.126073,426.126073,426.126073,50854700
2005-11-25,425.936449,425.936449,425.936449,425.936449,425.936449,15270000
2005-11-28,425.747485,425.747485,425.747485,425.747485,425.747485,54498500
2005-11-29,426.127767,426.127767,426.127767,426.127767,426.127767,51738900
2005-11-30,427.52436,427.52436,427.52436,427.52436,427.52436,56007200
2005-12-01,427.740178,427.740178,427.740178,427.740178,427.740178,65468200
2005-12-02,429.79923,429.79923,429.79923,429.79923,429.79923,46699400
2005-12-05,430.04919,430.04919,430.04919,430.04919,430.04919,59273400
2005-12-06,429.519294,429.519294,429.519294,429.519294,429.519294,57935200
2005-12-07,431.092416,431.092416,431.092416,431.092416,431.092416,66816500
2005-12-08,430.901184,430.901184,430.901184,430.901184,430.901184,62608600
2005-12-09,431.357809,431.357809,431.357809,431.357809,431.357809,50744500
2005-12-12,431.883941,431.883941,431.883941,431.883941,431.883941,48389900
2005-12-13,433.161558,433.161558,433.161558,433.161558,433.161558,88630900
2005-12-14,433.037033,433.037033,433.037033,433.037033,433.037033,64375000
2005-12-15,432.607111,432.607111,432.607111,432.607111,432.607111,55900300
2005-12-16,432.687156,432.687156,432.687156,432.687156,432.687156,46238300
2005-12-19,434.412807,434.412807,434.412807,434.412807,434.412807,48733000
2005-12-20,435.663218,435.663218,435.663218,435.663218,435.663218,46603200
2005-12-21,436.161251,436.161251,436.161251,436.161251,436.161251,51806900
2005-12-22,437.491052,437.491052,437.491052,437.491052,437.491052,32247900
2005-12-23,438.441094,438.441094,438.441094,438.441094,438.441094,27977300
2005-12-27,438.730791,438.730791,438.730791,438.730791,438.730791,44499500
2005-12-28,439.401054,439.401054,439.401054,439.401054,439.401054,30764300
2005-12-29,440.324755,440.324755,440.324755,440.324755,440.324755,32788900
2005-12-30,440.197362,440.197362,440.197362,440.197362,440.197362,44645600
2006-01-03,438.804266,438.804266,438.804266,438.804266,438.804266,73256700
2006-01-04,441.178674,441.178674,441.178674,441.178674,441.178674,51899600
2006-01-05,441.713713,441.713713,441.713713,441.713713,441.713713,47307500
2006-01-06,441.17151,441.17151,441.17151,441.17151,441.17151,62885900
2006-01-09,443.365587,443.365587,443.365587,443.365587,443.365587,43527400
2006-01-10,443.274882,443.274882,443.274882,443.274882,443.274882,44960800
2006-01-11,441.944346,441.944346,441.944346,441.944346,441.944346,49598900
2006-01-12,442.333487,442.333487,442.333487,442.333487,442.333487,40509200
2006-01-13,441.524649,441.524649,441.524649,441.524649,441.524649,44856700
2006-01-17,440.714176,440.714176,440.714176,440.714176,440.714176,52066600
2006-01-18,439.048447,439.048447,439.048447,439.048447,439.048447,75067600
2006-01-19,436.460694,436.460694,436.460694,436.460694,436.460694,81530400
2006-01-20,437.49752,437.49752,437.49752,437.49752,437.49752,114957800
2006-01-23,437.373388,437.373388,437.373388,437.373388,437.373388,67017400
2006-01-24,438.184258,438.184258,438.184258,438.184258,438.184258,53008800
2006-01-25,438.89036,438.89036,438.89036,438.89036,438.89036,87747700
2006-01-26,440.568045,440.568045,440.568045,440.568045,440.568045,71294000
2006-01-27,442.597796,442.597796,442.597796,442.597796,442.597796,65771200
2006-01-30,443.618322,443.618322,443.618322,443.618322,443.618322,33709600
2006-01-31,443.250871,443.250871,443.250871,443.250871,443.250871,72937000
2006-02-01,442.814951,442.814951,442.814951,442.814951,442.814951,63561000
2006-02-02,443.903955,443.903955,443.903955,443.903955,443.903955,83626900
2006-02-03,442.878822,442.878822,442.878822,442.878822,442.878822,86040400
2006-02-06,441.740454,441.740454,441.740454,441.740454,441.740454,45511900
2006-02-07,442.313058,442.313058,442.313058,442.313058,442.313058,71208100
2006-02-08,441.522191,441.522191,441.522191,441.522191,441.522191,59422200
2006-02-09,442.801944,442.801944,442.801944,442.801944,442.801944,62023300
2006-02-10,443.828881,443.828881,443.828881,443.828881,443.828881,64508700
2006-02-13,443.876734,443.876734,443.876734,443.876734,443.876734,52308700
2006-02-14,443.714519,443.714519,443.714519,443.714519,443.714519,90964400
2006-02-15,443.867647,443.867647,443.867647,443.867647,443.867647,85471300
2006-02-16,443.602247,443.602247,443.602247,443.602247,443.602247,61017900
2006-02-17,444.064467,444.064467,444.064467,444.064467,444.064467,40342600
2006-02-21,443.664262,443.664262,443.664262,443.664262,443.664262,46456300
2006-02-22,444.674994,444.674994,444.674994,444.674994,444.674994,42326700
2006-02-23,445.622225,445.622225,445.622225,445.622225,445.622225,43423200
2006-02-24,445.599778,445.599778,445.599778,445.599778,445.599778,36777400
2006-02-27,445.681053,445.681053,445.681053,445.681053,445.681053,35858600
2006-02-28,445.624164,445.624164,445.624164,445.624164,445.624164,74394800
2006-03-01,444.706973,444.706973,444.706973,444.706973,444.706973,48641600
2006-03-02,445.967838,445.967838,445.967838,445.967838,445.967838,60642300
2006-03-03,444.325257,444.325257,444.325257,444.325257,444.325257,73402500
2006-03-06,441.933655,441.933655,441.933655,441.933655,441.933655,57478400
2006-03-07,443.21541,443.21541,443.21541,443.21541,443.21541,61780800
2006-03-08,442.121484,442.121484,442.121484,442.121484,442.121484,66692400
2006-03-09,441.166603,441.166603,441.166603,441.166603,441.166603,56313600
2006-03-10,441.282322,441.282322,441.282322,441.282322,441.282322,60490800
2006-03-13,442.403071,442.403071,442.403071,442.403071,442.403071,45479100
2006-03-14,443.241009,443.241009,443.241009,443.241009,443.241009,69877300
2006-03-15,442.805995,442.805995,442.805995,442.805995,442.805995,53398900
2006-03-16,442.681974,442.681974,442.681974,442.681974,442.681974,65526400
2006-03-17,443.506158,443.506158,443.506158,443.506158,443.506158,47286800
2006-03-20,444.058035,444.058035,444.058035,444.058035,444.058035,45538500
2006-03-21,444.104186,444.104186,444.104186,444.104186,444.104186,87102700
2006-03-22,443.945808,443.945808,443.945808,443.945808,443.945808,51605700
2006-03-23,443.649435,443.649435,443.649435,443.649435,443.649435,46704200
2006-03-24,443.218637,443.218637,443.218637,443.218637,443.218637,43209200
2006-03-27,442.788014,442.788014,442.788014,442.788014,442.788014,32523000
2006-03-28,442.153733,442.153733,442.153733,442.153733,442.153733,82079900
2006-03-29,441.825678,441.825678,441.825678,441.825678,441.825678,61505700
2006-03-30,442.453131,442.453131,442.453131,442.453131,442.453131,70571700
2006-03-31,442.703022,442.703022,442.703022,442.703022,442.703022,62925600
2006-04-03,443.431282,443.431282,443.431282,443.431282,443.431282,61624700
2006-04-04,444.228486,444.228486,444.228486,444.228486,444.228486,54809300
2006-04-05,444.206763,444.206763,444.206763,444.206763,444.206763,50607200
2006-04-06,444.354514,444.354514,444.354514,444.354514,444.354514,57906200
2006-04-07,443.78972,443.78972,443.78972,443.78972,443.78972,80180900
2006-04-10,444.411808,444.411808,444.411808,444.411808,444.411808,41496500
2006-04-11,445.075791,445.075791,445.075791,445.075791,445.075791,72799400
2006-04-12,445.430572,445.430572,445.430572,445.430572,445.430572,43033700
2006-04-13,445.85864,445.85864,445.85864,445.85864,445.85864,51051800
2006-04-17,444.833135,444.833135,444.833135,444.833135,444.833135,64167700
2006-04-18,445.225453,445.225453,445.225453,445.225453,445.225453,92531800
2006-04-19,446.137602,446.137602,446.137602,446.137602,446.137602,87269000
2006-04-20,446.285712,446.285712,446.285712,446.285712,446.285712,86005500
2006-04-21,446.433833,446.433833,446.433833,446.433833,446.433833,72342600
2006-04-24,448.318003,448.318003,448.318003,448.318003,448.318003,52546400
2006-04-25,447.407134,447.407134,447.407134,447.407134,447.407134,84359800
2006-04-26,447.828918,447.828918,447.828918,447.828918,447.828918,67262400
2006-04-27,448.253152,448.253152,448.253152,448.253152,448.253152,124478600
2006-04-28,446.511956,446.511956,446.511956,446.511956,446.511956,55854400
2006-05-01,445.671646,445.671646,445.671646,445.671646,445.671646,64990300
2006-05-02,445.649645,445.649645,445.649645,445.649645,445.649645,49063500
2006-05-03,447.711912,447.711912,447.711912,447.711912,447.711912,60821300
2006-05-04,446.905808,446.905808,446.905808,446.905808,446.905808,42921400
2006-05-05,447.532072,447.532072,447.532072,447.532072,447.532072,62588200
2006-05-08,449.860824,449.860824,449.860824,449.860824,449.860824,30016700
2006-05-09,449.803913,449.803913,449.803913,449.803913,449.803913,29864000
2006-05-10,449.985097,449.985097,449.985097,449.985097,449.985097,64378200
2006-05-11,449.250379,449.250379,449.250379,449.250379,449.250379,80626900
2006-05-12,449.092049,449.092049,449.092049,449.092049,449.092049,91726500
2006-05-15,447.046658,447.046658,447.046658,447.046658,447.046658,84029300
2006-05-16,445.467595,445.467595,445.467595,445.467595,445.467595,62137600
2006-05-17,446.339581,446.339581,446.339581,446.339581,446.339581,144789500
2006-05-18,444.108397,444.108397,444.108397,444.108397,444.108397,87906300
2006-05-19,445.836709,445.836709,445.836709,445.836709,445.836709,124309400
2006-05-22,448.145927,448.145927,448.145927,448.145927,448.145927,110852800
2006-05-23,445.231978,445.231978,445.231978,445.231978,445.231978,92006500
2006-05-24,448.916094,448.916094,448.916094,448.916094,448.916094,168405000
2006-05-25,450.722651,450.722651,450.722651,450.722651,450.722651,78977900
2006-05-26,453.37943,453.37943,453.37943,453.37943,453.37943,62989700
2006-05-30,454.350526,454.350526,454.350526,454.350526,454.350526,72419900
2006-05-31,452.876486,452.876486,452.876486,452.876486,452.876486,86926200
2006-06-01,454.721527,454.721527,454.721527,454.721527,454.721527,73721700
2006-06-02,454.235381,454.235381,454.235381,454.235381,454.235381,91702600
2006-06-05,456.04725,456.04725,456.04725,456.04725,456.04725,86105100
2006-06-06,455.494554,455.494554,455.494554,455.494554,455.494554,130498600
2006-06-07,455.793801,455.793801,455.793801,455.793801,455.793801,108599400
2006-06-08,456.130577,456.130577,456.130577,456.130577,456.130577,204957200
2006-06-09,455.093248,455.093248,455.093248,455.093248,455.093248,94972200
2006-06-12,457.27778,457.27778,457.27778,457.27778,457.27778,95815900
2006-06-13,459.188172,459.188172,459.188172,459.188172,459.188172,185688800
2006-06-14,458.23959,458.23959,458.23959,458.23959,458.23959,163566400
2006-06-15,459.300835,459.300835,459.300835,459.300835,459.300835,134057000
2006-06-16,460.951215,460.951215,460.951215,460.951215,460.951215,94253500
2006-06-19,459.918625,459.918625,459.918625,459.918625,459.918625,95804400
2006-06-20,462.663276,462.663276,462.663276,462.663276,462.663276,65494700
2006-06-21,463.911908,463.911908,463.911908,463.911908,463.911908,75008200
2006-06-22,463.552526,463.552526,463.552526,463.552526,463.552526,74566100
2006-06-23,463.306581,463.306581,463.306581,463.306581,463.306581,54107000
2006-06-26,462.799236,462.799236,462.799236,462.799236,462.799236,37899600
2006-06-27,463.148275,463.148275,463.148275,463.148275,463.148275,69780200
2006-06-28,463.198912,463.198912,463.198912,463.198912,463.198912,62368100
2006-06-29,464.222636,464.222636,464.222636,464.222636,464.222636,110634800
2006-06-30,465.874076,465.874076,465.874076,465.874076,465.874076,54227800
2006-07-03,466.838943,466.838943,466.838943,466.838943,466.838943,23914000
2006-07-05,467.365892,467.365892,467.365892,467.365892,467.365892,69653400
2006-07-06,465.477468,465.477468,465.477468,465.477468,465.477468,50100300
2006-07-07,465.930353,465.930353,465.930353,465.930353,465.930353,81626500
2006-07-10,464.992716,464.992716,464.992716,464.992716,464.992716,60964100
2006-07-11,466.181976,466.181976,466.181976,466.181976,466.181976,73640800
2006-07-12,465.276324,465.276324,465.276324,465.276324,465.276324,82561300
2006-07-13,464.303783,464.303783,464.303783,464.303783,464.303783,102405700
2006-07-14,462.07067,462.07067,462.07067,462.07067,462.07067,103242500
2006-07-17,462.531833,462.531833,462.531833,462.531833,462.531833,81159000
2006-07-18,462.508383,462.508383,462.508383,462.508383,462.508383,122771000
2006-07-19,463.872957,463.872957,463.872957,463.872957,463.872957,133565300
2006-07-20,464.635462,464.635462,464.635462,464.635462,464.635462,112259800
2006-07-21,466.201744,466.201744,466.201744,466.201744,466.201744,101560000
2006-07-24,467.37322,467.37322,467.37322,467.37322,467.37322,92884000
2006-07-25,469.197767,469.197767,469.197767,469.197767,469.197767,95480700
2006-07-26,468.319297,468.319297,468.319297,468.319297,468.319297,84525800
2006-07-27,468.036988,468.036988,468.036988,468.036988,468.036988,87257100
2006-07-28,470.043099,470.043099,470.043099,470.043099,470.043099,82137000
2006-07-31,471.243665,471.243665,471.243665,471.243665,471.243665,49593100
2006-08-01,470.041964,470.041964,470.041964,470.041964,470.041964,65225600
2006-08-02,468.143223,468.143223,468.143223,468.143223,468.143223,64770900
2006-08-03,469.444456,469.444456,469.444456,469.444456,469.444456,63693800
2006-08-04,466.708672,466.708672,466.708672,466.708672,466.708672,96294200
2006-08-07,469.084014,469.084014,469.084014,469.084014,469.084014,45377300
2006-08-08,467.963093,467.963093,467.963093,467.963093,467.963093,90901300
2006-08-09,468.63483,468.63483,468.63483,468.63483,468.63483,78910600
2006-08-10,471.443185,471.443185,471.443185,471.443185,471.443185,69322300
2006-08-11,469.934838,469.934838,469.934838,469.934838,469.934838,47482200
2006-08-14,469.17337,469.17337,469.17337,469.17337,469.17337,57839000
2006-08-15,471.440366,471.440366,471.440366,471.440366,471.440366,68143000
2006-08-16,475.644646,475.644646,475.644646,475.644646,475.644646,71737600
2006-08-17,478.172105,478.172105,478.172105,478.172105,478.172105,70992800
2006-08-18,477.705769,477.705769,477.705769,477.705769,477.705769,58288400
2006-08-21,478.269587,478.269587,478.269587,478.269587,478.269587,42133600
2006-08-22,476.379226,476.379226,476.379226,476.379226,476.379226,60839900
2006-08-23,475.84305,475.84305,475.84305,475.84305,475.84305,66592100
2006-08-24,476.039092,476.039092,476.039092,476.039092,476.039092,57983000
2006-08-25,476.858865,476.858865,476.858865,476.858865,476.858865,41756000
2006-08-28,476.798288,476.798288,476.798288,476.798288,476.798288,52681500
2006-08-29,476.186701,476.186701,476.186701,476.186701,476.186701,61817800
2006-08-30,476.382109,476.382109,476.382109,476.382109,476.382109,50052200
2006-08-31,477.416237,477.416237,477.416237,477.416237,477.416237,37510300
2006-09-01,478.0863,478.0863,478.0863,478.0863,478.0863,48794500
2006-09-05,479.892046,479.892046,479.892046,479.892046,479.892046,52348300
2006-09-06,480.196617,480.196617,480.196617,480.196617,480.196617,53795600
2006-09-07,478.130605,478.130605,478.130605,478.130605,478.130605,86269400
2006-09-08,476.458011,476.458011,476.458011,476.458011,476.458011,45096300
2006-09-11,477.058151,477.058151,477.058151,477.058151,477.058151,68496600
2006-09-12,475.496327,475.496327,475.496327,475.496327,475.496327,69875600
2006-09-13,476.019282,476.019282,476.019282,476.019282,476.019282,62898400
2006-09-14,475.814773,475.814773,475.814773,475.814773,475.814773,57805400
2006-09-15,474.85525,474.85525,474.85525,474.85525,474.85525,76703100
2006-09-18,477.208316,477.208316,477.208316,477.208316,477.208316,64154100
2006-09-19,476.569773,476.569773,476.569773,476.569773,476.569773,92089100
2006-09-20,476.473881,476.473881,476.473881,476.473881,476.473881,75204100
2006-09-21,478.040283,478.040283,478.040283,478.040283,478.040283,88932500
2006-09-22,478.377198,478.377198,478.377198,478.377198,478.377198,65966800
2006-09-25,477.627769,477.627769,477.627769,477.627769,477.627769,92299100
2006-09-26,478.548173,478.548173,478.548173,478.548173,478.548173,73962700
2006-09-27,478.596793,478.596793,478.596793,478.596793,478.596793,82432200
2006-09-28,478.250532,478.250532,478.250532,478.250532,478.250532,58597500
2006-09-29,478.226489,478.226489,478.226489,478.226489,478.226489,47966600
2006-10-02,478.596064,478.596064,478.596064,478.596064,478.596064,51687400
2006-10-03,478.428548,478.428548,478.428548,478.428548,478.428548,73108100
2006-10-04,477.721923,477.721923,477.721923,477.721923,477.721923,80890500
2006-10-05,477.232541,477.232541,477.232541,477.232541,477.232541,60505900
2006-10-06,477.208537,477.208537,477.208537,477.208537,477.208537,64983600
2006-10-09,476.372441,476.372441,476.372441,476.372441,476.372441,41176800
2006-10-10,475.784411,475.784411,475.784411,475.784411,475.784411,56403700
2006-10-11,475.795897,475.795897,475.795897,475.795897,475.795897,104071800
2006-10-12,474.259603,474.259603,474.259603,474.259603,474.259603,59158600
2006-10-13,475.429162,475.429162,475.429162,475.429162,475.429162,53944000
2006-10-16,474.986666,474.986666,474.986666,474.986666,474.986666,42273000
2006-10-17,474.58076,474.58076,474.58076,474.58076,474.58076,90500600
2006-10-18,473.27369,473.27369,473.27369,473.27369,473.27369,86848600
2006-10-19,475.435756,475.435756,475.435756,475.435756,475.435756,64063200
2006-10-20,474.716327,474.716327,474.716327,474.716327,474.716327,48094500
2006-10-23,474.79636,474.79636,474.79636,474.79636,474.79636,66219900
2006-10-24,473.801346,473.801346,473.801346,473.801346,473.801346,53234900
2006-10-25,473.122584,473.122584,473.122584,473.122584,473.122584,78105400
2006-10-26,472.618647,472.618647,472.618647,472.618647,472.618647,66843700
2006-10-27,473.654146,473.654146,473.654146,473.654146,473.654146,80238000
2006-10-30,473.050177,473.050177,473.050177,473.050177,473.050177,49717800
2006-10-31,472.168783,472.168783,472.168783,472.168783,472.168783,71274100
2006-11-01,473.035998,473.035998,473.035998,473.035998,473.035998,83005600
2006-11-02,474.488508,474.488508,474.488508,474.488508,474.488508,60693100
2006-11-03,473.251603,473.251603,473.251603,473.251603,473.251603,71346400
2006-11-06,474.92332,474.92332,474.92332,474.92332,474.92332,63303300
2006-11-07,476.360088,476.360088,476.360088,476.360088,476.360088,63318900
2006-11-08,476.750183,476.750183,476.750183,476.750183,476.750183,87517800
2006-11-09,474.628609,474.628609,474.628609,474.628609,474.628609,95916300
2006-11-10,474.946586,474.946586,474.946586,474.946586,474.946586,48991500
2006-11-13,474.785214,474.785214,474.785214,474.785214,474.785214,59398200
2006-11-14,474.555084,474.555084,474.555084,474.555084,474.555084,96704000
2006-11-15,475.867246,475.867246,475.867246,475.867246,475.867246,76509600
2006-11-16,475.673061,475.673061,475.673061,475.673061,475.673061,76728800
2006-11-17,477.076133,477.076133,477.076133,477.076133,477.076133,56353800
2006-11-20,475.522465,475.522465,475.522465,475.522465,475.522465,69174200
2006-11-21,475.092633,475.092633,475.092633,475.092633,475.092633,51367900
2006-11-22,475.035217,475.035217,475.035217,475.035217,475.035217,45505300
2006-11-24,475.382807,475.382807,475.382807,475.382807,475.382807,30998000
2006-11-27,473.065371,473.065371,473.065371,473.065371,473.065371,84545100
2006-11-28,472.805785,472.805785,472.805785,472.805785,472.805785,106652900
2006-11-29,472.167367,472.167367,472.167367,472.167367,472.167367,90034900
2006-11-30,473.672239,473.672239,473.672239,473.672239,473.672239,83994300
2006-12-01,473.547255,473.547255,473.547255,473.547255,473.547255,126080000
2006-12-04,473.52359,473.52359,473.52359,473.52359,473.52359,87813200
2006-12-05,473.60085,473.60085,473.60085,473.60085,473.60085,73374400
2006-12-06,474.4824,474.4824,474.4824,474.4824,474.4824,53253200
2006-12-07,474.358171,474.358171,474.358171,474.358171,474.358171,62857400
2006-12-08,475.170868,475.170868,475.170868,475.170868,475.170868,79625500
2006-12-11,475.045994,475.045994,475.045994,475.045994,475.045994,39779400
2006-12-12,475.022475,475.022475,475.022475,475.022475,475.022475,77451600
2006-12-13,474.529874,474.529874,474.529874,474.529874,474.529874,55520200
2006-12-14,476.213612,476.213612,476.213612,476.213612,476.213612,64755200
2006-12-15,476.156406,476.156406,476.156406,476.156406,476.156406,70857400
2006-12-18,477.17973,477.17973,477.17973,477.17973,477.17973,48954600
2006-12-19,477.82609,477.82609,477.82609,477.82609,477.82609,65023600
2006-12-20,476.456143,476.456143,476.456143,476.456143,476.456143,41469600
2006-12-21,476.633076,476.633076,476.633076,476.633076,476.633076,48698400
2006-12-22,477.045488,477.045488,477.045488,477.045488,477.045488,62069100
2006-12-26,477.088757,477.088757,477.088757,477.088757,477.088757,32696900
2006-12-27,477.268392,477.268392,477.268392,477.268392,477.268392,39727100
2006-12-28,478.22154,478.22154,478.22154,478.22154,478.22154,37288800
2006-12-29,477.862123,477.862123,477.862123,477.862123,477.862123,45461200
2007-01-03,477.334824,477.334824,477.334824,477.334824,477.334824,94807600
2007-01-04,479.434005,479.434005,479.434005,479.434005,479.434005,69620600
2007-01-05,478.93522,478.93522,478.93522,478.93522,478.93522,76645300
2007-01-08,477.761838,477.761838,477.761838,477.761838,477.761838,71655000
2007-01-09,478.689811,478.689811,478.689811,478.689811,478.689811,75680100
2007-01-10,479.07282,479.07282,479.07282,479.07282,479.07282,72428000
2007-01-11,477.384901,477.384901,477.384901,477.384901,477.384901,54476800
2007-01-12,477.495901,477.495901,477.495901,477.495901,477.495901,55370600
2007-01-16,477.438361,477.438361,477.438361,477.438361,477.438361,44871300
2007-01-17,476.847993,476.847993,476.847993,476.847993,476.847993,50241400
2007-01-18,476.457441,476.457441,476.457441,476.457441,476.457441,68177300
2007-01-19,476.933286,476.933286,476.933286,476.933286,476.933286,56973000
2007-01-22,476.90933,476.90933,476.90933,476.90933,476.90933,60253600
2007-01-23,477.720355,477.720355,477.720355,477.720355,477.720355,54064400
2007-01-24,477.293695,477.293695,477.293695,477.293695,477.293695,55834700
2007-01-25,477.838142,477.838142,477.838142,477.838142,477.838142,73583800
2007-01-26,477.515179,477.515179,477.515179,477.515179,477.515179,67255600
2007-01-29,478.531894,478.531894,478.531894,478.531894,478.531894,66114600
2007-01-30,478.710206,478.710206,478.710206,478.710206,478.710206,70407600
2007-01-31,479.697072,479.697072,479.697072,479.697072,479.697072,91868600
2007-02-01,479.135637,479.135637,479.135637,479.135637,479.135637,69312400
2007-02-02,480.445072,480.445072,480.445072,480.445072,480.445072,49607000
2007-02-05,480.819363,480.819363,480.819363,480.819363,480.819363,45705300
2007-02-06,480.430222,480.430222,480.430222,480.430222,480.430222,57081300
2007-02-07,480.80431,480.80431,480.80431,480.80431,480.80431,55669700
2007-02-08,481.543478,481.543478,481.543478,481.543478,481.543478,70641000
2007-02-09,480.093416,480.093416,480.093416,480.093416,480.093416,79084400
2007-02-12,480.201904,480.201904,480.201904,480.201904,480.201904,65657000
2007-02-13,480.177845,480.177845,480.177845,480.177845,480.177845,64081800
2007-02-14,481.224774,481.224774,481.224774,481.224774,481.224774,66039400
2007-02-15,481.666419,481.666419,481.666419,481.666419,481.666419,38715200
2007-02-16,481.840897,481.840897,481.840897,481.840897,481.840897,39841800
2007-02-20,480.626925,480.626925,480.626925,480.626925,480.626925,56911800
2007-02-21,480.042704,480.042704,480.042704,480.042704,480.042704,63971600
2007-02-22,478.605157,478.605157,478.605157,478.605157,478.605157,79067400
2007-02-23,478.810388,478.810388,478.810388,478.810388,478.810388,71966200
2007-02-26,478.359935,478.359935,478.359935,478.359935,478.359935,69192800
2007-02-27,480.080891,480.080891,480.080891,480.080891,480.080891,274466500
2007-02-28,475.791089,475.791089,475.791089,475.791089,475.791089,177536300
2007-03-01,478.802686,478.802686,478.802686,478.802686,478.802686,212828600
2007-03-02,473.376752,473.376752,473.376752,473.376752,473.376752,162574000
2007-03-05,471.803594,471.803594,471.803594,471.803594,471.803594,143750400
2007-03-06,469.262706,469.262706,469.262706,469.262706,469.262706,143333300
2007-03-07,474.124111,474.124111,474.124111,474.124111,474.124111,115144900
2007-03-08,473.727152,473.727152,473.727152,473.727152,473.727152,117891600
2007-03-09,477.030075,477.030075,477.030075,477.030075,477.030075,107765100
2007-03-12,478.937745,478.937745,478.937745,478.937745,478.937745,80366900
2007-03-13,477.689289,477.689289,477.689289,477.689289,477.689289,190605200
2007-03-14,474.921492,474.921492,474.921492,474.921492,474.921492,231853800
2007-03-15,475.515822,475.515822,475.515822,475.515822,475.515822,132435900
2007-03-16,474.433827,474.433827,474.433827,474.433827,474.433827,121531600
2007-03-19,475.745536,475.745536,475.745536,475.745536,475.745536,96161200
2007-03-20,478.228253,478.228253,478.228253,478.228253,478.228253,82147400
2007-03-21,477.795287,477.795287,477.795287,477.795287,477.795287,152368700
2007-03-22,478.212147,478.212147,478.212147,478.212147,478.212147,118942200
2007-03-23,478.821998,478.821998,478.821998,478.821998,478.821998,74416800
2007-03-26,479.1327,479.1327,479.1327,479.1327,479.1327,113787500
2007-03-27,479.475842,479.475842,479.475842,479.475842,479.475842,99864600
2007-03-28,479.18415,479.18415,479.18415,479.18415,479.18415,152907900
2007-03-29,476.745397,476.745397,476.745397,476.745397,476.745397,139432700
2007-03-30,479.141706,479.141706,479.141706,479.141706,479.141706,128194100
2007-04-02,480.029112,480.029112,480.029112,480.029112,480.029112,79416400
2007-04-03,480.545757,480.545757,480.545757,480.545757,480.545757,82417800
2007-04-04,483.259769,483.259769,483.259769,483.259769,483.259769,63995200
2007-04-05,483.235402,483.235402,483.235402,483.235402,483.235402,46822800
2007-04-09,482.606907,482.606907,482.606907,482.606907,482.606907,50967400
2007-04-10,483.954377,483.954377,483.954377,483.954377,483.954377,56620000
2007-04-11,483.561808,483.561808,483.561808,483.561808,483.561808,106365700
2007-04-12,484.239638,484.239638,484.239638,484.239638,484.239638,115534400
2007-04-13,483.274169,483.274169,483.274169,483.274169,483.274169,84287000
2007-04-16,484.051686,484.051686,484.051686,484.051686,484.051686,83064600
2007-04-17,485.726392,485.726392,485.726392,485.726392,485.726392,108424100
2007-04-18,486.595871,486.595871,486.595871,486.595871,486.595871,88345300
2007-04-19,484.950697,484.950697,484.950697,484.950697,484.950697,102947700
2007-04-20,482.555587,482.555587,482.555587,482.555587,482.555587,124114100
2007-04-23,485.775731,485.775731,485.775731,485.775731,485.775731,77270800
2007-04-24,484.934333,484.934333,484.934333,484.934333,484.934333,114471000
2007-04-25,485.467186,485.467186,485.467186,485.467186,485.467186,108418800
2007-04-26,487.44205,487.44205,487.44205,487.44205,487.44205,88741600
2007-04-27,487.449989,487.449989,487.449989,487.449989,487.449989,108191100
2007-04-30,485.601901,485.601901,485.601901,485.601901,485.601901,100874100
2007-05-01,485.935085,485.935085,485.935085,485.935085,485.935085,134342700
2007-05-02,486.336703,486.336703,486.336703,486.336703,486.336703,87129800
2007-05-03,487.064446,487.064446,487.064446,487.064446,487.064446,86569700
2007-05-04,488.440875,488.440875,488.440875,488.440875,488.440875,96409000
2007-05-07,489.715771,489.715771,489.715771,489.715771,489.715771,63461400
2007-05-08,489.5612,489.5612,489.5612,489.5612,489.5612,80584000
2007-05-09,488.336927,488.336927,488.336927,488.336927,488.336927,102070100
2007-05-10,487.956299,487.956299,487.956299,487.956299,487.956299,153617800
2007-05-11,486.543815,486.543815,486.543815,486.543815,486.543815,113408900
2007-05-14,487.072701,487.072701,487.072701,487.072701,487.072701,108027500
2007-05-15,487.047916,487.047916,487.047916,487.047916,487.047916,180673300
2007-05-16,487.573647,487.573647,487.573647,487.573647,487.573647,114166500
2007-05-17,488.294451,488.294451,488.294451,488.294451,488.294451,101132800
2007-05-18,487.5612,487.5612,487.5612,487.5612,487.5612,99182000
2007-05-21,489.82455,489.82455,489.82455,489.82455,489.82455,174664600
2007-05-22,489.672014,489.672014,489.672014,489.672014,489.672014,82148800
2007-05-23,490.160927,490.160927,490.160927,490.160927,490.160927,133786600
2007-05-24,491.841,491.841,491.841,491.841,491.841,187593000
2007-05-25,492.106565,492.106565,492.106565,492.106565,492.106565,83309200
2007-05-29,493.515046,493.515046,493.515046,493.515046,493.515046,82020000
2007-05-30,494.303795,494.303795,494.303795,494.303795,494.303795,129013600
2007-05-31,491.746854,491.746854,491.746854,491.746854,491.746854,114866700
2007-06-01,492.33073,492.33073,492.33073,492.33073,492.33073,107771700
2007-06-04,494.104135,494.104135,494.104135,494.104135,494.104135,78008800
2007-06-05,492.348103,492.348103,492.348103,492.348103,492.348103,126917900
2007-06-06,491.173373,491.173373,491.173373,491.173373,491.173373,164096800
2007-06-07,489.133042,489.133042,489.133042,489.133042,489.133042,232414600
2007-06-08,488.20649,488.20649,488.20649,488.20649,488.20649,175886000
2007-06-11,489.753908,489.753908,489.753908,489.753908,489.753908,102015600
2007-06-12,489.372497,489.372497,489.372497,489.372497,489.372497,233898000
2007-06-13,487.310112,487.310112,487.310112,487.310112,487.310112,193208200
2007-06-14,490.053976,490.053976,490.053976,490.053976,490.053976,146396500
2007-06-15,490.577579,490.577579,490.577579,490.577579,490.577579,154030800
2007-06-18,493.569892,493.569892,493.569892,493.569892,493.569892,88537500
2007-06-19,494.544888,494.544888,494.544888,494.544888,494.544888,110851700
2007-06-20,493.420603,493.420603,493.420603,493.420603,493.420603,177119700
2007-06-21,494.393892,494.393892,494.393892,494.393892,494.393892,205262000
2007-06-22,494.172268,494.172268,494.172268,494.172268,494.172268,204964700
2007-06-25,492.652324,492.652324,492.652324,492.652324,492.652324,232014400
2007-06-26,491.613408,491.613408,491.613408,491.613408,491.613408,198445700
2007-06-27,492.835398,492.835398,492.835398,492.835398,492.835398,213638000
2007-06-28,492.27902,492.27902,492.27902,492.27902,492.27902,157705000
2007-06-29,492.188962,492.188962,492.188962,492.188962,492.188962,199701800
2007-07-02,493.866405,493.866405,493.866405,493.866405,493.866405,103357000
2007-07-03,495.286047,495.286047,495.286047,495.286047,495.286047,54048400
2007-07-05,496.533583,496.533583,496.533583,496.533583,496.533583,89279000
2007-07-06,496.704433,496.704433,496.704433,496.704433,496.704433,81109000
2007-07-09,497.332657,497.332657,497.332657,497.332657,497.332657,72348100
2007-07-10,497.892842,497.892842,497.892842,497.892842,497.892842,180362600
2007-07-11,495.233733,495.233733,495.233733,495.233733,495.233733,175607600
2007-07-12,494.651023,494.651023,494.651023,494.651023,494.651023,133882500
2007-07-13,495.863392,495.863392,495.863392,495.863392,495.863392,111794300
2007-07-16,496.416336,496.416336,496.416336,496.416336,496.416336,98378700
2007-07-17,496.840318,496.840318,496.840318,496.840318,496.840318,126201300
2007-07-18,497.136415,497.136415,497.136415,497.136415,497.136415,237887400
2007-07-19,495.441348,495.441348,495.441348,495.441348,495.441348,145212700
2007-07-20,497.757376,497.757376,497.757376,497.757376,497.757376,245502500
2007-07-23,497.154791,497.154791,497.154791,497.154791,497.154791,121183900
2007-07-24,499.332532,499.332532,499.332532,499.332532,499.332532,256732400
2007-07-25,496.551094,496.551094,496.551094,496.551094,496.551094,265214500
2007-07-26,498.88864,498.88864,498.88864,498.88864,498.88864,467592500
2007-07-27,494.19197,494.19197,494.19197,494.19197,494.19197,422987600
2007-07-30,494.800793,494.800793,494.800793,494.800793,494.800793,283017500
2007-07-31,497.571843,497.571843,497.571843,497.571843,497.571843,316976700
2007-08-01,500.754483,500.754483,500.754483,500.754483,500.754483,467670000
2007-08-02,498.874027,498.874027,498.874027,498.874027,498.874027,294758400
2007-08-03,499.97357,499.97357,499.97357,499.97357,499.97357,359398200
2007-08-06,498.864356,498.864356,498.864356,498.864356,498.864356,324980000
2007-08-07,500.261927,500.261927,500.261927,500.261927,500.261927,232568700
2007-08-08,499.313335,499.313335,499.313335,499.313335,499.313335,274930600
2007-08-09,501.450601,501.450601,501.450601,501.450601,501.450601,357622100
2007-08-10,493.393339,493.393339,493.393339,493.393339,493.393339,411018400
2007-08-13,489.975319,489.975319,489.975319,489.975319,489.975319,181917200
2007-08-14,496.011847,496.011847,496.011847,496.011847,496.011847,264134500
2007-08-15,497.591552,497.591552,497.591552,497.591552,497.591552,323834000
2007-08-16,496.557585,496.557585,496.557585,496.557585,496.557585,546743700
2007-08-17,492.132725,492.132725,492.132725,492.132725,492.132725,388218100
2007-08-20,503.882267,503.882267,503.882267,503.882267,503.882267,187320400
2007-08-21,505.459025,505.459025,505.459025,505.459025,505.459025,157066400
2007-08-22,505.293488,505.293488,505.293488,505.293488,505.293488,173156700
2007-08-23,509.033484,509.033484,509.033484,509.033484,509.033484,203915300
2007-08-24,511.40331,511.40331,511.40331,511.40331,511.40331,128901900
2007-08-27,511.238365,511.238365,511.238365,511.238365,511.238365,113024300
2007-08-28,509.557675,509.557675,509.557675,509.557675,509.557675,219790700
2007-08-29,506.7934,506.7934,506.7934,506.7934,506.7934,207654200
2007-08-30,509.060155,509.060155,509.060155,509.060155,509.060155,191817300
2007-08-31,505.247963,505.247963,505.247963,505.247963,505.247963,185477500
2007-09-04,510.408312,510.408312,510.408312,510.408312,510.408312,120062000
2007-09-05,509.898661,509.898661,509.898661,509.898661,509.898661,166261800
2007-09-06,506.863769,506.863769,506.863769,506.863769,506.863769,127878400
2007-09-07,507.386861,507.386861,507.386861,507.386861,507.386861,235447600
2007-09-10,501.709789,501.709789,501.709789,501.709789,501.709789,192305900
2007-09-11,503.23048,503.23048,503.23048,503.23048,503.23048,162081900
2007-09-12,504.758606,504.758606,504.758606,504.758606,504.758606,149554600
2007-09-13,504.04863,504.04863,504.04863,504.04863,504.04863,154079000
2007-09-14,506.341375,506.341375,506.341375,506.341375,506.341375,121911000
2007-09-17,503.085686,503.085686,503.085686,503.085686,503.085686,109870800
2007-09-18,501.067369,501.067369,501.067369,501.067369,501.067369,263759500
2007-09-19,503.512345,503.512345,503.512345,503.512345,503.512345,193779900
2007-09-20,506.624233,506.624233,506.624233,506.624233,506.624233,175186800
2007-09-21,506.533214,506.533214,506.533214,506.533214,506.533214,141457500
2007-09-24,510.34739,510.34739,510.34739,510.34739,510.34739,139450200
2007-09-25,511.832913,511.832913,511.832913,511.832913,511.832913,142289900
2007-09-26,508.838425,508.838425,508.838425,508.838425,508.838425,135547000
2007-09-27,511.703346,511.703346,511.703346,511.703346,511.703346,102713300
2007-09-28,514.098182,514.098182,514.098182,514.098182,514.098182,133372100
2007-10-01,513.266758,513.266758,513.266758,513.266758,513.266758,148162300
2007-10-02,513.308647,513.308647,513.308647,513.308647,513.308647,112978800
2007-10-03,514.314146,514.314146,514.314146,514.314146,514.314146,119055900
2007-10-04,513.353619,513.353619,513.353619,513.353619,513.353619,76864400
2007-10-05,514.429782,514.429782,514.429782,514.429782,514.429782,134579700
2007-10-08,517.777415,517.777415,517.777415,517.777415,517.777415,71280400
2007-10-09,516.223192,516.223192,516.223192,516.223192,516.223192,94054300
2007-10-10,518.128577,518.128577,518.128577,518.128577,518.128577,101711100
2007-10-11,516.645899,516.645899,516.645899,516.645899,516.645899,233529100
2007-10-12,518.967965,518.967965,518.967965,518.967965,518.967965,124546700
2007-10-15,518.908542,518.908542,518.908542,518.908542,518.908542,161151900
2007-10-16,518.683617,518.683617,518.683617,518.683617,518.683617,166525700
2007-10-17,516.649964,516.649964,516.649964,516.649964,516.649964,216687300
2007-10-18,520.65553,520.65553,520.65553,520.65553,520.65553,148367500
2007-10-19,517.92963,517.92963,517.92963,517.92963,517.92963,297169900
2007-10-22,515.88147,515.88147,515.88147,515.88147,515.88147,261989800
2007-10-23,513.063887,513.063887,513.063887,513.063887,513.063887,180085100
2007-10-24,516.173655,516.173655,516.173655,516.173655,516.173655,326694200
2007-10-25,514.277652,514.277652,514.277652,514.277652,514.277652,237374500
2007-10-26,514.828754,514.828754,514.828754,514.828754,514.828754,176484000
2007-10-29,518.939568,518.939568,518.939568,518.939568,518.939568,106841000
2007-10-30,519.960574,519.960574,519.960574,519.960574,519.960574,132981600
2007-10-31,517.640736,517.640736,517.640736,517.640736,517.640736,220954400
2007-11-01,520.725925,520.725925,520.725925,520.725925,520.725925,333040800
2007-11-02,516.120894,516.120894,516.120894,516.120894,516.120894,331228200
2007-11-05,517.803928,517.803928,517.803928,517.803928,517.803928,226841000
2007-11-06,512.435833,512.435833,512.435833,512.435833,512.435833,177800500
2007-11-07,515.176327,515.176327,515.176327,515.176327,515.176327,306639700
2007-11-08,509.628858,509.628858,509.628858,509.628858,509.628858,374509900
2007-11-09,509.87844,509.87844,509.87844,509.87844,509.87844,277745100
2007-11-12,504.760421,504.760421,504.760421,504.760421,504.760421,243087800
2007-11-13,504.978405,504.978405,504.978405,504.978405,504.978405,191117400
2007-11-14,510.821517,510.821517,510.821517,510.821517,510.821517,230558800
2007-11-15,514.72831,514.72831,514.72831,514.72831,514.72831,263111100
2007-11-16,510.868687,510.868687,510.868687,510.868687,510.868687,308770600
2007-11-19,513.545692,513.545692,513.545692,513.545692,513.545692,267746000
2007-11-20,511.724029,511.724029,511.724029,511.724029,511.724029,414767500
2007-11-21,512.623429,512.623429,512.623429,512.623429,512.623429,259012400
2007-11-23,507.069206,507.069206,507.069206,507.069206,507.069206,77688400
2007-11-26,512.018606,512.018606,512.018606,512.018606,512.018606,214232000
2007-11-27,513.058539,513.058539,513.058539,513.058539,513.058539,293897900
2007-11-28,515.908397,515.908397,515.908397,515.908397,515.908397,258596900
2007-11-29,521.744412,521.744412,521.744412,521.744412,521.744412,199409900
2007-11-30,519.910252,519.910252,519.910252,519.910252,519.910252,222908000
2007-12-03,526.453845,526.453845,526.453845,526.453845,526.453845,146430400
2007-12-04,524.763391,524.763391,524.763391,524.763391,524.763391,136533900
2007-12-05,521.113067,521.113067,521.113067,521.113067,521.113067,171130000
2007-12-06,526.67642,526.67642,526.67642,526.67642,526.67642,154457400
2007-12-07,526.0129,526.0129,526.0129,526.0129,526.0129,148980100
2007-12-10,527.659547,527.659547,527.659547,527.659547,527.659547,123914300
2007-12-11,528.92652,528.92652,528.92652,528.92652,528.92652,250346400
2007-12-12,529.109219,529.109219,529.109219,529.109219,529.109219,322435600
2007-12-13,540.349843,540.349843,540.349843,540.349843,540.349843,237551300
2007-12-14,536.52481,536.52481,536.52481,536.52481,536.52481,159152900
2007-12-17,532.431326,532.431326,532.431326,532.431326,532.431326,177269400
2007-12-18,530.378201,530.378201,530.378201,530.378201,530.378201,245569300
2007-12-19,534.117735,534.117735,534.117735,534.117735,534.117735,198917200
2007-12-20,534.310699,534.310699,534.310699,534.310699,534.310699,214813800
2007-12-21,537.799811,537.799811,537.799811,537.799811,537.799811,146084400
2007-12-24,542.72604,542.72604,542.72604,542.72604,542.72604,45601400
2007-12-26,545.226836,545.226836,545.226836,545.226836,545.226836,67093100
2007-12-27,543.081474,543.081474,543.081474,543.081474,543.081474,122981700
2007-12-28,541.129106,541.129106,541.129106,541.129106,541.129106,116398100
2007-12-31,544.289654,544.289654,544.289654,544.289654,544.289654,108126800
2008-01-02,543.523855,543.523855,543.523855,543.523855,543.523855,204935600
2008-01-03,544.686242,544.686242,544.686242,544.686242,544.686242,125133300
2008-01-04,544.58363,544.58363,544.58363,544.58363,544.58363,232330900
2008-01-07,538.842257,538.842257,538.842257,538.842257,538.842257,234991000
2008-01-08,540.722206,540.722206,540.722206,540.722206,540.722206,326365700
2008-01-09,544.103377,544.103377,544.103377,544.103377,544.103377,301824900
2008-01-10,544.781089,544.781089,544.781089,544.781089,544.781089,335701200
2008-01-11,542.076118,542.076118,542.076118,542.076118,542.076118,267076600
2008-01-14,540.092386,540.092386,540.092386,540.092386,540.092386,170365500
2008-01-15,543.95757,543.95757,543.95757,543.95757,543.95757,239940100
2008-01-16,538.193674,538.193674,538.193674,538.193674,538.193674,378802600
2008-01-17,535.01187,535.01187,535.01187,535.01187,535.01187,397892600
2008-01-18,538.227127,538.227127,538.227127,538.227127,538.227127,348561500
2008-01-22,543.483706,543.483706,543.483706,543.483706,543.483706,435923700
2008-01-23,523.497947,523.497947,523.497947,523.497947,523.497947,511913000
2008-01-24,508.935144,508.935144,508.935144,508.935144,508.935144,259949300
2008-01-25,511.266987,511.266987,511.266987,511.266987,511.266987,269603900
2008-01-28,516.998224,516.998224,516.998224,516.998224,516.998224,217934600
2008-01-29,517.827256,517.827256,517.827256,517.827256,517.827256,168968300
2008-01-30,521.093974,521.093974,521.093974,521.093974,521.093974,334939200
2008-01-31,519.802579,519.802579,519.802579,519.802579,519.802579,343680800
2008-02-01,513.958962,513.958962,513.958962,513.958962,513.958962,206843600
2008-02-04,516.066168,516.066168,516.066168,516.066168,516.066168,124694300
2008-02-05,514.671921,514.671921,514.671921,514.671921,514.671921,286882500
2008-02-06,507.625832,507.625832,507.625832,507.625832,507.625832,250792900
2008-02-07,509.303718,509.303718,509.303718,509.303718,509.303718,297368100
2008-02-08,504.493602,504.493602,504.493602,504.493602,504.493602,221643500
2008-02-11,501.304145,501.304145,501.304145,501.304145,501.304145,188576300
2008-02-12,501.392379,501.392379,501.392379,501.392379,501.392379,256654400
2008-02-13,505.71552,505.71552,505.71552,505.71552,505.71552,181967800
2008-02-14,509.511097,509.511097,509.511097,509.511097,509.511097,215207200
2008-02-15,511.652676,511.652676,511.652676,511.652676,511.652676,154110300
2008-02-19,509.090932,509.090932,509.090932,509.090932,509.090932,145190000
2008-02-20,515.017451,515.017451,515.017451,515.017451,515.017451,220085700
2008-02-21,509.177475,509.177475,509.177475,509.177475,509.177475,201051200
2008-02-22,511.923863,511.923863,511.923863,511.923863,511.923863,205491000
2008-02-25,512.581935,512.581935,512.581935,512.581935,512.581935,190107000
2008-02-26,512.25403,512.25403,512.25403,512.25403,512.25403,212420700
2008-02-27,510.065377,510.065377,510.065377,510.065377,510.065377,168395800
2008-02-28,507.090393,507.090393,507.090393,507.090393,507.090393,170831100
2008-02-29,503.470223,503.470223,503.470223,503.470223,503.470223,252715200
2008-03-03,498.773815,498.773815,498.773815,498.773815,498.773815,189483500
2008-03-04,496.214129,496.214129,496.214129,496.214129,496.214129,282513100
2008-03-05,491.469321,491.469321,491.469321,491.469321,491.469321,270681400
2008-03-06,493.0337,493.0337,493.0337,493.0337,493.0337,247911700
2008-03-07,489.87776,489.87776,489.87776,489.87776,489.87776,326434600
2008-03-10,485.031564,485.031564,485.031564,485.031564,485.031564,235683600
2008-03-11,485.493332,485.493332,485.493332,485.493332,485.493332,341440600
2008-03-12,495.78499,495.78499,495.78499,495.78499,495.78499,229161100
2008-03-13,496.283721,496.283721,496.283721,496.283721,496.283721,351504200
2008-03-14,489.647876,489.647876,489.647876,489.647876,489.647876,484687800
2008-03-17,493.789013,493.789013,493.789013,493.789013,493.789013,405311100
2008-03-18,482.182973,482.182973,482.182973,482.182973,482.182973,334416600
2008-03-19,490.877486,490.877486,490.877486,490.877486,490.877486,345971600
2008-03-20,492.726407,492.726407,492.726407,492.726407,492.726407,245320700
2008-03-24,494.114898,494.114898,494.114898,494.114898,494.114898,208977300
2008-03-25,498.69138,498.69138,498.69138,498.69138,498.69138,192947200
2008-03-26,499.184895,499.184895,499.184895,499.184895,499.184895,196934300
2008-03-27,497.716149,497.716149,497.716149,497.716149,497.716149,225153200
2008-03-28,501.427872,501.427872,501.427872,501.427872,501.427872,180896100
2008-03-31,502.195613,502.195613,502.195613,502.195613,502.195613,166692100
2008-04-01,501.330607,501.330607,501.330607,501.330607,501.330607,254547300
2008-04-02,507.535258,507.535258,507.535258,507.535258,507.535258,210910800
2008-04-03,509.144379,509.144379,509.144379,509.144379,509.144379,175884800
2008-04-04,506.363048,506.363048,506.363048,506.363048,506.363048,204446800
2008-04-07,506.63316,506.63316,506.63316,506.63316,506.63316,154245500
2008-04-08,510.234619,510.234619,510.234619,510.234619,510.234619,148937300
2008-04-09,507.340733,507.340733,507.340733,507.340733,507.340733,195610600
2008-04-10,506.536398,506.536398,506.536398,506.536398,506.536398,192967800
2008-04-11,504.982688,504.982688,504.982688,504.982688,504.982688,222973300
2008-04-14,499.277031,499.277031,499.277031,499.277031,499.277031,160522000
2008-04-15,498.540931,498.540931,498.540931,498.540931,498.540931,172389200
2008-04-16,500.954181,500.954181,500.954181,500.954181,500.954181,189268900
2008-04-17,505.81643,505.81643,505.81643,505.81643,505.81643,179665700
2008-04-18,502.723192,502.723192,502.723192,502.723192,502.723192,218530600
2008-04-21,509.630598,509.630598,509.630598,509.630598,509.630598,118587400
2008-04-22,508.685089,508.685089,508.685089,508.685089,508.685089,162166000
2008-04-23,507.338175,507.338175,507.338175,507.338175,507.338175,193309000
2008-04-24,507.86435,507.86435,507.86435,507.86435,507.86435,229381300
2008-04-25,509.166554,509.166554,509.166554,509.166554,509.166554,190788100
2008-04-28,513.116858,513.116858,513.116858,513.116858,513.116858,105610200
2008-04-29,514.119944,514.119944,514.119944,514.119944,514.119944,125514100
2008-04-30,513.210544,513.210544,513.210544,513.210544,513.210544,208395900
2008-05-01,513.959519,513.959519,513.959519,513.959519,513.959519,187279500
2008-05-02,514.379963,514.379963,514.379963,514.379963,514.379963,181585500
2008-05-05,518.801098,518.801098,518.801098,518.801098,518.801098,118504500
2008-05-06,517.088508,517.088508,517.088508,517.088508,517.088508,179339800
2008-05-07,514.088839,514.088839,514.088839,514.088839,514.088839,199267300
2008-05-08,513.484475,513.484475,513.484475,513.484475,513.484475,178321200
2008-05-09,514.268377,514.268377,514.268377,514.268377,514.268377,152588200
2008-05-12,512.173317,512.173317,512.173317,512.173317,512.173317,147865900
2008-05-13,513.437979,513.437979,513.437979,513.437979,513.437979,159132200
2008-05-14,514.655,514.655,514.655,514.655,514.655,181910800
2008-05-15,516.790746,516.790746,516.790746,516.790746,516.790746,166927000
2008-05-16,517.756043,517.756043,517.756043,517.756043,517.756043,204236800
2008-05-19,518.929092,518.929092,518.929092,518.929092,518.929092,165664400
2008-05-20,519.448941,519.448941,519.448941,519.448941,519.448941,178552100
2008-05-21,516.590373,516.590373,516.590373,516.590373,516.590373,252724800
2008-05-22,516.273385,516.273385,516.273385,516.273385,516.273385,170820400
2008-05-23,516.02543,516.02543,516.02543,516.02543,516.02543,181376400
2008-05-27,514.297954,514.297954,514.297954,514.297954,514.297954,168322900
2008-05-28,514.8705,514.8705,514.8705,514.8705,514.8705,181288100
2008-05-29,516.738328,516.738328,516.738328,516.738328,516.738328,173927200
2008-05-30,516.082111,516.082111,516.082111,516.082111,516.082111,117362000
2008-06-02,517.788629,517.788629,517.788629,517.788629,517.788629,181069900
2008-06-03,515.844461,515.844461,515.844461,515.844461,515.844461,271965700
2008-06-04,517.304094,517.304094,517.304094,517.304094,517.304094,246637700
2008-06-05,515.817339,515.817339,515.817339,515.817339,515.817339,237867100
2008-06-06,517.883769,517.883769,517.883769,517.883769,517.883769,384276300
2008-06-09,513.333515,513.333515,513.333515,513.333515,513.333515,228263900
2008-06-10,515.454563,515.454563,515.454563,515.454563,515.454563,260234900
2008-06-11,511.844934,511.844934,511.844934,511.844934,511.844934,283890100
2008-06-12,511.932281,511.932281,511.932281,511.932281,511.932281,252791800
2008-06-13,514.429373,514.429373,514.429373,514.429373,514.429373,244726900
2008-06-16,517.158049,517.158049,517.158049,517.158049,517.158049,185832500
2008-06-17,514.85343,514.85343,514.85343,514.85343,514.85343,191707700
2008-06-18,518.001749,518.001749,518.001749,518.001749,518.001749,265893000
2008-06-19,514.613899,514.613899,514.613899,514.613899,514.613899,304204900
2008-06-20,514.204938,514.204938,514.204938,514.204938,514.204938,289275700
2008-06-23,510.67692,510.67692,510.67692,510.67692,510.67692,165096400
2008-06-24,512.63076,512.63076,512.63076,512.63076,512.63076,267300600
2008-06-25,511.044948,511.044948,511.044948,511.044948,511.044948,287853900
2008-06-26,513.084345,513.084345,513.084345,513.084345,513.084345,297775000
2008-06-27,508.231982,508.231982,508.231982,508.231982,508.231982,303423400
2008-06-30,508.404541,508.404541,508.404541,508.404541,508.404541,258842600
2008-07-01,509.814646,509.814646,509.814646,509.814646,509.814646,388622000
2008-07-02,503.973182,503.973182,503.973182,503.973182,503.973182,288064600
2008-07-03,505.557604,505.557604,505.557604,505.557604,505.557604,239352500
2008-07-07,509.258205,509.258205,509.258205,509.258205,509.258205,372427300
2008-07-08,511.167911,511.167911,511.167911,511.167911,511.167911,375973700
2008-07-09,511.019575,511.019575,511.019575,511.019575,511.019575,336729400
2008-07-10,512.03806,512.03806,512.03806,512.03806,512.03806,436475700
2008-07-11,510.535475,510.535475,510.535475,510.535475,510.535475,481124600
2008-07-14,505.091091,505.091091,505.091091,505.091091,505.091091,322720800
2008-07-15,510.857153,510.857153,510.857153,510.857153,510.857153,502502500
2008-07-16,507.002189,507.002189,507.002189,507.002189,507.002189,371642900
2008-07-17,508.904596,508.904596,508.904596,508.904596,508.904596,375490600
2008-07-18,513.723098,513.723098,513.723098,513.723098,513.723098,267030100
2008-07-21,517.677245,517.677245,517.677245,517.677245,517.677245,222863000
2008-07-22,519.829378,519.829378,519.829378,519.829378,519.829378,296904200
2008-07-23,516.091906,516.091906,516.091906,516.091906,516.091906,311698400
2008-07-24,517.725465,517.725465,517.725465,517.725465,517.725465,248634500
2008-07-25,518.386512,518.386512,518.386512,518.386512,518.386512,219131000
2008-07-28,519.929898,519.929898,519.929898,519.929898,519.929898,205201300
2008-07-29,520.028539,520.028539,520.028539,520.028539,520.028539,261505600
2008-07-30,521.432145,521.432145,521.432145,521.432145,521.432145,354710000
2008-07-31,524.833099,524.833099,524.833099,524.833099,524.833099,277402100
2008-08-01,520.193155,520.193155,520.193155,520.193155,520.193155,248690900
2008-08-04,521.356431,521.356431,521.356431,521.356431,521.356431,188239600
2008-08-05,520.834336,520.834336,520.834336,520.834336,520.834336,251577600
2008-08-06,525.100054,525.100054,525.100054,525.100054,525.100054,209555400
2008-08-07,523.682723,523.682723,523.682723,523.682723,523.682723,246312500
2008-08-08,519.717438,519.717438,519.717438,519.717438,519.717438,260811700
2008-08-11,517.931806,517.931806,517.931806,517.931806,517.931806,249425800
2008-08-12,518.306414,518.306414,518.306414,518.306414,518.306414,213200800
2008-08-13,516.575255,516.575255,516.575255,516.575255,516.575255,256393200
2008-08-14,514.313196,514.313196,514.313196,514.313196,514.313196,239555300
2008-08-15,511.367449,511.367449,511.367449,511.367449,511.367449,181000800
2008-08-18,512.881305,512.881305,512.881305,512.881305,512.881305,172275100
2008-08-19,513.880005,513.880005,513.880005,513.880005,513.880005,194673700
2008-08-20,509.97226,509.97226,509.97226,509.97226,509.97226,225498200
2008-08-21,511.552831,511.552831,511.552831,511.552831,511.552831,180609800
2008-08-22,508.199601,508.199601,508.199601,508.199601,508.199601,167715300
2008-08-25,511.633308,511.633308,511.633308,511.633308,511.633308,171936900
2008-08-26,508.253385,508.253385,508.253385,508.253385,508.253385,159117200
2008-08-27,508.228137,508.228137,508.228137,508.228137,508.228137,171032800
2008-08-28,508.840856,508.840856,508.840856,508.840856,508.840856,167537100
2008-08-29,511.386964,511.386964,511.386964,511.386964,511.386964,189195800
2008-09-02,509.554774,509.554774,509.554774,509.554774,509.554774,252364900
2008-09-03,514.434545,514.434545,514.434545,514.434545,514.434545,251947000
2008-09-04,513.966896,513.966896,513.966896,513.966896,513.966896,340042500
2008-09-05,510.284023,510.284023,510.284023,510.284023,510.284023,289503400
2008-09-08,507.213826,507.213826,507.213826,507.213826,507.213826,364075300
2008-09-09,521.945667,521.945667,521.945667,521.945667,521.945667,377326800
2008-09-10,522.371429,522.371429,522.371429,522.371429,522.371429,298916600
2008-09-11,525.185588,525.185588,525.185588,525.185588,525.185588,375369400
2008-09-12,518.367807,518.367807,518.367807,518.367807,518.367807,297851200
2008-09-15,513.303203,513.303203,513.303203,513.303203,513.303203,483607000
2008-09-16,495.122535,495.122535,495.122535,495.122535,495.122535,581744300
2008-09-17,483.182818,483.182818,483.182818,483.182818,483.182818,624095600
2008-09-18,473.424212,473.424212,473.424212,473.424212,473.424212,776114700
2008-09-19,479.246763,479.246763,479.246763,479.246763,479.246763,501087800
2008-09-22,508.61136,508.61136,508.61136,508.61136,508.61136,249966500
2008-09-23,509.937864,509.937864,509.937864,509.937864,509.937864,327470400
2008-09-24,507.978685,507.978685,507.978685,507.978685,507.978685,311818400
2008-09-25,511.381379,511.381379,511.381379,511.381379,511.381379,328253000
2008-09-26,513.376696,513.376696,513.376696,513.376696,513.376696,285917400
2008-09-29,505.021059,505.021059,505.021059,505.021059,505.021059,459562300
2008-09-30,497.849951,497.849951,497.849951,497.849951,497.849951,328154400
2008-10-01,507.345734,507.345734,507.345734,507.345734,507.345734,332783000
2008-10-02,504.170922,504.170922,504.170922,504.170922,504.170922,365337800
2008-10-03,499.324153,499.324153,499.324153,499.324153,499.324153,461798000
2008-10-06,503.80815,503.80815,503.80815,503.80815,503.80815,610637500
2008-10-07,489.217723,489.217723,489.217723,489.217723,489.217723,540012100
2008-10-08,499.096825,499.096825,499.096825,499.096825,499.096825,725414800
2008-10-09,486.549117,486.549117,486.549117,486.549117,486.549117,534485200
2008-10-10,497.252407,497.252407,497.252407,497.252407,497.252407,871026300
2008-10-13,475.62725,475.62725,475.62725,475.62725,475.62725,455584000
2008-10-14,504.462674,504.462674,504.462674,504.462674,504.462674,546268300
2008-10-15,521.111119,521.111119,521.111119,521.111119,521.111119,484627500
2008-10-16,508.611881,508.611881,508.611881,508.611881,508.611881,708811200
2008-10-17,515.761693,515.761693,515.761693,515.761693,515.761693,476649000
2008-10-20,505.946517,505.946517,505.946517,505.946517,505.946517,321294200
2008-10-21,517.536299,517.536299,517.536299,517.536299,517.536299,356502000
2008-10-22,507.873935,507.873935,507.873935,507.873935,507.873935,516168000
2008-10-23,493.75634,493.75634,493.75634,493.75634,493.75634,634666400
2008-10-24,491.824987,491.824987,491.824987,491.824987,491.824987,545812600
2008-10-27,450.874973,450.874973,450.874973,450.874973,450.874973,397288600
2008-10-28,445.309633,445.309633,445.309633,445.309633,445.309633,639939500
2008-10-29,463.268919,463.268919,463.268919,463.268919,463.268919,531270100
2008-10-30,463.295227,463.295227,463.295227,463.295227,463.295227,414582100
2008-10-31,476.710275,476.710275,476.710275,476.710275,476.710275,411394000
2008-11-03,470.64757,470.64757,470.64757,470.64757,470.64757,205419400
2008-11-04,470.381075,470.381075,470.381075,470.381075,470.381075,346793400
2008-11-05,479.802531,479.802531,479.802531,479.802531,479.802531,387844100
2008-11-06,473.996608,473.996608,473.996608,473.996608,473.996608,477721900
2008-11-07,465.448281,465.448281,465.448281,465.448281,465.448281,380391000
2008-11-10,469.472231,469.472231,469.472231,469.472231,469.472231,301773000
2008-11-11,476.200603,476.200603,476.200603,476.200603,476.200603,418498200
2008-11-12,466.56405,466.56405,466.56405,466.56405,466.56405,454330600
2008-11-13,458.537215,458.537215,458.537215,458.537215,458.537215,753141900
2008-11-14,460.170137,460.170137,460.170137,460.170137,460.170137,540352300
2008-11-17,451.264318,451.264318,451.264318,451.264318,451.264318,415254900
2008-11-18,449.991303,449.991303,449.991303,449.991303,449.991303,523811800
2008-11-19,448.284091,448.284091,448.284091,448.284091,448.284091,558327600
2008-11-20,442.239381,442.239381,442.239381,442.239381,442.239381,814180400
2008-11-21,434.783189,434.783189,434.783189,434.783189,434.783189,718536500
2008-11-24,446.344193,446.344193,446.344193,446.344193,446.344193,523305300
2008-11-25,459.792159,459.792159,459.792159,459.792159,459.792159,454112400
2008-11-26,472.043132,472.043132,472.043132,472.043132,472.043132,370134200
2008-11-28,464.525208,464.525208,464.525208,464.525208,464.525208,118308100
2008-12-01,462.72711,462.72711,462.72711,462.72711,462.72711,369927100
2008-12-02,449.452848,449.452848,449.452848,449.452848,449.452848,469508400
2008-12-03,456.874392,456.874392,456.874392,456.874392,456.874392,519863500
2008-12-04,446.832901,446.832901,446.832901,446.832901,446.832901,444173800
2008-12-05,440.362921,440.362921,440.362921,440.362921,440.362921,471905300
2008-12-08,431.823052,431.823052,431.823052,431.823052,431.823052,412859300
2008-12-09,443.63651,443.63651,443.63651,443.63651,443.63651,370790000
2008-12-10,440.54325,440.54325,440.54325,440.54325,440.54325,396187400
2008-12-11,444.557547,444.557547,444.557547,444.557547,444.557547,365061000
2008-12-12,441.723291,441.723291,441.723291,441.723291,441.723291,415060400
2008-12-15,429.69668,429.69668,429.69668,429.69668,429.69668,256694200
2008-12-16,429.820002,429.820002,429.820002,429.820002,429.820002,377699500
2008-12-17,450.026983,450.026983,450.026983,450.026983,450.026983,281819800
2008-12-18,444.911188,444.911188,444.911188,444.911188,444.911188,374673300
2008-12-19,446.893771,446.893771,446.893771,446.893771,446.893771,301451300
2008-12-22,449.54047,449.54047,449.54047,449.54047,449.54047,243759500
2008-12-23,451.505466,451.505466,451.505466,451.505466,451.505466,221625200
2008-12-24,453.920796,453.920796,453.920796,453.920796,453.920796,62061600
2008-12-26,455.425061,455.425061,455.425061,455.425061,455.425061,74767700
2008-12-29,458.45088,458.45088,458.45088,458.45088,458.45088,127795900
2008-12-30,458.848395,458.848395,458.848395,458.848395,458.848395,168256300
2008-12-31,461.993055,461.993055,461.993055,461.993055,461.993055,193987200
2009-01-02,462.541409,462.541409,462.541409,462.541409,462.541409,227566300
2009-01-05,463.543268,463.543268,463.543268,463.543268,463.543268,240349700
2009-01-06,461.874197,461.874197,461.874197,461.874197,461.874197,328260900
2009-01-07,465.781115,465.781115,465.781115,465.781115,465.781115,280899200
2009-01-08,458.43264,458.43264,458.43264,458.43264,458.43264,263834400
2009-01-09,455.831368,455.831368,455.831368,455.831368,455.831368,330953600
2009-01-12,456.409116,456.409116,456.409116,456.409116,456.409116,277858500
2009-01-13,455.105972,455.105972,455.105972,455.105972,455.105972,356432300
2009-01-14,453.931722,453.931722,453.931722,453.931722,453.931722,435491600
2009-01-15,445.728153,445.728153,445.728153,445.728153,445.728153,532647300
2009-01-16,444.385304,444.385304,444.385304,444.385304,444.385304,399237200
2009-01-20,452.049823,452.049823,452.049823,452.049823,452.049823,419855200
2009-01-21,447.616283,447.616283,447.616283,447.616283,447.616283,364360700
2009-01-22,455.204944,455.204944,455.204944,455.204944,455.204944,427940300
2009-01-23,446.354308,446.354308,446.354308,446.354308,446.354308,386800600
2009-01-26,436.353644,436.353644,436.353644,436.353644,436.353644,317978800
2009-01-27,438.852086,438.852086,438.852086,438.852086,438.852086,273789700
2009-01-28,441.189978,441.189978,441.189978,441.189978,441.189978,330007000
2009-01-29,450.927352,450.927352,450.927352,450.927352,450.927352,294392500
2009-01-30,444.300717,444.300717,444.300717,444.300717,444.300717,383383600
2009-02-02,446.537969,446.537969,446.537969,446.537969,446.537969,288233300
2009-02-03,439.722965,439.722965,439.722965,439.722965,439.722965,278385800
2009-02-04,442.470301,442.470301,442.470301,442.470301,442.470301,322989300
2009-02-05,445.406705,445.406705,445.406705,445.406705,445.406705,417679400
2009-02-06,442.01736,442.01736,442.01736,442.01736,442.01736,366101700
2009-02-09,443.510945,443.510945,443.510945,443.510945,443.510945,240075200
2009-02-10,443.386584,443.386584,443.386584,443.386584,443.386584,536212800
2009-02-11,439.139276,439.139276,439.139276,439.139276,439.139276,324442500
2009-02-12,440.914354,440.914354,440.914354,440.914354,440.914354,469302200
2009-02-13,433.350267,433.350267,433.350267,433.350267,433.350267,293998400
2009-02-17,432.75866,432.75866,432.75866,432.75866,432.75866,478910100
2009-02-18,419.142341,419.142341,419.142341,419.142341,419.142341,362964800
2009-02-19,422.136947,422.136947,422.136947,422.136947,422.136947,316867500
2009-02-20,426.442252,426.442252,426.442252,426.442252,426.442252,477176600
2009-02-23,418.511804,418.511804,418.511804,418.511804,418.511804,379641400
2009-02-24,423.086165,423.086165,423.086165,423.086165,423.086165,426260900
2009-02-25,426.691707,426.691707,426.691707,426.691707,426.691707,461985800
2009-02-26,424.79838,424.79838,424.79838,424.79838,424.79838,363353900
2009-02-27,430.026537,430.026537,430.026537,430.026537,430.026537,470510900
2009-03-02,420.850056,420.850056,420.850056,420.850056,420.850056,426452600
2009-03-03,412.802591,412.802591,412.802591,412.802591,412.802591,443761000
2009-03-04,418.687112,418.687112,418.687112,418.687112,418.687112,462753100
2009-03-05,425.597705,425.597705,425.597705,425.597705,425.597705,485549400
2009-03-06,415.90552,415.90552,415.90552,415.90552,415.90552,490470000
2009-03-09,419.511376,419.511376,419.511376,419.511376,419.511376,379905300
2009-03-10,413.5866,413.5866,413.5866,413.5866,413.5866,406227900
2009-03-11,422.066493,422.066493,422.066493,422.066493,422.066493,356648300
2009-03-12,426.898967,426.898967,426.898967,426.898967,426.898967,409702700
2009-03-13,426.759852,426.759852,426.759852,426.759852,426.759852,337474700
2009-03-16,429.621464,429.621464,429.621464,429.621464,429.621464,360644900
2009-03-17,434.512472,434.512472,434.512472,434.512472,434.512472,356814300
2009-03-18,435.69316,435.69316,435.69316,435.69316,435.69316,473273200
2009-03-19,433.609642,433.609642,433.609642,433.609642,433.609642,428520400
2009-03-20,439.011969,439.011969,439.011969,439.011969,439.011969,371078200
2009-03-23,441.124016,441.124016,441.124016,441.124016,441.124016,419933300
2009-03-24,452.775353,452.775353,452.775353,452.775353,452.775353,330271000
2009-03-25,447.356343,447.356343,447.356343,447.356343,447.356343,441775100
2009-03-26,450.830189,450.830189,450.830189,450.830189,450.830189,422025200
2009-03-27,455.235487,455.235487,455.235487,455.235487,455.235487,322332300
2009-03-30,449.407278,449.407278,449.407278,449.407278,449.407278,324108500
2009-03-31,439.417897,439.417897,439.417897,439.417897,439.417897,364238300
2009-04-01,443.690171,443.690171,443.690171,443.690171,443.690171,377018300
2009-04-02,438.144143,438.144143,438.144143,438.144143,438.144143,476230700
2009-04-03,449.04023,449.04023,449.04023,449.04023,449.04023,284646300
2009-04-06,449.341066,449.341066,449.341066,449.341066,449.341066,264866600
2009-04-07,444.412394,444.412394,444.412394,444.412394,444.412394,258947800
2009-04-08,437.214331,437.214331,437.214331,437.214331,437.214331,230402800
2009-04-09,439.387213,439.387213,439.387213,439.387213,439.387213,269653500
2009-04-13,450.757899,450.757899,450.757899,450.757899,450.757899,224847500
2009-04-14,446.061205,446.061205,446.061205,446.061205,446.061205,276598800
2009-04-15,441.881232,441.881232,441.881232,441.881232,441.881232,250726100
2009-04-16,439.187034,439.187034,439.187034,439.187034,439.187034,335202900
2009-04-17,442.668816,442.668816,442.668816,442.668816,442.668816,262649000
2009-04-20,444.334766,444.334766,444.334766,444.334766,444.334766,293690100
2009-04-21,436.455113,436.455113,436.455113,436.455113,436.455113,114090900
2009-04-22,433.242585,433.242585,433.242585,433.242585,433.242585,340395200
2009-04-23,429.2993,429.2993,429.2993,429.2993,429.2993,324903700
2009-04-24,430.140722,430.140722,430.140722,430.140722,430.140722,287703000
2009-04-27,433.44461,433.44461,433.44461,433.44461,433.44461,289581600
2009-04-28,428.521567,428.521567,428.521567,428.521567,428.521567,247926300
2009-04-29,424.156912,424.156912,424.156912,424.156912,424.156912,311505700
2009-04-30,428.844871,428.844871,428.844871,428.844871,428.844871,301419800
2009-05-01,434.515293,434.515293,434.515293,434.515293,434.515293,236110300
2009-05-04,434.593109,434.593109,434.593109,434.593109,434.593109,287120000
2009-05-05,437.834308,437.834308,437.834308,437.834308,437.834308,243036300
2009-05-06,436.319243,436.319243,436.319243,436.319243,436.319243,291941000
2009-05-07,441.644691,441.644691,441.644691,441.644691,441.644691,317728000
2009-05-08,445.792717,445.792717,445.792717,445.792717,445.792717,299081700
2009-05-11,451.510379,451.510379,451.510379,451.510379,451.510379,247923600
2009-05-12,445.272237,445.272237,445.272237,445.272237,445.272237,282431300
2009-05-13,447.153517,447.153517,447.153517,447.153517,447.153517,269619100
2009-05-14,441.085664,441.085664,441.085664,441.085664,441.085664,260098700
2009-05-15,441.262389,441.262389,441.262389,441.262389,441.262389,271502700
2009-05-18,440.894892,440.894892,440.894892,440.894892,440.894892,241447400
2009-05-19,445.047586,445.047586,445.047586,445.047586,445.047586,206102200
2009-05-20,444.781498,444.781498,444.781498,444.781498,444.781498,285722200
2009-05-21,448.810033,448.810033,448.810033,448.810033,448.810033,258988400
2009-05-22,443.581431,443.581431,443.581431,443.581431,443.581431,166811900
2009-05-26,444.802143,444.802143,444.802143,444.802143,444.802143,236318500
2009-05-27,441.482456,441.482456,441.482456,441.482456,441.482456,246015800
2009-05-28,442.137045,442.137045,442.137045,442.137045,442.137045,289095000
2009-05-29,446.010699,446.010699,446.010699,446.010699,446.010699,258641500
2009-06-01,448.440596,448.440596,448.440596,448.440596,448.440596,276246800
2009-06-02,453.942913,453.942913,453.942913,453.942913,453.942913,230874500
2009-06-03,452.148213,452.148213,452.148213,452.148213,452.148213,235310500
2009-06-04,448.264319,448.264319,448.264319,448.264319,448.264319,210102300
2009-06-05,449.917252,449.917252,449.917252,449.917252,449.917252,284257900
2009-06-08,454.463712,454.463712,454.463712,454.463712,454.463712,238565100
2009-06-09,451.028533,451.028533,451.028533,451.028533,451.028533,225125500
2009-06-10,453.544396,453.544396,453.544396,453.544396,453.544396,296100400
2009-06-11,457.547146,457.547146,457.547146,457.547146,457.547146,275414200
2009-06-12,458.396351,458.396351,458.396351,458.396351,458.396351,184361800
2009-06-15,456.343054,456.343054,456.343054,456.343054,456.343054,224190500
2009-06-16,450.945048,450.945048,450.945048,450.945048,450.945048,227319000
2009-06-17,452.524559,452.524559,452.524559,452.524559,452.524559,223445200
2009-06-18,452.304537,452.304537,452.304537,452.304537,452.304537,211725100
2009-06-19,452.97351,452.97351,452.97351,452.97351,452.97351,215655600
2009-06-22,457.287567,457.287567,457.287567,457.287567,457.287567,251913600
2009-06-23,452.793085,452.793085,452.793085,452.793085,452.793085,188309800
2009-06-24,453.733899,453.733899,453.733899,453.733899,453.733899,211577700
2009-06-25,457.824554,457.824554,457.824554,457.824554,457.824554,279411000
2009-06-26,455.51555,455.51555,455.51555,455.51555,455.51555,167579000
2009-06-29,453.959354,453.959354,453.959354,453.959354,453.959354,168481300
2009-06-30,455.271469,455.271469,455.271469,455.271469,455.271469,228888200
2009-07-01,455.346863,455.346863,455.346863,455.346863,455.346863,173041100
2009-07-02,457.25506,457.25506,457.25506,457.25506,457.25506,212309900
2009-07-06,451.289908,451.289908,451.289908,451.289908,451.289908,174499600
2009-07-07,446.895783,446.895783,446.895783,446.895783,446.895783,197088900
2009-07-08,446.4255,446.4255,446.4255,446.4255,446.4255,248050500
2009-07-09,449.090099,449.090099,449.090099,449.090099,449.090099,163777600
2009-07-10,452.180543,452.180543,452.180543,452.180543,452.180543,173520300
2009-07-13,449.747278,449.747278,449.747278,449.747278,449.747278,217413500
2009-07-14,451.514254,451.514254,451.514254,451.514254,451.514254,181487400
2009-07-15,452.894887,452.894887,452.894887,452.894887,452.894887,220877900
2009-07-16,458.869982,458.869982,458.869982,458.869982,458.869982,231174500
2009-07-17,457.567937,457.567937,457.567937,457.567937,457.567937,138561700
2009-07-20,462.212964,462.212964,462.212964,462.212964,462.212964,164179400
2009-07-21,464.890508,464.890508,464.890508,464.890508,464.890508,217718300
2009-07-22,468.483611,468.483611,468.483611,468.483611,468.483611,196068100
2009-07-23,465.46996,465.46996,465.46996,465.46996,465.46996,258795500
2009-07-24,465.739344,465.739344,465.739344,465.739344,465.739344,154003100
2009-07-27,463.522336,463.522336,463.522336,463.522336,463.522336,159259400
2009-07-28,462.648047,462.648047,462.648047,462.648047,462.648047,186685200
2009-07-29,459.379517,459.379517,459.379517,459.379517,459.379517,194399300
2009-07-30,457.244944,457.244944,457.244944,457.244944,457.244944,225575400
2009-07-31,462.74674,462.74674,462.74674,462.74674,462.74674,207358000
2009-08-03,462.630253,462.630253,462.630253,462.630253,462.630253,175776900
2009-08-04,467.476027,467.476027,467.476027,467.476027,467.476027,176714600
2009-08-05,465.358427,465.358427,465.358427,465.358427,465.358427,184726400
2009-08-06,465.658306,465.658306,465.658306,465.658306,465.658306,193203800
2009-08-07,467.768637,467.768637,467.768637,467.768637,467.768637,220640900
2009-08-10,472.661907,472.661907,472.661907,472.661907,472.661907,130898700
2009-08-11,470.489574,470.489574,470.489574,470.489574,470.489574,157301000
2009-08-12,468.370161,468.370161,468.370161,468.370161,468.370161,219052400
2009-08-13,467.54838,467.54838,467.54838,467.54838,467.54838,176449500
2009-08-14,469.658132,469.658132,469.658132,469.658132,469.658132,199616100
2009-08-17,469.403802,469.403802,469.403802,469.403802,469.403802,237667500
2009-08-18,460.345683,460.345683,460.345683,460.345683,460.345683,173461500
2009-08-19,461.353073,461.353073,461.353073,461.353073,461.353073,192812800
2009-08-20,457.698303,457.698303,457.698303,457.698303,457.698303,174131300
2009-08-21,458.27032,458.27032,458.27032,458.27032,458.27032,224605000
2009-08-24,462.013586,462.013586,462.013586,462.013586,462.013586,191279000
2009-08-25,463.874805,463.874805,463.874805,463.874805,463.874805,215310600
2009-08-26,465.698988,465.698988,465.698988,465.698988,465.698988,194620700
2009-08-27,464.231262,464.231262,464.231262,464.231262,464.231262,196230100
2009-08-28,463.937955,463.937955,463.937955,463.937955,463.937955,147024400
2009-08-31,467.63849,467.63849,467.63849,467.63849,467.63849,176051600
2009-09-01,463.046513,463.046513,463.046513,463.046513,463.046513,321276800
2009-09-02,460.719,460.719,460.719,460.719,460.719,171805000
2009-09-03,458.764525,458.764525,458.764525,458.764525,458.764525,143572300
2009-09-04,461.40775,461.40775,461.40775,461.40775,461.40775,142687900
2009-09-08,462.300932,462.300932,462.300932,462.300932,462.300932,132909100
2009-09-09,466.535934,466.535934,466.535934,466.535934,466.535934,154612500
2009-09-10,467.328089,467.328089,467.328089,467.328089,467.328089,162902400
2009-09-11,467.619986,467.619986,467.619986,467.619986,467.619986,152360100
2009-09-14,468.489509,468.489509,468.489509,468.489509,468.489509,149593800
2009-09-15,464.486071,464.486071,464.486071,464.486071,464.486071,196795900
2009-09-16,465.213035,465.213035,465.213035,465.213035,465.213035,206406300
2009-09-17,466.862089,466.862089,466.862089,466.862089,466.862089,229170900
2009-09-18,466.186286,466.186286,466.186286,466.186286,466.186286,153799100
2009-09-21,468.33922,468.33922,468.33922,468.33922,468.33922,151892000
2009-09-22,464.673675,464.673675,464.673675,464.673675,464.673675,143126700
2009-09-23,467.400193,467.400193,467.400193,467.400193,467.400193,225947400
2009-09-24,468.468422,468.468422,468.468422,468.468422,468.468422,228636800
2009-09-25,469.459704,469.459704,469.459704,469.459704,469.459704,204059000
2009-09-28,468.40799,468.40799,468.40799,468.40799,468.40799,118285800
2009-09-29,470.17821,470.17821,470.17821,470.17821,470.17821,133733900
2009-09-30,470.995123,470.995123,470.995123,470.995123,470.995123,254383000
2009-10-01,472.570772,472.570772,472.570772,472.570772,472.570772,281840600
2009-10-02,460.956364,460.956364,460.956364,460.956364,460.956364,224748800
2009-10-05,456.680793,456.680793,456.680793,456.680793,456.680793,149875000
2009-10-06,458.484597,458.484597,458.484597,458.484597,458.484597,202491100
2009-10-07,461.767037,461.767037,461.767037,461.767037,461.767037,159200300
2009-10-08,460.693818,460.693818,460.693818,460.693818,460.693818,183305800
2009-10-09,463.936596,463.936596,463.936596,463.936596,463.936596,135008300
2009-10-12,464.043948,464.043948,464.043948,464.043948,464.043948,118031000
2009-10-13,466.18341,466.18341,466.18341,466.18341,466.18341,157692700
2009-10-14,464.904698,464.904698,464.904698,464.904698,464.904698,191421600
2009-10-15,470.33252,470.33252,470.33252,470.33252,470.33252,173873600
2009-10-16,468.028536,468.028536,468.028536,468.028536,468.028536,192069400
2009-10-19,464.12317,464.12317,464.12317,464.12317,464.12317,159530400
2009-10-20,464.867282,464.867282,464.867282,464.867282,464.867282,180921100
2009-10-21,465.521685,465.521685,465.521685,465.521685,465.521685,225379300
2009-10-22,464.773569,464.773569,464.773569,464.773569,464.773569,238444000
2009-10-23,464.578928,464.578928,464.578928,464.578928,464.578928,240033200
2009-10-26,466.085284,466.085284,466.085284,466.085284,466.085284,242028200
2009-10-27,466.579436,466.579436,466.579436,466.579436,466.579436,253266300
2009-10-28,467.079376,467.079376,467.079376,467.079376,467.079376,248821400
2009-10-29,465.871256,465.871256,465.871256,465.871256,465.871256,198110600
2009-10-30,469.328303,469.328303,469.328303,469.328303,469.328303,325608100
2009-11-02,467.764248,467.764248,467.764248,467.764248,467.764248,254222900
2009-11-03,470.31562,470.31562,470.31562,470.31562,470.31562,228362600
2009-11-04,467.677601,467.677601,467.677601,467.677601,467.677601,247996700
2009-11-05,471.4972,471.4972,471.4972,471.4972,471.4972,180015300
2009-11-06,474.798617,474.798617,474.798617,474.798617,474.798617,170954100
2009-11-09,472.153013,472.153013,472.153013,472.153013,472.153013,159495700
2009-11-10,475.743637,475.743637,475.743637,475.743637,475.743637,171899800
2009-11-11,474.591323,474.591323,474.591323,474.591323,474.591323,169466200
2009-11-12,477.685523,477.685523,477.685523,477.685523,477.685523,157144500
2009-11-13,477.011073,477.011073,477.011073,477.011073,477.011073,150963000
2009-11-16,478.211815,478.211815,478.211815,478.211815,478.211815,210922200
2009-11-17,481.503395,481.503395,481.503395,481.503395,481.503395,147134100
2009-11-18,480.223777,480.223777,480.223777,480.223777,480.223777,156486800
2009-11-19,479.854509,479.854509,479.854509,479.854509,479.854509,208734600
2009-11-20,476.553418,476.553418,476.553418,476.553418,476.553418,134196000
2009-11-23,474.056251,474.056251,474.056251,474.056251,474.056251,148010200
2009-11-24,479.620578,479.620578,479.620578,479.620578,479.620578,138420100
2009-11-25,480.375631,480.375631,480.375631,480.375631,480.375631,109564800
2009-11-27,481.130633,481.130633,481.130633,481.130633,481.130633,126001800
2009-11-30,468.234304,468.234304,468.234304,468.234304,468.234304,160874800
2009-12-01,467.826575,467.826575,467.826575,467.826575,467.826575,159613700
2009-12-02,471.972947,471.972947,471.972947,471.972947,471.972947,132315100
2009-12-03,471.864629,471.864629,471.864629,471.864629,471.864629,167324900
2009-12-04,473.112877,473.112877,473.112877,473.112877,473.112877,274907800
2009-12-07,479.347065,479.347065,479.347065,479.347065,479.347065,127973800
2009-12-08,478.891267,478.891267,478.891267,478.891267,478.891267,169863700
2009-12-09,475.411257,475.411257,475.411257,475.411257,475.411257,155063400
2009-12-10,475.257109,475.257109,475.257109,475.257109,475.257109,138014600
2009-12-11,478.171028,478.171028,478.171028,478.171028,478.171028,124854000
2009-12-14,480.178386,480.178386,480.178386,480.178386,480.178386,107141500
2009-12-15,483.438357,483.438357,483.438357,483.438357,483.438357,120408800
2009-12-16,481.642483,481.642483,481.642483,481.642483,481.642483,155358200
2009-12-17,483.564817,483.564817,483.564817,483.564817,483.564817,183390100
2009-12-18,480.071855,480.071855,480.071855,480.071855,480.071855,174591200
2009-12-21,482.71985,482.71985,482.71985,482.71985,482.71985,118039600
2009-12-22,485.104834,485.104834,485.104834,485.104834,485.104834,91707500
2009-12-23,486.12617,486.12617,486.12617,486.12617,486.12617,111783100
2009-12-24,487.276626,487.276626,487.276626,487.276626,487.276626,39677500
2009-12-28,488.296605,488.296605,488.296605,488.296605,488.296605,87508500
2009-12-29,490.095324,490.095324,490.095324,490.095324,490.095324,80572500
2009-12-30,491.332281,491.332281,491.332281,491.332281,491.332281,73138400
2009-12-31,489.867034,489.867034,489.867034,489.867034,489.867034,90637900
2010-01-04,490.930338,490.930338,490.930338,490.930338,490.930338,118944600
2010-01-05,495.003068,495.003068,495.003068,495.003068,495.003068,111579900
2010-01-06,494.67264,494.67264,494.67264,494.67264,494.67264,116074400
2010-01-07,494.169036,494.169036,494.169036,494.169036,494.169036,131091100
2010-01-08,493.231593,493.231593,493.231593,493.231593,493.231593,126402800
2010-01-11,491.911207,491.911207,491.911207,491.911207,491.911207,106375700
2010-01-12,494.07616,494.07616,494.07616,494.07616,494.07616,163333500
2010-01-13,490.77899,490.77899,490.77899,490.77899,490.77899,161822000
2010-01-14,492.006304,492.006304,492.006304,492.006304,492.006304,115718800
2010-01-15,491.423971,491.423971,491.423971,491.423971,491.423971,212283100
2010-01-19,490.543872,490.543872,490.543872,490.543872,490.543872,139172700
2010-01-20,490.433305,490.433305,490.433305,490.433305,490.433305,216490200
2010-01-21,487.08412,487.08412,487.08412,487.08412,487.08412,344859600
2010-01-22,487.188078,487.188078,487.188078,487.188078,487.188078,345942400
2010-01-25,484.983001,484.983001,484.983001,484.983001,484.983001,186937500
2010-01-26,489.399184,489.399184,489.399184,489.399184,489.399184,211168800
2010-01-27,487.457689,487.457689,487.457689,487.457689,487.457689,271863600
2010-01-28,486.809166,486.809166,486.809166,486.809166,486.809166,316104000
2010-01-29,488.380654,488.380654,488.380654,488.380654,488.380654,310677600
2010-02-01,490.469947,490.469947,490.469947,490.469947,490.469947,187865000
2010-02-02,493.916767,493.916767,493.916767,493.916767,493.916767,216327900
2010-02-03,494.797677,494.797677,494.797677,494.797677,494.797677,172730700
2010-02-04,492.531511,492.531511,492.531511,492.531511,492.531511,356715700
2010-02-05,488.69566,488.69566,488.69566,488.69566,488.69566,493585800
2010-02-08,489.222233,489.222233,489.222233,489.222233,489.222233,224166900
2010-02-09,489.564405,489.564405,489.564405,489.564405,489.564405,337820500
2010-02-10,495.272677,495.272677,495.272677,495.272677,495.272677,240511500
2010-02-11,494.462212,494.462212,494.462212,494.462212,494.462212,223591600
2010-02-12,493.790876,493.790876,493.790876,493.790876,493.790876,304622100
2010-02-16,488.560278,488.560278,488.560278,488.560278,488.560278,159317500
2010-02-17,492.243646,492.243646,492.243646,492.243646,492.243646,168845100
2010-02-18,494.596391,494.596391,494.596391,494.596391,494.596391,193708600
2010-02-19,493.764888,493.764888,493.764888,493.764888,493.764888,222684900
2010-02-22,492.448906,492.448906,492.448906,492.448906,492.448906,132346900
2010-02-23,494.240701,494.240701,494.240701,494.240701,494.240701,207497000
2010-02-24,492.882244,492.882244,492.882244,492.882244,492.882244,176350700
2010-02-25,494.338339,494.338339,494.338339,494.338339,494.338339,259634700
2010-02-26,487.266285,487.266285,487.266285,487.266285,487.266285,173589300
2010-03-01,487.682534,487.682534,487.682534,487.682534,487.682534,147709700
2010-03-02,489.683536,489.683536,489.683536,489.683536,489.683536,160992400
2010-03-03,491.759925,491.759925,491.759925,491.759925,491.759925,150785000
2010-03-04,493.006132,493.006132,493.006132,493.006132,493.006132,135770400
2010-03-05,493.639709,493.639709,493.639709,493.639709,493.639709,176118800
2010-03-08,496.814369,496.814369,496.814369,496.814369,496.814369,114631200
2010-03-09,496.832859,496.832859,496.832859,496.832859,496.832859,154556700
2010-03-10,495.329825,495.329825,495.329825,495.329825,495.329825,186088800
2010-03-11,495.521341,495.521341,495.521341,495.521341,495.521341,160791100
2010-03-12,494.332777,494.332777,494.332777,494.332777,494.332777,162074800
2010-03-15,496.449062,496.449062,496.449062,496.449062,496.449062,146816800
2010-03-16,495.564396,495.564396,495.564396,495.564396,495.564396,168673000
2010-03-17,496.912669,496.912669,496.912669,496.912669,496.912669,177468100
2010-03-18,498.381494,498.381494,498.381494,498.381494,498.381494,196509100
2010-03-19,498.399579,498.399579,498.399579,498.399579,498.399579,226641100
2010-03-22,495.851613,495.851613,495.851613,495.851613,495.851613,184477800
2010-03-23,493.004934,493.004934,493.004934,493.004934,493.004934,182941600
2010-03-24,493.699167,493.699167,493.699167,493.699167,493.699167,196072600
2010-03-25,491.824659,491.824659,491.824659,491.824659,491.824659,223396300
2010-03-26,495.125211,495.125211,495.125211,495.125211,495.125211,205808500
2010-03-29,496.034526,496.034526,496.034526,496.034526,496.034526,134513500
2010-03-30,498.519763,498.519763,498.519763,498.519763,498.519763,145772500
2010-03-31,499.089415,499.089415,499.089415,499.089415,499.089415,161078700
2010-04-01,497.151807,497.151807,497.151807,497.151807,497.151807,161215200
2010-04-05,500.526103,500.526103,500.526103,500.526103,500.526103,105847600
2010-04-06,502.413002,502.413002,502.413002,502.413002,502.413002,110384200
2010-04-07,500.949445,500.949445,500.949445,500.949445,500.949445,184576300
2010-04-08,499.914332,499.914332,499.914332,499.914332,499.914332,158704000
2010-04-09,498.158029,498.158029,498.158029,498.158029,498.158029,133006500
2010-04-12,499.181571,499.181571,499.181571,499.181571,499.181571,110279000
2010-04-13,499.78301,499.78301,499.78301,499.78301,499.78301,125043600
2010-04-14,499.256933,499.256933,499.256933,499.256933,499.256933,161609000
2010-04-15,501.065355,501.065355,501.065355,501.065355,501.065355,144615300
2010-04-16,500.213227,500.213227,500.213227,500.213227,500.213227,366786700
2010-04-19,498.414913,498.414913,498.414913,498.414913,498.414913,217947800
2010-04-20,496.928454,496.928454,496.928454,496.928454,496.928454,157708000
2010-04-21,500.014004,500.014004,500.014004,500.014004,500.014004,192910100
2010-04-22,500.278886,500.278886,500.278886,500.278886,500.278886,115360300
2010-04-23,496.729925,496.729925,496.729925,496.729925,496.729925,177335500
2010-04-26,496.376704,496.376704,496.376704,496.376704,496.376704,143457300
2010-04-27,496.514948,496.514948,496.514948,496.514948,496.514948,355853300
2010-04-28,493.626203,493.626203,493.626203,493.626203,493.626203,300674100
2010-04-29,495.975995,495.975995,495.975995,495.975995,495.975995,193775000
2010-04-30,498.942487,498.942487,498.942487,498.942487,498.942487,270000900
2010-05-03,499.00022,499.00022,499.00022,499.00022,499.00022,182747900
2010-05-04,501.368922,501.368922,501.368922,501.368922,501.368922,360353400
2010-05-05,495.761986,495.761986,495.761986,495.761986,495.761986,328973200
2010-05-06,491.687403,491.687403,491.687403,491.687403,491.687403,647356600
2010-05-07,489.305812,489.305812,489.305812,489.305812,489.305812,637558800
2010-05-10,487.98198,487.98198,487.98198,487.98198,487.98198,396159600
2010-05-11,507.91245,507.91245,507.91245,507.91245,507.91245,317849800
2010-05-12,503.121206,503.121206,503.121206,503.121206,503.121206,235607100
2010-05-13,505.094078,505.094078,505.094078,505.094078,505.094078,234452500
2010-05-14,503.692667,503.692667,503.692667,503.692667,503.692667,345601400
2010-05-17,499.889587,499.889587,499.889587,499.889587,499.889587,325739800
2010-05-18,501.225406,501.225406,501.225406,501.225406,501.225406,360556800
2010-05-19,505.290476,505.290476,505.290476,505.290476,505.290476,394742700
2010-05-20,502.433211,502.433211,502.433211,502.433211,502.433211,530418300
2010-05-21,491.709383,491.709383,491.709383,491.709383,491.709383,500909400
2010-05-24,484.232136,484.232136,484.232136,484.232136,484.232136,269823000
2010-05-25,481.589781,481.589781,481.589781,481.589781,481.589781,396505200
2010-05-26,469.941057,469.941057,469.941057,469.941057,469.941057,349719300
2010-05-27,472.794039,472.794039,472.794039,472.794039,472.794039,300870500
2010-05-28,481.681678,481.681678,481.681678,481.681678,481.681678,297933500
2010-06-01,481.135947,481.135947,481.135947,481.135947,481.135947,277909400
2010-06-02,476.624693,476.624693,476.624693,476.624693,476.624693,240243700
2010-06-03,479.038878,479.038878,479.038878,479.038878,479.038878,226618300
2010-06-04,480.403891,480.403891,480.403891,480.403891,480.403891,398475600
2010-06-07,471.268221,471.268221,471.268221,471.268221,471.268221,264609100
2010-06-08,472.920882,472.920882,472.920882,472.920882,472.920882,357774300
2010-06-09,473.255302,473.255302,473.255302,473.255302,473.255302,268023300
2010-06-10,475.983765,475.983765,475.983765,475.983765,475.983765,317890600
2010-06-11,484.083583,484.083583,484.083583,484.083583,484.083583,214128200
2010-06-14,479.802141,479.802141,479.802141,479.802141,479.802141,207196100
2010-06-15,483.452565,483.452565,483.452565,483.452565,483.452565,238268700
2010-06-16,486.82726,486.82726,486.82726,486.82726,486.82726,216374000
2010-06-17,484.281831,484.281831,484.281831,484.281831,484.281831,263185800
2010-06-18,485.641776,485.641776,485.641776,485.641776,485.641776,174006600
2010-06-21,486.579045,486.579045,486.579045,486.579045,486.579045,213140700
2010-06-22,492.608041,492.608041,492.608041,492.608041,492.608041,239355400
2010-06-23,492.583483,492.583483,492.583483,492.583483,492.583483,254639900
2010-06-24,492.873531,492.873531,492.873531,492.873531,492.873531,268523600
2010-06-25,490.412538,490.412538,490.412538,490.412538,490.412538,238726500
2010-06-28,491.84872,491.84872,491.84872,491.84872,491.84872,169218600
2010-06-29,492.553635,492.553635,492.553635,492.553635,492.553635,373649500
2010-06-30,485.612411,485.612411,485.612411,485.612411,485.612411,284101700
2010-07-01,484.236889,484.236889,484.236889,484.236889,484.236889,382924800
2010-07-02,483.884008,483.884008,483.884008,483.884008,483.884008,233385200
2010-07-06,485.508133,485.508133,485.508133,485.508133,485.508133,256935300
2010-07-07,492.324521,492.324521,492.324521,492.324521,492.324521,253769400
2010-07-08,493.543985,493.543985,493.543985,493.543985,493.543985,210842100
2010-07-09,497.658784,497.658784,497.658784,497.658784,497.658784,144999900
2010-07-12,497.49426,497.49426,497.49426,497.49426,497.49426,131283600
2010-07-13,495.811114,495.811114,495.811114,495.811114,495.811114,213025900
2010-07-14,500.926413,500.926413,500.926413,500.926413,500.926413,184426800
2010-07-15,499.302221,499.302221,499.302221,499.302221,499.302221,232337900
2010-07-16,499.095192,499.095192,499.095192,499.095192,499.095192,282693400
2010-07-19,496.386108,496.386108,496.386108,496.386108,496.386108,186709000
2010-07-20,498.175893,498.175893,498.175893,498.175893,498.175893,258162400
2010-07-21,491.557273,491.557273,491.557273,491.557273,491.557273,264527000
2010-07-22,494.070389,494.070389,494.070389,494.070389,494.070389,274781300
2010-07-23,499.906189,499.906189,499.906189,499.906189,499.906189,222020800
2010-07-26,498.876531,498.876531,498.876531,498.876531,498.876531,184445700
2010-07-27,499.709546,499.709546,499.709546,499.709546,499.709546,204855600
2010-07-28,502.416967,502.416967,502.416967,502.416967,502.416967,163056200
2010-07-29,501.356093,501.356093,501.356093,501.356093,501.356093,220149100
2010-07-30,504.452117,504.452117,504.452117,504.452117,504.452117,220070600
2010-08-02,499.304168,499.304168,499.304168,499.304168,499.304168,188263200
2010-08-03,507.066861,507.066861,507.066861,507.066861,507.066861,146657300
2010-08-04,505.782376,505.782376,505.782376,505.782376,505.782376,158171700
2010-08-05,507.15477,507.15477,507.15477,507.15477,507.15477,140473800
2010-08-06,503.897008,503.897008,503.897008,503.897008,503.897008,239728300
2010-08-09,498.916009,498.916009,498.916009,498.916009,498.916009,120800400
2010-08-10,501.243312,501.243312,501.243312,501.243312,501.243312,242916300
2010-08-11,496.9597,496.9597,496.9597,496.9597,496.9597,273406900
2010-08-12,489.285284,489.285284,489.285284,489.285284,489.285284,239542600
2010-08-13,481.874734,481.874734,481.874734,481.874734,481.874734,158698500
2010-08-16,480.342743,480.342743,480.342743,480.342743,480.342743,147895300
2010-08-17,477.036763,477.036763,477.036763,477.036763,477.036763,172270300
2010-08-18,481.110589,481.110589,481.110589,481.110589,481.110589,182922100
2010-08-19,480.867109,480.867109,480.867109,480.867109,480.867109,265847600
2010-08-20,478.346761,478.346761,478.346761,478.346761,478.346761,209714200
2010-08-23,476.904187,476.904187,476.904187,476.904187,476.904187,163490300
2010-08-24,479.142156,479.142156,479.142156,479.142156,479.142156,280677800
2010-08-25,473.884975,473.884975,473.884975,473.884975,473.884975,272234800
2010-08-26,471.256872,471.256872,471.256872,471.256872,471.256872,224439500
2010-08-27,473.457297,473.457297,473.457297,473.457297,473.457297,272649000
2010-08-30,476.403023,476.403023,476.403023,476.403023,476.403023,167238600
2010-08-31,475.131323,475.131323,475.131323,475.131323,475.131323,273933100
2010-09-01,473.348076,473.348076,473.348076,473.348076,473.348076,256828100
2010-09-02,479.706323,479.706323,479.706323,479.706323,479.706323,156112200
2010-09-03,480.832402,480.832402,480.832402,480.832402,480.832402,212197300
2010-09-07,485.508093,485.508093,485.508093,485.508093,485.508093,141973700
2010-09-08,483.207089,483.207089,483.207089,483.207089,483.207089,149924400
2010-09-09,484.152671,484.152671,484.152671,484.152671,484.152671,147017900
2010-09-10,489.565058,489.565058,489.565058,489.565058,489.565058,127819000
2010-09-13,490.423581,490.423581,490.423581,490.423581,490.423581,178503500
2010-09-14,495.23767,495.23767,495.23767,495.23767,495.23767,209823600
2010-09-15,494.246999,494.246999,494.246999,494.246999,494.246999,168608400
2010-09-16,492.774122,492.774122,492.774122,492.774122,492.774122,199962900
2010-09-17,491.22428,491.22428,491.22428,491.22428,491.22428,195836900
2010-09-20,493.785758,493.785758,493.785758,493.785758,493.785758,214555200
2010-09-21,495.472971,495.472971,495.472971,495.472971,495.472971,268389100
2010-09-22,495.838642,495.838642,495.838642,495.838642,495.838642,191322400
2010-09-23,495.030874,495.030874,495.030874,495.030874,495.030874,202354300
2010-09-24,490.947349,490.947349,490.947349,490.947349,490.947349,209671800
2010-09-27,496.377064,496.377064,496.377064,496.377064,496.377064,128761800
2010-09-28,496.525358,496.525358,496.525358,496.525358,496.525358,209207500
2010-09-29,497.152343,497.152343,497.152343,497.152343,497.152343,179665800
2010-09-30,495.87022,495.87022,495.87022,495.87022,495.87022,287106700
2010-10-01,498.358197,498.358197,498.358197,498.358197,498.358197,174638700
2010-10-04,502.088082,502.088082,502.088082,502.088082,502.088082,166153200
2010-10-05,501.011607,501.011607,501.011607,501.011607,501.011607,229634100
2010-10-06,505.610664,505.610664,505.610664,505.610664,505.610664,148626600
2010-10-07,505.498645,505.498645,505.498645,505.498645,505.498645,164860000
2010-10-08,507.520741,507.520741,507.520741,507.520741,507.520741,177760100
2010-10-11,508.195839,508.195839,508.195839,508.195839,508.195839,103098300
2010-10-12,508.955507,508.955507,508.955507,508.955507,508.955507,182210000
2010-10-13,507.272107,507.272107,507.272107,507.272107,507.272107,194347200
2010-10-14,510.064857,510.064857,510.064857,510.064857,510.064857,217764300
2010-10-15,509.56304,509.56304,509.56304,509.56304,509.56304,243705000
2010-10-18,513.094849,513.094849,513.094849,513.094849,513.094849,141204800
2010-10-19,513.243881,513.243881,513.243881,513.243881,513.243881,280604700
2010-10-20,508.488739,508.488739,508.488739,508.488739,508.488739,200051800
2010-10-21,509.377774,509.377774,509.377774,509.377774,509.377774,221585500
2010-10-22,511.642525,511.642525,511.642525,511.642525,511.642525,108212400
2010-10-25,512.396895,512.396895,512.396895,512.396895,512.396895,151145700
2010-10-26,515.791181,515.791181,515.791181,515.791181,515.791181,158982900
2010-10-27,513.158096,513.158096,513.158096,513.158096,513.158096,190024000
2010-10-28,509.545406,509.545406,509.545406,509.545406,509.545406,168576000
2010-10-29,512.446495,512.446495,512.446495,512.446495,512.446495,144305500
2010-11-01,511.90137,511.90137,511.90137,511.90137,511.90137,174074800
2010-11-02,514.381491,514.381491,514.381491,514.381491,514.381491,158345900
2010-11-03,518.218153,518.218153,518.218153,518.218153,518.218153,226702800
2010-11-04,519.102834,519.102834,519.102834,519.102834,519.102834,215039400
2010-11-05,524.832348,524.832348,524.832348,524.832348,524.832348,180654100
2010-11-08,525.150035,525.150035,525.150035,525.150035,525.150035,156107100
2010-11-09,523.497199,523.497199,523.497199,523.497199,523.497199,186621600
2010-11-10,524.881508,524.881508,524.881508,524.881508,524.881508,221387400
2010-11-11,524.725694,524.725694,524.725694,524.725694,524.725694,158017600
2010-11-12,520.18734,520.18734,520.18734,520.18734,520.18734,239068800
2010-11-15,516.654477,516.654477,516.654477,516.654477,516.654477,163940800
2010-11-16,518.262399,518.262399,518.262399,518.262399,518.262399,299566200
2010-11-17,515.041138,515.041138,515.041138,515.041138,515.041138,172308900
2010-11-18,515.233212,515.233212,515.233212,515.233212,515.233212,197723700
2010-11-19,520.176012,520.176012,520.176012,520.176012,520.176012,156852900
2010-11-22,519.889836,519.889836,519.889836,519.889836,519.889836,181361000
2010-11-23,517.270773,517.270773,517.270773,517.270773,517.270773,222309000
2010-11-24,511.134035,511.134035,511.134035,511.134035,511.134035,140046100
2010-11-26,514.344132,514.344132,514.344132,514.344132,514.344132,76007800
2010-11-29,509.868747,509.868747,509.868747,509.868747,509.868747,223642300
2010-11-30,508.555714,508.555714,508.555714,508.555714,508.555714,233930700
2010-12-01,503.494327,503.494327,503.494327,503.494327,503.494327,221037200
2010-12-02,510.735189,510.735189,510.735189,510.735189,510.735189,191213600
2010-12-03,511.51204,511.51204,511.51204,511.51204,511.51204,151288900
2010-12-06,509.733101,509.733101,509.733101,509.733101,509.733101,103050500
2010-12-07,508.629254,508.629254,508.629254,508.629254,508.629254,206581000
2010-12-08,513.492717,513.492717,513.492717,513.492717,513.492717,138019200
2010-12-09,514.093882,514.093882,514.093882,514.093882,514.093882,123705100
2010-12-10,516.945167,516.945167,516.945167,516.945167,516.945167,117571700
2010-12-13,518.506943,518.506943,518.506943,518.506943,518.506943,133812700
2010-12-14,520.8554,520.8554,520.8554,520.8554,520.8554,147249600
2010-12-15,521.623444,521.623444,521.623444,521.623444,521.623444,160823100
2010-12-16,520.63494,520.63494,520.63494,520.63494,520.63494,185035200
2010-12-17,520.944957,520.944957,520.944957,520.944957,520.944957,141075300
2010-12-20,520.55388,520.55388,520.55388,520.55388,520.55388,119085500
2010-12-21,521.951739,521.951739,521.951739,521.951739,521.951739,94965500
2010-12-22,523.558985,523.558985,523.558985,523.558985,523.558985,78878100
2010-12-23,523.908733,523.908733,523.908733,523.908733,523.908733,70053700
2010-12-27,523.299272,523.299272,523.299272,523.299272,523.299272,58126000
2010-12-28,521.315285,521.315285,521.315285,521.315285,521.315285,55309100
2010-12-29,522.326013,522.326013,522.326013,522.326013,522.326013,58033100
2010-12-30,522.9226,522.9226,522.9226,522.9226,522.9226,76616900
2010-12-31,522.39809,522.39809,522.39809,522.39809,522.39809,91218900
2011-01-03,521.582356,521.582356,521.582356,521.582356,521.582356,138725200
2011-01-04,525.538274,525.538274,525.538274,525.538274,525.538274,137409700
2011-01-05,526.669968,526.669968,526.669968,526.669968,526.669968,133975300
2011-01-06,524.985038,524.985038,524.985038,524.985038,524.985038,122519000
2011-01-07,525.164095,525.164095,525.164095,525.164095,525.164095,156034600
2011-01-10,525.838833,525.838833,525.838833,525.838833,525.838833,122401700
2011-01-11,523.496293,523.496293,523.496293,523.496293,523.496293,110287000
2011-01-12,525.366837,525.366837,525.366837,525.366837,525.366837,107929200
2011-01-13,528.555661,528.555661,528.555661,528.555661,528.555661,129048400
2011-01-14,528.734759,528.734759,528.734759,528.734759,528.734759,117677900
2011-01-18,527.96758,527.96758,527.96758,527.96758,527.96758,114401300
2011-01-19,527.451161,527.451161,527.451161,527.451161,527.451161,151958400
2011-01-20,526.976371,526.976371,526.976371,526.976371,526.976371,175745700
2011-01-21,525.758813,525.758813,525.758813,525.758813,525.758813,151462900
2011-01-24,529.015887,529.015887,529.015887,529.015887,529.015887,113715500
2011-01-25,528.660333,528.660333,528.660333,528.660333,528.660333,167552200
2011-01-26,527.241323,527.241323,527.241323,527.241323,527.241323,141281500
2011-01-27,528.521185,528.521185,528.521185,528.521185,528.521185,123302700
2011-01-28,528.617003,528.617003,528.617003,528.617003,528.617003,295637300
2011-01-31,529.200333,529.200333,529.200333,529.200333,529.200333,149249200
2011-02-01,530.623925,530.623925,530.623925,530.623925,530.623925,167194300
2011-02-02,533.813836,533.813836,533.813836,533.813836,533.813836,118323600
2011-02-03,532.399194,532.399194,532.399194,532.399194,532.399194,145886700
2011-02-04,531.434346,531.434346,531.434346,531.434346,531.434346,134634800
2011-02-07,531.610662,531.610662,531.610662,531.610662,531.610662,112439100
2011-02-08,532.759623,532.759623,532.759623,532.759623,532.759623,99072800
2011-02-09,533.217546,533.217546,533.217546,533.217546,533.217546,146436700
2011-02-10,531.742906,531.742906,531.742906,531.742906,531.742906,162708500
2011-02-11,529.022715,529.022715,529.022715,529.022715,529.022715,137710300
2011-02-14,526.917624,526.917624,526.917624,526.917624,526.917624,101690700
2011-02-15,526.574586,526.574586,526.574586,526.574586,526.574586,119575400
2011-02-16,524.930297,524.930297,524.930297,524.930297,524.930297,130183500
2011-02-17,526.679904,526.679904,526.679904,526.679904,526.679904,109810500
2011-02-18,525.119151,525.119151,525.119151,525.119151,525.119151,130002400
2011-02-22,525.561908,525.561908,525.561908,525.561908,525.561908,233116400
2011-02-23,520.027904,520.027904,520.027904,520.027904,520.027904,227584000
2011-02-24,519.686199,519.686199,519.686199,519.686199,519.686199,260431400
2011-02-25,519.104863,519.104863,519.104863,519.104863,519.104863,141686900
2011-02-28,521.259234,521.259234,521.259234,521.259234,521.259234,141585500
2011-03-01,523.163323,523.163323,523.163323,523.163323,523.163323,258565500
2011-03-02,524.787399,524.787399,524.787399,524.787399,524.787399,200277400
2011-03-03,524.039902,524.039902,524.039902,524.039902,524.039902,176480100
2011-03-04,528.766441,528.766441,528.766441,528.766441,528.766441,277202300
2011-03-07,528.343087,528.343087,528.343087,528.343087,528.343087,216790400
2011-03-08,529.872549,529.872549,529.872549,529.872549,529.872549,174615000
2011-03-09,530.692667,530.692667,530.692667,530.692667,530.692667,153806000
2011-03-10,529.625354,529.625354,529.625354,529.625354,529.625354,301291800
2011-03-11,524.038123,524.038123,524.038123,524.038123,524.038123,225621800
2011-03-14,522.318401,522.318401,522.318401,522.318401,522.318401,234974100
2011-03-15,518.899499,518.899499,518.899499,518.899499,518.899499,359585400
2011-03-16,505.068434,505.068434,505.068434,505.068434,505.068434,468670300
2011-03-17,503.432867,503.432867,503.432867,503.432867,503.432867,254303700
2011-03-18,510.668808,510.668808,510.668808,510.668808,510.668808,230435400
2011-03-21,516.832639,516.832639,516.832639,516.832639,516.832639,153992600
2011-03-22,523.238923,523.238923,523.238923,523.238923,523.238923,129538600
2011-03-23,523.131664,523.131664,523.131664,523.131664,523.131664,148603100
2011-03-24,521.649081,521.649081,521.649081,521.649081,521.649081,159129800
2011-03-25,524.600123,524.600123,524.600123,524.600123,524.600123,155642800
2011-03-28,525.936404,525.936404,525.936404,525.936404,525.936404,109762400
2011-03-29,527.031426,527.031426,527.031426,527.031426,527.031426,129798800
2011-03-30,526.562757,526.562757,526.562757,526.562757,526.562757,135835000
2011-03-31,529.291305,529.291305,529.291305,529.291305,529.291305,132537100
2011-04-01,528.587512,528.587512,528.587512,528.587512,528.587512,153850100
2011-04-04,531.830036,531.830036,531.830036,531.830036,531.830036,100768900
2011-04-05,532.921411,532.921411,532.921411,532.921411,532.921411,120791500
2011-04-06,531.85497,531.85497,531.85497,531.85497,531.85497,120411600
2011-04-07,534.383525,534.383525,534.383525,534.383525,534.383525,170731500
2011-04-08,533.397043,533.397043,533.397043,533.397043,533.397043,147945400
2011-04-11,535.730557,535.730557,535.730557,535.730557,535.730557,121385400
2011-04-12,536.268812,536.268812,536.268812,536.268812,536.268812,161187400
2011-04-13,533.245791,533.245791,533.245791,533.245791,533.245791,162059000
2011-04-14,535.693409,535.693409,535.693409,535.693409,535.693409,161220400
2011-04-15,532.569677,532.569677,532.569677,532.569677,532.569677,170006700
2011-04-18,533.514841,533.514841,533.514841,533.514841,533.514841,210759300
2011-04-19,527.629145,527.629145,527.629145,527.629145,527.629145,124258800
2011-04-20,528.411011,528.411011,528.411011,528.411011,528.411011,156133800
2011-04-21,534.702594,534.702594,534.702594,534.702594,534.702594,135935400
2011-04-25,537.447151,537.447151,537.447151,537.447151,537.447151,65757100
2011-04-26,537.019065,537.019065,537.019065,537.019065,537.019065,146600000
2011-04-27,538.639686,538.639686,538.639686,538.639686,538.639686,143031000
2011-04-28,539.651448,539.651448,539.651448,539.651448,539.651448,124791100
2011-04-29,538.670005,538.670005,538.670005,538.670005,538.670005,115094100
2011-05-02,538.840617,538.840617,538.840617,538.840617,538.840617,126278700
2011-05-03,541.341768,541.341768,541.341768,541.341768,541.341768,138375000
2011-05-04,540.280917,540.280917,540.280917,540.280917,540.280917,182678500
2011-05-05,540.015253,540.015253,540.015253,540.015253,540.015253,226900000
2011-05-06,536.984512,536.984512,536.984512,536.984512,536.984512,222787200
2011-05-09,542.303186,542.303186,542.303186,542.303186,542.303186,114104500
2011-05-10,542.235585,542.235585,542.235585,542.235585,542.235585,114806900
2011-05-11,544.019601,544.019601,544.019601,544.019601,544.019601,193564200
2011-05-12,543.191597,543.191597,543.191597,543.191597,543.191597,171550700
2011-05-13,541.70983,541.70983,541.70983,541.70983,541.70983,157444900
2011-05-16,541.963605,541.963605,541.963605,541.963605,541.963605,141675400
2011-05-17,539.995399,539.995399,539.995399,539.995399,539.995399,192686200
2011-05-18,537.941788,537.941788,537.941788,537.941788,537.941788,135217900
2011-05-19,538.197284,538.197284,538.197284,538.197284,538.197284,119489500
2011-05-20,539.932961,539.932961,539.932961,539.932961,539.932961,182594900
2011-05-23,538.502656,538.502656,538.502656,538.502656,538.502656,168700000
2011-05-24,531.906502,531.906502,531.906502,531.906502,531.906502,147199600
2011-05-25,533.410742,533.410742,533.410742,533.410742,533.410742,151050100
2011-05-26,531.241253,531.241253,531.241253,531.241253,531.241253,164850000
2011-05-27,529.770203,529.770203,529.770203,529.770203,529.770203,120921900
2011-05-31,531.217584,531.217584,531.217584,531.217584,531.217584,164731200
2011-06-01,536.204033,536.204033,536.204033,536.204033,536.204033,233094300
2011-06-02,534.627139,534.627139,534.627139,534.627139,534.627139,200466800
2011-06-03,534.965247,534.965247,534.965247,534.965247,534.965247,234690200
2011-06-06,528.522742,528.522742,528.522742,528.522742,528.522742,179951200
2011-06-07,527.15895,527.15895,527.15895,527.15895,527.15895,161660500
2011-06-08,529.828932,529.828932,529.828932,529.828932,529.828932,198696400
2011-06-09,528.980249,528.980249,528.980249,528.980249,528.980249,160964400
2011-06-10,530.395569,530.395569,530.395569,530.395569,530.395569,238629400
2011-06-13,528.114592,528.114592,528.114592,528.114592,528.114592,207599800
2011-06-14,529.288789,529.288789,529.288789,529.288789,529.288789,160570400
2011-06-15,534.110938,534.110938,534.110938,534.110938,534.110938,300958000
2011-06-16,529.623863,529.623863,529.623863,529.623863,529.623863,308032800
2011-06-17,529.764744,529.764744,529.764744,529.764744,529.764744,233284900
2011-06-20,534.99905,534.99905,534.99905,534.99905,534.99905,159479000
2011-06-21,533.16152,533.16152,533.16152,533.16152,533.16152,193157300
2011-06-22,535.890385,535.890385,535.890385,535.890385,535.890385,176703000
2011-06-23,534.207652,534.207652,534.207652,534.207652,534.207652,334286500
2011-06-24,527.911969,527.911969,527.911969,527.911969,527.911969,226129300
2011-06-27,527.76209,527.76209,527.76209,527.76209,527.76209,168904700
2011-06-28,528.069204,528.069204,528.069204,528.069204,528.069204,165556300
2011-06-29,530.147491,530.147491,530.147491,530.147491,530.147491,244295500
2011-06-30,532.53398,532.53398,532.53398,532.53398,532.53398,223322700
2011-07-01,534.218498,534.218498,534.218498,534.218498,534.218498,202385700
2011-07-05,534.67756,534.67756,534.67756,534.67756,534.67756,165936000
2011-07-06,534.091825,534.091825,534.091825,534.091825,534.091825,143331600
2011-07-07,532.787994,532.787994,532.787994,532.787994,532.787994,170464200
2011-07-08,537.493721,537.493721,537.493721,537.493721,537.493721,194100500
2011-07-11,531.391376,531.391376,531.391376,531.391376,531.391376,195918600
2011-07-12,524.841643,524.841643,524.841643,524.841643,524.841643,214675700
2011-07-13,523.701838,523.701838,523.701838,523.701838,523.701838,204062600
2011-07-14,526.425334,526.425334,526.425334,526.425334,526.425334,226111800
2011-07-15,527.71673,527.71673,527.71673,527.71673,527.71673,220012800
2011-07-18,530.632395,530.632395,530.632395,530.632395,530.632395,196872100
2011-07-19,528.148004,528.148004,528.148004,528.148004,528.148004,166554900
2011-07-20,531.073556,531.073556,531.073556,531.073556,531.073556,137145400
2011-07-21,532.407034,532.407034,532.407034,532.407034,532.407034,245246300
2011-07-22,535.39096,535.39096,535.39096,535.39096,535.39096,126019400
2011-07-25,535.483485,535.483485,535.483485,535.483485,535.483485,136653800
2011-07-26,530.36413,530.36413,530.36413,530.36413,530.36413,131278200
2011-07-27,529.98057,529.98057,529.98057,529.98057,529.98057,249020100
2011-07-28,527.013121,527.013121,527.013121,527.013121,527.013121,207939900
2011-07-29,526.986551,526.986551,526.986551,526.986551,526.986551,307038400
2011-08-01,521.658839,521.658839,521.658839,521.658839,521.658839,325790900
2011-08-02,527.72325,527.72325,527.72325,527.72325,527.72325,346653800
2011-08-03,523.722009,523.722009,523.722009,523.722009,523.722009,370830800
2011-08-04,524.405417,524.405417,524.405417,524.405417,524.405417,520721800
2011-08-05,517.105758,517.105758,517.105758,517.105758,517.105758,655619200
2011-08-08,523.529703,523.529703,523.529703,523.529703,523.529703,702263900
2011-08-09,509.683138,509.683138,509.683138,509.683138,509.683138,717828700
2011-08-10,517.875542,517.875542,517.875542,517.875542,517.875542,662607400
2011-08-11,508.063753,508.063753,508.063753,508.063753,508.063753,487979700
2011-08-12,512.426612,512.426612,512.426612,512.426612,512.426612,313731600
2011-08-15,517.074113,517.074113,517.074113,517.074113,517.074113,258810600
2011-08-16,521.731876,521.731876,521.731876,521.731876,521.731876,294095200
2011-08-17,516.732308,516.732308,516.732308,516.732308,516.732308,238201100
2011-08-18,519.557853,519.557853,519.557853,519.557853,519.557853,512956300
2011-08-19,505.769887,505.769887,505.769887,505.769887,505.769887,428281300
2011-08-22,498.898584,498.898584,498.898584,498.898584,498.898584,275090600
2011-08-23,510.078666,510.078666,510.078666,510.078666,510.078666,331136600
2011-08-24,511.953725,511.953725,511.953725,511.953725,511.953725,246869700
2011-08-25,510.829011,510.829011,510.829011,510.829011,510.829011,312365400
2011-08-26,513.615232,513.615232,513.615232,513.615232,513.615232,314495900
2011-08-29,510.983614,510.983614,510.983614,510.983614,510.983614,190977200
2011-08-30,517.844859,517.844859,517.844859,517.844859,517.844859,241315700
2011-08-31,515.557146,515.557146,515.557146,515.557146,515.557146,301828400
2011-09-01,518.836358,518.836358,518.836358,518.836358,518.836358,254585900
2011-09-02,519.107565,519.107565,519.107565,519.107565,519.107565,255517200
2011-09-06,508.266001,508.266001,508.266001,508.266001,508.266001,285130500
2011-09-07,493.318541,493.318541,493.318541,493.318541,493.318541,209803200
2011-09-08,500.757395,500.757395,500.757395,500.757395,500.757395,250568200
2011-09-09,497.734989,497.734989,497.734989,497.734989,497.734989,380195100
2011-09-12,492.023947,492.023947,492.023947,492.023947,492.023947,305793500
2011-09-13,485.845457,485.845457,485.845457,485.845457,485.845457,272514700
2011-09-14,487.402907,487.402907,487.402907,487.402907,487.402907,319389500
2011-09-15,489.862647,489.862647,489.862647,489.862647,489.862647,326777200
2011-09-16,495.090781,495.090781,495.090781,495.090781,495.090781,284528300
2011-09-19,497.053078,497.053078,497.053078,497.053078,497.053078,241517000
2011-09-20,488.889178,488.889178,488.889178,488.889178,488.889178,218932200
2011-09-21,490.936965,490.936965,490.936965,490.936965,490.936965,316251300
2011-09-22,491.15783,491.15783,491.15783,491.15783,491.15783,513911300
2011-09-23,476.900087,476.900087,476.900087,476.900087,476.900087,307242500
2011-09-26,473.706803,473.706803,473.706803,473.706803,473.706803,260673700
2011-09-27,478.14733,478.14733,478.14733,478.14733,478.14733,311753900
2011-09-28,487.542598,487.542598,487.542598,487.542598,487.542598,286696800
2011-09-29,488.513947,488.513947,488.513947,488.513947,488.513947,298108900
2011-09-30,496.592609,496.592609,496.592609,496.592609,496.592609,288392300
2011-10-03,489.721309,489.721309,489.721309,489.721309,489.721309,365136800
2011-10-04,486.84106,486.84106,486.84106,486.84106,486.84106,459177500
2011-10-05,479.8194,479.8194,479.8194,479.8194,479.8194,284108000
2011-10-06,480.991241,480.991241,480.991241,480.991241,480.991241,257800800
2011-10-07,480.715063,480.715063,480.715063,480.715063,480.715063,312657900
2011-10-10,483.496893,483.496893,483.496893,483.496893,483.496893,230666300
2011-10-11,491.703875,491.703875,491.703875,491.703875,491.703875,209088000
2011-10-12,488.760274,488.760274,488.760274,488.760274,488.760274,281544900
2011-10-13,492.410421,492.410421,492.410421,492.410421,492.410421,212538800
2011-10-14,489.490534,489.490534,489.490534,489.490534,489.490534,211397600
2011-10-17,495.152518,495.152518,495.152518,495.152518,495.152518,202311600
2011-10-18,492.784454,492.784454,492.784454,492.784454,492.784454,318857900
2011-10-19,492.391214,492.391214,492.391214,492.391214,492.391214,226601300
2011-10-20,491.563419,491.563419,491.563419,491.563419,491.563419,262075600
2011-10-21,492.755849,492.755849,492.755849,492.755849,492.755849,278999400
2011-10-24,498.522969,498.522969,498.522969,498.522969,498.522969,203215600
2011-10-25,499.302408,499.302408,499.302408,499.302408,499.302408,268596800
2011-10-26,496.890441,496.890441,496.890441,496.890441,496.890441,289053800
2011-10-27,502.114744,502.114744,502.114744,502.114744,502.114744,393220200
2011-10-28,515.540351,515.540351,515.540351,515.540351,515.540351,225906500
2011-10-31,512.990016,512.990016,512.990016,512.990016,512.990016,228146700
2011-11-01,507.220272,507.220272,507.220272,507.220272,507.220272,416565800
2011-11-02,493.171145,493.171145,493.171145,493.171145,493.171145,244717600
2011-11-03,500.543567,500.543567,500.543567,500.543567,500.543567,291174800
2011-11-04,505.685767,505.685767,505.685767,505.685767,505.685767,249401600
2011-11-07,501.575439,501.575439,501.575439,501.575439,501.575439,196617200
2011-11-08,501.190743,501.190743,501.190743,501.190743,501.190743,224426300
2011-11-09,503.785045,503.785045,503.785045,503.785045,503.785045,337982000
2011-11-10,491.981511,491.981511,491.981511,491.981511,491.981511,231866500
2011-11-11,498.467636,498.467636,498.467636,498.467636,498.467636,189924400
2011-11-14,504.49668,504.49668,504.49668,504.49668,504.49668,159258300
2011-11-15,502.599634,502.599634,502.599634,502.599634,502.599634,184709400
2011-11-16,501.412532,501.412532,501.412532,501.412532,501.412532,235782500
2011-11-17,496.337218,496.337218,496.337218,496.337218,496.337218,331219600
2011-11-18,495.39232,495.39232,495.39232,495.39232,495.39232,215580400
2011-11-21,496.950007,496.950007,496.950007,496.950007,496.950007,229611600
2011-11-22,489.673699,489.673699,489.673699,489.673699,489.673699,216494900
2011-11-23,488.585561,488.585561,488.585561,488.585561,488.585561,224329100
2011-11-25,483.969797,483.969797,483.969797,483.969797,483.969797,99557000
2011-11-28,483.198497,483.198497,483.198497,483.198497,483.198497,210686000
2011-11-29,496.464261,496.464261,496.464261,496.464261,496.464261,199241500
2011-11-30,497.849491,497.849491,497.849491,497.849491,497.849491,324439500
2011-12-01,512.089696,512.089696,512.089696,512.089696,512.089696,176954800
2011-12-02,511.490218,511.490218,511.490218,511.490218,511.490218,221109700
2011-12-05,516.171368,516.171368,516.171368,516.171368,516.171368,225263900
2011-12-06,524.330207,524.330207,524.330207,524.330207,524.330207,178842100
2011-12-07,524.263093,524.263093,524.263093,524.263093,524.263093,237802500
2011-12-08,522.492753,522.492753,522.492753,522.492753,522.492753,240862800
2011-12-09,519.044917,519.044917,519.044917,519.044917,519.044917,209111400
2011-12-12,521.363621,521.363621,521.363621,521.363621,521.363621,215826100
2011-12-13,516.788104,516.788104,516.788104,516.788104,516.788104,245159800
2011-12-14,519.466765,519.466765,519.466765,519.466765,519.466765,238618800
2011-12-15,517.372034,517.372034,517.372034,517.372034,517.372034,199109200
2011-12-16,522.828206,522.828206,522.828206,522.828206,522.828206,220481400
2011-12-19,526.332804,526.332804,526.332804,526.332804,526.332804,183903000
2011-12-20,528.340858,528.340858,528.340858,528.340858,528.340858,225418100
2011-12-21,536.615447,536.615447,536.615447,536.615447,536.615447,194230900
2011-12-22,536.588837,536.588837,536.588837,536.588837,536.588837,119465400
2011-12-23,538.549147,538.549147,538.549147,538.549147,538.549147,92187200
2011-12-27,540.242068,540.242068,540.242068,540.242068,540.242068,86075700
2011-12-28,539.274779,539.274779,539.274779,539.274779,539.274779,119107100
2011-12-29,539.332985,539.332985,539.332985,539.332985,539.332985,123507200
2011-12-30,541.077773,541.077773,541.077773,541.077773,541.077773,95599000
2012-01-03,540.621663,540.621663,540.621663,540.621663,540.621663,193697900
2012-01-04,550.329443,550.329443,550.329443,550.329443,550.329443,127186500
2012-01-05,549.00719,549.00719,549.00719,549.00719,549.00719,173895000
2012-01-06,546.013158,546.013158,546.013158,546.013158,546.013158,148050000
2012-01-09,546.668582,546.668582,546.668582,546.668582,546.668582,99530200
2012-01-10,547.882299,547.882299,547.882299,547.882299,547.882299,115282000
2012-01-11,553.717867,553.717867,553.717867,553.717867,553.717867,111540700
2012-01-12,551.975127,551.975127,551.975127,551.975127,551.975127,118983700
2012-01-13,553.527938,553.527938,553.527938,553.527938,553.527938,179836200
2012-01-17,549.782244,549.782244,549.782244,549.782244,549.782244,132209200
2012-01-18,555.045456,555.045456,555.045456,555.045456,555.045456,163395200
2012-01-19,554.889013,554.889013,554.889013,554.889013,554.889013,126328900
2012-01-20,556.77078,556.77078,556.77078,556.77078,556.77078,138230200
2012-01-23,555.811281,555.811281,555.811281,555.811281,555.811281,129295800
2012-01-24,553.929917,553.929917,553.929917,553.929917,553.929917,103083300
2012-01-25,550.493406,550.493406,550.493406,550.493406,550.493406,198613200
2012-01-26,549.628365,549.628365,549.628365,549.628365,549.628365,184880500
2012-01-27,552.047616,552.047616,552.047616,552.047616,552.047616,135259100
2012-01-30,549.340662,549.340662,549.340662,549.340662,549.340662,147311800
2012-01-31,543.854303,543.854303,543.854303,543.854303,543.854303,157212000
2012-02-01,546.518135,546.518135,546.518135,546.518135,546.518135,166234500
2012-02-02,550.527184,550.527184,550.527184,550.527184,550.527184,113090400
2012-02-03,551.579846,551.579846,551.579846,551.579846,551.579846,160598500
2012-02-06,557.039701,557.039701,557.039701,557.039701,557.039701,107694500
2012-02-07,554.693501,554.693501,554.693501,554.693501,554.693501,135528100
2012-02-08,553.510896,553.510896,553.510896,553.510896,553.510896,139361400
2012-02-09,553.770304,553.770304,553.770304,553.770304,553.770304,148602900
2012-02-10,554.64387,554.64387,554.64387,554.64387,554.64387,167907500
2012-02-13,549.699422,549.699422,549.699422,549.699422,549.699422,115841900
2012-02-14,553.599239,553.599239,553.599239,553.599239,553.599239,165329500
2012-02-15,552.099168,552.099168,552.099168,552.099168,552.099168,195195100
2012-02-16,553.868687,553.868687,553.868687,553.868687,553.868687,186567800
2012-02-17,553.882111,553.882111,553.882111,553.882111,553.882111,129869400
2012-02-21,555.767295,555.767295,555.767295,555.767295,555.767295,134042300
2012-02-22,557.043645,557.043645,557.043645,557.043645,557.043645,124455300
2012-02-23,556.158362,556.158362,556.158362,556.158362,556.158362,137704300
2012-02-24,555.844632,555.844632,555.844632,555.844632,555.844632,105539100
2012-02-27,557.036858,557.036858,557.036858,557.036858,557.036858,145728900
2012-02-28,553.307321,553.307321,553.307321,553.307321,553.307321,129355900
2012-02-29,553.44118,553.44118,553.44118,553.44118,553.44118,185934700
2012-03-01,554.218307,554.218307,554.218307,554.218307,554.218307,145023500
2012-03-02,555.363468,555.363468,555.363468,555.363468,555.363468,120638300
2012-03-05,554.972843,554.972843,554.972843,554.972843,554.972843,140765000
2012-03-06,554.096233,554.096233,554.096233,554.096233,554.096233,202129900
2012-03-07,548.395825,548.395825,548.395825,548.395825,548.395825,143692200
2012-03-08,549.630468,549.630468,549.630468,549.630468,549.630468,116968900
2012-03-09,552.96464,552.96464,552.96464,552.96464,552.96464,122836800
2012-03-12,553.98623,553.98623,553.98623,553.98623,553.98623,104003500
2012-03-13,553.877637,553.877637,553.877637,553.877637,553.877637,184090500
2012-03-14,556.829159,556.829159,556.829159,556.829159,556.829159,145163600
2012-03-15,556.960528,556.960528,556.960528,556.960528,556.960528,165118500
2012-03-16,557.768598,557.768598,557.768598,557.768598,557.768598,152893500
2012-03-19,558.751424,558.751424,558.751424,558.751424,558.751424,125291100
2012-03-20,558.36519,558.36519,558.36519,558.36519,558.36519,121729700
2012-03-21,555.16619,555.16619,555.16619,555.16619,555.16619,122388400
2012-03-22,555.454529,555.454529,555.454529,555.454529,555.454529,135216700
2012-03-23,551.346653,551.346653,551.346653,551.346653,551.346653,120521000
2012-03-26,551.794638,551.794638,551.794638,551.794638,551.794638,120164000
2012-03-27,555.717451,555.717451,555.717451,555.717451,555.717451,119868500
2012-03-28,556.200006,556.200006,556.200006,556.200006,556.200006,148562100
2012-03-29,555.896545,555.896545,555.896545,555.896545,555.896545,164963700
2012-03-30,552.584155,552.584155,552.584155,552.584155,552.584155,135486800
2012-04-02,555.275439,555.275439,555.275439,555.275439,555.275439,151741100
2012-04-03,554.577164,554.577164,554.577164,554.577164,554.577164,155806700
2012-04-04,553.767432,553.767432,553.767432,553.767432,553.767432,146896000
2012-04-05,549.663196,549.663196,549.663196,549.663196,549.663196,137439400
2012-04-09,547.748973,547.748973,547.748973,547.748973,547.748973,127555900
2012-04-10,540.825626,540.825626,540.825626,540.825626,540.825626,235360300
2012-04-11,539.742423,539.742423,539.742423,539.742423,539.742423,154133000
2012-04-12,545.235936,545.235936,545.235936,545.235936,545.235936,154321500
2012-04-13,545.726139,545.726139,545.726139,545.726139,545.726139,169246700
2012-04-16,544.440324,544.440324,544.440324,544.440324,544.440324,147825300
2012-04-17,547.192083,547.192083,547.192083,547.192083,547.192083,147877600
2012-04-18,550.318986,550.318986,550.318986,550.318986,550.318986,123884200
2012-04-19,547.8381,547.8381,547.8381,547.8381,547.8381,198666700
2012-04-20,547.889685,547.889685,547.889685,547.889685,547.889685,143199600
2012-04-23,550.289056,550.289056,550.289056,550.289056,550.289056,171844900
2012-04-24,544.637135,544.637135,544.637135,544.637135,544.637135,137484200
2012-04-25,545.087831,545.087831,545.087831,545.087831,545.087831,150252200
2012-04-26,550.379756,550.379756,550.379756,550.379756,550.379756,136291600
2012-04-27,549.165984,549.165984,549.165984,549.165984,549.165984,130725000
2012-04-30,550.78419,550.78419,550.78419,550.78419,550.78419,115092200
2012-05-01,549.658035,549.658035,549.658035,549.658035,549.658035,138832200
2012-05-02,549.316283,549.316283,549.316283,549.316283,549.316283,121081000
2012-05-03,546.088647,546.088647,546.088647,546.088647,546.088647,143759700
2012-05-04,546.1389,546.1389,546.1389,546.1389,546.1389,193927300
2012-05-07,543.248803,543.248803,543.248803,543.248803,543.248803,127765900
2012-05-08,541.278568,541.278568,541.278568,541.278568,541.278568,213377700
2012-05-09,538.01465,538.01465,538.01465,538.01465,538.01465,220752500
2012-05-10,532.274761,532.274761,532.274761,532.274761,532.274761,150600000
2012-05-11,535.934016,535.934016,535.934016,535.934016,535.934016,153032400
2012-05-14,532.557951,532.557951,532.557951,532.557951,532.557951,163910000
2012-05-15,527.426227,527.426227,527.426227,527.426227,527.426227,207629300
2012-05-16,527.046166,527.046166,527.046166,527.046166,527.046166,207265500
2012-05-17,529.391103,529.391103,529.391103,529.391103,529.391103,247992900
2012-05-18,529.484372,529.484372,529.484372,529.484372,529.484372,319615900
2012-05-21,531.521147,531.521147,531.521147,531.521147,531.521147,177861100
2012-05-22,533.215571,533.215571,533.215571,533.215571,533.215571,197531200
2012-05-23,534.562721,534.562721,534.562721,534.562721,534.562721,204958400
2012-05-24,530.694657,530.694657,530.694657,530.694657,530.694657,167357600
2012-05-25,532.112013,532.112013,532.112013,532.112013,532.112013,135465600
2012-05-29,531.884865,531.884865,531.884865,531.884865,531.884865,152883500
2012-05-30,536.126452,536.126452,536.126452,536.126452,536.126452,162370400
2012-05-31,531.528186,531.528186,531.528186,531.528186,531.528186,196186000
2012-06-01,531.299883,531.299883,531.299883,531.299883,531.299883,253240900
2012-06-04,522.948641,522.948641,522.948641,522.948641,522.948641,202545800
2012-06-05,523.861048,523.861048,523.861048,523.861048,523.861048,164149400
2012-06-06,522.812473,522.812473,522.812473,522.812473,522.812473,184202800
2012-06-07,526.432034,526.432034,526.432034,526.432034,526.432034,184772700
2012-06-08,532.388822,532.388822,532.388822,532.388822,532.388822,143915400
2012-06-11,530.991799,530.991799,530.991799,530.991799,530.991799,169756100
2012-06-12,535.233433,535.233433,535.233433,535.233433,535.233433,181931800
2012-06-13,536.754402,536.754402,536.754402,536.754402,536.754402,172223900
2012-06-14,535.152621,535.152621,535.152621,535.152621,535.152621,230615500
2012-06-15,536.220108,536.220108,536.220108,536.220108,536.220108,169444500
2012-06-18,538.607755,538.607755,538.607755,538.607755,538.607755,131360900
2012-06-19,536.33221,536.33221,536.33221,536.33221,536.33221,137382600
2012-06-20,539.019477,539.019477,539.019477,539.019477,539.019477,206451800
2012-06-21,539.032045,539.032045,539.032045,539.032045,539.032045,205272200
2012-06-22,539.641508,539.641508,539.641508,539.641508,539.641508,130029200
2012-06-25,542.425593,542.425593,542.425593,542.425593,542.425593,146375700
2012-06-26,536.668269,536.668269,536.668269,536.668269,536.668269,141634000
2012-06-27,538.19441,538.19441,538.19441,538.19441,538.19441,108088000
2012-06-28,539.961688,539.961688,539.961688,539.961688,539.961688,169242100
2012-06-29,536.366539,536.366539,536.366539,536.366539,536.366539,212250900
2012-07-02,546.073983,546.073983,546.073983,546.073983,546.073983,129524500
2012-07-03,547.571328,547.571328,547.571328,547.571328,547.571328,80450000
2012-07-05,547.42347,547.42347,547.42347,547.42347,547.42347,126177500
2012-07-06,545.364461,545.364461,545.364461,545.364461,545.364461,151192100
2012-07-09,540.074659,540.074659,540.074659,540.074659,540.074659,103780500
2012-07-10,539.609422,539.609422,539.609422,539.609422,539.609422,167884800
2012-07-11,542.333537,542.333537,542.333537,542.333537,542.333537,141733400
2012-07-12,542.589485,542.589485,542.589485,542.589485,542.589485,143583200
2012-07-13,539.407602,539.407602,539.407602,539.407602,539.407602,129642600
2012-07-16,540.795251,540.795251,540.795251,540.795251,540.795251,97525200
2012-07-17,539.533294,539.533294,539.533294,539.533294,539.533294,138860300
2012-07-18,541.657184,541.657184,541.657184,541.657184,541.657184,113349700
2012-07-19,540.358995,540.358995,540.358995,540.358995,540.358995,129847300
2012-07-20,541.433473,541.433473,541.433473,541.433473,541.433473,142904500
2012-07-23,538.340284,538.340284,538.340284,538.340284,538.340284,145210900
2012-07-24,530.424382,530.424382,530.424382,530.424382,530.424382,173301200
2012-07-25,530.790307,530.790307,530.790307,530.790307,530.790307,129122300
2012-07-26,531.873249,531.873249,531.873249,531.873249,531.873249,156526500
2012-07-27,539.509386,539.509386,539.509386,539.509386,539.509386,236768900
2012-07-30,542.334638,542.334638,542.334638,542.334638,542.334638,106782000
2012-07-31,541.681842,541.681842,541.681842,541.681842,541.681842,120575900
2012-08-01,540.91283,540.91283,540.91283,540.91283,540.91283,138293800
2012-08-02,544.774344,544.774344,544.774344,544.774344,544.774344,199556600
2012-08-03,540.629267,540.629267,540.629267,540.629267,540.629267,157825000
2012-08-06,548.198869,548.198869,548.198869,548.198869,548.198869,86326200
2012-08-07,549.62656,549.62656,549.62656,549.62656,549.62656,109545100
2012-08-08,551.80368,551.80368,551.80368,551.80368,551.80368,89754700
2012-08-09,549.927712,549.927712,549.927712,549.927712,549.927712,90291700
2012-08-10,549.117265,549.117265,549.117265,549.117265,549.117265,99792700
2012-08-13,546.863908,546.863908,546.863908,546.863908,546.863908,79426900
2012-08-14,545.905244,545.905244,545.905244,545.905244,545.905244,102379400
2012-08-15,547.893972,547.893972,547.893972,547.893972,547.893972,71085900
2012-08-16,547.283373,547.283373,547.283373,547.283373,547.283373,112014200
2012-08-17,548.032334,548.032334,548.032334,548.032334,548.032334,90813700
2012-08-20,548.931058,548.931058,548.931058,548.931058,548.931058,78255700
2012-08-21,548.131272,548.131272,548.131272,548.131272,548.131272,105581100
2012-08-22,549.453401,549.453401,549.453401,549.453401,549.453401,133243500
2012-08-23,548.030354,548.030354,548.030354,548.030354,548.030354,111466400
2012-08-24,546.650843,546.650843,546.650843,546.650843,546.650843,99481200
2012-08-27,545.26331,545.26331,545.26331,545.26331,545.26331,68785900
2012-08-28,546.700029,546.700029,546.700029,546.700029,546.700029,75689600
2012-08-29,545.282314,545.282314,545.282314,545.282314,545.282314,65421300
2012-08-30,545.717881,545.717881,545.717881,545.717881,545.717881,96589900
2012-08-31,543.338083,543.338083,543.338083,543.338083,543.338083,151970400
2012-09-04,546.405093,546.405093,546.405093,546.405093,546.405093,120226200
2012-09-05,545.913137,545.913137,545.913137,545.913137,545.913137,100660300
2012-09-06,546.117708,546.117708,546.117708,546.117708,546.117708,158272500
2012-09-07,549.385102,549.385102,549.385102,549.385102,549.385102,107272100
2012-09-10,550.274475,550.274475,550.274475,550.274475,550.274475,86458500
2012-09-11,549.713124,549.713124,549.713124,549.713124,549.713124,88760000
2012-09-12,550.030627,550.030627,550.030627,550.030627,550.030627,87640900
2012-09-13,551.837637,551.837637,551.837637,551.837637,551.837637,225470200
2012-09-14,551.733107,551.733107,551.733107,551.733107,551.733107,169777000
2012-09-17,552.797263,552.797263,552.797263,552.797263,552.797263,119427800
2012-09-18,551.643278,551.643278,551.643278,551.643278,551.643278,98326600
2012-09-19,550.676026,550.676026,550.676026,550.676026,550.676026,128318300
2012-09-20,551.286711,551.286711,551.286711,551.286711,551.286711,154009800
2012-09-21,548.741736,548.741736,548.741736,548.741736,548.741736,108737500
2012-09-24,551.380214,551.380214,551.380214,551.380214,551.380214,95682000
2012-09-25,548.631134,548.631134,548.631134,548.631134,548.631134,133165200
2012-09-26,549.771136,549.771136,549.771136,549.771136,549.771136,146502200
2012-09-27,549.62933,549.62933,549.62933,549.62933,549.62933,111830300
2012-09-28,551.902981,551.902981,551.902981,551.902981,551.902981,150696100
2012-10-01,549.777485,549.777485,549.777485,549.777485,549.777485,135911200
2012-10-02,551.84993,551.84993,551.84993,551.84993,551.84993,113422200
2012-10-03,554.000935,554.000935,554.000935,554.000935,554.000935,121283100
2012-10-04,555.46865,555.46865,555.46865,555.46865,555.46865,124311600
2012-10-05,557.54644,557.54644,557.54644,557.54644,557.54644,124842100
2012-10-08,560.494507,560.494507,560.494507,560.494507,560.494507,78415400
2012-10-09,558.395395,558.395395,558.395395,558.395395,558.395395,148872900
2012-10-10,557.945825,557.945825,557.945825,557.945825,557.945825,124247500
2012-10-11,557.840391,557.840391,557.840391,557.840391,557.840391,123601500
2012-10-12,561.705741,561.705741,561.705741,561.705741,561.705741,124181900
2012-10-15,562.06955,562.06955,562.06955,562.06955,562.06955,107689100
2012-10-16,563.378908,563.378908,563.378908,563.378908,563.378908,108815500
2012-10-17,566.009592,566.009592,566.009592,566.009592,566.009592,128834100
2012-10-18,566.369954,566.369954,566.369954,566.369954,566.369954,148108500
2012-10-19,564.869858,564.869858,564.869858,564.869858,564.869858,185645200
2012-10-22,563.795674,563.795674,563.795674,563.795674,563.795674,125578600
2012-10-23,562.823521,562.823521,562.823521,562.823521,562.823521,192056300
2012-10-24,556.713186,556.713186,556.713186,556.713186,556.713186,120179400
2012-10-25,558.692518,558.692518,558.692518,558.692518,558.692518,134457400
2012-10-26,562.626652,562.626652,562.626652,562.626652,562.626652,146023500
2012-10-31,562.080807,562.080807,562.080807,562.080807,562.080807,103438500
2012-11-01,564.040862,564.040862,564.040862,564.040862,564.040862,100995600
2012-11-02,565.209928,565.209928,565.209928,565.209928,565.209928,137702200
2012-11-05,568.544944,568.544944,568.544944,568.544944,568.544944,98378500
2012-11-06,567.67324,567.67324,567.67324,567.67324,567.67324,107068100
2012-11-07,569.365632,569.365632,569.365632,569.365632,569.365632,264304500
2012-11-08,564.159978,564.159978,564.159978,564.159978,564.159978,181517300
2012-11-09,564.050857,564.050857,564.050857,564.050857,564.050857,201055300
2012-11-12,562.306941,562.306941,562.306941,562.306941,562.306941,97677500
2012-11-13,564.028614,564.028614,564.028614,564.028614,564.028614,123018300
2012-11-14,561.022785,561.022785,561.022785,561.022785,561.022785,191505000
2012-11-15,562.704755,562.704755,562.704755,562.704755,562.704755,178128400
2012-11-16,562.88342,562.88342,562.88342,562.88342,562.88342,239483900
2012-11-19,563.684676,563.684676,563.684676,563.684676,563.684676,151495800
2012-11-20,569.980397,569.980397,569.980397,569.980397,569.980397,119807400
2012-11-21,569.051109,569.051109,569.051109,569.051109,569.051109,81710800
2012-11-23,569.513105,569.513105,569.513105,569.513105,569.513105,65409200
2012-11-26,572.261348,572.261348,572.261348,572.261348,572.261348,100124400
2012-11-27,569.399235,569.399235,569.399235,569.399235,569.399235,128646200
2012-11-28,568.805417,568.805417,568.805417,568.805417,568.805417,177086500
2012-11-29,566.466868,566.466868,566.466868,566.466868,566.466868,151085900
2012-11-30,568.560559,568.560559,568.560559,568.560559,568.560559,136568300
2012-12-03,568.611851,568.611851,568.611851,568.611851,568.611851,124656300
2012-12-04,571.183788,571.183788,571.183788,571.183788,571.183788,127512200
2012-12-05,571.114905,571.114905,571.114905,571.114905,571.114905,147300500
2012-12-06,571.571324,571.571324,571.571324,571.571324,571.571324,103220600
2012-12-07,571.017626,571.017626,571.017626,571.017626,571.017626,108726400
2012-12-10,573.201078,573.201078,573.201078,573.201078,573.201078,98840700
2012-12-11,572.36739,572.36739,572.36739,572.36739,572.36739,152570400
2012-12-12,574.708974,574.708974,574.708974,574.708974,574.708974,145880100
2012-12-13,576.923838,576.923838,576.923838,576.923838,576.923838,135715000
2012-12-14,576.533337,576.533337,576.533337,576.533337,576.533337,137701700
2012-12-17,575.251672,575.251672,575.251672,575.251672,575.251672,143238200
2012-12-18,576.720249,576.720249,576.720249,576.720249,576.720249,177762800
2012-12-19,577.614072,577.614072,577.614072,577.614072,577.614072,150895400
2012-12-20,578.221091,578.221091,578.221091,578.221091,578.221091,168487000
2012-12-21,578.55283,578.55283,578.55283,578.55283,578.55283,245883800
2012-12-24,570.783088,570.783088,570.783088,570.783088,570.783088,53874600
2012-12-26,569.51555,569.51555,569.51555,569.51555,569.51555,106947700
2012-12-27,570.647694,570.647694,570.647694,570.647694,570.647694,167920600
2012-12-28,570.78012,570.78012,570.78012,570.78012,570.78012,148806700
2012-12-31,567.041971,567.041971,567.041971,567.041971,567.041971,243935200
2013-01-02,565.515572,565.515572,565.515572,565.515572,565.515572,192059000
2013-01-03,576.208405,576.208405,576.208405,576.208405,576.208405,144761800
2013-01-04,575.903298,575.903298,575.903298,575.903298,575.903298,116817700
2013-01-07,576.823133,576.823133,576.823133,576.823133,576.823133,110002500
2013-01-08,574.744942,574.744942,574.744942,574.744942,574.744942,121265100
2013-01-09,573.692731,573.692731,573.692731,573.692731,573.692731,90745600
2013-01-10,574.925112,574.925112,574.925112,574.925112,574.925112,130735400
2013-01-11,578.087565,578.087565,578.087565,578.087565,578.087565,113917300
2013-01-14,577.901656,577.901656,577.901656,577.901656,577.901656,89567200
2013-01-15,577.165076,577.165076,577.165076,577.165076,577.165076,93172600
2013-01-16,574.466347,574.466347,574.466347,574.466347,574.466347,104849500
2013-01-17,573.265777,573.265777,573.265777,573.265777,573.265777,133833500
2013-01-18,575.770786,575.770786,575.770786,575.770786,575.770786,169906000
2013-01-22,575.62545,575.62545,575.62545,575.62545,575.62545,111797300
2013-01-23,575.596589,575.596589,575.596589,575.596589,575.596589,104596100
2013-01-24,575.567834,575.567834,575.567834,575.567834,575.567834,146426400
2013-01-25,574.691537,574.691537,574.691537,574.691537,574.691537,147211600
2013-01-28,576.470608,576.470608,576.470608,576.470608,576.470608,113357700
2013-01-29,576.594986,576.594986,576.594986,576.594986,576.594986,105694400
2013-01-30,575.413823,575.413823,575.413823,575.413823,575.413823,137447700
2013-01-31,575.308409,575.308409,575.308409,575.308409,575.308409,108975800
2013-02-01,574.589794,574.589794,574.589794,574.589794,574.589794,131173000
2013-02-04,578.207319,578.207319,578.207319,578.207319,578.207319,159073600
2013-02-05,574.66107,574.66107,574.66107,574.66107,574.66107,113912400
2013-02-06,577.745091,577.745091,577.745091,577.745091,577.745091,138762800
2013-02-07,575.688861,575.688861,575.688861,575.688861,575.688861,162490000
2013-02-08,575.85063,575.85063,575.85063,575.85063,575.85063,103133700
2013-02-11,576.813667,576.813667,576.813667,576.813667,576.813667,73775000
2013-02-12,576.556486,576.556486,576.556486,576.556486,576.556486,65392700
2013-02-13,576.56595,576.56595,576.56595,576.56595,576.56595,82322600
2013-02-14,577.712613,577.712613,577.712613,577.712613,577.712613,80834300
2013-02-15,575.937291,575.937291,575.937291,575.937291,575.937291,215226500
2013-02-19,576.438147,576.438147,576.438147,576.438147,576.438147,95105400
2013-02-20,577.394451,577.394451,577.394451,577.394451,577.394451,160574800
2013-02-21,576.951245,576.951245,576.951245,576.951245,576.951245,183257000
2013-02-22,575.473869,575.473869,575.473869,575.473869,575.473869,106356600
2013-02-25,578.237324,578.237324,578.237324,578.237324,578.237324,245824800
2013-02-26,581.025802,581.025802,581.025802,581.025802,581.025802,186596200
2013-02-27,583.804112,583.804112,583.804112,583.804112,583.804112,150781900
2013-02-28,583.269366,583.269366,583.269366,583.269366,583.269366,126866000
2013-03-01,583.201536,583.201536,583.201536,583.201536,583.201536,170634800
2013-03-04,581.172312,581.172312,581.172312,581.172312,581.172312,99010200
2013-03-05,579.805785,579.805785,579.805785,579.805785,579.805785,121431900
2013-03-06,582.58251,582.58251,582.58251,582.58251,582.58251,94469900
2013-03-07,584.630159,584.630159,584.630159,584.630159,584.630159,86101400
2013-03-08,585.357403,585.357403,585.357403,585.357403,585.357403,123477800
2013-03-11,587.899982,587.899982,587.899982,587.899982,587.899982,83746800
2013-03-12,587.416532,587.416532,587.416532,587.416532,587.416532,105755800
2013-03-13,586.973299,586.973299,586.973299,586.973299,586.973299,92550900
2013-03-14,587.245508,587.245508,587.245508,587.245508,587.245508,126329900
2013-03-15,588.760267,588.760267,588.760267,588.760267,588.760267,138601100
2013-03-18,588.029145,588.029145,588.029145,588.029145,588.029145,126704300
2013-03-19,582.377478,582.377478,582.377478,582.377478,582.377478,167567300
2013-03-20,583.588267,583.588267,583.588267,583.588267,583.588267,113759300
2013-03-21,586.994299,586.994299,586.994299,586.994299,586.994299,128605000
2013-03-22,583.45835,583.45835,583.45835,583.45835,583.45835,111163600
2013-03-25,585.28159,585.28159,585.28159,585.28159,585.28159,151322300
2013-03-26,586.793924,586.793924,586.793924,586.793924,586.793924,86856600
2013-03-27,589.188515,589.188515,589.188515,589.188515,589.188515,99950600
2013-03-28,585.651034,585.651034,585.651034,585.651034,585.651034,102932800
2013-04-01,585.24641,585.24641,585.24641,585.24641,585.24641,99194100
2013-04-02,584.918601,584.918601,584.918601,584.918601,584.918601,101504300
2013-04-03,586.98823,586.98823,586.98823,586.98823,586.98823,154167400
2013-04-04,587.295775,587.295775,587.295775,587.295775,587.295775,131885000
2013-04-05,588.023349,588.023349,588.023349,588.023349,588.023349,159666000
2013-04-08,580.787736,580.787736,580.787736,580.787736,580.787736,86571200
2013-04-09,581.171071,581.171071,581.171071,581.171071,581.171071,101922200
2013-04-10,582.220673,582.220673,582.220673,582.220673,582.220673,135711100
2013-04-11,583.75131,583.75131,583.75131,583.75131,583.75131,110142500
2013-04-12,583.832523,583.832523,583.832523,583.832523,583.832523,116359900
2013-04-15,581.932963,581.932963,581.932963,581.932963,581.932963,217259000
2013-04-16,578.972143,578.972143,578.972143,578.972143,578.972143,147507800
2013-04-17,583.310454,583.310454,583.310454,583.310454,583.310454,226834800
2013-04-18,579.13095,579.13095,579.13095,579.13095,579.13095,167583200
2013-04-19,580.072453,580.072453,580.072453,580.072453,580.072453,149687600
2013-04-22,581.398221,581.398221,581.398221,581.398221,581.398221,106553500
2013-04-23,582.49092,582.49092,582.49092,582.49092,582.49092,166141300
2013-04-24,585.370651,585.370651,585.370651,585.370651,585.370651,96781200
2013-04-25,585.527026,585.527026,585.527026,585.527026,585.527026,131060600
2013-04-26,587.20406,587.20406,587.20406,587.20406,587.20406,95918800
2013-04-29,586.470687,586.470687,586.470687,586.470687,586.470687,88572800
2013-04-30,588.03524,588.03524,588.03524,588.03524,588.03524,116010700
2013-05-01,587.89456,587.89456,587.89456,587.89456,587.89456,138874200
2013-05-02,586.576856,586.576856,586.576856,586.576856,586.576856,96407600
2013-05-03,588.029896,588.029896,588.029896,588.029896,588.029896,144202300
2013-05-06,593.116569,593.116569,593.116569,593.116569,593.116569,66882100
2013-05-07,593.528192,593.528192,593.528192,593.528192,593.528192,90359200
2013-05-08,594.782529,594.782529,594.782529,594.782529,594.782529,97419200
2013-05-09,594.094476,594.094476,594.094476,594.094476,594.094476,106738600
2013-05-10,593.809871,593.809871,593.809871,593.809871,593.809871,103203000
2013-05-13,594.181327,594.181327,594.181327,594.181327,594.181327,81843200
2013-05-14,593.388076,593.388076,593.388076,593.388076,593.388076,119000900
2013-05-15,593.830187,593.830187,593.830187,593.830187,593.830187,120718500
2013-05-16,592.830025,592.830025,592.830025,592.830025,592.830025,109913600
2013-05-17,591.58704,591.58704,591.58704,591.58704,591.58704,129801000
2013-05-20,593.740005,593.740005,593.740005,593.740005,593.740005,85071200
2013-05-21,593.141186,593.141186,593.141186,593.141186,593.141186,95804200
2013-05-22,593.644742,593.644742,593.644742,593.644742,593.644742,244031800
2013-05-23,594.218816,594.218816,594.218816,594.218816,594.218816,211064400
2013-05-24,587.850737,587.850737,587.850737,587.850737,587.850737,151573900
2013-05-28,584.339426,584.339426,584.339426,584.339426,584.339426,143679800
2013-05-29,590.425121,590.425121,590.425121,590.425121,590.425121,160363400
2013-05-30,587.271402,587.271402,587.271402,587.271402,587.271402,107793800
2013-05-31,587.704171,587.704171,587.704171,587.704171,587.704171,176850100
2013-06-03,586.044499,586.044499,586.044499,586.044499,586.044499,168390700
2013-06-04,587.377562,587.377562,587.377562,587.377562,587.377562,157631500
2013-06-05,587.670126,587.670126,587.670126,587.670126,587.670126,211737800
2013-06-06,585.952039,585.952039,585.952039,585.952039,585.952039,200225500
2013-06-07,585.667925,585.667925,585.667925,585.667925,585.667925,188337800
2013-06-10,589.669375,589.669375,589.669375,589.669375,589.669375,105667100
2013-06-11,591.464627,591.464627,591.464627,591.464627,591.464627,159505400
2013-06-12,586.052077,586.052077,586.052077,586.052077,586.052077,177361500
2013-06-13,590.046804,590.046804,590.046804,590.046804,590.046804,163587800
2013-06-14,589.68907,589.68907,589.68907,589.68907,589.68907,141197500
2013-06-17,589.01326,589.01326,589.01326,589.01326,589.01326,136295600
2013-06-18,592.990376,592.990376,592.990376,592.990376,592.990376,114695600
2013-06-19,593.285347,593.285347,593.285347,593.285347,593.285347,206149500
2013-06-20,592.75448,592.75448,592.75448,592.75448,592.75448,321255900
2013-06-21,586.958939,586.958939,586.958939,586.958939,586.958939,271956800
2013-06-24,590.923775,590.923775,590.923775,590.923775,590.923775,222329000
2013-06-25,584.727934,584.727934,584.727934,584.727934,584.727934,162262200
2013-06-26,589.985188,589.985188,589.985188,589.985188,589.985188,134848000
2013-06-27,594.79193,594.79193,594.79193,594.79193,594.79193,129483700
2013-06-28,598.327716,598.327716,598.327716,598.327716,598.327716,160402900
2013-07-01,596.626151,596.626151,596.626151,596.626151,596.626151,131954800
2013-07-02,599.720323,599.720323,599.720323,599.720323,599.720323,154863700
2013-07-03,598.798776,598.798776,598.798776,598.798776,598.798776,75216400
2013-07-05,596.057306,596.057306,596.057306,596.057306,596.057306,122416900
2013-07-08,600.425259,600.425259,600.425259,600.425259,600.425259,108092500
2013-07-09,603.489078,603.489078,603.489078,603.489078,603.489078,119298000
2013-07-10,607.249431,607.249431,607.249431,607.249431,607.249431,121410100
2013-07-11,606.631108,606.631108,606.631108,606.631108,606.631108,135592200
2013-07-12,613.651415,613.651415,613.651415,613.651415,613.651415,104212700
2013-07-15,613.437346,613.437346,613.437346,613.437346,613.437346,69450600
2013-07-16,615.091085,615.091085,615.091085,615.091085,615.091085,88702100
2013-07-17,615.462671,615.462671,615.462671,615.462671,615.462671,92873900
2013-07-18,617.783502,617.783502,617.783502,617.783502,617.783502,103620100
2013-07-19,619.076548,619.076548,619.076548,619.076548,619.076548,103831700
2013-07-22,617.762244,617.762244,617.762244,617.762244,617.762244,79428600
2013-07-23,618.607606,618.607606,618.607606,618.607606,618.607606,80829700
2013-07-24,619.671882,619.671882,619.671882,619.671882,619.671882,112914000
2013-07-25,622.022514,622.022514,622.022514,622.022514,622.022514,111088600
2013-07-26,620.883781,620.883781,620.883781,620.883781,620.883781,107814600
2013-07-29,618.24315,618.24315,618.24315,618.24315,618.24315,79695000
2013-07-30,616.640236,616.640236,616.640236,616.640236,616.640236,85209600
2013-07-31,618.474703,618.474703,618.474703,618.474703,618.474703,142388700
2013-08-01,619.727568,619.727568,619.727568,619.727568,619.727568,110438400
2013-08-02,624.398205,624.398205,624.398205,624.398205,624.398205,91116700
2013-08-05,622.976964,622.976964,622.976964,622.976964,622.976964,54072700
2013-08-06,621.56097,621.56097,621.56097,621.56097,621.56097,87495000
2013-08-07,620.328528,620.328528,620.328528,620.328528,620.328528,84854700
2013-08-08,618.324221,618.324221,618.324221,618.324221,618.324221,102181300
2013-08-09,621.216672,621.216672,621.216672,621.216672,621.216672,91757700
2013-08-12,620.380914,620.380914,620.380914,620.380914,620.380914,68593300
2013-08-13,617.235412,617.235412,617.235412,617.235412,617.235412,80806000
2013-08-14,618.299699,618.299699,618.299699,618.299699,618.299699,79829200
2013-08-15,617.976944,617.976944,617.976944,617.976944,617.976944,152931800
2013-08-16,613.075333,613.075333,613.075333,613.075333,613.075333,130868200
2013-08-19,611.865807,611.865807,611.865807,611.865807,611.865807,96437600
2013-08-20,611.134259,611.134259,611.134259,611.134259,611.134259,89294400
2013-08-21,612.104913,612.104913,612.104913,612.104913,612.104913,159530500
2013-08-22,610.374063,610.374063,610.374063,610.374063,610.374063,101471400
2013-08-23,611.604825,611.604825,611.604825,611.604825,611.604825,90888900
2013-08-26,613.378551,613.378551,613.378551,613.378551,613.378551,89702100
2013-08-27,613.974028,613.974028,613.974028,613.974028,613.974028,158619400
2013-08-28,607.87726,607.87726,607.87726,607.87726,607.87726,108113000
2013-08-29,607.586351,607.586351,607.586351,607.586351,607.586351,119200500
2013-08-30,606.222071,606.222071,606.222071,606.222071,606.222071,134928900
2013-09-03,607.447139,607.447139,607.447139,607.447139,607.447139,142375100
2013-09-04,613.281666,613.281666,613.281666,613.281666,613.281666,97389400
2013-09-05,613.399838,613.399838,613.399838,613.399838,613.399838,63090500
2013-09-06,613.739231,613.739231,613.739231,613.739231,613.739231,159756500
2013-09-09,615.742166,615.742166,615.742166,615.742166,615.742166,87559300
2013-09-10,617.231661,617.231661,617.231661,617.231661,617.231661,105847200
2013-09-11,620.919754,620.919754,620.919754,620.919754,620.919754,94545900
2013-09-12,620.043033,620.043033,620.043033,620.043033,620.043033,83209000
2013-09-13,619.792219,619.792219,619.792219,619.792219,619.792219,72727800
2013-09-16,620.421428,620.421428,620.421428,620.421428,620.421428,106299200
2013-09-17,627.095335,627.095335,627.095335,627.095335,627.095335,82523300
2013-09-18,627.616527,627.616527,627.616527,627.616527,627.616527,203460600
2013-09-19,627.364762,627.364762,627.364762,627.364762,627.364762,146616900
2013-09-20,629.036993,629.036993,629.036993,629.036993,629.036993,132867100
2013-09-23,630.499101,630.499101,630.499101,630.499101,630.499101,104616500
2013-09-24,629.617674,629.617674,629.617674,629.617674,629.617674,106333100
2013-09-25,629.474688,629.474688,629.474688,629.474688,629.474688,117306500
2013-09-26,629.85184,629.85184,629.85184,629.85184,629.85184,77146900
2013-09-27,630.864169,630.864169,630.864169,630.864169,630.864169,99141800
2013-09-30,627.672377,627.672377,627.672377,627.672377,627.672377,143937000
2013-10-01,622.327017,622.327017,622.327017,622.327017,622.327017,127160000
2013-10-02,622.777762,622.777762,622.777762,622.777762,622.777762,113350000
2013-10-03,619.106038,619.106038,619.106038,619.106038,619.106038,176698000
2013-10-04,617.647783,617.647783,617.647783,617.647783,617.647783,96878000
2013-10-07,618.095561,618.095561,618.095561,618.095561,618.095561,96295000
2013-10-08,612.685443,612.685443,612.685443,612.685443,612.685443,178015000
2013-10-09,612.545144,612.545144,612.545144,612.545144,612.545144,168973000
2013-10-10,613.698532,613.698532,613.698532,613.698532,613.698532,195955000
2013-10-11,619.930838,619.930838,619.930838,619.930838,619.930838,105040000
2013-10-14,618.946973,618.946973,618.946973,618.946973,618.946973,112106000
2013-10-15,615.099376,615.099376,615.099376,615.099376,615.099376,155485000
2013-10-16,613.521419,613.521419,613.521419,613.521419,613.521419,161676000
2013-10-17,617.177912,617.177912,617.177912,617.177912,617.177912,129389000
2013-10-18,614.636527,614.636527,614.636527,614.636527,614.636527,138316000
2013-10-21,616.876619,616.876619,616.876619,616.876619,616.876619,104104000
2013-10-22,617.05775,617.05775,617.05775,617.05775,617.05775,126663000
2013-10-23,618.831868,618.831868,618.831868,618.831868,618.831868,105484000
2013-10-24,616.684187,616.684187,616.684187,616.684187,616.684187,70350000
2013-10-25,617.889399,617.889399,617.889399,617.889399,617.889399,93625000
2013-10-28,619.128676,619.128676,619.128676,619.128676,619.128676,84979000
2013-10-29,618.88649,618.88649,618.88649,618.88649,618.88649,87401000
2013-10-30,620.260379,620.260379,620.260379,620.260379,620.260379,140002000
2013-10-31,620.964135,620.964135,620.964135,620.964135,620.964135,133795000
2013-11-01,620.43999,620.43999,620.43999,620.43999,620.43999,142805000
2013-11-04,621.220965,621.220965,621.220965,621.220965,621.220965,85677000
2013-11-05,622.8816,622.8816,622.8816,622.8816,622.8816,85825000
2013-11-06,620.420287,620.420287,620.420287,620.420287,620.420287,87348000
2013-11-07,623.064438,623.064438,623.064438,623.064438,623.064438,157000000
2013-11-08,624.193353,624.193353,624.193353,624.193353,624.193353,136713000
2013-11-11,623.94804,623.94804,623.94804,623.94804,623.94804,62614000
2013-11-12,623.318694,623.318694,623.318694,623.318694,623.318694,83990000
2013-11-13,621.95177,621.95177,621.95177,621.95177,621.95177,103844000
2013-11-14,618.862885,618.862885,618.862885,618.862885,618.862885,103435000
2013-11-15,619.387148,619.387148,619.387148,619.387148,619.387148,102818000
2013-11-18,620.358396,620.358396,620.358396,620.358396,620.358396,104796000
2013-11-19,621.360792,621.360792,621.360792,621.360792,621.360792,93891000
2013-11-20,621.018333,621.018333,621.018333,621.018333,621.018333,124909000
2013-11-21,622.235779,622.235779,622.235779,622.235779,622.235779,92841000
2013-11-22,623.947562,623.947562,623.947562,623.947562,623.947562,81296000
2013-11-25,624.159437,624.159437,624.159437,624.159437,624.159437,79486000
2013-11-26,625.233014,625.233014,625.233014,625.233014,625.233014,86994000
2013-11-27,625.512875,625.512875,625.512875,625.512875,625.512875,58800000
2013-11-29,626.139538,626.139538,626.139538,626.139538,626.139538,55870900
2013-12-02,626.799591,626.799591,626.799591,626.799591,626.799591,99726000
2013-12-03,627.080031,627.080031,627.080031,627.080031,627.080031,116563000
2013-12-04,624.999513,624.999513,624.999513,624.999513,624.999513,123033000
2013-12-05,622.707933,622.707933,622.707933,622.707933,622.707933,106934000
2013-12-06,621.568532,621.568532,621.568532,621.568532,621.568532,127728000
2013-12-09,627.54601,627.54601,627.54601,627.54601,627.54601,70124000
2013-12-10,629.35284,629.35284,629.35284,629.35284,629.35284,80976000
2013-12-11,627.86461,627.86461,627.86461,627.86461,627.86461,130591000
2013-12-12,628.076314,628.076314,628.076314,628.076314,628.076314,115565000
2013-12-13,627.763458,627.763458,627.763458,627.763458,627.763458,107808000
2013-12-16,629.036024,629.036024,629.036024,629.036024,629.036024,96195000
2013-12-17,631.971313,631.971313,631.971313,631.971313,631.971313,89886000
2013-12-18,632.503928,632.503928,632.503928,632.503928,632.503928,234906000
2013-12-19,633.427692,633.427692,633.427692,633.427692,633.427692,136531200
2013-12-20,631.583414,631.583414,631.583414,631.583414,631.583414,197087000
2013-12-23,632.181642,632.181642,632.181642,632.181642,632.181642,85598000
2013-12-24,635.248909,635.248909,635.248909,635.248909,635.248909,45368800
2013-12-26,635.252064,635.252064,635.252064,635.252064,635.252064,63365000
2013-12-27,636.644149,636.644149,636.644149,636.644149,636.644149,61814000
2013-12-30,637.443321,637.443321,637.443321,637.443321,637.443321,56857000
2013-12-31,637.480384,637.480384,637.480384,637.480384,637.480384,86119900
2014-01-02,638.315636,638.315636,638.315636,638.315636,638.315636,119636900
2014-01-03,635.830073,635.830073,635.830073,635.830073,635.830073,81390600
2014-01-06,636.875382,636.875382,636.875382,636.875382,636.875382,108028200
2014-01-07,638.933221,638.933221,638.933221,638.933221,638.933221,86144200
2014-01-08,641.458393,641.458393,641.458393,641.458393,641.458393,96582300
2014-01-09,641.321844,641.321844,641.321844,641.321844,641.321844,90683400
2014-01-10,643.351371,643.351371,643.351371,643.351371,643.351371,102026400
2014-01-13,644.405221,644.405221,644.405221,644.405221,644.405221,149892000
2014-01-14,642.728499,642.728499,642.728499,642.728499,642.728499,105016100
2014-01-15,644.818493,644.818493,644.818493,644.818493,644.818493,98525800
2014-01-16,646.295883,646.295883,646.295883,646.295883,646.295883,72290600
2014-01-17,644.933421,644.933421,644.933421,644.933421,644.933421,107848700
2014-01-21,643.782342,643.782342,643.782342,643.782342,643.782342,88621200
2014-01-22,647.465991,647.465991,647.465991,647.465991,647.465991,61270900
2014-01-23,648.523242,648.523242,648.523242,648.523242,648.523242,132496900
2014-01-24,645.218777,645.218777,645.218777,645.218777,645.218777,208677100
2014-01-27,640.986268,640.986268,640.986268,640.986268,640.986268,180843100
2014-01-28,641.563144,641.563144,641.563144,641.563144,641.563144,110463200
2014-01-29,641.999605,641.999605,641.999605,641.999605,641.999605,216597300
2014-01-30,636.6259,636.6259,636.6259,636.6259,636.6259,118938100
2014-01-31,641.90631,641.90631,641.90631,641.90631,641.90631,194677900
2014-02-03,633.923716,633.923716,633.923716,633.923716,633.923716,254837100
2014-02-04,633.145056,633.145056,633.145056,633.145056,633.145056,165012400
2014-02-05,635.948624,635.948624,635.948624,635.948624,635.948624,164230500
2014-02-06,633.70531,633.70531,633.70531,633.70531,633.70531,132877600
2014-02-07,635.1567,635.1567,635.1567,635.1567,635.1567,170787200
2014-02-10,638.094717,638.094717,638.094717,638.094717,638.094717,92218800
2014-02-11,638.134447,638.134447,638.134447,638.134447,638.134447,117814100
2014-02-12,638.634008,638.634008,638.634008,638.634008,638.634008,94717700
2014-02-13,639.549486,639.549486,639.549486,639.549486,639.549486,100542200
2014-02-14,635.197281,635.197281,635.197281,635.197281,635.197281,96498400
2014-02-18,634.575578,634.575578,634.575578,634.575578,634.575578,80460900
2014-02-19,635.095396,635.095396,635.095396,635.095396,635.095396,126524300
2014-02-20,633.409205,633.409205,633.409205,633.409205,633.409205,104998100
2014-02-21,634.242724,634.242724,634.242724,634.242724,634.242724,118116400
2014-02-24,635.416473,635.416473,635.416473,635.416473,635.416473,114063900
2014-02-25,636.73231,636.73231,636.73231,636.73231,636.73231,117085000
2014-02-26,637.217022,637.217022,637.217022,637.217022,637.217022,98677200
2014-02-27,638.115904,638.115904,638.115904,638.115904,638.115904,93880800
2014-02-28,637.152085,637.152085,637.152085,637.152085,637.152085,150842000
2014-03-03,637.017428,637.017428,637.017428,637.017428,637.017428,167748500
2014-03-04,631.377629,631.377629,631.377629,631.377629,631.377629,167545900
2014-03-05,637.523798,637.523798,637.523798,637.523798,637.523798,88376900
2014-03-06,638.035553,638.035553,638.035553,638.035553,638.035553,82516500
2014-03-07,639.566894,639.566894,639.566894,639.566894,639.566894,114513500
2014-03-10,642.186127,642.186127,642.186127,642.186127,642.186127,74939200
2014-03-11,641.164485,641.164485,641.164485,641.164485,641.164485,99009100
2014-03-12,642.086362,642.086362,642.086362,642.086362,642.086362,104824400
2014-03-13,638.934044,638.934044,638.934044,638.934044,638.934044,155014300
2014-03-14,640.812451,640.812451,640.812451,640.812451,640.812451,153919600
2014-03-17,639.638485,639.638485,639.638485,639.638485,639.638485,98359500
2014-03-18,642.827726,642.827726,642.827726,642.827726,642.827726,101804600
2014-03-19,644.106742,644.106742,644.106742,644.106742,644.106742,176267300
2014-03-20,644.142678,644.142678,644.142678,644.142678,644.142678,117241000
2014-03-21,642.695687,642.695687,642.695687,642.695687,642.695687,163128000
2014-03-24,645.362762,645.362762,645.362762,645.362762,645.362762,121411000
2014-03-25,647.548573,647.548573,647.548573,647.548573,647.548573,103852000
2014-03-26,650.798619,650.798619,650.798619,650.798619,650.798619,119843000
2014-03-27,653.316065,653.316065,653.316065,653.316065,653.316065,142383000
2014-03-28,652.506246,652.506246,652.506246,652.506246,652.506246,101642000
2014-03-31,654.347038,654.347038,654.347038,654.347038,654.347038,99745000
2014-04-01,658.47671,658.47671,658.47671,658.47671,658.47671,89193000
2014-04-02,660.591711,660.591711,660.591711,660.591711,660.591711,78774000
2014-04-03,661.400969,661.400969,661.400969,661.400969,661.400969,77435000
2014-04-04,662.383511,662.383511,662.383511,662.383511,662.383511,169381000
2014-04-07,665.966583,665.966583,665.966583,665.966583,665.966583,140803000
2014-04-08,664.325792,664.325792,664.325792,664.325792,664.325792,112660000
2014-04-09,664.004039,664.004039,664.004039,664.004039,664.004039,100254000
2014-04-10,665.764047,665.764047,665.764047,665.764047,665.764047,172959000
2014-04-11,665.695466,665.695466,665.695466,665.695466,665.695466,167251000
2014-04-14,661.955621,661.955621,661.955621,661.955621,661.955621,132382000
2014-04-15,667.100585,667.100585,667.100585,667.100585,667.100585,157093000
2014-04-16,668.453143,668.453143,668.453143,668.453143,668.453143,105197000
2014-04-17,673.028026,673.028026,673.028026,673.028026,673.028026,105255000
2014-04-21,672.090546,672.090546,672.090546,672.090546,672.090546,68329000
2014-04-22,672.237037,672.237037,672.237037,672.237037,672.237037,85790000
2014-04-23,672.886733,672.886733,672.886733,672.886733,672.886733,73869000
2014-04-24,672.602207,672.602207,672.602207,672.602207,672.602207,88170000
2014-04-25,675.869403,675.869403,675.869403,675.869403,675.869403,100380000
2014-04-28,673.640696,673.640696,673.640696,673.640696,673.640696,135121000
2014-04-29,676.355471,676.355471,676.355471,676.355471,676.355471,84098000
2014-04-30,678.492754,678.492754,678.492754,678.492754,678.492754,101508000
2014-05-01,677.338585,677.338585,677.338585,677.338585,677.338585,93019000
2014-05-02,676.98112,676.98112,676.98112,676.98112,676.98112,98122000
2014-05-05,676.875004,676.875004,676.875004,676.875004,676.875004,75883000
2014-05-06,673.530224,673.530224,673.530224,673.530224,673.530224,85454000
2014-05-07,671.995557,671.995557,671.995557,671.995557,671.995557,106500000
2014-05-08,674.228304,674.228304,674.228304,674.228304,674.228304,93618000
2014-05-09,673.584346,673.584346,673.584346,673.584346,673.584346,83679000
2014-05-12,673.658983,673.658983,673.658983,673.658983,673.658983,86940000
2014-05-13,676.634977,676.634977,676.634977,676.634977,676.634977,66454000
2014-05-14,677.492664,677.492664,677.492664,677.492664,677.492664,72367000
2014-05-15,676.852874,676.852874,676.852874,676.852874,676.852874,154956000
2014-05-16,675.458391,675.458391,675.458391,675.458391,675.458391,97458000
2014-05-19,675.82089,675.82089,675.82089,675.82089,675.82089,63839000
2014-05-20,674.493415,674.493415,674.493415,674.493415,674.493415,111644000
2014-05-21,674.138392,674.138392,674.138392,674.138392,674.138392,89093000
2014-05-22,676.045425,676.045425,676.045425,676.045425,676.045425,61549000
2014-05-23,676.190213,676.190213,676.190213,676.190213,676.190213,61092800
2014-05-27,676.762887,676.762887,676.762887,676.762887,676.762887,72010000
2014-05-28,679.252808,679.252808,679.252808,679.252808,679.252808,66723000
2014-05-29,679.219395,679.219395,679.219395,679.219395,679.219395,64377000
2014-05-30,680.746419,680.746419,680.746419,680.746419,680.746419,76316000
2014-06-02,680.075594,680.075594,680.075594,680.075594,680.075594,64656000
2014-06-03,680.994842,680.994842,680.994842,680.994842,680.994842,65047000
2014-06-04,679.30153,679.30153,679.30153,679.30153,679.30153,55529000
2014-06-05,678.105067,678.105067,678.105067,678.105067,678.105067,92103000
2014-06-06,678.843182,678.843182,678.843182,678.843182,678.843182,78696000
2014-06-09,680.275448,680.275448,680.275448,680.275448,680.275448,65119000
2014-06-10,680.136765,680.136765,680.136765,680.136765,680.136765,57129000
2014-06-11,679.268297,679.268297,679.268297,679.268297,679.268297,68772000
2014-06-12,676.803345,676.803345,676.803345,676.803345,676.803345,106350000
2014-06-13,675.970873,675.970873,675.970873,675.970873,675.970873,82017000
2014-06-16,677.264578,677.264578,677.264578,677.264578,677.264578,87424000
2014-06-17,676.393459,676.393459,676.393459,676.393459,676.393459,84834000
2014-06-18,675.419595,675.419595,675.419595,675.419595,675.419595,105267000
2014-06-19,675.385937,675.385937,675.385937,675.385937,675.385937,85929000
2014-06-20,675.937043,675.937043,675.937043,675.937043,675.937043,100587000
2014-06-23,677.586542,677.586542,677.586542,677.586542,677.586542,70611000
2014-06-24,677.725389,677.725389,677.725389,677.725389,677.725389,96237000
2014-06-25,676.480746,676.480746,676.480746,676.480746,676.480746,82782000
2014-06-26,675.022719,675.022719,675.022719,675.022719,675.022719,84312000
2014-06-27,675.092386,675.092386,675.092386,675.092386,675.092386,71445100
2014-06-30,673.46973,673.46973,673.46973,673.46973,673.46973,70201200
2014-07-01,673.023226,673.023226,673.023226,673.023226,673.023226,90470000
2014-07-02,674.640361,674.640361,674.640361,674.640361,674.640361,52475000
2014-07-03,674.674975,674.674975,674.674975,674.674975,674.674975,52938800
2014-07-07,676.556653,676.556653,676.556653,676.556653,676.556653,61696000
2014-07-08,675.225688,675.225688,675.225688,675.225688,675.225688,108143000
2014-07-09,673.961361,673.961361,673.961361,673.961361,673.961361,72992000
2014-07-10,675.610681,675.610681,675.610681,675.610681,675.610681,99040000
2014-07-11,669.065037,669.065037,669.065037,669.065037,669.065037,64243000
2014-07-14,668.622401,668.622401,668.622401,668.622401,668.622401,58658000
2014-07-15,671.989637,671.989637,671.989637,671.989637,671.989637,111307000
2014-07-16,672.364246,672.364246,672.364246,672.364246,672.364246,79986400
2014-07-17,675.330473,675.330473,675.330473,675.330473,675.330473,145398000
2014-07-18,673.215526,673.215526,673.215526,673.215526,673.215526,124330000
2014-07-21,675.383628,675.383628,675.383628,675.383628,675.383628,67592000
2014-07-22,673.232164,673.232164,673.232164,673.232164,673.232164,67678000
2014-07-23,675.48376,675.48376,675.48376,675.48376,675.48376,65612000
2014-07-24,676.472491,676.472491,676.472491,676.472491,676.472491,56888000
2014-07-25,677.085782,677.085782,677.085782,677.085782,677.085782,76837000
2014-07-28,675.14297,675.14297,675.14297,675.14297,675.14297,69259000
2014-07-29,675.245739,675.245739,675.245739,675.245739,675.245739,80466000
2014-07-30,676.475467,676.475467,676.475467,676.475467,676.475467,104222000
2014-07-31,678.845728,678.845728,678.845728,678.845728,678.845728,183479000
2014-08-01,674.090577,674.090577,674.090577,674.090577,674.090577,189261000
2014-08-04,672.206773,672.206773,672.206773,672.206773,672.206773,91340000
2014-08-05,673.464948,673.464948,673.464948,673.464948,673.464948,152690000
2014-08-06,670.687374,670.687374,670.687374,670.687374,670.687374,94818000
2014-08-07,667.510061,667.510061,667.510061,667.510061,667.510061,135733000
2014-08-08,670.500786,670.500786,670.500786,670.500786,670.500786,117014000
2014-08-11,671.97593,671.97593,671.97593,671.97593,671.97593,74544000
2014-08-12,674.48077,674.48077,674.48077,674.48077,674.48077,73632000
2014-08-13,673.785684,673.785684,673.785684,673.785684,673.785684,69047000
2014-08-14,676.398142,676.398142,676.398142,676.398142,676.398142,57371000
2014-08-15,677.4754,677.4754,677.4754,677.4754,677.4754,139951000
2014-08-18,679.898134,679.898134,679.898134,679.898134,679.898134,75424000
2014-08-19,683.61587,683.61587,683.61587,683.61587,683.61587,59135000
2014-08-20,685.244286,685.244286,685.244286,685.244286,685.244286,72763000
2014-08-21,684.277659,684.277659,684.277659,684.277659,684.277659,67791000
2014-08-22,684.828036,684.828036,684.828036,684.828036,684.828036,76107000
2014-08-25,684.244477,684.244477,684.244477,684.244477,684.244477,63855000
2014-08-26,687.473338,687.473338,687.473338,687.473338,687.473338,47298000
2014-08-27,687.885373,687.885373,687.885373,687.885373,687.885373,47874000
2014-08-28,688.19439,688.19439,688.19439,688.19439,688.19439,58330000
2014-08-29,685.891646,685.891646,685.891646,685.891646,685.891646,65907000
2014-09-02,686.920254,686.920254,686.920254,686.920254,686.920254,72426000
2014-09-03,687.775138,687.775138,687.775138,687.775138,687.775138,57462000
2014-09-04,690.380678,690.380678,690.380678,690.380678,690.380678,85236000
2014-09-05,691.516907,691.516907,691.516907,691.516907,691.516907,102177000
2014-09-08,691.344217,691.344217,691.344217,691.344217,691.344217,64146000
2014-09-09,690.656453,690.656453,690.656453,690.656453,690.656453,88591000
2014-09-10,690.002291,690.002291,690.002291,690.002291,690.002291,67251000
2014-09-11,690.348388,690.348388,690.348388,690.348388,690.348388,66774400
2014-09-12,687.553744,687.553744,687.553744,687.553744,687.553744,117409300
2014-09-15,686.833125,686.833125,686.833125,686.833125,686.833125,76401000
2014-09-16,686.902036,686.902036,686.902036,686.902036,686.902036,116201000
2014-09-17,685.590532,685.590532,685.590532,685.590532,685.590532,151266000
2014-09-18,686.548065,686.548065,686.548065,686.548065,686.548065,94990000
2014-09-19,688.59981,688.59981,688.59981,688.59981,688.59981,121649000
2014-09-22,690.755647,690.755647,690.755647,690.755647,690.755647,125553000
2014-09-23,689.516533,689.516533,689.516533,689.516533,689.516533,111393000
2014-09-24,686.989271,686.989271,686.989271,686.989271,686.989271,107276000
2014-09-25,687.05903,687.05903,687.05903,687.05903,687.05903,150300000
2014-09-26,685.234318,685.234318,685.234318,685.234318,685.234318,103547000
2014-09-29,686.456377,686.456377,686.456377,686.456377,686.456377,95112000
2014-09-30,680.52527,680.52527,680.52527,680.52527,680.52527,131302000
2014-10-01,681.008258,681.008258,681.008258,681.008258,681.008258,177798000
2014-10-02,679.868378,679.868378,679.868378,679.868378,679.868378,157285000
2014-10-03,679.239537,679.239537,679.239537,679.239537,679.239537,121569000
2014-10-06,683.747779,683.747779,683.747779,683.747779,683.747779,104778000
2014-10-07,686.566628,686.566628,686.566628,686.566628,686.566628,147913000
2014-10-08,683.000132,683.000132,683.000132,683.000132,683.000132,186461000
2014-10-09,683.354713,683.354713,683.354713,683.354713,683.354713,210705000
2014-10-10,682.243169,682.243169,682.243169,682.243169,682.243169,221909000
2014-10-13,682.031881,682.031881,682.031881,682.031881,682.031881,230939000
2014-10-14,681.711565,681.711565,681.711565,681.711565,681.711565,215847000
2014-10-15,685.351084,685.351084,685.351084,685.351084,685.351084,380715000
2014-10-16,676.042854,676.042854,676.042854,676.042854,676.042854,270391000
2014-10-17,663.78934,663.78934,663.78934,663.78934,663.78934,214625000
2014-10-20,671.417679,671.417679,671.417679,671.417679,671.417679,130011000
2014-10-21,670.172901,670.172901,670.172901,670.172901,670.172901,154949000
2014-10-22,674.998722,674.998722,674.998722,674.998722,674.998722,151822000
2014-10-23,676.147648,676.147648,676.147648,676.147648,676.147648,154944000
2014-10-24,682.885801,682.885801,682.885801,682.885801,682.885801,117927000
2014-10-27,683.972558,683.972558,683.972558,683.972558,683.972558,82954000
2014-10-28,681.501489,681.501489,681.501489,681.501489,681.501489,106736000
2014-10-29,683.760159,683.760159,683.760159,683.760159,683.760159,142557000
2014-10-30,684.208179,684.208179,684.208179,684.208179,684.208179,113330000
2014-10-31,682.343701,682.343701,682.343701,682.343701,682.343701,146903000
2014-11-03,690.522875,690.522875,690.522875,690.522875,690.522875,93600000
2014-11-04,691.378333,691.378333,691.378333,691.378333,691.378333,93343000
2014-11-05,689.493658,689.493658,689.493658,689.493658,689.493658,91709000
2014-11-06,694.499831,694.499831,694.499831,694.499831,694.499831,107089000
2014-11-07,694.636722,694.636722,694.636722,694.636722,694.636722,89540000
2014-11-10,694.670452,694.670452,694.670452,694.670452,694.670452,66319000
2014-11-11,694.77217,694.77217,694.77217,694.77217,694.77217,54499400
2014-11-12,695.009922,695.009922,695.009922,695.009922,695.009922,90120300
2014-11-13,692.150174,692.150174,692.150174,692.150174,692.150174,85357900
2014-11-14,692.794491,692.794491,692.794491,692.794491,692.794491,80417500
2014-11-17,692.454201,692.454201,692.454201,692.454201,692.454201,80441000
2014-11-18,691.09701,691.09701,691.09701,691.09701,691.09701,76068100
2014-11-19,691.299381,691.299381,691.299381,691.299381,691.299381,82373000
2014-11-20,690.457647,690.457647,690.457647,690.457647,690.457647,72840300
2014-11-21,687.193665,687.193665,687.193665,687.193665,687.193665,142327300
2014-11-24,694.044826,694.044826,694.044826,694.044826,694.044826,65880800
2014-11-25,695.655256,695.655256,695.655256,695.655256,695.655256,79108300
2014-11-26,696.560318,696.560318,696.560318,696.560318,696.560318,62167800
2014-11-28,697.130909,697.130909,697.130909,697.130909,697.130909,57890100
2014-12-01,696.592266,696.592266,696.592266,696.592266,696.592266,103968400
2014-12-02,693.868146,693.868146,693.868146,693.868146,693.868146,74507200
2014-12-03,694.00219,694.00219,694.00219,694.00219,694.00219,68952000
2014-12-04,694.670871,694.670871,694.670871,694.670871,694.670871,91316600
2014-12-05,693.467229,693.467229,693.467229,693.467229,693.467229,91025500
2014-12-08,694.13379,694.13379,694.13379,694.13379,694.13379,108588200
2014-12-09,692.497138,692.497138,692.497138,692.497138,692.497138,125180100
2014-12-10,684.955487,684.955487,684.955487,684.955487,684.955487,159856400
2014-12-11,683.063136,683.063136,683.063136,683.063136,683.063136,159012800
2014-12-12,685.449954,685.449954,685.449954,685.449954,685.449954,202330200
2014-12-15,680.212227,680.212227,680.212227,680.212227,680.212227,189965800
2014-12-16,683.868936,683.868936,683.868936,683.868936,683.868936,259543800
2014-12-17,680.646961,680.646961,680.646961,680.646961,680.646961,253910100
2014-12-18,682.435442,682.435442,682.435442,682.435442,682.435442,257633900
2014-12-19,692.377946,692.377946,692.377946,692.377946,692.377946,245084600
2014-12-22,694.985929,694.985929,694.985929,694.985929,694.985929,148318900
2014-12-23,695.725093,695.725093,695.725093,695.725093,695.725093,122167900
2014-12-24,698.03762,698.03762,698.03762,698.03762,698.03762,42963400
2014-12-26,698.909787,698.909787,698.909787,698.909787,698.909787,57326700
2014-12-29,700.69112,700.69112,700.69112,700.69112,700.69112,79643900
2014-12-30,699.916638,699.916638,699.916638,699.916638,699.916638,73540800
2014-12-31,698.171646,698.171646,698.171646,698.171646,698.171646,130333800
2015-01-02,699.448211,699.448211,699.448211,699.448211,699.448211,121465900
2015-01-05,702.271438,702.271438,702.271438,702.271438,702.271438,169632600
2015-01-06,697.929206,697.929206,697.929206,697.929206,697.929206,209151400
2015-01-07,699.174508,699.174508,699.174508,699.174508,699.174508,125346700
2015-01-08,704.737821,704.737821,704.737821,704.737821,704.737821,147217800
2015-01-09,710.624217,710.624217,710.624217,710.624217,710.624217,158567300
2015-01-12,712.313922,712.313922,712.313922,712.313922,712.313922,144396100
2015-01-13,712.836785,712.836785,712.836785,712.836785,712.836785,214553300
2015-01-14,717.97141,717.97141,717.97141,717.97141,717.97141,192991100
2015-01-15,709.30296,709.30296,709.30296,709.30296,709.30296,176613900
2015-01-16,711.985899,711.985899,711.985899,711.985899,711.985899,211879600
2015-01-20,711.055579,711.055579,711.055579,711.055579,711.055579,130991100
2015-01-21,713.735814,713.735814,713.735814,713.735814,713.735814,122942700
2015-01-22,711.722423,711.722423,711.722423,711.722423,711.722423,174356000
2015-01-23,714.875227,714.875227,714.875227,714.875227,714.875227,117516800
2015-01-26,713.764673,713.764673,713.764673,713.764673,713.764673,92009700
2015-01-27,712.823692,712.823692,712.823692,712.823692,712.823692,134044600
2015-01-28,704.183923,704.183923,704.183923,704.183923,704.183923,168514300
2015-01-29,709.115052,709.115052,709.115052,709.115052,709.115052,173585400
2015-01-30,709.929796,709.929796,709.929796,709.929796,709.929796,197729700
2015-02-02,704.904015,704.904015,704.904015,704.904015,704.904015,163107000
2015-02-03,706.988986,706.988986,706.988986,706.988986,706.988986,124212900
2015-02-04,710.735065,710.735065,710.735065,710.735065,710.735065,134306700
2015-02-05,707.507515,707.507515,707.507515,707.507515,707.507515,97953200
2015-02-06,710.24578,710.24578,710.24578,710.24578,710.24578,125672000
2015-02-09,711.726454,711.726454,711.726454,711.726454,711.726454,87219000
2015-02-10,708.990351,708.990351,708.990351,708.990351,708.990351,96164200
2015-02-11,713.285158,713.285158,713.285158,713.285158,713.285158,91087800
2015-02-12,712.559641,712.559641,712.559641,712.559641,712.559641,97545900
2015-02-13,715.829735,715.829735,715.829735,715.829735,715.829735,93670400
2015-02-17,716.307987,716.307987,716.307987,716.307987,716.307987,76968200
2015-02-18,714.974766,714.974766,714.974766,714.974766,714.974766,80652900
2015-02-19,713.407724,713.407724,713.407724,713.407724,713.407724,91462500
2015-02-20,710.927727,710.927727,710.927727,710.927727,710.927727,140896400
2015-02-23,709.199516,709.199516,709.199516,709.199516,709.199516,74411100
2015-02-24,708.156831,708.156831,708.156831,708.156831,708.156831,72472300
2015-02-25,707.81965,707.81965,707.81965,707.81965,707.81965,73061700
2015-02-26,707.282948,707.282948,707.282948,707.282948,707.282948,72697900
2015-02-27,706.879987,706.879987,706.879987,706.879987,706.879987,108076000
2015-03-02,706.443487,706.443487,706.443487,706.443487,706.443487,87491400
2015-03-03,706.810573,706.810573,706.810573,706.810573,706.810573,110325800
2015-03-04,705.041678,705.041678,705.041678,705.041678,705.041678,114497200
2015-03-05,702.601889,702.601889,702.601889,702.601889,702.601889,76873000
2015-03-06,703.870167,703.870167,703.870167,703.870167,703.870167,188128000
2015-03-09,700.356927,700.356927,700.356927,700.356927,700.356927,89818900
2015-03-10,701.13163,701.13163,701.13163,701.13163,701.13163,157121300
2015-03-11,695.544693,695.544693,695.544693,695.544693,695.544693,110145700
2015-03-12,696.56212,696.56212,696.56212,696.56212,696.56212,93993500
2015-03-13,699.115713,699.115713,699.115713,699.115713,699.115713,162410900
2015-03-16,697.966558,697.966558,697.966558,697.966558,697.966558,136099200
2015-03-17,700.915843,700.915843,700.915843,700.915843,700.915843,94510400
2015-03-18,697.890289,697.890289,697.890289,697.890289,697.890289,228808500
2015-03-19,695.942503,695.942503,695.942503,695.942503,695.942503,117917300
2015-03-20,694.254294,694.254294,694.254294,694.254294,694.254294,177715100
2015-03-23,698.017076,698.017076,698.017076,698.017076,698.017076,71784500
2015-03-24,698.016056,698.016056,698.016056,698.016056,698.016056,77805300
2015-03-25,697.482382,697.482382,697.482382,697.482382,697.482382,159521700
2015-03-26,698.282424,698.282424,698.282424,698.282424,698.282424,153067200
2015-03-27,695.532514,695.532514,695.532514,695.532514,695.532514,118939000
2015-03-30,695.023555,695.023555,695.023555,695.023555,695.023555,96180400
2015-03-31,699.177732,699.177732,699.177732,699.177732,699.177732,126768700
2015-04-01,695.819339,695.819339,695.819339,695.819339,695.819339,137303600
2015-04-02,695.649243,695.649243,695.649243,695.649243,695.649243,86900900
2015-04-06,695.344014,695.344014,695.344014,695.344014,695.344014,114368200
2015-04-07,691.705454,691.705454,691.705454,691.705454,691.705454,81236300
2015-04-08,691.77045,691.77045,691.77045,691.77045,691.77045,89351900
2015-04-09,692.636947,692.636947,692.636947,692.636947,692.636947,85548900
2015-04-10,691.936591,691.936591,691.936591,691.936591,691.936591,72722900
2015-04-13,692.895398,692.895398,692.895398,692.895398,692.895398,74436600
2015-04-14,692.300033,692.300033,692.300033,692.300033,692.300033,75099900
2015-04-15,691.470893,691.470893,691.470893,691.470893,691.470893,99529300
2015-04-16,693.284169,693.284169,693.284169,693.284169,693.284169,68934900
2015-04-17,691.932053,691.932053,691.932053,691.932053,691.932053,191113200
2015-04-20,687.194546,687.194546,687.194546,687.194546,687.194546,92189500
2015-04-21,690.828003,690.828003,690.828003,690.828003,690.828003,72559800
2015-04-22,693.492873,693.492873,693.492873,693.492873,693.492873,78264600
2015-04-23,694.814314,694.814314,694.814314,694.814314,694.814314,102585900
2015-04-24,693.196489,693.196489,693.196489,693.196489,693.196489,61327400
2015-04-27,694.802938,694.802938,694.802938,694.802938,694.802938,79358100
2015-04-28,697.000528,697.000528,697.000528,697.000528,697.000528,86863500
2015-04-29,696.866479,696.866479,696.866479,696.866479,696.866479,125684900
2015-04-30,693.305448,693.305448,693.305448,693.305448,693.305448,161304900
2015-05-01,690.998931,690.998931,690.998931,690.998931,690.998931,103399700
2015-05-04,694.080029,694.080029,694.080029,694.080029,694.080029,70927200
2015-05-05,695.725024,695.725024,695.725024,695.725024,695.725024,113326200
2015-05-06,694.735821,694.735821,694.735821,694.735821,694.735821,135060200
2015-05-07,696.895694,696.895694,696.895694,696.895694,696.895694,88244900
2015-05-08,696.458686,696.458686,696.458686,696.458686,696.458686,155877300
2015-05-11,703.125799,703.125799,703.125799,703.125799,703.125799,75708100
2015-05-12,702.924509,702.924509,702.924509,702.924509,702.924509,119727600
2015-05-13,699.552009,699.552009,699.552009,699.552009,699.552009,94667900
2015-05-14,701.149844,701.149844,701.149844,701.149844,701.149844,95934000
2015-05-15,705.187365,705.187365,705.187365,705.187365,705.187365,76510100
2015-05-18,705.916248,705.916248,705.916248,705.916248,705.916248,74549700
2015-05-19,705.216397,705.216397,705.216397,705.216397,705.216397,72114600
2015-05-20,705.644335,705.644335,705.644335,705.644335,705.644335,76857500
2015-05-21,706.006742,706.006742,706.006742,706.006742,706.006742,64764600
2015-05-22,705.407218,705.407218,705.407218,705.407218,705.407218,57433500
2015-05-26,703.852364,703.852364,703.852364,703.852364,703.852364,124308600
2015-05-27,701.867591,701.867591,701.867591,701.867591,701.867591,93214000
2015-05-28,703.664523,703.664523,703.664523,703.664523,703.664523,74974600
2015-05-29,702.405461,702.405461,702.405461,702.405461,702.405461,124919600
2015-06-01,702.105886,702.105886,702.105886,702.105886,702.105886,93338800
2015-06-02,704.731012,704.731012,704.731012,704.731012,704.731012,91531000
2015-06-03,702.863587,702.863587,702.863587,702.863587,702.863587,87820900
2015-06-04,704.956486,704.956486,704.956486,704.956486,704.956486,151882800
2015-06-05,702.094089,702.094089,702.094089,702.094089,702.094089,121704700
2015-06-08,701.45756,701.45756,701.45756,701.45756,701.45756,89063300
2015-06-09,700.987851,700.987851,700.987851,700.987851,700.987851,105034700
2015-06-10,700.851899,700.851899,700.851899,700.851899,700.851899,134551300
2015-06-11,703.91013,703.91013,703.91013,703.91013,703.91013,73876400
2015-06-12,705.643396,705.643396,705.643396,705.643396,705.643396,135382400
2015-06-15,702.306952,702.306952,702.306952,702.306952,702.306952,124384200
2015-06-16,697.690688,697.690688,697.690688,697.690688,697.690688,85308200
2015-06-17,697.055035,697.055035,697.055035,697.055035,697.055035,126708600
2015-06-18,698.147757,698.147757,698.147757,698.147757,698.147757,165867900
2015-06-19,700.4995,700.4995,700.4995,700.4995,700.4995,130478700
2015-06-22,699.505208,699.505208,699.505208,699.505208,699.505208,70696000
2015-06-23,703.119908,703.119908,703.119908,703.119908,703.119908,68476800
2015-06-24,703.91445,703.91445,703.91445,703.91445,703.91445,92307300
2015-06-25,702.816809,702.816809,702.816809,702.816809,702.816809,97107400
2015-06-26,704.785213,704.785213,704.785213,704.785213,704.785213,104174800
2015-06-29,706.193792,706.193792,706.193792,706.193792,706.193792,202621300
2015-06-30,700.201218,700.201218,700.201218,700.201218,700.201218,182925100
2015-07-01,706.437751,706.437751,706.437751,706.437751,706.437751,135979900
2015-07-02,712.854055,712.854055,712.854055,712.854055,712.854055,104373700
2015-07-06,714.77697,714.77697,714.77697,714.77697,714.77697,117975400
2015-07-07,709.431391,709.431391,709.431391,709.431391,709.431391,173820200
2015-07-08,710.219289,710.219289,710.219289,710.219289,710.219289,164020100
2015-07-09,704.721506,704.721506,704.721506,704.721506,704.721506,144113100
2015-07-10,713.334699,713.334699,713.334699,713.334699,713.334699,129456900
2015-07-13,721.618529,721.618529,721.618529,721.618529,721.618529,106069400
2015-07-14,726.834175,726.834175,726.834175,726.834175,726.834175,81709600
2015-07-15,726.624598,726.624598,726.624598,726.624598,726.624598,97914100
2015-07-16,726.76096,726.76096,726.76096,726.76096,726.76096,106683300
2015-07-17,731.072282,731.072282,731.072282,731.072282,731.072282,89030000
2015-07-20,731.000995,731.000995,731.000995,731.000995,731.000995,70446800
2015-07-21,731.893654,731.893654,731.893654,731.893654,731.893654,77965000
2015-07-22,731.305993,731.305993,731.305993,731.305993,731.305993,88667900
2015-07-23,728.437261,728.437261,728.437261,728.437261,728.437261,90509100
2015-07-24,728.952403,728.952403,728.952403,728.952403,728.952403,117755000
2015-07-27,729.332308,729.332308,729.332308,729.332308,729.332308,132361100
2015-07-28,725.578904,725.578904,725.578904,725.578904,725.578904,123544800
2015-07-29,729.051686,729.051686,729.051686,729.051686,729.051686,105791300
2015-07-30,729.537293,729.537293,729.537293,729.537293,729.537293,91304400
2015-07-31,727.389586,727.389586,727.389586,727.389586,727.389586,103266900
2015-08-03,729.423266,729.423266,729.423266,729.423266,729.423266,113965700
2015-08-04,729.248413,729.248413,729.248413,729.248413,729.248413,81820800
2015-08-05,728.899251,728.899251,728.899251,728.899251,728.899251,85786800
2015-08-06,732.587206,732.587206,732.587206,732.587206,732.587206,116030800
2015-08-07,733.317864,733.317864,733.317864,733.317864,733.317864,117858000
2015-08-10,732.612475,732.612475,732.612475,732.612475,732.612475,80270700
2015-08-11,737.261279,737.261279,737.261279,737.261279,737.261279,126081400
2015-08-12,731.622667,731.622667,731.622667,731.622667,731.622667,172123700
2015-08-13,726.116665,726.116665,726.116665,726.116665,726.116665,89383300
2015-08-14,725.419914,725.419914,725.419914,725.419914,725.419914,72786500
2015-08-17,724.584326,724.584326,724.584326,724.584326,724.584326,79072600
2015-08-18,722.091768,722.091768,722.091768,722.091768,722.091768,71692700
2015-08-19,720.924097,720.924097,720.924097,720.924097,720.924097,172946000
2015-08-20,717.832576,717.832576,717.832576,717.832576,717.832576,194327900
2015-08-21,711.559866,711.559866,711.559866,711.559866,711.559866,346588500
2015-08-24,703.710486,703.710486,703.710486,703.710486,703.710486,507244300
2015-08-25,666.895902,666.895902,666.895902,666.895902,666.895902,369833100
2015-08-26,687.730738,687.730738,687.730738,687.730738,687.730738,339257000
2015-08-27,705.359896,705.359896,705.359896,705.359896,705.359896,274143900
2015-08-28,714.610116,714.610116,714.610116,714.610116,714.610116,160414400
2015-08-31,711.813036,711.813036,711.813036,711.813036,711.813036,163298800
2015-09-01,707.598567,707.598567,707.598567,707.598567,707.598567,256000400
2015-09-02,691.276134,691.276134,691.276134,691.276134,691.276134,160269300
2015-09-03,701.514933,701.514933,701.514933,701.514933,701.514933,152087800
2015-09-04,704.530642,704.530642,704.530642,704.530642,704.530642,207081000
2015-09-08,694.768548,694.768548,694.768548,694.768548,694.768548,116025700
2015-09-09,706.81841,706.81841,706.81841,706.81841,706.81841,149347700
2015-09-10,713.548951,713.548951,713.548951,713.548951,713.548951,158611100
2015-09-11,712.670961,712.670961,712.670961,712.670961,712.670961,119691200
2015-09-14,710.92504,710.92504,710.92504,710.92504,710.92504,79452000
2015-09-15,711.648414,711.648414,711.648414,711.648414,711.648414,113806200
2015-09-16,713.790897,713.790897,713.790897,713.790897,713.790897,99581600
2015-09-17,715.050256,715.050256,715.050256,715.050256,715.050256,276046600
2015-09-18,714.442926,714.442926,714.442926,714.442926,714.442926,223657500
2015-09-21,703.667628,703.667628,703.667628,703.667628,703.667628,105726200
2015-09-22,707.196287,707.196287,707.196287,707.196287,707.196287,153890900
2015-09-23,697.874087,697.874087,697.874087,697.874087,697.874087,92790600
2015-09-24,698.558957,698.558957,698.558957,698.558957,698.558957,159378800
2015-09-25,693.292526,693.292526,693.292526,693.292526,693.292526,155054800
2015-09-28,699.511213,699.511213,699.511213,699.511213,699.511213,178515900
2015-09-29,695.595125,695.595125,695.595125,695.595125,695.595125,159045600
2015-09-30,696.522294,696.522294,696.522294,696.522294,696.522294,163452000
2015-10-01,704.818092,704.818092,704.818092,704.818092,704.818092,131079000
2015-10-02,706.437281,706.437281,706.437281,706.437281,706.437281,211003300
2015-10-05,697.725143,697.725143,697.725143,697.725143,697.725143,126320800
2015-10-06,702.913973,702.913973,702.913973,702.913973,702.913973,110274500
2015-10-07,702.312561,702.312561,702.312561,702.312561,702.312561,124307300
2015-10-08,706.218321,706.218321,706.218321,706.218321,706.218321,153055200
2015-10-09,704.553873,704.553873,704.553873,704.553873,704.553873,107069200
2015-10-12,705.114016,705.114016,705.114016,705.114016,705.114016,56395600
2015-10-13,705.394228,705.394228,705.394228,705.394228,705.394228,88038700
2015-10-14,702.31358,702.31358,702.31358,702.31358,702.31358,99106200
2015-10-15,702.032754,702.032754,702.032754,702.032754,702.032754,134142200
2015-10-16,704.780444,704.780444,704.780444,704.780444,704.780444,114580100
2015-10-19,706.417263,706.417263,706.417263,706.417263,706.417263,76523900
2015-10-20,703.706092,703.706092,703.706092,703.706092,703.706092,78448500
2015-10-21,701.871673,701.871673,701.871673,701.871673,701.871673,102038000
2015-10-22,703.564175,703.564175,703.564175,703.564175,703.564175,174911700
2015-10-23,707.467423,707.467423,707.467423,707.467423,707.467423,144442300
2015-10-26,714.290379,714.290379,714.290379,714.290379,714.290379,69033000
2015-10-27,713.532315,713.532315,713.532315,713.532315,713.532315,77905800
2015-10-28,710.738869,710.738869,710.738869,710.738869,710.738869,135906700
2015-10-29,712.079473,712.079473,712.079473,712.079473,712.079473,90525500
2015-10-30,709.999513,709.999513,709.999513,709.999513,709.999513,131076900
2015-11-02,710.7458,710.7458,710.7458,710.7458,710.7458,86270800
2015-11-03,712.043078,712.043078,712.043078,712.043078,712.043078,95246100
2015-11-04,710.586009,710.586009,710.586009,710.586009,710.586009,96224500
2015-11-05,711.729379,711.729379,711.729379,711.729379,711.729379,78408700
2015-11-06,711.930597,711.930597,711.930597,711.930597,711.930597,110471500
2015-11-09,710.506457,710.506457,710.506457,710.506457,710.506457,131008700
2015-11-10,708.00134,708.00134,708.00134,708.00134,708.00134,75874600
2015-11-11,706.026693,706.026693,706.026693,706.026693,706.026693,67846000
2015-11-12,707.074282,707.074282,707.074282,707.074282,707.074282,121315200
2015-11-13,702.819037,702.819037,702.819037,702.819037,702.819037,153577100
2015-11-16,701.102604,701.102604,701.102604,701.102604,701.102604,117645200
2015-11-17,700.30622,700.30622,700.30622,700.30622,700.30622,121123700
2015-11-18,701.530934,701.530934,701.530934,701.530934,701.530934,121342500
2015-11-19,703.44186,703.44186,703.44186,703.44186,703.44186,88220500
2015-11-20,702.935108,702.935108,702.935108,702.935108,702.935108,94011500
2015-11-23,705.933602,705.933602,705.933602,705.933602,705.933602,64931200
2015-11-24,706.134126,706.134126,706.134126,706.134126,706.134126,98874400
2015-11-25,702.046182,702.046182,702.046182,702.046182,702.046182,51980100
2015-11-27,702.513842,702.513842,702.513842,702.513842,702.513842,37317800
2015-11-30,702.847729,702.847729,702.847729,702.847729,702.847729,112822700
2015-12-01,703.449884,703.449884,703.449884,703.449884,703.449884,97858400
2015-12-02,705.942837,705.942837,705.942837,705.942837,705.942837,108441300
2015-12-03,705.706711,705.706711,705.706711,705.706711,705.706711,166224200
2015-12-04,706.686498,706.686498,706.686498,706.686498,706.686498,192913900
2015-12-07,706.65091,706.65091,706.65091,706.65091,706.65091,102027100
2015-12-08,705.301111,705.301111,705.301111,705.301111,705.301111,103372400
2015-12-09,698.969731,698.969731,698.969731,698.969731,698.969731,162401500
2015-12-10,696.368,696.368,696.368,696.368,696.368,116128900
2015-12-11,696.604159,696.604159,696.604159,696.604159,696.604159,211173300
2015-12-14,688.043214,688.043214,688.043214,688.043214,688.043214,182385200
2015-12-15,688.656204,688.656204,688.656204,688.656204,688.656204,154069600
2015-12-16,694.730826,694.730826,694.730826,694.730826,694.730826,197017000
2015-12-17,699.236319,699.236319,699.236319,699.236319,699.236319,173092500
2015-12-18,700.444882,700.444882,700.444882,700.444882,700.444882,251393500
2015-12-21,697.390202,697.390202,697.390202,697.390202,697.390202,99094300
2015-12-22,702.20169,702.20169,702.20169,702.20169,702.20169,111026200
2015-12-23,705.822029,705.822029,705.822029,705.822029,705.822029,110987200
2015-12-24,709.914327,709.914327,709.914327,709.914327,709.914327,48539600
2015-12-28,708.844881,708.844881,708.844881,708.844881,708.844881,65899900
2015-12-29,705.983727,705.983727,705.983727,705.983727,705.983727,92640700
2015-12-30,710.420602,710.420602,710.420602,710.420602,710.420602,63317700
2015-12-31,709.391349,709.391349,709.391349,709.391349,709.391349,114877900
2016-01-04,706.60016,706.60016,706.60016,706.60016,706.60016,222353500
2016-01-05,694.851026,694.851026,694.851026,694.851026,694.851026,110845800
2016-01-06,696.129572,696.129572,696.129572,696.129572,696.129572,152112600
2016-01-07,685.654596,685.654596,685.654596,685.654596,685.654596,213436100
2016-01-08,673.585177,673.585177,673.585177,673.585177,673.585177,209817200
2016-01-11,677.508518,677.508518,677.508518,677.508518,677.508518,187941300
2016-01-12,681.322405,681.322405,681.322405,681.322405,681.322405,172330500
2016-01-13,687.352841,687.352841,687.352841,687.352841,687.352841,221168900
2016-01-14,690.122142,690.122142,690.122142,690.122142,690.122142,240795600
2016-01-15,692.71899,692.71899,692.71899,692.71899,692.71899,324846400
2016-01-19,674.06125,674.06125,674.06125,674.06125,674.06125,195244400
2016-01-20,681.743791,681.743791,681.743791,681.743791,681.743791,286547800
2016-01-21,670.725951,670.725951,670.725951,670.725951,670.725951,195772900
2016-01-22,672.715595,672.715595,672.715595,672.715595,672.715595,168319600
2016-01-25,683.815804,683.815804,683.815804,683.815804,683.815804,130371700
2016-01-26,681.628657,681.628657,681.628657,681.628657,681.628657,141036800
2016-01-27,684.427767,684.427767,684.427767,684.427767,684.427767,185681700
2016-01-28,682.162312,682.162312,682.162312,682.162312,682.162312,143798800
2016-01-29,688.763494,688.763494,688.763494,688.763494,688.763494,210529300
2016-02-01,692.043665,692.043665,692.043665,692.043665,692.043665,136061600
2016-02-02,687.757767,687.757767,687.757767,687.757767,687.757767,182564900
2016-02-03,681.721443,681.721443,681.721443,681.721443,681.721443,205054900
2016-02-04,686.168428,686.168428,686.168428,686.168428,686.168428,139531800
2016-02-05,684.018321,684.018321,684.018321,684.018321,684.018321,180788300
2016-02-08,681.806352,681.806352,681.806352,681.806352,681.806352,191526700
2016-02-09,673.864662,673.864662,673.864662,673.864662,673.864662,184513100
2016-02-10,666.344635,666.344635,666.344635,666.344635,666.344635,148214100
2016-02-11,669.832308,669.832308,669.832308,669.832308,669.832308,219058900
2016-02-12,659.206834,659.206834,659.206834,659.206834,659.206834,127632400
2016-02-16,666.743823,666.743823,666.743823,666.743823,666.743823,120250700
2016-02-17,674.354782,674.354782,674.354782,674.354782,674.354782,136009500
2016-02-18,679.224948,679.224948,679.224948,679.224948,679.224948,102343000
2016-02-19,680.317874,680.317874,680.317874,680.317874,680.317874,114793000
2016-02-22,677.025589,677.025589,677.025589,677.025589,677.025589,103640300
2016-02-23,683.585346,683.585346,683.585346,683.585346,683.585346,111455300
2016-02-24,680.813972,680.813972,680.813972,680.813972,680.813972,150812200
2016-02-25,674.797242,674.797242,674.797242,674.797242,674.797242,110728300
2016-02-26,676.614743,676.614743,676.614743,676.614743,676.614743,129833700
2016-02-29,680.14468,680.14468,680.14468,680.14468,680.14468,125918100
2016-03-01,680.180307,680.180307,680.180307,680.180307,680.180307,141799700
2016-03-02,685.241366,685.241366,685.241366,685.241366,685.241366,102415000
2016-03-03,683.927697,683.927697,683.927697,683.927697,683.927697,95172200
2016-03-04,683.171457,683.171457,683.171457,683.171457,683.171457,129293600
2016-03-07,683.924226,683.924226,683.924226,683.924226,683.924226,100219000
2016-03-08,680.170466,680.170466,680.170466,680.170466,680.170466,123974900
2016-03-09,675.830282,675.830282,675.830282,675.830282,675.830282,94801200
2016-03-10,679.066891,679.066891,679.066891,679.066891,679.066891,156838700
2016-03-11,681.007895,681.007895,681.007895,681.007895,681.007895,137964500
2016-03-14,686.843934,686.843934,686.843934,686.843934,686.843934,73612000
2016-03-15,684.77719,684.77719,684.77719,684.77719,684.77719,93169100
2016-03-16,680.888139,680.888139,680.888139,680.888139,680.888139,129303200
2016-03-17,678.934178,678.934178,678.934178,678.934178,678.934178,134278500
2016-03-18,678.566574,678.566574,678.566574,678.566574,678.566574,138372400
2016-03-21,680.499019,680.499019,680.499019,680.499019,680.499019,72926700
2016-03-22,679.432689,679.432689,679.432689,679.432689,679.432689,97471900
2016-03-23,676.378045,676.378045,676.378045,676.378045,676.378045,81052500
2016-03-24,674.856759,674.856759,674.856759,674.856759,674.856759,84360900
2016-03-28,670.804309,670.804309,670.804309,670.804309,670.804309,62408200
2016-03-29,672.389349,672.389349,672.389349,672.389349,672.389349,92922900
2016-03-30,670.767707,670.767707,670.767707,670.767707,670.767707,86365300
2016-03-31,674.592467,674.592467,674.592467,674.592467,674.592467,94584100
2016-04-01,674.198583,674.198583,674.198583,674.198583,674.198583,114423500
2016-04-04,670.327438,670.327438,670.327438,670.327438,670.327438,63497000
2016-04-05,670.002233,670.002233,670.002233,670.002233,670.002233,99662200
2016-04-06,664.836587,664.836587,664.836587,664.836587,664.836587,91839800
2016-04-07,664.8029,664.8029,664.8029,664.8029,664.8029,113859000
2016-04-08,660.647814,660.647814,660.647814,660.647814,660.647814,95040600
2016-04-11,665.11685,665.11685,665.11685,665.11685,665.11685,83757500
2016-04-12,667.522602,667.522602,667.522602,667.522602,667.522602,115350600
2016-04-13,668.144055,668.144055,668.144055,668.144055,668.144055,96336400
2016-04-14,671.614701,671.614701,671.614701,671.614701,671.614701,65212900
2016-04-15,671.806851,671.806851,671.806851,671.806851,671.806851,75761600
2016-04-18,671.773274,671.773274,671.773274,671.773274,671.773274,82531000
2016-04-19,671.739635,671.739635,671.739635,671.739635,671.739635,88316100
2016-04-20,673.311202,673.311202,673.311202,673.311202,673.311202,81100300
2016-04-21,673.437987,673.437987,673.437987,673.437987,673.437987,85695000
2016-04-22,673.468302,673.468302,673.468302,673.468302,673.468302,99251700
2016-04-25,672.081121,672.081121,672.081121,672.081121,672.081121,66166500
2016-04-26,669.764029,669.764029,669.764029,669.764029,669.764029,75864200
2016-04-27,671.111047,671.111047,671.111047,671.111047,671.111047,77329400
2016-04-28,669.632092,669.632092,669.632092,669.632092,669.632092,97216200
2016-04-29,666.75187,666.75187,666.75187,666.75187,666.75187,142424100
2016-05-02,664.372384,664.372384,664.372384,664.372384,664.372384,62188000
2016-05-03,666.239045,666.239045,666.239045,666.239045,666.239045,106422100
2016-05-04,661.560861,661.560861,661.560861,661.560861,661.560861,92243800
2016-05-05,657.773544,657.773544,657.773544,657.773544,657.773544,67619200
2016-05-06,659.505225,659.505225,659.505225,659.505225,659.505225,89315000
2016-05-09,656.544578,656.544578,656.544578,656.544578,656.544578,74374900
2016-05-10,656.032835,656.032835,656.032835,656.032835,656.032835,77472200
2016-05-11,658.644701,658.644701,658.644701,658.644701,658.644701,81727000
2016-05-12,656.905388,656.905388,656.905388,656.905388,656.905388,89586300
2016-05-13,659.385727,659.385727,659.385727,659.385727,659.385727,96474600
2016-05-16,658.235276,658.235276,658.235276,658.235276,658.235276,77486800
2016-05-17,658.845414,658.845414,658.845414,658.845414,658.845414,114924900
2016-05-18,657.792913,657.792913,657.792913,657.792913,657.792913,120062100
2016-05-19,656.44375,656.44375,656.44375,656.44375,656.44375,115430500
2016-05-20,653.687873,653.687873,653.687873,653.687873,653.687873,104990400
2016-05-23,655.959742,655.959742,655.959742,655.959742,655.959742,58682600
2016-05-24,655.991063,655.991063,655.991063,655.991063,655.991063,93537800
2016-05-25,659.026919,659.026919,659.026919,659.026919,659.026919,76621400
2016-05-26,661.529984,661.529984,661.529984,661.529984,661.529984,55280700
2016-05-27,662.002473,662.002473,662.002473,662.002473,662.002473,64211200
2016-05-31,662.570314,662.570314,662.570314,662.570314,662.570314,109879400
2016-06-01,663.545847,663.545847,663.545847,663.545847,663.545847,69936200
2016-06-02,661.23572,661.23572,661.23572,661.23572,661.23572,63044700
2016-06-03,659.724576,659.724576,659.724576,659.724576,659.724576,101757100
2016-06-06,657.627462,657.627462,657.627462,657.627462,657.627462,64887000
2016-06-07,658.907927,658.907927,658.907927,658.907927,658.907927,60974800
2016-06-08,659.435962,659.435962,659.435962,659.435962,659.435962,66170900
2016-06-09,659.901735,659.901735,659.901735,659.901735,659.901735,73786900
2016-06-10,657.196753,657.196753,657.196753,657.196753,657.196753,113829200
2016-06-13,652.144017,652.144017,652.144017,652.144017,652.144017,117751200
2016-06-14,649.907382,649.907382,649.907382,649.907382,649.907382,125059300
2016-06-15,648.471709,648.471709,648.471709,648.471709,648.471709,109124500
2016-06-16,648.439462,648.439462,648.439462,648.439462,648.439462,149533100
2016-06-17,648.406702,648.406702,648.406702,648.406702,648.406702,117055700
2016-06-20,647.993053,647.993053,647.993053,647.993053,647.993053,82789600
2016-06-21,655.176906,655.176906,655.176906,655.176906,655.176906,72461700
2016-06-22,656.562291,656.562291,656.562291,656.562291,656.562291,95560500
2016-06-23,657.190967,657.190967,657.190967,657.190967,657.190967,102731400
2016-06-24,662.558059,662.558059,662.558059,662.558059,662.558059,333444400
2016-06-27,639.960015,639.960015,639.960015,639.960015,639.960015,230775800
2016-06-28,634.732773,634.732773,634.732773,634.732773,634.732773,159382400
2016-06-29,640.679082,640.679082,640.679082,640.679082,640.679082,137328600
2016-06-30,645.817724,645.817724,645.817724,645.817724,645.817724,165021900
2016-07-01,647.504064,647.504064,647.504064,647.504064,647.504064,106055300
2016-07-05,647.472059,647.472059,647.472059,647.472059,647.472059,109803700
2016-07-06,644.44813,644.44813,644.44813,644.44813,644.44813,96021500
2016-07-07,642.621912,642.621912,642.621912,642.621912,642.621912,85593800
2016-07-08,643.233542,643.233542,643.233542,643.233542,643.233542,133971000
2016-07-11,647.86753,647.86753,647.86753,647.86753,647.86753,73633900
2016-07-12,649.480025,649.480025,649.480025,649.480025,649.480025,101275600
2016-07-13,652.886839,652.886839,652.886839,652.886839,652.886839,87324100
2016-07-14,654.342278,654.342278,654.342278,654.342278,654.342278,91230900
2016-07-15,658.815408,658.815408,658.815408,658.815408,658.815408,107155400
2016-07-18,660.794029,660.794029,660.794029,660.794029,660.794029,58725900
2016-07-19,661.189772,661.189772,661.189772,661.189772,661.189772,54345700
2016-07-20,659.659704,659.659704,659.659704,659.659704,659.659704,58159500
2016-07-21,659.626607,659.626607,659.626607,659.626607,659.626607,67777300
2016-07-22,659.198594,659.198594,659.198594,659.198594,659.198594,62787500
2016-07-25,659.592485,659.592485,659.592485,659.592485,659.592485,55873100
2016-07-26,658.830736,658.830736,658.830736,658.830736,658.830736,70080500
2016-07-27,658.432961,658.432961,658.432961,658.432961,658.432961,84083900
2016-07-28,659.736645,659.736645,659.736645,659.736645,659.736645,65035700
2016-07-29,659.003049,659.003049,659.003049,659.003049,659.003049,79519400
2016-08-01,658.027591,658.027591,658.027591,658.027591,658.027591,73311400
2016-08-02,658.206923,658.206923,658.206923,658.206923,658.206923,92295500
2016-08-03,657.293897,657.293897,657.293897,657.293897,657.293897,53993600
2016-08-04,657.047793,657.047793,657.047793,657.047793,657.047793,46585500
2016-08-05,657.409976,657.409976,657.409976,657.409976,657.409976,71892200
2016-08-08,657.377072,657.377072,657.377072,657.377072,657.377072,39906500
2016-08-09,658.007158,658.007158,658.007158,658.007158,658.007158,51251700
2016-08-10,658.215534,658.215534,658.215534,658.215534,658.215534,57941100
2016-08-11,658.574719,658.574719,658.574719,658.574719,658.574719,72504300
2016-08-12,660.418049,660.418049,660.418049,660.418049,660.418049,61313500
2016-08-15,659.297884,659.297884,659.297884,659.297884,659.297884,49813500
2016-08-16,660.562062,660.562062,660.562062,660.562062,660.562062,53213600
2016-08-17,659.051917,659.051917,659.051917,659.051917,659.051917,75134300
2016-08-18,659.140108,659.140108,659.140108,659.140108,659.140108,52989300
2016-08-19,659.016289,659.016289,659.016289,659.016289,659.016289,75443000
2016-08-22,657.327228,657.327228,657.327228,657.327228,657.327228,61368800
2016-08-23,656.452633,656.452633,656.452633,656.452633,656.452633,53399200
2016-08-24,658.582199,658.582199,658.582199,658.582199,658.582199,71728900
2016-08-25,658.038106,658.038106,658.038106,658.038106,658.038106,69224800
2016-08-26,656.645902,656.645902,656.645902,656.645902,656.645902,122506300
2016-08-29,657.276774,657.276774,657.276774,657.276774,657.276774,70502200
2016-08-30,657.697831,657.697831,657.697831,657.697831,657.697831,58114500
2016-08-31,657.363596,657.363596,657.363596,657.363596,657.363596,85269500
2016-09-01,656.1545,656.1545,656.1545,656.1545,656.1545,97844200
2016-09-02,656.091445,656.091445,656.091445,656.091445,656.091445,79293900
2016-09-06,659.076966,659.076966,659.076966,659.076966,659.076966,56702100
2016-09-07,660.039968,660.039968,660.039968,660.039968,660.039968,76554900
2016-09-08,659.43421,659.43421,659.43421,659.43421,659.43421,74102900
2016-09-09,658.227039,658.227039,658.227039,658.227039,658.227039,221589100
2016-09-12,653.555291,653.555291,653.555291,653.555291,653.555291,168110900
2016-09-13,650.795347,650.795347,650.795347,650.795347,650.795347,182828800
2016-09-14,646.250858,646.250858,646.250858,646.250858,646.250858,134185500
2016-09-15,646.400543,646.400543,646.400543,646.400543,646.400543,134427900
2016-09-16,645.792189,645.792189,645.792189,645.792189,645.792189,155236400
2016-09-19,643.595162,643.595162,643.595162,643.595162,643.595162,80250500
2016-09-20,645.855123,645.855123,645.855123,645.855123,645.855123,69665300
2016-09-21,648.849175,648.849175,648.849175,648.849175,648.849175,110284400
2016-09-22,651.309685,651.309685,651.309685,651.309685,651.309685,76678700
2016-09-23,654.837926,654.837926,654.837926,654.837926,654.837926,73630900
2016-09-26,653.418191,653.418191,653.418191,653.418191,653.418191,89827300
2016-09-27,650.45121,650.45121,650.45121,650.45121,650.45121,78494800
2016-09-28,649.842091,649.842091,649.842091,649.842091,649.842091,87411000
2016-09-29,650.593181,650.593181,650.593181,650.593181,650.593181,128070600
2016-09-30,649.839545,649.839545,649.839545,649.839545,649.839545,117202900
2016-10-03,652.743437,652.743437,652.743437,652.743437,652.743437,83512100
2016-10-04,651.262274,651.262274,651.262274,651.262274,651.262274,119948100
2016-10-05,651.621797,651.621797,651.621797,651.621797,651.621797,72816000
2016-10-06,653.805206,653.805206,653.805206,653.805206,653.805206,62927400
2016-10-07,652.984156,652.984156,652.984156,652.984156,652.984156,89788300
2016-10-10,653.91992,653.91992,653.91992,653.91992,653.91992,51855000
2016-10-11,657.293064,657.293064,657.293064,657.293064,657.293064,130367400
2016-10-12,655.739881,655.739881,655.739881,655.739881,655.739881,73866100
2016-10-13,656.198606,656.198606,656.198606,656.198606,656.198606,101357000
2016-10-14,651.406321,651.406321,651.406321,651.406321,651.406321,93346200
2016-10-17,654.85991,654.85991,654.85991,654.85991,654.85991,58275700
2016-10-18,654.735443,654.735443,654.735443,654.735443,654.735443,76869700
2016-10-19,660.436393,660.436393,660.436393,660.436393,660.436393,66519200
2016-10-20,661.361017,661.361017,661.361017,661.361017,661.361017,73639800
2016-10-21,660.062742,660.062742,660.062742,660.062742,660.062742,89089100
2016-10-24,660.029697,660.029697,660.029697,660.029697,660.029697,60146600
2016-10-25,663.142892,663.142892,663.142892,663.142892,663.142892,66542300
2016-10-26,662.461728,662.461728,662.461728,662.461728,662.461728,75705500
2016-10-27,659.459429,659.459429,659.459429,659.459429,659.459429,77220200
2016-10-28,662.017595,662.017595,662.017595,662.017595,662.017595,140623200
2016-10-31,661.891524,661.891524,661.891524,661.891524,661.891524,61272500
2016-11-01,663.072683,663.072683,663.072683,663.072683,663.072683,122781800
2016-11-02,664.224988,664.224988,664.224988,664.224988,664.224988,103330800
2016-11-03,663.05886,663.05886,663.05886,663.05886,663.05886,88939300
2016-11-04,663.815896,663.815896,663.815896,663.815896,663.815896,109122100
2016-11-07,664.196044,664.196044,664.196044,664.196044,664.196044,109794900
2016-11-08,664.162712,664.162712,664.162712,664.162712,664.162712,106772100
2016-11-09,662.696346,662.696346,662.696346,662.696346,662.696346,258429000
2016-11-10,657.278029,657.278029,657.278029,657.278029,657.278029,172113300
2016-11-11,660.039617,660.039617,660.039617,660.039617,660.039617,100552700
2016-11-14,657.45066,657.45066,657.45066,657.45066,657.45066,94580000
2016-11-15,659.270995,659.270995,659.270995,659.270995,659.270995,91652600
2016-11-16,660.607575,660.607575,660.607575,660.607575,660.607575,65617700
2016-11-17,658.395656,658.395656,658.395656,658.395656,658.395656,69797200
2016-11-18,658.906838,658.906838,658.906838,658.906838,658.906838,86265800
2016-11-21,659.114225,659.114225,659.114225,659.114225,659.114225,72402600
2016-11-22,661.102283,661.102283,661.102283,661.102283,661.102283,67429000
2016-11-23,662.150135,662.150135,662.150135,662.150135,662.150135,56620200
2016-11-25,660.316233,660.316233,660.316233,660.316233,660.316233,37872300
2016-11-28,661.479872,661.479872,661.479872,661.479872,661.479872,76572500
2016-11-29,660.37172,660.37172,660.37172,660.37172,660.37172,69886700
2016-11-30,660.458746,660.458746,660.458746,660.458746,660.458746,113291800
2016-12-01,662.578359,662.578359,662.578359,662.578359,662.578359,79040500
2016-12-02,663.5973,663.5973,663.5973,663.5973,663.5973,74840300
2016-12-05,663.866074,663.866074,663.866074,663.866074,663.866074,67837800
2016-12-06,666.764492,666.764492,666.764492,666.764492,666.764492,59877400
2016-12-07,667.394582,667.394582,667.394582,667.394582,667.394582,110738100
2016-12-08,666.819598,666.819598,666.819598,666.819598,666.819598,99714400
2016-12-09,666.697319,666.697319,666.697319,666.697319,666.697319,88005800
2016-12-12,667.433431,667.433431,667.433431,667.433431,667.433431,102016100
2016-12-13,667.075916,667.075916,667.075916,667.075916,667.075916,110477500
2016-12-14,669.312941,669.312941,669.312941,669.312941,669.312941,142501800
2016-12-15,668.250984,668.250984,668.250984,668.250984,668.250984,124972600
2016-12-16,669.045933,669.045933,669.045933,669.045933,669.045933,156420200
2016-12-19,670.581953,670.581953,670.581953,670.581953,670.581953,90341100
2016-12-20,671.174264,671.174264,671.174264,671.174264,671.174264,89838800
2016-12-21,672.985686,672.985686,672.985686,672.985686,672.985686,67909000
2016-12-22,672.506288,672.506288,672.506288,672.506288,672.506288,56219100
2016-12-23,671.966143,671.966143,671.966143,671.966143,671.966143,36697800
2016-12-27,672.081668,672.081668,672.081668,672.081668,672.081668,42672500
2016-12-28,672.970909,672.970909,672.970909,672.970909,672.970909,64095000
2016-12-29,673.829379,673.829379,673.829379,673.829379,673.829379,48696100
2016-12-30,674.036103,674.036103,674.036103,674.036103,674.036103,108998300
2017-01-03,675.143849,675.143849,675.143849,675.143849,675.143849,91366500
2017-01-04,679.670672,679.670672,679.670672,679.670672,679.670672,78744400
2017-01-05,680.783447,680.783447,680.783447,680.783447,680.783447,78379000
2017-01-06,679.818059,679.818059,679.818059,679.818059,679.818059,71559900
2017-01-09,680.174607,680.174607,680.174607,680.174607,680.174607,46939700
2017-01-10,679.242467,679.242467,679.242467,679.242467,679.242467,63771900
2017-01-11,679.26849,679.26849,679.26849,679.26849,679.26849,74650000
2017-01-12,678.934438,678.934438,678.934438,678.934438,678.934438,72113200
2017-01-13,677.1067,677.1067,677.1067,677.1067,677.1067,62717900
2017-01-17,677.670955,677.670955,677.670955,677.670955,677.670955,61240800
2017-01-18,675.428277,675.428277,675.428277,675.428277,675.428277,54793300
2017-01-19,676.260271,676.260271,676.260271,676.260271,676.260271,66608800
2017-01-20,676.494778,676.494778,676.494778,676.494778,676.494778,129168600
2017-01-23,678.826639,678.826639,678.826639,678.826639,678.826639,75061600
2017-01-24,678.792648,678.792648,678.792648,678.792648,678.792648,95555300
2017-01-25,679.509101,679.509101,679.509101,679.509101,679.509101,84437700
2017-01-26,682.759439,682.759439,682.759439,682.759439,682.759439,59970700
2017-01-27,682.219315,682.219315,682.219315,682.219315,682.219315,59711100
2017-01-30,682.452989,682.452989,682.452989,682.452989,682.452989,79737300
2017-01-31,680.034385,680.034385,680.034385,680.034385,680.034385,75880800
2017-02-01,678.297101,678.297101,678.297101,678.297101,678.297101,79117700
2017-02-02,678.26317,678.26317,678.26317,678.26317,678.26317,69657600
2017-02-03,678.229346,678.229346,678.229346,678.229346,678.229346,80563200
2017-02-06,681.321772,681.321772,681.321772,681.321772,681.321772,57790100
2017-02-07,679.891422,679.891422,679.891422,679.891422,679.891422,57931200
2017-02-08,681.19376,681.19376,681.19376,681.19376,681.19376,51566200
2017-02-09,681.159878,681.159878,681.159878,681.159878,681.159878,65955200
2017-02-10,681.125887,681.125887,681.125887,681.125887,681.125887,66015900
2017-02-13,682.273059,682.273059,682.273059,682.273059,682.273059,55182100
2017-02-14,683.919147,683.919147,683.919147,683.919147,683.919147,71109000
2017-02-15,683.26769,683.26769,683.26769,683.26769,683.26769,86785800
2017-02-16,682.502579,682.502579,682.502579,682.502579,682.502579,84722400
2017-02-17,682.555717,682.555717,682.555717,682.555717,682.555717,77204100
2017-02-21,680.282473,680.282473,680.282473,680.282473,680.282473,88946100
2017-02-22,681.492602,681.492602,681.492602,681.492602,681.492602,62115200
2017-02-23,680.104344,680.104344,680.104344,680.104344,680.104344,74615900
2017-02-24,681.79733,681.79733,681.79733,681.79733,681.79733,82381600
2017-02-27,678.937295,678.937295,678.937295,678.937295,678.937295,56515400
2017-02-28,678.61681,678.61681,678.61681,678.61681,678.61681,96961900
2017-03-01,677.32346,677.32346,677.32346,677.32346,677.32346,149158200
2017-03-02,682.788972,682.788972,682.788972,682.788972,682.788972,70246000
2017-03-03,682.12825,682.12825,682.12825,682.12825,682.12825,81974300
2017-03-06,681.80796,681.80796,681.80796,681.80796,681.80796,55391500
2017-03-07,679.142835,679.142835,679.142835,679.142835,679.142835,65103700
2017-03-08,678.109053,678.109053,678.109053,678.109053,678.109053,78168800
2017-03-09,679.047951,679.047951,679.047951,679.047951,679.047951,90683900
2017-03-10,679.416021,679.416021,679.416021,679.416021,679.416021,81991700
2017-03-13,682.565632,682.565632,682.565632,682.565632,682.565632,57256800
2017-03-14,682.330366,682.330366,682.330366,682.330366,682.330366,59880800
2017-03-15,680.488919,680.488919,680.488919,680.488919,680.488919,96081800
2017-03-16,682.350691,682.350691,682.350691,682.350691,682.350691,78344000
2017-03-17,682.773271,682.773271,682.773271,682.773271,682.773271,89002100
2017-03-20,683.610581,683.610581,683.610581,683.610581,683.610581,52537000
2017-03-21,683.576321,683.576321,683.576321,683.576321,683.576321,131809300
2017-03-22,685.56274,685.56274,685.56274,685.56274,685.56274,97569200
2017-03-23,685.645783,685.645783,685.645783,685.645783,685.645783,100410300
2017-03-24,685.611931,685.611931,685.611931,685.611931,685.611931,112504900
2017-03-27,686.602733,686.602733,686.602733,686.602733,686.602733,87454500
2017-03-28,680.902217,680.902217,680.902217,680.902217,680.902217,93483900
2017-03-29,679.848309,679.848309,679.848309,679.848309,679.848309,61950400
2017-03-30,678.861049,678.861049,678.861049,678.861049,678.861049,56737900
2017-03-31,678.625095,678.625095,678.625095,678.625095,678.625095,73733100
2017-04-03,677.471138,677.471138,677.471138,677.471138,677.471138,85546500
2017-04-04,677.609725,677.609725,677.609725,677.609725,677.609725,56466200
2017-04-05,676.625901,676.625901,676.625901,676.625901,676.625901,108800600
2017-04-06,678.832989,678.832989,678.832989,678.832989,678.832989,69135800
2017-04-07,679.261843,679.261843,679.261843,679.261843,679.261843,74412300
2017-04-10,678.391177,678.391177,678.391177,678.391177,678.391177,67615300
2017-04-11,678.818434,678.818434,678.818434,678.818434,678.818434,88045300
2017-04-12,677.515661,677.515661,677.515661,677.515661,677.515661,81864400
2017-04-13,676.559679,676.559679,676.559679,676.559679,676.559679,92880400
2017-04-17,675.398322,675.398322,675.398322,675.398322,675.398322,68405400
2017-04-18,677.106981,677.106981,677.106981,677.106981,677.106981,83225800
2017-04-19,674.619767,674.619767,674.619767,674.619767,674.619767,68699900
2017-04-20,676.460964,676.460964,676.460964,676.460964,676.460964,92572200
2017-04-21,678.484385,678.484385,678.484385,678.484385,678.484385,110389800
2017-04-24,678.190941,678.190941,678.190941,678.190941,678.190941,119209900
2017-04-25,685.644374,685.644374,685.644374,685.644374,685.644374,76698300
2017-04-26,687.749703,687.749703,687.749703,687.749703,687.749703,84702500
2017-04-27,687.599787,687.599787,687.599787,687.599787,687.599787,57410300
2017-04-28,688.632579,688.632579,688.632579,688.632579,688.632579,63532800
2017-05-01,689.463787,689.463787,689.463787,689.463787,689.463787,66882500
2017-05-02,691.166636,691.166636,691.166636,691.166636,691.166636,57375700
2017-05-03,691.595575,691.595575,691.595575,691.595575,691.595575,73137700
2017-05-04,691.561074,691.561074,691.561074,691.561074,691.561074,61462700
2017-05-05,692.541486,692.541486,692.541486,692.541486,692.541486,62001300
2017-05-08,693.753996,693.753996,693.753996,693.753996,693.753996,48385700
2017-05-09,693.864002,693.864002,693.864002,693.864002,693.864002,51363200
2017-05-10,694.697759,694.697759,694.697759,694.697759,694.697759,54293800
2017-05-11,694.517928,694.517928,694.517928,694.517928,694.517928,62358300
2017-05-12,692.97769,692.97769,692.97769,692.97769,692.97769,53912700
2017-05-15,692.103444,692.103444,692.103444,692.103444,692.103444,61918900
2017-05-16,693.487914,693.487914,693.487914,693.487914,693.487914,51241800
2017-05-17,694.434337,694.434337,694.434337,694.434337,694.434337,172174100
2017-05-18,694.399649,694.399649,694.399649,694.399649,694.399649,107047700
2017-05-19,694.100052,694.100052,694.100052,694.100052,694.100052,115011400
2017-05-22,695.707063,695.707063,695.707063,695.707063,695.707063,61010600
2017-05-23,697.394467,697.394467,697.394467,697.394467,697.394467,48341700
2017-05-24,698.611532,698.611532,698.611532,698.611532,698.611532,46927700
2017-05-25,699.362172,699.362172,699.362172,699.362172,699.362172,64071700
2017-05-26,701.042211,701.042211,701.042211,701.042211,701.042211,46629900
2017-05-30,700.369399,700.369399,700.369399,700.369399,700.369399,35201900
2017-05-31,699.262105,699.262105,699.262105,699.262105,699.262105,91796000
2017-06-01,700.211543,700.211543,700.211543,700.211543,700.211543,68962000
2017-06-02,701.713453,701.713453,701.713453,701.713453,701.713453,88666100
2017-06-05,701.851445,701.851445,701.851445,701.851445,701.851445,44698800
2017-06-06,701.241439,701.241439,701.241439,701.241439,701.241439,50375400
2017-06-07,699.338427,699.338427,699.338427,699.338427,699.338427,54144300
2017-06-08,700.424801,700.424801,700.424801,700.424801,700.424801,65950700
2017-06-09,700.706006,700.706006,700.706006,700.706006,700.706006,132256400
2017-06-12,701.562025,701.562025,701.562025,701.562025,701.562025,86108100
2017-06-13,700.719783,700.719783,700.719783,700.719783,700.719783,60067000
2017-06-14,702.469722,702.469722,702.469722,702.469722,702.469722,78602300
2017-06-15,703.3251,703.3251,703.3251,703.3251,703.3251,66464900
2017-06-16,698.797931,698.797931,698.797931,698.797931,698.797931,84553100
2017-06-19,699.290237,699.290237,699.290237,699.290237,699.290237,65123800
2017-06-20,701.993256,701.993256,701.993256,701.993256,701.993256,56906400
2017-06-21,700.781682,700.781682,700.781682,700.781682,700.781682,55977600
2017-06-22,702.044427,702.044427,702.044427,702.044427,702.044427,44148100
2017-06-23,702.0379,702.0379,702.0379,702.0379,702.0379,66986800
2017-06-26,702.205332,702.205332,702.205332,702.205332,702.205332,56700500
2017-06-27,704.393815,704.393815,704.393815,704.393815,704.393815,82247700
2017-06-28,703.635103,703.635103,703.635103,703.635103,703.635103,70042600
2017-06-29,707.011023,707.011023,707.011023,707.011023,707.011023,106949700
2017-06-30,707.469373,707.469373,707.469373,707.469373,707.469373,86820700
2017-07-03,710.159949,710.159949,710.159949,710.159949,710.159949,39153800
2017-07-05,713.296071,713.296071,713.296071,713.296071,713.296071,54427600
2017-07-06,714.497186,714.497186,714.497186,714.497186,714.497186,65400800
2017-07-07,711.871525,711.871525,711.871525,711.871525,711.871525,57972300
2017-07-10,713.789219,713.789219,713.789219,713.789219,713.789219,36663300
2017-07-11,713.753621,713.753621,713.753621,713.753621,713.753621,50354600
2017-07-12,713.71774,713.71774,713.71774,713.71774,713.71774,59610400
2017-07-13,716.952953,716.952953,716.952953,716.952953,716.952953,39471600
2017-07-14,716.946345,716.946345,716.946345,716.946345,716.946345,60262700
2017-07-17,716.910485,716.910485,716.910485,716.910485,716.910485,33531900
2017-07-18,716.612146,716.612146,716.612146,716.612146,716.612146,42742500
2017-07-19,715.204337,715.204337,715.204337,715.204337,715.204337,51034300
2017-07-20,716.216821,716.216821,716.216821,716.216821,716.216821,47135200
2017-07-21,717.021892,717.021892,717.021892,717.021892,717.021892,82340800
2017-07-24,715.071009,715.071009,715.071009,715.071009,715.071009,46622300
2017-07-25,714.774748,714.774748,714.774748,714.774748,714.774748,54915600
2017-07-26,717.229136,717.229136,717.229136,717.229136,717.229136,47575400
2017-07-27,718.14987,718.14987,718.14987,718.14987,718.14987,70766600
2017-07-28,719.652174,719.652174,719.652174,719.652174,719.652174,50088400
2017-07-31,718.014925,718.014925,718.014925,718.014925,718.014925,65838700
2017-08-01,719.316899,719.316899,719.316899,719.316899,719.316899,55050400
2017-08-02,721.292068,721.292068,721.292068,721.292068,721.292068,47211200
2017-08-03,721.693463,721.693463,721.693463,721.693463,721.693463,40856000
2017-08-04,721.278504,721.278504,721.278504,721.278504,721.278504,60191800
2017-08-07,722.877551,722.877551,722.877551,722.877551,722.877551,31995000
2017-08-08,723.075145,723.075145,723.075145,723.075145,723.075145,61719400
2017-08-09,721.989093,721.989093,721.989093,721.989093,721.989093,62632600
2017-08-10,719.646312,719.646312,719.646312,719.646312,719.646312,120479500
2017-08-11,716.816126,716.816126,716.816126,716.816126,716.816126,74869900
2017-08-14,717.544869,717.544869,717.544869,717.544869,717.544869,73291900
2017-08-15,721.829613,721.829613,721.829613,721.829613,721.829613,55242700
2017-08-16,723.081618,723.081618,723.081618,723.081618,723.081618,56715500
2017-08-17,724.805597,724.805597,724.805597,724.805597,724.805597,128490400
2017-08-18,722.71464,722.71464,722.71464,722.71464,722.71464,136748000
2017-08-21,722.113546,722.113546,722.113546,722.113546,722.113546,65469700
2017-08-22,721.869412,721.869412,721.869412,721.869412,721.869412,63140100
2017-08-23,723.824442,723.824442,723.824442,723.824442,723.824442,50203800
2017-08-24,720.514693,720.514693,720.514693,720.514693,720.514693,50741700
2017-08-25,721.774923,721.774923,721.774923,721.774923,721.774923,64445900
2017-08-28,724.430669,724.430669,724.430669,724.430669,724.430669,40565600
2017-08-29,726.201316,726.201316,726.201316,726.201316,726.201316,51135700
2017-08-30,721.681741,721.681741,721.681741,721.681741,721.681741,62030800
2017-08-31,721.586756,721.586756,721.586756,721.586756,721.586756,103803900
2017-09-01,723.633092,723.633092,723.633092,723.633092,723.633092,62007000
2017-09-05,724.854139,724.854139,724.854139,724.854139,724.854139,91398800
2017-09-06,723.121478,723.121478,723.121478,723.121478,723.121478,57916900
2017-09-07,725.377587,725.377587,725.377587,725.377587,725.377587,58034700
2017-09-08,726.369119,726.369119,726.369119,726.369119,726.369119,63832800
2017-09-11,725.362381,725.362381,725.362381,725.362381,725.362381,71364800
2017-09-12,729.620423,729.620423,729.620423,729.620423,729.620423,56896000
2017-09-13,730.813643,730.813643,730.813643,730.813643,730.813643,59228000
2017-09-14,729.813021,729.813021,729.813021,729.813021,729.813021,95446300
2017-09-15,728.696961,728.696961,728.696961,728.696961,728.696961,95432400
2017-09-18,728.177725,728.177725,728.177725,728.177725,728.177725,46235200
2017-09-19,729.368158,729.368158,729.368158,729.368158,729.368158,47108100
2017-09-20,730.149591,730.149591,730.149591,730.149591,730.149591,59574100
2017-09-21,730.405132,730.405132,730.405132,730.405132,730.405132,48211400
2017-09-22,729.842887,729.842887,729.842887,729.842887,729.842887,51214000
2017-09-25,728.811525,728.811525,728.811525,728.811525,728.811525,57064400
2017-09-26,727.927654,727.927654,727.927654,727.927654,727.927654,54082000
2017-09-27,729.324003,729.324003,729.324003,729.324003,729.324003,81001400
2017-09-28,731.63009,731.63009,731.63009,731.63009,731.63009,44778800
2017-09-29,730.65715,730.65715,730.65715,730.65715,730.65715,85578000
2017-10-02,730.591344,730.591344,730.591344,730.591344,730.591344,59023000
2017-10-03,731.31104,731.31104,731.31104,731.31104,731.31104,66810200
2017-10-04,731.274285,731.274285,731.274285,731.274285,731.274285,55953600
2017-10-05,730.746329,730.746329,730.746329,730.746329,730.746329,63522800
2017-10-06,731.806411,731.806411,731.806411,731.806411,731.806411,80646000
2017-10-09,730.304318,730.304318,730.304318,730.304318,730.304318,35803100
2017-10-10,731.014381,731.014381,731.014381,731.014381,731.014381,43057400
2017-10-11,732.848796,732.848796,732.848796,732.848796,732.848796,47674300
2017-10-12,732.495646,732.495646,732.495646,732.495646,732.495646,47065100
2017-10-13,731.425066,731.425066,731.425066,731.425066,731.425066,54800400
2017-10-16,732.824399,732.824399,732.824399,732.824399,732.824399,38221700
2017-10-17,733.535161,733.535161,733.535161,733.535161,733.535161,31561000
2017-10-18,733.32603,733.32603,733.32603,733.32603,733.32603,40888300
2017-10-19,734.523747,734.523747,734.523747,734.523747,734.523747,61903800
2017-10-20,731.930602,731.930602,731.930602,731.930602,731.930602,89176400
2017-10-23,734.497664,734.497664,734.497664,734.497664,734.497664,63915300
2017-10-24,735.518011,735.518011,735.518011,735.518011,735.518011,66935900
2017-10-25,736.88856,736.88856,736.88856,736.88856,736.88856,103715300
2017-10-26,735.760234,735.760234,735.760234,735.760234,735.760234,69798000
2017-10-27,737.740669,737.740669,737.740669,737.740669,737.740669,85562500
2017-10-30,740.156868,740.156868,740.156868,740.156868,740.156868,54285700
2017-10-31,736.558699,736.558699,736.558699,736.558699,736.558699,60304800
2017-11-01,737.755463,737.755463,737.755463,737.755463,737.755463,54202700
2017-11-02,740.271602,740.271602,740.271602,740.271602,740.271602,56449500
2017-11-03,740.004788,740.004788,740.004788,740.004788,740.004788,59589700
2017-11-06,740.485003,740.485003,740.485003,740.485003,740.485003,49652600
2017-11-07,740.017987,740.017987,740.017987,740.017987,740.017987,57502200
2017-11-08,740.324096,740.324096,740.324096,740.324096,740.324096,50469600
2017-11-09,739.714656,739.714656,739.714656,739.714656,739.714656,95085500
2017-11-10,735.738312,735.738312,735.738312,735.738312,735.738312,59984700
2017-11-13,734.447586,734.447586,734.447586,734.447586,734.447586,50228600
2017-11-14,732.191567,732.191567,732.191567,732.191567,732.191567,61315200
2017-11-15,729.547391,729.547391,729.547391,729.547391,729.547391,80811500
2017-11-16,726.369152,726.369152,726.369152,726.369152,726.369152,67777000
2017-11-17,729.391474,729.391474,729.391474,729.391474,729.391474,75756800
2017-11-20,728.226978,728.226978,728.226978,728.226978,728.226978,48075500
2017-11-21,728.981236,728.981236,728.981236,728.981236,728.981236,69176800
2017-11-22,731.428505,731.428505,731.428505,731.428505,731.428505,45033400
2017-11-24,731.420036,731.420036,731.420036,731.420036,731.420036,27856500
2017-11-27,732.960002,732.960002,732.960002,732.960002,732.960002,52274900
2017-11-28,733.064258,733.064258,733.064258,733.064258,733.064258,98971700
2017-11-29,734.520275,734.520275,734.520275,734.520275,734.520275,77512100
2017-11-30,734.902824,734.902824,734.902824,734.902824,734.902824,127894400
2017-12-01,737.803477,737.803477,737.803477,737.803477,737.803477,164390900
2017-12-04,737.070262,737.070262,737.070262,737.070262,737.070262,94040600
2017-12-05,742.189245,742.189245,742.189245,742.189245,742.189245,77994500
2017-12-06,739.482823,739.482823,739.482823,739.482823,739.482823,75898600
2017-12-07,739.75499,739.75499,739.75499,739.75499,739.75499,77218600
2017-12-08,742.05049,742.05049,742.05049,742.05049,742.05049,76563900
2017-12-11,745.076343,745.076343,745.076343,745.076343,745.076343,83077500
2017-12-12,747.283776,747.283776,747.283776,747.283776,747.283776,85195800
2017-12-13,749.771693,749.771693,749.771693,749.771693,749.771693,102905400
2017-12-14,750.521101,750.521101,750.521101,750.521101,750.521101,100666700
2017-12-15,751.440302,751.440302,751.440302,751.440302,751.440302,144610300
2017-12-18,754.646579,754.646579,754.646579,754.646579,754.646579,83653600
2017-12-19,759.110658,759.110658,759.110658,759.110658,759.110658,82382900
2017-12-20,759.865306,759.865306,759.865306,759.865306,759.865306,76751500
2017-12-21,762.955717,762.955717,762.955717,762.955717,762.955717,67032300
2017-12-22,764.945919,764.945919,764.945919,764.945919,764.945919,78720900
2017-12-26,764.965018,764.965018,764.965018,764.965018,764.965018,45244400
2017-12-27,763.611201,763.611201,763.611201,763.611201,763.611201,57751000
2017-12-28,764.115911,764.115911,764.115911,764.115911,764.115911,45116100
2017-12-29,765.707101,765.707101,765.707101,765.707101,765.707101,96007400
2018-01-02,767.555278,767.555278,767.555278,767.555278,767.555278,86655700
2018-01-03,770.335492,770.335492,770.335492,770.335492,770.335492,90070400
2018-01-04,770.841396,770.841396,770.841396,770.841396,770.841396,80636400
2018-01-05,772.883545,772.883545,772.883545,772.883545,772.883545,83524000
2018-01-08,775.405435,775.405435,775.405435,775.405435,775.405435,57319200
2018-01-09,775.054558,775.054558,775.054558,775.054558,775.054558,57254000
2018-01-10,776.374215,776.374215,776.374215,776.374215,776.374215,69574300
2018-01-11,773.903579,773.903579,773.903579,773.903579,773.903579,62361500
2018-01-12,775.643403,775.643403,775.643403,775.643403,775.643403,90816100
2018-01-16,776.447533,776.447533,776.447533,776.447533,776.447533,106555100
2018-01-17,780.403326,780.403326,780.403326,780.403326,780.403326,113258800
2018-01-18,783.350967,783.350967,783.350967,783.350967,783.350967,100728000
2018-01-19,782.94766,782.94766,782.94766,782.94766,782.94766,140920100
2018-01-22,784.759821,784.759821,784.759821,784.759821,784.759821,91322400
2018-01-23,784.048563,784.048563,784.048563,784.048563,784.048563,97084700
2018-01-24,784.148211,784.148211,784.148211,784.148211,784.148211,134816100
2018-01-25,786.12945,786.12945,786.12945,786.12945,786.12945,84587300
2018-01-26,788.810409,788.810409,788.810409,788.810409,788.810409,107743100
2018-01-29,791.416218,791.416218,791.416218,791.416218,791.416218,90118300
2018-01-30,789.581761,789.581761,789.581761,789.581761,789.581761,131796400
2018-01-31,783.77347,783.77347,783.77347,783.77347,783.77347,108364800
2018-02-01,786.43238,786.43238,786.43238,786.43238,786.43238,90102500
2018-02-02,784.07777,784.07777,784.07777,784.07777,784.07777,173174800
2018-02-05,779.861777,779.861777,779.861777,779.861777,779.861777,294681800
2018-02-06,774.160464,774.160464,774.160464,774.160464,774.160464,355026800
2018-02-07,762.419178,762.419178,762.419178,762.419178,762.419178,167376100
2018-02-08,760.596225,760.596225,760.596225,760.596225,760.596225,246449500
2018-02-09,761.524465,761.524465,761.524465,761.524465,761.524465,283565300
2018-02-12,770.855772,770.855772,770.855772,770.855772,770.855772,143736000
2018-02-13,777.685476,777.685476,777.685476,777.685476,777.685476,81223600
2018-02-14,773.631402,773.631402,773.631402,773.631402,773.631402,120735700
2018-02-15,768.677867,768.677867,768.677867,768.677867,768.677867,111200300
2018-02-16,774.284403,774.284403,774.284403,774.284403,774.284403,160420100
2018-02-20,772.232522,772.232522,772.232522,772.232522,772.232522,86369700
2018-02-21,769.140359,769.140359,769.140359,769.140359,769.140359,98883700
2018-02-22,770.518723,770.518723,770.518723,770.518723,770.518723,110511300
2018-02-23,773.476063,773.476063,773.476063,773.476063,773.476063,92766400
2018-02-26,777.413375,777.413375,777.413375,777.413375,777.413375,86491400
2018-02-27,780.826814,780.826814,780.826814,780.826814,780.826814,99099200
2018-02-28,781.377554,781.377554,781.377554,781.377554,781.377554,121907800
2018-03-01,784.897313,784.897313,784.897313,784.897313,784.897313,176855100
2018-03-02,784.165056,784.165056,784.165056,784.165056,784.165056,139083200
2018-03-05,778.56049,778.56049,778.56049,778.56049,778.56049,97307400
2018-03-06,774.615378,774.615378,774.615378,774.615378,774.615378,79213200
2018-03-07,777.735547,777.735547,777.735547,777.735547,777.735547,87063500
2018-03-08,770.685409,770.685409,770.685409,770.685409,770.685409,66901200
2018-03-09,772.822463,772.822463,772.822463,772.822463,772.822463,113625300
2018-03-12,777.295092,777.295092,777.295092,777.295092,777.295092,71924800
2018-03-13,778.175884,778.175884,778.175884,778.175884,778.175884,91968900
2018-03-14,781.824596,781.824596,781.824596,781.824596,781.824596,105895100
2018-03-15,784.86471,784.86471,784.86471,784.86471,784.86471,83433000
2018-03-16,786.479163,786.479163,786.479163,786.479163,786.479163,100343700
2018-03-19,788.154025,788.154025,788.154025,788.154025,788.154025,109208400
2018-03-20,785.671417,785.671417,785.671417,785.671417,785.671417,59757300
2018-03-21,786.939632,786.939632,786.939632,786.939632,786.939632,78709600
2018-03-22,786.754871,786.754871,786.754871,786.754871,786.754871,148785900
2018-03-23,779.3842,779.3842,779.3842,779.3842,779.3842,183534800
2018-03-26,780.823386,780.823386,780.823386,780.823386,780.823386,141956100
2018-03-27,793.129147,793.129147,793.129147,793.129147,793.129147,129941400
2018-03-28,796.26055,796.26055,796.26055,796.26055,796.26055,146452300
2018-03-29,796.679015,796.679015,796.679015,796.679015,796.679015,111601600
2018-04-02,800.594271,800.594271,800.594271,800.594271,800.594271,186286300
2018-04-03,798.729156,798.729156,798.729156,798.729156,798.729156,119956900
2018-04-04,803.032158,803.032158,803.032158,803.032158,803.032158,123715300
2018-04-05,790.612961,790.612961,790.612961,790.612961,790.612961,82652600
2018-04-06,796.542782,796.542782,796.542782,796.542782,796.542782,179521200
2018-04-09,789.846125,789.846125,789.846125,789.846125,789.846125,105442900
2018-04-10,794.824555,794.824555,794.824555,794.824555,794.824555,103529000
2018-04-11,804.742482,804.742482,804.742482,804.742482,804.742482,91140200
2018-04-12,799.603878,799.603878,799.603878,799.603878,799.603878,68890500
2018-04-13,804.110725,804.110725,804.110725,804.110725,804.110725,85079200
2018-04-16,808.5455,808.5455,808.5455,808.5455,808.5455,63405300
2018-04-17,814.146173,814.146173,814.146173,814.146173,814.146173,64682000
2018-04-18,820.196236,820.196236,820.196236,820.196236,820.196236,57303900
2018-04-19,821.672674,821.672674,821.672674,821.672674,821.672674,77655900
2018-04-20,819.38341,819.38341,819.38341,819.38341,819.38341,99953100
2018-04-23,819.098109,819.098109,819.098109,819.098109,819.098109,65558000
2018-04-24,821.05388,821.05388,821.05388,821.05388,821.05388,112885500
2018-04-25,824.585874,824.585874,824.585874,824.585874,824.585874,103840900
2018-04-26,824.325086,824.325086,824.325086,824.325086,824.325086,67731900
2018-04-27,827.910785,827.910785,827.910785,827.910785,827.910785,57053600
2018-04-30,830.014529,830.014529,830.014529,830.014529,830.014529,82182300
2018-05-01,832.152621,832.152621,832.152621,832.152621,832.152621,74203400
2018-05-02,830.097424,830.097424,830.097424,830.097424,830.097424,86368900
2018-05-03,829.366863,829.366863,829.366863,829.366863,829.366863,136311500
2018-05-04,826.363603,826.363603,826.363603,826.363603,826.363603,91222100
2018-05-07,822.86073,822.86073,822.86073,822.86073,822.86073,55304900
2018-05-08,825.510991,825.510991,825.510991,825.510991,825.510991,67499200
2018-05-09,824.170834,824.170834,824.170834,824.170834,824.170834,59666100
2018-05-10,826.475942,826.475942,826.475942,826.475942,826.475942,72063900
2018-05-11,829.010938,829.010938,829.010938,829.010938,829.010938,59871500
2018-05-14,829.39586,829.39586,829.39586,829.39586,829.39586,54790600
2018-05-15,830.843846,830.843846,830.843846,830.843846,830.843846,87036100
2018-05-16,826.571798,826.571798,826.571798,826.571798,826.571798,53942600
2018-05-17,826.652356,826.652356,826.652356,826.652356,826.652356,56536400
2018-05-18,825.700216,825.700216,825.700216,825.700216,825.700216,64368000
2018-05-21,824.475007,824.475007,824.475007,824.475007,824.475007,58025900
2018-05-22,829.538803,829.538803,829.538803,829.538803,829.538803,52966400
2018-05-23,831.287515,831.287515,831.287515,831.287515,831.287515,64694200
2018-05-24,826.85486,826.85486,826.85486,826.85486,826.85486,76043800
2018-05-25,825.452417,825.452417,825.452417,825.452417,825.452417,56374800
2018-05-29,823.444518,823.444518,823.444518,823.444518,823.444518,115908600
2018-05-30,817.83649,817.83649,817.83649,817.83649,817.83649,69678400
2018-05-31,822.294663,822.294663,822.294663,822.294663,822.294663,93519900
2018-06-01,820.865988,820.865988,820.865988,820.865988,820.865988,71258400
2018-06-04,825.278451,825.278451,825.278451,825.278451,825.278451,45385200
2018-06-05,828.042111,828.042111,828.042111,828.042111,828.042111,51135000
2018-06-06,828.452565,828.452565,828.452565,828.452565,828.452565,62732200
2018-06-07,830.489059,830.489059,830.489059,830.489059,830.489059,72969400
2018-06-08,832.094205,832.094205,832.094205,832.094205,832.094205,72139700
2018-06-11,830.492827,830.492827,830.492827,830.492827,830.492827,58892500
2018-06-12,831.197176,831.197176,831.197176,831.197176,831.197176,72329000
2018-06-13,832.558283,832.558283,832.558283,832.558283,832.558283,79070600
2018-06-14,833.322086,833.322086,833.322086,833.322086,833.322086,77097600
2018-06-15,836.217927,836.217927,836.217927,836.217927,836.217927,120041600
2018-06-18,833.512333,833.512333,833.512333,833.512333,833.512333,52917600
2018-06-19,828.538228,828.538228,828.538228,828.538228,828.538228,97531500
2018-06-20,820.827757,820.827757,820.827757,820.827757,820.827757,53785500
2018-06-21,823.080654,823.080654,823.080654,823.080654,823.080654,71061400
2018-06-22,823.00969,823.00969,823.00969,823.00969,823.00969,54898500
2018-06-25,827.229524,827.229524,827.229524,827.229524,827.229524,137854200
2018-06-26,823.274506,823.274506,823.274506,823.274506,823.274506,68547400
2018-06-27,825.177417,825.177417,825.177417,825.177417,825.177417,105110700
2018-06-28,827.141278,827.141278,827.141278,827.141278,827.141278,76650500
2018-06-29,826.915393,826.915393,826.915393,826.915393,826.915393,97592500
2018-07-02,830.628897,830.628897,830.628897,830.628897,830.628897,63554800
2018-07-03,825.168029,825.168029,825.168029,825.168029,825.168029,42187100
2018-07-05,828.192111,828.192111,828.192111,828.192111,828.192111,56925900
2018-07-06,832.032842,832.032842,832.032842,832.032842,832.032842,66493700
2018-07-09,832.082895,832.082895,832.082895,832.082895,832.082895,50550400
2018-07-10,835.455223,835.455223,835.455223,835.455223,835.455223,51966800
2018-07-11,836.946669,836.946669,836.946669,836.946669,836.946669,77054700
2018-07-12,831.65344,831.65344,831.65344,831.65344,831.65344,60124700
2018-07-13,835.877153,835.877153,835.877153,835.877153,835.877153,48216000
2018-07-16,835.237044,835.237044,835.237044,835.237044,835.237044,48201000
2018-07-17,835.344456,835.344456,835.344456,835.344456,835.344456,52315500
2018-07-18,832.701228,832.701228,832.701228,832.701228,832.701228,44593500
2018-07-19,832.926875,832.926875,832.926875,832.926875,832.926875,61412100
2018-07-20,830.662703,830.662703,830.662703,830.662703,830.662703,82337700
2018-07-23,829.938944,829.938944,829.938944,829.938944,829.938944,47047600
2018-07-24,829.214977,829.214977,829.214977,829.214977,829.214977,68026900
2018-07-25,833.878063,833.878063,833.878063,833.878063,833.878063,78882900
2018-07-26,833.007941,833.007941,833.007941,833.007941,833.007941,57919500
2018-07-27,830.590673,830.590673,830.590673,830.590673,830.590673,76768700
2018-07-30,831.633471,831.633471,831.633471,831.633471,831.633471,63742500
2018-07-31,831.857858,831.857858,831.857858,831.857858,831.857858,68570500
2018-08-01,834.371847,834.371847,834.371847,834.371847,834.371847,53853300
2018-08-02,835.011989,835.011989,835.011989,835.011989,835.011989,63426400
2018-08-03,830.600305,830.600305,830.600305,830.600305,830.600305,53935400
2018-08-06,830.970514,830.970514,830.970514,830.970514,830.970514,39400900
2018-08-07,831.045854,831.045854,831.045854,831.045854,831.045854,43196600
2018-08-08,833.194068,833.194068,833.194068,833.194068,833.194068,42114600
2018-08-09,832.597922,832.597922,832.597922,832.597922,832.597922,35717000
2018-08-10,832.760111,832.760111,832.760111,832.760111,832.760111,77076000
2018-08-13,827.986524,827.986524,827.986524,827.986524,827.986524,65732900
2018-08-14,828.85155,828.85155,828.85155,828.85155,828.85155,43842000
2018-08-15,831.219665,831.219665,831.219665,831.219665,831.219665,102925400
2018-08-16,826.727985,826.727985,826.727985,826.727985,826.727985,69967900
2018-08-17,831.4392,831.4392,831.4392,831.4392,831.4392,65618500
2018-08-20,830.724528,830.724528,830.724528,830.724528,830.724528,39807500
2018-08-21,832.168898,832.168898,832.168898,832.168898,832.168898,67272000
2018-08-22,833.81676,833.81676,833.81676,833.81676,833.81676,44993300
2018-08-23,832.435343,832.435343,832.435343,832.435343,832.435343,49204900
2018-08-24,831.812774,831.812774,831.812774,831.812774,831.812774,57487400
2018-08-27,833.662467,833.662467,833.662467,833.662467,833.662467,57072400
2018-08-28,837.535015,837.535015,837.535015,837.535015,837.535015,46943500
2018-08-29,838.996471,838.996471,838.996471,838.996471,838.996471,61485500
2018-08-30,839.649052,839.649052,839.649052,839.649052,839.649052,61229500
2018-08-31,838.051427,838.051427,838.051427,838.051427,838.051427,66140800
2018-09-04,836.681141,836.681141,836.681141,836.681141,836.681141,57594400
2018-09-05,835.285437,835.285437,835.285437,835.285437,835.285437,72452400
2018-09-06,834.090515,834.090515,834.090515,834.090515,834.090515,65909900
2018-09-07,834.395351,834.395351,834.395351,834.395351,834.395351,73524800
2018-09-10,830.937035,830.937035,830.937035,830.937035,830.937035,50210900
2018-09-11,834.188733,834.188733,834.188733,834.188733,834.188733,50530500
2018-09-12,832.033722,832.033722,832.033722,832.033722,832.033722,59810800
2018-09-13,832.02098,832.02098,832.02098,832.02098,832.02098,51034200
2018-09-14,835.432216,835.432216,835.432216,835.432216,835.432216,55079900
2018-09-17,836.051206,836.051206,836.051206,836.051206,836.051206,68244000
2018-09-18,835.836901,835.836901,835.836901,835.836901,835.836901,61930400
2018-09-19,836.488563,836.488563,836.488563,836.488563,836.488563,49080600
2018-09-20,836.619361,836.619361,836.619361,836.619361,836.619361,100360600
2018-09-21,840.656414,840.656414,840.656414,840.656414,840.656414,105479700
2018-09-24,843.010216,843.010216,843.010216,843.010216,843.010216,53409600
2018-09-25,841.09187,841.09187,841.09187,841.09187,841.09187,44370000
2018-09-26,842.523505,842.523505,842.523505,842.523505,842.523505,79739700
2018-09-27,842.944886,842.944886,842.944886,842.944886,842.944886,59249500
2018-09-28,844.444172,844.444172,844.444172,844.444172,844.444172,70091400
2018-10-01,842.36831,842.36831,842.36831,842.36831,842.36831,62078900
2018-10-02,846.353615,846.353615,846.353615,846.353615,846.353615,47258200
2018-10-03,845.818112,845.818112,845.818112,845.818112,845.818112,64694600
2018-10-04,849.198507,849.198507,849.198507,849.198507,849.198507,111545900
2018-10-05,847.58451,847.58451,847.58451,847.58451,847.58451,105951700
2018-10-08,848.273871,848.273871,848.273871,848.273871,848.273871,87742200
2018-10-09,845.962198,845.962198,845.962198,845.962198,845.962198,74339000
2018-10-10,844.656573,844.656573,844.656573,844.656573,844.656573,214731000
2018-10-11,842.938927,842.938927,842.938927,842.938927,842.938927,274840500
2018-10-12,839.201848,839.201848,839.201848,839.201848,839.201848,183186500
2018-10-15,853.342771,853.342771,853.342771,853.342771,853.342771,102263700
2018-10-16,852.063033,852.063033,852.063033,852.063033,852.063033,118255800
2018-10-17,858.851443,858.851443,858.851443,858.851443,858.851443,110626000
2018-10-18,858.931118,858.931118,858.931118,858.931118,858.931118,134557500
2018-10-19,855.672555,855.672555,855.672555,855.672555,855.672555,139901600
2018-10-22,857.889603,857.889603,857.889603,857.889603,857.889603,82415800
2018-10-23,860.17584,860.17584,860.17584,860.17584,860.17584,146352700
2018-10-24,847.434398,847.434398,847.434398,847.434398,847.434398,177806700
2018-10-25,846.52488,846.52488,846.52488,846.52488,846.52488,138061500
2018-10-26,853.054901,853.054901,853.054901,853.054901,853.054901,201574600
2018-10-29,839.873377,839.873377,839.873377,839.873377,839.873377,160749100
2018-10-30,850.814734,850.814734,850.814734,850.814734,850.814734,157116000
2018-10-31,850.159573,850.159573,850.159573,850.159573,850.159573,128296300
2018-11-01,859.260341,859.260341,859.260341,859.260341,859.260341,99495000
2018-11-02,862.297253,862.297253,862.297253,862.297253,862.297253,122634100
2018-11-05,866.163321,866.163321,866.163321,866.163321,866.163321,65622500
2018-11-06,867.872141,867.872141,867.872141,867.872141,867.872141,60085900
2018-11-07,867.606409,867.606409,867.606409,867.606409,867.606409,102752100
2018-11-08,875.257378,875.257378,875.257378,875.257378,875.257378,65584900
2018-11-09,872.410494,872.410494,872.410494,872.410494,872.410494,98812600
2018-11-12,867.795174,867.795174,867.795174,867.795174,867.795174,99673600
2018-11-13,865.971094,865.971094,865.971094,865.971094,865.971094,98176600
2018-11-14,867.579737,867.579737,867.579737,867.579737,867.579737,125335900
2018-11-15,874.232984,874.232984,874.232984,874.232984,874.232984,135101400
2018-11-16,869.59448,869.59448,869.59448,869.59448,869.59448,126668000
2018-11-19,865.634014,865.634014,865.634014,865.634014,865.634014,103061700
2018-11-20,863.440282,863.440282,863.440282,863.440282,863.440282,136021300
2018-11-21,851.397255,851.397255,851.397255,851.397255,851.397255,75563700
2018-11-23,856.963528,856.963528,856.963528,856.963528,856.963528,42807900
2018-11-26,850.971238,850.971238,850.971238,850.971238,850.971238,79981400
2018-11-27,859.106688,859.106688,859.106688,859.106688,859.106688,75502400
2018-11-28,855.338276,855.338276,855.338276,855.338276,855.338276,127629600
2018-11-29,859.119464,859.119464,859.119464,859.119464,859.119464,82346400
2018-11-30,856.354656,856.354656,856.354656,856.354656,856.354656,98204200
2018-12-03,855.780251,855.780251,855.780251,855.780251,855.780251,103176300
2018-12-04,870.111141,870.111141,870.111141,870.111141,870.111141,177986000
2018-12-06,867.17068,867.17068,867.17068,867.17068,867.17068,204185400
2018-12-07,853.233849,853.233849,853.233849,853.233849,853.233849,161018900
2018-12-10,851.989869,851.989869,851.989869,851.989869,851.989869,151445900
2018-12-11,851.300827,851.300827,851.300827,851.300827,851.300827,121504400
2018-12-12,862.830784,862.830784,862.830784,862.830784,862.830784,97976700
2018-12-13,873.697903,873.697903,873.697903,873.697903,873.697903,96662700
2018-12-14,877.142946,877.142946,877.142946,877.142946,877.142946,116961100
2018-12-17,869.133543,869.133543,869.133543,869.133543,869.133543,165492300
2018-12-18,865.51976,865.51976,865.51976,865.51976,865.51976,134515100
2018-12-19,871.712794,871.712794,871.712794,871.712794,871.712794,214992800
2018-12-20,871.976584,871.976584,871.976584,871.976584,871.976584,252053400
2018-12-21,867.0746,867.0746,867.0746,867.0746,867.0746,255345600
2018-12-24,870.577238,870.577238,870.577238,870.577238,870.577238,147311600
2018-12-26,864.530136,864.530136,864.530136,864.530136,864.530136,218485400
2018-12-27,870.499933,870.499933,870.499933,870.499933,870.499933,186267300
2018-12-28,857.69215,857.69215,857.69215,857.69215,857.69215,153100200
2018-12-31,862.869635,862.869635,862.869635,862.869635,862.869635,144299400
2019-01-02,869.129941,869.129941,869.129941,869.129941,869.129941,126925200
2019-01-03,855.385332,855.385332,855.385332,855.385332,855.385332,144140700
2019-01-04,848.675845,848.675845,848.675845,848.675845,848.675845,142628800
2019-01-07,860.379108,860.379108,860.379108,860.379108,860.379108,103139100
2019-01-08,861.358664,861.358664,861.358664,861.358664,861.358664,102512600
2019-01-09,869.577119,869.577119,869.577119,869.577119,869.577119,95006600
2019-01-10,872.208936,872.208936,872.208936,872.208936,872.208936,96823900
2019-01-11,866.384145,866.384145,866.384145,866.384145,866.384145,73858100
2019-01-14,862.325187,862.325187,862.325187,862.325187,862.325187,70908200
2019-01-15,855.223227,855.223227,855.223227,855.223227,855.223227,85208300
2019-01-16,856.575829,856.575829,856.575829,856.575829,856.575829,77636700
2019-01-17,858.112221,858.112221,858.112221,858.112221,858.112221,96118400
2019-01-18,854.880195,854.880195,854.880195,854.880195,854.880195,127900300
2019-01-22,861.404015,861.404015,861.404015,861.404015,861.404015,115531200
2019-01-23,856.059419,856.059419,856.059419,856.059419,856.059419,86030300
2019-01-24,859.761579,859.761579,859.761579,859.761579,859.761579,59204100
2019-01-25,859.066045,859.066045,859.066045,859.066045,859.066045,96883400
2019-01-28,865.737473,865.737473,865.737473,865.737473,865.737473,85613700
2019-01-29,857.90934,857.90934,857.90934,857.90934,857.90934,66136300
2019-01-30,858.386847,858.386847,858.386847,858.386847,858.386847,92473700
2019-01-31,863.850948,863.850948,863.850948,863.850948,863.850948,104012100
2019-02-01,863.581916,863.581916,863.581916,863.581916,863.581916,85782500
2019-02-04,864.242918,864.242918,864.242918,864.242918,864.242918,60744800
2019-02-05,864.359344,864.359344,864.359344,864.359344,864.359344,79552800
2019-02-06,865.841895,865.841895,865.841895,865.841895,865.841895,58347800
2019-02-07,864.815285,864.815285,864.815285,864.815285,864.815285,95482000
2019-02-08,859.065194,859.065194,859.065194,859.065194,859.065194,75788900
2019-02-11,854.602119,854.602119,854.602119,854.602119,854.602119,68021400
2019-02-12,856.865896,856.865896,856.865896,856.865896,856.865896,72270200
2019-02-13,862.521986,862.521986,862.521986,862.521986,862.521986,65277200
2019-02-14,865.405268,865.405268,865.405268,865.405268,865.405268,83234400
2019-02-15,861.554244,861.554244,861.554244,861.554244,861.554244,97088700
2019-02-19,867.727736,867.727736,867.727736,867.727736,867.727736,59120800
2019-02-20,864.900905,864.900905,864.900905,864.900905,864.900905,76610800
2019-02-21,864.73258,864.73258,864.73258,864.73258,864.73258,64214700
2019-02-22,862.484334,862.484334,862.484334,862.484334,862.484334,78114600
2019-02-25,864.586356,864.586356,864.586356,864.586356,864.586356,69030700
2019-02-26,869.467481,869.467481,869.467481,869.467481,869.467481,56844100
2019-02-27,868.211,868.211,868.211,868.211,868.211,56921600
2019-02-28,865.681244,865.681244,865.681244,865.681244,865.681244,69268300
2019-03-01,864.893794,864.893794,864.893794,864.893794,864.893794,78880500
2019-03-04,870.312263,870.312263,870.312263,870.312263,870.312263,106494600
2019-03-05,873.930715,873.930715,873.930715,873.930715,873.930715,59114600
2019-03-06,874.324691,874.324691,874.324691,874.324691,874.324691,75039800
2019-03-07,874.688806,874.688806,874.688806,874.688806,874.688806,94885100
2019-03-08,873.068257,873.068257,873.068257,873.068257,873.068257,85795800
2019-03-11,866.453415,866.453415,866.453415,866.453415,866.453415,65098900
2019-03-12,868.93542,868.93542,868.93542,868.93542,868.93542,79667500
2019-03-13,870.826348,870.826348,870.826348,870.826348,870.826348,80639200
2019-03-14,873.867362,873.867362,873.867362,873.867362,873.867362,67518400
2019-03-15,873.916931,873.916931,873.916931,873.916931,873.916931,81309000
2019-03-18,875.786708,875.786708,875.786708,875.786708,875.786708,62199800
2019-03-19,876.490094,876.490094,876.490094,876.490094,876.490094,90268100
2019-03-20,880.109742,880.109742,880.109742,880.109742,880.109742,84609200
2019-03-21,879.317604,879.317604,879.317604,879.317604,879.317604,79550400
2019-03-22,876.432095,876.432095,876.432095,876.432095,876.432095,122659300
2019-03-25,871.740174,871.740174,871.740174,871.740174,871.740174,85575200
2019-03-26,870.510702,870.510702,870.510702,870.510702,870.510702,68125900
2019-03-27,876.550138,876.550138,876.550138,876.550138,876.550138,72224700
2019-03-28,876.474869,876.474869,876.474869,876.474869,876.474869,56238500
2019-03-29,878.625105,878.625105,878.625105,878.625105,878.625105,82186800
2019-04-01,883.839046,883.839046,883.839046,883.839046,883.839046,77617900
2019-04-02,890.740421,890.740421,890.740421,890.740421,890.740421,40070400
2019-04-03,891.350653,891.350653,891.350653,891.350653,891.350653,68243200
2019-04-04,895.51397,895.51397,895.51397,895.51397,895.51397,48997500
2019-04-05,896.594443,896.594443,896.594443,896.594443,896.594443,58621700
2019-04-08,898.860023,898.860023,898.860023,898.860023,898.860023,53566300
2019-04-09,897.350904,897.350904,897.350904,897.350904,897.350904,66142300
2019-04-10,893.981102,893.981102,893.981102,893.981102,893.981102,52601500
2019-04-11,895.367822,895.367822,895.367822,895.367822,895.367822,55093100
2019-04-12,897.000032,897.000032,897.000032,897.000032,897.000032,69727800
2019-04-15,902.526245,902.526245,902.526245,902.526245,902.526245,49596700
2019-04-16,902.730007,902.730007,902.730007,902.730007,902.730007,52153200
2019-04-17,905.735572,905.735572,905.735572,905.735572,905.735572,58268300
2019-04-18,909.560929,909.560929,909.560929,909.560929,909.560929,68708500
2019-04-22,911.557696,911.557696,911.557696,911.557696,911.557696,40160100
2019-04-23,908.840524,908.840524,908.840524,908.840524,908.840524,52246600
2019-04-24,910.078953,910.078953,910.078953,910.078953,910.078953,50392900
2019-04-25,909.753934,909.753934,909.753934,909.753934,909.753934,57770900
2019-04-26,909.365788,909.365788,909.365788,909.365788,909.365788,50916400
2019-04-29,909.476042,909.476042,909.476042,909.476042,909.476042,57197700
2019-04-30,909.740798,909.740798,909.740798,909.740798,909.740798,81111700
2019-05-01,908.51907,908.51907,908.51907,908.51907,908.51907,71671900
2019-05-02,910.63594,910.63594,910.63594,910.63594,910.63594,65030200
2019-05-03,910.184979,910.184979,910.184979,910.184979,910.184979,56543700
2019-05-06,915.265669,915.265669,915.265669,915.265669,915.265669,107198100
2019-05-07,900.341008,900.341008,900.341008,900.341008,900.341008,144729900
2019-05-08,892.0871,892.0871,892.0871,892.0871,892.0871,91568300
2019-05-09,890.803274,890.803274,890.803274,890.803274,890.803274,103471100
2019-05-10,883.633108,883.633108,883.633108,883.633108,883.633108,112429300
2019-05-13,880.38372,880.38372,880.38372,880.38372,880.38372,127290500
2019-05-14,862.983428,862.983428,862.983428,862.983428,862.983428,77003200
2019-05-15,866.412394,866.412394,866.412394,866.412394,866.412394,73956400
2019-05-16,860.835658,860.835658,860.835658,860.835658,860.835658,76749600
2019-05-17,863.147996,863.147996,863.147996,863.147996,863.147996,100353000
2019-05-20,855.424621,855.424621,855.424621,855.424621,855.424621,62877600
2019-05-21,850.055175,850.055175,850.055175,850.055175,850.055175,46847100
2019-05-22,855.640137,855.640137,855.640137,855.640137,855.640137,49482500
2019-05-23,852.432228,852.432228,852.432228,852.432228,852.432228,98733800
2019-05-24,845.018641,845.018641,845.018641,845.018641,845.018641,55268100
2019-05-28,849.768026,849.768026,849.768026,849.768026,849.768026,70029400
2019-05-29,850.657083,850.657083,850.657083,850.657083,850.657083,104972900
2019-05-30,846.84962,846.84962,846.84962,846.84962,846.84962,62523800
2019-05-31,849.363577,849.363577,849.363577,849.363577,849.363577,86862800
2019-06-03,840.70684,840.70684,840.70684,840.70684,840.70684,96428000
2019-06-04,840.787181,840.787181,840.787181,840.787181,840.787181,77231900
2019-06-05,848.55308,848.55308,848.55308,848.55308,848.55308,71169700
2019-06-06,853.955047,853.955047,853.955047,853.955047,853.955047,69430400
2019-06-07,854.908296,854.908296,854.908296,854.908296,854.908296,74272200
2019-06-10,858.257457,858.257457,858.257457,858.257457,858.257457,60799100
2019-06-11,863.346074,863.346074,863.346074,863.346074,863.346074,58641300
2019-06-12,869.33835,869.33835,869.33835,869.33835,869.33835,47096300
2019-06-13,868.51203,868.51203,868.51203,868.51203,868.51203,48945200
2019-06-14,871.510361,871.510361,871.510361,871.510361,871.510361,52324700
2019-06-17,870.503526,870.503526,870.503526,870.503526,870.503526,39205700
2019-06-18,871.24262,871.24262,871.24262,871.24262,871.24262,85434800
2019-06-19,877.280568,877.280568,877.280568,877.280568,877.280568,78674400
2019-06-20,877.686645,877.686645,877.686645,877.686645,877.686645,116570000
2019-06-21,886.566941,886.566941,886.566941,886.566941,886.566941,83309500
2019-06-24,885.625458,885.625458,885.625458,885.625458,885.625458,47582700
2019-06-25,886.274114,886.274114,886.274114,886.274114,886.274114,82028700
2019-06-26,886.410966,886.410966,886.410966,886.410966,886.410966,51584900
2019-06-27,889.384399,889.384399,889.384399,889.384399,889.384399,40355200
2019-06-28,891.911859,891.911859,891.911859,891.911859,891.911859,59350900
2019-07-01,895.171489,895.171489,895.171489,895.171489,895.171489,78705600
2019-07-02,906.369659,906.369659,906.369659,906.369659,906.369659,61504500
2019-07-03,906.170644,906.170644,906.170644,906.170644,906.170644,40898900
2019-07-05,908.418101,908.418101,908.418101,908.418101,908.418101,51677300
2019-07-08,904.237792,904.237792,904.237792,904.237792,904.237792,45841800
2019-07-09,899.799898,899.799898,899.799898,899.799898,899.799898,41101300
2019-07-10,895.875262,895.875262,895.875262,895.875262,895.875262,58448500
2019-07-11,899.387036,899.387036,899.387036,899.387036,899.387036,50826100
2019-07-12,901.48034,901.48034,901.48034,901.48034,901.48034,40326000
2019-07-15,903.061682,903.061682,903.061682,903.061682,903.061682,33900000
2019-07-16,904.458268,904.458268,904.458268,904.458268,904.458268,36650100
2019-07-17,904.112671,904.112671,904.112671,904.112671,904.112671,36036300
2019-07-18,903.976645,903.976645,903.976645,903.976645,903.976645,51392600
2019-07-19,902.261157,902.261157,902.261157,902.261157,902.261157,58678600
2019-07-22,905.870231,905.870231,905.870231,905.870231,905.870231,43638100
2019-07-23,907.165761,907.165761,907.165761,907.165761,907.165761,44564500
2019-07-24,910.896412,910.896412,910.896412,910.896412,910.896412,47213200
2019-07-25,908.300488,908.300488,908.300488,908.300488,908.300488,55394100
2019-07-26,906.748753,906.748753,906.748753,906.748753,906.748753,45084100
2019-07-29,909.000366,909.000366,909.000366,909.000366,909.000366,38126500
2019-07-30,908.563288,908.563288,908.563288,908.563288,908.563288,45849000
2019-07-31,903.847046,903.847046,903.847046,903.847046,903.847046,104245200
2019-08-01,904.613022,904.613022,904.613022,904.613022,904.613022,142646600
2019-08-02,905.085099,905.085099,905.085099,905.085099,905.085099,116749700
2019-08-05,902.00066,902.00066,902.00066,902.00066,902.00066,178745400
2019-08-06,887.992308,887.992308,887.992308,887.992308,887.992308,120711700
2019-08-07,894.486938,894.486938,894.486938,894.486938,894.486938,140572300
2019-08-08,883.875517,883.875517,883.875517,883.875517,883.875517,87713900
2019-08-09,888.895368,888.895368,888.895368,888.895368,888.895368,93730000
2019-08-12,885.702553,885.702553,885.702553,885.702553,885.702553,65527600
2019-08-13,880.617003,880.617003,880.617003,880.617003,880.617003,94299800
2019-08-14,879.564066,879.564066,879.564066,879.564066,879.564066,135622100
2019-08-15,866.051448,866.051448,866.051448,866.051448,866.051448,99556600
2019-08-16,868.997646,868.997646,868.997646,868.997646,868.997646,83018300
2019-08-19,874.540527,874.540527,874.540527,874.540527,874.540527,53571800
2019-08-20,884.608832,884.608832,884.608832,884.608832,884.608832,51596400
2019-08-21,882.870004,882.870004,882.870004,882.870004,882.870004,49524700
2019-08-22,890.099573,890.099573,890.099573,890.099573,890.099573,51666400
2019-08-23,892.428819,892.428819,892.428819,892.428819,892.428819,149161500
2019-08-26,887.989184,887.989184,887.989184,887.989184,887.989184,72423800
2019-08-27,895.488133,895.488133,895.488133,895.488133,895.488133,66668900
2019-08-28,900.231722,900.231722,900.231722,900.231722,900.231722,59696700
2019-08-29,897.895866,897.895866,897.895866,897.895866,897.895866,57899400
2019-08-30,906.646199,906.646199,906.646199,906.646199,906.646199,62901200
2019-09-03,911.682902,911.682902,911.682902,911.682902,911.682902,69101400
2019-09-04,905.776706,905.776706,905.776706,905.776706,905.776706,46887300
2019-09-05,913.208261,913.208261,913.208261,913.208261,913.208261,83258100
2019-09-06,921.702494,921.702494,921.702494,921.702494,921.702494,49584300
2019-09-09,922.739667,922.739667,922.739667,922.739667,922.739667,51260300
2019-09-10,926.067801,926.067801,926.067801,926.067801,926.067801,57947100
2019-09-11,923.413338,923.413338,923.413338,923.413338,923.413338,68821100
2019-09-12,924.42012,924.42012,924.42012,924.42012,924.42012,72908700
2019-09-13,927.45256,927.45256,927.45256,927.45256,927.45256,62104800
2019-09-16,928.91439,928.91439,928.91439,928.91439,928.91439,58191200
2019-09-17,925.011631,925.011631,925.011631,925.011631,925.011631,41475500
2019-09-18,924.287786,924.287786,924.287786,924.287786,924.287786,73375800
2019-09-19,922.920806,922.920806,922.920806,922.920806,922.920806,76560500
2019-09-20,924.192471,924.192471,924.192471,924.192471,924.192471,89565000
2019-09-23,926.193769,926.193769,926.193769,926.193769,926.193769,43476800
2019-09-24,923.880819,923.880819,923.880819,923.880819,923.880819,94869400
2019-09-25,927.552213,927.552213,927.552213,927.552213,927.552213,71854000
2019-09-26,927.788127,927.788127,927.788127,927.788127,927.788127,56179700
2019-09-27,927.772831,927.772831,927.772831,927.772831,927.772831,84746600
2019-09-30,930.318717,930.318717,930.318717,930.318717,930.318717,51662400
2019-10-01,932.067341,932.067341,932.067341,932.067341,932.067341,88242400
2019-10-02,935.066791,935.066791,935.066791,935.066791,935.066791,122539500
2019-10-03,929.472144,929.472144,929.472144,929.472144,929.472144,85278800
2019-10-04,928.619184,928.619184,928.619184,928.619184,928.619184,65091200
2019-10-07,930.875033,930.875033,930.875033,930.875033,930.875033,59610500
2019-10-08,928.045182,928.045182,928.045182,928.045182,928.045182,95708100
2019-10-09,921.539816,921.539816,921.539816,921.539816,921.539816,62359400
2019-10-10,928.583717,928.583717,928.583717,928.583717,928.583717,55296300
2019-10-11,928.250001,928.250001,928.250001,928.250001,928.250001,98720400
2019-10-14,937.795048,937.795048,937.795048,937.795048,937.795048,40394800
2019-10-15,936.639789,936.639789,936.639789,936.639789,936.639789,46754500
2019-10-16,940.232765,940.232765,940.232765,940.232765,940.232765,48928200
2019-10-17,938.581409,938.581409,938.581409,938.581409,938.581409,45736600
2019-10-18,942.560321,942.560321,942.560321,942.560321,942.560321,64304000
2019-10-21,940.655292,940.655292,940.655292,940.655292,940.655292,39048600
2019-10-22,945.185294,945.185294,945.185294,945.185294,945.185294,48594700
2019-10-23,946.997282,946.997282,946.997282,946.997282,946.997282,34352200
2019-10-24,946.063039,946.063039,946.063039,946.063039,946.063039,35453100
2019-10-25,949.265165,949.265165,949.265165,949.265165,949.265165,45205400
2019-10-28,947.22651,947.22651,947.22651,947.22651,947.22651,42147000
2019-10-29,951.387778,951.387778,951.387778,951.387778,951.387778,44284900
2019-10-30,950.398997,950.398997,950.398997,950.398997,950.398997,49643900
2019-10-31,951.040797,951.040797,951.040797,951.040797,951.040797,69053800
2019-11-01,950.962039,950.962039,950.962039,950.962039,950.962039,71141500
2019-11-04,955.899225,955.899225,955.899225,955.899225,955.899225,60606900
2019-11-05,961.190566,961.190566,961.190566,961.190566,961.190566,42933200
2019-11-06,961.8301,961.8301,961.8301,961.8301,961.8301,46487100
2019-11-07,961.782029,961.782029,961.782029,961.782029,961.782029,54272300
2019-11-08,966.337401,966.337401,966.337401,966.337401,966.337401,49032100
2019-11-11,965.09807,965.09807,965.09807,965.09807,965.09807,35797300
2019-11-12,960.301604,960.301604,960.301604,960.301604,960.301604,46484600
2019-11-13,961.499294,961.499294,961.499294,961.499294,961.499294,53917700
2019-11-14,958.05933,958.05933,958.05933,958.05933,958.05933,51219900
2019-11-15,957.051046,957.051046,957.051046,957.051046,957.051046,62023600
2019-11-18,961.548129,961.548129,961.548129,961.548129,961.548129,49228000
2019-11-19,960.697842,960.697842,960.697842,960.697842,960.697842,67804700
2019-11-20,962.681941,962.681941,962.681941,962.681941,962.681941,79406200
2019-11-21,960.627834,960.627834,960.627834,960.627834,960.627834,54664700
2019-11-22,960.950479,960.950479,960.950479,960.950479,960.950479,44850200
2019-11-25,963.44206,963.44206,963.44206,963.44206,963.44206,48647200
2019-11-26,966.553931,966.553931,966.553931,966.553931,966.553931,37569000
2019-11-27,966.628931,966.628931,966.628931,966.628931,966.628931,44444600
2019-11-29,968.211729,968.211729,968.211729,968.211729,968.211729,36592700
2019-12-02,966.260829,966.260829,966.260829,966.260829,966.260829,75767800
2019-12-03,967.073086,967.073086,967.073086,967.073086,967.073086,73941700
2019-12-04,957.746894,957.746894,957.746894,957.746894,957.746894,49080000
2019-12-05,961.256638,961.256638,961.256638,961.256638,961.256638,40709000
2019-12-06,963.58506,963.58506,963.58506,963.58506,963.58506,48927000
2019-12-09,970.02208,970.02208,970.02208,970.02208,970.02208,34838500
2019-12-10,968.648565,968.648565,968.648565,968.648565,968.648565,52649800
2019-12-11,968.41488,968.41488,968.41488,968.41488,968.41488,53429100
2019-12-12,969.911153,969.911153,969.911153,969.911153,969.911153,96389600
2019-12-13,969.893394,969.893394,969.893394,969.893394,969.893394,81503900
2019-12-16,969.04963,969.04963,969.04963,969.04963,969.04963,82749700
2019-12-17,974.803247,974.803247,974.803247,974.803247,974.803247,61097700
2019-12-18,976.035894,976.035894,976.035894,976.035894,976.035894,48133000
2019-12-19,977.300537,977.300537,977.300537,977.300537,977.300537,85310500
2019-12-20,977.893317,977.893317,977.893317,977.893317,977.893317,147142100
2019-12-23,981.304927,981.304927,981.304927,981.304927,981.304927,52990000
2019-12-24,983.886835,983.886835,983.886835,983.886835,983.886835,20270000
2019-12-26,984.603293,984.603293,984.603293,984.603293,984.603293,30911200
2019-12-27,985.84135,985.84135,985.84135,985.84135,985.84135,42528800
2019-12-30,988.234174,988.234174,988.234174,988.234174,988.234174,49729100
2019-12-31,988.460241,988.460241,988.460241,988.460241,988.460241,57077300
2020-01-02,986.717752,986.717752,986.717752,986.717752,986.717752,59151200
2020-01-03,991.818581,991.818581,991.818581,991.818581,991.818581,77709700
2020-01-06,980.443161,980.443161,980.443161,980.443161,980.443161,55653900
2020-01-07,974.555846,974.555846,974.555846,974.555846,974.555846,40496400
2020-01-08,972.639859,972.639859,972.639859,972.639859,972.639859,68296000
2020-01-09,973.224377,973.224377,973.224377,973.224377,973.224377,48473300
2020-01-10,978.304657,978.304657,978.304657,978.304657,978.304657,53029300
2020-01-13,980.172515,980.172515,980.172515,980.172515,980.172515,47086800
2020-01-14,982.169744,982.169744,982.169744,982.169744,982.169744,62832800
2020-01-15,980.683363,980.683363,980.683363,980.683363,980.683363,72056600
2020-01-16,980.334445,980.334445,980.334445,980.334445,980.334445,54050300
2020-01-17,984.795886,984.795886,984.795886,984.795886,984.795886,95846000
2020-01-21,987.067873,987.067873,987.067873,987.067873,987.067873,77742400
2020-01-22,983.896088,983.896088,983.896088,983.896088,983.896088,48914900
2020-01-23,986.638498,986.638498,986.638498,986.638498,986.638498,51963000
2020-01-24,984.475488,984.475488,984.475488,984.475488,984.475488,87578400
2020-01-27,986.562582,986.562582,986.562582,986.562582,986.562582,84062500
2020-01-28,969.289727,969.289727,969.289727,969.289727,969.289727,63834000
2020-01-29,973.915354,973.915354,973.915354,973.915354,973.915354,53888900
2020-01-30,978.305682,978.305682,978.305682,978.305682,978.305682,75491800
2020-01-31,971.487825,971.487825,971.487825,971.487825,971.487825,113845600
2020-02-03,969.42346,969.42346,969.42346,969.42346,969.42346,69083000
2020-02-04,974.255627,974.255627,974.255627,974.255627,974.255627,62573200
2020-02-05,986.079406,986.079406,986.079406,986.079406,986.079406,65951100
2020-02-06,995.648646,995.648646,995.648646,995.648646,995.648646,50359700
2020-02-07,998.739783,998.739783,998.739783,998.739783,998.739783,64139400
2020-02-10,995.221149,995.221149,995.221149,995.221149,995.221149,42070000
2020-02-11,992.265664,992.265664,992.265664,992.265664,992.265664,54864500
2020-02-12,996.603825,996.603825,996.603825,996.603825,996.603825,43992700
2020-02-13,1001.220849,1001.220849,1001.220849,1001.220849,1001.220849,54501900
2020-02-14,996.541885,996.541885,996.541885,996.541885,996.541885,64582200
2020-02-18,997.822382,997.822382,997.822382,997.822382,997.822382,57226200
2020-02-19,994.551404,994.551404,994.551404,994.551404,994.551404,48814700
2020-02-20,997.63214,997.63214,997.63214,997.63214,997.63214,74163400
2020-02-21,995.812897,995.812897,995.812897,995.812897,995.812897,113788200
2020-02-24,991.389607,991.389607,991.389607,991.389607,991.389607,161088400
2020-02-25,960.60221,960.60221,960.60221,960.60221,960.60221,218913200
2020-02-26,965.08238,965.08238,965.08238,965.08238,965.08238,194773800
2020-02-27,969.756828,969.756828,969.756828,969.756828,969.756828,284353500
2020-02-28,950.905847,950.905847,950.905847,950.905847,950.905847,384975800
2020-03-02,922.700715,922.700715,922.700715,922.700715,922.700715,238703600
2020-03-03,928.72757,928.72757,928.72757,928.72757,928.72757,300139100
2020-03-04,929.912821,929.912821,929.912821,929.912821,929.912821,176613400
2020-03-05,948.077232,948.077232,948.077232,948.077232,948.077232,186366800
2020-03-06,924.15215,924.15215,924.15215,924.15215,924.15215,228667200
2020-03-09,895.660764,895.660764,895.660764,895.660764,895.660764,309417300
2020-03-10,828.894879,828.894879,828.894879,828.894879,828.894879,276444100
2020-03-11,860.317544,860.317544,860.317544,860.317544,860.317544,255316300
2020-03-12,837.247843,837.247843,837.247843,837.247843,837.247843,392220700
2020-03-13,781.180949,781.180949,781.180949,781.180949,781.180949,329566100
2020-03-16,828.304366,828.304366,828.304366,828.304366,828.304366,297240000
2020-03-17,741.721509,741.721509,741.721509,741.721509,741.721509,262070500
2020-03-18,757.733462,757.733462,757.733462,757.733462,757.733462,327597100
2020-03-19,708.091524,708.091524,708.091524,708.091524,708.091524,289322000
2020-03-20,705.843525,705.843525,705.843525,705.843525,705.843525,347158800
2020-03-23,715.921483,715.921483,715.921483,715.921483,715.921483,326025200
2020-03-24,713.976881,713.976881,713.976881,713.976881,713.976881,235494500
2020-03-25,750.671107,750.671107,750.671107,750.671107,750.671107,299430300
2020-03-26,755.943286,755.943286,755.943286,755.943286,755.943286,257632800
2020-03-27,764.267572,764.267572,764.267572,764.267572,764.267572,224341200
2020-03-30,741.027519,741.027519,741.027519,741.027519,741.027519,171369500
2020-03-31,747.657044,747.657044,747.657044,747.657044,747.657044,194881100
2020-04-01,744.504953,744.504953,744.504953,744.504953,744.504953,189554600
2020-04-02,716.248713,716.248713,716.248713,716.248713,716.248713,177660400
2020-04-03,713.419708,713.419708,713.419708,713.419708,713.419708,135561200
2020-04-06,710.353067,710.353067,710.353067,710.353067,710.353067,188061200
2020-04-07,737.935824,737.935824,737.935824,737.935824,737.935824,201427200
2020-04-08,763.947811,763.947811,763.947811,763.947811,763.947811,153774500
2020-04-09,772.06382,772.06382,772.06382,772.06382,772.06382,189999200
2020-04-13,782.026676,782.026676,782.026676,782.026676,782.026676,114839100
2020-04-14,779.007651,779.007651,779.007651,779.007651,779.007651,134143400
2020-04-15,794.002041,794.002041,794.002041,794.002041,794.002041,121775000
2020-04-16,776.560826,776.560826,776.560826,776.560826,776.560826,131798300
2020-04-17,780.407907,780.407907,780.407907,780.407907,780.407907,146684800
2020-04-20,797.927978,797.927978,797.927978,797.927978,797.927978,100109300
2020-04-21,786.67034,786.67034,786.67034,786.67034,786.67034,126385700
2020-04-22,773.054496,773.054496,773.054496,773.054496,773.054496,92951600
2020-04-23,788.048946,788.048946,788.048946,788.048946,788.048946,104709700
2020-04-24,791.934179,791.934179,791.934179,791.934179,791.934179,85063200
2020-04-27,796.5763,796.5763,796.5763,796.5763,796.5763,77896600
2020-04-28,802.588639,802.588639,802.588639,802.588639,802.588639,105270000
2020-04-29,813.647971,813.647971,813.647971,813.647971,813.647971,118745600
2020-04-30,830.122742,830.122742,830.122742,830.122742,830.122742,122901700
2020-05-01,825.834657,825.834657,825.834657,825.834657,825.834657,125180000
2020-05-04,811.096108,811.096108,811.096108,811.096108,811.096108,80873200
2020-05-05,805.175849,805.175849,805.175849,805.175849,805.175849,79569900
2020-05-06,813.852115,813.852115,813.852115,813.852115,813.852115,73632600
2020-05-07,819.072237,819.072237,819.072237,819.072237,819.072237,75250400
2020-05-08,829.116111,829.116111,829.116111,829.116111,829.116111,76452400
2020-05-11,838.901591,838.901591,838.901591,838.901591,838.901591,79514200
2020-05-12,832.835788,832.835788,832.835788,832.835788,832.835788,95870800
2020-05-13,836.466996,836.466996,836.466996,836.466996,836.466996,144721100
2020-05-14,834.645606,834.645606,834.645606,834.645606,834.645606,121977900
2020-05-15,826.749878,826.749878,826.749878,826.749878,826.749878,111146300
2020-05-18,819.166119,819.166119,819.166119,819.166119,819.166119,119703800
2020-05-19,838.495697,838.495697,838.495697,838.495697,838.495697,95189300
2020-05-20,836.606783,836.606783,836.606783,836.606783,836.606783,85861700
2020-05-21,847.595752,847.595752,847.595752,847.595752,847.595752,78293900
2020-05-22,847.153766,847.153766,847.153766,847.153766,847.153766,63958200
2020-05-26,846.220697,846.220697,846.220697,846.220697,846.220697,88951400
2020-05-27,864.767089,864.767089,864.767089,864.767089,864.767089,104817400
2020-05-28,873.51298,873.51298,873.51298,873.51298,873.51298,90405200
2020-05-29,876.692182,876.692182,876.692182,876.692182,876.692182,119090800
2020-06-01,875.172695,875.172695,875.172695,875.172695,875.172695,55758300
2020-06-02,873.116076,873.116076,873.116076,873.116076,873.116076,74267200
2020-06-03,875.929785,875.929785,875.929785,875.929785,875.929785,92567600
2020-06-04,882.026954,882.026954,882.026954,882.026954,882.026954,75794400
2020-06-05,878.959974,878.959974,878.959974,878.959974,878.959974,150524700
2020-06-08,895.486037,895.486037,895.486037,895.486037,895.486037,73641200
2020-06-09,897.908649,897.908649,897.908649,897.908649,897.908649,77479200
2020-06-10,889.807061,889.807061,889.807061,889.807061,889.807061,95000800
2020-06-11,891.510322,891.510322,891.510322,891.510322,891.510322,209243600
2020-06-12,870.394772,870.394772,870.394772,870.394772,870.394772,194678900
2020-06-15,892.442377,892.442377,892.442377,892.442377,892.442377,135782700
2020-06-16,874.239319,874.239319,874.239319,874.239319,874.239319,137627500
2020-06-17,898.196305,898.196305,898.196305,898.196305,898.196305,83398900
2020-06-18,901.337075,901.337075,901.337075,901.337075,901.337075,80828700
2020-06-19,896.52028,896.52028,896.52028,896.52028,896.52028,135549600
2020-06-22,907.322785,907.322785,907.322785,907.322785,907.322785,74649400
2020-06-23,905.366649,905.366649,905.366649,905.366649,905.366649,68471200
2020-06-24,913.686153,913.686153,913.686153,913.686153,913.686153,132813500
2020-06-25,907.169805,907.169805,907.169805,907.169805,907.169805,89468000
2020-06-26,905.275324,905.275324,905.275324,905.275324,905.275324,127961000
2020-06-29,901.725099,901.725099,901.725099,901.725099,901.725099,79773300
2020-06-30,905.766523,905.766523,905.766523,905.766523,905.766523,113394800
2020-07-01,904.32381,904.32381,904.32381,904.32381,904.32381,72396500
2020-07-02,907.826413,907.826413,907.826413,907.826413,907.826413,69344200
2020-07-06,918.65659,918.65659,918.65659,918.65659,918.65659,61713800
2020-07-07,930.790593,930.790593,930.790593,930.790593,930.790593,82910000
2020-07-08,925.841823,925.841823,925.841823,925.841823,925.841823,54638600
2020-07-09,928.243793,928.243793,928.243793,928.243793,928.243793,83354200
2020-07-10,930.135382,930.135382,930.135382,930.135382,930.135382,57550400
2020-07-13,929.881672,929.881672,929.881672,929.881672,929.881672,102997500
2020-07-14,937.271795,937.271795,937.271795,937.271795,937.271795,93657000
2020-07-15,932.640521,932.640521,932.640521,932.640521,932.640521,87196500
2020-07-16,942.799504,942.799504,942.799504,942.799504,942.799504,54622500
2020-07-17,936.718182,936.718182,936.718182,936.718182,936.718182,62774900
2020-07-20,939.854184,939.854184,939.854184,939.854184,939.854184,56308800
2020-07-21,938.959803,938.959803,938.959803,938.959803,938.959803,57292200
2020-07-22,945.079467,945.079467,945.079467,945.079467,945.079467,57792900
2020-07-23,943.897923,943.897923,943.897923,943.897923,943.897923,75738000
2020-07-24,942.724755,942.724755,942.724755,942.724755,942.724755,73766600
2020-07-27,936.810698,936.810698,936.810698,936.810698,936.810698,48293000
2020-07-28,938.953254,938.953254,938.953254,938.953254,938.953254,57495000
2020-07-29,936.611706,936.611706,936.611706,936.611706,936.611706,48454200
2020-07-30,939.33514,939.33514,939.33514,939.33514,939.33514,61861700
2020-07-31,929.985618,929.985618,929.985618,929.985618,929.985618,84986800
2020-08-03,935.507522,935.507522,935.507522,935.507522,935.507522,53077900
2020-08-04,940.618032,940.618032,940.618032,940.618032,940.618032,41917900
2020-08-05,937.910357,937.910357,937.910357,937.910357,937.910357,42697700
2020-08-06,941.870049,941.870049,941.870049,941.870049,941.870049,43679400
2020-08-07,940.035958,940.035958,940.035958,940.035958,940.035958,57308300
2020-08-10,937.037367,937.037367,937.037367,937.037367,937.037367,44282100
2020-08-11,938.362757,938.362757,938.362757,938.362757,938.362757,69601100
2020-08-12,941.894748,941.894748,941.894748,941.894748,941.894748,53774400
2020-08-13,949.31922,949.31922,949.31922,949.31922,949.31922,41816100
2020-08-14,946.9364,946.9364,946.9364,946.9364,946.9364,47260400
2020-08-17,945.70833,945.70833,945.70833,945.70833,945.70833,35481000
2020-08-18,948.749611,948.749611,948.749611,948.749611,948.749611,38733900
2020-08-19,949.909219,949.909219,949.909219,949.909219,949.909219,68054200
2020-08-20,951.012016,951.012016,951.012016,951.012016,951.012016,42207800
2020-08-21,945.691321,945.691321,945.691321,945.691321,945.691321,55106600
2020-08-24,944.637382,944.637382,944.637382,944.637382,944.637382,48588700
2020-08-25,951.936017,951.936017,951.936017,951.936017,951.936017,38463400
2020-08-26,953.581687,953.581687,953.581687,953.581687,953.581687,50790200
2020-08-27,955.307245,955.307245,955.307245,955.307245,955.307245,58034100
2020-08-28,957.842986,957.842986,957.842986,957.842986,957.842986,48588900
2020-08-31,960.847662,960.847662,960.847662,960.847662,960.847662,66099200
2020-09-01,960.168868,960.168868,960.168868,960.168868,960.168868,54908700
2020-09-02,962.594597,962.594597,962.594597,962.594597,962.594597,69540000
2020-09-03,968.197377,968.197377,968.197377,968.197377,968.197377,148011100
2020-09-04,963.196061,963.196061,963.196061,963.196061,963.196061,139156300
2020-09-08,965.211079,965.211079,965.211079,965.211079,965.211079,114465300
2020-09-09,948.652919,948.652919,948.652919,948.652919,948.652919,91462300
2020-09-10,960.960855,960.960855,960.960855,960.960855,960.960855,90569500
2020-09-11,966.653861,966.653861,966.653861,966.653861,966.653861,84680200
2020-09-14,972.192984,972.192984,972.192984,972.192984,972.192984,65605700
2020-09-15,982.12559,982.12559,982.12559,982.12559,982.12559,52920900
2020-09-16,989.794547,989.794547,989.794547,989.794547,989.794547,82096000
2020-09-17,993.643976,993.643976,993.643976,993.643976,993.643976,91523300
2020-09-18,978.169347,978.169347,978.169347,978.169347,978.169347,105877900
2020-09-21,980.661615,980.661615,980.661615,980.661615,980.661615,99450800
2020-09-22,965.932406,965.932406,965.932406,965.932406,965.932406,63612100
2020-09-23,970.610198,970.610198,970.610198,970.610198,970.610198,93112200
2020-09-24,972.324849,972.324849,972.324849,972.324849,972.324849,76681300
2020-09-25,967.996878,967.996878,967.996878,967.996878,967.996878,71069400
2020-09-28,965.19618,965.19618,965.19618,965.19618,965.19618,64584600
2020-09-29,978.330451,978.330451,978.330451,978.330451,978.330451,51304000
2020-09-30,977.637438,977.637438,977.637438,977.637438,977.637438,104081100
2020-10-01,979.706288,979.706288,979.706288,979.706288,979.706288,88698700
2020-10-02,987.848201,987.848201,987.848201,987.848201,987.848201,89431100
2020-10-05,972.148059,972.148059,972.148059,972.148059,972.148059,45713100
2020-10-06,978.564013,978.564013,978.564013,978.564013,978.564013,90128900
2020-10-07,978.946837,978.946837,978.946837,978.946837,978.946837,56999600
2020-10-08,988.221221,988.221221,988.221221,988.221221,988.221221,45242500
2020-10-09,994.232947,994.232947,994.232947,994.232947,994.232947,59528600
2020-10-12,999.331085,999.331085,999.331085,999.331085,999.331085,80388500
2020-10-13,1007.175192,1007.175192,1007.175192,1007.175192,1007.175192,73255500
2020-10-14,1006.695818,1006.695818,1006.695818,1006.695818,1006.695818,57727900
2020-10-15,1008.427775,1008.427775,1008.427775,1008.427775,1008.427775,60357700
2020-10-16,996.146801,996.146801,996.146801,996.146801,996.146801,89501900
2020-10-19,1000.281929,1000.281929,1000.281929,1000.281929,1000.281929,68425600
2020-10-20,1004.149459,1004.149459,1004.149459,1004.149459,1004.149459,60051900
2020-10-21,1008.356263,1008.356263,1008.356263,1008.356263,1008.356263,63575000
2020-10-22,1008.158994,1008.158994,1008.158994,1008.158994,1008.158994,55399300
2020-10-23,1008.784954,1008.784954,1008.784954,1008.784954,1008.784954,49143900
2020-10-26,1012.598127,1012.598127,1012.598127,1012.598127,1012.598127,91473000
2020-10-27,1001.859829,1001.859829,1001.859829,1001.859829,1001.859829,65994100
2020-10-28,1002.901525,1002.901525,1002.901525,1002.901525,1002.901525,127094300
2020-10-29,984.704996,984.704996,984.704996,984.704996,984.704996,90597700
2020-10-30,985.409102,985.409102,985.409102,985.409102,985.409102,120287300
2020-11-02,980.283833,980.283833,980.283833,980.283833,980.283833,86068300
2020-11-03,991.221585,991.221585,991.221585,991.221585,991.221585,93294200
2020-11-04,1001.648002,1001.648002,1001.648002,1001.648002,1001.648002,126959700
2020-11-05,1015.995085,1015.995085,1015.995085,1015.995085,1015.995085,82039700
2020-11-06,1032.800384,1032.800384,1032.800384,1032.800384,1032.800384,74973000
2020-11-09,1031.834549,1031.834549,1031.834549,1031.834549,1031.834549,172304200
2020-11-10,1072.475752,1072.475752,1072.475752,1072.475752,1072.475752,85552000
2020-11-11,1069.185721,1069.185721,1069.185721,1069.185721,1069.185721,58649000
2020-11-12,1076.259006,1076.259006,1076.259006,1076.259006,1076.259006,67546200
2020-11-13,1072.91632,1072.91632,1072.91632,1072.91632,1072.91632,62892200
2020-11-16,1079.119533,1079.119533,1079.119533,1079.119533,1079.119533,74541100
2020-11-17,1087.744022,1087.744022,1087.744022,1087.744022,1087.744022,66111000
2020-11-18,1079.89001,1079.89001,1079.89001,1079.89001,1079.89001,70591300
2020-11-19,1080.70428,1080.70428,1080.70428,1080.70428,1080.70428,59940900
2020-11-20,1078.5877,1078.5877,1078.5877,1078.5877,1078.5877,70417300
2020-11-23,1077.689613,1077.689613,1077.689613,1077.689613,1077.689613,63230600
2020-11-24,1083.549641,1083.549641,1083.549641,1083.549641,1083.549641,62415900
2020-11-25,1091.83098,1091.83098,1091.83098,1091.83098,1091.83098,45330900
2020-11-27,1091.506113,1091.506113,1091.506113,1091.506113,1091.506113,28514100
2020-11-30,1095.002355,1095.002355,1095.002355,1095.002355,1095.002355,83872700
2020-12-01,1092.418858,1092.418858,1092.418858,1092.418858,1092.418858,74231400
2020-12-02,1102.95413,1102.95413,1102.95413,1102.95413,1102.95413,45927000
2020-12-03,1099.28298,1099.28298,1099.28298,1099.28298,1099.28298,62882000
2020-12-04,1098.898229,1098.898229,1098.898229,1098.898229,1098.898229,50749900
2020-12-07,1100.731379,1100.731379,1100.731379,1100.731379,1100.731379,48944300
2020-12-08,1098.206244,1098.206244,1098.206244,1098.206244,1098.206244,42458900
2020-12-09,1094.075281,1094.075281,1094.075281,1094.075281,1094.075281,74098300
2020-12-10,1096.118866,1096.118866,1096.118866,1096.118866,1096.118866,57735400
2020-12-11,1091.642326,1091.642326,1091.642326,1091.642326,1091.642326,57698600
2020-12-14,1086.1406,1086.1406,1086.1406,1086.1406,1086.1406,69216200
2020-12-15,1093.024258,1093.024258,1093.024258,1093.024258,1093.024258,63865300
2020-12-16,1101.1824,1101.1824,1101.1824,1101.1824,1101.1824,58420500
2020-12-17,1101.812365,1101.812365,1101.812365,1101.812365,1101.812365,64119500
2020-12-18,1107.025348,1107.025348,1107.025348,1107.025348,1107.025348,136542300
2020-12-21,1107.895618,1107.895618,1107.895618,1107.895618,1107.895618,96386700
2020-12-22,1095.20672,1095.20672,1095.20672,1095.20672,1095.20672,47949000
2020-12-23,1096.194248,1096.194248,1096.194248,1096.194248,1096.194248,46201400
2020-12-24,1099.243574,1099.243574,1099.243574,1099.243574,1099.243574,26457900
2020-12-28,1100.713679,1100.713679,1100.713679,1100.713679,1100.713679,39000400
2020-12-29,1108.831628,1108.831628,1108.831628,1108.831628,1108.831628,53680500
2020-12-30,1113.661993,1113.661993,1113.661993,1113.661993,1113.661993,49455300
2020-12-31,1116.244389,1116.244389,1116.244389,1116.244389,1116.244389,78520700
2021-01-04,1115.558635,1115.558635,1115.558635,1115.558635,1115.558635,110210800
2021-01-05,1119.769638,1119.769638,1119.769638,1119.769638,1119.769638,66426200
2021-01-06,1117.61837,1117.61837,1117.61837,1117.61837,1117.61837,107997700
2021-01-07,1112.686703,1112.686703,1112.686703,1112.686703,1112.686703,68766800
2021-01-08,1120.22631,1120.22631,1120.22631,1120.22631,1120.22631,71677200
2021-01-11,1124.57345,1124.57345,1124.57345,1124.57345,1124.57345,51034700
2021-01-12,1114.459359,1114.459359,1114.459359,1114.459359,1114.459359,52547700
2021-01-13,1114.992246,1114.992246,1114.992246,1114.992246,1114.992246,45303600
2021-01-14,1114.70097,1114.70097,1114.70097,1114.70097,1114.70097,49989100
2021-01-15,1116.993029,1116.993029,1116.993029,1116.993029,1116.993029,107160000
2021-01-19,1111.801893,1111.801893,1111.801893,1111.801893,1111.801893,51233300
2021-01-20,1119.558421,1119.558421,1119.558421,1119.558421,1119.558421,61836100
2021-01-21,1126.775718,1126.775718,1126.775718,1126.775718,1126.775718,47840100
2021-01-22,1128.480416,1128.480416,1128.480416,1128.480416,1128.480416,52860500
2021-01-25,1122.579876,1122.579876,1122.579876,1122.579876,1122.579876,70402000
2021-01-26,1124.839551,1124.839551,1124.839551,1124.839551,1124.839551,42665300
2021-01-27,1127.768379,1127.768379,1127.768379,1127.768379,1127.768379,123351100
2021-01-28,1117.222131,1117.222131,1117.222131,1117.222131,1117.222131,94198100
2021-01-29,1122.984352,1122.984352,1122.984352,1122.984352,1122.984352,126765100
2021-02-01,1116.981207,1116.981207,1116.981207,1116.981207,1116.981207,75817600
2021-02-02,1127.941533,1127.941533,1127.941533,1127.941533,1127.941533,64450700
2021-02-03,1138.137682,1138.137682,1138.137682,1138.137682,1138.137682,52427100
2021-02-04,1140.735573,1140.735573,1140.735573,1140.735573,1140.735573,47142600
2021-02-05,1143.994466,1143.994466,1143.994466,1143.994466,1143.994466,48669800
2021-02-08,1149.891159,1149.891159,1149.891159,1149.891159,1149.891159,38365200
2021-02-09,1154.46011,1154.46011,1154.46011,1154.46011,1154.46011,35551100
2021-02-10,1151.741927,1151.741927,1151.741927,1151.741927,1151.741927,59154400
2021-02-11,1157.202508,1157.202508,1157.202508,1157.202508,1157.202508,42913300
2021-02-12,1160.586086,1160.586086,1160.586086,1160.586086,1160.586086,50593300
2021-02-16,1157.973639,1157.973639,1157.973639,1157.973639,1157.973639,50972400
2021-02-17,1161.808502,1161.808502,1161.808502,1161.808502,1161.808502,52290600
2021-02-18,1156.182477,1156.182477,1156.182477,1156.182477,1156.182477,59712800
2021-02-19,1147.875046,1147.875046,1147.875046,1147.875046,1147.875046,83241000
2021-02-22,1151.783843,1151.783843,1151.783843,1151.783843,1151.783843,67414200
2021-02-23,1142.955854,1142.955854,1142.955854,1142.955854,1142.955854,107284100
2021-02-24,1135.900056,1135.900056,1135.900056,1135.900056,1135.900056,72433900
2021-02-25,1132.414142,1132.414142,1132.414142,1132.414142,1132.414142,146670500
2021-02-26,1128.426426,1128.426426,1128.426426,1128.426426,1128.426426,152701600
2021-03-01,1134.331395,1134.331395,1134.331395,1134.331395,1134.331395,105348800
2021-03-02,1149.871568,1149.871568,1149.871568,1149.871568,1149.871568,79595300
2021-03-03,1150.522312,1150.522312,1150.522312,1150.522312,1150.522312,119940200
2021-03-04,1148.232338,1148.232338,1148.232338,1148.232338,1148.232338,183433000
2021-03-05,1147.57293,1147.57293,1147.57293,1147.57293,1147.57293,152039600
2021-03-08,1158.969726,1158.969726,1158.969726,1158.969726,1158.969726,123149200
2021-03-09,1162.023037,1162.023037,1162.023037,1162.023037,1162.023037,113633600
2021-03-10,1174.536583,1174.536583,1174.536583,1174.536583,1174.536583,109899400
2021-03-11,1182.122634,1182.122634,1182.122634,1182.122634,1182.122634,86245000
2021-03-12,1190.103698,1190.103698,1190.103698,1190.103698,1190.103698,64653600
2021-03-15,1185.62903,1185.62903,1185.62903,1185.62903,1185.62903,73427200
2021-03-16,1186.382159,1186.382159,1186.382159,1186.382159,1186.382159,73722500
2021-03-17,1188.298229,1188.298229,1188.298229,1188.298229,1188.298229,97959300
2021-03-18,1184.096939,1184.096939,1184.096939,1184.096939,1184.096939,115349100
2021-03-19,1175.752145,1175.752145,1175.752145,1175.752145,1175.752145,113624500
2021-03-22,1174.722846,1174.722846,1174.722846,1174.722846,1174.722846,73778600
2021-03-23,1176.323147,1176.323147,1176.323147,1176.323147,1176.323147,90686600
2021-03-24,1174.226912,1174.226912,1174.226912,1174.226912,1174.226912,97588600
2021-03-25,1178.689816,1178.689816,1178.689816,1178.689816,1178.689816,116128600
2021-03-26,1173.947175,1173.947175,1173.947175,1173.947175,1173.947175,114409100
2021-03-29,1177.593779,1177.593779,1177.593779,1177.593779,1177.593779,108107600
2021-03-30,1172.836151,1172.836151,1172.836151,1172.836151,1172.836151,76262200
2021-03-31,1168.747747,1168.747747,1168.747747,1168.747747,1168.747747,112734200
2021-04-01,1170.495251,1170.495251,1170.495251,1170.495251,1170.495251,99682900
2021-04-05,1176.549902,1176.549902,1176.549902,1176.549902,1176.549902,91684800
2021-04-06,1184.860488,1184.860488,1184.860488,1184.860488,1184.860488,62021000
2021-04-07,1183.051795,1183.051795,1183.051795,1183.051795,1183.051795,55836300
2021-04-08,1182.468493,1182.468493,1182.468493,1182.468493,1182.468493,57863100
2021-04-09,1186.30638,1186.30638,1186.30638,1186.30638,1186.30638,61104600
2021-04-12,1185.86957,1185.86957,1185.86957,1185.86957,1185.86957,56704900
2021-04-13,1183.965843,1183.965843,1183.965843,1183.965843,1183.965843,56551000
2021-04-14,1183.590488,1183.590488,1183.590488,1183.590488,1183.590488,61659900
2021-04-15,1183.445408,1183.445408,1183.445408,1183.445408,1183.445408,60229800
2021-04-16,1189.972288,1189.972288,1189.972288,1189.972288,1189.972288,82037300
2021-04-19,1193.861329,1193.861329,1193.861329,1193.861329,1193.861329,78498500
2021-04-20,1190.940725,1190.940725,1190.940725,1190.940725,1190.940725,81851800
2021-04-21,1187.152632,1187.152632,1187.152632,1187.152632,1187.152632,66793000
2021-04-22,1185.192178,1185.192178,1185.192178,1185.192178,1185.192178,97582800
2021-04-23,1184.620253,1184.620253,1184.620253,1184.620253,1184.620253,73209200
2021-04-26,1186.285055,1186.285055,1186.285055,1186.285055,1186.285055,52182400
2021-04-27,1188.218319,1188.218319,1188.218319,1188.218319,1188.218319,51303100
2021-04-28,1189.069483,1189.069483,1189.069483,1189.069483,1189.069483,51238900
2021-04-29,1189.835859,1189.835859,1189.835859,1189.835859,1189.835859,78544300
2021-04-30,1198.099636,1198.099636,1198.099636,1198.099636,1198.099636,85527000
2021-05-03,1191.109112,1191.109112,1191.109112,1191.109112,1191.109112,68128300
2021-05-04,1197.128885,1197.128885,1197.128885,1197.128885,1197.128885,101591200
2021-05-05,1190.972,1190.972,1190.972,1190.972,1190.972,60162200
2021-05-06,1195.955516,1195.955516,1195.955516,1195.955516,1195.955516,74321400
2021-05-07,1196.125973,1196.125973,1196.125973,1196.125973,1196.125973,67733800
2021-05-10,1198.40644,1198.40644,1198.40644,1198.40644,1198.40644,81852400
2021-05-11,1199.425652,1199.425652,1199.425652,1199.425652,1199.425652,116888000
2021-05-12,1185.476005,1185.476005,1185.476005,1185.476005,1185.476005,134811000
2021-05-13,1176.888442,1176.888442,1176.888442,1176.888442,1176.888442,106394000
2021-05-14,1181.648239,1181.648239,1181.648239,1181.648239,1181.648239,82201600
2021-05-17,1190.027208,1190.027208,1190.027208,1190.027208,1190.027208,65129200
2021-05-18,1186.568691,1186.568691,1186.568691,1186.568691,1186.568691,59810200
2021-05-19,1187.308796,1187.308796,1187.308796,1187.308796,1187.308796,106467100
2021-05-20,1172.781353,1172.781353,1172.781353,1172.781353,1172.781353,78022200
2021-05-21,1175.405473,1175.405473,1175.405473,1175.405473,1175.405473,76578700
2021-05-24,1179.847223,1179.847223,1179.847223,1179.847223,1179.847223,51376700
2021-05-25,1186.6121,1186.6121,1186.6121,1186.6121,1186.6121,57451400
2021-05-26,1189.836319,1189.836319,1189.836319,1189.836319,1189.836319,43088600
2021-05-27,1191.56896,1191.56896,1191.56896,1191.56896,1191.56896,56707700
2021-05-28,1194.636779,1194.636779,1194.636779,1194.636779,1194.636779,58520200
2021-06-01,1199.363793,1199.363793,1199.363793,1199.363793,1199.363793,54216600
2021-06-02,1206.52747,1206.52747,1206.52747,1206.52747,1206.52747,49097100
2021-06-03,1208.479057,1208.479057,1208.479057,1208.479057,1208.479057,58138800
2021-06-04,1201.289023,1201.289023,1201.289023,1201.289023,1201.289023,55938800
2021-06-07,1206.908643,1206.908643,1206.908643,1206.908643,1206.908643,51555000
2021-06-08,1206.819583,1206.819583,1206.819583,1206.819583,1206.819583,47134300
2021-06-09,1209.389085,1209.389085,1209.389085,1209.389085,1209.389085,48436300
2021-06-10,1211.906034,1211.906034,1211.906034,1211.906034,1211.906034,51020100
2021-06-11,1215.61075,1215.61075,1215.61075,1215.61075,1215.61075,45570800
2021-06-14,1217.242643,1217.242643,1217.242643,1217.242643,1217.242643,42358500
2021-06-15,1217.526002,1217.526002,1217.526002,1217.526002,1217.526002,51508500
2021-06-16,1217.923293,1217.923293,1217.923293,1217.923293,1217.923293,80386100
2021-06-17,1218.292298,1218.292298,1218.292298,1218.292298,1218.292298,90949700
2021-06-18,1216.961897,1216.961897,1216.961897,1216.961897,1216.961897,118676300
2021-06-21,1206.76294,1206.76294,1206.76294,1206.76294,1206.76294,72822000
2021-06-22,1212.170143,1212.170143,1212.170143,1212.170143,1212.170143,57700300
2021-06-23,1212.080675,1212.080675,1212.080675,1212.080675,1212.080675,49445400
2021-06-24,1212.249118,1212.249118,1212.249118,1212.249118,1212.249118,45110300
2021-06-25,1218.757534,1218.757534,1218.757534,1218.757534,1218.757534,58129500
2021-06-28,1220.98979,1220.98979,1220.98979,1220.98979,1220.98979,53159600
2021-06-29,1222.531476,1222.531476,1222.531476,1222.531476,1222.531476,35970500
2021-06-30,1223.642967,1223.642967,1223.642967,1223.642967,1223.642967,64827900
2021-07-01,1222.180073,1222.180073,1222.180073,1222.180073,1222.180073,53441000
2021-07-02,1224.431299,1224.431299,1224.431299,1224.431299,1224.431299,57697700
2021-07-06,1227.897186,1227.897186,1227.897186,1227.897186,1227.897186,68710400
2021-07-07,1228.005521,1228.005521,1228.005521,1228.005521,1228.005521,63549500
2021-07-08,1230.01501,1230.01501,1230.01501,1230.01501,1230.01501,97595200
2021-07-09,1213.873445,1213.873445,1213.873445,1213.873445,1213.873445,76238600
2021-07-12,1218.347485,1218.347485,1218.347485,1218.347485,1218.347485,52889600
2021-07-13,1218.035037,1218.035037,1218.035037,1218.035037,1218.035037,52911300
2021-07-14,1215.633377,1215.633377,1215.633377,1215.633377,1215.633377,64130400
2021-07-15,1220.623614,1220.623614,1220.623614,1220.623614,1220.623614,55126400
2021-07-16,1216.561563,1216.561563,1216.561563,1216.561563,1216.561563,75874700
2021-07-19,1220.026693,1220.026693,1220.026693,1220.026693,1220.026693,147987000
2021-07-20,1205.399559,1205.399559,1205.399559,1205.399559,1205.399559,99608200
2021-07-21,1207.353055,1207.353055,1207.353055,1207.353055,1207.353055,64724400
2021-07-22,1210.877469,1210.877469,1210.877469,1210.877469,1210.877469,47878500
2021-07-23,1211.346592,1211.346592,1211.346592,1211.346592,1211.346592,63766600
2021-07-26,1217.016035,1217.016035,1217.016035,1217.016035,1217.016035,43719200
2021-07-27,1215.212485,1215.212485,1215.212485,1215.212485,1215.212485,67397100
2021-07-28,1212.093636,1212.093636,1212.093636,1212.093636,1212.093636,52472400
2021-07-29,1213.882592,1213.882592,1213.882592,1213.882592,1213.882592,47435300
2021-07-30,1216.560492,1216.560492,1216.560492,1216.560492,1216.560492,68951200
2021-08-02,1208.935098,1208.935098,1208.935098,1208.935098,1208.935098,58783300
2021-08-03,1213.919437,1213.919437,1213.919437,1213.919437,1213.919437,58053900
2021-08-04,1216.216949,1216.216949,1216.216949,1216.216949,1216.216949,46732200
2021-08-05,1212.379191,1212.379191,1212.379191,1212.379191,1212.379191,38969700
2021-08-06,1215.743123,1215.743123,1215.743123,1215.743123,1215.743123,46930000
2021-08-09,1216.617747,1216.617747,1216.617747,1216.617747,1216.617747,41222600
2021-08-10,1216.474633,1216.474633,1216.474633,1216.474633,1216.474633,43339300
2021-08-11,1217.73457,1217.73457,1217.73457,1217.73457,1217.73457,44034300
2021-08-12,1220.809188,1220.809188,1220.809188,1220.809188,1220.809188,38909400
2021-08-13,1220.308141,1220.308141,1220.308141,1220.308141,1220.308141,39470300
2021-08-16,1221.563166,1221.563166,1221.563166,1221.563166,1221.563166,73740000
2021-08-17,1217.694299,1217.694299,1217.694299,1217.694299,1217.694299,92673900
2021-08-18,1210.196561,1210.196561,1210.196561,1210.196561,1210.196561,89351900
2021-08-19,1207.192466,1207.192466,1207.192466,1207.192466,1207.192466,92812200
2021-08-20,1199.133817,1199.133817,1199.133817,1199.133817,1199.133817,72008700
2021-08-23,1200.08247,1200.08247,1200.08247,1200.08247,1200.08247,54973000
2021-08-24,1204.894272,1204.894272,1204.894272,1204.894272,1204.894272,38744700
2021-08-25,1206.746669,1206.746669,1206.746669,1206.746669,1206.746669,40529700
2021-08-26,1207.225202,1207.225202,1207.225202,1207.225202,1207.225202,57829600
2021-08-27,1206.358028,1206.358028,1206.358028,1206.358028,1206.358028,77235100
2021-08-30,1208.62218,1208.62218,1208.62218,1208.62218,1208.62218,48357400
2021-08-31,1210.494751,1210.494751,1210.494751,1210.494751,1210.494751,59300200
2021-09-01,1210.166288,1210.166288,1210.166288,1210.166288,1210.166288,48721400
2021-09-02,1212.785581,1212.785581,1212.785581,1212.785581,1212.785581,42501000
2021-09-03,1216.805119,1216.805119,1216.805119,1216.805119,1216.805119,47170500
2021-09-07,1213.495359,1213.495359,1213.495359,1213.495359,1213.495359,51671500
2021-09-08,1212.444045,1212.444045,1212.444045,1212.444045,1212.444045,56181900
2021-09-09,1210.852551,1210.852551,1210.852551,1210.852551,1210.852551,57970400
2021-09-10,1210.228219,1210.228219,1210.228219,1210.228219,1210.228219,89948200
2021-09-13,1215.720151,1215.720151,1215.720151,1215.720151,1215.720151,83738600
2021-09-14,1224.392612,1224.392612,1224.392612,1224.392612,1224.392612,78197100
2021-09-15,1228.553296,1228.553296,1228.553296,1228.553296,1228.553296,78792200
2021-09-16,1229.736544,1229.736544,1229.736544,1229.736544,1229.736544,77786700
2021-09-17,1228.137516,1228.137516,1228.137516,1228.137516,1228.137516,118425000
2021-09-20,1225.811593,1225.811593,1225.811593,1225.811593,1225.811593,166445500
2021-09-21,1207.644582,1207.644582,1207.644582,1207.644582,1207.644582,92526100
2021-09-22,1214.511647,1214.511647,1214.511647,1214.511647,1214.511647,102350100
2021-09-23,1221.228363,1221.228363,1221.228363,1221.228363,1221.228363,76396000
2021-09-24,1226.717408,1226.717408,1226.717408,1226.717408,1226.717408,62094800
2021-09-27,1221.840405,1221.840405,1221.840405,1221.840405,1221.840405,61371100
2021-09-28,1218.751721,1218.751721,1218.751721,1218.751721,1218.751721,130436300
2021-09-29,1210.568499,1210.568499,1210.568499,1210.568499,1210.568499,82329200
2021-09-30,1214.610826,1214.610826,1214.610826,1214.610826,1214.610826,140506000
2021-10-01,1218.93916,1218.93916,1218.93916,1218.93916,1218.93916,129240100
2021-10-04,1224.104368,1224.104368,1224.104368,1224.104368,1224.104368,128570000
2021-10-05,1220.54783,1220.54783,1220.54783,1220.54783,1220.54783,90682500
2021-10-06,1225.042534,1225.042534,1225.042534,1225.042534,1225.042534,113032200
2021-10-07,1214.148127,1214.148127,1214.148127,1214.148127,1214.148127,72437500
2021-10-08,1223.830658,1223.830658,1223.830658,1223.830658,1223.830658,74557400
2021-10-11,1226.056797,1226.056797,1226.056797,1226.056797,1226.056797,65233300
2021-10-12,1224.035726,1224.035726,1224.035726,1224.035726,1224.035726,71181200
2021-10-13,1226.733826,1226.733826,1226.733826,1226.733826,1226.733826,72974000
2021-10-14,1229.756018,1229.756018,1229.756018,1229.756018,1229.756018,70236800
2021-10-15,1240.714775,1240.714775,1240.714775,1240.714775,1240.714775,66260200
2021-10-18,1246.961156,1246.961156,1246.961156,1246.961156,1246.961156,62213200
2021-10-19,1241.585462,1241.585462,1241.585462,1241.585462,1241.585462,46996800
2021-10-20,1246.326325,1246.326325,1246.326325,1246.326325,1246.326325,49571600
2021-10-21,1247.619136,1247.619136,1247.619136,1247.619136,1247.619136,41305400
2021-10-22,1245.792204,1245.792204,1245.792204,1245.792204,1245.792204,58845100
2021-10-25,1244.46624,1244.46624,1244.46624,1244.46624,1244.46624,45214500
2021-10-26,1247.589935,1247.589935,1247.589935,1247.589935,1247.589935,56075100
2021-10-27,1252.046017,1252.046017,1252.046017,1252.046017,1252.046017,72438000
2021-10-28,1253.328873,1253.328873,1253.328873,1253.328873,1253.328873,51437900
2021-10-29,1257.462726,1257.462726,1257.462726,1257.462726,1257.462726,70162400
2021-11-01,1250.678019,1250.678019,1250.678019,1250.678019,1250.678019,48433600
2021-11-02,1253.475034,1253.475034,1253.475034,1253.475034,1253.475034,48908400
2021-11-03,1253.902834,1253.902834,1253.902834,1253.902834,1253.902834,52509800
2021-11-04,1252.211415,1252.211415,1252.211415,1252.211415,1252.211415,52847100
2021-11-05,1253.873234,1253.873234,1253.873234,1253.873234,1253.873234,66390600
2021-11-08,1260.174638,1260.174638,1260.174638,1260.174638,1260.174638,50405200
2021-11-09,1263.258488,1263.258488,1263.258488,1263.258488,1263.258488,51149100
2021-11-10,1264.245666,1264.245666,1264.245666,1264.245666,1264.245666,69429700
2021-11-11,1259.313965,1259.313965,1259.313965,1259.313965,1259.313965,34848500
2021-11-12,1263.569805,1263.569805,1263.569805,1263.569805,1263.569805,53466700
2021-11-15,1267.184346,1267.184346,1267.184346,1267.184346,1267.184346,46980500
2021-11-16,1270.836031,1270.836031,1270.836031,1270.836031,1270.836031,48857500
2021-11-17,1270.011542,1270.011542,1270.011542,1270.011542,1270.011542,47858300
2021-11-18,1269.190006,1269.190006,1269.190006,1269.190006,1269.190006,50625600
2021-11-19,1272.108576,1272.108576,1272.108576,1272.108576,1272.108576,57315600
2021-11-22,1271.72002,1271.72002,1271.72002,1271.72002,1271.72002,72762000
2021-11-23,1277.080737,1277.080737,1277.080737,1277.080737,1277.080737,73206500
2021-11-24,1276.061182,1276.061182,1276.061182,1276.061182,1276.061182,61858800
2021-11-26,1270.192221,1270.192221,1270.192221,1270.192221,1270.192221,112669600
2021-11-29,1250.918581,1250.918581,1250.918581,1250.918581,1250.918581,86268800
2021-11-30,1264.755552,1264.755552,1264.755552,1264.755552,1264.755552,148559600
2021-12-01,1257.614624,1257.614624,1257.614624,1257.614624,1257.614624,131939200
2021-12-02,1274.335541,1274.335541,1274.335541,1274.335541,1274.335541,127637800
2021-12-03,1274.922357,1274.922357,1274.922357,1274.922357,1274.922357,137331600
2021-12-06,1279.791772,1279.791772,1279.791772,1279.791772,1279.791772,98977500
2021-12-07,1287.37662,1287.37662,1287.37662,1287.37662,1287.37662,95484700
2021-12-08,1303.081144,1303.081144,1303.081144,1303.081144,1303.081144,72238800
2021-12-09,1304.184502,1304.184502,1304.184502,1304.184502,1304.184502,61272600
2021-12-10,1300.314247,1300.314247,1300.314247,1300.314247,1300.314247,77159800
2021-12-13,1308.279154,1308.279154,1308.279154,1308.279154,1308.279154,87724700
2021-12-14,1306.685247,1306.685247,1306.685247,1306.685247,1306.685247,97264100
2021-12-15,1296.874172,1296.874172,1296.874172,1296.874172,1296.874172,116899300
2021-12-16,1296.977237,1296.977237,1296.977237,1296.977237,1296.977237,116568600
2021-12-17,1302.341582,1302.341582,1302.341582,1302.341582,1302.341582,135511600
2021-12-20,1293.1234,1293.1234,1293.1234,1293.1234,1293.1234,107134800
2021-12-21,1277.90317,1277.90317,1277.90317,1277.90317,1277.90317,69806300
2021-12-22,1288.034273,1288.034273,1288.034273,1288.034273,1288.034273,58890200
2021-12-23,1287.218723,1287.218723,1287.218723,1287.218723,1287.218723,56439700
2021-12-27,1290.071719,1290.071719,1290.071719,1290.071719,1290.071719,56808600
2021-12-28,1294.009303,1294.009303,1294.009303,1294.009303,1294.009303,47274600
2021-12-29,1295.19192,1295.19192,1295.19192,1295.19192,1295.19192,54503000
2021-12-30,1295.425734,1295.425734,1295.425734,1295.425734,1295.425734,55329000
2021-12-31,1296.581811,1296.581811,1296.581811,1296.581811,1296.581811,65237400
2022-01-03,1295.101103,1295.101103,1295.101103,1295.101103,1295.101103,72668200
2022-01-04,1298.690231,1298.690231,1298.690231,1298.690231,1298.690231,71178700
2022-01-05,1302.729985,1302.729985,1302.729985,1302.729985,1302.729985,104538900
2022-01-06,1301.60079,1301.60079,1301.60079,1301.60079,1301.60079,86858900
2022-01-07,1300.174405,1300.174405,1300.174405,1300.174405,1300.174405,85111600
2022-01-10,1300.136885,1300.136885,1300.136885,1300.136885,1300.136885,119362000
2022-01-11,1290.616491,1290.616491,1290.616491,1290.616491,1290.616491,74303100
2022-01-12,1289.775421,1289.775421,1289.775421,1289.775421,1289.775421,67605400
2022-01-13,1294.762796,1294.762796,1294.762796,1294.762796,1294.762796,91173100
2022-01-14,1297.914243,1297.914243,1297.914243,1297.914243,1297.914243,95890900
2022-01-18,1288.517509,1288.517509,1288.517509,1288.517509,1288.517509,109709100
2022-01-19,1274.645744,1274.645744,1274.645744,1274.645744,1274.645744,109357600
2022-01-20,1279.161283,1279.161283,1279.161283,1279.161283,1279.161283,122379700
2022-01-21,1284.75986,1284.75986,1284.75986,1284.75986,1284.75986,202271200
2022-01-24,1281.274094,1281.274094,1281.274094,1281.274094,1281.274094,251783900
2022-01-25,1263.804335,1263.804335,1263.804335,1263.804335,1263.804335,167997300
2022-01-26,1244.261065,1244.261065,1244.261065,1244.261065,1244.261065,186391100
2022-01-27,1262.097084,1262.097084,1262.097084,1262.097084,1262.097084,149878300
2022-01-28,1276.245103,1276.245103,1276.245103,1276.245103,1276.245103,164457400
2022-01-31,1280.442588,1280.442588,1280.442588,1280.442588,1280.442588,152251400
2022-02-01,1278.321568,1278.321568,1278.321568,1278.321568,1278.321568,123155400
2022-02-02,1280.445048,1280.445048,1280.445048,1280.445048,1280.445048,117361000
2022-02-03,1287.589734,1287.589734,1287.589734,1287.589734,1287.589734,118024400
2022-02-04,1269.508107,1269.508107,1269.508107,1269.508107,1269.508107,118454400
2022-02-07,1268.733925,1268.733925,1268.733925,1268.733925,1268.733925,84472900
2022-02-08,1270.960782,1270.960782,1270.960782,1270.960782,1270.960782,81012000
2022-02-09,1269.390983,1269.390983,1269.390983,1269.390983,1269.390983,92589900
2022-02-10,1281.375166,1281.375166,1281.375166,1281.375166,1281.375166,140103700
2022-02-11,1263.948264,1263.948264,1263.948264,1263.948264,1263.948264,153214600
2022-02-14,1264.138353,1264.138353,1264.138353,1264.138353,1264.138353,123006300
2022-02-15,1262.525168,1262.525168,1262.525168,1262.525168,1262.525168,88482700
2022-02-16,1276.006577,1276.006577,1276.006577,1276.006577,1276.006577,84863600
2022-02-17,1269.736229,1269.736229,1269.736229,1269.736229,1269.736229,102259100
2022-02-18,1260.06339,1260.06339,1260.06339,1260.06339,1260.06339,132642900
2022-02-22,1260.778773,1260.778773,1260.778773,1260.778773,1260.778773,124391800
2022-02-23,1253.921875,1253.921875,1253.921875,1253.921875,1253.921875,132578000
2022-02-24,1262.878498,1262.878498,1262.878498,1262.878498,1262.878498,213942900
2022-02-25,1230.103852,1230.103852,1230.103852,1230.103852,1230.103852,121804500
2022-02-28,1233.804606,1233.804606,1233.804606,1233.804606,1233.804606,145615000
2022-03-01,1217.621907,1217.621907,1217.621907,1217.621907,1217.621907,137785900
2022-03-02,1213.127281,1213.127281,1213.127281,1213.127281,1213.127281,117726500
2022-03-03,1219.809124,1219.809124,1219.809124,1219.809124,1219.809124,105501700
2022-03-04,1226.935065,1226.935065,1226.935065,1226.935065,1226.935065,113978200
2022-03-07,1215.722999,1215.722999,1215.722999,1215.722999,1215.722999,137896600
2022-03-08,1213.918227,1213.918227,1213.918227,1213.918227,1213.918227,164772700
2022-03-09,1214.407474,1214.407474,1214.407474,1214.407474,1214.407474,116990800
2022-03-10,1240.281812,1240.281812,1240.281812,1240.281812,1240.281812,93972700
2022-03-11,1226.030663,1226.030663,1226.030663,1226.030663,1226.030663,95636300
2022-03-14,1233.576119,1233.576119,1233.576119,1233.576119,1233.576119,95729200
2022-03-15,1235.922397,1235.922397,1235.922397,1235.922397,1235.922397,106219100
2022-03-16,1244.069945,1244.069945,1244.069945,1244.069945,1244.069945,144954800
2022-03-17,1254.866618,1254.866618,1254.866618,1254.866618,1254.866618,102676900
2022-03-18,1248.95643,1248.95643,1248.95643,1248.95643,1248.95643,106345500
2022-03-21,1244.054266,1244.054266,1244.054266,1244.054266,1244.054266,88349800
2022-03-22,1243.488034,1243.488034,1243.488034,1243.488034,1243.488034,74650400
2022-03-23,1247.539056,1247.539056,1247.539056,1247.539056,1247.539056,79426100
2022-03-24,1240.040328,1240.040328,1240.040328,1240.040328,1240.040328,64736900
2022-03-25,1245.957775,1245.957775,1245.957775,1245.957775,1245.957775,77101300
2022-03-28,1247.748304,1247.748304,1247.748304,1247.748304,1247.748304,68529800
2022-03-29,1245.949618,1245.949618,1245.949618,1245.949618,1245.949618,86581500
2022-03-30,1257.118715,1257.118715,1257.118715,1257.118715,1257.118715,79666900
2022-03-31,1253.760504,1253.760504,1253.760504,1253.760504,1253.760504,121699900
2022-04-01,1251.484036,1251.484036,1251.484036,1251.484036,1251.484036,89048800
2022-04-04,1256.048709,1256.048709,1256.048709,1256.048709,1256.048709,59601000
2022-04-05,1256.568233,1256.568233,1256.568233,1256.568233,1256.568233,74214500
2022-04-06,1252.159552,1252.159552,1252.159552,1252.159552,1252.159552,106898000
2022-04-07,1240.604043,1240.604043,1240.604043,1240.604043,1240.604043,78097200
2022-04-08,1237.958112,1237.958112,1237.958112,1237.958112,1237.958112,79272700
2022-04-11,1235.689217,1235.689217,1235.689217,1235.689217,1235.689217,89770500
2022-04-12,1226.07552,1226.07552,1226.07552,1226.07552,1226.07552,84363600
2022-04-13,1234.82042,1234.82042,1234.82042,1234.82042,1234.82042,74070400
2022-04-14,1234.026536,1234.026536,1234.026536,1234.026536,1234.026536,97869500
2022-04-18,1234.632908,1234.632908,1234.632908,1234.632908,1234.632908,66002500
2022-04-19,1231.807594,1231.807594,1231.807594,1231.807594,1231.807594,77821000
2022-04-20,1231.436449,1231.436449,1231.436449,1231.436449,1231.436449,65224400
2022-04-21,1236.576823,1236.576823,1236.576823,1236.576823,1236.576823,85417300
2022-04-22,1247.164152,1247.164152,1247.164152,1247.164152,1247.164152,132471800
2022-04-25,1243.828144,1243.828144,1243.828144,1243.828144,1243.828144,119647700
2022-04-26,1236.846783,1236.846783,1236.846783,1236.846783,1236.846783,103996300
2022-04-27,1229.049744,1229.049744,1229.049744,1229.049744,1229.049744,122030000
2022-04-28,1232.355397,1232.355397,1232.355397,1232.355397,1232.355397,105449100
2022-04-29,1247.119001,1247.119001,1247.119001,1247.119001,1247.119001,145491100
2022-05-02,1234.755578,1234.755578,1234.755578,1234.755578,1234.755578,158312500
2022-05-03,1234.903528,1234.903528,1234.903528,1234.903528,1234.903528,100028200
2022-05-04,1236.420788,1236.420788,1236.420788,1236.420788,1236.420788,144247900
2022-05-05,1238.437423,1238.437423,1238.437423,1238.437423,1238.437423,172929100
2022-05-06,1225.358478,1225.358478,1225.358478,1225.358478,1225.358478,151770800
2022-05-09,1217.272831,1217.272831,1217.272831,1217.272831,1217.272831,155586100
2022-05-10,1198.747263,1198.747263,1198.747263,1198.747263,1198.747263,132497200
2022-05-11,1217.713518,1217.713518,1217.713518,1217.713518,1217.713518,142361000
2022-05-12,1214.540407,1214.540407,1214.540407,1214.540407,1214.540407,125090800
2022-05-13,1204.027807,1204.027807,1204.027807,1204.027807,1204.027807,104174400
2022-05-16,1217.377953,1217.377953,1217.377953,1217.377953,1217.377953,78622400
2022-05-17,1212.044308,1212.044308,1212.044308,1212.044308,1212.044308,83029700
2022-05-18,1231.492188,1231.492188,1231.492188,1231.492188,1231.492188,117674500
2022-05-19,1216.894365,1216.894365,1216.894365,1216.894365,1216.894365,98510700
2022-05-20,1206.772495,1206.772495,1206.772495,1206.772495,1206.772495,131432200
2022-05-23,1218.455338,1218.455338,1218.455338,1218.455338,1218.455338,76414900
2022-05-24,1228.400628,1228.400628,1228.400628,1228.400628,1228.400628,91448800
2022-05-25,1214.846551,1214.846551,1214.846551,1214.846551,1214.846551,91472900
2022-05-26,1209.913067,1209.913067,1209.913067,1209.913067,1209.913067,82168300
2022-05-27,1213.810592,1213.810592,1213.810592,1213.810592,1213.810592,84768700
2022-05-31,1221.535822,1221.535822,1221.535822,1221.535822,1221.535822,95937000
2022-06-01,1216.444995,1216.444995,1216.444995,1216.444995,1216.444995,86585800
2022-06-02,1222.982418,1222.982418,1222.982418,1222.982418,1222.982418,79609600
2022-06-03,1222.413794,1222.413794,1222.413794,1222.413794,1222.413794,71874300
2022-06-06,1207.739206,1207.739206,1207.739206,1207.739206,1207.739206,57508900
2022-06-07,1220.151549,1220.151549,1220.151549,1220.151549,1220.151549,59272400
2022-06-08,1209.157222,1209.157222,1209.157222,1209.157222,1209.157222,64350000
2022-06-09,1203.832946,1203.832946,1203.832946,1203.832946,1203.832946,86289800
2022-06-10,1198.269002,1198.269002,1198.269002,1198.269002,1198.269002,132893900
2022-06-13,1178.629012,1178.629012,1178.629012,1178.629012,1178.629012,170004900
2022-06-14,1148.486204,1148.486204,1148.486204,1148.486204,1148.486204,104011800
2022-06-15,1154.094171,1154.094171,1154.094171,1154.094171,1154.094171,125666800
2022-06-16,1164.809233,1164.809233,1164.809233,1164.809233,1164.809233,134473300
2022-06-17,1138.05884,1138.05884,1138.05884,1138.05884,1138.05884,111113900
2022-06-21,1139.364437,1139.364437,1139.364437,1139.364437,1139.364437,76811900
2022-06-22,1158.085086,1158.085086,1158.085086,1158.085086,1158.085086,90059400
2022-06-23,1144.288098,1144.288098,1144.288098,1144.288098,1144.288098,79292100
2022-06-24,1151.107247,1151.107247,1151.107247,1151.107247,1151.107247,98050300
2022-06-27,1161.218443,1161.218443,1161.218443,1161.218443,1161.218443,66009600
2022-06-28,1164.048118,1164.048118,1164.048118,1164.048118,1164.048118,86548900
2022-06-29,1168.902015,1168.902015,1168.902015,1168.902015,1168.902015,65676000
2022-06-30,1170.624726,1170.624726,1170.624726,1170.624726,1170.624726,112508300
2022-07-01,1157.947596,1157.947596,1157.947596,1157.947596,1157.947596,74839700
2022-07-05,1155.772216,1155.772216,1155.772216,1155.772216,1155.772216,81438000
2022-07-06,1139.465473,1139.465473,1139.465473,1139.465473,1139.465473,70426200
2022-07-07,1139.856222,1139.856222,1139.856222,1139.856222,1139.856222,64525900
2022-07-08,1145.360499,1145.360499,1145.360499,1145.360499,1145.360499,72397800
2022-07-11,1140.239141,1140.239141,1140.239141,1140.239141,1140.239141,58366900
2022-07-12,1131.909715,1131.909715,1131.909715,1131.909715,1131.909715,62219200
2022-07-13,1130.144342,1130.144342,1130.144342,1130.144342,1130.144342,84224600
2022-07-14,1113.084558,1113.084558,1113.084558,1113.084558,1113.084558,89704800
2022-07-15,1097.692138,1097.692138,1097.692138,1097.692138,1097.692138,79060400
2022-07-18,1111.113868,1111.113868,1111.113868,1111.113868,1111.113868,63203600
2022-07-19,1120.434466,1120.434466,1120.434466,1120.434466,1120.434466,78506000
2022-07-20,1132.492938,1132.492938,1132.492938,1132.492938,1132.492938,71843800
2022-07-21,1133.013694,1133.013694,1133.013694,1133.013694,1133.013694,64903900
2022-07-22,1131.205989,1131.205989,1131.205989,1131.205989,1131.205989,72197300
2022-07-25,1131.518772,1131.518772,1131.518772,1131.518772,1131.518772,53631500
2022-07-26,1133.352004,1133.352004,1133.352004,1133.352004,1133.352004,52946400
2022-07-27,1128.338826,1128.338826,1128.338826,1128.338826,1128.338826,82342100
2022-07-28,1138.298735,1138.298735,1138.298735,1138.298735,1138.298735,73966600
2022-07-29,1140.654208,1140.654208,1140.654208,1140.654208,1140.654208,87003700
2022-08-01,1144.838325,1144.838325,1144.838325,1144.838325,1144.838325,69997500
2022-08-02,1136.889862,1136.889862,1136.889862,1136.889862,1136.889862,63435400
2022-08-03,1132.266713,1132.266713,1132.266713,1132.266713,1132.266713,67820600
2022-08-04,1138.425226,1138.425226,1138.425226,1138.425226,1138.425226,45656600
2022-08-05,1138.14833,1138.14833,1138.14833,1138.14833,1138.14833,56814900
2022-08-08,1125.698587,1125.698587,1125.698587,1125.698587,1125.698587,53886100
2022-08-09,1130.487939,1130.487939,1130.487939,1130.487939,1130.487939,44931800
2022-08-10,1128.324032,1128.324032,1128.324032,1128.324032,1128.324032,68665700
2022-08-11,1148.646858,1148.646858,1148.646858,1148.646858,1148.646858,59489700
2022-08-12,1156.793832,1156.793832,1156.793832,1156.793832,1156.793832,61694500
2022-08-15,1162.354828,1162.354828,1162.354828,1162.354828,1162.354828,54048300
2022-08-16,1155.955812,1155.955812,1155.955812,1155.955812,1155.955812,59289000
2022-08-17,1152.852199,1152.852199,1152.852199,1152.852199,1152.852199,63563400
2022-08-18,1142.626937,1142.626937,1142.626937,1142.626937,1142.626937,49023200
2022-08-19,1143.132411,1143.132411,1143.132411,1143.132411,1143.132411,68016900
2022-08-22,1135.301236,1135.301236,1135.301236,1135.301236,1135.301236,77695600
2022-08-23,1121.555881,1121.555881,1121.555881,1121.555881,1121.555881,49105200
2022-08-24,1120.27892,1120.27892,1120.27892,1120.27892,1120.27892,49177800
2022-08-25,1119.570751,1119.570751,1119.570751,1119.570751,1119.570751,50942300
2022-08-26,1123.76381,1123.76381,1123.76381,1123.76381,1123.76381,103087000
2022-08-29,1123.386343,1123.386343,1123.386343,1123.386343,1123.386343,65370800
2022-08-30,1114.710483,1114.710483,1114.710483,1114.710483,1114.710483,85652400
2022-08-31,1118.032245,1118.032245,1118.032245,1118.032245,1118.032245,76029700
2022-09-01,1122.805537,1122.805537,1122.805537,1122.805537,1122.805537,78740100
2022-09-02,1116.243197,1116.243197,1116.243197,1116.243197,1116.243197,99632100
2022-09-06,1127.055572,1127.055572,1127.055572,1127.055572,1127.055572,76637400
2022-09-07,1129.556464,1129.556464,1129.556464,1129.556464,1129.556464,70964200
2022-09-08,1128.546436,1128.546436,1128.546436,1128.546436,1128.546436,80821700
2022-09-09,1121.709382,1121.709382,1121.709382,1121.709382,1121.709382,76706900
2022-09-12,1128.264894,1128.264894,1128.264894,1128.264894,1128.264894,69256300
2022-09-13,1134.257388,1134.257388,1134.257388,1134.257388,1134.257388,122947100
2022-09-14,1108.976031,1108.976031,1108.976031,1108.976031,1108.976031,85023700
2022-09-15,1112.785364,1112.785364,1112.785364,1112.785364,1112.785364,87633800
2022-09-16,1108.104738,1108.104738,1108.104738,1108.104738,1108.104738,103084800
2022-09-19,1095.546623,1095.546623,1095.546623,1095.546623,1095.546623,73278500
2022-09-20,1086.11549,1086.11549,1086.11549,1086.11549,1086.11549,77274900
2022-09-21,1076.306021,1076.306021,1076.306021,1076.306021,1076.306021,106746600
2022-09-22,1081.912559,1081.912559,1081.912559,1081.912559,1081.912559,89472600
2022-09-23,1079.53629,1079.53629,1079.53629,1079.53629,1079.53629,122346900
2022-09-26,1068.982506,1068.982506,1068.982506,1068.982506,1068.982506,92581200
2022-09-27,1064.454908,1064.454908,1064.454908,1064.454908,1064.454908,108294100
2022-09-28,1075.241431,1075.241431,1075.241431,1075.241431,1075.241431,110802200
2022-09-29,1078.146628,1078.146628,1078.146628,1078.146628,1078.146628,112952300
2022-09-30,1067.268823,1067.268823,1067.268823,1067.268823,1067.268823,153711200
2022-10-03,1064.303099,1064.303099,1064.303099,1064.303099,1064.303099,89756500
2022-10-04,1075.8706,1075.8706,1075.8706,1075.8706,1075.8706,103602800
2022-10-05,1092.807254,1092.807254,1092.807254,1092.807254,1092.807254,88065700
2022-10-06,1079.51132,1079.51132,1079.51132,1079.51132,1079.51132,82333500
2022-10-07,1075.249484,1075.249484,1075.249484,1075.249484,1075.249484,107789500
2022-10-10,1063.008943,1063.008943,1063.008943,1063.008943,1063.008943,76042800
2022-10-11,1066.383591,1066.383591,1066.383591,1066.383591,1066.383591,92482800
2022-10-12,1061.058258,1061.058258,1061.058258,1061.058258,1061.058258,76991800
2022-10-13,1062.280646,1062.280646,1062.280646,1062.280646,1062.280646,147254500
2022-10-14,1040.331269,1040.331269,1040.331269,1040.331269,1040.331269,123737000
2022-10-17,1047.612731,1047.612731,1047.612731,1047.612731,1047.612731,93168200
2022-10-18,1066.248595,1066.248595,1066.248595,1066.248595,1066.248595,97162900
2022-10-19,1090.348998,1090.348998,1090.348998,1090.348998,1090.348998,79746900
2022-10-20,1084.007865,1084.007865,1084.007865,1084.007865,1084.007865,88283100
2022-10-21,1082.571156,1082.571156,1082.571156,1082.571156,1082.571156,131038400
2022-10-24,1081.657904,1081.657904,1081.657904,1081.657904,1081.657904,85436900
2022-10-25,1086.227403,1086.227403,1086.227403,1086.227403,1086.227403,78846300
2022-10-26,1085.943533,1085.943533,1085.943533,1085.943533,1085.943533,104087300
2022-10-27,1076.579555,1076.579555,1076.579555,1076.579555,1076.579555,81971800
2022-10-28,1079.484902,1079.484902,1079.484902,1079.484902,1079.484902,100302000
2022-10-31,1079.118468,1079.118468,1079.118468,1079.118468,1079.118468,96631300
2022-11-01,1071.907797,1071.907797,1071.907797,1071.907797,1071.907797,85407600
2022-11-02,1082.761377,1082.761377,1082.761377,1082.761377,1082.761377,126990400
2022-11-03,1080.961473,1080.961473,1080.961473,1080.961473,1080.961473,87100100
2022-11-04,1071.104099,1071.104099,1071.104099,1071.104099,1071.104099,103505200
2022-11-07,1088.342526,1088.342526,1088.342526,1088.342526,1088.342526,68286900
2022-11-08,1092.220726,1092.220726,1092.220726,1092.220726,1092.220726,84641100
2022-11-09,1095.500484,1095.500484,1095.500484,1095.500484,1095.500484,78495500
2022-11-10,1089.50956,1089.50956,1089.50956,1089.50956,1089.50956,141455800
2022-11-11,1129.989771,1129.989771,1129.989771,1129.989771,1129.989771,93839900
2022-11-14,1132.510047,1132.510047,1132.510047,1132.510047,1132.510047,71903500
2022-11-15,1127.196082,1127.196082,1127.196082,1127.196082,1127.196082,93194500
2022-11-16,1144.341483,1144.341483,1144.341483,1144.341483,1144.341483,68508500
2022-11-17,1139.373649,1139.373649,1139.373649,1139.373649,1139.373649,74496300
2022-11-18,1124.940154,1124.940154,1124.940154,1124.940154,1124.940154,92922500
2022-11-21,1134.87031,1134.87031,1134.87031,1134.87031,1134.87031,51243200
2022-11-22,1130.830891,1130.830891,1130.830891,1130.830891,1130.830891,60429000
2022-11-23,1136.620281,1136.620281,1136.620281,1136.620281,1136.620281,68261600
2022-11-25,1135.5688,1135.5688,1135.5688,1135.5688,1135.5688,30545400
2022-11-28,1133.847104,1133.847104,1133.847104,1133.847104,1133.847104,67881600
2022-11-29,1124.659718,1124.659718,1124.659718,1124.659718,1124.659718,52310000
2022-11-30,1125.00156,1125.00156,1125.00156,1125.00156,1125.00156,144566700
2022-12-01,1125.685127,1125.685127,1125.685127,1125.685127,1125.685127,76398200
2022-12-02,1128.638235,1128.638235,1128.638235,1128.638235,1128.638235,85342700
2022-12-05,1114.3701,1114.3701,1114.3701,1114.3701,1114.3701,77289800
2022-12-06,1106.208404,1106.208404,1106.208404,1106.208404,1106.208404,77972200
2022-12-07,1105.682625,1105.682625,1105.682625,1105.682625,1105.682625,65927900
2022-12-08,1103.128823,1103.128823,1103.128823,1103.128823,1103.128823,60737900
2022-12-09,1108.62892,1108.62892,1108.62892,1108.62892,1108.62892,81447700
2022-12-12,1104.93634,1104.93634,1104.93634,1104.93634,1104.93634,75405800
2022-12-13,1107.212951,1107.212951,1107.212951,1107.212951,1107.212951,123782500
2022-12-14,1138.43363,1138.43363,1138.43363,1138.43363,1138.43363,108111300
2022-12-15,1137.357069,1137.357069,1137.357069,1137.357069,1137.357069,117705900
2022-12-16,1122.778182,1122.778182,1122.778182,1122.778182,1122.778182,119858000
2022-12-19,1114.995879,1114.995879,1114.995879,1114.995879,1114.995879,79878100
2022-12-20,1115.521926,1115.521926,1115.521926,1115.521926,1115.521926,74427200
2022-12-21,1113.147229,1113.147229,1113.147229,1113.147229,1113.147229,78167400
2022-12-22,1121.01845,1121.01845,1121.01845,1121.01845,1121.01845,100120900
2022-12-23,1111.732945,1111.732945,1111.732945,1111.732945,1111.732945,59857300
2022-12-27,1108.553203,1108.553203,1108.553203,1108.553203,1108.553203,51638200
2022-12-28,1108.150194,1108.150194,1108.150194,1108.150194,1108.150194,70911500
2022-12-29,1107.891448,1107.891448,1107.891448,1107.891448,1107.891448,66970900
2022-12-30,1116.571366,1116.571366,1116.571366,1116.571366,1116.571366,84022200
2023-01-03,1108.362526,1108.362526,1108.362526,1108.362526,1108.362526,74850700
2023-01-04,1113.92922,1113.92922,1113.92922,1113.92922,1113.92922,85934100
2023-01-05,1120.776429,1120.776429,1120.776429,1120.776429,1120.776429,76970500
2023-01-06,1114.762794,1114.762794,1114.762794,1114.762794,1114.762794,104189600
2023-01-09,1124.197554,1124.197554,1124.197554,1124.197554,1124.197554,73978100
2023-01-10,1130.774608,1130.774608,1130.774608,1130.774608,1130.774608,65358100
2023-01-11,1128.939995,1128.939995,1128.939995,1128.939995,1128.939995,68881100
2023-01-12,1133.652357,1133.652357,1133.652357,1133.652357,1133.652357,90157700
2023-01-13,1136.891962,1136.891962,1136.891962,1136.891962,1136.891962,63903900
2023-01-17,1127.269779,1127.269779,1127.269779,1127.269779,1127.269779,62677300
2023-01-18,1127.156589,1127.156589,1127.156589,1127.156589,1127.156589,99632300
2023-01-19,1130.614234,1130.614234,1130.614234,1130.614234,1130.614234,86958900
2023-01-20,1124.406391,1124.406391,1124.406391,1124.406391,1124.406391,91806400
2023-01-23,1128.574092,1128.574092,1128.574092,1128.574092,1128.574092,84178800
2023-01-24,1130.911996,1130.911996,1130.911996,1130.911996,1130.911996,59524900
2023-01-25,1125.915912,1125.915912,1125.915912,1125.915912,1125.915912,84800300
2023-01-26,1113.903256,1113.903256,1113.903256,1113.903256,1113.903256,72287400
2023-01-27,1121.582008,1121.582008,1121.582008,1121.582008,1121.582008,68346200
2023-01-30,1118.505778,1118.505778,1118.505778,1118.505778,1118.505778,74202000
2023-01-31,1110.509984,1110.509984,1110.509984,1110.509984,1110.509984,86811800
2023-02-01,1111.951294,1111.951294,1111.951294,1111.951294,1111.951294,101459200
2023-02-02,1108.421381,1108.421381,1108.421381,1108.421381,1108.421381,101654500
2023-02-03,1119.320171,1119.320171,1119.320171,1119.320171,1119.320171,94736800
2023-02-06,1105.326426,1105.326426,1105.326426,1105.326426,1105.326426,60295300
2023-02-07,1098.409237,1098.409237,1098.409237,1098.409237,1098.409237,90990700
2023-02-08,1095.781645,1095.781645,1095.781645,1095.781645,1095.781645,76227500
2023-02-09,1090.290524,1090.290524,1090.290524,1090.290524,1090.290524,78694900
2023-02-10,1100.218206,1100.218206,1100.218206,1100.218206,1100.218206,70769700
2023-02-13,1096.839184,1096.839184,1096.839184,1096.839184,1096.839184,64913500
2023-02-14,1098.611799,1098.611799,1098.611799,1098.611799,1098.611799,88389300
2023-02-15,1094.326301,1094.326301,1094.326301,1094.326301,1094.326301,61555700
2023-02-16,1088.198543,1088.198543,1088.198543,1088.198543,1088.198543,76431500
2023-02-17,1074.502379,1074.502379,1074.502379,1074.502379,1074.502379,89257800
2023-02-21,1068.606419,1068.606419,1068.606419,1068.606419,1068.606419,82655900
2023-02-22,1057.533257,1057.533257,1057.533257,1057.533257,1057.533257,83742300
2023-02-23,1058.619489,1058.619489,1058.619489,1058.619489,1058.619489,96242400
2023-02-24,1066.588265,1066.588265,1066.588265,1066.588265,1066.588265,108194400
2023-02-27,1052.586254,1052.586254,1052.586254,1052.586254,1052.586254,80444700
2023-02-28,1061.800993,1061.800993,1061.800993,1061.800993,1061.800993,96438600
2023-03-01,1060.412837,1060.412837,1060.412837,1060.412837,1060.412837,99706800
2023-03-02,1058.085283,1058.085283,1058.085283,1058.085283,1058.085283,85127800
2023-03-03,1052.510948,1052.510948,1052.510948,1052.510948,1052.510948,90120000
2023-03-06,1057.484876,1057.484876,1057.484876,1057.484876,1057.484876,72795900
2023-03-07,1059.682375,1059.682375,1059.682375,1059.682375,1059.682375,108310600
2023-03-08,1059.498238,1059.498238,1059.498238,1059.498238,1059.498238,74746600
2023-03-09,1059.764423,1059.764423,1059.764423,1059.764423,1059.764423,111945300
2023-03-10,1061.88948,1061.88948,1061.88948,1061.88948,1061.88948,189253000
2023-03-13,1060.290764,1060.290764,1060.290764,1060.290764,1060.290764,157790000
2023-03-14,1048.973533,1048.973533,1048.973533,1048.973533,1048.973533,149752400
2023-03-15,1062.911805,1062.911805,1062.911805,1062.911805,1062.911805,172996900
2023-03-16,1047.013463,1047.013463,1047.013463,1047.013463,1047.013463,143254200
2023-03-17,1040.344889,1040.344889,1040.344889,1040.344889,1040.344889,140553400
2023-03-20,1036.644155,1036.644155,1036.644155,1036.644155,1036.644155,93055800
2023-03-21,1038.745372,1038.745372,1038.745372,1038.745372,1038.745372,91524200
2023-03-22,1047.926672,1047.926672,1047.926672,1047.926672,1047.926672,111746600
2023-03-23,1047.401072,1047.401072,1047.401072,1047.401072,1047.401072,119351300
2023-03-24,1055.308951,1055.308951,1055.308951,1055.308951,1055.308951,107682400
2023-03-27,1051.686312,1051.686312,1051.686312,1051.686312,1051.686312,74010400
2023-03-28,1057.931637,1057.931637,1057.931637,1057.931637,1057.931637,62871700
2023-03-29,1055.957845,1055.957845,1055.957845,1055.957845,1055.957845,77497900
2023-03-30,1067.462233,1067.462233,1067.462233,1067.462233,1067.462233,69840000
2023-03-31,1074.695993,1074.695993,1074.695993,1074.695993,1074.695993,112062600
2023-04-03,1077.197895,1077.197895,1077.197895,1077.197895,1077.197895,67391100
2023-04-04,1075.723134,1075.723134,1075.723134,1075.723134,1075.723134,66601500
2023-04-05,1077.42314,1077.42314,1077.42314,1077.42314,1077.42314,65200200
2023-04-06,1075.36548,1075.36548,1075.36548,1075.36548,1075.36548,63743300
2023-04-10,1073.122222,1073.122222,1073.122222,1073.122222,1073.122222,63681000
2023-04-11,1066.302637,1066.302637,1066.302637,1066.302637,1066.302637,59297900
2023-04-12,1067.941105,1067.941105,1067.941105,1067.941105,1067.941105,86420400
2023-04-13,1073.491766,1073.491766,1073.491766,1073.491766,1073.491766,85814800
2023-04-14,1076.410467,1076.410467,1076.410467,1076.410467,1076.410467,78161500
2023-04-17,1074.638602,1074.638602,1074.638602,1074.638602,1074.638602,66436400
2023-04-18,1074.350519,1074.350519,1074.350519,1074.350519,1074.350519,63560000
2023-04-19,1078.552938,1078.552938,1078.552938,1078.552938,1078.552938,55227300
2023-04-20,1073.317517,1073.317517,1073.317517,1073.317517,1073.317517,75840400
2023-04-21,1065.670676,1065.670676,1065.670676,1065.670676,1065.670676,73457400
2023-04-24,1066.4193,1066.4193,1066.4193,1066.4193,1066.4193,64332100
2023-04-25,1065.8229,1065.8229,1065.8229,1065.8229,1065.8229,97766700
2023-04-26,1060.474475,1060.474475,1060.474475,1060.474475,1060.474475,80447000
2023-04-27,1062.092758,1062.092758,1062.092758,1062.092758,1062.092758,92968400
2023-04-28,1068.973654,1068.973654,1068.973654,1068.973654,1068.973654,89433100
2023-05-01,1066.535634,1066.535634,1066.535634,1066.535634,1066.535634,62122300
2023-05-02,1065.302906,1065.302906,1065.302906,1065.302906,1065.302906,103998500
2023-05-03,1063.352548,1063.352548,1063.352548,1063.352548,1063.352548,91531800
2023-05-04,1064.645279,1064.645279,1064.645279,1064.645279,1064.645279,94901900
2023-05-05,1061.747832,1061.747832,1061.747832,1061.747832,1061.747832,87891800
2023-05-08,1071.600855,1071.600855,1071.600855,1071.600855,1071.600855,50046800
2023-05-09,1072.430261,1072.430261,1072.430261,1072.430261,1072.430261,49220100
2023-05-10,1068.193551,1068.193551,1068.193551,1068.193551,1068.193551,96142900
2023-05-11,1075.807929,1075.807929,1075.807929,1075.807929,1075.807929,70157100
2023-05-12,1073.408974,1073.408974,1073.408974,1073.408974,1073.408974,70481500
2023-05-15,1076.715019,1076.715019,1076.715019,1076.715019,1076.715019,54289400
2023-05-16,1078.309274,1078.309274,1078.309274,1078.309274,1078.309274,57705500
2023-05-17,1075.253134,1075.253134,1075.253134,1075.253134,1075.253134,87287000
2023-05-18,1080.702945,1080.702945,1080.702945,1080.702945,1080.702945,97177200
2023-05-19,1079.789987,1079.789987,1079.789987,1079.789987,1079.789987,103793300
2023-05-22,1082.156983,1082.156983,1082.156983,1082.156983,1082.156983,60745400
2023-05-23,1082.154651,1082.154651,1082.154651,1082.154651,1082.154651,86383500
2023-05-24,1077.682161,1077.682161,1077.682161,1077.682161,1077.682161,89213700
2023-05-25,1073.282537,1073.282537,1073.282537,1073.282537,1073.282537,90961600
2023-05-26,1082.757604,1082.757604,1082.757604,1082.757604,1082.757604,93830000
2023-05-30,1084.47929,1084.47929,1084.47929,1084.47929,1084.47929,72216000
2023-05-31,1089.61437,1089.61437,1089.61437,1089.61437,1089.61437,110811800
2023-06-01,1084.63307,1084.63307,1084.63307,1084.63307,1084.63307,88865000
2023-06-02,1085.201685,1085.201685,1085.201685,1085.201685,1085.201685,91426200
2023-06-05,1092.041871,1092.041871,1092.041871,1092.041871,1092.041871,65460200
2023-06-06,1092.906103,1092.906103,1092.906103,1092.906103,1092.906103,64022200
2023-06-07,1091.751066,1091.751066,1091.751066,1091.751066,1091.751066,85373300
2023-06-08,1092.742064,1092.742064,1092.742064,1092.742064,1092.742064,61952800
2023-06-09,1092.866827,1092.866827,1092.866827,1092.866827,1092.866827,85742800
2023-06-12,1094.925917,1094.925917,1094.925917,1094.925917,1094.925917,76104300
2023-06-13,1097.468781,1097.468781,1097.468781,1097.468781,1097.468781,95899700
2023-06-14,1101.25936,1101.25936,1101.25936,1101.25936,1101.25936,100612100
2023-06-15,1102.08692,1102.08692,1102.08692,1102.08692,1102.08692,110303100
2023-06-16,1099.889168,1099.889168,1099.889168,1099.889168,1099.889168,114165800
2023-06-20,1104.96724,1104.96724,1104.96724,1104.96724,1104.96724,76160400
2023-06-21,1099.858217,1099.858217,1099.858217,1099.858217,1099.858217,76982300
2023-06-22,1097.237269,1097.237269,1097.237269,1097.237269,1097.237269,70637200
2023-06-23,1094.684933,1094.684933,1094.684933,1094.684933,1094.684933,92074500
2023-06-26,1085.652721,1085.652721,1085.652721,1085.652721,1085.652721,72823600
2023-06-27,1084.119974,1084.119974,1084.119974,1084.119974,1084.119974,72813700
2023-06-28,1086.35236,1086.35236,1086.35236,1086.35236,1086.35236,75636000
2023-06-29,1083.508774,1083.508774,1083.508774,1083.508774,1083.508774,67882300
2023-06-30,1082.386891,1082.386891,1082.386891,1082.386891,1082.386891,104964000
2023-07-03,1090.559474,1090.559474,1090.559474,1090.559474,1090.559474,32793400
2023-07-05,1089.619231,1089.619231,1089.619231,1089.619231,1089.619231,58418400
2023-07-06,1084.94895,1084.94895,1084.94895,1084.94895,1084.94895,80658300
2023-07-07,1075.811664,1075.811664,1075.811664,1075.811664,1075.811664,86134200
2023-07-10,1073.237858,1073.237858,1073.237858,1073.237858,1073.237858,62443500
2023-07-11,1072.278578,1072.278578,1072.278578,1072.278578,1072.278578,64463800
2023-07-12,1074.151796,1074.151796,1074.151796,1074.151796,1074.151796,91924500
2023-07-13,1083.6384,1083.6384,1083.6384,1083.6384,1083.6384,72425200
2023-07-14,1088.151509,1088.151509,1088.151509,1088.151509,1088.151509,69815800
2023-07-17,1090.323711,1090.323711,1090.323711,1090.323711,1090.323711,52680200
2023-07-18,1089.905436,1089.905436,1089.905436,1089.905436,1089.905436,80668200
2023-07-19,1089.028818,1089.028818,1089.028818,1089.028818,1089.028818,65891700
2023-07-20,1090.940333,1090.940333,1090.940333,1090.940333,1090.940333,70591600
2023-07-21,1088.417302,1088.417302,1088.417302,1088.417302,1088.417302,71275600
2023-07-24,1092.647205,1092.647205,1092.647205,1092.647205,1092.647205,54023400
2023-07-25,1095.468282,1095.468282,1095.468282,1095.468282,1095.468282,55191200
2023-07-26,1094.738185,1094.738185,1094.738185,1094.738185,1094.738185,71052900
2023-07-27,1092.351888,1092.351888,1092.351888,1092.351888,1092.351888,92194400
2023-07-28,1100.714038,1100.714038,1100.714038,1100.714038,1100.714038,80011800
2023-07-31,1108.904865,1108.904865,1108.904865,1108.904865,1108.904865,62040400
2023-08-01,1110.038909,1110.038909,1110.038909,1110.038909,1110.038909,55291500
2023-08-02,1106.297809,1106.297809,1106.297809,1106.297809,1106.297809,93933400
2023-08-03,1098.414802,1098.414802,1098.414802,1098.414802,1098.414802,64276100
2023-08-04,1093.260043,1093.260043,1093.260043,1093.260043,1093.260043,100128900
2023-08-07,1097.78435,1097.78435,1097.78435,1097.78435,1097.78435,58357500
2023-08-08,1102.397525,1102.397525,1102.397525,1102.397525,1102.397525,71361300
2023-08-09,1095.910131,1095.910131,1095.910131,1095.910131,1095.910131,78789600
2023-08-10,1096.538836,1096.538836,1096.538836,1096.538836,1096.538836,93005500
2023-08-11,1102.485963,1102.485963,1102.485963,1102.485963,1102.485963,68690900
2023-08-14,1097.634757,1097.634757,1097.634757,1097.634757,1097.634757,47867400
2023-08-15,1095.240245,1095.240245,1095.240245,1095.240245,1095.240245,75707500
2023-08-16,1090.688354,1090.688354,1090.688354,1090.688354,1090.688354,80107200
2023-08-17,1089.575044,1089.575044,1089.575044,1089.575044,1089.575044,95711300
2023-08-18,1093.287409,1093.287409,1093.287409,1093.287409,1093.287409,98852000
2023-08-21,1085.915925,1085.915925,1085.915925,1085.915925,1085.915925,68719000
2023-08-22,1088.473533,1088.473533,1088.473533,1088.473533,1088.473533,64994200
2023-08-23,1092.977633,1092.977633,1092.977633,1092.977633,1092.977633,68441000
2023-08-24,1095.666609,1095.666609,1095.666609,1095.666609,1095.666609,88517300
2023-08-25,1099.717174,1099.717174,1099.717174,1099.717174,1099.717174,102325100
2023-08-28,1104.167744,1104.167744,1104.167744,1104.167744,1104.167744,61595400
2023-08-29,1109.809187,1109.809187,1109.809187,1109.809187,1109.809187,83081900
2023-08-30,1109.477855,1109.477855,1109.477855,1109.477855,1109.477855,69053900
2023-08-31,1110.286911,1110.286911,1110.286911,1110.286911,1110.286911,66084600
2023-09-01,1111.806711,1111.806711,1111.806711,1111.806711,1111.806711,58944100
2023-09-05,1118.712796,1118.712796,1118.712796,1118.712796,1118.712796,55166200
2023-09-06,1117.516431,1117.516431,1117.516431,1117.516431,1117.516431,70758500
2023-09-07,1115.371006,1115.371006,1115.371006,1115.371006,1115.371006,70355400
2023-09-08,1107.54176,1107.54176,1107.54176,1107.54176,1107.54176,61659700
2023-09-11,1107.610921,1107.610921,1107.610921,1107.610921,1107.610921,60180100
2023-09-12,1114.317526,1114.317526,1114.317526,1114.317526,1114.317526,67565400
2023-09-13,1110.534665,1110.534665,1110.534665,1110.534665,1110.534665,60199300
2023-09-14,1111.051904,1111.051904,1111.051904,1111.051904,1111.051904,83430800
2023-09-15,1117.366127,1117.366127,1117.366127,1117.366127,1117.366127,111848900
2023-09-18,1113.23458,1113.23458,1113.23458,1113.23458,1113.23458,55752200
2023-09-19,1112.375572,1112.375572,1112.375572,1112.375572,1112.375572,66514600
2023-09-20,1109.938142,1109.938142,1109.938142,1109.938142,1109.938142,82562600
2023-09-21,1113.141413,1113.141413,1113.141413,1113.141413,1113.141413,104095800
2023-09-22,1105.625461,1105.625461,1105.625461,1105.625461,1105.625461,100829700
2023-09-25,1108.286739,1108.286739,1108.286739,1108.286739,1108.286739,70874500
2023-09-26,1105.012859,1105.012859,1105.012859,1105.012859,1105.012859,96168400
2023-09-27,1096.930371,1096.930371,1096.930371,1096.930371,1096.930371,104705800
2023-09-28,1099.992059,1099.992059,1099.992059,1099.992059,1099.992059,92258300
2023-09-29,1098.465252,1098.465252,1098.465252,1098.465252,1098.465252,115111300
2023-10-02,1106.484797,1106.484797,1106.484797,1106.484797,1106.484797,83798600
2023-10-03,1104.203717,1104.203717,1104.203717,1104.203717,1104.203717,103760600
2023-10-04,1098.334557,1098.334557,1098.334557,1098.334557,1098.334557,87453000
2023-10-05,1099.530173,1099.530173,1099.530173,1099.530173,1099.530173,70142700
2023-10-06,1098.698442,1098.698442,1098.698442,1098.698442,1098.698442,113273300
2023-10-09,1092.095494,1092.095494,1092.095494,1092.095494,1092.095494,80374400
2023-10-10,1087.057907,1087.057907,1087.057907,1087.057907,1087.057907,78607300
2023-10-11,1088.638272,1088.638272,1088.638272,1088.638272,1088.638272,62451700
2023-10-12,1091.33924,1091.33924,1091.33924,1091.33924,1091.33924,81154200
2023-10-13,1092.860319,1092.860319,1092.860319,1092.860319,1092.860319,95143100
2023-10-16,1096.711827,1096.711827,1096.711827,1096.711827,1096.711827,75433200
2023-10-17,1102.553117,1102.553117,1102.553117,1102.553117,1102.553117,75324700
2023-10-18,1094.331244,1094.331244,1094.331244,1094.331244,1094.331244,93559800
2023-10-19,1089.683763,1089.683763,1089.683763,1089.683763,1089.683763,121323000
2023-10-20,1091.503519,1091.503519,1091.503519,1091.503519,1091.503519,123919900
2023-10-23,1090.297209,1090.297209,1090.297209,1090.297209,1090.297209,92035100
2023-10-24,1086.152791,1086.152791,1086.152791,1086.152791,1086.152791,78564200
2023-10-25,1091.755393,1091.755393,1091.755393,1091.755393,1091.755393,94223200
2023-10-26,1087.216864,1087.216864,1087.216864,1087.216864,1087.216864,115156800
2023-10-27,1084.298422,1084.298422,1084.298422,1084.298422,1084.298422,107367700
2023-10-30,1088.554404,1088.554404,1088.554404,1088.554404,1088.554404,86562700
2023-10-31,1096.133441,1096.133441,1096.133441,1096.133441,1096.133441,79665200
2023-11-01,1097.634866,1097.634866,1097.634866,1097.634866,1097.634866,98068100
2023-11-02,1100.204479,1100.204479,1100.204479,1100.204479,1100.204479,94938900
2023-11-03,1110.353028,1110.353028,1110.353028,1110.353028,1110.353028,100167800
2023-11-06,1116.431736,1116.431736,1116.431736,1116.431736,1116.431736,67831700
2023-11-07,1118.379128,1118.379128,1118.379128,1118.379128,1118.379128,64256100
2023-11-08,1118.323135,1118.323135,1118.323135,1118.323135,1118.323135,61746000
2023-11-09,1119.854097,1119.854097,1119.854097,1119.854097,1119.854097,83174400
2023-11-10,1122.820293,1122.820293,1122.820293,1122.820293,1122.820293,89462200
2023-11-13,1128.302098,1128.302098,1128.302098,1128.302098,1128.302098,52236100
2023-11-14,1124.712138,1124.712138,1124.712138,1124.712138,1124.712138,97176900
2023-11-15,1140.317522,1140.317522,1140.317522,1140.317522,1140.317522,77327600
2023-11-16,1143.767315,1143.767315,1143.767315,1143.767315,1143.767315,66665800
2023-11-17,1142.540069,1142.540069,1142.540069,1142.540069,1142.540069,83133200
2023-11-20,1142.508563,1142.508563,1142.508563,1142.508563,1142.508563,69936200
2023-11-21,1141.792549,1141.792549,1141.792549,1141.792549,1141.792549,49244600
2023-11-22,1139.020807,1139.020807,1139.020807,1139.020807,1139.020807,59394900
2023-11-24,1143.260709,1143.260709,1143.260709,1143.260709,1143.260709,29737400
2023-11-27,1143.32916,1143.32916,1143.32916,1143.32916,1143.32916,50506000
2023-11-28,1141.639755,1141.639755,1141.639755,1141.639755,1141.639755,62115000
2023-11-29,1140.577783,1140.577783,1140.577783,1140.577783,1140.577783,63146000
2023-11-30,1146.086545,1146.086545,1146.086545,1146.086545,1146.086545,79752700
2023-12-01,1148.222517,1148.222517,1148.222517,1148.222517,1148.222517,89183400
2023-12-04,1146.580082,1146.580082,1146.580082,1146.580082,1146.580082,72430900
2023-12-05,1137.782058,1137.782058,1137.782058,1137.782058,1137.782058,69793500
2023-12-06,1134.16298,1134.16298,1134.16298,1134.16298,1134.16298,69124700
2023-12-07,1139.595243,1139.595243,1139.595243,1139.595243,1139.595243,66995400
2023-12-08,1144.925775,1144.925775,1144.925775,1144.925775,1144.925775,83194400
2023-12-11,1142.944743,1142.944743,1142.944743,1142.944743,1142.944743,65002200
2023-12-12,1141.620862,1141.620862,1141.620862,1141.620862,1141.620862,68327600
2023-12-13,1140.674636,1140.674636,1140.674636,1140.674636,1140.674636,93278000
2023-12-14,1141.575851,1141.575851,1141.575851,1141.575851,1141.575851,119026000
2023-12-15,1146.371229,1146.371229,1146.371229,1146.371229,1146.371229,141553700
2023-12-18,1144.816553,1144.816553,1144.816553,1144.816553,1144.816553,70375300
2023-12-19,1148.783906,1148.783906,1148.783906,1148.783906,1148.783906,55761800
2023-12-20,1150.089558,1150.089558,1150.089558,1150.089558,1150.089558,102921000
2023-12-21,1147.900789,1147.900789,1147.900789,1147.900789,1147.900789,86667500
2023-12-22,1155.368915,1155.368915,1155.368915,1155.368915,1155.368915,67160400
2023-12-26,1158.146062,1158.146062,1158.146062,1158.146062,1158.146062,55387000
2023-12-27,1159.115235,1159.115235,1159.115235,1159.115235,1159.115235,68000300
2023-12-28,1158.545513,1158.545513,1158.545513,1158.545513,1158.545513,77158100
2023-12-29,1159.387054,1159.387054,1159.387054,1159.387054,1159.387054,122283100
2024-01-02,1158.842649,1158.842649,1158.842649,1158.842649,1158.842649,123623700
2024-01-03,1151.105162,1151.105162,1151.105162,1151.105162,1151.105162,103585900
2024-01-04,1145.641393,1145.641393,1145.641393,1145.641393,1145.641393,84232200
2024-01-05,1144.386651,1144.386651,1144.386651,1144.386651,1144.386651,86118900
2024-01-08,1144.843808,1144.843808,1144.843808,1144.843808,1144.843808,74879100
2024-01-09,1146.034083,1146.034083,1146.034083,1146.034083,1146.034083,65931400
2024-01-10,1139.384919,1139.384919,1139.384919,1139.384919,1139.384919,67310600
2024-01-11,1140.001091,1140.001091,1140.001091,1140.001091,1140.001091,77940700
2024-01-12,1142.407755,1142.407755,1142.407755,1142.407755,1142.407755,58026400
2024-01-16,1145.92401,1145.92401,1145.92401,1145.92401,1145.92401,85014900
2024-01-17,1142.453135,1142.453135,1142.453135,1142.453135,1142.453135,68843900
2024-01-18,1134.915202,1134.915202,1134.915202,1134.915202,1134.915202,91856200
2024-01-19,1138.991395,1138.991395,1138.991395,1138.991395,1138.991395,110834500
2024-01-22,1141.707253,1141.707253,1141.707253,1141.707253,1141.707253,75844900
2024-01-23,1145.389339,1145.389339,1145.389339,1145.389339,1145.389339,49945300
2024-01-24,1146.658729,1146.658729,1146.658729,1146.658729,1146.658729,81765000
2024-01-25,1153.577633,1153.577633,1153.577633,1153.577633,1153.577633,72525000
2024-01-26,1158.724221,1158.724221,1158.724221,1158.724221,1158.724221,76641600
2024-01-29,1157.621758,1157.621758,1157.621758,1157.621758,1157.621758,61322800
2024-01-30,1158.323936,1158.323936,1158.323936,1158.323936,1158.323936,58618400
2024-01-31,1156.591988,1156.591988,1156.591988,1156.591988,1156.591988,126011100
2024-02-01,1151.18615,1151.18615,1151.18615,1151.18615,1151.18615,91891600
2024-02-02,1155.30031,1155.30031,1155.30031,1155.30031,1155.30031,99228200
2024-02-05,1156.305239,1156.305239,1156.305239,1156.305239,1156.305239,75757100
2024-02-06,1154.727099,1154.727099,1154.727099,1154.727099,1154.727099,55918600
2024-02-07,1156.943243,1156.943243,1156.943243,1156.943243,1156.943243,70556500
2024-02-08,1162.295456,1162.295456,1162.295456,1162.295456,1162.295456,52343600
2024-02-09,1162.237203,1162.237203,1162.237203,1162.237203,1162.237203,63979400
2024-02-12,1163.391918,1163.391918,1163.391918,1163.391918,1163.391918,56502300
2024-02-13,1163.264015,1163.264015,1163.264015,1163.264015,1163.264015,113099200
2024-02-14,1148.229955,1148.229955,1148.229955,1148.229955,1148.229955,68387800
2024-02-15,1154.470161,1154.470161,1154.470161,1154.470161,1154.470161,61683000
2024-02-16,1156.079641,1156.079641,1156.079641,1156.079641,1156.079641,75532900
2024-02-20,1155.307954,1155.307954,1155.307954,1155.307954,1155.307954,71736700
2024-02-21,1151.110505,1151.110505,1151.110505,1151.110505,1151.110505,59293400
2024-02-22,1147.947716,1147.947716,1147.947716,1147.947716,1147.947716,76402500
2024-02-23,1163.589289,1163.589289,1163.589289,1163.589289,1163.589289,61321800
2024-02-26,1167.589019,1167.589019,1167.589019,1167.589019,1167.589019,50386700
2024-02-27,1168.565253,1168.565253,1168.565253,1168.565253,1168.565253,48854500
2024-02-28,1170.146524,1170.146524,1170.146524,1170.146524,1170.146524,56506600
2024-02-29,1166.394874,1166.394874,1166.394874,1166.394874,1166.394874,83924800
2024-03-01,1170.506475,1170.506475,1170.506475,1170.506475,1170.506475,76844800
2024-03-04,1172.521209,1172.521209,1172.521209,1172.521209,1172.521209,49799300
2024-03-05,1170.587909,1170.587909,1170.587909,1170.587909,1170.587909,72855600
2024-03-06,1165.822749,1165.822749,1165.822749,1165.822749,1165.822749,68382400
2024-03-07,1173.510378,1173.510378,1173.510378,1173.510378,1173.510378,58652100
2024-03-08,1181.255468,1181.255468,1181.255468,1181.255468,1181.255468,86532500
2024-03-11,1182.68782,1182.68782,1182.68782,1182.68782,1182.68782,62557200
2024-03-12,1179.762976,1179.762976,1179.762976,1179.762976,1179.762976,73114400
2024-03-13,1184.711084,1184.711084,1184.711084,1184.711084,1184.711084,55104100
2024-03-14,1185.408285,1185.408285,1185.408285,1185.408285,1185.408285,110171800
2024-03-15,1187.646173,1187.646173,1187.646173,1187.646173,1187.646173,107646300
2024-03-18,1180.311218,1180.311218,1180.311218,1180.311218,1180.311218,88893300
2024-03-19,1189.905694,1189.905694,1189.905694,1189.905694,1189.905694,60755300
2024-03-20,1188.199131,1188.199131,1188.199131,1188.199131,1188.199131,69594600
2024-03-21,1188.277942,1188.277942,1188.277942,1188.277942,1188.277942,60256100
2024-03-22,1194.862037,1194.862037,1194.862037,1194.862037,1194.862037,79070800
2024-03-25,1194.596127,1194.596127,1194.596127,1194.596127,1194.596127,48512100
2024-03-26,1191.304826,1191.304826,1191.304826,1191.304826,1191.304826,65463700
2024-03-27,1194.591588,1194.591588,1194.591588,1194.591588,1194.591588,82999800
2024-03-28,1201.208539,1201.208539,1201.208539,1201.208539,1201.208539,96294900
2024-04-01,1201.240723,1201.240723,1201.240723,1201.240723,1201.240723,62477500
2024-04-02,1202.925685,1202.925685,1202.925685,1202.925685,1202.925685,74230300
2024-04-03,1193.835511,1193.835511,1193.835511,1193.835511,1193.835511,59155800
2024-04-04,1191.198796,1191.198796,1191.198796,1191.198796,1191.198796,96858100
2024-04-05,1200.564428,1200.564428,1200.564428,1200.564428,1200.564428,74546500
2024-04-08,1203.757007,1203.757007,1203.757007,1203.757007,1203.757007,48401800
2024-04-09,1205.368326,1205.368326,1205.368326,1205.368326,1205.368326,68049200
2024-04-10,1209.444246,1209.444246,1209.444246,1209.444246,1209.444246,82652800
2024-04-11,1195.783704,1195.783704,1195.783704,1195.783704,1195.783704,70099000
2024-04-12,1199.351915,1199.351915,1199.351915,1199.351915,1199.351915,92561100
2024-04-15,1190.887615,1190.887615,1190.887615,1190.887615,1190.887615,92101400
2024-04-16,1200.805275,1200.805275,1200.805275,1200.805275,1200.805275,73484000
2024-04-17,1201.911423,1201.911423,1201.911423,1201.911423,1201.911423,75910300
2024-04-18,1207.866251,1207.866251,1207.866251,1207.866251,1207.866251,74548100
2024-04-19,1211.256498,1211.256498,1211.256498,1211.256498,1211.256498,102212600
2024-04-22,1211.001894,1211.001894,1211.001894,1211.001894,1211.001894,67961000
2024-04-23,1217.470925,1217.470925,1217.470925,1217.470925,1217.470925,64633600
2024-04-24,1222.428504,1222.428504,1222.428504,1222.428504,1222.428504,55928100
2024-04-25,1224.567223,1224.567223,1224.567223,1224.567223,1224.567223,69122400
2024-04-26,1209.412132,1209.412132,1209.412132,1209.412132,1209.412132,64306100
2024-04-29,1216.22119,1216.22119,1216.22119,1216.22119,1216.22119,46415400
2024-04-30,1220.539142,1220.539142,1220.539142,1220.539142,1220.539142,77483600
2024-05-01,1216.888796,1216.888796,1216.888796,1216.888796,1216.888796,80242800
2024-05-02,1215.373728,1215.373728,1215.373728,1215.373728,1215.373728,62550200
2024-05-03,1224.542704,1224.542704,1224.542704,1224.542704,1224.542704,72756700
2024-05-06,1239.344185,1239.344185,1239.344185,1239.344185,1239.344185,47264700
2024-05-07,1245.244829,1245.244829,1245.244829,1245.244829,1245.244829,52561300
2024-05-08,1247.569123,1247.569123,1247.569123,1247.569123,1247.569123,42047200
2024-05-09,1242.97137,1242.97137,1242.97137,1242.97137,1242.97137,43643700
2024-05-10,1243.365772,1243.365772,1243.365772,1243.365772,1243.365772,52233200
2024-05-13,1247.223508,1247.223508,1247.223508,1247.223508,1247.223508,36716400
2024-05-14,1251.279815,1251.279815,1251.279815,1251.279815,1251.279815,57535900
2024-05-15,1251.697596,1251.697596,1251.697596,1251.697596,1251.697596,59504900
2024-05-16,1257.686324,1257.686324,1257.686324,1257.686324,1257.686324,50244800
2024-05-17,1257.860505,1257.860505,1257.860505,1257.860505,1257.860505,59187600
2024-05-20,1258.083257,1258.083257,1258.083257,1258.083257,1258.083257,37764200
2024-05-21,1258.305783,1258.305783,1258.305783,1258.305783,1258.305783,33437000
2024-05-22,1256.391196,1256.391196,1256.391196,1256.391196,1256.391196,48390000
2024-05-23,1254.649705,1254.649705,1254.649705,1254.649705,1254.649705,57211200
2024-05-24,1261.99838,1261.99838,1261.99838,1261.99838,1261.99838,41291100
2024-05-28,1266.469981,1266.469981,1266.469981,1266.469981,1266.469981,36269600
2024-05-29,1268.392043,1268.392043,1268.392043,1268.392043,1268.392043,45190300
2024-05-30,1258.44156,1258.44156,1258.44156,1258.44156,1258.44156,46377600
2024-05-31,1254.599502,1254.599502,1254.599502,1254.599502,1254.599502,90785800
2024-06-03,1256.889119,1256.889119,1256.889119,1256.889119,1256.889119,46835700
2024-06-04,1260.758781,1260.758781,1260.758781,1260.758781,1260.758781,34632700
2024-06-05,1257.495277,1257.495277,1257.495277,1257.495277,1257.495277,47610400
2024-06-06,1263.095603,1263.095603,1263.095603,1263.095603,1263.095603,30808500
2024-06-07,1263.765084,1263.765084,1263.765084,1263.765084,1263.765084,43224500
2024-06-10,1261.338397,1261.338397,1261.338397,1261.338397,1261.338397,35686100
2024-06-11,1259.314816,1259.314816,1259.314816,1259.314816,1259.314816,36383400
2024-06-12,1255.514216,1255.514216,1255.514216,1255.514216,1255.514216,63251300
2024-06-13,1266.393676,1266.393676,1266.393676,1266.393676,1266.393676,44760900
2024-06-14,1270.517296,1270.517296,1270.517296,1270.517296,1270.517296,40089900
2024-06-17,1266.77737,1266.77737,1266.77737,1266.77737,1266.77737,55839500
2024-06-18,1265.079866,1265.079866,1265.079866,1265.079866,1265.079866,41376400
2024-06-20,1265.155373,1265.155373,1265.155373,1265.155373,1265.155373,70328200
2024-06-21,1267.283437,1267.283437,1267.283437,1267.283437,1267.283437,64338600
2024-06-24,1265.265453,1265.265453,1265.265453,1265.265453,1265.265453,45528700
2024-06-25,1264.783871,1264.783871,1264.783871,1264.783871,1264.783871,37936200
2024-06-26,1267.633525,1267.633525,1267.633525,1267.633525,1267.633525,38550600
2024-06-27,1264.917946,1264.917946,1264.917946,1264.917946,1264.917946,35041500
2024-06-28,1264.530059,1264.530059,1264.530059,1264.530059,1264.530059,76144500
2024-07-01,1266.294846,1266.294846,1266.294846,1266.294846,1266.294846,40297800
2024-07-02,1269.512644,1269.512644,1269.512644,1269.512644,1269.512644,40434800
2024-07-03,1265.631253,1265.631253,1265.631253,1265.631253,1265.631253,32789900
2024-07-05,1264.830451,1264.830451,1264.830451,1264.830451,1264.830451,41488400
2024-07-08,1265.478285,1265.478285,1265.478285,1265.478285,1265.478285,36110500
2024-07-09,1267.240218,1267.240218,1267.240218,1267.240218,1267.240218,27289700
2024-07-10,1269.413237,1269.413237,1269.413237,1269.413237,1269.413237,38701200
2024-07-11,1272.204426,1272.204426,1272.204426,1272.204426,1272.204426,53054200
2024-07-12,1272.412475,1272.412475,1272.412475,1272.412475,1272.412475,53084400
2024-07-15,1274.97841,1274.97841,1274.97841,1274.97841,1274.97841,40584300
2024-07-16,1279.559108,1279.559108,1279.559108,1279.559108,1279.559108,36475300
2024-07-17,1282.548227,1282.548227,1282.548227,1282.548227,1282.548227,57119000
2024-07-18,1268.725293,1268.725293,1268.725293,1268.725293,1268.725293,56270400
2024-07-19,1272.238232,1272.238232,1272.238232,1272.238232,1272.238232,65509100
2024-07-22,1271.622227,1271.622227,1271.622227,1271.622227,1271.622227,43346700
2024-07-23,1280.846739,1280.846739,1280.846739,1280.846739,1280.846739,34439600
2024-07-24,1280.528642,1280.528642,1280.528642,1280.528642,1280.528642,74515300
2024-07-25,1269.087914,1269.087914,1269.087914,1269.087914,1269.087914,61158300
2024-07-26,1269.306027,1269.306027,1269.306027,1269.306027,1269.306027,53763800
2024-07-29,1278.365783,1278.365783,1278.365783,1278.365783,1278.365783,39515800
2024-07-30,1282.01158,1282.01158,1282.01158,1282.01158,1282.01158,46853600
2024-07-31,1285.477505,1285.477505,1285.477505,1285.477505,1285.477505,65663400
2024-08-01,1301.966444,1301.966444,1301.966444,1301.966444,1301.966444,76428700
2024-08-02,1306.061833,1306.061833,1306.061833,1306.061833,1306.061833,82789100
2024-08-05,1288.535454,1288.535454,1288.535454,1288.535454,1288.535454,146267400
2024-08-06,1237.067551,1237.067551,1237.067551,1237.067551,1237.067551,84826300
2024-08-07,1241.404986,1241.404986,1241.404986,1241.404986,1241.404986,70698300
2024-08-08,1256.367861,1256.367861,1256.367861,1256.367861,1256.367861,63276600
2024-08-09,1269.021857,1269.021857,1269.021857,1269.021857,1269.021857,45619600
2024-08-12,1266.949725,1266.949725,1266.949725,1266.949725,1266.949725,42542100
2024-08-13,1269.785943,1269.785943,1269.785943,1269.785943,1269.785943,52333100
2024-08-14,1277.48459,1277.48459,1277.48459,1277.48459,1277.48459,42446900
2024-08-15,1279.329504,1279.329504,1279.329504,1279.329504,1279.329504,60846800
2024-08-16,1292.793247,1292.793247,1292.793247,1292.793247,1292.793247,44430700
2024-08-19,1288.872131,1288.872131,1288.872131,1288.872131,1288.872131,39121800
2024-08-20,1289.784376,1289.784376,1289.784376,1289.784376,1289.784376,33732300
2024-08-21,1288.65963,1288.65963,1288.65963,1288.65963,1288.65963,41514600
2024-08-22,1291.062832,1291.062832,1291.062832,1291.062832,1291.062832,56121500
2024-08-23,1295.465827,1295.465827,1295.465827,1295.465827,1295.465827,50639400
2024-08-26,1303.110012,1303.110012,1303.110012,1303.110012,1303.110012,35788600
2024-08-27,1305.478834,1305.478834,1305.478834,1305.478834,1305.478834,32693900
2024-08-28,1302.387422,1302.387422,1302.387422,1302.387422,1302.387422,41066000
2024-08-29,1301.510396,1301.510396,1301.510396,1301.510396,1301.510396,38715200
2024-08-30,1306.130938,1306.130938,1306.130938,1306.130938,1306.130938,62700100
2024-09-03,1311.726527,1311.726527,1311.726527,1311.726527,1311.726527,60600100
2024-09-04,1304.191252,1304.191252,1304.191252,1304.191252,1304.191252,47224900
2024-09-05,1299.685019,1299.685019,1299.685019,1299.685019,1299.685019,44264300
2024-09-06,1299.47853,1299.47853,1299.47853,1299.47853,1299.47853,68493800
2024-09-09,1300.193718,1300.193718,1300.193718,1300.193718,1300.193718,40445800
2024-09-10,1310.450659,1310.450659,1310.450659,1310.450659,1310.450659,36394600
2024-09-11,1315.061669,1315.061669,1315.061669,1315.061669,1315.061669,75248600
2024-09-12,1314.780259,1314.780259,1314.780259,1314.780259,1314.780259,51819600
2024-09-13,1316.113843,1316.113843,1316.113843,1316.113843,1316.113843,39310500
2024-09-16,1317.507288,1317.507288,1317.507288,1317.507288,1317.507288,36656100
2024-09-17,1316.808476,1316.808476,1316.808476,1316.808476,1316.808476,49321000
2024-09-18,1322.029624,1322.029624,1322.029624,1322.029624,1322.029624,59044900
2024-09-19,1323.536726,1323.536726,1323.536726,1323.536726,1323.536726,75315500
2024-09-20,1346.125724,1346.125724,1346.125724,1346.125724,1346.125724,77503100
2024-09-23,1342.761789,1342.761789,1342.761789,1342.761789,1342.761789,44116900
2024-09-24,1345.27037,1345.27037,1345.27037,1345.27037,1345.27037,46805700
2024-09-25,1347.115845,1347.115845,1347.115845,1347.115845,1347.115845,38428600
2024-09-26,1346.670838,1346.670838,1346.670838,1346.670838,1346.670838,48336000
2024-09-27,1356.856097,1356.856097,1356.856097,1356.856097,1356.856097,42100900
2024-09-30,1359.372368,1359.372368,1359.372368,1359.372368,1359.372368,63557400
2024-10-01,1356.806852,1356.806852,1356.806852,1356.806852,1356.806852,72668800
2024-10-02,1355.887577,1355.887577,1355.887577,1355.887577,1355.887577,38097800
2024-10-03,1353.650294,1353.650294,1353.650294,1353.650294,1353.650294,40846500
2024-10-04,1350.013329,1350.013329,1350.013329,1350.013329,1350.013329,42939100
2024-10-07,1360.715459,1360.715459,1360.715459,1360.715459,1360.715459,49964700
2024-10-08,1356.65802,1356.65802,1356.65802,1356.65802,1356.65802,37398700
2024-10-09,1362.849893,1362.849893,1362.849893,1362.849893,1362.849893,37912200
2024-10-10,1362.758009,1362.758009,1362.758009,1362.758009,1362.758009,44138100
2024-10-11,1359.455079,1359.455079,1359.455079,1359.455079,1359.455079,42268000
2024-10-14,1359.198459,1359.198459,1359.198459,1359.198459,1359.198459,36217200
2024-10-15,1362.976376,1362.976376,1362.976376,1362.976376,1362.976376,54203600
2024-10-16,1363.538022,1363.538022,1363.538022,1363.538022,1363.538022,30725400
2024-10-17,1363.469908,1363.469908,1363.469908,1363.469908,1363.469908,34393700
2024-10-18,1371.853752,1371.853752,1371.853752,1371.853752,1371.853752,37416800
2024-10-21,1375.837013,1375.837013,1375.837013,1375.837013,1375.837013,36439000
2024-10-22,1374.026894,1374.026894,1374.026894,1374.026894,1374.026894,34183800
2024-10-23,1367.884365,1367.884365,1367.884365,1367.884365,1367.884365,49314600
2024-10-24,1362.985538,1362.985538,1362.985538,1362.985538,1362.985538,34979900
2024-10-25,1367.609776,1367.609776,1367.609776,1367.609776,1367.609776,47268200
2024-10-28,1372.900387,1372.900387,1372.900387,1372.900387,1372.900387,30174700
2024-10-29,1381.225206,1381.225206,1381.225206,1381.225206,1381.225206,42899700
2024-10-30,1378.825612,1378.825612,1378.825612,1378.825612,1378.825612,41435800
2024-10-31,1377.619277,1377.619277,1377.619277,1377.619277,1377.619277,60182500
2024-11-01,1366.98151,1366.98151,1366.98151,1366.98151,1366.98151,45667500
2024-11-04,1373.354957,1373.354957,1373.354957,1373.354957,1373.354957,38217000
2024-11-05,1373.623318,1373.623318,1373.623318,1373.623318,1373.623318,39478300
2024-11-06,1375.796185,1375.796185,1375.796185,1375.796185,1375.796185,68182000
2024-11-07,1405.546255,1405.546255,1405.546255,1405.546255,1405.546255,47233200
2024-11-08,1410.327022,1410.327022,1410.327022,1410.327022,1410.327022,46444900
2024-11-11,1411.582771,1411.582771,1411.582771,1411.582771,1411.582771,37586800
2024-11-12,1415.334743,1415.334743,1415.334743,1415.334743,1415.334743,43006100
2024-11-13,1415.074785,1415.074785,1415.074785,1415.074785,1415.074785,47388600
2024-11-14,1416.118298,1416.118298,1416.118298,1416.118298,1416.118298,38904100
2024-11-15,1416.355752,1416.355752,1416.355752,1416.355752,1416.355752,75988800
2024-11-18,1407.620415,1407.620415,1407.620415,1407.620415,1407.620415,37001700
2024-11-19,1408.679465,1408.679465,1408.679465,1408.679465,1408.679465,49412000
2024-11-20,1400.370239,1400.370239,1400.370239,1400.370239,1400.370239,50032600
2024-11-21,1400.490058,1400.490058,1400.490058,1400.490058,1400.490058,46750300
2024-11-22,1407.297409,1407.297409,1407.297409,1407.297409,1407.297409,38226400
2024-11-25,1407.203434,1407.203434,1407.203434,1407.203434,1407.203434,42441400
2024-11-26,1416.608469,1416.608469,1416.608469,1416.608469,1416.608469,45621300
2024-11-27,1419.54814,1419.54814,1419.54814,1419.54814,1419.54814,34000200
2024-11-29,1419.028302,1419.028302,1419.028302,1419.028302,1419.028302,30177400
2024-12-02,1420.923793,1420.923793,1420.923793,1420.923793,1420.923793,31746000
2024-12-03,1421.843472,1421.843472,1421.843472,1421.843472,1421.843472,26906600
2024-12-04,1421.206937,1421.206937,1421.206937,1421.206937,1421.206937,42787600
2024-12-05,1425.183151,1425.183151,1425.183151,1425.183151,1425.183151,28762200
2024-12-06,1425.11206,1425.11206,1425.11206,1425.11206,1425.11206,31241500
2024-12-09,1426.873138,1426.873138,1426.873138,1426.873138,1426.873138,34742700
2024-12-10,1426.520327,1426.520327,1426.520327,1426.520327,1426.520327,37234500
2024-12-11,1428.076616,1428.076616,1428.076616,1428.076616,1428.076616,28677700
2024-12-12,1435.064703,1435.064703,1435.064703,1435.064703,1435.064703,31543800
2024-12-13,1432.913885,1432.913885,1432.913885,1432.913885,1432.913885,35904700
2024-12-16,1437.750331,1437.750331,1437.750331,1437.750331,1437.750331,43695200
2024-12-17,1441.937716,1441.937716,1441.937716,1441.937716,1441.937716,55773500
2024-12-18,1435.687151,1435.687151,1435.687151,1435.687151,1435.687151,108248700
2024-12-19,1434.879306,1434.879306,1434.879306,1434.879306,1434.879306,85919500
2024-12-20,1447.239574,1447.239574,1447.239574,1447.239574,1447.239574,125716700
2024-12-23,1441.310729,1441.310729,1441.310729,1441.310729,1441.310729,57635800
2024-12-24,1440.604738,1440.604738,1440.604738,1440.604738,1440.604738,33160100
2024-12-26,1443.851188,1443.851188,1443.851188,1443.851188,1443.851188,41219100
2024-12-27,1439.456958,1439.456958,1439.456958,1439.456958,1439.456958,64969300
2024-12-30,1430.289573,1430.289573,1430.289573,1430.289573,1430.289573,56578800
2024-12-31,1413.103595,1413.103595,1413.103595,1413.103595,1413.103595,57052700
2025-01-02,1417.09264,1417.09264,1417.09264,1417.09264,1417.09264,50204000
2025-01-03,1425.024845,1425.024845,1425.024845,1425.024845,1425.024845,37888500
2025-01-06,1431.997291,1431.997291,1431.997291,1431.997291,1431.997291,47679400
2025-01-07,1442.375752,1442.375752,1442.375752,1442.375752,1442.375752,60393100
2025-01-08,1447.293942,1447.293942,1447.293942,1447.293942,1447.293942,47304700
2025-01-10,1447.39362,1447.39362,1447.39362,1447.39362,1447.39362,73105000
2025-01-13,1438.458231,1438.458231,1438.458231,1438.458231,1438.458231,47910100
2025-01-14,1426.690572,1426.690572,1426.690572,1426.690572,1426.690572,48420600
2025-01-15,1433.906959,1433.906959,1433.906959,1433.906959,1433.906959,56900200
2025-01-16,1453.883075,1453.883075,1453.883075,1453.883075,1453.883075,43319700
2025-01-17,1457.219176,1457.219176,1457.219176,1457.219176,1457.219176,58070600
2025-01-21,1470.248859,1470.248859,1470.248859,1470.248859,1470.248859,42532900
2025-01-22,1477.777585,1477.777585,1477.777585,1477.777585,1477.777585,48196000
2025-01-23,1484.736444,1484.736444,1484.736444,1484.736444,1484.736444,41152100
2025-01-24,1483.095167,1483.095167,1483.095167,1483.095167,1483.095167,34604700
2025-01-27,1483.167042,1483.167042,1483.167042,1483.167042,1483.167042,70361100
2025-01-28,1450.990017,1450.990017,1450.990017,1450.990017,1450.990017,44433300
2025-01-29,1453.943593,1453.943593,1453.943593,1453.943593,1453.943593,37177400
2025-01-30,1451.946617,1451.946617,1451.946617,1451.946617,1451.946617,39281300
2025-01-31,1457.060839,1457.060839,1457.060839,1457.060839,1457.060839,66566900
2025-02-03,1462.91188,1462.91188,1462.91188,1462.91188,1462.91188,65857200
2025-02-04,1440.598229,1440.598229,1440.598229,1440.598229,1440.598229,33457800
2025-02-05,1440.670533,1440.670533,1440.670533,1440.670533,1440.670533,30653100
2025-02-06,1437.869384,1437.869384,1437.869384,1437.869384,1437.869384,35771500
2025-02-07,1442.009483,1442.009483,1442.009483,1442.009483,1442.009483,50788500
2025-02-10,1443.292905,1443.292905,1443.292905,1443.292905,1443.292905,26048700
2025-02-11,1451.052369,1451.052369,1451.052369,1451.052369,1451.052369,30056700
2025-02-12,1445.462187,1445.462187,1445.462187,1445.462187,1445.462187,45076100
2025-02-13,1430.800093,1430.800093,1430.800093,1430.800093,1430.800093,40921300
2025-02-14,1433.384657,1433.384657,1433.384657,1433.384657,1433.384657,26910400
2025-02-18,1433.806391,1433.806391,1433.806391,1433.806391,1433.806391,26749000
2025-02-19,1436.509588,1436.509588,1436.509588,1436.509588,1436.509588,31011100
2025-02-20,1433.125889,1433.125889,1433.125889,1433.125889,1433.125889,36554000
2025-02-21,1429.804072,1429.804072,1429.804072,1429.804072,1429.804072,76519800
2025-02-24,1429.217208,1429.217208,1429.217208,1429.217208,1429.217208,50737200
2025-02-25,1434.100735,1434.100735,1434.100735,1434.100735,1434.100735,58266500
2025-02-26,1433.884737,1433.884737,1433.884737,1433.884737,1433.884737,43321600
2025-02-27,1437.890884,1437.890884,1437.890884,1437.890884,1437.890884,74196700
2025-02-28,1443.405347,1443.405347,1443.405347,1443.405347,1443.405347,88744100
2025-03-03,1444.591295,1444.591295,1444.591295,1444.591295,1444.591295,74249200
2025-03-04,1449.381498,1449.381498,1449.381498,1449.381498,1449.381498,109648200
2025-03-05,1439.228859,1439.228859,1439.228859,1439.228859,1439.228859,71230500
2025-03-06,1438.733177,1438.733177,1438.733177,1438.733177,1438.733177,80094900
2025-03-07,1419.958333,1419.958333,1419.958333,1419.958333,1419.958333,81158800
2025-03-10,1415.399728,1415.399728,1415.399728,1415.399728,1415.399728,99326600
2025-03-11,1394.857908,1394.857908,1394.857908,1394.857908,1394.857908,88102100
2025-03-12,1391.852097,1391.852097,1391.852097,1391.852097,1391.852097,69588200
2025-03-13,1407.429931,1407.429931,1407.429931,1407.429931,1407.429931,74079400
2025-03-14,1406.402645,1406.402645,1406.402645,1406.402645,1406.402645,62660300
2025-03-17,1418.293654,1418.293654,1418.293654,1418.293654,1418.293654,49008700
2025-03-18,1418.172212,1418.172212,1418.172212,1418.172212,1418.172212,66041400
2025-03-19,1412.225421,1412.225421,1412.225421,1412.225421,1412.225421,66556000
2025-03-20,1416.710903,1416.710903,1416.710903,1416.710903,1416.710903,62958200
2025-03-21,1407.147998,1407.147998,1407.147998,1407.147998,1407.147998,83763000
2025-03-24,1395.811866,1395.811866,1395.811866,1395.811866,1395.811866,58766800
2025-03-25,1412.620334,1412.620334,1412.620334,1412.620334,1412.620334,38355700
2025-03-26,1415.551683,1415.551683,1415.551683,1415.551683,1415.551683,51848300
2025-03-27,1414.816741,1414.816741,1414.816741,1414.816741,1414.816741,42164200
2025-03-28,1411.237309,1411.237309,1411.237309,1411.237309,1411.237309,71662700
2025-03-31,1407.309749,1407.309749,1407.309749,1407.309749,1407.309749,95328200
2025-04-01,1392.474465,1392.474465,1392.474465,1392.474465,1392.474465,54609600
2025-04-02,1387.575946,1387.575946,1387.575946,1387.575946,1387.575946,76014500
2025-04-03,1372.864135,1372.864135,1372.864135,1372.864135,1372.864135,125986000
2025-04-04,1325.594207,1325.594207,1325.594207,1325.594207,1325.594207,217965100
2025-04-07,1293.346952,1293.346952,1293.346952,1293.346952,1293.346952,256611400
2025-04-08,1252.099135,1252.099135,1252.099135,1252.099135,1252.099135,165816600
2025-04-09,1295.427868,1295.427868,1295.427868,1295.427868,1295.427868,241867300
2025-04-10,1287.431436,1287.431436,1287.431436,1287.431436,1287.431436,162331200
2025-04-11,1248.766153,1248.766153,1248.766153,1248.766153,1248.766153,97866300
2025-04-14,1244.966653,1244.966653,1244.966653,1244.966653,1244.966653,68034000
2025-04-15,1268.476233,1268.476233,1268.476233,1268.476233,1268.476233,56892900
2025-04-16,1269.706701,1269.706701,1269.706701,1269.706701,1269.706701,83484800
2025-04-17,1255.638677,1255.638677,1255.638677,1255.638677,1255.638677,79868100
2025-04-21,1260.305036,1260.305036,1260.305036,1260.305036,1260.305036,69368100
2025-04-22,1247.67349,1247.67349,1247.67349,1247.67349,1247.67349,75948100
2025-04-23,1262.809535,1262.809535,1262.809535,1262.809535,1262.809535,90590700
2025-04-24,1294.311941,1294.311941,1294.311941,1294.311941,1294.311941,64150400
2025-04-25,1297.389566,1297.389566,1297.389566,1297.389566,1297.389566,61119600
2025-04-28,1297.230021,1297.230021,1297.230021,1297.230021,1297.230021,47613800
2025-04-29,1298.931998,1298.931998,1298.931998,1298.931998,1298.931998,47775100
2025-04-30,1294.292527,1294.292527,1294.292527,1294.292527,1294.292527,93101500
2025-05-01,1278.467783,1278.467783,1278.467783,1278.467783,1278.467783,63186100
2025-05-02,1291.844058,1291.844058,1291.844058,1291.844058,1291.844058,60717300
2025-05-05,1306.259315,1306.259315,1306.259315,1306.259315,1306.259315,38659200
2025-05-06,1296.537461,1296.537461,1296.537461,1296.537461,1296.537461,48264700
2025-05-07,1283.634801,1283.634801,1283.634801,1283.634801,1283.634801,55588000
2025-05-08,1286.671595,1286.671595,1286.671595,1286.671595,1286.671595,65130800
2025-05-09,1295.98471,1295.98471,1295.98471,1295.98471,1295.98471,37603400
2025-05-12,1299.176592,1299.176592,1299.176592,1299.176592,1299.176592,78993600
2025-05-13,1338.544809,1338.544809,1338.544809,1338.544809,1338.544809,67947200
2025-05-14,1339.442189,1339.442189,1339.442189,1339.442189,1339.442189,66283500
2025-05-15,1341.589111,1341.589111,1341.589111,1341.589111,1341.589111,71268100
2025-05-16,1336.887398,1336.887398,1336.887398,1336.887398,1336.887398,76052100
2025-05-19,1338.609115,1338.609115,1338.609115,1338.609115,1338.609115,68168500
2025-05-20,1324.80088,1324.80088,1324.80088,1324.80088,1324.80088,60614500
2025-05-21,1320.814774,1320.814774,1320.814774,1320.814774,1320.814774,95197700
2025-05-22,1310.924372,1310.924372,1310.924372,1310.924372,1310.924372,70860400
2025-05-23,1310.409003,1310.409003,1310.409003,1310.409003,1310.409003,76029000
2025-05-27,1294.365785,1294.365785,1294.365785,1294.365785,1294.365785,72588500
2025-05-28,1309.856647,1309.856647,1309.856647,1309.856647,1309.856647,68445500
2025-05-29,1310.69924,1310.69924,1310.69924,1310.69924,1310.69924,69973300
2025-05-30,1322.519768,1322.519768,1322.519768,1322.519768,1322.519768,90601200
2025-06-02,1319.943305,1319.943305,1319.943305,1319.943305,1319.943305,61630500
2025-06-03,1316.227233,1316.227233,1316.227233,1316.227233,1316.227233,63606200
2025-06-04,1315.339794,1315.339794,1315.339794,1315.339794,1315.339794,57314200
2025-06-05,1317.19364,1317.19364,1317.19364,1317.19364,1317.19364,92278700
2025-06-06,1320.885,1320.885,1320.885,1320.885,1320.885,66588700
2025-06-09,1333.313325,1333.313325,1333.313325,1333.313325,1333.313325,53016400
2025-06-10,1334.537297,1334.537297,1334.537297,1334.537297,1334.537297,66247000
2025-06-11,1335.672397,1335.672397,1335.672397,1335.672397,1335.672397,73658200
2025-06-12,1338.063947,1338.063947,1338.063947,1338.063947,1338.063947,64129000
2025-06-13,1334.993043,1334.993043,1334.993043,1334.993043,1334.993043,89506000
2025-06-16,1323.318572,1323.318572,1323.318572,1323.318572,1323.318572,79984100
2025-06-17,1330.788527,1330.788527,1330.788527,1330.788527,1330.788527,82209400
2025-06-18,1325.268094,1325.268094,1325.268094,1325.268094,1325.268094,76605000
2025-06-20,1327.219919,1327.219919,1327.219919,1327.219919,1327.219919,94051400
2025-06-23,1333.171454,1333.171454,1333.171454,1333.171454,1333.171454,87426000
2025-06-24,1334.809711,1334.809711,1334.809711,1334.809711,1334.809711,67735300
2025-06-25,1344.039258,1344.039258,1344.039258,1344.039258,1344.039258,62114800
2025-06-26,1346.47498,1346.47498,1346.47498,1346.47498,1346.47498,78548400
2025-06-27,1350.554646,1350.554646,1350.554646,1350.554646,1350.554646,86258400
2025-06-30,1352.71637,1352.71637,1352.71637,1352.71637,1352.71637,92502500
2025-07-01,1358.082161,1358.082161,1358.082161,1358.082161,1358.082161,70030100
2025-07-02,1354.739303,1354.739303,1354.739303,1354.739303,1354.739303,66510400
2025-07-03,1353.772293,1353.772293,1353.772293,1353.772293,1353.772293,51065800
2025-07-07,1358.068201,1358.068201,1358.068201,1358.068201,1358.068201,74814500
2025-07-08,1353.700562,1353.700562,1353.700562,1353.700562,1353.700562,59024600
2025-07-09,1355.094014,1355.094014,1355.094014,1355.094014,1355.094014,66113300
2025-07-10,1360.334104,1360.334104,1360.334104,1360.334104,1360.334104,57529000
2025-07-11,1360.571218,1360.571218,1360.571218,1360.571218,1360.571218,63670200
2025-07-14,1353.807394,1353.807394,1353.807394,1353.807394,1353.807394,51898500
2025-07-15,1352.741017,1352.741017,1352.741017,1352.741017,1352.741017,74317300
2025-07-16,1358.540443,1358.540443,1358.540443,1358.540443,1358.540443,88987500
2025-07-17,1361.966181,1361.966181,1361.966181,1361.966181,1361.966181,68885700
2025-07-18,1362.290718,1362.290718,1362.290718,1362.290718,1362.290718,65621600
2025-07-21,1364.955901,1364.955901,1364.955901,1364.955901,1364.955901,63375000
2025-07-22,1367.475586,1367.475586,1367.475586,1367.475586,1367.475586,60046300
2025-07-23,1368.124844,1368.124844,1368.124844,1368.124844,1368.124844,70511000
2025-07-24,1373.908476,1373.908476,1373.908476,1373.908476,1373.908476,71307100
2025-07-25,1374.684611,1374.684611,1374.684611,1374.684611,1374.684611,56865400
2025-07-28,1376.067518,1376.067518,1376.067518,1376.067518,1376.067518,54917100
2025-07-29,1376.819316,1376.819316,1376.819316,1376.819316,1376.819316,60556300
2025-07-30,1379.798396,1379.798396,1379.798396,1379.798396,1379.798396,80418900
2025-07-31,1381.162721,1381.162721,1381.162721,1381.162721,1381.162721,103385200
2025-08-01,1391.977711,1391.977711,1391.977711,1391.977711,1391.977711,140103600
2025-08-04,1379.179854,1379.179854,1379.179854,1379.179854,1379.179854,73218000
2025-08-05,1387.872997,1387.872997,1387.872997,1387.872997,1387.872997,68051400
2025-08-06,1389.166694,1389.166694,1389.166694,1389.166694,1389.166694,64357500
2025-08-07,1391.486493,1391.486493,1391.486493,1391.486493,1391.486493,74205800
2025-08-08,1399.024855,1399.024855,1399.024855,1399.024855,1399.024855,64051600
2025-08-11,1402.959881,1402.959881,1402.959881,1402.959881,1402.959881,58742300
2025-08-12,1403.506195,1403.506195,1403.506195,1403.506195,1403.506195,64730800
2025-08-13,1408.666667,1408.666667,1408.666667,1408.666667,1408.666667,60092800
2025-08-14,1413.461872,1413.461872,1413.461872,1413.461872,1413.461872,59327500
2025-08-15,1408.788581,1408.788581,1408.788581,1408.788581,1408.788581,68592500
2025-08-18,1410.989633,1410.989633,1410.989633,1410.989633,1410.989633,43804900
2025-08-19,1409.647198,1409.647198,1409.647198,1409.647198,1409.647198,69750700
2025-08-20,1409.182425,1409.182425,1409.182425,1409.182425,1409.182425,88890300
2025-08-21,1408.208918,1408.208918,1408.208918,1408.208918,1408.208918,54805800
2025-08-22,1404.100287,1404.100287,1404.100287,1404.100287,1404.100287,84083200
2025-08-25,1408.912449,1408.912449,1408.912449,1408.912449,1408.912449,51274300
2025-08-26,1406.069065,1406.069065,1406.069065,1406.069065,1406.069065,51581600
2025-08-27,1405.408061,1405.408061,1405.408061,1405.408061,1405.408061,48341100
2025-08-28,1404.052628,1404.052628,1404.052628,1404.052628,1404.052628,61519500
2025-08-29,1405.306647,1405.306647,1405.306647,1405.306647,1405.306647,74522200
2025-09-02,1402.096602,1402.096602,1402.096602,1402.096602,1402.096602,81983500
2025-09-03,1385.616488,1385.616488,1385.616488,1385.616488,1385.616488,70820900
2025-09-04,1390.740877,1390.740877,1390.740877,1390.740877,1390.740877,65219200
2025-09-05,1392.140036,1392.140036,1392.140036,1392.140036,1392.140036,85178900
2025-09-08,1397.131561,1397.131561,1397.131561,1397.131561,1397.131561,63133100
2025-09-09,1400.040476,1400.040476,1400.040476,1400.040476,1400.040476,66133900
2025-09-10,1400.272852,1400.272852,1400.272852,1400.272852,1400.272852,78034500
2025-09-11,1407.286209,1407.286209,1407.286209,1407.286209,1407.286209,69934400
2025-09-12,1411.466551,1411.466551,1411.466551,1411.466551,1411.466551,72780100
2025-09-15,1411.331351,1411.331351,1411.331351,1411.331351,1411.331351,63772400
2025-09-16,1416.048043,1416.048043,1416.048043,1416.048043,1416.048043,61169000
2025-09-17,1417.176864,1417.176864,1417.176864,1417.176864,1417.176864,101952200
2025-09-18,1417.127724,1417.127724,1417.127724,1417.127724,1417.127724,90459200
2025-09-19,1422.882525,1422.882525,1422.882525,1422.882525,1422.882525,97945600
2025-09-22,1426.906797,1426.906797,1426.906797,1426.906797,1426.906797,69452200
2025-09-23,1423.610723,1423.610723,1423.610723,1423.610723,1423.610723,81708900
2025-09-24,1423.28353,1423.28353,1423.28353,1423.28353,1423.28353,68082200
2025-09-25,1426.001796,1426.001796,1426.001796,1426.001796,1426.001796,89622100
2025-09-26,1419.114757,1419.114757,1419.114757,1419.114757,1419.114757,69179200
2025-09-29,1422.192368,1422.192368,1422.192368,1422.192368,1422.192368,73499000
2025-09-30,1427.579184,1427.579184,1427.579184,1427.579184,1427.579184,86288000
2025-10-01,1425.894506,1425.894506,1425.894506,1425.894506,1425.894506,72545400
2025-10-02,1419.381028,1419.381028,1419.381028,1419.381028,1419.381028,56896000
2025-10-03,1423.556473,1423.556473,1423.556473,1423.556473,1423.556473,70494400
2025-10-06,1425.123401,1425.123401,1425.123401,1425.123401,1425.123401,54623300
2025-10-07,1430.183958,1430.183958,1430.183958,1430.183958,1430.183958,72020100
2025-10-08,1432.092642,1432.092642,1432.092642,1432.092642,1432.092642,60702200
2025-10-09,1434.439597,1434.439597,1434.439597,1434.439597,1434.439597,66501900
2025-10-10,1435.262828,1435.262828,1435.262828,1435.262828,1435.262828,159422600
2025-10-13,1437.26517,1437.26517,1437.26517,1437.26517,1437.26517,79560500
2025-10-14,1453.985799,1453.985799,1453.985799,1453.985799,1453.985799,88779600
2025-10-15,1441.041469,1441.041469,1441.041469,1441.041469,1441.041469,81702600
2025-10-16,1450.956865,1450.956865,1450.956865,1450.956865,1450.956865,110563300
2025-10-17,1454.483286,1454.483286,1454.483286,1454.483286,1454.483286,96500900
2025-10-20,1451.900861,1451.900861,1451.900861,1451.900861,1451.900861,60493400
2025-10-21,1458.231089,1458.231089,1458.231089,1458.231089,1458.231089,56249000
2025-10-22,1458.462097,1458.462097,1458.462097,1458.462097,1458.462097,80564000
2025-10-23,1459.931712,1459.931712,1459.931712,1459.931712,1459.931712,65604500
2025-10-24,1460.558343,1460.558343,1460.558343,1460.558343,1460.558343,74356500
2025-10-27,1470.70369,1470.70369,1470.70369,1470.70369,1470.70369,63339800
2025-10-28,1482.529941,1482.529941,1482.529941,1482.529941,1482.529941,61738100
2025-10-29,1486.371489,1486.371489,1486.371489,1486.371489,1486.371489,85657100
2025-10-30,1489.888226,1489.888226,1489.888226,1489.888226,1489.888226,76335800
2025-10-31,1482.249644,1482.249644,1482.249644,1482.249644,1482.249644,87164100
2025-11-03,1493.534283,1493.534283,1493.534283,1493.534283,1493.534283,57315000
2025-11-04,1501.364212,1501.364212,1501.364212,1501.364212,1501.364212,78427000
2025-11-05,1485.405024,1485.405024,1485.405024,1485.405024,1485.405024,74402400
2025-11-06,1484.75889,1484.75889,1484.75889,1484.75889,1484.75889,85035300
2025-11-07,1482.252387,1482.252387,1482.252387,1482.252387,1482.252387,100592400
2025-11-10,1476.871264,1476.871264,1476.871264,1476.871264,1476.871264,75842900
2025-11-11,1490.597689,1490.597689,1490.597689,1490.597689,1490.597689,58953400
2025-11-12,1487.264101,1487.264101,1487.264101,1487.264101,1487.264101,62312500
2025-11-13,1491.0874,1491.0874,1491.0874,1491.0874,1491.0874,103457800
2025-11-14,1484.729249,1484.729249,1484.729249,1484.729249,1484.729249,96846700
2025-11-17,1469.941668,1469.941668,1469.941668,1469.941668,1469.941668,90456100
2025-11-18,1464.990113,1464.990113,1464.990113,1464.990113,1464.990113,114467500
2025-11-19,1457.060417,1457.060417,1457.060417,1457.060417,1457.060417,94703000
2025-11-20,1458.532784,1458.532784,1458.532784,1458.532784,1458.532784,165293500
2025-11-21,1481.086335,1481.086335,1481.086335,1481.086335,1481.086335,123956200
2025-11-24,1486.73181,1486.73181,1486.73181,1486.73181,1486.73181,80437900
2025-11-25,1494.913805,1494.913805,1494.913805,1494.913805,1494.913805,81077100
2025-11-26,1494.615712,1494.615712,1494.615712,1494.615712,1494.615712,71879600
2025-11-28,1500.319456,1500.319456,1500.319456,1500.319456,1500.319456,49212000
2025-12-01,1502.848996,1502.848996,1502.848996,1502.848996,1502.848996,61201200
2025-12-02,1492.702579,1492.702579,1492.702579,1492.702579,1492.702579,62953800
2025-12-03,1496.248221,1496.248221,1496.248221,1496.248221,1496.248221,57238500
2025-12-04,1494.065887,1494.065887,1494.065887,1494.065887,1494.065887,61970300
2025-12-05,1497.071416,1497.071416,1497.071416,1497.071416,1497.071416,79241000
2025-12-08,1499.358854,1499.358854,1499.358854,1499.358854,1499.358854,55231500
2025-12-09,1501.251707,1501.251707,1501.251707,1501.251707,1501.251707,58310100
2025-12-10,1500.122732,1500.122732,1500.122732,1500.122732,1500.122732,85671300
2025-12-11,1498.99363,1498.99363,1498.99363,1498.99363,1498.99363,86173700
2025-12-12,1493.621108,1493.621108,1493.621108,1493.621108,1493.621108,113160300
2025-12-15,1491.379289,1491.379289,1491.379289,1491.379289,1491.379289,90811000
2025-12-16,1500.010787,1500.010787,1500.010787,1500.010787,1500.010787,122030600
2025-12-17,1496.63069,1496.63069,1496.63069,1496.63069,1496.63069,110625200
2025-12-18,1498.804251,1498.804251,1498.804251,1498.804251,1498.804251,108650100
2025-12-19,1512.569364,1512.569364,1512.569364,1512.569364,1512.569364,103599500
2025-12-22,1517.232105,1517.232105,1517.232105,1517.232105,1517.232105,69556700
2025-12-23,1524.624019,1524.624019,1524.624019,1524.624019,1524.624019,64840000
2025-12-24,1522.521852,1522.521852,1522.521852,1522.521852,1522.521852,39445600
2025-12-26,1522.42358,1522.42358,1522.42358,1522.42358,1522.42358,41613300
2025-12-29,1522.920848,1522.920848,1522.920848,1522.920848,1522.920848,62559500
2025-12-30,1516.733989,1516.733989,1516.733989,1516.733989,1516.733989,47160700
2025-12-31,1515.776314,1515.776314,1515.776314,1515.776314,1515.776314,74144800
2026-01-02,1515.987098,1515.987098,1515.987098,1515.987098,1515.987098,89377200
2026-01-05,1524.336503,1524.336503,1524.336503,1524.336503,1524.336503,71927200
2026-01-06,1531.779183,1531.779183,1531.779183,1531.779183,1531.779183,69273800
2026-01-07,1532.170579,1532.170579,1532.170579,1532.170579,1532.170579,75588300
2026-01-08,1532.935551,1532.935551,1532.935551,1532.935551,1532.935551,64019200
2026-01-09,1531.169354,1531.169354,1531.169354,1531.169354,1531.169354,80125500
2026-01-12,1533.579825,1533.579825,1533.579825,1533.579825,1533.579825,63976000
2026-01-13,1526.013074,1526.013074,1526.013074,1526.013074,1526.013074,78309700
2026-01-14,1526.661268,1526.661268,1526.661268,1526.661268,1526.661268,94676700
2026-01-15,1520.489716,1520.489716,1520.489716,1520.489716,1520.489716,77862000
2026-01-16,1529.685665,1529.685665,1529.685665,1529.685665,1529.685665,79289200
2026-01-20,1532.746739,1532.746739,1532.746739,1532.746739,1532.746739,111623300
2026-01-21,1510.13425,1510.13425,1510.13425,1510.13425,1510.13425,127844500
2026-01-22,1514.672041,1514.672041,1514.672041,1514.672041,1514.672041,77112200
2026-01-23,1524.429968,1524.429968,1524.429968,1524.429968,1524.429968,63059600
2026-01-26,1522.516992,1522.516992,1522.516992,1522.516992,1522.516992,60473800
2026-01-27,1525.224308,1525.224308,1525.224308,1525.224308,1525.224308,55506100
2026-01-28,1528.340415,1528.340415,1528.340415,1528.340415,1528.340415,61172200
2026-01-29,1531.691774,1531.691774,1531.691774,1531.691774,1531.691774,97486200
2026-01-30,1533.751781,1533.751781,1533.751781,1533.751781,1533.751781,101835100
2026-02-02,1528.702997,1528.702997,1528.702997,1528.702997,1528.702997,79286500
2026-02-03,1523.346794,1523.346794,1523.346794,1523.346794,1523.346794,107904600
2026-02-04,1525.023035,1525.023035,1525.023035,1525.023035,1525.023035,105204600
2026-02-05,1526.760374,1526.760374,1526.760374,1526.760374,1526.760374,113610800
2026-02-06,1515.003459,1515.003459,1515.003459,1515.003459,1515.003459,89127600
2026-02-09,1523.512465,1523.512465,1523.512465,1523.512465,1523.512465,73885200
2026-02-10,1520.789441,1520.789441,1520.789441,1520.789441,1520.789441,65185700
2026-02-11,1522.904626,1522.904626,1522.904626,1522.904626,1522.904626,76353900
2026-02-12,1532.223616,1532.223616,1532.223616,1532.223616,1532.223616,118829000
2026-02-13,1537.195391,1537.195391,1537.195391,1537.195391,1537.195391,96267500
2026-02-17,1538.066016,1538.066016,1538.066016,1538.066016,1538.066016,81354700
2026-02-18,1534.357078,1534.357078,1534.357078,1534.357078,1534.357078,73570300
2026-02-19,1536.909172,1536.909172,1536.909172,1536.909172,1536.909172,58649400
2026-02-20,1531.345806,1531.345806,1531.345806,1531.345806,1531.345806,100034000
2026-02-23,1526.437416,1526.437416,1526.437416,1526.437416,1526.437416,90558100
2026-02-24,1522.818748,1522.818748,1522.818748,1522.818748,1522.818748,73798700
2026-02-25,1521.648999,1521.648999,1521.648999,1521.648999,1521.648999,56369500
2026-02-26,1527.837765,1527.837765,1527.837765,1527.837765,1527.837765,71671000
2026-02-27,1528.047789,1528.047789,1528.047789,1528.047789,1528.047789,83308900
2026-03-02,1514.205684,1514.205684,1514.205684,1514.205684,1514.205684,87477200
2026-03-03,1498.039485,1498.039485,1498.039485,1498.039485,1498.039485,105003100
2026-03-04,1473.259709,1473.259709,1473.259709,1473.259709,1473.259709,79182200
2026-03-05,1476.000791,1476.000791,1476.000791,1476.000791,1476.000791,106606500
2026-03-06,1469.356823,1469.356823,1469.356823,1469.356823,1469.356823,100687000
2026-03-09,1452.246549,1452.246549,1452.246549,1452.246549,1452.246549,102667700
2026-03-10,1439.237099,1439.237099,1439.237099,1439.237099,1439.237099,81505300
2026-03-11,1437.998005,1437.998005,1437.998005,1437.998005,1437.998005,68441700
2026-03-12,1438.775481,1438.775481,1438.775481,1438.775481,1438.775481,108882200
2026-03-13,1427.705832,1427.705832,1427.705832,1427.705832,1427.705832,97200200
2026-03-16,1434.514705,1434.514705,1434.514705,1434.514705,1434.514705,82023100
2026-03-17,1447.633273,1447.633273,1447.633273,1447.633273,1447.633273,87128000
2026-03-18,1454.830616,1454.830616,1454.830616,1454.830616,1454.830616,82062600
2026-03-19,1449.487922,1449.487922,1449.487922,1449.487922,1449.487922,111272500
2026-03-20,1439.642271,1439.642271,1439.642271,1439.642271,1439.642271,163617500
2026-03-23,1436.303837,1436.303837,1436.303837,1436.303837,1436.303837,134802700
2026-03-24,1457.269385,1457.269385,1457.269385,1457.269385,1457.269385,96457500
2026-03-25,1448.169469,1448.169469,1448.169469,1448.169469,1448.169469,90653800
2026-03-26,1460.268262,1460.268262,1460.268262,1460.268262,1460.268262,96494400
2026-03-27,1449.613287,1449.613287,1449.613287,1449.613287,1449.613287,103649400
2026-03-30,1443.720833,1443.720833,1443.720833,1443.720833,1443.720833,99275900
2026-03-31,1457.354653,1457.354653,1457.354653,1457.354653,1457.354653,152534100
2026-04-01,1473.35416,1473.35416,1473.35416,1473.35416,1473.35416,97841500
2026-04-02,1481.345298,1481.345298,1481.345298,1481.345298,1481.345298,68358700
2026-04-06,1461.332294,1461.332294,1461.332294,1461.332294,1461.332294,39105800
2026-04-07,1461.325994,1461.325994,1461.325994,1461.325994,1461.325994,69980400
2026-04-08,1456.196645,1456.196645,1456.196645,1456.196645,1456.196645,93606100
2026-04-09,1494.050039,1494.050039,1494.050039,1494.050039,1494.050039,57134400
2026-04-10,1491.389476,1491.389476,1491.389476,1491.389476,1491.389476,42253500
2026-04-13,1494.407918,1494.407918,1494.407918,1494.407918,1494.407918,54185800
2026-04-14,1489.824559,1489.824559,1489.824559,1489.824559,1489.824559,63480500
2026-04-15,1493.202444,1493.202444,1493.202444,1493.202444,1493.202444,58240400
2026-04-16,1494.847789,1494.847789,1494.847789,1494.847789,1494.847789,49972400
2026-04-17,1497.164931,1497.164931,1497.164931,1497.164931,1497.164931,70661900
2026-04-20,1506.648761,1506.648761,1506.648761,1506.648761,1506.648761,43546800
2026-04-21,1503.688063,1503.688063,1503.688063,1503.688063,1503.688063,58941400
2026-04-22,1506.922722,1506.922722,1506.922722,1506.922722,1506.922722,42518500
2026-04-23,1517.698058,1517.698058,1517.698058,1517.698058,1517.698058,56174000
2026-04-24,1513.973291,1513.973291,1513.973291,1513.973291,1513.973291,45182000
2026-04-27,1518.812512,1518.812512,1518.812512,1518.812512,1518.812512,33135900
2026-04-28,1517.098496,1517.098496,1517.098496,1517.098496,1517.098496,43117400
2026-04-29,1509.916513,1509.916513,1509.916513,1509.916513,1509.916513,41859200
2026-04-30,1508.377228,1508.377228,1508.377228,1508.377228,1508.377228,67240900
2026-05-01,1514.766732,1514.766732,1514.766732,1514.766732,1514.766732,43049800
2026-05-04,1520.149862,1520.149862,1520.149862,1520.149862,1520.149862,51950600
2026-05-05,1518.850489,1518.850489,1518.850489,1518.850489,1518.850489,36933200
2026-05-06,1526.727909,1526.727909,1526.727909,1526.727909,1526.727909,53288900
2026-05-07,1535.911316,1535.911316,1535.911316,1535.911316,1535.911316,51724600
2026-05-08,1538.3879,1538.3879,1538.3879,1538.3879,1538.3879,47227100
2026-05-11,1545.35515,1545.35515,1545.35515,1545.35515,1545.35515,44024000
2026-05-12,1542.826825,1542.826825,1542.826825,1542.826825,1542.826825,54185300
2026-05-13,1537.720403,1537.720403,1537.720403,1537.720403,1537.720403,44200200
2026-05-14,1538.24762,1538.24762,1538.24762,1538.24762,1538.24762,45307600
2026-05-15,1540.947496,1540.947496,1540.947496,1540.947496,1540.947496,60410800
2026-05-18,1527.730662,1527.730662,1527.730662,1527.730662,1527.730662,47843900
2026-05-19,1529.01844,1529.01844,1529.01844,1529.01844,1529.01844,54255900
2026-05-20,1520.931334,1520.931334,1520.931334,1520.931334,1520.931334,45768000
2026-05-21,1524.959425,1524.959425,1524.959425,1524.959425,1524.959425,43332200
2026-05-22,1519.513896,1519.513896,1519.513896,1519.513896,1519.513896,41762000
2026-05-26,1526.639055,1526.639055,1526.639055,1526.639055,1526.639055,41123600
2026-05-27,1535.509546,1535.509546,1535.509546,1535.509546,1535.509546,42106300
2026-05-28,1536.025934,1536.025934,1536.025934,1536.025934,1536.025934,41562600
2026-05-29,1535.519205,1535.519205,1535.519205,1535.519205,1535.519205,55075700
2026-06-01,1538.087702,1538.087702,1538.087702,1538.087702,1538.087702,43634900
2026-06-02,1535.733696,1535.733696,1535.733696,1535.733696,1535.733696,31581900
2026-06-03,1532.600023,1532.600023,1532.600023,1532.600023,1532.600023,51402500
2026-06-04,1529.658381,1529.658381,1529.658381,1529.658381,1529.658381,49923000
2026-06-05,1525.242073,1525.242073,1525.242073,1525.242073,1525.242073,93989400
2026-06-08,1515.536431,1515.536431,1515.536431,1515.536431,1515.536431,49319100
2026-06-09,1527.398367,1527.398367,1527.398367,1527.398367,1527.398367,87683500
2026-06-10,1536.433873,1536.433873,1536.433873,1536.433873,1536.433873,60341300
2026-06-11,1528.727776,1528.727776,1528.727776,1528.727776,1528.727776,86330500
2026-06-12,1535.668606,1535.668606,1535.668606,1535.668606,1535.668606,57079500
2026-06-15,1541.731926,1541.731926,1541.731926,1541.731926,1541.731926,60176400
2026-06-16,1562.646723,1562.646723,1562.646723,1562.646723,1562.646723,67093100
2026-06-17,1561.989042,1561.989042,1561.989042,1561.989042,1561.989042,85945200
2026-06-18,1563.909147,1563.909147,1563.909147,1563.909147,1563.909147,80875700
2026-06-22,1582.24848,1582.24848,1582.24848,1582.24848,1582.24848,46628100
2026-06-23,1584.203385,1584.203385,1584.203385,1584.203385,1584.203385,66846800
2026-06-24,1561.60905,1561.60905,1561.60905,1561.60905,1561.60905,57439500
2026-06-25,1564.915514,1564.915514,1564.915514,1564.915514,1564.915514,53934400
2026-06-26,1576.937846,1576.937846,1576.937846,1576.937846,1576.937846,71034000
2026-06-29,1565.37024,1565.37024,1565.37024,1565.37024,1565.37024,58035200
2026-06-30,1581.481908,1581.481908,1581.481908,1581.481908,1581.481908,55626000
2026-07-01,1582.021736,1582.021736,1582.021736,1582.021736,1582.021736,47100900
2026-07-02,1578.193103,1578.193103,1578.193103,1578.193103,1578.193103,57447800
2026-07-06,1581.584622,1581.584622,1581.584622,1581.584622,1581.584622,50673300
2026-07-07,1589.914418,1589.914418,1589.914418,1589.914418,1589.914418,43721500
2026-07-08,1587.591784,1587.591784,1587.591784,1587.591784,1587.591784,43767400
2026-07-09,1577.851999,1577.851999,1577.851999,1577.851999,1577.851999,41441700
2026-07-10,1581.900632,1581.900632,1581.900632,1581.900632,1581.900632,42191300
2026-07-13,1582.536998,1582.536998,1582.536998,1582.536998,1582.536998,44013600
2026-07-14,1577.25952,1577.25952,1577.25952,1577.25952,1577.25952,35143100
2026-07-15,1580.84377,1580.84377,1580.84377,1580.84377,1580.84377,43844800
2026-07-16,1585.831888,1585.831888,1585.831888,1585.831888,1585.831888,46409800
2026-07-17,1581.445827,1581.445827,1581.445827,1581.445827,1581.445827,62651000
2026-07-20,1563.166881,1563.166881,1563.166881,1563.166881,1563.166881,50422300
2026-07-21,1571.016778,1571.016778,1571.016778,1571.016778,1571.016778,34324300
2026-07-22,1579.829252,1579.829252,1579.829252,1579.829252,1579.829252,32836200
2026-07-23,1576.24571,1576.24571,1576.24571,1576.24571,1576.24571,55437300
2026-07-24,1559.211837,1559.211837,1559.211837,1559.211837,1559.211837,44782000
2026-07-27,1559.83088,1559.83088,1559.83088,1559.83088,1559.83088,41461200
2026-07-28,1572.37563,1572.37563,1572.37563,1572.37563,1572.37563,47322200
2026-07-29,1572.509745,1572.509745,1572.509745,1572.509745,1572.509745,70697200
2026-07-30,1570.542148,1570.542148,1570.542148,1570.542148,1570.542148,66811300
2026-07-31,1584.651315,1584.651315,1584.651315,1584.651315,1584.651315,62445900
2026-08-03,1590.960021,1590.960021,1590.960021,1590.960021,1590.960021,59927500
2026-08-04,1596.012827,1596.012827,1596.012827,1596.012827,1596.012827,69154800
2026-08-05,1602.16788,1602.16788,1602.16788,1602.16788,1602.16788,44689100
2026-08-06,1611.476019,1611.476019,1611.476019,1611.476019,1611.476019,38416900
2026-08-07,1612.274628,1612.274628,1612.274628,1612.274628,1612.274628,43586300
2026-08-10,1617.35431,1617.35431,1617.35431,1617.35431,1617.35431,39249500
2026-08-11,1615.893052,1615.893052,1615.893052,1615.893052,1615.893052,36740600
2026-08-12,1618.947606,1618.947606,1618.947606,1618.947606,1618.947606,33179100
2026-08-13,1627.585378,1627.585378,1627.585378,1627.585378,1627.585378,35634500
2026-08-14,1632.518251,1632.518251,1632.518251,1632.518251,1632.518251,31367900
2026-08-17,1633.821682,1633.821682,1633.821682,1633.821682,1633.821682,34356600
2026-08-18,1633.403285,1633.403285,1633.403285,1633.403285,1633.403285,43920900
2026-08-19,1624.929563,1624.929563,1624.929563,1624.929563,1624.929563,40306000
2026-08-20,1631.009381,1631.009381,1631.009381,1631.009381,1631.009381,45520300
2026-08-21,1624.353731,1624.353731,1624.353731,1624.353731,1624.353731,39188700
2026-08-24,1631.620717,1631.620717,1631.620717,1631.620717,1631.620717,32430900
2026-08-25,1629.536254,1629.536254,1629.536254,1629.536254,1629.536254,27422300
2026-08-26,1635.195977,1635.195977,1635.195977,1635.195977,1635.195977,28751600
2026-08-27,1632.595077,1632.595077,1632.595077,1632.595077,1632.595077,34557100
