date,open,high,low,close,adj_close,volume
2011-10-20,25.3100,25.3600,25.1000,25.3600,19.2397,4200
2011-10-21,25.6700,25.6700,25.6700,25.6700,19.4749,100
2011-10-24,25.6700,25.6700,25.6700,25.6700,19.4749,0
2011-10-25,25.8000,25.8000,25.5800,25.5800,19.4066,4000
2011-10-26,25.7300,25.7300,25.4600,25.6900,19.4901,4200
2011-10-27,26.0300,26.0300,26.0300,26.0300,19.7480,100
2011-10-28,26.0700,26.0700,26.0200,26.0200,19.7404,400
2011-10-31,26.0100,26.0100,25.9600,25.9600,19.6949,500
2011-11-01,25.9600,25.9600,25.9600,25.9600,19.6949,0
2011-11-02,25.9600,25.9600,25.9600,25.9600,19.6949,0
2011-11-03,25.9600,25.9600,25.9600,25.9600,19.6949,0
2011-11-04,25.7900,25.8000,25.7900,25.8000,19.5735,2000
2011-11-07,25.7000,25.7000,25.7000,25.7000,19.4977,100
2011-11-08,26.0800,26.1000,26.0800,26.1000,19.8011,1300
2011-11-09,25.7700,25.8300,25.6000,25.6100,19.4294,3200
2011-11-10,26.4900,26.4900,25.6700,25.7400,19.5280,2900
2011-11-11,26.1300,26.2500,26.1300,26.2000,19.8770,2400
2011-11-14,26.0300,26.0300,26.0300,26.0300,19.7480,100
2011-11-15,25.9000,26.2400,25.9000,26.0300,19.7480,23600
2011-11-16,25.9800,26.0000,25.8400,25.8400,19.6039,1000
2011-11-17,25.6500,25.6500,25.3900,25.3900,19.2625,1300
2011-11-18,25.5400,25.5400,25.5300,25.5300,19.3687,1100
2011-11-21,25.1700,25.2500,25.0500,25.1400,19.0728,5000
2011-11-22,25.1400,25.1400,25.1400,25.1400,19.0728,0
2011-11-23,24.8000,24.8900,24.7100,24.8000,18.8149,9600
2011-11-25,24.4400,24.7900,24.4400,24.7900,18.8073,1500
2011-11-28,25.2300,25.3100,25.2300,25.3100,19.2018,2500
2011-11-29,25.3400,25.3400,25.3400,25.3400,19.2246,200
2011-11-30,26.4500,26.4500,25.8000,26.0000,19.7253,4800
2011-12-01,26.7600,26.7600,26.0700,26.2000,19.8770,1900
2011-12-02,26.1800,26.1800,26.1200,26.1200,19.8163,700
2011-12-05,26.2300,26.3400,26.0700,26.0700,19.7784,5100
2011-12-06,26.2000,26.2900,26.2000,26.2900,19.9453,3500
2011-12-07,26.1500,26.2900,26.1500,26.2900,19.9453,3000
2011-12-08,26.2500,26.4700,25.9800,26.4700,20.0818,3500
2011-12-09,26.2300,26.3100,26.2300,26.3100,19.9605,1200
2011-12-12,28.7700,28.7700,25.8800,25.9400,19.6798,3800
2011-12-13,26.9900,26.9900,25.8500,25.8800,19.6342,27800
2011-12-14,25.8000,25.8800,25.7600,25.7900,19.5660,123700
2011-12-15,25.9400,25.9400,25.9000,25.9000,19.6494,3100
2011-12-16,25.8900,25.9300,25.8900,25.9100,19.6570,14300
2011-12-19,25.9100,25.9100,25.9100,25.9100,19.6570,0
2011-12-20,25.9100,25.9100,25.9100,25.9100,19.6570,0
2011-12-21,26.3600,26.4700,26.3500,26.4500,20.0667,5300
2011-12-22,26.5800,26.5800,26.4000,26.4600,20.1336,1800
2011-12-23,26.7200,26.7200,26.5800,26.6700,20.2934,4100
2011-12-27,26.7400,26.8400,26.7400,26.8400,20.4228,6300
2011-12-28,26.6800,26.6800,26.6000,26.6400,20.2706,3400
2011-12-29,26.6900,26.7700,26.6800,26.7500,20.3543,7200
2011-12-30,26.8400,26.8400,26.7000,26.7200,20.3315,3200
2012-01-03,26.9600,26.9700,26.7100,26.7100,20.3239,12000
2012-01-04,26.6700,26.7000,26.5800,26.6000,20.2402,23000
2012-01-05,26.5000,26.6900,26.5000,26.6000,20.2402,10300
2012-01-06,27.1600,27.1600,26.6900,26.6900,20.3086,1500
2012-01-09,26.5900,26.6800,26.5900,26.6800,20.3010,2500
2012-01-10,27.1200,27.1200,26.8100,26.8300,20.4152,9200
2012-01-11,27.2400,27.2400,26.7900,26.8200,20.4076,4300
2012-01-12,26.8200,26.9200,26.8100,26.9200,20.4836,2000
2012-01-13,26.6800,26.8000,26.6800,26.8000,20.3923,10000
2012-01-17,27.2000,27.2000,26.9100,26.9600,20.5141,26100
2012-01-18,27.0100,27.1000,27.0100,27.1000,20.6206,19500
2012-01-19,27.1400,27.2200,27.1400,27.1900,20.6891,3400
2012-01-20,27.4700,27.4700,27.1300,27.1700,20.6739,8400
2012-01-23,27.2000,27.2000,27.0600,27.1200,20.6358,5200
2012-01-24,27.0400,27.0900,27.0400,27.0700,20.5978,3200
2012-01-25,26.9700,27.2600,26.9700,27.2600,20.7424,4300
2012-01-26,27.7100,27.7100,27.1300,27.1700,20.6739,9400
2012-01-27,27.1200,27.1500,27.1000,27.1500,20.6587,4000
2012-01-30,26.8700,27.0200,26.8700,27.0200,20.5597,400
2012-01-31,27.1100,27.1100,27.0400,27.0700,20.5978,7500
2012-02-01,27.2500,27.3200,27.2500,27.3200,20.7880,4400
2012-02-02,27.2900,27.2900,27.1800,27.2200,20.7119,26500
2012-02-03,27.3000,27.4000,27.3000,27.3900,20.8413,10000
2012-02-06,27.3400,27.3400,27.2800,27.2800,20.7576,5300
2012-02-07,27.2500,27.4500,27.2500,27.4500,20.8869,20200
2012-02-08,27.6900,27.6900,27.3400,27.3500,20.8108,13200
2012-02-09,27.3000,27.4300,27.3000,27.4300,20.8717,4900
2012-02-10,27.5300,27.5300,27.2200,27.2300,20.7195,9200
2012-02-13,27.4300,27.4300,27.2800,27.3200,20.7880,8600
2012-02-14,27.4900,27.4900,27.2900,27.3900,20.8413,11600
2012-02-15,27.4300,27.4400,27.2800,27.3500,20.8108,8400
2012-02-16,27.7400,27.7400,27.3100,27.5300,20.9478,18100
2012-02-17,27.5500,27.5800,27.5000,27.5800,20.9858,13600
2012-02-21,27.8500,27.8500,27.3900,27.4800,20.9098,8000
2012-02-22,27.4600,27.5300,27.4200,27.5000,20.9250,10900
2012-02-23,27.5700,27.6500,27.5100,27.6400,21.0315,7700
2012-02-24,27.6600,27.7300,27.6000,27.7000,21.0772,4700
2012-02-27,27.6900,27.7000,27.6300,27.6400,21.0315,8100
2012-02-28,27.7000,27.7700,27.6800,27.7500,21.1152,181400
2012-02-29,27.7900,27.7900,27.6300,27.6400,21.0315,8800
2012-03-01,27.7500,27.7600,27.6500,27.7000,21.0772,13000
2012-03-02,28.2400,28.5000,27.6100,27.6400,21.0315,26300
2012-03-05,27.8200,27.8200,27.2700,27.7600,21.1228,3000
2012-03-06,27.6700,27.6700,27.4500,27.5300,20.9478,18800
2012-03-07,27.7300,27.7300,27.4700,27.6500,21.0391,7800
2012-03-08,28.0000,28.0000,27.7300,27.8400,21.1837,10200
2012-03-09,27.8200,27.9300,27.7800,27.9100,21.2369,6400
2012-03-12,27.9800,28.0600,27.9400,28.0600,21.3511,4700
2012-03-13,28.4600,28.4600,28.0500,28.0500,21.3435,8400
2012-03-14,28.4600,28.4600,28.1000,28.1000,21.3815,4200
2012-03-15,28.0800,28.1600,28.0400,28.1300,21.4043,43900
2012-03-16,28.1400,28.1400,28.1400,28.1400,21.4120,200
2012-03-19,28.3900,28.3900,28.1000,28.2200,21.4728,15900
2012-03-20,28.1100,28.2400,28.1000,28.1700,21.4348,15200
2012-03-21,28.3100,28.3100,28.1400,28.1800,21.4424,14200
2012-03-22,28.0900,28.1000,28.0500,28.0800,21.3663,8700
2012-03-23,28.1600,28.1600,27.8900,27.9600,21.3655,4300
2012-03-26,28.2400,28.2700,28.2100,28.2300,21.5719,2300
2012-03-27,28.3500,28.3500,28.2400,28.2400,21.5795,11300
2012-03-28,28.2100,28.2100,28.0500,28.1400,21.5031,8700
2012-03-29,28.0400,28.0500,28.0200,28.0500,21.4343,800
2012-03-30,28.2200,28.2900,28.2200,28.2300,21.5719,13200
2012-04-02,28.2900,28.4600,28.2900,28.3900,21.6941,5800
2012-04-03,28.2500,28.2500,28.2500,28.2500,21.5871,200
2012-04-04,28.1800,28.2700,28.1800,28.2500,21.5871,3700
2012-04-05,28.5600,28.5600,28.2100,28.2300,21.5719,8400
2012-04-09,27.8600,28.0800,27.8200,28.0300,21.4190,20400
2012-04-10,27.9600,27.9600,27.6300,27.6900,21.1592,6800
2012-04-11,27.8500,27.8800,27.8500,27.8500,21.2815,7800
2012-04-12,27.8700,28.0500,27.8500,28.0500,21.4343,6000
2012-04-13,27.9700,28.0300,27.9100,27.9100,21.3273,9600
2012-04-16,28.0800,28.0800,27.8900,27.9300,21.3426,165900
2012-04-17,28.0700,28.3000,28.0700,28.3000,21.6254,1600
2012-04-18,28.2000,28.2900,28.2000,28.2800,21.6101,20800
2012-04-19,27.5300,28.2200,27.5300,28.0500,21.4343,8200
2012-04-20,28.3000,28.3900,28.2400,28.3100,21.6330,11400
2012-04-23,28.3100,28.3100,27.9600,28.1000,21.4725,46800
2012-04-24,28.5400,28.5400,28.1300,28.1300,21.4954,16000
2012-04-25,28.2800,28.4100,28.2800,28.4000,21.7018,5800
2012-04-26,28.4800,28.6500,28.4100,28.6500,21.8928,4400
2012-04-27,28.6800,28.7200,28.6200,28.7100,21.9387,6000
2012-04-30,28.9900,28.9900,28.6000,28.6000,21.8546,16000
2012-05-01,28.8300,28.9000,28.6700,28.7800,21.9921,60700
2012-05-02,28.8100,28.8100,28.6200,28.7800,21.9921,23000
2012-05-03,28.7900,28.8000,28.5900,28.6800,21.9157,9400
2012-05-04,28.5000,28.5200,28.3500,28.3600,21.6712,23300
2012-05-07,28.3600,28.4300,28.2700,28.3900,21.6941,218000
2012-05-08,28.2400,28.3400,28.1000,28.3400,21.6559,16100
2012-05-09,28.0700,28.2900,28.0500,28.2200,21.5642,73400
2012-05-10,28.3600,28.4100,28.2700,28.3500,21.6636,398200
2012-05-11,28.3800,28.4700,28.3400,28.3700,21.6788,130000
2012-05-14,28.2100,28.2100,28.0100,28.1200,21.4878,152200
2012-05-15,28.1000,28.2200,28.0400,28.1000,21.4725,751100
2012-05-16,28.2100,28.2100,28.0800,28.1600,21.5184,10100
2012-05-17,28.0300,28.0400,27.7000,27.7300,21.1898,32700
2012-05-18,27.7900,27.8000,27.4800,27.5100,21.0217,51600
2012-05-21,27.5600,27.7700,27.5400,27.7700,21.2203,24700
2012-05-22,27.8100,27.9800,27.7900,27.8200,21.2586,52000
2012-05-23,27.7600,27.9100,27.6000,27.9100,21.3273,72000
2012-05-24,27.9800,28.0500,27.8700,28.0400,21.4267,22300
2012-05-25,28.1000,28.1400,27.9800,28.0000,21.3961,34200
2012-05-29,28.2000,28.2000,28.0600,28.1200,21.4878,32200
2012-05-30,28.0300,28.0700,27.9400,27.9800,21.3808,19600
2012-05-31,28.0000,28.0500,27.8000,27.9800,21.3808,10400
2012-06-01,27.7100,27.7100,27.4400,27.4700,20.9911,34600
2012-06-04,27.4400,27.5800,27.3900,27.5800,21.0752,26000
2012-06-05,27.5200,27.6300,27.5000,27.6300,21.1134,34600
2012-06-06,27.7500,28.0700,27.7500,28.0700,21.4496,47200
2012-06-07,28.2700,28.2700,28.0500,28.0900,21.4649,68600
2012-06-08,28.0500,28.2600,28.0500,28.2500,21.5871,173200
2012-06-11,28.4200,28.4200,28.0800,28.0800,21.4572,18300
2012-06-12,28.1600,28.2600,28.0200,28.2600,21.5948,63600
2012-06-13,28.2300,28.3600,28.1500,28.2200,21.5642,309900
2012-06-14,28.3800,28.5100,28.3500,28.4900,21.7705,95600
2012-06-15,28.6000,28.6800,28.5500,28.6800,21.9157,39100
2012-06-18,28.6400,28.8300,28.6400,28.8200,22.0227,78700
2012-06-19,28.8300,29.0000,28.8200,28.9400,22.1144,3660100
2012-06-20,28.9000,29.0000,28.6600,28.7900,21.9998,51100
2012-06-21,28.8600,28.8600,28.3600,28.3600,21.6712,151400
2012-06-22,28.3600,28.5600,28.3600,28.5600,21.8664,15100
2012-06-25,28.3000,28.3700,28.1600,28.2500,21.6291,21900
2012-06-26,28.4000,28.4400,28.2100,28.4000,21.7439,59600
2012-06-27,28.4300,28.4900,28.4200,28.4700,21.7975,106100
2012-06-28,28.3300,28.4500,28.1100,28.4500,21.7822,83500
2012-06-29,28.7600,28.9400,28.7200,28.9400,22.1574,1306700
2012-07-02,29.1000,29.1500,28.8900,29.1500,22.3181,46400
2012-07-03,29.1400,29.2300,29.0900,29.1700,22.3335,66400
2012-07-05,29.1800,29.2700,29.1000,29.2000,22.3564,140500
2012-07-06,29.0200,29.0500,28.9100,29.0200,22.2186,40500
2012-07-09,29.0000,29.0400,28.8700,29.0400,22.2339,50200
2012-07-10,29.1200,29.1200,28.8700,28.9600,22.1727,1358000
2012-07-11,28.9100,28.9800,28.8000,28.9500,22.1650,134800
2012-07-12,28.7700,29.0500,28.7500,29.0200,22.2186,715800
2012-07-13,29.0200,29.3300,29.0200,29.3300,22.4560,147200
2012-07-16,29.2500,29.3200,29.1900,29.2600,22.4024,53200
2012-07-17,29.2800,29.5000,29.1800,29.4700,22.5632,655800
2012-07-18,29.3300,29.5700,29.3300,29.5300,22.6091,491000
2012-07-19,29.5200,29.5500,29.3700,29.5200,22.6014,196500
2012-07-20,29.4100,29.4300,29.2700,29.3000,22.4330,125000
2012-07-23,29.0500,29.1100,28.8600,29.0100,22.2110,496700
2012-07-24,28.9800,29.1000,28.6200,28.7900,22.0425,431300
2012-07-25,28.7900,28.9400,28.7700,28.8300,22.0732,97200
2012-07-26,29.1500,29.3000,29.0900,29.1800,22.3411,84500
2012-07-27,29.3500,29.6800,29.3500,29.6500,22.7010,81800
2012-07-30,29.7200,29.8200,29.5900,29.6700,22.7163,154900
2012-07-31,29.8600,29.8600,29.5000,29.5000,22.5861,358200
2012-08-01,29.6100,29.6100,29.3700,29.3700,22.4866,463500
2012-08-02,29.2300,29.6300,29.0400,29.2300,22.3794,130100
2012-08-03,29.6700,29.6700,29.4700,29.5200,22.6014,52200
2012-08-06,29.6000,29.6200,29.4800,29.5100,22.5938,187400
2012-08-07,29.5700,29.5700,29.4100,29.4500,22.5478,307000
2012-08-08,29.3800,29.5000,29.3800,29.4700,22.5632,197900
2012-08-09,29.4500,29.4800,29.3500,29.4000,22.5096,113600
2012-08-10,29.3700,29.4200,29.2700,29.4000,22.5096,622900
2012-08-13,29.4000,29.6200,29.3000,29.3900,22.5019,191800
2012-08-14,29.5000,29.5100,29.4300,29.4700,22.5632,101400
2012-08-15,29.4600,29.5400,29.4600,29.4700,22.5632,642300
2012-08-16,29.4600,29.5300,29.3700,29.5100,22.5938,339800
2012-08-17,29.5400,29.5400,29.4500,29.5300,22.6091,117600
2012-08-20,29.6400,29.6400,29.4000,29.4900,22.5785,107300
2012-08-21,29.5100,29.5600,29.3800,29.4000,22.5096,78700
2012-08-22,29.3400,29.4100,29.2800,29.3900,22.5019,97100
2012-08-23,29.3700,29.3700,29.2200,29.2800,22.4177,270400
2012-08-24,29.2800,29.5200,29.2500,29.4900,22.5785,165000
2012-08-27,29.4900,29.5200,29.4200,29.4700,22.5632,1197000
2012-08-28,29.4400,29.5200,29.4200,29.4600,22.5555,202600
2012-08-29,29.4800,29.5600,29.4200,29.4900,22.5785,170600
2012-08-30,29.4200,29.4200,29.3000,29.3500,22.4713,91900
2012-08-31,29.4400,29.5500,29.3400,29.4500,22.5478,131200
2012-09-04,29.4300,29.5500,29.3200,29.5000,22.5861,238200
2012-09-05,29.5500,29.5500,29.4300,29.4700,22.5632,190100
2012-09-06,29.6300,29.9000,29.6300,29.9000,22.8924,459700
2012-09-07,29.9800,30.0600,29.7600,29.8100,22.8235,137900
2012-09-10,29.7800,29.8300,29.7400,29.7400,22.7699,446300
2012-09-11,29.7800,29.8400,29.7500,29.7800,22.8005,144200
2012-09-12,29.8300,29.8300,29.7300,29.7700,22.7929,185000
2012-09-13,29.8000,30.1200,29.7200,30.0500,23.0072,187900
2012-09-14,30.0500,30.0600,29.8400,29.9100,22.9000,291200
2012-09-17,29.9200,29.9500,29.8700,29.9100,22.9000,425500
2012-09-18,29.9400,29.9400,29.8500,29.9100,22.9000,440700
2012-09-19,29.9700,30.0300,29.9000,29.9600,22.9383,148600
2012-09-20,29.8700,30.0400,29.8600,30.0200,22.9843,239000
2012-09-21,30.1400,30.1400,30.0400,30.0500,23.0072,155200
2012-09-24,29.8200,29.9300,29.7200,29.9000,23.0350,86800
2012-09-25,29.9600,30.0100,29.7200,29.7300,22.9040,141200
2012-09-26,29.7700,29.7700,29.6500,29.6700,22.8578,125800
2012-09-27,29.7000,29.8300,29.6100,29.7700,22.9348,494900
2012-09-28,29.7200,29.7800,29.5500,29.7300,22.9040,676900
2012-10-01,29.7700,29.9300,29.7400,29.7700,22.9348,249400
2012-10-02,29.8700,29.8700,29.7200,29.8100,22.9656,411700
2012-10-03,29.8900,29.9900,29.8000,29.9500,23.0735,209000
2012-10-04,30.0600,30.1200,30.0100,30.0800,23.1736,172500
2012-10-05,30.2400,30.2900,30.0900,30.1500,23.2276,272300
2012-10-08,30.1100,30.1100,30.0200,30.0900,23.1813,92500
2012-10-09,30.1100,30.1100,29.8100,29.8100,22.9656,158200
2012-10-10,29.8500,29.8500,29.6500,29.6800,22.8655,273200
2012-10-11,29.8900,29.8900,29.5900,29.6000,22.8038,195700
2012-10-12,29.6600,29.6900,29.4800,29.5200,22.7422,87800
2012-10-15,29.5700,29.7500,29.4800,29.7400,22.9117,118300
2012-10-16,29.8600,29.9500,29.8400,29.9200,23.0504,118500
2012-10-17,30.0000,30.0700,29.9600,30.0500,23.1505,1268000
2012-10-18,30.0300,30.1000,29.9700,30.0500,23.1505,162100
2012-10-19,30.0200,30.0200,29.5800,29.6300,22.8269,157900
2012-10-22,29.5800,29.5800,29.3900,29.5500,22.7653,176100
2012-10-23,29.3300,29.4100,29.1500,29.3400,22.6035,341400
2012-10-24,29.3700,29.3900,29.2500,29.2800,22.5573,1989200
2012-10-25,29.4300,29.4900,29.2800,29.4000,22.6498,196100
2012-10-26,29.3400,29.4000,29.2000,29.3200,22.5881,208500
2012-10-31,29.4600,29.5300,29.2900,29.4000,22.6498,459600
2012-11-01,29.4900,29.6800,29.4900,29.6500,22.8424,259500
2012-11-02,29.8300,29.8300,29.3600,29.3800,22.6343,267800
2012-11-05,29.3700,29.3800,29.1800,29.3400,22.6035,336400
2012-11-06,29.4200,29.5800,29.3700,29.4600,22.6960,293300
2012-11-07,29.3300,29.3300,28.8600,29.0400,22.3724,425600
2012-11-08,28.9900,29.1100,28.8300,28.8300,22.2106,232500
2012-11-09,28.7400,28.9500,28.7100,28.8000,22.1875,339200
2012-11-12,28.8900,28.8900,28.7500,28.7800,22.1721,292000
2012-11-13,28.7200,28.9400,28.6700,28.7400,22.1413,140400
2012-11-14,28.8100,28.8100,28.3600,28.4100,21.8871,323400
2012-11-15,28.4200,28.4800,28.2300,28.3600,21.8485,217400
2012-11-16,28.4000,28.6300,28.3200,28.6100,22.0411,100100
2012-11-19,28.8300,28.9400,28.7900,28.9200,22.2800,228500
2012-11-20,28.9200,28.9600,28.7600,28.9600,22.3108,162900
2012-11-21,28.9900,29.1100,28.9500,29.0500,22.3801,265700
2012-11-23,29.1500,29.3100,29.1100,29.3100,22.5804,167300
2012-11-26,29.2500,29.2700,29.1600,29.2500,22.5342,260400
2012-11-27,29.2500,29.3100,29.1400,29.1400,22.4495,430300
2012-11-28,29.0900,29.3600,28.9300,29.3600,22.6189,275000
2012-11-29,29.3700,29.4700,29.3300,29.4500,22.6883,536600
2012-11-30,29.4600,29.5200,29.3800,29.5000,22.7268,325300
2012-12-03,29.6000,29.6000,29.3000,29.3100,22.5804,364300
2012-12-04,29.3300,29.3700,29.2600,29.2600,22.5419,188600
2012-12-05,29.3800,29.4400,29.1900,29.3500,22.6112,588000
2012-12-06,29.3800,29.4400,29.3200,29.3900,22.6420,286500
2012-12-07,29.4800,29.5100,29.3300,29.4600,22.6960,197400
2012-12-10,29.4700,29.5400,29.4400,29.4900,22.7191,1275500
2012-12-11,29.5400,29.6700,29.5000,29.5800,22.7884,150000
2012-12-12,29.6300,29.7000,29.5100,29.5200,22.7422,355300
2012-12-13,29.5700,29.5800,29.3500,29.4000,22.6498,259600
2012-12-14,29.3900,29.4100,29.3100,29.3100,22.5804,170000
2012-12-17,29.4100,29.5800,29.3700,29.5800,22.7884,143600
2012-12-18,29.6400,29.7500,29.5400,29.7400,22.9117,207900
2012-12-19,29.5800,29.5800,29.3400,29.3500,22.7597,369100
2012-12-20,29.3300,29.4300,29.2300,29.4300,22.8217,193400
2012-12-21,29.2100,29.3000,29.0100,29.2300,22.6667,309100
2012-12-24,29.2000,29.2400,29.0900,29.1600,22.6124,139800
2012-12-26,29.2000,29.2000,28.9300,28.9800,22.4728,358600
2012-12-27,28.9700,29.0300,28.7000,28.9500,22.4619,171100
2012-12-28,28.8700,28.9100,28.6700,28.6700,22.2447,332700
2012-12-31,28.6000,29.0500,28.5500,29.0400,22.5318,280200
2013-01-02,29.4800,29.6300,29.4200,29.6300,22.9895,577100
2013-01-03,29.6200,29.7500,29.5900,29.6700,23.0206,167700
2013-01-04,29.7500,29.8800,29.7100,29.8400,23.1525,255400
2013-01-07,29.7600,29.8000,29.6700,29.7200,23.0594,424900
2013-01-08,29.7000,29.7200,29.6100,29.6900,23.0361,190700
2013-01-09,29.7600,29.8100,29.7200,29.8000,23.1214,198000
2013-01-10,29.9100,29.9700,29.8100,29.9700,23.2533,297900
2013-01-11,29.9900,30.0000,29.9100,29.9800,23.2611,162500
2013-01-14,30.0000,30.0300,29.9600,30.0000,23.2766,207400
2013-01-15,29.9500,30.0600,29.9100,30.0400,23.3076,234000
2013-01-16,29.9900,30.0200,29.9500,29.9800,23.2611,545200
2013-01-17,30.0400,30.2000,30.0300,30.1200,23.3697,459200
2013-01-18,30.1400,30.2200,30.0600,30.2200,23.4473,207400
2013-01-22,30.2200,30.3500,30.2000,30.3500,23.5482,170200
2013-01-23,30.3700,30.3800,30.2900,30.3600,23.5559,557500
2013-01-24,30.4300,30.5300,30.3800,30.4400,23.6180,404300
2013-01-25,30.5200,30.5200,30.3800,30.4800,23.6490,288200
2013-01-28,30.5600,30.5600,30.4300,30.4600,23.6335,295300
2013-01-29,30.4800,30.6600,30.4500,30.6400,23.7732,1310300
2013-01-30,30.6700,30.6700,30.5000,30.5000,23.6645,366500
2013-01-31,30.5200,30.5700,30.4700,30.4900,23.6568,270600
2013-02-01,30.6400,30.7700,30.6400,30.7500,23.8585,404500
2013-02-04,30.6200,30.6400,30.4500,30.4700,23.6413,217300
2013-02-05,30.5900,30.7500,30.5900,30.6800,23.8042,323600
2013-02-06,30.6200,30.7500,30.5900,30.7500,23.8585,285600
2013-02-07,30.8000,30.8300,30.6000,30.7700,23.8740,375700
2013-02-08,30.8100,30.9200,30.8100,30.9200,23.9904,125300
2013-02-11,30.9000,30.9200,30.8400,30.9100,23.9827,138700
2013-02-12,30.8700,30.9300,30.8600,30.8900,23.9671,260400
2013-02-13,30.9200,30.9600,30.8100,30.8800,23.9594,442800
2013-02-14,30.7900,30.8300,30.7500,30.8000,23.8973,413800
2013-02-15,30.8400,30.9200,30.7800,30.8800,23.9594,399800
2013-02-19,30.9200,31.0800,30.9200,31.0700,24.1068,1031900
2013-02-20,31.0600,31.1200,30.9200,30.9400,24.0059,2108400
2013-02-21,30.9200,30.9200,30.7900,30.8600,23.9439,517800
2013-02-22,30.9600,31.1400,30.9400,31.1400,24.1611,203800
2013-02-25,31.2900,31.3300,30.8000,30.8000,23.8973,243100
2013-02-26,30.9400,31.0300,30.8400,31.0100,24.0603,2782700
2013-02-27,31.0000,31.3900,30.9600,31.3500,24.3241,192800
2013-02-28,31.3500,31.4800,31.2900,31.3300,24.3085,194300
2013-03-01,31.2700,31.4200,31.1500,31.4100,24.3706,191100
2013-03-04,31.4100,31.6200,31.3400,31.6200,24.5335,154400
2013-03-05,31.7500,31.8800,31.7500,31.8300,24.6965,261000
2013-03-06,31.8700,31.9400,31.7600,31.7900,24.6654,503400
2013-03-07,31.8100,31.8300,31.7600,31.7700,24.6499,203300
2013-03-08,31.8800,31.9100,31.7400,31.8400,24.7042,226800
2013-03-11,31.8200,31.8900,31.8100,31.8800,24.7353,347900
2013-03-12,31.9100,31.9300,31.8300,31.8800,24.7353,389900
2013-03-13,31.9500,31.9800,31.8500,31.9600,24.7973,212800
2013-03-14,32.0200,32.0700,31.9900,32.0700,24.8827,3590600
2013-03-15,32.0100,32.0100,31.9300,31.9700,24.8051,3641300
2013-03-18,31.8000,31.9600,31.7700,31.8600,24.7197,499100
2013-03-19,31.9200,31.9700,31.7500,31.9200,24.7663,366800
2013-03-20,32.0200,32.2100,32.0200,32.1700,24.9603,322000
2013-03-21,32.0800,32.2000,32.0300,32.0900,24.8982,2767600
2013-03-22,32.1500,32.3900,32.1500,32.3700,25.1155,521800
2013-03-25,32.3300,32.3700,32.0800,32.1400,25.0313,426300
2013-03-26,32.2800,32.4900,32.2800,32.4800,25.2961,262000
2013-03-27,32.3700,32.5500,32.3200,32.5400,25.3429,7237500
2013-03-28,32.5700,32.8000,32.5100,32.7600,25.5142,642500
2013-04-01,32.7500,32.8100,32.6300,32.7000,25.4675,1209600
2013-04-02,32.8100,32.9400,32.8100,32.8800,25.6077,703200
2013-04-03,32.9400,32.9500,32.5500,32.6400,25.4208,888400
2013-04-04,32.6800,32.8300,32.6600,32.8100,25.5532,415400
2013-04-05,32.5600,32.6900,32.4700,32.6800,25.4519,426900
2013-04-08,32.6800,32.8400,32.5900,32.8200,25.5609,563600
2013-04-09,32.8900,33.0000,32.7800,32.9100,25.6310,7779400
2013-04-10,32.9900,33.2500,32.9900,33.2300,25.8803,553200
2013-04-11,33.2700,33.4500,33.2700,33.3800,25.9971,1348400
2013-04-12,33.3100,33.4000,33.2500,33.3900,26.0049,294200
2013-04-15,33.2700,33.3100,32.7900,32.7900,25.5376,523600
2013-04-16,32.9600,33.2200,32.9100,33.2100,25.8647,4990900
2013-04-17,33.0700,33.0700,32.7800,32.9200,25.6388,821800
2013-04-18,33.0400,33.0500,32.7500,32.8800,25.6077,714000
2013-04-19,32.9900,33.2400,32.9500,33.2200,25.8725,969200
2013-04-22,33.2600,33.3900,33.1100,33.3200,25.9503,1282100
2013-04-23,33.4100,33.5900,33.2500,33.5700,26.1451,3986800
2013-04-24,33.5400,33.5700,33.3300,33.3700,25.9893,923300
2013-04-25,33.4500,33.6100,33.4000,33.5100,26.0983,4784500
2013-04-26,33.5000,33.5500,33.4000,33.4700,26.0672,317900
2013-04-29,33.5100,33.6700,33.5000,33.6300,26.1918,320800
2013-04-30,33.6000,33.6700,33.4500,33.6700,26.2229,503900
2013-05-01,33.6000,33.6500,33.3500,33.3900,26.0049,619600
2013-05-02,33.4500,33.5900,33.4300,33.5400,26.1217,290100
2013-05-03,33.7300,33.7700,33.6600,33.7100,26.2541,499800
2013-05-06,33.7100,33.7100,33.5600,33.5900,26.1606,909500
2013-05-07,33.6400,33.7800,33.5700,33.7800,26.3086,889800
2013-05-08,33.7700,33.8300,33.7300,33.7900,26.3164,522700
2013-05-09,33.8100,33.8100,33.5800,33.6300,26.1918,640300
2013-05-10,33.6900,33.8000,33.6200,33.7900,26.3164,237600
2013-05-13,33.7500,33.8200,33.6600,33.7600,26.2930,368600
2013-05-14,33.8200,34.0900,33.8200,34.0800,26.5423,1890300
2013-05-15,34.0700,34.3800,34.0500,34.3200,26.7292,481100
2013-05-16,34.2700,34.2700,34.0200,34.0600,26.5267,2832300
2013-05-17,34.1400,34.2700,34.0500,34.2500,26.6746,1949100
2013-05-20,34.2600,34.2600,34.0400,34.1000,26.5578,740100
2013-05-21,34.1300,34.2300,33.9800,34.1600,26.6046,3294800
2013-05-22,34.2000,34.4800,33.7400,33.8800,26.3865,3832500
2013-05-23,33.6400,33.8700,33.5600,33.8000,26.3242,852700
2013-05-24,33.6400,33.7600,33.5100,33.7600,26.2930,201000
2013-05-28,34.0100,34.1400,33.7100,33.8000,26.3242,544200
2013-05-29,33.6500,33.6500,33.1600,33.3600,25.9815,934300
2013-05-30,33.3800,33.5500,33.3500,33.3700,25.9893,378900
2013-05-31,33.2700,33.4000,32.8600,32.8800,25.6077,913900
2013-06-03,32.9100,33.0300,32.7100,33.0200,25.7167,1102200
2013-06-04,33.0200,33.1000,32.7500,32.8900,25.6155,1395600
2013-06-05,32.8300,32.8600,32.4900,32.5000,25.3117,1009800
2013-06-06,32.4900,32.8600,32.4200,32.8500,25.5843,2036900
2013-06-07,32.9800,33.1500,32.9400,33.1400,25.8102,272500
2013-06-10,33.2200,33.2300,33.0300,33.1000,25.7790,585200
2013-06-11,32.9300,33.2100,32.7800,32.8500,25.5843,4765200
2013-06-12,33.0800,33.1200,32.6900,32.7200,25.4831,659300
2013-06-13,32.6500,33.2100,32.6000,33.1800,25.8413,791400
2013-06-14,33.1600,33.3200,33.0600,33.1100,25.7868,458600
2013-06-17,33.2700,33.4400,33.1600,33.3200,25.9503,3347200
2013-06-18,33.3200,33.5200,33.2900,33.4900,26.0828,496000
2013-06-19,33.5200,33.5200,32.9100,32.9200,25.6388,461300
2013-06-20,32.7000,32.7000,32.0000,32.0600,24.9690,1197300
2013-06-21,32.3100,32.3900,31.9900,32.2800,25.1404,905900
2013-06-24,32.0300,32.3000,31.7800,32.0400,24.9535,1804200
2013-06-25,32.2700,32.3900,32.0500,32.3100,25.1637,1065300
2013-06-26,32.4600,32.7200,32.4600,32.6500,25.4285,370100
2013-06-27,32.6200,32.7800,32.6100,32.6700,25.5797,815000
2013-06-28,32.6100,32.7500,32.4500,32.5700,25.5014,663900
2013-07-01,32.6900,32.8900,32.6600,32.7100,25.6110,858100
2013-07-02,32.6700,32.8300,32.5100,32.6200,25.5405,471400
2013-07-03,32.5200,32.6700,32.4300,32.5900,25.5170,290500
2013-07-05,32.7100,32.7500,32.3900,32.7400,25.6345,5205700
2013-07-08,32.8800,33.0600,32.8800,33.0000,25.8380,492400
2013-07-09,33.1000,33.1800,33.0400,33.1300,25.9398,2828800
2013-07-10,33.1000,33.3000,33.0700,33.2500,26.0338,1450000
2013-07-11,33.5400,33.7800,33.5400,33.7600,26.4331,1652500
2013-07-12,33.7500,33.7800,33.6500,33.7500,26.4253,1613800
2013-07-15,33.7800,33.8700,33.7000,33.8600,26.5114,7152100
2013-07-16,33.8700,33.8700,33.6800,33.7400,26.4174,634200
2013-07-17,33.8100,33.9000,33.7400,33.7600,26.4331,3696900
2013-07-18,33.8200,33.9500,33.8000,33.8500,26.5036,13797900
2013-07-19,33.8400,33.9300,33.7700,33.9300,26.5662,2275200
2013-07-22,33.9400,33.9600,33.8300,33.9400,26.5740,5304700
2013-07-23,33.9800,33.9800,33.8200,33.9000,26.5427,6969500
2013-07-24,33.9800,33.9800,33.6000,33.6800,26.3705,3761200
2013-07-25,33.6600,33.8100,33.5900,33.8100,26.4722,3774100
2013-07-26,33.7000,33.8900,33.5400,33.8800,26.5271,338600
2013-07-29,33.8300,33.8800,33.7700,33.8300,26.4879,426600
2013-07-30,33.9400,34.0200,33.7900,33.8700,26.5192,380000
2013-07-31,33.8900,33.9800,33.7400,33.7700,26.4409,318000
2013-08-01,33.9400,34.0600,33.9400,34.0100,26.6288,278600
2013-08-02,33.9300,34.0400,33.8900,34.0100,26.6288,216100
2013-08-05,34.0000,34.0200,33.9200,33.9800,26.6053,223400
2013-08-06,33.9200,34.0600,33.8400,33.8900,26.5349,512500
2013-08-07,33.8300,33.8300,33.6800,33.7700,26.4409,359800
2013-08-08,33.8900,33.9400,33.7400,33.9000,26.5427,256400
2013-08-09,33.8900,33.9100,33.7400,33.8300,26.4879,289700
2013-08-12,33.7100,33.8200,33.6900,33.7800,26.4487,202900
2013-08-13,33.7800,33.8300,33.6400,33.7400,26.4174,827400
2013-08-14,33.7300,33.7400,33.5700,33.5700,26.2843,190800
2013-08-15,33.4400,33.4400,33.0800,33.1200,25.9320,528300
2013-08-16,33.0500,33.0800,32.8400,32.9200,25.7754,601500
2013-08-19,32.8400,32.9600,32.7600,32.7600,25.6501,1520400
2013-08-20,32.7900,33.0800,32.7900,32.9800,25.8224,324500
2013-08-21,32.9100,33.0400,32.7300,32.7800,25.6658,308900
2013-08-22,32.8300,33.0500,32.8100,32.9500,25.7989,433300
2013-08-23,33.0300,33.1800,32.9400,33.1300,25.9398,901100
2013-08-26,33.1600,33.2100,32.9700,32.9700,25.8146,224600
2013-08-27,32.7300,32.8200,32.6600,32.6600,25.5718,271300
2013-08-28,32.6300,32.7500,32.5800,32.6700,25.5797,478600
2013-08-29,32.6300,32.8200,32.5500,32.7300,25.6266,824700
2013-08-30,32.7500,32.7500,32.5700,32.6700,25.5797,384800
2013-09-03,32.7600,32.9500,32.4900,32.6200,25.5405,727400
2013-09-04,32.5600,32.8300,32.5300,32.7600,25.6501,620000
2013-09-05,32.7800,32.8000,32.6800,32.7000,25.6031,743700
2013-09-06,32.7900,32.9600,32.5800,32.7800,25.6658,806800
2013-09-09,32.8900,33.0700,32.8300,33.0400,25.8694,2004800
2013-09-10,33.2200,33.2500,33.1100,33.2500,26.0338,721000
2013-09-11,33.2800,33.4100,33.2100,33.3900,26.1434,236500
2013-09-12,33.4300,33.4600,33.3000,33.3100,26.0808,496300
2013-09-13,33.3400,33.4400,33.3400,33.4400,26.1825,928300
2013-09-16,33.7600,33.8300,33.6000,33.6200,26.3235,322900
2013-09-17,33.6900,33.7500,33.6600,33.7200,26.4018,127100
2013-09-18,33.7100,34.2800,33.6600,34.2800,26.8402,307600
2013-09-19,34.3100,34.3300,34.1600,34.2000,26.7776,167000
2013-09-20,34.2400,34.2400,33.9300,33.9700,26.5975,1180500
2013-09-23,33.8800,33.9500,33.8000,33.8800,26.5271,181200
2013-09-24,33.5600,33.6300,33.4700,33.5200,26.4576,216900
2013-09-25,33.5300,33.5400,33.3600,33.4000,26.3629,210800
2013-09-26,33.4400,33.5600,33.3900,33.5200,26.4576,549000
2013-09-27,33.4200,33.4600,33.3000,33.3800,26.3471,462900
2013-09-30,33.1300,33.2700,33.0700,33.2300,26.2287,206200
2013-10-01,33.2400,33.4600,33.2400,33.4600,26.4102,261800
2013-10-02,33.3000,33.3700,33.1300,33.3400,26.3155,368600
2013-10-03,33.2800,33.3000,32.9500,33.0700,26.1024,388600
2013-10-04,33.0700,33.2300,33.0500,33.2200,26.2208,202400
2013-10-07,32.9900,33.1700,32.9800,33.0100,26.0550,156000
2013-10-08,32.9800,33.0900,32.7800,32.7800,25.8735,380500
2013-10-09,32.8000,32.9000,32.7100,32.8000,25.8893,385700
2013-10-10,33.1000,33.3800,33.0400,33.3700,26.3392,263700
2013-10-11,33.3400,33.5900,33.3100,33.5700,26.4971,161800
2013-10-14,33.3300,33.6600,33.3300,33.6500,26.5602,212400
2013-10-15,33.5700,33.6300,33.4000,33.4000,26.3629,255400
2013-10-16,33.5300,33.9600,33.5300,33.9600,26.8049,206100
2013-10-17,33.9200,34.3100,33.8600,34.3100,27.0811,300800
2013-10-18,34.4100,34.4100,34.2700,34.3900,27.1443,448200
2013-10-21,34.4000,34.4000,34.2400,34.3700,27.1285,196300
2013-10-22,34.4300,34.7500,34.4300,34.7000,27.3890,489500
2013-10-23,34.5600,34.6800,34.5600,34.6400,27.3416,297500
2013-10-24,34.6400,34.7000,34.6200,34.6700,27.3653,972100
2013-10-25,34.7400,34.8200,34.6500,34.8000,27.4679,382200
2013-10-28,34.8100,34.9500,34.8100,34.8900,27.5389,349800
2013-10-29,34.9600,35.1000,34.9400,35.1000,27.7047,263900
2013-10-30,35.1300,35.1300,34.7800,34.8600,27.5153,287600
2013-10-31,34.9000,34.9500,34.7200,34.8000,27.4679,395900
2013-11-01,34.8100,34.9600,34.7500,34.9000,27.5468,327700
2013-11-04,34.9900,34.9900,34.8400,34.9900,27.6179,310500
2013-11-05,34.9200,34.9900,34.8100,34.9100,27.5547,270500
2013-11-06,35.0100,35.1000,34.9600,35.1000,27.7047,226900
2013-11-07,35.1900,35.1900,34.7100,34.7400,27.4205,935300
2013-11-08,34.7400,34.9600,34.5500,34.9600,27.5942,474800
2013-11-11,34.9600,34.9800,34.9000,34.9100,27.5547,129600
2013-11-12,34.9300,34.9300,34.7800,34.9000,27.5468,198100
2013-11-13,34.8500,35.1700,34.8100,35.1700,27.7599,1208600
2013-11-14,35.2000,35.4400,35.2000,35.4200,27.9573,499400
2013-11-15,35.4500,35.5200,35.3300,35.5000,28.0204,236200
2013-11-18,35.5800,35.5800,35.3400,35.3900,27.9336,350100
2013-11-19,35.3500,35.4300,35.2700,35.3200,27.8783,215900
2013-11-20,35.3800,35.4100,35.0500,35.1700,27.7599,379400
2013-11-21,35.2100,35.3100,35.1400,35.2900,27.8547,177800
2013-11-22,35.3100,35.4200,35.2400,35.4200,27.9573,298100
2013-11-25,35.4900,35.5000,35.3300,35.3900,27.9336,497900
2013-11-26,35.4100,35.4200,35.3000,35.3100,27.8704,350000
2013-11-27,35.3600,35.3600,35.2400,35.3300,27.8862,257400
2013-11-29,35.3400,35.4200,35.2300,35.2600,27.8310,100700
2013-12-02,35.2600,35.3000,35.0900,35.1300,27.7284,522900
2013-12-03,35.0600,35.1000,34.9200,35.0400,27.6573,424400
2013-12-04,34.9100,35.0500,34.6700,34.9300,27.5705,539800
2013-12-05,34.8800,34.8900,34.7600,34.7900,27.4600,213400
2013-12-06,35.0700,35.2300,35.0300,35.2300,27.8073,320700
2013-12-09,35.2400,35.3000,35.1700,35.1900,27.7757,258300
2013-12-10,35.2000,35.2000,35.0200,35.0300,27.6494,201200
2013-12-11,35.0700,35.0700,34.6800,34.7200,27.4048,240200
2013-12-12,34.6500,34.6800,34.5000,34.5200,27.2469,319900
2013-12-13,34.5600,34.6500,34.4900,34.5400,27.2627,214000
2013-12-16,34.6900,34.7800,34.5800,34.6500,27.3495,663100
2013-12-17,34.6300,34.6800,34.4500,34.5200,27.2469,701500
2013-12-18,34.5600,35.1200,34.3700,35.1200,27.7205,649800
2013-12-19,35.0800,35.0900,34.9000,35.0800,27.6889,1286600
2013-12-20,35.1000,35.2800,35.1000,35.2200,27.7994,281200
2013-12-23,35.1100,35.1700,35.0200,35.1000,27.8677,320000
2013-12-24,35.0700,35.2100,35.0400,35.2000,27.9471,157600
2013-12-26,35.2200,35.3300,35.1900,35.3100,28.0344,176700
2013-12-27,35.3700,35.4200,35.3000,35.3300,28.0503,260000
2013-12-30,35.3900,35.4400,35.3500,35.4400,28.1376,223600
2013-12-31,35.4800,35.5200,35.3900,35.5000,28.1853,215600
2014-01-02,35.3600,35.4300,35.0700,35.1500,27.9074,232800
2014-01-03,35.1300,35.2700,35.1100,35.1400,27.8994,287500
2014-01-06,35.2600,35.2800,35.0000,35.0600,27.8359,465800
2014-01-07,35.2000,35.3300,35.1100,35.2600,27.9947,477500
2014-01-08,35.3200,35.3200,35.1600,35.2500,27.9868,423700
2014-01-09,35.2900,35.3400,35.1800,35.3000,28.0265,834000
2014-01-10,35.3700,35.4700,35.2800,35.4700,28.1614,249200
2014-01-13,35.3800,35.4900,35.0500,35.1100,27.8756,215900
2014-01-14,35.1400,35.3500,35.1100,35.3200,28.0424,172300
2014-01-15,35.3500,35.4700,35.3100,35.3900,28.0979,394400
2014-01-16,35.3800,35.4200,35.3200,35.4100,28.1138,404500
2014-01-17,35.4200,35.4300,35.3000,35.3600,28.0741,287700
2014-01-21,35.4900,35.5100,35.2100,35.3700,28.0821,840000
2014-01-22,35.3600,35.4000,35.3100,35.3700,28.0821,195700
2014-01-23,35.2600,35.2600,34.9800,35.1200,27.8836,794400
2014-01-24,34.9800,35.0000,34.5400,34.5600,27.4390,528600
2014-01-27,34.5500,34.6200,34.3300,34.4100,27.3199,717600
2014-01-28,34.4200,34.6500,34.4200,34.6000,27.4707,3887300
2014-01-29,34.4100,34.4900,34.2400,34.3000,27.2325,433300
2014-01-30,34.5000,34.6400,34.4200,34.6000,27.4707,1686700
2014-01-31,34.2700,34.5900,34.1500,34.4200,27.3278,396500
2014-02-03,34.4000,34.4000,33.6500,33.6800,26.7403,747200
2014-02-04,33.8500,33.9200,33.7200,33.8900,26.9070,656800
2014-02-05,33.8000,33.9400,33.6800,33.8600,26.8832,277300
2014-02-06,33.9100,34.1600,33.9100,34.1400,27.1055,354300
2014-02-07,34.3000,34.5700,34.2400,34.5700,27.4469,164100
2014-02-10,34.5900,34.6700,34.4800,34.6600,27.5184,282400
2014-02-11,34.7000,35.1200,34.6600,35.0300,27.8121,388500
2014-02-12,35.0700,35.1800,34.9500,35.0300,27.8121,625600
2014-02-13,34.8300,35.2700,34.8100,35.2600,27.9947,157400
2014-02-14,35.2600,35.4800,35.1600,35.4500,28.1456,246100
2014-02-18,35.5600,35.6100,35.4800,35.5500,28.2250,424000
2014-02-19,35.5000,35.6800,35.3800,35.4200,28.1217,350100
2014-02-20,35.4000,35.7000,35.3800,35.6500,28.3044,4298000
2014-02-21,35.6900,35.7800,35.5800,35.6100,28.2726,395400
2014-02-24,35.6400,35.9000,35.6400,35.6600,28.3123,359800
2014-02-25,35.6900,35.8100,35.6000,35.6600,28.3123,321600
2014-02-26,35.7300,35.8400,35.5800,35.6700,28.3202,205700
2014-02-27,35.6600,35.8000,35.6300,35.8000,28.4235,226500
2014-02-28,35.8300,36.0400,35.7600,35.9300,28.5267,627600
2014-03-03,35.7000,35.7700,35.5300,35.6800,28.3282,432800
2014-03-04,35.9800,36.2200,35.9800,36.1700,28.7172,194700
2014-03-05,36.1500,36.2200,36.0400,36.0900,28.6537,348000
2014-03-06,36.1500,36.1900,36.0700,36.0700,28.6378,192100
2014-03-07,36.1600,36.2000,35.9700,36.1600,28.7093,208200
2014-03-10,36.0700,36.1300,35.9700,36.1300,28.6855,146400
2014-03-11,36.1400,36.2500,36.0200,36.0900,28.6537,151600
2014-03-12,35.9300,36.1300,35.9300,36.1200,28.6775,193100
2014-03-13,36.1600,36.2000,35.7800,35.8200,28.4393,295800
2014-03-14,35.7700,35.9800,35.7700,35.8400,28.4552,288000
2014-03-17,35.9900,36.1600,35.9700,36.0800,28.6458,160800
2014-03-18,36.1800,36.3000,36.1400,36.2400,28.7728,469900
2014-03-19,36.2900,36.3000,35.8000,35.9600,28.5505,367100
2014-03-20,35.9700,36.0800,35.8600,36.0300,28.6061,567900
2014-03-21,36.2500,36.2600,35.9300,35.9300,28.5267,250600
2014-03-24,35.9900,36.1000,35.6800,35.7800,28.4076,208900
2014-03-25,35.7700,35.8200,35.5700,35.7200,28.5049,264600
2014-03-26,35.8600,35.9000,35.5900,35.6100,28.4172,279600
2014-03-27,35.6500,35.6800,35.4800,35.6200,28.4251,160500
2014-03-28,35.6300,35.8600,35.6200,35.7100,28.4970,301600
2014-03-31,35.9100,36.0500,35.8800,36.0500,28.7683,216800
2014-04-01,36.1200,36.1300,35.9300,36.0800,28.7922,307800
2014-04-02,36.1500,36.2000,36.0400,36.1700,28.8640,187100
2014-04-03,36.1400,36.2200,36.0800,36.1800,28.8720,227700
2014-04-04,36.2400,36.3700,35.8600,35.8800,28.6326,269600
2014-04-07,35.8400,35.9000,35.6200,35.6300,28.4331,295500
2014-04-08,35.6500,35.8100,35.5400,35.7800,28.5528,208600
2014-04-09,35.8800,36.0400,35.7700,36.0400,28.7603,167000
2014-04-10,35.9600,36.1200,35.4500,35.5200,28.3453,246900
2014-04-11,35.3600,35.5100,35.2500,35.2600,28.1378,164600
2014-04-14,35.4500,35.5600,35.2800,35.5200,28.3453,235900
2014-04-15,35.5500,35.7400,35.3600,35.7300,28.5129,231600
2014-04-16,35.8600,36.0800,35.8600,36.0800,28.7922,186700
2014-04-17,36.0600,36.1300,36.0200,36.1000,28.8082,149000
2014-04-21,36.1600,36.2100,36.0700,36.2100,28.8960,231200
2014-04-22,36.2500,36.3700,36.2100,36.2900,28.9598,331700
2014-04-23,36.2300,36.3000,36.1900,36.2300,28.9119,282400
2014-04-24,36.3200,36.3200,36.1200,36.1700,28.8640,170100
2014-04-25,36.1100,36.1500,36.0000,36.0900,28.8002,320800
2014-04-28,36.2200,36.3700,35.9900,36.2900,28.9598,156800
2014-04-29,36.3700,36.4600,36.3400,36.3800,29.0316,208500
2014-04-30,36.4200,36.5300,36.3500,36.5300,29.1513,431400
2014-05-01,36.5500,36.5500,36.3700,36.5200,29.1433,434800
2014-05-02,36.4600,36.6100,36.3900,36.4200,29.0635,305200
2014-05-05,36.3400,36.5300,36.2400,36.5200,29.1433,175800
2014-05-06,36.5100,36.5100,36.2500,36.2500,28.9279,277600
2014-05-07,36.3500,36.4800,36.2100,36.4700,29.1034,154200
2014-05-08,36.4100,36.6300,36.3400,36.4500,29.0875,757100
2014-05-09,36.4700,36.5100,36.3300,36.5000,29.1274,169400
2014-05-12,36.6400,36.7000,36.6100,36.6800,29.2710,382100
2014-05-13,36.7600,36.7700,36.6800,36.7300,29.3109,200500
2014-05-14,36.7600,36.7600,36.6000,36.6400,29.2391,156900
2014-05-15,36.5400,36.5600,36.2600,36.3400,28.9997,194800
2014-05-16,36.4400,36.5100,36.2800,36.5100,29.1354,171000
2014-05-19,36.5000,36.5200,36.4000,36.5100,29.1354,159400
2014-05-20,36.5300,36.5300,36.2200,36.2900,28.9598,163500
2014-05-21,36.3900,36.5000,36.2400,36.4900,29.1194,145400
2014-05-22,36.5600,36.6100,36.4100,36.5600,29.1753,522500
2014-05-23,36.6200,36.6500,36.5700,36.6400,29.2391,267200
2014-05-27,36.7800,36.8000,36.6700,36.7200,29.3030,282800
2014-05-28,36.7600,36.7600,36.6200,36.6500,29.2471,362800
2014-05-29,36.7400,36.8200,36.6500,36.8200,29.3827,282400
2014-05-30,36.8200,36.9500,36.7900,36.9500,29.4865,341500
2014-06-02,37.0000,37.0000,36.8500,36.9300,29.4705,207400
2014-06-03,36.9100,36.9100,36.8300,36.8900,29.4386,304500
2014-06-04,36.8900,37.0400,36.8100,37.0400,29.5583,311100
2014-06-05,37.1000,37.2000,36.9200,37.1800,29.6700,358000
2014-06-06,37.2400,37.3000,37.2000,37.2500,29.7259,314100
2014-06-09,37.2900,37.3300,37.1700,37.2400,29.7179,126300
2014-06-10,37.2200,37.2200,37.0900,37.1500,29.6461,215100
2014-06-11,37.1000,37.1000,36.9500,36.9800,29.5104,322000
2014-06-12,37.0100,37.0100,36.7500,36.8400,29.3987,248300
2014-06-13,36.8900,36.9800,36.8100,36.9300,29.4705,133800
2014-06-16,36.9100,37.0400,36.8800,36.9500,29.4865,241000
2014-06-17,36.9200,37.0100,36.8600,36.9900,29.5184,408200
2014-06-18,37.0000,37.2600,36.9400,37.2500,29.7259,516300
2014-06-19,37.2600,37.4000,37.2600,37.4000,29.8456,182700
2014-06-20,37.5100,37.5100,37.4000,37.4600,29.8935,1095000
2014-06-23,37.4900,37.4900,37.3200,37.4000,29.8456,780700
2014-06-24,37.4000,37.4800,37.2400,37.2600,29.7339,624600
2014-06-25,37.0700,37.2100,37.0300,37.2000,29.8373,435500
2014-06-26,37.1500,37.1600,36.9800,37.1600,29.8053,330400
2014-06-27,37.1300,37.2200,37.0800,37.2200,29.8534,97800
2014-06-30,37.2300,37.2600,37.1600,37.2200,29.8534,219800
2014-07-01,37.3000,37.4800,37.2800,37.4200,30.0138,356500
2014-07-02,37.4200,37.4200,37.2900,37.3700,29.9737,259300
2014-07-03,37.4400,37.4900,37.3500,37.4900,30.0700,77500
2014-07-07,37.4000,37.4800,37.3500,37.4200,30.0138,322800
2014-07-08,37.3200,37.3900,37.2800,37.3400,29.9496,173200
2014-07-09,37.4000,37.5000,37.3600,37.4700,30.0539,471700
2014-07-10,37.2000,37.4400,37.1700,37.4100,30.0058,685800
2014-07-11,37.4200,37.4200,37.2800,37.4100,30.0058,270900
2014-07-14,37.5400,37.5500,37.4900,37.5300,30.1020,147100
2014-07-15,37.5500,37.5800,37.3700,37.4800,30.0619,249700
2014-07-16,37.6300,37.6300,37.4500,37.6000,30.1582,240900
2014-07-17,37.5100,37.5700,37.2200,37.2300,29.8614,193300
2014-07-18,37.3100,37.5900,37.2700,37.5800,30.1421,274100
2014-07-21,37.4800,37.4900,37.3300,37.4600,30.0459,1234200
2014-07-22,37.4800,37.6100,37.4800,37.5400,30.1101,275000
2014-07-23,37.5900,37.6000,37.5000,37.5800,30.1421,95800
2014-07-24,37.6100,37.6400,37.5500,37.5900,30.1502,145600
2014-07-25,37.5300,37.5300,37.3700,37.4300,30.0218,373000
2014-07-28,37.4700,37.5600,37.3300,37.5100,30.0860,347500
2014-07-29,37.6100,37.6400,37.4000,37.4000,29.9978,231900
2014-07-30,37.4700,37.5000,37.2100,37.3300,29.9416,283300
2014-07-31,37.1100,37.1500,36.6700,36.6900,29.4283,331200
2014-08-01,36.6100,36.8400,36.5500,36.6900,29.4283,468300
2014-08-04,36.7200,36.8700,36.5200,36.8400,29.5486,200100
2014-08-05,36.7000,36.7500,36.4200,36.4800,29.2598,255800
2014-08-06,36.4100,36.6500,36.4100,36.5700,29.3320,451700
2014-08-07,36.7000,36.7300,36.3600,36.4300,29.2197,198100
2014-08-08,36.4600,36.8700,36.4600,36.8600,29.5646,220200
2014-08-11,37.0300,37.1700,37.0100,37.0300,29.7010,327300
2014-08-12,37.0100,37.0700,36.9300,37.0100,29.6849,322900
2014-08-13,37.0700,37.2300,37.0400,37.2100,29.8454,149700
2014-08-14,37.2000,37.4300,37.2000,37.4300,30.0218,188100
2014-08-15,37.5400,37.5800,37.1900,37.4100,30.0058,275000
2014-08-18,37.6000,37.6800,37.5600,37.6600,30.2063,321200
2014-08-19,37.7600,37.8700,37.7000,37.8700,30.3747,435400
2014-08-20,37.8200,37.9500,37.7600,37.9100,30.4068,437400
2014-08-21,37.9700,38.0900,37.9000,38.0300,30.5031,528500
2014-08-22,38.0500,38.0500,37.8500,37.9000,30.3988,146800
2014-08-25,38.0400,38.0800,37.9900,38.0400,30.5111,162100
2014-08-26,38.0800,38.1200,38.0000,38.0200,30.4951,187500
2014-08-27,38.0300,38.0800,37.9600,38.0200,30.4951,309000
2014-08-28,37.9600,38.0900,37.9400,38.0600,30.5271,578500
2014-08-29,38.0800,38.1600,37.9800,38.1500,30.5993,361100
2014-09-02,38.2000,38.2100,37.9900,38.1100,30.5672,640100
2014-09-03,38.2300,38.2500,38.1200,38.1700,30.6154,211500
2014-09-04,38.2000,38.2700,38.0500,38.1400,30.5913,235700
2014-09-05,38.1700,38.3600,38.0900,38.3600,30.7678,175900
2014-09-08,38.3200,38.3300,38.1600,38.2700,30.6956,192000
2014-09-09,38.2500,38.2500,37.9900,38.0500,30.5191,193400
2014-09-10,38.0100,38.1100,37.9200,38.0600,30.5271,462500
2014-09-11,37.9900,38.1100,37.9200,38.1100,30.5672,415400
2014-09-12,38.0300,38.0400,37.7000,37.7900,30.3106,1637500
2014-09-15,37.8200,37.9100,37.7600,37.8500,30.3587,1036500
2014-09-16,37.8200,38.1700,37.8100,38.1100,30.5672,259300
2014-09-17,38.1600,38.2400,37.9700,38.1100,30.5672,165100
2014-09-18,38.1900,38.2300,38.1300,38.2200,30.6555,157700
2014-09-19,38.3500,38.3700,38.2000,38.2500,30.6795,218300
2014-09-22,38.2200,38.2700,38.0200,38.0400,30.5111,356900
2014-09-23,37.9800,38.0600,37.8400,37.8400,30.3507,285600
2014-09-24,37.7300,38.0100,37.6800,37.9500,30.5771,198800
2014-09-25,37.9300,37.9300,37.5100,37.5300,30.2387,316200
2014-09-26,37.5300,37.7900,37.4500,37.7300,30.3998,174300
2014-09-29,37.4900,37.7800,37.4700,37.7400,30.4079,417900
2014-09-30,37.7800,37.8700,37.6400,37.6800,30.3595,617900
2014-10-01,37.6200,37.6400,37.3100,37.3900,30.1259,936800
2014-10-02,37.3600,37.5500,37.1900,37.4400,30.1662,970900
2014-10-03,37.6400,37.8800,37.5600,37.8500,30.4965,480000
2014-10-06,38.0000,38.0300,37.7000,37.8300,30.4804,372600
2014-10-07,37.7400,37.7400,37.4000,37.4100,30.1420,594800
2014-10-08,37.4400,38.0600,37.3900,38.0400,30.6496,732100
2014-10-09,37.9600,38.0800,37.4200,37.4200,30.1501,914000
2014-10-10,37.4200,37.7300,37.2500,37.2500,30.0131,879100
2014-10-13,37.2800,37.4300,36.8200,36.8600,29.6989,1118400
2014-10-14,37.0400,37.3200,36.9000,37.0300,29.8358,1025500
2014-10-15,36.6700,36.8500,36.0800,36.7300,29.5941,1019300
2014-10-16,36.2500,36.8100,36.2000,36.6500,29.5296,2233000
2014-10-17,36.9300,37.1300,36.7700,37.0400,29.8439,1021900
2014-10-20,36.9800,37.3800,36.9800,37.3600,30.1017,369900
2014-10-21,37.5200,37.9300,37.4500,37.9200,30.5529,611200
2014-10-22,37.9900,38.1600,37.8200,37.8400,30.4885,601300
2014-10-23,38.1200,38.2800,38.0600,38.1000,30.6979,679300
2014-10-24,38.1600,38.4200,38.1000,38.4100,30.9477,4280600
2014-10-27,38.3000,38.5200,38.3000,38.4700,30.9961,456800
2014-10-28,38.6000,38.7200,38.4700,38.7200,31.1975,1530500
2014-10-29,38.7500,38.8000,38.3900,38.6300,31.1250,863100
2014-10-30,38.5600,39.1000,38.5600,39.0300,31.4473,469600
2014-10-31,39.4100,39.4700,39.1700,39.2800,31.6487,3795100
2014-11-03,39.2700,39.3700,39.2100,39.3300,31.6890,916400
2014-11-04,39.2300,39.4600,39.2300,39.4000,31.7454,1198300
2014-11-05,39.6000,39.6300,39.4200,39.6000,31.9065,568600
2014-11-06,39.5800,39.6500,39.4100,39.6500,31.9468,553000
2014-11-07,39.6900,39.6900,39.5200,39.6700,31.9629,577000
2014-11-10,39.6900,39.8500,39.5900,39.8500,32.1080,395500
2014-11-11,39.8700,39.9200,39.8000,39.8300,32.0918,407500
2014-11-12,39.7300,39.8500,39.6900,39.8200,32.0838,476600
2014-11-13,39.8800,40.0200,39.7700,39.8800,32.1321,375400
2014-11-14,39.8500,39.8800,39.7300,39.8100,32.0757,1346100
2014-11-17,39.7500,39.9300,39.7400,39.9200,32.1643,257400
2014-11-18,39.9300,40.1600,39.8900,40.1100,32.3174,2053900
2014-11-19,40.1100,40.1100,39.9300,40.0900,32.3013,514800
2014-11-20,39.9700,40.1200,39.9600,40.1000,32.3094,488100
2014-11-21,40.4400,40.4600,40.1200,40.2000,32.3900,767200
2014-11-24,40.3000,40.3300,40.2200,40.2700,32.4464,443500
2014-11-25,40.3300,40.3400,40.1900,40.2800,32.4544,480200
2014-11-26,40.2600,40.4600,40.2600,40.4600,32.5994,458800
2014-11-28,40.4800,40.8500,40.4800,40.6800,32.7767,262900
2014-12-01,40.4900,40.7100,40.4700,40.5300,32.6558,595700
2014-12-02,40.5500,40.7300,40.5100,40.6700,32.7686,839100
2014-12-03,40.6600,40.7600,40.6400,40.7400,32.8250,629700
2014-12-04,40.7000,40.8200,40.5700,40.7000,32.7928,508300
2014-12-05,40.7300,40.7400,40.6000,40.7000,32.7928,1125100
2014-12-08,40.6400,40.8100,40.5000,40.6300,32.7364,695700
2014-12-09,40.2900,40.5400,40.1800,40.5300,32.6558,996700
2014-12-10,40.4700,40.4900,40.0200,40.0400,32.2610,568400
2014-12-11,40.1400,40.5700,40.1400,40.2800,32.4544,462700
2014-12-12,40.0600,40.2900,39.7400,39.7600,32.0354,926400
2014-12-15,39.9100,39.9800,39.3900,39.5600,31.8743,595000
2014-12-16,39.4500,40.0400,39.3300,39.3500,31.7051,453900
2014-12-17,39.5200,40.0700,39.3800,40.0400,32.2610,1286200
2014-12-18,40.5100,40.8000,40.3100,40.7900,32.8653,6099100
2014-12-19,40.9000,41.0000,40.7500,40.8800,32.9378,506400
2014-12-22,40.9900,41.1300,40.9000,41.1300,33.1393,382500
2014-12-23,41.3000,41.3000,41.1100,41.1800,33.1796,768700
2014-12-24,40.9800,41.0800,40.9800,40.9900,33.2022,423700
2014-12-26,41.0900,41.2000,41.0700,41.0700,33.2670,218100
2014-12-29,41.0500,41.1500,41.0300,41.1100,33.2994,627300
2014-12-30,41.0500,41.0900,40.9000,40.9400,33.1617,760300
2014-12-31,40.9800,41.0400,40.4700,40.4800,32.7891,412900
2015-01-02,40.6200,40.7500,40.3000,40.5100,32.8134,603000
2015-01-05,40.3600,40.5200,40.0600,40.1300,32.5056,770400
2015-01-06,40.1900,40.4300,39.8600,40.0200,32.4165,1095500
2015-01-07,40.3300,40.5500,40.1600,40.5300,32.8296,686900
2015-01-08,40.8000,41.1900,40.7700,41.1300,33.3156,732900
2015-01-09,41.1600,41.1700,40.7500,40.8900,33.1212,861300
2015-01-12,40.9400,41.0300,40.6200,40.7100,32.9754,565500
2015-01-13,40.9600,41.2100,40.4200,40.6700,32.9430,1824200
2015-01-14,40.3300,40.5500,40.2000,40.5300,32.8296,833800
2015-01-15,40.6700,40.7800,40.3900,40.4700,32.7810,1381900
2015-01-16,40.4200,40.9400,40.3600,40.9100,33.1374,1010000
2015-01-20,41.0900,41.1300,40.6400,40.9800,33.1941,892900
2015-01-21,40.8600,41.1000,40.7400,41.0500,33.2508,1406200
2015-01-22,41.2500,41.6500,40.9600,41.6500,33.7368,1076700
2015-01-23,41.5400,41.6100,41.4100,41.4300,33.5586,1491400
2015-01-26,41.4500,41.5300,41.1700,41.5200,33.6315,777800
2015-01-27,41.1800,41.4200,41.0100,41.2200,33.3885,7497600
2015-01-28,41.4000,41.4800,40.7000,40.7500,33.0078,1612000
2015-01-29,40.7900,40.9900,40.4200,40.9600,33.1779,1506100
2015-01-30,40.7800,40.8100,40.2500,40.2800,32.6271,1497400
2015-02-02,40.3800,40.6600,39.9100,40.6300,32.9106,1243900
2015-02-03,40.8200,41.0900,40.6500,41.0800,33.2751,912600
2015-02-04,40.9700,41.2000,40.8900,40.9800,33.1941,2196100
2015-02-05,41.1400,41.3900,41.1400,41.3800,33.5181,1727100
2015-02-06,41.4400,41.4400,40.9000,41.0200,33.2265,1000100
2015-02-09,40.9300,41.0400,40.6900,40.8000,33.0483,741000
2015-02-10,41.0100,41.2800,40.8700,41.2300,33.3966,1205800
2015-02-11,41.2300,41.3400,41.0200,41.2500,33.4128,802700
2015-02-12,41.4200,41.4500,41.2800,41.4500,33.5748,659500
2015-02-13,41.4800,41.4800,41.2900,41.4800,33.5991,767100
2015-02-17,41.4500,41.5500,41.3400,41.5000,33.6153,2143600
2015-02-18,41.4500,41.6500,41.3600,41.6400,33.7287,1388300
2015-02-19,41.5600,41.5600,41.4000,41.4600,33.5829,1367000
2015-02-20,41.4600,41.7600,41.3300,41.7300,33.8016,836700
2015-02-23,41.7200,41.7800,41.6400,41.7800,33.8421,893600
2015-02-24,41.7700,41.8500,41.6300,41.8000,33.8584,852400
2015-02-25,41.7600,41.9100,41.7200,41.8100,33.8664,698700
2015-02-26,41.7800,41.8500,41.6800,41.7700,33.8341,3936900
2015-02-27,41.7400,41.8700,41.6700,41.7500,33.8178,2187400
2015-03-02,41.7200,41.9000,41.7100,41.8900,33.9313,1935800
2015-03-03,41.8300,41.8500,41.5500,41.7300,33.8016,1321900
2015-03-04,41.6100,41.6500,41.3900,41.5400,33.6477,1782300
2015-03-05,41.5800,41.7200,41.5800,41.6900,33.7692,831600
2015-03-06,41.4400,41.4400,40.8900,40.9500,33.1698,995100
2015-03-09,40.8800,41.2000,40.8800,41.1400,33.3237,585100
2015-03-10,40.8800,40.9500,40.5900,40.6100,32.8944,2277800
2015-03-11,40.6200,40.6900,40.4800,40.5200,32.8215,1252100
2015-03-12,40.5600,41.0600,40.5600,41.0500,33.2508,868800
2015-03-13,41.0100,41.0100,40.5900,40.8500,33.0888,717800
2015-03-16,40.9600,41.4200,40.9600,41.4100,33.5424,536700
2015-03-17,41.1700,41.3000,41.0900,41.2300,33.3966,772900
2015-03-18,41.1600,41.8700,40.9400,41.7300,33.8016,571500
2015-03-19,41.5700,41.7200,41.5000,41.6000,33.6964,917300
2015-03-20,41.7500,42.0200,41.6500,41.9300,33.9636,730400
2015-03-23,41.9700,42.1400,41.9300,42.0000,34.0204,634600
2015-03-24,42.0300,42.0800,41.7400,41.7500,33.8178,1197300
2015-03-25,41.6800,41.6900,41.0300,41.0500,33.3940,820700
2015-03-26,40.8900,41.1500,40.7700,40.9200,33.2883,696500
2015-03-27,40.9200,41.1300,40.8100,41.1000,33.4347,494600
2015-03-30,41.3000,41.6000,41.2900,41.5500,33.8008,868700
2015-03-31,41.4000,41.6000,41.2500,41.2600,33.5648,1322000
2015-04-01,41.2800,41.2900,40.9100,41.1600,33.4835,1208100
2015-04-02,41.1500,41.3800,41.1100,41.2400,33.5486,492500
2015-04-06,41.1100,41.5800,41.1100,41.4700,33.7357,632500
2015-04-07,41.5200,41.5700,41.3100,41.3100,33.6055,1614000
2015-04-08,41.3800,41.4900,41.2500,41.4300,33.7031,804000
2015-04-09,41.4200,41.5200,41.2300,41.5000,33.7601,2425200
2015-04-10,41.5500,41.6900,41.4800,41.6100,33.8496,1152700
2015-04-13,41.6400,41.7400,41.4300,41.4300,33.7031,2385800
2015-04-14,41.4200,41.6100,41.2900,41.5200,33.7764,1338700
2015-04-15,41.6500,41.7600,41.5300,41.5600,33.8089,902600
2015-04-16,41.5200,41.6000,41.3700,41.5200,33.7764,976700
2015-04-17,41.3100,41.3700,40.9500,41.1100,33.4428,637800
2015-04-20,41.2500,41.5200,41.2400,41.4600,33.7275,548500
2015-04-21,41.5900,41.6600,41.3900,41.4400,33.7113,522600
2015-04-22,41.5000,41.6300,41.3500,41.5800,33.8252,962400
2015-04-23,41.5000,41.8400,41.4900,41.7400,33.9553,995800
2015-04-24,41.8100,41.8700,41.6500,41.8000,34.0041,1428300
2015-04-27,41.9000,41.9000,41.4700,41.5100,33.7682,625900
2015-04-28,41.5000,41.6800,41.2900,41.6800,33.9065,944500
2015-04-29,41.4800,41.5500,41.2200,41.3600,33.6462,579900
2015-04-30,41.2500,41.3400,40.8500,41.0200,33.3696,1471500
2015-05-01,41.1400,41.3500,41.0200,41.3300,33.6218,774800
2015-05-04,41.3900,41.5800,41.3900,41.4500,33.7194,631700
2015-05-05,41.4400,41.4400,40.9600,41.0000,33.3533,1155400
2015-05-06,41.0900,41.1700,40.6800,40.9000,33.2720,447400
2015-05-07,40.8700,41.2100,40.8600,41.1200,33.4510,993400
2015-05-08,41.4500,41.6800,41.4500,41.5900,33.8333,1592100
2015-05-11,41.5700,41.6200,41.3500,41.3700,33.6543,582100
2015-05-12,41.1900,41.3900,41.0100,41.2900,33.5892,619100
2015-05-13,41.4000,41.5400,41.1800,41.2500,33.5567,442100
2015-05-14,41.4000,41.7400,41.4000,41.7400,33.9553,390500
2015-05-15,41.7900,41.8800,41.7400,41.8800,34.0692,398700
2015-05-18,41.8400,41.9700,41.8000,41.9400,34.1180,448700
2015-05-19,41.9200,42.0600,41.8600,41.9700,34.1424,1033700
2015-05-20,42.0000,42.1200,41.9300,41.9500,34.1262,577900
2015-05-21,41.9100,41.9800,41.8700,41.9200,34.1018,316400
2015-05-22,41.8500,41.9400,41.7900,41.8100,34.0123,373800
2015-05-26,41.7300,41.7300,41.3500,41.4500,33.7194,479500
2015-05-27,41.5100,41.7600,41.4500,41.7200,33.9391,420800
2015-05-28,41.6500,41.7400,41.5600,41.6900,33.9146,472500
2015-05-29,41.7000,41.7100,41.4200,41.4400,33.7113,446000
2015-06-01,41.5900,41.6800,41.3500,41.5500,33.8008,1481900
2015-06-02,41.4300,41.5000,41.2400,41.4100,33.6869,878000
2015-06-03,41.4800,41.4800,41.2800,41.4000,33.6787,834200
2015-06-04,41.2400,41.3900,41.0800,41.1200,33.4510,798600
2015-06-05,41.1100,41.1100,40.8100,40.8800,33.2557,850200
2015-06-08,40.9000,40.9000,40.7000,40.7000,33.1093,882300
2015-06-09,40.7000,40.7500,40.5900,40.6300,33.0523,564700
2015-06-10,40.7800,41.0800,40.7700,40.9800,33.3371,606500
2015-06-11,41.1100,41.2400,41.0000,41.1900,33.5079,464300
2015-06-12,41.0900,41.1000,40.8900,40.9400,33.3045,1451100
2015-06-15,40.7400,40.8000,40.5800,40.7200,33.1256,599800
2015-06-16,40.7400,41.0200,40.7000,40.9900,33.3452,2077200
2015-06-17,41.0400,41.2200,40.8400,41.1400,33.4672,1409600
2015-06-18,41.2000,41.6900,41.2000,41.5800,33.8252,616700
2015-06-19,41.5300,41.6100,41.4000,41.4100,33.6869,473800
2015-06-22,41.6200,41.7100,41.5100,41.5300,33.7845,791000
2015-06-23,41.6200,41.6200,41.4200,41.4900,33.7519,979500
2015-06-24,41.2600,41.3300,40.9800,40.9900,33.5067,769800
2015-06-25,41.1000,41.1000,40.8900,40.9000,33.4331,517200
2015-06-26,40.9400,41.0500,40.8600,40.9800,33.4986,444700
2015-06-29,40.6000,40.8500,40.2600,40.2800,32.9263,1444300
2015-06-30,40.6100,40.6100,40.2600,40.3200,32.9590,662300
2015-07-01,40.5800,40.8000,40.5200,40.8000,33.3514,2502100
2015-07-02,40.8900,40.9600,40.7300,40.8300,33.3759,998800
2015-07-06,40.5900,40.9100,40.5600,40.8600,33.4005,802800
2015-07-07,40.9200,41.2500,40.6300,41.2500,33.7192,1204000
2015-07-08,40.9800,41.0700,40.7600,40.8100,33.3596,2720900
2015-07-09,41.1600,41.1900,40.7900,40.8100,33.3596,1573000
2015-07-10,41.1500,41.3100,41.1000,41.2400,33.7111,1013400
2015-07-13,41.5600,41.5600,41.3900,41.5300,33.9481,863800
2015-07-14,41.5100,41.6600,41.4800,41.6200,34.0217,636900
2015-07-15,41.6000,41.6600,41.5100,41.5900,33.9972,630500
2015-07-16,41.7400,41.8700,41.7300,41.8600,34.2179,707100
2015-07-17,41.8500,41.8500,41.7000,41.7700,34.1443,701300
2015-07-20,41.7200,41.8400,41.6600,41.7900,34.1607,532900
2015-07-21,41.7700,41.8000,41.5300,41.6000,34.0054,1403600
2015-07-22,41.5000,41.7300,41.5000,41.6600,34.0544,932200
2015-07-23,41.7100,41.7100,41.3400,41.4000,33.8419,1142600
2015-07-24,41.4600,41.5500,41.2100,41.2500,33.7192,616700
2015-07-27,41.1000,41.2300,41.0400,41.1400,33.6293,687400
2015-07-28,41.3200,41.5800,41.1700,41.5700,33.9808,469000
2015-07-29,41.6000,41.8700,41.5400,41.8500,34.2097,415000
2015-07-30,41.7500,41.8900,41.5700,41.8700,34.2261,597400
2015-07-31,41.9600,42.0900,41.8800,41.9400,34.2833,420600
2015-08-03,41.9400,42.0300,41.7600,41.9800,34.3160,699000
2015-08-04,42.0000,42.0900,41.8800,41.9500,34.2915,1529000
2015-08-05,42.1700,42.3000,42.1400,42.2000,34.4958,798600
2015-08-06,42.2800,42.2800,41.8400,41.9500,34.2915,1186300
2015-08-07,41.9200,41.9400,41.7100,41.9400,34.2833,599500
2015-08-10,42.0900,42.2400,42.0900,42.2100,34.5040,414000
2015-08-11,42.1000,42.1900,41.9800,42.1200,34.4304,2229400
2015-08-12,41.9800,42.2600,41.7200,42.2400,34.5285,1055200
2015-08-13,42.2600,42.4100,42.1100,42.2500,34.5367,741700
2015-08-14,42.2000,42.4600,42.1900,42.4500,34.7002,949000
2015-08-17,42.4300,42.6500,42.2200,42.6300,34.8473,915300
2015-08-18,42.5400,42.7000,42.5400,42.6200,34.8391,5876100
2015-08-19,42.5400,42.7200,42.2500,42.4700,34.7165,1327100
2015-08-20,42.2500,42.2900,41.8400,41.8600,34.2179,6118400
2015-08-21,41.5200,41.6200,40.7800,40.7800,33.3351,5387000
2015-08-24,39.1200,40.2700,26.4100,39.2500,32.0844,6263200
2015-08-25,40.0300,40.4600,38.5600,38.5800,31.5367,2473100
2015-08-26,39.1500,39.8200,38.7100,39.7500,32.4931,2121300
2015-08-27,40.1900,40.5400,39.8000,40.4800,33.0898,1919500
2015-08-28,40.3800,40.5200,40.2000,40.4400,33.0571,1207700
2015-08-31,40.2800,40.3100,39.9800,40.0400,32.7302,1669100
2015-09-01,39.3800,39.5500,38.9000,39.0900,31.9536,2154500
2015-09-02,39.4900,39.6500,39.1900,39.6500,32.4113,1699600
2015-09-03,39.7200,40.0900,39.6400,39.7400,32.4849,1594900
2015-09-04,39.3300,39.4200,39.0000,39.2000,32.0435,1413600
2015-09-08,39.7100,40.0400,39.5700,40.0200,32.7138,1328600
2015-09-09,40.3400,40.3400,39.3900,39.4700,32.2642,917900
2015-09-10,39.4300,39.8100,39.3700,39.5600,32.3378,1073200
2015-09-11,39.4600,39.8100,39.3700,39.8100,32.5421,4570000
2015-09-14,39.8600,39.8600,39.6000,39.7000,32.4522,1097900
2015-09-15,39.7600,40.2000,39.7000,40.0900,32.7710,1906700
2015-09-16,40.1800,40.4600,40.1000,40.4200,33.0408,1182000
2015-09-17,40.3800,41.0500,40.3700,40.5200,33.1225,1355300
2015-09-18,40.0900,40.5100,39.9400,40.1300,32.8037,868500
2015-09-21,40.3100,40.5800,40.1600,40.3800,33.0081,1177600
2015-09-22,39.9600,40.1200,39.7600,39.9600,32.6648,1714800
2015-09-23,39.9800,40.1100,39.8600,40.0400,32.7302,736400
2015-09-24,39.8100,40.0700,39.6200,40.0100,32.7056,2263900
2015-09-25,40.0500,40.2200,39.6500,39.8200,32.7155,1568000
2015-09-28,39.6500,39.6500,38.9300,39.0200,32.0582,1378100
2015-09-29,39.0800,39.2500,38.8900,39.1000,32.1239,1534200
2015-09-30,39.4200,39.6200,39.2400,39.5900,32.5265,1178400
2015-10-01,39.6200,39.6800,39.2500,39.6400,32.5676,1594700
2015-10-02,39.3400,40.1400,39.2100,40.1400,32.9784,2021900
2015-10-05,40.3900,40.7400,40.3900,40.7100,33.4467,1232500
2015-10-06,40.7100,40.7100,40.3200,40.4000,33.1920,917700
2015-10-07,40.5600,40.7100,40.4100,40.6900,33.4303,2806800
2015-10-08,40.6200,41.0600,40.5400,41.0000,33.6850,1464600
2015-10-09,41.0900,41.1800,40.9700,41.0800,33.7507,1003300
2015-10-12,41.0500,41.2500,41.0400,41.2100,33.8575,676000
2015-10-13,41.0900,41.2800,40.9700,41.0300,33.7096,1811000
2015-10-14,41.0300,41.1600,40.7300,40.7500,33.4796,1275900
2015-10-15,40.8700,41.2400,40.8100,41.1900,33.8411,2239600
2015-10-16,41.3400,41.5300,41.3000,41.5200,34.1122,1211400
2015-10-19,41.4300,41.6100,41.4000,41.6100,34.1861,2670400
2015-10-20,41.5500,41.6200,41.4300,41.5400,34.1286,936000
2015-10-21,41.6200,41.6500,41.3600,41.3900,34.0054,860000
2015-10-22,41.5800,42.0300,41.5700,41.9900,34.4983,1287800
2015-10-23,42.2100,42.2100,41.8000,42.0100,34.5148,2352700
2015-10-26,42.0000,42.0700,41.9300,42.0300,34.5312,2207500
2015-10-27,41.9200,42.0500,41.8300,41.9700,34.4819,2246000
2015-10-28,42.0600,42.2400,41.7400,42.2100,34.6791,1796500
2015-10-29,42.1600,42.2900,42.0200,42.2100,34.6791,1618600
2015-10-30,42.2900,42.2900,41.9600,41.9600,34.4737,990900
2015-11-02,42.0900,42.3700,42.0000,42.3400,34.7859,2124500
2015-11-03,42.3000,42.4000,42.1100,42.3000,34.7530,1563700
2015-11-04,42.4000,42.4000,42.1100,42.2000,34.6709,1256300
2015-11-05,42.2300,42.2500,41.9600,42.1300,34.6134,959500
2015-11-06,42.0000,42.0400,41.5400,41.7900,34.3340,2131400
2015-11-09,41.7400,41.7400,41.3100,41.4900,34.0875,1503200
2015-11-10,41.4700,41.7100,41.4500,41.6900,34.2519,1156500
2015-11-11,41.8100,41.8500,41.6600,41.6800,34.2436,1077400
2015-11-12,41.4900,41.5700,41.1900,41.1900,33.8411,1422800
2015-11-13,41.1400,41.1900,40.8000,40.8200,33.5371,1513000
2015-11-16,40.7700,41.4200,40.7700,41.4200,34.0300,1304400
2015-11-17,41.5100,41.6600,41.2500,41.3700,33.9889,1521700
2015-11-18,41.4600,41.9000,41.3600,41.8500,34.3833,1150500
2015-11-19,41.8400,41.9900,41.8100,41.8600,34.3915,1176900
2015-11-20,42.0300,42.1700,41.8900,41.9700,34.4819,1520400
2015-11-23,42.0100,42.1100,41.8900,41.9700,34.4819,1541100
2015-11-24,41.8100,42.0600,41.6300,41.9800,34.4901,1341100
2015-11-25,42.0300,42.0500,41.9500,41.9900,34.4983,808300
2015-11-27,41.9700,42.1200,41.9400,42.0700,34.5641,460400
2015-11-30,42.1400,42.1400,41.8700,41.8700,34.3997,1251700
2015-12-01,42.0500,42.3300,41.9100,42.3200,34.7694,4359500
2015-12-02,42.3400,42.3400,41.8700,41.9200,34.4408,2296500
2015-12-03,41.9600,41.9600,41.2300,41.3700,33.9889,1648700
2015-12-04,41.4700,42.2400,41.3800,42.2000,34.6709,1472400
2015-12-07,42.0900,42.2100,41.9400,42.1300,34.6134,1828000
2015-12-08,41.8800,42.1300,41.7800,42.0400,34.5394,1499200
2015-12-09,41.9400,42.2800,41.5100,41.6800,34.2436,4154100
2015-12-10,41.7300,41.9200,41.6000,41.6600,34.2272,2711000
2015-12-11,41.2800,41.5000,41.0700,41.1600,33.8164,1791800
2015-12-14,41.2000,41.4900,41.0000,41.4500,34.0547,2525100
2015-12-15,41.7100,41.9600,41.7100,41.8000,34.3422,1464500
2015-12-16,41.9300,42.4600,41.8200,42.4000,34.8352,2153700
2015-12-17,42.4600,42.4600,41.9600,41.9700,34.4819,3695000
2015-12-18,41.8400,41.8400,41.3600,41.3700,33.9889,1727000
2015-12-21,41.6300,41.6900,41.3900,41.6500,34.2190,1796700
2015-12-22,41.7900,42.0500,41.5700,41.9700,34.4819,1319500
2015-12-23,42.1500,42.3800,42.1100,42.3700,34.8105,1923200
2015-12-24,42.1200,42.1800,41.9600,42.0700,34.7799,613300
2015-12-28,42.0000,42.0900,41.8600,42.0900,34.7965,1262400
2015-12-29,42.3000,42.5100,42.1500,42.4400,35.0858,1421600
2015-12-30,42.5000,42.5000,42.2100,42.2600,34.9370,1460000
2015-12-31,42.2000,42.2000,41.8100,41.8200,34.5733,1229000
2016-01-04,41.3500,41.3700,40.9200,41.3000,34.1434,2977700
2016-01-05,41.3800,41.6700,41.2600,41.5800,34.3749,2930600
2016-01-06,41.1600,41.4600,41.1200,41.3200,34.1599,2766100
2016-01-07,40.7100,41.1000,40.5500,40.6500,33.6060,2740800
2016-01-08,40.7800,40.8600,40.1700,40.2400,33.2671,3711800
2016-01-11,40.3600,40.4700,39.9400,40.3000,33.3167,3771200
2016-01-12,40.5800,40.6000,40.1200,40.5100,33.4903,2998400
2016-01-13,40.6500,40.6500,39.8100,39.8700,32.9612,4079500
2016-01-14,40.0000,40.5300,39.8100,40.2800,33.3001,4322700
2016-01-15,39.5400,39.8400,39.4000,39.7600,32.8702,3519900
2016-01-19,40.0700,40.2200,39.7300,40.0300,33.0934,3287900
2016-01-20,39.5300,39.7000,38.6400,39.4100,32.5809,4905700
2016-01-21,39.5200,39.8100,39.2100,39.5300,32.6801,3473200
2016-01-22,39.9600,40.3100,39.8800,40.2800,33.3001,7374100
2016-01-25,40.2100,40.3400,39.9100,39.9400,33.0190,1744200
2016-01-26,40.0700,40.4900,40.0500,40.4600,33.4489,3412300
2016-01-27,40.4100,40.7400,39.9900,40.2300,33.2588,5806200
2016-01-28,40.3700,40.4700,40.0500,40.2800,33.3001,3341700
2016-01-29,40.4700,41.2400,40.3300,41.2400,34.0938,2829000
2016-02-01,41.0100,41.5500,40.9400,41.3900,34.2178,3285600
2016-02-02,41.1300,41.1500,40.8400,40.9600,33.8623,3394000
2016-02-03,41.1300,41.2000,40.5500,41.0600,33.9450,6882900
2016-02-04,40.9800,41.1200,40.7500,40.9400,33.8457,4827100
2016-02-05,40.8900,40.9000,40.3200,40.4600,33.4489,5128100
2016-02-08,40.1600,40.2600,39.6000,40.0900,33.1430,4246600
2016-02-09,39.8100,40.3500,39.7400,40.1000,33.1513,5740700
2016-02-10,40.2800,40.5900,40.1600,40.2000,33.2340,4979000
2016-02-11,39.7800,40.0400,39.6000,39.8400,32.9364,5332100
2016-02-12,40.1200,40.3900,40.0000,40.3900,33.3911,4594400
2016-02-16,40.7100,40.8800,40.5100,40.8800,33.7962,3645300
2016-02-17,41.0400,41.3400,40.9600,41.2600,34.1103,3804900
2016-02-18,41.3200,41.4600,41.1600,41.3500,34.1847,5903500
2016-02-19,41.2000,41.4300,41.0500,41.3800,34.2095,19258800
2016-02-22,41.6500,41.8200,41.5500,41.7800,34.5402,6749500
2016-02-23,41.7100,41.8200,41.5600,41.5800,34.3749,4958800
2016-02-24,41.3800,41.8300,41.2200,41.7700,34.5319,4597700
2016-02-25,41.8400,42.2800,41.8400,42.2800,34.9535,5015500
2016-02-26,42.3400,42.3400,41.9200,41.9500,34.6807,4249500
2016-02-29,41.9700,42.1700,41.6700,41.6700,34.4492,4204400
2016-03-01,41.9200,42.3400,41.8400,42.3100,34.9783,3519700
2016-03-02,42.2700,42.4500,42.1300,42.4400,35.0858,4441700
2016-03-03,42.4300,42.5400,42.1900,42.5200,35.1520,3706200
2016-03-04,42.5200,42.7200,42.4000,42.6100,35.2264,4214900
2016-03-07,42.4800,42.6800,42.4100,42.5900,35.2098,3868700
2016-03-08,42.4700,42.6400,42.3700,42.4500,35.0941,5712700
2016-03-09,42.5800,42.6700,42.4700,42.5900,35.2098,4689800
2016-03-10,42.6700,42.9200,42.3000,42.6500,35.2594,5539500
2016-03-11,42.9400,43.1800,42.9000,43.1500,35.6728,3961300
2016-03-14,43.1000,43.2300,43.0100,43.1600,35.6811,3934700
2016-03-15,42.9800,43.1600,42.9000,43.1400,35.6645,3464300
2016-03-16,43.0200,43.4400,42.9200,43.3500,35.8381,4154300
2016-03-17,43.3500,43.6800,43.2900,43.6000,36.0448,3983300
2016-03-18,43.7100,43.7900,43.5200,43.6800,36.1110,5043300
2016-03-21,43.6400,43.7200,43.5300,43.6400,36.0779,3331000
2016-03-22,43.5200,43.6800,43.4500,43.5700,36.0200,3198200
2016-03-23,43.3100,43.4300,43.2500,43.2900,35.9610,2967800
2016-03-24,43.1500,43.2900,43.0500,43.2900,35.9610,3285900
2016-03-28,43.3500,43.4800,43.2800,43.3900,36.0441,4021700
2016-03-29,43.3500,43.9200,43.3000,43.9100,36.4761,3536400
2016-03-30,44.0400,44.0900,43.9300,43.9900,36.5425,3486400
2016-03-31,43.9800,44.1000,43.8800,43.9300,36.4927,3297800
2016-04-01,43.8000,44.3400,43.7300,44.3000,36.8000,4295300
2016-04-04,44.3300,44.3400,44.1300,44.2200,36.7336,3833600
2016-04-05,44.0600,44.1000,43.7900,43.8500,36.4262,4223000
2016-04-06,43.8400,44.1800,43.8000,44.1700,36.6921,4269100
2016-04-07,44.0200,44.0800,43.7100,43.8800,36.4512,4857700
2016-04-08,44.0800,44.1200,43.8600,43.9800,36.5342,4401900
2016-04-11,44.0500,44.1400,43.7700,43.8100,36.3930,3391200
2016-04-12,43.8300,44.1300,43.7500,44.0800,36.6173,11409100
2016-04-13,44.2600,44.2600,43.9300,44.0900,36.6256,5190400
2016-04-14,44.1200,44.1300,43.9800,44.0100,36.5591,3997400
2016-04-15,44.0900,44.1900,43.9900,44.1400,36.6671,3133400
2016-04-18,44.1000,44.4500,44.0000,44.4500,36.9246,3036700
2016-04-19,44.5400,44.5900,44.4000,44.5400,36.9994,4791000
2016-04-20,44.5600,44.5800,44.2800,44.2900,36.7917,2870100
2016-04-21,44.3000,44.3000,43.7300,43.7600,36.3515,5571300
2016-04-22,43.8000,43.9100,43.6500,43.9000,36.4678,2918600
2016-04-25,43.8300,44.0000,43.7400,44.0000,36.5508,2420900
2016-04-26,44.0500,44.1500,43.8600,43.9700,36.5259,2511800
2016-04-27,43.9500,44.2100,43.8000,44.1200,36.6505,2454800
2016-04-28,43.9300,44.2100,43.8100,43.9200,36.4844,2608500
2016-04-29,43.8000,43.8300,43.4600,43.7700,36.3598,4037000
2016-05-02,43.8500,44.1900,43.8000,44.1500,36.6754,2462300
2016-05-03,44.0100,44.0900,43.8400,44.0000,36.5508,4014200
2016-05-04,43.8200,44.1100,43.7600,44.0500,36.5924,2809500
2016-05-05,44.0900,44.1900,43.9800,44.0800,36.6173,2955200
2016-05-06,44.0300,44.2300,43.8200,44.2200,36.7336,3079900
2016-05-09,44.2300,44.4800,44.1100,44.4100,36.8914,3213100
2016-05-10,44.5500,44.7900,44.5000,44.7800,37.1988,2592100
2016-05-11,44.7700,44.7700,44.3900,44.4100,36.8914,3079000
2016-05-12,44.5300,44.6600,44.3200,44.5500,37.0077,3460200
2016-05-13,44.5300,44.5600,44.1700,44.2500,36.7585,3175300
2016-05-16,44.2800,44.6900,44.1600,44.6300,37.0742,7484200
2016-05-17,44.5700,44.6000,43.8700,44.0200,36.5675,2395800
2016-05-18,43.9700,44.1700,43.5200,43.7600,36.3515,4047500
2016-05-19,43.6200,43.7600,43.4600,43.7400,36.3349,3237300
2016-05-20,43.8800,43.9500,43.7400,43.8400,36.4179,2077700
2016-05-23,43.8900,43.8900,43.6900,43.7300,36.3265,3305800
2016-05-24,43.8600,44.2300,43.7300,44.1700,36.6921,2823800
2016-05-25,44.2700,44.3400,44.1100,44.2500,36.7585,4567500
2016-05-26,44.3000,44.4300,44.2700,44.3800,36.8665,2942600
2016-05-27,44.4400,44.5400,44.3600,44.4900,36.9579,1908300
2016-05-31,44.5800,44.5800,44.2800,44.4600,36.9330,3541700
2016-06-01,44.3600,44.5700,44.2500,44.5400,36.9994,2563200
2016-06-02,44.5300,44.7200,44.4100,44.7200,37.1489,2172200
2016-06-03,44.7300,44.8900,44.5800,44.8300,37.2403,3132500
2016-06-06,44.9200,44.9300,44.6900,44.8000,37.2154,3078200
2016-06-07,44.9100,45.0000,44.8000,44.8600,37.2652,2909500
2016-06-08,44.9200,45.1200,44.8500,45.1000,37.4646,1926500
2016-06-09,45.0600,45.2800,45.0100,45.2400,37.5809,2391100
2016-06-10,45.0600,45.1400,44.9100,45.0600,37.4314,2522300
2016-06-13,44.9900,45.1300,44.7900,44.8000,37.2154,5346500
2016-06-14,44.7800,44.9000,44.6300,44.8600,37.2652,2757100
2016-06-15,44.9500,44.9900,44.7400,44.8000,37.2154,2743600
2016-06-16,44.7200,45.0500,44.6000,45.0300,37.4065,2860700
2016-06-17,45.0300,45.0300,44.5800,44.8300,37.2403,2773800
2016-06-20,45.1200,45.3000,45.0000,45.0200,37.3982,2094300
2016-06-21,44.8900,45.0500,44.8300,44.9300,37.5217,6202400
2016-06-22,45.0000,45.0900,44.8800,44.9200,37.5134,5354400
2016-06-23,45.1700,45.3100,44.9700,45.3100,37.8391,4366200
2016-06-24,44.2700,44.9800,44.2600,44.5100,37.1710,9102900
2016-06-27,44.3200,44.3600,43.9800,44.2900,36.9873,5942400
2016-06-28,44.6000,44.8400,44.3800,44.8200,37.4299,4874000
2016-06-29,45.0900,45.4700,45.0200,45.4200,37.9310,5695600
2016-06-30,45.5400,46.2300,45.4400,46.2100,38.5907,5566100
2016-07-01,46.3200,46.3800,46.1900,46.2900,38.6575,4644900
2016-07-05,46.2500,46.4900,46.1800,46.4200,38.7661,3301100
2016-07-06,46.3700,46.5700,46.2000,46.5300,38.8579,7692300
2016-07-07,46.5800,46.5800,46.1900,46.3100,38.6742,4228000
2016-07-08,46.5300,46.8500,46.4200,46.8300,39.1085,3687000
2016-07-11,46.8900,46.9500,46.7300,46.8700,39.1419,4465300
2016-07-12,46.9300,46.9400,46.7400,46.7600,39.0500,4550600
2016-07-13,46.7600,46.9600,46.7500,46.9300,39.1920,5886900
2016-07-14,47.0300,47.1200,46.8900,47.0000,39.2504,6516100
2016-07-15,47.1100,47.1100,46.7700,46.9100,39.1753,3377600
2016-07-18,46.9400,47.0000,46.8000,46.8800,39.1502,5561800
2016-07-19,46.9500,46.9600,46.7900,46.9300,39.1920,2658400
2016-07-20,47.0600,47.0600,46.9600,46.9600,39.2170,2896700
2016-07-21,46.9800,46.9800,46.7500,46.9000,39.1669,2929200
2016-07-22,46.9300,47.1900,46.8300,47.1800,39.4008,1944300
2016-07-25,47.1700,47.1700,46.9100,47.0500,39.2922,1856300
2016-07-26,47.1200,47.1500,46.8300,46.9600,39.2170,6123600
2016-07-27,46.9300,46.9700,46.4800,46.6900,38.9915,7349200
2016-07-28,46.6300,46.8700,46.5500,46.7900,39.0751,2069600
2016-07-29,46.6300,47.0200,46.6300,46.8900,39.1586,3563000
2016-08-01,46.9000,47.0600,46.8400,46.9600,39.2170,2840200
2016-08-02,46.8100,46.9600,46.6300,46.7500,39.0417,3179500
2016-08-03,46.7500,46.7500,46.4000,46.4000,38.7494,9472200
2016-08-04,46.5800,46.6300,46.4900,46.5400,38.8663,3884300
2016-08-05,46.6300,46.6900,46.5700,46.6800,38.9832,2803700
2016-08-08,46.7100,46.7100,46.5100,46.5600,38.8830,2825300
2016-08-09,46.6000,46.7400,46.5300,46.6600,38.9665,2504000
2016-08-10,46.7200,46.7500,46.6000,46.6900,38.9915,6032400
2016-08-11,46.7900,46.8100,46.6400,46.7700,39.0584,2457900
2016-08-12,46.7800,46.8500,46.6600,46.7100,39.0083,4237600
2016-08-15,46.8100,46.8100,46.6100,46.6400,38.9498,2265700
2016-08-16,46.5700,46.5900,46.2200,46.2200,38.5990,5188100
2016-08-17,46.2700,46.3800,46.0000,46.3300,38.6909,6518800
2016-08-18,46.3900,46.4800,46.3300,46.4800,38.8162,5256900
2016-08-19,46.3700,46.3800,46.1700,46.3200,38.6826,5124500
2016-08-22,46.3400,46.4500,46.2400,46.3800,38.7327,4280100
2016-08-23,46.5400,46.5600,46.3800,46.3800,38.7327,2188600
2016-08-24,46.3900,46.4300,46.0900,46.1500,38.5406,2394000
2016-08-25,46.1200,46.3400,46.0600,46.1600,38.5489,5916800
2016-08-26,46.2100,46.4500,45.7800,45.9400,38.3652,4182700
2016-08-29,46.0000,46.2700,45.9600,46.2500,38.6241,1879100
2016-08-30,46.1700,46.2300,45.9200,45.9900,38.4070,3689000
2016-08-31,46.0000,46.0200,45.8000,45.9700,38.3903,2886400
2016-09-01,45.9900,46.0200,45.7900,45.9900,38.4070,5016500
2016-09-02,46.1300,46.3700,46.1100,46.2700,38.6408,3142000
2016-09-06,46.2400,46.4600,46.2000,46.4300,38.7744,3194700
2016-09-07,46.4500,46.4500,46.2500,46.4000,38.7494,1737500
2016-09-08,46.3500,46.3500,46.0900,46.1400,38.5322,2624900
2016-09-09,45.8900,45.9100,44.8900,44.9000,37.4967,8741700
2016-09-12,44.7500,45.6500,44.7500,45.5400,38.0312,4752500
2016-09-13,45.3600,45.3700,44.7600,44.8900,37.4883,6216900
2016-09-14,44.8800,45.1300,44.7200,44.8300,37.4382,3799900
2016-09-15,44.7900,45.2800,44.7100,45.2300,37.7723,3503100
2016-09-16,45.0700,45.2000,44.9200,45.1100,37.6721,4042600
2016-09-19,45.2000,45.3800,45.1000,45.2100,37.7556,2626100
2016-09-20,45.3500,45.4700,45.2600,45.2600,37.7973,5353800
2016-09-21,45.3700,45.9000,45.2200,45.8800,38.3151,9666400
2016-09-22,46.0300,46.2400,46.0300,46.1700,38.5573,2807900
2016-09-23,46.1200,46.1200,45.9400,45.9700,38.3903,2370100
2016-09-26,45.6300,45.6300,45.4300,45.4800,38.1837,2639300
2016-09-27,45.5500,45.7400,45.4900,45.6200,38.3013,2238600
2016-09-28,45.7100,45.7100,45.3900,45.6600,38.3349,2361300
2016-09-29,45.6700,45.7000,45.1800,45.2300,37.9738,3390800
2016-09-30,45.4200,45.5900,45.3200,45.4300,38.1418,2641800
2016-10-03,45.3400,45.4100,45.0100,45.1100,37.8731,3886100
2016-10-04,45.0900,45.1300,44.5100,44.6700,37.5037,5399500
2016-10-05,44.7800,44.8300,44.5300,44.5700,37.4197,18223100
2016-10-06,44.4600,44.6900,44.3300,44.6000,37.4449,6070300
2016-10-07,44.6800,44.8300,44.3800,44.5500,37.4029,3929200
2016-10-10,44.7100,44.8700,44.7100,44.7700,37.5876,2648700
2016-10-11,44.6900,44.6900,44.1000,44.2100,37.1175,3616300
2016-10-12,44.2800,44.5400,44.1500,44.4400,37.3106,1726800
2016-10-13,44.2500,44.5900,44.1400,44.4700,37.3358,2838000
2016-10-14,44.6100,44.7500,44.4400,44.4500,37.3190,3451800
2016-10-17,44.4700,44.4800,44.3200,44.3500,37.2350,1606700
2016-10-18,44.6100,44.6700,44.4600,44.5500,37.4029,1915500
2016-10-19,44.6000,44.6000,44.3800,44.5100,37.3693,1546800
2016-10-20,44.4500,44.5200,44.2600,44.3500,37.2350,3010200
2016-10-21,44.2000,44.2800,44.0600,44.2300,37.1343,2706400
2016-10-24,44.3500,44.5300,44.3200,44.3800,37.2602,2969700
2016-10-25,44.3600,44.3800,44.2500,44.2900,37.1846,3427100
2016-10-26,44.2300,44.2800,44.0500,44.1300,37.0503,1968500
2016-10-27,44.1700,44.1900,43.8000,43.8200,36.7900,3119700
2016-10-28,43.7600,44.1100,43.7500,43.9100,36.8656,3620900
2016-10-31,43.9200,44.2100,43.9200,44.1800,37.0923,2501300
2016-11-01,44.1300,44.1900,43.5800,43.7100,36.6977,4501600
2016-11-02,43.6700,43.8300,43.6200,43.6400,36.6389,3489200
2016-11-03,43.6600,43.7500,43.4500,43.5400,36.5550,2430900
2016-11-04,43.5600,43.7100,43.4800,43.5000,36.5214,3012300
2016-11-07,43.8800,44.2200,43.8700,44.2000,37.1091,3172600
2016-11-08,44.1300,44.5900,44.1300,44.4900,37.3526,2738400
2016-11-09,44.0000,44.5000,43.7900,44.3600,37.2434,6356200
2016-11-10,44.4700,44.4700,43.9200,44.1300,37.0503,7022000
2016-11-11,44.0300,44.2000,43.9700,44.0600,36.9915,4093000
2016-11-14,44.0000,44.1400,43.8800,44.0000,36.9412,5783700
2016-11-15,44.0400,44.2500,44.0400,44.2500,37.1511,3910600
2016-11-16,44.2000,44.3500,44.1500,44.3000,37.1930,1944400
2016-11-17,44.2700,44.4500,44.2400,44.4300,37.3022,3266400
2016-11-18,44.4400,44.4600,44.2300,44.3100,37.2014,3356100
2016-11-21,44.3500,44.5100,44.3300,44.4900,37.3526,2497200
2016-11-22,44.5100,44.6600,44.4300,44.6300,37.4701,2907900
2016-11-23,44.4100,44.5400,44.3600,44.5200,37.3777,2297000
2016-11-25,44.5700,44.8000,44.5700,44.7600,37.5792,1468800
2016-11-28,44.7400,44.9100,44.7400,44.8300,37.6380,2131100
2016-11-29,44.8400,45.0700,44.8400,45.0200,37.7975,2847000
2016-11-30,44.9300,45.0200,44.4500,44.4500,37.3190,4206300
2016-12-01,44.4100,44.4100,43.9900,44.0800,37.0083,4052900
2016-12-02,44.1500,44.3800,44.1400,44.2200,37.1259,3324800
2016-12-05,44.3700,44.3700,44.2500,44.3300,37.2182,2805400
2016-12-06,44.4100,44.4700,44.2700,44.4600,37.3274,3069100
2016-12-07,44.4800,45.0500,44.4400,45.0100,37.7891,3278900
2016-12-08,44.9600,45.1600,44.8500,45.0300,37.8059,3034600
2016-12-09,45.0400,45.3200,45.0400,45.3200,38.0494,2787000
2016-12-12,45.2500,45.5500,45.2500,45.5400,38.2341,4045800
2016-12-13,45.6200,45.8100,45.6200,45.7700,38.4272,2856100
2016-12-14,45.7900,45.8500,45.2400,45.3200,38.0494,3605300
2016-12-15,45.3100,45.5900,45.2200,45.4300,38.1418,3042200
2016-12-16,45.5900,45.7100,45.4900,45.6000,38.2845,2322700
2016-12-19,45.7200,45.8100,45.6300,45.7500,38.4104,1397100
2016-12-20,45.7500,45.8300,45.6800,45.7700,38.4272,2118600
2016-12-21,45.7100,45.8100,45.6000,45.6200,38.3013,1617500
2016-12-22,45.2600,45.3300,45.1600,45.3000,38.2945,2105700
2016-12-23,45.3000,45.3800,45.3000,45.3700,38.3537,1148800
2016-12-27,45.3700,45.5100,45.3700,45.4200,38.3960,1263000
2016-12-28,45.4400,45.4800,45.1400,45.1500,38.1677,1448500
2016-12-29,45.1800,45.3800,45.1800,45.3700,38.3537,4181600
2016-12-30,45.4100,45.4100,45.1000,45.2200,38.2269,1970100
2017-01-03,45.3100,45.3700,45.1700,45.3400,38.3283,3315100
2017-01-04,45.3900,45.5900,45.3900,45.5500,38.5058,2131000
2017-01-05,45.4700,45.6000,45.4200,45.6000,38.5481,2254700
2017-01-06,45.5000,45.7500,45.4400,45.6600,38.5988,1784000
2017-01-09,45.6300,45.6600,45.4400,45.4400,38.4128,1806500
2017-01-10,45.4400,45.5600,45.3400,45.3800,38.3621,2367100
2017-01-11,45.3900,45.5200,45.2600,45.5200,38.4805,5593100
2017-01-12,45.4300,45.5600,45.2300,45.5100,38.4720,1462600
2017-01-13,45.4100,45.5900,45.4100,45.5400,38.4974,3650200
2017-01-17,45.5100,45.6800,45.4500,45.6800,38.6157,3288800
2017-01-18,45.6800,45.7400,45.6300,45.7200,38.6496,2175900
2017-01-19,45.6400,45.6800,45.3800,45.4700,38.4382,2477700
2017-01-20,45.5700,45.7600,45.5200,45.6300,38.5735,1701400
2017-01-23,45.6000,45.6700,45.4700,45.6100,38.5566,2132300
2017-01-24,45.5900,45.7700,45.5300,45.7200,38.6496,1382100
2017-01-25,45.7700,45.8800,45.7500,45.8700,38.7764,2091400
2017-01-26,45.8600,45.8700,45.7400,45.8000,38.7172,2466900
2017-01-27,45.8000,45.8500,45.7300,45.8200,38.7341,1447300
2017-01-30,45.7000,45.7300,45.5200,45.6800,38.6157,2014800
2017-01-31,45.6300,45.7900,45.5900,45.7900,38.7087,1595600
2017-02-01,45.6900,45.7400,45.3900,45.4800,38.4467,2524200
2017-02-02,45.5300,45.7800,45.5000,45.7500,38.6749,1386300
2017-02-03,45.9000,46.0700,45.8900,45.9900,38.8778,2017200
2017-02-06,45.9500,45.9600,45.8000,45.8600,38.7679,3224400
2017-02-07,45.9100,46.0000,45.8800,45.9800,38.8694,1456900
2017-02-08,45.9500,46.1700,45.8500,46.1400,39.0046,2511900
2017-02-09,46.1400,46.4100,46.1400,46.3400,39.1737,1472200
2017-02-10,46.3200,46.5200,46.3000,46.5100,39.3174,2169100
2017-02-13,46.5500,46.6900,46.5100,46.6600,39.4442,1772000
2017-02-14,46.5800,46.7100,46.4500,46.6900,39.4696,1746300
2017-02-15,46.6100,46.9300,46.5600,46.8700,39.6217,1547500
2017-02-16,46.9100,47.0800,46.8600,47.0700,39.7908,1922600
2017-02-17,46.9800,47.1400,46.9300,47.1100,39.8246,2401100
2017-02-21,47.1600,47.4900,47.1600,47.4500,40.1120,1603000
2017-02-22,47.3500,47.5000,47.3500,47.4600,40.1205,1766500
2017-02-23,47.5700,47.7600,47.5000,47.7100,40.3318,1560600
2017-02-24,47.6200,47.9600,47.6200,47.9400,40.5262,1218700
2017-02-27,47.9500,47.9600,47.8300,47.8500,40.4502,1644900
2017-02-28,47.7600,47.9300,47.7600,47.8700,40.4671,1676500
2017-03-01,47.9600,48.3100,47.9300,48.1800,40.7291,2245100
2017-03-02,48.1400,48.2200,48.0400,48.0700,40.6361,3529600
2017-03-03,48.0700,48.0700,47.8500,47.9800,40.5600,1809600
2017-03-06,47.8300,47.9600,47.7900,47.8900,40.4840,1856900
2017-03-07,47.8000,47.9000,47.7700,47.8100,40.4164,1478300
2017-03-08,47.7500,47.8300,47.6300,47.6500,40.2811,2665400
2017-03-09,47.6600,47.7500,47.5400,47.6700,40.2980,1543800
2017-03-10,47.7700,47.9100,47.7000,47.8800,40.4755,1385100
2017-03-13,47.8800,47.9600,47.7900,47.9600,40.5432,1951000
2017-03-14,47.8600,47.9000,47.7400,47.8100,40.4164,2221600
2017-03-15,47.9200,48.4100,47.9000,48.2800,40.8137,2050800
2017-03-16,48.3000,48.3000,48.0300,48.1200,40.6784,1120200
2017-03-17,48.2400,48.3900,48.1600,48.2600,40.7968,1009600
2017-03-20,48.3000,48.3100,48.0700,48.1500,40.7038,1655400
2017-03-21,48.2100,48.3300,47.9100,47.9200,40.5093,5278100
2017-03-22,47.9800,48.0700,47.8400,47.9900,40.5685,2536700
2017-03-23,47.9400,48.2200,47.8900,47.9600,40.5432,1635000
2017-03-24,47.7900,47.8900,47.5800,47.7100,40.5083,2337000
2017-03-27,47.4600,47.6700,47.4400,47.6200,40.4319,1826500
2017-03-28,47.5700,47.8400,47.4900,47.7500,40.5423,1696900
2017-03-29,47.7400,47.7600,47.6000,47.7400,40.5338,1191500
2017-03-30,47.6900,47.7900,47.5900,47.7500,40.5423,1433800
2017-03-31,47.7300,47.8300,47.7000,47.7200,40.5168,1340900
2017-04-03,47.7300,47.7800,47.4900,47.6600,40.4659,1736300
2017-04-04,47.6200,47.7100,47.5600,47.6800,40.4829,1566200
2017-04-05,47.7700,47.9700,47.6000,47.7000,40.4998,3961900
2017-04-06,47.6900,47.7500,47.5600,47.6800,40.4829,1114700
2017-04-07,47.6100,47.7700,47.6100,47.6500,40.4574,2169900
2017-04-10,47.6500,47.8000,47.5900,47.7200,40.5168,1682300
2017-04-11,47.6800,47.7700,47.5400,47.7700,40.5593,3182000
2017-04-12,47.7000,47.7600,47.6300,47.7100,40.5083,1223800
2017-04-13,47.6400,47.7400,47.5100,47.5300,40.3555,1614800
2017-04-17,47.5500,47.8500,47.5500,47.8400,40.6187,1079200
2017-04-18,47.7800,47.8800,47.7400,47.8500,40.6272,1111500
2017-04-19,47.9200,47.9900,47.7800,47.8400,40.6187,1396800
2017-04-20,47.8800,48.0800,47.7300,47.9900,40.7461,1643900
2017-04-21,47.9900,48.0500,47.8800,47.9600,40.7206,1418900
2017-04-24,48.3000,48.3800,48.1800,48.3200,41.0263,1399000
2017-04-25,48.4000,48.5500,48.3500,48.4600,41.1451,2435700
2017-04-26,48.4600,48.5900,48.3800,48.4500,41.1366,3378100
2017-04-27,48.4700,48.6200,48.4400,48.5000,41.1791,1082800
2017-04-28,48.4700,48.4700,48.3000,48.3900,41.0857,1223000
2017-05-01,48.4500,48.4600,48.2700,48.3400,41.0432,1089200
2017-05-02,48.3500,48.3900,48.2600,48.3200,41.0263,1457500
2017-05-03,48.2200,48.2700,48.0500,48.1500,40.8819,1567900
2017-05-04,48.2000,48.3600,48.1400,48.3400,41.0432,1062000
2017-05-05,48.4100,48.5300,48.3600,48.5200,41.1961,945500
2017-05-08,48.5100,48.5400,48.3400,48.3700,41.0687,1467600
2017-05-09,48.3900,48.4300,48.1600,48.2500,40.9668,1163300
2017-05-10,48.2300,48.3100,48.1800,48.3100,41.0178,1918700
2017-05-11,48.2200,48.2600,48.0400,48.2400,40.9583,1846400
2017-05-12,48.2300,48.2600,48.1400,48.1500,40.8819,1137400
2017-05-15,48.2100,48.4100,48.2000,48.3800,41.0772,1189300
2017-05-16,48.4100,48.4800,48.1800,48.2000,40.9244,1280300
2017-05-17,47.9900,48.1300,47.8800,47.9300,40.6951,1677500
2017-05-18,47.8700,48.1900,47.7900,48.0600,40.8055,1425000
2017-05-19,48.0800,48.3100,48.0200,48.2400,40.9583,1058100
2017-05-22,48.2900,48.5900,48.2400,48.5500,41.2216,954000
2017-05-23,48.5600,48.6900,48.5500,48.6100,41.2725,1165600
2017-05-24,48.6500,48.8500,48.6200,48.8100,41.4423,991600
2017-05-25,48.9200,49.2200,48.8800,49.1700,41.7480,1304400
2017-05-26,49.1600,49.1900,49.1100,49.1400,41.7225,887100
2017-05-30,49.1100,49.2300,49.0700,49.2100,41.7819,1345800
2017-05-31,49.2800,49.4000,49.2500,49.3600,41.9093,1241700
2017-06-01,49.4100,49.7200,49.3700,49.7000,42.1980,1982600
2017-06-02,49.7700,49.9100,49.6900,49.8400,42.3168,1640700
2017-06-05,49.8300,49.8700,49.7400,49.7800,42.2659,842000
2017-06-06,49.7100,49.7600,49.6000,49.6000,42.1130,2902800
2017-06-07,49.6500,49.7700,49.6000,49.7200,42.2149,911800
2017-06-08,49.7200,49.7200,49.3200,49.4700,42.0027,1140300
2017-06-09,49.4600,49.5800,49.2500,49.4400,41.9772,1965900
2017-06-12,49.4100,49.4400,49.2400,49.4300,41.9687,4286300
2017-06-13,49.4400,49.6400,49.4200,49.5900,42.1046,967300
2017-06-14,49.7500,49.8200,49.5600,49.6900,42.1895,1675200
2017-06-15,49.5100,49.7900,49.4600,49.7600,42.2489,1406400
2017-06-16,49.8100,49.8200,49.5900,49.8200,42.2998,1135900
2017-06-19,49.9100,50.0200,49.8400,50.0200,42.4697,3048100
2017-06-20,49.9900,50.0300,49.8200,49.8500,42.3253,851300
2017-06-21,49.8900,49.9400,49.6800,49.7600,42.2489,1271700
2017-06-22,49.7600,49.8500,49.6700,49.6700,42.1725,813200
2017-06-23,49.7100,49.8200,49.6600,49.6800,42.1810,1150800
2017-06-26,49.8300,49.8800,49.7500,49.7600,42.2489,726100
2017-06-27,49.4500,49.4500,49.1000,49.1200,41.9229,1741600
2017-06-28,49.2500,49.4100,49.2100,49.3000,42.0765,925600
2017-06-29,49.2400,49.2600,48.6000,48.8100,41.6583,2594600
2017-06-30,48.9500,49.0800,48.8600,48.9300,41.7607,1062900
2017-07-03,49.0600,49.1500,48.9300,48.9300,41.7607,686200
2017-07-05,49.0000,49.0100,48.8800,48.9700,41.7948,2442100
2017-07-06,48.8300,48.8300,48.5400,48.5600,41.4449,2855100
2017-07-07,48.6800,48.9000,48.6400,48.8600,41.7010,888400
2017-07-10,48.8400,48.9000,48.7500,48.7700,41.6242,1341700
2017-07-11,48.7500,48.7700,48.4800,48.6900,41.5559,1056000
2017-07-12,48.8900,49.0900,48.8900,49.0100,41.8290,2091600
2017-07-13,49.0300,49.0900,48.8900,48.9700,41.7948,1451900
2017-07-14,49.0700,49.3200,49.0700,49.2500,42.0338,1310300
2017-07-17,49.2400,49.3000,49.1800,49.2800,42.0594,1040600
2017-07-18,49.2200,49.2600,49.1200,49.2400,42.0253,755400
2017-07-19,49.2700,49.4900,49.2500,49.4800,42.2301,848400
2017-07-20,49.5300,49.6500,49.4400,49.5800,42.3155,2085900
2017-07-21,49.5000,49.6900,49.4900,49.6900,42.4093,3041900
2017-07-24,49.6700,49.6900,49.5100,49.5800,42.3155,822600
2017-07-25,49.6800,49.7000,49.6000,49.6600,42.3837,1733300
2017-07-26,49.7000,49.7200,49.6200,49.6900,42.4093,984200
2017-07-27,49.7400,49.8000,49.5900,49.8000,42.5032,884100
2017-07-28,49.7200,49.8100,49.5900,49.7800,42.4862,856900
2017-07-31,49.8700,49.9700,49.8200,49.9200,42.6056,1085600
2017-08-01,50.0000,50.0200,49.8800,49.9800,42.6569,1196300
2017-08-02,49.8500,49.9100,49.7700,49.8900,42.5800,1105100
2017-08-03,49.9100,49.9500,49.8100,49.8800,42.5715,1650000
2017-08-04,49.8500,50.0200,49.7900,49.8800,42.5715,731600
2017-08-07,49.9700,49.9700,49.8300,49.9200,42.6056,3280300
2017-08-08,49.8500,49.9600,49.6900,49.7600,42.4691,797800
2017-08-09,49.5500,49.8500,49.5400,49.8200,42.5203,912300
2017-08-10,49.7900,49.7900,49.5200,49.5200,42.2643,1783300
2017-08-11,49.5400,49.7000,49.5100,49.5700,42.3069,1217900
2017-08-14,49.7700,50.0400,49.7700,50.0200,42.6910,2132400
2017-08-15,50.2000,50.2000,49.9700,50.0800,42.7422,891300
2017-08-16,50.1200,50.2900,50.0800,50.2500,42.8873,929300
2017-08-17,50.1700,50.2300,49.6600,49.6800,42.4008,998400
2017-08-18,49.7500,49.7900,49.5000,49.5900,42.3240,3186800
2017-08-21,49.5900,49.8400,49.5200,49.7800,42.4862,1258700
2017-08-22,49.8700,50.1600,49.8500,50.1300,42.7849,2148700
2017-08-23,50.0100,50.1000,49.8900,49.9200,42.6056,1091100
2017-08-24,50.0000,50.0000,49.7600,49.7800,42.4862,720600
2017-08-25,49.8800,50.0700,49.8800,49.9400,42.6227,998300
2017-08-28,50.0000,50.0100,49.8600,49.9400,42.6227,716000
2017-08-29,49.8200,50.0000,49.7900,49.9600,42.6398,1118400
2017-08-30,49.9400,50.1200,49.8900,50.0700,42.7337,1193600
2017-08-31,50.1900,50.3400,50.0900,50.3000,42.9300,749800
2017-09-01,50.4100,50.4100,50.2400,50.2600,42.8958,862800
2017-09-05,50.2000,50.2200,49.9000,50.0500,42.7166,1479900
2017-09-06,50.2000,50.2400,50.0700,50.1400,42.7934,1245200
2017-09-07,50.2100,50.3000,50.1500,50.2500,42.8873,1578700
2017-09-08,50.1500,50.5300,50.1400,50.4200,43.0324,1483300
2017-09-11,50.6100,50.8400,50.6100,50.8000,43.3567,759500
2017-09-12,50.8900,50.8900,50.7000,50.8000,43.3567,1088400
2017-09-13,50.7800,50.7800,50.6200,50.6500,43.2287,1287300
2017-09-14,50.6000,50.6700,50.5100,50.6600,43.2372,914100
2017-09-15,50.7000,50.7100,50.4600,50.6800,43.2543,727400
2017-09-18,50.7200,50.7600,50.6000,50.7300,43.2970,799000
2017-09-19,50.7300,50.7900,50.5800,50.6000,43.1860,2771700
2017-09-20,50.6400,50.6500,50.3400,50.5500,43.1433,962200
2017-09-21,50.5900,50.6000,50.3100,50.3400,42.9641,1072300
2017-09-22,50.3400,50.4000,50.2900,50.3700,42.9897,759600
2017-09-25,50.3600,50.4000,50.1800,50.3600,42.9812,636900
2017-09-26,50.2100,50.2300,50.1000,50.1000,42.9460,1020500
2017-09-27,50.2500,50.2500,49.9400,50.1200,42.9632,1139600
2017-09-28,50.0700,50.2300,50.0000,50.1900,43.0232,1244700
2017-09-29,50.3000,50.3500,50.1900,50.3400,43.1518,1975900
2017-10-02,50.4100,50.5100,50.3100,50.5000,43.2889,1657500
2017-10-03,50.5000,50.6300,50.4900,50.5900,43.3661,1562800
2017-10-04,50.6300,50.7000,50.4900,50.7000,43.4604,858800
2017-10-05,50.7200,50.8700,50.7200,50.8700,43.6061,1204700
2017-10-06,50.7700,50.8900,50.7100,50.8000,43.5461,1356500
2017-10-09,50.9000,50.9000,50.6500,50.6900,43.4518,664100
2017-10-10,50.8100,50.8700,50.7000,50.8200,43.5632,2253900
2017-10-11,50.8600,50.9300,50.8000,50.9100,43.6404,2756900
2017-10-12,50.8700,51.0400,50.8700,50.9900,43.7089,890000
2017-10-13,51.0400,51.1200,50.9900,51.0300,43.7432,709100
2017-10-16,51.0700,51.0700,50.9200,50.9800,43.7004,703200
2017-10-17,50.9900,51.1100,50.9400,51.1000,43.8032,1339200
2017-10-18,51.1500,51.1800,51.0600,51.1200,43.8204,1197100
2017-10-19,51.1200,51.3700,51.0600,51.3600,44.0261,1332300
2017-10-20,51.4600,51.5600,51.4200,51.5400,44.1804,1211200
2017-10-23,51.7000,51.7000,51.4800,51.5000,44.1461,1481900
2017-10-24,51.5600,51.6200,51.3500,51.3800,44.0433,856700
2017-10-25,51.1600,51.3700,51.0900,51.3100,43.9833,1242400
2017-10-26,51.4000,51.5000,51.2800,51.3300,44.0004,600700
2017-10-27,51.3400,51.5600,51.3000,51.5600,44.1976,918900
2017-10-30,51.3400,51.5400,51.2300,51.2700,43.9490,757500
2017-10-31,51.3500,51.3500,51.2500,51.3200,43.9918,780600
2017-11-01,51.4900,51.4900,51.2700,51.2700,43.9490,987400
2017-11-02,51.3700,51.4500,51.2600,51.4000,44.0604,737500
2017-11-03,51.4200,51.4900,51.3000,51.4600,44.1118,828300
2017-11-06,51.4600,51.4800,51.3300,51.3600,44.0261,2252000
2017-11-07,51.4600,51.5800,51.3600,51.5800,44.2147,848600
2017-11-08,51.6000,51.7500,51.5600,51.7300,44.3433,1619100
2017-11-09,51.6100,51.6600,51.3800,51.6300,44.2576,1547000
2017-11-10,51.5900,51.6100,51.4200,51.5800,44.2147,926800
2017-11-13,51.5300,51.8000,51.5100,51.7500,44.3604,4051500
2017-11-14,51.5600,51.8500,51.5100,51.8500,44.4461,9056200
2017-11-15,51.7800,51.7800,51.4600,51.5000,44.1461,1122200
2017-11-16,51.6600,51.9300,51.5700,51.8300,44.4290,749400
2017-11-17,51.8000,51.8100,51.6400,51.6500,44.2747,701400
2017-11-20,51.7000,51.7800,51.6500,51.6900,44.3090,1118000
2017-11-21,51.8000,52.0400,51.8000,51.9900,44.5662,1091900
2017-11-22,52.0700,52.0700,51.8100,51.8400,44.4376,1035400
2017-11-24,51.9600,51.9800,51.8600,51.9600,44.5404,258400
2017-11-27,52.0100,52.0900,51.9700,52.0700,44.6347,874900
2017-11-28,52.1900,52.4800,52.1100,52.4600,44.9690,831900
2017-11-29,52.5000,52.6000,52.4400,52.5600,45.0548,1016200
2017-11-30,52.7300,53.0500,52.6000,52.9000,45.3462,856800
2017-12-01,52.9600,52.9800,52.2500,52.8500,45.3034,1661600
2017-12-04,53.1500,53.1600,52.7000,52.7100,45.1834,1589700
2017-12-05,52.7200,52.8500,52.5000,52.5400,45.0376,853700
2017-12-06,52.5600,52.6300,52.5000,52.5800,45.0719,625800
2017-12-07,52.5800,52.6600,52.5100,52.6300,45.1148,946900
2017-12-08,52.8000,52.8500,52.6300,52.8500,45.3034,915500
2017-12-11,52.9000,52.9300,52.7500,52.9100,45.3548,1071400
2017-12-12,52.9700,53.0400,52.8900,52.9300,45.3719,1215800
2017-12-13,53.0500,53.1700,52.9400,53.0300,45.4576,841700
2017-12-14,53.1100,53.1100,52.8000,52.8000,45.2605,1061700
2017-12-15,52.9700,53.3500,52.9600,53.2800,45.6720,1113500
2017-12-18,53.5100,53.5900,53.3200,53.3700,45.7491,1232500
2017-12-19,53.3600,53.5200,53.0600,53.0700,45.4919,1055400
2017-12-20,53.2200,53.2300,52.9400,52.9400,45.3805,1589900
2017-12-21,52.9000,52.9000,52.6100,52.6600,45.3512,1107200
2017-12-22,52.6900,52.7300,52.5900,52.6800,45.3684,918100
2017-12-26,52.7100,52.7900,52.6500,52.6900,45.3771,866000
2017-12-27,52.7700,52.8700,52.7100,52.8200,45.4890,1562900
2017-12-28,52.9800,52.9800,52.8000,52.9000,45.5579,1243300
2017-12-29,53.0800,53.0800,52.7700,52.7800,45.4546,1462900
2018-01-02,53.0000,53.0000,52.6600,52.7600,45.4373,1742200
2018-01-03,52.8500,52.9200,52.7300,52.8700,45.5321,1994400
2018-01-04,53.0400,53.2200,52.9100,53.0800,45.7129,1109200
2018-01-05,53.1400,53.3600,53.1200,53.3500,45.9454,1449400
2018-01-08,53.3600,53.4800,53.2300,53.4400,46.0230,1607700
2018-01-09,53.5300,53.6100,53.4300,53.4700,46.0488,1998400
2018-01-10,53.3500,53.3500,53.0200,53.2100,45.8249,1123000
2018-01-11,53.3300,53.3700,53.1100,53.3700,45.9627,1362100
2018-01-12,53.4100,53.5700,53.3200,53.5300,46.1005,862000
2018-01-16,53.7800,53.8900,53.3900,53.4900,46.0660,1945500
2018-01-17,53.7000,54.0700,53.5800,53.9900,46.4966,1194200
2018-01-18,53.9300,54.0400,53.7200,53.8900,46.4105,1338400
2018-01-19,54.0100,54.1400,53.9100,54.1200,46.6086,1221700
2018-01-22,54.1700,54.4600,54.1400,54.4600,46.9014,1211300
2018-01-23,54.5000,54.6000,54.3700,54.5500,46.9789,1353500
2018-01-24,54.6600,54.7500,54.4000,54.5800,47.0047,1667000
2018-01-25,54.6700,54.8600,54.6300,54.8500,47.2373,1758300
2018-01-26,54.9500,55.3100,54.8600,55.3100,47.6334,1723300
2018-01-29,55.3000,55.4500,54.8600,54.8900,47.2717,1630800
2018-01-30,54.6200,54.7400,54.4600,54.5700,46.9961,1800400
2018-01-31,54.6800,54.7700,54.3700,54.6200,47.0392,1704500
2018-02-01,54.4600,54.7700,54.3200,54.4700,46.9100,10346400
2018-02-02,54.1300,54.2800,53.5100,53.5600,46.1263,2584000
2018-02-05,53.1500,53.5400,51.1500,51.6300,44.4642,6267200
2018-02-06,50.5800,52.1400,50.5000,51.9600,44.7484,7971900
2018-02-07,51.9200,52.6000,51.7900,51.8000,44.6106,6274600
2018-02-08,51.8700,51.9600,50.2400,50.2400,43.2671,5094100
2018-02-09,50.6300,51.4200,49.7100,51.0700,43.9819,6896600
2018-02-12,51.3000,51.8300,51.0000,51.5700,44.4125,3124800
2018-02-13,51.4000,51.8300,51.2200,51.7300,44.5503,2246100
2018-02-14,51.3100,52.2000,51.3100,52.1600,44.9206,1871100
2018-02-15,52.4200,52.8400,52.0900,52.8100,45.4804,1521900
2018-02-16,52.7800,53.2800,52.5800,52.9800,45.6268,1617100
2018-02-20,52.8400,52.8700,52.3400,52.4400,45.1618,2273500
2018-02-21,52.5500,52.9000,52.0400,52.0800,44.8517,1185500
2018-02-22,52.1700,52.5400,51.9900,52.1300,44.8948,1493400
2018-02-23,52.2500,52.8700,52.2100,52.8700,45.5321,2582500
2018-02-26,53.0500,53.3900,52.9900,53.3400,45.9368,1636300
2018-02-27,53.3600,53.5200,52.7200,52.7200,45.4029,1706200
2018-02-28,52.9500,53.1200,52.3000,52.3000,45.0412,1535400
2018-03-01,52.3700,52.6200,51.4600,51.7200,44.5417,3646200
2018-03-02,51.3800,52.0700,51.3800,51.9800,44.7656,2493700
2018-03-05,51.8100,52.7000,51.6600,52.5700,45.2737,1619500
2018-03-06,52.7700,52.7700,52.3800,52.6400,45.3340,1443600
2018-03-07,52.3200,52.7600,52.2400,52.6700,45.3598,1468300
2018-03-08,52.7200,52.9800,52.7100,52.9700,45.6182,1218600
2018-03-09,53.0800,53.5900,53.0000,53.5900,46.1521,791800
2018-03-12,53.6800,53.7400,53.3800,53.4500,46.0316,2786300
2018-03-13,53.5700,53.7800,53.2700,53.3900,45.9799,995000
2018-03-14,53.4800,53.6100,53.0500,53.1600,45.7818,1221700
2018-03-15,53.1600,53.3800,53.0500,53.1100,45.7388,873400
2018-03-16,53.1200,53.3800,53.1200,53.2600,45.8679,1492700
2018-03-19,53.1800,53.1800,52.5200,52.8400,45.5062,1289400
2018-03-20,52.9100,53.0100,52.7700,52.9000,45.5579,1046300
2018-03-21,52.7900,53.1400,52.5700,52.6600,45.3512,1216800
2018-03-22,52.0800,52.2800,51.4400,51.4500,44.5078,1837700
2018-03-23,51.4900,51.5300,50.6500,50.7000,43.8590,2803500
2018-03-26,51.2400,51.7300,50.9600,51.7100,44.7327,2515000
2018-03-27,51.7800,52.0700,51.0500,51.2800,44.3607,2815000
2018-03-28,51.4400,51.7600,51.2200,51.4200,44.4818,2857500
2018-03-29,51.5600,52.2200,51.5300,51.9300,44.9230,3388400
2018-04-02,51.8600,52.0000,50.6600,51.0600,44.1704,3450300
2018-04-03,51.1900,51.6900,51.0700,51.6100,44.6462,2120700
2018-04-04,51.0100,52.1900,51.0100,52.1400,45.1047,2437300
2018-04-05,52.3000,52.5200,52.1000,52.3900,45.3209,1363100
2018-04-06,52.0400,52.3500,51.2400,51.4900,44.5424,1953800
2018-04-09,51.7900,52.2600,51.5800,51.6700,44.6981,936700
2018-04-10,52.1600,52.3400,51.8900,52.1600,45.1220,1588300
2018-04-11,51.8200,52.2100,51.8200,51.9200,44.9144,2212000
2018-04-12,52.1100,52.3000,51.9700,52.0100,44.9922,1805300
2018-04-13,52.2400,52.2800,51.8800,52.0400,45.0182,1401900
2018-04-16,52.3000,52.7300,52.3000,52.5700,45.4767,2216400
2018-04-17,52.9400,53.1200,52.7400,53.0200,45.8659,1916800
2018-04-18,53.0700,53.1600,52.9700,53.0000,45.8486,1167300
2018-04-19,52.9000,52.9000,52.4500,52.6200,45.5199,1494800
2018-04-20,52.5800,52.7500,52.0800,52.2400,45.1912,1314800
2018-04-23,52.3300,52.4200,52.0900,52.3100,45.2517,857000
2018-04-24,52.5100,52.5100,51.5400,51.8600,44.8625,1490300
2018-04-25,51.7800,51.9000,51.4900,51.8600,44.8625,1170400
2018-04-26,52.0300,52.4600,51.9200,52.3100,45.2517,872300
2018-04-27,52.3000,52.4600,52.2100,52.3600,45.2950,849000
2018-04-30,52.5000,52.6000,51.9800,52.0400,45.0182,2186100
2018-05-01,51.9400,51.9800,51.5300,51.9600,44.9490,1400000
2018-05-02,51.7700,51.9900,51.3700,51.4500,44.5078,1043800
2018-05-03,51.2800,51.6300,50.9200,51.4700,44.5251,1567000
2018-05-04,51.2900,52.1600,51.2700,52.0200,45.0009,893300
2018-05-07,52.2100,52.2300,51.9400,52.0600,45.0355,975000
2018-05-08,52.0500,52.0700,51.7400,51.9900,44.9749,961500
2018-05-09,52.0300,52.2900,51.8800,52.2100,45.1652,1090100
2018-05-10,52.4200,52.7600,52.3600,52.7200,45.6064,3885100
2018-05-11,52.7900,52.9100,52.6100,52.8300,45.7016,1801600
2018-05-14,52.8900,52.9600,52.6100,52.7200,45.6064,1677600
2018-05-15,52.5100,52.5100,52.1900,52.3500,45.2863,1719900
2018-05-16,52.3500,52.5200,52.3000,52.4300,45.3555,1144300
2018-05-17,52.4100,52.4800,52.2000,52.3100,45.2517,913100
2018-05-18,52.2200,52.3200,52.1800,52.2900,45.2344,876200
2018-05-21,52.5000,52.6700,52.3500,52.6400,45.5372,1230600
2018-05-22,52.6600,52.7100,52.3600,52.3900,45.3209,1081000
2018-05-23,52.2600,52.6800,52.2100,52.6800,45.5718,983100
2018-05-24,52.5800,52.7100,52.4200,52.6600,45.5545,1475300
2018-05-25,52.6200,52.8300,52.4400,52.6400,45.5372,1207700
2018-05-29,52.4600,52.4700,52.0700,52.3200,45.2604,1489700
2018-05-30,52.4400,53.0500,52.4400,52.9600,45.8140,2591300
2018-05-31,52.9000,52.9200,52.4600,52.5600,45.4680,1230100
2018-06-01,52.7600,52.8900,52.7300,52.8000,45.6756,1102700
2018-06-04,52.9700,53.1300,52.9400,53.0700,45.9092,1429900
2018-06-05,53.1600,53.1800,52.9400,53.0500,45.8919,1143300
2018-06-06,53.0700,53.3500,53.0000,53.3300,46.1341,1773900
2018-06-07,53.4300,53.4700,53.2700,53.3700,46.1687,1049800
2018-06-08,53.3100,53.6800,53.3100,53.6400,46.4023,1647500
2018-06-11,53.7000,53.7700,53.5900,53.6300,46.3936,2292000
2018-06-12,53.6200,53.7800,53.5500,53.7300,46.4801,2163700
2018-06-13,53.8600,53.8600,53.4800,53.4900,46.2725,1266900
2018-06-14,53.6600,53.7600,53.5600,53.6900,46.4455,1141800
2018-06-15,53.5800,53.8800,53.5300,53.8700,46.6012,1453300
2018-06-18,53.6600,53.6800,53.4700,53.6800,46.4369,957100
2018-06-19,53.3800,53.6300,53.3000,53.6000,46.3677,2793500
2018-06-20,53.7000,53.7000,53.5300,53.5700,46.3417,1010300
2018-06-21,53.5900,53.5900,53.3100,53.4200,46.2120,1150500
2018-06-22,53.5600,53.7600,53.5200,53.6100,46.3763,1734100
2018-06-25,53.5200,53.6200,53.1500,53.4000,46.1947,1815300
2018-06-26,53.1800,53.2500,53.0400,53.0600,46.1520,2411400
2018-06-27,53.2000,53.2800,52.6700,52.6800,45.8215,2196400
2018-06-28,52.6100,53.2100,52.6100,53.0700,46.1607,1488900
2018-06-29,53.2400,53.4900,53.0600,53.1600,46.2390,1440100
2018-07-02,53.0400,53.2600,52.8400,53.2400,46.3086,1658600
2018-07-03,53.4400,53.5100,53.2000,53.2700,46.3347,1095000
2018-07-05,53.4700,53.7100,53.2700,53.6900,46.7000,1125500
2018-07-06,53.6800,54.0600,53.6800,53.9700,46.9436,871600
2018-07-09,54.1200,54.1700,53.9600,54.0400,47.0045,869800
2018-07-10,54.0500,54.3500,54.0500,54.3400,47.2654,1126000
2018-07-11,54.1200,54.3500,54.1200,54.2300,47.1697,975000
2018-07-12,54.4300,54.6000,54.2400,54.5800,47.4742,2988800
2018-07-13,54.5900,54.6200,54.4800,54.6000,47.4915,929500
2018-07-16,54.6500,54.6800,54.3800,54.4400,47.3524,1220700
2018-07-17,54.4700,54.6800,54.4400,54.6200,47.5089,758300
2018-07-18,54.7000,54.7000,54.4700,54.6200,47.5089,887600
2018-07-19,54.6100,54.7600,54.5100,54.6300,47.5176,4275000
2018-07-20,54.6300,54.6500,54.5000,54.5900,47.4828,736400
2018-07-23,54.5800,54.6700,54.4100,54.5000,47.4046,755600
2018-07-24,54.6100,54.6900,54.3700,54.5700,47.4654,4233300
2018-07-25,54.6000,55.0400,54.5300,55.0000,47.8395,944700
2018-07-26,54.9300,55.2000,54.9300,55.0700,47.9004,911600
2018-07-27,55.1100,55.1300,54.7100,54.8300,47.6916,707800
2018-07-30,54.8400,54.8400,54.4500,54.5100,47.4133,1130700
2018-07-31,54.6700,54.9400,54.6200,54.9100,47.7612,992600
2018-08-01,54.8900,54.8900,54.6600,54.7700,47.6394,2441300
2018-08-02,54.6300,55.0200,54.5000,54.9800,47.8221,1326900
2018-08-03,55.0900,55.3100,54.9700,55.2800,48.0830,850500
2018-08-06,55.4000,55.5000,55.2600,55.4300,48.2135,1210400
2018-08-07,55.6000,55.6000,55.4000,55.5200,48.2918,1277400
2018-08-08,55.5600,55.6200,55.4200,55.5200,48.2918,991400
2018-08-09,55.5800,55.6300,55.5100,55.5300,48.3005,1034900
2018-08-10,55.3600,55.5100,55.2400,55.3400,48.1352,952400
2018-08-13,55.4100,55.4700,55.1100,55.2000,48.0134,1620200
2018-08-14,55.3300,55.5900,55.2900,55.5100,48.2831,1352700
2018-08-15,55.3300,55.5100,55.1900,55.4800,48.2570,1305500
2018-08-16,55.7300,56.0100,55.6000,55.9100,48.6310,1001000
2018-08-17,55.9700,56.2900,55.8900,56.2300,48.9093,1104500
2018-08-20,56.3700,56.3900,56.2600,56.3300,48.9963,986500
2018-08-21,56.3900,56.5300,56.2100,56.2300,48.9093,6718400
2018-08-22,56.3000,56.3000,56.0400,56.0800,48.7789,1081700
2018-08-23,56.0800,56.2300,56.0100,56.0900,48.7876,2051000
2018-08-24,56.0900,56.4200,56.0900,56.4100,49.0659,858800
2018-08-27,56.5000,56.6100,56.3700,56.4800,49.1268,923800
2018-08-28,56.5800,56.5800,56.3800,56.4800,49.1268,1219400
2018-08-29,56.5800,56.7500,56.5400,56.7200,49.3355,983200
2018-08-30,56.6600,56.6800,56.3800,56.4900,49.1355,835600
2018-08-31,56.4300,56.6300,56.3600,56.5900,49.2225,831500
2018-09-04,56.5500,56.6300,56.3900,56.5600,49.1964,2136200
2018-09-05,56.5400,56.6800,56.3900,56.6500,49.2747,1101900
2018-09-06,56.7200,57.0000,56.6400,56.9300,49.5182,1159400
2018-09-07,56.7800,56.8900,56.6500,56.7400,49.3529,1071000
2018-09-10,56.9100,57.0200,56.7700,56.8600,49.4573,2217300
2018-09-11,56.8000,57.0200,56.7200,56.9200,49.5095,2158000
2018-09-12,56.8300,57.0700,56.8300,57.0200,49.5965,3307400
2018-09-13,57.2200,57.3400,57.1000,57.3200,49.8574,4141900
2018-09-14,57.3800,57.3900,57.1500,57.3300,49.8661,1803900
2018-09-17,57.2100,57.3800,57.1700,57.2300,49.7791,1210700
2018-09-18,57.3100,57.5100,57.1600,57.4200,49.9444,1244500
2018-09-19,57.4800,57.4800,57.0900,57.1100,49.6748,1337400
2018-09-20,57.3000,57.4700,57.1700,57.4500,49.9705,1216100
2018-09-21,57.5300,57.6700,57.5100,57.5800,50.0836,1072900
2018-09-24,57.5400,57.5400,57.1300,57.1700,49.7269,1105700
2018-09-25,57.2800,57.3900,57.0900,57.1100,49.6748,1118000
2018-09-26,56.9700,57.1200,56.6400,56.6600,49.5027,1985300
2018-09-27,56.7600,56.9900,56.6400,56.7700,49.5988,1066800
2018-09-28,56.7000,57.0400,56.5000,57.0400,49.8347,1109600
2018-10-01,57.2000,57.2100,56.9000,57.0300,49.8259,1545900
2018-10-02,57.0900,57.2100,56.9900,57.0500,49.8434,5827600
2018-10-03,57.1000,57.2900,56.7400,56.8400,49.6599,1803100
2018-10-04,56.7600,56.7600,56.2800,56.5800,49.4328,1636900
2018-10-05,56.6000,56.7900,56.4300,56.6100,49.4590,1940900
2018-10-08,56.5500,56.7600,56.4100,56.7000,49.5376,1285700
2018-10-09,56.6300,56.9200,56.5900,56.7600,49.5900,5624400
2018-10-10,56.5600,56.8100,55.2900,55.3300,48.3406,3834100
2018-10-11,55.0800,55.3300,53.8900,54.1100,47.2748,7586400
2018-10-12,54.7500,54.8000,54.0900,54.6200,47.7203,3537200
2018-10-15,54.7200,55.0600,54.6000,54.6300,47.7291,1996200
2018-10-16,54.9300,55.6900,54.7100,55.6300,48.6028,6943700
2018-10-17,55.6600,55.7600,55.1900,55.6400,48.6115,2907500
2018-10-18,55.6100,55.7900,54.9700,55.2900,48.3057,2406100
2018-10-19,55.5200,55.7300,55.2600,55.3900,48.3931,3377300
2018-10-22,55.5100,55.5300,55.0800,55.2000,48.2271,2103500
2018-10-23,54.9100,55.2800,54.3800,55.0400,48.0873,4557400
2018-10-24,55.0400,55.1900,54.1200,54.2100,47.3621,4325200
2018-10-25,54.3500,54.7900,54.0200,54.5300,47.6417,5093400
2018-10-26,54.0500,54.3000,53.3700,53.8200,47.0214,5084000
2018-10-29,54.3100,54.6900,53.2700,53.8600,47.0564,4586700
2018-10-30,53.9300,54.6500,53.8600,54.6200,47.7203,5167900
2018-10-31,54.9200,55.2100,54.6400,54.7300,47.8165,3632200
2018-11-01,54.8300,54.9800,54.6400,54.9000,47.9650,3264900
2018-11-02,55.2500,55.3300,54.3700,54.8000,47.8776,3708800
2018-11-05,54.9100,55.3900,54.7500,55.2600,48.2795,2137100
2018-11-06,55.2600,55.6300,55.1000,55.6100,48.5853,2332100
2018-11-07,55.9700,56.5400,55.8500,56.5200,49.3803,3776400
2018-11-08,56.4100,56.5600,56.2900,56.5500,49.4066,2081300
2018-11-09,56.4900,56.6600,56.2100,56.5200,49.3803,3697000
2018-11-12,56.5700,56.5700,55.7900,55.8800,48.8212,4799800
2018-11-13,56.0100,56.1200,55.5800,55.7700,48.7251,2983700
2018-11-14,56.0200,56.0200,55.2600,55.4800,48.4717,4537800
2018-11-15,55.3600,55.8900,54.9000,55.8300,48.7775,4418100
2018-11-16,55.7700,56.3400,55.6700,56.1300,49.0396,3258700
2018-11-19,56.1600,56.2400,55.3700,55.6100,48.5853,3435200
2018-11-20,55.1000,55.3300,54.7300,54.8800,47.9475,5683200
2018-11-21,55.0600,55.1700,54.8100,54.8400,47.9125,5803200
2018-11-23,54.6800,54.9300,54.5700,54.7100,47.7990,1190700
2018-11-26,55.0300,55.1900,54.8600,55.1700,48.2009,2134600
2018-11-27,55.1300,55.3500,54.9100,55.3400,48.3494,2763500
2018-11-28,55.5000,56.3000,55.4000,56.2700,49.1619,3218600
2018-11-29,56.2500,56.4900,56.0200,56.2400,49.1357,3680800
2018-11-30,56.2900,56.7800,56.2500,56.5000,49.3629,3340400
2018-12-03,57.2100,57.2700,56.5500,56.9900,49.7910,3707800
2018-12-04,57.0500,57.1600,55.9000,55.9800,48.9086,5444300
2018-12-06,55.6000,55.9500,54.5700,55.9500,48.8823,8655800
2018-12-07,55.9400,56.0500,54.8600,55.1100,48.1484,5345900
2018-12-10,55.1100,55.4700,54.2400,55.2800,48.2970,5977600
2018-12-11,55.8500,55.9000,55.0900,55.3400,48.3494,7042000
2018-12-12,55.5500,55.9100,55.3300,55.4000,48.4018,6080700
2018-12-13,55.5000,55.7300,55.2800,55.5000,48.4892,5332500
2018-12-14,55.2900,55.2900,54.5800,54.7400,47.8252,4808500
2018-12-17,54.3400,54.3500,52.9900,53.2800,46.8053,5321900
2018-12-18,53.6200,53.6900,52.7900,53.0900,46.6384,7386700
2018-12-19,53.2500,53.9200,52.3100,52.6300,46.2343,9182800
2018-12-20,52.3000,52.5600,51.3600,51.8900,45.5842,14193400
2018-12-21,52.1200,52.8100,51.1100,51.1900,44.9692,13145600
2018-12-24,50.9600,51.1000,49.7400,49.7700,43.7218,9083700
2018-12-26,49.9700,51.4900,49.5000,51.4700,45.2152,8794300
2018-12-27,51.0000,52.0800,50.3900,52.0300,45.7072,10713400
2018-12-28,52.3500,52.5600,51.7800,51.9400,45.6571,9279000
2018-12-31,52.2200,52.4100,51.8700,52.4000,46.0614,9684600
2019-01-02,51.8500,52.0800,51.5900,51.9400,45.6571,4628700
2019-01-03,51.7400,51.9100,51.1100,51.1800,44.9890,5881200
2019-01-04,51.6900,52.4700,51.4400,52.3000,45.9735,6096800
2019-01-07,52.3800,52.8600,52.1600,52.4700,46.1230,5668500
2019-01-08,52.8600,52.9900,52.4800,52.9200,46.5185,4442100
2019-01-09,53.1000,53.1500,52.7800,52.9300,46.5273,4677000
2019-01-10,52.7500,53.3500,52.6200,53.3300,46.8789,3325500
2019-01-11,53.1500,53.3600,53.0300,53.3400,46.8877,4522500
2019-01-14,53.0600,53.1500,52.9200,52.9500,46.5449,3471200
2019-01-15,53.0700,53.5400,53.0200,53.4800,47.0108,5823400
2019-01-16,53.5600,53.5900,53.3500,53.4700,47.0020,3727900
2019-01-17,53.4000,53.9400,53.3500,53.8300,47.3184,5570000
2019-01-18,54.1400,54.4400,54.0000,54.4300,47.8459,4014200
2019-01-22,54.3000,54.3400,53.7300,54.0500,47.5118,4072200
2019-01-23,54.2900,54.4500,53.9400,54.3600,47.7843,3687500
2019-01-24,54.3700,54.3700,53.9400,54.2300,47.6701,3253200
2019-01-25,54.5400,54.6600,54.3000,54.4200,47.8371,5182900
2019-01-28,54.1800,54.3600,53.9300,54.3000,47.7316,3352400
2019-01-29,54.3900,54.4400,54.1100,54.3900,47.8107,7207800
2019-01-30,54.4700,55.1500,54.4700,54.9700,48.3206,4304500
2019-01-31,54.9000,55.5300,54.7800,55.3600,48.6634,5829300
2019-02-01,55.5700,55.6300,55.3200,55.4900,48.7776,3523200
2019-02-04,55.5900,55.8800,55.2800,55.8800,49.1205,3261100
2019-02-05,55.9700,56.0600,55.8100,56.0400,49.2611,8785100
2019-02-06,56.0400,56.0400,55.8100,55.9600,49.1908,2857200
2019-02-07,55.7000,55.8800,55.4500,55.8400,49.0853,3377200
2019-02-08,55.7200,56.1000,55.6700,56.0700,49.2875,3161200
2019-02-11,56.2400,56.2500,55.9900,56.0800,49.2963,2460900
2019-02-12,56.4100,56.5900,56.2000,56.4800,49.6479,5800500
2019-02-13,56.6500,56.7200,56.4400,56.6100,49.7622,5598500
2019-02-14,56.4800,56.6800,56.2700,56.4500,49.6215,9489500
2019-02-15,56.7600,57.0400,56.7600,57.0300,50.1314,2828200
2019-02-19,57.0800,57.2600,56.9200,57.1500,50.2369,3672300
2019-02-20,57.1900,57.3000,57.0100,57.2000,50.2808,3234500
2019-02-21,57.1900,57.2600,56.9600,57.2300,50.3072,2506500
2019-02-22,57.3600,57.5700,57.2000,57.5400,50.5797,2113900
2019-02-25,57.8200,57.8500,57.3300,57.3800,50.4390,3908400
2019-02-26,57.3400,57.5000,57.2600,57.3500,50.4126,5048800
2019-02-27,57.2700,57.3900,57.1100,57.3400,50.4039,2666000
2019-02-28,57.3700,57.6900,57.3200,57.4800,50.5269,3478300
2019-03-01,57.8100,57.8300,57.4400,57.7800,50.7906,4397700
2019-03-04,57.9700,58.0400,57.0000,57.4700,50.5181,3562200
2019-03-05,57.4600,57.6200,57.4100,57.4600,50.5093,2644800
2019-03-06,57.5200,57.6000,57.1700,57.2400,50.3160,2355300
2019-03-07,57.2500,57.2500,56.8400,56.9800,50.0874,3485800
2019-03-08,56.7900,56.9400,56.5600,56.9300,50.0435,3642400
2019-03-11,57.0700,57.5800,57.0400,57.5800,50.6148,2543100
2019-03-12,57.6700,57.8400,57.5900,57.7300,50.7467,4734200
2019-03-13,57.9000,58.1900,57.8500,58.0300,51.0104,2564800
2019-03-14,58.0400,58.0900,57.8200,57.9800,50.9664,2023200
2019-03-15,58.1200,58.3400,58.0100,58.1800,51.1423,2311400
2019-03-18,58.2700,58.3100,58.0200,58.2200,51.1774,2867400
2019-03-19,58.4000,58.4400,57.9200,58.0900,51.0631,3284000
2019-03-20,57.8700,58.0100,57.4400,57.6400,50.8743,3531500
2019-03-21,57.5700,58.4600,57.5200,58.3800,51.5274,2866600
2019-03-22,58.2300,58.4300,57.9300,57.9300,51.1302,4557600
2019-03-25,57.9500,58.1700,57.7900,58.0000,51.1920,3294100
2019-03-26,58.3000,58.5500,58.0500,58.4300,51.5715,8594700
2019-03-27,58.5100,58.5800,58.0000,58.2700,51.4303,5042400
2019-03-28,58.4100,58.5400,58.1400,58.4700,51.6068,2600600
2019-03-29,58.6500,58.8300,58.4900,58.8000,51.8981,3608600
2019-04-01,59.0700,59.1100,58.7900,59.0100,52.0834,3958700
2019-04-02,59.0600,59.1000,58.8000,58.9700,52.0481,4205100
2019-04-03,59.1400,59.1400,58.7800,58.9300,52.0128,2894800
2019-04-04,58.9700,59.0900,58.7200,58.9700,52.0481,3540300
2019-04-05,59.1800,59.2300,58.9900,59.2300,52.2776,2966700
2019-04-08,59.1900,59.2200,58.9100,59.2200,52.2688,3166100
2019-04-09,59.1400,59.1400,58.9400,59.0500,52.1188,2597200
2019-04-10,59.1700,59.2600,59.0600,59.1900,52.2423,2255600
2019-04-11,59.2200,59.2400,58.9900,59.1700,52.2247,3423500
2019-04-12,59.4200,59.4300,59.1900,59.4300,52.4541,2472000
2019-04-15,59.5200,59.5400,59.3800,59.5100,52.5248,3625200
2019-04-16,59.7300,59.7400,59.0400,59.1600,52.2158,9107600
2019-04-17,59.2100,59.3800,58.7100,58.8000,51.8981,3569400
2019-04-18,58.9600,59.0700,58.6400,58.9000,51.9864,3765900
2019-04-22,58.8200,58.8700,58.7000,58.8300,51.9246,1999300
2019-04-23,58.9600,59.3700,58.8300,59.3300,52.3659,3046300
2019-04-24,59.3500,59.5400,59.2600,59.4000,52.4277,3142700
2019-04-25,59.2800,59.4700,59.0600,59.3600,52.3924,5718900
2019-04-26,59.4600,59.6800,59.3700,59.6800,52.6748,2382100
2019-04-29,59.6200,59.6800,59.5300,59.5300,52.5424,1994900
2019-04-30,59.6200,60.1100,59.5800,60.0800,53.0279,2224700
2019-05-01,60.1300,60.1300,59.4800,59.4800,52.4983,3327300
2019-05-02,59.4700,59.9900,59.1800,59.4900,52.5071,3378000
2019-05-03,59.6800,59.8100,59.5500,59.7300,52.7189,2391600
2019-05-06,59.1100,59.8000,59.0800,59.7000,52.6924,2074300
2019-05-07,59.5500,59.5500,58.6400,59.0200,52.0923,4133100
2019-05-08,58.9800,59.2800,58.8300,59.0000,52.0746,3651000
2019-05-09,58.7400,59.0800,58.4300,59.0000,52.0746,4693200
2019-05-10,58.8900,59.6000,58.4000,59.4500,52.4718,3184200
2019-05-13,58.7900,58.9400,58.4800,58.7700,51.8716,4042500
2019-05-14,58.9600,59.3300,58.8100,59.0200,52.0923,3072600
2019-05-15,58.9000,59.4300,58.7300,59.2700,52.3129,2977300
2019-05-16,59.5000,60.0800,59.3500,59.8100,52.7895,2494500
2019-05-17,59.5700,60.0500,59.5000,59.7300,52.7189,2252700
2019-05-20,59.5700,59.9200,59.5100,59.6400,52.6395,2319300
2019-05-21,59.9000,60.1300,59.7500,60.0500,53.0014,8799400
2019-05-22,60.0100,60.2500,59.9200,60.2200,53.1514,3287500
2019-05-23,59.9200,59.9600,59.6300,59.9400,52.9043,3708100
2019-05-24,60.1400,60.2200,59.8300,59.9800,52.9396,1948200
2019-05-28,60.1200,60.2500,59.3300,59.3500,52.3835,2893500
2019-05-29,59.1900,59.3400,58.7600,59.0200,52.0923,3644100
2019-05-30,59.1800,59.4000,59.1000,59.3300,52.3659,2530200
2019-05-31,59.0700,59.2600,58.8100,59.1100,52.1717,3737900
2019-06-03,59.2500,59.5000,59.0300,59.4300,52.4541,4972300
2019-06-04,59.8800,60.0900,59.5900,60.0500,53.0014,4008700
2019-06-05,60.3900,60.9100,60.2900,60.8700,53.7251,4876100
2019-06-06,61.0300,61.4000,60.8700,61.2800,54.0870,3652500
2019-06-07,61.6200,61.9800,61.5100,61.6500,54.4136,3750300
2019-06-10,61.8000,61.9400,61.5200,61.5900,54.3606,5252900
2019-06-11,61.8700,61.8900,61.2600,61.4000,54.1929,2549900
2019-06-12,61.5100,61.7000,61.5000,61.6600,54.4224,2833700
2019-06-13,61.8700,61.8900,61.4900,61.7100,54.4665,3540700
2019-06-14,61.7800,62.0200,61.6900,61.9100,54.6431,2281100
2019-06-17,61.6800,61.7000,61.4300,61.4600,54.5321,2564500
2019-06-18,61.8400,61.8900,61.5300,61.6700,54.7185,4704000
2019-06-19,61.6900,62.1200,61.5400,62.0200,55.0290,3307300
2019-06-20,62.4900,62.5300,62.0800,62.4700,55.4283,7521000
2019-06-21,62.4500,62.5200,62.2200,62.2600,55.2420,2386800
2019-06-24,62.3600,62.4600,62.2600,62.3200,55.2952,3090500
2019-06-25,62.4500,62.4900,61.9400,61.9500,54.9669,2832300
2019-06-26,62.0200,62.0600,61.2500,61.2600,54.3547,3372100
2019-06-27,61.4100,61.5400,61.2900,61.4900,54.5588,2728900
2019-06-28,61.6600,61.7700,61.5000,61.7300,54.7717,2823900
2019-07-01,62.0900,62.1900,61.7400,61.9900,55.0024,5799000
2019-07-02,62.0600,62.4700,62.0300,62.4500,55.4105,10389000
2019-07-03,62.6300,63.1200,62.6100,63.1200,56.0050,2377300
2019-07-05,62.8200,63.0500,62.4700,62.9900,55.8897,3472000
2019-07-08,62.8500,62.9600,62.7500,62.8700,55.7832,2886500
2019-07-09,62.7700,63.0000,62.7000,62.9800,55.8808,4122900
2019-07-10,63.1500,63.3700,63.1100,63.2700,56.1381,3748100
2019-07-11,63.3200,63.3500,63.0000,63.2800,56.1470,2246700
2019-07-12,63.4100,63.4400,63.1600,63.4200,56.2712,3352400
2019-07-15,63.5300,63.5800,63.4000,63.5300,56.3688,2125400
2019-07-16,63.4800,63.5900,63.2500,63.3600,56.2180,3446500
2019-07-17,63.4800,63.5000,63.1800,63.1800,56.0583,3339300
2019-07-18,63.1600,63.5200,63.0000,63.4700,56.3156,3187500
2019-07-19,63.5300,63.6200,62.8600,62.8900,55.8009,3531800
2019-07-22,63.0300,63.0400,62.7900,62.9000,55.8098,3161500
2019-07-23,63.1100,63.1400,62.7000,63.1000,55.9873,2953500
2019-07-24,63.0300,63.1000,62.7700,63.0800,55.9695,5032600
2019-07-25,63.0500,63.1800,62.8800,63.1100,55.9962,3283100
2019-07-26,63.2300,63.6500,63.1100,63.5800,56.4132,4351200
2019-07-29,63.6700,63.7400,63.5600,63.6700,56.4930,4566300
2019-07-30,63.5000,63.6900,63.3000,63.3800,56.2357,4533800
2019-07-31,63.5000,63.5300,62.2900,62.7600,55.6856,3744800
2019-08-01,62.8800,63.3700,62.5700,62.6700,55.6057,7705500
2019-08-02,62.5300,62.9100,62.3300,62.5900,55.5348,7858600
2019-08-05,62.1500,62.1500,60.6900,61.1200,54.2305,6193100
2019-08-06,61.4000,62.1600,61.2600,62.0800,55.0823,10287300
2019-08-07,61.7300,62.6200,61.1300,62.3700,55.3396,6181000
2019-08-08,62.6200,63.4800,62.4900,63.4200,56.2712,8346900
2019-08-09,63.3300,63.5400,62.8600,63.2400,56.1115,4373900
2019-08-12,63.0100,63.2400,62.5000,62.7400,55.6679,3977900
2019-08-13,62.6800,63.4100,62.5700,63.2900,56.1559,5575500
2019-08-14,63.0100,63.0100,61.8800,61.9000,54.9226,5350300
2019-08-15,62.1000,62.5700,61.8800,62.3900,55.3573,5444400
2019-08-16,62.6500,63.1100,62.6000,62.9800,55.8808,6079400
2019-08-19,63.4100,63.6500,63.2500,63.5200,56.3599,2599600
2019-08-20,63.5700,63.5700,63.0800,63.1000,55.9873,3370300
2019-08-21,63.4900,63.5500,63.3500,63.5300,56.3688,3742200
2019-08-22,63.7200,63.8000,63.1800,63.6500,56.4753,3445500
2019-08-23,63.5400,63.8200,62.1600,62.4700,55.4283,9339300
2019-08-26,62.8500,63.1000,62.5400,63.1000,55.9873,4118400
2019-08-27,63.4400,63.5200,62.9600,63.0300,55.9252,4685100
2019-08-28,63.1100,63.3400,62.8000,63.3300,56.1914,6153400
2019-08-29,63.8400,63.9400,63.4400,63.8500,56.6527,3539600
2019-08-30,64.0800,64.1700,63.5900,63.7600,56.5729,3685500
2019-09-03,63.5100,63.8700,63.4900,63.8400,56.6439,6671800
2019-09-04,64.2400,64.3800,63.9800,64.3800,57.1230,3244900
2019-09-05,64.7000,64.8500,64.4700,64.5200,57.2472,4545400
2019-09-06,64.7200,64.8300,64.6000,64.6900,57.3981,4544900
2019-09-09,64.8500,64.9000,64.0500,64.1600,56.9278,4988900
2019-09-10,64.0500,64.1200,63.2500,63.6300,56.4575,5443600
2019-09-11,63.6100,63.8600,63.4800,63.8400,56.6439,6003300
2019-09-12,64.2000,64.3800,64.0800,64.1200,56.8923,4760100
2019-09-13,64.1700,64.2100,63.7200,63.8300,56.6350,5810200
2019-09-16,63.8200,63.8200,63.5800,63.7100,56.5285,3359000
2019-09-17,63.7400,64.2800,63.7400,64.2500,57.0076,3418800
2019-09-18,64.3900,64.4000,63.7400,64.3100,57.0609,2568000
2019-09-19,64.4800,64.6400,64.3400,64.4100,57.1496,3771700
2019-09-20,64.6500,64.6800,64.1000,64.2500,57.0076,4177400
2019-09-23,64.2300,64.4600,64.1300,64.3400,57.0875,3417800
2019-09-24,64.3200,64.5200,63.7900,63.9500,56.9957,5271800
2019-09-25,64.0400,64.0900,63.7300,64.0200,57.0581,8810700
2019-09-26,64.1600,64.3300,63.8600,64.1400,57.1650,4543300
2019-09-27,64.3300,64.3300,63.4500,63.8000,56.8620,3360800
2019-09-30,63.8800,64.2200,63.8700,64.1000,57.1294,3234900
2019-10-01,64.1500,64.2900,63.5200,63.5600,56.6481,13452000
2019-10-02,63.3500,63.4500,62.3800,62.6800,55.8638,4962700
2019-10-03,62.7300,63.1100,62.2800,63.1000,56.2381,6757000
2019-10-04,63.2700,64.0500,63.1500,64.0300,57.0670,6818300
2019-10-07,63.8800,64.0100,63.6300,63.6800,56.7551,5262900
2019-10-08,63.4600,63.5500,62.9200,62.9800,56.1312,4538800
2019-10-09,63.3500,63.6100,63.1300,63.4100,56.5144,3420900
2019-10-10,63.4600,63.8300,63.2500,63.7000,56.7729,5692700
2019-10-11,64.2500,64.2800,63.7600,63.7700,56.8353,7412700
2019-10-14,63.7900,63.9000,63.6300,63.6800,56.7551,2896500
2019-10-15,63.8800,64.0000,63.8000,63.8400,56.8977,3284100
2019-10-16,63.8600,63.8700,63.5400,63.8700,56.9244,5240200
2019-10-17,64.0600,64.1500,63.9100,64.0300,57.0670,2755800
2019-10-18,64.0300,64.2000,63.8900,64.0800,57.1116,3064000
2019-10-21,64.3000,64.3000,64.0300,64.2200,57.2363,4515500
2019-10-22,64.3300,64.3300,63.6300,63.6700,56.7461,3608800
2019-10-23,63.7100,63.8400,63.5200,63.7600,56.8264,3125500
2019-10-24,63.9200,63.9500,63.5800,63.7700,56.8353,3637400
2019-10-25,63.8200,63.8300,63.5000,63.5100,56.6035,3462500
2019-10-28,63.6400,63.7800,63.4600,63.5000,56.5946,3120600
2019-10-29,63.5500,63.9100,63.4000,63.7100,56.7818,9033900
2019-10-30,63.7100,64.1000,63.5500,64.0600,57.0937,4032500
2019-10-31,64.1300,64.1300,63.6800,63.9500,56.9957,7859700
2019-11-01,64.2400,64.2700,63.8800,63.9800,57.0224,3097300
2019-11-04,64.1300,64.1500,63.4100,63.5200,56.6125,5380700
2019-11-05,63.4400,63.6100,63.0300,63.2100,56.3362,6557400
2019-11-06,63.3400,63.5800,63.2300,63.5600,56.6481,5643200
2019-11-07,63.6200,63.7400,63.4100,63.5200,56.6125,3317000
2019-11-08,63.4200,63.5500,63.2200,63.5000,56.5946,3194500
2019-11-11,63.3600,63.4700,63.1100,63.3800,56.4877,2981700
2019-11-12,63.4800,63.6000,63.3100,63.4200,56.5233,3206500
2019-11-13,63.3800,63.8900,63.3800,63.7900,56.8531,4140100
2019-11-14,63.9300,63.9600,63.6900,63.9400,56.9868,12736200
2019-11-15,64.1600,64.2700,63.9600,64.2500,57.2631,3886600
2019-11-18,64.2800,64.5100,64.2300,64.4100,57.4057,10842500
2019-11-19,64.5500,64.5900,64.3400,64.4900,57.4770,2743500
2019-11-20,64.5100,64.6700,64.1900,64.4300,57.4235,3893600
2019-11-21,64.4100,64.4600,64.0700,64.1200,57.1472,2811800
2019-11-22,64.3200,64.4000,63.9400,64.1700,57.1918,2632600
2019-11-25,64.3200,64.4800,64.2100,64.3200,57.3255,2811100
2019-11-26,64.3800,64.8400,64.2800,64.8300,57.7800,4740600
2019-11-27,64.9100,65.0300,64.7500,65.0200,57.9493,2674800
2019-11-29,65.0000,65.0700,64.7700,64.8400,57.7889,1083400
2019-12-02,64.7900,64.8700,64.2600,64.3900,57.3879,3801600
2019-12-03,64.0800,64.2500,63.9800,64.2400,57.2542,2928500
2019-12-04,64.3500,64.6500,64.2500,64.5500,57.5304,2751300
2019-12-05,64.5900,64.6800,64.3800,64.6600,57.6285,2835200
2019-12-06,64.8600,65.0900,64.8400,64.9200,57.8602,2645900
2019-12-09,64.9400,64.9400,64.7700,64.7700,57.7265,2657300
2019-12-10,64.8800,64.8800,64.6100,64.7000,57.6641,2639200
2019-12-11,64.8200,64.8800,64.5100,64.6900,57.6552,2339300
2019-12-12,64.7500,65.0400,64.6100,64.8500,57.7978,3361300
2019-12-13,64.8500,65.0500,64.6700,65.0100,57.9404,4008300
2019-12-16,64.8900,64.9700,64.7400,64.9300,58.2130,2324300
2019-12-17,64.9600,65.0700,64.8500,64.8900,58.1771,2699300
2019-12-18,65.0200,65.0600,64.8000,64.8600,58.1502,2919100
2019-12-19,64.8900,65.1600,64.8300,65.1200,58.3833,2677000
2019-12-20,65.3000,65.6200,65.2900,65.5400,58.7599,6206200
2019-12-23,65.6500,65.6500,65.2500,65.2600,58.5088,3101100
2019-12-24,65.3300,65.4400,65.1800,65.3200,58.5626,1350300
2019-12-26,65.4300,65.5100,65.3200,65.5100,58.7330,1682200
2019-12-27,65.7300,65.7500,65.4900,65.6700,58.8764,2402700
2019-12-30,65.6100,65.6700,65.3100,65.4600,58.6882,3958800
2019-12-31,65.4000,65.6500,65.2800,65.6000,58.8137,2498200
2020-01-02,65.9400,65.9400,65.3500,65.6200,58.8316,4728600
2020-01-03,65.3600,65.8100,65.2200,65.6600,58.8675,3191200
2020-01-06,65.5200,65.7700,65.4300,65.7500,58.9482,2627500
2020-01-07,65.7100,65.7100,65.4100,65.4800,58.7061,3676600
2020-01-08,65.4900,65.8900,65.4900,65.6200,58.8316,3759200
2020-01-09,65.7800,66.0700,65.7800,66.0300,59.1992,4662600
2020-01-10,66.1700,66.2000,65.9200,66.0000,59.1723,3603200
2020-01-13,66.0900,66.4000,66.0500,66.4000,59.5309,3232700
2020-01-14,66.3900,66.4000,66.2200,66.3600,59.4951,4652900
2020-01-15,66.4400,66.9500,66.4100,66.8200,59.9075,4414100
2020-01-16,67.0000,67.3300,66.9600,67.3300,60.3647,4249800
2020-01-17,67.4600,67.6500,67.4100,67.6200,60.6247,4102100
2020-01-21,67.6000,67.8500,67.5400,67.7900,60.7771,4601800
2020-01-22,67.9900,68.1500,67.8300,67.9100,60.8847,4333900
2020-01-23,67.8400,68.0700,67.6100,68.0700,61.0281,3253700
2020-01-24,68.1600,68.1700,67.5300,67.7500,60.7412,4984300
2020-01-27,67.1000,67.5200,67.0400,67.2700,60.3109,3262000
2020-01-28,67.5000,67.8400,67.4000,67.6700,60.6695,5018000
2020-01-29,67.8500,67.8500,67.4400,67.4400,60.4633,3881300
2020-01-30,67.2500,68.0500,67.2000,67.9700,60.9385,6537900
2020-01-31,67.8700,67.9600,66.9600,67.1400,60.1944,4701400
2020-02-03,67.4300,67.8500,67.4300,67.5000,60.5171,4735300
2020-02-04,68.1700,68.2700,67.9100,67.9600,60.9295,4511000
2020-02-05,68.3500,68.5400,68.2300,68.4900,61.4047,5457600
2020-02-06,68.6600,68.7100,68.5000,68.5700,61.4764,3507500
2020-02-07,68.5300,68.6100,68.2900,68.3900,61.3151,3666500
2020-02-10,68.3400,68.7900,68.3200,68.7900,61.6737,3075500
2020-02-11,68.9800,69.1700,68.8700,68.9100,61.7813,3124000
2020-02-12,69.1400,69.1600,68.7800,69.0100,61.8709,4362300
2020-02-13,68.8300,69.4500,68.8200,69.3400,62.1668,3494300
2020-02-14,69.4400,69.6700,69.3700,69.6700,62.4626,3705200
2020-02-18,69.6500,69.6800,69.4500,69.6200,62.4178,3810500
2020-02-19,69.7600,69.7900,69.5600,69.5900,62.3909,3086900
2020-02-20,69.5600,69.6100,68.8300,69.4500,62.2654,3610600
2020-02-21,69.3400,69.3900,69.0500,69.2500,62.0861,3561700
2020-02-24,67.7700,68.5300,67.7100,67.8500,60.8309,6257800
2020-02-25,68.0200,68.1300,66.0800,66.1500,59.3068,8344600
2020-02-26,66.3400,67.1500,65.8600,65.9200,59.1006,10318100
2020-02-27,65.0300,65.4500,62.9800,62.9900,56.4737,12483800
2020-02-28,60.9300,61.9100,60.1400,61.2700,54.9316,16727900
2020-03-02,61.7500,64.7000,61.7400,64.6600,57.9709,12385900
2020-03-03,64.9500,65.7400,63.0100,63.5400,56.9668,13061400
2020-03-04,64.6200,66.4000,64.4000,66.4000,59.5309,6208100
2020-03-05,65.1700,65.6800,64.1800,64.7600,58.0606,6288200
2020-03-06,63.3500,64.3500,62.4200,64.1800,57.5406,7646200
2020-03-09,59.5000,62.0200,58.1200,60.3000,54.0620,9272400
2020-03-10,62.1600,62.3100,59.5300,62.2400,55.8013,14800500
2020-03-11,61.0800,61.0800,58.7900,59.5300,53.3716,8619900
2020-03-12,55.0000,57.6500,53.9400,53.9400,48.3599,17075700
2020-03-13,56.3100,57.7400,53.7200,57.5300,51.5785,12226100
2020-03-16,50.8600,55.1600,50.0000,51.7300,46.3785,10590100
2020-03-17,52.6100,55.2600,51.5900,54.4400,48.8082,10076100
2020-03-18,51.3600,53.3100,49.2600,51.9300,46.5578,11038600
2020-03-19,51.2300,52.3500,49.8500,51.0300,45.7509,10031100
2020-03-20,51.8300,52.5000,48.3200,48.3500,43.3482,8509000
2020-03-23,48.3500,48.3600,45.7500,46.6100,41.7882,17770700
2020-03-24,48.3100,50.7500,48.3100,50.6500,45.4102,10179000
2020-03-25,50.5000,53.1000,49.5600,51.2200,46.2068,10330300
2020-03-26,51.4800,54.9700,51.4800,54.7900,49.4274,9797300
2020-03-27,52.7600,55.3400,52.7600,53.6500,48.3990,11079700
2020-03-30,54.0100,55.4700,53.8300,55.3700,49.9506,6507800
2020-03-31,55.3600,55.3600,53.7700,54.0100,48.7237,7946500
2020-04-01,51.9400,52.6900,51.3100,51.9400,46.8563,9661700
2020-04-02,51.4100,53.3100,51.4100,53.1000,47.9028,7130000
2020-04-03,52.8400,53.3400,51.8200,52.3500,47.2262,6831000
2020-04-06,54.0200,56.0000,53.9700,55.6500,50.2032,6520300
2020-04-07,57.0100,57.4700,55.5500,55.5600,50.1220,7958700
2020-04-08,56.1000,57.8600,55.6100,57.6000,51.9624,6343800
2020-04-09,58.4700,59.6300,58.1800,59.1600,53.3697,13717100
2020-04-13,58.9500,58.9600,57.4200,57.9300,52.2601,10152800
2020-04-14,58.9300,59.7600,58.6500,59.5900,53.7576,5934600
2020-04-15,58.4900,58.6000,57.7400,58.1300,52.4405,6124500
2020-04-16,58.1600,58.5500,57.7100,58.4300,52.7111,4493300
2020-04-17,59.8800,60.2400,59.0100,60.1300,54.2448,4636500
2020-04-20,59.3600,59.7700,58.7400,58.8200,53.0630,4061400
2020-04-21,57.5500,58.2000,57.1100,57.3500,51.7369,7454400
2020-04-22,58.3200,58.8100,57.9400,58.3900,52.6751,7480000
2020-04-23,58.4400,58.8800,57.9000,57.9500,52.2781,9228500
2020-04-24,58.0700,58.6200,57.7000,58.4800,52.7563,6806300
2020-04-27,58.7900,59.6400,58.7200,59.4100,53.5952,3559900
2020-04-28,60.1200,60.2900,59.3000,59.4000,53.5862,3896000
2020-04-29,60.3000,60.4200,59.7000,59.9700,54.1004,4843800
2020-04-30,59.5300,59.5400,58.8200,59.0700,53.2885,6051300
2020-05-01,58.0500,58.3200,57.5900,57.8600,52.1969,5023200
2020-05-04,57.4700,58.0800,57.2200,58.0300,52.3503,4376100
2020-05-05,58.5300,59.1900,58.3800,58.6300,52.8916,4367000
2020-05-06,58.9000,59.1400,57.8300,57.8900,52.2240,3854200
2020-05-07,58.3000,59.0900,58.3000,58.5700,52.8374,6513500
2020-05-08,59.0800,59.5300,58.9900,59.3800,53.5682,3686100
2020-05-11,59.0100,59.6200,58.8500,59.2000,53.4058,4344100
2020-05-12,59.4400,59.5200,58.1800,58.1900,52.4946,4046400
2020-05-13,58.1100,58.2200,56.8600,57.3600,51.7459,6051600
2020-05-14,56.7500,57.9100,56.3200,57.9100,52.2421,6279300
2020-05-15,57.5200,58.1600,57.2600,58.1600,52.4676,4829100
2020-05-18,59.5900,60.1400,59.5000,59.7600,53.9110,11773500
2020-05-19,59.6100,59.8100,59.0500,59.0700,53.2885,4999500
2020-05-20,59.7500,59.9200,59.4500,59.5900,53.7576,4215800
2020-05-21,59.4800,59.6400,58.9900,59.1900,53.3968,4027100
2020-05-22,59.3000,59.4600,59.0000,59.4000,53.5862,3108500
2020-05-26,60.6400,60.6500,59.9500,60.0700,54.1906,3783300
2020-05-27,60.7500,60.8600,59.9400,60.8200,54.8672,4797700
2020-05-28,61.2300,61.7400,61.0900,61.3700,55.3634,4834200
2020-05-29,61.3400,61.7200,60.7900,61.6200,55.5889,5423700
2020-06-01,61.4100,62.0200,61.3600,61.8300,55.7784,4566200
2020-06-02,61.9000,62.0200,61.4800,62.0000,55.9317,6048900
2020-06-03,62.3000,62.6900,62.2700,62.5400,56.4189,4014200
2020-06-04,62.3000,62.4300,61.6600,62.0600,55.9859,5044400
2020-06-05,62.9300,63.6700,62.7700,63.3400,57.1406,4598600
2020-06-08,63.4300,64.0100,63.2400,64.0100,57.7450,7238500
2020-06-09,63.4600,63.5800,63.2000,63.3400,57.1406,6987500
2020-06-10,63.2500,63.4700,62.7600,63.0400,56.8699,4014300
2020-06-11,61.9900,62.0400,59.7600,59.8800,54.0192,6991000
2020-06-12,61.1400,61.2000,59.3200,60.2600,54.3620,7971800
2020-06-15,58.8200,60.6400,58.6700,60.3900,54.7537,6094100
2020-06-16,61.9200,61.9200,60.5400,61.2700,55.5516,6850200
2020-06-17,61.5200,61.6000,60.9900,61.1100,55.4065,5616700
2020-06-18,60.7700,61.1800,60.7200,61.1400,55.4337,3512300
2020-06-19,61.8700,61.9300,60.6000,60.7600,55.0892,4170900
2020-06-22,60.4800,61.0400,60.3100,60.8900,55.2071,3444900
2020-06-23,61.3400,61.3900,60.7600,60.8500,55.1708,3676900
2020-06-24,60.3100,60.5200,59.1900,59.5700,54.0102,7563000
2020-06-25,59.4800,60.1800,59.0900,60.1400,54.5271,5292200
2020-06-26,59.9200,60.1600,59.0800,59.2200,53.6929,7035900
2020-06-29,59.5000,59.9100,59.1300,59.9100,54.3185,3981700
2020-06-30,59.7900,60.8600,59.7900,60.6300,54.9713,4645400
2020-07-01,60.6600,61.1100,60.6000,60.8900,55.2071,4186400
2020-07-02,61.3000,61.6500,60.9800,61.0800,55.3793,4603600
2020-07-06,61.7900,61.8400,61.2300,61.4100,55.6785,3211700
2020-07-07,61.0200,61.5100,60.9200,60.9800,55.2886,3781700
2020-07-08,61.0300,61.2400,60.6800,61.1000,55.3974,3899600
2020-07-09,61.1000,61.1700,60.0400,60.7400,55.0711,4798200
2020-07-10,60.6800,61.2600,60.4900,61.2100,55.4972,3248900
2020-07-13,61.5500,61.8800,60.6900,60.7800,55.1073,4173300
2020-07-14,60.5100,61.7900,60.5000,61.7400,55.9777,5447200
2020-07-15,62.2500,62.5000,61.9700,62.1900,56.3857,6180000
2020-07-16,61.9000,62.3300,61.9000,62.2400,56.4311,3270500
2020-07-17,62.4400,62.9800,62.3400,62.8700,57.0023,2660500
2020-07-20,62.6500,63.0300,62.6400,62.9100,57.0385,2895900
2020-07-21,63.2000,63.4000,62.8500,63.0100,57.1292,7671700
2020-07-22,62.8600,63.6800,62.8600,63.6200,57.6822,3733600
2020-07-23,63.5300,63.9000,63.0800,63.3000,57.3921,4898400
2020-07-24,63.0300,63.2800,62.6600,62.9200,57.0476,3013300
2020-07-27,62.9200,63.1400,62.7600,63.1400,57.2471,3418300
2020-07-28,62.9600,63.3500,62.9000,62.9800,57.1020,3774100
2020-07-29,63.0700,63.6900,63.0500,63.5700,57.6369,3049600
2020-07-30,62.9200,63.4000,62.6300,63.3100,57.4012,4873900
2020-07-31,63.3100,63.4100,62.4900,63.4000,57.4828,3657100
2020-08-03,63.4900,63.5800,63.2400,63.4600,57.5372,2992000
2020-08-04,63.2900,63.7500,63.2900,63.7400,57.7910,3534100
2020-08-05,64.0100,64.0600,63.5600,63.6900,57.7457,2435100
2020-08-06,63.5600,63.8500,63.4200,63.8500,57.8908,2427400
2020-08-07,63.6000,64.3900,63.5900,64.3300,58.3260,3499100
2020-08-10,64.4100,64.4100,64.0600,64.2600,58.2625,5004100
2020-08-11,64.3500,64.5100,63.5500,63.6700,57.7276,7247300
2020-08-12,63.9600,64.5100,63.9600,64.3200,58.3169,2858600
2020-08-13,64.0700,64.3500,64.0400,64.2000,58.2081,3026300
2020-08-14,64.0600,64.3900,64.0000,64.2100,58.2172,2187900
2020-08-17,64.3400,64.6700,64.3000,64.5100,58.4892,3317500
2020-08-18,64.5000,64.6700,64.2700,64.5100,58.4892,2315100
2020-08-19,64.4900,64.5300,63.9500,64.0400,58.0631,3091400
2020-08-20,63.7300,64.1100,63.6800,64.0400,58.0631,4394400
2020-08-21,63.9200,64.0300,63.6800,63.9600,57.9905,2863700
2020-08-24,64.1900,64.3800,64.0300,64.3700,58.3622,2696700
2020-08-25,64.5200,64.6500,64.3000,64.4900,58.4711,2345600
2020-08-26,64.4500,64.7500,64.2200,64.6600,58.6252,2901600
2020-08-27,64.9500,65.2000,64.7700,64.9600,58.8972,4974800
2020-08-28,65.0800,65.2700,64.7900,65.2600,59.1692,2954900
2020-08-31,65.0400,65.3600,65.0200,65.1300,59.0513,3071100
2020-09-01,65.0900,65.1300,64.7800,65.1100,59.0332,2924900
2020-09-02,65.0700,66.5200,65.0300,66.3600,60.1665,4629600
2020-09-03,66.1000,66.4200,64.3100,64.7700,58.7249,6885300
2020-09-04,64.9700,65.1100,63.6100,64.3700,58.3622,5941900
2020-09-08,63.8400,63.9600,63.1800,63.3400,57.4284,4450300
2020-09-09,63.7700,64.8800,63.7500,64.3200,58.3169,7071000
2020-09-10,64.5800,64.5800,63.2600,63.4200,57.5009,4772100
2020-09-11,63.6000,63.8900,63.1300,63.6100,57.6732,4827000
2020-09-14,64.0100,64.7500,64.0100,64.5000,58.4801,2749600
2020-09-15,64.8500,65.2000,64.6800,64.8000,58.7521,2955100
2020-09-16,65.0500,65.4400,64.7200,64.7900,58.7431,2824900
2020-09-17,64.2400,64.6500,63.8600,64.4500,58.4348,4765200
2020-09-18,64.3700,64.5100,63.5000,63.8600,57.8998,3668300
2020-09-21,63.3700,63.3700,62.3500,63.1100,57.2198,4732600
2020-09-22,63.1800,63.6400,62.9700,63.5400,57.6097,3110300
2020-09-23,63.2900,63.3400,61.9600,62.0000,56.4917,4068700
2020-09-24,61.7600,62.6000,61.5100,62.0800,56.5646,4112400
2020-09-25,61.8000,63.0400,61.7800,62.9400,57.3482,3698200
2020-09-28,63.5500,63.9700,63.4100,63.6400,57.9860,2763600
2020-09-29,63.7100,63.8600,63.2600,63.3600,57.7309,3090000
2020-09-30,63.6000,64.2500,63.3500,63.7300,58.0680,3532500
2020-10-01,64.1900,64.3200,63.6500,64.0000,58.3140,3437600
2020-10-02,63.1100,64.0900,63.1100,63.7500,58.0863,4438600
2020-10-05,64.0600,64.6200,64.0600,64.5900,58.8516,2752500
2020-10-06,64.5700,65.0300,63.8400,63.9200,58.2412,4082200
2020-10-07,64.4200,64.8900,64.3800,64.6900,58.9427,3569300
2020-10-08,64.8600,65.3300,64.8600,65.3000,59.4985,2245900
2020-10-09,65.5500,65.9100,65.4100,65.7200,59.8812,2124300
2020-10-12,65.8500,66.5400,65.8300,66.3300,60.4370,2832700
2020-10-13,66.1300,66.3900,65.7200,65.8800,60.0270,2451700
2020-10-14,65.9200,66.1400,65.4000,65.5800,59.7537,2746500
2020-10-15,64.8100,65.4100,64.7600,65.2900,59.4894,2458600
2020-10-16,65.4200,65.8400,65.3900,65.4300,59.6170,2514200
2020-10-19,65.4600,65.6700,64.2800,64.4400,58.7150,2939000
2020-10-20,64.6300,65.1000,64.4000,64.5200,58.7878,3204900
2020-10-21,64.4000,64.9400,64.4000,64.6100,58.8699,3235200
2020-10-22,64.5400,64.9300,64.3400,64.8300,59.0703,2836100
2020-10-23,65.0200,65.1000,64.6500,65.0300,59.2525,2965700
2020-10-26,64.4500,64.5800,63.4800,64.0700,58.3778,3156600
2020-10-27,64.0200,64.2000,63.5900,63.5900,57.9405,3345100
2020-10-28,62.5800,62.9200,61.6600,61.7100,56.2275,4304600
2020-10-29,61.6000,62.4400,61.1600,61.8700,56.3733,4712000
2020-10-30,61.5400,61.9400,60.9300,61.6600,56.1819,5357900
2020-11-02,62.2400,62.7800,61.9500,62.5500,56.9929,4715300
2020-11-03,63.0300,64.0300,63.0300,63.6000,57.9496,4403500
2020-11-04,63.8900,65.3000,63.8900,64.3000,58.5874,5764200
2020-11-05,65.0000,65.4800,64.7700,64.8500,59.0885,4151100
2020-11-06,64.8300,65.3300,64.7800,65.0700,59.2890,2803600
2020-11-09,66.8500,68.0000,66.0400,66.1300,60.2548,4593300
2020-11-10,65.8800,66.7300,65.8000,66.6000,60.6831,3534700
2020-11-11,66.9100,67.1200,66.6000,66.9200,60.9746,2097700
2020-11-12,66.5800,66.7300,65.8400,66.2300,60.3459,2514600
2020-11-13,66.4800,67.2600,66.4600,67.0900,61.1295,1789900
2020-11-16,67.6000,67.7700,67.1800,67.6200,61.6124,2339600
2020-11-17,67.1400,67.4700,66.9800,67.2000,61.2297,4570300
2020-11-18,67.2100,67.3500,66.3500,66.3500,60.4553,2680400
2020-11-19,66.1500,66.5400,65.8100,66.4700,60.5646,6582300
2020-11-20,66.3900,66.5500,66.0700,66.1500,60.2730,2187700
2020-11-23,66.3800,66.5000,65.8900,66.2400,60.3550,3619500
2020-11-24,66.5700,67.0800,66.5700,66.8400,60.9017,3464700
2020-11-25,66.7400,66.8500,66.4800,66.7200,60.7924,3417800
2020-11-27,66.8100,66.8800,66.6400,66.8200,60.8835,1255500
2020-11-30,66.7200,66.7500,66.2300,66.6500,60.7286,3195700
2020-12-01,67.1000,67.3500,66.9800,67.1400,61.1751,3559700
2020-12-02,67.0800,67.1600,66.6900,66.9200,60.9746,2355600
2020-12-03,66.7600,67.0100,66.5900,66.8000,60.8653,2126600
2020-12-04,66.8100,67.1600,66.8100,67.1400,61.1751,2148100
2020-12-07,66.8600,67.2400,66.8500,67.0700,61.1113,2099600
2020-12-08,66.7700,67.3400,66.7700,67.2700,61.2935,3214400
2020-12-09,67.2900,67.3600,66.7000,66.9600,61.0111,3006100
2020-12-10,66.6700,66.9700,66.5500,66.7000,60.7742,2566900
2020-12-11,66.3500,66.9000,66.3500,66.8200,60.8835,3077800
2020-12-14,66.8500,67.2700,66.3000,66.3300,60.7114,2771000
2020-12-15,66.5900,67.0800,66.4400,67.0200,61.3430,3094700
2020-12-16,67.0200,67.3000,66.8800,67.0000,61.3247,2195600
2020-12-17,67.3100,67.7100,67.3000,67.6500,61.9196,3381100
2020-12-18,67.7100,67.8400,67.2800,67.6400,61.9105,4383100
2020-12-21,66.7700,67.1300,66.1000,67.0800,61.3979,3769200
2020-12-22,66.8700,67.0800,66.7300,66.8700,61.2057,2373700
2020-12-23,66.9800,67.2600,66.7900,66.8300,61.1691,2535700
2020-12-24,66.8900,67.1400,66.8700,67.1100,61.4254,965800
2020-12-28,67.3700,67.5500,67.2100,67.3400,61.6359,1653900
2020-12-29,67.4900,67.6800,67.0900,67.2000,61.5077,2645000
2020-12-30,67.2800,67.5500,67.2100,67.2900,61.5901,1982900
2020-12-31,67.1700,67.9600,67.1400,67.8800,62.1301,2342500
2021-01-04,67.9200,68.0600,66.3300,66.9300,61.2606,6084100
2021-01-05,66.7500,67.1200,66.4600,67.0000,61.3247,4288100
2021-01-06,66.5400,67.8900,66.5400,67.6100,61.8830,4898400
2021-01-07,67.6600,68.1900,67.5800,68.0200,62.2583,4070500
2021-01-08,67.9100,68.4300,67.7900,68.3800,62.5878,4565000
2021-01-11,67.8800,68.3700,67.8800,68.0300,62.2674,3456300
2021-01-12,67.9600,68.0000,67.2200,67.6100,61.8830,4159400
2021-01-13,67.4000,67.8300,67.3900,67.6000,61.8739,6749400
2021-01-14,67.7300,67.7600,67.1400,67.2200,61.5260,18217200
2021-01-15,66.8000,67.5200,66.7900,67.2900,61.5901,9771100
2021-01-19,67.5300,67.7500,67.4200,67.6400,61.9105,5922600
2021-01-20,67.7400,68.3700,67.6800,68.2500,62.4688,3966300
2021-01-21,68.2000,68.2400,67.8400,67.9100,62.1576,5246900
2021-01-22,67.6200,67.9400,67.5700,67.7400,62.0020,4492200
2021-01-25,67.6100,68.2400,67.6100,68.2400,62.4596,4898600
2021-01-26,68.2900,68.4000,68.0100,68.1900,62.4139,4521100
2021-01-27,67.5200,67.7400,66.4300,66.6700,61.0226,6395600
2021-01-28,66.9500,67.7200,66.9100,66.9300,61.2606,5597500
2021-01-29,66.6400,66.9500,65.7900,66.0300,60.4368,5739000
2021-02-01,66.4000,66.9100,66.1700,66.6700,61.0226,3924600
2021-02-02,66.9600,67.6500,66.9400,67.2600,61.5627,3292900
2021-02-03,67.1700,67.2900,66.7500,66.9000,61.2331,4519700
2021-02-04,66.9000,67.4200,66.8800,67.3700,61.6633,4308700
2021-02-05,67.6300,67.9000,67.6200,67.7200,61.9837,3394900
2021-02-08,67.8900,68.0400,67.7500,68.0300,62.2674,5809000
2021-02-09,67.8500,68.1300,67.8200,68.0700,62.3040,3232300
2021-02-10,68.1800,68.3300,67.7200,67.9100,62.1576,3790300
2021-02-11,68.0600,68.1600,67.6600,67.9400,62.1851,3834800
2021-02-12,67.7600,68.0600,67.6900,68.0300,62.2674,2783700
2021-02-16,68.0400,68.0800,67.4300,67.5400,61.8189,3324200
2021-02-17,67.2900,67.7400,67.2000,67.7300,61.9928,2142400
2021-02-18,67.3800,67.8900,67.2700,67.8000,62.0569,2971200
2021-02-19,67.8600,67.9300,67.0400,67.1200,61.4345,2877600
2021-02-22,66.7600,66.9700,66.5000,66.8000,61.1416,2655400
2021-02-23,66.5700,67.1700,66.3700,66.9100,61.2423,5780400
2021-02-24,66.6500,67.4200,66.5800,67.2500,61.5535,3873000
2021-02-25,67.0200,67.3500,66.2200,66.4300,60.8030,7114500
2021-02-26,66.6500,66.6600,65.7800,65.7800,60.2080,4917100
2021-03-01,66.2800,67.2100,66.2800,66.9000,61.2331,5156400
2021-03-02,66.8600,67.0900,66.5000,66.6700,61.0226,4255900
2021-03-03,66.5300,66.5300,65.8600,65.8800,60.2996,5325300
2021-03-04,65.8100,66.4200,64.7900,65.1800,59.6588,7399800
2021-03-05,65.7600,66.8300,65.3800,66.6600,61.0135,5966400
2021-03-08,66.7900,67.7800,66.6500,66.8500,61.1874,3902700
2021-03-09,67.2400,67.8600,67.2200,67.2300,61.5352,3705700
2021-03-10,67.3500,67.8800,67.3000,67.6500,61.9196,4610900
2021-03-11,67.8800,68.2600,67.7200,67.8100,62.0661,5427300
2021-03-12,67.5900,68.1500,67.5900,68.1300,62.3589,4082500
2021-03-15,68.0600,68.6400,68.0100,68.6100,62.7983,2795600
2021-03-16,68.6900,68.8200,68.5600,68.7300,62.9081,2904400
2021-03-17,68.5700,68.7000,68.2400,68.4200,62.6244,3100700
2021-03-18,68.0300,68.3300,67.9000,67.9300,62.1759,3446100
2021-03-19,67.8600,68.1900,67.6100,67.7800,62.0386,4179100
2021-03-22,67.6500,68.4300,67.6500,68.3900,62.5970,2945700
2021-03-23,68.2300,68.7900,68.1900,68.3200,62.5329,3616400
2021-03-24,68.3200,68.6700,68.1800,68.1800,62.4047,3742500
2021-03-25,67.7700,68.4300,67.6500,68.3400,62.8036,2915500
2021-03-26,68.5000,69.5300,68.3200,69.5000,63.8696,3573000
2021-03-29,69.3000,70.0000,69.2700,69.8800,64.2188,4261700
2021-03-30,69.6100,69.7200,69.1200,69.2700,63.6582,4605800
2021-03-31,69.4100,69.5200,69.1800,69.1900,63.5847,2904400
2021-04-01,69.4200,69.7300,69.1800,69.7200,64.0718,5161700
2021-04-05,69.9500,70.6500,69.9200,70.5400,64.8253,4166900
2021-04-06,70.3800,70.6700,70.1600,70.5200,64.8069,2722900
2021-04-07,70.4200,70.6600,70.2600,70.3600,64.6599,2259300
2021-04-08,70.5800,70.6600,70.4400,70.4900,64.7794,3807900
2021-04-09,70.6100,70.7800,70.3800,70.7700,65.0367,2773100
2021-04-12,70.7500,70.8600,70.6300,70.8500,65.1102,2007200
2021-04-13,70.7200,71.1400,70.6900,71.0700,65.3124,4524400
2021-04-14,70.9800,71.1800,70.8500,70.9900,65.2389,2719300
2021-04-15,71.1900,71.8600,71.1800,71.8100,65.9924,2976300
2021-04-16,71.9600,72.3300,71.9400,72.2000,66.3509,1966000
2021-04-19,72.0100,72.2100,71.8400,71.9800,66.1487,2990000
2021-04-20,71.8500,72.2600,71.8500,72.1900,66.3417,2826400
2021-04-21,72.1600,72.5600,72.1600,72.5000,66.6266,3508100
2021-04-22,72.4000,72.5600,71.9500,72.1000,66.2590,3926600
2021-04-23,72.2100,72.6200,72.0100,72.4300,66.5622,2011300
2021-04-26,72.4900,72.4900,72.0400,72.0900,66.2497,1558700
2021-04-27,72.0500,72.1200,71.8300,71.9200,66.0935,2841500
2021-04-28,71.8500,71.9400,71.6200,71.7300,65.9189,3261800
2021-04-29,71.8300,72.1600,71.6700,72.0900,66.2497,2224000
2021-04-30,71.8500,72.0200,71.7600,71.9500,66.1211,2459500
2021-05-03,72.2700,72.5800,72.2300,72.3900,66.5255,2462200
2021-05-04,72.1000,72.3000,71.7400,72.1000,66.2590,3692900
2021-05-05,72.3300,72.3300,71.8400,72.0400,66.2038,2226600
2021-05-06,72.0200,72.6200,71.9900,72.6000,66.7184,3882800
2021-05-07,72.7600,73.1400,72.6400,72.9200,67.0125,2268500
2021-05-10,73.0900,73.6100,72.9900,73.0300,67.1136,2711000
2021-05-11,72.3600,72.6800,72.0800,72.3200,66.4611,6721600
2021-05-12,72.0000,72.1400,71.0900,71.1300,65.3675,5754100
2021-05-13,71.2900,72.3600,71.2400,72.0400,66.2038,3431700
2021-05-14,72.3200,72.8300,72.2900,72.6400,66.7552,1952500
2021-05-17,72.4700,72.6900,72.2100,72.3500,66.4887,2782100
2021-05-18,72.3700,72.4700,72.0100,72.0300,66.1946,2436300
2021-05-19,71.4300,71.7700,71.0600,71.7300,65.9189,3971100
2021-05-20,71.7300,72.8300,71.7300,72.5800,66.7001,2623400
2021-05-21,72.8000,73.0900,72.3900,72.4700,66.5990,2514800
2021-05-24,72.8300,72.9700,72.6600,72.7100,66.8195,1878400
2021-05-25,72.7500,72.7700,72.3400,72.4100,66.5439,2985700
2021-05-26,72.4600,72.5300,72.2800,72.3600,66.4979,9045700
2021-05-27,72.4200,72.5500,72.2800,72.3200,66.4611,4457900
2021-05-28,72.5500,72.7900,72.5300,72.5800,66.7001,3047500
2021-06-01,72.9200,72.9200,72.1100,72.1500,66.3049,3051200
2021-06-02,72.2700,72.4400,72.1400,72.3900,66.5255,2454600
2021-06-03,72.0200,72.4700,71.8700,72.3600,66.4979,2569000
2021-06-04,72.4700,72.9400,72.4700,72.9100,67.0033,2865200
2021-06-07,73.0100,73.0100,72.7600,72.8600,66.9574,2536800
2021-06-08,73.0000,73.0300,72.5300,72.7700,66.8747,2333200
2021-06-09,72.7800,73.1400,72.7800,72.9200,67.0125,2101500
2021-06-10,72.8900,73.3400,72.7600,73.3200,67.5775,3331800
2021-06-11,73.2800,73.2800,72.9800,73.2300,67.4946,4256200
2021-06-14,73.3200,73.3500,72.9400,73.3500,67.6052,1718300
2021-06-15,73.4500,73.4500,73.0300,73.0800,67.3563,3189000
2021-06-16,73.2400,73.2600,72.2300,72.5000,66.8217,3186700
2021-06-17,72.3800,72.8600,72.2800,72.6800,66.9876,4013400
2021-06-18,72.4300,72.4300,71.8100,71.8400,66.2134,4013600
2021-06-21,72.2700,72.7900,72.0000,72.7600,67.0614,3732200
2021-06-22,72.7600,73.1300,72.7100,72.9800,67.2641,2727800
2021-06-23,73.0300,73.0300,72.6100,72.6100,66.9231,2412900
2021-06-24,73.0400,73.2000,72.9100,73.0800,67.3563,2177700
2021-06-25,73.2500,73.6000,73.1400,73.5600,67.7987,1948200
2021-06-28,73.6900,73.7700,73.5000,73.7000,67.9278,1697000
2021-06-29,73.7000,73.8900,73.5800,73.6700,67.9001,2120000
2021-06-30,73.7300,73.7800,73.5500,73.6100,67.8448,2109800
2021-07-01,73.6400,74.0900,73.6400,74.0600,68.2596,1804700
2021-07-02,74.2900,74.5700,74.2000,74.5200,68.6835,1542600
2021-07-06,74.5300,74.5900,74.0400,74.5100,68.6743,1763300
2021-07-07,74.6400,74.9700,74.5500,74.9600,69.0891,2574300
2021-07-08,74.2800,74.6100,74.1800,74.4700,68.6374,2937600
2021-07-09,74.8100,75.0300,74.5600,74.9900,69.1167,2562300
2021-07-12,75.0200,75.0700,74.8800,75.0100,69.1351,2431100
2021-07-13,74.9600,75.2800,74.8000,74.8500,68.9877,2590700
2021-07-14,75.1400,75.2100,74.9500,75.1200,69.2365,1888400
2021-07-15,74.9400,75.2200,74.8600,75.1900,69.3010,1826800
2021-07-16,75.4700,75.5800,75.2000,75.2800,69.3840,2820400
2021-07-19,74.8200,75.0300,74.0700,74.5800,68.7388,6238800
2021-07-20,74.8000,75.4500,74.6900,75.1900,69.3010,2291100
2021-07-21,75.1600,75.3500,75.0700,75.2300,69.3379,1892700
2021-07-22,75.1900,75.5000,75.1500,75.4700,69.5591,2654900
2021-07-23,75.7400,76.3000,75.5400,76.2500,70.2780,2012500
2021-07-26,76.2000,76.2300,75.9300,76.1100,70.1490,1642400
2021-07-27,76.1100,76.2300,75.8500,76.2300,70.2596,2178200
2021-07-28,76.1500,76.2200,75.8300,76.0500,70.0937,3055700
2021-07-29,76.3100,76.4000,76.1900,76.2300,70.2596,1478500
2021-07-30,75.8200,76.4500,75.8200,76.2200,70.2504,1926300
2021-08-02,76.3100,76.4700,76.0300,76.0900,70.1306,2024200
2021-08-03,76.0000,76.5700,75.9500,76.5600,70.5638,2705500
2021-08-04,76.5300,76.5900,76.1300,76.2600,70.2873,2143500
2021-08-05,76.3500,76.5300,76.2200,76.5200,70.5269,1652000
2021-08-06,76.4400,76.5900,76.3400,76.4800,70.4900,1598700
2021-08-09,76.5800,76.6200,76.4200,76.5600,70.5638,2117800
2021-08-10,76.5400,76.6800,76.4000,76.4900,70.4992,1481700
2021-08-11,76.6700,76.8000,76.5300,76.6000,70.6006,2186800
2021-08-12,76.7500,76.8100,76.5100,76.7700,70.7573,1511500
2021-08-13,76.9000,77.0900,76.8800,77.0900,71.0523,1602200
2021-08-16,76.8900,77.4900,76.8100,77.4900,71.4209,2590500
2021-08-17,77.2400,77.5900,77.1300,77.5700,71.4947,2886700
2021-08-18,77.4200,77.5300,76.6400,76.6800,70.6744,2729000
2021-08-19,76.2200,77.2200,76.2200,77.0200,70.9877,4861300
2021-08-20,77.0500,77.7100,76.9100,77.5900,71.5131,2809500
2021-08-23,77.7500,77.9700,77.6500,77.7500,71.6606,1889300
2021-08-24,77.8800,77.8800,77.4900,77.5000,71.4301,1550600
2021-08-25,77.5200,77.5800,77.2900,77.4900,71.4209,1914100
2021-08-26,77.4200,77.4600,77.0300,77.1200,71.0799,2040000
2021-08-27,77.2400,77.5300,77.0200,77.4600,71.3933,1600500
2021-08-30,77.5000,77.9100,77.4600,77.7400,71.6513,1402300
2021-08-31,77.7700,77.8200,77.5200,77.6500,71.5684,1953700
2021-09-01,77.7400,78.0500,77.6000,77.9400,71.8357,2583900
2021-09-02,78.1600,78.3200,78.0100,78.2800,72.1490,1860600
2021-09-03,78.1100,78.3900,77.9300,78.2600,72.1306,1452000
2021-09-07,78.1900,78.1900,77.3400,77.4200,71.3564,1640000
2021-09-08,77.4000,77.8600,77.3500,77.8000,71.7066,2431400
2021-09-09,77.7700,77.9100,77.2700,77.2800,71.2274,2438500
2021-09-10,77.4300,77.5100,76.8400,76.8600,70.8403,2435400
2021-09-13,77.2000,77.3400,76.3900,76.6500,70.6467,2066000
2021-09-14,76.8800,76.9200,76.2200,76.3200,70.3426,2315000
2021-09-15,76.4400,76.9000,76.2300,76.6900,70.6836,1970200
2021-09-16,76.6500,76.8000,76.1000,76.4900,70.4992,1733700
2021-09-17,76.4400,76.4400,75.8300,75.8900,69.9462,2899900
2021-09-20,75.1500,75.6100,74.4700,75.1700,69.2826,6640800
2021-09-21,75.4700,75.8600,75.1200,75.1300,69.2458,4566600
2021-09-22,75.4700,75.8500,75.1500,75.5000,69.5868,5705200
2021-09-23,75.6500,76.3500,75.6500,76.0200,70.0660,3765700
2021-09-24,75.5900,75.9000,75.5100,75.6700,70.0068,2494300
2021-09-27,75.5800,75.5800,74.9000,74.9300,69.3222,3459600
2021-09-28,74.5400,74.5400,73.6400,73.7800,68.2583,11789300
2021-09-29,74.0700,74.6600,73.9700,74.2400,68.6839,5181500
2021-09-30,74.5700,74.7400,73.4700,73.5000,67.9993,7498100
2021-10-01,73.7200,74.3000,72.9400,73.9100,68.3786,5362700
2021-10-04,73.6700,73.9600,72.8500,73.2800,67.7957,6561100
2021-10-05,73.3900,74.0900,73.2800,73.7300,68.2120,2738700
2021-10-06,73.2700,74.1200,73.0500,74.0700,68.5266,4370600
2021-10-07,74.4500,75.2000,74.4500,74.7300,69.1372,1929100
2021-10-08,74.8000,74.8400,74.4000,74.4200,68.8504,1935700
2021-10-11,74.4300,74.7700,74.0000,74.0300,68.4896,2309900
2021-10-12,74.3100,74.4100,73.8700,74.0500,68.5081,4076800
2021-10-13,74.1500,74.6300,73.8600,74.5000,68.9244,3355800
2021-10-14,75.0000,75.6100,74.9700,75.5900,69.9328,2513400
2021-10-15,75.7700,76.0600,75.6700,75.7100,70.0438,2506100
2021-10-18,75.4300,75.8900,75.2400,75.8200,70.1456,2720400
2021-10-19,76.0000,76.4300,75.9700,76.4300,70.7100,2896700
2021-10-20,76.5300,76.9700,76.5300,76.8500,71.0985,2016600
2021-10-21,76.8000,77.2100,76.6900,77.2100,71.4316,18644400
2021-10-22,77.3100,77.6200,77.1500,77.5200,71.7184,6947300
2021-10-25,77.6100,77.7900,77.2900,77.6200,71.8109,3529600
2021-10-26,77.7900,77.8300,77.5400,77.6100,71.8016,3620300
2021-10-27,77.5300,77.6100,76.7800,76.8000,71.0523,3588900
2021-10-28,76.9400,77.3900,76.8700,77.3000,71.5148,3145000
2021-10-29,76.9800,77.6100,76.9800,77.5500,71.7461,3791400
2021-11-01,77.6600,77.7100,77.2200,77.4600,71.6629,3117100
2021-11-02,77.4800,77.9000,77.4600,77.8700,72.0422,4221200
2021-11-03,77.7500,78.0900,77.5100,78.0700,72.2272,3361300
2021-11-04,78.1100,78.2700,77.8900,78.1700,72.3197,3838600
2021-11-05,78.1800,78.2500,77.5000,77.7800,71.9589,6834800
2021-11-08,77.9500,77.9800,77.4900,77.8500,72.0237,4920300
2021-11-09,77.8000,77.9500,77.6100,77.8000,71.9774,5084400
2021-11-10,77.7300,78.0500,77.6400,77.7800,71.9589,3352500
2021-11-11,77.9500,77.9500,77.5200,77.6700,71.8572,1735200
2021-11-12,77.9000,78.2900,77.7500,78.1600,72.3105,2000800
2021-11-15,78.3500,78.3500,78.0700,78.2100,72.3568,2976000
2021-11-16,78.1600,78.6800,78.1600,78.4400,72.5695,3641900
2021-11-17,78.3300,78.3300,78.0300,78.1900,72.3382,4331600
2021-11-18,78.2200,78.2200,77.6600,78.0100,72.1717,2691000
2021-11-19,78.2300,78.3400,77.8600,77.9200,72.0884,2291200
2021-11-22,78.0200,78.1700,77.5900,77.6200,71.8109,3326200
2021-11-23,77.4900,77.8000,77.2200,77.7400,71.9219,3773400
2021-11-24,77.5600,77.9300,77.3800,77.9300,72.0977,2233700
2021-11-26,77.2900,77.8900,76.7900,76.9800,71.2188,2855900
2021-11-29,77.5400,77.9400,77.2500,77.6100,71.8016,2951100
2021-11-30,77.2400,77.4200,75.9100,75.9600,70.2751,6604900
2021-12-01,76.5800,77.2100,75.4300,75.4400,69.7941,7577100
2021-12-02,75.6300,77.0000,75.5900,76.7100,70.9690,6754900
2021-12-03,76.9400,77.0900,76.0200,76.6000,70.8672,7789100
2021-12-06,77.0000,77.4800,76.8700,77.2500,71.4686,4655300
2021-12-07,77.7200,78.1900,77.7200,78.0500,72.2087,3509500
2021-12-08,78.2100,78.2700,77.7200,78.1500,72.3012,2627400
2021-12-09,77.9800,78.1900,77.8400,77.8700,72.0422,1823100
2021-12-10,78.2700,78.6900,78.1900,78.6900,72.8008,3295900
2021-12-13,78.3600,79.0300,78.2800,78.7800,73.1164,3221900
2021-12-14,78.3300,78.5400,77.8800,78.2500,72.6245,2823700
2021-12-15,78.2700,79.3800,78.2600,79.3600,73.6547,3835800
2021-12-16,79.5300,79.8200,79.2200,79.4800,73.7660,5874700
2021-12-17,79.2000,79.4300,78.5500,78.6100,72.9586,3787700
2021-12-20,78.1600,78.3100,77.6200,78.2400,72.6152,3333500
2021-12-21,78.6100,78.8100,78.1100,78.8100,73.1442,2006400
2021-12-22,78.7300,79.3700,78.6600,79.3700,73.6640,2416100
2021-12-23,79.4700,79.9000,79.4700,79.6700,73.9424,2374200
2021-12-27,79.8600,80.5700,79.7500,80.5700,74.7777,1748900
2021-12-28,80.6400,80.8600,80.5700,80.6900,74.8891,1977500
2021-12-29,80.7800,81.1900,80.7000,81.0400,75.2139,1982100
2021-12-30,81.1900,81.3300,80.9300,81.0000,75.1768,1708800
2021-12-31,81.0300,81.2100,80.8600,80.9000,75.0840,1747200
2022-01-03,80.8400,80.8400,79.7300,80.4000,74.6199,2768800
2022-01-04,80.3900,80.5000,79.9200,80.1300,74.3693,2209100
2022-01-05,80.0600,80.3300,79.1300,79.1700,73.4783,3367700
2022-01-06,78.9600,79.3500,78.7600,78.8400,73.1721,4462000
2022-01-07,78.7500,78.8000,78.4400,78.5500,72.9029,3019100
2022-01-10,78.1400,78.3800,77.4900,78.3500,72.7173,4250900
2022-01-11,78.2900,78.6200,77.6900,78.6200,72.9679,3129100
2022-01-12,78.6600,78.8600,78.4100,78.7100,73.0514,2879000
2022-01-13,78.8200,78.8200,77.8000,77.9100,72.3089,4252900
2022-01-14,77.5900,77.7000,77.0200,77.5800,72.0027,4527500
2022-01-18,77.1100,77.1500,76.5900,76.7800,71.2602,4305000
2022-01-19,76.8900,77.5000,76.6600,76.6900,71.1766,4414900
2022-01-20,76.9400,77.5400,75.9200,75.9700,70.5084,4738900
2022-01-21,75.8900,76.3800,75.1600,75.1900,69.7845,6134800
2022-01-24,74.5500,75.6000,73.3100,75.5300,70.1000,13209100
2022-01-25,74.6400,75.0900,73.6800,74.3100,68.9677,4884300
2022-01-26,74.7000,75.0700,72.9600,73.4200,68.1417,8613300
2022-01-27,73.9800,74.6800,73.1800,73.4000,68.1232,11784800
2022-01-28,73.4100,75.1600,72.9100,75.1600,69.7566,6936700
2022-01-31,74.9300,76.1300,74.8200,76.0600,70.5919,5206900
2022-02-01,76.1600,76.2800,75.4300,76.1700,70.6940,5608700
2022-02-02,76.2400,77.0200,76.0700,76.9400,71.4087,3988200
2022-02-03,76.4500,76.6500,75.9900,76.0400,70.5733,5380400
2022-02-04,75.7200,76.3900,75.1900,75.8500,70.3970,4955100
2022-02-07,75.9700,76.1300,75.5200,75.6900,70.2485,3411500
2022-02-08,75.5400,76.0600,75.3300,75.9200,70.4620,4180900
2022-02-09,76.4300,76.8200,76.4300,76.8200,71.2973,4889500
2022-02-10,75.8400,76.4200,74.9900,75.2800,69.8680,5199100
2022-02-11,75.4100,75.8000,74.3700,74.5200,69.1626,6720100
2022-02-14,74.4800,74.6500,73.6100,74.1600,68.8285,3828300
2022-02-15,74.7400,75.0100,74.3600,74.6800,69.3111,1999400
2022-02-16,74.4100,74.6700,73.7900,74.4700,69.1162,2639000
2022-02-17,74.1200,74.1500,73.4900,73.5600,68.2717,2965700
2022-02-18,73.5600,73.9100,73.0800,73.3800,68.1046,3429300
2022-02-22,73.2600,73.5300,72.4800,72.8300,67.5941,3736800
2022-02-23,73.1400,73.3000,71.8300,71.8800,66.7124,4681400
2022-02-24,70.7400,72.7600,70.4400,72.6200,67.3992,7685500
2022-02-25,72.7300,74.3000,72.7300,74.2500,68.9121,5037900
2022-02-28,73.5800,74.0400,72.9600,73.7300,68.4294,4527600
2022-03-01,73.7500,74.2000,73.1000,73.4600,68.1788,4147500
2022-03-02,73.6400,74.7200,73.6000,74.5100,69.1533,3996200
2022-03-03,75.0000,75.2700,74.4100,74.7500,69.3761,3019400
2022-03-04,74.2900,75.3100,74.1600,75.2500,69.8401,2980700
2022-03-07,74.9400,75.0100,74.0800,74.0800,68.7543,2801700
2022-03-08,74.0300,74.3100,72.6800,72.6900,67.4642,5087600
2022-03-09,73.6900,74.2400,73.3500,73.8600,68.5501,3518600
2022-03-10,73.1500,73.9100,72.9700,73.7500,68.4480,3015400
2022-03-11,74.0400,74.3800,73.1900,73.2300,67.9654,2424100
2022-03-14,73.5100,74.0200,72.9500,73.1500,67.8911,3272600
2022-03-15,73.5200,74.5200,73.4900,74.4700,69.1162,4814300
2022-03-16,74.7900,75.2500,73.8100,75.2100,69.8030,4655300
2022-03-17,75.1100,76.1100,75.1100,76.0900,70.6198,3485900
2022-03-18,76.0000,76.6400,75.7800,76.5800,71.0745,2584500
2022-03-21,76.5400,76.9500,76.0300,76.4400,70.9446,4227600
2022-03-22,76.5400,76.9500,76.4600,76.8200,71.2973,1941100
2022-03-23,76.6100,76.6400,75.8800,75.8800,70.4249,1987300
2022-03-24,75.8100,76.3600,75.7400,76.3600,71.1215,2144400
2022-03-25,76.5500,76.8200,76.1500,76.7800,71.5127,1635400
2022-03-28,76.7700,77.4000,76.6900,77.4000,72.0902,2422900
2022-03-29,77.8200,78.3100,77.6200,78.2800,72.9098,2809000
2022-03-30,78.0200,78.2600,77.8800,78.2000,72.8353,2192100
2022-03-31,78.3100,78.4400,77.5500,77.5700,72.2485,4158100
2022-04-01,77.7900,78.1400,77.3600,78.0800,72.7235,2568600
2022-04-04,78.1000,78.2700,77.7400,78.2300,72.8633,1956500
2022-04-05,78.0900,78.9000,77.8200,78.0200,72.6677,2093200
2022-04-06,77.6000,78.5100,77.5300,78.3900,73.0123,3897600
2022-04-07,78.2300,79.1800,78.2000,78.9400,73.5246,4291800
2022-04-08,79.0000,79.4400,78.8300,79.1000,73.6736,3276300
2022-04-11,78.8500,79.1600,78.0700,78.1400,72.7794,3068200
2022-04-12,78.3900,78.6400,77.5400,77.7400,72.4069,8741800
2022-04-13,77.7200,78.3500,77.6000,78.2900,72.9191,3179800
2022-04-14,78.3500,78.5300,77.7700,77.7800,72.4441,2271000
2022-04-18,77.6400,77.9500,76.9600,77.2300,71.9319,4075400
2022-04-19,77.2000,78.3200,77.2000,78.1800,72.8167,3222500
2022-04-20,78.2500,78.8200,78.2500,78.4800,73.0961,3199200
2022-04-21,78.7200,79.0500,77.6300,77.7600,72.4255,3487900
2022-04-22,77.3400,77.4700,75.8000,75.8600,70.6559,5878300
2022-04-25,75.6400,76.2800,74.7600,76.1700,70.9446,5968000
2022-04-26,75.9800,76.0500,74.6300,74.6400,69.5195,3986300
2022-04-27,74.8400,75.5800,74.6400,74.7300,69.6034,5184100
2022-04-28,75.2300,76.1900,74.7400,75.9900,70.7769,2681200
2022-04-29,75.4800,75.5600,73.3300,73.4300,68.3926,4099300
2022-05-02,73.5500,73.9900,72.0200,73.2100,68.1877,6188800
2022-05-03,73.2300,74.0800,73.1200,73.4700,68.4298,3134600
2022-05-04,73.3700,75.2100,73.0500,75.1100,69.9573,3196600
2022-05-05,74.4300,74.6200,72.5600,73.1600,68.1411,5815900
2022-05-06,72.6700,73.2500,72.1200,72.7500,67.7592,5582800
2022-05-09,71.9700,72.0900,71.0700,71.3200,66.4273,6961900
2022-05-10,72.1000,72.3400,70.7100,71.3000,66.4087,4836700
2022-05-11,71.1500,72.1800,70.6800,70.8100,65.9523,4570700
2022-05-12,70.5400,71.2600,70.0900,71.0300,66.1572,4546700
2022-05-13,71.4700,72.2800,71.4200,72.1800,67.2283,2428700
2022-05-16,72.0400,72.6400,71.7500,72.1900,67.2376,2561200
2022-05-17,72.7400,72.8900,72.1700,72.8600,67.8617,2885800
2022-05-18,72.0500,72.0800,69.9400,70.1500,65.3376,3636700
2022-05-19,69.6100,70.5000,69.2000,69.8700,65.0768,4830300
2022-05-20,70.4600,70.5000,69.0400,70.3300,65.5052,4000300
2022-05-23,70.9300,71.5200,70.5700,71.3600,66.4645,3581100
2022-05-24,70.8700,71.8800,70.5500,71.7200,66.7999,2971300
2022-05-25,71.5600,72.1700,71.3200,71.9400,67.0048,2962500
2022-05-26,72.3000,73.1200,72.3000,72.8500,67.8523,3518200
2022-05-27,73.0500,74.2000,73.0500,74.2000,69.1097,1788400
2022-05-31,73.7000,73.9100,73.0100,73.4600,68.4205,3166200
2022-06-01,73.7600,73.7600,72.4500,72.8900,67.8896,8571200
2022-06-02,72.9000,73.7600,72.1800,73.7600,68.6999,3728800
2022-06-03,73.2100,73.5400,72.9900,73.1300,68.1131,2032800
2022-06-06,73.6200,73.7600,72.9700,73.1400,68.1224,5165800
2022-06-07,72.6600,73.7600,72.5700,73.7100,68.6533,3803200
2022-06-08,73.4300,73.5400,72.6800,72.8000,67.8058,2765200
2022-06-09,72.3700,72.7400,71.1000,71.1000,66.4249,2340100
2022-06-10,70.2900,70.6800,69.7900,70.0300,65.4253,3907300
2022-06-13,68.7700,69.0800,67.7700,68.0200,63.5475,5485700
2022-06-14,68.2400,68.4700,67.1100,67.6200,63.1738,7446400
2022-06-15,68.0900,68.8800,67.1200,68.1100,63.6315,3490000
2022-06-16,66.9100,67.0200,66.4000,66.7300,62.3423,3766900
2022-06-17,66.7100,67.3200,66.3800,66.9200,62.5198,3794800
2022-06-21,67.5000,68.6300,67.4900,68.4400,63.9399,3669600
2022-06-22,67.9000,69.3300,67.9000,68.7000,64.1828,3977800
2022-06-23,68.9500,69.8800,68.9500,69.8100,65.2198,4395100
2022-06-24,70.2400,71.4200,70.1600,71.4100,66.7146,2192500
2022-06-27,71.5000,71.6200,71.1200,71.3300,66.6398,1754900
2022-06-28,71.5400,71.8500,70.0800,70.1000,65.4907,3491600
2022-06-29,70.2500,70.6000,69.9300,70.3900,65.7616,4968100
2022-06-30,69.8500,70.7000,69.5600,70.2100,65.5935,4813800
2022-07-01,70.0700,71.1800,69.9500,71.0600,66.3876,3535500
2022-07-05,70.5000,70.8300,69.5600,70.8300,66.1727,1998100
2022-07-06,70.8600,71.6300,70.7600,71.2800,66.5931,7704400
2022-07-07,71.4100,71.7400,71.2800,71.6000,66.8921,2642900
2022-07-08,71.4300,71.7100,71.2200,71.4800,66.7800,2671700
2022-07-11,71.1500,71.5400,71.0000,71.2000,66.5184,2524000
2022-07-12,71.1900,71.4800,70.2800,70.5500,65.9111,2485400
2022-07-13,69.8800,70.8800,69.7800,70.3500,65.7243,2194800
2022-07-14,69.5500,70.2500,69.2600,70.1700,65.5561,2168400
2022-07-15,70.7400,71.0800,70.5400,71.0800,66.4063,1528800
2022-07-18,71.2800,71.2800,70.0000,70.1800,65.5654,1409600
2022-07-19,70.7600,71.5900,70.6600,71.5100,66.8080,6720700
2022-07-20,71.4800,71.7300,71.0900,71.3400,66.6492,2066500
2022-07-21,71.3400,71.9100,71.1100,71.9100,67.1817,9052500
2022-07-22,71.9400,72.2200,71.2700,71.7000,66.9855,2641400
2022-07-25,71.7500,71.7900,71.2900,71.6500,66.9388,2655300
2022-07-26,71.3600,71.6900,71.2700,71.5200,66.8173,3074700
2022-07-27,71.6800,72.6500,71.5400,72.3800,67.6208,3275400
2022-07-28,72.4000,73.5400,72.0600,73.4000,68.5737,3933900
2022-07-29,73.3700,73.9200,73.2100,73.8100,68.9568,1402000
2022-08-01,73.4200,73.8800,73.3300,73.5700,68.7326,7489500
2022-08-02,73.4900,73.8300,73.0800,73.1000,68.2934,2245100
2022-08-03,73.4100,74.0800,73.2200,73.9100,69.0502,2041700
2022-08-04,73.9300,74.0900,73.6900,73.8900,69.0315,1656700
2022-08-05,73.3000,74.0500,73.2400,74.0200,69.1529,1420500
2022-08-08,74.2800,74.7000,74.0300,74.2300,69.3492,1889000
2022-08-09,74.1400,74.3900,73.9900,74.1900,69.3118,1778000
2022-08-10,74.9400,75.0900,74.7300,75.0000,70.0685,4642000
2022-08-11,75.2400,75.5300,74.6000,74.6900,69.7789,3433200
2022-08-12,74.9900,75.7700,74.9600,75.7400,70.7598,2546800
2022-08-15,75.4700,76.3300,75.4700,76.2800,71.2643,2578300
2022-08-16,76.1300,76.8900,76.0600,76.6300,71.5913,1541500
2022-08-17,76.1200,76.5200,75.9500,76.1300,71.1242,1724300
2022-08-18,76.1600,76.4200,75.9900,76.3300,71.3111,1599200
2022-08-19,76.0900,76.1200,75.6900,75.8600,70.8720,2603400
2022-08-22,75.3500,75.4400,74.6600,74.7700,69.8536,3918800
2022-08-23,74.6500,74.6700,74.1300,74.2500,69.3678,4199500
2022-08-24,74.2200,74.5600,74.0800,74.3500,69.4612,1454300
2022-08-25,74.5300,74.9600,74.2000,74.9600,70.0312,988100
2022-08-26,74.9700,74.9700,72.9400,72.9900,68.1907,2241500
2022-08-29,72.5900,73.1200,72.3500,72.5700,67.7983,1673000
2022-08-30,72.6000,72.7600,71.7700,71.9400,67.2097,1590600
2022-08-31,72.1900,72.4700,71.4700,71.4800,66.7800,3637200
2022-09-01,71.1600,72.2200,71.1600,72.1800,67.4339,2372900
2022-09-02,72.6800,72.8200,70.9900,71.2600,66.5744,2754700
2022-09-06,71.3000,71.8200,70.9300,71.1100,66.4343,2988200
2022-09-07,71.2100,72.6300,71.2100,72.5400,67.7703,7249500
2022-09-08,72.2000,73.0100,71.7600,72.8500,68.0599,4781700
2022-09-09,73.1800,73.7600,73.0300,73.6000,68.7606,4188900
2022-09-12,73.9400,74.2400,73.7900,74.0300,69.1623,1919400
2022-09-13,72.9600,73.1000,71.4100,71.6100,66.9014,5318100
2022-09-14,71.7900,72.0100,71.1800,71.6100,66.9014,2447300
2022-09-15,71.4600,71.6000,70.6200,70.7800,66.1260,2058800
2022-09-16,70.2500,70.6900,70.1900,70.5800,65.9392,2746700
2022-09-19,70.1900,70.9300,70.1000,70.9300,66.2662,1583300
2022-09-20,70.4700,70.4700,69.6100,70.0700,65.4627,2274900
2022-09-21,70.3400,70.8500,69.1200,69.1600,64.6125,2756800
2022-09-22,69.1100,69.3900,68.6500,68.9300,64.3976,2432000
2022-09-23,68.4900,68.4900,67.4900,68.2600,63.7717,3223600
2022-09-26,67.7200,68.0000,66.9300,67.2000,63.0882,4957500
2022-09-27,67.6300,68.0300,66.5000,66.7900,62.7033,15236800
2022-09-28,67.2800,68.2900,66.9800,67.9900,63.8299,8361600
2022-09-29,67.5900,67.6900,66.4700,66.8700,62.7784,5835200
2022-09-30,66.9500,67.2900,66.0200,66.1000,62.0555,11786900
2022-10-03,66.6600,68.0000,66.5300,67.7300,63.5858,3486700
2022-10-04,68.2200,69.2000,68.2200,69.1700,64.9377,4724300
2022-10-05,68.6000,69.3300,68.1500,68.8800,64.6654,2902400
2022-10-06,68.6600,68.8700,67.7200,67.8300,63.6797,4036400
2022-10-07,67.3600,67.4600,66.0600,66.3400,62.2808,3106400
2022-10-10,66.4900,66.6900,65.9000,66.2600,62.2057,5072900
2022-10-11,66.0500,66.8700,65.8900,66.2200,62.1682,9973700
2022-10-12,66.1200,66.4900,65.7200,65.7500,61.7270,4071800
2022-10-13,64.6600,67.4200,64.5600,67.1400,63.0319,4592600
2022-10-14,67.5200,67.7900,65.8400,65.9300,61.8960,2857000
2022-10-17,66.6200,67.4200,66.6200,67.2000,63.0882,3653400
2022-10-18,68.2800,68.4500,67.4800,67.9700,63.8111,2633600
2022-10-19,67.6200,67.8300,66.9000,67.3700,63.2478,2148800
2022-10-20,67.4800,67.7900,66.6600,66.8200,62.7315,2573900
2022-10-21,66.8200,68.1000,66.5300,68.0200,63.8581,2559000
2022-10-24,68.3500,69.0900,68.1900,68.9300,64.7124,2883000
2022-10-25,68.8000,69.8000,68.8000,69.7500,65.4822,2775600
2022-10-26,69.6900,70.4600,69.5300,69.8200,65.5479,2110600
2022-10-27,69.9700,70.4400,69.6900,69.7900,65.5198,4769500
2022-10-28,70.0100,71.7100,70.0100,71.6500,67.2659,4026900
2022-10-31,71.2400,71.6400,71.0500,71.1900,66.8341,3334000
2022-11-01,71.6600,71.6900,70.7800,71.1100,66.7590,2406000
2022-11-02,70.9800,71.7400,69.6800,69.6800,65.4165,5685200
2022-11-03,69.1400,69.5700,68.8100,69.2200,64.9846,4089800
2022-11-04,69.7700,70.0800,68.7800,69.7800,65.5104,3145600
2022-11-07,70.0100,70.4700,69.7300,70.3100,66.0079,1989800
2022-11-08,70.4200,71.4200,70.1900,70.8500,66.5149,1731500
2022-11-09,70.6000,71.0400,69.9700,70.0200,65.7357,2094000
2022-11-10,71.8300,72.5900,71.4600,72.4900,68.0546,3804800
2022-11-11,72.4900,72.5100,71.4200,72.0900,67.6790,3856200
2022-11-14,72.0400,72.8000,71.8600,71.9000,67.5007,2267800
2022-11-15,72.6800,72.7700,71.6100,72.2900,67.8668,3953400
2022-11-16,72.1300,72.5900,72.1000,72.2700,67.8480,2204700
2022-11-17,71.5600,72.3000,71.5400,72.2200,67.8011,4621500
2022-11-18,72.7400,73.0200,72.4200,72.9200,68.4582,1689200
2022-11-21,72.8900,73.3100,72.7700,73.2100,68.7305,1969200
2022-11-22,73.4000,73.9200,73.3000,73.8700,69.3501,1495500
2022-11-23,73.7800,74.2400,73.7700,74.1400,69.6036,1429900
2022-11-25,74.0900,74.3700,74.0900,74.3500,69.8007,733000
2022-11-28,74.0300,74.3000,73.4600,73.5400,69.0403,1365300
2022-11-29,73.5800,73.5900,73.0000,73.4700,68.9746,1325700
2022-11-30,73.4900,75.3100,73.3100,75.2600,70.6551,2894100
2022-12-01,75.5600,75.8600,75.0600,75.3600,70.7489,4390600
2022-12-02,74.5100,75.6200,74.5000,75.5000,70.8804,2230400
2022-12-05,75.0400,75.0400,74.2800,74.4300,69.8759,3769200
2022-12-06,74.3400,74.5000,73.4700,73.8400,69.3220,3750700
2022-12-07,73.7100,74.2900,73.7000,73.9200,69.3971,2050400
2022-12-08,74.1500,74.5300,73.9400,74.4000,69.8477,1856600
2022-12-09,74.1300,74.4200,73.6800,73.7100,69.1999,1285500
2022-12-12,73.8800,74.7900,73.8400,74.7900,70.2138,3857800
2022-12-13,75.7600,75.7900,74.1200,74.4800,70.2487,2680300
2022-12-14,74.3300,75.0900,73.7300,74.2000,69.9846,2770200
2022-12-15,73.3700,73.7000,72.4900,72.7500,68.6170,2794100
2022-12-16,72.1800,72.3400,71.6800,72.0300,67.9379,2627200
2022-12-19,72.1100,72.2400,71.3000,71.6200,67.5512,3638500
2022-12-20,71.5100,71.9200,71.2800,71.6600,67.5889,2873400
2022-12-21,72.0900,72.6600,71.9300,72.5200,68.4001,3646000
2022-12-22,72.1000,72.1500,71.0800,71.9900,67.9002,4301400
2022-12-23,71.8600,72.4000,71.7000,72.3700,68.2586,2544300
2022-12-27,72.3600,72.6500,72.1100,72.5000,68.3812,1771000
2022-12-28,72.4700,72.8200,71.7000,71.7400,67.6644,3141100
2022-12-29,72.0900,72.7300,72.0000,72.5000,68.3812,1759900
2022-12-30,72.2200,72.2500,71.5200,72.1000,68.0039,3044300
2023-01-03,72.2800,72.5100,71.5700,72.1700,68.0700,2352300
2023-01-04,72.4600,72.9200,72.1600,72.5700,68.4472,2552600
2023-01-05,72.3200,72.3400,71.7700,71.9000,67.8153,1805600
2023-01-06,72.3600,73.6200,72.2600,73.4600,69.2867,2193000
2023-01-09,73.5400,73.9300,72.9300,72.9300,68.7868,2419900
2023-01-10,72.7500,73.1900,72.7000,73.1400,68.9849,4854000
2023-01-11,73.2300,73.7900,73.2300,73.7800,69.5885,9219600
2023-01-12,73.6300,73.8600,73.1900,73.5800,69.3999,3084800
2023-01-13,73.1200,73.7800,73.1100,73.6700,69.4847,2425500
2023-01-17,73.5700,73.8800,73.2400,73.3300,69.1641,4220500
2023-01-18,73.4400,73.4400,72.0400,72.0400,67.9473,2293300
2023-01-19,71.7600,71.9800,71.5800,71.6000,67.5323,5865800
2023-01-20,71.6800,72.3600,71.3700,72.3600,68.2492,3670300
2023-01-23,72.3600,73.0600,72.1700,72.7100,68.5793,3983400
2023-01-24,72.5300,73.2500,71.7500,72.7000,68.5698,2574100
2023-01-25,72.2800,72.8100,71.9800,72.8100,68.6736,2254000
2023-01-26,72.9700,72.9700,72.5000,72.9200,68.7774,4581900
2023-01-27,72.6400,72.9900,72.4500,72.7000,68.5698,3551300
2023-01-30,72.3700,72.9400,72.3000,72.3500,68.2397,3285500
2023-01-31,72.5100,73.2100,72.4100,73.2000,69.0414,2681600
2023-02-01,72.8400,74.0800,72.5800,73.6500,69.4659,4090700
2023-02-02,73.6900,73.7300,73.1600,73.5500,69.3716,4038200
2023-02-03,73.1700,73.2700,72.6600,72.9800,68.8339,4752000
2023-02-06,72.5900,73.0000,72.5700,72.8300,68.6925,2957600
2023-02-07,72.6700,73.3200,72.1900,73.1700,69.0131,4046700
2023-02-08,72.8300,72.9100,72.4100,72.4600,68.3435,2234000
2023-02-09,72.8200,72.9900,71.9100,72.0200,67.9285,2546200
2023-02-10,71.9500,72.7400,71.9100,72.6900,68.5604,2167800
2023-02-13,72.6900,73.3000,72.6900,73.3000,69.1358,9756000
2023-02-14,73.2400,73.3600,72.3700,72.7200,68.5887,4798300
2023-02-15,72.3300,73.4600,72.3300,72.9000,68.7585,2620900
2023-02-16,72.3400,73.0000,72.2300,72.4800,68.3624,3712100
2023-02-17,72.3100,72.9400,72.2700,72.8400,68.7019,2847000
2023-02-21,72.2800,72.5000,71.8600,71.9100,67.8247,2497700
2023-02-22,71.8200,72.0600,71.4700,71.6400,67.5701,2325900
2023-02-23,71.8100,71.9400,71.1100,71.6600,67.5889,2146100
2023-02-24,71.0400,71.3000,70.7600,71.0900,67.0513,3650100
2023-02-27,71.5400,71.7800,70.9500,71.1100,67.0702,1958100
2023-02-28,70.9800,71.1300,70.6300,70.6400,66.6269,3399300
2023-03-01,70.4100,70.5100,69.9600,70.2700,66.2779,4067000
2023-03-02,70.0400,71.0400,70.0400,70.8800,66.8532,3280800
2023-03-03,71.1000,71.5300,70.8100,71.5200,67.4569,2602100
2023-03-06,71.5600,71.8200,71.4400,71.5500,67.4852,1746300
2023-03-07,71.6500,71.6500,70.5800,70.6800,66.6646,4106200
2023-03-08,70.7600,70.8700,70.4000,70.7000,66.6835,5373800
2023-03-09,70.8400,71.0400,69.7200,69.9000,65.9289,3434600
2023-03-10,69.8300,70.0200,68.9100,69.1200,65.1932,5766100
2023-03-13,68.8400,70.1500,68.7700,69.3600,65.4196,6796900
2023-03-14,69.9300,70.2400,69.3200,70.0100,66.0327,2907000
2023-03-15,69.2500,70.0100,69.2200,69.9100,65.9384,5856200
2023-03-16,69.6500,70.6700,69.5700,70.6000,66.5891,3808700
2023-03-17,70.5100,70.5800,69.7100,69.9700,65.9950,3297000
2023-03-20,70.1600,70.8500,70.1600,70.7800,66.7589,2977600
2023-03-21,71.0500,71.2000,70.4200,70.8800,66.8532,3054700
2023-03-22,70.8400,71.2500,69.8900,69.9100,65.9384,2901000
2023-03-23,69.8300,70.4000,69.3300,69.6800,66.0236,3894700
2023-03-24,69.5500,70.6700,69.5000,70.6600,66.9522,2069200
2023-03-27,70.9400,71.2600,70.8100,70.8700,67.1512,2333700
2023-03-28,70.7700,71.1500,70.7600,70.9300,67.2080,1874500
2023-03-29,71.3900,71.6200,71.3200,71.6100,67.8524,2894900
2023-03-30,71.9300,71.9700,71.6300,71.9400,68.1650,3268000
2023-03-31,72.0000,72.7500,72.0000,72.7400,68.9231,3048700
2023-04-03,72.6400,73.1000,72.4900,73.0300,69.1979,2667100
2023-04-04,73.0100,73.1600,72.5900,72.8400,69.0178,2191900
2023-04-05,72.8500,73.3300,72.8500,73.2800,69.4347,1857700
2023-04-06,73.2300,73.5300,73.1700,73.5300,69.6716,2681100
2023-04-10,73.1400,73.4800,72.9400,73.4600,69.6053,1654600
2023-04-11,73.5200,73.8200,73.4700,73.6400,69.7758,1524800
2023-04-12,73.7900,74.0700,73.5100,73.6700,69.8043,1867100
2023-04-13,73.6500,74.1800,73.4000,74.1300,70.2401,2181600
2023-04-14,73.8700,74.1400,73.4100,73.6500,69.7853,2012200
2023-04-17,73.6100,73.9900,73.5200,73.9900,70.1075,1526900
2023-04-18,74.0700,74.1200,73.6400,73.8500,69.9748,2311900
2023-04-19,73.6900,73.8300,73.5500,73.6700,69.8043,1310000
2023-04-20,73.3100,73.6900,73.2600,73.5900,69.7285,3268300
2023-04-21,73.7400,73.8800,73.5000,73.7900,69.9180,2080500
2023-04-24,73.6300,73.9200,73.6300,73.9200,70.0411,2776700
2023-04-25,73.7100,73.8800,73.3100,73.3300,69.4821,1772900
2023-04-26,72.8500,72.9200,72.3400,72.4200,68.6199,3125900
2023-04-27,72.4500,73.3900,72.4500,73.3800,69.5295,3027700
2023-04-28,73.2000,73.8500,73.1900,73.8200,69.9464,2442300
2023-05-01,73.7700,74.3000,73.7700,74.0500,70.1643,9210800
2023-05-02,73.8600,73.8800,72.9200,73.4200,69.5674,2784900
2023-05-03,73.5700,73.9200,73.1400,73.1500,69.3115,2106600
2023-05-04,72.8100,73.0800,72.5600,72.7500,68.9325,3275700
2023-05-05,72.9400,73.6900,72.9400,73.5900,69.7285,1830000
2023-05-08,73.4500,73.6000,73.2800,73.4400,69.5863,2139800
2023-05-09,73.2600,73.4500,73.2100,73.2600,69.4158,1766800
2023-05-10,73.5100,73.7300,72.9900,73.5900,69.7285,2105400
2023-05-11,73.4700,73.4900,73.0500,73.3900,69.5390,1498900
2023-05-12,73.4600,73.6800,73.1100,73.4600,69.6053,1614400
2023-05-15,73.5100,73.5700,73.1500,73.4300,69.5769,1592600
2023-05-16,73.1100,73.1400,72.6000,72.6200,68.8094,1587700
2023-05-17,72.8900,73.0300,72.4400,72.8800,69.0557,5382500
2023-05-18,72.7200,73.0800,72.4500,73.0300,69.1979,2191500
2023-05-19,73.1000,73.4500,72.9400,73.1300,69.2926,2779500
2023-05-22,73.1100,73.4400,72.7600,72.9600,69.1315,3454900
2023-05-23,72.6900,72.7000,72.1500,72.2700,68.4777,2457100
2023-05-24,72.0600,72.2000,71.6800,71.7100,67.9471,2173800
2023-05-25,71.5100,71.6800,71.1100,71.4600,67.7102,2358100
2023-05-26,71.5400,72.0000,71.4000,71.7700,68.0040,2722300
2023-05-30,71.7100,71.8100,71.3700,71.5000,67.7481,2049500
2023-05-31,71.2900,71.6600,71.1100,71.4400,67.6913,1937900
2023-06-01,71.4000,71.7700,71.1100,71.6800,67.9187,2165900
2023-06-02,71.7500,72.5800,71.6500,72.5000,68.6957,2246400
2023-06-05,72.4700,72.7900,72.3200,72.3500,68.5535,1887200
2023-06-06,72.3300,72.4400,71.8200,72.0800,68.2977,2287200
2023-06-07,71.6700,71.9600,71.5100,71.8900,68.3833,2050300
2023-06-08,71.7800,72.3600,71.7800,72.3000,68.7733,1836000
2023-06-09,72.2000,72.5300,72.1700,72.2800,68.7543,2681200
2023-06-12,72.4300,72.6800,72.2400,72.6600,69.1157,2079400
2023-06-13,72.8100,73.0100,72.6700,72.9100,69.3535,2813800
2023-06-14,72.9100,73.2700,72.6500,72.9100,69.3535,2488200
2023-06-15,72.8700,74.0500,72.8700,73.9200,70.3143,2913400
2023-06-16,73.9900,74.3300,73.8600,73.9000,70.2952,2078500
2023-06-20,73.6700,73.7200,73.3400,73.3400,69.7626,1901400
2023-06-21,73.1800,73.5400,72.9100,73.3200,69.7436,1952700
2023-06-22,73.3100,73.4100,73.1500,73.3800,69.8006,1399900
2023-06-23,73.1000,73.2700,72.7500,72.8100,69.2584,1742200
2023-06-26,72.7000,73.0700,72.5800,72.9800,69.4201,1432000
2023-06-27,73.0900,73.5400,73.0400,73.4500,69.8672,3252300
2023-06-28,73.3000,73.3000,72.9200,73.0700,69.5057,3838000
2023-06-29,72.9000,73.5800,72.8400,73.5700,69.9814,1852100
2023-06-30,73.9100,74.4500,73.7600,74.3300,70.7043,2008500
2023-07-03,74.0400,74.3300,73.8900,74.2500,70.6282,858400
2023-07-05,73.9800,74.2100,73.8000,74.1300,70.5140,2288100
2023-07-06,73.6800,73.8400,73.4400,73.7400,70.1431,1573100
2023-07-07,73.5600,73.8800,73.2600,73.3100,69.7340,2215200
2023-07-10,73.2200,73.8200,73.2200,73.6200,70.0289,1945200
2023-07-11,73.6500,74.1500,73.5000,74.1400,70.5236,2366500
2023-07-12,74.5600,74.5600,74.1600,74.2800,70.6567,2554900
2023-07-13,74.3500,74.4600,74.1900,74.3700,70.7423,3372800
2023-07-14,74.2500,74.4700,74.2100,74.3300,70.7043,1598400
2023-07-17,74.2100,74.5600,74.1200,74.3800,70.7518,1690400
2023-07-18,74.3300,74.8500,74.2800,74.5700,70.9326,4135100
2023-07-19,74.7200,75.1200,74.7200,74.9200,71.2655,2307800
2023-07-20,74.8800,75.4600,74.8800,75.3800,71.7031,8181600
2023-07-21,75.5600,75.9700,75.5400,75.8100,72.1121,3000600
2023-07-24,75.7800,76.0100,75.7800,75.9200,72.2167,2598200
2023-07-25,75.7800,76.1300,75.7500,76.0600,72.3499,1907500
2023-07-26,75.7800,76.0100,75.5600,75.8400,72.1406,2840400
2023-07-27,75.9000,76.0900,75.1700,75.2600,71.5889,1974600
2023-07-28,75.4400,75.7000,75.2000,75.4200,71.7411,2154900
2023-07-31,75.3900,75.5000,75.1000,75.3600,71.6840,2192100
2023-08-01,75.1300,75.4800,72.1500,75.1900,71.5223,2533000
2023-08-02,74.9000,75.3200,74.9000,74.9900,71.3321,1710500
2023-08-03,74.8900,74.9600,74.6500,74.7100,71.0657,2314300
2023-08-04,74.8100,75.1300,74.2400,74.3000,70.6758,2113800
2023-08-07,74.5200,75.0600,74.5200,74.9600,71.3035,1414500
2023-08-08,74.7800,74.9400,74.5000,74.7700,71.1228,1981300
2023-08-09,74.7500,75.2500,74.7500,74.8800,71.2275,1756300
2023-08-10,75.2400,75.5600,74.7100,74.8400,71.1894,10097000
2023-08-11,74.7000,75.2200,74.6400,75.1300,71.4652,1427100
2023-08-14,75.0700,75.3000,75.0600,75.2100,71.5414,1780800
2023-08-15,74.9500,74.9900,74.5000,74.5700,70.9326,3285000
2023-08-16,74.4800,74.8800,74.3300,74.3500,70.7233,2091500
2023-08-17,74.5400,74.6000,73.8600,73.8600,70.2572,1959800
2023-08-18,73.5500,74.1600,73.5500,74.0300,70.4189,2157600
2023-08-21,74.0400,74.2200,73.6600,74.0400,70.4284,1521300
2023-08-22,74.0300,74.2100,73.8300,73.8800,70.2762,2733200
2023-08-23,73.9200,74.4100,73.9200,74.3700,70.7423,2058800
2023-08-24,74.2400,74.7600,73.8300,73.8300,70.2287,1775700
2023-08-25,73.9400,74.5600,73.8600,74.3300,70.7043,2804400
2023-08-28,74.4800,74.8100,74.4500,74.6200,70.9801,1726700
2023-08-29,74.6900,75.2100,74.6500,75.2100,71.5414,1993800
2023-08-30,75.2700,75.5200,75.2000,75.3100,71.6365,1329200
2023-08-31,75.2900,75.4200,74.8800,74.8800,71.2275,1492400
2023-09-01,75.2200,75.3800,74.8900,75.0300,71.3701,1112100
2023-09-05,74.9400,75.0300,74.4800,74.5000,70.8660,1191400
2023-09-06,74.3500,74.4200,74.0700,74.2500,70.6282,934300
2023-09-07,74.1100,74.7000,74.1100,74.5100,70.8755,1447200
2023-09-08,74.4900,74.8500,74.4900,74.7300,71.0848,1190000
2023-09-11,74.8000,75.0500,74.7600,75.0100,71.3511,2443100
2023-09-12,74.7400,74.9100,74.5800,74.7000,71.0562,922600
2023-09-13,74.6600,74.9800,74.6600,74.8600,71.2084,1288100
2023-09-14,75.1300,75.5000,75.0900,75.4200,71.7411,1231700
2023-09-15,75.2200,75.4900,74.8300,74.8400,71.1894,1394800
2023-09-18,74.8700,75.1400,74.7500,74.9400,71.2845,1046500
2023-09-19,74.8400,75.0600,74.7000,75.0100,71.3511,2308400
2023-09-20,75.1500,75.6200,75.0200,75.0500,71.3892,2517100
2023-09-21,74.7100,74.8300,74.1100,74.1300,70.5140,2598500
2023-09-22,74.2000,74.5100,74.0700,74.0900,70.4760,1940500
2023-09-25,73.8700,74.1800,73.8300,74.1800,70.5616,2473600
2023-09-26,73.4300,73.5500,72.8900,72.9100,69.7173,7668300
2023-09-27,73.0900,73.1500,72.2600,72.6700,69.4878,2809400
2023-09-28,72.6800,72.9700,72.6100,72.7800,69.5930,2755200
2023-09-29,73.0700,73.0900,72.2300,72.3800,69.2105,2734500
2023-10-02,72.3200,72.3200,71.4100,71.9100,68.7611,2220000
2023-10-03,71.5600,71.8500,71.2000,71.4600,68.3308,9664300
2023-10-04,71.4700,71.9700,71.1800,71.9100,68.7611,2471800
2023-10-05,71.7900,72.0500,71.5100,71.7700,68.6272,2530800
2023-10-06,71.5400,72.5100,71.1400,72.2400,69.0766,2697200
2023-10-09,72.0500,72.8400,72.0500,72.8300,69.6408,1425700
2023-10-10,72.8700,73.4000,72.8200,73.1300,69.9276,3729000
2023-10-11,73.2300,73.3400,72.8400,73.2600,70.0519,1848500
2023-10-12,73.2500,73.3600,72.3700,72.7400,69.5547,2127800
2023-10-13,72.9600,73.2600,72.6500,72.9400,69.7460,2198400
2023-10-16,73.0700,73.7800,73.0700,73.6100,70.3866,2775500
2023-10-17,73.0900,73.8300,73.0900,73.6000,70.3770,3916800
2023-10-18,73.4700,73.7200,72.9700,73.0500,69.8512,2386700
2023-10-19,72.8200,73.1100,72.1900,72.2700,69.1053,17247500
2023-10-20,72.1800,72.4700,71.7100,71.7100,68.5698,4957000
2023-10-23,71.4600,71.9000,71.2800,71.3100,68.1873,3612600
2023-10-24,71.5500,71.9900,71.5000,71.8500,68.7037,2779300
2023-10-25,71.6500,72.1000,71.5000,71.6900,68.5507,6153100
2023-10-26,71.5800,71.9600,71.3700,71.4200,68.2925,6963200
2023-10-27,71.3300,71.3800,70.3800,70.5600,67.4702,3230500
2023-10-30,70.8400,71.3600,70.7800,71.2400,68.1204,3269100
2023-10-31,71.3400,71.8000,71.1600,71.7500,68.6081,5412400
2023-11-01,71.8800,72.3500,71.7400,72.2000,69.0384,4466900
2023-11-02,72.4100,73.2100,72.3900,73.1800,69.9754,6378100
2023-11-03,73.6100,73.9900,73.5900,73.7200,70.4918,8706700
2023-11-06,73.7900,73.9100,73.7100,73.8400,70.6065,12615800
2023-11-07,73.7800,73.9700,73.6700,73.7900,70.5587,4256500
2023-11-08,73.8400,73.9900,73.4900,73.8700,70.6352,4094700
2023-11-09,73.9200,73.9200,73.2500,73.2900,70.0806,5450800
2023-11-10,73.5200,73.9900,73.2400,73.9200,70.6830,3684800
2023-11-13,73.6900,74.0100,73.6900,73.9400,70.7021,2152800
2023-11-14,74.3100,74.9400,74.3100,74.7800,71.5054,2210800
2023-11-15,74.7600,74.9700,74.6800,74.7200,71.4480,4611800
2023-11-16,74.6200,74.8600,74.5400,74.7200,71.4480,8104900
2023-11-17,74.7800,74.9000,74.6300,74.7500,71.4767,7727200
2023-11-20,74.5000,75.1600,74.5000,75.0100,71.7253,5049700
2023-11-21,74.7500,75.3800,74.7500,75.2400,71.9452,7877900
2023-11-22,75.4700,75.7800,75.4700,75.7600,72.4425,6273100
2023-11-24,75.7300,75.9600,75.7100,75.9600,72.6337,829600
2023-11-27,75.8300,75.9300,75.6900,75.7500,72.4329,8135900
2023-11-28,75.6200,75.9600,75.5800,75.6700,72.3564,8374200
2023-11-29,75.8000,75.9000,75.4800,75.5900,72.2799,10632700
2023-11-30,75.6800,76.3900,75.5900,76.3500,73.0066,8373400
2023-12-01,76.2100,76.8900,76.2100,76.8800,73.5134,3668700
2023-12-04,76.4300,77.0300,76.4300,76.8400,73.4752,2648200
2023-12-05,76.6400,76.8400,76.4400,76.5800,73.2266,2738400
2023-12-06,76.7100,76.8500,76.4000,76.5000,73.1500,2177900
2023-12-07,76.6400,76.7000,76.4000,76.5600,73.2074,1983400
2023-12-08,76.4200,76.6600,76.2100,76.5300,73.1787,2365200
2023-12-11,76.6900,77.3100,76.6900,77.3100,73.9246,4770100
2023-12-12,77.2600,77.6900,77.1200,77.6400,74.2401,2215300
2023-12-13,77.6300,78.6600,77.5900,78.6300,75.1868,2612300
2023-12-14,78.7100,78.8100,77.7200,77.8400,74.4314,3401000
2023-12-15,77.6600,77.6600,77.1600,77.3700,73.9820,3389200
2023-12-18,77.6200,77.9300,77.5400,77.8300,74.4218,2515000
2023-12-19,77.8100,78.0000,77.7900,77.9800,74.5653,2645600
2023-12-20,77.4200,77.5000,76.4900,76.4900,73.5460,3456100
2023-12-21,76.8800,77.0800,76.5000,77.0600,74.0941,3040900
2023-12-22,77.2100,77.6700,77.2100,77.4200,74.4402,2467700
2023-12-26,77.3700,77.7900,77.3400,77.6100,74.6229,1468000
2023-12-27,77.6600,77.7500,77.4700,77.7500,74.7576,2825900
2023-12-28,77.6400,78.0100,77.6400,77.8800,74.8825,2211900
2023-12-29,77.8000,78.0500,77.6500,78.0300,75.0268,2386600
2024-01-02,77.5600,78.3800,77.5600,78.3300,75.3152,2489000
2024-01-03,78.3100,78.5500,78.0800,78.1500,75.1422,2638900
2024-01-04,78.1700,78.5500,78.0000,78.0000,74.9979,2250200
2024-01-05,77.9700,78.2100,77.5800,77.8600,74.8633,2170200
2024-01-08,77.7500,78.4600,77.6900,78.4600,75.4402,2465500
2024-01-09,78.1600,78.3600,78.0500,78.3100,75.2960,1803700
2024-01-10,78.2500,78.5700,78.1900,78.5100,75.4883,1682800
2024-01-11,78.4900,78.6100,77.9400,78.4300,75.4114,2771700
2024-01-12,78.5400,78.8800,78.5400,78.8100,75.7768,1862000
2024-01-16,78.5000,78.8300,78.3800,78.5800,75.5556,2531000
2024-01-17,78.2300,78.7900,78.2300,78.4100,75.3921,2383600
2024-01-18,78.2900,78.8700,78.1300,78.8000,75.7671,3291800
2024-01-19,79.1000,79.6000,78.8400,79.3800,76.3248,2303200
2024-01-22,79.3900,79.6300,79.3600,79.5200,76.4594,3163600
2024-01-23,79.5800,79.8900,79.5400,79.8600,76.7863,2233600
2024-01-24,80.0600,80.1500,79.4900,79.5100,76.4498,2391200
2024-01-25,79.6800,79.9400,79.5100,79.9200,76.8440,9986300
2024-01-26,79.8900,80.1000,79.7800,79.9800,76.9017,2579600
2024-01-29,79.8600,80.2500,79.8000,80.2100,77.1229,3831800
2024-01-30,80.1500,80.5300,80.0800,80.4800,77.3825,1865600
2024-01-31,80.3900,80.5600,79.6800,79.7200,76.6517,4320100
2024-02-01,79.7200,80.6300,79.4900,80.6300,77.5267,2887500
2024-02-02,80.4100,80.6900,80.0500,80.3500,77.2575,3117800
2024-02-05,80.0800,80.1700,79.7000,79.8700,76.7960,2852800
2024-02-06,80.0000,80.1600,79.8300,80.0300,76.9498,2640700
2024-02-07,80.3000,80.5200,80.1400,80.3800,77.2863,2028800
2024-02-08,80.2700,80.3200,80.0300,80.2600,77.1710,1351100
2024-02-09,80.2600,80.3600,80.0600,80.3500,77.2575,2343600
2024-02-12,80.2800,80.4200,80.0100,80.2900,77.1998,1358700
2024-02-13,79.9200,80.1600,79.3100,79.6900,76.6229,5512500
2024-02-14,79.9200,80.1100,79.5800,80.0900,77.0075,15329000
2024-02-15,80.1200,80.7400,80.1200,80.6500,77.5459,3241300
2024-02-16,80.5800,80.9300,80.3700,80.4600,77.3632,3033500
2024-02-20,80.3300,80.7900,80.3200,80.4200,77.3248,3305500
2024-02-21,80.3900,80.7000,80.2100,80.6700,77.5652,2496900
2024-02-22,80.8200,81.6500,80.7500,81.5000,78.3632,4244300
2024-02-23,81.6400,82.0200,81.6200,81.7900,78.6421,2344600
2024-02-26,81.8000,81.9400,81.4100,81.4100,78.2767,2382700
2024-02-27,81.4000,81.4900,81.2200,81.4400,78.3055,1919100
2024-02-28,81.3200,81.5700,81.3200,81.5000,78.3632,1602100
2024-02-29,81.6700,81.7200,81.1600,81.3900,78.2575,11251900
2024-03-01,81.4200,81.8100,81.2800,81.7900,78.6421,1925200
2024-03-04,81.5300,81.9400,81.5300,81.8900,78.7382,3099500
2024-03-05,81.8500,81.9000,81.1400,81.3700,78.2382,3016900
2024-03-06,81.7700,82.2200,81.7300,81.9400,78.7863,2062300
2024-03-07,82.1500,82.3800,82.1200,82.2400,79.0747,2807400
2024-03-08,82.1900,82.4100,82.0100,82.1300,78.9690,2382400
2024-03-11,81.9000,82.4500,81.8600,82.4200,79.2478,1431600
2024-03-12,82.4600,82.9000,82.4000,82.7600,79.5747,2053200
2024-03-13,82.8000,82.9500,82.4400,82.6500,79.4690,2151200
2024-03-14,82.7100,82.8200,81.9700,82.3600,79.1901,2479800
2024-03-15,81.9500,82.3400,81.8100,82.1900,79.0267,2519400
2024-03-18,82.3500,82.6800,82.2700,82.3800,79.2094,1816000
2024-03-19,82.4200,82.9000,82.3400,82.8800,79.6901,2002400
2024-03-20,82.7700,83.1400,82.6900,83.1000,79.9016,2747300
2024-03-21,82.8700,83.1900,82.7300,82.9000,80.0562,1844400
2024-03-22,83.0000,83.0400,82.6700,82.6900,79.8534,2024200
2024-03-25,82.6600,82.7200,82.4100,82.4300,79.6023,1198300
2024-03-26,82.4500,82.6600,82.3700,82.4200,79.5926,8117100
2024-03-27,82.8100,83.3800,82.6400,83.3800,80.5197,1594500
2024-03-28,83.4200,83.7400,83.4200,83.5800,80.7128,2621400
2024-04-01,83.4600,83.5600,83.0700,83.2800,80.4231,2282600
2024-04-02,82.8200,83.0200,82.6200,82.8500,80.0079,1465300
2024-04-03,82.6700,82.9400,82.5600,82.6600,79.8244,2080500
2024-04-04,83.1100,83.2200,81.8000,81.9400,79.1291,2156000
2024-04-05,81.9600,82.5700,81.8700,82.3400,79.5154,1893700
2024-04-08,82.2000,82.4400,82.2000,82.2900,79.4671,1426000
2024-04-09,82.4900,82.5300,81.7100,82.3100,79.4864,1513000
2024-04-10,81.5200,81.8100,81.2100,81.5100,78.7138,3513100
2024-04-11,81.6600,81.7400,81.0500,81.3400,78.5497,2120500
2024-04-12,81.0700,81.2200,80.3100,80.4600,77.6998,2875700
2024-04-15,81.1200,81.2100,79.8600,79.9800,77.2363,4103300
2024-04-16,80.2200,80.3000,79.8300,79.9200,77.1784,3699000
2024-04-17,80.0900,80.2800,79.6900,79.9200,77.1784,5021500
2024-04-18,80.1800,80.3300,79.7900,80.0000,77.2556,2565900
2024-04-19,80.0500,80.6100,80.0500,80.5000,77.7385,2948100
2024-04-22,80.7200,81.2700,80.5400,80.8700,78.0958,2632400
2024-04-23,81.0400,81.3800,81.0000,81.1700,78.3855,2727900
2024-04-24,81.1000,81.4100,80.8600,81.3500,78.5593,1926900
2024-04-25,80.9100,81.3700,80.6000,81.2200,78.4338,1926700
2024-04-26,81.0800,81.2200,80.8900,80.9300,78.1537,2421700
2024-04-29,80.9900,81.3100,80.9400,81.2800,78.4917,1422800
2024-04-30,80.8800,81.0500,80.4500,80.4500,77.6902,2320600
2024-05-01,80.2400,81.1000,80.1200,80.3400,77.5840,3781100
2024-05-02,80.7700,80.8500,80.3400,80.6400,77.8737,3028400
2024-05-03,81.1100,81.1900,80.5500,81.1100,78.3276,2356700
2024-05-06,81.3600,81.6300,81.2100,81.6000,78.8007,1147200
2024-05-07,81.8500,82.1600,81.8500,82.1200,79.3029,1183300
2024-05-08,82.0300,82.2800,82.0300,82.1400,79.3222,1159800
2024-05-09,82.1500,82.6200,82.0900,82.6200,79.7858,1255300
2024-05-10,82.7900,82.9600,82.7600,82.9100,80.0658,1824700
2024-05-13,83.0800,83.2800,82.8300,82.9100,80.0658,1212500
2024-05-14,82.9800,83.0400,82.5900,82.9900,80.1431,1126400
2024-05-15,83.1500,83.5800,83.1500,83.5500,80.6839,1582700
2024-05-16,83.6500,84.0300,83.5900,83.8800,81.0025,1513700
2024-05-17,83.8700,84.1000,83.7300,84.0700,81.1860,1292600
2024-05-20,84.0800,84.1400,83.8100,83.9400,81.0605,1209900
2024-05-21,83.8100,84.0000,83.6900,83.8900,81.0122,1004400
2024-05-22,83.7100,84.1200,83.6800,83.8400,80.9639,1543200
2024-05-23,83.9100,83.9100,82.8400,82.8800,80.0368,1859400
2024-05-24,83.1500,83.2500,82.9000,83.0200,80.1720,909500
2024-05-28,83.0100,83.0100,82.0300,82.2300,79.4091,1692200
2024-05-29,81.7900,81.7900,81.4900,81.5300,78.7331,2493000
2024-05-30,81.5100,81.8100,81.3400,81.6700,78.8683,1223700
2024-05-31,81.7500,82.8100,81.6800,82.8000,79.9596,2870500
2024-06-03,82.7800,82.8800,82.0900,82.5800,79.7471,2341200
2024-06-04,82.4600,83.0600,82.3600,82.9800,80.1334,1089400
2024-06-05,83.1400,83.2400,82.6300,83.1800,80.3266,924300
2024-06-06,83.1800,83.4900,83.0200,83.2400,80.3845,5541800
2024-06-07,83.1600,83.6500,83.0700,83.0900,80.2396,1242500
2024-06-10,83.0500,83.2800,82.8300,83.2800,80.4231,952800
2024-06-11,82.7200,82.9100,82.3200,82.9100,80.3562,1636000
2024-06-12,83.4400,83.4400,82.6100,82.8200,80.2690,1403500
2024-06-13,82.7600,82.9200,82.4600,82.8100,80.2593,1692900
2024-06-14,82.5500,82.8800,82.4400,82.8700,80.3175,1156100
2024-06-17,82.8800,83.5800,82.6600,83.5200,80.9475,1557700
2024-06-18,83.5500,83.8400,83.4900,83.6800,81.1025,1357600
2024-06-20,83.7900,84.2200,83.7500,84.1400,81.5484,1518800
2024-06-21,84.1500,84.2600,83.9300,84.1300,81.5387,3079700
2024-06-24,84.3800,84.9500,84.2000,84.6300,82.0233,1345700
2024-06-25,84.6700,84.6800,84.0900,84.2200,81.6259,1208500
2024-06-26,83.9600,83.9900,83.6600,83.8700,81.2867,1295300
2024-06-27,83.8900,84.0500,83.7400,84.0500,81.4611,863600
2024-06-28,84.1200,84.4200,83.6900,83.9600,81.3739,1716200
2024-07-01,84.1400,84.2800,83.5900,83.7600,81.1801,1999200
2024-07-02,83.6100,84.0200,83.5500,84.0200,81.4320,2028700
2024-07-03,83.9600,84.0500,83.7300,83.8700,81.2867,828400
2024-07-05,83.9700,84.1200,83.5600,84.1200,81.5290,1165400
2024-07-08,84.1400,84.3900,84.0100,84.1800,81.5871,933300
2024-07-09,84.1900,84.2600,83.8800,84.0100,81.4224,1102400
2024-07-10,84.1100,84.6800,84.0300,84.6700,82.0620,1744000
2024-07-11,84.5700,85.1100,84.5700,85.0200,82.4012,1279400
2024-07-12,85.2400,86.0400,85.2400,85.6600,83.0216,1244700
2024-07-15,85.7600,86.0600,85.6400,85.7800,83.1378,1557400
2024-07-16,86.0600,86.6200,86.0300,86.6200,83.9520,1167500
2024-07-17,86.2400,87.0200,86.2400,86.7900,84.1167,1874800
2024-07-18,86.6500,87.1400,86.1900,86.3100,83.6515,1391400
2024-07-19,86.2800,86.5000,85.5800,85.6500,83.0119,1604200
2024-07-22,85.7800,86.0900,85.5900,86.0400,83.3898,1155600
2024-07-23,86.0300,86.0400,85.5900,85.6200,82.9828,3058600
2024-07-24,85.4800,85.6000,85.1600,85.3100,82.6823,2109400
2024-07-25,85.4500,86.3100,85.4300,85.4500,82.8180,2001200
2024-07-26,85.7700,86.6600,85.7200,86.3800,83.7194,1438300
2024-07-29,86.5700,86.7400,86.2100,86.4900,83.8260,1211800
2024-07-30,86.5000,87.0500,86.4100,86.7700,84.0973,1048100
2024-07-31,87.2300,87.4100,86.8000,87.0400,84.3590,2438700
2024-08-01,87.1200,87.5000,86.6200,87.0900,84.4075,2013300
2024-08-02,86.8200,87.4900,85.9600,86.8900,84.2137,2104800
2024-08-05,85.6300,86.0900,84.7100,84.9500,82.3334,5078900
2024-08-06,85.4300,86.5800,85.2200,85.5000,82.8665,11539300
2024-08-07,86.0100,86.7600,85.4400,85.4800,82.8471,2705700
2024-08-08,85.7500,86.6900,85.6400,86.6000,83.9326,3401700
2024-08-09,86.6400,87.0400,86.1700,86.8200,84.1458,1753500
2024-08-12,86.9800,87.0200,86.4800,86.7000,84.0295,2980500
2024-08-13,86.9600,87.4300,86.7800,87.4200,84.7273,1580400
2024-08-14,87.5000,88.0900,87.4100,87.9800,85.2701,1154000
2024-08-15,88.5700,88.7700,88.2700,88.6000,85.8710,1132100
2024-08-16,88.4700,88.9500,88.4700,88.8900,86.1520,1443000
2024-08-19,88.9100,89.4500,88.9100,89.4500,86.6948,2253700
2024-08-20,89.3700,89.5700,89.3400,89.5200,86.7626,1712300
2024-08-21,89.7200,89.9700,89.6000,89.9600,87.1891,2233800
2024-08-22,90.0000,90.2200,89.5000,89.7400,86.9759,2479600
2024-08-23,90.0600,90.2700,89.6600,90.2500,87.4701,2781400
2024-08-26,90.3800,90.6900,90.2000,90.3200,87.5380,1065500
2024-08-27,90.2500,90.5200,90.1500,90.5000,87.7125,1227300
2024-08-28,90.4200,90.7200,90.0300,90.3900,87.6058,1387500
2024-08-29,90.5500,91.0800,90.2700,90.6900,87.8966,2121000
2024-08-30,90.7600,91.3700,90.4300,91.3200,88.5072,2171300
2024-09-03,91.0600,91.3500,90.5000,90.8100,88.0129,1947100
2024-09-04,90.6400,91.0900,90.5700,90.8700,88.0711,4073800
2024-09-05,90.8700,90.9700,89.8300,90.2100,87.4314,3487400
2024-09-06,90.1600,90.5500,89.2800,89.3200,86.5688,2072500
2024-09-09,89.6700,90.4600,89.6100,90.1200,87.3442,6618500
2024-09-10,90.4200,90.5600,89.9600,90.3300,87.5477,3263500
2024-09-11,90.1300,90.3000,88.7700,90.2400,87.4605,2314200
2024-09-12,90.3000,90.7900,89.9100,90.7700,87.9741,2727000
2024-09-13,91.0700,91.4600,90.8800,91.3400,88.5266,2013900
2024-09-16,91.5100,91.9700,91.5100,91.8200,88.9918,1148900
2024-09-17,91.8200,91.8400,91.1000,91.2900,88.4781,1054900
2024-09-18,91.3400,91.8500,90.7800,90.8400,88.0420,2145900
2024-09-19,91.7700,91.7700,91.0100,91.2800,88.4684,1475000
2024-09-20,91.0800,91.3900,90.9700,91.2900,88.4781,1086400
2024-09-23,91.4500,91.7600,91.3200,91.6600,88.8367,1366500
2024-09-24,91.5700,91.6300,91.2200,91.4700,88.6526,1411000
2024-09-25,91.0200,91.2500,90.5900,90.6900,88.2904,856900
2024-09-26,90.8800,91.1400,90.7500,90.9600,88.5533,1387400
2024-09-27,91.1300,91.3700,91.0100,91.0700,88.6604,1252200
2024-09-30,91.0800,91.3500,90.6000,91.3100,88.8940,1477500
2024-10-01,91.1800,91.3200,90.8100,91.1500,88.7383,2065400
2024-10-02,90.8200,91.1200,90.5700,90.9800,88.5728,2149800
2024-10-03,90.7800,90.9300,90.4800,90.6700,88.2710,2002200
2024-10-04,90.8300,91.1300,90.5200,91.1000,88.6896,1333700
2024-10-07,90.8700,90.8700,89.9800,90.1100,87.7258,1523300
2024-10-08,90.3600,90.9500,90.3600,90.8400,88.4364,2067800
2024-10-09,90.7800,91.7300,90.7100,91.6300,89.2055,1699800
2024-10-10,91.6400,91.7600,91.1400,91.3500,88.9330,1154600
2024-10-11,91.4900,92.0200,91.4900,92.0100,89.5755,1966300
2024-10-14,92.0800,92.6900,91.9800,92.6200,90.1694,969700
2024-10-15,92.4900,93.0700,92.1900,92.2400,89.7994,1531900
2024-10-16,92.2800,92.8300,92.1500,92.7000,90.2472,1257600
2024-10-17,92.9200,93.0000,92.6700,92.8500,90.3933,901300
2024-10-18,92.9500,93.0100,92.6000,92.8700,90.4128,1207500
2024-10-21,92.8200,92.9300,92.1900,92.4500,90.0039,706500
2024-10-22,91.9200,92.2400,91.6800,92.0900,89.6534,904100
2024-10-23,91.8500,92.1300,91.6000,91.9000,89.4684,2038500
2024-10-24,91.8100,92.0100,91.5300,91.5700,89.1471,1357800
2024-10-25,91.7300,91.9700,90.9500,91.0000,88.5922,1035000
2024-10-28,91.2300,91.4600,91.0900,91.1500,88.7383,1571900
2024-10-29,91.0500,91.4300,90.9900,91.0600,88.6506,1353600
2024-10-30,90.8500,91.0400,90.6100,90.6400,88.2417,1180100
2024-10-31,90.4500,90.6400,89.9600,89.9900,87.6089,1595200
2024-11-01,90.2700,90.5600,89.9300,89.9700,87.5895,1232500
2024-11-04,90.0100,90.2100,89.6200,89.9400,87.5603,1222800
2024-11-05,89.9400,90.7500,89.8300,90.7300,88.3294,1730100
2024-11-06,92.2900,92.5700,91.8000,92.4500,90.0039,3170600
2024-11-07,92.7600,92.8800,92.4300,92.6300,90.1791,3401400
2024-11-08,92.8700,93.6900,92.8400,93.4700,90.9969,1849300
2024-11-11,93.5500,93.9400,93.3100,93.3400,90.8703,1678000
2024-11-12,93.4000,93.5200,92.9400,93.1400,90.6756,1464800
2024-11-13,93.1700,93.3000,92.9000,93.1400,90.6756,1612800
2024-11-14,93.0700,93.0800,92.0900,92.1300,89.6923,1377500
2024-11-15,91.9000,91.9900,91.0500,91.1500,88.7383,4372500
2024-11-18,91.2400,91.6400,91.1200,91.4900,89.0693,1739400
2024-11-19,91.0400,91.5000,90.6900,91.3700,88.9524,3766600
2024-11-20,91.4300,92.0000,91.1900,91.9700,89.5366,1600400
2024-11-21,92.1600,93.0400,91.8000,92.9600,90.5004,1744500
2024-11-22,93.1400,93.5900,93.0500,93.4600,90.9871,1633600
2024-11-25,93.9200,94.1600,93.5600,93.8800,91.3960,2441800
2024-11-26,93.9400,94.5700,93.8400,94.5700,92.0678,1750400
2024-11-27,94.6500,94.8300,94.4000,94.4400,91.9412,1441600
2024-11-29,94.6300,94.7500,94.4500,94.5500,92.0483,1104600
2024-12-02,94.5500,94.5600,93.8700,94.1600,91.6686,1560300
2024-12-03,93.9600,94.1900,93.7300,93.8200,91.3376,1864800
2024-12-04,94.0000,94.1300,93.6900,94.0700,91.5810,864000
2024-12-05,93.9600,94.1500,93.8100,93.8700,91.3863,1288800
2024-12-06,94.0400,94.0800,93.4600,93.5300,91.0553,970300
2024-12-09,93.5600,93.6700,92.6900,92.7100,90.2570,1074600
2024-12-10,92.6500,92.7500,92.1400,92.4000,89.9552,1896500
2024-12-11,92.5300,92.6600,92.1300,92.2000,89.7605,1772000
2024-12-12,92.1100,92.3700,91.9400,91.9400,89.5074,1566600
2024-12-13,92.0700,92.0700,91.6600,91.6600,89.2348,809500
2024-12-16,91.7600,91.9300,91.1800,91.2900,88.8745,1092800
2024-12-17,90.6100,90.8200,90.3500,90.4700,88.4814,1847000
2024-12-18,90.5300,90.5800,88.5500,88.5500,86.6036,2250000
2024-12-19,89.0100,89.4000,88.5700,88.5900,86.6427,4581200
2024-12-20,88.4900,89.9600,88.2700,89.4400,87.4740,1947600
2024-12-23,89.2400,89.5000,88.7100,89.4100,87.4447,1568100
2024-12-24,89.4500,90.1100,89.3600,90.0700,88.0902,566100
2024-12-26,89.7600,90.2700,89.7400,90.1100,88.1293,841100
2024-12-27,89.7500,90.0900,89.2200,89.6700,87.6990,866200
2024-12-30,89.0300,89.0300,88.2500,88.7200,86.7699,1285500
2024-12-31,88.9800,89.0800,88.4400,88.7900,86.8383,1619900
2025-01-02,89.1700,89.3900,88.2700,88.6600,86.7112,1399200
2025-01-03,89.0000,89.3400,88.6900,89.1000,87.1415,1276900
2025-01-06,89.2700,89.2800,88.4800,88.6100,86.6623,1739900
2025-01-07,88.7900,89.1900,88.2300,88.4500,86.5058,1638000
2025-01-08,88.5800,89.0200,88.1400,89.0000,87.0437,1745800
2025-01-10,88.3300,88.6200,87.6100,87.6800,85.7527,1504200
2025-01-13,87.3200,88.2400,87.3000,88.1700,86.2319,2480500
2025-01-14,88.4600,88.6600,87.9900,88.6400,86.6916,3256100
2025-01-15,89.5300,89.5300,88.8800,89.1800,87.2197,2063100
2025-01-16,89.1400,89.7600,88.9900,89.7100,87.7381,1523900
2025-01-17,90.1000,90.2500,89.8300,89.8500,87.8750,1209900
2025-01-21,90.2000,90.7400,90.2000,90.7000,88.7063,1479200
2025-01-22,90.8000,90.9200,90.5800,90.6400,88.6476,1265200
2025-01-23,90.5800,90.9700,90.2700,90.9500,88.9508,1605400
2025-01-24,90.9600,91.1400,90.8400,90.9400,88.9411,840200
2025-01-27,90.4900,91.9300,90.4900,91.9000,89.8800,1863200
2025-01-28,91.7300,92.2200,91.5100,91.6400,89.6257,2053000
2025-01-29,91.7600,91.9400,91.3900,91.5200,89.5083,1415900
2025-01-30,91.9500,92.5300,91.7500,92.4000,90.3690,1712900
2025-01-31,92.5100,92.7300,91.9200,91.9500,89.9289,2082400
2025-02-03,91.1800,92.6300,91.1300,92.3700,90.3396,2051500
2025-02-04,91.9200,92.4800,91.9200,92.3400,90.3103,1576100
2025-02-05,92.5300,93.1500,92.3500,93.1100,91.0634,1225400
2025-02-06,93.4100,93.4100,92.7300,93.1200,91.0732,1026300
2025-02-07,93.1800,93.3500,92.6800,92.7100,90.6721,1027900
2025-02-10,93.1000,93.1700,92.7600,93.1000,91.0536,965100
2025-02-11,92.7800,93.2300,92.6400,93.2300,91.1807,1051300
2025-02-12,92.4800,93.0700,92.4800,92.8500,90.8091,1487400
2025-02-13,93.0300,93.7100,92.8400,93.6900,91.6306,1871700
2025-02-14,93.6700,93.7700,92.9400,92.9500,90.9069,1292900
2025-02-18,92.9000,93.1800,92.7000,93.1600,91.1123,1154800
2025-02-19,93.2200,93.7500,93.1100,93.7500,91.6893,1068000
2025-02-20,93.4200,93.7500,93.1700,93.7300,91.6697,780300
2025-02-21,93.5000,93.6100,93.0300,93.0600,91.0145,1873100
2025-02-24,93.3100,93.8100,93.1800,93.5200,91.4643,1512500
2025-02-25,93.5800,94.1600,93.5800,94.0800,92.0120,1961000
2025-02-26,94.0000,94.0600,93.2100,93.3800,91.3274,1448500
2025-02-27,93.2400,94.0400,93.2400,93.3100,91.2590,2529800
2025-02-28,93.5700,94.6200,93.1300,94.5700,92.4913,2363600
2025-03-03,94.6500,95.1200,93.9600,94.4200,92.3446,2717800
2025-03-04,94.2500,94.4800,93.1400,93.3300,91.2785,3284200
2025-03-05,93.0900,93.9200,92.7700,93.6900,91.6306,1750700
2025-03-06,93.0500,93.5400,92.5900,93.0800,91.0340,2193100
2025-03-07,92.9300,94.0400,92.7300,93.8200,91.7577,4829600
2025-03-10,93.3000,94.2700,92.5600,93.1500,91.1025,3969500
2025-03-11,92.9900,92.9900,91.5800,91.8500,89.8310,5607500
2025-03-12,92.0000,92.0000,90.7400,91.1400,89.1367,5758900
2025-03-13,91.0800,91.5400,90.6800,90.9500,88.9508,2589900
2025-03-14,91.1500,92.1200,90.9700,91.9900,89.9680,4078100
2025-03-17,91.8700,93.4500,91.7900,93.2500,91.2003,2361400
2025-03-18,92.8000,92.8000,92.1400,92.4400,90.7243,2836600
2025-03-19,92.5600,93.0800,92.2500,92.8600,91.1365,2413700
2025-03-20,92.5100,92.9300,92.2000,92.5400,90.8224,2081800
2025-03-21,92.2200,92.4300,91.8300,92.4200,90.7047,1780300
2025-03-24,92.8300,93.1500,92.6000,93.0400,91.3131,8735400
2025-03-25,93.1500,93.2100,92.4600,92.8500,91.1267,5241000
2025-03-26,92.8900,93.4500,92.8900,93.1400,91.4113,1905700
2025-03-27,93.1600,93.7000,93.0200,93.4700,91.7352,1986300
2025-03-28,93.4400,93.6000,92.6600,92.7400,91.0187,2227900
2025-03-31,92.3300,93.9500,92.3300,93.6600,91.9216,2379300
2025-04-01,93.4900,93.8300,92.9200,93.5900,91.8529,2538300
2025-04-02,93.1000,93.9000,92.9200,93.7800,92.0394,2440200
2025-04-03,92.6400,93.8200,92.5700,92.6800,90.9598,4178500
2025-04-04,91.4500,91.7400,87.2000,87.2000,85.5815,13823800
2025-04-07,85.4700,88.6900,83.9900,86.2100,84.6099,13621100
2025-04-08,88.2000,88.6900,84.4100,85.4200,83.8346,7220400
2025-04-09,84.8200,90.1300,84.3100,89.8600,88.1922,7803300
2025-04-10,88.9400,89.4300,86.4900,88.6200,86.9752,5410700
2025-04-11,88.6000,90.3600,88.0000,89.9800,88.3099,3153700
2025-04-14,90.8600,91.4700,90.4300,91.1100,89.4190,3525200
2025-04-15,91.1700,91.4800,90.7700,90.8500,89.1638,2758600
2025-04-16,90.7600,91.2500,89.3900,89.8300,88.1627,3766600
2025-04-17,89.6300,90.7300,89.6200,90.0400,88.3688,2206800
2025-04-21,89.6600,89.6900,87.4100,88.2000,86.5630,2699400
2025-04-22,88.9300,90.1800,88.7800,90.0300,88.3590,2135800
2025-04-23,91.0900,91.3600,89.9400,90.3700,88.6927,2890300
2025-04-24,90.2900,91.0000,89.8500,90.9100,89.2227,2676600
2025-04-25,90.7000,90.8300,89.8500,90.8100,89.1245,1571600
2025-04-28,90.9700,91.2600,90.4500,91.1500,89.4582,2260000
2025-04-29,90.9200,91.9500,90.7500,91.8600,90.1551,1232500
2025-04-30,91.5200,92.6900,90.6900,92.5400,90.8224,2336300
2025-05-01,92.3700,92.5900,91.7700,91.9100,90.2041,1727300
2025-05-02,92.7800,93.0100,92.4100,92.8300,91.1070,1741900
2025-05-05,92.4200,93.0300,92.2100,92.7500,91.0285,1143300
2025-05-06,92.2100,92.8000,91.9300,92.3500,90.6359,1459400
2025-05-07,92.5300,93.1100,92.3900,92.8200,91.0972,2240600
2025-05-08,93.0600,93.2400,92.3400,92.4000,90.6850,1468400
2025-05-09,92.4400,92.6000,92.0100,92.1300,90.4200,1832200
2025-05-12,93.2100,93.2100,92.0200,92.8400,91.1169,2358700
2025-05-13,92.6900,92.7600,92.1600,92.1600,90.4495,5027300
2025-05-14,92.2800,92.2800,91.3600,91.4800,89.7821,3223200
2025-05-15,91.4500,93.0800,91.4500,93.0800,91.3524,2034200
2025-05-16,92.9800,93.9700,92.8700,93.9700,92.2259,1840100
2025-05-19,93.4900,94.4100,93.4900,94.3900,92.6381,1433600
2025-05-20,94.2300,94.4300,93.9900,94.2400,92.4909,1591700
2025-05-21,93.7300,93.9000,92.9600,93.0000,91.2739,2521400
2025-05-22,92.8400,93.0600,92.3100,92.5600,90.8421,2491700
2025-05-23,91.9800,92.6800,91.8400,92.4200,90.7047,2037900
2025-05-27,92.9900,93.3500,92.7600,93.3500,91.6174,1996900
2025-05-28,93.3100,93.5700,92.6000,92.6500,90.9304,1706200
2025-05-29,92.8500,93.0000,92.2700,92.9700,91.2444,2271800
2025-05-30,92.7900,93.7200,92.7000,93.5100,91.7744,3096400
2025-06-02,93.2800,93.6900,92.6300,93.6700,91.9314,2515600
2025-06-03,93.5300,93.7600,93.0000,93.6800,91.9413,2022100
2025-06-04,93.8400,93.9100,93.2700,93.2800,91.5487,2316700
2025-06-05,93.4400,93.4700,92.9500,93.1100,91.3818,2267000
2025-06-06,93.6200,93.9400,93.4000,93.7500,92.0100,1429500
2025-06-09,93.8600,93.8600,92.7700,93.1300,91.4015,3297200
2025-06-10,93.1700,93.3900,92.9400,93.2600,91.5291,2416200
2025-06-11,93.1900,93.3400,92.7700,93.0700,91.3426,2708100
2025-06-12,92.9100,93.8100,92.9100,93.8100,92.0688,2941000
2025-06-13,93.3100,93.7200,92.8700,93.0100,91.2837,3412700
2025-06-16,93.0200,93.3600,92.5400,92.7300,91.3280,2301100
2025-06-17,92.4400,92.5800,92.0400,92.1100,90.7174,1963100
2025-06-18,92.2700,92.2800,91.7200,91.7700,90.3825,2028800
2025-06-20,92.1400,92.2400,91.5700,91.8000,90.4121,2496100
2025-06-23,91.8800,92.6800,91.8200,92.6700,91.2689,2423300
2025-06-24,92.8700,93.3200,92.5300,93.1500,91.7417,1646500
2025-06-25,93.1800,93.1800,92.3200,92.3500,90.9538,2620200
2025-06-26,92.6000,92.7600,92.4000,92.7000,91.2985,1724700
2025-06-27,92.6700,93.3700,92.5900,93.0100,91.6038,1957800
2025-06-30,93.2200,93.9500,93.0900,93.8700,92.4508,2042900
2025-07-01,93.7800,94.4000,93.7400,94.2700,92.8447,3897200
2025-07-02,93.9700,93.9900,93.0600,93.3800,91.9682,2578200
2025-07-03,93.6700,94.2800,93.5500,94.1600,92.7364,1301600
2025-07-07,94.0800,94.1300,93.4400,93.8400,92.4212,2696300
2025-07-08,93.7100,93.8300,93.3100,93.5500,92.1356,3928200
2025-07-09,93.6500,93.7300,93.1500,93.7300,92.3129,2005300
2025-07-10,93.5400,93.7900,93.1500,93.4500,92.0371,2114900
2025-07-11,93.2100,93.2100,92.6600,92.7400,91.3379,2150400
2025-07-14,92.7300,93.2700,92.6000,93.2400,91.8303,2888300
2025-07-15,93.0900,93.2200,92.1800,92.1800,90.7863,2770000
2025-07-16,92.3800,92.8400,92.0200,92.8000,91.3970,2463000
2025-07-17,92.6500,93.1200,92.6100,93.0300,91.6235,2727900
2025-07-18,93.1200,93.3600,92.8000,92.9500,91.5447,1508500
2025-07-21,93.0900,93.4300,92.8200,92.9700,91.5644,1453100
2025-07-22,93.0900,93.8800,93.0500,93.8000,92.3818,2090600
2025-07-23,94.0400,94.0500,93.5400,93.9700,92.5493,1507400
2025-07-24,93.7900,94.2300,93.7900,94.0000,92.5788,2495900
2025-07-25,94.1300,94.3700,94.0000,94.2500,92.8251,1529400
2025-07-28,94.1400,94.1400,93.3900,93.4200,92.0076,1824900
2025-07-29,93.6500,93.9300,93.4100,93.7800,92.3621,1604400
2025-07-30,93.7300,93.9000,93.0000,93.3400,91.9288,2057800
2025-07-31,93.2000,93.6600,92.4700,92.6100,91.2098,4610400
2025-08-01,92.5800,92.7400,92.0400,92.3400,90.9439,3088900
2025-08-04,92.4400,93.3700,92.4400,93.3700,91.9583,1500700
2025-08-05,93.1000,93.1900,92.5600,92.5700,91.1704,2156200
2025-08-06,92.7900,93.2700,92.5400,93.0800,91.6727,1697700
2025-08-07,93.2000,93.2600,92.2300,92.5900,91.1901,1955100
2025-08-08,92.8500,93.1000,92.6300,92.8400,91.4364,1511900
2025-08-11,92.8900,93.1900,92.4800,92.6400,91.2394,1013400
2025-08-12,92.7800,92.8400,92.4300,92.8300,91.4265,2066100
2025-08-13,92.9800,93.5700,92.9100,93.5700,92.1553,1723700
2025-08-14,93.3500,93.3900,93.0000,93.2500,91.8402,1617100
2025-08-15,93.4400,93.7800,93.2100,93.5200,92.1061,1792400
2025-08-18,93.6200,93.7400,93.4400,93.4700,92.0568,1987800
2025-08-19,93.5400,94.3200,93.4700,94.1000,92.6773,1336800
2025-08-20,94.2400,94.9700,94.2400,94.5800,93.1501,2218900
2025-08-21,94.3200,94.5700,94.1000,94.3300,92.9038,3271000
2025-08-22,94.6900,95.3100,94.4300,94.5400,93.1107,3671600
2025-08-25,94.4700,94.4900,93.6800,93.6800,92.2637,2242100
2025-08-26,93.6900,93.8600,93.3900,93.6700,92.2538,1919000
2025-08-27,93.6300,94.1100,93.6300,94.0600,92.6379,1462900
2025-08-28,94.1100,94.1100,93.6600,94.0300,92.6084,1321900
2025-08-29,94.0000,94.3000,93.9400,94.2600,92.8349,1606600
2025-09-02,93.8700,94.1500,93.6000,94.0200,92.5985,2712000
2025-09-03,93.7200,94.0600,93.5100,94.0600,92.6379,1408500
2025-09-04,93.9100,94.2100,93.8000,94.2100,92.7856,1614700
2025-09-05,94.1800,94.5900,93.6200,93.9900,92.5690,2608900
2025-09-08,93.9400,94.0900,93.4000,94.0700,92.6478,2362800
2025-09-09,94.0200,94.3400,93.9100,94.2400,92.8152,2830300
2025-09-10,94.1600,94.2600,93.5200,93.7400,92.3228,1716000
2025-09-11,93.8600,94.9900,93.8600,94.9100,93.4751,2552600
2025-09-12,94.7700,94.8600,94.1400,94.1400,92.7167,1859100
2025-09-15,94.1900,94.3200,93.7400,93.8500,92.4311,2174500
2025-09-16,93.5300,93.5600,93.0900,93.1000,92.0475,2164700
2025-09-17,93.2200,93.9100,93.2200,93.5600,92.5023,2096100
2025-09-18,93.6200,93.9700,93.4200,93.6900,92.6308,3038900
2025-09-19,94.0400,94.0400,93.5500,93.8400,92.7791,1609000
2025-09-22,93.7400,94.0500,93.4400,93.9400,92.8780,1968300
2025-09-23,93.9100,94.2300,93.8300,94.1400,93.0757,1813900
2025-09-24,94.1100,94.3100,94.0400,94.1600,93.0955,1150300
2025-09-25,94.1100,94.3000,93.4000,93.6100,92.5517,1816700
2025-09-26,93.8800,94.5400,93.7700,94.5400,93.4712,2040300
2025-09-29,94.7700,94.7800,94.4400,94.7200,93.6492,2789800
2025-09-30,94.6100,95.2000,94.6100,95.1400,94.0644,3545900
2025-10-01,94.8000,95.1400,94.6400,94.9700,93.8963,2092400
2025-10-02,94.9800,95.0100,94.6600,94.8300,93.7579,2471200
2025-10-03,94.9700,95.5900,94.9000,95.1500,94.0743,2255900
2025-10-06,95.2700,95.2700,94.9200,95.0800,94.0051,1703000
2025-10-07,95.2700,95.3800,94.9500,95.2400,94.1633,1864700
2025-10-08,95.4800,95.4800,95.0900,95.4300,94.3511,1716600
2025-10-09,95.4000,95.5200,94.7700,94.8800,93.8073,2005700
2025-10-10,95.1100,95.3100,93.9800,93.9900,92.9274,3815000
2025-10-13,94.1400,94.4900,93.9600,94.2800,93.2141,2515400
2025-10-14,93.9300,94.9500,93.8200,94.7000,93.6294,2709000
2025-10-15,94.6300,95.0200,93.7500,94.2500,93.1845,1863700
2025-10-16,94.3000,94.3700,93.1400,93.3300,92.2749,3098700
2025-10-17,93.3900,94.1700,93.3300,94.0600,92.9966,2579100
2025-10-20,94.2500,94.7100,94.2000,94.6200,93.5503,1093800
2025-10-21,94.5000,94.9900,94.4100,94.7300,93.6590,1577300
2025-10-22,94.7400,95.1400,94.4900,94.6800,93.6096,2513800
2025-10-23,94.5800,94.6300,94.1400,94.4300,93.3624,1801500
2025-10-24,94.8500,94.8600,94.4700,94.5000,93.4316,1251000
2025-10-27,94.7900,94.9600,94.5300,94.9300,93.8568,911500
2025-10-28,94.8200,94.8200,94.2300,94.2300,93.1647,1769000
2025-10-29,94.2700,94.2700,92.8100,93.0400,91.9882,3080400
2025-10-30,92.8200,93.8500,92.8200,93.2400,92.1859,3310500
2025-10-31,93.0200,93.4000,92.8000,93.1800,92.1266,3055700
2025-11-03,93.1900,93.1900,91.9700,92.7500,91.7014,3076900
2025-11-04,92.4700,92.8500,92.3900,92.8200,91.7706,2435400
2025-11-05,92.8300,93.2000,92.7500,92.9500,91.8992,1761100
2025-11-06,92.6400,92.7500,92.1200,92.3400,91.2961,3542100
2025-11-07,92.3500,92.9900,92.3300,92.9900,91.9387,2947900
2025-11-10,93.0400,93.4900,92.6600,93.3900,92.3342,2463100
2025-11-11,93.4000,94.3300,93.4000,94.3000,93.2339,1407500
2025-11-12,94.4400,94.6900,94.3800,94.5600,93.4910,1561300
2025-11-13,94.4600,94.8400,94.0500,94.1100,93.0461,2853400
2025-11-14,93.9200,94.5900,93.6500,94.2000,93.1350,2194400
2025-11-17,94.2200,94.4200,93.5300,93.7100,92.6506,1696100
2025-11-18,93.6100,94.0200,93.3500,93.6600,92.6011,2916900
2025-11-19,93.5500,93.6600,92.9400,93.1800,92.1266,2182300
2025-11-20,93.7700,93.9300,92.6000,92.6300,91.5828,4858500
2025-11-21,92.9300,94.2800,92.9100,93.7000,92.6407,4265800
2025-11-24,93.8900,93.9500,93.3300,93.6100,92.5517,2801100
2025-11-25,93.7000,94.7400,93.7000,94.6600,93.5898,2024800
2025-11-26,94.8300,95.1700,94.7700,94.9200,93.8469,1664200
2025-11-28,94.9300,95.4100,94.9300,95.3300,94.2523,1194100
2025-12-01,95.0400,95.1900,94.4900,94.5600,93.4910,1743500
2025-12-02,94.7600,94.7600,94.1400,94.2900,93.2240,1573000
2025-12-03,94.4200,94.7900,94.3900,94.5900,93.5206,1468000
2025-12-04,94.5900,94.7600,94.2800,94.5100,93.4415,1085900
2025-12-05,94.5700,94.8700,94.4600,94.5800,93.5107,1518200
2025-12-08,94.6100,94.6200,93.8200,93.8900,92.8285,1855900
2025-12-09,93.9200,94.3100,93.6400,93.6600,92.6011,1673700
2025-12-10,93.6800,94.0700,93.4300,93.8600,92.7989,2135400
2025-12-11,93.9300,94.7700,93.9300,94.6500,93.5799,2449200
2025-12-12,94.7700,94.9800,94.3900,94.6300,93.5602,2332000
2025-12-15,94.7100,94.9000,94.4100,94.7700,93.6986,1693600
2025-12-16,94.3900,94.4600,93.5400,93.7000,93.0245,2235300
2025-12-17,93.8200,94.1700,93.7300,93.7700,93.0940,1687800
2025-12-18,93.8600,94.2600,93.5900,93.8500,93.1734,1941100
2025-12-19,93.8100,94.4200,93.8100,94.1200,93.4415,2190800
2025-12-22,94.2000,94.7600,94.0800,94.7300,94.0471,2481200
2025-12-23,94.5100,94.7800,94.5100,94.7500,94.0669,1573900
2025-12-24,94.8000,95.1400,94.7500,95.0700,94.3846,1103100
2025-12-26,95.0100,95.1800,94.8500,95.1100,94.4243,748500
2025-12-29,95.0400,95.1900,94.9200,95.0700,94.3846,1683900
2025-12-30,95.0000,95.0800,94.8400,94.9500,94.2655,1215100
2025-12-31,94.8400,94.8600,94.1600,94.1600,93.4812,1564400
2026-01-02,94.3200,94.3200,93.3200,93.6500,92.9749,3052100
2026-01-05,93.5800,94.0800,93.4800,94.0000,93.3223,3348000
2026-01-06,93.8400,94.7100,93.8000,94.5500,93.8684,2733900
2026-01-07,94.6100,94.8300,94.1700,94.1800,93.5010,2545200
2026-01-08,94.1600,94.8100,94.1500,94.5200,93.8386,2117800
2026-01-09,94.5100,94.8600,94.3900,94.6400,93.9577,2759700
2026-01-12,94.4500,94.8800,94.3500,94.8600,94.1761,1335500
2026-01-13,94.6600,94.7800,94.0800,94.2800,93.6003,2116900
2026-01-14,94.1200,94.6600,94.1200,94.6300,93.9478,1672400
2026-01-15,94.7500,94.8300,94.4400,94.5800,93.8981,1884100
2026-01-16,94.4500,94.6000,94.1000,94.4200,93.7393,1949700
2026-01-20,93.7800,94.1800,93.5200,93.6100,92.9351,2858100
2026-01-21,93.8800,94.5200,93.7100,94.3400,93.6599,3099900
2026-01-22,94.5300,94.8900,94.3500,94.7400,94.0570,1842100
2026-01-23,94.7100,94.8800,94.4700,94.8800,94.1960,1150100
2026-01-26,95.1600,95.6200,95.1100,95.5200,94.8314,2024200
2026-01-27,95.2600,95.3800,94.9300,95.3300,94.6427,1827300
2026-01-28,95.1200,95.4500,95.0200,95.1600,94.4740,2041000
2026-01-29,95.2300,95.4300,94.2100,94.6800,93.9974,2949900
2026-01-30,94.6600,95.0300,94.2900,94.9900,94.3052,3893100
2026-02-02,94.9900,95.7400,94.8600,95.3800,94.6924,2169200
2026-02-03,95.0000,95.4700,94.5100,94.8800,94.1960,5612800
2026-02-04,94.8200,95.4900,94.7000,95.1300,94.4442,3597500
2026-02-05,95.0700,95.7400,94.8300,94.9300,94.2456,5189200
2026-02-06,95.3900,96.0900,95.3900,96.0300,95.3377,2982600
2026-02-09,95.7900,96.0400,95.5700,95.9000,95.2086,2192900
2026-02-10,95.9000,96.3100,95.8700,95.9300,95.2384,1765700
2026-02-11,95.9900,96.1000,95.4900,96.0300,95.3377,2698300
2026-02-12,96.0500,96.3400,95.1900,95.1900,94.5037,5389500
2026-02-13,95.3400,96.5500,95.3400,96.1900,95.4965,4746100
2026-02-17,96.1900,96.6500,95.4700,95.8400,95.1491,1895300
2026-02-18,95.8900,96.0800,95.5300,96.0300,95.3377,2089900
2026-02-19,96.0100,96.2700,95.7000,96.0500,95.3576,1727000
2026-02-20,95.8900,96.3300,95.7100,96.1900,95.4965,1652800
2026-02-23,95.8800,96.4000,95.6700,95.8000,95.1093,1124000
2026-02-24,95.7800,96.4600,95.7200,96.3900,95.6951,1614800
2026-02-25,96.2000,96.4700,95.9500,96.4100,95.7150,1020800
2026-02-26,96.7100,96.9000,96.3600,96.8000,96.1021,2089200
2026-02-27,96.3600,97.8800,96.3600,97.8100,97.1049,3588500
2026-03-02,97.4300,98.0700,97.2900,97.6800,96.9758,4618600
2026-03-03,96.6000,97.5000,95.8100,97.2100,96.5092,6632600
2026-03-04,97.2100,97.5800,96.6800,97.3600,96.6581,3193900
2026-03-05,96.9000,97.2300,96.4100,96.8100,96.1121,3689900
2026-03-06,96.2900,96.8100,95.7700,96.6500,95.9532,3300100
2026-03-09,95.9700,96.8900,95.4600,96.6400,95.9433,3733600
2026-03-10,96.5600,96.7100,95.6300,95.9200,95.2285,3565600
2026-03-11,95.7800,95.8800,95.1100,95.4200,94.7321,4053200
2026-03-12,95.0100,95.8200,94.9900,94.9900,94.3052,2471400
2026-03-13,95.4100,95.9400,94.9100,95.0700,94.3846,2736900
2026-03-16,95.4800,95.9000,95.3900,95.6400,94.9505,3059200
2026-03-17,95.5700,95.9400,95.0800,95.0900,94.7930,2152100
2026-03-18,94.7800,94.7800,93.4800,93.4900,93.1980,2279500
2026-03-19,93.2300,93.8000,92.9400,93.2800,92.9886,3210600
2026-03-20,93.2300,93.3200,92.0800,92.3500,92.0616,4339100
2026-03-23,93.1300,93.5100,92.6700,92.7600,92.4703,3787200
2026-03-24,92.3300,92.8600,92.0300,92.3100,92.0217,2809700
2026-03-25,92.8500,93.1100,92.2200,92.6300,92.3407,2684300
2026-03-26,92.3400,93.0800,92.1700,92.2100,91.9220,2284000
2026-03-27,92.0000,92.0900,91.0200,91.1200,90.8354,2229400
2026-03-30,91.7800,92.3000,91.3600,91.6900,91.4036,2103500
2026-03-31,92.1900,92.8300,91.6400,92.7400,92.4503,4531900
2026-04-01,92.8000,92.9900,92.4200,92.6700,92.3806,3071100
2026-04-02,92.2400,93.4800,92.2400,93.3600,93.0684,2776700
2026-04-06,93.1500,93.5300,93.0800,93.4200,93.1282,1212600
2026-04-07,93.2300,93.3700,92.8600,93.2100,92.9189,2264400
2026-04-08,94.1000,94.1200,93.5200,94.1200,93.8260,2131000
2026-04-09,93.8400,94.0900,93.6000,93.8600,93.5668,1498200
2026-04-10,93.9500,93.9500,92.6700,92.7500,92.4603,2162300
2026-04-13,92.6800,93.5600,92.6600,93.5100,93.2179,1575400
2026-04-14,93.5500,93.7300,93.2300,93.6700,93.3774,1813300
2026-04-15,93.7000,94.1200,93.4800,93.9400,93.6466,2240500
2026-04-16,94.0200,94.4400,94.0200,94.3900,94.0952,2220600
2026-04-17,94.6100,94.9800,94.4100,94.8600,94.5637,2181700
2026-04-20,94.7000,95.1900,94.6000,94.7400,94.4441,1976200
2026-04-21,94.8100,94.8500,93.9900,94.0900,93.7961,1459600
2026-04-22,94.3100,94.5400,93.7700,94.0900,93.7961,2868900
2026-04-23,93.7600,94.3300,93.5400,94.3100,94.0154,2445400
2026-04-24,94.1800,94.2700,93.7700,94.0800,93.7862,2014800
2026-04-27,93.8800,94.3600,93.5700,93.5700,93.2777,1489500
2026-04-28,93.9200,94.2300,93.6200,93.7800,93.4871,1471700
2026-04-29,93.8500,93.9800,93.4800,93.8800,93.5868,1411700
2026-04-30,93.8000,94.7000,93.5900,94.6400,94.3444,4106600
2026-05-01,95.0200,95.3900,94.5500,94.5800,94.2846,1859700
2026-05-04,94.3900,95.0800,94.2200,94.3600,94.0653,3148600
2026-05-05,94.6000,94.7200,94.0300,94.4600,94.1650,2429500
2026-05-06,94.3800,94.5000,93.8100,93.9900,93.6964,3013500
2026-05-07,94.2800,94.5200,94.0400,94.2800,93.9855,1988700
2026-05-08,94.3300,94.4300,93.8400,94.0300,93.7363,1724900
2026-05-11,94.0400,94.4200,93.8500,94.1000,93.8061,1504000
2026-05-12,94.1900,94.6000,93.8600,94.4900,94.1949,3250300
2026-05-13,94.2300,94.4500,93.8600,94.3100,94.0154,1701700
2026-05-14,94.7100,95.3100,94.5800,95.1800,94.8827,2691200
2026-05-15,95.0300,95.2600,94.6800,94.7000,94.4042,2006100
2026-05-18,94.8400,96.0000,94.8400,96.0000,95.7001,2851500
2026-05-19,95.8400,96.4300,95.7400,95.7900,95.4908,3315700
2026-05-20,95.6500,96.0200,95.3900,95.9000,95.6005,1708300
2026-05-21,95.4300,96.0500,94.9800,96.0400,95.7400,1614600
2026-05-22,96.4300,97.0500,96.4000,96.8800,96.5774,2133700
2026-05-26,97.0100,97.0100,96.4800,96.4900,96.1886,2556600
2026-05-27,96.3300,96.7500,96.0400,96.0400,95.7400,1692900
2026-05-28,96.3100,96.6200,95.9700,96.3300,96.0291,931200
2026-05-29,96.4600,96.6400,96.1800,96.6000,96.2983,2497800
2026-06-01,96.5600,97.1600,96.4900,96.9500,96.6472,2463600
2026-06-02,96.5300,97.0000,96.1400,96.9300,96.6273,1492500
2026-06-03,96.6800,96.7600,96.2600,96.2600,95.9593,2771200
2026-06-04,96.5300,96.8400,96.4600,96.6600,96.3581,2730900
2026-06-05,96.3900,96.6700,95.6100,95.6400,95.3413,3330600
2026-06-08,95.8700,96.0200,95.2300,95.2300,94.9326,2304800
2026-06-09,95.5100,95.7600,94.5000,95.5800,95.2815,2453200
2026-06-10,95.4000,96.0500,95.1500,95.2200,94.9226,2058100
2026-06-11,95.2600,96.1200,95.1800,95.6400,95.3413,2987800
2026-06-12,95.8800,96.1500,95.3100,96.0500,95.7500,1742200
2026-06-15,96.1700,96.4700,95.7800,96.3400,96.3400,1813300
2026-06-16,96.4400,96.6000,95.8000,95.9100,95.9100,1964500
2026-06-17,95.7900,95.9000,94.4300,94.6400,94.6400,1714000
2026-06-18,94.9900,95.0600,94.1500,94.2400,94.2400,3351400
2026-06-22,94.3500,94.8100,94.0600,94.2800,94.2800,1890800
2026-06-23,94.0800,94.7600,93.8900,94.5500,94.5500,2417500
2026-06-24,94.4700,95.3800,94.4700,94.8600,94.8600,2450700
2026-06-25,95.2000,95.6600,94.7500,94.8900,94.8900,2069600
2026-06-26,94.7400,95.9900,94.7300,95.9900,95.9900,1885500
2026-06-29,96.0000,96.2800,95.6700,96.1600,96.1600,1640500
2026-06-30,95.9800,96.6800,95.9000,96.4600,96.4600,2496600
2026-07-01,96.2900,97.2900,96.2900,96.8900,96.8900,2540200
2026-07-02,97.2300,97.9500,97.2000,97.8900,97.8900,2281800
2026-07-06,97.9600,98.0900,97.5600,97.8900,97.8900,1784500
2026-07-07,98.2400,98.7300,98.2400,98.3500,98.3500,2395600
2026-07-08,97.8600,97.9400,97.5900,97.6500,97.6500,1866300
2026-07-09,97.6200,97.8900,97.3800,97.6000,97.6000,1693900
2026-07-10,97.6900,97.7600,97.1200,97.7600,97.7600,1811000
2026-07-13,97.7600,98.0200,97.6600,97.8200,97.8200,2101100
2026-07-14,97.2000,97.4900,96.8800,96.8800,96.8800,1933600
2026-07-15,96.9100,96.9800,95.9800,96.0900,96.0900,3711000
2026-07-16,96.1400,97.1500,96.1400,97.1300,97.1300,2760000
2026-07-17,96.9000,97.6200,96.5600,96.6000,96.6000,3122200
2026-07-20,96.6100,96.9400,96.4600,96.5000,96.5000,1697000
2026-07-21,96.5800,96.6400,96.2900,96.5500,96.5500,1745200
2026-07-22,96.4900,96.8300,96.0700,96.2500,96.2500,1436700
2026-07-23,95.8800,96.3300,95.7900,96.1100,96.1100,1950800
2026-07-24,96.3100,97.1000,96.3100,96.9500,96.9500,2088600
2026-07-27,97.3900,97.7900,97.3900,97.5500,97.5500,1733200
