date,open,high,low,close,adj_close,volume
2013-04-18,49.3400,49.3400,49.3400,49.3400,35.9284,100
2013-04-19,49.3400,49.3400,49.3400,49.3400,35.9284,0
2013-04-22,49.3400,49.3400,49.3400,49.3400,35.9284,0
2013-04-23,49.3400,49.3400,49.3400,49.3400,35.9284,0
2013-04-24,50.0500,50.0500,50.0500,50.0500,36.4454,600
2013-04-25,51.0100,51.0100,51.0100,51.0100,37.1444,100
2013-04-26,50.7900,50.7900,50.7900,50.7900,36.9842,400
2013-04-29,50.7900,50.7900,50.7900,50.7900,36.9842,0
2013-04-30,49.9700,49.9700,49.9700,49.9700,36.3871,900
2013-05-01,49.9700,49.9700,49.9700,49.9700,36.3871,0
2013-05-02,51.1200,51.1900,51.1200,51.1900,37.2755,400
2013-05-03,51.1900,51.1900,51.1900,51.1900,37.2755,0
2013-05-06,51.1900,51.1900,51.1900,51.1900,37.2755,0
2013-05-07,51.1900,51.1900,51.1900,51.1900,37.2755,0
2013-05-08,52.1200,52.3000,52.1200,52.2800,38.0692,1800
2013-05-09,52.1100,52.1100,52.1100,52.1100,37.9454,500
2013-05-10,52.8700,52.8700,52.1500,52.2500,38.0474,1900
2013-05-13,52.9300,52.9300,52.1800,52.3200,38.0983,500
2013-05-14,52.8700,52.8700,52.8700,52.8700,38.4988,400
2013-05-15,52.9800,52.9800,52.9800,52.9800,38.5789,200
2013-05-16,53.3000,53.3000,53.2900,53.2900,38.8047,1200
2013-05-17,53.3100,53.3100,53.3000,53.3000,38.8120,600
2013-05-20,53.3000,53.3000,53.3000,53.3000,38.8120,0
2013-05-21,53.7800,53.8300,53.7800,53.7800,39.1615,1100
2013-05-22,53.7500,53.7500,53.2900,53.2900,38.8047,600
2013-05-23,52.6500,52.7400,52.6500,52.7400,38.4042,300
2013-05-24,52.9300,52.9300,52.9300,52.9300,38.5425,100
2013-05-28,53.8600,53.8600,53.7000,53.7000,39.1032,1000
2013-05-29,53.4100,53.4100,53.4100,53.4100,38.8921,100
2013-05-30,53.6300,53.6300,53.6300,53.6300,39.0523,1500
2013-05-31,53.6200,53.6200,53.6200,53.6200,39.0450,1000
2013-06-03,53.6200,53.6200,53.6200,53.6200,39.0450,0
2013-06-04,53.1100,53.2600,53.1100,53.2600,38.7828,1000
2013-06-05,52.1000,52.1000,52.1000,52.1000,37.9381,100
2013-06-06,52.1000,52.1000,52.1000,52.1000,37.9381,0
2013-06-07,52.1000,52.1000,52.1000,52.1000,37.9381,0
2013-06-10,53.1300,53.2500,53.1300,53.2500,38.7756,3800
2013-06-11,53.1800,53.1800,53.1800,53.1800,38.7246,500
2013-06-12,52.6100,52.6100,52.6100,52.6100,38.3095,500
2013-06-13,52.6100,52.6100,52.6100,52.6100,38.3095,0
2013-06-14,52.9600,52.9600,52.6000,52.6000,38.3022,1300
2013-06-17,52.9500,52.9500,52.9500,52.9500,38.5571,500
2013-06-18,52.9500,52.9500,52.9500,52.9500,38.5571,0
2013-06-19,53.3900,53.4000,53.3600,53.3600,38.8557,800
2013-06-20,51.8400,51.8400,51.7300,51.7300,37.6687,700
2013-06-21,51.7900,51.7900,51.1600,51.6200,37.5886,1200
2013-06-24,50.7000,50.7500,50.7000,50.7500,36.9551,600
2013-06-25,51.3800,51.3800,51.3800,51.3800,37.4139,200
2013-06-26,51.3800,51.3800,51.3800,51.3800,37.4139,0
2013-06-27,51.3800,51.3800,51.3800,51.3800,37.5689,0
2013-06-28,52.0500,52.0500,52.0500,52.0500,38.0588,100
2013-07-01,52.3900,52.4000,52.3500,52.3500,38.2781,1600
2013-07-02,52.3500,52.3500,52.3500,52.3500,38.2781,0
2013-07-03,52.3500,52.3500,52.3500,52.3500,38.2781,0
2013-07-05,52.4300,52.4300,52.1700,52.1700,38.1465,1500
2013-07-08,53.0200,53.0200,53.0200,53.0200,38.7680,200
2013-07-09,53.4400,53.4400,53.4400,53.4400,39.0751,600
2013-07-10,53.4400,53.4400,53.4400,53.4400,39.0751,0
2013-07-11,53.4400,53.4400,53.4400,53.4400,39.0751,0
2013-07-12,54.0800,54.0900,54.0700,54.0700,39.5358,1600
2013-07-15,54.3200,54.3200,54.3200,54.3200,39.7186,700
2013-07-16,54.4100,54.4100,54.0900,54.0900,39.5504,600
2013-07-17,54.0900,54.0900,54.0900,54.0900,39.5504,0
2013-07-18,54.7300,54.7300,54.6600,54.7300,40.0184,1500
2013-07-19,54.6300,54.6300,54.6300,54.6300,39.9453,200
2013-07-22,54.9900,54.9900,54.7800,54.7800,40.0549,1400
2013-07-23,54.7800,54.7800,54.7800,54.7800,40.0549,0
2013-07-24,54.7800,54.7800,54.7800,54.7800,40.0549,0
2013-07-25,54.5000,54.5100,54.5000,54.5100,39.8575,600
2013-07-26,54.5000,54.5000,54.5000,54.5000,39.8502,200
2013-07-29,54.6300,54.6600,54.5100,54.6300,39.9453,900
2013-07-30,54.6300,54.6300,54.6300,54.6300,39.9453,0
2013-07-31,54.6300,54.6300,54.6300,54.6300,39.9453,0
2013-08-01,55.3200,55.3200,55.3200,55.3200,40.4498,800
2013-08-02,55.2600,55.3800,55.2600,55.3800,40.4937,400
2013-08-05,55.3200,55.3200,55.3100,55.3100,40.4425,400
2013-08-06,54.9800,54.9800,54.9800,54.9800,40.2012,100
2013-08-07,54.5700,54.6300,54.5700,54.6300,39.9453,300
2013-08-08,54.6300,54.6300,54.6300,54.6300,39.9453,0
2013-08-09,54.8500,54.8500,54.8500,54.8500,40.1061,100
2013-08-12,54.7500,54.7500,54.7500,54.7500,40.0330,100
2013-08-13,54.7500,54.7500,54.7500,54.7500,40.0330,0
2013-08-14,54.9100,54.9200,54.9100,54.9200,40.1573,300
2013-08-15,54.0100,54.0100,54.0100,54.0100,39.4919,200
2013-08-16,53.8800,53.8900,53.7600,53.7600,39.3091,600
2013-08-19,53.5800,53.5800,53.5800,53.5800,39.1775,1600
2013-08-20,53.5800,53.5800,53.5800,53.5800,39.1775,0
2013-08-21,53.9900,53.9900,53.4500,53.4500,39.0824,1400
2013-08-22,53.4500,53.4500,53.4500,53.4500,39.0824,0
2013-08-23,53.4500,53.4500,53.4500,53.4500,39.0824,0
2013-08-26,54.5400,54.5400,54.0000,54.1100,39.5650,500
2013-08-27,52.9700,52.9700,52.9700,52.9700,38.7315,200
2013-08-28,52.9700,52.9700,52.9700,52.9700,38.7315,0
2013-08-29,52.9700,52.9700,52.9700,52.9700,38.7315,0
2013-08-30,52.9700,52.9700,52.9700,52.9700,38.7315,0
2013-09-03,52.9700,52.9700,52.9700,52.9700,38.7315,0
2013-09-04,52.9700,52.9700,52.9700,52.9700,38.7315,0
2013-09-05,52.9700,52.9700,52.9700,52.9700,38.7315,0
2013-09-06,53.9500,53.9500,53.9000,53.9000,39.4115,1000
2013-09-09,53.9000,53.9000,53.9000,53.9000,39.4115,2200
2013-09-10,54.5800,54.6100,54.5800,54.6100,39.9306,900
2013-09-11,54.6100,54.6100,54.6100,54.6100,39.9306,0
2013-09-12,54.6100,54.6100,54.6100,54.6100,39.9306,0
2013-09-13,54.6100,54.6100,54.6100,54.6100,39.9306,0
2013-09-16,54.6100,54.6100,54.6100,54.6100,39.9306,0
2013-09-17,55.2800,55.2800,55.2700,55.2700,40.4132,1000
2013-09-18,55.2700,55.2700,55.2700,55.2700,40.4132,0
2013-09-19,55.8300,55.8300,55.8300,55.8300,40.8227,600
2013-09-20,55.8300,55.8300,55.8300,55.8300,40.8227,0
2013-09-23,54.6000,55.1700,54.6000,54.9800,40.2012,400
2013-09-24,54.9800,54.9800,54.9800,54.9800,40.4033,0
2013-09-25,54.9800,54.9800,54.9800,54.9800,40.4033,0
2013-09-26,54.9800,54.9800,54.9800,54.9800,40.4033,0
2013-09-27,54.3700,54.3700,54.3700,54.3700,39.9550,300
2013-09-30,54.1500,54.1500,54.1500,54.1500,39.7933,500
2013-10-01,54.1500,54.1500,54.1500,54.1500,39.7933,0
2013-10-02,54.2300,54.2300,54.2300,54.2300,39.8521,300
2013-10-03,54.0400,54.0400,54.0400,54.0400,39.7125,100
2013-10-04,54.0400,54.0400,54.0400,54.0400,39.7125,0
2013-10-07,54.2900,54.2900,54.2400,54.2500,39.8668,500
2013-10-08,54.0400,54.0400,53.5000,53.6100,39.3965,3100
2013-10-09,53.4500,53.4700,53.4000,53.4000,39.2422,3100
2013-10-10,54.3600,54.4400,54.1500,54.4400,40.0064,1200
2013-10-11,54.8200,54.8200,54.8200,54.8200,40.2857,500
2013-10-14,55.1900,55.1900,55.1900,55.1900,40.5576,400
2013-10-15,55.2000,55.2200,55.2000,55.2200,40.5796,10000
2013-10-16,55.5600,55.5600,55.5600,55.5600,40.8295,800
2013-10-17,55.5600,55.5600,55.5600,55.5600,40.8295,0
2013-10-18,55.5600,55.5600,55.5600,55.5600,40.8295,0
2013-10-21,56.3800,56.3800,56.3000,56.3000,41.3733,400
2013-10-22,56.7200,56.7300,56.4500,56.6800,41.6526,1800
2013-10-23,56.3400,56.3700,56.1600,56.3100,41.3807,2600
2013-10-24,56.3600,56.3600,56.3600,56.3600,41.4174,200
2013-10-25,56.4300,56.5700,56.4300,56.5700,41.5717,200
2013-10-28,56.7700,56.7700,56.7000,56.7000,41.6672,600
2013-10-29,56.9200,56.9200,56.9200,56.9200,41.8289,900
2013-10-30,56.9800,56.9800,56.7100,56.7100,41.6746,1100
2013-10-31,56.7100,56.7100,56.7100,56.7100,41.6746,0
2013-11-01,56.5000,56.5000,56.5000,56.5000,41.5203,400
2013-11-04,56.8800,56.8800,56.8800,56.8800,41.7995,200
2013-11-05,56.8800,56.8800,56.8800,56.8800,41.7995,0
2013-11-06,56.8800,56.8800,56.8800,56.8800,41.7995,0
2013-11-07,56.5000,56.5000,56.5000,56.5000,41.5203,100
2013-11-08,56.5000,56.5000,56.5000,56.5000,41.5203,0
2013-11-11,57.2600,57.2600,57.2500,57.2500,42.0714,400
2013-11-12,57.2500,57.2500,57.2500,57.2500,42.0714,0
2013-11-13,57.2500,57.2500,57.2500,57.2500,42.0714,0
2013-11-14,57.5400,57.5400,57.5300,57.5300,42.2772,300
2013-11-15,57.5300,57.5300,57.5300,57.5300,42.2772,0
2013-11-18,58.2000,58.2000,58.2000,58.2000,42.7696,100
2013-11-19,57.8100,57.8100,57.8100,57.8100,42.4830,400
2013-11-20,57.8100,57.8100,57.8100,57.8100,42.4830,0
2013-11-21,58.0400,58.0400,57.9900,57.9900,42.6152,400
2013-11-22,58.0700,58.2800,58.0700,58.2800,42.8283,500
2013-11-25,58.3400,58.3400,58.3400,58.3400,42.8725,200
2013-11-26,58.3900,58.5000,58.3900,58.5000,42.9900,200
2013-11-27,58.5400,58.5400,58.3700,58.3700,42.8945,1100
2013-11-29,58.7000,58.7000,58.5800,58.5800,43.0488,900
2013-12-02,58.5800,58.5800,58.5800,58.5800,43.0488,0
2013-12-03,58.0600,58.0800,57.8700,57.8700,42.5270,4200
2013-12-04,57.9600,58.3000,57.8000,58.1100,42.7034,5100
2013-12-05,58.3000,58.3000,57.8100,57.8300,42.4976,95400
2013-12-06,58.2000,58.4600,58.2000,58.3500,42.8798,800
2013-12-09,58.6400,58.6400,58.6400,58.6400,43.0929,200
2013-12-10,58.4700,58.4800,58.4700,58.4800,42.9753,300
2013-12-11,58.0600,58.0600,57.8300,57.8300,42.4976,800
2013-12-12,57.6000,57.6500,57.4900,57.6500,42.3654,5700
2013-12-13,57.6100,57.6200,57.5800,57.5800,42.3139,1500
2013-12-16,57.9100,58.0100,57.9100,57.9800,42.6079,1000
2013-12-17,57.8400,57.9100,57.8000,57.8900,42.5418,3300
2013-12-18,57.6800,58.4500,57.6800,58.4500,42.9533,900
2013-12-19,58.4500,58.4500,58.4500,58.4500,42.9533,0
2013-12-20,58.9900,59.0300,58.9900,59.0300,43.3795,300
2013-12-23,58.8900,58.8900,58.8900,58.8900,43.5007,300
2013-12-24,58.8900,58.8900,58.8900,58.8900,43.5007,0
2013-12-26,59.3100,59.3400,59.3100,59.3400,43.8331,400
2013-12-27,59.3800,59.3800,59.3800,59.3800,43.8626,100
2013-12-30,59.4400,59.4400,59.3600,59.3600,43.8478,600
2013-12-31,59.5100,59.5700,59.5100,59.5400,43.9808,1700
2014-01-02,59.5500,59.5500,59.1600,59.2100,43.7370,1000
2014-01-03,59.2900,59.2900,59.1400,59.1400,43.6853,800
2014-01-06,59.1400,59.1400,59.1300,59.1300,43.6779,600
2014-01-07,59.3900,59.4600,59.3900,59.4600,43.9217,1300
2014-01-08,59.4600,59.4600,59.4600,59.4600,43.9217,0
2014-01-09,59.4800,59.4800,59.2900,59.3300,43.8257,5600
2014-01-10,59.4500,59.5200,59.2800,59.5200,43.9660,6700
2014-01-13,59.4700,59.5100,59.1100,59.1100,43.6632,1200
2014-01-14,59.0300,59.3000,59.0300,59.3000,43.8035,1300
2014-01-15,59.6100,59.6800,59.6100,59.6800,44.0842,1400
2014-01-16,59.3800,59.3900,59.3800,59.3900,43.8700,600
2014-01-17,59.2600,59.2600,59.2600,59.2600,43.7740,300
2014-01-21,59.6200,59.6200,59.1300,59.3400,43.8331,900
2014-01-22,59.3700,59.4400,59.2700,59.4300,43.8995,1500
2014-01-23,58.9300,58.9500,58.6600,58.7600,43.4046,2500
2014-01-24,58.0900,58.0900,57.6300,57.6300,42.5699,19900
2014-01-27,57.5200,57.6100,57.3400,57.3400,42.3557,2200
2014-01-28,57.3400,57.3400,57.3400,57.3400,42.3557,0
2014-01-29,57.2600,57.3600,57.1700,57.3400,42.3557,800
2014-01-30,57.5500,57.5500,57.5500,57.5500,42.5108,1800
2014-01-31,57.0800,57.5300,57.0800,57.4200,42.4148,7000
2014-02-03,57.1000,57.1000,56.7400,56.7800,41.9420,5800
2014-02-04,56.3200,56.4200,56.1500,56.4200,41.6761,2000
2014-02-05,56.2100,56.2300,55.8700,56.2300,41.5358,1300
2014-02-06,56.4600,57.0100,56.4600,56.9900,42.0972,4700
2014-02-07,57.3300,57.3300,57.1300,57.1500,42.2153,3200
2014-02-10,57.7500,57.7500,57.5700,57.6200,42.5625,3800
2014-02-11,57.8500,58.4900,57.8500,58.3500,43.1018,3400
2014-02-12,58.5800,58.5800,58.3200,58.3200,43.0796,1300
2014-02-13,58.3000,58.7200,58.3000,58.7200,43.3751,3100
2014-02-14,58.6800,58.9500,58.6800,58.9500,43.5450,1000
2014-02-18,59.1400,59.1700,59.1300,59.1500,43.6927,900
2014-02-19,59.0500,59.3500,59.0200,59.0200,43.5967,1300
2014-02-20,58.9800,59.2000,58.9800,59.2000,43.7296,1000
2014-02-21,59.2000,59.2000,59.0900,59.0900,43.6484,1400
2014-02-24,59.0900,59.0900,59.0900,59.0900,43.6484,0
2014-02-25,59.2800,59.2800,59.2800,59.2800,43.7887,200
2014-02-26,59.2800,59.2800,59.2800,59.2800,43.7887,0
2014-02-27,59.2800,59.2800,59.2800,59.2800,43.7887,0
2014-02-28,59.5800,59.9000,59.5800,59.7000,44.0990,1400
2014-03-03,59.2800,59.4200,59.0000,59.2700,43.7813,3100
2014-03-04,59.9500,60.2100,59.9500,60.1700,44.4461,900
2014-03-05,60.1400,60.1400,60.1400,60.1400,44.4240,300
2014-03-06,60.3800,60.3800,60.3800,60.3800,44.6013,300
2014-03-07,60.4600,60.4600,60.3300,60.4600,44.6604,1100
2014-03-10,60.3000,60.4100,60.2500,60.4100,44.6234,700
2014-03-11,60.4400,60.4500,60.0000,60.0000,44.3206,2200
2014-03-12,60.0000,60.0000,60.0000,60.0000,44.3206,0
2014-03-13,60.0000,60.0000,60.0000,60.0000,44.3206,0
2014-03-14,59.3800,59.3800,59.3800,59.3800,43.8626,200
2014-03-17,59.9000,59.9400,59.7900,59.7900,44.1655,2400
2014-03-18,60.0900,60.3600,60.0900,60.3600,44.5865,1900
2014-03-19,60.3600,60.3600,60.3300,60.3300,44.5643,700
2014-03-20,60.3300,60.3300,60.3300,60.3300,44.5643,0
2014-03-21,60.5200,60.5700,60.3700,60.5000,44.6899,5100
2014-03-24,60.7400,60.7400,60.1500,60.1500,44.4314,1300
2014-03-25,60.1900,60.2600,60.1900,60.2600,44.7230,800
2014-03-26,60.6000,60.6000,59.9200,59.9200,44.4707,1400
2014-03-27,59.7600,59.7600,59.6600,59.7200,44.3223,7500
2014-03-28,60.1400,60.3000,60.1200,60.1200,44.6191,2100
2014-03-31,60.5900,60.5900,60.5400,60.5500,44.9383,1400
2014-04-01,60.8500,60.8900,60.8100,60.8900,45.1906,600
2014-04-02,60.8900,60.8900,60.8900,60.8900,45.1906,0
2014-04-03,60.8900,60.8900,60.8900,60.8900,45.1906,0
2014-04-04,61.3400,61.3900,61.3300,61.3900,45.5617,800
2014-04-07,60.5300,60.5300,59.9500,59.9500,44.4930,1600
2014-04-08,60.1000,60.1000,59.9400,59.9400,44.4856,700
2014-04-09,60.1200,60.5300,60.1200,60.5300,44.9234,1000
2014-04-10,60.4700,60.4700,59.5200,59.5200,44.1738,1000
2014-04-11,59.1200,59.2500,58.9900,58.9900,43.7805,800
2014-04-14,59.2500,59.4700,59.1000,59.1000,43.8621,600
2014-04-15,59.7100,59.7400,59.0400,59.7400,44.3371,2300
2014-04-16,59.9800,60.2500,59.9800,60.2500,44.7156,800
2014-04-17,60.1700,60.5500,60.1700,60.5400,44.9309,800
2014-04-21,60.6100,60.6100,60.6100,60.6100,44.9828,200
2014-04-22,60.7600,60.9700,60.7600,60.9500,45.2351,700
2014-04-23,60.8000,60.8600,60.8000,60.8600,45.1684,1000
2014-04-24,60.7400,60.8600,60.7400,60.8600,45.1684,900
2014-04-25,60.9100,60.9100,60.4400,60.4400,44.8566,1400
2014-04-28,60.7600,60.7600,60.6200,60.6200,44.9902,800
2014-04-29,60.9600,60.9600,60.9600,60.9600,45.2426,200
2014-04-30,60.8200,61.0400,60.8200,61.0400,45.3019,900
2014-05-01,61.0900,61.0900,61.0000,61.0000,45.2723,700
2014-05-02,61.0500,61.0500,61.0100,61.0200,45.2871,1200
2014-05-05,60.7600,60.7700,60.6500,60.6600,45.0199,1200
2014-05-06,60.6500,60.6500,60.6300,60.6300,44.9976,1000
2014-05-07,60.6300,60.6300,60.6300,60.6300,44.9976,0
2014-05-08,61.2100,61.2100,60.8300,60.8300,45.1461,1400
2014-05-09,61.0300,61.0300,60.6000,60.6000,44.9754,4700
2014-05-12,61.3400,61.4900,61.3400,61.4900,45.6359,3200
2014-05-13,61.5600,61.6500,61.5600,61.6400,45.7472,5300
2014-05-14,61.4300,61.4300,61.3500,61.3500,45.5320,1600
2014-05-15,61.2500,61.2500,60.6000,60.6000,44.9754,400
2014-05-16,60.6000,60.6000,60.6000,60.6000,44.9754,0
2014-05-19,60.9100,61.1300,60.9100,61.1300,45.3687,2100
2014-05-20,61.0100,61.0200,60.5800,60.7300,45.0719,38300
2014-05-21,61.0900,61.1000,61.0800,61.1000,45.3465,4200
2014-05-22,61.3600,61.4100,61.3600,61.4100,45.5765,700
2014-05-23,61.4900,61.5300,61.4900,61.5300,45.6656,1300
2014-05-27,61.8600,61.8600,61.7600,61.7700,45.8437,3000
2014-05-28,61.8200,61.8200,61.8200,61.8200,45.8808,500
2014-05-29,61.9600,61.9800,61.9300,61.9800,45.9996,3500
2014-05-30,61.9800,61.9800,61.9800,61.9800,45.9996,0
2014-06-02,62.3200,62.3200,62.2600,62.3200,46.2519,1700
2014-06-03,62.3200,62.3200,62.3200,62.3200,46.2519,0
2014-06-04,62.2700,62.5000,62.2500,62.5000,46.3855,4900
2014-06-05,62.5900,62.5900,62.5800,62.5900,46.4523,500
2014-06-06,63.1500,63.2100,63.1400,63.1800,46.8902,2100
2014-06-09,63.3300,63.3300,63.2500,63.2500,46.9421,500
2014-06-10,63.2800,63.3000,63.2600,63.2800,46.9644,2000
2014-06-11,63.0500,63.0500,63.0500,63.0500,46.7937,200
2014-06-12,62.9500,62.9900,62.8600,62.8600,46.6527,2300
2014-06-13,62.8900,62.9200,62.7300,62.7500,46.5710,82000
2014-06-16,62.8500,62.9400,62.6800,62.8900,46.6750,2200
2014-06-17,63.0200,63.0900,63.0000,63.0900,46.8234,7000
2014-06-18,63.0800,63.5800,63.0100,63.5800,47.1871,11400
2014-06-19,63.5800,63.6100,63.4400,63.6100,47.2093,4200
2014-06-20,63.7800,63.8100,63.7600,63.8100,47.3578,8600
2014-06-23,63.8300,63.8400,63.7600,63.8400,47.3800,9500
2014-06-24,63.8100,63.9600,63.3700,63.3800,47.0386,4300
2014-06-25,63.0300,63.2500,63.0300,63.2300,47.1520,56200
2014-06-26,63.4000,63.4000,62.8800,62.8800,46.8910,3900
2014-06-27,62.9700,63.2100,62.8900,63.0800,47.0401,85900
2014-06-30,63.2900,63.3000,63.2900,63.3000,47.2042,600
2014-07-01,63.3300,63.7500,63.3300,63.6500,47.4652,700
2014-07-02,63.7000,63.7100,63.6500,63.6500,47.4652,37500
2014-07-03,64.0400,64.1200,63.9100,64.0000,47.7262,13400
2014-07-07,64.0300,64.0300,63.6800,63.7700,47.5547,5600
2014-07-08,63.5800,63.5800,63.4200,63.4500,47.3160,7200
2014-07-09,63.6400,63.8200,63.4900,63.7100,47.5099,13400
2014-07-10,63.2500,63.4400,63.2500,63.4400,47.3086,700
2014-07-11,63.4600,63.4600,63.4600,63.4600,47.3235,1900
2014-07-14,63.4600,63.4600,63.4600,63.4600,47.3235,0
2014-07-15,63.8600,63.8600,63.8600,63.8600,47.6218,500
2014-07-16,63.9700,64.0200,63.9700,64.0200,47.7411,22400
2014-07-17,63.6500,63.6500,63.6500,63.6500,47.4652,1000
2014-07-18,63.6400,63.9500,63.5900,63.9500,47.6889,2000
2014-07-21,63.8100,63.8500,63.5500,63.8500,47.6143,1000
2014-07-22,64.2300,64.2300,64.1000,64.1000,47.8007,14400
2014-07-23,64.2200,64.2800,64.0700,64.2800,47.9350,1000
2014-07-24,64.2800,64.3300,64.2800,64.3300,47.9723,2200
2014-07-25,63.9800,64.0100,63.9800,64.0000,47.7262,600
2014-07-28,64.1200,64.1200,63.6400,63.8900,47.6441,1700
2014-07-29,64.0200,64.0200,64.0200,64.0200,47.7411,5200
2014-07-30,63.5700,63.7200,63.5700,63.7200,47.5174,600
2014-07-31,62.7900,62.7900,62.7900,62.7900,46.8238,400
2014-08-01,62.3000,62.3400,61.8800,62.3300,46.4808,2000
2014-08-04,62.3300,62.3300,62.3300,62.3300,46.4808,0
2014-08-05,62.4700,62.4700,61.8500,61.8500,46.1229,600
2014-08-06,61.6500,62.2000,61.6500,62.0800,46.2944,1200
2014-08-07,61.9300,61.9300,61.6800,61.6800,45.9961,700
2014-08-08,62.2800,62.4200,62.2200,62.3400,46.4883,161400
2014-08-11,62.5300,62.6000,62.5300,62.6000,46.6822,400
2014-08-12,62.4600,62.5000,62.4100,62.5000,46.6076,4900
2014-08-13,62.7500,62.7500,62.6200,62.6200,46.6971,1200
2014-08-14,62.7900,63.0600,62.7900,63.0400,47.0103,3800
2014-08-15,63.1100,63.1100,62.7400,63.0300,47.0028,7600
2014-08-18,63.3900,63.5400,63.3800,63.5400,47.3831,10600
2014-08-19,63.7900,63.9500,63.7000,63.9500,47.6889,9300
2014-08-20,63.6800,64.1500,63.6800,64.1500,47.8380,700
2014-08-21,64.1200,64.4200,64.1200,64.4200,48.0394,500
2014-08-22,64.2600,64.2600,64.1800,64.1800,47.8604,1600
2014-08-25,64.5500,64.5900,64.5200,64.5500,48.1363,14000
2014-08-26,64.7000,64.7900,64.6600,64.6600,48.2183,900
2014-08-27,64.7400,64.7400,64.7400,64.7400,48.2780,300
2014-08-28,64.5600,64.6400,64.4600,64.6000,48.1736,3000
2014-08-29,64.6100,64.6100,64.6100,64.6100,48.1810,400
2014-09-02,64.9900,64.9900,64.5300,64.6200,48.1885,1900
2014-09-03,65.0900,65.0900,64.7200,64.7500,48.2855,226300
2014-09-04,64.5900,65.0700,64.5600,64.5600,48.1438,2000
2014-09-05,64.4500,64.8000,64.4500,64.8000,48.3227,3300
2014-09-08,64.7000,64.9100,64.6900,64.6900,48.2407,600
2014-09-09,64.4600,64.5900,64.3600,64.3600,47.9946,700
2014-09-10,64.1900,64.4400,64.0400,64.4400,48.0543,1800
2014-09-11,64.4400,64.4400,64.4400,64.4400,48.0543,0
2014-09-12,64.4400,64.4700,63.9600,64.0200,47.7411,1131200
2014-09-15,63.9200,64.1200,63.9200,64.1200,47.8157,3400
2014-09-16,64.1000,64.1000,64.1000,64.1000,47.8007,400
2014-09-17,64.7700,64.8200,64.6400,64.7800,48.3078,2500
2014-09-18,64.8600,65.0900,64.8500,65.0900,48.5390,1168700
2014-09-19,65.1900,65.2400,64.8400,64.8500,48.3600,50300
2014-09-22,64.8200,64.8200,64.4000,64.4000,48.0245,800
2014-09-23,64.1400,64.2600,64.0400,64.0400,47.7560,1100
2014-09-24,64.0900,64.2100,64.0900,64.2100,48.0012,400
2014-09-25,63.5000,63.5500,63.3500,63.3500,47.3583,17600
2014-09-26,63.2600,63.9200,63.2600,63.6400,47.5751,2500
2014-09-29,63.1500,63.6400,63.1500,63.6400,47.5751,800
2014-09-30,63.3900,63.5100,63.3900,63.4400,47.4256,1100
2014-10-01,63.0000,63.1900,62.4500,62.4500,46.6855,180800
2014-10-02,62.4500,62.4500,62.0000,62.0000,46.3491,1000
2014-10-03,62.9500,63.0300,62.9500,63.0300,47.1191,500
2014-10-06,63.2800,63.2800,62.9700,63.2200,47.2611,107300
2014-10-07,62.5900,62.8900,62.3200,62.4100,46.6556,2200
2014-10-08,62.3000,63.2500,61.8400,63.2500,47.2835,3600
2014-10-09,62.8800,62.9300,61.9200,61.9200,46.2893,43200
2014-10-10,61.8800,61.8800,61.0900,61.0900,45.6688,1655100
2014-10-13,61.3400,61.3400,60.1100,60.1100,44.9362,72100
2014-10-14,60.5600,60.8200,60.2600,60.2600,45.0483,3600
2014-10-15,59.5800,59.8700,58.3200,59.6200,44.5699,29000
2014-10-16,59.2600,60.0900,59.1600,59.7100,44.6372,12600
2014-10-17,60.7500,60.8400,60.4400,60.4800,45.2128,47900
2014-10-20,60.6900,61.1300,60.6900,61.1300,45.6987,1600
2014-10-21,61.7900,62.1900,61.7600,62.1900,46.4911,4800
2014-10-22,62.3400,62.4200,61.9800,61.9800,46.3341,169000
2014-10-23,62.6900,62.6900,62.4600,62.5400,46.7528,800
2014-10-24,62.7100,62.8500,62.5600,62.8000,46.9471,1800
2014-10-27,62.7600,62.8500,62.7500,62.8500,46.9845,1500
2014-10-28,63.0200,63.0200,63.0200,63.0200,47.1116,400
2014-10-29,63.1700,63.1700,63.1700,63.1700,47.2237,200
2014-10-30,63.4200,63.9000,63.3900,63.6800,47.6050,84000
2014-10-31,64.7100,64.7100,64.3700,64.3700,48.1208,34100
2014-11-03,64.7500,64.7800,64.5200,64.7700,48.4198,31300
2014-11-04,64.1900,64.4600,64.0000,64.4600,48.1881,1300
2014-11-05,64.5700,64.8600,64.3700,64.8600,48.4871,2900
2014-11-06,64.8800,64.8900,64.6900,64.8900,48.5095,1000
2014-11-07,65.1000,65.1000,65.1000,65.1000,48.6665,300
2014-11-10,65.3200,65.4000,65.3200,65.4000,48.8908,400
2014-11-11,65.3700,65.3700,65.3200,65.3200,48.8310,1000
2014-11-12,65.1900,65.3600,65.1900,65.3600,48.8609,700
2014-11-13,65.3600,65.3600,65.3600,65.3600,48.8609,0
2014-11-14,65.4400,65.4700,65.4000,65.4400,48.9207,24500
2014-11-17,65.4400,65.4400,65.2700,65.3200,48.8310,93800
2014-11-18,65.3200,65.3200,65.3200,65.3200,48.8310,0
2014-11-19,65.6600,65.7800,65.5000,65.7600,49.1599,115800
2014-11-20,65.6500,65.8400,65.5000,65.8400,49.2197,18600
2014-11-21,66.8400,66.8400,66.2600,66.2600,49.5337,16400
2014-11-24,66.5300,66.5300,66.4400,66.4400,49.6683,3000
2014-11-25,66.7100,66.7100,66.3800,66.5600,49.7580,11400
2014-11-26,66.4000,66.5000,66.3000,66.3000,49.5636,12700
2014-11-28,66.2700,66.2700,66.0000,66.0000,49.3393,1800
2014-12-01,65.5300,65.7400,65.5200,65.6100,49.0478,1800
2014-12-02,66.0300,66.1800,66.0200,66.1800,49.4739,16500
2014-12-03,66.3900,66.4100,66.3900,66.4100,49.6459,700
2014-12-04,66.0800,66.4000,66.0800,66.3000,49.5636,3100
2014-12-05,66.4900,66.5000,66.4900,66.5000,49.7131,1200
2014-12-08,66.3000,66.3000,65.8400,65.9400,49.2945,2100
2014-12-09,65.9400,65.9400,65.9400,65.9400,49.2945,0
2014-12-10,65.2100,65.2100,64.6500,64.8400,48.4722,11800
2014-12-11,65.2600,65.4400,65.1400,65.1400,48.6964,3300
2014-12-12,64.6200,64.6200,64.6200,64.6200,48.3077,200
2014-12-15,63.2700,63.5400,63.2700,63.5400,47.5003,9500
2014-12-16,63.1500,63.1500,63.1500,63.1500,47.2088,400
2014-12-17,63.1500,63.1500,63.1500,63.1500,47.2088,0
2014-12-18,64.9800,65.5400,64.9800,65.5400,48.9955,4500
2014-12-19,66.1100,66.2100,66.0300,66.2100,49.4963,700
2014-12-22,66.4500,66.5400,66.3000,66.5400,49.7430,900
2014-12-23,67.0000,67.0000,67.0000,67.0000,50.0869,500
2014-12-24,66.6700,66.6800,66.5400,66.5400,49.9975,1100
2014-12-26,66.7700,66.9600,66.7300,66.7300,50.1403,77900
2014-12-29,66.8200,66.8500,66.8200,66.8500,50.2304,2000
2014-12-30,66.5900,66.6200,66.5600,66.5600,50.0125,2600
2014-12-31,66.5500,66.5800,65.9500,66.0100,49.5993,20600
2015-01-02,65.3900,65.3900,65.3900,65.3900,49.1334,300
2015-01-05,65.3900,65.3900,65.3900,65.3900,49.1334,0
2015-01-06,64.7900,64.7900,63.7400,64.0300,48.1115,1000
2015-01-07,64.6900,64.6900,64.5300,64.5400,48.4947,1700
2015-01-08,65.6200,65.8500,65.4700,65.8500,49.4790,1102900
2015-01-09,65.5900,65.5900,65.2300,65.2300,49.0132,2600
2015-01-12,65.2200,65.2200,64.3900,64.5500,48.5022,2400
2015-01-13,65.2700,65.4000,63.9100,64.3700,48.3670,1108000
2015-01-14,63.6400,63.8600,63.0900,63.8600,47.9838,3200
2015-01-15,63.2900,63.2900,63.2900,63.2900,47.5555,400
2015-01-16,63.2900,64.1400,63.2300,64.1400,48.1942,5700
2015-01-20,64.2900,64.2900,63.6700,63.9300,48.0364,1200
2015-01-21,64.2800,64.5200,64.2500,64.4100,48.3970,2700
2015-01-22,64.7600,64.9800,64.5800,64.8800,48.7502,211400
2015-01-23,65.4300,65.4300,65.0900,65.0900,48.9080,1800
2015-01-26,64.7400,65.0200,64.7400,64.9900,48.8328,500
2015-01-27,64.4300,64.7200,64.4300,64.7200,48.6300,900
2015-01-28,64.5500,64.5600,63.4000,63.4000,47.6381,6700
2015-01-29,63.4900,63.9300,63.0800,63.9300,48.0364,13900
2015-01-30,63.2900,63.2900,63.2900,63.2900,47.5555,300
2015-02-02,63.3000,63.3000,63.1100,63.1100,47.4202,500
2015-02-03,64.4000,65.2900,64.4000,65.2900,49.0583,7600
2015-02-04,65.1600,65.4700,65.0800,65.4700,49.1935,27700
2015-02-05,65.4500,65.8000,65.4200,65.7900,49.4340,3300
2015-02-06,65.9900,66.1400,65.9900,66.0400,49.6218,600
2015-02-09,65.6700,65.6700,65.3600,65.3600,49.1109,800
2015-02-10,65.6700,66.1300,65.4900,65.9700,49.5692,6100
2015-02-11,65.9000,66.0700,65.8000,66.0700,49.6444,3700
2015-02-12,66.5800,66.7200,66.5800,66.7200,50.1327,400
2015-02-13,66.9100,67.0100,66.9100,67.0100,50.3506,400
2015-02-17,67.0600,67.1800,67.0600,67.1800,50.4784,900
2015-02-18,66.8200,67.0600,66.8200,67.0400,50.3732,1400
2015-02-19,66.7800,67.1000,66.7800,67.0400,50.3732,2500
2015-02-20,66.8800,67.2000,66.4100,67.0700,50.3957,2600
2015-02-23,67.1500,67.1500,67.1500,67.1500,50.4558,400
2015-02-24,67.4500,67.4500,67.4200,67.4200,50.6587,800
2015-02-25,67.1900,67.4200,67.1900,67.3400,50.5986,5600
2015-02-26,67.3000,67.3000,67.0400,67.0400,50.3732,7600
2015-02-27,67.2700,67.2700,66.9700,67.0400,50.3732,15200
2015-03-02,67.1200,67.4000,67.1000,67.4000,50.6437,1100
2015-03-03,66.9200,66.9900,66.7800,66.9400,50.2980,8100
2015-03-04,66.7500,66.7500,66.6800,66.7100,50.1252,700
2015-03-05,67.0400,67.0400,66.7600,66.8100,50.2004,1400
2015-03-06,66.7000,66.7000,65.7500,65.7600,49.4114,6900
2015-03-09,66.2300,66.2900,66.1700,66.1800,49.7270,149200
2015-03-10,65.8300,65.8300,65.0600,65.0600,48.8854,3600
2015-03-11,65.1400,65.1400,65.0800,65.0800,48.9005,2600
2015-03-12,65.2500,65.6300,65.2500,65.6200,49.3062,1400
2015-03-13,65.6500,65.6500,65.1000,65.4300,49.1634,11500
2015-03-16,65.8900,66.2000,65.8900,66.1900,49.7345,2300
2015-03-17,66.0200,66.1300,65.8500,66.0700,49.6444,3500
2015-03-18,65.7400,66.8000,65.7400,66.8000,50.1929,700
2015-03-19,66.6000,66.6000,66.3400,66.3900,49.8848,14600
2015-03-20,67.0200,67.2300,67.0100,67.2300,50.5160,4100
2015-03-23,67.0100,67.1000,67.0100,67.1000,50.4183,1800
2015-03-24,66.9000,67.0400,66.6200,66.6200,50.0576,2500
2015-03-25,66.1800,66.1800,65.5700,65.5700,49.4997,1400
2015-03-26,65.3600,65.3600,65.1800,65.3000,49.2959,8200
2015-03-27,65.1100,65.2700,65.0900,65.2300,49.2431,1100
2015-03-30,65.8600,66.1300,65.8600,66.1000,49.8998,8400
2015-03-31,66.1000,66.1000,66.1000,66.1000,49.8998,0
2015-04-01,65.7700,65.7700,65.2900,65.5700,49.4997,17600
2015-04-02,65.7900,65.7900,65.6300,65.6300,49.5450,800
2015-04-06,65.3200,66.3600,65.3200,66.2600,50.0206,1400
2015-04-07,66.3200,66.4100,65.9700,65.9700,49.8017,4000
2015-04-08,66.1000,66.1000,65.9700,66.0200,49.8394,10700
2015-04-09,66.1900,66.2800,66.1700,66.2800,50.0357,1600
2015-04-10,66.3400,66.6900,66.3400,66.6800,50.3377,1100
2015-04-13,66.9100,66.9100,66.6000,66.6300,50.2999,2300
2015-04-14,66.4600,66.7600,66.4600,66.6000,50.2773,1600
2015-04-15,67.3200,67.3200,67.2700,67.3000,50.8057,700
2015-04-16,67.1400,67.2100,66.9500,66.9800,50.5642,113700
2015-04-17,66.4100,66.4100,66.1500,66.2800,50.0357,5800
2015-04-20,66.8000,66.9500,66.8000,66.9500,50.5415,1000
2015-04-21,66.8400,66.8800,66.8400,66.8800,50.4887,700
2015-04-22,66.5100,66.5100,66.4700,66.4700,50.1792,300
2015-04-23,67.0300,67.2300,67.0300,67.2000,50.7302,600
2015-04-24,67.1300,67.1800,67.0700,67.0900,50.6472,395700
2015-04-27,67.3100,67.3100,67.1000,67.1000,50.6547,1300
2015-04-28,67.1600,67.2300,67.1600,67.2300,50.7529,700
2015-04-29,67.0200,67.0200,67.0000,67.0200,50.5943,72600
2015-04-30,66.8400,66.9000,66.4500,66.5400,50.2320,6300
2015-05-01,66.8800,67.0100,66.8800,67.0100,50.5868,800
2015-05-04,67.3800,67.4600,67.2500,67.4500,50.9190,1100
2015-05-05,67.0200,67.0200,66.6700,66.6700,50.3301,700
2015-05-06,66.7800,66.7800,66.0000,66.3800,50.1112,3000
2015-05-07,66.2700,66.5500,66.2700,66.5500,50.2395,700
2015-05-08,67.3200,67.4000,67.3200,67.3400,50.8359,500
2015-05-11,67.4000,67.4400,67.0000,67.0200,50.5943,20300
2015-05-12,66.9400,66.9400,66.9400,66.9400,50.5340,500
2015-05-13,66.8400,66.8400,66.7900,66.7900,50.4207,8400
2015-05-14,67.2300,67.3800,67.2300,67.3800,50.8661,1800
2015-05-15,67.3900,67.5100,67.3900,67.5100,50.9643,700
2015-05-18,67.5700,67.7700,67.4500,67.7000,51.1077,1300
2015-05-19,67.7400,67.7500,67.7400,67.7500,51.1454,400
2015-05-20,67.8400,67.8400,67.8400,67.8400,51.2134,300
2015-05-21,67.7200,67.9700,67.6100,67.8200,51.1983,4100
2015-05-22,67.7600,67.8900,67.7200,67.8900,51.2511,1300
2015-05-26,67.2500,67.2500,66.9500,66.9500,50.5415,2400
2015-05-27,67.3100,67.4800,67.3100,67.4300,50.9039,1100
2015-05-28,67.5500,67.5600,67.5500,67.5500,50.9945,700
2015-05-29,67.1900,67.3700,67.0800,67.1500,50.6925,700
2015-06-01,67.2000,67.2400,67.1500,67.1500,50.6925,7800
2015-06-02,67.1800,67.4700,67.1500,67.2400,50.7604,13500
2015-06-03,67.3300,67.6100,67.3300,67.4000,50.8812,1000
2015-06-04,67.0200,67.0200,66.9000,66.9000,50.5038,500
2015-06-05,66.7100,67.0200,66.7100,66.8800,50.4887,1400
2015-06-08,66.6700,66.6700,66.5900,66.6300,50.2999,1200
2015-06-09,66.4300,66.6600,66.4300,66.6600,50.3226,1200
2015-06-10,66.9800,67.3400,66.9800,67.3300,50.8284,3700
2015-06-11,67.3300,67.5900,67.3300,67.4400,50.9114,4700
2015-06-12,66.9700,66.9800,66.8500,66.9300,50.5264,6500
2015-06-15,66.3300,66.6200,66.3300,66.6200,50.2924,2200
2015-06-16,66.8300,66.9700,66.8200,66.9700,50.5566,1100
2015-06-17,66.9700,66.9700,66.9700,66.9700,50.5566,0
2015-06-18,67.8800,67.8800,67.7100,67.7100,51.1152,3000
2015-06-19,67.7900,67.7900,67.4400,67.4400,50.9114,800
2015-06-22,67.6800,67.8400,67.6600,67.7400,51.1379,2700
2015-06-23,67.7400,67.7400,67.7400,67.7400,51.1379,0
2015-06-24,66.9800,66.9800,66.9800,66.9800,50.8253,300
2015-06-25,66.9900,67.0000,66.9700,67.0000,50.8404,1300
2015-06-26,66.4900,66.5800,66.4900,66.5600,50.5065,1000
2015-06-29,65.8500,66.1200,65.5000,65.5500,49.7401,2300
2015-06-30,65.5900,65.7500,65.2500,65.7000,49.8540,1600
2015-07-01,65.8500,66.0100,65.7500,65.7500,49.8919,1000
2015-07-02,66.0400,66.1300,65.7000,65.8900,49.9981,1100
2015-07-06,65.3200,65.3700,65.3200,65.3700,49.6036,500
2015-07-07,64.8000,65.8400,64.8000,65.8400,49.9602,9200
2015-07-08,65.2300,65.2300,64.6600,64.6600,49.0648,245000
2015-07-09,65.6800,65.6800,65.0400,65.0500,49.3608,2300
2015-07-10,65.5900,65.6800,65.5900,65.6800,49.8388,9700
2015-07-13,66.1700,66.3500,66.1300,66.3200,50.3244,7800
2015-07-14,66.6400,66.6900,66.6200,66.6700,50.5900,2000
2015-07-15,66.7700,66.7700,66.3600,66.4800,50.4458,3400
2015-07-16,66.9400,66.9700,66.8900,66.9400,50.7949,2000
2015-07-17,66.9400,66.9400,66.9400,66.9400,50.7949,0
2015-07-20,66.7600,66.9000,66.7600,66.8600,50.7342,3400
2015-07-21,66.8500,66.8500,66.4300,66.4300,50.4079,2700
2015-07-22,66.4100,66.5300,66.4100,66.4300,50.4079,75500
2015-07-23,66.5200,66.5200,66.1000,66.1600,50.2030,1300
2015-07-24,65.7600,65.7600,65.7600,65.7600,49.8995,300
2015-07-27,65.1200,65.1200,64.7400,64.8300,49.1938,11000
2015-07-28,65.6300,65.6300,65.6300,65.6300,49.8009,300
2015-07-29,66.0900,66.3000,66.0900,66.2400,50.2637,19600
2015-07-30,66.1500,66.2100,66.1300,66.1500,50.1954,1300
2015-07-31,66.1800,66.1800,65.9100,65.9100,50.0133,300
2015-08-03,65.7300,65.8100,65.7300,65.7700,49.9071,3200
2015-08-04,65.6600,65.7700,65.4200,65.4900,49.6946,600
2015-08-05,66.0400,66.0400,65.6200,65.6400,49.8084,8000
2015-08-06,65.4000,65.4300,65.1800,65.3700,49.6036,13100
2015-08-07,65.3700,65.3700,65.3700,65.3700,49.6036,0
2015-08-10,65.8100,66.0700,65.8100,66.0200,50.0968,1400
2015-08-11,65.4800,65.4800,65.2700,65.3100,49.5580,1300
2015-08-12,64.9000,65.3400,64.9000,65.3400,49.5808,1400
2015-08-13,65.3100,65.6400,65.3100,65.6300,49.8009,600
2015-08-14,65.5200,65.6200,65.5200,65.6100,49.7857,700
2015-08-17,65.4400,65.8500,65.4400,65.8500,49.9678,2500
2015-08-18,65.8200,65.8900,65.7400,65.7700,49.9071,2700
2015-08-19,65.4500,65.4500,65.1400,65.2400,49.5049,800
2015-08-20,64.3900,64.4400,63.9400,63.9400,48.5185,3200
2015-08-21,63.0900,63.1600,62.1300,62.1500,47.1602,12000
2015-08-24,58.1000,61.1500,51.7200,59.7100,45.3087,33300
2015-08-25,60.5700,60.6000,59.9700,59.9900,45.5212,32900
2015-08-26,60.3000,60.5500,59.0800,60.5500,45.9461,10100
2015-08-27,61.5900,62.0500,61.5900,61.9500,47.0084,2500
2015-08-28,62.1400,62.2700,62.0400,62.1400,47.1526,8000
2015-08-31,62.2300,62.2300,62.1000,62.1000,47.1223,500
2015-09-01,60.9900,60.9900,60.0400,60.0600,45.5743,18900
2015-09-02,60.4600,60.7200,60.3200,60.5800,45.9689,22400
2015-09-03,61.9600,61.9600,61.1600,61.4100,46.5987,9200
2015-09-04,60.7100,60.7100,60.1400,60.5900,45.9764,6900
2015-09-08,61.4700,61.9000,61.3700,61.8600,46.9401,10100
2015-09-09,62.4000,62.4000,61.4600,61.4600,46.6366,7000
2015-09-10,61.2800,61.7700,61.2100,61.4500,46.6290,7300
2015-09-11,61.6000,61.6500,61.3500,61.6200,46.7580,12100
2015-09-14,61.4700,61.5500,61.4200,61.4200,46.6063,4500
2015-09-15,62.1100,62.4700,62.0200,62.4400,47.3802,10600
2015-09-16,62.9200,63.0400,62.9200,62.9900,47.7976,4500
2015-09-17,63.0100,63.6900,62.6900,62.9000,47.7293,30400
2015-09-18,61.6400,62.1900,61.3300,61.4100,46.5987,8000
2015-09-21,61.6800,61.8000,61.4900,61.7500,46.8567,72100
2015-09-22,60.7700,60.7700,60.3500,60.5900,45.9764,24400
2015-09-23,60.6300,60.8300,60.3000,60.5000,45.9081,23000
2015-09-24,60.0000,60.4500,59.4800,60.3100,45.7640,15600
2015-09-25,60.4600,60.5000,59.6700,59.9700,45.7792,384300
2015-09-28,59.5500,59.5500,58.4100,58.4400,44.6113,11500
2015-09-29,58.5600,58.7000,58.3500,58.4700,44.6342,9500
2015-09-30,59.5200,59.9600,59.2300,59.9600,45.7716,215200
2015-10-01,60.0900,60.0900,59.2300,59.6900,45.5655,29600
2015-10-02,59.1100,60.5100,59.1100,60.5100,46.1915,71000
2015-10-05,62.1500,62.3700,62.1500,62.2800,47.5426,5000
2015-10-06,62.2700,62.5800,62.0900,62.2600,47.5274,12800
2015-10-07,62.8000,62.9600,62.3500,62.9500,48.0541,11100
2015-10-08,62.9800,63.7900,62.9800,63.6600,48.5961,6600
2015-10-09,63.7000,63.7000,63.5000,63.5600,48.5197,15800
2015-10-12,63.5500,63.6500,63.3900,63.6100,48.5579,9400
2015-10-13,63.4000,63.9600,63.3200,63.3200,48.3365,219400
2015-10-14,63.4600,63.4600,62.9300,63.0700,48.1457,7100
2015-10-15,63.1300,63.7800,62.9700,63.7800,48.6877,9200
2015-10-16,64.1600,64.1600,63.6300,63.8400,48.7335,1700
2015-10-19,63.7600,63.9600,63.5800,63.9600,48.8251,69800
2015-10-20,63.9400,64.0100,63.8200,63.8800,48.7640,11200
2015-10-21,63.9400,63.9400,63.2900,63.2900,48.3136,8900
2015-10-22,63.9000,64.1700,63.9000,64.1700,48.9854,7400
2015-10-23,64.7000,64.7100,64.3900,64.6900,49.3824,5700
2015-10-26,64.4300,64.4300,64.2000,64.2700,49.0617,17100
2015-10-27,63.7900,63.8800,63.6900,63.8800,48.7640,2800
2015-10-28,64.1500,64.9000,63.9500,64.9000,49.5427,11400
2015-10-29,64.6700,64.7400,64.4300,64.5600,49.2831,93200
2015-10-30,64.5800,64.7300,64.3400,64.3400,49.1152,2800
2015-11-02,64.4500,65.2400,64.4500,65.1700,49.7488,3900
2015-11-03,65.0200,65.4200,64.9000,65.2500,49.8098,13400
2015-11-04,65.0300,65.0300,64.7900,64.8400,49.4969,3600
2015-11-05,64.7900,64.8700,64.7300,64.8300,49.4892,2300
2015-11-06,64.9400,65.0200,64.6000,65.0200,49.6343,7300
2015-11-09,65.0000,65.0000,64.3000,64.3000,49.0846,400
2015-11-10,64.3600,64.5100,64.3600,64.4900,49.2297,1400
2015-11-11,64.2600,64.3300,64.0500,64.0500,48.8938,1200
2015-11-12,63.4400,63.4400,63.2800,63.2800,48.3060,2900
2015-11-13,62.5200,62.7000,62.3100,62.3100,47.5655,1600
2015-11-16,62.3700,63.0400,62.2800,63.0400,48.1228,6600
2015-11-17,62.9600,63.2600,62.9300,62.9500,48.0541,8100
2015-11-18,63.2600,64.0000,63.2500,64.0000,48.8556,9100
2015-11-19,63.6600,63.7500,63.6000,63.7500,48.6648,1600
2015-11-20,64.2200,64.2200,63.8500,63.8500,48.7411,1900
2015-11-23,63.8500,64.1200,63.7700,63.8000,48.7029,2100
2015-11-24,63.4900,64.0400,63.4900,63.9700,48.8327,1500
2015-11-25,63.8300,64.0400,63.8300,63.9800,48.8404,2400
2015-11-27,63.9900,64.0300,63.9500,64.0300,48.8785,20600
2015-11-30,63.9700,64.0100,63.8500,63.9000,48.7793,6200
2015-12-01,64.2700,64.4700,64.1700,64.4700,49.2144,3800
2015-12-02,64.6100,64.6100,63.7700,63.8600,48.7487,3100
2015-12-03,63.7900,63.7900,62.9300,62.9300,48.0388,700
2015-12-04,63.1500,64.1800,63.1500,64.1200,48.9472,9600
2015-12-07,63.9000,63.9000,63.4100,63.6200,48.5656,2100
2015-12-08,62.9100,63.2800,62.6500,62.8800,48.0007,2800
2015-12-09,63.1400,63.3500,62.3900,62.4700,47.6877,2000
2015-12-10,62.9100,63.2900,62.8900,63.2800,48.3060,71900
2015-12-11,62.0700,62.0700,61.5500,61.6400,47.0541,16300
2015-12-14,61.6400,61.6600,61.1200,61.3500,46.8327,4700
2015-12-15,62.3900,62.7500,62.2700,62.4400,47.6647,75500
2015-12-16,62.9500,63.3400,62.5300,63.3200,48.3365,3900
2015-12-17,63.3700,63.3800,62.2500,62.2500,47.5197,25000
2015-12-18,61.8000,61.8400,61.3700,61.5200,46.9625,6900
2015-12-21,61.6900,61.8600,61.5200,61.7900,47.1686,32100
2015-12-22,62.1300,62.6200,61.9700,62.4500,47.6724,3700
2015-12-23,63.3200,63.4300,63.2900,63.4300,48.4205,8400
2015-12-24,63.0300,63.0600,62.9500,63.0100,48.4313,4300
2015-12-28,62.3900,62.4200,62.3900,62.4200,47.9778,600
2015-12-29,62.9300,63.2000,62.9300,63.1600,48.5746,8000
2015-12-30,63.0000,63.0200,62.6100,62.6100,48.1516,3300
2015-12-31,62.4600,62.4600,62.2400,62.2400,47.8670,900
2016-01-04,60.9300,61.1800,60.6100,61.1800,47.0518,4300
2016-01-05,60.9700,61.3700,60.8900,61.2800,47.1287,10500
2016-01-06,60.4800,60.5100,60.0300,60.1600,46.2674,3700
2016-01-07,59.0900,59.5600,58.6400,58.8600,45.2676,5000
2016-01-08,59.2000,59.2000,58.2200,58.2200,44.7754,900
2016-01-11,58.0900,58.0900,57.3700,57.8600,44.4985,235400
2016-01-12,58.4800,58.5200,57.5800,58.2800,44.8215,102900
2016-01-13,58.2300,58.2300,56.7000,56.7600,43.6525,123900
2016-01-14,56.8100,57.5600,56.8100,57.3200,44.0832,16500
2016-01-15,55.6000,55.9500,55.1600,55.8300,42.9373,34600
2016-01-19,56.4200,56.4200,54.8500,55.3500,42.5681,335500
2016-01-20,53.8600,55.1700,53.2200,54.7500,42.1067,166100
2016-01-21,54.9000,55.6000,54.9000,54.9900,42.2913,61500
2016-01-22,56.0400,56.1400,55.7000,55.8800,42.9757,3800
2016-01-25,55.8000,55.8100,54.8400,54.8400,42.1759,51800
2016-01-26,55.2200,55.8200,55.2200,55.8200,42.9296,2000
2016-01-27,56.3100,56.3400,55.4700,55.6100,42.7681,5300
2016-01-28,55.3800,55.5000,55.2000,55.4900,42.6758,73100
2016-01-29,55.7600,56.8400,55.7600,56.8400,43.7140,122500
2016-02-01,56.5700,57.2500,56.3500,57.2500,44.0294,11600
2016-02-02,56.4700,56.4700,55.4700,55.5100,42.6912,2400
2016-02-03,55.8700,55.9300,55.1700,55.8600,42.9603,15900
2016-02-04,55.8500,56.5900,55.8500,56.1500,43.1834,187000
2016-02-05,56.0800,56.0800,55.3800,55.5300,42.7066,29500
2016-02-08,54.6400,54.8500,53.9500,54.6100,41.9990,29600
2016-02-09,54.4600,54.5600,53.9500,54.4500,41.8760,19200
2016-02-10,54.7900,54.9900,54.4000,54.4000,41.8375,13800
2016-02-11,53.6200,54.0800,53.2700,53.5400,41.1761,6300
2016-02-12,54.1200,54.9800,53.8800,54.9600,42.2682,233000
2016-02-16,55.9600,56.2700,55.5200,56.2300,43.2449,7500
2016-02-17,56.7800,57.2600,56.7800,57.2500,44.0294,2600
2016-02-18,57.0900,57.0900,56.8900,56.9700,43.8140,6400
2016-02-19,56.7400,56.7400,56.4000,56.6800,43.5910,328100
2016-02-22,57.7000,57.8700,57.5400,57.8700,44.5062,32200
2016-02-23,57.4100,57.4100,57.0300,57.0700,43.8909,10300
2016-02-24,56.1200,57.3200,56.1200,57.3200,44.0832,3800
2016-02-25,57.3100,58.0200,57.3100,58.0200,44.6215,800
2016-02-26,58.2100,58.5000,58.0300,58.0300,44.6292,28000
2016-02-29,58.0000,58.3500,57.7900,57.8700,44.5062,8700
2016-03-01,57.9200,59.0300,57.9200,59.0300,45.3983,11800
2016-03-02,58.9200,59.4800,58.9200,59.4800,45.7444,69500
2016-03-03,59.4000,59.9300,59.4000,59.9300,46.0905,7000
2016-03-04,59.7500,60.4800,59.7500,60.1100,46.2289,114600
2016-03-07,59.8800,60.7400,59.8800,60.6200,46.6211,104100
2016-03-08,59.7700,59.9400,59.4100,59.4100,45.6906,35200
2016-03-09,59.8200,60.1500,59.7700,59.9900,46.1366,19400
2016-03-10,60.2400,60.5000,59.3900,60.1600,46.2674,12400
2016-03-11,60.9800,61.3300,60.9600,61.3300,47.1672,17800
2016-03-14,61.1600,61.2500,60.8500,61.1000,46.9903,116900
2016-03-15,60.7900,60.7900,60.4400,60.7400,46.7134,9700
2016-03-16,60.8100,61.2900,60.6000,61.2200,47.0826,20400
2016-03-17,61.1800,61.8200,61.1800,61.5900,47.3671,27800
2016-03-18,61.8600,62.2100,61.8600,62.1000,47.7594,12500
2016-03-21,62.0800,62.1800,61.9800,62.1600,47.8055,9600
2016-03-22,61.6800,62.3100,61.6800,62.0900,47.7517,10700
2016-03-23,61.5100,61.5100,60.7700,60.8300,46.7826,19600
2016-03-24,60.6100,60.7600,60.1300,60.7400,46.7134,70000
2016-03-28,60.8000,60.9100,60.6600,60.7900,46.7519,33600
2016-03-29,60.6200,61.2400,60.5100,61.2400,47.0979,49000
2016-03-30,61.6900,61.7600,61.2600,61.5000,47.2979,48900
2016-03-31,61.4400,61.5700,61.2800,61.3500,47.1825,17800
2016-04-01,60.6900,61.4500,60.6900,61.4300,47.2441,8500
2016-04-04,61.3800,61.3800,60.9600,61.0300,46.9364,8500
2016-04-05,60.3600,60.5800,60.3500,60.4000,46.4519,11700
2016-04-06,60.6300,61.0600,60.3600,61.0400,46.9441,6200
2016-04-07,60.7400,60.7900,59.9300,60.1800,46.2827,9000
2016-04-08,60.5000,60.7800,60.1300,60.3400,46.4058,5400
2016-04-11,60.9500,60.9500,60.1900,60.2500,46.3366,4300
2016-04-12,60.4800,60.9800,60.4800,60.8600,46.8057,11100
2016-04-13,61.4800,61.8500,61.4200,61.8100,47.5363,66500
2016-04-14,61.7300,61.7600,61.5800,61.7400,47.4825,6200
2016-04-15,61.7300,61.7500,61.4500,61.5200,47.3133,7200
2016-04-18,61.5000,62.0200,61.3600,62.0200,47.6978,7500
2016-04-19,62.5700,62.6400,62.2900,62.5800,48.1285,10100
2016-04-20,62.7600,63.2600,62.7100,63.0000,48.4515,58100
2016-04-21,63.1000,63.2000,62.6600,62.6800,48.2054,4100
2016-04-22,62.9500,63.0200,62.7500,63.0200,48.4669,3200
2016-04-25,62.8100,62.8100,62.4600,62.7300,48.2439,5500
2016-04-26,62.7500,63.0500,62.7500,63.0500,48.4900,215700
2016-04-27,63.2100,63.3900,62.9000,63.3900,48.7515,117700
2016-04-28,63.0000,63.4400,62.6800,62.7000,48.2208,9800
2016-04-29,62.2300,62.2300,61.5000,61.8100,47.5363,2300
2016-05-02,61.9300,62.0800,61.6300,62.0300,47.7055,9200
2016-05-03,61.6600,61.6600,61.0100,61.3100,47.1518,161100
2016-05-04,60.8400,61.0700,60.5300,60.6600,46.6519,33400
2016-05-05,60.7500,60.9800,60.4800,60.5100,46.5365,23500
2016-05-06,60.3700,60.7900,60.2900,60.7800,46.7442,3100
2016-05-09,60.8900,60.9300,60.5900,60.6400,46.6365,9600
2016-05-10,61.0400,61.4500,61.0200,61.4300,47.2441,78500
2016-05-11,61.0000,61.2900,60.7900,60.7900,46.7519,30200
2016-05-12,60.4800,60.7500,60.2500,60.5700,46.5827,12400
2016-05-13,60.4300,60.7000,59.8900,59.9900,46.1366,419800
2016-05-16,60.4900,60.8200,60.4700,60.7000,46.6827,54200
2016-05-17,60.7000,60.8900,60.2200,60.3900,46.4442,7200
2016-05-18,60.4600,60.7400,60.1400,60.4400,46.4827,13400
2016-05-19,60.4900,60.5200,60.0700,60.4400,46.4827,5700
2016-05-20,60.6300,61.1400,60.6300,60.9900,46.9057,48700
2016-05-23,60.9800,61.2100,60.8900,60.9800,46.8980,31100
2016-05-24,61.6300,61.8300,61.6300,61.7800,47.5133,12700
2016-05-25,62.2000,62.4800,62.2000,62.4000,47.9901,6600
2016-05-26,62.4100,62.4700,62.2900,62.3500,47.9516,8000
2016-05-27,62.3500,62.6300,62.3500,62.6300,48.1670,4200
2016-05-31,62.7800,62.8300,62.4300,62.7200,48.2362,21600
2016-06-01,62.2200,62.7700,62.1700,62.7000,48.2208,14800
2016-06-02,62.6200,62.9500,62.6200,62.9500,48.4131,21300
2016-06-03,62.8400,62.8400,62.2400,62.6000,48.1439,11200
2016-06-06,62.7800,63.1500,62.7800,63.0200,48.4669,16400
2016-06-07,63.2900,63.4900,63.1300,63.2900,48.6745,71300
2016-06-08,63.2700,63.4900,63.2700,63.4400,48.7899,140000
2016-06-09,63.1600,63.2900,62.9600,63.2600,48.6515,24900
2016-06-10,62.6600,62.7200,62.2900,62.5300,48.0901,138600
2016-06-13,62.1900,62.2800,61.8200,61.8600,47.5748,15100
2016-06-14,61.7500,61.8200,61.1000,61.4600,47.2671,21100
2016-06-15,61.5400,61.9100,61.3900,61.4700,47.2748,164300
2016-06-16,61.2400,61.5400,60.7100,61.4500,47.2595,15400
2016-06-17,61.4500,61.7800,61.3900,61.6000,47.3748,12800
2016-06-20,62.2500,62.5500,61.9900,61.9900,47.6748,5400
2016-06-21,61.6200,61.8500,61.5000,61.7600,47.7552,191200
2016-06-22,62.0900,62.1300,61.6000,61.6500,47.6701,6900
2016-06-23,62.4600,62.6300,62.3300,62.6300,48.4279,23100
2016-06-24,60.6000,61.2100,59.9500,60.0300,46.4175,172700
2016-06-27,59.5400,59.5400,58.2000,58.4400,45.1880,51400
2016-06-28,59.2000,59.6600,58.9700,59.6000,46.0850,37900
2016-06-29,60.1500,60.8300,60.1500,60.7000,46.9356,27100
2016-06-30,60.8000,61.6300,60.5700,61.6300,47.6546,22500
2016-07-01,61.6100,61.8500,61.6000,61.7600,47.7552,11700
2016-07-05,61.3500,61.3500,60.6500,60.9000,47.0902,29500
2016-07-06,60.4900,61.3300,60.4900,61.3300,47.4227,12400
2016-07-07,61.4500,61.9200,61.1700,61.4000,47.4768,3829800
2016-07-08,61.8800,62.6100,61.8800,62.5400,48.3583,23100
2016-07-11,62.6700,62.9600,62.6700,62.8200,48.5748,11200
2016-07-12,63.2800,63.7000,63.2800,63.6400,49.2089,185100
2016-07-13,63.7500,63.7900,63.3800,63.6600,49.2243,153100
2016-07-14,64.2100,64.2800,64.0500,64.1000,49.5646,6600
2016-07-15,64.0800,64.1600,63.9600,64.0900,49.5568,15400
2016-07-18,64.1300,64.3800,64.0800,64.2900,49.7115,46600
2016-07-19,64.0200,64.2100,63.9900,64.1700,49.6187,72400
2016-07-20,64.2200,64.6200,64.1700,64.5500,49.9125,8900
2016-07-21,64.6700,64.6700,64.1400,64.3200,49.7347,9900
2016-07-22,64.4300,64.6100,64.3500,64.6100,49.9589,9400
2016-07-25,64.5900,64.5900,64.3500,64.4800,49.8584,9300
2016-07-26,64.5300,64.7200,64.4300,64.6600,49.9976,135600
2016-07-27,64.8700,64.9000,64.4300,64.6200,49.9666,49700
2016-07-28,64.2900,64.4900,64.1000,64.4100,49.8043,7100
2016-07-29,64.1800,64.4200,64.1000,64.4200,49.8120,8400
2016-08-01,64.3300,64.4000,64.0300,64.1300,49.5877,53300
2016-08-02,64.0000,64.0000,63.0600,63.3200,48.9614,17900
2016-08-03,63.2900,63.8400,63.2800,63.8100,49.3403,15300
2016-08-04,63.8700,63.9500,63.7600,63.8200,49.3480,4900
2016-08-05,64.1700,64.6600,64.1700,64.6400,49.9821,9600
2016-08-08,64.7100,64.8600,64.6000,64.6000,49.9512,7100
2016-08-09,64.7500,64.7800,64.6000,64.6600,49.9976,7700
2016-08-10,64.6100,64.6100,64.2800,64.3400,49.7501,5900
2016-08-11,64.6900,64.9100,64.5200,64.8100,50.1135,64200
2016-08-12,64.6600,64.8000,64.6100,64.7700,50.0826,14100
2016-08-15,64.9000,65.2800,64.9000,65.2100,50.4228,20400
2016-08-16,65.0000,65.0900,64.9800,64.9800,50.2450,9900
2016-08-17,64.7200,64.9800,64.6000,64.9700,50.2373,4600
2016-08-18,65.0000,65.2300,65.0000,65.2100,50.4228,16300
2016-08-19,65.0400,65.2500,64.8200,65.1700,50.3919,34500
2016-08-22,65.0400,65.1400,64.8700,65.0600,50.3069,8900
2016-08-23,65.2800,65.5500,65.2800,65.3800,50.5543,7700
2016-08-24,65.2900,65.4000,64.9200,65.0300,50.2836,56300
2016-08-25,64.9600,65.0700,64.8400,64.9400,50.2141,7000
2016-08-26,64.9400,65.3900,64.7000,64.8500,50.1445,75700
2016-08-29,65.0700,65.3500,65.0500,65.2600,50.4615,86400
2016-08-30,65.2600,65.3100,65.1700,65.2800,50.4770,35900
2016-08-31,65.0500,65.2200,64.8100,65.2200,50.4306,39500
2016-09-01,65.3300,65.3300,64.6900,65.0300,50.2836,25600
2016-09-02,65.2900,65.5100,65.2500,65.4000,50.5698,11600
2016-09-06,65.4900,65.5300,65.1500,65.5300,50.6703,29500
2016-09-07,65.5300,65.7000,65.5300,65.6700,50.7785,5300
2016-09-08,65.6000,65.7500,65.5000,65.6300,50.7476,643200
2016-09-09,65.1700,65.2600,64.1400,64.1500,49.6032,94800
2016-09-12,64.1100,65.2300,64.1100,65.1300,50.3610,28500
2016-09-13,64.5300,64.5500,64.1700,64.3800,49.7811,10200
2016-09-14,64.2300,64.6700,64.0600,64.1100,49.5723,22400
2016-09-15,64.6900,65.0000,64.6900,64.9300,50.2063,7600
2016-09-16,64.8500,64.9300,64.5700,64.8300,50.1290,130700
2016-09-19,65.2300,65.4100,64.8300,64.8700,50.1599,12200
2016-09-20,65.0900,65.1100,64.6900,64.7900,50.0981,11100
2016-09-21,65.1700,65.5000,64.8800,65.4700,50.6239,11100
2016-09-22,65.9700,66.0000,65.7000,65.8000,50.8791,13300
2016-09-23,65.7500,65.8300,65.4400,65.5300,50.6703,15700
2016-09-26,64.5800,64.8100,64.4100,64.4100,50.0825,39200
2016-09-27,64.2800,64.8400,64.2800,64.8400,50.4168,27000
2016-09-28,65.0100,65.2400,64.6100,65.2200,50.7123,80200
2016-09-29,65.2600,65.2600,64.3300,64.4900,50.1447,728400
2016-09-30,64.9100,65.4800,64.8400,65.2800,50.7589,551900
2016-10-03,65.0800,65.2300,64.9900,65.1400,50.6501,1087600
2016-10-04,65.3700,65.4700,64.8400,64.9900,50.5334,22700
2016-10-05,65.2900,65.7200,65.2900,65.5600,50.9766,45200
2016-10-06,65.4600,65.6000,65.1700,65.5400,50.9611,22400
2016-10-07,65.5300,65.7200,64.9300,65.1800,50.6812,24800
2016-10-10,65.7100,65.8200,65.5600,65.6200,51.0233,17900
2016-10-11,65.4200,65.4200,64.5300,64.7600,50.3546,15500
2016-10-12,64.8300,64.8300,64.5700,64.7100,50.3157,616700
2016-10-13,64.2900,64.5800,63.6900,64.4100,50.0825,185100
2016-10-14,64.8700,64.9700,64.3300,64.3400,50.0280,371200
2016-10-17,64.3500,64.5200,64.1400,64.1800,49.9036,26400
2016-10-18,64.7500,64.9100,64.5100,64.7200,50.3235,24000
2016-10-19,64.7000,64.9200,64.6300,64.8100,50.3935,134800
2016-10-20,64.8200,64.9200,64.5300,64.7700,50.3624,54800
2016-10-21,64.3300,64.6600,64.3300,64.5700,50.2069,425900
2016-10-24,64.8800,65.0000,64.7100,64.8600,50.4324,39100
2016-10-25,64.9000,64.9000,64.4900,64.6200,50.2457,904400
2016-10-26,64.2200,64.8000,64.1100,64.6200,50.2457,1101100
2016-10-27,64.8200,64.8800,64.3700,64.3700,50.0513,34800
2016-10-28,64.3600,64.8000,64.1100,64.3300,50.0203,62800
2016-10-31,64.4900,64.6300,64.4000,64.5000,50.1524,55500
2016-11-01,64.7300,64.7800,63.6000,64.0600,49.8103,31100
2016-11-02,63.8900,64.2000,63.7700,63.8400,49.6392,626300
2016-11-03,63.9800,64.1000,63.4100,63.4700,49.3516,148300
2016-11-04,63.3800,63.8900,63.3100,63.3700,49.2738,294600
2016-11-07,64.2500,64.8000,64.2300,64.7900,50.3779,121400
2016-11-08,64.7100,65.1700,64.4400,64.9700,50.5179,1014300
2016-11-09,64.8300,66.5700,64.5900,66.2800,51.5365,1470100
2016-11-10,66.7400,67.5500,66.5900,67.0400,52.1274,427000
2016-11-11,66.6700,67.1100,66.5000,67.1000,52.1741,469000
2016-11-14,67.3000,67.8800,67.2800,67.7900,52.7106,190400
2016-11-15,68.0200,68.3300,67.6000,68.3300,53.1305,178100
2016-11-16,68.1500,68.2100,67.9000,68.0100,52.8817,1642300
2016-11-17,67.8700,68.1900,67.8200,68.1900,53.0216,85600
2016-11-18,68.2800,68.4000,68.0100,68.0500,52.9128,102900
2016-11-21,68.2100,68.4900,68.1900,68.4500,53.2238,129100
2016-11-22,68.5700,68.7200,68.4000,68.7000,53.4182,116700
2016-11-23,68.5700,68.9300,68.5100,68.9300,53.5970,60600
2016-11-25,69.0500,69.2100,68.9300,69.1600,53.7759,60100
2016-11-28,69.0700,69.1000,68.6500,68.7700,53.4726,208900
2016-11-29,68.7200,69.0000,68.5900,68.8100,53.5037,311400
2016-11-30,69.1300,69.2600,68.9800,69.0700,53.7059,47000
2016-12-01,69.2000,69.7100,69.0500,69.1700,53.7836,964500
2016-12-02,69.1800,69.3600,68.9800,69.0500,53.6903,28300
2016-12-05,69.4100,69.6600,69.2600,69.4400,53.9936,128100
2016-12-06,69.5700,69.8400,69.3600,69.8300,54.2968,236300
2016-12-07,69.8000,71.0300,69.7200,70.9500,55.1677,94600
2016-12-08,71.0400,71.5500,71.0000,71.3200,55.4554,303700
2016-12-09,71.4800,71.7300,71.4300,71.7100,55.7586,665800
2016-12-12,71.6200,71.8200,71.2600,71.4400,55.5487,424100
2016-12-13,71.7100,72.0500,71.5400,71.8500,55.8675,287400
2016-12-14,71.4900,72.0400,71.0900,71.1800,55.3465,67000
2016-12-15,71.2100,71.9000,71.2100,71.5500,55.6342,439600
2016-12-16,71.7200,72.0200,71.2000,71.3100,55.4476,62300
2016-12-19,71.3400,71.5800,71.2400,71.4500,55.5564,52700
2016-12-20,71.5600,71.8600,71.5600,71.7400,55.7819,39500
2016-12-21,71.7500,71.7700,71.6100,71.6300,55.6964,109700
2016-12-22,71.2800,71.2900,70.7400,70.8700,55.3535,804400
2016-12-23,70.8200,71.0600,70.8200,71.0600,55.5019,42000
2016-12-27,71.0700,71.3900,71.0500,71.2300,55.6347,42800
2016-12-28,71.3100,71.4100,70.4900,70.5500,55.1036,28200
2016-12-29,70.4800,70.6600,70.2600,70.4400,55.0177,601300
2016-12-30,70.5300,70.5300,69.9700,70.1900,54.8224,85500
2017-01-03,70.7000,71.0600,70.4100,70.9200,55.3926,345000
2017-01-04,71.1000,71.7400,71.1000,71.6700,55.9784,169700
2017-01-05,71.4000,71.5500,70.8800,71.2800,55.6738,134100
2017-01-06,71.2600,71.4300,70.9900,71.2100,55.6191,52200
2017-01-09,71.0500,71.2400,70.9200,70.9500,55.4160,66000
2017-01-10,71.0000,71.5600,70.9400,71.2300,55.6347,2507500
2017-01-11,71.2300,71.3300,70.8700,71.2500,55.6503,124000
2017-01-12,71.0600,71.1800,70.3900,70.9900,55.4472,61000
2017-01-13,71.0300,71.2800,70.8900,71.0300,55.4785,39800
2017-01-17,70.8000,71.0000,70.5400,70.7200,55.2364,141500
2017-01-18,70.7100,70.8700,70.5100,70.8600,55.3457,608400
2017-01-19,70.8700,70.9900,70.3600,70.5600,55.1114,325600
2017-01-20,70.7200,70.9100,70.4600,70.6700,55.1973,843700
2017-01-23,70.7100,70.7100,70.1900,70.4400,55.0177,166900
2017-01-24,70.5300,71.2800,70.5300,71.1800,55.5956,174700
2017-01-25,71.6500,72.0200,71.5700,72.0100,56.2439,124900
2017-01-26,71.9800,72.1100,71.7800,71.8200,56.0955,482500
2017-01-27,71.8500,71.9300,71.4200,71.5100,55.8534,86200
2017-01-30,71.2600,71.2600,70.5800,71.0600,55.5019,89700
2017-01-31,70.8600,71.1200,70.5500,71.0800,55.5176,438900
2017-02-01,71.6100,71.7500,71.2300,71.5700,55.9003,1180900
2017-02-02,71.3500,71.5600,71.1900,71.4400,55.7987,86900
2017-02-03,71.8600,72.2200,71.7700,72.1800,56.3767,51300
2017-02-06,72.0600,72.3300,71.9400,72.1200,56.3298,89600
2017-02-07,72.1700,72.3000,71.8800,71.9600,56.2049,852600
2017-02-08,71.6600,71.8700,71.4600,71.8400,56.1111,420800
2017-02-09,71.9300,72.5100,71.9300,72.3300,56.4939,239000
2017-02-10,72.4500,72.6200,72.3000,72.5600,56.6735,46700
2017-02-13,72.7400,73.2500,72.7400,73.1000,57.0953,102100
2017-02-14,73.1600,73.6600,73.0600,73.6600,57.5327,180200
2017-02-15,73.7100,74.1900,73.6800,74.1500,57.9154,110900
2017-02-16,74.1600,74.3200,73.8800,74.1200,57.8920,99500
2017-02-17,73.7700,74.1700,73.7500,74.1700,57.9310,114600
2017-02-21,74.3800,74.8100,74.3800,74.7400,58.3762,167500
2017-02-22,74.6200,74.6600,74.4300,74.5600,58.2356,218900
2017-02-23,74.8100,74.8100,74.3300,74.4100,58.1185,42600
2017-02-24,73.9500,74.4800,73.9100,74.4800,58.1731,98000
2017-02-27,74.4600,74.7900,74.3700,74.7500,58.3840,111700
2017-02-28,74.4500,74.4900,74.1900,74.3300,58.0560,86900
2017-03-01,75.0000,75.5700,75.0000,75.3200,58.8292,141200
2017-03-02,75.3200,75.3200,74.8100,74.8700,58.4778,383500
2017-03-03,74.8600,75.0400,74.7200,75.0300,58.6027,125400
2017-03-06,74.6800,74.6800,74.2300,74.5200,58.2044,72500
2017-03-07,74.3100,74.4400,74.0100,74.0800,57.8607,160900
2017-03-08,74.2100,74.4200,73.8700,73.9600,57.7670,262600
2017-03-09,73.9000,74.0700,73.4400,73.7900,57.6342,228200
2017-03-10,74.1600,74.2000,73.7000,74.0600,57.8451,141300
2017-03-13,74.0400,74.1200,73.8500,73.9400,57.7514,93500
2017-03-14,73.7500,73.7500,73.3200,73.6400,57.5171,1490500
2017-03-15,73.7100,74.3800,73.6600,74.2400,57.9857,482200
2017-03-16,74.3000,74.3300,73.9600,74.1100,57.8842,117400
2017-03-17,74.2300,74.2300,73.7800,73.7800,57.6264,67100
2017-03-20,73.7500,73.8100,73.4700,73.5800,57.4702,90700
2017-03-21,73.7700,73.7700,72.2400,72.3000,56.4704,270900
2017-03-22,72.1700,72.6800,72.0900,72.5600,56.6735,81100
2017-03-23,72.4900,72.9300,72.3300,72.5000,56.6267,251500
2017-03-24,72.3300,72.5200,71.7500,72.0800,56.5999,87800
2017-03-27,71.4500,72.0900,71.2100,72.0400,56.5686,266200
2017-03-28,71.9300,72.9600,71.9100,72.7800,57.1496,79600
2017-03-29,72.7200,73.1000,72.6800,72.9700,57.2988,168500
2017-03-30,72.9100,73.3800,72.8700,73.3100,57.5658,125000
2017-03-31,73.1800,73.4000,73.1200,73.1200,57.4166,247400
2017-04-03,73.1900,73.2200,72.3200,72.8300,57.1889,156200
2017-04-04,72.6200,72.8800,72.5600,72.8800,57.2282,119800
2017-04-05,73.1400,73.4300,72.3800,72.4600,56.8983,112500
2017-04-06,72.4900,72.9700,72.3400,72.7600,57.1339,64500
2017-04-07,72.6400,72.9500,72.5300,72.7000,57.0868,84800
2017-04-10,72.7400,73.0800,72.5600,72.7800,57.1496,479700
2017-04-11,72.6400,72.6700,72.0000,72.6700,57.0632,397900
2017-04-12,72.6700,72.6700,72.1300,72.2600,56.7413,540800
2017-04-13,72.1800,72.4000,71.7100,71.7300,56.3251,155800
2017-04-17,71.8800,72.2900,71.7500,72.2600,56.7413,78800
2017-04-18,72.0500,72.2000,71.6400,71.9700,56.5136,103700
2017-04-19,72.2100,72.3800,71.8100,71.9200,56.4743,65600
2017-04-20,72.1700,72.8200,72.1500,72.6600,57.0554,80200
2017-04-21,72.5800,72.7600,72.1600,72.3400,56.8041,52000
2017-04-24,73.0900,73.3300,72.9600,73.2100,57.4873,237500
2017-04-25,73.5200,73.6700,73.4300,73.5600,57.7621,113300
2017-04-26,73.5100,73.9900,73.5100,73.6200,57.8092,102700
2017-04-27,73.6500,73.6800,73.2900,73.6500,57.8328,41900
2017-04-28,73.7000,73.7000,73.2200,73.2800,57.5422,65200
2017-05-01,73.4100,73.6100,73.2900,73.3300,57.5815,75800
2017-05-02,73.4300,73.4600,73.1200,73.3600,57.6050,47200
2017-05-03,73.0200,73.3100,72.9500,73.2400,57.5108,109200
2017-05-04,73.3200,73.4200,72.8400,73.1600,57.4480,68100
2017-05-05,73.3200,73.6100,73.1600,73.6100,57.8014,52200
2017-05-08,73.5900,73.7500,73.4400,73.6900,57.8642,53800
2017-05-09,73.8400,73.9600,73.6100,73.7400,57.9034,56600
2017-05-10,73.6600,73.8600,73.5500,73.8500,57.9898,692100
2017-05-11,73.6500,73.7800,73.2400,73.6300,57.8171,413900
2017-05-12,73.5500,73.5600,73.1900,73.3100,57.5658,32100
2017-05-15,73.5100,73.8600,73.4500,73.7100,57.8799,573500
2017-05-16,73.8100,73.8100,73.3100,73.5100,57.7229,75700
2017-05-17,72.8500,73.0300,71.7800,71.8400,56.4115,73700
2017-05-18,71.6100,72.2100,71.5400,71.9200,56.4743,225600
2017-05-19,72.1800,72.7000,72.1800,72.4600,56.8983,59400
2017-05-22,72.6900,72.8400,72.5200,72.7500,57.1261,36300
2017-05-23,72.9100,73.0900,72.7000,73.0600,57.3695,272800
2017-05-24,73.1200,73.1200,72.9300,73.1000,57.4009,54200
2017-05-25,73.3600,73.5400,73.2400,73.3500,57.5972,128900
2017-05-26,73.2400,73.4000,73.0900,73.3800,57.6208,103100
2017-05-30,73.2200,73.5200,73.1800,73.3300,57.5815,89200
2017-05-31,73.4100,73.5800,72.8600,73.1900,57.4716,140400
2017-06-01,73.2800,73.9100,73.2000,73.9100,58.0369,617000
2017-06-02,73.9400,74.0700,73.7300,73.9700,58.0840,292500
2017-06-05,73.9600,73.9600,73.6900,73.7800,57.9348,184700
2017-06-06,73.5600,73.6400,73.3800,73.4600,57.6836,63500
2017-06-07,73.5200,73.7600,73.4300,73.6800,57.8563,350900
2017-06-08,73.6600,74.1100,73.6600,73.8900,58.0212,39500
2017-06-09,74.0700,74.4100,73.7000,74.0500,58.1469,230200
2017-06-12,73.9400,74.1900,73.7900,74.1300,58.2097,1274900
2017-06-13,74.4100,74.4100,74.1700,74.3900,58.4139,200600
2017-06-14,74.4100,74.5500,73.7600,74.1100,58.1940,697200
2017-06-15,73.5400,73.7300,73.4000,73.7300,57.8956,76400
2017-06-16,73.6200,73.6200,73.1000,73.4200,57.6522,99300
2017-06-19,73.7000,74.1700,73.6500,74.1300,58.2097,820300
2017-06-20,74.0600,74.0600,73.5100,73.5600,57.7621,78900
2017-06-21,73.6400,73.6800,73.3300,73.4800,57.6993,61000
2017-06-22,73.4600,73.8100,73.4500,73.6200,57.8092,87600
2017-06-23,73.6900,73.7800,73.5000,73.6800,57.8563,308900
2017-06-26,73.9200,74.2900,73.8300,74.0200,58.1233,835200
2017-06-27,73.4600,73.8000,73.1400,73.1400,57.8119,93100
2017-06-28,73.4300,74.0000,73.4300,73.9000,58.4126,70800
2017-06-29,74.0600,74.1300,73.0200,73.4900,58.0885,61100
2017-06-30,73.8000,73.8500,73.4500,73.5700,58.1518,56200
2017-07-03,73.8700,74.3600,73.8700,74.1300,58.5944,64100
2017-07-05,74.2600,74.2800,73.7800,74.1500,58.6102,104100
2017-07-06,73.8800,73.9500,73.3600,73.4000,58.0174,37600
2017-07-07,73.5100,73.8600,73.4700,73.8000,58.3336,25700
2017-07-10,73.6300,73.8300,73.5900,73.6700,58.2308,177900
2017-07-11,73.6000,73.6900,73.2400,73.6000,58.1755,219100
2017-07-12,73.9000,74.1300,73.9000,74.0300,58.5154,34700
2017-07-13,74.0900,74.4300,74.0600,74.3900,58.7999,214000
2017-07-14,74.4100,74.8600,74.4000,74.7500,59.0845,2245800
2017-07-17,74.7500,75.0000,74.6800,74.8900,59.1951,245700
2017-07-18,74.7300,74.7300,74.4100,74.6800,59.0291,73700
2017-07-19,74.7600,75.0200,74.7500,75.0200,59.2979,75200
2017-07-20,75.0900,75.1300,74.8000,74.9400,59.2347,111800
2017-07-21,74.7500,74.8500,74.5300,74.8500,59.1635,117300
2017-07-24,74.8400,74.8800,74.7300,74.8500,59.1635,152700
2017-07-25,75.1900,75.5600,75.1900,75.2800,59.5034,55900
2017-07-26,75.3900,75.4100,75.0200,75.1000,59.3611,39800
2017-07-27,75.1400,75.2800,74.5400,75.0100,59.2900,208100
2017-07-28,74.8200,75.0500,74.7700,75.0100,59.2900,1268000
2017-07-31,75.1700,75.2600,74.9700,75.0300,59.3058,81900
2017-08-01,75.2100,75.2900,74.8500,75.2100,59.4481,73100
2017-08-02,75.5500,75.6300,75.1100,75.3900,59.5904,202100
2017-08-03,75.4200,75.4300,75.0900,75.1400,59.3928,147000
2017-08-04,75.3600,75.4100,75.1900,75.2900,59.5113,43900
2017-08-07,75.4800,75.6100,75.3600,75.5300,59.7010,545500
2017-08-08,75.5100,76.1300,75.3700,75.5000,59.6773,53100
2017-08-09,75.2300,75.4100,75.1000,75.4000,59.5983,54600
2017-08-10,75.1300,75.1300,74.1300,74.1500,58.6102,670400
2017-08-11,74.0400,74.4300,74.0400,74.1900,58.6419,126100
2017-08-14,74.7500,75.0600,74.7500,74.9200,59.2188,403400
2017-08-15,75.0000,75.0700,74.8600,74.9300,59.2267,42700
2017-08-16,75.0400,75.2500,74.8600,74.9700,59.2584,215600
2017-08-17,74.7300,74.7700,73.6300,73.6700,58.2308,60100
2017-08-18,73.5700,73.8900,73.3000,73.3900,58.0095,138300
2017-08-21,73.4500,73.4700,73.0800,73.3700,57.9937,75700
2017-08-22,73.6700,74.1800,73.6500,74.1800,58.6339,53600
2017-08-23,73.7700,74.2200,73.7700,74.0400,58.5233,40300
2017-08-24,74.1600,74.3100,73.8300,73.8700,58.3889,73900
2017-08-25,74.1300,74.4300,74.1200,74.2000,58.6497,60200
2017-08-28,74.2900,74.4400,74.1300,74.3000,58.7288,106800
2017-08-29,73.7000,74.3800,73.7000,74.3100,58.7367,47200
2017-08-30,74.3500,74.7900,74.2300,74.7100,59.0528,82100
2017-08-31,75.0100,75.3100,75.0100,75.1900,59.4323,61800
2017-09-01,75.4800,75.8000,75.4700,75.7200,59.8512,189000
2017-09-05,75.5000,75.5100,74.6200,74.9800,59.2663,1314200
2017-09-06,75.2000,75.4900,75.1400,75.4100,59.6062,235900
2017-09-07,75.5200,75.5300,75.1100,75.2300,59.4639,82200
2017-09-08,75.1200,75.2400,74.9800,75.0500,59.3216,295200
2017-09-11,75.5000,75.9900,75.5000,75.9600,60.0409,66400
2017-09-12,76.1900,76.6800,76.1900,76.5200,60.4835,601000
2017-09-13,76.4400,76.6600,76.3600,76.6600,60.5942,225200
2017-09-14,76.4600,76.6800,76.4600,76.5500,60.5072,153900
2017-09-15,76.5200,76.8300,76.4300,76.8300,60.7285,617300
2017-09-18,76.9500,77.1600,76.8200,76.9100,60.7918,362700
2017-09-19,77.0900,77.0900,76.7700,76.8900,60.7760,65300
2017-09-20,76.9600,76.9600,76.5600,76.8600,60.7523,66600
2017-09-21,76.7600,76.8700,76.5900,76.7300,60.6495,89200
2017-09-22,76.6600,76.9200,76.6000,76.8700,60.7602,41300
2017-09-25,76.8000,77.2200,76.7800,77.0200,60.8787,54900
2017-09-26,76.7300,76.8900,76.6400,76.7600,61.0529,352600
2017-09-27,77.1300,77.3200,76.7600,77.2400,61.4347,166100
2017-09-28,76.9600,77.1800,76.9500,77.1600,61.3711,93300
2017-09-29,77.1200,77.3600,77.0300,77.3200,61.4983,165000
2017-10-02,77.4700,78.0200,77.4000,78.0200,62.0551,824400
2017-10-03,78.1800,78.4400,78.0600,78.4400,62.3892,529100
2017-10-04,78.4500,78.5800,78.3400,78.3900,62.3494,200200
2017-10-05,78.4400,78.8700,78.4400,78.7900,62.6675,58800
2017-10-06,78.5700,78.7800,78.5000,78.6000,62.5164,59100
2017-10-09,78.6800,78.7800,78.3400,78.4700,62.4130,32300
2017-10-10,78.6800,78.9500,78.5800,78.8300,62.6994,104400
2017-10-11,78.7100,78.9000,78.7100,78.8800,62.7391,248800
2017-10-12,78.7700,78.7700,78.4400,78.5100,62.4448,81500
2017-10-13,78.5400,78.9100,78.4300,78.7700,62.6516,52900
2017-10-16,78.9000,78.9500,78.6600,78.8200,62.6914,58700
2017-10-17,78.8800,78.8800,78.7000,78.8200,62.6914,243600
2017-10-18,78.9900,79.0500,78.8300,78.9600,62.8027,219800
2017-10-19,78.4900,78.8800,78.3400,78.8800,62.7391,47800
2017-10-20,79.3100,79.4500,79.2000,79.4100,63.1607,32100
2017-10-23,79.5900,79.7000,79.3200,79.3600,63.1209,144500
2017-10-24,79.5800,79.8700,79.5300,79.7000,63.3913,150800
2017-10-25,79.6400,79.6600,78.6500,79.1600,62.9618,44200
2017-10-26,79.4500,79.6000,79.1800,79.3000,63.0732,138400
2017-10-27,79.3000,79.4900,78.8900,79.4800,63.2164,2610600
2017-10-30,79.3000,79.4700,79.0400,79.2100,63.0016,142500
2017-10-31,79.3300,79.4400,79.1800,79.3400,63.1050,65200
2017-11-01,79.6700,79.9300,79.4500,79.5700,63.2879,101900
2017-11-02,79.7200,79.7400,79.1700,79.7100,63.3993,88300
2017-11-03,79.8300,79.9600,79.6900,79.8900,63.5424,53400
2017-11-06,79.9800,80.0900,79.7500,80.0400,63.6617,626200
2017-11-07,80.1900,80.2300,79.5800,79.7900,63.4629,513900
2017-11-08,79.8100,79.9800,79.5800,79.9800,63.6141,49500
2017-11-09,79.6100,79.7900,79.1800,79.7500,63.4311,52400
2017-11-10,79.7900,79.8800,79.5700,79.8500,63.5106,149800
2017-11-13,79.4600,80.0400,79.4600,79.9100,63.5584,164800
2017-11-14,79.7100,79.7200,79.3800,79.5600,63.2800,60700
2017-11-15,79.2300,79.4600,78.7700,79.2600,63.0414,210400
2017-11-16,79.8400,80.5700,79.8300,80.4100,63.9561,298700
2017-11-17,80.1500,80.4400,80.1500,80.3100,63.8765,68700
2017-11-20,80.4900,80.6400,80.3000,80.5900,64.0992,106100
2017-11-21,80.9800,81.1300,80.8900,81.0400,64.4571,172300
2017-11-22,81.1200,81.1700,80.9700,81.0500,64.4651,255700
2017-11-24,81.2900,81.3000,81.0300,81.0600,64.4731,23100
2017-11-27,81.1000,81.1000,80.6600,80.7500,64.2265,82100
2017-11-28,80.8800,81.7500,80.8200,81.7200,64.9980,53400
2017-11-29,81.9500,82.4900,81.9500,82.1800,65.3639,639900
2017-11-30,82.4700,83.1900,82.4200,82.6400,65.7297,154500
2017-12-01,82.6400,82.6900,81.1100,82.4300,65.5627,308500
2017-12-04,83.2800,83.5300,82.8200,82.8200,65.8729,113600
2017-12-05,82.9700,82.9700,82.2900,82.3300,65.4832,588800
2017-12-06,82.2600,82.3500,81.9600,82.1200,65.3161,1371200
2017-12-07,82.0900,82.5200,82.0000,82.4400,65.5706,256600
2017-12-08,82.8400,83.0600,82.6500,83.0600,66.0638,99000
2017-12-11,83.1000,83.4700,83.0300,83.4700,66.3899,64600
2017-12-12,83.8700,83.8700,83.3400,83.4800,66.3979,119200
2017-12-13,83.5300,83.7500,83.4000,83.4000,66.3342,130900
2017-12-14,83.4500,83.6400,82.7900,82.8300,65.8809,214400
2017-12-15,83.0200,83.8600,83.0200,83.6300,66.5172,222000
2017-12-18,84.2500,84.7000,84.0900,84.6400,67.3205,800700
2017-12-19,84.6800,84.8400,84.3700,84.3900,67.1216,362500
2017-12-20,84.8900,84.8900,84.4300,84.6400,67.3205,857700
2017-12-21,84.4700,84.5700,84.2300,84.3400,67.4332,169200
2017-12-22,84.4400,84.4400,84.0800,84.2700,67.3773,80100
2017-12-26,84.0900,84.2000,83.8300,84.0700,67.2173,210500
2017-12-27,84.1800,84.1800,83.8200,83.9500,67.1214,676300
2017-12-28,84.2000,84.2000,83.9200,84.1300,67.2653,66800
2017-12-29,84.2600,84.4700,83.6200,83.6200,66.8576,128700
2018-01-02,83.8700,84.7300,83.8600,84.7300,67.7451,198900
2018-01-03,84.8200,84.8700,84.6300,84.8300,67.8250,572700
2018-01-04,85.0300,85.3400,84.8400,85.3000,68.2008,434700
2018-01-05,85.6100,85.7000,85.3600,85.6900,68.5126,180100
2018-01-08,85.7500,85.8600,85.4000,85.8600,68.6485,348400
2018-01-09,85.8300,86.1200,85.7600,85.8500,68.6405,503500
2018-01-10,85.6700,86.0900,85.4600,85.8600,68.6485,339900
2018-01-11,86.1500,86.9200,86.1200,86.9200,69.4960,740900
2018-01-12,87.1800,87.6300,87.1800,87.5800,70.0237,108300
2018-01-16,88.1300,88.2800,86.9700,87.2500,69.7599,439200
2018-01-17,87.3800,88.2300,87.1900,88.0900,70.4315,158800
2018-01-18,88.1600,88.2000,87.8200,87.9900,70.3515,278100
2018-01-19,88.3200,88.3200,87.7800,88.1900,70.5115,240200
2018-01-22,88.2300,88.8300,88.0800,88.8300,71.0231,120200
2018-01-23,88.8100,88.9700,88.5300,88.8500,71.0391,176300
2018-01-24,89.0000,89.1000,88.0900,88.5900,70.8313,282200
2018-01-25,88.9700,88.9700,87.8800,88.1500,70.4795,175900
2018-01-26,88.4800,89.3900,88.4800,89.3900,71.4709,506100
2018-01-29,89.2100,89.4000,88.8700,88.9300,71.1031,199700
2018-01-30,87.9900,88.2100,87.3300,87.5800,70.0237,294900
2018-01-31,87.8500,88.1000,86.8900,87.2700,69.7759,580700
2018-02-01,86.8300,87.4700,86.8200,87.1000,69.6400,289900
2018-02-02,86.6500,86.6500,84.7900,84.8300,67.8250,260000
2018-02-05,84.1500,85.1900,81.3800,81.5700,65.2185,632400
2018-02-06,80.0200,83.6800,80.0200,83.4900,66.7536,850900
2018-02-07,83.1700,84.7000,83.1700,83.3600,66.6497,635800
2018-02-08,83.3900,83.6000,80.2600,80.2600,64.1711,754600
2018-02-09,81.2500,81.7800,78.5000,81.2400,64.9546,717600
2018-02-12,81.9200,82.9800,81.4200,82.4600,65.9301,379300
2018-02-13,82.1300,82.9000,81.9000,82.7800,66.1859,371900
2018-02-14,82.1700,84.1200,82.1700,84.0300,67.1854,281100
2018-02-15,84.6400,84.8600,83.6600,84.8600,67.8490,272400
2018-02-16,84.6900,85.6200,84.6700,84.8400,67.8330,1266700
2018-02-20,84.4000,84.8500,83.8600,84.1600,67.2893,270200
2018-02-21,84.2100,85.0900,83.6100,83.6500,66.8815,242600
2018-02-22,84.1100,84.6100,83.5600,83.7600,66.9695,506100
2018-02-23,84.3500,85.1400,84.1500,85.1400,68.0729,132300
2018-02-26,85.6000,86.3000,85.3100,86.2400,68.9523,200200
2018-02-27,86.3500,86.7500,85.2700,85.2700,68.1768,458300
2018-02-28,85.7700,85.8100,84.3800,84.3900,67.4732,191700
2018-03-01,84.3300,84.9400,82.5600,83.2400,66.5537,1335000
2018-03-02,82.5400,83.8100,82.2000,83.6700,66.8975,489300
2018-03-05,83.1200,84.7600,83.1200,84.5400,67.5931,147900
2018-03-06,84.9400,85.0000,84.3400,84.8500,67.8410,131900
2018-03-07,84.1400,84.7300,83.8300,84.6200,67.6571,192600
2018-03-08,85.0200,85.0200,84.2900,84.8000,67.8010,299800
2018-03-09,85.2200,86.2100,85.1700,86.2100,68.9284,277600
2018-03-12,86.4100,86.5000,86.0100,86.2200,68.9364,820900
2018-03-13,86.7200,87.0500,85.7500,85.9800,68.7444,153400
2018-03-14,86.2700,86.4900,85.2000,85.3800,68.2647,143200
2018-03-15,85.4900,85.7100,84.9800,85.1600,68.0889,80100
2018-03-16,85.2200,85.9000,85.2200,85.5500,68.4007,250100
2018-03-19,85.2800,85.3900,83.8500,84.4600,67.5292,147800
2018-03-20,84.7700,84.8900,84.4300,84.5900,67.6331,106500
2018-03-21,84.6000,85.2700,84.4400,84.4400,67.5132,184100
2018-03-22,83.3200,83.5700,81.9500,82.0000,65.9246,306500
2018-03-23,82.2400,82.2400,79.9300,79.9800,64.3006,637900
2018-03-26,81.3500,82.4000,80.5200,82.3400,66.1979,735100
2018-03-27,82.7300,82.8300,80.4700,80.9900,65.1126,463300
2018-03-28,81.0900,81.7300,80.5800,80.8700,65.0161,613600
2018-03-29,81.3900,82.4800,81.2100,82.0200,65.9406,243700
2018-04-02,81.6500,81.9300,79.1700,80.1700,64.4533,696200
2018-04-03,80.4900,81.4800,80.1200,81.3600,65.4100,897700
2018-04-04,80.1200,82.5000,80.1100,82.3300,66.1898,328700
2018-04-05,82.8600,83.1000,82.4900,82.8100,66.5758,177400
2018-04-06,82.1500,82.6600,80.4600,81.0700,65.1769,1164300
2018-04-09,81.6700,82.6100,81.2600,81.3300,65.3859,350700
2018-04-10,82.3900,83.0800,82.0900,82.8000,66.5677,543700
2018-04-11,82.2700,82.9300,82.2700,82.3800,66.2300,783300
2018-04-12,82.7700,83.5500,82.7700,83.2600,66.9375,524600
2018-04-13,83.8400,83.8400,82.6000,82.9400,66.6803,254600
2018-04-16,83.5900,84.0700,83.2300,83.7300,67.3154,172500
2018-04-17,84.4000,84.5200,84.1100,84.3400,67.8058,197700
2018-04-18,84.6000,84.8900,84.3900,84.5200,67.9505,639400
2018-04-19,84.2600,84.2600,83.3700,83.6900,67.2833,241100
2018-04-20,83.5600,83.5700,82.5500,82.8500,66.6079,176700
2018-04-23,82.9600,83.2800,82.5700,82.9400,66.6803,212100
2018-04-24,83.4000,83.6600,81.7800,82.2900,66.1577,379800
2018-04-25,82.4100,82.9000,81.7300,82.7500,66.5275,1061600
2018-04-26,82.9500,83.3000,82.5800,83.1000,66.8089,222500
2018-04-27,83.1600,83.3400,82.8200,83.0800,66.7928,190700
2018-04-30,83.2300,83.6500,82.3400,82.3400,66.1979,137400
2018-05-01,82.2300,82.3800,81.5200,82.3800,66.2300,418300
2018-05-02,82.4000,82.6500,81.7900,81.9200,65.8602,265100
2018-05-03,81.6700,81.6700,80.4100,81.4400,65.4743,548300
2018-05-04,81.2300,82.7200,80.9600,82.4900,66.3185,165500
2018-05-07,82.7700,82.8700,82.3400,82.5200,66.3426,279800
2018-05-08,82.5400,82.7900,82.0900,82.6100,66.4150,254400
2018-05-09,82.7600,83.3700,82.5800,83.2800,66.9536,120700
2018-05-10,83.4600,84.2600,83.4600,84.1000,67.6129,501600
2018-05-11,84.1500,84.4900,83.9400,84.3500,67.8138,116800
2018-05-14,84.6900,84.9100,84.4700,84.5800,67.9988,163400
2018-05-15,84.2500,84.4200,84.0200,84.3300,67.7978,273900
2018-05-16,84.4600,85.2000,84.4600,85.0500,68.3766,179000
2018-05-17,84.8500,85.4400,84.7800,85.0500,68.3766,625600
2018-05-18,84.9600,84.9600,84.4800,84.4900,67.9264,127900
2018-05-21,85.1300,85.4300,84.9300,85.1700,68.4731,239300
2018-05-22,85.5000,85.6200,84.9700,85.0600,68.3847,206900
2018-05-23,84.6900,84.9800,84.2600,84.9800,68.3203,124500
2018-05-24,84.8700,84.9900,84.1400,84.9000,68.2561,269900
2018-05-25,84.6100,84.8200,84.3700,84.5900,68.0068,271600
2018-05-29,84.0700,84.3000,83.1900,83.5800,67.1948,301700
2018-05-30,83.9800,84.6600,83.9600,84.5000,67.9344,184100
2018-05-31,84.5600,84.5900,83.7000,83.9700,67.5083,296400
2018-06-01,84.5300,85.0100,84.5000,84.9400,68.2882,442800
2018-06-04,85.1900,85.5600,85.1900,85.3500,68.6178,113700
2018-06-05,85.3700,85.5900,85.2100,85.5200,68.7545,139700
2018-06-06,85.6900,86.2400,85.4000,86.2400,69.3333,535600
2018-06-07,86.4800,86.6600,86.0600,86.4200,69.4780,355200
2018-06-08,86.2700,86.5700,86.0500,86.5500,69.5826,184200
2018-06-11,86.6000,86.9800,86.5700,86.7500,69.7433,192100
2018-06-12,86.9800,86.9800,86.4500,86.6900,69.6951,764900
2018-06-13,86.8600,86.8600,86.3200,86.3500,69.4218,210100
2018-06-14,86.7000,86.7000,86.2100,86.3200,69.3977,262700
2018-06-15,85.9500,86.2800,85.4500,86.1900,69.2931,259600
2018-06-18,85.7200,85.9900,85.4200,85.9200,69.0760,150000
2018-06-19,85.0800,85.4900,84.6800,85.4400,68.6902,655600
2018-06-20,85.7500,85.7900,85.3200,85.5800,68.8027,207000
2018-06-21,85.5900,85.5900,84.8000,84.9700,68.3123,148100
2018-06-22,85.4900,85.5400,84.9300,84.9500,68.2962,105200
2018-06-25,84.4700,84.5300,83.1700,83.7400,67.3234,371200
2018-06-26,83.4900,83.6500,83.0700,83.3900,67.4196,424900
2018-06-27,83.5800,84.1100,82.7200,82.7400,66.8941,323300
2018-06-28,82.4700,83.0300,82.0100,82.8200,66.9588,296300
2018-06-29,83.1800,83.5300,82.5600,82.6100,66.7890,184400
2018-07-02,82.1700,82.7900,81.9700,82.7900,66.9346,547200
2018-07-03,83.1300,83.1300,82.2800,82.3400,66.5707,79500
2018-07-05,82.9600,83.0700,82.4300,83.0700,67.1609,166200
2018-07-06,83.0600,83.7900,82.8500,83.6700,67.6460,184200
2018-07-09,83.9900,84.7900,83.9900,84.7900,68.5515,175100
2018-07-10,85.0600,85.0700,84.7300,84.9900,68.7132,483500
2018-07-11,84.4400,84.4400,83.7700,83.8500,67.7916,216600
2018-07-12,84.3100,84.6300,84.0200,84.5100,68.3252,520300
2018-07-13,84.5000,84.7200,84.3500,84.4900,68.3090,189000
2018-07-16,84.4600,84.5700,84.2100,84.4200,68.2524,114300
2018-07-17,84.2700,84.7600,84.2600,84.6400,68.4303,162300
2018-07-18,84.7000,85.0000,84.6400,84.9000,68.6405,95500
2018-07-19,84.7700,84.9000,84.3900,84.7100,68.4868,164900
2018-07-20,84.5000,84.6900,84.3000,84.3900,68.2281,100600
2018-07-23,84.3300,84.6900,84.1100,84.6000,68.3979,102300
2018-07-24,84.9200,85.1900,84.5300,84.7000,68.4788,149900
2018-07-25,84.4500,85.1300,84.0900,85.0800,68.7860,244800
2018-07-26,85.0900,85.6700,85.0700,85.3700,69.0205,165500
2018-07-27,85.1400,85.4600,84.6700,84.9100,68.6486,221200
2018-07-30,84.9500,85.2800,84.9500,85.0900,68.7941,225900
2018-07-31,85.4000,85.7200,85.2900,85.4300,69.0690,550100
2018-08-01,85.6200,85.8800,85.1700,85.3400,68.9962,343800
2018-08-02,85.0300,85.9400,84.8800,85.8800,69.4328,152800
2018-08-03,85.9900,86.5500,85.9700,86.5300,69.9583,121300
2018-08-06,86.4000,86.8300,86.3400,86.7400,70.1281,136900
2018-08-07,86.8000,87.1600,86.8000,86.9700,70.3140,558900
2018-08-08,86.9700,87.1300,86.7600,87.0000,70.3383,152000
2018-08-09,87.0600,87.1800,86.7700,86.8300,70.2008,281900
2018-08-10,86.3300,86.4000,85.8600,86.1200,69.6268,422500
2018-08-13,86.1100,86.3100,85.6200,85.6900,69.2792,454900
2018-08-14,86.0300,86.4300,85.9900,86.3100,69.7804,255000
2018-08-15,85.9000,85.9000,85.0200,85.5900,69.1983,216100
2018-08-16,86.2800,86.9000,86.2800,86.6500,70.0553,112900
2018-08-17,86.5700,87.4200,86.5600,87.2300,70.5242,172300
2018-08-20,87.4300,87.7100,87.4300,87.6300,70.8476,129400
2018-08-21,87.8600,88.2800,87.7800,88.0000,71.1468,180600
2018-08-22,87.9000,88.0300,87.6700,87.7100,70.9123,191000
2018-08-23,87.6700,87.7300,87.2900,87.4100,70.6697,145100
2018-08-24,87.6500,87.8300,87.5200,87.7500,70.9446,226200
2018-08-27,88.0400,88.6700,88.0400,88.5500,71.5914,191700
2018-08-28,88.8600,88.8600,88.5600,88.7200,71.7289,407900
2018-08-29,88.9100,89.1000,88.4900,88.9400,71.9067,135000
2018-08-30,88.7500,88.9700,88.3800,88.5800,71.6157,351500
2018-08-31,88.5500,88.6500,88.2200,88.5100,71.5591,148500
2018-09-04,88.3800,88.4700,88.0000,88.3400,71.4217,335100
2018-09-05,88.3100,88.4700,87.8200,88.3400,71.4217,165900
2018-09-06,88.4500,88.4500,87.4300,87.6400,70.8557,1747600
2018-09-07,87.4100,87.7400,87.1400,87.3100,70.5889,241600
2018-09-10,87.5400,87.6800,87.2500,87.2900,70.5728,141200
2018-09-11,87.1800,87.5700,86.7700,87.4300,70.6859,171800
2018-09-12,87.4200,87.7000,87.2800,87.4700,70.7183,212500
2018-09-13,87.8800,88.1500,87.8800,88.0400,71.1791,250900
2018-09-14,88.0100,88.3200,87.9100,88.2000,71.3085,333900
2018-09-17,88.2200,88.2600,87.7500,87.8300,71.0093,97000
2018-09-18,88.0200,88.5400,87.8700,88.3000,71.3893,872800
2018-09-19,88.3700,88.8200,88.3200,88.5500,71.5914,356800
2018-09-20,88.9800,89.5000,88.9800,89.3100,72.2059,608400
2018-09-21,89.5200,89.7100,89.2000,89.2300,72.1412,1322300
2018-09-24,89.0400,89.2100,88.6600,88.7900,71.7855,409300
2018-09-25,89.0300,89.0300,88.3500,88.3800,71.4540,189500
2018-09-26,88.1300,88.3400,87.4700,87.5700,71.1914,200200
2018-09-27,87.7500,88.2300,87.6500,87.7700,71.3540,155100
2018-09-28,87.6800,87.9900,87.5100,87.8500,71.4190,195400
2018-10-01,88.4000,88.6600,87.9400,88.1400,71.6548,509300
2018-10-02,88.0200,88.5600,88.0200,88.2400,71.7361,190600
2018-10-03,88.6700,89.1800,88.6400,88.7800,72.1751,190200
2018-10-04,88.7100,88.7300,87.7200,88.2100,71.7117,267900
2018-10-05,88.3100,88.3900,87.0500,87.5500,71.1751,205500
2018-10-08,87.3500,87.8600,87.0000,87.7100,71.3052,196600
2018-10-09,87.6100,87.6800,87.0100,87.2500,70.9313,231500
2018-10-10,87.1700,87.1700,84.8100,84.9500,69.0614,1628300
2018-10-11,84.4900,85.1500,82.5500,82.9800,67.4599,1721600
2018-10-12,84.3700,84.3700,82.8600,83.8900,68.1997,563000
2018-10-15,83.8400,84.1600,83.4400,83.4400,67.8339,336400
2018-10-16,84.0300,85.1500,83.7400,85.0300,69.1265,722100
2018-10-17,84.9100,85.3500,84.1400,84.9000,69.0208,362900
2018-10-18,84.5700,84.8300,83.3000,83.6400,67.9965,296300
2018-10-19,83.8200,84.3500,83.3600,83.5700,67.9395,286600
2018-10-22,83.8000,83.9800,83.1100,83.2400,67.6712,315600
2018-10-23,81.9500,83.2500,81.1400,82.8800,67.3786,614500
2018-10-24,82.8200,82.8500,79.8900,79.9600,65.0047,557100
2018-10-25,80.6000,82.1600,80.4200,81.6200,66.3543,718000
2018-10-26,80.5300,81.5100,79.5700,80.5600,65.4925,701300
2018-10-29,81.5500,82.2600,79.4300,80.6100,65.5332,722000
2018-10-30,80.4500,81.9700,80.4500,81.8900,66.5738,626700
2018-10-31,82.8500,83.4400,82.5500,82.6600,67.1997,410100
2018-11-01,82.9500,83.9200,82.7200,83.8600,68.1753,809100
2018-11-02,83.9200,84.1000,82.3000,82.9000,67.3949,580500
2018-11-05,82.9700,83.6900,82.7300,83.5000,67.8826,513100
2018-11-06,83.5500,84.0000,83.4700,83.9700,68.2647,288200
2018-11-07,84.6900,85.5000,84.2700,85.4500,69.4679,465800
2018-11-08,85.0900,85.5100,84.8700,85.2000,69.2647,470900
2018-11-09,84.6000,84.7000,83.6800,84.1100,68.3785,299500
2018-11-12,83.7700,83.7700,82.3200,82.4700,67.0453,1375400
2018-11-13,82.6000,83.3200,82.0500,82.2500,66.8664,421600
2018-11-14,82.9400,83.0400,80.7700,81.2800,66.0778,842100
2018-11-15,80.9300,82.1300,80.2400,81.9300,66.6063,585500
2018-11-16,81.6100,82.4300,81.5400,82.0900,66.7363,291900
2018-11-19,81.8300,81.9500,80.8000,81.1000,65.9315,547400
2018-11-20,79.8200,80.1000,78.8100,79.1400,64.3381,518100
2018-11-21,79.6100,80.1600,79.5000,79.5500,64.6714,345600
2018-11-23,79.0000,79.4600,78.8900,79.0000,64.2243,172400
2018-11-26,79.6300,80.3100,79.6200,80.2600,65.2486,421100
2018-11-27,79.9100,80.4200,79.7500,80.4200,65.3787,451800
2018-11-28,80.7000,82.1100,80.1600,82.1100,66.7526,474800
2018-11-29,81.9300,82.1700,81.3600,81.6800,66.4030,351200
2018-11-30,81.6500,82.3200,81.5300,82.1700,66.8014,511300
2018-12-03,83.5800,83.6000,82.6000,83.1700,67.6144,354500
2018-12-04,82.8300,83.0100,80.0400,80.1500,65.1592,425000
2018-12-06,78.7500,79.8000,77.7300,79.7800,64.8584,2001900
2018-12-07,79.7400,79.8900,77.4100,77.7000,63.1674,650200
2018-12-10,77.5600,77.7800,75.7100,77.2400,62.7935,1278900
2018-12-11,78.2400,78.5800,76.6200,77.0600,62.6471,865300
2018-12-12,77.9700,78.6800,77.5700,77.6500,63.1268,1509300
2018-12-13,77.9600,78.0900,76.8900,77.2900,62.8341,1613100
2018-12-14,76.5500,77.4400,76.2000,76.4300,62.1350,507700
2018-12-17,75.5300,76.1900,74.0500,74.4900,60.9903,2097000
2018-12-18,75.0800,75.6700,74.0400,74.4200,60.9330,1090200
2018-12-19,74.3700,75.6000,72.7000,73.0900,59.8440,1995300
2018-12-20,72.7700,73.3300,71.0600,71.5400,58.5750,2946800
2018-12-21,71.9400,72.9700,70.1900,70.4200,57.6579,1391600
2018-12-24,69.9000,70.1000,68.6000,68.6400,56.2005,1500400
2018-12-26,69.0400,71.6500,67.9700,71.6300,58.6486,1700200
2018-12-27,70.6300,72.2000,69.5900,72.2000,59.1153,1028300
2018-12-28,72.4900,73.0400,71.7900,72.0800,59.0171,1329500
2018-12-31,72.4900,72.6100,71.6400,72.5700,59.4183,1217400
2019-01-02,71.3400,73.5800,71.3400,73.3200,60.0324,558300
2019-01-03,72.8700,73.0300,71.7100,71.9300,58.8943,451700
2019-01-04,73.0000,74.6400,73.0000,74.4500,60.9576,485000
2019-01-07,74.5000,75.9200,74.2800,75.3100,61.6617,445600
2019-01-08,76.0000,76.1700,75.1400,75.8200,62.0793,1686000
2019-01-09,76.2200,76.6600,75.7700,76.3200,62.4887,448400
2019-01-10,75.7000,76.5800,75.5600,76.5600,62.6852,489200
2019-01-11,76.3000,77.3200,76.2800,77.0600,63.0946,426000
2019-01-14,76.2900,76.8700,76.2100,76.6000,62.7179,853800
2019-01-15,76.7100,77.0700,76.3500,76.8600,62.9308,2339300
2019-01-16,77.0600,77.4400,76.9200,77.0600,63.0946,278400
2019-01-17,76.6800,77.9200,76.6800,77.6600,63.5858,476500
2019-01-18,78.1700,79.0000,77.9700,78.8500,64.5602,571400
2019-01-22,78.2500,78.2700,77.1900,77.6100,63.5449,1331500
2019-01-23,77.8800,78.1800,76.8300,77.5400,63.4876,346300
2019-01-24,77.6000,78.3500,77.6000,78.1100,63.9543,304700
2019-01-25,78.5500,79.0700,78.4600,78.8900,64.5929,288200
2019-01-28,78.0800,78.5300,77.8600,78.5100,64.2818,603700
2019-01-29,78.5900,78.7200,78.2700,78.5200,64.2900,182100
2019-01-30,78.8000,79.4400,78.1200,79.1600,64.8140,760300
2019-01-31,79.0000,79.7700,78.8400,79.7100,65.2643,4174100
2019-02-01,79.7800,80.1800,79.5500,79.9800,65.4854,416400
2019-02-04,79.9200,80.2000,79.4600,80.2000,65.6655,297700
2019-02-05,80.2000,80.4900,79.9200,80.2800,65.7310,246300
2019-02-06,80.2600,80.7200,80.2600,80.5300,65.9357,338400
2019-02-07,80.0100,80.0100,78.7300,79.4000,65.0105,887500
2019-02-08,78.9400,79.1100,78.1300,79.1000,64.7649,517200
2019-02-11,79.3000,79.3200,78.9800,79.2200,64.8631,326800
2019-02-12,79.6900,80.4900,79.6400,80.2800,65.7310,922900
2019-02-13,80.5200,81.0000,80.4800,80.7700,66.1322,460000
2019-02-14,80.3800,80.9600,80.1600,80.5800,65.9766,407000
2019-02-15,81.0000,81.6300,81.0000,81.5800,66.7954,230100
2019-02-19,81.3500,82.1000,81.3500,81.9000,67.0574,195000
2019-02-20,81.7900,82.3400,81.7600,82.0800,67.2048,176900
2019-02-21,81.9200,82.0100,81.3300,81.5900,66.8036,363000
2019-02-22,81.8400,82.1100,81.6800,82.0100,67.1475,210200
2019-02-25,82.6100,82.8100,82.2000,82.2400,67.3358,454700
2019-02-26,82.0500,82.4800,82.0500,82.1000,67.2212,251000
2019-02-27,81.9400,82.0500,81.4700,81.7200,66.9100,577400
2019-02-28,81.4700,81.4700,81.1300,81.2200,66.5006,399900
2019-03-01,81.7400,82.0900,81.1700,81.5000,66.7299,361200
2019-03-04,81.7500,81.7800,80.2300,80.9300,66.2632,398500
2019-03-05,80.9000,80.9000,80.3000,80.5700,65.9685,253000
2019-03-06,80.4400,80.4400,79.4900,79.5900,65.1661,382400
2019-03-07,79.3500,79.3500,78.5800,78.9000,64.6011,850700
2019-03-08,78.1700,78.8500,78.0700,78.8200,64.5356,309400
2019-03-11,79.0100,80.0200,79.0100,79.9500,65.4608,455700
2019-03-12,80.0200,80.4500,80.0100,80.1500,65.6246,1211500
2019-03-13,80.4000,80.8800,80.3900,80.6100,66.0012,338900
2019-03-14,80.6300,80.7400,80.2800,80.3800,65.8129,253100
2019-03-15,80.5600,81.0200,80.5600,80.8600,66.2059,1847600
2019-03-18,80.9000,81.4100,80.9000,81.2500,66.5252,561500
2019-03-19,81.6300,81.9800,81.0500,81.3100,66.5743,525300
2019-03-20,80.5600,80.5600,79.5700,79.7300,65.7603,552200
2019-03-21,79.5600,81.1000,79.4800,80.8800,66.7088,450600
2019-03-22,80.4400,80.4600,78.9500,79.0600,65.2077,722500
2019-03-25,78.9300,79.2600,78.3200,78.7000,64.9107,586200
2019-03-26,79.1100,79.6700,78.8600,79.3900,65.4799,293400
2019-03-27,79.3500,79.6100,78.6300,78.9900,65.1499,612800
2019-03-28,79.1400,79.4600,78.6900,79.1600,65.2902,348500
2019-03-29,79.7400,79.9500,79.5000,79.8600,65.8675,370100
2019-04-01,80.5600,81.2900,80.5300,81.2300,66.9975,298700
2019-04-02,81.0400,81.1800,80.7500,80.8800,66.7088,245100
2019-04-03,81.4000,81.7200,81.1100,81.3900,67.1294,467600
2019-04-04,81.3200,81.9000,81.2500,81.8600,67.5171,780900
2019-04-05,82.0000,82.3300,81.8900,82.3100,67.8882,534300
2019-04-08,82.1300,82.3700,81.9900,82.3700,67.9377,1638900
2019-04-09,82.0800,82.0800,81.3500,81.5300,67.2449,446900
2019-04-10,81.6500,82.0800,81.5100,82.0300,67.6573,394300
2019-04-11,82.1400,82.4500,81.9000,82.0800,67.6985,434400
2019-04-12,82.5200,82.7600,82.0700,82.3800,67.9460,694300
2019-04-15,82.3900,82.5400,81.9300,82.1700,67.7728,449700
2019-04-16,82.4400,82.7400,82.2400,82.7400,68.2429,508800
2019-04-17,83.2700,83.3400,82.6300,82.7800,68.2759,1231100
2019-04-18,82.9000,83.0100,82.5400,82.9300,68.3996,1813500
2019-04-22,82.7400,82.8500,82.5700,82.6700,68.1852,589700
2019-04-23,82.8000,83.3500,82.6800,83.2400,68.6553,273000
2019-04-24,83.0600,83.1200,82.6400,82.8100,68.3006,426600
2019-04-25,82.6100,82.6100,81.8200,82.0700,67.6903,862000
2019-04-26,81.7000,82.1700,81.4800,82.1300,67.7398,1737000
2019-04-29,82.2100,82.7000,82.2100,82.3900,67.9542,1774600
2019-04-30,82.4700,82.7200,81.9600,82.5900,68.1192,1358800
2019-05-01,82.8200,83.0000,82.1200,82.1400,67.7480,534000
2019-05-02,82.0300,82.5600,81.5300,81.9900,67.6243,1285900
2019-05-03,82.4400,82.9000,82.3200,82.8300,68.3171,309500
2019-05-06,81.3400,82.6000,81.3300,82.4600,68.0119,607700
2019-05-07,81.9000,81.9000,80.6000,81.1500,66.9315,809700
2019-05-08,81.0000,81.4800,80.7000,80.7300,66.5851,593400
2019-05-09,80.0100,80.5100,79.3200,80.2900,66.2222,321600
2019-05-10,80.0400,80.7800,78.9600,80.5200,66.4119,559000
2019-05-13,78.9700,79.1100,77.9600,78.2800,64.5643,722500
2019-05-14,78.6300,79.7000,78.6300,79.2300,65.3479,1126200
2019-05-15,78.7000,79.7100,78.5600,79.5200,65.5871,1523400
2019-05-16,79.5400,80.3300,79.5400,79.7900,65.8098,620900
2019-05-17,79.1300,80.1000,79.0600,79.1800,65.3066,370600
2019-05-20,78.6300,79.2200,78.4400,78.6600,64.8778,642400
2019-05-21,79.1400,79.6600,79.0900,79.5400,65.6036,749600
2019-05-22,79.0500,79.1800,78.5100,78.6400,64.8613,176600
2019-05-23,77.9700,77.9700,77.1500,77.6700,64.0612,687900
2019-05-24,78.0200,78.2400,77.6300,77.8500,64.2097,325200
2019-05-28,77.9400,77.9900,76.8000,76.8000,63.3437,610700
2019-05-29,76.2900,76.6600,75.8300,76.3700,62.9890,572900
2019-05-30,76.5200,76.8800,75.8900,76.2000,62.8488,376600
2019-05-31,75.2900,75.3000,74.6200,74.6600,61.5786,298200
2019-06-03,74.7600,75.7600,74.7600,75.3400,62.1395,1004600
2019-06-04,76.0800,77.5900,76.0800,77.5400,63.9540,361700
2019-06-05,77.9300,78.0000,76.8400,77.4600,63.8880,1602000
2019-06-06,77.5100,78.0800,77.2700,77.8300,64.1932,639500
2019-06-07,78.0700,78.6000,77.9900,78.3100,64.5891,501100
2019-06-10,78.7700,79.4400,78.7600,78.8900,65.0675,317000
2019-06-11,79.5600,79.6200,78.9400,79.0200,65.1747,130900
2019-06-12,78.8700,78.9900,78.4800,78.5200,64.7623,171200
2019-06-13,78.8200,79.2800,78.7400,79.2000,65.3232,211400
2019-06-14,78.9600,78.9600,78.5200,78.7700,64.9685,105700
2019-06-17,78.2500,78.3800,77.8700,78.0600,64.8704,174500
2019-06-18,78.4800,79.6400,78.4300,79.1900,65.8095,201900
2019-06-19,79.2800,79.5500,79.1500,79.3300,65.9258,190800
2019-06-20,80.0200,80.1200,79.2000,79.7900,66.3081,145800
2019-06-21,79.6300,80.0300,79.5000,79.6600,66.2001,728500
2019-06-24,79.6600,79.8100,79.3000,79.3300,65.9258,198900
2019-06-25,79.6500,79.6500,79.1000,79.1400,65.7679,445800
2019-06-26,79.6400,79.9500,79.6400,79.6700,66.2084,176400
2019-06-27,79.8500,80.3900,79.8500,80.3100,66.7403,136600
2019-06-28,80.7200,81.2400,80.6200,81.1900,67.4716,1285700
2019-07-01,82.2900,82.5600,81.2800,81.6700,67.8705,3215100
2019-07-02,81.5300,81.6200,81.0800,81.4900,67.7209,379500
2019-07-03,81.6300,81.9900,81.6300,81.9700,68.1198,139900
2019-07-05,81.6400,82.0700,81.4200,82.0100,68.1530,155900
2019-07-08,81.5800,81.8800,81.3900,81.5900,67.8040,176500
2019-07-09,81.3000,81.5500,80.9100,81.5100,67.7375,392600
2019-07-10,81.8600,82.2600,81.6200,81.7600,67.9453,154700
2019-07-11,82.2000,82.3500,81.6800,82.0400,68.1779,140000
2019-07-12,82.2500,82.9900,82.2500,82.9200,68.9092,144400
2019-07-15,83.0200,83.0600,82.6100,82.9000,68.8926,219900
2019-07-16,82.8200,82.9600,82.5600,82.7000,68.7264,146800
2019-07-17,82.6900,82.6900,81.9600,81.9600,68.1115,134000
2019-07-18,81.8500,82.6100,81.7300,82.4400,68.5103,187300
2019-07-19,82.6600,82.9200,82.3500,82.3700,68.4522,285500
2019-07-22,82.5100,82.7500,82.2200,82.3900,68.4688,186300
2019-07-23,82.7400,83.2100,82.5100,83.1800,69.1253,255900
2019-07-24,83.0700,84.2300,83.0600,84.1900,69.9647,204300
2019-07-25,84.0100,84.0400,83.4200,83.6200,69.4910,141600
2019-07-26,83.8500,83.9900,83.4900,83.8600,69.6904,173800
2019-07-29,83.7500,83.9400,83.5400,83.7800,69.6239,522900
2019-07-30,83.2500,83.6200,83.0000,83.5300,69.4162,487900
2019-07-31,83.3700,83.4700,81.8600,82.4900,68.5519,237800
2019-08-01,82.6300,83.4200,81.0300,81.3600,67.6128,573800
2019-08-02,81.0100,81.0100,80.2100,80.5700,66.9563,1307800
2019-08-05,79.2700,79.2800,77.6600,78.3000,65.0699,594100
2019-08-06,78.9100,79.0800,77.9700,79.0500,65.6932,1254200
2019-08-07,78.1600,79.1400,77.5100,78.9500,65.6100,928000
2019-08-08,79.2400,80.2000,79.1500,80.1500,66.6073,656900
2019-08-09,79.7600,79.7600,78.6500,79.0500,65.6932,214300
2019-08-12,78.5700,78.5700,77.7100,78.0200,64.8372,152100
2019-08-13,77.8600,79.8900,77.7300,79.1100,65.7430,469300
2019-08-14,77.8100,77.8100,76.3600,76.3800,63.4743,363300
2019-08-15,76.7000,76.7000,75.6200,76.1700,63.2998,407800
2019-08-16,76.6200,77.6700,76.6200,77.5300,64.4300,303700
2019-08-19,78.6200,78.8200,78.4100,78.5800,65.3026,165100
2019-08-20,78.3900,78.4900,77.7200,77.7500,64.6128,300900
2019-08-21,78.5100,78.6900,78.4100,78.5400,65.2693,151600
2019-08-22,78.7700,79.0600,78.2700,78.6700,65.3773,160800
2019-08-23,78.1300,78.5800,76.1300,76.4400,63.5242,417400
2019-08-26,77.1600,77.3400,76.7200,77.0700,64.0477,283600
2019-08-27,77.4000,77.4400,76.1900,76.2600,63.3746,240400
2019-08-28,76.1100,77.2000,75.9300,77.1300,64.0976,381100
2019-08-29,77.8500,78.5700,77.8500,78.3400,65.1031,341400
2019-08-30,78.7500,79.1600,78.5400,78.7600,65.4522,226500
2019-09-03,78.3200,78.4200,77.6000,78.3500,65.1114,405700
2019-09-04,78.9900,79.6000,78.9900,79.5400,66.1003,312200
2019-09-05,80.4100,81.5400,80.4100,81.1100,67.4051,223200
2019-09-06,81.2000,81.5500,81.0700,81.3800,67.6295,127500
2019-09-09,81.9900,82.9400,81.9900,82.8300,68.8345,729700
2019-09-10,82.7400,84.0000,82.7300,84.0000,69.8068,1142800
2019-09-11,84.2100,84.8600,83.5600,84.8200,70.4882,939200
2019-09-12,84.8100,84.9900,84.0100,84.5900,70.2971,912600
2019-09-13,84.7300,85.2200,84.6100,84.6500,70.3469,540100
2019-09-16,84.0300,84.3900,83.9300,84.2300,69.9979,397700
2019-09-17,83.9800,84.0100,83.4500,84.0000,69.8068,265200
2019-09-18,83.7000,83.7000,83.0100,83.6100,69.4827,309900
2019-09-19,83.9400,84.0200,83.3900,83.4800,69.3746,219600
2019-09-20,83.7600,84.0400,83.2000,83.2900,69.2167,281700
2019-09-23,83.0200,83.4700,82.8500,83.2300,69.1669,160300
2019-09-24,82.8800,83.0400,81.4700,81.7300,68.3705,425500
2019-09-25,81.6600,82.6000,81.4900,82.4400,68.9644,348200
2019-09-26,82.4700,82.6100,81.6300,82.0300,68.6214,304800
2019-09-27,82.1000,82.3000,81.2400,81.6600,68.3119,706600
2019-09-30,81.8400,82.2800,81.7300,82.0400,68.6298,200700
2019-10-01,82.3400,82.5900,80.5000,80.6500,67.4670,597100
2019-10-02,80.1300,80.1300,78.6900,78.9800,66.0700,343100
2019-10-03,78.8600,79.4100,77.8300,79.4100,66.4297,572900
2019-10-04,79.5800,80.3000,79.3900,80.2400,67.1240,1699800
2019-10-07,80.0400,80.6400,79.9100,79.9600,66.8898,230100
2019-10-08,79.3500,79.3600,78.5300,78.5400,65.7019,470800
2019-10-09,79.1100,79.5700,79.0200,79.2500,66.2959,150200
2019-10-10,79.2700,80.4300,79.1800,80.0600,66.9734,349400
2019-10-11,80.9800,82.0600,80.9800,81.3900,68.0861,378500
2019-10-14,81.1300,81.3800,81.0000,81.3200,68.0275,330100
2019-10-15,81.4400,82.7500,81.3900,82.4400,68.9644,147100
2019-10-16,82.3400,82.7100,82.1200,82.1400,68.7135,109800
2019-10-17,82.3900,82.5000,81.8600,82.1900,68.7553,181700
2019-10-18,82.0300,82.3600,81.7500,82.1400,68.7135,555000
2019-10-21,82.5500,83.0000,82.5500,82.8100,69.2739,171200
2019-10-22,82.9700,83.6900,82.7300,83.3100,69.6922,474500
2019-10-23,82.9800,83.3500,82.6800,83.3500,69.7257,335400
2019-10-24,83.7000,83.7000,82.8000,83.1300,69.5416,384700
2019-10-25,83.3400,84.4400,83.3400,84.3500,70.5622,214600
2019-10-28,84.9800,85.3700,84.9800,85.1800,71.2565,927500
2019-10-29,85.0800,85.5000,85.0800,85.1500,71.2315,1308900
2019-10-30,85.1600,85.1600,84.4200,84.8900,71.0139,526100
2019-10-31,84.6600,84.6600,83.6000,84.3700,70.5790,216900
2019-11-01,84.6800,85.7500,84.6800,85.7500,71.7334,365800
2019-11-04,86.4500,86.9300,86.3300,86.9000,72.6954,368500
2019-11-05,86.9800,87.5600,86.9800,87.1700,72.9213,1285800
2019-11-06,87.3000,87.3000,86.7100,87.0600,72.8292,1122300
2019-11-07,87.7300,88.0300,87.4000,87.5300,73.2224,341100
2019-11-08,87.3900,87.7800,86.9000,87.7800,73.4315,1242500
2019-11-11,87.5100,87.6500,87.2300,87.5800,73.2642,262000
2019-11-12,87.7700,88.1500,87.4100,87.6300,73.3061,387800
2019-11-13,87.2700,87.2900,86.9100,87.1100,72.8711,305700
2019-11-14,86.9700,87.2700,86.8000,87.1200,72.8794,361400
2019-11-15,87.6900,87.9900,87.5400,87.9800,73.5989,344800
2019-11-18,87.8300,87.9800,87.5100,87.9600,73.5821,165900
2019-11-19,88.0200,88.0200,87.1600,87.2900,73.0216,325300
2019-11-20,86.9100,86.9900,86.0200,86.6400,72.4779,239600
2019-11-21,86.5800,86.8400,86.3300,86.7000,72.5281,379400
2019-11-22,87.0400,87.3200,86.8300,87.1200,72.8794,185300
2019-11-25,87.4900,88.0100,87.3700,87.9800,73.5989,351400
2019-11-26,87.9900,87.9900,87.3900,87.6500,73.3228,646300
2019-11-27,87.8800,88.0000,87.6700,87.9800,73.5989,279300
2019-11-29,87.7100,87.8500,87.4300,87.4900,73.1889,112300
2019-12-02,87.7600,87.7600,86.9000,86.9400,72.7289,519100
2019-12-03,86.0000,86.0200,85.1900,85.8900,71.8505,557400
2019-12-04,86.3900,86.8600,86.2400,86.5100,72.3692,992200
2019-12-05,86.8700,86.9000,86.3400,86.7100,72.5365,409500
2019-12-06,87.3500,87.7800,87.3500,87.5700,73.2559,420300
2019-12-09,87.3300,87.6800,87.2700,87.2800,73.0133,204800
2019-12-10,87.2500,87.4900,86.9500,87.2000,72.9464,379200
2019-12-11,87.3100,87.6200,87.2700,87.5000,73.1973,464100
2019-12-12,87.5700,88.9800,87.4600,88.8400,74.3183,616400
2019-12-13,88.7900,89.3600,88.2200,88.3400,73.9000,1079200
2019-12-16,88.5200,89.0200,88.5200,88.5700,74.6025,925500
2019-12-17,88.6500,88.7500,88.5400,88.5900,74.6193,959900
2019-12-18,88.6000,88.8500,88.5300,88.7400,74.7457,207500
2019-12-19,89.0500,89.1600,88.8200,89.0500,75.0068,258500
2019-12-20,89.5000,89.8800,89.4300,89.8000,75.6385,265300
2019-12-23,90.0000,90.0300,89.8400,89.8800,75.7059,244600
2019-12-24,89.9500,90.0400,89.7500,89.8600,75.6891,63300
2019-12-26,89.9900,90.1600,89.9100,90.1100,75.8996,94900
2019-12-27,90.2900,90.4600,89.8100,89.9200,75.7396,289600
2019-12-30,89.9000,89.9900,89.3300,89.4200,75.3184,225200
2019-12-31,89.2000,89.8200,89.1400,89.7300,75.5796,345300
2020-01-02,90.2600,90.4100,89.7900,90.3100,76.0681,742900
2020-01-03,89.3800,89.6500,89.2100,89.3400,75.2511,276000
2020-01-06,88.6300,89.2100,88.6300,89.2000,75.1331,400300
2020-01-07,89.2400,89.4700,88.9400,89.3300,75.2426,341800
2020-01-08,89.3000,89.9000,89.0200,89.5300,75.4111,319300
2020-01-09,89.8700,89.8700,89.3400,89.6900,75.5459,652400
2020-01-10,89.7900,89.8900,89.1900,89.3100,75.2258,179800
2020-01-13,89.5000,89.6000,89.1500,89.5900,75.4616,292600
2020-01-14,89.6800,90.2600,89.6500,89.9100,75.7312,398300
2020-01-15,89.6300,90.0400,89.3200,89.5600,75.4364,762700
2020-01-16,89.9900,90.3200,89.9800,90.2900,76.0512,447700
2020-01-17,90.5800,90.5800,90.1800,90.3700,76.1186,515400
2020-01-21,90.1000,90.3200,89.8100,89.9400,75.7565,605000
2020-01-22,90.3300,90.7200,90.2700,90.4200,76.1607,375900
2020-01-23,90.1800,90.6100,89.6100,90.4800,76.2113,332600
2020-01-24,90.9800,90.9800,89.3300,89.8700,75.6975,284500
2020-01-27,88.1800,88.4800,87.8700,88.0100,74.1308,319200
2020-01-28,88.4200,89.2600,88.2400,88.9000,74.8805,243600
2020-01-29,89.1400,89.1700,87.9500,87.9500,74.0803,277800
2020-01-30,87.2100,88.0100,86.6800,88.0000,74.1224,565100
2020-01-31,87.6700,87.6700,86.0100,86.3400,72.7242,972400
2020-02-03,86.7900,87.6100,86.7000,86.7400,73.0611,509600
2020-02-04,88.0400,88.5900,88.0400,88.3000,74.3751,353300
2020-02-05,89.0700,90.3100,89.0700,90.1900,75.9670,513700
2020-02-06,90.5900,90.8500,90.2300,90.3000,76.0597,672900
2020-02-07,90.0500,90.0500,89.5100,89.5800,75.4532,184400
2020-02-10,89.4400,89.9200,89.3100,89.9200,75.7396,393300
2020-02-11,90.4600,90.9000,90.3700,90.6300,76.3377,783600
2020-02-12,91.3100,91.8600,91.2600,91.4100,76.9946,288000
2020-02-13,90.9700,91.3100,90.7200,91.0400,76.6830,965700
2020-02-14,91.1200,91.1200,90.1100,90.4200,76.1607,677100
2020-02-18,90.1100,90.1600,89.3800,89.8700,75.6975,350700
2020-02-19,90.2400,90.5000,90.0900,90.3500,76.1018,567200
2020-02-20,90.1400,90.4500,89.3600,90.1900,75.9670,387900
2020-02-21,89.8900,89.8900,89.0300,89.2800,75.2005,408700
2020-02-24,86.5100,87.0000,85.8200,86.0800,72.5051,826600
2020-02-25,86.4600,86.4600,82.7300,82.9800,69.8940,763400
2020-02-26,83.3900,84.1500,82.1100,82.1100,69.1612,1099600
2020-02-27,80.4500,81.7100,78.6600,78.6600,66.2553,1139800
2020-02-28,76.0400,78.4200,75.5300,78.0200,65.7162,1796200
2020-03-02,78.5400,81.1300,77.3300,81.1300,68.3358,727500
2020-03-03,81.2300,82.5300,77.8100,78.5100,66.1290,684100
2020-03-04,80.1400,81.7100,79.2500,81.6000,68.7317,765200
2020-03-05,79.7000,80.3200,78.1600,78.7500,66.3311,720900
2020-03-06,76.1100,77.9300,75.6300,77.2800,65.0929,813500
2020-03-09,75.4300,75.4300,69.5200,69.9800,58.9441,855700
2020-03-10,72.8800,73.6600,69.4600,73.6600,62.0438,2713900
2020-03-11,71.7100,72.0100,68.7600,69.6200,58.6409,1220500
2020-03-12,65.7700,66.3700,61.6000,61.7300,51.9952,1649600
2020-03-13,65.5400,68.0700,62.3900,67.8600,57.1585,1172200
2020-03-16,59.5600,64.2200,57.7700,59.2500,49.9063,853800
2020-03-17,60.6200,63.6700,58.5000,62.4600,52.6100,989000
2020-03-18,58.6500,60.2900,55.7200,59.4900,50.1084,1087200
2020-03-19,58.6400,60.5600,56.6100,59.2000,49.8641,857600
2020-03-20,59.6800,60.5400,56.5200,56.5200,47.6068,446800
2020-03-23,56.9000,56.9000,54.2000,55.3300,46.6044,425200
2020-03-24,58.2100,60.9900,58.2100,60.8800,51.2792,1276800
2020-03-25,60.8000,64.0600,59.0000,61.0500,52.0154,961000
2020-03-26,61.9100,65.3900,61.8100,64.9900,55.3723,1113800
2020-03-27,62.8400,64.3600,61.7300,62.5300,53.2763,626400
2020-03-30,63.1300,64.4400,62.0600,64.3000,54.7844,769100
2020-03-31,64.1100,64.5600,62.3900,63.0000,53.6768,2001700
2020-04-01,60.2300,61.1900,58.9700,59.5000,50.6947,771500
2020-04-02,59.0100,61.0800,58.9000,60.3200,51.3934,678500
2020-04-03,60.1400,60.6600,58.5100,59.2600,50.4902,432700
2020-04-06,61.7400,64.0300,61.7400,63.6700,54.2476,566500
2020-04-07,66.2800,66.9100,64.4100,64.4400,54.9037,601900
2020-04-08,65.3600,67.4300,64.7300,67.0600,57.1359,543100
2020-04-09,68.3700,69.5900,67.2600,68.2400,58.1413,12894100
2020-04-13,68.0500,68.0700,66.3300,67.2300,57.2808,4347400
2020-04-14,68.8600,69.1800,67.7000,68.7500,58.5758,2336400
2020-04-15,67.0500,67.0500,65.6600,66.3400,56.5225,1308900
2020-04-16,66.4900,66.5500,65.2000,66.1500,56.3606,861900
2020-04-17,68.2800,68.6200,67.5100,68.4700,58.3373,1194200
2020-04-20,67.3300,68.2100,66.7400,66.8800,56.9826,774700
2020-04-21,65.6900,65.8700,64.4200,64.6000,55.0400,1042500
2020-04-22,66.3200,66.3200,65.3800,65.7900,56.0539,1068800
2020-04-23,65.9200,67.0500,65.8600,66.0000,56.2328,550800
2020-04-24,66.1900,67.1600,65.5700,66.9700,57.0593,1249100
2020-04-27,67.6600,68.8900,67.3200,68.6300,58.4736,1162200
2020-04-28,69.8900,70.5200,68.8500,69.4000,59.1297,981200
2020-04-29,71.2800,72.4700,70.8900,72.0200,61.3619,1105200
2020-04-30,71.5900,71.5900,69.7500,69.9800,59.6238,1166600
2020-05-01,68.6400,68.6400,66.9500,67.2100,57.2637,702300
2020-05-04,66.7200,67.1100,65.9300,67.1100,57.1786,806900
2020-05-05,68.0000,68.6000,67.2600,67.3900,57.4171,781200
2020-05-06,67.9400,68.2700,66.5900,66.5900,56.7355,496600
2020-05-07,67.6900,68.2600,67.2500,67.3800,57.4086,1216700
2020-05-08,68.2700,69.5800,68.2700,69.4700,59.1893,686300
2020-05-11,69.0800,69.3500,68.2700,68.8300,58.6440,738100
2020-05-12,69.0500,69.3700,67.0500,67.0500,57.1274,360200
2020-05-13,66.8000,66.8000,64.3600,64.9000,55.2956,1476100
2020-05-14,64.1300,66.3500,62.9900,66.3200,56.5055,1294700
2020-05-15,65.6100,66.2000,65.1600,66.0100,56.2413,381700
2020-05-18,68.4100,69.8300,68.1500,69.4900,59.2063,895900
2020-05-19,69.3900,69.8500,68.5100,68.5800,58.4310,749600
2020-05-20,69.7400,70.3800,69.5200,70.0600,59.6920,319300
2020-05-21,70.0800,70.2400,69.2200,69.5300,59.2404,386800
2020-05-22,69.3700,69.5500,68.7200,69.3800,59.1126,635300
2020-05-26,71.2400,72.4200,71.2400,71.7600,61.1404,710000
2020-05-27,73.3100,74.1800,72.0400,74.1800,63.2023,588000
2020-05-28,74.7500,74.7700,72.3000,72.4500,61.7283,1072500
2020-05-29,72.2200,72.7600,71.2900,72.4000,61.6857,498200
2020-06-01,72.2500,73.0100,71.9800,72.7000,61.9413,635800
2020-06-02,72.9000,73.4700,72.7600,73.4700,62.5973,248200
2020-06-03,74.5700,75.4400,74.5300,75.2300,64.0969,927100
2020-06-04,74.9500,76.2900,74.6700,76.2700,64.9830,6552100
2020-06-05,79.1800,79.8500,78.4600,78.8600,67.1897,4181600
2020-06-08,79.7800,80.5900,79.4500,80.5500,68.6296,1654900
2020-06-09,79.4900,79.4900,78.2800,78.8200,67.1556,2154300
2020-06-10,78.5200,78.9300,77.0000,77.0000,65.6049,907300
2020-06-11,74.3000,74.5000,71.2100,71.3600,60.7996,808600
2020-06-12,73.9500,74.0500,71.1100,72.8000,62.0265,993300
2020-06-15,70.6300,73.3600,70.0700,73.0800,62.6065,556100
2020-06-16,75.7200,75.7400,73.0500,74.4500,63.7801,1193300
2020-06-17,74.5300,74.6100,73.4000,73.5100,62.9748,1176100
2020-06-18,72.9200,73.8200,72.7500,73.3200,62.8121,428100
2020-06-19,74.6700,74.6700,72.4700,72.8900,62.4437,754800
2020-06-22,72.7400,73.0900,72.0500,72.8700,62.4266,670800
2020-06-23,73.4600,73.6100,72.8300,72.8800,62.4351,691100
2020-06-24,72.0200,72.0200,70.0700,70.6200,60.4990,648200
2020-06-25,70.4400,71.3300,69.8200,71.2700,61.0559,2905500
2020-06-26,70.8400,70.8400,69.3500,69.7000,59.7109,531100
2020-06-29,70.1300,71.1500,69.6900,71.1400,60.9445,637200
2020-06-30,71.3500,72.5700,71.2500,72.2800,61.9211,465600
2020-07-01,72.5300,72.8900,71.5300,71.5500,61.2957,347500
2020-07-02,72.6300,73.2200,71.8700,72.0000,61.6812,588400
2020-07-06,73.2500,73.6300,72.6100,73.0300,62.5636,449200
2020-07-07,72.4500,72.5100,71.5600,71.6300,61.3643,752100
2020-07-08,72.0000,72.1900,71.2000,71.8500,61.5527,1256200
2020-07-09,71.8600,71.8600,69.7700,70.3700,60.2849,1270300
2020-07-10,70.4900,72.0500,70.4500,71.9900,61.6727,956900
2020-07-13,72.6300,73.1300,71.7500,71.8100,61.5185,554200
2020-07-14,71.5200,72.9600,71.2000,72.8200,62.3837,845900
2020-07-15,74.1000,74.4700,73.4400,74.2800,63.6345,949600
2020-07-16,74.0600,74.8200,73.6900,74.4700,63.7973,559600
2020-07-17,74.8000,74.9300,74.3000,74.5400,63.8572,440800
2020-07-20,74.4500,74.4500,73.7300,74.1400,63.5145,373400
2020-07-21,74.7000,75.3200,74.5800,74.8000,64.0800,612200
2020-07-22,74.7300,75.4600,74.6000,75.4200,64.6111,686000
2020-07-23,75.3900,76.0400,75.0000,75.3800,64.5768,617200
2020-07-24,74.2900,74.2900,73.2000,73.3700,62.8549,496500
2020-07-27,73.5100,73.5900,72.9300,73.5400,63.0005,496200
2020-07-28,73.3600,73.8700,73.2100,73.2500,62.7521,272100
2020-07-29,73.5300,74.1300,73.1000,73.9400,63.3432,2386700
2020-07-30,73.2100,73.4100,72.5400,73.3200,62.8121,661400
2020-07-31,73.4200,73.4200,72.0300,73.0400,62.5722,572100
2020-08-03,73.4800,73.6500,72.9500,73.4500,62.9234,527100
2020-08-04,73.3800,73.9900,73.2900,73.9900,63.3860,368100
2020-08-05,74.5000,74.5100,74.0100,74.2300,63.5917,444900
2020-08-06,74.1800,74.1800,73.6700,73.8600,63.2747,383000
2020-08-07,73.6400,74.7100,73.6400,74.7100,64.0029,400700
2020-08-10,74.8000,76.1100,74.8000,76.0900,65.1851,785500
2020-08-11,76.7800,77.4900,75.7600,76.0000,65.1080,1130300
2020-08-12,76.8900,76.8900,76.0200,76.3800,65.4335,508500
2020-08-13,76.1000,76.1400,75.3800,75.6000,64.7653,1160400
2020-08-14,75.4300,76.3200,75.1800,76.0300,65.1337,266600
2020-08-17,76.3600,76.3600,75.6500,75.8900,65.0138,515300
2020-08-18,76.1100,76.1100,75.3900,75.4100,64.6025,1413000
2020-08-19,75.5600,75.9800,75.1900,75.3600,64.5597,519800
2020-08-20,74.8700,75.1800,74.7000,74.7500,64.0371,301200
2020-08-21,74.6000,74.8600,74.4800,74.7100,64.0029,437100
2020-08-24,75.1200,76.0800,74.9000,76.0400,65.1423,434100
2020-08-25,76.5400,76.5600,75.5400,75.9100,65.0309,725400
2020-08-26,76.0300,76.0300,75.2900,75.5900,64.7567,1050800
2020-08-27,75.8300,76.1200,75.5100,75.7700,64.9109,1089200
2020-08-28,76.0400,76.6100,75.8600,76.5600,65.5877,813300
2020-08-31,76.4800,76.7500,75.8200,75.8500,64.9795,10749700
2020-09-01,75.6200,75.7600,75.3100,75.7300,64.8767,1882600
2020-09-02,76.0600,77.5000,75.9200,77.3200,66.2388,889900
2020-09-03,77.2700,77.9300,75.0300,75.5100,64.6882,750200
2020-09-04,76.1800,76.4100,74.6700,75.7300,64.8767,810100
2020-09-08,74.9900,75.3000,74.3100,74.3700,63.7116,518800
2020-09-09,75.0700,75.5600,74.6700,75.0800,64.3198,3151100
2020-09-10,75.2500,75.5200,73.7000,73.8300,63.2490,3335600
2020-09-11,74.3400,74.7400,73.7600,74.3900,63.7287,782800
2020-09-14,74.9700,75.9500,74.9300,75.5300,64.7053,692200
2020-09-15,75.8700,76.0000,75.2300,75.3300,64.5340,1771000
2020-09-16,75.8900,76.9800,75.6900,76.0800,65.1765,463500
2020-09-17,75.1100,76.1900,74.9500,75.9100,65.0309,1059100
2020-09-18,76.0700,76.1000,74.7200,75.2100,64.4312,599800
2020-09-21,74.0400,74.0400,72.5700,73.3900,62.8721,498000
2020-09-22,73.6200,73.9800,72.9500,73.4500,62.9234,488100
2020-09-23,73.2300,73.7400,71.5300,71.5900,61.7326,518700
2020-09-24,71.3400,72.5100,70.6600,71.7800,61.8964,615100
2020-09-25,71.5700,72.6700,71.2500,72.3800,62.4138,745800
2020-09-28,73.3400,74.1700,73.3400,73.8900,63.7159,675200
2020-09-29,73.9600,74.0600,73.0800,73.3700,63.2675,493800
2020-09-30,73.6700,74.5400,73.3200,73.7800,63.6211,1287700
2020-10-01,74.0700,74.3800,73.5800,74.0400,63.8452,496100
2020-10-02,72.7500,74.6400,72.7500,74.1900,63.9746,688900
2020-10-05,74.6000,75.6400,74.6000,75.5100,65.1129,419600
2020-10-06,75.7500,76.7500,74.8000,74.9100,64.5955,812600
2020-10-07,75.7700,76.5700,75.7700,76.3800,65.8630,1200400
2020-10-08,77.0000,77.6700,76.8900,77.6700,66.9754,549500
2020-10-09,78.0300,78.2900,77.2000,77.2800,66.6391,609800
2020-10-12,77.6100,78.0500,77.4400,77.9200,67.1910,500500
2020-10-13,77.7500,77.9400,76.9800,77.1700,66.5443,560800
2020-10-14,77.4500,77.6500,76.9400,76.9600,66.3632,484400
2020-10-15,76.0600,77.4100,75.9500,77.3800,66.7253,625200
2020-10-16,77.5500,77.9200,77.3600,77.4800,66.8116,754100
2020-10-19,77.6600,77.8700,76.6100,76.7500,66.1821,711200
2020-10-20,77.0300,77.8100,76.8700,77.0000,66.3977,630100
2020-10-21,77.1500,77.1700,76.5600,76.6800,66.1217,388700
2020-10-22,76.8900,77.8800,76.7000,77.7700,67.0617,404500
2020-10-23,77.5400,77.6300,76.7700,77.2500,66.6132,407000
2020-10-26,76.3600,76.3600,74.6500,75.3900,65.0094,557700
2020-10-27,75.3200,75.3200,74.0800,74.0800,63.8797,902800
2020-10-28,72.5700,73.2800,71.8800,71.9400,62.0344,903000
2020-10-29,71.8600,73.3500,71.5800,72.7700,62.7501,610900
2020-10-30,72.3600,73.0500,71.8700,72.9900,62.9398,1429900
2020-11-02,73.8600,74.6200,73.3800,74.4500,64.1988,1428000
2020-11-03,75.5200,76.3300,75.4400,75.9000,65.4491,1477000
2020-11-04,76.1300,77.2300,75.3100,75.9900,65.5268,1396200
2020-11-05,77.2800,78.2000,76.8900,77.8500,67.1306,1254600
2020-11-06,77.6000,78.0200,77.1600,77.3100,66.6650,1293300
2020-11-09,81.2600,82.1700,80.0300,80.1200,69.0881,2998900
2020-11-10,80.2200,81.3500,80.2200,81.2100,70.0280,1376700
2020-11-11,81.9400,81.9400,80.6300,81.1300,69.9590,2606300
2020-11-12,80.6700,80.6800,79.0100,79.7000,68.7259,849100
2020-11-13,80.1100,81.9300,80.1100,81.6900,70.4419,700600
2020-11-16,83.2800,83.5800,82.6000,83.5500,72.0458,1280200
2020-11-17,82.9700,83.4800,82.0500,83.1400,71.6923,3118400
2020-11-18,83.0800,84.0200,82.6200,82.6300,71.2525,730500
2020-11-19,82.6400,82.9300,81.9400,82.8900,71.4767,856900
2020-11-20,82.6800,83.0700,82.4200,82.4900,71.1317,1239100
2020-11-23,83.1300,84.6300,83.1300,84.4700,72.8391,1496200
2020-11-24,85.5000,86.5800,85.1100,86.5100,74.5982,1742900
2020-11-25,86.2300,86.2300,85.2100,85.7700,73.9601,739200
2020-11-27,85.8800,86.2900,85.6600,85.8200,74.0032,2250200
2020-11-30,85.4200,85.6900,84.7500,84.9800,73.2789,1427800
2020-12-01,86.0600,86.8200,85.8800,85.9400,74.1067,580300
2020-12-02,85.6200,86.6700,85.6200,86.6100,74.6845,591200
2020-12-03,86.8300,87.4800,86.5400,87.1800,75.1760,678400
2020-12-04,87.5100,88.8100,87.5100,88.8100,76.5815,515300
2020-12-07,88.7300,88.7300,87.7400,88.1200,75.9865,491100
2020-12-08,87.8900,88.8300,87.6900,88.7900,76.5643,609000
2020-12-09,88.9400,89.4600,88.2000,88.6900,76.4781,697600
2020-12-10,88.2600,88.3400,87.7600,88.0600,75.9348,349600
2020-12-11,87.6800,87.7600,86.8400,87.5100,75.4605,720000
2020-12-14,87.9500,87.9500,86.3800,86.4200,74.9790,1060500
2020-12-15,87.1500,87.4100,86.4400,87.3600,75.7945,560000
2020-12-16,87.3400,87.4200,86.8900,87.1100,75.5777,804900
2020-12-17,87.5300,87.5400,86.7900,87.1500,75.6124,977200
2020-12-18,87.4800,87.4800,85.7200,86.0900,74.6927,1057600
2020-12-21,84.4300,85.8000,84.3700,85.6300,74.2936,1920000
2020-12-22,85.4700,85.4700,84.7600,84.8600,73.6255,651000
2020-12-23,85.1300,86.0600,84.9700,85.6600,74.3196,443700
2020-12-24,85.9800,85.9800,85.2500,85.7800,74.4237,209900
2020-12-28,86.4700,86.6200,85.7000,85.8300,74.4671,414100
2020-12-29,86.3100,86.3100,85.4200,85.7100,74.3630,953300
2020-12-30,85.9000,86.3800,85.9000,86.1000,74.7014,977600
2020-12-31,86.1700,86.9800,85.8600,86.9100,75.4041,413400
2021-01-04,87.2000,87.4500,85.4300,86.1400,74.7361,1057400
2021-01-05,86.3300,87.6500,86.3300,87.2000,75.6557,907000
2021-01-06,87.5600,90.2900,87.5600,89.4700,77.6252,3376200
2021-01-07,90.4100,90.9400,90.0900,90.6300,78.6317,870800
2021-01-08,91.3400,91.3400,89.3900,90.2200,78.2759,841400
2021-01-11,89.8900,91.1000,89.4500,90.8400,78.8139,500400
2021-01-12,91.3600,92.1800,91.0000,92.0400,79.8550,454500
2021-01-13,93.0200,93.1300,92.0500,92.3100,80.0892,752000
2021-01-14,92.6900,94.4800,92.6900,93.9400,81.5034,1921400
2021-01-15,93.5000,93.5000,92.0900,92.7500,80.4710,7896200
2021-01-19,93.6600,93.7700,93.0700,93.5800,81.1911,1030800
2021-01-20,93.9600,94.3300,93.5700,94.0500,81.5989,1481900
2021-01-21,94.3800,94.6900,93.8300,94.4000,81.9025,463800
2021-01-22,93.2300,93.3300,92.4900,93.0100,80.6966,709100
2021-01-25,93.0100,93.0200,91.6100,92.7900,80.5057,474100
2021-01-26,93.1500,93.2400,92.2700,92.6100,80.3495,672200
2021-01-27,91.6500,91.8400,90.2400,90.6600,78.6577,498300
2021-01-28,91.1400,92.1800,90.9500,91.1400,79.0741,704900
2021-01-29,91.0300,91.5400,89.4100,89.7800,77.8942,1651300
2021-02-01,90.6600,91.2900,89.7600,90.9100,78.8746,906500
2021-02-02,91.8900,92.1200,91.3900,91.7700,79.6207,1273300
2021-02-03,91.8200,92.3400,91.5400,92.1900,79.9851,535300
2021-02-04,92.2100,93.4600,92.0900,93.4200,81.0523,619900
2021-02-05,93.8500,94.2000,93.5900,93.7100,81.3039,579800
2021-02-08,94.3900,95.2000,94.3500,95.1900,82.5880,1768200
2021-02-09,95.1600,95.4100,94.6600,95.1900,82.5880,695600
2021-02-10,95.4200,95.4900,94.2600,95.2100,82.6053,607400
2021-02-11,95.3200,95.7100,94.7300,95.6800,83.0131,673200
2021-02-12,95.2900,96.5200,95.2900,96.4000,83.6378,767500
2021-02-16,96.9800,96.9800,96.3300,96.4600,83.6898,523500
2021-02-17,96.0200,96.7600,95.6700,96.6300,83.8373,556300
2021-02-18,96.0600,96.5200,95.6600,96.1800,83.4469,684800
2021-02-19,96.6300,97.4200,96.6300,97.1400,84.2798,414200
2021-02-22,96.7500,97.6800,96.7100,96.9100,84.0803,656000
2021-02-23,96.5700,97.3000,95.2400,96.9400,84.1063,1193800
2021-02-24,97.1200,99.2700,96.8600,99.1900,86.0584,1533500
2021-02-25,99.2400,99.2400,96.0300,96.3400,83.5857,1186000
2021-02-26,96.9300,97.1600,95.0500,95.9800,83.2734,943100
2021-03-01,97.4400,98.7600,97.1800,98.3100,85.2949,519200
2021-03-02,98.5100,98.6700,97.7500,97.7700,84.8264,2048500
2021-03-03,97.8900,98.7300,97.5700,97.6900,84.7570,583400
2021-03-04,97.6900,98.3300,94.5900,96.2200,83.4816,1628400
2021-03-05,97.3700,99.0800,95.6200,98.7600,85.6853,1427500
2021-03-08,98.9500,100.8600,98.9400,99.6200,86.4315,869000
2021-03-09,100.3800,100.9300,99.6500,100.0400,86.7959,10290500
2021-03-10,100.4600,101.6500,100.4600,101.2000,87.8023,1050500
2021-03-11,101.9700,102.3700,101.2800,101.7200,88.2535,820600
2021-03-12,101.9400,102.8600,101.6400,102.8300,89.2165,841800
2021-03-15,103.1000,103.7700,102.4200,103.7400,90.0060,1671500
2021-03-16,103.6100,103.9500,103.1300,103.3300,89.6503,806900
2021-03-17,103.1800,104.4900,102.5700,104.4900,90.6567,821700
2021-03-18,104.1600,105.1800,103.1300,103.3400,89.6590,918000
2021-03-19,103.5100,104.1400,102.3700,103.3500,89.6677,984700
2021-03-22,103.3200,104.1600,102.8400,103.8200,90.0755,622800
2021-03-23,103.1400,103.1700,100.8900,101.2700,87.8630,3100600
2021-03-24,102.2700,102.4900,100.3500,100.3500,87.0648,1324800
2021-03-25,99.2500,101.3700,98.9600,101.1500,88.1684,1313000
2021-03-26,101.6100,103.0000,101.0900,102.9600,89.7461,1387200
2021-03-29,102.4300,102.8800,101.6400,102.1700,89.0574,1326900
2021-03-30,102.0300,102.9300,101.8800,102.7600,89.5717,734400
2021-03-31,103.1200,103.1200,102.4300,102.4600,89.3102,1062600
2021-04-01,103.2000,103.5800,102.5700,103.5100,90.2255,964100
2021-04-05,104.4300,105.0100,104.1000,104.8800,91.4196,1074300
2021-04-06,104.7600,105.2200,104.4300,104.6700,91.2366,800100
2021-04-07,104.9700,104.9700,104.0600,104.5200,91.1059,753400
2021-04-08,104.6300,104.6300,103.7700,104.4200,91.0187,1419000
2021-04-09,104.4200,105.0200,104.2900,105.0000,91.5242,587700
2021-04-12,104.8200,105.2100,104.2500,104.5900,91.1669,2699400
2021-04-13,104.3600,104.5300,103.3200,103.7700,90.4521,941200
2021-04-14,103.7700,104.5700,103.6400,103.9700,90.6264,1376300
2021-04-15,104.6100,104.6100,103.8500,104.4500,91.0448,1658500
2021-04-16,104.7800,105.2500,104.6900,104.8800,91.4196,1149300
2021-04-19,104.8300,104.8800,103.8200,104.1800,90.8095,922900
2021-04-20,103.9200,103.9200,102.4800,102.8100,89.6153,1443200
2021-04-21,102.6500,104.6300,102.5000,104.5300,91.1146,1559100
2021-04-22,104.9600,104.9600,103.2300,103.5500,90.2603,2919800
2021-04-23,103.6000,104.6400,103.1800,104.2800,90.8966,1218900
2021-04-26,104.5100,104.9800,104.4400,104.5600,91.1407,9127100
2021-04-27,104.6500,104.9000,104.3600,104.7500,91.3063,1665000
2021-04-28,104.6400,104.8900,104.3600,104.5300,91.1146,1962200
2021-04-29,105.1500,105.3100,104.2500,105.2000,91.6986,732300
2021-04-30,104.5300,104.8900,103.9100,104.2800,90.8966,769100
2021-05-03,105.0000,105.6200,104.7100,105.1300,91.6376,973800
2021-05-04,104.7100,104.9900,103.7100,104.9500,91.4807,1168300
2021-05-05,105.5700,106.0400,104.8600,105.7500,92.1780,1632300
2021-05-06,105.7900,106.8500,105.2500,106.8400,93.1281,2462300
2021-05-07,106.6100,107.9500,106.3400,107.8600,94.0172,2324500
2021-05-10,108.4000,108.4000,107.1000,107.1200,93.3722,5043500
2021-05-11,105.6900,106.4700,104.6800,105.7300,92.1606,5219300
2021-05-12,105.4400,105.4800,102.9100,103.0400,89.8158,1588500
2021-05-13,103.4400,105.3100,103.3300,104.7900,91.3412,1293100
2021-05-14,105.4400,106.6600,105.3100,106.3500,92.7010,984800
2021-05-17,106.5500,106.9200,106.1700,106.5800,92.9015,2044600
2021-05-18,106.4500,106.5400,105.1500,105.2300,91.7247,1151300
2021-05-19,103.8900,104.9300,103.0700,104.9300,91.4632,1732000
2021-05-20,105.1300,106.0900,104.7200,105.7600,92.1867,994300
2021-05-21,106.1600,106.8400,105.9500,106.2100,92.5789,553300
2021-05-24,106.7900,107.3600,106.6900,106.8800,93.1630,1783900
2021-05-25,107.2000,107.3300,105.8300,105.9500,92.3523,3475300
2021-05-26,106.3700,106.5600,105.8800,106.5100,92.8405,629200
2021-05-27,107.2500,107.7800,107.2500,107.5100,93.7121,1237000
2021-05-28,107.8300,107.8300,106.9500,107.2500,93.4855,1247500
2021-06-01,107.8300,108.2400,107.3600,107.6700,93.8516,586600
2021-06-02,108.0200,108.0600,107.4100,108.0300,94.1654,442400
2021-06-03,107.7600,108.2500,107.2000,108.0800,94.2090,1214800
2021-06-04,108.6500,108.8000,108.2200,108.7200,94.7668,701300
2021-06-07,108.9500,108.9500,108.2400,108.4600,94.5402,912000
2021-06-08,108.4100,108.4700,107.6700,108.3300,94.4269,540800
2021-06-09,108.4600,108.4600,107.6400,107.7000,93.8777,1018700
2021-06-10,107.8300,108.0100,106.8600,107.1000,93.7805,1413600
2021-06-11,107.6500,107.6500,107.0100,107.4500,94.0870,1523500
2021-06-14,107.4000,107.4000,106.1300,106.6300,93.3690,755500
2021-06-15,106.8700,107.0700,106.3800,106.8500,93.5616,633800
2021-06-16,107.0300,107.0300,105.4700,105.8200,92.6597,889100
2021-06-17,106.2100,106.2100,103.6000,104.2800,91.3112,1155000
2021-06-18,103.1700,103.2400,102.2300,102.2800,89.5600,1210400
2021-06-21,103.0700,104.0800,102.9600,104.0700,91.1274,1277100
2021-06-22,104.1400,104.3500,103.5700,104.0700,91.1274,1240200
2021-06-23,104.2200,104.3900,103.9400,103.9400,91.0135,1186800
2021-06-24,104.3800,104.9100,104.1500,104.8200,91.7841,602400
2021-06-25,104.6100,105.4800,104.6100,105.3000,92.2044,1207200
2021-06-28,105.3400,105.3400,104.6500,105.1000,92.0293,580700
2021-06-29,105.2100,105.6200,104.5900,104.7300,91.7053,837900
2021-06-30,104.7500,105.2500,104.5700,105.0600,91.9942,753100
2021-07-01,105.4300,105.5900,104.9700,105.4200,92.3095,702600
2021-07-02,105.5100,105.6100,105.0600,105.3900,92.2832,635300
2021-07-06,105.2200,105.2500,103.3100,103.9600,91.0311,1002100
2021-07-07,103.7100,104.2900,103.1500,103.9600,91.0311,1611400
2021-07-08,102.2400,103.3400,101.8800,102.8200,90.0328,1509100
2021-07-09,103.5100,104.7100,103.5100,104.6000,91.5915,1288100
2021-07-12,104.2100,105.1200,103.8300,105.0800,92.0118,1507200
2021-07-13,104.7000,104.9900,103.9900,104.0600,91.1186,5930500
2021-07-14,104.6300,105.1000,103.5700,104.0300,91.0923,1726300
2021-07-15,103.6600,103.8700,103.0700,103.5600,90.6808,1485100
2021-07-16,104.0100,104.0700,102.1600,102.2600,89.5425,1630200
2021-07-19,100.6700,101.0100,99.7300,100.5700,88.0626,3237600
2021-07-20,101.0300,102.8900,100.7300,102.5400,89.7876,2176900
2021-07-21,103.1300,103.8700,103.0700,103.8000,90.8909,3553300
2021-07-22,103.7000,103.7000,102.6400,103.1500,90.3218,4630400
2021-07-23,103.4000,103.4200,102.7800,103.3400,90.4882,2835300
2021-07-26,103.3000,104.0100,103.2200,103.9700,91.0398,1326200
2021-07-27,103.5300,103.6200,102.7000,103.5200,90.6458,751300
2021-07-28,103.5900,104.0800,103.0300,103.6300,90.7421,1407300
2021-07-29,104.5700,105.2300,104.4500,104.8900,91.8454,935600
2021-07-30,104.4800,105.1000,104.1600,104.3300,91.3550,1126400
2021-08-02,104.5800,105.7600,104.1100,104.2100,91.2499,673900
2021-08-03,104.5700,105.4500,103.4800,105.4500,92.3357,995500
2021-08-04,104.6900,104.7600,103.8300,103.8300,90.9172,1068800
2021-08-05,104.0800,104.4400,104.0500,104.3300,91.3550,684000
2021-08-06,104.7200,105.3400,104.6500,105.1200,92.0468,682400
2021-08-09,105.0400,105.1500,104.5100,104.8900,91.8454,1153200
2021-08-10,104.8700,105.6700,104.7500,105.6000,92.4671,671900
2021-08-11,105.8400,106.3500,105.4500,106.3300,93.1063,1241100
2021-08-12,106.2700,106.2700,105.2900,105.8500,92.6860,636800
2021-08-13,105.9600,106.0400,105.5900,105.7800,92.6247,948900
2021-08-16,105.3900,105.7400,104.7700,105.7200,92.5722,1014800
2021-08-17,105.1600,105.2300,103.8500,104.8400,91.8016,1386700
2021-08-18,104.5600,105.2200,103.6700,103.7500,90.8472,1236400
2021-08-19,102.9000,103.5100,102.4100,102.9000,90.1029,1818900
2021-08-20,102.9000,103.6500,102.6500,103.4800,90.6108,732200
2021-08-23,103.9800,104.6200,103.9800,104.3600,91.3813,1179200
2021-08-24,104.5500,105.1700,104.5300,104.9700,91.9154,1520400
2021-08-25,105.1500,106.0000,104.8200,105.4700,92.3532,1067800
2021-08-26,105.3700,105.3700,104.3000,104.4600,91.4689,1545300
2021-08-27,104.5400,105.6900,104.4800,105.5300,92.4058,691100
2021-08-30,105.6300,105.6400,104.9400,105.0500,91.9855,456000
2021-08-31,105.1000,105.5600,104.8600,105.1300,92.0555,967600
2021-09-01,105.3000,105.3900,104.2300,104.4800,91.4864,1109000
2021-09-02,104.7300,105.3400,104.5700,105.3400,92.2394,774900
2021-09-03,105.1300,105.2700,104.6100,104.8000,91.7666,742500
2021-09-07,104.6900,104.7100,103.9600,104.0600,91.1186,723100
2021-09-08,103.8900,104.1200,103.2700,103.7300,90.8297,935100
2021-09-09,103.5800,104.1000,103.3000,103.3700,90.5144,989800
2021-09-10,103.9900,104.1600,102.6600,102.6700,89.9015,762000
2021-09-13,103.5200,103.9900,103.2000,103.7900,90.8822,652300
2021-09-14,104.1400,104.1400,102.4000,102.5900,89.8314,721500
2021-09-15,102.5600,104.0400,102.4800,103.9200,90.9960,744700
2021-09-16,103.8100,104.1500,103.0200,103.6300,90.7421,477400
2021-09-17,103.5700,103.6100,102.7500,103.0000,90.1904,712800
2021-09-20,101.2200,101.5400,99.8400,101.0700,88.5005,732500
2021-09-21,101.5800,101.7400,100.4200,100.5500,88.0451,814000
2021-09-22,101.3800,102.3800,101.3200,101.5900,88.9558,755400
2021-09-23,102.0600,103.5800,102.0400,102.9900,90.1817,881500
2021-09-24,101.8100,102.8200,101.8100,102.3700,90.2866,549500
2021-09-27,102.5400,103.8800,102.5400,103.4600,91.2480,626800
2021-09-28,103.2200,103.6800,102.1400,102.2500,90.1808,1061600
2021-09-29,102.4700,102.9000,101.8900,102.3300,90.2513,772100
2021-09-30,102.7300,102.8200,100.6600,100.7000,88.8137,911800
2021-10-01,101.2500,102.2100,100.1500,101.6100,89.6164,1021300
2021-10-04,101.5700,102.5800,101.0800,101.3800,89.4135,2631400
2021-10-05,101.8200,102.6000,101.1900,102.1400,90.0838,862500
2021-10-06,101.3900,101.8300,100.4000,101.7700,89.7575,1185600
2021-10-07,102.4900,103.6200,102.4900,102.9200,90.7717,742600
2021-10-08,103.0000,103.4800,102.7400,102.9000,90.7541,849200
2021-10-11,103.0400,103.5700,102.1800,102.1900,90.1279,799800
2021-10-12,102.3100,102.3900,101.3800,101.6400,89.6428,4486600
2021-10-13,101.7400,101.9800,100.4400,101.6100,89.6164,988200
2021-10-14,102.5100,103.5400,102.2400,103.4200,91.2127,855700
2021-10-15,104.0000,104.5900,103.9400,103.9600,91.6890,893100
2021-10-18,103.4700,104.1300,103.0800,103.6900,91.4508,754700
2021-10-19,104.1000,104.3200,103.7000,104.3000,91.9888,2167800
2021-10-20,104.2200,105.5600,104.1900,105.3700,92.9325,987700
2021-10-21,105.0800,105.2300,104.4400,105.0000,92.6062,7160900
2021-10-22,104.5000,104.9600,103.9700,104.3200,92.0064,1685300
2021-10-25,104.6300,104.7700,104.3000,104.5000,92.1652,1410500
2021-10-26,104.4900,104.5200,103.7300,103.8200,91.5655,1131300
2021-10-27,103.7600,103.7600,102.1600,102.1600,90.1014,2332100
2021-10-28,102.6700,103.4300,102.6700,103.4300,91.2215,1209500
2021-10-29,103.1300,103.6500,102.9400,103.2000,91.0186,1051400
2021-11-01,103.7700,104.4800,103.5700,104.4800,92.1476,899500
2021-11-02,104.6700,104.7900,104.1600,104.7400,92.3769,1050400
2021-11-03,104.5000,105.9200,104.3400,105.7500,93.2677,1321700
2021-11-04,105.8700,106.1700,105.1200,105.6000,93.1353,1119300
2021-11-05,106.4500,107.1000,106.2500,106.5700,93.9909,1277000
2021-11-08,107.1900,107.4800,106.7700,106.9600,94.3348,919400
2021-11-09,106.9300,107.1200,106.2600,106.8300,94.2202,2729200
2021-11-10,106.6400,107.5400,106.2400,106.4600,93.8939,1297900
2021-11-11,106.8500,107.3100,106.5300,107.1900,94.5377,1193500
2021-11-12,107.3200,107.9500,107.1100,107.6300,94.9257,673700
2021-11-15,107.8400,107.9400,107.4300,107.6200,94.9169,1141800
2021-11-16,107.6100,107.9000,107.2300,107.2500,94.5906,752700
2021-11-17,107.0800,107.0800,106.4000,106.6600,94.0703,893600
2021-11-18,106.6900,106.6900,105.4600,106.0700,93.5499,1190900
2021-11-19,105.7900,105.8800,105.1300,105.1800,92.7649,839700
2021-11-22,105.5800,107.2700,105.5100,106.3600,93.8057,1193200
2021-11-23,106.6300,107.1200,106.3200,107.0100,94.3789,1098800
2021-11-24,106.6800,107.0200,106.5100,106.8500,94.2378,966000
2021-11-26,104.4700,104.9100,103.7300,104.4900,92.1564,1166600
2021-11-29,105.4200,105.7500,104.1500,104.8000,92.4298,1339700
2021-11-30,104.0600,104.2700,101.9700,102.2200,90.1543,1888400
2021-12-01,103.5200,104.9200,101.5600,101.6000,89.6075,2207400
2021-12-02,101.8900,104.3000,101.7000,103.7600,91.5126,2120700
2021-12-03,104.2300,104.6100,102.8900,103.7000,91.4596,1805000
2021-12-06,104.3500,105.7100,104.1100,104.9300,92.5445,1427700
2021-12-07,106.3700,107.1900,106.1600,106.6500,94.0614,1281300
2021-12-08,106.8400,107.0800,106.1700,106.4400,93.8762,788200
2021-12-09,106.0800,106.4000,105.8400,105.9200,93.4176,1020800
2021-12-10,106.3900,107.0400,105.8600,106.9700,94.3437,1179600
2021-12-13,106.1800,106.2500,104.8500,104.9600,93.2158,1061400
2021-12-14,104.2500,105.5800,104.2500,104.6900,92.9760,1501900
2021-12-15,104.8000,105.9100,104.0400,105.8600,94.0151,2002400
2021-12-16,106.3900,107.6000,106.2700,106.5700,94.6456,2329500
2021-12-17,106.2600,106.3000,105.0000,105.5200,93.7131,2360300
2021-12-20,104.3100,104.4900,103.1800,104.2800,92.6118,1477700
2021-12-21,105.2700,106.5400,105.2700,106.5000,94.5835,1226900
2021-12-22,106.2300,107.3900,106.0300,107.2900,95.2851,957600
2021-12-23,107.5500,108.5200,107.5500,108.2000,96.0932,701700
2021-12-27,108.4100,109.3300,107.9600,109.3300,97.0968,704700
2021-12-28,109.3100,109.9300,109.0800,109.4200,97.1767,1001900
2021-12-29,109.3200,110.0100,109.3200,109.7700,97.4876,953200
2021-12-30,109.8200,110.3400,109.5200,109.5900,97.3277,621700
2021-12-31,109.5700,109.9500,109.4000,109.4700,97.2211,545700
2022-01-03,109.9300,111.1700,109.8800,111.1100,98.6776,1635100
2022-01-04,111.8100,113.3000,111.5900,113.0200,100.3739,2664400
2022-01-05,113.3400,114.9600,112.2100,112.2100,99.6545,3333900
2022-01-06,112.9700,113.1200,111.6700,112.4800,99.8943,3127800
2022-01-07,112.7100,113.3100,112.4900,112.8500,100.2229,2335900
2022-01-10,112.6700,113.0500,111.4500,112.9700,100.3295,3506100
2022-01-11,113.0300,113.9000,112.1700,113.8600,101.1199,2925900
2022-01-12,114.3200,114.5400,113.1400,114.0400,101.2798,2003600
2022-01-13,114.5300,115.4200,113.9800,114.3400,101.5462,3827200
2022-01-14,113.4300,114.9500,113.1600,114.9200,102.0613,3906700
2022-01-18,114.1100,114.1100,112.2700,112.6800,100.0719,6587300
2022-01-19,112.7600,112.9400,110.3200,110.3600,98.0116,6913400
2022-01-20,110.4500,111.5000,108.5300,108.6700,96.5107,2215200
2022-01-21,108.1200,108.8900,106.4700,106.7200,94.7788,3197100
2022-01-24,104.9900,107.2700,102.9300,107.1400,95.1518,3635900
2022-01-25,105.5600,107.5400,104.0100,106.5500,94.6279,10306800
2022-01-26,107.7900,108.3600,104.4000,105.6000,93.7841,2901900
2022-01-27,106.0100,107.0300,103.9700,104.4800,92.7895,17944500
2022-01-28,104.0500,106.1100,103.2400,106.1000,94.2282,6006900
2022-01-31,105.9700,107.4000,105.1500,107.3100,95.3028,3053200
2022-02-01,107.1800,107.9600,106.1900,107.7500,95.6936,2497400
2022-02-02,107.8400,108.9800,107.3800,108.7500,96.5817,2399000
2022-02-03,108.1700,108.7300,107.2900,107.3800,95.3650,9420500
2022-02-04,106.8300,107.2700,105.4100,106.4800,94.5657,2652000
2022-02-07,106.6900,107.6700,106.3500,106.8800,94.9209,2452300
2022-02-08,106.6300,107.8100,106.2600,107.6400,95.5959,2600800
2022-02-09,108.2400,109.4700,108.2400,109.3000,97.0702,2077300
2022-02-10,108.2500,109.9900,107.4800,107.8400,95.7735,2543900
2022-02-11,108.0200,108.9100,106.1800,106.6700,94.7344,2487300
2022-02-14,106.6000,106.8100,104.9800,105.7200,93.8907,3382500
2022-02-15,106.4400,107.4700,106.2900,107.4300,95.4094,1841900
2022-02-16,106.8800,107.7700,106.4800,107.4500,95.4272,1924900
2022-02-17,107.0300,107.0300,105.5600,105.7300,93.8996,1468100
2022-02-18,105.5700,106.1100,104.4200,105.1100,93.3490,1792400
2022-02-22,104.6400,105.3700,102.9100,103.7900,92.1767,2115300
2022-02-23,104.5600,104.8800,102.3500,102.4900,91.0221,1937400
2022-02-24,100.0700,102.9700,99.6500,102.8400,91.3330,5063200
2022-02-25,103.2300,105.8500,103.2100,105.5600,93.7486,2218200
2022-02-28,104.1900,105.3900,103.6200,105.0000,93.2513,1867600
2022-03-01,104.5700,105.0900,102.3100,103.0300,91.5017,2079600
2022-03-02,103.7900,106.5700,103.7900,106.1300,94.2549,2005900
2022-03-03,106.4800,106.7400,104.8100,105.6200,93.8019,1157200
2022-03-04,104.6900,104.6900,103.3100,104.3700,92.6918,1159900
2022-03-07,103.9700,104.1500,101.5100,101.5500,90.1873,1932700
2022-03-08,101.8200,103.4500,100.7600,100.8600,89.5745,1510900
2022-03-09,102.8700,103.4900,102.4100,102.8000,91.2975,1709200
2022-03-10,101.6800,102.3300,100.9400,102.1200,90.6935,1186300
2022-03-11,102.8800,103.0000,101.1500,101.1900,89.8676,2728600
2022-03-14,101.7200,102.0100,100.0300,100.5400,89.2903,1944200
2022-03-15,100.7100,102.3200,100.5300,102.1300,90.7024,2112300
2022-03-16,103.0600,104.0600,101.8600,104.0400,92.3987,1288600
2022-03-17,103.4900,105.0500,103.2000,105.0200,93.2691,1085800
2022-03-18,104.4700,105.5500,104.1300,105.4300,93.6332,1386700
2022-03-21,105.4400,106.3700,104.7600,105.3400,93.5533,1049900
2022-03-22,105.6600,106.5600,105.6600,106.2400,94.3526,1150600
2022-03-23,105.8200,106.0700,104.8100,104.8100,93.0825,746800
2022-03-24,104.4800,105.6600,104.3000,105.6600,94.4938,1084300
2022-03-25,105.6500,106.5300,105.5300,106.5100,95.2540,1007500
2022-03-28,106.2500,106.2500,105.2300,106.2100,94.9857,737100
2022-03-29,107.0700,107.7600,106.6400,107.6400,96.2645,1053300
2022-03-30,107.6600,108.0200,106.2600,106.7000,95.4239,730800
2022-03-31,106.0300,106.4200,104.5000,104.5700,93.5190,2813100
2022-04-01,105.1500,105.2200,103.3800,104.4500,93.4117,980700
2022-04-04,104.5000,104.8000,103.5800,104.7100,93.6442,1168900
2022-04-05,104.4300,104.8800,102.9100,103.1200,92.2222,2123800
2022-04-06,102.3800,103.1400,102.1200,102.7300,91.8734,1162700
2022-04-07,102.5400,103.5000,101.7400,103.1000,92.2043,1262300
2022-04-08,102.9000,104.2600,102.8700,103.7400,92.7767,913600
2022-04-11,103.4300,104.7900,103.3700,103.5100,92.5710,1138500
2022-04-12,103.9100,104.7900,102.9200,103.2600,92.3474,1036400
2022-04-13,103.1400,104.1900,103.1000,104.0500,93.0539,1481600
2022-04-14,103.9200,104.5300,103.4100,103.4100,92.4816,544900
2022-04-18,103.0500,104.1900,103.0500,103.7000,92.7409,967300
2022-04-19,103.6300,105.3600,103.6300,105.1500,94.0377,843100
2022-04-20,105.8700,106.4600,105.5900,105.8100,94.6279,1070900
2022-04-21,106.5600,106.8000,104.6800,104.8300,93.7515,836400
2022-04-22,104.4300,104.4700,101.8600,101.9600,91.1848,841000
2022-04-25,101.3400,102.5200,99.8200,102.3700,91.5515,1296700
2022-04-26,101.8000,102.1900,100.1100,100.1400,89.5571,1233800
2022-04-27,100.1800,101.0500,99.2000,99.9800,89.4141,1474000
2022-04-28,100.7700,102.2500,99.6000,101.7900,91.0328,1306000
2022-04-29,101.0300,101.4600,98.4100,98.5600,88.1441,2106600
2022-05-02,98.6300,99.5100,97.2500,99.3400,88.8417,1676900
2022-05-03,99.3700,101.3000,99.3700,100.6400,90.0043,1910700
2022-05-04,100.8700,103.8000,100.3800,103.6300,92.6783,1984600
2022-05-05,102.8200,102.8800,100.1100,101.1500,90.4604,1398400
2022-05-06,100.7000,101.3800,99.5500,100.7700,90.1206,1633900
2022-05-09,99.6700,100.2300,97.9600,98.3400,87.9473,11246100
2022-05-10,99.5000,99.7600,97.0100,98.0900,87.7238,2976900
2022-05-11,98.0600,99.6900,96.6300,96.7400,86.5165,3428100
2022-05-12,96.1100,97.4700,95.3500,97.0300,86.7758,2001200
2022-05-13,98.1100,99.3700,97.8700,98.9900,88.5287,1496700
2022-05-16,98.6200,99.7500,98.1900,98.9500,88.4929,898500
2022-05-17,100.1300,101.6500,100.1300,101.6100,90.8718,1034800
2022-05-18,100.5800,100.7100,97.3200,97.6700,87.3482,12712300
2022-05-19,96.3700,97.7300,96.0000,96.6300,86.4181,3851600
2022-05-20,97.3100,97.5900,94.3700,96.5900,86.3823,1547900
2022-05-23,97.3300,98.7200,97.0200,98.2600,87.8758,1069300
2022-05-24,97.7300,98.1900,96.1300,97.9000,87.5539,1491800
2022-05-25,97.5500,99.7200,97.4600,99.2600,88.7702,1410700
2022-05-26,99.7000,101.5700,99.5300,101.1300,90.4425,949200
2022-05-27,101.5800,103.0500,101.5800,103.0200,92.1328,948100
2022-05-31,102.4200,103.1400,101.6400,102.4100,91.5873,1382600
2022-06-01,102.8400,103.1800,100.6400,101.4600,90.7376,896500
2022-06-02,101.4100,102.4700,100.5100,102.4700,91.6409,1070800
2022-06-03,101.2700,101.7600,100.8700,101.0600,90.3799,649800
2022-06-06,101.8800,102.2400,101.1000,101.3700,90.6571,696500
2022-06-07,100.7000,102.4200,100.3800,102.3500,91.5336,731800
2022-06-08,101.7500,101.7800,100.3000,100.5300,89.9059,666500
2022-06-09,99.4700,99.7200,97.5000,97.5100,87.8016,843400
2022-06-10,96.0800,96.3400,94.8000,94.8800,85.4335,1259800
2022-06-13,92.6200,93.0400,90.4800,90.8900,81.8407,2085300
2022-06-14,91.5900,92.1100,90.1900,90.9900,81.9308,2133400
2022-06-15,91.8400,92.9800,90.3800,91.9000,82.7502,1407600
2022-06-16,89.9000,89.9100,87.7100,88.4500,79.6436,1314800
2022-06-17,88.6200,89.1500,87.2400,88.4000,79.5986,1575100
2022-06-21,89.7700,90.7800,89.6600,90.4300,81.4265,1077500
2022-06-22,89.1300,90.9300,89.1300,90.0000,81.0393,1047100
2022-06-23,90.4600,90.7300,89.1100,90.2400,81.2554,1054000
2022-06-24,90.9700,93.0900,90.9700,93.0700,83.8037,824800
2022-06-27,93.5800,93.9000,92.8000,93.2300,83.9477,633200
2022-06-28,93.9700,94.7700,91.9800,92.0900,82.9212,698200
2022-06-29,92.0800,92.2200,90.7500,91.2800,82.1919,857400
2022-06-30,90.2400,91.5200,89.5100,90.5200,81.5075,1155700
2022-07-01,90.1300,91.3200,89.1800,91.1100,82.0388,890300
2022-07-05,89.6100,90.6400,88.5300,90.6400,81.6156,1090500
2022-07-06,90.6300,91.1400,89.5600,90.5100,81.4986,806200
2022-07-07,91.2300,92.3700,91.2300,92.0900,82.9212,782700
2022-07-08,91.9600,92.6700,91.5500,92.0200,82.8582,1317200
2022-07-11,91.2000,91.8000,90.9800,91.0800,82.0118,771800
2022-07-12,90.7000,92.0300,90.7000,91.1200,82.0478,1051400
2022-07-13,89.8500,91.1600,89.5200,90.6000,81.5796,727100
2022-07-14,89.3400,89.8500,88.3700,89.7000,80.7692,1058600
2022-07-15,91.0400,91.8600,90.1900,91.8600,82.7141,585300
2022-07-18,92.7000,92.8700,91.1200,91.4100,82.3089,680500
2022-07-19,92.2000,94.0900,92.2000,93.9900,84.6321,654600
2022-07-20,93.5000,94.2600,93.1700,94.0900,84.7221,699700
2022-07-21,93.4500,94.1300,92.5100,94.1000,84.7311,1565000
2022-07-22,93.9600,94.3100,92.6600,93.2300,83.9477,912100
2022-07-25,93.4200,93.9500,93.1600,93.6500,84.3259,638800
2022-07-26,93.4000,93.6800,92.7900,92.9600,83.7046,590600
2022-07-27,93.3300,95.0100,92.9400,94.6500,85.2264,1112000
2022-07-28,94.9500,95.6000,93.8500,95.4700,85.9647,751300
2022-07-29,94.7900,96.0600,94.7400,95.8200,86.2799,780800
2022-08-01,95.3500,96.4000,95.0600,95.9600,86.4059,814500
2022-08-02,95.7000,96.0900,94.8400,94.8600,85.4155,563900
2022-08-03,95.5700,96.3400,95.2100,95.9900,86.4329,557700
2022-08-04,95.8300,95.9600,95.3700,95.4200,85.9197,581100
2022-08-05,94.4700,95.4900,94.3000,95.2700,85.7846,349500
2022-08-08,95.6200,96.1800,95.2800,95.5100,86.0007,709800
2022-08-09,95.2200,95.5000,94.4300,94.7900,85.3524,488800
2022-08-10,96.0000,96.7700,96.0000,96.6300,87.0092,473500
2022-08-11,97.1600,98.3300,97.1600,97.4800,87.7746,415400
2022-08-12,97.7800,99.1500,97.7800,99.1100,89.2423,820900
2022-08-15,98.3300,99.2300,98.3000,99.1000,89.2333,382100
2022-08-16,98.9300,99.9000,98.8200,99.3700,89.4764,475800
2022-08-17,98.5500,98.8000,97.6300,98.2000,88.4229,383800
2022-08-18,98.3600,99.1100,98.1300,98.9800,89.1252,328700
2022-08-19,98.4900,98.6100,97.8100,98.0800,88.3148,408100
2022-08-22,97.0300,97.0300,95.6400,95.8200,86.2799,555000
2022-08-23,95.9800,96.7200,95.7600,95.7800,86.2439,261500
2022-08-24,95.6500,96.4000,95.4200,96.1000,86.5320,430600
2022-08-25,96.3400,97.8300,96.3100,97.8300,88.0898,311900
2022-08-26,97.8300,97.8800,94.7400,94.7400,85.3074,515000
2022-08-29,94.1500,95.1400,93.9500,94.2800,84.8932,480100
2022-08-30,94.4800,94.5100,92.8500,93.3300,84.0378,338000
2022-08-31,93.3100,93.5900,92.4000,92.4000,83.2004,1140400
2022-09-01,91.8500,92.6500,91.0100,92.5400,83.3264,1576400
2022-09-02,93.4800,94.0000,91.5400,91.9100,82.7591,1848000
2022-09-06,92.3500,92.3500,90.8300,91.1400,82.0658,867500
2022-09-07,90.9200,92.5200,90.6700,92.3700,83.1734,503000
2022-09-08,91.8300,93.0600,91.3500,93.0500,83.7856,733900
2022-09-09,93.6200,94.7900,93.6200,94.5500,85.1363,484200
2022-09-12,95.1800,96.0400,95.1400,95.5300,86.0187,440600
2022-09-13,93.6700,93.8500,91.1600,91.4600,82.3539,364300
2022-09-14,91.5800,91.9500,90.5900,91.3100,82.2189,1176700
2022-09-15,91.2100,92.1400,90.7700,91.0300,81.9668,942600
2022-09-16,89.9700,90.4400,89.5000,90.3200,81.3274,806300
2022-09-19,89.4600,90.9900,89.4600,90.9200,81.8677,340500
2022-09-20,89.8800,89.9400,88.5600,89.0800,80.2109,469400
2022-09-21,89.4600,90.2700,87.6400,87.6600,78.9323,557000
2022-09-22,87.7400,87.8600,86.8200,86.8500,78.2029,815800
2022-09-23,85.6400,85.7400,83.8600,85.0000,76.5371,1171700
2022-09-26,83.7300,84.4200,82.5200,82.7900,75.2233,1207900
2022-09-27,83.5500,84.1500,82.1200,82.6900,75.1324,1472200
2022-09-28,83.0000,84.8700,82.7600,84.4700,76.7497,2214400
2022-09-29,83.7400,83.7400,82.1200,82.8200,75.2506,1908000
2022-09-30,82.8100,83.5500,81.7300,81.8600,74.3783,1023600
2022-10-03,82.8700,84.8200,82.5600,84.3700,76.6589,686400
2022-10-04,85.5700,87.4700,85.5700,87.4400,79.4483,885100
2022-10-05,86.2900,87.7100,85.8000,87.2000,79.2302,483200
2022-10-06,86.8100,87.5000,86.1100,86.2400,78.3580,730900
2022-10-07,85.1200,85.4000,83.7400,84.1900,76.4953,583100
2022-10-10,84.2000,84.4800,82.9400,83.4500,75.8230,689900
2022-10-11,82.8900,84.5100,82.6000,83.3500,75.7321,621400
2022-10-12,83.2300,83.8600,82.7900,82.9800,75.3959,601400
2022-10-13,81.6700,85.6900,81.3200,85.4200,77.6129,1012200
2022-10-14,85.6900,86.2900,83.8400,83.9500,76.2773,838800
2022-10-17,85.5300,85.9100,84.9500,85.2600,77.4676,949300
2022-10-18,86.6900,87.0600,85.3300,86.2900,78.4034,610800
2022-10-19,85.6400,86.4300,84.9600,85.6200,77.7946,547300
2022-10-20,85.8400,87.1900,85.3200,85.5400,77.7220,711300
2022-10-21,85.6000,88.2100,85.5800,88.1200,80.0662,515300
2022-10-24,88.6600,89.5100,88.2100,89.2600,81.1020,600300
2022-10-25,89.1900,90.6900,89.0200,90.4700,82.2014,520500
2022-10-26,90.6200,91.9900,90.6200,91.1100,82.7829,352900
2022-10-27,91.3800,92.0200,90.7500,90.8600,82.5557,887100
2022-10-28,91.0800,93.0800,91.0800,93.0500,84.5456,513800
2022-10-31,92.4000,93.0400,92.1700,92.5800,84.1185,425100
2022-11-01,93.5600,93.5800,92.4100,93.0500,84.5456,518600
2022-11-02,92.8700,94.1300,91.1200,91.1300,82.8011,789300
2022-11-03,89.8100,90.7500,89.3300,90.1500,81.9106,593500
2022-11-04,91.2900,92.4800,90.4300,91.8400,83.4462,559000
2022-11-07,92.3000,92.8000,91.6300,92.7200,84.2457,325200
2022-11-08,92.8600,93.8000,92.0700,93.1000,84.5910,570800
2022-11-09,92.3000,92.9200,91.1200,91.2200,82.8828,340000
2022-11-10,93.8500,95.3900,93.6700,95.2900,86.5808,690900
2022-11-11,95.2800,96.5400,94.8600,96.2300,87.4349,945300
2022-11-14,96.0900,97.0300,95.5200,95.5900,86.8534,323500
2022-11-15,96.6300,96.9800,95.3100,96.1600,87.3713,356200
2022-11-16,95.3800,95.6800,94.3600,94.4800,85.8449,406200
2022-11-17,93.2400,94.7100,93.2400,94.6700,86.0175,289000
2022-11-18,95.4000,95.5300,94.6400,95.3800,86.6626,327200
2022-11-21,94.9800,95.2500,94.3900,95.0600,86.3719,254500
2022-11-22,95.5200,96.6500,95.5200,96.6200,87.7893,530800
2022-11-23,96.2900,96.9600,96.1900,96.8500,87.9983,323000
2022-11-25,96.6900,97.2500,96.6900,97.0800,88.2072,132100
2022-11-28,96.1600,96.5700,95.0700,95.3400,86.6263,308000
2022-11-29,95.3800,96.1500,95.3800,95.8400,87.0806,534400
2022-11-30,95.7000,97.8900,94.9200,97.8900,88.9432,741400
2022-12-01,98.0400,98.5500,97.3100,97.5700,88.6525,614200
2022-12-02,96.1600,97.4400,96.1600,97.2700,88.3799,555500
2022-12-05,96.6200,96.8200,95.2200,95.5500,86.8171,465100
2022-12-06,95.3800,95.8500,93.7900,94.4000,85.7722,443800
2022-12-07,94.2400,95.1100,94.0500,94.4900,85.8540,283400
2022-12-08,94.9600,95.3900,94.7100,95.0100,86.3264,562100
2022-12-09,94.5300,95.4400,94.3600,94.4100,85.7813,236100
2022-12-12,94.3000,95.7700,94.2200,95.7300,86.9806,362000
2022-12-13,97.5400,97.6000,95.0500,95.5100,87.4457,1027900
2022-12-14,95.3000,96.3100,94.3500,95.0100,86.9879,776600
2022-12-15,93.9100,94.0000,92.3900,92.7400,84.9096,1053500
2022-12-16,91.9000,92.0400,90.8400,91.5100,83.7835,354600
2022-12-19,91.6700,91.7100,90.0500,90.6200,82.9686,445000
2022-12-20,90.2000,91.1100,90.2000,90.5900,82.9411,747300
2022-12-21,91.4100,92.0200,91.1900,91.7900,84.0398,405400
2022-12-22,91.0300,91.1100,89.2300,90.6900,83.0327,351700
2022-12-23,90.4300,91.2200,90.2200,91.2200,83.5180,462200
2022-12-27,91.0700,91.4300,90.6700,91.2100,83.5088,552800
2022-12-28,91.0100,91.4500,89.7600,89.8200,82.2362,382700
2022-12-29,90.2200,91.4300,90.2200,91.2300,83.5271,332800
2022-12-30,90.6100,91.1700,90.2700,91.1400,83.4447,338000
2023-01-03,91.4900,92.0000,90.6500,91.1500,83.4539,437400
2023-01-04,91.8400,93.3000,91.6900,92.5800,84.7631,645200
2023-01-05,91.8900,92.4700,91.5000,92.1100,84.3328,273100
2023-01-06,92.7200,94.7100,92.6300,94.4500,86.4752,293700
2023-01-09,94.6600,95.4600,94.1800,94.2100,86.2555,1343000
2023-01-10,94.0800,94.9000,93.7600,94.8800,86.8689,231500
2023-01-11,95.1300,95.6500,94.6700,95.6500,87.5739,1283700
2023-01-12,95.8200,96.4700,95.1400,96.0600,87.9493,1035500
2023-01-13,95.1700,96.0800,94.7800,95.9500,87.8486,419600
2023-01-17,95.9000,96.1600,95.2400,95.3900,87.3359,796400
2023-01-18,95.6200,95.8800,93.7700,93.7700,85.8527,631800
2023-01-19,93.1600,93.6200,92.6300,93.0700,85.2117,308500
2023-01-20,93.4300,94.5400,92.8400,94.5200,86.5393,356600
2023-01-23,94.7700,96.3600,94.7700,95.9600,87.8577,388600
2023-01-24,95.5600,96.5600,95.0300,95.6800,87.6014,372400
2023-01-25,95.1100,96.5300,94.9700,96.4900,88.3430,477900
2023-01-26,96.9400,97.2200,95.9600,97.2100,89.0022,292600
2023-01-27,96.4100,97.5500,96.4100,97.1300,88.9289,272600
2023-01-30,96.4700,97.1200,95.9900,96.0300,87.9218,238200
2023-01-31,96.0600,97.6800,96.0600,97.6800,89.4325,452500
2023-02-01,97.3500,99.1000,96.5100,98.3700,90.0643,281300
2023-02-02,98.8000,99.9400,98.4200,99.5400,91.1355,1902300
2023-02-03,98.4600,99.2200,98.0600,98.3400,90.0368,550600
2023-02-06,97.3900,97.6800,96.8900,97.1800,88.9747,345500
2023-02-07,96.8100,98.3300,96.5300,98.0700,89.7896,294100
2023-02-08,97.4800,97.9500,97.0000,97.0800,88.8832,188100
2023-02-09,97.7500,98.1600,96.2900,96.5700,88.4162,350900
2023-02-10,96.5500,97.4200,96.4400,97.3700,89.1487,176500
2023-02-13,97.0900,98.3400,97.0500,98.3400,90.0368,225000
2023-02-14,97.8800,98.7700,97.3500,98.2100,89.9178,475000
2023-02-15,97.5400,98.4700,97.3600,98.4500,90.1375,275600
2023-02-16,97.3700,98.5800,97.3700,97.7200,89.4691,269100
2023-02-17,97.3100,97.5000,96.6700,97.3300,89.1121,184500
2023-02-21,96.2800,96.6100,94.8700,95.0200,86.9971,245100
2023-02-22,95.2000,95.4800,94.4500,94.8000,86.7957,442300
2023-02-23,95.2800,95.6400,94.1300,95.1300,87.0978,202300
2023-02-24,94.0000,94.5000,93.5900,94.3100,86.3470,286300
2023-02-27,94.7800,95.3900,94.1300,94.2600,86.3013,280800
2023-02-28,94.3400,94.4300,93.7300,93.7300,85.8160,207400
2023-03-01,93.5900,94.2700,93.5600,93.8400,85.9167,247800
2023-03-02,93.3700,94.6400,93.1500,94.4200,86.4478,259000
2023-03-03,94.6700,95.7400,94.6000,95.6100,87.5373,211300
2023-03-06,95.6100,95.9300,94.9400,95.1000,87.0703,535000
2023-03-07,94.9300,94.9800,93.3700,93.5000,85.6054,165700
2023-03-08,93.4800,93.9300,93.2000,93.8100,85.8893,490300
2023-03-09,93.7200,94.1300,91.6100,91.8100,84.0581,257100
2023-03-10,91.4700,92.1700,89.8500,90.4600,82.8221,277700
2023-03-13,89.1500,90.2400,88.3700,88.9800,81.4671,644300
2023-03-14,90.3300,91.0600,89.1800,90.1900,82.5749,451400
2023-03-15,88.5600,88.7700,87.5600,88.7400,81.2474,397300
2023-03-16,88.0600,90.3700,87.8900,90.2600,82.6390,615000
2023-03-17,90.0400,90.0500,88.4300,88.7700,81.2748,381800
2023-03-20,89.0100,90.1900,89.0100,89.8100,82.2270,589700
2023-03-21,90.6800,91.2400,90.5100,90.9300,83.2524,212500
2023-03-22,90.8100,91.3200,89.0200,89.0300,81.5129,307700
2023-03-23,88.7100,89.7000,87.4100,88.0600,81.3438,351000
2023-03-24,87.4300,88.6500,87.1000,88.5800,81.8242,282300
2023-03-27,89.2100,89.7500,88.8000,89.2300,82.4246,348600
2023-03-28,89.0300,89.5500,88.8900,89.2400,82.4338,285200
2023-03-29,90.2900,91.0500,90.1600,90.9600,84.0226,1883900
2023-03-30,91.5600,91.8500,91.1000,91.4500,84.4753,272100
2023-03-31,91.6300,92.6500,91.6300,92.5900,85.5283,308100
2023-04-03,92.6300,93.3500,92.6300,93.1400,86.0364,303300
2023-04-04,93.3600,93.4100,91.6000,92.0800,85.0572,319700
2023-04-05,91.6500,92.0500,91.4600,92.0200,85.0018,333200
2023-04-06,91.8000,92.2800,91.7100,91.9700,84.9556,207200
2023-04-10,91.7400,92.9300,91.7400,92.9300,85.8424,473000
2023-04-11,93.1400,93.8100,93.1400,93.4500,86.3227,323000
2023-04-12,93.8700,94.0500,92.6700,92.8000,85.7223,359500
2023-04-13,92.9300,93.4200,92.2700,93.1700,86.0641,350000
2023-04-14,93.1900,93.8400,92.5300,93.0700,85.9717,355400
2023-04-17,92.8600,93.5700,92.8600,93.5500,86.4151,416500
2023-04-18,93.7000,93.9100,93.2200,93.5800,86.4428,327100
2023-04-19,92.8000,92.9300,92.4500,92.7600,85.6854,648100
2023-04-20,92.0600,92.1400,91.4400,91.7700,84.7709,681300
2023-04-21,91.8500,91.8500,91.1600,91.6200,84.6323,654100
2023-04-24,91.3700,91.7500,91.2800,91.6500,84.6600,270400
2023-04-25,91.1300,91.2200,90.1900,90.2300,83.3483,551800
2023-04-26,90.1200,90.3100,89.0900,89.2700,82.4615,359600
2023-04-27,89.4800,90.4000,89.1200,90.3500,83.4592,409500
2023-04-28,90.5000,91.6200,90.5000,91.5800,84.5954,357700
2023-05-01,91.5700,92.1200,91.3700,91.3700,84.4014,178200
2023-05-02,91.0500,91.2400,89.0600,89.8600,83.0065,338900
2023-05-03,89.8800,90.5300,89.1700,89.2600,82.4523,826300
2023-05-04,88.8600,89.0200,87.7900,88.1100,81.3900,672700
2023-05-05,89.0400,90.1200,89.0400,89.8600,83.0065,737300
2023-05-08,89.8200,90.0100,89.4600,89.7100,82.8680,505500
2023-05-09,89.0800,89.5600,88.9200,89.2800,82.4708,273000
2023-05-10,89.9100,90.0100,88.1100,88.8600,82.0828,462800
2023-05-11,88.3500,88.4200,87.8400,88.3400,81.6025,557500
2023-05-12,88.4500,88.6900,87.6300,88.1600,81.4362,203900
2023-05-15,88.3200,89.1800,88.2000,89.1000,82.3045,218500
2023-05-16,88.8000,88.8800,87.7200,87.7200,81.0298,312200
2023-05-17,88.1800,89.3100,87.9400,89.1100,82.3137,279200
2023-05-18,88.8100,89.9100,88.7400,89.7900,82.9419,275200
2023-05-19,89.9800,90.2700,89.3700,89.7000,82.8587,231700
2023-05-22,89.5100,90.1400,89.1200,89.8700,83.0158,212900
2023-05-23,89.5400,90.2700,89.3900,89.3900,82.5724,229700
2023-05-24,89.0000,89.1100,88.0400,88.2200,81.4916,277600
2023-05-25,88.0600,88.1500,87.1600,87.8500,81.1498,285600
2023-05-26,88.0700,89.2700,88.0600,89.1100,82.3137,187200
2023-05-30,89.2800,89.5100,88.6900,89.0400,82.2491,300800
2023-05-31,88.1100,88.5500,87.7200,88.2200,81.4916,224200
2023-06-01,88.4700,89.2000,88.0200,88.8400,82.0643,268700
2023-06-02,89.2700,90.6500,89.2600,90.4200,83.5238,249500
2023-06-05,90.6000,90.7200,89.8000,89.8600,83.0065,216800
2023-06-06,89.6500,91.2000,89.6500,91.0100,84.0688,455600
2023-06-07,90.5700,91.9000,90.5000,91.8400,85.3655,429000
2023-06-08,91.6600,91.9400,91.3100,91.8500,85.3748,262000
2023-06-09,91.9800,92.1700,91.5200,91.7000,85.2354,364900
2023-06-12,91.6500,92.6200,91.6500,92.5200,85.9976,387500
2023-06-13,93.0200,93.7800,92.7800,93.6000,87.0014,632100
2023-06-14,93.3400,93.8500,92.4900,93.0600,86.4995,512200
2023-06-15,92.8600,94.2600,92.8600,94.1000,87.4662,482600
2023-06-16,94.2700,94.5900,93.8900,94.1300,87.4940,523400
2023-06-20,93.7100,93.8900,92.7000,92.9200,86.3694,524300
2023-06-21,92.5800,92.7600,92.2100,92.2100,85.7094,400100
2023-06-22,91.8200,92.0100,91.4800,91.9200,85.4398,392100
2023-06-23,91.1100,91.6200,90.8800,91.1600,84.7334,387900
2023-06-26,91.0700,91.9000,91.0700,91.5800,85.1238,336900
2023-06-27,91.4500,92.9100,91.2800,92.7900,86.2485,200000
2023-06-28,92.4000,92.7500,91.9500,92.7300,86.1927,452900
2023-06-29,92.7700,93.2300,92.5600,93.2000,86.6296,258700
2023-06-30,93.7900,94.0700,93.3900,93.7900,87.1780,199100
2023-07-03,93.7800,94.5200,93.7300,94.4800,87.8194,269100
2023-07-05,93.9800,94.3500,93.7700,93.9100,87.2896,251300
2023-07-06,92.9300,93.1000,92.2800,92.9300,86.3786,220100
2023-07-07,92.8900,94.0700,92.7000,93.1300,86.5646,258800
2023-07-10,93.0100,93.9000,93.0000,93.8300,87.2152,407200
2023-07-11,94.0500,95.1100,94.0000,95.0400,88.3399,250200
2023-07-12,95.7000,95.8400,95.0600,95.1500,88.4421,679900
2023-07-13,95.5600,95.8000,95.2100,95.6700,88.9255,632400
2023-07-14,95.7400,95.7400,94.4600,94.5300,87.8659,256000
2023-07-17,94.0100,94.7900,93.8100,94.4900,87.8287,243500
2023-07-18,94.3500,95.5800,94.3500,95.3400,88.6188,464300
2023-07-19,95.8000,96.4900,95.8000,96.2400,89.4553,183600
2023-07-20,95.8900,96.3500,95.8100,96.0900,89.3159,142400
2023-07-21,96.3900,96.5700,95.9000,96.2400,89.4553,163600
2023-07-24,96.1600,96.9400,96.1600,96.6800,89.8643,183700
2023-07-25,96.2800,96.9100,96.2300,96.6000,89.7899,181800
2023-07-26,96.4100,97.2000,96.4000,96.9200,90.0874,283100
2023-07-27,97.4100,97.8300,96.4300,96.6400,89.8271,208000
2023-07-28,97.1500,97.4600,96.5900,97.0100,90.1710,126000
2023-07-31,97.0200,97.4400,96.9100,97.2900,90.4313,228300
2023-08-01,96.9600,97.2700,96.7000,97.0400,90.1989,195600
2023-08-02,96.3400,96.5100,95.8800,96.0100,89.2415,283000
2023-08-03,95.6800,95.9900,94.9300,95.6700,88.9255,240200
2023-08-04,95.7200,96.7000,95.5400,95.7000,88.9534,227800
2023-08-07,95.8400,96.6100,95.8400,96.5800,89.7713,151200
2023-08-08,95.5500,96.3300,95.0000,96.2700,89.4832,222600
2023-08-09,96.1400,96.4800,95.6200,95.7000,88.9534,553900
2023-08-10,96.1800,96.6600,94.9800,95.2700,88.5537,381200
2023-08-11,94.8000,95.5100,94.8000,95.2500,88.5351,252700
2023-08-14,94.9900,95.4300,94.7200,95.4200,88.6931,187600
2023-08-15,94.6700,94.7700,93.9100,93.9800,87.3546,982500
2023-08-16,93.8000,94.1200,92.9300,92.9500,86.3972,410900
2023-08-17,93.1000,93.4800,92.2300,92.3100,85.8024,1041300
2023-08-18,91.7700,92.9900,91.7700,92.7500,86.2113,353900
2023-08-21,92.6500,93.1300,92.2300,92.9600,86.4065,405700
2023-08-22,93.0300,93.3200,92.4000,92.4600,85.9418,314600
2023-08-23,92.5800,93.1600,92.3400,93.1100,86.5460,214500
2023-08-24,93.0600,93.5600,92.0700,92.1000,85.6072,293400
2023-08-25,92.2500,92.7400,91.4100,92.3600,85.8488,338600
2023-08-28,92.6400,93.4300,92.6400,93.1600,86.5924,224500
2023-08-29,93.0900,94.3500,93.0900,94.3100,87.6613,339600
2023-08-30,94.1500,94.5800,94.0200,94.3900,87.7357,419100
2023-08-31,94.4900,94.8200,94.4000,94.4600,87.8008,268300
2023-09-01,94.9000,95.4600,94.8400,95.1600,88.4514,296800
2023-09-05,95.0600,95.1300,94.1300,94.1500,87.5126,137900
2023-09-06,93.9300,94.1500,93.3000,93.9100,87.2896,142700
2023-09-07,93.3800,93.7200,93.2100,93.5500,86.9549,182400
2023-09-08,93.4700,94.0800,93.4700,93.9400,87.3175,152400
2023-09-11,94.0300,94.4300,93.7200,94.0000,87.3732,270600
2023-09-12,93.7700,94.7200,93.7700,94.1300,87.4940,176600
2023-09-13,94.2200,94.7000,93.6300,93.8800,87.2617,246700
2023-09-14,94.4400,94.9200,94.4400,94.8800,88.1912,461900
2023-09-15,94.3500,94.7800,93.8100,94.0900,87.4569,224300
2023-09-18,94.0200,94.2400,93.7100,93.9500,87.3268,176300
2023-09-19,93.9300,94.2200,93.4700,93.8400,87.2245,235600
2023-09-20,94.0600,94.4800,93.1900,93.1900,86.6203,376400
2023-09-21,92.6000,92.8000,91.9700,91.9700,85.4863,268400
2023-09-22,92.2200,92.3500,91.5900,91.6000,85.1424,205300
2023-09-25,91.2800,91.9700,91.2600,91.9300,85.4491,252900
2023-09-26,90.6800,91.0300,89.9000,90.0000,84.2786,238300
2023-09-27,90.3100,90.6400,89.5200,90.2400,84.5033,236500
2023-09-28,90.0600,91.1700,90.0200,90.8000,85.0278,299500
2023-09-29,91.2700,91.5100,90.4200,90.7200,84.9528,490100
2023-10-02,90.7900,90.8400,89.4400,89.8900,84.1756,322100
2023-10-03,89.3700,90.0100,88.6300,88.9000,83.2485,355100
2023-10-04,88.9900,89.0900,88.0300,88.9000,83.2485,508100
2023-10-05,88.7100,89.1900,88.2400,88.8200,83.1736,294700
2023-10-06,88.4500,89.9500,87.8300,89.4200,83.7355,344900
2023-10-09,89.0900,90.3000,89.0100,90.1400,84.4097,223300
2023-10-10,90.2400,91.2200,90.2400,90.7400,84.9716,227100
2023-10-11,90.9600,91.2500,90.4400,91.0700,85.2806,195200
2023-10-12,91.1300,91.1300,89.4300,89.9900,84.2692,223000
2023-10-13,90.3500,90.5700,89.2900,89.5400,83.8479,256000
2023-10-16,89.9900,90.9400,89.9900,90.5800,84.8218,319900
2023-10-17,89.9800,91.3500,89.9800,90.9000,85.1214,413200
2023-10-18,90.4200,90.5800,89.5700,89.6900,83.9883,610500
2023-10-19,89.9500,90.3000,88.7700,88.8700,83.2204,411200
2023-10-20,88.9500,89.2800,88.0300,88.0300,82.4339,706900
2023-10-23,87.8100,88.2200,87.0100,87.1200,81.5817,511500
2023-10-24,87.5300,88.2000,87.5100,87.8900,82.3027,484200
2023-10-25,87.5300,87.8000,86.6900,86.9500,81.4225,470800
2023-10-26,86.9000,87.3700,86.3100,86.6600,81.1509,619600
2023-10-27,86.9300,87.2000,85.7100,85.9500,80.4861,345500
2023-10-30,86.2200,86.8300,85.8100,86.5500,81.0479,326100
2023-10-31,86.5800,87.5300,86.5700,87.4500,81.8907,376000
2023-11-01,87.4300,88.4300,87.3300,88.2200,82.6118,499800
2023-11-02,88.9800,89.9500,88.8000,89.9000,84.1850,478900
2023-11-03,90.7400,91.8600,90.7400,91.4400,85.6271,219800
2023-11-06,91.4900,91.5500,90.7500,90.9600,85.1776,253300
2023-11-07,90.7700,91.1100,90.5000,90.8100,85.0371,264700
2023-11-08,90.6900,90.6900,89.6900,89.9700,84.2505,204900
2023-11-09,90.1200,90.2100,89.0200,89.0600,83.3984,196800
2023-11-10,89.4700,90.4800,89.1800,90.3600,84.6157,205900
2023-11-13,89.9500,90.2800,89.7500,90.0100,84.2880,211800
2023-11-14,91.0000,92.6500,91.0000,92.4200,86.5448,524800
2023-11-15,92.3300,93.4300,92.3300,93.1100,87.1909,318500
2023-11-16,92.5400,92.8400,91.8000,92.4700,86.5916,247600
2023-11-17,92.5500,93.1100,92.5500,93.1100,87.1909,141700
2023-11-20,92.8200,93.7500,92.7500,93.5400,87.5936,283000
2023-11-21,93.1300,93.2600,92.7200,92.8300,86.9287,183700
2023-11-22,93.1300,93.4800,93.0100,93.2700,87.3407,163700
2023-11-24,93.2300,93.7600,93.2300,93.6600,87.7059,52200
2023-11-27,93.1800,93.5200,93.1400,93.3500,87.4156,168000
2023-11-28,93.0700,93.5700,92.9400,93.2200,87.2939,259800
2023-11-29,93.8800,94.7000,93.8600,93.9900,88.0150,210200
2023-11-30,94.1300,94.6600,93.8900,94.6500,88.6330,263900
2023-12-01,94.2700,95.7400,94.1400,95.6800,89.5975,181800
2023-12-04,95.2300,95.9100,95.1700,95.4800,89.4102,550300
2023-12-05,95.1800,95.3900,94.9500,95.0900,89.0450,711600
2023-12-06,95.3400,96.0900,94.8400,94.8900,88.8577,814600
2023-12-07,95.1200,95.9400,95.0100,95.7500,89.6631,299200
2023-12-08,95.7100,96.6700,95.7100,96.4200,90.2905,267000
2023-12-11,96.8400,97.5800,96.8400,97.4600,91.2644,168700
2023-12-12,97.2400,97.4600,96.8600,97.1300,90.9553,218300
2023-12-13,96.8900,98.7000,96.5000,98.6400,92.3694,1220500
2023-12-14,99.5500,101.2300,99.5500,100.9200,94.5044,818400
2023-12-15,100.5900,101.1000,100.1100,100.3300,93.9519,554400
2023-12-18,100.6800,100.6800,100.0700,100.1600,93.7927,723500
2023-12-19,100.3100,101.2000,100.2700,101.1600,94.7292,554200
2023-12-20,100.0400,100.5800,98.7600,98.7600,93.0854,482900
2023-12-21,99.4100,100.0100,99.1100,99.9200,94.1787,329100
2023-12-22,100.1500,100.8400,99.9900,100.4200,94.6500,570600
2023-12-26,100.5400,101.6000,100.5400,101.4200,95.5925,178700
2023-12-27,101.4400,101.5900,101.1600,101.4900,95.6585,472700
2023-12-28,101.2100,101.7400,101.2100,101.5500,95.7150,241700
2023-12-29,101.3600,101.6600,100.9200,101.1600,95.3475,259700
2024-01-02,100.5000,101.8400,100.5000,101.3000,95.4794,370100
2024-01-03,100.5700,100.9300,99.9400,100.2900,94.5275,184300
2024-01-04,99.9600,100.5200,99.7600,99.7600,94.0279,383600
2024-01-05,99.6200,100.9100,99.6000,100.3200,94.5557,477100
2024-01-08,100.1900,101.3500,100.1100,101.3400,95.5171,309700
2024-01-09,100.6500,100.8500,100.3100,100.5500,94.7725,306400
2024-01-10,100.4700,100.5000,99.8900,100.3300,94.5652,283800
2024-01-11,100.0500,100.2000,99.2000,99.8200,94.0844,737500
2024-01-12,99.7400,100.3600,99.3400,99.5500,93.8300,116800
2024-01-16,99.0200,99.3200,98.5600,99.0200,93.3304,349000
2024-01-17,98.1400,98.6400,97.7400,98.1700,92.5293,345300
2024-01-18,98.3400,98.4100,97.4700,98.3600,92.7084,930400
2024-01-19,98.4700,99.9400,98.2400,99.6900,93.9619,264900
2024-01-22,99.9800,100.5400,99.8400,100.0700,94.3201,170500
2024-01-23,100.1900,100.5800,99.9400,100.4500,94.6783,169700
2024-01-24,100.8400,101.0200,100.0400,100.1400,94.3861,308000
2024-01-25,101.0300,101.5200,100.9700,101.4900,95.6585,449500
2024-01-26,100.5100,101.0500,100.2500,100.4800,94.7065,353500
2024-01-29,100.3600,100.8900,100.0800,100.8300,95.0364,237600
2024-01-30,101.0700,101.5200,100.9500,101.3700,95.5454,439500
2024-01-31,101.0800,101.6800,100.2900,100.3000,94.5369,485400
2024-02-01,100.6400,101.1800,99.7800,101.1700,95.3569,416200
2024-02-02,100.5700,101.2100,99.9500,100.7300,94.9422,424000
2024-02-05,100.2700,100.2900,99.5200,99.8500,94.1127,390600
2024-02-06,99.8800,100.5000,99.8600,100.3000,94.5369,269800
2024-02-07,100.6400,100.7300,99.9800,100.4800,94.7065,555900
2024-02-08,100.3400,100.5700,100.0200,100.5200,94.7442,415200
2024-02-09,100.4500,100.9600,100.2300,100.8900,95.0930,211300
2024-02-12,100.8200,102.4100,100.8200,102.0000,96.1392,451400
2024-02-13,100.4000,100.7900,99.3300,100.0800,94.3295,219200
2024-02-14,100.6500,101.0500,100.3300,101.0000,95.1966,687500
2024-02-15,101.0200,102.3400,101.0200,102.0900,96.2240,610000
2024-02-16,101.8500,102.1800,101.5100,101.5900,95.7528,270100
2024-02-20,101.0700,101.5700,101.0700,101.4100,95.5831,374300
2024-02-21,101.3500,101.6400,100.9900,101.6200,95.7810,490400
2024-02-22,101.9600,102.3700,101.6900,102.1300,96.2617,240800
2024-02-23,102.1700,102.7200,102.0800,102.3700,96.4879,660900
2024-02-26,102.3700,102.7800,101.9900,101.9900,96.1298,187300
2024-02-27,102.2000,102.5100,102.0400,102.3700,96.4879,231100
2024-02-28,101.9500,102.6200,101.8600,102.1500,96.2806,1147700
2024-02-29,102.7600,103.0900,102.2900,102.8300,96.9215,332600
2024-03-01,103.1700,103.9800,102.8800,103.8900,97.9206,291000
2024-03-04,103.9700,104.9200,103.9300,104.3900,98.3919,325500
2024-03-05,103.9100,104.6300,103.4400,103.8400,97.8735,343900
2024-03-06,104.3900,105.2500,104.3700,104.7700,98.7500,285100
2024-03-07,105.1900,105.8500,105.1900,105.4700,99.4098,458900
2024-03-08,105.7400,106.0800,105.0800,105.0800,99.0422,299300
2024-03-11,104.7400,105.6500,104.7400,105.5700,99.5041,327800
2024-03-12,105.7000,106.0100,105.2200,105.8100,99.7303,550200
2024-03-13,105.6100,106.4200,105.4800,105.7200,99.6454,379100
2024-03-14,105.7600,105.7600,103.9500,104.5400,98.5332,473400
2024-03-15,104.1500,104.9400,103.7200,104.4600,98.4578,440500
2024-03-18,104.7200,104.9900,104.2100,104.8000,98.7783,150800
2024-03-19,104.5100,105.3500,104.4900,105.2500,99.2025,299700
2024-03-20,105.1400,106.6200,105.0300,106.5400,100.4183,321800
2024-03-21,106.3600,107.0000,106.3200,106.6100,101.1393,265100
2024-03-22,106.6900,106.8700,106.1100,106.1100,100.6650,267400
2024-03-25,105.8000,106.2700,105.8000,105.9800,100.5417,384900
2024-03-26,106.0400,106.3800,105.9200,105.9400,100.5037,365600
2024-03-27,106.4100,107.7900,106.4100,107.7900,102.2588,264000
2024-03-28,107.7100,108.5400,107.7100,108.3100,102.7521,268700
2024-04-01,108.3700,108.5000,107.7800,107.8800,102.3442,338700
2024-04-02,106.8900,107.1100,106.5200,106.7900,101.3101,346500
2024-04-03,106.0300,106.8900,106.0300,106.7400,101.2627,378200
2024-04-04,107.4600,107.8000,105.4600,105.6200,100.2001,239800
2024-04-05,105.5400,106.3300,105.1500,106.0500,100.6081,204800
2024-04-08,106.0800,106.4300,105.9100,105.9600,100.5227,407500
2024-04-09,106.3100,106.5200,105.4100,106.3900,100.9306,222400
2024-04-10,104.9800,105.1400,103.8900,104.2400,98.8910,474200
2024-04-11,104.5200,104.6000,103.4400,104.2600,98.9099,362600
2024-04-12,103.6200,103.6900,102.2100,102.4500,97.1928,511900
2024-04-15,103.3800,103.8800,101.5500,101.9300,96.6995,437700
2024-04-16,102.0400,102.0400,100.9500,101.2300,96.0354,409300
2024-04-17,101.5900,101.8600,100.5700,100.8200,95.6465,333900
2024-04-18,101.1700,101.6500,100.5300,100.8500,95.6749,234700
2024-04-19,100.8500,101.5800,100.8500,101.2400,96.0449,256500
2024-04-22,101.6300,102.5300,101.2700,101.9900,96.7564,156200
2024-04-23,102.2700,103.1600,102.1400,102.8000,97.5249,247300
2024-04-24,102.9200,103.3000,102.5000,103.1200,97.8284,214500
2024-04-25,102.1400,102.7400,101.6200,102.5000,97.2402,153600
2024-04-26,101.7700,102.5300,101.6200,102.1700,96.9272,265600
2024-04-29,102.3600,102.9100,102.3200,102.8100,97.5343,143400
2024-04-30,102.2300,102.2300,100.9500,100.9500,95.7698,1957100
2024-05-01,100.2500,101.5600,99.9700,100.1600,95.0203,516100
2024-05-02,100.9600,101.0600,100.0000,100.7900,95.6180,197100
2024-05-03,101.5500,102.0600,101.1800,101.4400,96.2346,255400
2024-05-06,101.9900,102.3100,101.8600,102.2700,97.0220,174700
2024-05-07,102.4000,102.8800,102.1600,102.1600,96.9177,253100
2024-05-08,101.7900,102.4600,101.6300,102.3500,97.0979,222600
2024-05-09,102.3700,103.0700,102.2000,103.0500,97.7620,229700
2024-05-10,103.4700,103.5400,103.1200,103.2500,97.9518,122800
2024-05-13,103.5700,104.2200,103.4700,103.5200,98.2079,598800
2024-05-14,103.8900,104.1300,103.6100,103.9500,98.6158,184500
2024-05-15,104.6800,105.0900,104.3300,105.0200,99.6309,248600
2024-05-16,104.9800,105.2000,104.5600,104.5600,99.1945,777500
2024-05-17,104.7200,104.8500,104.3500,104.6700,99.2989,248500
2024-05-20,104.7500,105.0000,104.3200,104.4000,99.0427,216400
2024-05-21,104.1400,104.4700,104.0700,104.4100,99.0522,271800
2024-05-22,104.1900,104.5800,103.7400,104.2000,98.8530,242200
2024-05-23,104.5200,104.5200,102.5800,102.7800,97.5059,359700
2024-05-24,103.1600,103.7200,103.1600,103.4200,98.1130,170800
2024-05-28,103.3100,103.5000,102.3100,102.6400,97.3731,229400
2024-05-29,101.7600,101.7600,101.4200,101.5200,96.3105,183300
2024-05-30,101.7800,102.6100,101.6900,102.4800,97.2213,221100
2024-05-31,102.5200,104.1600,102.1400,104.1100,98.7676,264300
2024-06-03,104.2100,104.2300,102.7200,103.4500,98.1415,470900
2024-06-04,103.0900,103.3800,102.6500,103.0700,97.7810,453100
2024-06-05,103.8000,103.8000,102.9300,103.7300,98.4071,176600
2024-06-06,103.4400,103.7800,103.1900,103.4600,98.1510,175900
2024-06-07,102.9500,103.7700,102.8000,103.2400,97.9423,237100
2024-06-10,102.8900,103.6900,102.6000,103.6800,98.3597,201300
2024-06-11,102.6300,102.7200,101.9500,102.5800,97.8741,822600
2024-06-12,103.6000,103.8500,102.4000,102.7100,97.9981,364500
2024-06-13,102.3900,102.4300,101.5200,102.3200,97.6260,413200
2024-06-14,101.6300,101.8900,100.8200,101.6200,96.9581,413300
2024-06-17,101.5800,102.2500,101.1000,102.2500,97.5592,188400
2024-06-18,102.1600,102.9800,102.1600,102.6800,97.9695,250900
2024-06-20,102.6100,103.1500,102.5800,102.9500,98.2271,253300
2024-06-21,102.9300,103.2600,102.4700,103.1200,98.3893,245300
2024-06-24,103.0700,104.2500,103.0700,103.7400,98.9808,333600
2024-06-25,103.8000,103.8000,102.8200,103.1200,98.3893,140400
2024-06-26,102.7500,102.8000,102.3800,102.6500,97.9408,117700
2024-06-27,102.4300,102.6100,102.1900,102.6000,97.8931,303500
2024-06-28,102.9000,103.8100,102.9000,103.4600,98.7137,343800
2024-07-01,103.5500,103.9200,102.9800,103.1400,98.4083,164700
2024-07-02,102.7800,103.4900,102.7800,103.4200,98.6755,134700
2024-07-03,103.4800,103.7100,103.1500,103.2400,98.5038,121800
2024-07-05,103.0900,103.2100,102.4400,102.9200,98.1984,402600
2024-07-08,103.2400,104.1000,103.2400,103.8300,99.0667,144700
2024-07-09,103.9400,104.5900,103.6500,104.1400,99.3625,136800
2024-07-10,104.3000,105.2700,104.2200,105.2000,100.3738,179500
2024-07-11,105.5000,106.1700,105.5000,105.8500,100.9940,357300
2024-07-12,106.0600,107.5000,106.0600,106.8000,101.9005,246100
2024-07-15,106.9700,107.7100,106.9400,107.1300,102.2153,180600
2024-07-16,107.4000,109.2000,107.3600,109.1500,104.1426,188000
2024-07-17,108.5300,109.8200,108.5300,109.0300,104.0281,632600
2024-07-18,109.0600,110.3000,108.2100,108.4300,103.4557,689900
2024-07-19,108.4000,108.4000,107.0600,107.1700,102.2535,236300
2024-07-22,107.2100,107.6200,106.2700,107.6000,102.6637,152300
2024-07-23,107.0300,107.0300,106.4200,106.5000,101.6142,149100
2024-07-24,106.3000,106.9100,105.9200,105.9700,101.1085,398500
2024-07-25,105.7100,107.2600,105.7100,105.7600,100.9082,331100
2024-07-26,106.3900,107.5200,106.3900,107.2200,102.3012,195200
2024-07-29,107.5800,107.5800,106.7700,106.9800,102.0722,126300
2024-07-30,107.1400,107.7600,106.8000,107.1500,102.2344,442500
2024-07-31,107.9100,108.5400,107.2500,107.5900,102.6542,1201600
2024-08-01,107.5800,107.9800,105.1800,105.6700,100.8223,226700
2024-08-02,103.3900,103.5500,101.3700,102.0200,97.3397,246100
2024-08-05,98.9600,100.2300,98.5100,99.3200,94.7636,366800
2024-08-06,99.5800,101.1200,99.3700,99.9100,95.3265,379800
2024-08-07,101.0200,101.5400,99.1000,99.1400,94.5919,866400
2024-08-08,99.6700,101.4000,99.6700,101.3200,96.6719,166100
2024-08-09,101.3100,101.7400,100.7500,101.3600,96.7100,177400
2024-08-12,101.4600,101.4700,100.5100,100.6700,96.0517,278900
2024-08-13,101.1500,102.1600,101.0300,102.1000,97.4161,222400
2024-08-14,102.2700,102.4800,101.8800,102.1800,97.4924,159900
2024-08-15,103.6000,104.0800,103.4700,103.8700,99.1049,132000
2024-08-16,103.3500,104.4200,103.3500,104.3700,99.5819,185900
2024-08-19,104.4400,105.3900,104.4400,105.3900,100.5551,105900
2024-08-20,105.1600,105.2000,104.7100,104.8000,99.9922,181900
2024-08-21,105.1700,105.5500,105.0000,105.5000,100.6601,125200
2024-08-22,105.6600,105.8300,104.7900,105.0100,100.1926,282800
2024-08-23,105.4900,106.9300,105.4900,106.8700,101.9672,153700
2024-08-26,107.1300,107.4500,106.6500,106.7400,101.8432,520300
2024-08-27,106.4100,106.6700,106.2100,106.5300,101.6428,149500
2024-08-28,106.1700,106.7700,105.7600,106.2600,101.3852,96300
2024-08-29,106.7900,107.3900,105.9900,106.6700,101.7764,150500
2024-08-30,107.2200,108.0900,106.8100,108.0300,103.0740,181800
2024-09-03,107.2900,107.7100,105.9000,106.2300,101.3566,159300
2024-09-04,106.0000,106.6900,105.5000,105.8500,100.9940,404300
2024-09-05,105.7200,105.7500,104.6200,104.9800,100.1639,277400
2024-09-06,104.9700,105.5300,103.4800,103.6600,98.9045,193700
2024-09-09,104.1300,105.1900,104.1100,104.6900,99.8872,558400
2024-09-10,104.6700,104.6700,103.3000,104.2200,99.4388,218600
2024-09-11,103.9600,104.5300,102.2200,104.4300,99.6392,384900
2024-09-12,104.4100,105.2900,103.8700,105.0700,100.2498,379400
2024-09-13,105.5100,106.4100,105.5100,106.3000,101.4234,422000
2024-09-16,106.5000,107.6000,106.5000,107.5200,102.5874,167300
2024-09-17,107.7600,108.5000,107.3100,107.7000,102.7592,258900
2024-09-18,107.6300,109.1100,107.4600,107.5600,102.6256,173600
2024-09-19,109.0800,109.3200,108.3900,108.8700,103.8755,168900
2024-09-20,108.0300,108.5500,107.6500,108.3700,103.3984,284200
2024-09-23,108.5100,108.9000,108.4100,108.8400,103.8468,187400
2024-09-24,108.8600,109.2300,108.8000,109.0800,104.0758,243200
2024-09-25,108.1900,108.2100,107.3800,107.4700,103.3441,183200
2024-09-26,108.2400,108.7100,108.2400,108.5900,104.4211,154000
2024-09-27,109.1900,109.7000,108.9500,109.0800,104.8923,443700
2024-09-30,108.8500,109.1400,108.0800,109.0400,104.8538,218300
2024-10-01,108.8100,108.9100,107.7700,108.3700,104.2095,404400
2024-10-02,108.3200,108.7400,107.9000,108.2800,104.1230,455200
2024-10-03,107.7400,108.1700,107.5000,107.9900,103.8441,175100
2024-10-04,108.4300,108.8800,108.1500,108.8000,104.6230,826200
2024-10-07,108.4300,108.8500,108.0400,108.5000,104.3345,152400
2024-10-08,108.6400,108.8300,108.0900,108.6600,104.4884,157500
2024-10-09,108.7400,109.8700,108.4600,109.7700,105.5558,206500
2024-10-10,109.5200,109.5500,108.8200,109.0600,104.8730,169600
2024-10-11,109.3600,110.3700,109.3000,110.1600,105.9308,265200
2024-10-14,110.2700,111.0100,110.0400,110.9500,106.6905,142500
2024-10-15,111.0000,111.4200,109.9200,110.0000,105.7769,426100
2024-10-16,110.5000,111.1900,110.4900,111.1400,106.8732,167700
2024-10-17,111.1100,111.1900,110.5900,110.9000,106.6424,182000
2024-10-18,110.8700,110.9200,110.3900,110.8400,106.5847,122000
2024-10-21,110.4900,110.6300,109.4400,109.5600,105.3538,174400
2024-10-22,108.9300,109.4500,108.7600,109.2600,105.0653,135300
2024-10-23,109.0300,109.5400,108.5200,109.2700,105.0750,120300
2024-10-24,109.3100,109.3600,108.6200,109.0400,104.8538,115200
2024-10-25,109.5900,109.9000,108.4400,108.4700,104.3057,87000
2024-10-28,108.6800,109.5000,108.6800,109.3400,105.1423,87400
2024-10-29,108.4900,108.9500,108.3800,108.6100,104.4403,112000
2024-10-30,108.2100,109.1000,108.2100,108.2400,104.0845,92400
2024-10-31,108.2700,108.5300,107.6200,107.6200,103.4883,1602600
2024-11-01,108.2300,108.8100,107.8200,107.8900,103.7479,150100
2024-11-04,107.8500,108.4900,107.4900,107.7000,103.5652,105400
2024-11-05,107.4900,109.0400,107.4900,109.0400,104.8538,99100
2024-11-06,111.2400,112.5900,110.9700,112.3500,108.0367,207500
2024-11-07,112.3300,112.7600,112.2000,112.4100,108.0944,170100
2024-11-08,112.3900,112.9200,112.2200,112.6700,108.3444,3303700
2024-11-11,113.1900,114.0100,113.1900,113.5100,109.1522,102500
2024-11-12,113.3900,113.3900,112.0500,112.3800,108.0656,304900
2024-11-13,112.3900,112.9500,112.3100,112.6600,108.3348,1100500
2024-11-14,112.6800,113.0300,111.9200,112.0000,107.7001,338300
2024-11-15,111.3500,111.6900,110.8500,110.9700,106.7097,371400
2024-11-18,111.1100,111.9300,111.1100,111.6400,107.3540,334100
2024-11-19,110.6200,111.2900,110.2500,111.0300,106.7674,193400
2024-11-20,111.0100,111.3800,110.7000,111.3500,107.0751,191800
2024-11-21,111.5600,113.1600,111.4700,112.8600,108.5271,160500
2024-11-22,112.9100,114.2500,112.9100,114.1300,109.7484,253100
2024-11-25,114.9700,115.8800,114.9700,115.3800,110.9504,840900
2024-11-26,115.1600,115.1600,114.0800,114.5200,110.1234,170200
2024-11-27,114.4000,114.8100,113.7500,114.1100,109.7291,581600
2024-11-29,114.3800,114.9100,114.3800,114.5700,110.1715,108500
2024-12-02,114.7300,114.7300,113.9200,114.1700,109.7868,265900
2024-12-03,114.4300,114.5700,113.5000,113.5000,109.1426,172100
2024-12-04,113.7100,113.7100,112.5400,112.9500,108.6137,177000
2024-12-05,113.0300,113.2400,112.3600,112.4200,108.1040,162100
2024-12-06,112.6600,112.9700,112.1300,112.3600,108.0463,156400
2024-12-09,112.6300,112.8100,111.6600,111.7100,107.4213,153000
2024-12-10,111.5800,111.5900,110.4200,110.6600,106.4116,315400
2024-12-11,111.0100,111.0100,110.1200,110.3100,106.0750,121300
2024-12-12,110.1100,110.6800,110.1100,110.1100,105.8827,156900
2024-12-13,110.0900,110.0900,109.5100,109.7900,105.5750,181700
2024-12-16,109.7100,109.8700,109.0100,109.0800,104.8923,867700
2024-12-17,107.8900,108.3900,107.4500,107.6400,104.2222,249800
2024-12-18,107.7600,108.1900,104.6700,104.6800,101.3562,342500
2024-12-19,104.8700,105.5900,104.0100,104.0100,100.7075,548600
2024-12-20,103.8100,106.1500,103.8100,105.6000,102.2470,473000
2024-12-23,105.2500,106.0900,104.9900,106.0300,102.6633,378000
2024-12-24,106.0800,106.8700,105.8500,106.8400,103.4476,101400
2024-12-26,106.4100,107.3000,106.4100,107.1700,103.7671,154300
2024-12-27,106.5500,107.2900,105.9700,106.5200,103.1378,343600
2024-12-30,105.6900,105.8100,104.5300,105.2900,101.9468,849800
2024-12-31,105.6200,106.1000,105.0900,105.6100,102.2567,1557400
2025-01-02,106.1100,106.5900,104.9100,105.4600,102.1114,436500
2025-01-03,105.8800,106.6500,105.3700,106.5000,103.1184,204400
2025-01-06,107.1100,108.2300,106.9500,107.0700,103.6703,498800
2025-01-07,107.4800,107.9700,106.4100,106.7500,103.3605,281600
2025-01-08,106.4300,106.5300,105.4500,106.4500,103.0700,1641700
2025-01-10,105.7200,105.9100,104.8800,105.0200,101.6854,523100
2025-01-13,104.6300,105.8000,104.5800,105.7800,102.4213,343900
2025-01-14,106.2500,106.9200,105.8900,106.8200,103.4283,485800
2025-01-15,108.5900,108.8100,108.0500,108.3300,104.8903,478700
2025-01-16,108.2800,108.9000,107.8600,108.7500,105.2970,159700
2025-01-17,109.7400,109.9400,109.3800,109.7000,106.2168,240500
2025-01-21,110.2100,111.0800,110.2100,110.9400,107.4175,351400
2025-01-22,110.9000,111.0200,110.5400,110.6200,107.1076,375300
2025-01-23,110.5100,111.3700,110.4700,111.3400,107.8047,278200
2025-01-24,111.3600,111.4900,110.8800,111.0400,107.5143,114800
2025-01-27,110.2100,111.0000,110.1100,110.8200,107.3013,307300
2025-01-28,110.3900,110.3900,109.2800,109.7400,106.2555,374700
2025-01-29,110.2500,110.7500,109.5900,109.8400,106.3524,238500
2025-01-30,110.3700,111.3300,110.3100,110.9700,107.4465,338300
2025-01-31,110.9900,111.4400,109.8700,110.0000,106.5073,286800
2025-02-03,108.2000,109.9000,107.7900,109.3400,105.8682,498800
2025-02-04,109.0300,109.9000,108.9400,109.6700,106.1878,158000
2025-02-05,110.0200,110.7100,109.6000,110.5700,107.0592,378600
2025-02-06,110.6100,110.6900,109.4400,110.0100,106.5170,844300
2025-02-07,110.3400,110.4200,109.2800,109.4200,105.9457,359900
2025-02-10,110.0500,110.0500,109.4900,109.8700,106.3814,250100
2025-02-11,109.4500,110.5000,109.4500,110.3500,106.8462,387200
2025-02-12,109.7000,110.4800,109.5100,110.4200,106.9140,279200
2025-02-13,111.1300,112.0000,111.0300,111.9000,108.3470,694400
2025-02-14,111.8300,112.5700,111.7800,112.0100,108.4535,353700
2025-02-18,112.3300,113.5300,112.3200,113.4700,109.8671,1977900
2025-02-19,112.9400,113.6700,112.7700,113.5600,109.9542,909200
2025-02-20,113.4600,113.5300,112.5200,113.3800,109.7800,190400
2025-02-21,113.1400,113.2900,111.4400,111.6400,108.0952,481500
2025-02-24,111.9200,112.0800,111.0900,111.4300,107.8919,377700
2025-02-25,111.5400,111.9500,110.8200,111.2000,107.6692,327000
2025-02-26,111.4800,112.0000,110.7400,111.0400,107.5143,238900
2025-02-27,111.1900,111.7500,109.9600,110.0000,106.5073,232800
2025-02-28,109.8700,111.2300,109.3400,111.1600,107.6305,417700
2025-03-03,111.6600,112.1300,108.8900,109.5800,106.1006,312700
2025-03-04,108.8300,108.8600,106.8500,107.1900,103.7865,440900
2025-03-05,107.2300,108.5500,106.5500,108.1600,104.7257,313500
2025-03-06,106.9700,108.0900,106.5900,107.4100,103.9995,666200
2025-03-07,106.9100,109.0000,106.9100,108.7600,105.3067,389800
2025-03-10,107.7800,108.6000,106.2500,107.1200,103.7187,326800
2025-03-11,106.6200,106.7200,104.5200,105.2500,101.9081,618200
2025-03-12,105.9600,105.9600,104.2800,105.0000,101.6661,382100
2025-03-13,105.5400,106.4900,104.5000,104.8900,101.5595,514200
2025-03-14,105.4500,106.9000,105.4500,106.7500,103.3605,2303100
2025-03-17,106.7800,108.8100,106.7800,108.3600,104.9194,201000
2025-03-18,107.4200,107.7400,107.0600,107.4900,104.7333,490700
2025-03-19,107.3600,108.7100,107.1800,108.1000,105.3276,3291400
2025-03-20,107.3300,108.1900,107.2200,107.5700,104.8112,693000
2025-03-21,106.6800,107.2300,106.0500,106.9600,104.2169,898400
2025-03-24,107.9300,108.6700,107.9300,108.5100,105.7271,883500
2025-03-25,108.6000,108.8400,108.0900,108.4200,105.6394,1205000
2025-03-26,108.6100,109.2700,107.7900,108.0900,105.3179,559200
2025-03-27,107.5300,107.9300,107.0100,107.3900,104.6358,373600
2025-03-28,107.1800,107.4300,105.4600,105.8300,103.1158,285500
2025-03-31,105.0700,107.0300,104.8100,106.6500,103.9148,565500
2025-04-01,106.3500,106.8500,105.2800,106.5300,103.7979,341300
2025-04-02,105.6200,107.6100,105.6200,107.2400,104.4897,974100
2025-04-03,104.2800,104.6200,101.8500,101.8800,99.2671,864800
2025-04-04,99.0900,99.7500,95.6700,95.8500,93.3918,2356800
2025-04-07,93.0300,98.8000,91.8000,95.4900,93.0410,1011200
2025-04-08,98.5600,98.5600,92.1400,93.5000,91.1021,1068300
2025-04-09,92.4800,101.3300,91.8400,100.7900,98.2051,893300
2025-04-10,98.9000,98.9800,94.7900,97.2100,94.7169,1770900
2025-04-11,96.7900,98.7600,95.7300,98.4200,95.8959,558100
2025-04-14,99.8300,100.2800,98.5800,99.6400,97.0846,809500
2025-04-15,99.6300,100.4900,99.4600,99.5400,96.9872,924500
2025-04-16,98.9400,99.7900,97.2500,98.0900,95.5743,1089100
2025-04-17,97.8400,99.4500,97.8400,98.6500,96.1200,373300
2025-04-21,97.9700,97.9700,96.0100,96.9300,94.4441,207700
2025-04-22,97.5200,99.3600,97.5200,99.0300,96.4902,617300
2025-04-23,101.0600,102.6900,100.2200,100.4900,97.9128,1056600
2025-04-24,100.3500,102.1600,100.1700,102.0600,99.4425,652500
2025-04-25,101.3200,101.7000,100.8000,101.5200,98.9164,289400
2025-04-28,101.6200,102.5300,101.1300,102.0800,99.4620,670900
2025-04-29,101.4500,102.7500,101.2500,102.3900,99.7641,284700
2025-04-30,101.3600,102.9100,100.4900,102.5600,99.9297,527600
2025-05-01,103.1000,103.7600,102.4700,102.6700,100.0369,257600
2025-05-02,103.9900,104.6600,103.7200,104.4500,101.7712,508400
2025-05-05,103.7400,104.5800,103.7400,104.0500,101.3815,252900
2025-05-06,103.2500,104.2400,103.0200,103.4800,100.8261,361700
2025-05-07,103.7100,104.3000,103.2200,103.9200,101.2548,247100
2025-05-08,104.5800,105.9600,104.4600,105.0000,102.3071,315200
2025-05-09,105.2500,105.4200,104.6800,105.0700,102.3753,419700
2025-05-12,107.6900,108.1900,107.2200,108.0600,105.2886,433500
2025-05-13,108.1800,108.8000,107.9400,108.3100,105.5322,610500
2025-05-14,108.2300,108.4100,107.2300,107.3900,104.6358,467000
2025-05-15,107.2300,108.8200,107.2300,108.8200,106.0292,373300
2025-05-16,108.5600,109.5600,108.3100,109.5500,106.7404,293200
2025-05-19,108.4800,109.6100,108.4800,109.4700,106.6625,265300
2025-05-20,109.3600,109.7300,108.8700,109.2700,106.4676,390500
2025-05-21,108.5500,108.7600,106.9200,107.0000,104.2558,409000
2025-05-22,106.8400,107.1600,106.1700,106.4800,103.7492,421100
2025-05-23,105.2500,106.2700,105.2500,106.0000,103.2815,469700
2025-05-27,107.0400,107.8200,106.5000,107.7600,104.9963,353700
2025-05-28,107.6500,107.8100,106.7300,106.8900,104.1487,313900
2025-05-29,107.2300,107.3300,106.0800,107.0200,104.2753,348200
2025-05-30,106.6200,107.3700,106.1600,106.9900,104.2461,826100
2025-06-02,106.7600,107.0700,105.7000,107.0600,104.3143,831900
2025-06-03,106.8400,108.4100,106.4800,108.3600,105.5809,429400
2025-06-04,108.5400,108.8300,108.0800,108.1100,105.3374,211600
2025-06-05,108.3700,108.8100,107.6400,108.0100,105.2399,358300
2025-06-06,108.8200,109.5500,108.8200,109.2800,106.4773,201200
2025-06-09,109.5900,110.3400,109.5900,109.8000,106.9840,366300
2025-06-10,110.1000,111.3500,109.9800,111.1700,108.3189,300500
2025-06-11,111.3700,111.3700,110.0900,110.5700,107.7343,627600
2025-06-12,109.9800,110.7700,109.8300,110.7700,107.9291,444900
2025-06-13,109.7200,110.4600,109.2000,109.4800,106.6722,449300
2025-06-16,109.5800,110.4000,109.5300,110.0800,107.9828,212600
2025-06-17,109.7500,110.2800,108.9600,109.0200,106.9430,311100
2025-06-18,109.1200,110.0300,109.0100,109.3800,107.2961,449500
2025-06-20,110.1400,110.3400,109.3700,109.6700,107.5806,867100
2025-06-23,109.6700,110.6300,108.9000,110.5700,108.4634,927600
2025-06-24,111.1400,112.2200,111.1400,112.0600,109.9250,375100
2025-06-25,111.9400,111.9400,111.2200,111.4100,109.2874,267000
2025-06-26,111.7600,112.4600,111.7600,112.4200,110.2782,299200
2025-06-27,112.5000,113.1400,111.9000,112.6000,110.4548,805400
2025-06-30,113.0700,113.4200,112.7400,113.2100,111.0531,414500
2025-07-01,112.9000,115.3500,112.9000,114.8800,112.6913,679300
2025-07-02,114.5800,115.3400,114.1600,115.1800,112.9856,329500
2025-07-03,115.5000,116.1300,115.5000,115.8000,113.5938,180200
2025-07-07,115.2300,115.5700,113.9200,114.4200,112.2401,442900
2025-07-08,114.5300,115.6400,114.5300,115.2800,113.0837,405900
2025-07-09,115.4100,115.7400,114.7600,115.4200,113.2210,268400
2025-07-10,115.5900,116.3900,115.3300,116.0300,113.8194,322200
2025-07-11,115.3800,115.4300,114.7400,115.0800,112.8875,131600
2025-07-14,114.6600,115.0800,114.3400,114.9800,112.7894,582600
2025-07-15,115.3200,115.4600,113.4500,113.4900,111.3278,453000
2025-07-16,113.5500,113.6700,112.1100,113.3500,111.1905,409000
2025-07-17,113.1900,114.0300,113.1600,113.9900,111.8183,199200
2025-07-18,114.4400,114.4400,113.7000,113.9700,111.7987,457300
2025-07-21,114.3700,114.8700,113.9800,114.0300,111.8575,276600
2025-07-22,114.1800,114.9900,114.1500,114.8600,112.6717,268100
2025-07-23,115.1700,116.5100,115.1700,116.5100,114.2903,280600
2025-07-24,116.1400,116.4000,115.4800,115.5400,113.3388,1009600
2025-07-25,115.1600,115.6500,114.5900,115.6100,113.4074,150300
2025-07-28,115.6100,115.6300,114.9400,115.1100,112.9169,157800
2025-07-29,115.3800,115.4400,114.6500,114.8000,112.6128,126200
2025-07-30,114.9200,115.2200,113.6800,114.3000,112.1224,280100
2025-07-31,113.7500,114.3500,112.6900,112.9500,110.7981,268200
2025-08-01,111.9800,112.0700,110.5300,111.5500,109.4248,272300
2025-08-04,112.0400,112.7100,111.9600,112.6900,110.5431,421800
2025-08-05,112.9100,113.4500,112.2200,113.0400,110.8864,318900
2025-08-06,113.1800,113.5200,112.7700,113.0800,110.9256,795100
2025-08-07,113.8900,114.1900,112.7900,113.2400,111.0826,775200
2025-08-08,113.6100,114.6200,113.5500,114.4400,112.2597,409800
2025-08-11,114.9100,115.6600,114.0600,114.3400,112.1616,993000
2025-08-12,114.8900,116.5900,114.8400,116.5100,114.2903,690700
2025-08-13,116.7800,117.8700,116.5300,117.7300,115.4870,441700
2025-08-14,116.7100,118.0700,116.4800,117.9200,115.6734,673500
2025-08-15,117.9900,117.9900,116.9500,116.9500,114.7219,658300
2025-08-18,116.8700,117.5400,116.8600,117.2300,114.9966,455800
2025-08-19,117.4100,118.6500,117.4100,117.8700,115.6244,374600
2025-08-20,117.5900,117.5900,116.5000,117.0400,114.8102,242300
2025-08-21,116.6000,116.9600,116.1200,116.7700,114.5453,267400
2025-08-22,117.2700,119.6900,117.2700,119.4300,117.1546,339100
2025-08-25,119.3400,119.3900,118.9000,118.9400,116.6740,405200
2025-08-26,118.8100,119.2400,118.7700,119.1500,116.8800,412700
2025-08-27,118.9400,119.9200,118.9400,119.8000,117.5176,441600
2025-08-28,119.9900,120.1500,119.4000,120.0800,117.7923,306600
2025-08-29,119.7100,120.2200,119.3500,119.6800,117.3999,238800
2025-09-02,118.3300,119.0700,117.9400,119.0700,116.8015,267900
2025-09-03,118.8300,119.1700,118.1700,118.7200,116.4582,885900
2025-09-04,118.8700,120.0300,118.5800,119.9900,117.7040,344100
2025-09-05,120.4200,121.0200,119.4500,120.4200,118.1258,1039700
2025-09-08,120.1200,120.1200,119.1000,119.9400,117.6549,625500
2025-09-09,119.8500,120.2900,119.7400,120.0800,117.7923,512000
2025-09-10,120.2800,120.6400,119.6500,120.3900,118.0963,252500
2025-09-11,120.8900,122.5100,120.8500,122.2600,119.9307,229900
2025-09-12,122.1600,122.4100,121.5700,121.6500,119.3324,454700
2025-09-15,121.8700,122.2900,121.4400,121.7200,119.4010,225900
2025-09-16,121.1600,121.5100,120.5000,121.1000,119.4405,303700
2025-09-17,121.1400,122.7300,120.5600,121.5000,119.8350,556300
2025-09-18,123.5000,124.3200,123.0600,123.9900,122.2909,6029500
2025-09-19,123.9000,123.9000,122.8900,123.0900,121.4032,249600
2025-09-22,122.7900,123.2700,122.6600,123.0500,121.3637,239300
2025-09-23,123.2000,124.6100,123.2000,123.4700,121.7780,215900
2025-09-24,123.6400,124.1100,123.2300,123.6000,121.9062,280900
2025-09-25,123.1300,123.6200,122.6300,123.3500,121.6596,490700
2025-09-26,123.8500,124.8700,123.8000,124.6300,122.9221,455800
2025-09-29,125.0900,125.0900,124.4200,124.8500,123.1391,575100
2025-09-30,124.5500,125.2400,124.1300,125.0500,123.3363,431100
2025-10-01,124.7800,126.8700,124.7800,126.8100,125.0722,512100
2025-10-02,127.1300,127.1300,126.1900,126.9400,125.2004,523500
2025-10-03,127.2600,128.1300,127.2100,127.4100,125.6640,160200
2025-10-06,128.2700,128.6200,127.1800,127.2100,125.4667,216000
2025-10-07,127.6300,127.6300,125.8000,126.2100,124.4804,230200
2025-10-08,126.4600,127.1900,126.0900,126.9300,125.1906,185300
2025-10-09,126.7900,127.1700,125.5800,125.8400,124.1155,216800
2025-10-10,126.3100,126.4600,122.2700,122.2900,120.6142,708000
2025-10-13,123.6200,124.5300,123.6000,124.1100,122.4092,372900
2025-10-14,122.7900,125.9100,122.6600,125.0600,123.3462,698200
2025-10-15,126.2300,126.7200,124.9200,126.3700,124.6382,304700
2025-10-16,126.6300,126.9100,124.7000,125.3200,123.6026,428600
2025-10-17,125.0900,126.2400,124.9500,125.8800,124.1550,417600
2025-10-20,126.8500,127.4600,126.8500,127.2500,125.5062,210500
2025-10-21,127.6600,128.9100,127.6300,128.4500,126.6897,201200
2025-10-22,128.1900,128.3100,126.4500,127.4200,125.6739,384000
2025-10-23,127.4200,128.3200,127.3700,128.2400,126.4826,246700
2025-10-24,129.5600,130.1400,129.5600,129.8300,128.0508,552700
2025-10-27,130.6400,131.1800,130.3700,130.8800,129.0864,232200
2025-10-28,130.4700,131.3300,130.0000,130.7900,128.9977,329500
2025-10-29,131.2000,131.7300,130.0100,130.3000,128.5144,700800
2025-10-30,129.2800,130.9000,129.2700,129.5700,127.7944,465300
2025-10-31,129.8500,130.8300,129.4800,130.4100,128.6229,616700
2025-11-03,131.0600,131.0600,129.1700,130.5700,128.7807,240700
2025-11-04,128.8300,129.5400,128.1000,128.2700,126.5122,279400
2025-11-05,128.4000,130.8300,128.4000,130.1800,128.3960,891000
2025-11-06,130.1600,130.8100,128.8500,129.4100,127.6366,427000
2025-11-07,128.9100,130.2800,128.1300,130.2800,128.4947,388000
2025-11-10,131.4500,131.8800,130.3900,131.4700,129.6684,531200
2025-11-11,131.0700,132.0100,130.7600,131.4700,129.6684,498700
2025-11-12,131.7200,133.0500,131.7200,132.6700,130.8519,325900
2025-11-13,132.6700,133.0100,130.3400,130.7400,128.9484,1082300
2025-11-14,129.2200,131.6900,129.1900,130.6600,128.8695,702100
2025-11-17,130.2300,130.9500,127.8300,128.4000,126.6404,867500
2025-11-18,127.5000,128.9800,126.9900,128.0200,126.2656,472500
2025-11-19,127.8900,129.0500,127.3100,127.8200,126.0684,447600
2025-11-20,129.1400,129.7200,124.5500,124.6700,122.9615,1734100
2025-11-21,125.1400,128.2900,125.0200,127.3900,125.6443,2200900
2025-11-24,128.0800,129.4700,128.0000,128.9700,127.2026,356800
2025-11-25,129.0500,131.1200,129.0500,130.8400,129.0470,351500
2025-11-26,131.2000,132.7100,131.2000,132.0500,130.2404,221500
2025-11-28,132.3300,133.7700,132.3300,133.6700,131.8382,236500
2025-12-01,132.5800,133.9800,132.5800,133.2400,131.4141,210400
2025-12-02,133.7000,134.3900,133.0800,134.0300,132.1933,610500
2025-12-03,134.0600,135.4300,134.0600,135.3700,133.5149,344000
2025-12-04,135.1300,135.2900,134.3600,134.7100,132.8640,385700
2025-12-05,134.7500,136.2300,134.7500,135.3100,133.4557,201800
2025-12-08,135.8200,135.8800,134.9500,135.2900,133.4360,265800
2025-12-09,135.0800,136.1200,135.0800,135.4900,133.6333,290900
2025-12-10,135.4200,138.4800,135.2100,138.2700,136.3752,470400
2025-12-11,137.9300,138.6100,137.5800,138.5800,136.6809,1008400
2025-12-12,138.5800,138.7400,136.4400,136.7800,134.9056,327000
2025-12-15,137.4300,137.8800,136.7500,136.9700,135.0930,447900
2025-12-16,136.0700,136.3600,134.6100,135.1600,134.1038,337700
2025-12-17,135.4500,135.7800,133.9200,134.0400,132.9925,408400
2025-12-18,135.8800,136.5100,134.9600,135.1300,134.0740,445200
2025-12-19,135.2400,137.0700,135.2200,136.5900,135.5226,564000
2025-12-22,137.5600,137.6800,137.1300,137.5900,136.5148,243600
2025-12-23,137.2800,137.8200,137.0700,137.2700,136.1973,255100
2025-12-24,137.2500,138.2800,137.2500,138.2000,137.1200,109200
2025-12-26,138.3300,138.3300,137.8200,138.2600,137.1796,397500
2025-12-29,137.6600,138.4300,137.6500,138.1400,137.0605,171600
2025-12-30,138.4000,138.5100,137.9400,137.9700,136.8918,653300
2025-12-31,138.0500,138.0500,136.6600,136.7300,135.6615,484700
2026-01-02,137.7300,139.6500,137.5200,139.3500,138.2610,565200
2026-01-05,140.2600,140.7500,139.9500,140.4900,139.3921,612600
2026-01-06,140.7600,143.2200,140.7300,143.0800,141.9619,579600
2026-01-07,142.8900,143.1200,141.4800,141.7300,140.6224,745200
2026-01-08,141.7600,142.7000,141.6600,142.3200,141.2078,655200
2026-01-09,142.9200,144.4200,142.7400,144.2400,143.1128,629600
2026-01-12,143.3900,143.8500,143.0300,143.7000,142.5770,550100
2026-01-13,144.0100,144.2800,143.1800,143.6700,142.5473,2770400
2026-01-14,143.4700,144.0200,142.9500,143.6900,142.5671,4146300
2026-01-15,144.9900,145.4100,144.4300,144.5100,143.3807,652800
2026-01-16,145.1700,146.0300,144.2900,144.4900,143.3609,537000
2026-01-20,142.9300,144.5000,142.4200,142.8400,141.7238,1695600
2026-01-21,144.1000,147.1400,144.1000,146.5800,145.4345,2384600
2026-01-22,147.4900,147.8700,146.5300,147.3300,146.1787,668800
2026-01-23,145.7500,145.8500,144.3700,145.0500,143.9165,1264300
2026-01-26,145.0200,145.3900,144.5100,144.7500,143.6188,1148600
2026-01-27,145.7200,146.5500,145.3500,146.1100,144.9682,445200
2026-01-28,147.1200,148.4600,147.1200,147.9600,146.8038,972400
2026-01-29,148.3200,148.9600,146.5200,148.4700,147.3098,910700
2026-01-30,148.6100,149.2100,146.3800,147.1800,146.0298,1210400
2026-02-02,146.3600,149.9400,146.3600,149.6300,148.4607,1353700
2026-02-03,149.8400,150.7800,147.9600,149.5700,148.4012,1391000
2026-02-04,149.7700,151.0000,147.7600,149.1300,147.9646,2250000
2026-02-05,147.8800,149.6400,147.1500,148.1500,146.9923,2764500
2026-02-06,149.0000,152.1000,149.0000,151.8800,150.6931,993800
2026-02-09,150.8200,151.9300,149.8400,151.3300,150.1474,1195600
2026-02-10,151.1700,151.8200,150.6900,150.8100,149.6315,609300
2026-02-11,152.2900,153.1900,151.3700,152.9000,151.7051,1305500
2026-02-12,152.8000,154.3100,149.7100,149.8700,148.6988,1434300
2026-02-13,149.7000,152.5200,149.0100,151.5600,150.3756,1234000
2026-02-17,151.0600,151.9100,149.7200,150.8500,149.6712,1063100
2026-02-18,151.0400,153.1400,150.4200,152.3000,151.1098,1289400
2026-02-19,151.6600,151.8200,150.6500,151.3800,150.1970,977000
2026-02-20,150.9100,152.4900,150.7500,152.4200,151.2289,898400
2026-02-23,151.6100,152.5100,149.5000,150.2400,149.0659,719500
2026-02-24,150.4600,151.8500,150.4600,151.1500,149.9688,1326400
2026-02-25,151.7600,152.2900,151.1600,151.9900,150.8023,652700
2026-02-26,152.0800,152.8900,149.9700,151.1200,149.9391,624000
2026-02-27,149.5700,150.8300,149.4400,150.7900,149.6116,728100
2026-03-02,148.8900,150.4800,148.4100,150.2900,149.1155,1934900
2026-03-03,146.6300,148.0000,144.6500,147.1000,145.9505,5852600
2026-03-04,148.0800,149.7600,147.4100,149.2600,148.0936,1595600
2026-03-05,148.4200,149.2900,146.2200,147.6300,146.4763,3787000
2026-03-06,145.0800,145.6600,144.0700,144.5600,143.4303,1736900
2026-03-09,142.6500,145.7500,140.9300,145.3400,144.2042,2736300
2026-03-10,145.4900,148.0000,145.4500,145.7200,144.5813,2129900
2026-03-11,145.9600,147.1100,145.6800,146.3700,145.2262,1456300
2026-03-12,145.1200,145.1200,143.7200,143.7900,142.6663,2285900
2026-03-13,144.9900,146.2200,144.4300,144.6900,143.5593,1936600
2026-03-16,146.5600,147.5600,145.9500,146.1900,145.0476,1430100
2026-03-17,146.8300,147.4800,146.5700,147.0100,146.4935,610700
2026-03-18,146.8100,147.0800,145.4600,145.4800,144.9689,1455400
2026-03-19,143.0700,146.3700,142.8700,145.3600,144.8493,1471600
2026-03-20,145.7000,145.8000,142.2000,143.1000,142.5972,1426600
2026-03-23,145.0800,146.0100,143.3100,143.8000,143.2948,1286500
2026-03-24,142.9700,145.3300,142.8100,144.9100,144.4009,501900
2026-03-25,145.4600,146.2100,144.5500,145.5600,145.0486,907300
2026-03-26,144.1600,145.0600,142.8400,142.9000,142.3979,546100
2026-03-27,142.4700,143.0400,140.7900,141.0800,140.5843,566900
2026-03-30,142.3800,142.4500,137.8500,138.4800,137.9935,619700
2026-03-31,139.6700,142.2900,139.2600,142.1900,141.6904,2363100
2026-04-01,143.6000,145.6300,143.2500,144.7600,144.2514,1393700
2026-04-02,142.0500,145.5200,142.0200,145.2200,144.7098,678800
2026-04-06,145.5500,146.6600,145.5200,146.2500,145.7362,597400
2026-04-07,145.7700,146.5600,144.9100,146.3100,145.7959,984900
2026-04-08,150.5400,151.7000,149.7400,151.6500,151.1172,1519300
2026-04-09,151.3600,153.0900,150.9300,152.8300,152.2930,715000
2026-04-10,153.0400,153.0800,151.9700,152.1400,151.6055,627700
2026-04-13,151.5100,153.4800,151.1000,153.4600,152.9208,489800
2026-04-14,153.8300,155.0200,152.6200,155.0200,154.4753,569200
2026-04-15,154.5700,155.0600,153.1700,154.4700,153.9273,3388100
2026-04-16,154.5000,156.3500,154.1900,156.2800,155.7309,474600
2026-04-17,157.3500,158.8600,157.1600,158.2200,157.6641,826500
2026-04-20,157.9800,158.5600,157.6600,158.1100,157.5545,463100
2026-04-21,158.9400,159.5300,157.8800,158.2300,157.6741,570900
2026-04-22,159.2300,160.0100,158.6200,159.1100,158.5510,428700
2026-04-23,159.3000,160.9700,158.4800,159.9100,159.3482,808200
2026-04-24,163.2500,163.8500,161.8800,162.3300,161.7597,2559500
2026-04-27,163.2100,164.6500,162.7900,163.5300,162.9554,959000
2026-04-28,161.8400,162.9400,160.4000,162.1100,161.5404,691400
2026-04-29,163.6600,164.9700,163.3300,164.9700,164.3904,578600
2026-04-30,165.8900,167.2900,165.1100,167.0700,166.4830,760000
2026-05-01,166.8300,169.2000,166.7400,168.3100,167.7186,729800
2026-05-04,168.6900,169.9600,167.7900,167.9600,167.3699,2616900
2026-05-05,170.4600,174.5800,170.4600,173.9100,173.2990,843300
2026-05-06,176.4300,177.4100,174.1900,177.3600,176.7368,877800
2026-05-07,176.3700,177.1300,173.9300,174.8100,174.1958,1354500
2026-05-08,177.1100,183.0100,177.1100,182.5900,181.9485,1004400
2026-05-11,185.7500,186.9500,183.8300,185.1900,184.5394,1529400
2026-05-12,183.2900,183.4400,178.3400,182.2300,181.5897,2646800
2026-05-13,184.2900,184.7000,182.1400,183.8600,183.2140,603400
2026-05-14,184.1800,185.8300,183.8000,184.1600,183.5130,551900
2026-05-15,180.9600,181.3300,179.5100,179.7800,179.1483,1115400
2026-05-18,182.0300,182.1900,176.3900,178.0700,177.4444,1461100
2026-05-19,176.3200,180.1700,174.7900,178.2900,177.6636,1202200
2026-05-20,181.1000,182.6900,180.1900,182.6900,182.0481,881500
2026-05-21,181.6300,185.0400,181.0700,184.9200,184.2703,720100
2026-05-22,186.0500,188.8200,185.8200,187.3300,186.6718,569100
2026-05-26,191.1500,195.2500,190.4900,194.5500,193.8665,1140400
2026-05-27,197.0400,197.0700,193.7200,195.6100,194.9227,664300
2026-05-28,195.8200,197.3500,193.7800,195.9500,195.2615,608100
2026-05-29,199.0300,199.7400,197.6500,198.1200,197.4239,544100
2026-06-01,199.2000,202.2600,199.1600,201.4800,200.7721,3497600
2026-06-02,202.9600,204.3500,201.5500,203.7000,202.9843,478800
2026-06-03,203.3200,203.5900,201.4300,202.8500,202.1373,594300
2026-06-04,200.6100,201.8000,199.3700,200.2400,199.5365,752900
2026-06-05,197.4000,197.9000,191.6300,191.9200,191.2457,1065100
2026-06-08,195.5900,197.2800,194.5900,195.5700,194.8829,777500
2026-06-09,197.5400,198.0900,188.8600,194.8100,194.1255,1502100
2026-06-10,192.7900,195.4300,190.3300,190.6100,189.9403,1172100
2026-06-11,191.2400,197.7900,191.0300,197.5800,196.8858,1219600
2026-06-12,197.0500,199.7300,196.4400,198.3800,197.6830,851000
2026-06-15,202.1600,203.1000,201.6200,202.3400,202.3400,775600
2026-06-16,203.0200,203.8600,198.5500,198.6600,198.6600,712400
2026-06-17,200.4600,200.5700,196.2500,196.4300,196.4300,1339800
2026-06-18,200.1600,201.2400,199.0100,199.9200,199.9200,672100
2026-06-22,203.3100,204.5100,202.8300,204.1700,204.1700,10961700
2026-06-23,197.1500,200.0800,196.0000,197.1100,197.1100,1047200
2026-06-24,198.1400,198.4700,193.9900,196.6400,196.6400,10151600
2026-06-25,205.7700,206.5700,201.2700,204.5900,204.5900,2980200
2026-06-26,200.4400,203.6800,199.7700,200.0900,200.0900,1457000
2026-06-29,200.9100,200.9700,195.0900,200.8700,200.8700,3587200
2026-06-30,200.3700,201.0200,199.1800,199.8100,199.8100,1446000
2026-07-01,196.9400,197.9200,195.2900,195.4700,195.4700,1781400
2026-07-02,196.3300,197.7300,190.4000,192.9700,192.9700,3474600
2026-07-06,194.3300,195.3900,193.7600,194.0000,194.0000,748800
2026-07-07,191.6100,192.8000,190.1300,191.8700,191.8700,603100
2026-07-08,189.8400,192.3500,189.5100,191.4600,191.4600,1074800
2026-07-09,195.0000,196.9800,194.4300,195.1000,195.1000,1201600
2026-07-10,194.1700,196.3300,194.1700,195.3700,195.3700,435600
2026-07-13,193.4400,194.4200,192.4200,193.7800,193.7800,732500
2026-07-14,195.8800,196.4800,194.3600,195.3000,195.3000,1076700
2026-07-15,195.3900,195.3900,189.5300,191.2500,191.2500,3224700
2026-07-16,189.7500,191.0700,189.0000,189.9100,189.9100,695500
2026-07-17,188.0200,192.0700,187.8900,189.3500,189.3500,473000
2026-07-20,191.1800,191.3100,188.6700,188.9700,188.9700,554700
2026-07-21,192.1300,195.3800,191.9900,195.0800,195.0800,408700
2026-07-22,194.6300,197.0600,194.3800,195.4900,195.4900,367500
2026-07-23,195.3600,197.0100,194.6100,195.6000,195.6000,639900
2026-07-24,194.5800,196.0400,193.6700,194.6400,194.6400,430200
2026-07-27,196.2500,196.7300,192.7600,195.3600,195.3600,410300
