date,open,high,low,close,adj_close,volume
1998-12-22,25.8750,26.5312,25.8750,26.5000,13.8896,150300
1998-12-23,26.7969,28.7969,26.6875,27.1406,14.2254,44000
1998-12-24,27.1406,27.1406,27.0000,27.0938,14.2009,45500
1998-12-28,27.1406,27.1562,26.8125,26.9375,14.1190,25400
1998-12-29,26.9531,27.5625,25.9844,27.5312,14.4302,123500
1998-12-30,27.5312,27.6094,27.3125,27.3594,14.3401,10200
1998-12-31,27.2969,27.4219,27.0781,27.1562,14.2336,66300
1999-01-04,27.3750,27.5938,26.7344,26.9375,14.1190,50000
1999-01-05,27.0938,27.2812,27.0156,27.1406,14.2254,27900
1999-01-06,27.3281,27.4844,27.1562,27.4688,14.3974,118500
1999-01-07,27.2656,27.2656,26.9531,27.1562,14.2336,43500
1999-01-08,27.1562,27.1719,26.6250,27.0469,14.1763,63800
1999-01-11,26.9844,26.9844,26.3281,26.5000,13.8896,65400
1999-01-12,26.4844,26.5781,26.2500,26.2969,13.7832,29400
1999-01-13,25.5469,26.4844,25.5469,26.3438,13.8078,73800
1999-01-14,26.2344,26.3281,25.4844,25.8438,13.5457,30800
1999-01-15,26.0625,26.2188,25.8281,26.1250,13.6931,39000
1999-01-19,26.3281,26.3281,25.6562,25.8281,13.5375,39200
1999-01-20,25.9844,26.1875,25.7812,25.9062,13.5784,480500
1999-01-21,25.7969,25.9375,25.3594,25.5156,13.3737,42500
1999-01-22,25.3594,25.6719,25.2188,25.3906,13.3082,75700
1999-01-25,25.3906,25.4844,25.1094,25.3281,13.2754,179000
1999-01-26,25.3438,25.9219,25.2969,25.9219,13.5866,85000
1999-01-27,26.1719,26.4219,26.0938,26.2656,13.7668,50400
1999-01-28,26.2969,26.7969,26.2656,26.7344,14.0125,57300
1999-01-29,26.8125,26.9844,26.4375,26.7969,14.0453,167800
1999-02-01,26.9844,27.0781,26.6719,26.6875,13.9879,57200
1999-02-02,26.7812,26.9062,26.5312,26.9062,14.1026,81800
1999-02-03,26.7812,26.9062,26.5469,26.8125,14.0534,65300
1999-02-04,26.7031,26.9062,26.5625,26.6875,13.9879,34400
1999-02-05,26.6875,26.6875,26.2500,26.2812,13.7750,33000
1999-02-08,26.2188,26.3750,26.0156,26.2344,13.7504,83500
1999-02-09,26.1719,26.1719,25.7188,25.7656,13.5047,44500
1999-02-10,25.8906,25.9531,25.6250,25.9531,13.6030,32000
1999-02-11,26.0469,26.4062,25.9688,26.3906,13.8323,22400
1999-02-12,26.4375,26.5156,25.9844,26.1719,13.7177,29600
1999-02-16,26.5000,26.6719,26.4062,26.4844,13.8815,37700
1999-02-17,26.4688,26.7188,26.0312,26.2188,13.7422,26800
1999-02-18,26.3125,26.5781,26.2656,26.5000,13.8896,29400
1999-02-19,26.4531,26.6250,26.3438,26.3906,13.8323,30300
1999-02-22,26.5000,27.1250,26.4219,26.9531,14.1272,183700
1999-02-23,26.9844,27.1562,26.7812,26.9062,14.1026,35400
1999-02-24,27.0938,27.2656,26.5938,26.7500,14.0207,69000
1999-02-25,26.4844,26.6250,26.0781,26.4375,13.8569,28100
1999-02-26,26.3750,26.5938,26.2188,26.5156,13.8978,15100
1999-03-01,26.4219,26.5156,26.1562,26.3906,13.8323,17500
1999-03-02,26.5312,26.7031,26.2656,26.3125,13.7914,29700
1999-03-03,26.4219,26.4219,26.0469,26.3125,13.7914,32000
1999-03-04,26.3594,26.7188,26.2188,26.6719,13.9797,85300
1999-03-05,26.6875,27.2344,26.6875,27.0781,14.1927,49100
1999-03-08,27.1406,27.2031,26.8281,27.2031,14.2582,30700
1999-03-09,27.2344,27.3906,27.0000,27.2344,14.2746,23300
1999-03-10,27.1250,27.1250,26.8438,26.9375,14.1190,32600
1999-03-11,27.1406,27.3906,27.0156,27.2031,14.2582,55700
1999-03-12,27.4531,27.5781,27.2500,27.4375,14.3810,48100
1999-03-15,27.5938,27.8750,27.5000,27.6719,14.5039,246400
1999-03-16,27.7188,27.9531,27.7031,27.7969,14.5694,63700
1999-03-17,27.7812,27.7812,27.3125,27.3281,14.3237,40900
1999-03-18,27.2188,27.7969,27.2188,27.7969,14.5694,22300
1999-03-19,27.9219,27.9219,27.4062,27.6250,14.5049,174200
1999-03-22,27.4844,27.6250,27.2812,27.6094,14.4967,93400
1999-03-23,27.2969,27.4844,26.5156,26.8281,14.0865,91600
1999-03-24,26.5938,26.8594,26.5000,26.8125,14.0783,46700
1999-03-25,27.0625,27.1875,26.7656,27.0156,14.1849,46000
1999-03-26,26.7656,26.9844,26.7031,26.9219,14.1357,20400
1999-03-29,27.1875,27.4688,27.1875,27.2656,14.3162,18200
1999-03-30,26.7188,27.1406,26.7188,27.0312,14.1931,45800
1999-03-31,27.2344,27.2344,26.4062,26.4375,13.8814,45800
1999-04-01,26.7188,26.7188,26.3750,26.4844,13.9060,38500
1999-04-05,26.7500,26.7500,26.5312,26.6250,13.9798,32900
1999-04-06,26.4219,26.6250,26.1406,26.3281,13.8239,136600
1999-04-07,26.5469,26.5469,26.1406,26.2969,13.8075,77800
1999-04-08,26.3438,26.9688,26.3438,26.9062,14.1275,49100
1999-04-09,26.9688,27.1250,26.6406,26.9688,14.1603,61000
1999-04-12,27.0000,27.5469,27.0000,27.4219,14.3982,28400
1999-04-13,27.6250,27.6719,27.1875,27.5156,14.4475,70200
1999-04-14,27.5000,27.5000,26.5781,26.6875,14.0126,38700
1999-04-15,26.7656,26.7656,25.7500,26.0312,13.6681,292300
1999-04-16,26.1562,26.1562,25.8750,26.1406,13.7255,16800
1999-04-19,26.0156,26.1875,25.0000,25.0469,13.1512,71700
1999-04-20,25.3125,25.7344,25.1250,25.5156,13.3973,29400
1999-04-21,25.7500,26.5156,25.6094,26.3281,13.8239,92900
1999-04-22,26.3125,26.6562,26.2969,26.6562,13.9962,29700
1999-04-23,26.6719,26.7188,26.3906,26.6094,13.9716,16600
1999-04-26,26.6250,26.6250,26.2344,26.4219,13.8732,51800
1999-04-27,26.7188,26.7969,26.4531,26.4531,13.8896,39800
1999-04-28,26.2812,26.5625,25.5938,26.0625,13.6845,110200
1999-04-29,26.1094,26.1094,25.7500,25.8594,13.5778,27100
1999-04-30,25.9062,25.9688,25.3125,25.5156,13.3973,34700
1999-05-03,25.7500,26.1094,25.5938,26.1094,13.7091,46900
1999-05-04,26.2500,26.3125,25.7344,25.8906,13.5942,91200
1999-05-05,25.9375,26.1406,25.4844,26.1406,13.7255,23500
1999-05-06,26.2188,26.2500,25.7344,25.7969,13.5450,28100
1999-05-07,25.7969,26.2031,25.7500,26.0156,13.6599,31900
1999-05-10,26.0000,26.0000,25.5625,25.6094,13.4465,125400
1999-05-11,25.5312,26.0000,25.5312,25.7188,13.5040,59800
1999-05-12,25.7031,26.1875,25.6719,26.0938,13.7009,38300
1999-05-13,26.2500,26.3125,26.0000,26.2188,13.7665,173300
1999-05-14,25.7344,26.0312,25.5156,25.7500,13.5204,41600
1999-05-17,25.5469,25.9688,25.5000,25.9219,13.6106,36800
1999-05-18,25.9219,26.9688,25.3594,25.5781,13.4301,95500
1999-05-19,25.7031,25.9844,25.6250,25.9375,13.6188,59400
1999-05-20,25.8594,26.1719,25.8594,26.0000,13.6517,150600
1999-05-21,25.9531,26.1094,25.7344,25.9219,13.6106,78100
1999-05-24,25.7656,26.0469,25.2500,25.2500,13.2579,20100
1999-05-25,25.3281,25.5469,25.0000,25.0000,13.1266,33500
1999-05-26,25.2188,25.2500,24.8594,25.0000,13.1266,67600
1999-05-27,24.7812,25.2656,24.7656,24.8750,13.0610,24400
1999-05-28,25.1250,25.4062,25.0000,25.2500,13.2579,16500
1999-06-01,25.2969,25.3750,24.9531,25.3438,13.3071,36700
1999-06-02,25.0781,25.3281,24.9531,24.9531,13.1020,65200
1999-06-03,25.0000,25.4688,25.0000,25.1875,13.2250,40600
1999-06-04,25.1875,26.0625,25.1875,26.0625,13.6845,17400
1999-06-07,26.1094,26.1094,25.7656,25.8438,13.5696,28400
1999-06-08,25.5938,25.8281,25.3438,25.4844,13.3809,77100
1999-06-09,25.4531,25.6719,25.2500,25.3438,13.3071,18400
1999-06-10,25.0000,25.2344,24.8125,24.8750,13.0610,71200
1999-06-11,25.2500,25.3125,24.6250,24.6250,12.9297,20400
1999-06-14,24.6406,24.8438,24.5625,24.7031,12.9707,32300
1999-06-15,24.7500,25.0000,24.6719,24.7656,13.0035,25600
1999-06-16,25.0000,25.0312,24.7188,24.9531,13.1020,46300
1999-06-17,24.8750,25.3750,24.8750,25.1562,13.2086,26300
1999-06-18,25.0938,25.1562,24.8125,25.0469,13.2037,33600
1999-06-21,25.0156,25.0156,24.4844,24.7656,13.0554,35900
1999-06-22,24.7188,25.0000,24.7188,24.9062,13.1295,85400
1999-06-23,24.6094,24.8906,24.5156,24.6406,12.9895,17400
1999-06-24,24.5469,24.9062,24.5000,24.5625,12.9483,23000
1999-06-25,24.9375,25.0000,24.4062,24.5469,12.9401,149300
1999-06-28,24.8438,25.8594,24.5156,24.5625,12.9483,21200
1999-06-29,24.6250,25.2188,24.5156,25.0000,13.1790,46400
1999-06-30,25.2188,25.6250,24.8281,25.5938,13.4920,51000
1999-07-01,25.6719,25.9688,25.5781,25.7812,13.5908,38400
1999-07-02,25.8281,26.0000,25.7188,25.8750,13.6402,48500
1999-07-06,25.9844,26.2344,25.7031,25.8594,13.6320,93000
1999-07-07,25.9062,25.9219,25.6875,25.7500,13.5743,17800
1999-07-08,25.4844,25.9844,25.4844,25.5469,13.4673,34800
1999-07-09,25.9062,25.9062,25.6250,25.6719,13.5332,31900
1999-07-12,25.7188,25.7500,25.5469,25.6250,13.5084,14300
1999-07-13,25.5469,26.0000,25.4688,25.7188,13.5579,22600
1999-07-14,25.7500,25.8906,25.5469,25.6406,13.5167,19100
1999-07-15,25.8281,26.2188,25.8281,25.9219,13.6649,28000
1999-07-16,26.2031,26.2031,25.8281,25.8750,13.6402,23700
1999-07-19,26.2500,26.2500,25.5938,25.6562,13.5249,33100
1999-07-20,25.9844,25.9844,25.3281,25.4375,13.4096,35900
1999-07-21,25.6250,25.7188,25.3438,25.5469,13.4673,23700
1999-07-22,25.5469,25.6562,25.1250,25.2656,13.3190,24900
1999-07-23,25.2188,25.4688,25.0625,25.0781,13.2202,37200
1999-07-26,25.1562,25.3125,25.0156,25.3125,13.3437,82300
1999-07-27,25.4219,25.5625,25.0938,25.3906,13.3849,38000
1999-07-28,25.2344,25.3125,25.0312,25.1562,13.2613,20600
1999-07-29,25.0000,25.0000,24.5469,24.7812,13.0637,115300
1999-07-30,24.7812,24.9375,24.6250,24.6406,12.9895,48700
1999-08-02,24.6719,24.9688,24.6406,24.6406,12.9895,29600
1999-08-03,24.8906,24.9531,24.5625,24.8281,13.0884,56300
1999-08-04,24.9844,24.9844,24.1875,24.3750,12.8495,57400
1999-08-05,24.3750,24.5000,23.8594,24.4375,12.8824,85300
1999-08-06,24.2812,24.2812,23.7969,24.0312,12.6683,18800
1999-08-09,24.1250,24.1875,23.8906,23.9688,12.6353,7400
1999-08-10,24.0781,24.0781,23.6250,23.8906,12.5942,29200
1999-08-11,23.9688,23.9844,23.5625,23.6406,12.4624,38200
1999-08-12,23.7344,24.2969,23.7344,24.0781,12.6930,27300
1999-08-13,24.3125,24.4375,24.1094,24.2500,12.7836,26200
1999-08-16,24.1875,24.5000,24.1719,24.3906,12.8577,37700
1999-08-17,24.5312,24.5625,24.2344,24.5156,12.9236,24700
1999-08-18,24.5156,24.6094,24.1719,24.1719,12.7424,33500
1999-08-19,24.0156,24.3906,24.0156,24.3281,12.8248,15000
1999-08-20,24.2656,24.8750,24.2188,24.8125,13.0801,89300
1999-08-23,25.0000,25.3750,25.0000,25.3594,13.3684,56100
1999-08-24,25.0938,25.4375,25.0938,25.2500,13.3108,52800
1999-08-25,25.4531,26.0000,25.3594,26.0000,13.7061,61900
1999-08-26,25.8281,26.0469,25.5781,25.5781,13.4837,23800
1999-08-27,25.6562,25.8281,25.2344,25.2500,13.3108,66000
1999-08-30,25.3750,25.5000,25.1250,25.2812,13.3272,35700
1999-08-31,25.0469,25.3750,24.8906,25.0625,13.2119,14100
1999-09-01,24.9844,25.1719,24.8281,24.9688,13.1625,19800
1999-09-02,24.9688,25.0156,24.6250,24.9375,13.1460,30000
1999-09-03,25.3281,25.5000,25.2031,25.3750,13.3767,136200
1999-09-07,25.4844,25.5000,25.0469,25.1875,13.2778,225600
1999-09-08,25.0469,25.3438,24.9219,25.2031,13.2861,63400
1999-09-09,24.8750,25.0312,24.7188,24.8438,13.0966,80300
1999-09-10,24.9375,25.1250,24.7500,24.8750,13.1131,32500
1999-09-13,24.8750,24.8750,24.6250,24.8438,13.0966,22200
1999-09-14,24.6719,24.6719,24.3281,24.4375,12.8824,18400
1999-09-15,24.4844,24.8438,24.2500,24.2500,12.7836,53700
1999-09-16,24.4219,24.4219,24.0000,24.3125,12.8166,44700
1999-09-17,24.3750,24.5781,24.2344,24.2969,12.8374,28100
1999-09-20,24.5312,24.5625,24.2656,24.3906,12.8869,17200
1999-09-21,24.1094,24.2188,23.7344,23.9688,12.6640,30400
1999-09-22,23.9688,24.1094,23.5938,23.9531,12.6557,28000
1999-09-23,23.9062,23.9062,23.2500,23.3906,12.3585,43400
1999-09-24,23.3281,23.4062,23.0000,23.2656,12.2925,41800
1999-09-27,23.3125,23.5000,23.1875,23.1875,12.2512,30600
1999-09-28,23.2656,23.2656,22.5312,22.8438,12.0696,117900
1999-09-29,22.5938,22.9688,22.2500,22.2500,11.7559,95200
1999-09-30,22.7031,23.0000,22.5469,22.7500,12.0201,25000
1999-10-01,22.8125,23.2500,22.6719,23.1250,12.2182,67800
1999-10-04,23.3750,23.4844,23.2344,23.3906,12.3585,38300
1999-10-05,23.2344,23.5312,23.0312,23.1094,12.2099,49200
1999-10-06,23.5625,24.0156,23.3750,24.0156,12.6888,36500
1999-10-07,23.8125,24.1875,23.7344,23.8281,12.5897,43400
1999-10-08,24.1250,24.7188,24.0156,24.4688,12.9282,32600
1999-10-11,24.7031,24.7031,24.4062,24.5000,12.9447,49000
1999-10-12,24.4375,24.4375,24.0000,24.0312,12.6970,98600
1999-10-13,24.1250,24.1406,23.5469,23.5625,12.4493,19500
1999-10-14,23.4219,23.7188,23.2656,23.6250,12.4824,47100
1999-10-15,23.3281,23.3281,22.7500,22.7656,12.0283,68300
1999-10-18,22.9844,23.3125,22.8594,23.1875,12.2512,15900
1999-10-19,23.8281,24.2188,23.6562,24.1719,12.7713,88300
1999-10-20,24.2031,24.3594,23.9219,24.2656,12.8208,186500
1999-10-21,24.1250,24.4375,24.0625,24.4375,12.9117,37800
1999-10-22,24.7812,24.7812,24.4062,24.5938,12.9942,57100
1999-10-25,24.1094,24.6406,24.0469,24.3125,12.8456,109900
1999-10-26,24.2500,24.4375,23.7812,24.0000,12.6805,20100
1999-10-27,23.8594,24.2969,23.7656,24.2969,12.8374,64900
1999-10-28,24.3750,24.9219,24.3750,24.7344,13.0685,125200
1999-10-29,24.9844,25.2812,24.8281,24.8281,13.1180,154600
1999-11-01,25.0625,25.1875,24.7812,24.8750,13.1428,116900
1999-11-02,24.6406,25.0781,24.3906,24.3906,12.8869,276500
1999-11-03,24.6562,25.0156,24.6562,25.0156,13.2171,92300
1999-11-04,25.3125,25.3125,24.7969,24.9062,13.1593,36700
1999-11-05,25.1562,25.2344,24.9062,25.0938,13.2584,55900
1999-11-08,24.9062,25.0625,24.8125,25.0625,13.2419,22300
1999-11-09,25.1719,25.1719,24.5156,24.6250,13.0107,37900
1999-11-10,24.4219,24.7500,24.4219,24.6406,13.0190,33400
1999-11-11,24.6406,24.8906,24.5469,24.6406,13.0190,26600
1999-11-12,24.6406,24.8594,24.4375,24.8125,13.1098,31500
1999-11-15,24.7031,24.8750,24.5938,24.7031,13.0520,119600
1999-11-16,24.8125,25.1719,24.8125,25.1719,13.2997,41100
1999-11-17,25.0000,25.2500,25.0000,25.0469,13.2336,45300
1999-11-18,24.9844,25.2656,24.8594,25.1719,13.2997,99900
1999-11-19,25.1094,25.1875,24.8281,25.0000,13.2089,20800
1999-11-22,24.9531,25.3750,24.9375,25.2656,13.3492,39600
1999-11-23,25.3125,25.4531,25.1094,25.2031,13.3162,33000
1999-11-24,25.3750,25.5000,25.1562,25.5000,13.4730,41400
1999-11-26,25.6406,25.6406,25.2500,25.2500,13.3410,17200
1999-11-29,25.0625,25.3594,24.9688,25.2344,13.3327,34200
1999-11-30,25.2969,25.2969,24.9062,24.9062,13.1593,23500
1999-12-01,24.7344,24.9531,24.5938,24.8125,13.1098,37500
1999-12-02,24.7188,24.9375,24.6250,24.9375,13.1758,64600
1999-12-03,24.7969,25.3594,24.7969,25.1094,13.2666,93100
1999-12-06,24.8750,24.9219,24.3125,24.3906,12.8869,44700
1999-12-07,24.4688,24.4688,23.7500,24.0000,12.6805,44600
1999-12-08,23.8281,23.9375,23.5000,23.6250,12.4824,34600
1999-12-09,23.5625,23.7969,23.2812,23.5938,12.4659,50700
1999-12-10,23.7812,23.7812,23.4688,23.7188,12.5319,56700
1999-12-13,23.3438,23.5469,23.0312,23.2188,12.2677,58800
1999-12-14,22.8750,23.3750,22.8594,23.1875,12.2512,81200
1999-12-15,23.3438,23.6250,23.0781,23.5938,12.4659,88600
1999-12-16,23.3594,23.3594,22.9062,23.0000,12.1521,64100
1999-12-17,23.0000,23.2188,22.8750,23.0000,12.1876,1213100
1999-12-20,22.7656,22.9531,22.5000,22.7031,12.0303,905900
1999-12-21,22.7656,22.7656,22.3906,22.4844,11.9144,1212300
1999-12-22,22.7031,23.0938,22.6250,22.9219,12.1463,750600
1999-12-23,23.1250,23.4688,23.1250,23.3125,12.3533,431000
1999-12-27,23.5312,23.7500,23.1719,23.4688,12.4360,2693700
1999-12-28,23.4219,23.5625,23.1719,23.2812,12.3367,75700
1999-12-29,23.2500,23.4219,22.9375,23.0000,12.1876,62800
1999-12-30,23.0469,23.2500,22.9688,23.0156,12.1959,63400
1999-12-31,23.0156,23.1875,22.8906,23.0312,12.2042,35400
2000-01-03,23.1250,23.1250,22.4688,22.7500,12.0552,634300
2000-01-04,22.3125,22.6562,22.0781,22.1094,11.7157,172000
2000-01-05,22.2656,22.6094,22.0938,22.5000,11.9227,343600
2000-01-06,22.6562,23.0000,22.4844,22.9219,12.1463,420800
2000-01-07,23.3281,24.4219,23.2656,24.3750,12.9163,337100
2000-01-10,24.1250,24.2969,23.7344,23.8281,12.6265,451700
2000-01-11,23.9375,24.1562,23.7656,23.8281,12.6265,142900
2000-01-12,24.0000,24.1875,23.8750,23.9531,12.6927,84300
2000-01-13,24.0938,24.2812,23.7656,24.0781,12.7589,233800
2000-01-14,24.4688,24.4844,23.8750,24.1562,12.8003,76100
2000-01-18,23.8906,24.0469,23.6562,23.7500,12.5851,218300
2000-01-19,23.8594,24.0312,23.7031,23.9219,12.6762,137800
2000-01-20,24.0469,24.0469,23.3906,23.5938,12.5023,425500
2000-01-21,23.7344,23.7344,23.1250,23.3281,12.3615,345000
2000-01-24,23.5156,23.5156,22.2656,22.6562,12.0055,278200
2000-01-25,22.5781,22.6562,22.3281,22.3750,11.8565,85000
2000-01-26,22.5156,22.7812,22.4219,22.5781,11.9641,385500
2000-01-27,22.5781,23.0312,22.3906,23.0000,12.1876,67800
2000-01-28,22.5469,23.0312,22.5469,22.8125,12.0883,37100
2000-01-31,22.4688,23.2344,22.2500,23.2344,12.3118,195800
2000-02-01,23.0469,23.0938,22.6406,23.0000,12.1876,104000
2000-02-02,23.1094,23.1719,22.8438,23.0469,12.2125,72700
2000-02-03,22.8594,23.0312,22.6250,22.7344,12.0469,87900
2000-02-04,23.1094,23.1094,22.6094,22.7188,12.0386,137500
2000-02-07,22.6250,22.8125,22.5312,22.6875,12.0221,31600
2000-02-08,23.0000,23.1562,22.8438,22.9688,12.1711,314700
2000-02-09,22.9844,23.0000,22.5156,22.7656,12.0635,90900
2000-02-10,22.6719,22.6719,22.0000,22.0000,11.6577,149100
2000-02-11,22.2344,22.2344,21.5156,21.5781,11.4342,166800
2000-02-14,21.6406,21.8594,21.5156,21.6875,11.4922,209200
2000-02-15,21.8594,22.1875,21.6562,22.1719,11.7488,54500
2000-02-16,22.1250,22.1406,21.6875,21.8594,11.5832,315500
2000-02-17,21.8750,22.0625,21.5312,21.5312,11.4094,113700
2000-02-18,21.5938,21.6250,21.0625,21.2812,11.2769,191300
2000-02-22,21.4688,21.7188,21.1094,21.6250,11.4590,266600
2000-02-23,21.6250,21.6406,21.1094,21.1562,11.2107,103200
2000-02-24,21.1719,21.1719,20.4531,20.7188,10.9788,166100
2000-02-25,20.5781,20.7969,20.0938,20.2031,10.7056,258800
2000-02-28,20.4531,20.7344,20.1094,20.5938,10.9126,222000
2000-02-29,20.7344,20.8125,20.5000,20.5156,10.8712,131300
2000-03-01,20.4219,20.6250,20.2500,20.3281,10.7718,295500
2000-03-02,20.1719,20.4688,20.1719,20.3750,10.7967,1447500
2000-03-03,20.4375,20.5000,20.1875,20.2656,10.7387,220900
2000-03-06,20.0781,20.3125,19.7812,19.7812,10.4820,315100
2000-03-07,19.2031,19.2031,18.3438,18.7188,9.9190,224100
2000-03-08,18.9375,19.5000,18.6094,19.2969,10.2254,309900
2000-03-09,19.3594,19.9688,19.2500,19.8125,10.4986,1267300
2000-03-10,19.8125,20.0000,19.4375,19.5781,10.3744,1967700
2000-03-13,19.1562,19.5781,19.1250,19.2656,10.2088,1061900
2000-03-14,19.5000,19.5000,19.0000,19.1562,10.1509,552800
2000-03-15,19.1719,20.4688,19.0312,20.3750,10.7967,1582200
2000-03-16,21.0000,21.6250,20.7500,21.2500,11.2603,580200
2000-03-17,21.6250,21.6406,20.9219,21.0938,11.2134,116000
2000-03-20,21.2031,21.2031,20.6562,20.9062,11.1137,563400
2000-03-21,20.9531,21.2969,20.7656,21.2969,11.3214,32600
2000-03-22,21.0469,21.1875,20.7969,21.1250,11.2300,132900
2000-03-23,21.1094,21.3438,20.8438,20.9531,11.1387,126400
2000-03-24,21.0000,21.1562,20.5156,20.5781,10.9393,231100
2000-03-27,20.7812,20.7812,20.2969,20.3125,10.7981,52200
2000-03-28,20.2969,20.6562,20.2500,20.5469,10.9227,71600
2000-03-29,20.6875,21.1250,20.5625,21.0469,11.1885,36200
2000-03-30,20.9688,21.5000,20.9688,21.3281,11.3380,62200
2000-03-31,21.0000,21.5000,20.9375,21.2188,11.2799,439800
2000-04-03,21.6250,22.1875,21.3594,22.1875,11.7949,76600
2000-04-04,22.0625,23.0000,21.9219,22.8125,12.1271,823600
2000-04-05,22.7500,22.7500,22.3438,22.5000,11.9610,38800
2000-04-06,22.2500,22.4375,21.8281,22.0938,11.7450,55100
2000-04-07,22.2812,22.3125,21.7500,21.8125,11.5955,169700
2000-04-10,22.0312,22.4531,21.8750,22.3594,11.8862,55200
2000-04-11,22.5625,22.8750,22.3438,22.7500,12.0939,60900
2000-04-12,22.8594,23.4688,22.6719,23.0156,12.2351,76500
2000-04-13,22.5000,23.0000,22.4531,22.8594,12.1520,506700
2000-04-14,22.1875,22.5625,21.5469,21.7344,11.5540,62900
2000-04-17,22.3281,22.3594,21.7188,22.3594,11.8862,139500
2000-04-18,22.0000,22.5000,22.0000,22.5000,11.9610,129000
2000-04-19,22.6094,23.0000,22.2500,22.7656,12.1022,39500
2000-04-20,22.7031,22.9219,22.5938,22.7500,12.0939,14300
2000-04-24,22.7500,23.4688,22.7500,23.3750,12.4261,75300
2000-04-25,23.3750,23.4375,23.0000,23.2656,12.3680,51400
2000-04-26,23.3125,23.3125,22.7969,23.0000,12.2268,39100
2000-04-27,22.7031,23.0000,22.6719,23.0000,12.2268,27900
2000-04-28,22.9375,22.9375,22.2812,22.3438,11.8779,56400
2000-05-01,22.5000,22.8125,22.1562,22.6250,12.0274,21200
2000-05-02,22.5938,22.7812,22.3906,22.6875,12.0607,19000
2000-05-03,22.9375,22.9688,22.5000,22.6875,12.0607,309800
2000-05-04,22.7500,22.9375,22.5156,22.6875,12.0607,30600
2000-05-05,22.6250,23.2188,22.6250,23.2188,12.3431,11600
2000-05-08,23.3281,23.7031,23.2031,23.7031,12.6006,277200
2000-05-09,23.7656,23.8125,23.4688,23.8125,12.6587,975200
2000-05-10,23.6562,23.7188,23.3125,23.6562,12.5756,87000
2000-05-11,23.5156,23.7031,23.3750,23.6250,12.5590,28800
2000-05-12,23.5781,23.5781,23.1562,23.3125,12.3929,26400
2000-05-15,23.2969,23.9844,23.2969,23.8906,12.7002,188200
2000-05-16,23.9688,23.9688,23.5000,23.7812,12.6421,1201000
2000-05-17,23.6250,23.9375,23.6250,23.8594,12.6836,19000
2000-05-18,23.7188,23.9844,23.7188,23.8125,12.6587,12100
2000-05-19,23.6250,23.9844,23.5312,23.9844,12.7501,17800
2000-05-22,23.8438,24.1875,23.5625,23.9062,12.7085,41400
2000-05-23,23.6875,23.8750,23.6250,23.7812,12.6421,17700
2000-05-24,24.0312,24.3750,23.9062,24.2969,12.9162,24700
2000-05-25,24.0781,24.3438,23.9688,24.2344,12.8830,85400
2000-05-26,24.2656,24.4531,24.0625,24.3125,12.9245,35500
2000-05-30,24.3594,24.3594,23.8438,24.1719,12.8497,161300
2000-05-31,23.9375,24.2812,23.9375,23.9375,12.7251,84900
2000-06-01,24.1719,24.4375,23.4062,24.0000,12.7584,96400
2000-06-02,24.0000,24.0156,23.1250,23.1719,12.3181,1366300
2000-06-05,23.1562,23.4219,23.0156,23.1406,12.3015,30800
2000-06-06,23.2500,23.4062,23.0312,23.2188,12.3431,32000
2000-06-07,23.5781,23.7656,23.3594,23.4688,12.4760,38200
2000-06-08,23.4688,23.5312,23.0781,23.4688,12.4760,40100
2000-06-09,23.3594,23.8281,23.3594,23.7344,12.6172,85500
2000-06-12,23.5781,23.9375,23.5000,23.7031,12.6006,12700
2000-06-13,23.6094,24.2188,23.6094,23.9688,12.7418,150000
2000-06-14,24.2500,24.5000,24.2031,24.2812,12.9079,139100
2000-06-15,24.6094,24.7344,24.3750,24.7344,13.1488,144900
2000-06-16,24.7031,24.7031,24.2188,24.2188,12.9044,24400
2000-06-19,24.2656,24.5000,24.0938,24.2656,12.9294,51500
2000-06-20,24.2500,24.2500,23.8438,23.8438,12.7046,86100
2000-06-21,24.0000,24.3125,23.9688,24.3125,12.9544,96300
2000-06-22,24.0625,24.0625,23.7188,23.7812,12.6713,48000
2000-06-23,23.8438,24.0938,23.8281,24.0625,12.8212,87200
2000-06-26,23.9375,24.5938,23.9375,24.3750,12.9877,39900
2000-06-27,24.3906,24.7500,24.3906,24.7500,13.1875,74100
2000-06-28,24.7344,24.7500,24.3125,24.7500,13.1875,104300
2000-06-29,24.6875,25.0312,24.6250,24.9688,13.3040,42600
2000-06-30,24.7812,25.2344,24.5938,25.2344,13.4455,111900
2000-07-03,25.0781,25.2812,24.9062,25.2812,13.4705,59500
2000-07-05,25.4531,25.6094,25.2031,25.3438,13.5038,72900
2000-07-06,25.4688,25.6562,25.2188,25.3750,13.5205,123700
2000-07-07,25.3125,25.3125,25.0469,25.2031,13.4289,22300
2000-07-10,25.2969,25.4375,25.0938,25.4375,13.5538,47900
2000-07-11,25.1875,25.4688,25.1875,25.4531,13.5621,19700
2000-07-12,25.4219,25.4219,24.9375,24.9375,13.2874,219900
2000-07-13,25.0000,25.0000,24.3750,24.5625,13.0876,53400
2000-07-14,24.4062,24.4062,23.9688,24.2812,12.9377,39900
2000-07-17,24.2812,24.7188,24.1406,24.4062,13.0043,55600
2000-07-18,24.6406,24.6406,24.2969,24.4375,13.0210,114900
2000-07-19,24.5938,24.5938,24.2812,24.4688,13.0376,37200
2000-07-20,24.3125,24.4531,24.0625,24.0625,12.8212,11500
2000-07-21,24.0781,24.3125,24.0312,24.1250,12.8544,49100
2000-07-24,24.3750,24.7188,24.3750,24.6250,13.1209,210100
2000-07-25,24.0312,24.3750,24.0312,24.1875,12.8878,94600
2000-07-26,24.1250,24.4375,24.0312,24.2031,12.8961,36500
2000-07-27,24.2344,24.5938,24.1719,24.3750,12.9877,29600
2000-07-28,24.5781,24.6875,24.3750,24.5781,13.0959,106300
2000-07-31,24.5000,24.5781,24.2188,24.3125,12.9544,52000
2000-08-01,24.4219,25.1250,24.4219,25.1250,13.3873,691600
2000-08-02,24.9062,25.2812,24.9062,25.1094,13.3790,44500
2000-08-03,25.1875,25.3438,25.0625,25.2500,13.4539,67000
2000-08-04,25.1562,25.1562,24.7656,25.0625,13.3540,60300
2000-08-07,25.0312,25.0625,24.7500,24.7500,13.1875,25900
2000-08-08,24.6250,25.0000,24.6250,24.8594,13.2457,28300
2000-08-09,24.5625,25.0469,23.8125,23.8438,12.7046,101500
2000-08-10,23.8750,24.3125,23.8750,24.2656,12.9294,28700
2000-08-11,24.2656,24.6562,24.2656,24.4375,13.0210,253300
2000-08-14,24.5156,24.6094,24.4062,24.5156,13.0626,15600
2000-08-15,24.4688,24.7500,24.4688,24.4688,13.0376,30700
2000-08-16,24.4688,24.7812,24.4688,24.7188,13.1708,17800
2000-08-17,24.8125,24.8281,24.5000,24.5781,13.0959,120100
2000-08-18,24.4688,24.4688,24.2500,24.2812,12.9377,18200
2000-08-21,24.4375,24.7188,24.4375,24.5312,13.0709,19200
2000-08-22,24.5469,24.6875,24.4375,24.4375,13.0210,8700
2000-08-23,24.3125,24.6250,24.3125,24.5938,13.1042,138200
2000-08-24,24.4062,24.5938,24.3750,24.4375,13.0210,11300
2000-08-25,24.5000,24.5312,24.3125,24.5312,13.0709,13300
2000-08-28,24.5156,24.7188,24.3906,24.4531,13.0293,20300
2000-08-29,24.1250,24.3125,24.0625,24.0781,12.8295,30000
2000-08-30,23.9688,24.1562,23.8750,23.9688,12.7712,20500
2000-08-31,23.9531,24.1562,23.9531,24.0156,12.7962,39000
2000-09-01,24.0625,24.1875,23.8750,23.8750,12.7212,750400
2000-09-05,23.9375,23.9375,23.4375,23.7969,12.6796,905400
2000-09-06,23.7812,23.7812,23.2500,23.5000,12.5214,65100
2000-09-07,23.3750,23.7500,23.3750,23.7188,12.6380,41100
2000-09-08,23.5781,23.8750,23.5781,23.7031,12.6297,2931200
2000-09-11,23.7500,23.8750,23.6562,23.8125,12.6879,1523600
2000-09-12,23.8281,24.0000,23.7188,24.0000,12.7878,1444100
2000-09-13,24.0156,24.1875,23.9375,24.0000,12.7878,50100
2000-09-14,23.8438,24.0000,23.6250,23.7500,12.6546,55900
2000-09-15,23.7500,23.8750,23.5000,23.6250,12.6359,194400
2000-09-18,23.4688,23.7500,23.4688,23.6562,12.6526,88400
2000-09-19,23.4688,23.7812,23.4688,23.6875,12.6693,29800
2000-09-20,23.4844,23.5625,23.2500,23.5000,12.5691,30900
2000-09-21,23.5000,24.1875,23.5000,24.1250,12.9033,35000
2000-09-22,24.5625,24.9375,24.4062,24.9375,13.3379,54800
2000-09-25,24.5938,24.8125,24.5469,24.7188,13.2209,60300
2000-09-26,24.4688,24.6875,24.3281,24.5000,13.1039,41100
2000-09-27,24.4062,24.7031,24.3281,24.5156,13.1123,23300
2000-09-28,24.7031,25.0938,24.6406,24.8906,13.3128,51500
2000-09-29,25.1562,25.2500,24.9531,24.9844,13.3630,71100
2000-10-02,24.8281,25.0312,24.7031,24.9375,13.3379,22000
2000-10-03,24.9375,25.1562,24.6875,24.9375,13.3379,15600
2000-10-04,24.9844,24.9844,24.5781,24.7344,13.2293,6500
2000-10-05,24.9375,25.3438,24.8438,25.3125,13.5385,542600
2000-10-06,25.3594,25.4062,24.8125,25.1719,13.4633,20000
2000-10-09,25.0938,25.2500,24.9062,25.0625,13.4048,105100
2000-10-10,25.1094,25.5938,25.0625,25.4219,13.5970,45600
2000-10-11,25.5625,25.7500,25.3438,25.3906,13.5803,84400
2000-10-12,25.3125,25.6719,25.1250,25.5469,13.6638,24800
2000-10-13,25.5000,25.5000,25.0000,25.2344,13.4967,47700
2000-10-16,25.2656,25.5938,25.2500,25.5938,13.6889,16600
2000-10-17,25.5469,25.9219,25.5469,25.8125,13.8059,20600
2000-10-18,25.5625,25.8438,25.3438,25.7969,13.7976,60800
2000-10-19,25.0781,25.5000,25.0156,25.3281,13.5468,24200
2000-10-20,25.1875,25.5312,25.1562,25.5000,13.6388,16900
2000-10-23,25.4062,26.0000,25.4062,25.7656,13.7808,30800
2000-10-24,25.6719,25.8750,25.5000,25.8438,13.8226,26100
2000-10-25,25.9688,26.6094,25.9688,26.4531,14.1486,39200
2000-10-26,26.1562,26.6094,26.1250,26.5000,14.1736,184500
2000-10-27,26.2344,26.2969,25.8906,26.2031,14.0148,17200
2000-10-30,26.4531,26.8438,26.2500,26.8125,14.3408,40400
2000-10-31,26.7500,26.7500,26.2812,26.7188,14.2906,53500
2000-11-01,26.7500,26.8438,26.4531,26.6875,14.2739,39100
2000-11-02,26.6250,26.6406,26.3438,26.4844,14.1653,33700
2000-11-03,26.5469,26.5469,26.2812,26.3438,14.0900,26700
2000-11-06,26.2656,26.9531,26.2500,26.8438,14.3575,118500
2000-11-07,26.9844,26.9844,26.5000,26.5781,14.2154,38500
2000-11-08,27.0312,27.3594,26.9844,27.1875,14.5413,37100
2000-11-09,27.1719,27.2656,26.5000,27.2188,14.5580,57300
2000-11-10,27.2344,27.5938,27.0156,27.3594,14.6333,107100
2000-11-13,27.1719,27.1719,26.3438,26.5469,14.1987,45700
2000-11-14,26.4844,26.9844,26.2500,26.8750,14.3742,32700
2000-11-15,26.9375,27.0938,26.6875,26.9375,14.4076,175100
2000-11-16,26.9688,27.2188,26.8125,27.0000,14.4411,18800
2000-11-17,27.0156,27.3125,26.7656,27.0000,14.4411,27400
2000-11-20,27.0000,27.1250,26.8750,26.9219,14.3993,39600
2000-11-21,27.0938,27.4062,27.0781,27.3750,14.6416,37100
2000-11-22,27.0000,27.5000,27.0000,27.2812,14.5915,49900
2000-11-24,27.2500,27.2500,26.8438,27.0000,14.4411,25000
2000-11-27,27.1094,27.7031,26.8750,27.5469,14.7335,58500
2000-11-28,27.5625,27.9375,27.5469,27.8438,14.8923,64600
2000-11-29,27.6719,28.3125,27.6719,28.1250,15.0428,66700
2000-11-30,28.3438,28.5156,27.6406,27.6406,14.7837,472400
2000-12-01,27.5312,27.5312,27.0469,27.2344,14.5664,57800
2000-12-04,27.1875,27.8438,27.1562,27.7500,14.8422,77400
2000-12-05,27.7500,27.8750,27.2344,27.5312,14.7252,51900
2000-12-06,27.4375,27.5312,26.6094,27.0000,14.4411,65600
2000-12-07,27.2500,27.4062,27.0312,27.3906,14.6500,45100
2000-12-08,26.8750,27.5000,26.8750,27.2812,14.5915,62700
2000-12-11,27.0312,27.3594,26.8906,26.9062,14.3909,66300
2000-12-12,26.8594,27.2812,26.8594,27.0156,14.4494,20600
2000-12-13,27.0938,27.6875,27.0938,27.6250,14.7753,44000
2000-12-14,27.6250,27.6562,27.3438,27.4219,14.6667,21400
2000-12-15,27.3750,27.3750,27.0938,27.2188,14.6006,31500
2000-12-18,27.0156,27.4375,27.0156,27.3750,14.6845,27300
2000-12-19,27.6094,28.0000,27.4844,27.6406,14.8269,47400
2000-12-20,27.7500,28.1094,27.6094,27.7031,14.8605,50000
2000-12-21,27.5000,27.7500,27.4688,27.6094,14.8102,44300
2000-12-22,27.4375,27.5469,27.2344,27.5000,14.7515,60600
2000-12-26,27.5000,28.0625,27.5000,28.0469,15.0449,51400
2000-12-27,27.9219,28.6406,27.9219,28.2344,15.1454,37100
2000-12-28,28.5312,28.7031,28.3750,28.6562,15.3717,55900
2000-12-29,28.5625,28.8750,28.5625,28.5625,15.3215,34400
2001-01-02,28.6250,28.7500,28.0469,28.1875,15.1203,164200
2001-01-03,28.3594,28.3594,26.8906,26.8906,14.4246,316800
2001-01-04,26.1250,26.3281,25.5000,25.8281,13.8547,271500
2001-01-05,25.8750,26.3438,25.6875,26.0000,13.9469,64300
2001-01-08,26.0625,26.3281,25.9375,26.1719,14.0391,39600
2001-01-09,26.0625,26.6875,26.0625,26.4531,14.1899,56200
2001-01-10,26.6562,26.6562,26.0625,26.2969,14.1061,36500
2001-01-11,26.1250,26.1875,25.6250,25.7812,13.8295,49300
2001-01-12,25.6406,26.0000,25.6406,25.7500,13.8128,69400
2001-01-16,25.7812,26.3438,25.7031,26.1094,14.0056,139600
2001-01-17,25.9375,26.0938,25.7031,25.8125,13.8463,56100
2001-01-18,25.7812,26.3438,25.7812,26.0156,13.9553,63900
2001-01-19,26.0000,26.0000,25.6250,25.8125,13.8463,338600
2001-01-22,26.0312,26.1875,25.8594,25.9688,13.9301,35000
2001-01-23,25.8906,26.2188,25.7656,26.1406,14.0223,40200
2001-01-24,26.1250,26.1250,25.7656,26.0469,13.9720,76600
2001-01-25,26.1250,26.5938,26.0156,26.5938,14.2654,53600
2001-01-26,26.7344,26.8125,26.3281,26.3281,14.1229,45900
2001-01-29,26.6100,26.6300,26.0300,26.1100,14.0059,48200
2001-01-30,26.1800,26.4500,26.0100,26.4100,14.1668,59500
2001-01-31,26.5000,26.5500,26.0000,26.4800,14.2044,139900
2001-02-01,26.6200,26.8500,26.5000,26.7100,14.3277,53900
2001-02-02,27.0500,27.0500,26.7600,26.8800,14.4189,63600
2001-02-05,27.0200,27.1000,26.8400,26.8600,14.4082,108900
2001-02-06,27.0400,27.0500,26.8000,26.9800,14.4726,90700
2001-02-07,27.1000,27.2000,26.8900,27.0300,14.4994,34200
2001-02-08,26.9500,27.1500,26.8800,26.9500,14.4565,62800
2001-02-09,27.1500,27.2500,27.0000,27.1700,14.5745,1596600
2001-02-12,27.3000,27.4600,27.1100,27.4000,14.6979,26800
2001-02-13,27.4000,27.4000,26.9300,27.0300,14.4994,116400
2001-02-14,26.8200,26.9000,26.5700,26.7800,14.3653,108800
2001-02-15,26.6000,26.6500,26.3000,26.5400,14.2365,62800
2001-02-16,26.5200,26.6700,26.3500,26.6300,14.2848,34900
2001-02-20,26.7700,26.9000,26.5600,26.7600,14.3546,29000
2001-02-21,26.7500,26.9600,26.6000,26.6800,14.3116,36300
2001-02-22,26.7100,26.7400,26.1900,26.4800,14.2044,128700
2001-02-23,26.1700,26.3800,25.9200,26.2800,14.0971,102800
2001-02-26,26.0000,26.5300,25.9500,26.5300,14.2312,63500
2001-02-27,26.3100,26.6300,26.3100,26.5500,14.2419,27400
2001-02-28,26.6600,26.8400,26.4000,26.6400,14.2902,20300
2001-03-01,26.6400,26.6600,26.2700,26.3900,14.1561,43600
2001-03-02,26.5800,26.6500,26.4200,26.6400,14.2902,219200
2001-03-05,26.3800,26.5700,26.2000,26.5400,14.2365,20400
2001-03-06,26.4000,26.4600,25.9400,26.0000,13.9469,45800
2001-03-07,26.0900,26.1300,25.5600,25.8300,13.8557,44300
2001-03-08,25.7500,26.2000,25.7500,26.0500,13.9737,89800
2001-03-09,26.0000,26.3800,26.0000,26.2100,14.0595,40500
2001-03-12,25.9000,26.1500,25.4000,25.4000,13.6250,35600
2001-03-13,25.1800,25.3000,24.8200,25.2700,13.5553,153600
2001-03-14,24.7200,25.1900,24.5500,24.6500,13.2227,221500
2001-03-15,24.8500,24.8500,24.4500,24.6800,13.2388,20100
2001-03-16,24.6100,24.6800,24.1000,24.3100,13.0785,42600
2001-03-19,24.2000,24.6200,24.2000,24.5900,13.2291,88800
2001-03-20,24.5500,24.6500,24.0000,24.0000,12.9117,318400
2001-03-21,23.9200,24.0800,23.3400,23.4000,12.5889,142600
2001-03-22,23.0000,23.1600,22.5200,23.1600,12.4598,57400
2001-03-23,23.4000,23.7800,23.1300,23.7100,12.7557,35200
2001-03-26,23.9500,24.1500,23.7500,24.0300,12.9279,43900
2001-03-27,24.0400,24.5700,24.0400,24.5700,13.2184,30300
2001-03-28,24.2300,24.7900,24.2300,24.6400,13.2560,19300
2001-03-29,24.7600,25.0200,24.4800,24.7000,13.2883,34400
2001-03-30,24.8300,24.9400,24.5900,24.7200,13.2991,12900
2001-04-02,24.8000,24.8300,24.2300,24.3900,13.1215,77500
2001-04-03,24.2500,24.4700,23.8400,23.9400,12.8794,38200
2001-04-04,23.8500,24.2800,23.8200,24.2500,13.0462,18800
2001-04-05,24.4400,24.6000,24.1500,24.5000,13.1807,24200
2001-04-06,24.4500,24.6200,24.2000,24.4200,13.1377,24800
2001-04-09,24.7000,24.7500,24.4100,24.6300,13.2507,25300
2001-04-10,24.8200,24.8200,24.4000,24.6000,13.2345,25100
2001-04-11,24.3800,24.3800,23.8500,24.1300,12.9817,31300
2001-04-12,24.2200,24.4700,24.0800,24.4500,13.1538,19100
2001-04-16,24.4500,24.7000,24.3300,24.4500,13.1538,13600
2001-04-17,24.5200,24.9900,24.5200,24.9900,13.4443,37900
2001-04-18,25.0200,25.1000,24.5600,24.7500,13.3152,19700
2001-04-19,24.6000,24.6500,24.4000,24.6500,13.2614,53600
2001-04-20,24.4900,24.5000,24.1800,24.3800,13.1162,25000
2001-04-23,24.7500,24.7500,24.3600,24.5000,13.1807,32800
2001-04-24,24.4500,24.5400,24.0500,24.0500,12.9386,16300
2001-04-25,24.1200,24.7500,24.1200,24.6900,13.2829,68100
2001-04-26,24.6500,24.9300,24.5000,24.9200,13.4067,132600
2001-04-27,24.9500,25.1700,24.7600,25.0600,13.4820,29600
2001-04-30,25.4000,25.5300,25.2000,25.2000,13.5573,40200
2001-05-01,25.3100,25.5800,25.2000,25.4800,13.7079,23000
2001-05-02,25.4500,25.4500,25.1300,25.3300,13.6272,61900
2001-05-03,25.2200,25.2200,24.9200,25.2000,13.5573,27700
2001-05-04,25.2000,25.4800,25.0700,25.4200,13.6757,647300
2001-05-07,25.5300,25.5300,25.3100,25.4100,13.6703,34400
2001-05-08,25.4200,25.4400,25.1200,25.3200,13.6219,25500
2001-05-09,25.3400,25.5200,25.3200,25.4500,13.6918,17900
2001-05-10,25.5600,25.5600,25.2700,25.3200,13.6219,24500
2001-05-11,25.3600,25.4000,25.0600,25.1800,13.5465,43300
2001-05-14,25.1100,25.4000,25.0800,25.4000,13.6649,16400
2001-05-15,25.2600,25.3400,25.0500,25.2500,13.5842,35000
2001-05-16,25.4900,26.1500,25.3200,26.0200,13.9984,436700
2001-05-17,26.2000,26.2400,25.9500,26.1500,14.0684,55800
2001-05-18,26.2000,26.2000,25.8300,26.0100,13.9931,26500
2001-05-21,26.0800,26.0800,25.7600,25.9900,13.9823,24300
2001-05-22,25.9300,25.9300,25.6500,25.7300,13.8424,40100
2001-05-23,25.9100,25.9100,25.4400,25.5000,13.7187,29100
2001-05-24,25.5500,25.6400,25.2200,25.6100,13.7779,48200
2001-05-25,25.5600,25.5800,25.3000,25.4000,13.6649,131600
2001-05-29,25.4900,25.7400,25.4600,25.6100,13.7779,46000
2001-05-30,25.7000,25.8900,25.6400,25.7500,13.8532,39100
2001-05-31,25.6700,25.7200,25.5200,25.5700,13.7564,23600
2001-06-01,25.6000,25.9500,25.5100,25.9100,13.9393,61700
2001-06-04,25.8000,26.0500,25.7600,25.9500,13.9608,24100
2001-06-05,26.0800,26.2500,25.8700,26.2200,14.1061,61400
2001-06-06,26.1700,26.1700,25.8000,25.8000,13.8801,41900
2001-06-07,25.7900,26.1000,25.7900,25.9800,13.9769,34300
2001-06-08,26.0400,26.0400,25.7700,25.8300,13.8962,11700
2001-06-11,25.7000,25.8600,25.4700,25.4700,13.7026,40100
2001-06-12,25.5200,25.8000,25.4800,25.7700,13.8640,1029200
2001-06-13,25.6300,25.7300,25.5700,25.5700,13.7564,50500
2001-06-14,25.6200,25.7500,25.5400,25.5500,13.7456,26700
2001-06-15,25.3000,25.5100,25.2600,25.3200,13.6652,22400
2001-06-18,25.2700,25.5600,25.2200,25.4000,13.7083,24500
2001-06-19,25.3200,25.4800,25.2800,25.4800,13.7515,34300
2001-06-20,25.5800,25.8500,25.5800,25.6200,13.8271,17200
2001-06-21,25.7500,25.9400,25.5500,25.8400,13.9458,18200
2001-06-22,25.4200,25.4200,25.0600,25.1200,13.5572,430300
2001-06-25,25.3500,25.3500,24.9100,24.9900,13.4871,52100
2001-06-26,25.0000,25.0700,24.8500,24.9900,13.4871,31200
2001-06-27,25.0700,25.0700,24.6000,24.8000,13.3845,47800
2001-06-28,24.8400,25.0200,24.7400,24.9600,13.4709,23400
2001-06-29,24.8800,24.9200,24.3100,24.3100,13.1201,188300
2001-07-02,24.6300,24.8800,24.5300,24.8700,13.4223,207500
2001-07-03,24.7200,24.7300,24.6000,24.6700,13.3144,8800
2001-07-05,24.6600,24.6800,24.4100,24.5200,13.2334,15700
2001-07-06,24.4500,24.4500,24.2000,24.2300,13.0769,112800
2001-07-09,24.4500,24.6000,24.3300,24.6000,13.2766,48000
2001-07-10,24.6000,24.6300,24.4000,24.4000,13.1687,25900
2001-07-11,24.6000,24.6000,24.1900,24.2700,13.0985,65600
2001-07-12,24.2500,24.2500,23.9600,24.1200,13.0175,29500
2001-07-13,24.0400,24.4200,24.0400,24.3000,13.1147,17100
2001-07-16,24.4000,24.4000,24.1000,24.1200,13.0175,72600
2001-07-17,24.1300,24.6200,24.1300,24.4800,13.2118,45900
2001-07-18,24.6200,25.1800,24.6200,25.1800,13.5896,52100
2001-07-19,25.0800,25.2000,24.9000,24.9400,13.4601,19700
2001-07-20,25.2000,25.3100,25.1000,25.2800,13.6436,59800
2001-07-23,25.1000,25.1200,24.6500,24.6900,13.3252,55300
2001-07-24,24.7400,24.7400,24.4000,24.5000,13.2226,33500
2001-07-25,24.4500,24.7100,24.4500,24.6800,13.3198,43600
2001-07-26,24.5500,24.8000,24.5000,24.6900,13.3252,20700
2001-07-27,24.7000,24.8800,24.6200,24.6900,13.3252,30000
2001-07-30,24.8100,25.0000,24.6100,25.0000,13.4925,27200
2001-07-31,24.8000,25.4800,24.8000,25.0500,13.5195,28000
2001-08-01,25.2500,25.2800,24.9800,25.0500,13.5195,32200
2001-08-02,25.0500,25.3000,24.9000,24.9000,13.4385,70100
2001-08-03,25.1400,25.1400,24.8700,25.0800,13.5356,19300
2001-08-06,25.1500,25.1500,24.8200,24.9500,13.4655,16800
2001-08-07,25.0000,25.1200,24.9100,25.0000,13.4925,18900
2001-08-08,25.1200,25.1300,24.7700,24.9000,13.4385,15000
2001-08-09,24.8000,25.0000,24.7200,24.9800,13.4817,30200
2001-08-10,25.1000,25.2500,25.0000,25.0700,13.5303,24500
2001-08-13,25.1400,25.3500,25.1100,25.2900,13.6490,84900
2001-08-14,25.2400,25.4600,25.2400,25.2500,13.6274,23000
2001-08-15,25.4800,25.5700,25.2000,25.2000,13.6004,24400
2001-08-16,25.3000,25.4500,25.1700,25.4500,13.7353,253000
2001-08-17,25.3500,25.4600,25.2100,25.4600,13.7407,15200
2001-08-20,25.5000,25.6600,25.3800,25.4300,13.7245,19800
2001-08-21,25.5500,25.8800,25.5500,25.6600,13.8487,122000
2001-08-22,25.6000,25.8000,25.3700,25.7700,13.9081,172500
2001-08-23,25.7500,25.8600,25.5900,25.6900,13.8649,71300
2001-08-24,25.6700,26.1000,25.6700,26.0000,14.0322,26000
2001-08-27,25.9800,26.0600,25.8700,25.9500,14.0052,327000
2001-08-28,25.9100,25.9100,25.5600,25.6400,13.8379,20000
2001-08-29,25.6200,25.6900,25.2500,25.2500,13.6274,62700
2001-08-30,25.4700,25.6000,25.1800,25.3600,13.6868,402600
2001-08-31,25.3500,25.3500,25.0000,25.1700,13.5842,23700
2001-09-04,25.2000,25.7600,25.2000,25.2000,13.6004,79000
2001-09-05,25.1500,26.1000,25.1500,26.1000,14.0862,74600
2001-09-06,25.8500,25.8500,25.3000,25.3000,13.6544,26000
2001-09-07,25.0700,25.4400,24.9000,24.9000,13.4385,225200
2001-09-10,24.7500,25.4500,24.7500,25.4500,13.7353,251900
2001-09-17,24.9000,25.4300,24.7000,25.4300,13.7245,2926100
2001-09-18,25.2000,25.2800,24.9700,25.1200,13.5572,399100
2001-09-19,25.1500,25.1600,24.2800,24.8000,13.3845,49600
2001-09-20,24.2500,24.5700,24.1300,24.3000,13.1147,116800
2001-09-21,23.3000,23.9900,23.2000,23.5100,12.7287,126700
2001-09-24,24.1000,24.1000,23.5200,23.8300,12.9019,83600
2001-09-25,23.6800,24.0800,23.6800,23.9500,12.9669,1107500
2001-09-26,24.2000,24.3700,24.0300,24.3600,13.1889,171200
2001-09-27,24.4700,25.0500,24.3800,24.8400,13.4487,79200
2001-09-28,25.2500,25.3000,24.8500,25.0600,13.5679,86500
2001-10-01,25.2000,25.3500,25.0400,25.2700,13.6815,45200
2001-10-02,25.0900,25.4800,25.0600,25.4500,13.7790,68600
2001-10-03,25.2800,25.3000,25.1000,25.2400,13.6653,92100
2001-10-04,25.4000,25.4000,25.0400,25.1500,13.6166,47800
2001-10-05,25.1500,25.4300,25.0800,25.4200,13.7628,83000
2001-10-08,25.4200,25.4800,25.1400,25.3700,13.7357,67300
2001-10-09,25.3700,25.3700,25.1000,25.2400,13.6653,47600
2001-10-10,25.3500,25.6600,25.1900,25.5500,13.8331,96100
2001-10-11,25.6000,25.6000,25.1600,25.3700,13.7357,41800
2001-10-12,25.1700,25.3800,25.0800,25.3500,13.7249,83000
2001-10-15,25.1500,25.4900,25.1500,25.4600,13.7844,36100
2001-10-16,25.4600,25.6800,25.2600,25.3200,13.7086,68300
2001-10-17,25.5000,25.5100,25.1100,25.1100,13.5949,178100
2001-10-18,25.2500,25.4400,25.2200,25.3000,13.6978,22400
2001-10-19,25.4500,25.6000,25.2500,25.6000,13.8602,25700
2001-10-22,25.5200,25.9500,25.5200,25.8500,13.9956,1901300
2001-10-23,25.9000,25.9000,25.5200,25.5200,13.8169,54800
2001-10-24,25.5000,25.7100,25.4700,25.4700,13.7898,67200
2001-10-25,25.4000,25.7100,25.1100,25.7100,13.9198,87000
2001-10-26,25.4800,25.8100,25.4800,25.6200,13.8710,31600
2001-10-29,25.6200,25.7300,25.4600,25.4600,13.7844,50700
2001-10-30,25.1000,25.3200,25.0200,25.1900,13.6382,37600
2001-10-31,25.0200,25.2600,24.9000,24.9000,13.4812,43000
2001-11-01,25.1300,25.4800,24.9800,25.4800,13.7953,77200
2001-11-02,25.1500,25.4700,25.1500,25.4400,13.7736,87700
2001-11-05,25.4500,25.6700,25.4200,25.4900,13.8007,38700
2001-11-06,25.3200,25.6400,25.2600,25.5400,13.8277,45200
2001-11-07,25.6800,25.8100,25.5000,25.5700,13.8440,80300
2001-11-08,25.7100,25.7100,25.3300,25.3300,13.7140,35600
2001-11-09,25.4100,25.4600,25.2400,25.3900,13.7465,23000
2001-11-12,25.3000,25.4600,25.0900,25.4300,13.7682,43300
2001-11-13,25.4500,25.4800,25.3000,25.4300,13.7682,28300
2001-11-14,25.5000,25.5900,25.3000,25.3000,13.6978,63700
2001-11-15,25.7500,25.7500,25.4500,25.4500,13.7790,105200
2001-11-16,25.8000,25.8000,25.4600,25.6800,13.9035,49500
2001-11-19,25.8000,25.8500,25.5600,25.7500,13.9414,35700
2001-11-20,25.6500,25.9200,25.6500,25.7200,13.9252,83700
2001-11-21,25.7200,26.0500,25.7200,26.0500,14.1038,49500
2001-11-23,25.8500,26.1500,25.8500,26.1300,14.1472,35800
2001-11-26,25.9000,26.2500,25.9000,26.1500,14.1580,1186300
2001-11-27,26.1500,26.2000,25.8200,25.8600,14.0010,134600
2001-11-28,25.8000,25.9700,25.5500,25.5500,13.8331,54600
2001-11-29,25.8400,26.0400,25.7300,26.0400,14.0984,25500
2001-11-30,26.0000,26.0600,25.8300,26.0000,14.0768,43000
2001-12-03,26.0000,26.0700,25.8200,25.9900,14.0714,23300
2001-12-04,25.9000,26.0000,25.7500,26.0000,14.0768,40200
2001-12-05,26.0000,26.0000,25.7600,25.7600,13.9468,86700
2001-12-06,25.9100,26.0000,25.6200,25.7000,13.9144,53600
2001-12-07,25.8000,25.8300,25.6500,25.8200,13.9793,29900
2001-12-10,25.6700,25.7700,25.3200,25.3200,13.7086,59800
2001-12-11,25.4400,25.5900,25.0500,25.0500,13.5624,123600
2001-12-12,25.1400,25.1500,24.7500,25.1000,13.5895,125700
2001-12-13,25.0000,25.2500,24.8400,24.8500,13.4542,37800
2001-12-14,24.8400,25.1700,24.7500,24.7500,13.4000,71100
2001-12-17,25.0000,25.3800,25.0000,25.3800,13.7411,39100
2001-12-18,25.0100,25.4200,25.0100,25.2400,13.6653,227900
2001-12-19,25.4000,25.6800,25.2300,25.5500,13.8331,41900
2001-12-20,25.6500,25.7800,25.5000,25.5900,13.8548,69300
2001-12-21,25.6700,25.7600,25.5200,25.7600,13.9961,87200
2001-12-24,25.6000,25.8400,25.6000,25.7500,13.9906,16700
2001-12-26,25.6000,25.9500,25.6000,25.8200,14.0287,34600
2001-12-27,25.7200,25.7200,25.5400,25.6600,13.9417,24800
2001-12-28,25.8000,25.8400,25.5500,25.5500,13.8820,17500
2001-12-31,25.4000,25.6500,25.4000,25.4000,13.8005,45400
2002-01-02,25.2000,25.3700,24.9200,25.3100,13.7516,412500
2002-01-03,25.1600,25.3200,25.0300,25.2300,13.7081,146200
2002-01-04,25.2800,25.2800,24.9000,25.1600,13.6701,76200
2002-01-07,25.0000,25.1300,24.8600,24.9700,13.5668,173700
2002-01-08,24.8200,24.9800,24.8000,24.8400,13.4962,66000
2002-01-09,24.9000,25.1800,24.8400,24.9300,13.5451,528500
2002-01-10,24.9000,25.0800,24.8100,24.9700,13.5668,41100
2002-01-11,25.0500,25.2700,25.0100,25.0300,13.5994,41100
2002-01-14,25.1100,25.3500,24.1400,25.2300,13.7081,49800
2002-01-15,25.4200,25.4300,25.0100,25.2600,13.7244,49100
2002-01-16,25.3500,25.3700,25.0200,25.0200,13.5940,125700
2002-01-17,25.2300,25.2700,25.0300,25.2500,13.7190,51600
2002-01-18,25.0600,25.3300,25.0100,25.1500,13.6646,37100
2002-01-22,25.2300,25.4300,25.0700,25.4300,13.8168,89300
2002-01-23,25.3800,25.5800,25.3100,25.5200,13.8657,80200
2002-01-24,25.5000,25.5000,25.1300,25.1500,13.6646,2455900
2002-01-25,25.1000,25.3100,25.0900,25.1000,13.6375,46400
2002-01-28,25.1500,25.2300,25.0100,25.1000,13.6375,48700
2002-01-29,25.2300,25.2800,24.7100,24.7900,13.4690,50700
2002-01-30,24.9000,25.1300,24.8200,25.0900,13.6320,73300
2002-01-31,25.1600,25.2800,25.0100,25.2300,13.7081,74000
2002-02-01,25.5100,25.5100,25.2500,25.2500,13.7190,43700
2002-02-04,25.2500,25.3900,24.9300,24.9800,13.5723,71700
2002-02-05,25.1500,25.4000,25.0300,25.2700,13.7298,307000
2002-02-06,25.2100,25.2100,24.8400,25.1500,13.6646,190300
2002-02-07,25.0000,25.0900,24.8000,24.8800,13.5179,246000
2002-02-08,24.6800,25.0600,24.6200,24.9400,13.5505,32900
2002-02-11,25.2000,25.3400,25.0600,25.3400,13.7679,160000
2002-02-12,25.2700,25.4500,25.1700,25.3300,13.7624,31200
2002-02-13,25.4900,25.5700,25.3900,25.4900,13.8494,139900
2002-02-14,25.5000,25.6700,25.4000,25.4900,13.8494,58300
2002-02-15,25.5600,25.6900,25.5000,25.5000,13.8548,53300
2002-02-19,25.4200,25.5900,25.1800,25.1800,13.6809,211800
2002-02-20,25.4800,25.7300,25.2800,25.6900,13.9580,170300
2002-02-21,25.7300,25.9700,25.3700,25.3700,13.7842,93800
2002-02-22,25.5500,25.9000,25.5000,25.7900,14.0124,104100
2002-02-25,25.9300,25.9500,25.7000,25.8300,14.0341,257500
2002-02-26,25.9500,25.9500,25.6500,25.8200,14.0287,90700
2002-02-27,25.9500,26.1000,25.7500,25.8500,14.0450,1063300
2002-02-28,25.8200,26.0700,25.7600,25.7600,13.9961,884000
2002-03-01,25.9200,26.3600,25.7800,26.2500,14.2623,208600
2002-03-04,26.3300,26.3300,26.0500,26.2600,14.2677,350800
2002-03-05,26.0000,26.2000,25.7600,25.8000,14.0178,209200
2002-03-06,25.8800,26.1600,25.8500,26.0100,14.1319,269100
2002-03-07,26.0500,26.0500,25.8000,26.0000,14.1265,3031200
2002-03-08,25.9700,26.0800,25.7800,25.9100,14.0776,100700
2002-03-11,25.9000,25.9500,25.7100,25.9100,14.0776,513700
2002-03-12,25.8600,26.0500,25.7500,25.9000,14.0721,47000
2002-03-13,26.0100,26.1800,26.0100,26.1000,14.1808,108900
2002-03-14,26.1400,26.2200,26.0300,26.0300,14.1428,224000
2002-03-15,26.2600,26.4500,26.2400,26.4300,14.4016,55300
2002-03-18,26.3500,26.4500,26.2000,26.3500,14.3580,41200
2002-03-19,26.3000,26.5000,26.3000,26.4500,14.4125,67700
2002-03-20,26.4000,26.4000,25.9300,25.9300,14.1291,220000
2002-03-21,26.1000,26.1800,25.9000,26.1300,14.2381,117800
2002-03-22,26.1500,26.3400,26.0800,26.1600,14.2545,59700
2002-03-25,26.1500,26.2600,25.9000,25.9000,14.1128,71300
2002-03-26,25.9800,26.1300,25.9500,26.1000,14.2218,193500
2002-03-27,26.0200,26.1300,25.9500,26.0200,14.1782,76200
2002-03-28,26.0100,26.1400,26.0000,26.1000,14.2218,152900
2002-04-01,25.9800,26.0900,25.8800,26.0500,14.1945,33900
2002-04-02,25.9500,26.0000,25.8700,25.8700,14.0964,33600
2002-04-03,26.0700,26.0700,25.6900,25.8900,14.1073,104600
2002-04-04,25.4600,25.6400,25.4300,25.5900,13.9439,98600
2002-04-05,25.7000,25.7000,25.2600,25.3800,13.8294,439100
2002-04-08,25.3000,25.5100,25.3000,25.4600,13.8730,156500
2002-04-09,25.5800,25.5800,25.4300,25.4400,13.8621,35500
2002-04-10,25.4700,25.8700,25.4700,25.8600,14.0910,98300
2002-04-11,26.0000,26.0000,25.5100,25.5100,13.9003,41200
2002-04-12,25.5400,25.7600,25.5000,25.6500,13.9766,27200
2002-04-15,25.7200,25.7200,25.5200,25.6300,13.9657,108200
2002-04-16,25.7000,25.9100,25.6700,25.9000,14.1128,19400
2002-04-17,25.8500,25.8500,25.5100,25.5200,13.9057,289200
2002-04-18,25.6700,25.8000,25.5000,25.7800,14.0474,218000
2002-04-19,25.8500,25.8600,25.7200,25.8300,14.0747,142200
2002-04-22,25.8000,25.8800,25.6300,25.6800,13.9929,79600
2002-04-23,25.6900,25.7000,25.4200,25.4700,13.8785,33600
2002-04-24,25.6100,25.6500,25.3600,25.3600,13.8186,57000
2002-04-25,25.4200,25.6000,25.3500,25.4400,13.8621,46300
2002-04-26,25.5000,25.5000,25.2300,25.2800,13.7750,259500
2002-04-29,25.1800,25.1900,24.9600,25.0200,13.6333,364500
2002-04-30,24.9600,25.2100,24.9000,25.1300,13.6932,510700
2002-05-01,25.1700,25.5000,25.1000,25.4900,13.8894,70900
2002-05-02,25.4400,25.5600,25.4200,25.4900,13.8894,26400
2002-05-03,25.4900,25.5000,25.1300,25.2500,13.7586,202700
2002-05-06,25.2500,25.3500,25.0700,25.0700,13.6605,142600
2002-05-07,25.1300,25.1300,24.7200,24.7200,13.4698,51500
2002-05-08,24.8100,25.1900,24.7300,25.1700,13.7150,143500
2002-05-09,25.1500,25.1800,24.9100,24.9100,13.5733,61100
2002-05-10,25.0200,25.1000,24.7900,24.8600,13.5461,54400
2002-05-13,24.8900,25.1100,24.8600,25.1100,13.6823,65600
2002-05-14,25.2000,25.2700,25.0600,25.2100,13.7368,142500
2002-05-15,25.0100,25.1100,24.8300,24.8400,13.5352,81400
2002-05-16,24.7400,24.8700,24.6400,24.8700,13.5516,63100
2002-05-17,24.7800,25.2000,24.7800,25.1600,13.7096,130800
2002-05-20,25.1200,25.1800,24.9600,25.0400,13.6442,49100
2002-05-21,24.9700,25.1000,24.7900,24.8300,13.5298,174600
2002-05-22,24.8900,25.0500,24.8300,25.0500,13.6496,294900
2002-05-23,25.0800,25.1300,24.8400,25.1300,13.6932,18200
2002-05-24,25.1200,25.2400,24.8200,24.8400,13.5352,31000
2002-05-28,24.9700,24.9700,24.6800,24.7500,13.4862,42800
2002-05-29,24.7000,24.8800,24.7000,24.8300,13.5298,30400
2002-05-30,24.5600,24.8000,24.5300,24.7200,13.4698,37300
2002-05-31,24.7700,25.0600,24.7700,24.8500,13.5407,341700
2002-06-03,24.9000,24.9700,24.2500,24.2800,13.2301,282800
2002-06-04,24.3200,24.3300,24.0300,24.2500,13.2137,76200
2002-06-05,24.2000,24.5300,24.1900,24.5300,13.3663,176900
2002-06-06,24.3800,24.4000,23.9200,23.9800,13.0666,107400
2002-06-07,23.7100,24.0800,23.7100,23.9800,13.0666,303400
2002-06-10,23.9000,24.3200,23.9000,24.2500,13.2137,59400
2002-06-11,24.0800,24.0800,23.6000,23.6000,12.8595,62500
2002-06-12,23.5000,23.6800,23.3500,23.5800,12.8486,70000
2002-06-13,23.6700,23.8100,23.5100,23.5100,12.8105,42400
2002-06-14,23.3400,23.6700,23.0900,23.6100,12.8650,241900
2002-06-17,23.7200,24.0600,23.7200,24.0600,13.1102,79800
2002-06-18,23.9800,24.1200,23.8900,24.0000,13.0775,42700
2002-06-19,23.9000,24.1800,23.8200,23.9100,13.0285,27700
2002-06-20,23.9200,23.9200,23.7000,23.7000,12.9140,42900
2002-06-21,23.6000,23.6200,22.8000,22.9900,12.5653,246300
2002-06-24,23.0000,23.1100,22.6600,22.7600,12.4396,274400
2002-06-25,22.9500,22.9500,22.1500,22.2900,12.1827,68600
2002-06-26,22.0000,22.3400,21.8300,22.2500,12.1609,98600
2002-06-27,22.3300,22.5000,22.1200,22.4200,12.2538,172800
2002-06-28,22.5400,22.7000,22.2500,22.2500,12.1609,58100
2002-07-01,22.3000,22.6500,22.3000,22.4700,12.2811,81700
2002-07-02,22.4500,22.5600,22.2500,22.3200,12.1991,87200
2002-07-03,22.1400,22.3800,21.9300,22.1700,12.1171,84600
2002-07-05,21.9500,22.4600,21.9500,22.4600,12.2756,27300
2002-07-08,22.5300,22.6000,22.4000,22.4200,12.2538,46100
2002-07-09,22.4300,22.5700,22.0000,22.0500,12.0516,40800
2002-07-10,21.9000,22.0500,21.5700,21.6000,11.8056,154700
2002-07-11,21.2000,21.4400,20.9400,21.2400,11.6088,138700
2002-07-12,21.1000,21.1400,20.6100,20.7900,11.3629,79000
2002-07-15,20.4700,20.5600,19.8500,20.4900,11.1989,141700
2002-07-16,20.4700,20.4800,20.0000,20.1700,11.0240,61300
2002-07-17,20.2000,20.6400,20.2000,20.2600,11.0732,221500
2002-07-18,20.3500,20.4800,19.7600,19.8000,10.8218,50200
2002-07-19,19.3000,19.5000,18.7200,18.8800,10.3190,140700
2002-07-22,18.8000,19.3400,18.7400,19.0400,10.4064,205700
2002-07-23,19.1000,19.3300,18.9700,19.1300,10.4556,84800
2002-07-24,18.8900,20.1100,18.8900,20.1100,10.9912,205200
2002-07-25,20.0900,20.4900,19.8400,20.3600,11.1279,146100
2002-07-26,20.2600,20.4700,20.1700,20.4500,11.1771,29000
2002-07-29,20.5500,21.1500,20.5500,21.0400,11.4995,140600
2002-07-30,21.0100,21.0400,20.7100,20.8300,11.3848,81100
2002-07-31,20.8800,21.3000,20.8800,21.3000,11.6416,62800
2002-08-01,21.2000,21.3700,20.2600,21.1000,11.5323,53500
2002-08-02,21.0600,21.3700,20.9300,21.0600,11.5105,43200
2002-08-05,21.0000,21.0800,20.7700,20.7700,11.3520,69300
2002-08-06,20.9500,21.2800,20.7900,20.7900,11.3629,96700
2002-08-07,21.1000,21.2700,20.8000,21.2700,11.6252,296600
2002-08-08,21.1000,21.8000,20.6100,21.7600,11.8931,126100
2002-08-09,21.5200,21.9300,21.5200,21.8600,11.9477,83700
2002-08-12,21.5000,21.8400,21.5000,21.7900,11.9095,62600
2002-08-13,21.6000,22.0000,21.5800,21.5800,11.7947,45300
2002-08-14,21.7000,22.3000,21.5000,22.2900,12.1827,81400
2002-08-15,22.3000,22.3400,21.9800,22.0900,12.0734,80800
2002-08-16,22.0500,22.1900,21.9000,21.9900,12.0188,72600
2002-08-19,21.9500,22.2000,21.9100,22.1600,12.1117,98100
2002-08-20,22.0000,22.1700,21.8800,22.0600,12.0570,27200
2002-08-21,22.1700,22.1700,21.8000,22.0300,12.0406,75700
2002-08-22,22.0400,22.2100,21.9400,22.1400,12.1007,46000
2002-08-23,21.9400,22.0500,21.7800,21.7900,11.9095,28700
2002-08-26,21.8300,21.9500,21.6100,21.8400,11.9368,86000
2002-08-27,21.8900,21.9900,21.6700,21.7800,11.9040,35800
2002-08-28,21.8000,21.8000,21.4900,21.5500,11.7783,280800
2002-08-29,21.3500,21.4900,21.2600,21.3100,11.6471,146900
2002-08-30,21.2400,21.8400,21.2400,21.4700,11.7346,55100
2002-09-03,21.2500,21.3800,21.0000,21.0000,11.4777,75000
2002-09-04,21.0200,21.1800,21.0000,21.1700,11.5706,51700
2002-09-05,21.0000,21.3800,21.0000,21.1600,11.5651,33500
2002-09-06,21.2800,21.2800,21.0500,21.1600,11.5651,65400
2002-09-09,21.0600,21.5800,21.0600,21.5800,11.7947,37500
2002-09-10,21.5500,21.6100,21.3900,21.5700,11.7892,119900
2002-09-11,21.6200,21.7000,21.5300,21.5300,11.7674,68500
2002-09-12,21.4000,21.4300,21.1800,21.2500,11.6143,146500
2002-09-13,21.1500,21.4800,21.1500,21.3700,11.6799,54600
2002-09-16,21.3200,21.7000,21.3200,21.6800,11.8493,36300
2002-09-17,21.8100,21.8200,21.1300,21.1300,11.5487,237100
2002-09-18,21.0500,21.2000,20.8300,21.1400,11.5542,79100
2002-09-19,20.8500,20.8600,20.5300,20.5300,11.2208,355100
2002-09-20,20.4200,20.4500,20.2800,20.4000,11.2219,93100
2002-09-23,20.2800,20.3600,20.1000,20.3200,11.1779,70700
2002-09-24,20.0800,20.2200,19.9300,19.9900,10.9964,91100
2002-09-25,20.0000,20.3200,19.8800,20.1500,11.0844,121000
2002-09-26,20.2000,20.6100,20.2000,20.6100,11.3374,52100
2002-09-27,20.3000,20.3600,20.0000,20.0000,11.0019,53500
2002-09-30,19.7500,19.9600,19.5000,19.7900,10.8863,134300
2002-10-01,19.8900,20.3900,19.8900,20.3800,11.2109,137600
2002-10-02,20.2800,20.5200,20.2500,20.2700,11.1504,204000
2002-10-03,20.1100,20.5400,20.1100,20.2200,11.1229,108900
2002-10-04,20.3000,20.4100,19.9200,20.0000,11.0019,154900
2002-10-07,20.0700,20.3600,19.9300,19.9600,10.9799,198000
2002-10-08,20.0000,20.5900,20.0000,20.3800,11.2109,200800
2002-10-09,20.3600,20.4000,20.0900,20.1200,11.0679,311600
2002-10-10,20.1500,20.3400,19.9100,20.2100,11.1174,110100
2002-10-11,20.3300,20.6400,20.2400,20.4400,11.2439,144500
2002-10-14,20.5800,20.8700,20.4500,20.7800,11.4309,124600
2002-10-15,21.0000,21.0900,20.8200,20.9600,11.5300,288700
2002-10-16,20.9000,20.9000,20.5000,20.5200,11.2879,426200
2002-10-17,20.8900,20.8900,20.4700,20.6100,11.3374,460300
2002-10-18,20.4500,20.8600,20.4500,20.8500,11.4694,233100
2002-10-21,20.7800,21.3800,20.7800,21.3700,11.7555,226000
2002-10-22,21.3500,21.3600,20.8800,21.0000,11.5520,161300
2002-10-23,21.0200,21.0900,20.7200,21.0000,11.5520,117100
2002-10-24,21.0500,21.1000,20.6800,20.6900,11.3814,165000
2002-10-25,20.6000,20.9000,20.6000,20.8300,11.4584,159400
2002-10-28,20.8600,20.8600,20.2900,20.3700,11.2054,362900
2002-10-29,20.4900,20.7200,20.2800,20.6600,11.3649,193900
2002-10-30,20.7500,20.8200,20.5800,20.7500,11.4144,189600
2002-10-31,20.6800,20.7300,20.4000,20.5600,11.3099,116800
2002-11-01,20.5000,20.8300,20.4000,20.8200,11.4529,120700
2002-11-04,20.7200,20.7400,20.2500,20.3500,11.1944,96100
2002-11-05,20.3000,20.6500,20.3000,20.5500,11.3044,45800
2002-11-06,20.6700,20.6700,20.2500,20.4700,11.2604,70300
2002-11-07,20.5700,20.5700,20.3000,20.4200,11.2329,367600
2002-11-08,20.3800,20.6500,20.2300,20.2900,11.1614,172900
2002-11-11,20.3000,20.3800,20.1500,20.2300,11.1284,74300
2002-11-12,20.1800,20.3100,19.6000,19.6300,10.7983,159000
2002-11-13,19.8000,20.1200,19.6500,19.9200,10.9579,72100
2002-11-14,20.1600,20.2300,19.9600,20.1900,11.1064,196500
2002-11-15,20.1800,20.3500,20.1000,20.3300,11.1834,63000
2002-11-18,20.4000,20.4000,20.1800,20.2400,11.1339,181300
2002-11-19,20.1200,20.5900,20.1200,20.3600,11.1999,168900
2002-11-20,20.3000,20.4600,20.1500,20.3400,11.1889,29100
2002-11-21,20.4500,20.4500,20.0200,20.0900,11.0514,75800
2002-11-22,20.2000,20.2400,20.0700,20.0900,11.0514,127500
2002-11-25,20.1500,20.1500,19.8500,19.9600,10.9799,123800
2002-11-26,19.8600,19.9800,19.7500,19.8300,10.9083,88200
2002-11-27,19.7300,20.1200,19.7300,20.1100,11.0624,104300
2002-11-29,20.0000,20.0500,19.9400,19.9900,10.9964,25500
2002-12-02,20.1000,20.1100,19.7600,19.8300,10.9083,636400
2002-12-03,19.8800,19.9800,19.8000,19.9500,10.9744,146100
2002-12-04,20.0500,20.3900,19.9000,20.2500,11.1394,71300
2002-12-05,20.3500,20.3500,19.9900,20.0500,11.0294,66200
2002-12-06,20.0500,20.2900,19.9700,20.2100,11.1174,82800
2002-12-09,20.2100,20.2700,20.0500,20.1500,11.0844,29200
2002-12-10,20.2000,20.4200,20.1700,20.4200,11.2329,77300
2002-12-11,20.4500,20.4500,20.2100,20.3000,11.1669,89300
2002-12-12,20.2000,20.3500,20.1200,20.1700,11.0954,45600
2002-12-13,20.1000,20.2600,19.9700,20.1800,11.1009,31300
2002-12-16,20.1800,20.2800,20.0600,20.2800,11.1559,81500
2002-12-17,20.2000,20.3000,20.0200,20.0700,11.0404,572200
2002-12-18,20.0800,20.1100,19.9700,20.0400,11.0239,176700
2002-12-19,20.1000,20.1000,19.7700,19.7800,10.8808,237300
2002-12-20,19.9300,20.0200,19.8200,20.0100,11.0661,302400
2002-12-23,20.0500,20.2100,19.9800,20.0700,11.0993,336700
2002-12-24,20.0700,20.1000,20.0000,20.0700,11.0993,18800
2002-12-26,20.1200,20.2500,20.0600,20.0600,11.0938,40200
2002-12-27,20.0300,20.0700,19.8100,19.9000,11.0053,46800
2002-12-30,19.9000,20.0600,19.8600,20.0200,11.0716,36700
2002-12-31,20.0000,20.0500,19.7200,19.9400,11.0274,61100
2003-01-02,20.0100,20.3500,20.0100,20.3200,11.2375,365000
2003-01-03,20.4200,20.4200,20.1900,20.3000,11.2265,364100
2003-01-06,20.2800,20.4600,20.0000,20.4500,11.3094,76100
2003-01-07,20.3500,20.4100,20.2200,20.2700,11.2099,46100
2003-01-08,20.2500,20.3700,20.0700,20.1500,11.1435,36000
2003-01-09,20.2300,20.4200,20.2200,20.3500,11.2541,50800
2003-01-10,20.3000,20.4500,20.2900,20.4100,11.2873,37300
2003-01-13,20.3500,20.5400,20.3300,20.4600,11.3150,96500
2003-01-14,20.3800,20.5200,20.3700,20.5200,11.3481,81700
2003-01-15,20.4800,20.4800,20.2500,20.3200,11.2375,86000
2003-01-16,20.3000,20.6500,20.3000,20.6200,11.4035,107100
2003-01-17,20.5000,20.6800,20.4900,20.5000,11.3371,16000
2003-01-21,20.6000,20.6800,20.3000,20.3500,11.2541,65900
2003-01-22,20.3700,20.4700,20.1100,20.1100,11.1214,56100
2003-01-23,20.1000,20.2200,19.8900,19.9700,11.0440,111700
2003-01-24,19.9000,20.0000,19.5300,19.5300,10.8006,67100
2003-01-27,19.5500,19.5500,19.1600,19.2700,10.6569,441700
2003-01-28,19.3000,19.4500,19.2500,19.3300,10.6900,76100
2003-01-29,19.3000,19.3000,18.8900,19.1200,10.5739,114500
2003-01-30,19.1500,19.1500,18.7600,18.7700,10.3803,197800
2003-01-31,18.9700,19.2600,18.8800,19.2600,10.6513,560200
2003-02-03,19.3400,19.3800,19.2200,19.3300,10.6900,265400
2003-02-04,19.2200,19.3400,19.0700,19.3400,10.6956,167900
2003-02-05,19.4500,19.4800,19.1700,19.2000,10.6181,281200
2003-02-06,19.1800,19.1800,18.9500,19.0500,10.5352,267800
2003-02-07,19.1000,19.2100,18.8500,18.9200,10.4633,231900
2003-02-10,18.9400,19.0500,18.8100,19.0500,10.5352,611900
2003-02-11,19.0000,19.1600,18.6900,18.6900,10.3361,135800
2003-02-12,18.7200,18.8900,18.6900,18.6900,10.3361,164300
2003-02-13,18.6900,18.8700,18.5100,18.7100,10.3472,116200
2003-02-14,18.8000,19.0500,18.7400,19.0500,10.5352,181400
2003-02-18,19.2000,19.3000,19.0500,19.1800,10.6071,236600
2003-02-19,19.1800,19.2000,18.9000,19.0300,10.5241,152300
2003-02-20,19.0400,19.0400,18.7700,18.8400,10.4191,64100
2003-02-21,18.8500,19.0700,18.8100,18.9500,10.4799,18900
2003-02-24,18.9000,18.9000,18.6900,18.6900,10.3361,52900
2003-02-25,18.6100,18.9000,18.5000,18.8300,10.4135,179500
2003-02-26,18.7800,18.8900,18.6700,18.7300,10.3582,17900
2003-02-27,18.7300,18.8600,18.6400,18.7500,10.3693,160800
2003-02-28,18.8000,18.9100,18.6300,18.6700,10.3250,99300
2003-03-03,18.7700,18.8800,18.5000,18.5200,10.2421,96400
2003-03-04,18.5800,18.5800,18.3200,18.3600,10.1536,190300
2003-03-05,18.3700,18.3900,18.0000,18.2200,10.0762,374600
2003-03-06,18.1500,18.3000,18.0800,18.1000,10.0098,184500
2003-03-07,17.8900,18.1700,17.8500,18.1200,10.0209,304200
2003-03-10,18.1300,18.1300,17.8200,17.8200,9.8550,464200
2003-03-11,17.8500,18.2000,17.8500,18.0000,9.9545,105400
2003-03-12,17.9000,18.1800,17.9000,18.1400,10.0319,196900
2003-03-13,18.3000,18.5400,18.2500,18.5400,10.2531,135400
2003-03-14,18.5700,18.7100,18.4600,18.5100,10.2366,187000
2003-03-17,18.4100,19.0700,18.4100,19.0400,10.5297,335100
2003-03-18,19.0800,19.0800,18.7200,18.9000,10.4522,350600
2003-03-19,19.0900,19.2200,18.9800,19.2200,10.6292,660500
2003-03-20,19.2400,19.2700,18.9700,19.1800,10.6071,925700
2003-03-21,19.1900,19.4900,19.0800,19.4900,10.8379,158400
2003-03-24,19.0400,19.1000,18.7800,18.9700,10.5487,273700
2003-03-25,18.9500,19.1000,18.8000,18.9800,10.5543,286800
2003-03-26,18.9000,19.0500,18.8700,18.9100,10.5153,398400
2003-03-27,18.8000,19.0700,18.6500,18.9500,10.5376,996500
2003-03-28,18.9500,18.9500,18.6500,18.7500,10.4264,296500
2003-03-31,18.3500,18.7000,18.1700,18.5700,10.3263,94500
2003-04-01,18.3500,18.5700,18.3500,18.5100,10.2929,332800
2003-04-02,18.8200,18.9800,18.7300,18.9000,10.5098,883700
2003-04-03,18.9800,18.9800,18.6800,18.7700,10.4375,335000
2003-04-04,18.7700,18.8600,18.6700,18.8500,10.4820,333300
2003-04-07,19.0600,19.2200,18.7500,18.7500,10.4264,79800
2003-04-08,18.8900,19.0000,18.8200,18.9700,10.5487,65200
2003-04-09,19.0500,19.2000,18.8100,18.8200,10.4653,250000
2003-04-10,18.9200,18.9200,18.7600,18.8800,10.4987,357200
2003-04-11,19.0500,19.0800,18.8900,18.9200,10.5209,124500
2003-04-14,18.9700,19.2500,18.9700,19.2500,10.7044,437500
2003-04-15,19.3600,19.3600,19.1600,19.3200,10.7433,203400
2003-04-16,19.0700,19.1400,18.7300,18.7700,10.4375,1049300
2003-04-17,18.8500,19.1000,18.7600,19.1000,10.6210,195900
2003-04-21,19.1300,19.1500,18.9300,18.9600,10.5431,49000
2003-04-22,18.9000,19.3000,18.8800,19.3000,10.7322,305600
2003-04-23,19.3100,19.3100,19.1600,19.2600,10.7100,278400
2003-04-24,19.2000,19.2000,18.9500,19.1300,10.6377,38300
2003-04-25,19.1000,19.1000,18.8200,18.8400,10.4764,102100
2003-04-28,18.8400,19.2200,18.8300,19.1100,10.6265,349300
2003-04-29,19.2300,19.3300,19.1100,19.2800,10.7211,182700
2003-04-30,19.1800,19.2400,19.1100,19.1200,10.6321,73900
2003-05-01,19.0700,19.1100,18.8000,19.1000,10.6210,64000
2003-05-02,19.0200,19.2500,19.0000,19.2500,10.7044,71600
2003-05-05,19.2600,19.2700,19.0900,19.1300,10.6377,74100
2003-05-06,19.1300,19.3000,19.1300,19.2300,10.6933,411900
2003-05-07,19.3300,19.4300,19.2500,19.2800,10.7211,456100
2003-05-08,19.1500,19.3000,19.1500,19.1900,10.6710,132700
2003-05-09,19.3500,19.4900,19.2000,19.4300,10.8045,90900
2003-05-12,19.4900,19.7000,19.3600,19.6000,10.8990,339300
2003-05-13,19.6000,19.6200,19.4500,19.5100,10.8490,252100
2003-05-14,19.6300,19.6300,19.3600,19.3600,10.7656,135300
2003-05-15,19.5300,19.5400,19.3800,19.5100,10.8490,176000
2003-05-16,19.4500,19.5800,19.3300,19.4000,10.7878,882200
2003-05-19,19.2900,19.3000,19.1400,19.2100,10.6822,69000
2003-05-20,19.2500,19.4200,19.2200,19.3300,10.7489,284600
2003-05-21,19.2600,19.5100,19.2600,19.4800,10.8323,173000
2003-05-22,19.3900,19.8000,19.3900,19.7400,10.9769,233900
2003-05-23,19.7000,19.7600,19.6000,19.6400,10.9213,354600
2003-05-27,19.6000,19.8800,19.5900,19.8300,11.0269,816000
2003-05-28,19.9200,19.9800,19.8100,19.9500,11.0936,258600
2003-05-29,19.9700,20.0900,19.8100,19.8500,11.0380,474500
2003-05-30,19.9700,20.1400,19.9200,20.0600,11.1548,792600
2003-06-02,20.2000,20.2400,20.0100,20.0200,11.1326,338400
2003-06-03,20.1000,20.2200,20.0400,20.2200,11.2438,258800
2003-06-04,20.2800,20.4400,20.1800,20.3700,11.3272,192400
2003-06-05,20.4500,20.4700,20.3000,20.3900,11.3383,262400
2003-06-06,20.4900,20.5500,20.2600,20.3200,11.2994,681600
2003-06-09,20.3800,20.3900,20.2100,20.2800,11.2772,269000
2003-06-10,20.3200,20.4200,20.2600,20.3400,11.3105,323100
2003-06-11,20.4300,20.5100,20.3600,20.4900,11.3939,164700
2003-06-12,20.6000,20.6000,20.3000,20.5600,11.4329,58900
2003-06-13,20.5000,20.5800,20.3200,20.3600,11.3216,43100
2003-06-16,20.5500,20.7700,20.4500,20.7700,11.5496,116200
2003-06-17,20.7800,20.8000,20.5700,20.6400,11.4773,117700
2003-06-18,20.6300,20.7200,20.5000,20.6100,11.4607,372300
2003-06-19,20.6100,20.6800,20.3600,20.3800,11.3328,116700
2003-06-20,20.3800,20.4300,20.2200,20.2900,11.3339,121100
2003-06-23,20.2400,20.2400,20.0400,20.1800,11.2724,108700
2003-06-24,20.1700,20.4500,20.1700,20.4000,11.3953,366200
2003-06-25,20.4000,20.4700,20.1100,20.1100,11.2333,147900
2003-06-26,20.1000,20.2500,20.0300,20.2400,11.3060,43600
2003-06-27,20.3000,20.3600,20.0700,20.1300,11.2445,85400
2003-06-30,20.1500,20.2600,20.0900,20.1600,11.2613,40500
2003-07-01,20.0100,20.3300,19.9500,20.3300,11.3562,127500
2003-07-02,20.2600,20.4700,20.2600,20.4600,11.4288,114000
2003-07-03,20.3300,20.4800,20.2500,20.3400,11.3618,13800
2003-07-07,20.4500,20.5700,20.4300,20.4900,11.4456,172000
2003-07-08,20.4200,20.5100,20.3500,20.5100,11.4568,67700
2003-07-09,20.4800,20.4800,20.1600,20.2400,11.3060,79600
2003-07-10,20.2300,20.2300,20.0700,20.1600,11.2613,418300
2003-07-11,20.2500,20.4200,20.1800,20.3000,11.3395,98600
2003-07-14,20.4100,20.5200,20.2200,20.2500,11.3115,90100
2003-07-15,20.3600,20.4100,20.2500,20.3600,11.3730,247700
2003-07-16,20.3600,20.3800,20.0900,20.1500,11.2557,159100
2003-07-17,20.2200,20.3400,20.0600,20.0800,11.2166,97800
2003-07-18,20.1900,20.3000,20.0800,20.2600,11.3171,148400
2003-07-21,20.2900,20.2900,20.0600,20.0900,11.2222,121800
2003-07-22,20.1000,20.3600,20.0500,20.3000,11.3395,155900
2003-07-23,20.3600,20.3600,20.1100,20.2100,11.2892,110800
2003-07-24,20.3200,20.3500,20.0700,20.0700,11.2110,133800
2003-07-25,20.0300,20.2500,19.9500,20.2300,11.3004,58300
2003-07-28,20.2800,20.3000,20.0800,20.1100,11.2333,48900
2003-07-29,20.2100,20.2300,19.9600,20.0000,11.1719,81200
2003-07-30,20.0600,20.1400,20.0300,20.1300,11.2445,23200
2003-07-31,20.2600,20.4600,20.1000,20.1300,11.2445,72500
2003-08-01,19.9600,20.0500,19.8500,19.9300,11.1328,123600
2003-08-04,19.9200,20.1000,19.7600,20.0100,11.1775,142100
2003-08-05,19.9800,20.0000,19.7600,19.7700,11.0434,378200
2003-08-06,19.7400,19.9600,19.7000,19.8900,11.1104,165300
2003-08-07,19.9000,20.0900,19.9000,20.0600,11.2054,45000
2003-08-08,20.1400,20.1900,20.0400,20.1800,11.2724,152000
2003-08-11,20.2500,20.2800,20.0800,20.1500,11.2557,137900
2003-08-12,20.2000,20.3500,20.1400,20.3100,11.3451,28800
2003-08-13,20.3700,20.3700,20.1900,20.2400,11.3060,256200
2003-08-14,20.2800,20.4300,20.2200,20.3500,11.3674,160100
2003-08-15,20.4200,20.4200,20.3200,20.4200,11.4065,9500
2003-08-18,20.3600,20.4800,20.3600,20.4600,11.4288,33200
2003-08-19,20.3300,20.4300,20.2300,20.3500,11.3674,389700
2003-08-20,20.3000,20.3700,20.2500,20.2800,11.3283,182700
2003-08-21,20.2900,20.4200,20.2500,20.3500,11.3674,436200
2003-08-22,20.4200,20.4200,20.1500,20.1700,11.2668,106700
2003-08-25,20.1400,20.2900,20.1400,20.2900,11.3339,278300
2003-08-26,20.2100,20.3600,20.1200,20.3200,11.3506,68800
2003-08-27,20.3000,20.4200,20.3000,20.4000,11.3953,157500
2003-08-28,20.4500,20.5200,20.2900,20.4600,11.4288,37000
2003-08-29,20.3800,20.5300,20.3800,20.4700,11.4344,937500
2003-09-02,20.4400,20.7700,20.4400,20.7000,11.5629,126000
2003-09-03,20.7800,20.8200,20.6700,20.7500,11.5908,327800
2003-09-04,20.8400,20.9000,20.7600,20.8500,11.6467,292700
2003-09-05,20.7200,20.7800,20.6000,20.6300,11.5238,95700
2003-09-08,20.7100,20.7100,20.5600,20.6900,11.5573,126600
2003-09-09,20.6000,20.6000,20.4100,20.4600,11.4288,624800
2003-09-10,20.4800,20.6200,20.4300,20.4500,11.4233,451000
2003-09-11,20.5500,20.6800,20.5500,20.5600,11.4847,94400
2003-09-12,20.5600,20.6300,20.4100,20.6100,11.5126,94400
2003-09-15,20.5900,20.6300,20.5200,20.5900,11.5015,90600
2003-09-16,20.6000,20.6400,20.4500,20.6000,11.5070,59600
2003-09-17,20.6800,20.7500,20.6000,20.7000,11.5629,259600
2003-09-18,20.6800,20.8900,20.6800,20.8300,11.6355,111200
2003-09-19,20.7300,20.7700,20.6400,20.7100,11.6081,86300
2003-09-22,20.6000,20.6000,20.4200,20.5400,11.5128,126700
2003-09-23,20.6100,20.6800,20.5000,20.6600,11.5800,152200
2003-09-24,20.6800,20.6800,20.4200,20.4800,11.4791,271800
2003-09-25,20.4600,20.6000,20.4600,20.4600,11.4679,170700
2003-09-26,20.3900,20.4600,20.3500,20.4100,11.4399,226800
2003-09-29,20.4800,20.4800,20.3400,20.4100,11.4399,111200
2003-09-30,20.4000,20.4500,20.2000,20.3200,11.3895,105000
2003-10-01,20.3400,20.7100,20.3400,20.6900,11.5969,191100
2003-10-02,20.6700,20.7800,20.6700,20.6900,11.5969,222000
2003-10-03,20.9900,21.0000,20.8000,20.8500,11.6865,707100
2003-10-06,20.8700,20.9600,20.8100,20.9200,11.7258,209600
2003-10-07,20.9100,21.1000,20.8600,21.0300,11.7874,300900
2003-10-08,21.0400,21.0600,20.9300,20.9700,11.7538,134400
2003-10-09,21.2000,21.2200,20.9700,21.0000,11.7706,267100
2003-10-10,20.9800,21.0500,20.9300,20.9900,11.7650,522100
2003-10-13,21.0100,21.1600,21.0000,21.0700,11.8098,123900
2003-10-14,21.1000,21.1900,21.0100,21.1800,11.8715,247700
2003-10-15,21.1500,21.2000,21.0400,21.1500,11.8547,632100
2003-10-16,21.0300,21.1900,21.0000,21.1800,11.8715,107500
2003-10-17,21.2100,21.2100,21.0000,21.0500,11.7986,127000
2003-10-20,21.0600,21.0600,20.8900,21.0600,11.8042,164000
2003-10-21,21.1100,21.1600,21.0000,21.0300,11.7874,84700
2003-10-22,20.9500,21.0400,20.8300,20.9300,11.7314,274600
2003-10-23,20.8000,20.9700,20.8000,20.9300,11.7314,289000
2003-10-24,20.9200,20.9200,20.6300,20.9100,11.7202,289900
2003-10-27,21.0300,21.0500,20.8300,20.9000,11.7146,166600
2003-10-28,20.9000,21.1400,20.9000,21.1300,11.8435,907000
2003-10-29,21.0600,21.2300,21.0600,21.2300,11.8995,109300
2003-10-30,21.3000,21.3000,21.0800,21.2000,11.8827,63500
2003-10-31,21.3000,21.3200,21.2000,21.2400,11.9051,222600
2003-11-03,21.3400,21.4700,21.3400,21.4300,12.0116,96700
2003-11-04,21.4000,21.4100,21.3000,21.3000,11.9388,36700
2003-11-05,21.3400,21.3400,21.1400,21.2700,11.9219,33100
2003-11-06,21.2300,21.4400,21.1900,21.4000,11.9948,47900
2003-11-07,21.4400,21.5000,21.3500,21.4000,11.9948,71500
2003-11-10,21.3500,21.4300,21.2700,21.3400,11.9612,53800
2003-11-11,21.3700,21.3800,21.2900,21.3600,11.9724,181900
2003-11-12,21.4000,21.5300,21.3200,21.5200,12.0621,345300
2003-11-13,21.3400,21.3400,21.1700,21.2700,11.9219,66100
2003-11-14,21.3100,21.3500,21.0600,21.1500,11.8547,250800
2003-11-17,21.0200,21.2100,20.9800,21.1700,11.8659,492100
2003-11-18,21.2200,21.2300,21.0300,21.0900,11.8211,89100
2003-11-19,21.0900,21.2400,21.0500,21.2000,11.8827,45600
2003-11-20,21.2000,21.2700,21.0400,21.0500,11.7986,320500
2003-11-21,21.0500,21.1800,21.0300,21.1000,11.8267,76900
2003-11-24,21.2400,21.4100,21.1900,21.3900,11.9892,140900
2003-11-25,21.4000,21.4800,21.3100,21.4400,12.0172,108200
2003-11-26,21.5400,21.5400,21.3000,21.4100,12.0004,79200
2003-11-28,21.4400,21.5000,21.4000,21.4900,12.0452,17600
2003-12-01,21.4100,21.4900,21.3100,21.4500,12.0228,79000
2003-12-02,21.4500,21.4500,21.2500,21.2600,11.9163,304500
2003-12-03,21.3300,21.4200,21.2600,21.2700,11.9219,323500
2003-12-04,21.2900,21.3600,21.2000,21.3600,11.9724,103500
2003-12-05,21.3200,21.4100,21.2300,21.2900,11.9331,359600
2003-12-08,21.3600,21.4400,21.2200,21.3400,11.9612,109600
2003-12-09,21.3000,21.4000,21.2400,21.2600,11.9163,341100
2003-12-10,21.2900,21.3500,21.1800,21.2800,11.9275,183900
2003-12-11,21.3500,21.3900,21.2700,21.2700,11.9219,85300
2003-12-12,21.3800,21.4300,21.2000,21.4100,12.0004,114000
2003-12-15,21.5500,21.5500,21.2500,21.2700,11.9219,277300
2003-12-16,21.3100,21.5100,21.2700,21.4800,12.0396,86900
2003-12-17,21.4900,21.5600,21.4400,21.4600,12.0284,397600
2003-12-18,21.6000,21.6100,21.4900,21.5700,12.0901,458700
2003-12-19,21.5300,21.5400,21.3300,21.4000,12.0456,62900
2003-12-22,21.4000,21.5200,21.4000,21.5200,12.1132,134400
2003-12-23,21.4400,21.5900,21.4300,21.5300,12.1188,259900
2003-12-24,21.5300,21.5300,21.4300,21.4600,12.0794,52600
2003-12-26,21.4000,21.5200,21.4000,21.4800,12.0907,29800
2003-12-29,21.5600,21.6600,21.4500,21.6200,12.1695,319700
2003-12-30,21.6400,21.7200,21.6000,21.6500,12.1863,479000
2003-12-31,21.7400,21.7800,21.6600,21.7800,12.2595,256000
2004-01-02,21.7500,21.8800,21.4800,21.5200,12.1132,356900
2004-01-05,21.7000,21.7000,21.4600,21.6600,12.1920,235700
2004-01-06,21.6600,21.7400,21.6000,21.7100,12.2201,140300
2004-01-07,21.6000,21.6700,21.5000,21.6200,12.1695,550600
2004-01-08,21.7700,21.7700,21.5000,21.5900,12.1526,728900
2004-01-09,21.5800,21.6100,21.3900,21.4300,12.0625,741400
2004-01-12,21.4000,21.5300,21.3800,21.5300,12.1188,599900
2004-01-13,21.5600,21.5600,21.3400,21.5000,12.1019,458800
2004-01-14,21.5400,21.6400,21.5100,21.5800,12.1469,391900
2004-01-15,21.5900,21.6100,21.4100,21.6000,12.1582,288600
2004-01-16,21.6500,21.6500,21.5100,21.5900,12.1526,118800
2004-01-20,21.5900,21.5900,21.4300,21.5200,12.1132,114400
2004-01-21,21.5500,21.6500,21.4800,21.6100,12.1638,210100
2004-01-22,21.6600,21.6600,21.5100,21.5400,12.1244,128700
2004-01-23,21.6200,21.7400,21.5500,21.7200,12.2257,208600
2004-01-26,21.7600,21.9400,21.7200,21.9300,12.3439,449000
2004-01-27,21.9500,21.9600,21.8200,21.8200,12.2820,224500
2004-01-28,21.8600,21.9200,21.5700,21.6000,12.1582,402100
2004-01-29,21.7000,21.9400,21.6500,21.9000,12.3271,833100
2004-01-30,21.8800,21.8800,21.7300,21.7800,12.2595,155000
2004-02-02,21.7800,21.9600,21.7700,21.8700,12.3102,104100
2004-02-03,21.7800,22.0100,21.7800,21.9800,12.3721,227300
2004-02-04,21.9800,22.1800,21.9400,22.1100,12.4453,378700
2004-02-05,22.1900,22.2900,22.1000,22.2500,12.5241,494500
2004-02-06,22.3400,22.4400,22.2000,22.4200,12.6198,480900
2004-02-09,22.4000,22.5000,22.3500,22.4500,12.6367,405400
2004-02-10,22.3800,22.5500,22.3800,22.5400,12.6873,289600
2004-02-11,22.4800,22.6000,22.4000,22.5100,12.6704,362300
2004-02-12,22.5500,22.6000,22.4700,22.5500,12.6929,225100
2004-02-13,22.5000,22.5900,22.3300,22.4100,12.6141,484800
2004-02-17,22.6000,22.6400,22.5100,22.6100,12.7267,207300
2004-02-18,22.5900,22.6300,22.5000,22.5800,12.7098,492700
2004-02-19,22.7300,22.8500,22.6500,22.6900,12.7717,341000
2004-02-20,22.7800,22.9100,22.7100,22.8700,12.8731,526200
2004-02-23,22.8800,23.0200,22.8500,23.0000,12.9462,809000
2004-02-24,22.9900,22.9900,22.7500,22.8600,12.8674,750000
2004-02-25,22.9000,22.9700,22.8400,22.9300,12.9068,744700
2004-02-26,22.9300,22.9800,22.8400,22.9300,12.9068,269700
2004-02-27,22.9800,23.1100,22.9000,23.0200,12.9575,341000
2004-03-01,23.1200,23.2800,23.0400,23.2800,13.1038,345600
2004-03-02,23.2100,23.2400,23.0000,23.0500,12.9744,830100
2004-03-03,23.0500,23.1800,22.9700,23.1700,13.0419,262500
2004-03-04,23.1800,23.1800,23.0400,23.1200,13.0138,134200
2004-03-05,23.0800,23.3100,23.0000,23.1300,13.0194,426100
2004-03-08,23.1600,23.2500,23.1200,23.1200,13.0138,233500
2004-03-09,23.1000,23.1800,22.9700,23.1200,13.0138,278700
2004-03-10,23.2000,23.3000,23.0200,23.0600,12.9800,730500
2004-03-11,22.8800,22.9800,22.5700,22.6200,12.7323,886700
2004-03-12,22.6100,22.6500,22.4600,22.6200,12.7323,280200
2004-03-15,22.6500,22.6500,22.3600,22.4000,12.6085,359400
2004-03-16,22.4900,22.5600,22.2700,22.4400,12.6310,600900
2004-03-17,22.5100,22.7600,22.4800,22.7100,12.7830,158500
2004-03-18,22.6000,22.8400,22.5500,22.7000,12.7774,389000
2004-03-19,22.6700,22.6800,22.5000,22.5700,12.7503,179600
2004-03-22,22.4000,22.4000,22.2000,22.2700,12.5808,355300
2004-03-23,22.3700,22.3900,22.2000,22.2300,12.5582,277900
2004-03-24,22.2500,22.3800,22.1600,22.2900,12.5921,176600
2004-03-25,22.4700,22.6300,22.3900,22.6000,12.7672,308900
2004-03-26,22.6100,22.6300,22.4700,22.4700,12.6938,101000
2004-03-29,22.6300,22.8300,22.5800,22.7400,12.8463,212300
2004-03-30,22.8000,22.8900,22.7200,22.8800,12.9254,190900
2004-03-31,22.8300,22.9200,22.6900,22.8800,12.9254,305100
2004-04-01,22.8300,22.8700,22.7300,22.7900,12.8745,360900
2004-04-02,23.0300,23.0400,22.7700,22.8200,12.8915,772900
2004-04-05,22.7800,22.9500,22.7800,22.9000,12.9367,148600
2004-04-06,22.9500,23.0500,22.8900,23.0100,12.9988,70200
2004-04-07,23.0400,23.0400,22.8800,22.9500,12.9649,87100
2004-04-08,23.0300,23.0300,22.6800,22.8300,12.8971,588400
2004-04-12,22.8300,22.9300,22.8200,22.9200,12.9480,264100
2004-04-13,22.9600,22.9600,22.6400,22.6900,12.8180,132900
2004-04-14,22.6900,22.8500,22.6000,22.8500,12.9084,534600
2004-04-15,22.9000,22.9700,22.7900,22.9200,12.9480,761800
2004-04-16,23.0400,23.1300,22.9600,23.0800,13.0384,415700
2004-04-19,23.0000,23.2000,23.0000,23.1500,13.0779,188600
2004-04-20,23.2400,23.2400,22.9700,22.9700,12.9762,720100
2004-04-21,22.9000,23.0900,22.8200,23.0200,13.0045,655500
2004-04-22,23.0400,23.2500,22.9100,23.2500,13.1344,282900
2004-04-23,23.1000,23.3100,23.0800,23.2700,13.1457,300600
2004-04-26,23.3000,23.3500,23.1400,23.2200,13.1174,142800
2004-04-27,23.2700,23.3900,23.2200,23.2800,13.1513,323600
2004-04-28,23.2600,23.2700,23.0100,23.0100,12.9988,476600
2004-04-29,23.1300,23.2200,23.0100,23.1300,13.0666,152900
2004-04-30,23.2700,23.3900,23.1600,23.1800,13.0949,589100
2004-05-03,23.3000,23.3600,23.2000,23.3200,13.1739,1041000
2004-05-04,23.3800,23.3800,23.1000,23.2200,13.1174,799500
2004-05-05,23.2200,23.2700,23.1500,23.2600,13.1400,754600
2004-05-06,23.2600,23.2600,23.0100,23.1600,13.0835,425000
2004-05-07,23.1000,23.1800,22.8600,22.9400,12.9593,374000
2004-05-10,22.7500,22.9300,22.7200,22.8300,12.8971,661800
2004-05-11,22.9000,22.9100,22.6400,22.7900,12.8745,443400
2004-05-12,22.7400,22.7400,22.3900,22.6700,12.8067,1116500
2004-05-13,22.7000,22.7400,22.5300,22.6300,12.7841,862900
2004-05-14,22.6000,22.8000,22.5200,22.7200,12.8350,983700
2004-05-17,22.5300,22.6900,22.4600,22.5700,12.7503,412400
2004-05-18,22.7000,22.7700,22.6500,22.7000,12.8237,554900
2004-05-19,22.8000,22.8400,22.5400,22.5800,12.7559,660200
2004-05-20,22.5600,22.7000,22.5100,22.6600,12.8011,1020900
2004-05-21,22.7400,22.8200,22.6300,22.6700,12.8067,142600
2004-05-24,22.7000,22.7700,22.5000,22.5800,12.7559,578500
2004-05-25,22.5800,22.8700,22.4500,22.8500,12.9084,418000
2004-05-26,22.8200,22.8800,22.7500,22.8700,12.9197,92600
2004-05-27,23.0600,23.1500,22.9500,23.1400,13.0723,762500
2004-05-28,23.1500,23.1500,23.0100,23.0500,13.0214,521400
2004-06-01,23.0500,23.0700,22.9000,23.0500,13.0214,158200
2004-06-02,23.1500,23.2700,23.0600,23.2400,13.1287,101000
2004-06-03,23.2100,23.3800,23.1900,23.1900,13.1005,1102300
2004-06-04,23.3200,23.3600,23.1700,23.2300,13.1231,206200
2004-06-07,23.3100,23.4500,23.2300,23.4300,13.2361,770700
2004-06-08,23.4300,23.5600,23.3500,23.5400,13.2982,678500
2004-06-09,23.5300,23.5600,23.4200,23.4500,13.2474,538100
2004-06-10,23.4800,23.4800,23.3500,23.4500,13.2474,146300
2004-06-14,23.4000,23.4000,23.2500,23.3300,13.1796,283700
2004-06-15,23.5000,23.5000,23.3500,23.4400,13.2417,319300
2004-06-16,23.4400,23.4500,23.3500,23.4100,13.2248,318500
2004-06-17,23.4200,23.4200,23.3000,23.3200,13.1739,161300
2004-06-18,23.1000,23.3000,23.1000,23.2300,13.1722,518500
2004-06-21,23.1300,23.3400,23.1300,23.2000,13.1552,211500
2004-06-22,23.1800,23.2700,23.0500,23.2100,13.1609,148800
2004-06-23,23.2300,23.2800,23.0400,23.2400,13.1779,308500
2004-06-24,23.1600,23.6700,23.0900,23.1500,13.1269,200900
2004-06-25,23.1300,23.1800,22.9100,22.9300,13.0021,393800
2004-06-28,22.8700,23.1200,22.8700,22.9300,13.0021,695900
2004-06-29,22.9600,23.0300,22.9300,22.9500,13.0135,706700
2004-06-30,22.9300,23.1100,22.9300,23.0900,13.0929,314700
2004-07-01,23.1400,23.1500,22.7900,22.8600,12.9624,539900
2004-07-02,22.7900,22.9900,22.7900,22.8600,12.9624,165100
2004-07-06,22.8400,22.9500,22.7900,22.8700,12.9681,705100
2004-07-07,22.8600,22.9500,22.8400,22.8900,12.9794,294000
2004-07-08,22.7800,22.9900,22.7800,22.8600,12.9624,158000
2004-07-09,22.8800,22.9500,22.8600,22.9200,12.9965,339000
2004-07-12,22.9000,22.9900,22.8100,22.9500,13.0135,354500
2004-07-13,22.9800,23.0200,22.8800,22.9800,13.0305,451900
2004-07-14,22.8600,23.1000,22.8300,22.9700,13.0248,970900
2004-07-15,23.0400,23.0400,22.7400,22.8200,12.9398,246900
2004-07-16,22.9900,23.1000,22.8000,22.8100,12.9341,601600
2004-07-19,22.8300,22.9400,22.7700,22.8200,12.9398,166600
2004-07-20,22.7400,23.0200,22.7400,22.8300,12.9454,187900
2004-07-21,22.9200,22.9200,22.5200,22.5200,12.7696,1546900
2004-07-22,22.3700,22.5200,22.3100,22.4500,12.7300,1137800
2004-07-23,22.4200,22.4200,22.0300,22.1200,12.5428,301400
2004-07-26,22.2000,22.2000,21.9500,22.0400,12.4975,128100
2004-07-27,22.1500,22.2800,22.0500,22.2700,12.6279,299800
2004-07-28,22.1900,22.3000,21.9300,22.2100,12.5939,437800
2004-07-29,22.2500,22.2500,21.8800,21.9500,12.4464,720400
2004-07-30,21.8800,21.9800,21.8300,21.9500,12.4464,416900
2004-08-02,21.8600,22.2400,21.8600,22.1700,12.5712,551400
2004-08-03,22.1200,22.1500,22.0100,22.0800,12.5202,112000
2004-08-04,21.9200,22.2200,21.9200,22.1300,12.5485,129700
2004-08-05,22.2100,22.2100,21.8300,21.8700,12.4011,238200
2004-08-06,21.7400,21.7900,21.6000,21.6000,12.2480,580700
2004-08-09,21.6800,21.7200,21.6300,21.6800,12.2933,310500
2004-08-10,21.6700,21.8600,21.6700,21.8500,12.3897,231000
2004-08-11,21.8000,22.0400,21.7500,22.0200,12.4861,201400
2004-08-12,22.1400,22.1500,21.9700,21.9700,12.4578,229300
2004-08-13,22.0800,22.1100,21.9600,22.0700,12.5145,1228200
2004-08-16,22.1200,22.2100,22.0100,22.2100,12.5939,707300
2004-08-17,22.3500,22.3500,22.1600,22.2300,12.6052,245100
2004-08-18,22.3100,22.3800,22.2300,22.3800,12.6903,414600
2004-08-19,22.4200,22.4200,22.2000,22.2700,12.6279,154800
2004-08-20,22.3000,22.3700,22.2200,22.3700,12.6846,64600
2004-08-23,22.3900,22.4000,22.2000,22.2900,12.6392,98100
2004-08-24,22.2900,22.3800,22.2700,22.3000,12.6449,44900
2004-08-25,22.1900,22.4500,22.1800,22.4300,12.7186,109600
2004-08-26,22.3400,22.4700,22.3400,22.4700,12.7413,60300
2004-08-27,22.4600,22.4900,22.4000,22.4300,12.7186,96000
2004-08-30,22.4500,22.4600,22.3200,22.3200,12.6562,57000
2004-08-31,22.2300,22.4000,22.2000,22.3400,12.6676,141000
2004-09-01,22.3200,22.4200,22.2200,22.3400,12.6676,315000
2004-09-02,22.4500,22.6100,22.3700,22.6000,12.8150,164600
2004-09-03,22.6800,22.7800,22.6700,22.7000,12.8717,70500
2004-09-07,22.7900,22.7900,22.6000,22.7000,12.8717,119700
2004-09-08,22.5500,22.6400,22.4300,22.4600,12.7356,181600
2004-09-09,22.4200,22.4700,22.3000,22.3700,12.6846,400600
2004-09-10,22.2500,22.4300,22.2100,22.3900,12.6959,208000
2004-09-13,22.3500,22.4800,22.3500,22.4100,12.7073,487200
2004-09-14,22.4500,22.4700,22.3300,22.4200,12.7129,273400
2004-09-15,22.3500,22.3500,22.1400,22.2000,12.5882,279100
2004-09-16,22.2100,22.2300,22.0400,22.0800,12.5202,641400
2004-09-17,22.0700,22.1800,22.0000,22.0900,12.5788,150500
2004-09-20,21.8000,21.8300,21.6500,21.7200,12.3681,736100
2004-09-21,21.6600,21.7200,21.5900,21.6400,12.3226,525100
2004-09-22,21.6500,21.6500,21.4200,21.4700,12.2257,493200
2004-09-23,21.5500,21.6200,21.4700,21.5500,12.2713,2347300
2004-09-24,21.5700,21.5800,21.4800,21.5300,12.2599,428300
2004-09-27,21.4600,21.5500,21.4100,21.4400,12.2087,621300
2004-09-28,21.5500,21.5600,21.4100,21.5500,12.2713,735500
2004-09-29,21.5400,21.6300,21.3600,21.6100,12.3055,928100
2004-09-30,21.6100,21.6900,21.6000,21.6600,12.3339,715300
2004-10-01,21.6600,21.9400,21.6600,21.8800,12.4592,582500
2004-10-04,21.9500,22.0000,21.8100,21.8300,12.4307,396200
2004-10-05,21.8200,21.9100,21.7800,21.8300,12.4307,736200
2004-10-06,21.7800,21.9300,21.7800,21.9300,12.4877,698400
2004-10-07,21.9900,22.0000,21.7500,21.7600,12.3909,498100
2004-10-08,21.7000,21.7800,21.5600,21.6100,12.3055,219400
2004-10-11,21.5600,21.6300,21.5600,21.6000,12.2998,173900
2004-10-12,21.5000,21.5800,21.4800,21.5400,12.2656,257700
2004-10-13,21.5200,21.6200,21.4100,21.4500,12.2144,597300
2004-10-14,21.4800,21.5300,21.3700,21.3700,12.1688,697500
2004-10-15,21.4500,21.6300,21.4500,21.5100,12.2485,2318500
2004-10-18,21.4600,21.6100,21.4400,21.5900,12.2941,1275800
2004-10-19,21.6100,21.6500,21.4600,21.4600,12.2201,202700
2004-10-20,21.4200,21.5200,21.3700,21.5200,12.2542,353700
2004-10-21,21.4500,21.6000,21.4000,21.5200,12.2542,356100
2004-10-22,21.6600,21.6800,21.3800,21.3800,12.1745,382300
2004-10-25,21.4900,21.4900,21.2000,21.2600,12.1062,486300
2004-10-26,21.2000,21.5400,21.1800,21.4900,12.2371,893800
2004-10-27,21.3700,21.7200,21.3400,21.7200,12.3681,405800
2004-10-28,21.6100,21.9000,21.6100,21.8200,12.4251,492500
2004-10-29,21.8200,21.8900,21.7400,21.8000,12.4137,714100
2004-11-01,21.8100,21.8400,21.7000,21.7500,12.3852,202900
2004-11-02,21.7800,22.0500,21.7500,21.8900,12.4649,1323100
2004-11-03,22.1000,22.1100,21.9700,22.0600,12.5617,366600
2004-11-04,22.0500,22.6500,22.0500,22.6500,12.8977,234800
2004-11-05,22.7900,22.8200,22.6500,22.7500,12.9546,751500
2004-11-08,22.7000,22.7700,22.6300,22.7100,12.9319,1681800
2004-11-09,22.7400,22.7700,22.6100,22.7000,12.9262,132900
2004-11-10,22.7000,22.8600,22.6700,22.7300,12.9432,345800
2004-11-11,22.7300,22.9000,22.7000,22.9000,13.0400,568300
2004-11-12,22.9100,22.9900,22.8100,22.9700,13.0799,274100
2004-11-15,22.9700,23.0600,22.9100,23.0400,13.1198,607700
2004-11-16,22.8200,22.9500,22.8200,22.8900,13.0343,258100
2004-11-17,22.9400,23.0400,22.8500,22.9100,13.0457,469800
2004-11-18,22.8500,22.9900,22.8500,22.9000,13.0400,577400
2004-11-19,22.8500,22.8500,22.6100,22.6500,12.8977,1000400
2004-11-22,22.6000,22.8100,22.5900,22.8000,12.9831,248100
2004-11-23,22.7500,22.7600,22.5900,22.7500,12.9546,459700
2004-11-24,22.7500,22.8100,22.6800,22.7400,12.9489,186600
2004-11-26,22.6900,22.8100,22.6900,22.7400,12.9489,73500
2004-11-29,22.6800,22.6800,22.4500,22.5100,12.8180,442300
2004-11-30,22.5300,22.5300,22.3300,22.3400,12.7212,557300
2004-12-01,22.3500,22.6900,22.3500,22.6400,12.8920,626400
2004-12-02,22.5600,22.8900,22.5400,22.8500,13.0116,2301600
2004-12-03,22.8100,22.9700,22.7500,22.8100,12.9888,5691900
2004-12-06,22.8500,22.8500,22.6200,22.6600,12.9034,152500
2004-12-07,22.5600,22.7400,22.5400,22.6000,12.8692,346100
2004-12-08,22.5100,22.6600,22.4700,22.6100,12.8749,204300
2004-12-09,22.6900,22.9200,22.5500,22.8700,13.0230,345900
2004-12-10,22.7700,22.9600,22.7600,22.9100,13.0457,185400
2004-12-13,22.9100,23.0000,22.8000,22.9600,13.0742,2296700
2004-12-14,23.0200,23.2100,22.9400,23.1700,13.1938,305900
2004-12-15,23.1800,23.2000,22.9700,23.1600,13.1881,323500
2004-12-16,23.0100,23.2900,23.0000,23.1000,13.1539,538500
2004-12-17,23.0900,23.1000,22.7800,22.8300,13.0539,1798800
2004-12-20,23.0300,23.0400,22.7600,22.8400,13.0596,476400
2004-12-21,22.8400,23.0000,22.8200,23.0000,13.1511,175900
2004-12-22,23.0300,23.1300,22.9500,23.0900,13.2025,197800
2004-12-23,23.0100,23.1300,23.0000,23.0400,13.1739,200600
2004-12-27,23.1500,23.1600,22.9300,23.0200,13.1625,202900
2004-12-28,23.0800,23.1700,23.0300,23.1600,13.2426,469100
2004-12-29,23.1600,23.1600,23.0500,23.1100,13.2140,172200
2004-12-30,23.2500,23.2500,23.1300,23.1600,13.2426,111200
2004-12-31,23.1800,23.1900,23.0800,23.0800,13.1968,226200
2005-01-03,23.3000,23.4100,23.0200,23.0800,13.1968,813900
2005-01-04,23.0100,23.1800,22.8700,23.0000,13.1511,2075600
2005-01-05,23.0000,23.0300,22.8800,22.8800,13.0825,1772000
2005-01-06,22.9800,23.0700,22.8300,22.9900,13.1453,594900
2005-01-07,23.1000,23.1700,22.9800,23.1000,13.2082,325800
2005-01-10,23.2000,23.3400,23.0500,23.2400,13.2883,357500
2005-01-11,23.1000,23.2300,23.0800,23.1400,13.2311,639100
2005-01-12,23.2000,23.2500,23.0300,23.2100,13.2711,586700
2005-01-13,23.3000,23.3000,23.0000,23.0600,13.1854,358800
2005-01-14,23.1500,23.2000,23.0500,23.1900,13.2597,253000
2005-01-18,22.9600,23.4300,22.9600,23.4300,13.3969,759600
2005-01-19,23.4900,23.5200,23.3900,23.3900,13.3741,567200
2005-01-20,23.3000,23.4400,23.2900,23.3700,13.3626,1052900
2005-01-21,23.4500,23.4500,23.1300,23.1700,13.2483,909900
2005-01-24,23.2200,23.2200,23.0600,23.0800,13.1968,415700
2005-01-25,23.2500,23.2600,23.1500,23.1700,13.2483,1014000
2005-01-26,23.2700,23.2900,23.1400,23.1500,13.2368,621300
2005-01-27,23.1000,23.3000,23.0600,23.2800,13.3112,212600
2005-01-28,23.2800,23.3400,23.1500,23.2900,13.3169,1183000
2005-01-31,23.5200,23.5200,23.2600,23.3500,13.3512,867100
2005-02-01,23.4000,23.4000,23.2400,23.3600,13.3569,1059900
2005-02-02,23.3700,23.5500,23.3500,23.5500,13.4656,423600
2005-02-03,23.5500,23.5700,23.4700,23.5100,13.4427,599100
2005-02-04,23.5900,23.6900,23.5100,23.6400,13.5170,951200
2005-02-07,23.6000,23.6900,23.5900,23.5900,13.4884,1953800
2005-02-08,23.7300,23.7300,23.5400,23.6200,13.5056,1028200
2005-02-09,23.4800,23.6000,23.3800,23.4100,13.3855,473500
2005-02-10,23.4900,23.4900,23.3300,23.4000,13.3798,591400
2005-02-11,23.4700,23.5800,23.3500,23.5400,13.4598,411500
2005-02-14,23.6300,23.6300,23.4900,23.5500,13.4656,348500
2005-02-15,23.6200,23.8000,23.5300,23.5900,13.4884,1124800
2005-02-16,23.7000,23.7000,23.6000,23.6500,13.5227,567600
2005-02-17,23.7000,23.7000,23.4700,23.5000,13.4370,216300
2005-02-18,23.4200,23.5100,23.4000,23.4700,13.4198,465000
2005-02-22,23.4700,23.4700,23.1000,23.1200,13.2197,449400
2005-02-23,23.2500,23.2500,23.0600,23.1800,13.2540,1091800
2005-02-24,23.2500,23.3000,23.0800,23.2900,13.3169,839200
2005-02-25,23.3500,23.3900,23.2200,23.3700,13.3626,432500
2005-02-28,23.5000,23.5000,23.2800,23.3200,13.3340,985000
2005-03-01,23.4400,23.5600,23.4200,23.5100,13.4427,438100
2005-03-02,23.3700,23.5900,23.3700,23.4500,13.4084,409200
2005-03-03,23.6400,23.6900,23.5300,23.6100,13.4999,283600
2005-03-04,23.8000,23.8000,23.6800,23.7300,13.5685,2885400
2005-03-07,23.7300,23.7700,23.6300,23.6600,13.5284,289100
2005-03-08,23.7100,23.7100,23.5000,23.5500,13.4656,253200
2005-03-09,23.5500,23.5500,23.3100,23.3800,13.3683,244100
2005-03-10,23.3300,23.5300,23.3200,23.4300,13.3969,596200
2005-03-11,23.3100,23.4600,23.2000,23.2500,13.2940,2529400
2005-03-14,23.3400,23.3700,23.2500,23.3200,13.3340,386500
2005-03-15,23.4500,23.4500,23.1800,23.1800,13.2540,250500
2005-03-16,23.0700,23.2000,23.0200,23.1200,13.2197,482800
2005-03-17,23.2000,23.2300,23.0300,23.2000,13.2654,185500
2005-03-18,23.0200,23.2000,22.9500,23.0300,13.2229,402100
2005-03-21,23.1200,23.1200,22.8800,22.9000,13.1483,353200
2005-03-22,23.0000,23.0000,22.7700,22.7700,13.0737,727400
2005-03-23,22.7500,22.9900,22.6500,22.9200,13.1598,465800
2005-03-24,23.0000,23.0000,22.8700,22.9100,13.1540,396700
2005-03-28,22.9500,23.0300,22.8500,22.9300,13.1655,325000
2005-03-29,22.8500,23.0100,22.8300,22.8800,13.1368,673400
2005-03-30,22.9900,23.2000,22.9500,23.1800,13.3091,2248800
2005-03-31,23.1600,23.1600,23.0000,23.0200,13.2172,264300
2005-04-01,23.2000,23.2000,22.7400,22.8000,13.0909,2099100
2005-04-04,22.9500,22.9700,22.7800,22.9300,13.1655,511900
2005-04-05,22.9600,23.1200,22.9400,23.1000,13.2631,240400
2005-04-06,23.1700,23.1700,23.0100,23.0400,13.2287,265200
2005-04-07,23.1300,23.2000,22.9800,23.2000,13.3205,1957700
2005-04-08,23.2200,23.2200,23.0600,23.0900,13.2574,210000
2005-04-11,23.2000,23.2000,23.0600,23.1500,13.2918,166600
2005-04-12,23.1500,23.2700,22.9400,23.2400,13.3435,452100
2005-04-13,23.2500,23.2700,23.0000,23.1300,13.2803,672600
2005-04-14,23.2500,23.2500,23.0500,23.0800,13.2516,642100
2005-04-15,23.1000,23.1000,22.8000,22.8600,13.1253,518800
2005-04-18,22.9000,22.9500,22.6500,22.7100,13.0392,1227800
2005-04-19,22.9000,22.9000,22.6600,22.7700,13.0737,802900
2005-04-20,22.8200,22.8400,22.4600,22.4800,12.9072,1104100
2005-04-21,22.7200,22.8700,22.6300,22.8600,13.1253,939800
2005-04-22,22.8400,22.8500,22.5100,22.6200,12.9875,438200
2005-04-25,22.7400,22.8600,22.6600,22.8600,13.1253,568000
2005-04-26,22.7000,22.8500,22.6800,22.6900,13.0277,370100
2005-04-27,22.7000,22.8200,22.4900,22.7700,13.0737,840700
2005-04-28,22.8200,22.9200,22.6300,22.7200,13.0449,3187700
2005-04-29,22.6400,22.8000,22.4700,22.7800,13.0794,2003700
2005-05-02,22.8700,22.9700,22.8100,22.9500,13.1770,212400
2005-05-03,22.9800,23.1400,22.9000,23.0500,13.2344,520100
2005-05-04,23.1500,23.2400,23.0800,23.2000,13.3205,662200
2005-05-05,23.2400,23.2800,23.0500,23.1600,13.2976,1124000
2005-05-06,23.3400,23.3400,23.0700,23.0700,13.2459,1518900
2005-05-09,23.1700,23.2600,23.0900,23.2100,13.3263,435900
2005-05-10,23.2200,23.2200,23.0000,23.0800,13.2516,895500
2005-05-11,23.1800,23.1800,22.9100,23.1600,13.2976,1590500
2005-05-12,22.9500,23.1900,22.9500,23.0500,13.2344,497300
2005-05-13,23.0800,23.0800,22.7400,22.8500,13.1196,343100
2005-05-16,22.9500,23.1000,22.9200,23.0700,13.2459,781500
2005-05-17,23.0300,23.2100,23.0000,23.1900,13.3148,270500
2005-05-18,23.3200,23.4600,23.2500,23.4100,13.4411,726400
2005-05-19,23.4600,23.5500,23.3900,23.5500,13.5215,308800
2005-05-20,23.5500,23.5600,23.4000,23.5200,13.5043,384100
2005-05-23,23.6000,23.6500,23.5000,23.5600,13.5272,507500
2005-05-24,23.5600,23.5600,23.4300,23.5200,13.5043,2247200
2005-05-25,23.5000,23.5000,23.3300,23.4400,13.4583,388700
2005-05-26,23.5300,23.5300,23.4200,23.4600,13.4698,290300
2005-05-27,23.5500,23.5600,23.2900,23.3900,13.4296,319900
2005-05-31,23.4800,23.4800,23.2600,23.3100,13.3837,424400
2005-06-01,23.3000,23.5100,23.2600,23.4700,13.4756,455500
2005-06-02,23.5000,23.5500,23.3800,23.5300,13.5100,328800
2005-06-03,23.5300,23.5300,23.2800,23.3400,13.4009,503800
2005-06-06,23.3700,23.3700,23.2700,23.3500,13.4067,739500
2005-06-07,23.3400,23.5700,23.3400,23.4400,13.4583,511400
2005-06-08,23.4000,23.5100,23.3500,23.3800,13.4239,181000
2005-06-09,23.3800,23.4600,23.3100,23.3900,13.4296,659500
2005-06-10,23.4300,23.4600,23.2500,23.3700,13.4182,599600
2005-06-13,23.4500,23.5000,23.2800,23.4500,13.4641,636100
2005-06-14,23.3800,23.4900,23.3200,23.4100,13.4411,220700
2005-06-15,23.4300,23.4800,23.2800,23.4200,13.4469,283000
2005-06-16,23.4500,23.4500,23.3400,23.3500,13.4067,371200
2005-06-17,23.3200,23.4100,23.2600,23.3000,13.4424,820900
2005-06-20,23.3000,23.3300,23.1800,23.2900,13.4367,644800
2005-06-21,23.3000,23.3400,23.2100,23.2400,13.4078,750500
2005-06-22,23.3600,23.3700,23.1900,23.2600,13.4194,859200
2005-06-23,23.2500,23.2500,22.9500,22.9700,13.2520,2179300
2005-06-24,22.9100,22.9600,22.7200,22.7400,13.1194,328900
2005-06-27,22.7700,22.7900,22.6700,22.7200,13.1078,629400
2005-06-28,22.8100,23.0300,22.8000,23.0100,13.2751,1095000
2005-06-29,23.0300,23.0600,22.9100,22.9500,13.2405,551900
2005-06-30,22.9100,22.9900,22.7300,22.7500,13.1251,503100
2005-07-01,22.8500,22.9000,22.7600,22.8300,13.1713,428700
2005-07-05,22.7900,23.0100,22.7800,22.9600,13.2463,864100
2005-07-06,23.0000,23.0000,22.7300,22.7400,13.1194,1169000
2005-07-07,22.6500,22.7300,22.5500,22.7000,13.0963,510500
2005-07-08,22.7000,23.0200,22.6600,23.0000,13.2694,380300
2005-07-11,23.0800,23.1500,23.0000,23.1300,13.3444,888100
2005-07-12,23.1400,23.2400,23.1300,23.1500,13.3559,287200
2005-07-13,23.1800,23.2600,23.1200,23.2400,13.4078,310700
2005-07-14,23.3600,23.4800,23.3300,23.3700,13.4828,564300
2005-07-15,23.3700,23.3900,23.3000,23.3600,13.4770,259200
2005-07-18,23.3200,23.4200,23.2500,23.2500,13.4136,1033500
2005-07-19,23.3100,23.3800,23.2100,23.2100,13.3905,1161500
2005-07-20,23.0500,23.3300,23.0500,23.3000,13.4424,632300
2005-07-21,23.3000,23.3500,23.1700,23.2100,13.3905,1640100
2005-07-22,23.2500,23.3500,23.1800,23.2800,13.4309,2361400
2005-07-25,23.3900,23.3900,23.2000,23.2000,13.3847,552400
2005-07-26,23.2500,23.4000,23.2500,23.3200,13.4540,507400
2005-07-27,23.4000,23.4300,23.3300,23.3800,13.4886,678100
2005-07-28,23.4300,23.6300,23.3400,23.5800,13.6040,1786200
2005-07-29,23.5800,23.6200,23.4700,23.4800,13.5463,1326100
2005-08-01,23.5100,23.5100,23.3300,23.3600,13.4770,916400
2005-08-02,23.3500,23.4900,23.3500,23.4400,13.5232,404600
2005-08-03,23.4800,23.4900,23.3600,23.4900,13.5520,3065000
2005-08-04,23.3800,23.4200,23.2400,23.2900,13.4367,479900
2005-08-05,23.2300,23.2500,23.1200,23.1400,13.3501,1371300
2005-08-08,23.1200,23.2000,23.0700,23.1000,13.3271,807900
2005-08-09,23.1700,23.2100,23.0800,23.1400,13.3501,806400
2005-08-10,23.2400,23.3800,23.0600,23.1000,13.3271,2009700
2005-08-11,23.1500,23.2000,23.0200,23.1600,13.3617,1102400
2005-08-12,23.1200,23.1500,22.9900,23.0800,13.3155,1271600
2005-08-15,23.0400,23.2400,23.0400,23.1900,13.3790,1384600
2005-08-16,23.1200,23.1600,22.9500,22.9600,13.2463,2445700
2005-08-17,22.8600,23.0100,22.8600,22.9500,13.2405,1438000
2005-08-18,22.9000,23.2800,22.9000,23.2100,13.3905,1489300
2005-08-19,23.1700,23.2800,23.1700,23.1800,13.3732,1737600
2005-08-22,23.1500,23.3800,23.1400,23.2500,13.4136,1082600
2005-08-23,23.2500,23.2700,23.1600,23.1900,13.3790,1114700
2005-08-24,23.1300,23.2200,22.9700,22.9800,13.2578,1031200
2005-08-25,23.0400,23.2000,22.9400,23.0100,13.2751,434500
2005-08-26,22.9700,23.2200,22.9000,22.9500,13.2405,229400
2005-08-29,22.9000,23.1500,22.8400,23.1100,13.3328,271600
2005-08-30,23.0700,23.0700,22.8100,22.9900,13.2636,729800
2005-08-31,22.9400,23.1000,22.8300,23.0700,13.3097,391200
2005-09-01,23.1300,23.1900,23.0100,23.0400,13.2924,421500
2005-09-02,23.0500,23.2000,23.0300,23.0800,13.3155,873300
2005-09-06,23.1200,23.3600,23.1200,23.3300,13.4597,636300
2005-09-07,23.3300,23.3600,23.2100,23.3500,13.4713,3038100
2005-09-08,23.4000,23.4000,23.1600,23.2600,13.4194,1408900
2005-09-09,23.2000,23.4600,23.1500,23.3600,13.4770,2431600
2005-09-12,23.3000,23.4300,23.3000,23.4100,13.5059,827100
2005-09-13,23.2500,23.3000,23.1300,23.1900,13.3790,1381000
2005-09-14,23.1900,23.2000,23.0200,23.0400,13.2924,1794500
2005-09-15,23.1300,23.1500,23.0300,23.1300,13.3444,990300
2005-09-16,23.2000,23.2000,23.0300,23.0800,13.3820,1479300
2005-09-19,23.1200,23.2000,22.8900,22.9400,13.3009,2017400
2005-09-20,22.9400,23.0900,22.7500,22.8000,13.2197,987100
2005-09-21,22.6600,22.6600,22.5000,22.5200,13.0574,1848300
2005-09-22,22.4000,22.7000,22.4000,22.6900,13.1559,912500
2005-09-23,22.6000,22.8000,22.6000,22.7300,13.1791,971500
2005-09-26,22.8700,22.8700,22.6000,22.6500,13.1327,1083100
2005-09-27,22.6400,22.9400,22.6400,22.8900,13.2719,847300
2005-09-28,22.8500,23.1000,22.8500,22.9200,13.2893,1363600
2005-09-29,22.8000,23.1300,22.8000,23.1200,13.4052,2294300
2005-09-30,23.0800,23.2800,23.0200,23.2800,13.4980,830200
2005-10-03,23.2000,23.3500,23.2000,23.2500,13.4806,977200
2005-10-04,23.3100,23.3400,23.1500,23.1500,13.4226,702400
2005-10-05,23.2000,23.2000,22.9600,22.9900,13.3299,1138700
2005-10-06,22.9500,23.1300,22.7200,22.8600,13.2545,1163100
2005-10-07,22.8600,22.9300,22.7700,22.8400,13.2429,1034200
2005-10-10,22.9500,22.9700,22.7400,22.7600,13.1965,769900
2005-10-11,22.7500,22.9000,22.7500,22.7600,13.1965,755700
2005-10-12,22.7600,22.8300,22.6000,22.6800,13.1501,1411400
2005-10-13,22.6800,22.6900,22.5200,22.6200,13.1153,1125500
2005-10-14,22.6500,22.8000,22.5500,22.7500,13.1907,818700
2005-10-17,22.6500,23.0200,22.6000,23.0000,13.3357,2232100
2005-10-18,22.9500,22.9600,22.8300,22.8300,13.2371,1156000
2005-10-19,22.7200,23.0800,22.7100,23.0700,13.3763,1571900
2005-10-20,23.1900,23.2000,22.8100,22.8900,13.2719,913300
2005-10-21,22.9500,22.9900,22.7700,22.8700,13.2603,643600
2005-10-24,22.8500,23.0900,22.8500,23.0700,13.3763,856900
2005-10-25,22.9500,23.0400,22.8500,22.9900,13.3299,225400
2005-10-26,23.1000,23.1200,22.8900,22.9200,13.2893,1013300
2005-10-27,22.8700,22.8700,22.6800,22.7000,13.1617,1063600
2005-10-28,22.8000,23.1100,22.8000,23.0800,13.3820,635600
2005-10-31,23.2000,23.2800,23.0900,23.1700,13.4342,1661000
2005-11-01,23.3300,23.3300,23.0300,23.0400,13.3589,603800
2005-11-02,23.0300,23.1300,22.9600,23.1000,13.3936,1015300
2005-11-03,23.2700,23.3600,23.1300,23.1900,13.4458,680100
2005-11-04,23.2300,23.2500,23.0900,23.1800,13.4400,374100
2005-11-07,23.2900,23.2900,23.1000,23.2300,13.4690,1065100
2005-11-08,23.0600,23.2100,23.0600,23.1600,13.4284,660900
2005-11-09,23.1200,23.3100,23.1000,23.2000,13.4516,695500
2005-11-10,23.2000,23.5300,23.2000,23.4700,13.6082,1720200
2005-11-11,23.4900,23.5200,23.4100,23.5000,13.6256,355200
2005-11-14,23.5000,23.5200,23.3900,23.4100,13.5734,988100
2005-11-15,23.3200,23.4200,23.2500,23.2900,13.5038,690800
2005-11-16,23.2900,23.3600,23.2400,23.3500,13.5386,1767000
2005-11-17,23.3900,23.3900,23.2700,23.3400,13.5328,536400
2005-11-18,23.4900,23.4900,23.2500,23.4000,13.5676,602600
2005-11-21,23.3700,23.4900,23.3500,23.4300,13.5850,780200
2005-11-22,23.4300,23.6000,23.4300,23.5900,13.6778,1184800
2005-11-23,23.6000,23.7000,23.5500,23.6800,13.7299,1633000
2005-11-25,23.7500,23.7800,23.6900,23.7000,13.7415,92000
2005-11-28,23.6400,23.7200,23.5700,23.5900,13.6778,504900
2005-11-29,23.6800,23.7300,23.5600,23.5700,13.6662,887100
2005-11-30,23.6000,23.7000,23.3800,23.3800,13.5560,1106800
2005-12-01,23.6000,23.6000,23.4200,23.5400,13.6488,805000
2005-12-02,23.3800,23.5600,23.3800,23.5300,13.6430,495900
2005-12-05,23.4300,23.5000,23.3900,23.4400,13.5908,1266300
2005-12-06,23.4200,23.5600,23.4000,23.4200,13.5792,1036600
2005-12-07,23.5000,23.5000,23.2900,23.3600,13.5444,1170900
2005-12-08,23.4000,23.4600,23.2500,23.3200,13.5212,660800
2005-12-09,23.4500,23.4500,23.3300,23.3600,13.5444,1264400
2005-12-12,23.3900,23.5200,23.3700,23.4100,13.5734,924800
2005-12-13,23.4000,23.7700,23.4000,23.7000,13.7415,1959500
2005-12-14,23.6900,23.9600,23.6500,23.9000,13.8575,1652000
2005-12-15,23.8000,24.0300,23.8000,23.9400,13.8807,1622300
2005-12-16,23.8200,23.9800,23.7900,23.8000,13.8690,1228600
2005-12-19,23.7100,23.8800,23.7100,23.7600,13.8457,749700
2005-12-20,23.6800,23.7500,23.5800,23.6200,13.7641,873200
2005-12-21,23.8000,23.8000,23.6300,23.6900,13.8049,1353700
2005-12-22,23.6600,23.7200,23.5900,23.7100,13.8166,1340600
2005-12-23,23.7100,23.7100,23.6500,23.6700,13.7933,318000
2005-12-27,23.7000,23.7100,23.4600,23.5100,13.7000,852900
2005-12-28,23.5900,23.6000,23.5100,23.5400,13.7175,754400
2005-12-29,23.4600,23.5700,23.4300,23.4800,13.6826,735100
2005-12-30,23.3800,23.4600,23.2900,23.2900,13.5718,277900
2006-01-03,23.3100,23.4700,23.1800,23.4400,13.6593,1372800
2006-01-04,23.4500,23.5300,23.4500,23.5200,13.7059,1124300
2006-01-05,23.5400,23.5700,23.3700,23.4000,13.6359,1806300
2006-01-06,23.4900,23.5100,23.3500,23.5000,13.6942,1131600
2006-01-09,23.4700,23.6300,23.4500,23.6100,13.7583,1714100
2006-01-10,23.5500,23.5800,23.4700,23.5500,13.7233,1144600
2006-01-11,23.5000,23.5900,23.4900,23.5700,13.7350,722700
2006-01-12,23.4800,23.5800,23.4500,23.5100,13.7000,1491000
2006-01-13,23.5000,23.6000,23.4400,23.4800,13.6826,1385600
2006-01-17,23.3000,23.4300,23.3000,23.3900,13.6301,788800
2006-01-18,23.3600,23.5000,23.3500,23.4900,13.6884,1169200
2006-01-19,23.3800,23.5400,23.3800,23.5100,13.7000,1162400
2006-01-20,23.5500,23.5500,23.1700,23.1700,13.5019,8322800
2006-01-23,23.2200,23.3000,23.1600,23.1900,13.5136,1426300
2006-01-24,23.3100,23.3200,23.1900,23.2700,13.5602,1194900
2006-01-25,23.3100,23.3200,23.2100,23.2900,13.5718,1130900
2006-01-26,23.3500,23.4700,23.2900,23.3400,13.6010,1229300
2006-01-27,23.4400,23.5500,23.3100,23.5300,13.7117,1052000
2006-01-30,23.4000,23.5700,23.4000,23.4400,13.6593,766200
2006-01-31,23.3800,23.4200,23.2600,23.3300,13.5951,945800
2006-02-01,23.2600,23.4400,23.2600,23.3900,13.6301,1696000
2006-02-02,23.4800,23.5000,23.2900,23.3800,13.6243,2180800
2006-02-03,23.1600,23.3400,23.1600,23.2300,13.5369,1563800
2006-02-06,23.1500,23.2800,23.1300,23.1800,13.5077,1004800
2006-02-07,23.1600,23.1900,23.0300,23.0700,13.4436,1043600
2006-02-08,23.0100,23.2300,23.0100,23.1700,13.5019,1782700
2006-02-09,23.1900,23.3200,23.1200,23.2400,13.5427,1260300
2006-02-10,23.1800,23.2900,23.1200,23.2100,13.5252,515700
2006-02-13,23.2100,23.2800,23.0600,23.1800,13.5077,724300
2006-02-14,23.1700,23.4700,23.1700,23.4700,13.6767,793900
2006-02-15,23.3700,23.6200,23.3700,23.6200,13.7641,1513200
2006-02-16,23.5000,23.7300,23.5000,23.7300,13.8282,826200
2006-02-17,23.6500,23.7500,23.6200,23.6300,13.7700,703500
2006-02-21,23.6300,23.6900,23.5100,23.6000,13.7525,1126200
2006-02-22,23.6100,23.8100,23.6100,23.7900,13.8632,1692500
2006-02-23,23.8300,23.8800,23.7100,23.8000,13.8690,1307200
2006-02-24,23.7000,23.7700,23.6400,23.6800,13.7991,486200
2006-02-27,23.9000,23.9000,23.7400,23.8500,13.8982,736500
2006-02-28,23.9000,23.9000,23.5200,23.5300,13.7117,1044800
2006-03-01,23.6500,23.6500,23.5300,23.6200,13.7641,454800
2006-03-02,23.6000,23.6200,23.4400,23.4900,13.6884,763500
2006-03-03,23.4600,23.7100,23.4500,23.5500,13.7233,1047000
2006-03-06,23.5200,23.5900,23.4500,23.4700,13.6767,1464300
2006-03-07,23.4900,23.6400,23.4800,23.6300,13.7700,2089000
2006-03-08,23.5400,23.9000,23.5000,23.8900,13.9215,2036100
2006-03-09,23.8800,24.0300,23.8600,23.9300,13.9448,2680800
2006-03-10,23.9800,24.4900,23.9600,24.1500,14.0730,2637700
2006-03-13,24.1200,24.2500,24.0900,24.1700,14.0846,1294300
2006-03-14,23.6700,24.1600,23.6700,24.1100,14.0497,1859000
2006-03-15,24.0900,24.1800,23.9200,24.0200,13.9972,1268000
2006-03-16,24.0600,24.1100,24.0000,24.1000,14.0439,1419900
2006-03-17,24.0800,24.0900,23.9200,23.9600,14.0357,983100
2006-03-20,24.1400,24.1500,23.9600,24.1000,14.1177,1038100
2006-03-21,24.0500,24.1700,23.9300,23.9400,14.0239,1600600
2006-03-22,24.0100,24.1600,23.9500,24.1600,14.1528,1350200
2006-03-23,24.0500,24.4000,23.9800,23.9800,14.0474,2017400
2006-03-24,24.0500,24.0700,23.8800,23.9800,14.0474,1189900
2006-03-27,23.9700,24.0300,23.8900,23.9000,14.0005,952800
2006-03-28,23.8400,23.9200,23.7100,23.7100,13.8892,1222900
2006-03-29,23.8200,23.8900,23.6700,23.8800,13.9888,608200
2006-03-30,23.8100,23.8800,23.6000,23.6900,13.8775,1429900
2006-03-31,23.7400,23.7900,23.5800,23.6000,13.8248,535800
2006-04-03,23.7500,23.7700,23.6300,23.6800,13.8716,1250100
2006-04-04,23.6100,23.7400,23.6000,23.6600,13.8599,1517500
2006-04-05,23.6400,23.7600,23.6200,23.7100,13.8892,1118600
2006-04-06,23.6100,23.7400,23.6000,23.6200,13.8365,1286900
2006-04-07,23.6100,23.7500,23.4100,23.4100,13.7135,2276400
2006-04-10,23.4700,23.5500,23.3900,23.4400,13.7310,895900
2006-04-11,23.4800,23.5000,23.1900,23.2200,13.6022,944300
2006-04-12,23.2200,23.3600,23.2000,23.3000,13.6490,1419300
2006-04-13,23.2000,23.3700,23.2000,23.2600,13.6256,705100
2006-04-17,23.3300,23.3300,23.0800,23.1300,13.5494,552700
2006-04-18,23.1300,23.3800,23.1300,23.3500,13.6783,1128600
2006-04-19,23.2900,23.4100,23.2800,23.3800,13.6959,1313400
2006-04-20,23.3000,23.5400,23.2800,23.4200,13.7193,845000
2006-04-21,23.4200,23.5600,23.3300,23.4200,13.7193,762200
2006-04-24,23.4100,23.5300,23.3200,23.5200,13.7779,933800
2006-04-25,23.5300,23.6100,23.4700,23.5200,13.7779,986400
2006-04-26,23.5000,23.7500,23.5000,23.7400,13.9068,450400
2006-04-27,23.6300,23.8800,23.4200,23.7700,13.9244,601000
2006-04-28,23.7100,23.8400,23.6900,23.8300,13.9595,1265800
2006-05-01,23.8900,24.0000,23.7900,23.8200,13.9536,738600
2006-05-02,23.8500,23.9900,23.7600,23.9600,14.0357,1027800
2006-05-03,23.7300,23.8200,23.6500,23.8000,13.9419,542800
2006-05-04,23.7300,23.9000,23.7300,23.8400,13.9654,568700
2006-05-05,23.8800,24.1000,23.8200,24.0600,14.0942,685600
2006-05-08,24.0600,24.2000,24.0200,24.1900,14.1704,649600
2006-05-09,24.1600,24.2600,24.1600,24.2600,14.2114,761200
2006-05-10,24.1700,24.2300,24.1200,24.1600,14.1528,373600
2006-05-11,24.0900,24.0900,23.8300,23.8600,13.9771,1816400
2006-05-12,23.7500,23.9300,23.6400,23.6700,13.8658,1861500
2006-05-15,23.6000,23.9500,23.5600,23.9300,14.0181,926900
2006-05-16,23.9800,24.0800,23.9400,24.0200,14.0708,2268400
2006-05-17,23.8500,23.9800,23.6900,23.7200,13.8951,2725100
2006-05-18,23.7000,23.8100,23.5700,23.6000,13.8248,982000
2006-05-19,23.6500,23.6800,23.4800,23.6200,13.8365,888500
2006-05-22,23.6500,23.7700,23.5000,23.6900,13.8775,1843300
2006-05-23,23.8500,23.8700,23.6700,23.6800,13.8716,740400
2006-05-24,23.6500,23.9300,23.6000,23.8600,13.9771,1785200
2006-05-25,24.0500,24.1000,23.9000,24.0900,14.1118,1404100
2006-05-26,24.2300,24.2300,24.0400,24.0900,14.1118,3487700
2006-05-30,24.1500,24.1500,23.7600,23.7900,13.9361,1479000
2006-05-31,23.8100,23.9300,23.7000,23.8800,13.9888,728700
2006-06-01,23.8800,24.0100,23.8500,24.0100,14.0649,680700
2006-06-02,24.0700,24.0900,23.8400,23.9600,14.0357,1794300
2006-06-05,24.0500,24.0500,23.6100,23.6200,13.8365,870100
2006-06-06,23.6000,23.7400,23.5000,23.6900,13.8775,2695900
2006-06-07,23.7400,23.9100,23.6300,23.6800,13.8716,2101200
2006-06-08,23.6800,23.8100,23.5100,23.7600,13.9185,2283100
2006-06-09,23.9000,23.9000,23.7100,23.7800,13.9302,2168800
2006-06-12,23.7400,23.9000,23.6400,23.6400,13.8482,2327700
2006-06-13,23.7400,23.7800,23.5400,23.5600,13.8013,1350600
2006-06-14,23.4300,23.6700,23.4300,23.6600,13.8599,1369900
2006-06-15,23.7500,23.8800,23.5900,23.8500,13.9712,1259000
2006-06-16,23.7400,23.8200,23.6900,23.7500,13.9871,1392600
2006-06-19,23.7400,23.9300,23.5900,23.6600,13.9341,1478300
2006-06-20,23.7000,23.8900,23.7000,23.8300,14.0342,871800
2006-06-21,23.9500,23.9900,23.8300,23.9200,14.0872,908300
2006-06-22,23.8000,23.9200,23.7900,23.8800,14.0637,1221200
2006-06-23,23.7600,23.9500,23.7600,23.8000,14.0166,369700
2006-06-26,23.8000,23.9500,23.7800,23.9300,14.0931,734100
2006-06-27,23.8800,23.9500,23.7500,23.8200,14.0283,752400
2006-06-28,23.7000,23.9300,23.7000,23.9300,14.0931,1940400
2006-06-29,24.0900,24.3100,23.9600,24.3100,14.3169,1585000
2006-06-30,24.4300,24.4300,24.1800,24.1900,14.2462,5448200
2006-07-03,24.2400,24.3300,24.1800,24.3300,14.3287,535400
2006-07-05,24.3000,24.3000,24.0400,24.1300,14.2109,1175000
2006-07-06,24.2100,24.5200,24.0800,24.4100,14.3758,3086700
2006-07-07,24.3900,24.4400,24.3000,24.3600,14.3464,813000
2006-07-10,24.4500,24.5900,24.4500,24.5100,14.4347,1721200
2006-07-11,24.5700,24.6700,24.4500,24.6400,14.5113,2270600
2006-07-12,24.6400,24.6600,24.4000,24.4400,14.3935,2125600
2006-07-13,24.2700,24.4000,24.1800,24.2400,14.2757,839300
2006-07-14,24.1900,24.3000,23.9100,24.0000,14.1343,3464600
2006-07-17,23.9400,24.1300,23.9400,24.0600,14.1697,1180900
2006-07-18,24.0600,24.1700,23.9100,24.1700,14.2345,1581100
2006-07-19,24.1500,24.5000,24.1500,24.4700,14.4111,2522600
2006-07-20,24.6000,24.6300,24.4900,24.4900,14.4229,498600
2006-07-21,24.5000,24.5600,24.3900,24.4400,14.3935,796900
2006-07-24,24.4800,24.6200,24.4400,24.6200,14.4995,1962500
2006-07-25,24.5800,24.7900,24.4900,24.7400,14.5702,4859200
2006-07-26,24.7500,24.7500,24.5700,24.6200,14.4995,1902400
2006-07-27,24.6200,24.7200,24.4400,24.4600,14.4053,4074200
2006-07-28,24.5400,24.7300,24.5000,24.6900,14.5407,2108400
2006-07-31,24.6900,24.6900,24.5400,24.5700,14.4700,943900
2006-08-01,24.6500,24.6500,24.3600,24.4500,14.3994,1266500
2006-08-02,24.5800,24.6900,24.5000,24.6700,14.5289,916300
2006-08-03,24.6200,24.7700,24.6000,24.7300,14.5643,1275900
2006-08-04,24.9100,24.9100,24.6400,24.7400,14.5702,679600
2006-08-07,24.7500,24.7500,24.5900,24.6800,14.5348,968500
2006-08-08,24.8000,24.8700,24.7100,24.7900,14.5996,5638000
2006-08-09,24.9000,24.9000,24.6000,24.6300,14.5054,3860500
2006-08-10,24.6200,24.9100,24.5500,24.8900,14.6585,1278000
2006-08-11,24.9400,24.9400,24.7600,24.8400,14.6291,658200
2006-08-14,24.9800,25.0900,24.8600,24.8900,14.6585,2429600
2006-08-15,25.1400,25.1400,24.9700,25.0500,14.7527,932200
2006-08-16,25.0000,25.2000,24.9300,25.0800,14.7704,4637200
2006-08-17,25.0200,25.1500,24.9900,25.0400,14.7468,3013400
2006-08-18,25.1500,25.2000,25.0400,25.1900,14.8352,1070900
2006-08-21,25.2100,25.2700,25.1700,25.2500,14.8705,852300
2006-08-22,25.2400,25.2600,25.1400,25.2300,14.8587,562100
2006-08-23,25.2000,25.2500,25.0900,25.1500,14.8116,1693000
2006-08-24,25.2200,25.2800,25.1600,25.2800,14.8882,1625700
2006-08-25,25.2800,25.2800,25.1500,25.2400,14.8646,1062900
2006-08-28,25.2100,25.4100,25.2000,25.3400,14.9235,1744800
2006-08-29,25.4400,25.4500,25.3100,25.4300,14.9765,2319200
2006-08-30,25.5200,25.5400,25.4100,25.5000,15.0177,859500
2006-08-31,25.5300,25.5300,25.4300,25.5200,15.0295,1773700
2006-09-01,25.6000,25.6700,25.5100,25.6600,15.1120,754600
2006-09-05,25.7600,26.5600,25.4900,25.5700,15.0590,2118400
2006-09-06,25.4900,25.5300,25.4500,25.5000,15.0177,1714600
2006-09-07,25.5400,25.6000,25.3600,25.4100,14.9647,3359800
2006-09-08,25.5200,25.5600,25.4100,25.5400,15.0413,534900
2006-09-11,25.4500,25.7300,25.4500,25.7300,15.1532,1554000
2006-09-12,25.7900,25.8000,25.6500,25.7400,15.1591,3268200
2006-09-13,25.8000,25.8000,25.5100,25.5500,15.0472,1795600
2006-09-14,25.5600,25.6900,25.4800,25.6800,15.1238,953800
2006-09-15,25.5200,25.7000,25.5100,25.5800,15.1403,1597200
2006-09-18,25.6600,25.6600,25.3900,25.4800,15.0811,1403000
2006-09-19,25.4800,25.5500,25.4200,25.5400,15.1167,1275700
2006-09-20,25.5900,25.7200,25.5000,25.6900,15.2054,2111200
2006-09-21,25.6000,25.7000,25.3800,25.4600,15.0693,1811200
2006-09-22,25.4400,25.4800,25.3800,25.4800,15.0811,1364600
2006-09-25,25.4700,25.4700,25.1800,25.3200,14.9864,2822700
2006-09-26,25.3900,25.4200,25.1600,25.3500,15.0042,3256000
2006-09-27,25.4100,25.5500,25.3500,25.5100,15.0989,2751300
2006-09-28,25.5800,25.5800,25.3300,25.4500,15.0634,1040400
2006-09-29,25.4500,25.5500,25.3300,25.3800,15.0220,1591600
2006-10-02,25.2000,25.4100,25.1800,25.2100,14.9213,1928900
2006-10-03,25.2400,25.3100,25.1600,25.2400,14.9391,2918800
2006-10-04,25.1000,25.5100,24.3400,25.5100,15.0989,3268900
2006-10-05,25.5000,25.5200,25.3400,25.4100,15.0397,1116100
2006-10-06,25.4200,25.4300,25.2000,25.2700,14.9569,1665800
2006-10-09,25.3000,25.3600,25.1900,25.3600,15.0101,1622600
2006-10-10,25.3000,25.3900,25.1500,25.2700,14.9569,2463400
2006-10-11,25.1800,25.3200,25.1000,25.3100,14.9805,2001800
2006-10-12,25.4400,25.4500,25.2900,25.3500,15.0042,1496100
2006-10-13,25.4000,25.4100,25.1800,25.3000,14.9746,638000
2006-10-16,25.2500,25.3500,25.1700,25.3400,14.9983,2616300
2006-10-17,25.1900,25.3600,25.1700,25.2900,14.9687,1097600
2006-10-18,25.2500,25.4300,25.2500,25.3900,15.0279,2107700
2006-10-19,25.4300,25.4600,25.3400,25.4500,15.0634,1283800
2006-10-20,25.5100,25.5500,25.4100,25.5400,15.1167,2572000
2006-10-23,25.5500,25.8400,25.4900,25.7900,15.2646,2048700
2006-10-24,25.8200,25.8200,25.6300,25.7100,15.2173,997200
2006-10-25,25.6500,25.9700,25.6500,25.8800,15.3179,2033200
2006-10-26,25.9500,26.0500,25.8700,26.0500,15.4185,1450400
2006-10-27,26.0200,26.0200,25.8700,25.9600,15.3652,1698100
2006-10-30,25.8000,25.9200,25.8000,25.8500,15.3001,2902200
2006-10-31,25.8500,25.8800,25.7700,25.8300,15.2883,835700
2006-11-01,25.8600,25.8600,25.6100,25.6300,15.1699,2555100
2006-11-02,25.6000,25.6400,25.5000,25.5900,15.1462,1346600
2006-11-03,25.6100,25.6600,25.3800,25.4700,15.0752,1916400
2006-11-06,25.4000,25.6200,25.4000,25.5600,15.1285,1083700
2006-11-07,25.6700,25.6700,25.5500,25.6000,15.1522,1737200
2006-11-08,25.5500,25.7400,25.5500,25.6900,15.2054,808500
2006-11-09,25.7500,25.7500,25.4900,25.5400,15.1167,1308100
2006-11-10,25.4500,25.5800,25.4500,25.5500,15.1226,458700
2006-11-13,25.4900,25.5700,25.4100,25.4700,15.0752,1030900
2006-11-14,25.4400,25.6100,25.4200,25.5400,15.1167,911000
2006-11-15,25.6000,25.7700,25.6000,25.6700,15.1936,635600
2006-11-16,25.6500,25.8800,25.6500,25.8500,15.3001,1568700
2006-11-17,25.7700,25.9900,25.7500,25.8900,15.3238,9636200
2006-11-20,25.9000,25.9300,25.8000,25.8100,15.2765,10016300
2006-11-21,25.8200,25.8300,25.7200,25.7700,15.2528,1950100
2006-11-22,25.7000,25.8300,25.6800,25.8300,15.2883,1168500
2006-11-24,25.6900,25.7800,25.6500,25.7300,15.2291,262700
2006-11-27,25.6700,25.6700,25.3900,25.4100,15.0397,2513900
2006-11-28,25.4100,25.5700,25.3600,25.5200,15.1048,1844000
2006-11-29,25.5100,25.7400,25.5100,25.7400,15.2350,1200800
2006-11-30,25.6500,25.7300,25.5100,25.6100,15.1581,1155500
2006-12-01,25.6900,25.6900,25.3900,25.5300,15.1107,889300
2006-12-04,25.5500,25.9400,25.5500,25.9000,15.3297,1077500
2006-12-05,25.9500,26.0400,25.9000,26.0400,15.4126,1180200
2006-12-06,25.9400,26.0900,25.9400,26.0700,15.4303,870700
2006-12-07,26.1000,26.1800,26.0100,26.0200,15.4008,712700
2006-12-08,25.9500,26.1900,25.9200,26.0700,15.4303,1684000
2006-12-11,26.2000,26.2000,26.0200,26.1200,15.4599,554200
2006-12-12,26.1200,26.1300,25.9800,26.0600,15.4244,1277000
2006-12-13,26.1500,26.2000,25.9900,26.0500,15.4185,2534800
2006-12-14,26.0500,26.2500,26.0400,26.1500,15.4777,740500
2006-12-15,26.1300,26.1600,26.0400,26.0600,15.5027,3579600
2006-12-18,26.1400,26.1400,26.0300,26.0400,15.4908,1136200
2006-12-19,25.9800,26.1400,25.9800,26.0600,15.5027,1170400
2006-12-20,26.0500,26.1400,26.0500,26.0800,15.5146,778300
2006-12-21,26.0200,26.1800,26.0200,26.0900,15.5205,2009800
2006-12-22,26.2200,26.2300,26.0000,26.0700,15.5086,512400
2006-12-26,26.1000,26.1700,26.0200,26.1700,15.5681,549200
2006-12-27,26.2700,26.2800,26.1200,26.2600,15.6217,983500
2006-12-28,26.3000,26.3000,26.1800,26.2500,15.6157,736600
2006-12-29,26.1500,26.2800,26.1000,26.1200,15.5384,959500
2007-01-03,26.0700,26.4100,26.0700,26.2900,15.6395,2059700
2007-01-04,26.2400,26.3500,26.1400,26.3300,15.6633,845300
2007-01-05,26.3400,26.3400,26.0700,26.1400,15.5503,1360200
2007-01-08,26.0600,26.2200,26.0400,26.1800,15.5741,965200
2007-01-09,26.2000,26.2900,26.1600,26.2400,15.6098,2437600
2007-01-10,26.2400,26.4000,26.1000,26.3500,15.6752,1042000
2007-01-11,26.5100,26.6000,26.2900,26.5500,15.7942,1823700
2007-01-12,26.6000,26.6000,26.4700,26.5100,15.7704,1333300
2007-01-16,26.5000,26.5900,26.4700,26.5300,15.7823,1941800
2007-01-17,26.5600,26.6700,26.5400,26.6100,15.8299,1573700
2007-01-18,26.6700,26.6700,26.5400,26.5700,15.8061,664400
2007-01-19,26.5200,26.6500,26.5200,26.6100,15.8299,773400
2007-01-22,26.5000,26.6200,26.4800,26.5800,15.8120,2141800
2007-01-23,26.5900,26.6900,26.5400,26.6300,15.8418,646700
2007-01-24,26.7000,26.7300,26.5800,26.7300,15.9013,2088000
2007-01-25,26.7900,26.7900,26.5100,26.5600,15.8001,2132700
2007-01-26,26.5200,26.5900,26.4100,26.4900,15.7585,3047100
2007-01-29,26.6100,26.6800,26.5100,26.5600,15.8001,1363700
2007-01-30,26.4500,26.5900,26.4400,26.5400,15.7882,2545300
2007-01-31,26.5700,26.6800,26.4700,26.6500,15.8537,1858800
2007-02-01,26.7300,26.8400,26.6900,26.7500,15.9132,2725800
2007-02-02,26.8100,26.8600,26.7400,26.8000,15.9429,1108000
2007-02-05,26.7400,26.7600,26.6700,26.7100,15.8894,1195900
2007-02-06,26.8000,26.8000,26.6400,26.6700,15.8656,1561800
2007-02-07,26.6300,26.7300,26.5800,26.6100,15.8299,1713200
2007-02-08,26.5800,26.6100,26.4900,26.5600,15.8001,1844200
2007-02-09,26.5800,26.6400,26.4200,26.5200,15.7763,782700
2007-02-12,26.5500,26.5500,26.4500,26.4600,15.7406,922300
2007-02-13,26.4500,26.6500,26.4500,26.5500,15.7942,770000
2007-02-14,26.6400,26.7400,26.5900,26.7100,15.8894,1683400
2007-02-15,26.6500,26.8900,26.6500,26.8700,15.9845,980100
2007-02-16,26.8300,26.9100,26.7800,26.9100,16.0083,1131100
2007-02-20,27.2700,27.2700,26.8200,27.0500,16.0916,1113900
2007-02-21,27.0300,27.0400,26.8900,26.9000,16.0024,837200
2007-02-22,26.8500,26.9300,26.7300,26.8000,15.9429,2054600
2007-02-23,26.8200,26.8200,26.7100,26.8200,15.9548,1364800
2007-02-26,26.8200,26.8400,26.7000,26.8100,15.9488,989400
2007-02-27,26.6900,26.7100,25.8100,26.2000,15.5860,4679900
2007-02-28,26.1500,26.3600,25.9700,26.2400,15.6098,2056300
2007-03-01,25.8000,26.3000,25.8000,26.3000,15.6455,2121100
2007-03-02,26.0700,26.1800,25.8500,25.8900,15.4015,2159900
2007-03-05,25.7300,26.0500,25.5000,25.8000,15.3480,2645300
2007-03-06,25.8600,26.1000,25.8500,26.0000,15.4670,2027700
2007-03-07,26.1100,26.1100,25.9000,25.9000,15.4075,1882900
2007-03-08,25.7400,26.8700,25.6900,26.1400,15.5503,1756100
2007-03-09,26.2200,26.2400,26.0800,26.2200,15.5979,1510500
2007-03-12,26.2300,26.2900,26.1600,26.2500,15.6157,1086800
2007-03-13,26.1500,26.1800,25.7500,25.7500,15.3183,1423300
2007-03-14,25.8600,25.9300,25.5700,25.8000,15.3480,2661600
2007-03-15,25.8900,26.1300,25.8900,26.1300,15.5443,1459600
2007-03-16,26.0000,26.0600,25.8600,25.9300,15.5019,1909800
2007-03-19,26.0000,26.1400,26.0000,26.1000,15.6035,785600
2007-03-20,26.1000,26.3500,26.0800,26.3500,15.7530,1460200
2007-03-21,26.3500,26.6200,26.2300,26.6000,15.9024,1103200
2007-03-22,26.6700,26.7300,26.5700,26.7300,15.9801,2610500
2007-03-23,26.6200,26.7900,26.5300,26.7900,16.0160,1196200
2007-03-26,26.6800,26.6800,26.4700,26.6000,15.9024,1162600
2007-03-27,26.6000,26.6000,26.4100,26.4800,15.8307,1892100
2007-03-28,26.4200,26.5600,26.2900,26.4300,15.8008,1289100
2007-03-29,26.5300,26.6200,26.3800,26.5800,15.8905,1844700
2007-03-30,26.5600,26.6800,25.9100,26.6500,15.9323,2088700
2007-04-02,26.6300,26.7500,26.5900,26.7200,15.9742,1076000
2007-04-03,26.7800,26.9700,26.7300,26.9000,16.0818,2240000
2007-04-04,26.8500,27.0400,26.8500,27.0200,16.1535,2778800
2007-04-05,27.0300,27.0900,26.9200,27.0900,16.1954,794800
2007-04-09,27.1000,27.1600,27.0200,27.0200,16.1535,326500
2007-04-10,27.1300,27.1500,27.0500,27.1500,16.2312,1157200
2007-04-11,27.0500,27.1300,26.8800,26.9700,16.1236,1958500
2007-04-12,26.9100,27.0900,26.8700,27.0000,16.1416,735700
2007-04-13,27.0400,27.1000,26.9800,27.0900,16.1954,632600
2007-04-16,27.2400,27.2400,27.1000,27.1500,16.2312,1402900
2007-04-17,27.2700,27.4000,27.2300,27.4000,16.3807,957500
2007-04-18,27.2800,27.3400,27.2400,27.3300,16.3389,717400
2007-04-19,27.1800,27.3600,27.1800,27.3500,16.3508,256000
2007-04-20,27.4000,27.6000,27.4000,27.6000,16.5003,1448400
2007-04-23,27.5300,27.6200,27.4600,27.5400,16.4644,2432500
2007-04-24,27.4900,27.6000,27.3500,27.5300,16.4584,695900
2007-04-25,27.6500,27.7200,27.5800,27.6700,16.5421,811800
2007-04-26,27.6900,27.6900,27.4900,27.5600,16.4764,995100
2007-04-27,27.4600,27.5200,26.7700,27.5000,16.4405,675400
2007-04-30,27.4900,27.6600,27.4000,27.4000,16.3807,836300
2007-05-01,27.3900,27.3900,27.1800,27.2900,16.3149,2412700
2007-05-02,27.3600,27.4800,27.3000,27.3000,16.3209,1805700
2007-05-03,27.4800,27.5800,27.3200,27.4000,16.3807,2078200
2007-05-04,27.4500,27.4500,27.2900,27.4000,16.3807,3004200
2007-05-07,27.4100,27.5200,27.3900,27.4500,16.4106,2766900
2007-05-08,27.3500,27.3600,27.2600,27.2600,16.2970,1690900
2007-05-09,27.3000,27.3800,27.2400,27.3000,16.3209,1094500
2007-05-10,27.2700,27.3000,27.0500,27.1300,16.2193,1547100
2007-05-11,27.1100,27.2000,27.0400,27.2000,16.2611,657500
2007-05-14,27.2500,27.2500,27.1000,27.1000,16.2013,1065800
2007-05-15,27.1000,27.3800,27.1000,27.2800,16.3089,1898400
2007-05-16,27.3500,27.5600,27.2700,27.5600,16.4764,918400
2007-05-17,27.5300,27.5300,27.1600,27.4900,16.4345,1185600
2007-05-18,27.5500,27.6900,27.4900,27.6900,16.5541,1166300
2007-05-21,27.6600,27.6600,27.4400,27.4800,16.4285,2122600
2007-05-22,27.5100,27.5700,27.4200,27.5300,16.4584,1093400
2007-05-23,27.5000,27.6600,27.4500,27.4500,16.4106,3732200
2007-05-24,27.4700,27.6200,27.3300,27.3300,16.3389,1728300
2007-05-25,27.5600,27.5600,27.4500,27.5000,16.4405,407300
2007-05-29,27.4500,27.7300,27.4500,27.6000,16.5003,1502800
2007-05-30,27.5700,27.7900,27.5600,27.7300,16.5780,1061400
2007-05-31,27.7900,27.8800,27.7300,27.7700,16.6019,1545300
2007-06-01,27.8100,28.0300,27.7900,27.9000,16.6796,1677500
2007-06-04,27.9100,28.0200,27.8800,28.0000,16.7394,511100
2007-06-05,27.8700,27.9200,27.7700,27.8300,16.6378,1942000
2007-06-06,27.6700,27.7800,27.6100,27.6500,16.5302,2511600
2007-06-07,27.4500,27.6800,27.3000,27.3000,16.3209,2088500
2007-06-08,27.3000,27.5600,27.2800,27.4600,16.4166,626700
2007-06-11,27.5500,27.6200,27.4600,27.6100,16.5062,1237600
2007-06-12,27.3500,27.5200,27.2800,27.3500,16.3508,1028900
2007-06-13,27.5100,27.6200,27.3500,27.5600,16.4764,1587400
2007-06-14,27.6000,27.6200,27.4800,27.6000,16.5003,1942000
2007-06-15,27.5700,27.5900,27.4500,27.4900,16.5357,2190900
2007-06-18,27.4200,27.5300,27.3500,27.3500,16.4515,850300
2007-06-19,27.3500,27.3500,27.1500,27.1500,16.3312,1081800
2007-06-20,27.3100,27.3700,27.0000,27.1200,16.3132,1084800
2007-06-21,27.0300,27.2900,27.0000,27.2000,16.3613,1541500
2007-06-22,27.2500,27.2500,26.9300,27.0500,16.2711,1672700
2007-06-25,27.0500,27.1500,26.8600,26.9300,16.1989,792900
2007-06-26,27.0500,27.1000,26.8400,26.8600,16.1568,1164400
2007-06-27,26.7400,27.1200,26.7100,27.0700,16.2831,712700
2007-06-28,27.0000,27.2100,27.0000,27.0200,16.2530,824100
2007-06-29,27.0900,27.2600,26.9100,27.0500,16.2711,1666500
2007-07-02,27.1300,27.4800,27.1300,27.2700,16.4034,4223600
2007-07-03,27.3700,27.3900,27.2000,27.2600,16.3974,1070800
2007-07-05,27.2300,27.2900,26.4100,27.2400,16.3854,2972900
2007-07-06,27.1600,27.4000,27.1500,27.4000,16.4816,655400
2007-07-09,27.4000,27.4000,27.2800,27.4000,16.4816,1885900
2007-07-10,27.2400,27.3100,27.0100,27.1500,16.3312,1853600
2007-07-11,26.9200,27.2800,26.9200,27.2800,16.4094,1142700
2007-07-12,27.2600,27.6300,27.2400,27.5100,16.5478,1291000
2007-07-13,27.5000,27.7100,27.4200,27.7000,16.6621,1355600
2007-07-16,27.6400,27.7800,27.5500,27.5900,16.5959,700700
2007-07-17,27.6700,27.7900,27.4500,27.4600,16.5177,1364200
2007-07-18,27.4900,27.5000,27.3200,27.4700,16.5237,693700
2007-07-19,27.4800,27.6100,27.4700,27.5600,16.5779,1249500
2007-07-20,27.4600,27.5100,27.2400,27.4000,16.4816,1204400
2007-07-23,27.1400,27.5500,27.1200,27.4000,16.4816,1333100
2007-07-24,27.3100,27.5000,27.0700,27.2000,16.3613,2000500
2007-07-25,27.4800,27.4800,27.0400,27.2000,16.3613,1806400
2007-07-26,26.8900,27.2800,26.5600,26.8000,16.1207,2815100
2007-07-27,26.8500,26.8500,26.4300,26.4400,15.9042,3511200
2007-07-30,26.4600,26.6500,26.2700,26.5000,15.9402,1047900
2007-07-31,26.5700,26.8100,26.2800,26.2800,15.8079,3203400
2007-08-01,26.4500,26.7300,26.3100,26.6700,16.0425,1454300
2007-08-02,26.7100,26.8900,26.6200,26.7000,16.0606,1618700
2007-08-03,26.8200,26.9300,26.4500,26.6500,16.0305,4452800
2007-08-06,26.7100,27.3400,26.6100,27.3400,16.4455,3826700
2007-08-07,26.9400,27.5700,26.9400,27.2700,16.4034,3275100
2007-08-08,27.4500,27.7500,27.3200,27.7500,16.6922,4770200
2007-08-09,27.3600,27.5100,27.0300,27.2500,16.3914,1764900
2007-08-10,26.9900,27.3400,26.7300,27.1000,16.3012,2941300
2007-08-13,27.0300,27.1700,26.8100,27.0200,16.2530,1353100
2007-08-14,26.9300,26.9300,26.5500,26.5900,15.9944,1639400
2007-08-15,26.4600,26.8400,26.3100,26.4500,15.9102,1755700
2007-08-16,26.2500,26.5200,26.0200,26.5200,15.9523,2661200
2007-08-17,26.8800,27.0000,26.4800,26.6500,16.0305,4028900
2007-08-20,26.8600,26.9900,26.5700,26.8500,16.1508,1448700
2007-08-21,26.6000,26.8500,26.6000,26.8500,16.1508,558100
2007-08-22,26.8800,26.9300,26.7700,26.9200,16.1929,2922400
2007-08-23,27.0500,27.0500,26.7800,26.9300,16.1989,1035200
2007-08-24,26.9000,27.1500,26.9000,27.1200,16.3132,1351700
2007-08-27,27.1000,27.1800,26.9900,27.0000,16.2410,1260800
2007-08-28,26.9300,26.9900,26.5900,26.6900,16.0545,2099100
2007-08-29,26.7000,27.0100,26.6500,26.9200,16.1929,1167800
2007-08-30,26.7600,26.9300,26.7300,26.8300,16.1388,1027300
2007-08-31,26.9700,27.1400,26.8400,26.9000,16.1809,1578700
2007-09-04,27.0400,27.1900,26.9600,27.1900,16.3553,1787300
2007-09-05,26.7000,26.9400,26.7000,26.9400,16.2049,1866800
2007-09-06,26.9100,27.0300,26.8000,26.8700,16.1628,1298300
2007-09-07,26.7700,26.8700,26.6300,26.7500,16.0906,4722100
2007-09-10,26.7500,26.8900,26.6200,26.8200,16.1327,5018500
2007-09-11,26.8500,27.1100,26.8200,27.0000,16.2410,3407600
2007-09-12,27.0500,27.2500,27.0000,27.1400,16.3252,2135800
2007-09-13,27.3800,27.3800,27.2100,27.2200,16.3733,2333000
2007-09-14,27.2200,27.3800,27.1500,27.3800,16.4696,2344400
2007-09-17,27.2500,27.2900,27.1900,27.2200,16.3733,603300
2007-09-18,27.3500,27.7500,27.2700,27.7500,16.6922,1828300
2007-09-19,27.8100,27.8700,27.6300,27.7700,16.7042,3788300
2007-09-20,27.7900,27.8100,27.6700,27.8000,16.7222,1412200
2007-09-21,27.6900,27.8000,27.6100,27.6600,16.7307,2317300
2007-09-24,27.6900,27.7200,27.5300,27.6400,16.7186,951200
2007-09-25,27.5100,27.6700,27.4300,27.6000,16.6944,6076300
2007-09-26,27.6800,27.9000,27.6300,27.7900,16.8093,2808800
2007-09-27,27.8400,27.9500,27.8000,27.8900,16.8698,1408500
2007-09-28,27.9000,27.9800,27.8500,27.9800,16.9243,825300
2007-10-01,27.9000,27.9500,27.7200,27.9000,16.8759,5794400
2007-10-02,27.9100,27.9200,27.7800,27.9100,16.8819,2038300
2007-10-03,27.8600,27.9000,27.7500,27.8400,16.8396,6854900
2007-10-04,27.8500,27.9100,27.7900,27.9000,16.8759,5732400
2007-10-05,27.9600,28.0200,27.8700,28.0000,16.9363,3707600
2007-10-08,27.7800,27.9200,27.7800,27.8200,16.8275,2909100
2007-10-09,27.9100,28.0100,27.8200,27.9800,16.9243,4467400
2007-10-10,27.8400,28.1200,27.8400,28.1000,16.9968,2556900
2007-10-11,28.2900,28.3100,28.0300,28.1700,17.0392,6015200
2007-10-12,28.7200,28.7200,28.1300,28.2300,17.0755,3744700
2007-10-15,27.7300,28.3700,27.7300,28.1400,17.0210,3811300
2007-10-16,28.0600,28.1300,27.9700,28.0200,16.9484,3147400
2007-10-17,28.1300,28.2000,27.9500,28.1200,17.0089,7207900
2007-10-18,28.0300,28.1300,28.0000,28.0200,16.9484,12642300
2007-10-19,28.0400,28.0700,27.7000,27.7300,16.7730,7279600
2007-10-22,27.6400,27.9600,27.6200,27.9100,16.8819,1933100
2007-10-23,27.9900,28.0000,27.8200,28.0000,16.9363,1506200
2007-10-24,27.9300,28.0200,27.7000,27.9200,16.8880,2160100
2007-10-25,28.0600,28.2100,27.9900,28.1500,17.0271,2888900
2007-10-26,28.0400,28.3500,28.0400,28.3400,17.1420,1332300
2007-10-29,28.3500,28.4500,28.2700,28.3500,17.1481,1526300
2007-10-30,28.1900,28.3400,28.1300,28.2300,17.0755,1542000
2007-10-31,28.0900,28.4500,28.0900,28.4100,17.1843,2189400
2007-11-01,28.5000,28.5000,27.8400,27.8500,16.8456,2617800
2007-11-02,27.7600,28.0300,27.7600,28.0300,16.9545,2537000
2007-11-05,27.5100,28.1900,27.5100,28.0700,16.9787,1753700
2007-11-06,28.0000,28.2600,28.0000,28.2600,17.0936,1129500
2007-11-07,28.0000,28.1900,27.8100,27.9500,16.9061,2671300
2007-11-08,28.1800,28.2200,27.7300,28.1500,17.0271,3227300
2007-11-09,27.9500,28.1500,27.8700,27.8800,16.8638,2385800
2007-11-12,27.6700,28.1600,27.6400,27.9000,16.8759,2307100
2007-11-13,28.3800,28.4400,28.0400,28.3200,17.1299,1602400
2007-11-14,28.4600,28.6600,28.3600,28.4600,17.2146,2915100
2007-11-15,28.1500,28.6300,28.1500,28.4400,17.2025,4579100
2007-11-16,28.5500,28.6500,28.3800,28.5700,17.2811,1555800
2007-11-19,28.6600,28.6600,28.3400,28.3700,17.1601,2718600
2007-11-20,28.9400,28.9400,28.3100,28.6000,17.2993,3525100
2007-11-21,28.4900,28.6200,28.2300,28.2500,17.0876,3356900
2007-11-23,28.5900,28.5900,28.3500,28.5400,17.2630,686700
2007-11-26,28.8000,28.8000,28.1800,28.2500,17.0876,2987300
2007-11-27,28.2500,28.6800,28.2500,28.5500,17.2690,2612400
2007-11-28,28.8000,29.0500,28.5800,29.0000,17.5412,4534000
2007-11-29,28.7100,29.3100,28.7100,29.1500,17.6320,2780900
2007-11-30,29.3000,29.3000,29.0300,29.1900,17.6561,2794800
2007-12-03,29.3700,29.3700,29.0300,29.0800,17.5896,5158900
2007-12-04,29.0500,29.1500,29.0000,29.0400,17.5654,2187800
2007-12-05,29.3900,29.3900,29.0900,29.1600,17.6380,1632500
2007-12-06,29.3300,29.4600,29.1500,29.1500,17.6320,3177400
2007-12-07,29.4000,29.6000,29.3100,29.4600,17.8195,3010100
2007-12-10,29.7700,29.7700,29.4500,29.4900,17.8376,980600
2007-12-11,29.7300,29.7300,29.0800,29.1700,17.6440,3657200
2007-12-12,29.7000,29.7400,29.0300,29.2500,17.6924,2379800
2007-12-13,29.4500,29.4500,29.0500,29.3800,17.7711,3219400
2007-12-14,29.0000,29.4300,28.9800,29.0200,17.5533,2749000
2007-12-17,28.7600,28.9900,28.7100,28.8200,17.4323,2978300
2007-12-18,29.1600,29.1600,28.6300,28.6900,17.3537,4009900
2007-12-19,28.5400,29.0100,28.5400,28.9300,17.4989,1922700
2007-12-20,29.3800,29.3800,28.8000,28.8000,17.4202,1720800
2007-12-21,28.7700,29.3400,28.7700,29.3400,17.8379,2275200
2007-12-24,29.4700,29.4700,29.2100,29.3000,17.8136,882300
2007-12-26,29.3600,29.3600,29.1300,29.2000,17.7528,1349100
2007-12-27,29.3600,29.3600,28.9200,28.9200,17.5826,2449500
2007-12-28,29.2100,29.2100,28.9500,29.0300,17.6495,725400
2007-12-31,29.0200,29.0200,28.6100,28.8000,17.5096,1763300
2008-01-02,28.5300,28.7200,28.2600,28.3900,17.2603,10122700
2008-01-03,28.4000,28.5000,28.2000,28.2400,17.1692,4379600
2008-01-04,28.0100,28.3400,28.0100,28.1200,17.0962,4172500
2008-01-07,28.1000,28.5500,28.1000,28.4500,17.2968,3826400
2008-01-08,28.6300,28.8600,28.2400,28.2400,17.1692,5549600
2008-01-09,28.4900,28.6300,28.2900,28.6200,17.4002,4759000
2008-01-10,28.5900,28.9100,28.5100,28.6700,17.4306,5023700
2008-01-11,28.6700,28.7100,28.1600,28.2700,17.1874,4456400
2008-01-14,28.2200,28.3700,28.1100,28.1500,17.1144,7331400
2008-01-15,28.0000,28.0200,27.7500,27.8500,16.9320,2611500
2008-01-16,27.6600,28.0600,27.6600,27.7500,16.8712,8980400
2008-01-17,27.9600,27.9700,27.4200,27.5500,16.7497,4250400
2008-01-18,27.7300,27.7300,27.0000,27.1500,16.5065,6034900
2008-01-22,25.1800,27.0200,24.3800,26.8700,16.3362,12101600
2008-01-23,26.3900,27.2500,26.2700,27.2000,16.5369,10402400
2008-01-24,27.3800,27.3800,26.8400,27.0700,16.4578,3787300
2008-01-25,27.1700,27.1800,26.6400,26.7000,16.2329,2960800
2008-01-28,26.7200,27.0500,26.6400,26.9100,16.3606,4415300
2008-01-29,27.2300,27.2300,26.8300,26.9900,16.4092,1733400
2008-01-30,27.0700,27.2500,26.7700,26.8000,16.2937,4867300
2008-01-31,26.7300,27.3500,26.7100,27.2000,16.5369,3030900
2008-02-01,27.2000,27.5700,27.2000,27.4700,16.7010,4343600
2008-02-04,27.6100,27.6200,27.2800,27.3000,16.5977,2560900
2008-02-05,27.2900,27.2900,26.8000,26.9300,16.3727,4559300
2008-02-06,27.0000,27.0200,26.7200,26.8200,16.3058,3143200
2008-02-07,26.7100,27.1200,26.7000,27.1000,16.4761,2395300
2008-02-08,26.9700,27.1000,26.8000,26.8000,16.2937,2827600
2008-02-11,26.8000,27.1500,26.8000,27.1400,16.5004,3441600
2008-02-12,27.3300,27.5000,27.2400,27.5000,16.7193,5154200
2008-02-13,27.8600,27.8600,27.3700,27.3700,16.6402,1872500
2008-02-14,27.5600,27.6200,27.1500,27.2300,16.5551,3391700
2008-02-15,27.2500,27.3800,27.1200,27.3500,16.6281,3103300
2008-02-19,27.9400,27.9400,27.3200,27.7900,16.8956,3689200
2008-02-20,27.3700,27.7000,27.1600,27.2000,16.5369,3547400
2008-02-21,27.4600,27.5600,27.2500,27.3000,16.5977,4037100
2008-02-22,27.4000,27.6000,27.1300,27.6000,16.7801,3101600
2008-02-25,27.6000,27.6800,27.4500,27.6400,16.8044,2436400
2008-02-26,27.6900,27.9800,27.6100,27.9800,17.0111,2379500
2008-02-27,27.9600,27.9600,27.6000,27.6000,16.7801,2402500
2008-02-28,27.5400,27.7500,27.5400,27.6500,16.8104,3234200
2008-02-29,27.5200,27.5200,27.1200,27.1300,16.4943,4405200
2008-03-03,26.9600,27.4000,26.9500,27.4000,16.6585,3034200
2008-03-04,27.2900,27.4500,27.0000,27.3800,16.6463,4349600
2008-03-05,27.5000,27.6000,27.2600,27.4500,16.6889,2130000
2008-03-06,27.1800,27.4500,27.0500,27.2000,16.5369,1865600
2008-03-07,27.1100,27.2700,26.9800,27.0700,16.4578,5307900
2008-03-10,27.2400,27.2400,26.9000,26.9300,16.3727,4282300
2008-03-11,27.4900,27.5000,27.1200,27.5000,16.7193,3677600
2008-03-12,27.4100,27.6500,27.3300,27.4300,16.6767,4541800
2008-03-13,27.2300,27.4600,27.0400,27.4300,16.6767,8384400
2008-03-14,27.6700,27.6800,26.8100,26.9600,16.3909,4151100
2008-03-17,26.5000,27.1200,26.3000,26.8100,16.2998,5314200
2008-03-18,27.1400,27.5500,27.0100,27.3000,16.5977,3908900
2008-03-19,27.5300,27.7600,27.3500,27.4500,16.6889,5407800
2008-03-20,27.2900,27.6900,27.2500,27.6200,16.8820,3946600
2008-03-24,27.8500,27.9400,27.7400,27.9300,17.0715,4827000
2008-03-25,27.9500,28.0400,27.8500,28.0000,17.1143,3438100
2008-03-26,28.1100,28.1100,27.7700,27.7700,16.9737,2154900
2008-03-27,28.0800,28.0900,27.8300,27.9100,17.0593,2448900
2008-03-28,28.0100,28.0600,27.8200,27.8800,17.0409,2735200
2008-03-31,27.9300,28.0800,27.8500,27.8600,17.0287,2037900
2008-04-01,28.1200,28.3700,27.9600,28.2000,17.2365,7419700
2008-04-02,28.3900,28.4600,28.1100,28.2100,17.2426,3273700
2008-04-03,28.2000,28.2200,28.0600,28.1300,17.1937,2664100
2008-04-04,28.2300,28.3700,28.1100,28.3700,17.3404,2220400
2008-04-07,28.3300,28.3800,28.1500,28.1900,17.2304,1447600
2008-04-08,28.0900,28.1800,28.0400,28.1800,17.2243,1648600
2008-04-09,28.1500,28.1500,27.8200,27.9000,17.0532,1823100
2008-04-10,27.9500,28.1100,27.9100,27.9700,17.0959,1958500
2008-04-11,27.8900,27.9500,27.6500,27.7900,16.9859,2347900
2008-04-14,27.8000,27.8500,27.7300,27.7800,16.9798,2333500
2008-04-15,27.9600,27.9600,27.7600,27.9500,17.0837,1360900
2008-04-16,28.0500,28.1100,27.9200,28.1100,17.1815,3858400
2008-04-17,28.0700,28.1500,27.9000,28.1500,17.2060,2294600
2008-04-18,28.3800,28.3800,27.9400,27.9600,17.0898,3737100
2008-04-21,27.9200,28.1200,27.9100,28.0400,17.1387,2343000
2008-04-22,28.0400,28.0800,27.7600,27.8700,17.0348,2750400
2008-04-23,27.9000,28.2100,27.9000,28.0500,17.1448,1418600
2008-04-24,28.2000,28.2200,27.9200,28.0900,17.1693,2711400
2008-04-25,28.2100,28.2100,27.7500,27.9300,17.0715,5969300
2008-04-28,28.0200,28.1500,28.0000,28.1000,17.1754,3097900
2008-04-29,28.0800,28.2200,27.9400,28.1300,17.1937,2731600
2008-04-30,28.2600,28.4100,27.6500,27.6500,16.9003,2611400
2008-05-01,27.8200,28.2300,27.8200,28.1500,17.2060,4348500
2008-05-02,28.3500,28.3500,28.0700,28.1100,17.1815,3967100
2008-05-05,28.1700,28.1800,28.0100,28.0100,17.1204,983300
2008-05-06,28.1800,28.2300,27.9500,28.1900,17.2304,770600
2008-05-07,28.2200,28.2900,27.9100,27.9200,17.0654,2367900
2008-05-08,27.9200,28.1100,27.9200,28.0000,17.1143,1377100
2008-05-09,27.7200,28.0100,27.5400,27.8400,17.0165,2844500
2008-05-12,27.8600,28.1500,27.8400,28.1500,17.2060,1344100
2008-05-13,28.2100,28.2100,27.9500,28.0500,17.1448,2549400
2008-05-14,28.1400,28.3500,28.1400,28.1600,17.2121,3384800
2008-05-15,28.2000,28.5000,28.1100,28.5000,17.4199,984300
2008-05-16,28.5000,28.5400,28.3200,28.4900,17.4138,2458000
2008-05-19,28.5100,28.6500,28.3700,28.6500,17.5116,2167500
2008-05-20,28.3100,28.4000,28.1600,28.2200,17.2487,3690100
2008-05-21,28.2900,28.3300,27.8900,27.9300,17.0715,2266800
2008-05-22,28.0800,28.2600,27.9500,28.2300,17.2549,1783500
2008-05-23,28.2000,28.2000,28.0500,28.0800,17.1632,2510500
2008-05-27,28.0300,28.2800,28.0300,28.1600,17.2121,1573500
2008-05-28,28.3300,28.3300,28.0500,28.2000,17.2365,1392300
2008-05-29,28.2300,28.5200,28.0600,28.3100,17.3037,3419300
2008-05-30,28.5100,28.5400,28.3400,28.4900,17.4138,2311100
2008-06-02,28.4900,28.4900,28.0700,28.2400,17.2610,2447200
2008-06-03,28.1300,28.3900,28.0600,28.3900,17.3526,2637800
2008-06-04,28.2600,28.3700,28.1700,28.3700,17.3404,2180200
2008-06-05,28.4100,28.6700,28.3800,28.6600,17.5177,1662500
2008-06-06,28.5800,28.5800,27.9200,27.9500,17.0837,2102100
2008-06-09,28.0400,28.1300,27.8600,28.0500,17.1448,2487000
2008-06-10,27.8600,28.3000,27.8600,28.1000,17.1754,3032700
2008-06-11,28.2000,28.2000,27.7600,27.9500,17.0837,6986300
2008-06-12,28.0300,28.2700,27.9300,28.1400,17.1998,2360800
2008-06-13,28.0700,28.2200,27.9500,28.1200,17.1876,4316400
2008-06-16,27.8900,27.9200,27.6800,27.8200,17.0042,6055500
2008-06-17,27.8700,27.9200,27.6300,27.7300,16.9492,3046800
2008-06-18,27.6400,27.6900,27.3800,27.4200,16.7598,3251800
2008-06-19,27.3600,27.5800,27.3600,27.5100,16.8148,2159400
2008-06-20,27.1800,27.3300,26.9800,27.0800,16.6238,5297400
2008-06-23,27.1500,27.1600,26.9100,26.9800,16.5625,1515300
2008-06-24,26.9200,27.2200,26.8400,27.0700,16.6177,2343100
2008-06-25,27.1700,27.6800,27.1100,27.6800,16.9922,4769100
2008-06-26,27.2000,27.2900,26.7500,26.8400,16.4765,2229000
2008-06-27,26.7700,26.9000,26.3600,26.5600,16.3046,3321100
2008-06-30,26.4800,26.8300,26.4300,26.7500,16.4213,2226600
2008-07-01,26.3600,26.7200,26.2900,26.7200,16.4029,7943400
2008-07-02,26.6900,26.7700,26.5900,26.6900,16.3844,2999000
2008-07-03,26.6700,26.8800,26.6300,26.6700,16.3722,1730600
2008-07-07,26.8400,27.0100,26.6100,26.9400,16.5379,3255100
2008-07-08,26.9400,27.2900,26.8300,27.2900,16.7528,6431100
2008-07-09,27.2800,27.3400,27.0200,27.0200,16.5870,3225300
2008-07-10,27.0900,27.2200,26.8800,27.2200,16.7098,4386200
2008-07-11,27.0300,27.2100,26.8300,26.9300,16.5318,4209700
2008-07-14,26.8300,27.2600,26.8300,26.9500,16.5440,3935500
2008-07-15,26.7500,27.1600,26.5700,26.9000,16.5134,8632500
2008-07-16,26.8600,27.2600,26.8600,27.2400,16.7221,3588800
2008-07-17,27.2000,27.2900,26.7700,27.2900,16.7528,5109800
2008-07-18,27.3000,27.3000,26.8300,26.8300,16.4704,2963700
2008-07-21,26.9000,27.1000,26.7600,26.7700,16.4336,3792900
2008-07-22,26.8000,27.3200,26.8000,27.2400,16.7221,1357800
2008-07-23,27.2800,27.4400,27.1400,27.4300,16.8387,3088500
2008-07-24,27.3800,27.4800,27.1200,27.2600,16.7344,3320100
2008-07-25,27.3100,27.3100,27.0700,27.1100,16.6423,5232900
2008-07-28,26.9200,27.1700,26.8800,26.8800,16.5011,1859900
2008-07-29,27.0200,27.5100,27.0000,27.5100,16.8878,2977700
2008-07-30,27.6300,27.9000,27.5100,27.8300,17.0843,3801500
2008-07-31,27.5800,27.7300,27.3400,27.4000,16.8203,5016200
2008-08-01,27.4900,27.5400,27.2800,27.3500,16.7896,4155300
2008-08-04,27.4000,27.8000,27.3600,27.6000,16.9431,2253600
2008-08-05,27.8800,28.3500,27.7700,28.0800,17.2377,3395900
2008-08-06,27.8700,28.4300,27.8200,28.3800,17.4219,5259100
2008-08-07,28.2100,28.2300,27.8300,27.8300,17.0843,3992700
2008-08-08,27.8200,28.5400,27.8100,28.4100,17.4403,3085300
2008-08-11,28.4600,28.7700,28.4000,28.6600,17.5938,2905000
2008-08-12,28.7100,28.8600,28.5200,28.8600,17.7166,3044200
2008-08-13,28.7300,28.7500,28.4300,28.5700,17.5385,4616900
2008-08-14,28.5400,28.8900,28.3500,28.7000,17.6183,4390900
2008-08-15,28.7200,29.0200,28.6500,28.9800,17.7902,1962000
2008-08-18,28.9900,28.9900,28.6000,28.8600,17.7166,2579900
2008-08-19,28.5200,28.6200,28.3900,28.4700,17.4771,2744300
2008-08-20,28.4300,28.5500,28.1700,28.4800,17.4833,2201400
2008-08-21,28.1100,28.3500,28.0300,28.1700,17.2930,1888600
2008-08-22,28.3500,28.8100,28.3500,28.6800,17.6061,2801800
2008-08-25,28.4600,28.5600,28.1300,28.2200,17.3237,3148400
2008-08-26,28.1200,28.2900,28.0100,28.1100,17.2561,1495600
2008-08-27,28.0900,28.2700,28.0400,28.2400,17.3359,1247800
2008-08-28,28.3600,28.4600,28.1800,28.4200,17.4464,1487500
2008-08-29,28.4200,28.4500,28.0800,28.1400,17.2746,1667000
2008-09-02,28.4500,28.7000,28.3400,28.4500,17.4649,3601000
2008-09-03,28.3600,28.5200,28.2400,28.2400,17.3359,2136900
2008-09-04,28.4800,28.4800,28.0400,28.0600,17.2255,3137300
2008-09-05,28.0600,28.4000,27.9200,28.3200,17.3851,8917700
2008-09-08,28.7700,29.1300,28.5800,28.9200,17.7534,4121100
2008-09-09,29.2600,29.2900,28.7200,28.7700,17.6613,4849300
2008-09-10,28.9800,28.9800,28.7400,28.9700,17.7841,5140700
2008-09-11,28.8000,29.2300,28.5600,29.0900,17.8577,4499000
2008-09-12,29.0200,29.1600,28.9100,29.1500,17.8946,3219200
2008-09-15,29.0500,29.1600,28.5900,28.8000,17.6797,7420400
2008-09-16,28.9900,28.9900,27.9300,28.8000,17.6797,7878800
2008-09-17,28.3400,28.5700,27.7500,27.7700,17.0474,8617900
2008-09-18,28.4900,28.5800,27.7800,27.9500,17.1579,11022500
2008-09-19,29.4900,30.2900,27.7000,27.7000,17.1202,6403500
2008-09-22,27.7800,29.3800,27.3700,27.5500,17.0275,5088600
2008-09-23,27.5500,27.8200,27.1800,27.1800,16.7988,3901800
2008-09-24,27.2100,27.4900,27.0500,27.1300,16.7679,4509800
2008-09-25,27.3300,27.9000,27.2400,27.8000,17.1820,7749500
2008-09-26,27.4500,27.9600,27.4500,27.7000,17.1202,2529400
2008-09-29,27.8900,27.9500,26.6600,26.6600,16.4774,9894400
2008-09-30,27.0100,27.6000,26.9800,27.6000,17.0584,2583600
2008-10-01,27.5300,28.0800,26.9800,27.8000,17.1820,8520100
2008-10-02,27.8500,27.8500,27.3400,27.4500,16.9657,5136400
2008-10-03,28.5500,28.7500,27.2000,27.2300,16.8297,5895100
2008-10-06,26.5400,27.0200,25.5000,26.4400,16.3415,9393600
2008-10-07,27.3200,27.3200,25.3500,25.6000,15.8223,6318900
2008-10-08,24.3100,25.8200,24.3100,24.9000,15.3897,8482800
2008-10-09,25.1700,25.4300,23.3800,23.4000,14.4626,13186900
2008-10-10,22.7400,24.2600,21.6300,23.6000,14.5862,14753000
2008-10-13,25.5200,25.5200,23.7700,24.7000,15.2660,6320300
2008-10-14,26.2400,26.2400,23.9400,24.7500,15.2970,15789900
2008-10-15,24.4400,24.4400,22.7800,23.9000,14.7716,7790100
2008-10-16,24.1000,24.1300,22.2100,24.1300,14.9138,11936300
2008-10-17,23.8500,24.6500,23.3500,24.3100,15.0250,6180600
2008-10-20,24.8200,24.8800,24.0000,24.5100,15.1486,5524900
2008-10-21,24.8700,24.8700,24.2000,24.2800,15.0065,4127400
2008-10-22,24.5100,24.5100,22.9800,23.9000,14.7716,7026600
2008-10-23,23.5000,24.0000,22.4700,24.0000,14.8334,8948500
2008-10-24,22.2500,23.1700,22.2500,22.8000,14.0917,7992500
2008-10-27,22.1500,23.0500,22.1300,22.2200,13.7333,4859300
2008-10-28,22.8100,24.2500,22.2200,23.7500,14.6789,4701100
2008-10-29,24.2200,24.6400,23.2500,23.2900,14.3946,7062500
2008-10-30,23.8400,24.4800,23.8100,24.2700,15.0003,6944000
2008-10-31,24.7600,24.9300,24.0100,24.1200,14.9076,12867200
2008-11-03,24.5800,24.7700,24.3800,24.4900,15.1363,7543100
2008-11-04,25.2100,25.3600,24.6600,24.8500,15.3588,4796900
2008-11-05,25.3200,25.3200,24.3400,24.4100,15.0868,5030000
2008-11-06,24.4000,24.6500,23.5000,24.1500,14.9261,6801000
2008-11-07,24.0000,24.3100,23.8800,24.2600,14.9941,4683300
2008-11-10,24.7300,24.7300,23.9200,24.3300,15.0374,3000200
2008-11-11,24.2000,24.2300,23.6100,23.7800,14.6974,4558400
2008-11-12,23.5400,23.6100,23.0000,23.2700,14.3822,6267000
2008-11-13,23.1100,24.2000,22.5400,24.2000,14.9570,7828700
2008-11-14,23.8600,24.3300,23.3900,23.4800,14.5120,6104600
2008-11-17,23.3200,23.7200,22.9500,23.1700,14.3204,4648600
2008-11-18,23.9200,23.9200,22.7500,23.3300,14.4193,6971200
2008-11-19,23.3500,23.8000,22.6600,22.7300,14.0485,6407700
2008-11-20,22.7300,23.2900,21.7100,21.9400,13.5602,11979400
2008-11-21,22.0300,22.9900,21.4000,22.9900,14.2092,16419700
2008-11-24,23.3200,23.8900,22.8200,23.2800,14.3884,7532900
2008-11-25,24.1400,24.1400,23.0100,23.4100,14.4688,7972400
2008-11-26,23.1200,23.7200,22.8900,23.7100,14.6542,10189000
2008-11-28,23.4600,24.0700,23.4600,24.0700,14.8767,2234600
2008-12-01,23.5900,23.6700,22.6500,22.7400,14.0547,7280700
2008-12-02,22.9500,23.2100,22.4600,23.0700,14.2586,8265800
2008-12-03,22.5000,23.4300,22.4700,23.3500,14.4317,8389700
2008-12-04,23.3300,23.5500,22.8200,23.0500,14.2463,7789600
2008-12-05,22.8900,23.8700,22.6100,23.7000,14.6480,8089400
2008-12-08,24.4800,24.4800,23.5800,23.8400,14.7345,8635700
2008-12-09,23.7000,23.7900,23.1200,23.3800,14.4502,10381200
2008-12-10,23.5300,23.5300,23.0700,23.3700,14.4440,7463700
2008-12-11,23.0000,23.5500,23.0000,23.1100,14.2833,7506700
2008-12-12,22.7000,23.2500,22.6200,23.1400,14.3019,6598500
2008-12-15,23.3100,23.3100,22.8700,23.1200,14.2895,4743000
2008-12-16,23.6600,23.7400,23.1300,23.6600,14.6233,8487100
2008-12-17,23.4000,23.7600,23.3600,23.5400,14.5491,6419600
2008-12-18,23.7400,23.9800,23.3800,23.6200,14.5986,7119600
2008-12-19,23.7400,23.8600,23.2200,23.2300,14.4801,9227600
2008-12-22,23.3800,23.3800,22.9700,23.2900,14.5175,4339700
2008-12-23,23.3300,23.4800,23.0100,23.1000,14.3991,5958200
2008-12-24,23.2200,23.3500,23.1700,23.3000,14.5237,780900
2008-12-26,23.4500,23.4500,23.2200,23.3200,14.5362,2630500
2008-12-29,23.3200,23.3600,23.0100,23.2700,14.5050,1985100
2008-12-30,23.3900,23.6600,23.3800,23.6400,14.7357,3071400
2008-12-31,23.6600,23.9800,23.6600,23.8700,14.8790,2815100
2009-01-02,23.9400,24.3300,23.8000,24.2100,15.0910,3757900
2009-01-05,24.1100,24.3100,24.0500,24.3100,15.1533,6645500
2009-01-06,24.4000,24.4300,23.8200,23.9500,14.9289,8797400
2009-01-07,23.6900,23.9000,23.5700,23.7100,14.7793,4228700
2009-01-08,23.4200,23.4900,23.1700,23.4000,14.5861,6252100
2009-01-09,23.3500,23.4200,23.0000,23.0000,14.3367,6061400
2009-01-12,23.0500,23.1800,22.9000,23.0100,14.3430,6542400
2009-01-13,23.0200,23.2500,23.0000,23.1500,14.4302,9802600
2009-01-14,22.7500,22.9200,22.4900,22.6400,14.1123,5902500
2009-01-15,22.5100,22.7800,22.3200,22.7400,14.1747,7621300
2009-01-16,23.0800,23.0900,22.7600,22.9500,14.3056,3835100
2009-01-20,23.0000,23.1600,22.6300,22.6800,14.1373,11335300
2009-01-21,22.9500,22.9900,22.3600,22.7900,14.2058,6566600
2009-01-22,22.5500,22.8500,22.3600,22.7700,14.1934,8119600
2009-01-23,22.3800,22.6700,22.2900,22.5500,14.0562,6117100
2009-01-26,22.6700,22.9600,22.5500,22.7000,14.1497,6673000
2009-01-27,22.8000,23.0200,22.7000,22.8200,14.2245,8160500
2009-01-28,23.1300,23.3700,22.8900,23.0500,14.3679,6032700
2009-01-29,22.9500,23.1900,22.7900,22.8500,14.2432,4191700
2009-01-30,22.7700,22.7800,22.0100,22.1500,13.8069,8398800
2009-02-02,21.9100,22.1100,21.7500,21.9600,13.6885,5575100
2009-02-03,21.9700,22.5300,21.8700,22.4400,13.9877,5450500
2009-02-04,22.4000,22.4000,21.7800,21.8300,13.6074,7962600
2009-02-05,21.7900,22.2200,21.7200,22.1400,13.8007,12049300
2009-02-06,22.2300,22.6000,22.1000,22.5200,14.0375,7266500
2009-02-09,22.4700,22.4800,22.1900,22.3000,13.9004,4804700
2009-02-10,22.1000,22.1900,21.4500,21.5800,13.4516,7240500
2009-02-11,21.6800,21.8000,21.5600,21.7000,13.5264,5428200
2009-02-12,21.5000,21.9300,21.3900,21.9000,13.6511,7142700
2009-02-13,21.9600,21.9600,21.5600,21.5600,13.4391,3946500
2009-02-17,21.2200,21.5100,21.0900,21.2500,13.2459,5893400
2009-02-18,21.4300,21.4500,21.1700,21.3600,13.3145,6997100
2009-02-19,21.5900,21.8000,21.5400,21.6300,13.4828,5025900
2009-02-20,21.1100,21.5900,21.1100,21.3000,13.2771,7591400
2009-02-23,21.2900,21.4600,20.7400,20.7500,12.9342,5494700
2009-02-24,20.9200,21.2300,20.7700,21.1500,13.1836,6059900
2009-02-25,21.0800,21.2400,20.8200,20.9500,13.0589,5797200
2009-02-26,21.1000,21.1100,20.4600,20.4900,12.7722,5424000
2009-02-27,20.3700,20.7500,20.2800,20.3600,12.6911,5643200
2009-03-02,20.1400,20.3400,19.8900,19.9700,12.4480,6964600
2009-03-03,20.1500,20.1500,19.6500,19.7300,12.2984,6351300
2009-03-04,19.9900,20.3500,19.7300,20.1100,12.5353,5214900
2009-03-05,19.9900,20.0300,19.4400,19.6500,12.2486,7268000
2009-03-06,19.7000,19.9400,19.3100,19.7100,12.2860,6911800
2009-03-09,19.6800,19.8200,19.2800,19.4100,12.0990,4769800
2009-03-10,19.4600,19.8400,19.4500,19.7700,12.3234,4260500
2009-03-11,19.9100,20.0100,19.6600,19.7500,12.3109,5810500
2009-03-12,19.7500,20.3100,19.6500,20.2600,12.6288,4139200
2009-03-13,20.4200,20.6700,20.2500,20.5600,12.8158,3651100
2009-03-16,20.8100,21.1200,20.7200,20.8800,13.0153,4294300
2009-03-17,20.9700,21.2700,20.8000,21.2700,13.2584,3795800
2009-03-18,21.0800,21.3700,20.8500,21.1600,13.1898,5077200
2009-03-19,21.2000,21.2400,20.6900,20.8900,13.0215,5382900
2009-03-20,20.8400,20.9000,20.5700,20.5700,12.8980,3539900
2009-03-23,20.9100,21.4900,20.8600,21.4700,13.4623,6526400
2009-03-24,21.3900,21.5600,21.2700,21.3700,13.3996,4791400
2009-03-25,21.4100,21.7900,21.2500,21.5800,13.5313,4945200
2009-03-26,21.7700,21.8200,21.4800,21.8200,13.6818,6675200
2009-03-27,21.6100,21.7700,21.4900,21.6100,13.5501,4300400
2009-03-30,21.3900,21.3900,20.8700,21.1400,13.2554,5073600
2009-03-31,21.2900,21.3800,20.9800,21.1000,13.2303,6137700
2009-04-01,20.9900,21.5000,20.8200,21.4600,13.4560,3698800
2009-04-02,21.7100,22.1300,21.6600,21.9100,13.7382,7864100
2009-04-03,21.8400,22.0500,21.6300,21.8200,13.6818,5373200
2009-04-06,21.7000,21.8800,21.5600,21.8800,13.7194,5334200
2009-04-07,21.4400,21.7000,21.4300,21.4800,13.4686,4710900
2009-04-08,21.5700,21.7400,21.4800,21.6600,13.5814,2856100
2009-04-09,21.9500,21.9600,21.5500,21.6700,13.5877,3632600
2009-04-13,21.5900,21.7400,21.5300,21.6100,13.5501,4532300
2009-04-14,21.6100,21.6700,21.2300,21.3100,13.3620,3846300
2009-04-15,21.3000,21.6900,21.2100,21.6900,13.6002,3849300
2009-04-16,21.8100,22.0300,21.5500,21.9800,13.7821,7116700
2009-04-17,22.0800,22.1600,21.9300,22.0900,13.8511,4750600
2009-04-20,21.7400,22.0600,21.6600,21.6600,13.5814,10397000
2009-04-21,21.7000,21.9400,21.5700,21.8800,13.7194,5797100
2009-04-22,21.6900,21.8700,21.5500,21.5900,13.5375,7322600
2009-04-23,21.5900,21.6800,21.3000,21.5900,13.5375,7898900
2009-04-24,21.7000,21.7400,21.4300,21.5000,13.4811,9407500
2009-04-27,21.3100,21.8400,21.3100,21.6300,13.5626,5371200
2009-04-28,21.3400,21.8200,21.3400,21.7300,13.6253,4986700
2009-04-29,21.8000,22.2500,21.7800,22.0900,13.8511,5567900
2009-04-30,22.1800,22.2000,21.8600,22.0000,13.7946,6801500
2009-05-01,22.0700,22.0900,21.7500,22.0900,13.8511,4343700
2009-05-04,22.2300,22.5000,22.0900,22.4300,14.0642,5021200
2009-05-05,22.3800,22.5700,22.1800,22.2400,13.9451,7102300
2009-05-06,22.3200,22.4800,22.2500,22.3800,14.0329,8046700
2009-05-07,22.5700,22.6600,22.4000,22.4700,14.0893,6841600
2009-05-08,22.5500,22.7800,22.5500,22.7600,14.2712,7584100
2009-05-11,22.6200,22.6800,22.4100,22.6500,14.2022,5549500
2009-05-12,22.6400,22.9500,22.5600,22.9200,14.3715,5243100
2009-05-13,22.7500,22.7500,22.4900,22.5000,14.1081,5287800
2009-05-14,22.6800,22.7300,22.5600,22.5800,14.1583,6371400
2009-05-15,22.5600,22.7200,22.3700,22.3700,14.0266,7032500
2009-05-18,22.9100,22.9300,22.5100,22.8400,14.3213,6592300
2009-05-19,22.8500,23.0200,22.8100,22.9700,14.4028,6450900
2009-05-20,23.1100,23.2200,22.9800,23.0000,14.4217,10199200
2009-05-21,22.8100,22.9000,22.6600,22.7900,14.2900,5724300
2009-05-22,22.7600,23.1300,22.7600,22.9300,14.3778,6040400
2009-05-26,22.9200,23.2500,22.7800,23.2200,14.5596,5478700
2009-05-27,23.2000,23.2600,22.6300,22.6300,14.1897,6976400
2009-05-28,22.7600,23.0000,22.5700,22.8700,14.3401,7246000
2009-05-29,22.9300,23.1800,22.8400,23.1200,14.4969,6894700
2009-06-01,23.3400,23.6600,23.2900,23.5800,14.7853,7258800
2009-06-02,23.6100,23.9200,23.4500,23.8200,14.9358,6547300
2009-06-03,23.8000,23.8000,23.5400,23.7000,14.8606,6743400
2009-06-04,23.6700,23.8100,23.4700,23.7400,14.8857,6186500
2009-06-05,23.9000,23.9600,23.5300,23.6200,14.8104,4533800
2009-06-08,23.4800,23.8200,23.4400,23.7100,14.8669,4605900
2009-06-09,23.8000,23.8000,23.5000,23.5000,14.7352,5158100
2009-06-10,23.5900,23.6800,23.1800,23.2400,14.5721,6272400
2009-06-11,23.3000,23.6300,23.2800,23.3400,14.6348,4375100
2009-06-12,23.2600,23.5200,23.2300,23.5200,14.7477,5717100
2009-06-15,23.4100,23.4100,22.9500,22.9500,14.3903,6131200
2009-06-16,23.0000,23.0200,22.6500,22.6500,14.2022,5372600
2009-06-17,22.7700,23.0000,22.7000,22.8800,14.3464,6575000
2009-06-18,22.8800,23.3100,22.8100,23.3000,14.6098,5950200
2009-06-19,23.2000,23.3000,22.8200,22.8900,14.4625,6319200
2009-06-22,22.8200,22.9000,22.6900,22.8000,14.4057,3974800
2009-06-23,22.7600,22.8900,22.6600,22.6600,14.3172,3668200
2009-06-24,22.8300,22.8800,22.6400,22.7200,14.3551,6364800
2009-06-25,22.7000,23.1600,22.6400,23.1100,14.6016,6931400
2009-06-26,23.2200,23.2200,22.9100,23.0300,14.5510,3293400
2009-06-29,23.1400,23.2500,23.0200,23.1700,14.6395,2135000
2009-06-30,23.1300,23.5200,22.9000,22.9900,14.5257,3496300
2009-07-01,23.0900,23.5200,23.0900,23.3800,14.7721,6946000
2009-07-02,23.1800,23.3800,22.8900,22.8900,14.4625,4945400
2009-07-06,22.8500,23.3600,22.8200,23.3600,14.7595,5522100
2009-07-07,23.2800,23.3800,23.0600,23.0700,14.5763,4595800
2009-07-08,23.0900,23.2600,23.0500,23.1700,14.6395,6933200
2009-07-09,23.1700,23.2900,22.9400,23.0000,14.5320,3680700
2009-07-10,23.0200,23.1300,22.8500,22.8900,14.4625,3175600
2009-07-13,22.8800,23.3100,22.8800,23.3000,14.7216,2694400
2009-07-14,23.2800,23.3800,23.2100,23.3700,14.7658,4135000
2009-07-15,23.5600,23.8000,23.4100,23.7500,15.0059,4629300
2009-07-16,23.7500,23.9200,23.6500,23.9100,15.1070,4606500
2009-07-17,23.9100,23.9600,23.8000,23.9300,15.1196,3502200
2009-07-20,24.0600,24.0600,23.7500,24.0000,15.1639,5113400
2009-07-21,24.1000,24.1800,23.7700,23.9700,15.1449,6419500
2009-07-22,24.0400,24.1100,23.9300,23.9800,15.1512,4032400
2009-07-23,24.0800,24.4800,23.9500,24.3100,15.3597,5286800
2009-07-24,24.3000,24.5300,24.2400,24.5300,15.4987,2274500
2009-07-27,24.4100,24.5300,24.2400,24.4400,15.4419,4539400
2009-07-28,24.2900,24.5200,24.2900,24.4700,15.4608,4661900
2009-07-29,24.3300,24.6500,24.3300,24.6000,15.5430,3655900
2009-07-30,24.8000,24.8900,24.5700,24.5700,15.5240,4899200
2009-07-31,24.6500,24.8200,24.5100,24.5200,15.4924,4421900
2009-08-03,24.6300,24.7500,24.3900,24.5500,15.5114,5843300
2009-08-04,24.5200,24.7700,24.4900,24.5900,15.5366,4355100
2009-08-05,24.5400,24.5700,24.2800,24.4300,15.4356,4473800
2009-08-06,24.4100,24.4500,24.0800,24.1800,15.2776,6181200
2009-08-07,24.2100,24.3500,24.1400,24.2800,15.3408,6299400
2009-08-10,24.2800,24.3300,24.1500,24.3000,15.3534,4821500
2009-08-11,24.3100,24.3700,24.2500,24.3000,15.3534,2614000
2009-08-12,24.2200,24.4700,24.2100,24.2900,15.3471,2812100
2009-08-13,24.3500,24.4300,24.1700,24.4300,15.4356,5435200
2009-08-14,24.3900,24.5100,24.1800,24.4000,15.4166,2435000
2009-08-17,24.1000,24.2700,24.0800,24.1500,15.2586,3634800
2009-08-18,24.1000,24.2700,24.0200,24.1900,15.2839,3225100
2009-08-19,24.0500,24.4000,24.0500,24.3500,15.3850,2962300
2009-08-20,24.2900,24.5400,24.2900,24.4700,15.4608,2855400
2009-08-21,24.5800,24.8300,24.5500,24.7400,15.6314,3033200
2009-08-24,24.8700,24.8900,24.6800,24.7500,15.6378,1557900
2009-08-25,24.7500,25.0100,24.7300,24.7900,15.6630,4690600
2009-08-26,24.8200,24.9900,24.7700,24.8700,15.7136,3094100
2009-08-27,24.9400,24.9400,24.6900,24.8700,15.7136,3329500
2009-08-28,24.9100,24.9400,24.6600,24.7700,15.6504,2780300
2009-08-31,24.7200,24.8500,24.6300,24.8200,15.6820,3750000
2009-09-01,24.7100,24.9300,24.5200,24.5900,15.5366,5901800
2009-09-02,24.5500,24.6700,24.4800,24.6100,15.5493,4708600
2009-09-03,24.8500,24.8500,24.5100,24.6600,15.5809,4783500
2009-09-04,24.7000,24.8900,24.6700,24.8400,15.6946,4520400
2009-09-08,24.9700,25.1100,24.9100,25.0500,15.8273,9057200
2009-09-09,25.1000,25.1500,24.9700,25.0400,15.8210,4949400
2009-09-10,25.1000,25.2600,25.0900,25.2200,15.9347,5525000
2009-09-11,25.3800,25.3800,25.2100,25.3300,16.0042,6393000
2009-09-14,25.1200,25.3600,25.1000,25.2700,15.9663,3836600
2009-09-15,25.3600,25.3700,25.0700,25.1400,15.8842,4470400
2009-09-16,25.2500,25.3400,25.0800,25.3400,16.0105,6051700
2009-09-17,25.3600,25.4400,25.2300,25.2500,15.9537,7982900
2009-09-18,25.2200,25.4300,25.1700,25.4000,16.1630,10221900
2009-09-21,25.3700,25.3900,25.2300,25.3200,16.1121,5289600
2009-09-22,25.4400,25.4400,25.2500,25.3700,16.1439,3232900
2009-09-23,25.4400,25.6800,25.3700,25.3700,16.1439,5099700
2009-09-24,25.4100,25.5000,25.2200,25.2400,16.0612,5439000
2009-09-25,25.3200,25.3900,25.1900,25.2400,16.0612,4413000
2009-09-28,25.1600,25.4500,25.1600,25.2900,16.0930,5071800
2009-09-29,25.4200,25.5600,25.3800,25.4100,16.1694,4600500
2009-09-30,25.5000,25.5300,25.2000,25.4600,16.2012,5376500
2009-10-01,25.3900,25.4600,25.1600,25.2300,16.0548,10605100
2009-10-02,25.0900,25.4000,25.0900,25.3100,16.1057,5437500
2009-10-05,25.2900,25.4000,25.1000,25.3700,16.1439,4912700
2009-10-06,25.4100,25.6500,25.4100,25.6000,16.2903,5368000
2009-10-07,25.6300,25.7100,25.5700,25.7100,16.3603,4390300
2009-10-08,25.7400,25.9200,25.7300,25.8600,16.4557,3002700
2009-10-09,25.8900,25.9400,25.7900,25.9200,16.4939,3633700
2009-10-12,25.9000,26.1200,25.9000,26.0300,16.5639,1902800
2009-10-13,26.0200,26.0200,25.8400,25.9400,16.5066,2224300
2009-10-14,26.1400,26.1400,25.9400,26.0300,16.5639,4402200
2009-10-15,26.0100,26.2700,25.9700,26.2300,16.6912,3667800
2009-10-16,26.1500,26.4500,26.1500,26.3700,16.7803,4825800
2009-10-19,26.4100,26.6400,26.3700,26.5200,16.8757,10552700
2009-10-20,26.5000,26.6600,26.4400,26.4900,16.8566,8234700
2009-10-21,26.4500,26.6600,26.2300,26.2900,16.7294,11709200
2009-10-22,26.2400,26.4500,26.1300,26.3300,16.7548,5120300
2009-10-23,26.4000,26.4000,25.9900,26.0700,16.5894,6902900
2009-10-26,26.0500,26.2700,25.8300,25.8700,16.4621,5801500
2009-10-27,25.9000,26.0300,25.7900,25.8900,16.4748,6461800
2009-10-28,25.8100,26.0600,25.7900,25.8200,16.4303,14674900
2009-10-29,26.0600,26.2900,25.9400,26.2400,16.6975,9849600
2009-10-30,26.2100,26.3000,25.8000,25.8300,16.4366,8113500
2009-11-02,25.8300,26.1200,25.8300,26.0800,16.5957,8836600
2009-11-03,25.9700,26.0800,25.7800,25.9100,16.4875,18182500
2009-11-04,25.9500,26.2500,25.9400,26.0100,16.5512,8039000
2009-11-05,25.9000,26.1600,25.7700,26.1300,16.6275,11922000
2009-11-06,26.0100,26.2400,25.9600,26.2000,16.6721,4572000
2009-11-09,26.4100,26.6300,26.2600,26.6300,16.9457,5407200
2009-11-10,26.6200,26.7600,26.5300,26.6200,16.9394,3515400
2009-11-11,26.7600,26.7600,26.5700,26.7000,16.9903,7192400
2009-11-12,26.6700,26.8000,26.5200,26.5400,16.8884,4785200
2009-11-13,26.6400,26.7700,26.5100,26.7200,17.0030,4050000
2009-11-16,26.7700,27.0100,26.7700,26.8700,17.0984,5216000
2009-11-17,26.8500,27.0000,26.8500,27.0000,17.1812,4238700
2009-11-18,27.0200,27.0200,26.8000,26.9800,17.1684,6226300
2009-11-19,26.8400,26.9100,26.6500,26.8500,17.0857,6202300
2009-11-20,26.7400,26.9700,26.7400,26.8900,17.1112,5682800
2009-11-23,27.0600,27.2300,27.0600,27.1200,17.2575,4272100
2009-11-24,27.0600,27.2100,27.0200,27.1800,17.2957,4566000
2009-11-25,27.2400,27.2400,27.1200,27.1300,17.2639,4851800
2009-11-27,26.5400,27.0100,26.5300,26.8800,17.1048,3912500
2009-11-30,26.9100,26.9100,26.6800,26.7800,17.0412,4728400
2009-12-01,27.0000,27.1600,26.8300,27.1500,17.2766,5351500
2009-12-02,27.0700,27.1900,27.0000,27.1200,17.2575,4973400
2009-12-03,27.1600,27.1600,26.8700,26.9100,17.1239,7580100
2009-12-04,27.1300,27.2900,26.8700,27.0500,17.2130,8089800
2009-12-07,26.9200,27.1100,26.9200,27.0200,17.1939,4439600
2009-12-08,26.9000,26.9000,26.6000,26.7100,16.9966,9975200
2009-12-09,26.7300,26.7800,26.5900,26.7600,17.0284,6639500
2009-12-10,26.9700,27.0000,26.8200,26.8500,17.0857,6643700
2009-12-11,26.9900,27.1300,26.9400,27.0000,17.1812,4554400
2009-12-14,27.1200,27.1800,27.0200,27.1000,17.2448,4087600
2009-12-15,27.0600,27.0600,26.9200,26.9900,17.1748,5234500
2009-12-16,27.0900,27.1000,26.8500,26.8600,17.0921,6109200
2009-12-17,26.7300,26.7900,26.5300,26.5400,16.8884,10700400
2009-12-18,26.5300,26.5300,25.9600,26.2400,16.8557,10117500
2009-12-21,26.3500,26.5300,26.2700,26.3800,16.9456,7650300
2009-12-22,26.3500,26.5800,26.3500,26.5600,17.0612,4110600
2009-12-23,26.5100,26.6400,26.5000,26.5800,17.0741,3559100
2009-12-24,26.6300,26.7200,26.6000,26.6800,17.1383,1568200
2009-12-28,26.8100,26.8100,26.6500,26.7300,17.1704,8470700
2009-12-29,26.7500,26.8500,26.7500,26.7800,17.2026,3186000
2009-12-30,26.7300,26.8200,26.6900,26.7300,17.1704,3142600
2009-12-31,26.8000,26.8000,26.4400,26.4700,17.0034,5099400
2010-01-04,26.4500,26.7800,26.4500,26.6700,17.1319,8465900
2010-01-05,26.6900,26.7200,26.5400,26.6800,17.1383,11805400
2010-01-06,26.6500,26.6900,26.5400,26.6600,17.1255,9267000
2010-01-07,26.7400,26.7400,26.5100,26.6600,17.1255,6951500
2010-01-08,26.6000,26.6000,26.4200,26.5700,17.0677,5437400
2010-01-11,26.5600,26.6800,26.3800,26.6400,17.1126,6140200
2010-01-12,26.5400,26.7900,26.5400,26.7900,17.2090,6822400
2010-01-13,26.8000,27.0400,26.7900,26.9800,17.3310,7926700
2010-01-14,26.9400,27.0000,26.8700,26.9000,17.2796,5258900
2010-01-15,26.9400,26.9800,26.6700,26.7700,17.1961,11968800
2010-01-19,26.8400,26.9700,26.7200,26.9300,17.2989,10974200
2010-01-20,26.8800,26.8800,26.5300,26.7300,17.1704,8670500
2010-01-21,26.7100,26.8400,26.2900,26.3500,16.9263,9044700
2010-01-22,26.2500,26.4900,26.2000,26.2900,16.8878,9082400
2010-01-25,26.4800,26.4900,26.2100,26.3400,16.9199,6078200
2010-01-26,26.2100,26.4100,26.1600,26.3100,16.9006,8116700
2010-01-27,26.2800,26.4000,26.1700,26.3700,16.9392,12558400
2010-01-28,26.4100,26.6100,26.2900,26.3000,16.8942,14181700
2010-01-29,26.4200,26.5700,26.2000,26.2000,16.8300,8930500
2010-02-01,26.3600,26.4500,26.2500,26.4000,16.9585,9016100
2010-02-02,26.4500,26.8100,26.3900,26.7800,17.2026,7433200
2010-02-03,26.7100,26.7100,26.5400,26.5900,17.0805,6566900
2010-02-04,26.5100,26.5200,26.0000,26.0500,16.7336,10827300
2010-02-05,26.0000,26.0500,25.7100,25.9800,16.6887,13527400
2010-02-08,26.0500,26.1700,25.9300,25.9500,16.6694,5150900
2010-02-09,26.1900,26.4000,26.0400,26.2600,16.8685,7456500
2010-02-10,26.2800,26.2900,26.0400,26.2300,16.8493,6364600
2010-02-11,26.2200,26.4900,26.0600,26.4400,16.9842,5879800
2010-02-12,26.2600,26.4900,26.1900,26.4400,16.9842,8895400
2010-02-16,26.5000,26.7300,26.4400,26.7100,17.1576,7113900
2010-02-17,26.7900,26.9300,26.7200,26.9000,17.2796,7493600
2010-02-18,26.8900,27.1200,26.8300,27.0600,17.3824,7539300
2010-02-19,27.0500,27.2000,26.9400,27.1200,17.4210,4443900
2010-02-22,27.2000,27.2100,27.0400,27.1200,17.4210,4414400
2010-02-23,27.0300,27.1500,26.8300,26.9700,17.3246,8464300
2010-02-24,26.9800,27.1500,26.9200,27.1400,17.4338,4147700
2010-02-25,26.9000,27.2000,26.8200,27.1600,17.4467,6443300
2010-02-26,27.2000,27.2000,26.9600,27.0300,17.3632,5805900
2010-03-01,27.1300,27.2400,27.0200,27.2200,17.4852,4360200
2010-03-02,27.2700,27.3800,27.2200,27.3200,17.5494,14652000
2010-03-03,27.3600,27.4200,27.2700,27.3300,17.5559,7569800
2010-03-04,27.4200,27.5300,27.3600,27.4200,17.6137,5479500
2010-03-05,27.5600,27.6100,27.4100,27.5900,17.7229,5123200
2010-03-08,27.5800,27.6200,27.4500,27.4900,17.6586,2690800
2010-03-09,27.4300,27.5700,27.4100,27.4500,17.6330,4602700
2010-03-10,27.4900,27.4900,27.3400,27.4100,17.6073,4573000
2010-03-11,27.3600,27.4800,27.2300,27.4600,17.6394,6084000
2010-03-12,27.5000,27.5400,27.4400,27.4800,17.6522,14073100
2010-03-15,27.4500,27.7100,27.4500,27.6900,17.7871,4104900
2010-03-16,27.6600,27.8400,27.6600,27.8200,17.8706,5360500
2010-03-17,27.8900,27.9800,27.8100,27.9400,17.9477,3955000
2010-03-18,27.9400,27.9900,27.8800,27.9700,17.9670,4596000
2010-03-19,27.7700,27.9500,27.6400,27.7700,17.9141,4385200
2010-03-22,27.6600,27.9500,27.6500,27.9100,18.0044,3038800
2010-03-23,27.9000,28.1700,27.8800,28.1300,18.1463,5327400
2010-03-24,28.1200,28.1200,27.8500,27.9300,18.0173,3325600
2010-03-25,28.0300,28.0400,27.8500,27.8900,17.9915,3843500
2010-03-26,27.9500,27.9900,27.8100,27.9100,18.0044,3289300
2010-03-29,28.0000,28.1100,27.9300,28.0400,18.0883,6690800
2010-03-30,28.1000,28.1900,28.0100,28.0900,18.1205,3458100
2010-03-31,28.0500,28.0700,27.9100,27.9300,18.0173,4757200
2010-04-01,28.0600,28.1600,27.9800,28.1100,18.1334,4442600
2010-04-05,28.1900,28.1900,28.0600,28.1100,18.1334,3603500
2010-04-06,28.0300,28.0700,27.9900,28.0200,18.0754,3965600
2010-04-07,28.0000,28.0000,27.7900,27.8400,17.9592,3591200
2010-04-08,27.8400,27.9400,27.7600,27.8900,17.9915,2570500
2010-04-09,27.9400,28.0600,27.8700,28.0400,18.0883,3339000
2010-04-12,28.0300,28.1300,28.0100,28.1300,18.1463,4090000
2010-04-13,28.0300,28.1200,27.8900,28.0400,18.0883,3045800
2010-04-14,28.0300,28.0800,27.9100,28.0800,18.1141,3626000
2010-04-15,27.9600,28.0300,27.9000,28.0300,18.0818,3876300
2010-04-16,27.9400,28.1300,27.8100,27.9100,18.0044,6525100
2010-04-19,27.8500,28.0300,27.8300,28.0200,18.0754,4791100
2010-04-20,28.0700,28.1700,28.0100,28.1000,18.1270,5377800
2010-04-21,28.1500,28.2000,28.0400,28.1000,18.1270,5605500
2010-04-22,27.9600,28.1000,27.8800,28.1000,18.1270,2422800
2010-04-23,28.0700,28.0700,27.8700,28.0300,18.0818,4651200
2010-04-26,28.0500,28.1300,27.9600,27.9700,18.0431,4452200
2010-04-27,27.8400,27.9000,27.4600,27.4800,17.7270,8249300
2010-04-28,27.5900,27.7700,27.4500,27.7000,17.8689,5162100
2010-04-29,27.7800,27.9100,27.6500,27.7900,17.9270,4095500
2010-04-30,27.7700,27.9500,27.6200,27.6300,17.8238,7474600
2010-05-03,27.6600,27.8600,27.6200,27.7900,17.9270,3372800
2010-05-04,27.5900,27.7400,27.4600,27.5100,17.7464,12393300
2010-05-05,27.4000,27.6900,27.4000,27.6100,17.8109,9048500
2010-05-06,27.5000,27.5700,24.9500,26.9200,17.3658,11302200
2010-05-07,26.8000,26.9900,26.5300,26.7400,17.2496,10845600
2010-05-10,27.6100,27.6100,27.2600,27.5200,17.7528,8008800
2010-05-11,27.3300,27.7000,27.2800,27.5100,17.7464,5904600
2010-05-12,27.5100,27.7000,27.4400,27.7000,17.8689,6882700
2010-05-13,27.6800,27.8300,27.5300,27.5300,17.7593,3342300
2010-05-14,27.4900,27.5800,27.1700,27.2700,17.5915,7363700
2010-05-17,27.3700,27.5800,27.2200,27.5600,17.7786,7124200
2010-05-18,27.7000,27.7800,27.3900,27.4000,17.6754,8626600
2010-05-19,27.2400,27.4700,27.1500,27.3300,17.6302,11727400
2010-05-20,27.0000,27.0000,26.4600,26.5200,17.1077,18459000
2010-05-21,26.1200,26.6200,26.0900,26.6200,17.1722,11228500
2010-05-24,26.5000,26.6200,26.3500,26.4300,17.0497,6136100
2010-05-25,25.9100,26.1800,25.7800,26.1200,16.8497,15939800
2010-05-26,26.1800,26.3600,25.9300,25.9500,16.7400,7444000
2010-05-27,26.3100,26.4800,26.1800,26.4800,17.0819,12368000
2010-05-28,26.5000,26.5500,26.3200,26.3500,16.9981,7409900
2010-06-01,26.2600,26.6000,26.0800,26.2900,16.9594,10514700
2010-06-02,26.4100,26.7400,26.3200,26.7400,17.2496,7420600
2010-06-03,26.8000,26.8500,26.6200,26.7800,17.2754,5494200
2010-06-04,26.5500,26.5500,26.0100,26.0700,16.8174,9125300
2010-06-07,26.0200,26.2400,25.8700,25.8700,16.6884,9533900
2010-06-08,25.9000,26.3200,25.8500,26.2900,16.9594,9553000
2010-06-09,26.4900,26.6100,26.1700,26.2400,16.9271,8617100
2010-06-10,26.5200,26.7100,26.4900,26.6900,17.2174,8597800
2010-06-11,26.5400,26.5400,26.2500,26.4700,17.0755,6023400
2010-06-14,26.6600,26.7700,26.5700,26.6200,17.1722,5604600
2010-06-15,26.7600,26.9000,26.6700,26.8900,17.3464,5392500
2010-06-16,26.7500,26.8300,26.6700,26.7100,17.2303,3648800
2010-06-17,26.8300,26.9700,26.6900,26.9500,17.3851,6245100
2010-06-18,26.8600,26.8900,26.6600,26.6600,17.3214,7709400
2010-06-21,26.9000,26.9600,26.5100,26.5900,17.2760,5379600
2010-06-22,26.5700,26.6900,26.3000,26.3000,17.0875,7044200
2010-06-23,26.4000,26.5400,26.2600,26.4700,17.1980,6769800
2010-06-24,26.3200,26.3900,26.1300,26.1500,16.9901,4779800
2010-06-25,26.1900,26.2300,25.8600,25.8800,16.8147,10611300
2010-06-28,25.9000,26.2100,25.8300,26.1000,16.9576,7855100
2010-06-29,25.9000,25.9800,25.6000,25.6800,16.6847,10234200
2010-06-30,25.6100,25.7200,25.4300,25.5000,16.5678,6563600
2010-07-01,25.5300,25.5900,25.3000,25.5500,16.6003,9774300
2010-07-02,25.6000,25.6200,25.3600,25.4500,16.5353,4874600
2010-07-06,25.6900,25.7900,25.4000,25.6000,16.6327,6910800
2010-07-07,25.6300,26.1200,25.5500,26.0900,16.9511,6495100
2010-07-08,26.2800,26.4900,26.1900,26.4800,17.2045,6357800
2010-07-09,26.4700,26.5200,26.3700,26.4800,17.2045,6894900
2010-07-12,26.3800,26.5700,26.3800,26.5700,17.2630,3786300
2010-07-13,26.7600,26.8600,26.6800,26.8100,17.4189,6162300
2010-07-14,26.7100,26.8600,26.6500,26.8200,17.4254,4597100
2010-07-15,26.8500,26.9500,26.6500,26.9000,17.4774,4122900
2010-07-16,26.7900,26.9000,26.4800,26.5200,17.2305,7828300
2010-07-19,26.5200,26.6200,26.4700,26.5700,17.2630,6491700
2010-07-20,26.3400,26.9200,26.3400,26.8900,17.4709,7287700
2010-07-21,26.9800,26.9900,26.5300,26.6000,17.2825,11398300
2010-07-22,26.8300,26.9800,26.7900,26.9000,17.4774,7042900
2010-07-23,26.8600,27.2100,26.8600,27.1500,17.6398,10102900
2010-07-26,27.2300,27.2900,27.1300,27.2900,17.7308,8753200
2010-07-27,27.3600,27.4600,27.2600,27.3900,17.7957,19712600
2010-07-28,27.3400,27.4100,27.2100,27.2400,17.6983,7194100
2010-07-29,27.2400,27.2400,26.7700,26.9100,17.4839,11052600
2010-07-30,26.7400,27.0700,26.6800,26.9800,17.5293,7389100
2010-08-02,27.2600,27.2900,27.1300,27.2900,17.7308,7790300
2010-08-03,27.1100,27.1600,26.9900,27.0500,17.5748,7104100
2010-08-04,27.0900,27.2200,27.0300,27.1500,17.6398,4452500
2010-08-05,27.0600,27.0800,26.9600,27.0300,17.5618,18512500
2010-08-06,26.9100,27.1000,26.8000,27.0900,17.6008,8372000
2010-08-09,27.2100,27.3100,27.1200,27.2300,17.6918,3650800
2010-08-10,27.0900,27.4300,27.0500,27.2900,17.7308,7497000
2010-08-11,27.0100,27.0100,26.8000,26.8400,17.4384,9337600
2010-08-12,26.5500,26.8500,26.5400,26.8100,17.4189,6401100
2010-08-13,26.6900,26.8700,26.6800,26.8000,17.4124,4435400
2010-08-16,26.5800,26.8200,26.5300,26.7700,17.3929,5077000
2010-08-17,27.0000,27.1700,26.8300,27.0300,17.5618,5242400
2010-08-18,26.9800,27.1400,26.8900,27.0500,17.5748,5379400
2010-08-19,26.9600,26.9700,26.6200,26.7300,17.3669,7941200
2010-08-20,26.6500,26.7700,26.6400,26.7300,17.3669,5856400
2010-08-23,26.8200,26.9400,26.7700,26.7900,17.4059,4149900
2010-08-24,26.5400,26.8000,26.5000,26.6600,17.3214,8426800
2010-08-25,26.5200,26.8000,26.4900,26.7200,17.3604,6542800
2010-08-26,26.7400,26.8200,26.4600,26.5200,17.2305,7530700
2010-08-27,26.6800,26.7200,26.3500,26.6900,17.3409,9874400
2010-08-30,26.6700,26.7700,26.4600,26.4600,17.1915,8007800
2010-08-31,26.4400,26.6400,26.3700,26.4800,17.2045,12423300
2010-09-01,26.7700,27.0000,26.7100,26.9500,17.5099,9661500
2010-09-02,26.9500,27.1200,26.9400,27.1200,17.6203,6034900
2010-09-03,27.2500,27.2900,27.1100,27.2900,17.7308,5839700
2010-09-07,27.2200,27.3000,27.1500,27.1800,17.6593,6444100
2010-09-08,27.2200,27.3500,27.1900,27.3000,17.7373,5733200
2010-09-09,27.4700,27.4800,27.2900,27.3900,17.7957,4962900
2010-09-10,27.4000,27.5600,27.3800,27.5200,17.8802,4003400
2010-09-13,27.7200,27.7200,27.4600,27.5500,17.8997,5254000
2010-09-14,27.5300,27.7000,27.4600,27.6000,17.9322,8514700
2010-09-15,27.5500,27.8300,27.5200,27.7900,18.0556,6451300
2010-09-16,27.7100,27.8200,27.6400,27.8200,18.0751,6884700
2010-09-17,27.7300,27.7500,27.5500,27.5500,18.0273,10596900
2010-09-20,27.6600,27.8900,27.5700,27.8500,18.2236,6337100
2010-09-21,27.8800,27.8900,27.6600,27.8000,18.1909,13361500
2010-09-22,27.8100,27.9200,27.7700,27.8500,18.2236,5931300
2010-09-23,27.7300,27.8400,27.6300,27.6700,18.1059,8952000
2010-09-24,27.9100,28.1100,27.8700,28.0400,18.3480,4515900
2010-09-27,28.0400,28.0400,27.8700,27.8800,18.2433,3614000
2010-09-28,27.9700,28.1500,27.7800,28.0600,18.3611,5660100
2010-09-29,28.0500,28.0900,27.9200,27.9800,18.3087,5319700
2010-09-30,28.1000,28.2200,27.7700,27.8800,18.2433,8376000
2010-10-01,27.9100,28.0200,27.8100,27.9300,18.2760,5417900
2010-10-04,27.8900,28.0200,27.7600,27.8500,18.2236,6300800
2010-10-05,28.0300,28.1600,28.0000,28.1100,18.3938,5418200
2010-10-06,28.2200,28.2400,28.0900,28.2300,18.4723,4637500
2010-10-07,28.3300,28.3300,28.0400,28.1300,18.4069,4440400
2010-10-08,28.1300,28.2400,28.0700,28.1900,18.4461,4196400
2010-10-11,28.2100,28.2500,28.1500,28.2200,18.4658,3051600
2010-10-12,28.1800,28.3700,28.1400,28.2900,18.5116,5882500
2010-10-13,28.4300,28.6700,28.3500,28.5300,18.6686,8258800
2010-10-14,28.5700,28.6200,28.4200,28.5400,18.6751,3697300
2010-10-15,28.6500,28.7100,28.5100,28.6100,18.7210,6477400
2010-10-18,28.6000,28.7300,28.6000,28.7100,18.7864,4001300
2010-10-19,28.5700,28.5900,28.2800,28.3600,18.5574,5782300
2010-10-20,28.5300,28.7100,28.4400,28.6100,18.7210,4201000
2010-10-21,28.6500,28.8700,28.5800,28.7100,18.7864,6328400
2010-10-22,28.7900,28.8200,28.7100,28.8100,18.8518,4073800
2010-10-25,28.8900,29.0000,28.8400,28.8800,18.8976,5217900
2010-10-26,28.7200,28.7500,28.6000,28.7200,18.7929,3878600
2010-10-27,28.6100,28.6300,28.3800,28.5700,18.6948,8714300
2010-10-28,28.6900,28.7400,28.5400,28.6700,18.7602,6699200
2010-10-29,28.6100,28.7700,28.6100,28.7700,18.8256,6420600
2010-11-01,28.8800,28.9000,28.5600,28.6500,18.7471,7641400
2010-11-02,28.7900,28.8600,28.7800,28.8200,18.8584,3161300
2010-11-03,28.9000,28.9200,28.6700,28.9100,18.9173,8907700
2010-11-04,29.1400,29.2700,29.0600,29.2600,19.1463,9502100
2010-11-05,29.1900,29.2300,29.0200,29.1100,19.0481,6005300
2010-11-08,29.0400,29.0700,28.9300,29.0600,19.0154,8569600
2010-11-09,29.0700,29.0700,28.8300,28.9100,18.9173,6868900
2010-11-10,28.9100,28.9100,28.6700,28.8200,18.8584,8337200
2010-11-11,28.6600,28.8500,28.6500,28.8500,18.8780,6433600
2010-11-12,28.7000,28.7900,28.6100,28.7100,18.7864,8355900
2010-11-15,28.7800,28.8700,28.7000,28.7200,18.7929,4375700
2010-11-16,28.6600,28.7300,28.3100,28.4000,18.5835,6359000
2010-11-17,28.4500,28.5200,28.3600,28.4100,18.5901,9451600
2010-11-18,28.6000,28.8500,28.5900,28.7900,18.8387,5221500
2010-11-19,28.7800,28.8300,28.6500,28.8100,18.8518,3591300
2010-11-22,28.6900,28.8200,28.5600,28.8100,18.8518,4960900
2010-11-23,28.6300,28.6300,28.4100,28.4700,18.6293,5971800
2010-11-24,28.6200,28.7100,28.5800,28.6900,18.7733,4284000
2010-11-26,28.5700,28.6300,28.4700,28.5000,18.6490,2125500
2010-11-29,28.3700,28.5200,28.2200,28.4500,18.6163,4896900
2010-11-30,28.2800,28.4600,28.2400,28.3200,18.5312,9234200
2010-12-01,28.5400,28.8300,28.5400,28.7800,18.8322,6465600
2010-12-02,28.7500,28.8200,28.7000,28.8000,18.8453,9095500
2010-12-03,28.6900,28.8600,28.6900,28.8100,18.8518,5143900
2010-12-06,28.7600,28.8300,28.7400,28.7400,18.8060,4836500
2010-12-07,28.9000,29.0000,28.8600,28.9000,18.9107,8562400
2010-12-08,28.9300,29.0200,28.8700,29.0100,18.9827,4773600
2010-12-09,29.1100,29.1400,29.0100,29.0900,19.0350,3764700
2010-12-10,29.1400,29.2400,29.1000,29.1400,19.0678,3169500
2010-12-13,29.2500,29.2500,29.1100,29.1400,19.0678,6420400
2010-12-14,29.1900,29.3400,29.1800,29.2800,19.1594,4649200
2010-12-15,29.2400,29.3800,29.2300,29.3100,19.1790,4278400
2010-12-16,29.3600,29.5800,29.2300,29.5700,19.3491,7167000
2010-12-17,29.3100,29.3900,29.2400,29.3600,19.3795,8089800
2010-12-20,29.4400,29.4400,29.2800,29.3300,19.3597,5229100
2010-12-21,29.4200,29.4500,29.2300,29.2600,19.3135,3154200
2010-12-22,29.2700,29.3900,29.2500,29.3900,19.3993,2306300
2010-12-23,29.3200,29.4200,29.3000,29.4000,19.4059,2979100
2010-12-27,29.3400,29.3400,29.2600,29.2600,19.3135,1507700
2010-12-28,29.3100,29.3500,29.2300,29.3400,19.3663,1965800
2010-12-29,29.3700,29.4000,29.3100,29.3500,19.3729,2494600
2010-12-30,29.3000,29.3300,29.2500,29.3000,19.3399,3825000
2010-12-31,29.2900,29.3700,29.2300,29.3100,19.3465,3625100
2011-01-03,29.4300,29.4400,29.3000,29.3500,19.3729,5257200
2011-01-04,29.3300,29.3500,29.1700,29.2700,19.3201,5187300
2011-01-05,29.2100,29.3700,29.1900,29.2800,19.3267,4492000
2011-01-06,29.2800,29.3000,29.1000,29.1800,19.2607,5437600
2011-01-07,29.1700,29.1800,28.9500,29.0300,19.1617,5449800
2011-01-10,28.9800,29.0800,28.9300,29.0500,19.1749,4478600
2011-01-11,29.1300,29.1400,28.9700,29.0300,19.1617,3442100
2011-01-12,29.1700,29.3200,29.0900,29.2700,19.3201,4488000
2011-01-13,29.2200,29.3700,29.2200,29.3300,19.3597,4779000
2011-01-14,29.2900,29.3600,29.2600,29.3300,19.3597,4092500
2011-01-18,29.3500,29.4600,29.3200,29.3500,19.3729,3321500
2011-01-19,29.3700,29.4100,29.2100,29.2900,19.3333,5164100
2011-01-20,29.2800,29.5100,29.2800,29.4400,19.4323,15486400
2011-01-21,29.5300,29.5900,29.4100,29.4900,19.4653,4508200
2011-01-24,29.4700,29.5700,29.4200,29.5400,19.4983,4953300
2011-01-25,29.5200,29.6700,29.4800,29.6400,19.5643,9109700
2011-01-26,29.7000,29.7200,29.5300,29.5600,19.5115,6028600
2011-01-27,29.4000,29.4400,29.1900,29.2600,19.3135,15259800
2011-01-28,29.2900,29.3600,28.9200,28.9800,19.1287,9732300
2011-01-31,28.9600,29.0100,28.8000,28.8800,19.0627,6825400
2011-02-01,29.0000,29.1700,28.9900,29.0900,19.2013,11645900
2011-02-02,29.0000,29.0600,28.8900,28.9800,19.1287,8204900
2011-02-03,28.9100,29.1600,28.9100,29.1300,19.2277,3302700
2011-02-04,29.1600,29.3200,29.0800,29.3000,19.3399,4630900
2011-02-07,29.3000,29.4100,29.2700,29.3400,19.3663,5262200
2011-02-08,29.3500,29.5000,29.3000,29.4800,19.4587,3620200
2011-02-09,29.4400,29.5600,29.4300,29.5300,19.4917,2587200
2011-02-10,29.4700,29.5400,29.2900,29.4200,19.4191,5789200
2011-02-11,29.2600,29.6000,29.2200,29.5800,19.5247,6764600
2011-02-14,29.5000,29.5700,29.3900,29.4500,19.4389,5829000
2011-02-15,29.3700,29.4700,29.3200,29.4400,19.4323,5229700
2011-02-16,29.4500,29.5400,29.4200,29.5200,19.4851,4122200
2011-02-17,29.4300,29.7200,29.4300,29.7200,19.6171,6706400
2011-02-18,29.7700,29.8200,29.6300,29.8000,19.6699,5524400
2011-02-22,29.5700,29.7700,29.5000,29.5900,19.5313,16824200
2011-02-23,29.5900,29.6700,29.4900,29.5200,19.4851,7403100
2011-02-24,29.4700,29.6000,29.2700,29.4000,19.4059,7415600
2011-02-25,29.4500,29.5500,29.4000,29.5500,19.5049,4049200
2011-02-28,29.6100,29.7700,29.5500,29.7200,19.6171,5388400
2011-03-01,29.8400,29.8900,29.4700,29.4900,19.4653,6715400
2011-03-02,29.5000,29.5400,29.3500,29.4100,19.4125,4991200
2011-03-03,29.5600,29.7800,29.5200,29.7100,19.6105,9047000
2011-03-04,29.6900,29.7800,29.4200,29.5800,19.5247,14030900
2011-03-07,29.6900,29.6900,29.4200,29.5000,19.4719,14737500
2011-03-08,29.5100,29.8000,29.5100,29.7600,19.6435,5786400
2011-03-09,29.7100,29.9600,29.6900,29.9100,19.7425,14802600
2011-03-10,29.7100,29.9000,29.6700,29.7100,19.6105,8262700
2011-03-11,29.5900,29.8100,29.5600,29.7300,19.6237,7341500
2011-03-14,29.5800,29.6600,29.4000,29.5200,19.4851,5810700
2011-03-15,29.0700,29.3600,29.0100,29.2600,19.3135,12900900
2011-03-16,29.1500,29.1600,28.7200,28.8400,19.0363,12979600
2011-03-17,29.1100,29.1700,28.8900,28.9800,19.1287,7932800
2011-03-18,29.0200,29.1500,28.9000,29.0500,19.2840,7203500
2011-03-21,29.2200,29.4600,29.2000,29.4100,19.5230,5906100
2011-03-22,29.3500,29.4500,29.3200,29.3700,19.4964,5466800
2011-03-23,29.3000,29.4700,29.2400,29.4200,19.5296,5380700
2011-03-24,29.5400,29.7400,29.5100,29.6900,19.7089,5221000
2011-03-25,29.7100,29.7700,29.6700,29.6900,19.7089,4569200
2011-03-28,29.7200,29.8700,29.6800,29.6800,19.7022,6117000
2011-03-29,29.6800,29.8300,29.6400,29.8200,19.7951,3786100
2011-03-30,29.9100,30.0400,29.9100,29.9800,19.9014,10207700
2011-03-31,29.9400,30.0200,29.9200,29.9200,19.8615,4585100
2011-04-01,29.9600,30.1400,29.9600,30.0700,19.9611,5194200
2011-04-04,30.1400,30.1500,30.0600,30.1300,20.0009,2603500
2011-04-05,30.1100,30.2700,30.1000,30.1600,20.0208,4440800
2011-04-06,30.2600,30.3500,30.2200,30.3000,20.1138,6281100
2011-04-07,30.3000,30.3400,30.1700,30.3400,20.1403,4327400
2011-04-08,30.4300,30.4300,30.1600,30.2500,20.0806,7281700
2011-04-11,30.2600,30.5300,30.2600,30.4100,20.1868,6793100
2011-04-12,30.2600,30.5600,30.2600,30.5100,20.2532,9857400
2011-04-13,30.4800,30.5900,30.4600,30.5300,20.2665,5309100
2011-04-14,30.4100,30.7700,30.4100,30.7100,20.3859,6516300
2011-04-15,30.7200,30.9000,30.6700,30.8400,20.4722,8840800
2011-04-18,30.6100,30.7400,30.5400,30.6700,20.3594,10006400
2011-04-19,30.6500,30.7400,30.5600,30.7300,20.3992,7268600
2011-04-20,30.9200,30.9900,30.8700,30.8900,20.5054,6796700
2011-04-21,30.9800,31.0200,30.8600,30.9000,20.5121,5639600
2011-04-25,30.8600,30.8800,30.7100,30.8200,20.4590,6384000
2011-04-26,30.8300,31.0700,30.8100,31.0300,20.5984,6700000
2011-04-27,31.0900,31.2700,31.0700,31.2300,20.7311,7150800
2011-04-28,31.2100,31.4500,31.1100,31.4300,20.8639,5723200
2011-04-29,31.4800,31.5700,31.4300,31.5200,20.9236,16050400
2011-05-02,31.6000,31.6800,31.5000,31.5600,20.9502,7724700
2011-05-03,31.4900,31.6700,31.4800,31.6400,21.0033,10287600
2011-05-04,31.6200,31.7100,31.5500,31.6000,20.9768,11416400
2011-05-05,31.5700,31.6100,31.2800,31.3600,20.8174,17000000
2011-05-06,31.6900,31.7100,31.3600,31.4400,20.8705,10133100
2011-05-09,31.3900,31.5900,31.3900,31.5500,20.9436,5193200
2011-05-10,31.6000,31.7700,31.5900,31.7400,21.0697,7614800
2011-05-11,31.7400,31.8500,31.5900,31.6800,21.0299,7044700
2011-05-12,31.6900,32.1700,31.6900,32.1500,21.3418,10342400
2011-05-13,32.0700,32.2600,32.0200,32.1100,21.3153,6644100
2011-05-16,32.0700,32.2300,32.0000,32.1200,21.3219,11341900
2011-05-17,32.0800,32.2700,32.0200,32.1900,21.3684,13613600
2011-05-18,32.1900,32.2800,32.0600,32.2400,21.4016,10312100
2011-05-19,32.3200,32.4300,32.2200,32.4200,21.5211,11084300
2011-05-20,32.3600,32.4600,32.2400,32.3200,21.4547,12311500
2011-05-23,32.0600,32.1900,32.0300,32.1000,21.3087,7600000
2011-05-24,32.1600,32.1600,32.0400,32.0700,21.2887,7352200
2011-05-25,31.9200,31.9600,31.7300,31.8600,21.1493,23021800
2011-05-26,31.8300,31.9700,31.6800,31.9100,21.1825,8423200
2011-05-27,32.0000,32.1500,31.9900,32.0400,21.2688,4347200
2011-05-31,32.2100,32.3300,32.1200,32.3100,21.4481,7570100
2011-06-01,32.2700,32.3200,31.9500,31.9800,21.2290,14211100
2011-06-02,31.9300,31.9800,31.5000,31.6100,20.9834,11745700
2011-06-03,31.3100,31.4700,31.2500,31.3100,20.7842,9226700
2011-06-06,31.2300,31.2900,31.1400,31.1500,20.6780,6439100
2011-06-07,31.2000,31.2900,31.0800,31.0800,20.6316,13196900
2011-06-08,31.0400,31.1500,30.9600,31.1000,20.6448,8355300
2011-06-09,31.1800,31.4200,31.0900,31.2700,20.7577,5887500
2011-06-10,31.1300,31.2200,30.8900,30.9100,20.5187,10787000
2011-06-13,30.8800,31.1800,30.8700,31.0500,20.6116,10001000
2011-06-14,31.2700,31.4800,31.1900,31.3800,20.8307,10591800
2011-06-15,31.1800,31.2500,30.8000,30.9100,20.5187,24775100
2011-06-16,30.9300,31.2200,30.9100,31.1600,20.6847,10211000
2011-06-17,31.1700,31.3100,31.1100,31.1400,20.8164,13061200
2011-06-20,31.1200,31.4300,31.0600,31.3700,20.9701,8469200
2011-06-21,31.4500,31.4700,31.2900,31.3400,20.9501,12758400
2011-06-22,31.2600,31.2900,31.1200,31.1400,20.8164,9302800
2011-06-23,30.9500,30.9500,30.5800,30.8600,20.6292,18618400
2011-06-24,30.8800,30.9100,30.5700,30.6100,20.4621,8765000
2011-06-27,30.6700,30.8400,30.6300,30.7500,20.5556,5039000
2011-06-28,30.8300,30.8600,30.7400,30.8100,20.5958,19095900
2011-06-29,30.9100,31.0400,30.9100,30.9900,20.7161,9806900
2011-06-30,30.9900,31.2500,30.9900,31.2300,20.8765,10175700
2011-07-01,31.1700,31.5100,31.1200,31.4700,21.0369,8450300
2011-07-05,31.4500,31.5700,31.4000,31.4600,21.0303,7251600
2011-07-06,31.4600,31.7000,31.4200,31.6300,21.1439,8706200
2011-07-07,31.9000,31.9200,31.7900,31.8500,21.2910,7479900
2011-07-08,31.6400,31.7400,31.5700,31.7400,21.2174,5743600
2011-07-11,31.5500,31.5800,31.4200,31.5100,21.0637,8308600
2011-07-12,31.4400,31.6400,31.3700,31.4100,20.9968,5628600
2011-07-13,31.5600,31.5700,31.3300,31.4100,20.9968,5897100
2011-07-14,31.3500,31.5000,31.2000,31.2700,20.9033,6827100
2011-07-15,31.3700,31.3800,31.1400,31.3600,20.9634,10520300
2011-07-18,31.2400,31.2800,30.9900,31.1600,20.8297,5921500
2011-07-19,31.2800,31.6500,31.2400,31.5900,21.1172,8400700
2011-07-20,31.6700,31.6700,31.4000,31.5400,21.0837,3812600
2011-07-21,31.6700,31.8600,31.6000,31.8000,21.2575,6894500
2011-07-22,31.8200,31.8400,31.6700,31.7400,21.2174,8006300
2011-07-25,31.4900,31.5900,31.4100,31.4500,21.0236,5910100
2011-07-26,31.4500,31.5000,31.3400,31.3700,20.9701,5398600
2011-07-27,31.3100,31.3300,30.9800,31.0300,20.7428,7625400
2011-07-28,31.0800,31.2700,30.9800,31.0300,20.7428,6844200
2011-07-29,30.7900,31.1000,30.7700,30.8300,20.6091,12659700
2011-08-01,31.1200,31.1200,30.4400,30.7200,20.5356,11186600
2011-08-02,30.4500,30.6100,30.2900,30.3200,20.2682,12283100
2011-08-03,30.2900,30.4400,30.0800,30.4400,20.3484,13508500
2011-08-04,30.2000,30.3400,29.4500,29.4900,19.7134,18917200
2011-08-05,29.7800,30.1300,29.2200,29.9100,19.9941,24268500
2011-08-08,29.4500,29.8000,28.7000,28.7800,19.2387,25886700
2011-08-09,29.0500,29.4800,28.0700,29.4800,19.7067,28746500
2011-08-10,29.1000,29.1400,28.3100,28.3500,18.9513,22101900
2011-08-11,28.5000,29.5500,28.4500,29.1900,19.5128,20124800
2011-08-12,29.4900,29.6800,29.2100,29.5400,19.7468,12733300
2011-08-15,29.7500,29.9700,29.5300,29.9600,20.0275,23864000
2011-08-16,29.8300,30.1600,29.7700,30.0300,20.0743,13192800
2011-08-17,30.1500,30.4000,30.0300,30.2300,20.2080,12507900
2011-08-18,29.7400,29.9400,29.3300,29.6900,19.8471,17609500
2011-08-19,29.4100,30.0600,29.4100,29.5500,19.7535,14881200
2011-08-22,29.9300,30.0100,29.5500,29.6400,19.8136,8849500
2011-08-23,29.7000,30.2600,29.6200,30.2500,20.2214,12722300
2011-08-24,30.1800,30.4000,30.0800,30.3800,20.3083,12641800
2011-08-25,30.4100,30.4400,29.8300,29.9200,20.0008,13771600
2011-08-26,29.8600,30.2700,29.3500,30.1700,20.1679,9421300
2011-08-29,30.3600,30.7400,30.3500,30.7100,20.5289,13124600
2011-08-30,30.6300,30.9500,30.4800,30.7900,20.5824,10714600
2011-08-31,30.9600,31.0900,30.7400,30.8900,20.6492,8987800
2011-09-01,30.9000,31.1400,30.7400,30.7800,20.5757,11725100
2011-09-02,30.4300,30.6000,30.3100,30.3400,20.2816,10867700
2011-09-06,29.7200,30.2800,29.6300,30.2200,20.2014,11784300
2011-09-07,30.5100,30.7600,30.4600,30.7600,20.5623,8986300
2011-09-08,30.6400,30.9900,30.5800,30.6800,20.5088,6404100
2011-09-09,30.4400,30.4400,29.8600,30.0000,20.0543,12023400
2011-09-12,29.5800,30.0800,29.5600,30.0300,20.0743,10435500
2011-09-13,30.0500,30.2000,29.8200,30.1400,20.1479,8857000
2011-09-14,30.1900,30.7800,30.0400,30.5000,20.3885,12343400
2011-09-15,30.6500,30.8700,30.5200,30.8600,20.6292,9792100
2011-09-16,30.7800,30.9200,30.6900,30.8400,20.7632,12832500
2011-09-19,30.4900,30.6600,30.3800,30.5800,20.5881,6738300
2011-09-20,30.6400,30.9700,30.5600,30.6400,20.6285,7135800
2011-09-21,30.7100,30.7500,30.0100,30.0100,20.2044,12112100
2011-09-22,29.3200,29.5800,29.1700,29.4400,19.8206,19977700
2011-09-23,29.2900,29.5800,29.2400,29.5000,19.8610,13093900
2011-09-26,29.6500,30.0700,29.5300,30.0700,20.2448,12087800
2011-09-27,30.4500,30.5500,30.0900,30.2500,20.3659,15290000
2011-09-28,30.3100,30.3600,29.6400,29.6800,19.9822,12298000
2011-09-29,30.0500,30.2400,29.6200,29.9700,20.1774,8661200
2011-09-30,29.7700,30.0900,29.6300,29.6600,19.9687,14873200
2011-10-03,29.4800,29.8300,29.2300,29.2300,19.6792,17137600
2011-10-04,28.9500,29.5200,28.7000,29.5100,19.8677,15177200
2011-10-05,29.4600,29.5800,29.3400,29.5500,19.8947,9942200
2011-10-06,29.6100,29.9200,29.4400,29.9000,20.1303,9943700
2011-10-07,30.0400,30.2800,29.8900,30.0700,20.2448,10812600
2011-10-10,30.3100,30.5400,30.3000,30.5400,20.5612,5672200
2011-10-11,30.4300,30.5500,30.3500,30.4800,20.5208,5435700
2011-10-12,30.6100,30.9000,30.6000,30.7200,20.6824,7715400
2011-10-13,30.6700,30.7300,30.4500,30.6300,20.6218,4139700
2011-10-14,30.8600,30.9200,30.7000,30.8700,20.7834,4205100
2011-10-17,30.7600,30.9300,30.5400,30.6600,20.6420,5765900
2011-10-18,30.6300,31.1300,30.4000,30.8900,20.7968,14981300
2011-10-19,30.9100,31.0700,30.7400,30.8000,20.7362,7398600
2011-10-20,30.8700,31.1000,30.7800,30.9700,20.8507,6276700
2011-10-21,31.2800,31.4700,31.1700,31.4700,21.1873,13734900
2011-10-24,31.4800,31.4800,31.1800,31.2500,21.0392,9755200
2011-10-25,31.1800,31.2200,30.8500,30.8800,20.7901,13392900
2011-10-26,31.1800,31.2200,30.7600,31.1900,20.9988,5286200
2011-10-27,31.5700,31.6800,31.2700,31.5900,21.2681,21683000
2011-10-28,31.4500,31.5800,31.3400,31.5100,21.2142,11994500
2011-10-31,31.3100,31.4300,31.0400,31.0400,20.8978,8271600
2011-11-01,30.5300,30.8000,30.4600,30.5000,20.5343,18721200
2011-11-02,30.7900,30.8400,30.6000,30.7900,20.7295,4854400
2011-11-03,31.0300,31.1900,30.8900,31.1700,20.9853,5172100
2011-11-04,30.9300,31.0500,30.7900,30.9900,20.8641,4886300
2011-11-07,31.0000,31.2500,30.8300,31.2500,21.0392,4930100
2011-11-08,31.3100,31.5800,31.1500,31.5600,21.2479,5827200
2011-11-09,31.1700,31.1700,30.7000,30.8200,20.7497,6187700
2011-11-10,31.0900,31.2000,30.8200,31.1200,20.9517,4501200
2011-11-11,31.3000,31.5200,31.3000,31.4800,21.1940,3135400
2011-11-14,31.3800,31.3800,31.1400,31.2100,21.0123,2725900
2011-11-15,31.1900,31.4500,31.1400,31.3600,21.1132,6358400
2011-11-16,31.1400,31.5000,31.0400,31.0800,20.9247,7333200
2011-11-17,30.9500,31.2300,30.7700,30.9700,20.8507,6726800
2011-11-18,31.0500,31.1500,30.9200,31.0600,20.9113,8138700
2011-11-21,30.7400,30.8300,30.4500,30.5600,20.5746,21788100
2011-11-22,30.4900,30.8200,30.4900,30.5900,20.5948,5769000
2011-11-23,30.3800,30.4700,30.1900,30.2600,20.3727,5091300
2011-11-25,30.2900,30.5700,30.2300,30.3700,20.4467,3223600
2011-11-28,30.7700,30.8900,30.6800,30.8500,20.7699,6760300
2011-11-29,30.9400,31.2700,30.9100,31.1700,20.9853,4812400
2011-11-30,31.6500,31.9300,31.6200,31.9000,21.4768,7078000
2011-12-01,31.9600,32.1000,31.7600,31.8500,21.4431,11693700
2011-12-02,32.0100,32.0500,31.7400,31.7400,21.3691,5688600
2011-12-05,32.0900,32.0900,31.7400,31.9300,21.4970,7178500
2011-12-06,31.9000,32.1100,31.8300,31.9700,21.5239,5993000
2011-12-07,31.9300,32.1600,31.7700,32.0500,21.5778,5951300
2011-12-08,31.9300,31.9600,31.6300,31.6800,21.3287,5215300
2011-12-09,31.8300,32.0600,31.7700,32.0100,21.5509,3885100
2011-12-12,31.7900,31.9200,31.5400,31.7200,21.3556,5890500
2011-12-13,31.9000,31.9900,31.3700,31.6500,21.3085,6460700
2011-12-14,31.5800,31.7600,31.4500,31.4900,21.2008,5653200
2011-12-15,31.6100,31.8800,31.6000,31.8100,21.4162,7244100
2011-12-16,31.7800,31.7800,31.4300,31.4900,21.3924,9366600
2011-12-19,31.5300,31.7700,31.3000,31.3600,21.3041,4628900
2011-12-20,31.6900,32.0600,31.6300,32.0100,21.7457,6064300
2011-12-21,31.8600,32.4000,31.8600,32.3500,21.9767,8074800
2011-12-22,32.4400,32.4400,32.2300,32.3400,21.9699,4135700
2011-12-23,32.3500,32.6100,32.3200,32.5700,22.1261,5227700
2011-12-27,32.5800,32.7200,32.5500,32.6300,22.1669,3918400
2011-12-28,32.6700,32.6700,32.4200,32.4700,22.0582,3647100
2011-12-29,32.4800,32.6800,32.4800,32.6400,22.1737,2933300
2011-12-30,32.5600,32.6100,32.4600,32.4900,22.0718,2935100
2012-01-03,32.6900,32.7800,32.4500,32.4600,22.0514,20757900
2012-01-04,32.4000,32.4500,32.2900,32.3900,22.0038,6855200
2012-01-05,32.3300,32.4000,32.1700,32.3700,21.9903,4563000
2012-01-06,32.4200,32.4200,32.1000,32.1600,21.8476,6365900
2012-01-09,32.2400,32.2500,32.1200,32.2100,21.8816,3304900
2012-01-10,32.4400,32.4400,32.2900,32.3200,21.9563,5053600
2012-01-11,32.1800,32.2800,32.1000,32.1800,21.8612,5384000
2012-01-12,32.2600,32.3200,32.0800,32.1700,21.8544,4733100
2012-01-13,32.0900,32.1800,31.9400,32.1400,21.8340,5589000
2012-01-17,32.4100,32.4200,32.2600,32.2600,21.9155,6746500
2012-01-18,32.2500,32.3600,32.1800,32.3300,21.9631,5147100
2012-01-19,32.3600,32.4600,32.2200,32.3900,22.0038,5962200
2012-01-20,32.3400,32.4500,32.2400,32.4000,22.0106,11017800
2012-01-23,32.3100,32.4000,32.2100,32.3700,21.9903,21798800
2012-01-24,32.2100,32.2700,32.1600,32.1900,21.8680,5885300
2012-01-25,32.0900,32.6000,32.0700,32.5600,22.1193,7762100
2012-01-26,32.6500,32.7100,32.3500,32.4400,22.0378,6762500
2012-01-27,32.3000,32.4000,32.1000,32.2200,21.8884,5682200
2012-01-30,32.0800,32.1200,31.8900,32.0100,21.7457,9643100
2012-01-31,32.1600,32.1700,31.8400,32.0300,21.7593,5873600
2012-02-01,32.1600,32.4100,32.1600,32.2600,21.9155,9539000
2012-02-02,32.3100,32.4100,32.2700,32.3800,21.9971,5452400
2012-02-03,32.4800,32.6500,32.4100,32.4800,22.0650,6662400
2012-02-06,32.4100,32.5300,32.3700,32.4600,22.0514,7380000
2012-02-07,32.3800,32.5800,32.3700,32.4900,22.0718,11209400
2012-02-08,32.5800,32.5800,32.3800,32.5000,22.0786,4694700
2012-02-09,32.5300,32.7200,32.4600,32.6800,22.2009,5976200
2012-02-10,32.5200,32.6100,32.4800,32.6100,22.1533,4576400
2012-02-13,32.7100,32.7900,32.6800,32.7500,22.2484,5427400
2012-02-14,32.6200,32.8500,32.6200,32.8300,22.3028,4678700
2012-02-15,32.9200,33.0000,32.7300,32.8200,22.2960,5330400
2012-02-16,32.8400,33.0700,32.8200,33.0300,22.4386,4185900
2012-02-17,33.1000,33.2000,32.9900,33.0600,22.4590,3526000
2012-02-21,33.0700,33.0700,32.8200,32.8700,22.3299,5558000
2012-02-22,32.8700,32.8800,32.7000,32.7800,22.2688,3682400
2012-02-23,32.7100,33.0000,32.7000,32.9500,22.3843,4280000
2012-02-24,33.0000,33.0800,32.9700,33.0600,22.4590,4660400
2012-02-27,32.9500,33.1200,32.8500,33.0600,22.4590,5540300
2012-02-28,33.0700,33.1800,33.0100,33.1700,22.5337,4875800
2012-02-29,33.1400,33.3500,33.1300,33.2300,22.5745,12843400
2012-03-01,33.2500,33.3000,32.8700,33.1800,22.5405,7825200
2012-03-02,33.1500,33.2800,33.1300,33.2100,22.5609,4036500
2012-03-05,33.1900,33.4100,33.1800,33.3600,22.6628,6070600
2012-03-06,33.1600,33.2700,33.0700,33.0800,22.4726,9765800
2012-03-07,33.1500,33.1700,32.9800,33.1300,22.5066,7278800
2012-03-08,33.2400,33.4000,33.2400,33.3600,22.6628,5795400
2012-03-09,33.3700,33.4900,33.3100,33.4700,22.7375,5234200
2012-03-12,33.3900,33.6400,33.3900,33.5900,22.8191,7409600
2012-03-13,33.6900,33.8400,33.6300,33.8400,22.9889,5126200
2012-03-14,33.8000,33.8400,33.6700,33.7400,22.9210,5727500
2012-03-15,33.7100,33.8200,33.6300,33.8000,22.9617,5293400
2012-03-16,33.6900,33.6900,33.5500,33.6000,22.9467,5354200
2012-03-19,33.5800,33.6600,33.4900,33.6200,22.9604,4210100
2012-03-20,33.4800,33.6600,33.4500,33.6000,22.9467,4792900
2012-03-21,33.5600,33.7200,33.5400,33.6500,22.9808,4171100
2012-03-22,33.5800,33.7400,33.4800,33.6800,23.0013,5471000
2012-03-23,33.7200,33.7700,33.6000,33.7600,23.0560,3105900
2012-03-26,33.8200,34.0200,33.8000,33.9900,23.2130,5562300
2012-03-27,34.1000,34.1300,33.9600,33.9700,23.1994,3310600
2012-03-28,33.9500,33.9800,33.8000,33.8900,23.1447,3537200
2012-03-29,33.7800,33.9000,33.6400,33.8800,23.1379,5045100
2012-03-30,33.9500,34.1500,33.9200,34.0800,23.2745,3775800
2012-04-02,34.0800,34.4200,34.0800,34.3500,23.4589,9978900
2012-04-03,34.2400,34.3500,34.0300,34.1600,23.3291,4460900
2012-04-04,34.0000,34.2000,33.9800,34.0500,23.2540,5436200
2012-04-05,33.9800,34.0700,33.8800,34.0500,23.2540,4562600
2012-04-09,33.7600,33.8200,33.7000,33.7400,23.0423,2747700
2012-04-10,33.7000,33.7100,33.4200,33.4400,22.8374,7105400
2012-04-11,33.6200,33.7400,33.5100,33.6100,22.9535,14575600
2012-04-12,33.5800,33.6600,33.4700,33.6300,22.9672,2666500
2012-04-13,33.5900,33.8100,33.5900,33.6300,22.9672,5539400
2012-04-16,33.7400,33.8800,33.6400,33.7700,23.0628,5805600
2012-04-17,33.9800,34.2000,33.9100,34.1100,23.2950,5715900
2012-04-18,34.0600,34.1800,34.0100,34.1100,23.2950,6363000
2012-04-19,34.1600,34.1600,33.8700,34.0000,23.2199,6954000
2012-04-20,34.0800,34.3700,34.0300,34.3100,23.4316,5243400
2012-04-23,34.0000,34.0200,33.7000,33.7800,23.0696,5378200
2012-04-24,33.8600,33.9600,33.7600,33.7900,23.0764,5679500
2012-04-25,33.9000,34.0800,33.8600,34.0100,23.2267,5500500
2012-04-26,34.0500,34.3900,34.0000,34.3200,23.4384,4135100
2012-04-27,34.3200,34.3700,34.2500,34.2700,23.4043,4944100
2012-04-30,34.2400,34.2400,34.1000,34.1800,23.3428,5605200
2012-05-01,34.1800,34.4100,34.0900,34.2700,23.4043,5091000
2012-05-02,34.2600,34.4000,34.1600,34.3000,23.4247,10755000
2012-05-03,34.3500,34.4400,34.2600,34.3500,23.4589,2322700
2012-05-04,34.3200,34.3700,34.0800,34.0800,23.2745,4985200
2012-05-07,34.0000,34.2000,34.0000,34.1300,23.3086,4204700
2012-05-08,33.9800,34.1000,33.9000,34.0500,23.2540,8638300
2012-05-09,33.9000,34.1000,33.7800,33.8800,23.1379,6840000
2012-05-10,34.0400,34.2200,34.0400,34.1200,23.3018,3172100
2012-05-11,34.0500,34.2200,34.0000,34.0300,23.2403,3289600
2012-05-14,33.8500,34.0100,33.7500,33.8900,23.1447,6938000
2012-05-15,33.8100,34.0700,33.7900,33.8500,23.1174,3297400
2012-05-16,33.9100,34.0800,33.8800,33.9600,23.1925,4610600
2012-05-17,33.9900,34.0400,33.7100,33.7200,23.0286,5267000
2012-05-18,33.7700,33.8100,33.4500,33.5200,22.8921,7303300
2012-05-21,33.6200,33.6700,33.4200,33.6500,22.9808,4945000
2012-05-22,33.6500,33.8200,33.5800,33.6900,23.0082,4275500
2012-05-23,33.6200,33.7000,33.3600,33.6000,22.9467,6277500
2012-05-24,33.6400,33.9300,33.6300,33.9200,23.1652,6473200
2012-05-25,33.9300,34.0300,33.8200,33.8900,23.1447,2864500
2012-05-29,33.9700,34.1300,33.9300,34.1300,23.3086,3345400
2012-05-30,33.9700,34.0200,33.7800,33.8500,23.1174,3231600
2012-05-31,33.8900,33.9700,33.6900,33.7800,23.0696,5125900
2012-06-01,33.4600,33.5300,33.1300,33.1600,22.6462,14138900
2012-06-04,33.1700,33.2900,33.0500,33.2700,22.7213,3855700
2012-06-05,33.2000,33.2700,33.0700,33.2300,22.6940,4985100
2012-06-06,33.3100,33.6900,33.3100,33.6800,23.0013,5551700
2012-06-07,33.9400,33.9400,33.7300,33.8000,23.0833,4819500
2012-06-08,33.7800,34.0900,33.7700,34.0900,23.2813,4117600
2012-06-11,34.2400,34.2400,33.8900,33.9300,23.1721,5824500
2012-06-12,33.9400,34.1100,33.8400,34.0900,23.2813,4685300
2012-06-13,34.0200,34.2500,33.9600,34.0400,23.2472,5569400
2012-06-14,34.1000,34.6200,34.1000,34.5100,23.5682,7900400
2012-06-15,34.4200,34.4600,34.2800,34.3300,23.6067,6792300
2012-06-18,34.3400,34.4700,34.2400,34.4200,23.6686,3234800
2012-06-19,34.4700,34.5400,34.3500,34.3900,23.6479,14235400
2012-06-20,34.3100,34.3100,33.9900,34.2100,23.5242,7006600
2012-06-21,34.2300,34.2900,33.7900,33.8100,23.2491,7127800
2012-06-22,33.9400,34.0100,33.8900,33.9100,23.3179,4075300
2012-06-25,33.7800,33.8100,33.6200,33.7000,23.1735,5722100
2012-06-26,33.8000,33.8700,33.6400,33.7800,23.2285,4592400
2012-06-27,33.8900,34.0400,33.7800,33.9800,23.3660,3772500
2012-06-28,33.8300,34.1500,33.6900,34.1300,23.4691,5746400
2012-06-29,34.5000,34.7700,34.3800,34.7700,23.9092,8008000
2012-07-02,34.6300,35.0000,34.6300,34.9700,24.0468,8832500
2012-07-03,34.9900,35.1400,34.8900,35.1300,24.1568,2151900
2012-07-05,35.0800,35.1100,34.9400,35.0000,24.0674,4472400
2012-07-06,34.8300,34.9900,34.7900,34.9600,24.0399,3676700
2012-07-09,34.9900,34.9900,34.8100,34.9200,24.0124,5359000
2012-07-10,35.0500,35.1100,34.8800,34.9600,24.0399,5276700
2012-07-11,35.0300,35.0300,34.7700,34.9100,24.0055,6852900
2012-07-12,34.8500,35.0500,34.7900,34.9400,24.0261,6885100
2012-07-13,35.0400,35.3500,34.9500,35.3300,24.2943,4999500
2012-07-16,35.2400,35.3100,35.1200,35.1500,24.1705,3956200
2012-07-17,35.2400,35.3800,35.0200,35.3000,24.2737,6212300
2012-07-18,35.2900,35.3500,35.2300,35.3100,24.2806,4904100
2012-07-19,35.3800,35.4000,35.1100,35.2600,24.2462,5982800
2012-07-20,35.0900,35.1700,34.9300,35.0400,24.0949,6919600
2012-07-23,34.8000,34.8300,34.6400,34.7400,23.8886,6449600
2012-07-24,34.8100,34.8100,34.4500,34.6300,23.8130,3924200
2012-07-25,34.7200,34.7600,34.5700,34.6400,23.8198,5133400
2012-07-26,34.9500,35.2700,34.9500,35.2100,24.2118,5811600
2012-07-27,35.3000,35.7300,35.2300,35.6100,24.4869,6313800
2012-07-30,35.6100,35.8100,35.5300,35.7900,24.6106,5766800
2012-07-31,35.8200,35.8200,35.6300,35.6300,24.5006,5052000
2012-08-01,35.7900,35.7900,35.3800,35.4500,24.3768,8705500
2012-08-02,35.2600,35.4000,35.0200,35.1600,24.1774,6016100
2012-08-03,35.5000,35.8100,35.5000,35.7500,24.5831,7232300
2012-08-06,35.8900,35.9500,35.7000,35.7300,24.5694,4097300
2012-08-07,35.8700,35.8700,35.5400,35.5400,24.4387,6347800
2012-08-08,35.5800,35.8200,35.5200,35.7900,24.6106,4813500
2012-08-09,35.7400,35.7600,35.6000,35.6400,24.5075,3255000
2012-08-10,35.5700,35.6500,35.4700,35.6300,24.5006,3044900
2012-08-13,35.6300,35.6400,35.5100,35.6200,24.4937,4432300
2012-08-14,35.7800,35.8100,35.6600,35.7600,24.5900,4092000
2012-08-15,35.8300,35.8800,35.7100,35.7800,24.6037,2833400
2012-08-16,35.7200,35.8700,35.6200,35.8700,24.6656,4111200
2012-08-17,35.8600,35.9300,35.8100,35.9000,24.6863,4605400
2012-08-20,35.8500,35.9100,35.7600,35.9000,24.6863,5377500
2012-08-21,35.9400,36.0000,35.6600,35.6800,24.5350,6429800
2012-08-22,35.6500,35.7000,35.5000,35.5700,24.4593,3998800
2012-08-23,35.5600,35.5800,35.2700,35.2900,24.2668,5382400
2012-08-24,35.2700,35.6500,35.2400,35.6000,24.4800,6677800
2012-08-27,35.6500,35.7200,35.5700,35.6500,24.5143,3317500
2012-08-28,35.6500,35.7800,35.5600,35.6700,24.5281,5877100
2012-08-29,35.6700,35.7600,35.5900,35.5900,24.4731,3848700
2012-08-30,35.5500,35.5500,35.4200,35.4500,24.3768,4805300
2012-08-31,35.6000,35.7300,35.4600,35.4600,24.3837,8650900
2012-09-04,35.5100,35.7400,35.4700,35.6700,24.5281,5943000
2012-09-05,35.6900,35.7200,35.5600,35.6100,24.4869,4505000
2012-09-06,35.7000,36.0600,35.7000,36.0500,24.7894,4791800
2012-09-07,35.9800,36.0700,35.6900,35.7600,24.5900,6167600
2012-09-10,35.7200,35.7800,35.6300,35.7200,24.5625,7045500
2012-09-11,35.7100,35.7300,35.6000,35.6100,24.4869,4499700
2012-09-12,35.6400,35.7000,35.4000,35.4200,24.3562,9593200
2012-09-13,35.4100,36.1100,35.4100,36.0500,24.7894,9155900
2012-09-14,35.9900,36.0900,35.7200,35.7800,24.6037,10535800
2012-09-17,35.7800,35.9600,35.7400,35.8800,24.6725,5369700
2012-09-18,35.9000,36.1400,35.8200,36.0800,24.8100,4888200
2012-09-19,36.1100,36.2700,36.0300,36.1800,24.8788,17987300
2012-09-20,36.1400,36.4000,36.1100,36.3800,25.0163,7029000
2012-09-21,36.2400,36.2700,35.9600,35.9600,24.9021,8846200
2012-09-24,35.8800,36.1300,35.7700,36.0800,24.9852,6189300
2012-09-25,36.1100,36.2300,35.8200,35.8300,24.8120,3766200
2012-09-26,35.8200,35.9900,35.8000,35.8300,24.8120,4846200
2012-09-27,35.8900,36.0200,35.7500,35.9500,24.8951,4990900
2012-09-28,35.8100,35.8900,35.6500,35.8300,24.8120,5648600
2012-10-01,35.8400,36.2100,35.8400,36.0600,24.9713,5443700
2012-10-02,36.1400,36.3000,35.9500,36.0900,24.9921,7288400
2012-10-03,36.1300,36.3500,36.0200,36.2000,25.0683,8157500
2012-10-04,36.3200,36.4900,36.2500,36.3700,25.1860,4704400
2012-10-05,36.4700,36.5900,36.4000,36.5100,25.2829,4746500
2012-10-08,36.4300,36.4800,36.3600,36.4000,25.2068,3024700
2012-10-09,36.3000,36.4200,36.0400,36.0500,24.9644,6898800
2012-10-10,36.1100,36.2300,35.8700,35.9000,24.8605,4800000
2012-10-11,36.0800,36.1000,35.8100,35.8200,24.8051,4780500
2012-10-12,35.9300,36.0500,35.8000,35.8500,24.8259,3637800
2012-10-15,35.9300,36.1100,35.8400,36.0900,24.9921,3933300
2012-10-16,36.1800,36.2400,36.0600,36.1800,25.0544,4171800
2012-10-17,36.2100,36.4600,36.2100,36.3400,25.1652,5464500
2012-10-18,36.2400,36.2500,36.0600,36.1400,25.0267,7520100
2012-10-19,36.1200,36.1500,35.6500,35.7100,24.7289,4963800
2012-10-22,35.6700,35.7600,35.4800,35.7300,24.7428,5963700
2012-10-23,35.4800,35.5100,35.1400,35.2500,24.4104,5008200
2012-10-24,35.2700,35.4200,35.1900,35.2500,24.4104,4127600
2012-10-25,35.4800,35.5900,35.3300,35.4700,24.5627,5155400
2012-10-26,35.4900,35.4900,35.2300,35.3500,24.4797,4537900
2012-10-31,35.6100,35.7100,35.2500,35.3900,24.5074,10607600
2012-11-01,35.4600,35.6000,35.3800,35.4100,24.5212,4944200
2012-11-02,35.5300,35.6100,35.1700,35.2000,24.3758,4617800
2012-11-05,35.0800,35.2200,34.9800,35.1400,24.3342,9441200
2012-11-06,35.2000,35.5100,35.1800,35.4000,24.5143,3443400
2012-11-07,35.2000,35.3100,34.8100,34.9800,24.2234,6083400
2012-11-08,34.9500,35.0600,34.5900,34.6000,23.9603,7502200
2012-11-09,34.5000,34.8500,34.4600,34.6000,23.9603,6354300
2012-11-12,34.6000,34.7100,34.5400,34.6000,23.9603,3303200
2012-11-13,34.4700,34.8500,34.4700,34.5800,23.9464,4295500
2012-11-14,34.6500,34.6800,34.1400,34.2000,23.6833,8883900
2012-11-15,34.1100,34.2300,33.9600,34.1900,23.6764,6756700
2012-11-16,34.1100,34.4500,34.0800,34.4100,23.8287,7026400
2012-11-19,34.5900,34.9800,34.5900,34.9700,24.2165,8628300
2012-11-20,34.9900,35.1100,34.8100,35.1000,24.3065,5457900
2012-11-21,35.2000,35.2000,35.0200,35.1500,24.3411,3737000
2012-11-23,35.2300,35.6800,35.2300,35.6700,24.7012,3058300
2012-11-26,35.5000,35.5200,35.3100,35.4100,24.5212,4365100
2012-11-27,35.4500,35.6000,35.3500,35.3800,24.5004,3345100
2012-11-28,35.3600,35.7400,35.2600,35.7200,24.7359,6404400
2012-11-29,35.7000,35.9600,35.6900,35.9100,24.8674,14167900
2012-11-30,35.8900,36.0700,35.8400,36.0400,24.9575,5690600
2012-12-03,36.0100,36.1100,35.8800,35.9000,24.8605,8409400
2012-12-04,35.8400,35.9500,35.7600,35.8300,24.8120,5125200
2012-12-05,35.8200,36.0500,35.7100,35.8900,24.8536,6201900
2012-12-06,35.9700,36.0100,35.8700,35.9300,24.8813,4850100
2012-12-07,36.0700,36.1900,35.9700,36.1800,25.0544,4591500
2012-12-10,36.1000,36.2400,36.1000,36.1400,25.0267,7959100
2012-12-11,36.2700,36.4500,36.1100,36.1600,25.0406,4862100
2012-12-12,36.2800,36.2900,36.0500,36.0800,24.9852,4649300
2012-12-13,36.1900,36.2300,35.9400,36.0200,24.9436,4965200
2012-12-14,35.9300,36.1000,35.9200,35.9600,24.9021,2437100
2012-12-17,36.0400,36.1200,35.9200,36.0400,24.9575,6632800
2012-12-18,35.9700,36.1300,35.7800,36.0300,24.9505,8219000
2012-12-19,36.0800,36.1000,35.6700,35.6700,24.7012,16482200
2012-12-20,35.7300,35.8900,35.6300,35.8700,24.8397,5870700
2012-12-21,35.1800,35.4300,34.9400,35.1700,24.6283,8263800
2012-12-24,35.0500,35.0900,34.9900,35.0600,24.5512,4714600
2012-12-26,35.0500,35.0800,34.7000,34.7600,24.3411,11087600
2012-12-27,34.7600,34.9000,34.5600,34.8200,24.3832,6488000
2012-12-28,34.6300,34.8100,34.4500,34.4500,24.1241,15265500
2012-12-31,34.3800,34.9000,34.3300,34.9000,24.4392,17879100
2013-01-02,35.4000,35.8100,35.2900,35.8000,25.0694,10813900
2013-01-03,35.7500,35.8200,35.6100,35.7100,25.0064,6537300
2013-01-04,35.6700,35.8700,35.6700,35.8100,25.0764,5942500
2013-01-07,35.7600,35.7900,35.4700,35.5700,24.9084,3029900
2013-01-08,35.5500,35.5500,35.4100,35.4700,24.8383,4506100
2013-01-09,35.5600,35.6300,35.4800,35.5500,24.8944,4310400
2013-01-10,35.6600,35.7800,35.5800,35.7600,25.0414,4083300
2013-01-11,35.8000,35.9200,35.7600,35.9200,25.1535,3021900
2013-01-14,35.9100,36.0600,35.8900,36.0300,25.2305,5080900
2013-01-15,35.9600,36.1700,35.8800,36.1400,25.3075,4265900
2013-01-16,36.0500,36.1700,36.0200,36.0900,25.2725,3322600
2013-01-17,36.2500,36.4400,36.1600,36.3300,25.4406,6186500
2013-01-18,36.4000,36.4800,36.2400,36.4800,25.5456,5659500
2013-01-22,36.4500,36.5100,36.3300,36.4900,25.5526,3817600
2013-01-23,36.4700,36.5000,36.3900,36.4800,25.5456,3602400
2013-01-24,36.5000,36.6400,36.4800,36.5800,25.6156,4569000
2013-01-25,36.7200,36.7900,36.6500,36.7600,25.7417,3930800
2013-01-28,36.7600,36.8500,36.6600,36.7900,25.7627,5114700
2013-01-29,36.7700,37.0500,36.7400,36.9900,25.9027,4868900
2013-01-30,36.9700,37.0600,36.8800,36.9200,25.8537,4374500
2013-01-31,36.9500,37.0100,36.8600,36.8700,25.8187,4374900
2013-02-01,37.1200,37.2200,36.9800,37.1700,26.0288,4855400
2013-02-04,37.0500,37.0500,36.7900,36.8200,25.7837,4501000
2013-02-05,37.0300,37.3600,37.0200,37.2600,26.0918,7608700
2013-02-06,37.1600,37.3200,37.1000,37.3100,26.1268,2893700
2013-02-07,37.2800,37.5400,37.2600,37.5100,26.2669,8721400
2013-02-08,37.5600,37.6700,37.4400,37.4800,26.2459,7203800
2013-02-11,37.5300,37.5300,37.4100,37.4800,26.2459,2957700
2013-02-12,37.5200,37.5200,37.3800,37.4400,26.2179,3308400
2013-02-13,37.5100,37.5100,37.3700,37.4800,26.2459,3165800
2013-02-14,37.5900,37.6900,37.5200,37.5600,26.3019,7964100
2013-02-15,37.5000,37.6900,37.4300,37.6100,26.3369,5690500
2013-02-19,37.7100,38.0000,37.7000,37.9900,26.6030,8140800
2013-02-20,38.0300,38.1300,37.9100,37.9200,26.5540,10454300
2013-02-21,37.8900,38.1200,37.8000,38.0400,26.6380,9752400
2013-02-22,38.1200,38.2600,38.0200,38.2600,26.7921,6182400
2013-02-25,38.3900,38.4500,37.7200,37.7400,26.4279,7873900
2013-02-26,37.8300,37.9600,37.6700,37.8300,26.4910,7656600
2013-02-27,37.8800,38.2200,37.7100,38.1100,26.6870,6405800
2013-02-28,38.1500,38.3400,38.0700,38.0900,26.6730,8069700
2013-03-01,37.9000,38.2500,37.8900,38.2200,26.7641,6584800
2013-03-04,38.1500,38.5100,38.1200,38.5100,26.9672,5105800
2013-03-05,38.6400,38.7100,38.5400,38.6400,27.0582,8253900
2013-03-06,38.6700,38.7300,38.5100,38.5500,26.9952,5795700
2013-03-07,38.6500,38.6500,38.5200,38.5500,26.9952,3375900
2013-03-08,38.6700,38.6800,38.4600,38.6200,27.0442,5178500
2013-03-11,38.6800,38.7300,38.6200,38.6600,27.0722,3624300
2013-03-12,38.6500,38.6800,38.5600,38.6200,27.0442,5323300
2013-03-13,38.7000,38.7500,38.5700,38.7200,27.1142,4113000
2013-03-14,38.7700,38.8900,38.6900,38.8500,27.2052,4250900
2013-03-15,38.5900,38.5900,38.4100,38.4900,27.0863,9104400
2013-03-18,38.2800,38.5300,38.2000,38.3700,27.0019,5045300
2013-03-19,38.4100,38.7100,38.4100,38.6900,27.2271,8304900
2013-03-20,38.8200,39.1300,38.8200,39.0600,27.4874,6377100
2013-03-21,38.9900,39.1400,38.9100,38.9400,27.4030,5588600
2013-03-22,39.1100,39.3300,39.0300,39.3000,27.6563,6132500
2013-03-25,39.3600,39.4900,39.1400,39.2700,27.6352,6281900
2013-03-26,39.4200,39.6600,39.3800,39.6400,27.8956,7227800
2013-03-27,39.5500,39.6100,39.3900,39.6100,27.8745,5357900
2013-03-28,39.6400,39.8000,39.4900,39.7700,27.9871,5040400
2013-04-01,39.7300,39.8000,39.6200,39.7500,27.9730,5370100
2013-04-02,39.8700,40.2300,39.8500,40.1800,28.2756,8043900
2013-04-03,40.2700,40.2700,39.6500,39.7400,27.9660,11956200
2013-04-04,39.8200,40.0200,39.7600,39.9500,28.1137,8889800
2013-04-05,39.6100,39.7200,39.5000,39.6600,27.9097,8528000
2013-04-08,39.6600,40.1100,39.5200,40.1100,28.2263,9479100
2013-04-09,40.1800,40.2200,39.9300,40.0700,28.1982,6614500
2013-04-10,40.1700,40.4300,40.1200,40.3700,28.4093,7325700
2013-04-11,40.4600,40.7100,40.3800,40.5600,28.5430,5973200
2013-04-12,40.4100,40.7300,40.4000,40.7100,28.6486,5782900
2013-04-15,40.6400,40.7200,40.0600,40.0600,28.1912,11247900
2013-04-16,40.3500,40.8300,40.2900,40.8100,28.7189,10341100
2013-04-17,40.6400,40.7400,40.3200,40.4600,28.4726,9761800
2013-04-18,40.4000,40.5800,40.2600,40.3800,28.4163,10303600
2013-04-19,40.4400,41.0600,40.4400,41.0100,28.8597,11227600
2013-04-22,41.0700,41.1900,40.8100,41.1100,28.9301,5972300
2013-04-23,41.2200,41.4400,40.9000,41.4300,29.1553,13184200
2013-04-24,41.2500,41.3700,40.7300,40.7700,28.6908,30015500
2013-04-25,40.8600,41.0100,40.7600,40.9000,28.7823,12200800
2013-04-26,40.8000,41.0100,40.8000,40.8900,28.7752,9481800
2013-04-29,41.0100,41.0700,40.8600,41.0200,28.8667,6696000
2013-04-30,40.9800,41.0300,40.7700,40.9400,28.8104,11354900
2013-05-01,40.8900,41.2000,40.8400,40.9000,28.7823,7556600
2013-05-02,40.9100,41.1900,40.7700,41.0500,28.8878,9194000
2013-05-03,41.2700,41.3700,41.1000,41.2300,29.0145,12843400
2013-05-06,41.2000,41.2000,40.8800,40.9300,28.8034,14530800
2013-05-07,41.0100,41.2500,40.9400,41.2400,29.0215,8152200
2013-05-08,41.2300,41.3000,41.1400,41.2900,29.0567,6623300
2013-05-09,41.2600,41.3500,40.9000,41.0000,28.8527,12872500
2013-05-10,40.9200,41.1900,40.9200,41.1600,28.9653,8304700
2013-05-13,41.1200,41.3800,41.0500,41.2300,29.0145,7821600
2013-05-14,41.2100,41.7300,41.2100,41.7200,29.3593,7373100
2013-05-15,41.7000,42.2000,41.6600,42.1300,29.6479,11728700
2013-05-16,42.0300,42.1100,41.8100,41.8800,29.4719,9313100
2013-05-17,41.8900,41.9700,41.6400,41.9400,29.5142,9368100
2013-05-20,41.9100,41.9500,41.4800,41.5100,29.2115,9866600
2013-05-21,41.6300,41.6700,41.2700,41.5500,29.2397,10408400
2013-05-22,41.5800,42.0200,41.3400,41.4800,29.1904,16899000
2013-05-23,41.1400,41.4500,41.0500,41.3100,29.0708,12831900
2013-05-24,41.3200,41.7200,41.3200,41.7000,29.3453,16015800
2013-05-28,42.0600,42.1900,41.6400,41.7700,29.3945,15727400
2013-05-29,41.5300,41.5700,40.8900,40.9700,28.8315,21414900
2013-05-30,41.0200,41.1600,40.7900,40.8100,28.7189,15949200
2013-05-31,40.7200,40.7200,40.0300,40.0500,28.1841,33824800
2013-06-03,40.1500,40.5000,39.6800,40.4900,28.4938,39020500
2013-06-04,40.6400,40.7800,40.2100,40.5000,28.5008,12962800
2013-06-05,40.3800,40.4200,40.0000,40.0100,28.1560,17077900
2013-06-06,39.9900,40.1900,39.7000,40.1800,28.2756,12352700
2013-06-07,40.3900,40.8500,40.3900,40.6800,28.6275,18700800
2013-06-10,40.8500,40.8500,40.4900,40.6800,28.6275,11190300
2013-06-11,40.4500,40.8600,40.3200,40.5800,28.5571,20334000
2013-06-12,40.7300,40.9000,40.3800,40.3800,28.4163,14908400
2013-06-13,40.4700,41.8800,40.2200,40.8000,28.7119,13048700
2013-06-14,40.7300,41.0300,40.5900,40.7000,28.6415,8453300
2013-06-17,40.8300,41.2300,40.7800,41.0600,28.8949,9877200
2013-06-18,41.0600,41.2600,40.9300,41.2100,29.0004,8441200
2013-06-19,41.2100,41.3000,40.3900,40.3900,28.4234,25795200
2013-06-20,40.0500,40.2800,39.1000,39.1700,27.5648,32296500
2013-06-21,39.2100,39.6300,39.0400,39.4300,27.9289,22743500
2013-06-24,39.1500,39.6500,38.8700,39.2700,27.8156,24973100
2013-06-25,39.4400,39.4800,39.1200,39.3300,27.8581,13004400
2013-06-26,39.5700,39.8900,39.5700,39.7400,28.1485,18133100
2013-06-27,39.9900,40.2900,39.9000,39.9200,28.2760,10033600
2013-06-28,39.8400,40.0400,39.6400,39.6700,28.0989,11033300
2013-07-01,39.9100,40.2500,39.4800,39.9600,28.3043,11795300
2013-07-02,39.9400,40.2300,39.8700,40.0100,28.3397,5441200
2013-07-03,39.8800,40.0200,39.6500,39.9300,28.2831,3985400
2013-07-05,40.0200,40.2000,39.6500,40.0300,28.3539,10602600
2013-07-08,40.0800,40.4700,40.0800,40.4300,28.6372,7611700
2013-07-09,40.7000,40.8200,40.6300,40.7300,28.8497,8937800
2013-07-10,40.7300,40.9600,40.6700,40.7800,28.8851,7701700
2013-07-11,41.2100,41.4800,41.1700,41.4200,29.3385,12282200
2013-07-12,41.3500,41.4700,41.2800,41.4300,29.3455,5566100
2013-07-15,41.5000,41.5000,41.3900,41.4900,29.3880,7076000
2013-07-16,41.1300,41.4200,41.1300,41.3400,29.2818,10156700
2013-07-17,41.4100,41.5400,41.3700,41.4200,29.3385,9365500
2013-07-18,41.4100,41.7100,41.3500,41.5600,29.4376,7136100
2013-07-19,41.5700,41.8000,41.5200,41.8000,29.6076,8352700
2013-07-22,41.8400,41.8500,41.6500,41.7100,29.5439,7887600
2013-07-23,41.7500,41.7600,41.5800,41.6300,29.4872,6122500
2013-07-24,41.7400,41.7400,41.2700,41.3600,29.2960,8262900
2013-07-25,41.2800,41.6200,41.2500,41.5800,29.4518,4720600
2013-07-26,41.4200,41.5500,41.0200,41.5300,29.4164,6073200
2013-07-29,41.4700,41.5400,41.3400,41.4400,29.3526,7493000
2013-07-30,41.5100,41.6800,41.3200,41.4000,29.3243,5733600
2013-07-31,41.4100,41.6100,41.3400,41.3900,29.3172,6735500
2013-08-01,41.6000,41.8000,41.6000,41.7300,29.5580,6207700
2013-08-02,41.6100,41.7700,41.4400,41.7500,29.5722,3956400
2013-08-05,41.7400,41.8500,41.6500,41.7800,29.5935,5010300
2013-08-06,41.7600,41.7900,41.5800,41.7300,29.5580,3148600
2013-08-07,41.5900,41.6300,41.4600,41.5300,29.4164,5987100
2013-08-08,41.6500,41.8000,41.5200,41.7500,29.5722,2915000
2013-08-09,41.6700,41.7300,41.4600,41.5700,29.4447,4266300
2013-08-12,41.4100,41.5000,41.2600,41.4500,29.3597,4208600
2013-08-13,41.5500,41.5700,41.2700,41.4800,29.3810,4178500
2013-08-14,41.4600,41.5000,41.1700,41.1900,29.1756,4871500
2013-08-15,40.8800,40.8900,40.5000,40.5300,28.7081,8854300
2013-08-16,40.4600,40.5300,40.1300,40.2900,28.5381,8607300
2013-08-19,40.2700,40.2700,40.1000,40.1100,28.4106,5126600
2013-08-20,40.1900,40.3500,40.0600,40.1200,28.4177,7174100
2013-08-21,40.0100,40.1700,39.7700,39.8100,28.1981,7899700
2013-08-22,39.8200,40.0700,39.8000,39.9800,28.3185,5501900
2013-08-23,40.0800,40.2600,40.0100,40.2100,28.4814,3352900
2013-08-26,40.2200,40.2700,39.7400,39.7400,28.1485,17412500
2013-08-27,39.4400,39.6400,39.4000,39.5300,27.9997,11462400
2013-08-28,39.4400,39.4500,39.2000,39.2300,27.7873,18628600
2013-08-29,39.0800,39.5600,39.0500,39.3900,27.9006,7455000
2013-08-30,39.5100,39.5800,39.3500,39.5100,27.9856,8672400
2013-09-03,39.6900,39.8300,39.4000,39.4800,27.9643,15164200
2013-09-04,39.4600,39.8300,39.3900,39.7300,28.1414,6468800
2013-09-05,39.7900,39.8200,39.6300,39.6700,28.0989,4525100
2013-09-06,39.8100,39.9500,39.3900,39.7700,28.1697,6976700
2013-09-09,39.7900,40.0900,39.7800,40.0500,28.3681,10347600
2013-09-10,40.1600,40.2400,39.9500,40.0900,28.3964,6501800
2013-09-11,40.0100,40.3900,40.0100,40.3800,28.6018,6812300
2013-09-12,40.3900,40.5100,40.3500,40.3900,28.6089,7002900
2013-09-13,40.4800,40.7500,40.4800,40.7200,28.8426,5063200
2013-09-16,41.0600,41.2200,41.0100,41.0900,29.1047,8178900
2013-09-17,41.0800,41.2700,41.0800,41.2300,29.2039,5344500
2013-09-18,41.2000,41.7500,40.9900,41.7200,29.5510,12763900
2013-09-19,41.7900,41.8400,41.4400,41.5300,29.4164,6148500
2013-09-20,41.2600,41.2600,40.9500,40.9800,29.2104,7279100
2013-09-23,40.9400,40.9400,40.7100,40.8000,29.0821,5586800
2013-09-24,40.8000,40.8700,40.5500,40.6100,28.9466,6855000
2013-09-25,40.5900,40.6600,40.2000,40.2700,28.7043,8234700
2013-09-26,40.3200,40.4800,40.2500,40.4800,28.8540,4560300
2013-09-27,40.3400,40.3400,40.0500,40.2300,28.6758,4453400
2013-09-30,39.9500,40.1100,39.7300,39.8000,28.3693,8120800
2013-10-01,39.7800,40.0600,39.7400,40.0400,28.5403,7152300
2013-10-02,39.9200,39.9600,39.5800,39.9500,28.4762,5827400
2013-10-03,39.8900,39.9300,39.6300,39.7500,28.3336,9686800
2013-10-04,39.7600,39.9600,39.6500,39.8100,28.3764,5713900
2013-10-07,39.5800,39.8800,39.5600,39.6800,28.2837,5438900
2013-10-08,39.7500,39.9400,39.6400,39.6800,28.2837,9532300
2013-10-09,39.7300,39.9100,39.5800,39.7100,28.3051,8706800
2013-10-10,39.9700,40.4700,39.9700,40.4500,28.8326,6104900
2013-10-11,40.4200,40.5800,40.3300,40.5700,28.9181,5451800
2013-10-14,40.3500,40.7500,40.3100,40.7400,29.0393,6808200
2013-10-15,40.6800,40.7200,40.3200,40.3700,28.7756,7792900
2013-10-16,40.5200,40.9900,40.5200,40.9700,29.2032,7034800
2013-10-17,40.8400,41.4400,40.8400,41.4300,29.5311,8498700
2013-10-18,41.4900,41.5500,41.3500,41.4900,29.5739,5861400
2013-10-21,41.4300,41.5100,41.2300,41.4000,29.5098,3646400
2013-10-22,41.5000,42.0300,41.4800,41.9200,29.8804,9404700
2013-10-23,41.8200,42.0900,41.8000,42.0000,29.9374,8809800
2013-10-24,42.0800,42.0800,41.8600,41.9200,29.8804,7754800
2013-10-25,41.9300,42.0600,41.8000,42.0200,29.9517,4301900
2013-10-28,42.1500,42.7000,42.0900,42.5700,30.3437,33007100
2013-10-29,42.6600,42.9400,42.5400,42.9400,30.6075,15133400
2013-10-30,42.9900,42.9900,42.4600,42.5700,30.3437,11872100
2013-10-31,42.4900,42.5900,42.2900,42.3500,30.1869,11588100
2013-11-01,42.3600,42.5700,42.2700,42.5100,30.3010,9055000
2013-11-04,42.6100,42.7200,42.4000,42.5500,30.3295,5305500
2013-11-05,42.5100,42.7600,42.3800,42.6300,30.3865,6804500
2013-11-06,42.8500,43.1000,42.6500,43.0900,30.7144,7356400
2013-11-07,43.0600,43.0800,42.3700,42.4600,30.2653,11993800
2013-11-08,42.4700,42.6700,42.1300,42.6700,30.4150,15162000
2013-11-11,42.6500,42.7300,42.5000,42.5400,30.3223,7981900
2013-11-12,42.4400,42.6400,42.4000,42.6100,30.3722,5657100
2013-11-13,42.4600,42.9900,42.4200,42.9700,30.6288,7651500
2013-11-14,42.9900,43.3300,42.9600,43.2800,30.8498,5891500
2013-11-15,43.2600,43.4300,43.1500,43.3300,30.8855,3054000
2013-11-18,43.4600,43.4600,43.1100,43.2000,30.7928,3924900
2013-11-19,43.1400,43.1900,42.9700,43.0400,30.6787,7013200
2013-11-20,43.0900,43.2000,42.7300,42.8600,30.5504,7392100
2013-11-21,42.8600,42.9700,42.7600,42.9400,30.6075,6777800
2013-11-22,43.0100,43.1900,42.8600,43.1600,30.7643,5443000
2013-11-25,43.3000,43.3400,43.0300,43.0900,30.7144,4447200
2013-11-26,43.1400,43.2500,42.9800,43.0500,30.6859,3854300
2013-11-27,43.1900,43.1900,42.9600,43.0800,30.7073,3257000
2013-11-29,43.1700,43.2700,42.9600,43.0100,30.6573,2642100
2013-12-02,43.0300,43.0400,42.6800,42.7800,30.4934,5041700
2013-12-03,42.7300,43.0100,42.7300,42.9900,30.6431,6124800
2013-12-04,42.8800,43.0000,42.5500,42.8900,30.5718,8093100
2013-12-05,42.7400,42.7900,42.4400,42.5000,30.2938,6060000
2013-12-06,42.8300,43.1300,42.7600,43.0800,30.7073,7108600
2013-12-09,43.2600,43.3800,43.1500,43.2300,30.8142,5513100
2013-12-10,43.1400,43.1900,42.7400,42.8600,30.5504,3341900
2013-12-11,42.8500,43.1300,42.8500,42.9300,30.6003,21705800
2013-12-12,42.9200,42.9200,42.3000,42.3400,30.1798,9662500
2013-12-13,42.4700,42.4700,42.1400,42.2700,30.1299,5929000
2013-12-16,42.3500,42.5200,42.1700,42.2600,30.1228,5893100
2013-12-17,42.2200,42.2800,41.9600,42.0600,29.9802,7247300
2013-12-18,42.1100,42.7800,41.6900,42.7600,30.4792,11754200
2013-12-19,42.6500,42.7300,42.4300,42.6800,30.4221,5698800
2013-12-20,42.3500,42.6600,42.2900,42.5500,30.5600,11007300
2013-12-23,42.6500,42.6900,42.3600,42.5100,30.5313,6601700
2013-12-24,42.5100,42.6600,42.4400,42.5700,30.5744,5915300
2013-12-26,42.6000,42.7400,42.5400,42.7400,30.6965,15154600
2013-12-27,42.8100,42.9200,42.7600,42.8400,30.7683,3590500
2013-12-30,42.8400,42.9800,42.8300,42.9500,30.8473,3245700
2013-12-31,43.0200,43.0700,42.8100,42.9800,30.8689,6516500
2014-01-02,42.8500,42.8700,42.3800,42.4500,30.4882,14997000
2014-01-03,42.5400,42.6100,42.3400,42.3700,30.4308,6298600
2014-01-06,42.4800,42.5300,42.1100,42.2100,30.3158,9498600
2014-01-07,42.4300,42.5400,42.2400,42.4400,30.4810,7479100
2014-01-08,42.4300,42.4300,42.0300,42.1200,30.2512,23824100
2014-01-09,42.2300,42.4000,42.0600,42.3400,30.4092,24438600
2014-01-10,42.4500,42.5500,42.2400,42.4000,30.4523,15903800
2014-01-13,42.4000,42.5400,42.1100,42.1600,30.2799,9275100
2014-01-14,42.2700,42.4500,42.1900,42.3800,30.4379,10885000
2014-01-15,42.4300,42.5400,42.2900,42.3900,30.4451,4384200
2014-01-16,42.2700,42.4600,42.1800,42.4000,30.4523,6522100
2014-01-17,42.3500,42.3800,42.0300,42.0700,30.2153,8233800
2014-01-21,42.1900,42.3400,41.9500,42.2300,30.3302,5618400
2014-01-22,42.2600,42.3800,42.1800,42.2300,30.3302,3615300
2014-01-23,42.0800,42.0800,41.7100,41.8600,30.0645,8916700
2014-01-24,41.8000,41.9800,41.4400,41.4800,29.7915,18509700
2014-01-27,41.5000,41.5500,41.2400,41.3100,29.6695,8451500
2014-01-28,41.3800,41.7100,41.3600,41.6300,29.8993,5022200
2014-01-29,41.3600,41.4200,40.7900,40.9000,29.3750,36942400
2014-01-30,41.0500,41.1200,40.8900,40.9600,29.4181,19016600
2014-01-31,40.4900,41.0400,40.3200,40.7600,29.2744,21959500
2014-02-03,40.7100,40.8200,39.8300,39.8800,28.6424,41150000
2014-02-04,40.0400,40.1700,39.9500,40.0900,28.7932,11694000
2014-02-05,39.9900,40.1900,39.8900,40.1200,28.8148,9453300
2014-02-06,40.3000,40.6000,40.2800,40.5500,29.1236,12794100
2014-02-07,40.7000,40.9600,40.6000,40.9300,29.3965,6986300
2014-02-10,40.9000,41.1200,40.8300,41.0900,29.5114,5645800
2014-02-11,41.1500,41.5900,40.9900,41.5700,29.8562,9688100
2014-02-12,41.6600,41.6600,41.2500,41.3900,29.7269,8852500
2014-02-13,41.0900,41.6200,41.0300,41.6000,29.8777,5708600
2014-02-14,41.5100,41.9500,41.3900,41.8400,30.0501,7234700
2014-02-18,41.7900,41.8300,41.4500,41.6000,29.8777,7130400
2014-02-19,41.5500,41.6900,41.3500,41.5100,29.8131,6085300
2014-02-20,41.4500,41.8200,41.3800,41.6900,29.9424,6793100
2014-02-21,41.7400,41.8800,41.5900,41.6000,29.8777,5702300
2014-02-24,41.6300,42.0300,41.6200,41.7500,29.9854,3302300
2014-02-25,41.7400,42.1100,41.7400,41.9100,30.1004,6304200
2014-02-26,42.0000,42.1200,41.7900,41.8700,30.0716,4877300
2014-02-27,41.8100,42.0600,41.7900,42.0600,30.2081,4172400
2014-02-28,42.0500,42.5200,42.0200,42.3500,30.4164,5404800
2014-03-03,42.0100,42.2200,41.8700,42.1200,30.2512,8829800
2014-03-04,42.4000,42.7800,42.4000,42.6900,30.6606,7275500
2014-03-05,42.6500,42.7100,42.5400,42.5500,30.5600,8090900
2014-03-06,42.6300,42.6600,42.5400,42.5400,30.5528,6145900
2014-03-07,42.6900,42.7000,42.4800,42.6600,30.6390,4123200
2014-03-10,42.5400,42.7100,42.5400,42.7000,30.6678,4901200
2014-03-11,42.8100,42.8500,42.5900,42.6800,30.6534,10017400
2014-03-12,42.4800,42.7900,42.4800,42.7700,30.7180,5203700
2014-03-13,42.8000,42.9700,42.4900,42.5600,30.5672,9738900
2014-03-14,42.4000,42.7700,42.3900,42.5800,30.5816,5299600
2014-03-17,42.7200,42.8900,42.6500,42.8300,30.7611,4161400
2014-03-18,42.9000,42.9900,42.7700,42.9200,30.8258,3575000
2014-03-19,42.8800,43.0000,42.3800,42.5900,30.5888,10676900
2014-03-20,42.4500,42.7900,42.3800,42.7400,30.6965,9907900
2014-03-21,42.6700,42.9100,42.5000,42.5000,30.6792,7454000
2014-03-24,42.5200,42.7400,42.4000,42.4600,30.6503,6111300
2014-03-25,42.6200,42.8300,42.6200,42.7700,30.8741,9086100
2014-03-26,42.8500,42.9800,42.6700,42.6700,30.8019,7102300
2014-03-27,42.5700,42.8600,42.5700,42.6400,30.7802,10552500
2014-03-28,42.6700,42.8700,42.6700,42.7500,30.8596,4522600
2014-03-31,42.9900,43.1100,42.8500,43.0600,31.0834,8973400
2014-04-01,43.0100,43.1400,42.8900,42.9900,31.0329,6524200
2014-04-02,43.0200,43.1400,42.9100,43.0400,31.0690,6705400
2014-04-03,43.0400,43.1800,42.9900,43.0900,31.1051,4430400
2014-04-04,43.2200,43.3200,42.8900,42.9500,31.0040,8815700
2014-04-07,42.8500,43.1800,42.8500,42.9900,31.0329,15088000
2014-04-08,43.0000,43.2300,42.9400,43.2100,31.1917,7688000
2014-04-09,43.2200,43.4000,43.1700,43.4000,31.3288,5559000
2014-04-10,43.4000,43.6300,42.9400,42.9700,31.0184,6121800
2014-04-11,42.9400,43.1200,42.7000,42.7500,30.8596,15474700
2014-04-14,42.9800,43.1600,42.8100,43.0900,31.1051,4333800
2014-04-15,43.2400,43.2600,42.9300,43.2000,31.1845,6318800
2014-04-16,43.4400,43.6200,43.3100,43.6200,31.4877,4314800
2014-04-17,43.5400,43.6700,43.3900,43.6300,31.4949,4209600
2014-04-21,43.5200,43.6800,43.4400,43.6500,31.5093,3739700
2014-04-22,43.6900,43.7200,43.5600,43.6300,31.4949,5669400
2014-04-23,43.6300,43.6900,43.5600,43.5600,31.4444,11037100
2014-04-24,43.5400,43.7900,43.5000,43.7300,31.5671,3946200
2014-04-25,43.6900,43.8200,43.6000,43.7900,31.6104,6647400
2014-04-28,43.8900,44.3800,43.7900,44.2900,31.9713,7214200
2014-04-29,44.2500,44.3300,44.1000,44.1000,31.8341,4222300
2014-04-30,44.0000,44.2400,44.0000,44.2400,31.9352,4855000
2014-05-01,44.1500,44.2400,43.9500,44.2000,31.9063,9711100
2014-05-02,44.2000,44.2600,44.0600,44.2000,31.9063,5245300
2014-05-05,44.0300,44.2200,43.8900,44.1000,31.8341,3279600
2014-05-06,43.9700,44.0500,43.8100,43.8200,31.6320,4471900
2014-05-07,43.9200,44.2700,43.9200,44.2400,31.9352,7554300
2014-05-08,44.2400,44.4700,44.1600,44.3000,31.9785,4197900
2014-05-09,44.2600,44.5200,44.2100,44.5100,32.1301,2792400
2014-05-12,44.5700,44.7000,44.4800,44.5500,32.1590,4824900
2014-05-13,44.5400,44.7000,44.5300,44.6400,32.2240,2518600
2014-05-14,44.6100,44.6300,44.3500,44.4000,32.0507,3165700
2014-05-15,44.2700,44.3000,43.9400,44.0100,31.7692,4726400
2014-05-16,44.0700,44.3000,44.0100,44.2800,31.9641,6381700
2014-05-19,44.1700,44.2500,44.0600,44.1900,31.8991,2805300
2014-05-20,44.1900,44.1900,43.9600,44.0300,31.7836,6246800
2014-05-21,44.0300,44.3100,43.9900,44.2800,31.9641,5037700
2014-05-22,44.2600,44.2900,44.1000,44.2100,31.9135,2898300
2014-05-23,44.2000,44.3400,44.2000,44.2800,31.9641,2710000
2014-05-27,44.3900,44.4300,44.2800,44.4000,32.0507,3520700
2014-05-28,44.4400,44.4800,44.3300,44.3400,32.0074,3903100
2014-05-29,44.3800,44.7600,44.3800,44.6900,32.2600,6683400
2014-05-30,44.5600,45.0800,44.5600,45.0400,32.5127,4482600
2014-06-02,44.9600,45.0100,44.8800,44.9300,32.4333,3273000
2014-06-03,44.8700,44.9000,44.7500,44.7700,32.3178,2674000
2014-06-04,44.7400,44.9900,44.7200,44.9300,32.4333,3149000
2014-06-05,44.9400,45.1700,44.8700,45.1100,32.5632,3905400
2014-06-06,45.1200,45.2400,45.1100,45.2300,32.6499,2562200
2014-06-09,45.1300,45.2700,45.0900,45.1600,32.5993,6310400
2014-06-10,45.0300,45.2100,45.0100,45.1600,32.5993,4362000
2014-06-11,45.0700,45.1600,44.9700,45.0400,32.5127,4977900
2014-06-12,44.9500,45.0400,44.6400,44.7200,32.2817,5186300
2014-06-13,44.7800,44.7900,44.6100,44.7100,32.2745,1936700
2014-06-16,44.7000,44.9200,44.5700,44.8800,32.3972,18205200
2014-06-17,44.9500,44.9500,44.7300,44.8800,32.3972,4897800
2014-06-18,44.8300,45.4200,44.7800,45.4100,32.7798,22633400
2014-06-19,45.4500,45.7100,45.4200,45.6700,32.9675,11404200
2014-06-20,45.4800,45.5100,45.1900,45.2200,32.8664,5165400
2014-06-23,45.2200,45.2300,44.9000,44.9700,32.6847,3370700
2014-06-24,44.9000,44.9500,44.7000,44.8100,32.5684,3677200
2014-06-25,44.6500,44.7700,44.5700,44.7400,32.5176,6083000
2014-06-26,44.6500,44.7100,44.4000,44.5800,32.4013,15990200
2014-06-27,44.5800,44.7400,44.4000,44.6600,32.4594,4692800
2014-06-30,44.5000,44.8900,44.5000,44.6200,32.4303,12049100
2014-07-01,44.6900,44.8500,44.5200,44.7200,32.5030,5099600
2014-07-02,44.7400,44.9300,44.7400,44.8400,32.5903,3093000
2014-07-03,44.8700,45.1500,44.8100,45.0900,32.7720,2303400
2014-07-07,45.0000,45.2000,44.9500,45.1600,32.8228,5813700
2014-07-08,45.0900,45.2100,45.0300,45.0700,32.7574,4629500
2014-07-09,45.1300,45.3100,45.1200,45.2700,32.9028,5296000
2014-07-10,44.9900,45.2500,44.9500,45.2000,32.8519,3871200
2014-07-11,45.2000,45.3100,45.0600,45.2600,32.8955,3100500
2014-07-14,45.3800,45.4900,45.3500,45.4200,33.0118,4135600
2014-07-15,45.3600,45.3600,44.9800,45.0200,32.7211,7181800
2014-07-16,45.2000,45.2500,44.9600,45.0300,32.7283,4513100
2014-07-17,45.0400,45.1100,44.7200,44.7500,32.5248,3965200
2014-07-18,44.8000,45.2300,44.7900,45.2000,32.8519,5929300
2014-07-21,45.0300,45.0300,44.8400,44.9900,32.6993,5085300
2014-07-22,44.9300,45.0300,44.8200,44.9100,32.6411,13404200
2014-07-23,44.9900,45.0100,44.8100,44.8500,32.5975,2796500
2014-07-24,44.9300,45.0500,44.8700,44.9700,32.6847,3449600
2014-07-25,44.9300,44.9700,44.6900,44.7900,32.5539,2477800
2014-07-28,44.7500,44.8300,44.5000,44.5600,32.3868,30101200
2014-07-29,44.6100,44.7300,44.3500,44.3600,32.2414,6319100
2014-07-30,44.4300,44.4900,43.8900,43.8900,31.8998,22406900
2014-07-31,43.5200,43.6400,43.1100,43.1400,31.3547,10784500
2014-08-01,43.0800,43.6600,43.0800,43.4700,31.5945,11890000
2014-08-04,43.5300,43.6900,43.3500,43.6100,31.6963,5024400
2014-08-05,43.4800,43.7000,43.2400,43.4200,31.5582,4571700
2014-08-06,42.9900,43.8200,42.9700,43.7900,31.8271,27891900
2014-08-07,43.9000,43.9000,43.3300,43.4300,31.5655,5532600
2014-08-08,43.4700,43.9100,43.4300,43.8700,31.8852,5259400
2014-08-11,44.0300,44.3900,43.9900,44.1800,32.1106,23734600
2014-08-12,44.1600,44.2300,44.0400,44.1500,32.0888,3954200
2014-08-13,44.2500,44.3600,44.1100,44.2800,32.1832,2704300
2014-08-14,44.4300,44.4700,44.2300,44.4600,32.3141,2196100
2014-08-15,44.6900,44.8000,44.2800,44.5200,32.3577,4542700
2014-08-18,44.6300,44.8200,44.5800,44.7800,32.5466,4427600
2014-08-19,44.8600,44.9500,44.6700,44.9000,32.6339,2627900
2014-08-20,44.7900,44.9200,44.7400,44.8700,32.6121,5580000
2014-08-21,44.8900,45.1500,44.8900,44.9500,32.6702,1724000
2014-08-22,45.0000,45.0700,44.8400,44.8400,32.5903,5176500
2014-08-25,45.0500,45.1500,45.0100,45.0900,32.7720,1985200
2014-08-26,45.1200,45.1900,45.0300,45.0600,32.7502,1792300
2014-08-27,45.1000,45.1000,44.9900,45.0800,32.7647,2054500
2014-08-28,44.9600,45.1100,44.9200,45.1000,32.7792,2797700
2014-08-29,45.1400,45.1700,44.9900,45.1300,32.8010,3076400
2014-09-02,45.1800,45.3500,45.0100,45.1500,32.8156,11691900
2014-09-03,45.2600,45.2800,45.1300,45.1800,32.8374,2391400
2014-09-04,45.2500,45.4400,45.1900,45.3200,32.9391,4379600
2014-09-05,45.3300,45.5800,45.1800,45.5800,33.1281,5067000
2014-09-08,45.4300,45.5200,45.2200,45.2400,32.8810,4229500
2014-09-09,45.2700,45.2700,45.0700,45.1300,32.8010,3452700
2014-09-10,45.1800,45.4000,45.1100,45.3500,32.9609,4186400
2014-09-11,45.2500,45.4000,45.2100,45.3700,32.9755,3924700
2014-09-12,45.3100,45.3400,44.9600,45.0500,32.7429,5778400
2014-09-15,45.1900,45.3100,45.1400,45.2700,32.9028,6105500
2014-09-16,45.2000,45.7300,45.1600,45.6100,33.1499,8388400
2014-09-17,45.5600,45.7000,45.4200,45.5100,33.0772,10476000
2014-09-18,45.5800,45.6500,45.4900,45.6000,33.1426,6364600
2014-09-19,45.5000,45.5900,45.3700,45.4300,33.2282,5411900
2014-09-22,45.4000,45.4700,45.2800,45.3500,33.1697,6516500
2014-09-23,45.2000,45.2800,44.9500,44.9500,32.8771,6715600
2014-09-24,44.9400,45.5500,44.9400,45.5300,33.3013,14707300
2014-09-25,45.3900,45.4000,44.9300,44.9300,32.8625,11438400
2014-09-26,45.0300,45.1900,44.7700,45.1000,32.9868,3935200
2014-09-29,44.8300,45.1500,44.8000,45.0900,32.9795,11255800
2014-09-30,45.1100,45.2200,44.9500,45.1100,32.9942,7122400
2014-10-01,45.0700,45.0700,44.7500,44.8300,32.7894,18044800
2014-10-02,44.8000,45.0200,44.7000,44.9100,32.8479,16950100
2014-10-03,45.1800,45.4600,45.0000,45.4400,33.2355,9134100
2014-10-06,45.5600,45.5600,45.1600,45.4600,33.2502,6884100
2014-10-07,45.2300,45.5200,45.1900,45.1900,33.0527,11318600
2014-10-08,45.2600,45.8700,45.2000,45.8500,33.5354,9800300
2014-10-09,45.8100,46.1100,45.3900,45.3900,33.1989,15077400
2014-10-10,45.4300,46.0800,45.4300,45.6100,33.3599,11403400
2014-10-13,45.5900,45.6600,44.9500,44.9800,32.8991,20244600
2014-10-14,45.1200,45.2100,44.8500,44.9600,32.8844,12854000
2014-10-15,44.5400,44.8100,43.7800,44.4200,32.4895,22241300
2014-10-16,43.8300,44.3200,43.6900,44.0900,32.2481,19593400
2014-10-17,44.4900,44.7500,44.0800,44.6300,32.6431,12534400
2014-10-20,44.5500,45.3100,44.5100,45.2700,33.1112,17229300
2014-10-21,45.1300,45.4600,44.9500,45.4600,33.2502,13863600
2014-10-22,45.4900,45.8700,45.4100,45.5600,33.3233,10426900
2014-10-23,45.7400,45.8400,45.4500,45.5300,33.3013,12604800
2014-10-24,45.6900,45.9500,45.6200,45.9100,33.5793,9205600
2014-10-27,45.7900,46.2100,45.7400,46.0200,33.6597,4917200
2014-10-28,46.2200,46.2200,46.0000,46.2000,33.7914,5633500
2014-10-29,46.2000,46.3000,45.8500,46.1200,33.7329,6381200
2014-10-30,46.1700,46.5200,45.8800,46.4100,33.9450,5020200
2014-10-31,46.8300,46.8400,46.5600,46.7100,34.1644,8184300
2014-11-03,46.6400,46.9200,46.6400,46.8900,34.2961,14994800
2014-11-04,46.8100,47.2100,46.7900,47.1400,34.4789,10508200
2014-11-05,47.4100,47.6700,47.2400,47.4700,34.7203,7780400
2014-11-06,47.5200,47.6700,47.3500,47.5700,34.7934,5638000
2014-11-07,47.5000,47.7400,47.3200,47.7400,34.9178,5912000
2014-11-10,47.6600,47.9600,47.5500,47.9500,35.0714,4209500
2014-11-11,47.9300,48.0000,47.7600,47.8600,35.0056,3277800
2014-11-12,47.6600,47.9300,47.6500,47.8600,35.0056,4923700
2014-11-13,47.9000,48.2600,47.8600,48.0300,35.1299,7507100
2014-11-14,48.0500,48.0700,47.6400,47.7600,34.9324,7544500
2014-11-17,47.6800,48.0800,47.6800,48.0800,35.1665,4049600
2014-11-18,48.0800,48.3400,48.0000,48.2600,35.2981,5015400
2014-11-19,48.2400,48.5100,48.1800,48.4600,35.4444,4919500
2014-11-20,48.3100,48.3900,48.1800,48.2500,35.2908,4076000
2014-11-21,48.6500,48.7400,48.3600,48.4500,35.4371,5042300
2014-11-24,48.5400,48.6600,48.3400,48.4200,35.4151,4912000
2014-11-25,48.4200,48.5800,48.3400,48.4600,35.4444,6157500
2014-11-26,48.4600,48.6900,48.4500,48.6800,35.6053,3644800
2014-11-28,48.8300,49.4200,48.8000,49.3000,36.0588,4640900
2014-12-01,49.0800,49.1900,48.9000,48.9800,35.8247,8330400
2014-12-02,48.9600,49.1900,48.9300,49.1500,35.9491,6130900
2014-12-03,49.1600,49.1600,48.6900,48.8000,35.6931,5909600
2014-12-04,48.8100,48.8700,48.5400,48.7600,35.6638,8023900
2014-12-05,48.7300,48.8600,48.5500,48.8500,35.7296,6732100
2014-12-08,48.8000,49.0100,48.6200,48.7500,35.6565,4653600
2014-12-09,48.3800,48.6100,48.1100,48.5900,35.5395,6120000
2014-12-10,48.5900,48.7300,48.0800,48.1300,35.2030,5304800
2014-12-11,48.3000,48.8100,48.1400,48.5300,35.4956,5233700
2014-12-12,48.2400,48.7100,47.9000,47.9100,35.0421,6812500
2014-12-15,48.1100,48.2500,47.4400,47.5900,34.8081,9451300
2014-12-16,47.3800,48.3700,47.3800,47.4100,34.6764,9811500
2014-12-17,47.5500,48.2600,47.5000,48.1000,35.1811,10126400
2014-12-18,48.7900,49.0500,48.3100,49.0200,35.8540,8726300
2014-12-19,48.8400,49.0200,48.5900,48.6200,35.8172,13154400
2014-12-22,48.7500,49.0900,48.7400,49.0900,36.1634,5125700
2014-12-23,49.3000,49.5400,49.1700,49.4300,36.4139,5563500
2014-12-24,49.5800,49.6300,49.3500,49.3800,36.3770,1478000
2014-12-26,49.4300,49.6100,49.4100,49.4600,36.4360,3302400
2014-12-29,49.4000,49.4500,49.1100,49.3100,36.3255,13478700
2014-12-30,49.2400,49.3500,49.0700,49.0900,36.1634,5094900
2014-12-31,49.2700,49.2700,48.4700,48.4900,35.7214,5218700
2015-01-02,48.6200,48.7300,48.0500,48.3500,35.6183,7612100
2015-01-05,48.2600,48.3700,47.8800,48.0100,35.3678,8272700
2015-01-06,48.3500,48.4700,47.8100,47.9500,35.3236,11112400
2015-01-07,48.3000,48.8300,48.2500,48.7700,35.9277,9226100
2015-01-08,49.2000,49.5700,49.1000,49.5100,36.4728,12904100
2015-01-09,49.6700,49.6700,49.1100,49.1100,36.1781,6382800
2015-01-12,49.0900,49.3500,48.8300,48.9600,36.0676,6256400
2015-01-13,49.2900,49.5600,48.6600,48.9500,36.0603,10135000
2015-01-14,48.5800,48.8500,48.4600,48.8000,35.9498,13315500
2015-01-15,49.1200,49.1800,48.6900,48.8800,36.0087,10898400
2015-01-16,48.7600,49.3200,48.6700,49.2700,36.2960,12948500
2015-01-20,49.4600,49.6900,49.0600,49.4700,36.4433,9978200
2015-01-21,49.3700,49.7200,49.1200,49.7100,36.6201,7588600
2015-01-22,49.9200,50.2200,49.4800,50.2100,36.9885,12062000
2015-01-23,49.9700,50.0500,49.6400,49.6500,36.5759,6423700
2015-01-26,49.6300,49.7200,49.3800,49.6500,36.5759,4428600
2015-01-27,49.1500,49.3000,48.8500,49.0800,36.1560,10344800
2015-01-28,49.2600,49.4100,48.4700,48.5100,35.7361,7765700
2015-01-29,48.7000,48.9600,48.2900,48.9000,36.0234,9765600
2015-01-30,48.6400,48.6700,47.9500,48.0200,35.3751,10951600
2015-02-02,48.1100,48.6200,47.6800,48.5900,35.7951,14354100
2015-02-03,48.8900,49.0400,48.6100,49.0200,36.1118,6279600
2015-02-04,48.9300,49.3900,48.9300,49.0400,36.1266,7901300
2015-02-05,49.1900,49.3100,49.0700,49.2900,36.3107,8079500
2015-02-06,49.3000,49.4900,48.8800,49.0700,36.1487,6304100
2015-02-09,48.9900,49.0300,48.5700,48.7000,35.8761,5656100
2015-02-10,49.1600,49.3200,48.8600,49.2700,36.2960,5055100
2015-02-11,49.3000,49.6100,49.1400,49.5000,36.4654,4618000
2015-02-12,49.6200,49.7300,49.4700,49.7300,36.6349,7150600
2015-02-13,49.6200,49.6500,49.3900,49.5000,36.4654,5932000
2015-02-17,49.4300,49.5600,49.1900,49.5100,36.4728,4887500
2015-02-18,49.5000,49.7800,49.3900,49.7800,36.6717,5251200
2015-02-19,49.6900,49.7000,49.4000,49.4600,36.4360,4380200
2015-02-20,49.2900,49.6200,49.1000,49.6000,36.5391,5898000
2015-02-23,49.5200,49.7500,49.5200,49.7400,36.6422,4710600
2015-02-24,49.7900,49.9500,49.6000,49.9100,36.7675,4275800
2015-02-25,49.9000,49.9500,49.6800,49.7400,36.6422,3282600
2015-02-26,49.7400,49.8600,49.6100,49.8100,36.6938,4124200
2015-02-27,49.8000,50.1100,49.7700,50.0100,36.8411,4578900
2015-03-02,50.0500,50.1400,49.9400,50.1000,36.9074,5511200
2015-03-03,50.1000,50.1100,49.6900,49.9100,36.7675,5818200
2015-03-04,49.8100,49.8300,49.4400,49.5600,36.5096,3635800
2015-03-05,49.6900,49.8100,49.5700,49.7300,36.6349,5336300
2015-03-06,49.3700,49.4700,48.6500,48.7600,35.9203,12065500
2015-03-09,48.9500,49.1200,48.8000,49.0300,36.1192,6436500
2015-03-10,48.7400,48.7700,48.3200,48.3300,35.6035,7996200
2015-03-11,48.4000,48.4000,47.9100,47.9600,35.3309,8699500
2015-03-12,48.1800,48.6600,48.1300,48.6600,35.8466,9905500
2015-03-13,48.5600,48.5800,47.9900,48.2800,35.5667,5821400
2015-03-16,48.4300,48.8800,48.4300,48.8700,36.0013,22130500
2015-03-17,48.7000,48.7400,48.3800,48.5200,35.7435,7487500
2015-03-18,48.4000,49.0500,47.8400,48.8500,35.9866,19747300
2015-03-19,48.7400,48.8500,48.5400,48.6300,35.8245,20386700
2015-03-20,48.5700,48.9500,48.5000,48.9400,36.2737,7951000
2015-03-23,48.8900,49.2700,48.8500,49.0200,36.3330,4669300
2015-03-24,49.1400,49.2700,48.7400,48.7400,36.1255,6939800
2015-03-25,49.2900,49.3600,48.6200,48.6200,36.0365,18476700
2015-03-26,48.3800,48.6800,48.3000,48.4100,35.8809,7616000
2015-03-27,48.4200,48.7700,48.4000,48.7100,36.1032,4950100
2015-03-30,48.8100,49.2400,48.6200,49.2000,36.4664,25326800
2015-03-31,49.0000,49.2000,48.7400,48.7400,36.1255,7411800
2015-04-01,48.7200,48.8100,48.3300,48.8000,36.1699,8033400
2015-04-02,48.8200,49.2200,48.7500,49.1300,36.4145,4821000
2015-04-06,49.0500,49.7300,48.9200,49.5200,36.7036,5615300
2015-04-07,49.6000,49.7000,49.2900,49.2900,36.5331,7660800
2015-04-08,49.3000,49.5000,49.1500,49.3700,36.5924,5039200
2015-04-09,49.3700,49.6000,49.1900,49.5100,36.6962,4785400
2015-04-10,49.6400,49.7700,49.4700,49.6000,36.7629,4605100
2015-04-13,49.4700,49.6600,49.3600,49.3700,36.5924,3712800
2015-04-14,49.2800,49.5600,49.1700,49.4800,36.6739,5722200
2015-04-15,49.5500,49.7500,49.3100,49.3400,36.5702,6764300
2015-04-16,49.4000,49.7100,49.3600,49.5200,36.7036,5796400
2015-04-17,49.2900,49.3200,48.7900,49.0600,36.3626,5539800
2015-04-20,49.1400,49.5200,49.1400,49.2300,36.4886,3976200
2015-04-21,49.3000,49.5500,49.2400,49.3200,36.5553,3948500
2015-04-22,49.3600,49.4500,49.0700,49.3500,36.5776,2897700
2015-04-23,49.0700,49.4200,49.0600,49.1800,36.4516,6320800
2015-04-24,49.3200,49.3200,49.1300,49.1900,36.4590,6555100
2015-04-27,49.2600,49.2800,48.8900,48.9200,36.2589,6888100
2015-04-28,48.9200,49.0300,48.7100,48.9700,36.2959,3665100
2015-04-29,48.8100,48.9100,48.4600,48.5300,35.9698,9409300
2015-04-30,48.4100,48.6000,48.1800,48.3700,35.8512,8286300
2015-05-01,48.5500,48.8300,48.4100,48.8100,36.1773,5158300
2015-05-04,48.8100,49.0100,48.8000,48.8800,36.2292,6710200
2015-05-05,48.8600,48.9200,48.4200,48.4900,35.9402,6537400
2015-05-06,48.5900,48.7600,48.3400,48.6400,36.0513,6233300
2015-05-07,48.4800,48.8600,48.3700,48.7600,36.1403,6433800
2015-05-08,49.0100,49.3600,49.0100,49.1700,36.4442,6946500
2015-05-11,49.0300,49.3300,48.9500,48.9700,36.2959,3988400
2015-05-12,48.5100,49.0200,48.5100,48.8600,36.2144,4903400
2015-05-13,48.8500,49.1900,48.7800,48.8400,36.1996,3716900
2015-05-14,49.0400,49.6100,49.0400,49.5900,36.7555,6174300
2015-05-15,49.6000,49.7500,49.5500,49.7500,36.8741,5014300
2015-05-18,49.7000,49.7200,49.5100,49.5900,36.7555,6199900
2015-05-19,49.6200,49.6200,49.3000,49.4600,36.6591,5157200
2015-05-20,49.3900,49.5900,49.3500,49.3500,36.5776,5463200
2015-05-21,49.3600,49.5200,49.1900,49.4600,36.6591,4313600
2015-05-22,49.2300,49.4000,49.2200,49.2500,36.5035,5336900
2015-05-26,49.1900,49.2100,48.7600,48.8600,36.2144,8790100
2015-05-27,48.9600,49.2500,48.9200,49.1700,36.4442,7599900
2015-05-28,49.1200,49.1700,48.8900,49.1000,36.3923,5741300
2015-05-29,49.0200,49.0700,48.7000,48.7900,36.1625,6663600
2015-06-01,48.8900,48.9900,48.6200,48.7900,36.1625,5992300
2015-06-02,48.6500,48.7700,48.4200,48.6600,36.0662,4998200
2015-06-03,48.7200,48.8600,48.5600,48.6300,36.0439,5892700
2015-06-04,48.5400,48.6600,48.1800,48.2800,35.7845,7084800
2015-06-05,48.1500,48.2700,47.5600,47.5900,35.2731,9482300
2015-06-08,47.5600,47.7400,47.4600,47.5700,35.2583,10944000
2015-06-09,47.6300,47.9800,47.5500,47.8000,35.4287,7096700
2015-06-10,47.9200,48.3700,47.9200,48.2700,35.7771,7091600
2015-06-11,48.3100,48.4700,48.2000,48.2500,35.7622,7469300
2015-06-12,48.1300,48.1700,47.8900,48.0600,35.6214,6748800
2015-06-15,47.8700,47.9600,47.6800,47.7100,35.3620,7632600
2015-06-16,47.8400,48.2600,47.7700,48.2300,35.7475,5036400
2015-06-17,48.3800,48.5700,48.1200,48.4900,35.9402,10508800
2015-06-18,48.6400,49.2200,48.6000,49.0300,36.3404,8821000
2015-06-19,48.7600,48.9100,48.6600,48.6600,36.2897,8908200
2015-06-22,48.9300,49.0500,48.8000,48.8500,36.4314,4445900
2015-06-23,48.8700,48.8800,48.5400,48.6400,36.2748,5107500
2015-06-24,48.6200,48.7000,48.4200,48.4200,36.1107,6765100
2015-06-25,48.6100,48.6100,48.3300,48.3300,36.0436,6443700
2015-06-26,48.4000,48.6000,48.3400,48.4300,36.1181,4608000
2015-06-29,48.1800,48.2700,47.6600,47.6800,35.5588,8106200
2015-06-30,48.1800,48.1800,47.5900,47.6000,35.4991,10039900
2015-07-01,47.9200,48.2100,47.7200,48.2100,35.9541,6859600
2015-07-02,48.2400,48.4300,48.0300,48.1700,35.9242,6956600
2015-07-06,47.8500,48.3100,47.8000,48.1300,35.8944,8740700
2015-07-07,48.2600,49.1600,48.1000,49.1200,36.6327,17427000
2015-07-08,48.7000,48.9300,48.5400,48.5700,36.2226,11754300
2015-07-09,49.1600,49.2500,48.6100,48.6100,36.2524,8359900
2015-07-10,49.0600,49.3000,49.0100,49.1800,36.6775,7782500
2015-07-13,49.4100,49.6600,49.4100,49.6400,37.0205,7031800
2015-07-14,49.6500,49.7400,49.5600,49.7200,37.0802,6858300
2015-07-15,49.7100,49.7300,49.4900,49.5900,36.9833,5980500
2015-07-16,49.8400,50.1700,49.7800,50.1000,37.3636,4451200
2015-07-17,49.9800,50.0800,49.7800,50.0700,37.3412,4874400
2015-07-20,50.1000,50.2200,49.9600,50.1600,37.4083,6345400
2015-07-21,50.0400,50.1900,49.9000,50.0400,37.3188,6146000
2015-07-22,50.0400,50.3300,50.0100,50.1500,37.4009,6107900
2015-07-23,50.2600,50.2600,49.8900,49.9600,37.2592,4535100
2015-07-24,50.0800,50.0800,49.6200,49.6800,37.0504,9950100
2015-07-27,49.4800,49.7300,49.3300,49.6500,37.0280,9567100
2015-07-28,49.8700,50.2200,49.7300,50.2100,37.4456,8765800
2015-07-29,50.2600,50.4900,50.1600,50.3800,37.5724,6105100
2015-07-30,50.1400,50.2800,49.8800,50.2100,37.4456,7029100
2015-07-31,50.3800,50.4200,50.2400,50.3100,37.5202,6168800
2015-08-03,50.3000,50.4300,50.1600,50.3800,37.5724,6961400
2015-08-04,50.3500,50.4500,50.1100,50.3800,37.5724,5633000
2015-08-05,50.5400,50.8900,50.5200,50.8200,37.9006,5239900
2015-08-06,50.9500,50.9500,50.3700,50.4400,37.6172,7889500
2015-08-07,50.3600,50.5000,49.9400,50.1600,37.4083,6889700
2015-08-10,50.3000,50.5100,50.2600,50.3500,37.5500,5780000
2015-08-11,50.0200,50.2800,50.0000,50.1700,37.4158,5616200
2015-08-12,49.8500,50.2300,49.5100,50.2000,37.4382,8275100
2015-08-13,50.1500,50.2800,49.9400,50.0000,37.2890,4935200
2015-08-14,49.9900,50.1700,49.8700,50.1600,37.4083,5247000
2015-08-17,50.0000,50.2300,49.8200,50.2100,37.4456,4978400
2015-08-18,50.0300,50.1700,49.9000,49.9600,37.2592,5108300
2015-08-19,49.8500,49.8700,49.2600,49.5000,36.9161,9309200
2015-08-20,49.1600,49.4900,48.9500,49.0500,36.5805,12756300
2015-08-21,48.6700,48.7800,47.7100,47.7100,35.5812,23544300
2015-08-24,45.4000,47.1000,43.7200,46.0500,34.3432,68723800
2015-08-25,47.7100,47.7100,45.6500,45.7000,34.0822,35853900
2015-08-26,46.6100,47.1300,45.7500,47.0500,35.0890,24372800
2015-08-27,47.4300,47.8900,46.8700,47.7400,35.6036,19550400
2015-08-28,47.6100,47.6900,47.3500,47.6400,35.5290,8695300
2015-08-31,47.5200,47.5200,47.1800,47.3100,35.2829,12948300
2015-09-01,46.3700,46.8500,46.0500,46.3400,34.5595,15589300
2015-09-02,46.7400,46.9800,46.5200,46.9700,35.0293,9637300
2015-09-03,47.1600,47.5800,47.0600,47.2900,35.2680,7626800
2015-09-04,46.6700,46.7900,46.3400,46.5200,34.6937,10507100
2015-09-08,47.2700,47.5400,46.9400,47.4900,35.4171,6867300
2015-09-09,47.9300,47.9400,46.5900,46.7100,34.8354,7587400
2015-09-10,46.4900,47.1200,46.4700,46.7900,34.8951,14986300
2015-09-11,46.7400,47.1100,46.5700,47.1000,35.1263,5127300
2015-09-14,47.0800,47.1700,46.7600,46.9500,35.0144,6180100
2015-09-15,47.0100,47.6000,46.8200,47.5100,35.4320,7284500
2015-09-16,47.9400,48.1100,47.6700,48.0500,35.8348,11470700
2015-09-17,48.0100,48.6200,47.9100,48.0500,35.8348,13063900
2015-09-18,47.1900,47.7100,47.0000,47.1900,35.4204,10970800
2015-09-21,47.3100,47.6700,47.3000,47.5400,35.6831,9770600
2015-09-22,47.0600,47.1400,46.7700,47.0200,35.2928,10674800
2015-09-23,47.0100,47.1800,46.8600,47.1000,35.3529,6458500
2015-09-24,46.7500,47.2500,46.7300,47.1800,35.4129,7740100
2015-09-25,47.4500,47.9600,47.3000,47.4800,35.6381,12257300
2015-09-28,47.3600,47.4600,46.6900,46.7800,35.1127,15816000
2015-09-29,46.9100,46.9300,46.4800,46.7600,35.0977,15304100
2015-09-30,46.9500,47.3500,46.8700,47.1900,35.4204,12715600
2015-10-01,47.2200,47.3300,46.8400,47.1900,35.4204,13766200
2015-10-02,46.9300,47.8600,46.6900,47.8400,35.9083,13196700
2015-10-05,48.1900,48.7200,48.0400,48.6600,36.5238,10515800
2015-10-06,48.5600,48.7300,48.3100,48.3300,36.2761,9444000
2015-10-07,48.5600,48.8600,48.4000,48.7700,36.6064,11944000
2015-10-08,48.7000,49.3700,48.6100,49.3500,37.0417,12447100
2015-10-09,49.4400,49.6100,49.3000,49.4600,37.1243,12459500
2015-10-12,49.4800,49.7000,49.4300,49.5900,37.2218,5652600
2015-10-13,49.5000,49.5700,49.2200,49.2900,36.9967,10162600
2015-10-14,49.2000,49.4000,48.6100,48.7200,36.5688,10771200
2015-10-15,49.0200,49.1900,48.8200,49.1600,36.8991,5255600
2015-10-16,49.2000,49.6800,49.1900,49.6300,37.2519,6921900
2015-10-19,49.6300,49.8600,49.4800,49.8500,37.4170,6284300
2015-10-20,49.8400,49.9100,49.7400,49.8200,37.3945,6078400
2015-10-21,49.7300,50.1700,49.7300,49.8300,37.4020,14418900
2015-10-22,50.0300,50.8900,49.9500,50.8200,38.1451,13590300
2015-10-23,51.0000,51.1300,50.4600,50.7400,38.0850,13360200
2015-10-26,50.7400,50.8400,50.5600,50.6400,38.0100,8893000
2015-10-27,50.4800,50.7100,50.3200,50.7100,38.0625,5126200
2015-10-28,50.7200,50.7300,49.8800,50.4200,37.8448,10430900
2015-10-29,50.4000,50.5500,50.1600,50.4400,37.8598,5606900
2015-10-30,50.2800,50.2800,49.8700,49.8800,37.4395,8577100
2015-11-02,49.9100,50.1900,49.8400,50.1800,37.6647,13054000
2015-11-03,49.8900,50.0700,49.5900,49.9400,37.4846,12452900
2015-11-04,50.0000,50.0900,49.5400,49.7300,37.3269,8067600
2015-11-05,49.6800,49.8000,49.4400,49.7200,37.3194,9691800
2015-11-06,49.4900,49.5800,48.8200,49.1800,36.9141,13747200
2015-11-09,48.9400,49.0200,48.5800,48.8500,36.6664,7896000
2015-11-10,48.8000,49.0600,48.8000,48.9800,36.7640,7438600
2015-11-11,48.9000,49.2200,48.9000,48.9100,36.7114,7264700
2015-11-12,48.7900,48.8400,48.2500,48.2500,36.2160,8473500
2015-11-13,48.1100,48.3300,47.7900,47.8300,35.9008,9112400
2015-11-16,47.6700,48.6600,47.6700,48.6500,36.5163,9734900
2015-11-17,48.7800,49.0300,48.4900,48.6300,36.5013,8056200
2015-11-18,48.7700,49.3300,48.7000,49.3000,37.0042,7826200
2015-11-19,49.3300,49.6500,49.3200,49.4300,37.1017,7421100
2015-11-20,49.6500,49.8800,49.0400,49.0800,36.8390,5487200
2015-11-23,49.0900,49.6000,49.0900,49.5100,37.1618,5316600
2015-11-24,49.3900,49.7700,49.1700,49.6400,37.2594,9786000
2015-11-25,49.6400,49.8900,49.6000,49.7700,37.3569,5599000
2015-11-27,49.7500,50.0700,49.7500,49.9600,37.4996,2712600
2015-11-30,49.9700,50.0700,49.4100,49.4200,37.0942,10355200
2015-12-01,49.5200,49.8700,49.5200,49.8400,37.4095,10807900
2015-12-02,49.7700,49.9100,49.5200,49.5900,37.2218,7832000
2015-12-03,49.7700,49.9500,49.1400,49.3300,37.0267,12556000
2015-12-04,49.4600,50.4800,49.2600,50.4400,37.8598,12783200
2015-12-07,50.6300,50.7400,50.3800,50.5800,37.9649,9022000
2015-12-08,50.2600,50.5600,50.1500,50.4500,37.8674,6436400
2015-12-09,50.1700,50.7100,49.7700,49.9700,37.5071,18821800
2015-12-10,50.0800,50.3500,49.8800,50.0300,37.5521,7842700
2015-12-11,49.5300,49.8300,49.3400,49.4800,37.1393,11597900
2015-12-14,49.4800,50.0100,49.2900,49.9700,37.5071,16609500
2015-12-15,50.3600,50.5300,50.1000,50.2900,37.7473,11557500
2015-12-16,50.5100,51.3700,50.5000,51.2600,38.4753,20860400
2015-12-17,51.2600,51.2600,50.5900,50.6000,37.9799,10235700
2015-12-18,50.1800,50.1800,49.3400,49.3400,37.3070,14720600
2015-12-21,49.6700,49.9100,49.4700,49.9000,37.7304,8155500
2015-12-22,49.9800,50.6100,49.8700,50.5500,38.2219,7185700
2015-12-23,50.7700,50.9900,50.6800,50.9200,38.5017,6464100
2015-12-24,50.8100,51.0200,50.8100,50.8700,38.4639,2312100
2015-12-28,50.6500,50.8100,50.6000,50.8000,38.4109,4620900
2015-12-29,51.1300,51.2900,50.9100,51.2400,38.7436,4134000
2015-12-30,51.2100,51.2700,51.0000,51.0600,38.6075,6942900
2015-12-31,50.8900,50.9000,50.4300,50.4900,38.1765,6801400
2016-01-04,49.8300,49.8500,49.3500,49.8500,37.6926,17281200
2016-01-05,49.9700,50.2900,49.8400,50.1700,37.9346,8630500
2016-01-06,49.6700,50.2000,49.6400,50.0000,37.8060,12429100
2016-01-07,49.4400,49.9300,49.2200,49.4000,37.3524,16031500
2016-01-08,49.7200,49.7200,48.9200,49.0200,37.0650,14691000
2016-01-11,49.3200,49.6600,49.0000,49.4800,37.4129,15890200
2016-01-12,49.7800,49.9500,49.3500,49.7500,37.6170,13171500
2016-01-13,49.8100,49.8500,48.7900,48.8400,36.9289,19407900
2016-01-14,48.9800,49.4100,48.7500,49.0700,37.1028,19025800
2016-01-15,48.2400,48.6200,47.9200,48.3000,36.5206,24210900
2016-01-19,48.7900,49.0600,48.5700,48.8800,36.9592,14945200
2016-01-20,48.3400,48.5600,47.3900,48.2700,36.4979,28302800
2016-01-21,48.3100,48.6700,48.0100,48.4600,36.6416,21001000
2016-01-22,49.0100,49.3900,48.6300,49.2900,37.2692,13754500
2016-01-25,48.4900,49.2700,48.4100,48.8500,36.9365,15869400
2016-01-26,49.0000,49.6200,48.9500,49.3000,37.2767,10523400
2016-01-27,49.3700,49.8700,48.9500,49.2500,37.2389,17247400
2016-01-28,49.4200,49.9300,49.2700,49.7500,37.6170,15649200
2016-01-29,50.0900,50.8300,49.8600,50.7600,38.3807,20576300
2016-02-01,50.6500,51.1400,50.5000,50.9300,38.5092,18573100
2016-02-02,50.5600,50.5600,50.1600,50.2800,38.0177,14068600
2016-02-03,50.4700,50.5600,49.7000,50.1700,37.9346,25209800
2016-02-04,49.9500,50.0100,49.4700,49.7100,37.5868,21240800
2016-02-05,49.8000,49.9500,49.3700,49.6300,37.5263,20073300
2016-02-08,49.3000,49.6400,48.8900,49.5000,37.4280,21546900
2016-02-09,49.1100,50.1000,49.0700,49.8300,37.6775,24376300
2016-02-10,50.0100,50.3000,49.7100,49.7700,37.6321,14798700
2016-02-11,49.1800,49.6000,48.8800,49.3700,37.3297,26010400
2016-02-12,49.6700,50.0800,49.4400,50.0700,37.8590,12464000
2016-02-16,50.5000,50.5400,50.0900,50.4700,38.1614,15217700
2016-02-17,50.6900,51.1400,50.5400,50.9900,38.5546,11040500
2016-02-18,50.8200,50.9200,50.4900,50.7600,38.3807,13101900
2016-02-19,50.6200,50.9400,50.3400,50.8400,38.4412,9795000
2016-02-22,51.1300,51.2400,50.9500,51.0900,38.6302,9152000
2016-02-23,50.9900,51.1800,50.8700,51.0800,38.6227,9986500
2016-02-24,50.8400,51.3000,50.5800,51.2400,38.7436,13271700
2016-02-25,51.3700,51.8500,51.2500,51.8200,39.1822,9512000
2016-02-26,51.9600,51.9600,50.9900,51.0900,38.6302,28143900
2016-02-29,51.0600,51.4600,50.9100,50.9200,38.5017,13596800
2016-03-01,51.2100,51.5000,51.1300,51.4100,38.8722,13169700
2016-03-02,51.4700,51.5600,51.1500,51.5600,38.9856,16157700
2016-03-03,51.3500,51.8200,51.1700,51.8200,39.1822,10743600
2016-03-04,51.8000,52.1700,51.6000,52.0400,39.3485,17384700
2016-03-07,51.8200,52.0000,51.6300,51.7200,39.1066,14095900
2016-03-08,51.5800,52.1500,51.4900,51.8700,39.2200,11554900
2016-03-09,52.0300,52.3300,52.0200,52.2600,39.5149,11307500
2016-03-10,52.4500,52.5700,51.8300,52.2800,39.5300,13004500
2016-03-11,52.5400,52.6500,52.2600,52.4500,39.6585,12880500
2016-03-14,52.4200,52.5400,52.2600,52.4200,39.6358,10645100
2016-03-15,52.2700,52.6200,52.1800,52.5500,39.7341,6523700
2016-03-16,52.5100,52.7900,52.1500,52.6700,39.8249,13743400
2016-03-17,52.6500,53.1600,52.6000,52.9900,40.0668,13903400
2016-03-18,52.8100,52.8600,52.5700,52.6500,40.0144,13037000
2016-03-21,52.6700,52.8700,52.4400,52.6800,40.0372,11421400
2016-03-22,52.5100,52.6500,52.2900,52.3700,39.8016,9853200
2016-03-23,52.2600,52.9400,52.2400,52.3800,39.8092,11304300
2016-03-24,52.2000,52.3700,52.1500,52.3200,39.7636,9455500
2016-03-28,52.3800,52.7100,52.3800,52.6000,39.9764,7363500
2016-03-29,52.5700,53.0100,52.5000,52.9900,40.2728,10354700
2016-03-30,53.1700,53.3400,53.0400,53.3400,40.5388,8932300
2016-03-31,53.2500,53.3400,53.0000,53.0600,40.3260,8297400
2016-04-01,52.8400,53.7700,52.7700,53.6200,40.7516,14840300
2016-04-04,53.6900,53.7500,53.3600,53.6400,40.7668,12949000
2016-04-05,53.4200,53.5400,53.1600,53.2800,40.4932,11748800
2016-04-06,53.1400,53.7100,53.1400,53.7000,40.8124,11672400
2016-04-07,53.3400,53.5300,52.9500,53.1200,40.3716,11243400
2016-04-08,53.3500,53.4700,53.2400,53.4100,40.5920,7040200
2016-04-11,53.4700,53.6400,52.9900,53.0300,40.3032,6694100
2016-04-12,53.0400,53.4200,53.0400,53.3600,40.5540,9361100
2016-04-13,53.4900,53.5500,52.7100,52.9500,40.2424,14780000
2016-04-14,52.9200,53.0500,52.6700,52.7100,40.0600,11811300
2016-04-15,52.7000,53.0600,52.6400,53.0400,40.3108,12384200
2016-04-18,52.9500,53.3400,52.9100,53.3400,40.5388,8476800
2016-04-19,53.2300,53.3600,53.0700,53.3100,40.5160,5980100
2016-04-20,53.2200,53.2200,52.5800,52.7100,40.0600,20207300
2016-04-21,52.5100,52.5800,51.7300,51.7700,39.3456,30667400
2016-04-22,51.6000,51.9600,51.5400,51.9600,39.4900,22004200
2016-04-25,51.6700,52.3200,51.6600,52.3200,39.7636,8947300
2016-04-26,52.4500,52.4800,52.0200,52.1100,39.6040,10821800
2016-04-27,52.3000,52.5200,51.9100,52.3600,39.7940,12012100
2016-04-28,52.1600,52.7200,52.1500,52.4100,39.8320,11547000
2016-04-29,52.4000,52.4100,51.9900,52.3000,39.7484,13198500
2016-05-02,52.4500,52.9500,52.2800,52.9000,40.2044,14096300
2016-05-03,52.7100,53.0100,52.6500,52.8000,40.1284,12837300
2016-05-04,52.6500,53.0600,52.5000,52.9600,40.2500,11003200
2016-05-05,52.8400,53.2600,52.8000,52.9700,40.2576,10555900
2016-05-06,52.8900,53.2400,52.7200,53.2400,40.4628,8435400
2016-05-09,53.2700,53.6800,53.1500,53.5300,40.6832,9845100
2016-05-10,53.7000,54.0600,53.6400,54.0600,41.0860,8567400
2016-05-11,53.9800,54.0400,53.6100,53.6300,40.7592,6462100
2016-05-12,53.7500,54.0300,53.6400,53.9200,40.9796,11906400
2016-05-13,53.7900,53.8700,53.1500,53.2400,40.4628,10657700
2016-05-16,53.1400,53.7000,53.1000,53.5800,40.7212,8139300
2016-05-17,53.3800,53.5500,52.3900,52.5300,39.9232,19898200
2016-05-18,52.2400,52.4000,51.7200,51.9200,39.4596,20120200
2016-05-19,52.0800,52.4500,51.9500,52.4300,39.8472,13237300
2016-05-20,52.5700,52.6000,52.1000,52.1600,39.6420,7050800
2016-05-23,52.2500,52.3500,52.1100,52.2100,39.6800,8546700
2016-05-24,52.3300,52.7700,52.3100,52.6500,40.0144,11258200
2016-05-25,52.7500,52.9500,52.6300,52.7300,40.0752,9767300
2016-05-26,52.7900,53.0600,52.7900,52.9400,40.2348,7957000
2016-05-27,53.0000,53.0900,52.8300,53.0000,40.2804,7873000
2016-05-31,53.0800,53.1600,52.5400,52.6600,40.0220,8766400
2016-06-01,52.7000,53.2000,52.7000,53.2000,40.4324,10175800
2016-06-02,53.0900,53.2200,52.9100,53.2200,40.4476,6309800
2016-06-03,53.3200,53.5800,53.1100,53.5600,40.7060,13362500
2016-06-06,53.6500,53.7600,53.3600,53.6200,40.7516,10778100
2016-06-07,53.6600,53.7700,53.4700,53.5600,40.7060,5572800
2016-06-08,53.5500,53.9000,53.4400,53.8800,40.9492,6024500
2016-06-09,53.7800,54.1200,53.7700,54.0900,41.1088,5946800
2016-06-10,53.8200,54.2200,53.7600,54.1300,41.1392,10563900
2016-06-13,54.1300,54.2200,53.6800,53.6800,40.7972,9091800
2016-06-14,53.6600,53.9100,53.3400,53.8900,40.9568,9530900
2016-06-15,53.8800,54.0300,53.6600,53.7300,40.8352,9347600
2016-06-16,53.5600,54.0400,53.4800,54.0100,41.0480,12205700
2016-06-17,53.6100,53.6900,53.1200,53.4700,40.8821,10077500
2016-06-20,53.8100,53.9800,53.5700,53.6400,41.0121,6497500
2016-06-21,53.7100,53.9200,53.6900,53.7800,41.1191,6879100
2016-06-22,53.8500,54.0000,53.7500,53.8100,41.1420,5408300
2016-06-23,54.0200,54.1400,53.8700,54.1400,41.3943,5642500
2016-06-24,53.1500,53.7800,52.8800,53.1000,40.5992,23775900
2016-06-27,53.0200,53.1100,52.6500,52.9900,40.5151,19305900
2016-06-28,53.4400,53.4400,52.8400,53.3200,40.7674,11868600
2016-06-29,53.6000,53.9700,53.4300,53.9400,41.2414,10821000
2016-06-30,54.0100,55.1500,54.0000,55.1500,42.1666,20984800
2016-07-01,55.2500,55.2700,54.8700,54.8900,41.9678,14933900
2016-07-05,54.8200,55.5500,54.8200,55.2000,42.2048,19917100
2016-07-06,55.1900,55.3400,54.9100,55.2500,42.2430,19540000
2016-07-07,55.3900,55.4900,55.0300,55.1400,42.1589,15618100
2016-07-08,55.3500,55.7400,55.1800,55.6900,42.5795,10227500
2016-07-11,55.7000,55.8700,55.4200,55.7000,42.5871,8213900
2016-07-12,55.6100,55.6900,55.3800,55.4000,42.3577,15270800
2016-07-13,55.4700,55.7800,55.3600,55.7100,42.5947,9398800
2016-07-14,55.6800,56.0200,55.6000,55.7000,42.5871,15486400
2016-07-15,55.7400,55.9600,55.5900,55.7000,42.5871,10722200
2016-07-18,55.7000,55.7400,55.5500,55.6400,42.5412,9656800
2016-07-19,55.4800,55.6000,55.3300,55.6000,42.5106,5295600
2016-07-20,55.5900,55.6600,55.3700,55.4000,42.3577,6073200
2016-07-21,55.3200,55.3500,55.0300,55.2400,42.2354,6682400
2016-07-22,55.3500,55.5300,55.2800,55.5000,42.4342,10602400
2016-07-25,55.4500,55.4900,55.1900,55.4400,42.3883,4033400
2016-07-26,55.3700,55.5400,54.9700,55.0100,42.0595,11737800
2016-07-27,54.9400,54.9400,54.0400,54.1900,41.4326,21562400
2016-07-28,54.5100,54.5300,54.0300,54.4300,41.6161,10873800
2016-07-29,54.5000,54.7800,54.3900,54.7000,41.8225,9262200
2016-08-01,54.6600,54.8700,54.5000,54.7600,41.8684,14918200
2016-08-02,54.7800,54.8900,54.4500,54.6800,41.8072,11733500
2016-08-03,54.7700,54.7700,54.2300,54.3800,41.5779,13290800
2016-08-04,54.4700,54.7200,54.3300,54.5000,41.6696,8943200
2016-08-05,54.7200,54.8700,54.4800,54.5900,41.7384,12028500
2016-08-08,54.8200,54.8600,54.3600,54.5300,41.6926,8057700
2016-08-09,54.5300,54.9000,54.5300,54.7000,41.8225,7840900
2016-08-10,54.8500,55.0100,54.7900,54.9000,41.9754,7303600
2016-08-11,55.1800,55.1800,54.8800,54.9000,41.9754,8083000
2016-08-12,55.0000,55.1500,54.9600,55.0900,42.1207,8783800
2016-08-15,55.1600,55.2500,54.9500,54.9500,42.0137,8568200
2016-08-16,54.8700,54.8800,54.7000,54.7100,41.8302,6712100
2016-08-17,54.6900,54.9400,54.4900,54.8600,41.9449,12552000
2016-08-18,54.9500,55.1100,54.9500,55.0500,42.0901,6683700
2016-08-19,54.9800,54.9900,54.8100,54.9200,41.9907,5846500
2016-08-22,54.9200,55.0600,54.8200,55.0000,42.0519,9938600
2016-08-23,55.0300,55.1300,54.8700,54.8900,41.9678,5687400
2016-08-24,54.8700,54.9800,54.5800,54.8000,41.8990,7793500
2016-08-25,54.8300,54.8300,54.4800,54.5900,41.7384,7359700
2016-08-26,54.6400,54.8600,54.1600,54.3100,41.5243,13499700
2016-08-29,54.4100,54.6300,54.3600,54.6300,41.7690,8202800
2016-08-30,54.5300,54.6100,54.2300,54.3100,41.5243,7950900
2016-08-31,54.2600,54.4400,54.1900,54.3800,41.5779,8154900
2016-09-01,54.1600,54.4500,54.1100,54.4000,41.5932,16677600
2016-09-02,54.6000,54.9500,54.5600,54.8200,41.9143,10966300
2016-09-06,54.8300,54.9600,54.5600,54.9400,42.0060,9273300
2016-09-07,54.8400,54.9400,54.3500,54.4600,41.6390,13418500
2016-09-08,54.2500,54.4100,54.0600,54.1600,41.4096,13344400
2016-09-09,53.6900,53.7900,52.6900,52.6900,40.2857,24921600
2016-09-12,52.6300,53.7600,52.6300,53.6800,41.0427,23542700
2016-09-13,53.4000,53.4600,52.9100,53.0200,40.5380,21780500
2016-09-14,53.0500,53.2400,52.7100,52.8600,40.4157,19396200
2016-09-15,52.7400,53.3500,52.6900,53.2900,40.7445,10119900
2016-09-16,52.9000,52.9500,52.4800,52.7900,40.6121,14475100
2016-09-19,52.8000,52.9900,52.6800,52.6800,40.5275,9579400
2016-09-20,52.9300,53.0200,52.8100,52.8200,40.6352,9705900
2016-09-21,52.8300,53.2400,52.5500,53.1100,40.8583,24882700
2016-09-22,53.3000,53.6800,53.3000,53.5800,41.2199,17316000
2016-09-23,53.5900,53.6000,53.3200,53.3400,41.0353,12930800
2016-09-26,53.2000,53.2200,52.8400,52.8900,40.6891,12797200
2016-09-27,52.8900,53.2600,52.8600,53.1100,40.8583,12608700
2016-09-28,53.2200,53.3200,52.9600,53.2000,40.9276,9757500
2016-09-29,53.1700,53.2000,52.6400,52.6800,40.5275,15094000
2016-09-30,52.9300,53.3900,52.9300,53.2100,40.9353,17343100
2016-10-03,53.1200,53.1600,52.7700,52.8700,40.6737,11454200
2016-10-04,52.8300,52.8700,52.3200,52.4200,40.3275,13346600
2016-10-05,52.5100,52.6000,52.2400,52.3700,40.2890,15203800
2016-10-06,52.1700,52.6000,52.0900,52.4700,40.3660,15413300
2016-10-07,52.4900,52.6000,51.9600,52.3300,40.2583,11403000
2016-10-10,52.4500,52.6400,52.2300,52.3300,40.2583,8661700
2016-10-11,52.2900,52.3300,51.8700,52.0600,40.0505,19642600
2016-10-12,52.1500,52.4800,52.0500,52.3500,40.2736,7145400
2016-10-13,51.9900,52.5100,51.9300,52.3600,40.2813,19180700
2016-10-14,52.3800,52.6200,52.2900,52.3700,40.2890,10659100
2016-10-17,52.3900,52.4600,52.0900,52.1200,40.0967,8465000
2016-10-18,52.3600,52.5800,52.2700,52.2800,40.2198,7844900
2016-10-19,52.1800,52.2700,51.9000,51.9800,39.9890,9032000
2016-10-20,51.9500,52.1300,51.8200,51.9500,39.9659,12176300
2016-10-21,52.1300,52.3000,52.0100,52.2300,40.1813,14028200
2016-10-24,52.2900,52.6900,52.2900,52.5700,40.4429,7609500
2016-10-25,52.7900,52.8900,52.7200,52.7600,40.5891,9414600
2016-10-26,52.8000,52.9000,52.6100,52.6900,40.5352,12417600
2016-10-27,52.6700,52.8800,52.3800,52.4500,40.3506,17905700
2016-10-28,52.4100,52.8500,52.3200,52.6700,40.5198,12751000
2016-10-31,52.7100,52.9300,52.6700,52.8000,40.6198,8579100
2016-11-01,52.8000,52.8900,52.4000,52.5700,40.4429,11342100
2016-11-02,52.4400,52.7400,52.4000,52.4400,40.3429,9703300
2016-11-03,52.6000,52.6100,52.0100,52.0800,40.0659,15641600
2016-11-04,52.0000,52.0800,51.5700,51.6100,39.7043,11992400
2016-11-07,52.0500,52.5100,52.0200,52.4800,40.3737,11763000
2016-11-08,52.1000,52.8600,52.0500,52.7000,40.5429,13406800
2016-11-09,51.6200,52.1500,51.2700,51.9800,39.9890,34557200
2016-11-10,52.0000,52.0000,50.4900,50.5900,38.9197,52820800
2016-11-11,50.4500,50.7100,50.2100,50.5400,38.8812,20828100
2016-11-14,50.5400,50.5800,50.2600,50.4500,38.8119,20591800
2016-11-15,50.5500,50.8400,50.4700,50.7600,39.0504,23028700
2016-11-16,50.7700,50.9900,50.6900,50.7700,39.0581,16034200
2016-11-17,50.7300,50.7800,50.4500,50.6800,38.9889,15626700
2016-11-18,50.6800,50.7200,50.4300,50.5000,38.8504,14786100
2016-11-21,50.5000,50.8600,50.3400,50.8400,39.1120,18968700
2016-11-22,50.9900,51.2000,50.9600,51.1000,39.3120,11991800
2016-11-23,50.9000,51.0700,50.7500,50.8200,39.0966,14783600
2016-11-25,50.9300,51.2300,50.9300,51.2200,39.4043,10823500
2016-11-28,51.2100,51.4200,51.0900,51.3300,39.4889,15116500
2016-11-29,51.3400,51.4600,51.2200,51.4000,39.5428,7915400
2016-11-30,51.1400,51.2900,50.5700,50.5800,38.9119,16837600
2016-12-01,50.3900,50.4400,49.9800,50.2500,38.6581,33621100
2016-12-02,50.3800,50.6100,50.3500,50.5700,38.9043,21587200
2016-12-05,50.5800,50.7100,50.4800,50.6300,38.9504,21223400
2016-12-06,50.6100,50.7800,50.5800,50.7800,39.0658,16546300
2016-12-07,50.7600,51.5500,50.7500,51.5100,39.6274,11756500
2016-12-08,51.3100,51.5500,51.2100,51.3000,39.4658,17006400
2016-12-09,51.3300,52.0500,51.3300,52.0400,40.0352,14415900
2016-12-12,51.9100,52.3000,51.9100,52.2500,40.1967,9935900
2016-12-13,52.3500,52.6100,52.2300,52.4900,40.3813,10452400
2016-12-14,52.5200,52.6900,51.7800,51.9200,39.9428,25363200
2016-12-15,51.9200,52.3100,51.7600,52.1400,40.1121,16154500
2016-12-16,51.9200,52.0800,51.8100,52.0500,40.3415,15871100
2016-12-19,52.1100,52.2300,51.9700,52.1500,40.4190,7523200
2016-12-20,52.1700,52.1700,51.8100,52.0500,40.3415,15316900
2016-12-21,52.0000,52.2900,52.0000,52.0400,40.3337,6553100
2016-12-22,51.9800,52.0700,51.8700,51.9600,40.2717,6537200
2016-12-23,51.9300,52.1000,51.9300,52.0600,40.3493,6484300
2016-12-27,52.0200,52.1500,51.9600,52.0500,40.3415,13378500
2016-12-28,52.0100,52.0400,51.7300,51.7300,40.0935,8643600
2016-12-29,51.7600,52.0300,51.7300,51.9700,40.2795,10299400
2016-12-30,51.9800,52.0800,51.6000,51.7100,40.0780,8049900
2017-01-03,51.7500,51.9700,51.6000,51.9000,40.2252,21730000
2017-01-04,51.9700,52.1500,51.8900,51.9000,40.2252,9144600
2017-01-05,51.8900,52.1400,51.7000,52.0700,40.3570,12312500
2017-01-06,51.9700,52.1500,51.7800,52.1200,40.3958,9092400
2017-01-09,51.9200,51.9600,51.6500,51.7000,40.0702,6903200
2017-01-10,51.6500,51.7300,51.3600,51.4400,39.8687,10344300
2017-01-11,51.3500,51.6200,51.3500,51.5400,39.9462,12087500
2017-01-12,51.5200,51.6100,51.4400,51.4900,39.9075,13257600
2017-01-13,51.4900,51.6200,51.3900,51.5200,39.9307,6517700
2017-01-17,51.5600,52.2800,51.5100,52.2500,40.4965,19030100
2017-01-18,52.2000,52.4500,52.2000,52.4300,40.6360,11652100
2017-01-19,52.3700,52.3700,52.1200,52.2400,40.4888,17283400
2017-01-20,52.4900,52.7700,52.3100,52.5800,40.7523,11015600
2017-01-23,52.5800,52.6100,52.3900,52.5600,40.7368,16203800
2017-01-24,52.6000,52.9600,52.5800,52.9100,41.0080,10242500
2017-01-25,53.0300,53.1000,52.8900,52.9000,41.0003,8816800
2017-01-26,52.9200,52.9300,52.6700,52.6700,40.8220,9985400
2017-01-27,52.5400,52.6800,52.2400,52.3800,40.5973,16358700
2017-01-30,52.2300,52.4100,52.1900,52.3400,40.5663,9951700
2017-01-31,52.3400,52.5900,52.2500,52.5900,40.7600,12061300
2017-02-01,52.3400,52.5000,52.1700,52.1800,40.4423,18479800
2017-02-02,52.4200,52.8700,52.4200,52.6600,40.8143,18747500
2017-02-03,52.9300,53.1500,52.7900,53.0000,41.0778,17954700
2017-02-06,52.9700,52.9800,52.7100,52.7100,40.8530,19067900
2017-02-07,52.8100,53.2400,52.8100,53.1400,41.1863,8364400
2017-02-08,53.2000,53.4600,53.1200,53.3600,41.3568,8559200
2017-02-09,53.3000,53.6700,53.2100,53.5800,41.5273,8840900
2017-02-10,53.6100,53.6900,53.4200,53.6200,41.5583,9354200
2017-02-13,53.7000,53.7700,53.4700,53.6200,41.5583,14059100
2017-02-14,53.4900,53.7300,53.3000,53.6300,41.5661,10483300
2017-02-15,53.7500,54.1600,53.6400,54.1200,41.9459,12675900
2017-02-16,54.0600,54.2100,53.8100,54.1900,42.0001,11377300
2017-02-17,54.0300,54.5200,53.9300,54.4600,42.2094,15581800
2017-02-21,54.6200,55.0900,54.5600,54.9500,42.5892,16500000
2017-02-22,54.9000,55.0300,54.8200,54.9600,42.5969,8099000
2017-02-23,55.0000,55.3100,54.9600,55.0900,42.6977,9790300
2017-02-24,55.0300,55.3000,54.9900,55.2800,42.8449,7762200
2017-02-27,55.1900,55.1900,54.9100,55.0300,42.6512,12707400
2017-02-28,54.9400,55.2200,54.8800,55.1000,42.7054,17735500
2017-03-01,55.1300,55.4800,55.0500,55.3600,42.9069,16716100
2017-03-02,55.3000,55.4700,55.1900,55.3500,42.8992,9988500
2017-03-03,55.1800,55.2300,54.9000,55.1400,42.7364,10083200
2017-03-06,54.9500,54.9800,54.8100,54.9000,42.5504,6686600
2017-03-07,54.7600,54.9400,54.7500,54.8300,42.4962,7846500
2017-03-08,54.6900,54.8000,54.6400,54.7100,42.4031,10788000
2017-03-09,54.6900,54.8900,54.6900,54.8000,42.4729,7025300
2017-03-10,55.0300,55.1200,54.9000,55.0500,42.6667,6530200
2017-03-13,55.0000,55.1600,54.9300,55.0900,42.6977,10658000
2017-03-14,55.0200,55.1400,54.9000,54.9300,42.5737,7890800
2017-03-15,55.0000,55.5000,55.0000,55.3400,42.8914,14102900
2017-03-16,55.3500,55.4200,55.2300,55.4200,42.9534,8727200
2017-03-17,55.1700,55.3600,54.9800,54.9800,42.8366,16469400
2017-03-20,55.0300,55.1600,54.9900,55.0900,42.9223,6559200
2017-03-21,55.1100,55.2700,54.9700,55.0400,42.8833,13135500
2017-03-22,55.1200,55.2100,54.8000,54.9300,42.7976,7094700
2017-03-23,54.8800,55.0800,54.7200,54.8100,42.7041,7474700
2017-03-24,54.8100,54.8900,54.5200,54.7000,42.6184,8343300
2017-03-27,54.5000,54.7200,54.4100,54.6500,42.5794,5739500
2017-03-28,54.4500,54.8900,54.4500,54.7500,42.6574,8810200
2017-03-29,54.7000,54.9200,54.6600,54.8500,42.7353,5558200
2017-03-30,54.8000,54.9000,54.6900,54.7400,42.6496,5399100
2017-03-31,54.6700,54.8100,54.5800,54.5800,42.5249,4762300
2017-04-03,54.6600,54.7200,54.4000,54.4900,42.4548,10666600
2017-04-04,54.5300,54.6600,54.4300,54.6500,42.5794,5284000
2017-04-05,54.6600,54.9000,54.4800,54.5500,42.5015,7268100
2017-04-06,54.6000,54.7700,54.5100,54.5500,42.5015,5061000
2017-04-07,54.6000,54.8500,54.5800,54.7000,42.6184,7629900
2017-04-10,54.7200,54.9500,54.6200,54.8600,42.7431,5260600
2017-04-11,54.8700,54.9300,54.6900,54.8800,42.7586,6325100
2017-04-12,54.8400,55.1200,54.8100,55.0900,42.9223,7377400
2017-04-13,55.0500,55.1000,54.8200,54.8400,42.7275,6719100
2017-04-17,54.9300,55.2300,54.9200,55.2300,43.0313,10585800
2017-04-18,55.1600,55.6400,55.0600,55.4800,43.2261,11085500
2017-04-19,55.5500,55.5900,55.1900,55.2700,43.0625,7254600
2017-04-20,55.0800,55.2500,54.9700,55.1600,42.9768,9738200
2017-04-21,55.1300,55.1700,54.9700,55.0000,42.8521,8435700
2017-04-24,55.1600,55.5900,55.1600,55.5000,43.2417,9831700
2017-04-25,55.5300,55.8000,55.5100,55.7200,43.4131,7292900
2017-04-26,55.7400,55.7400,55.2400,55.2700,43.0625,7930800
2017-04-27,55.3500,55.3800,55.1100,55.2000,43.0080,5861400
2017-04-28,55.0400,55.2000,54.8900,55.1800,42.9924,7034800
2017-05-01,55.2600,55.2600,54.9200,54.9700,42.8288,8353900
2017-05-02,54.8500,54.9600,54.5500,54.6000,42.5405,7672100
2017-05-03,54.6500,54.7400,54.4800,54.6500,42.5794,10973800
2017-05-04,54.7900,55.3600,54.7400,55.0700,42.9067,11587700
2017-05-05,55.2200,55.2800,55.0500,55.2200,43.0235,8539500
2017-05-08,55.2600,55.2600,55.0900,55.2000,43.0080,5323400
2017-05-09,55.1800,55.2800,54.9100,55.0000,42.8521,7256900
2017-05-10,55.0300,55.1100,54.9600,55.0400,42.8833,5232300
2017-05-11,54.9700,55.1200,54.8800,55.1200,42.9456,5058900
2017-05-12,55.0700,55.1100,54.9300,54.9600,42.8210,5478800
2017-05-15,54.9300,55.2000,54.9300,55.1400,42.9612,7303700
2017-05-16,55.3100,55.3900,55.0500,55.0900,42.9223,4797100
2017-05-17,55.0000,55.2000,54.8600,55.0100,42.8599,14021700
2017-05-18,55.0300,55.1800,54.8700,55.0500,42.8911,7906600
2017-05-19,55.0700,55.4500,54.9900,55.3500,43.1248,6277600
2017-05-22,55.3600,55.7400,55.3500,55.6600,43.3664,7101800
2017-05-23,55.7400,55.9800,55.6900,55.7200,43.4131,7518500
2017-05-24,55.7600,55.9800,55.6900,55.9400,43.5845,5136700
2017-05-25,56.0200,56.4400,56.0000,56.2900,43.8572,6036600
2017-05-26,56.3300,56.5100,56.3200,56.5000,44.0208,4207600
2017-05-30,56.3800,56.5300,56.2900,56.4800,44.0053,4250900
2017-05-31,56.5300,56.8000,56.5300,56.6400,44.1299,9780100
2017-06-01,56.7100,57.1000,56.5300,57.1000,44.4883,23243900
2017-06-02,57.2500,57.2900,56.9800,57.2700,44.6208,17247900
2017-06-05,57.2000,57.3600,57.0300,57.3300,44.6675,17359600
2017-06-06,57.2800,57.3300,57.0800,57.1900,44.5584,14846500
2017-06-07,57.0700,57.2500,57.0500,57.1700,44.5429,10077700
2017-06-08,57.1400,57.1500,56.5800,56.7400,44.2078,10593400
2017-06-09,56.7000,56.8300,56.5200,56.6700,44.1533,13410200
2017-06-12,56.6900,56.9200,56.5300,56.6600,44.1455,11442400
2017-06-13,56.6600,56.8000,56.4400,56.7500,44.2156,9520600
2017-06-14,56.9800,57.2300,56.9100,57.1100,44.4961,16040200
2017-06-15,56.8300,57.0700,56.6300,56.9800,44.3948,10361100
2017-06-16,56.0500,56.0700,55.4500,55.9500,43.9284,26268000
2017-06-19,56.0800,56.2200,55.7100,56.2200,44.1404,7883100
2017-06-20,56.2700,56.3000,55.9900,56.0000,43.9677,7231700
2017-06-21,56.0000,56.1200,55.7800,55.8400,43.8421,12517800
2017-06-22,55.7600,55.7900,55.4500,55.4700,43.5516,7227600
2017-06-23,55.4600,55.6600,55.4200,55.4900,43.5673,10146400
2017-06-26,55.6600,55.8900,55.6100,55.7100,43.7400,6590500
2017-06-27,55.6000,55.7600,55.2200,55.2300,43.3631,10585500
2017-06-28,55.5600,55.6700,55.4100,55.4300,43.5202,10734300
2017-06-29,55.3600,55.5100,54.6400,54.8400,43.0569,19058600
2017-06-30,55.0500,55.1500,54.9300,54.9400,43.1354,11222600
2017-07-03,54.9800,55.2100,54.8700,54.8900,43.0962,5782600
2017-07-05,54.8800,55.0000,54.7900,54.8500,43.0648,15837000
2017-07-06,54.6600,54.8300,54.5300,54.5400,42.8214,7893700
2017-07-07,54.5900,54.7000,54.3600,54.5100,42.7979,9841500
2017-07-10,54.5600,54.5600,54.0600,54.1300,42.4995,9119200
2017-07-11,54.1800,54.2000,53.8600,53.9800,42.3817,11256400
2017-07-12,54.3200,54.4700,54.2400,54.2800,42.6173,8100800
2017-07-13,54.3500,54.4100,54.2400,54.2900,42.6251,10008200
2017-07-14,54.5400,54.8000,54.5200,54.7200,42.9627,6341100
2017-07-17,54.8200,54.8400,54.6200,54.7800,43.0098,7902200
2017-07-18,54.7400,54.8700,54.6100,54.7800,43.0098,5310800
2017-07-19,54.7600,54.9800,54.6900,54.9800,43.1669,5592000
2017-07-20,54.9400,55.1600,54.8400,54.9900,43.1747,9816700
2017-07-21,54.8000,55.1000,54.7500,55.0800,43.2454,7738700
2017-07-24,55.0600,55.0900,54.8600,54.9000,43.1041,9302400
2017-07-25,55.0900,55.3200,55.0400,55.2800,43.4024,13799900
2017-07-26,55.2900,55.4100,55.1000,55.2700,43.3946,7594000
2017-07-27,55.3100,55.8200,55.2800,55.8100,43.8185,12859000
2017-07-28,55.6400,55.8700,54.5700,55.3400,43.4495,18412200
2017-07-31,55.2000,55.4500,55.1900,55.3200,43.4338,7279300
2017-08-01,55.3800,55.5300,55.2300,55.2600,43.3867,19015300
2017-08-02,55.1500,55.3100,54.9700,55.2200,43.3553,17133700
2017-08-03,55.2100,55.5000,55.1000,55.1700,43.3160,17803400
2017-08-04,55.1400,55.3200,54.9400,55.0200,43.1983,17063700
2017-08-07,55.0300,55.4700,55.0300,55.4300,43.5202,16854000
2017-08-08,55.2900,55.4500,55.1900,55.2200,43.3553,9813200
2017-08-09,55.1800,55.3500,55.1200,55.3100,43.4260,7251800
2017-08-10,55.1700,55.3400,55.0600,55.0800,43.2454,6662800
2017-08-11,54.9800,55.3500,54.9800,55.1200,43.2768,4928400
2017-08-14,55.2400,55.5200,55.2400,55.3900,43.4888,10657800
2017-08-15,55.4100,55.7500,55.4100,55.6700,43.7086,11059000
2017-08-16,55.7000,55.9400,55.7000,55.8600,43.8578,5682800
2017-08-17,55.6600,55.9300,55.3500,55.3500,43.4574,6725600
2017-08-18,55.2300,55.3900,55.1100,55.2000,43.3396,6810300
2017-08-21,55.1600,55.5000,55.0000,55.4000,43.4966,6829300
2017-08-22,55.4300,55.5700,55.3300,55.4100,43.5045,7129400
2017-08-23,55.3500,55.4100,55.1900,55.2500,43.3789,5367100
2017-08-24,55.2000,55.3500,54.4400,54.4900,42.7821,11807100
2017-08-25,54.7000,54.8900,54.6400,54.6700,42.9235,7359200
2017-08-28,54.6200,54.6900,54.3500,54.5100,42.7979,6204700
2017-08-29,54.4400,54.7500,54.3900,54.7000,42.9470,6219500
2017-08-30,54.6000,54.7900,54.5900,54.6900,42.9392,6497100
2017-08-31,54.7300,54.8100,54.6500,54.7100,42.9549,10117300
2017-09-01,54.8200,54.9800,54.7600,54.9700,43.1590,17904500
2017-09-05,54.8100,55.0900,54.7600,55.0500,43.2218,20215900
2017-09-06,55.1500,55.3300,55.0100,55.2800,43.4024,17462000
2017-09-07,55.3200,55.4400,55.1800,55.3600,43.4652,16738100
2017-09-08,55.1700,55.2700,54.8800,55.0900,43.2532,9158200
2017-09-11,55.1900,55.5100,55.1800,55.4300,43.5202,9177800
2017-09-12,55.4300,55.5600,55.4000,55.5500,43.6144,7453400
2017-09-13,55.5000,55.7800,55.5000,55.5800,43.6379,7972300
2017-09-14,55.4900,55.6100,55.2900,55.4700,43.5516,5817900
2017-09-15,55.2600,55.2600,55.0000,55.2200,43.6274,12497700
2017-09-18,55.2700,55.3900,55.1400,55.3000,43.6906,8299400
2017-09-19,55.3300,55.3600,55.0000,55.1300,43.5563,6207700
2017-09-20,54.9800,55.0500,54.3300,54.6000,43.1376,11029200
2017-09-21,54.5300,54.5800,54.0300,54.0800,42.7267,10398700
2017-09-22,54.1700,54.1700,53.8800,53.9200,42.6003,11318200
2017-09-25,54.0100,54.3600,53.9700,54.3100,42.9085,9185400
2017-09-26,54.3700,54.5200,54.2500,54.4400,43.0112,17321400
2017-09-27,54.3300,54.3800,53.7200,54.0200,42.6793,11657800
2017-09-28,53.9500,54.1700,53.9000,54.0200,42.6793,7768200
2017-09-29,54.0200,54.1500,53.9300,53.9800,42.6478,14502800
2017-10-02,53.9800,54.2000,53.8400,53.8800,42.5687,17850000
2017-10-03,53.9700,54.0400,53.8000,53.9400,42.6161,20409200
2017-10-04,53.8600,54.3200,53.7100,54.1100,42.7505,21389200
2017-10-05,54.2900,54.4900,54.2100,54.3500,42.9401,19005000
2017-10-06,54.0800,54.1700,53.7400,53.8100,42.5134,7605500
2017-10-09,53.8800,53.9600,53.5600,53.6600,42.3949,12580300
2017-10-10,53.8800,54.2700,53.8200,54.1300,42.7663,10646500
2017-10-11,54.1000,54.3900,54.1000,54.2400,42.8532,10316300
2017-10-12,54.2000,54.5200,54.1500,54.4700,43.0349,8096300
2017-10-13,54.6800,54.7100,54.5300,54.5700,43.1139,8315600
2017-10-16,54.5100,54.6200,54.4900,54.5900,43.1297,4349600
2017-10-17,54.4500,54.5000,54.2200,54.3900,42.9717,10375500
2017-10-18,54.3300,54.4100,54.1600,54.3200,42.9164,4668500
2017-10-19,54.0700,54.1200,53.8500,54.0300,42.6873,8544500
2017-10-20,53.9300,53.9600,53.7300,53.9000,42.5845,11702600
2017-10-23,53.8600,54.1300,53.7900,53.8600,42.5530,7326400
2017-10-24,53.8200,53.8900,53.6000,53.6700,42.4028,10682300
2017-10-25,53.6600,53.7500,53.2000,53.5200,42.2843,12213400
2017-10-26,53.7100,53.9400,53.5500,53.5600,42.3159,14583700
2017-10-27,53.4200,53.4900,52.9900,53.1000,41.9525,10230400
2017-10-30,53.4200,53.4200,52.6100,52.6500,41.5970,9299800
2017-10-31,52.9100,53.2100,52.8200,53.0900,41.9446,10824900
2017-11-01,53.2400,53.4000,53.0900,53.2600,42.0789,7556300
2017-11-02,53.2000,53.2900,52.9300,53.1300,41.9762,10661400
2017-11-03,53.1600,53.3100,53.0800,53.1400,41.9841,5922400
2017-11-06,53.0300,53.0400,52.5600,52.5700,41.5337,10731100
2017-11-07,52.6000,53.1600,52.4300,53.1600,41.9999,9536300
2017-11-08,53.3200,53.7400,53.2500,53.7400,42.4581,12860400
2017-11-09,53.5000,53.9100,53.4600,53.7300,42.4502,10421300
2017-11-10,53.6500,54.3300,53.6200,54.2800,42.8848,7993600
2017-11-13,54.3100,54.8100,54.2800,54.5900,43.1297,7809300
2017-11-14,54.4500,54.8200,54.3700,54.7800,43.2798,8903200
2017-11-15,54.6100,54.6600,54.1600,54.2000,42.8215,10724800
2017-11-16,54.6900,55.1100,54.6200,54.9500,43.4141,11134200
2017-11-17,54.8000,54.9500,54.6500,54.7600,43.2640,7298900
2017-11-20,54.6700,54.8800,54.6500,54.7000,43.2166,6946900
2017-11-21,54.8000,55.1100,54.7400,54.8800,43.3588,10383900
2017-11-22,54.8700,54.9300,54.6400,54.8100,43.3035,10470400
2017-11-24,54.9000,54.9600,54.7600,54.7700,43.2719,2331000
2017-11-27,54.7400,54.9000,54.7200,54.8000,43.2956,8108900
2017-11-28,54.8900,55.2500,54.7700,55.2500,43.6511,6985900
2017-11-29,55.2100,55.7500,55.1600,55.5400,43.8802,14739900
2017-11-30,55.7500,56.2000,55.6100,56.0500,44.2832,14098300
2017-12-01,55.9300,56.2100,55.3300,56.1900,44.3938,29328700
2017-12-04,56.5800,56.7700,56.0800,56.7200,44.8125,22771300
2017-12-05,56.7200,56.9300,56.4800,56.6300,44.7414,22930400
2017-12-06,56.6200,56.9900,56.6200,56.9900,45.0259,16712200
2017-12-07,56.8900,56.9200,56.4100,56.4400,44.5913,7557500
2017-12-08,56.4500,56.5900,56.2000,56.5900,44.7098,8695500
2017-12-11,56.5300,56.6100,56.2700,56.5800,44.7019,6737800
2017-12-12,56.6100,56.8100,56.4000,56.5900,44.7098,6220100
2017-12-13,56.6300,57.0400,56.5500,56.9100,44.9626,11589000
2017-12-14,56.9900,56.9900,56.6500,56.6600,44.7651,9118200
2017-12-15,56.5700,56.9600,56.5700,56.8800,45.2729,9090900
2017-12-18,57.0000,57.3100,56.8200,56.8500,45.2491,8799600
2017-12-19,57.0700,57.1800,56.9100,56.9200,45.3048,7889000
2017-12-20,56.9700,57.0200,56.4800,56.8200,45.2252,13813800
2017-12-21,56.9300,57.0200,56.7200,56.7800,45.1933,5553100
2017-12-22,56.8600,56.9600,56.8000,56.8700,45.2650,4218600
2017-12-26,56.8300,57.1200,56.7900,57.0000,45.3685,8506300
2017-12-27,57.0800,57.2000,56.9100,56.9900,45.3605,5992600
2017-12-28,57.0700,57.1400,56.7600,56.9000,45.2889,7291200
2017-12-29,56.9000,57.1900,56.8800,56.8900,45.2809,5085300
2018-01-02,56.9500,57.0200,56.5300,56.5400,45.0023,20146800
2018-01-03,56.6300,56.7200,56.4700,56.5200,44.9864,17950400
2018-01-04,56.6700,56.9500,56.5300,56.6800,45.1137,15455100
2018-01-05,56.7700,56.9700,56.6400,56.9300,45.3127,15555100
2018-01-08,56.8500,57.1200,56.8200,57.0700,45.4242,12891000
2018-01-09,57.1400,57.2700,56.9800,56.9900,45.3605,8357600
2018-01-10,56.8500,56.8600,56.3300,56.7100,45.1376,9663500
2018-01-11,56.8200,56.8200,56.5300,56.6300,45.0740,11500800
2018-01-12,56.7200,56.9200,56.5300,56.6500,45.0899,7308900
2018-01-16,56.7600,57.1100,56.7300,56.9100,45.2968,13806700
2018-01-17,57.1000,57.7700,57.0500,57.5600,45.8142,12549700
2018-01-18,57.5500,57.6500,57.2900,57.3900,45.6789,12423300
2018-01-19,57.6000,58.0900,57.5400,58.0300,46.1883,9962800
2018-01-22,58.0000,58.4700,57.9700,58.4700,46.5385,7871600
2018-01-23,58.2000,58.4400,58.0100,58.2800,46.3873,10908900
2018-01-24,58.4300,58.4700,58.1200,58.4000,46.4828,16603500
2018-01-25,58.5000,58.7400,58.1300,58.4300,46.5066,12144600
2018-01-26,58.3200,58.7300,58.2400,58.7100,46.7295,6342700
2018-01-29,58.8100,58.9500,58.4400,58.4800,46.5464,10760800
2018-01-30,58.0800,58.5800,57.9400,58.0900,46.2360,10898100
2018-01-31,58.1400,58.2900,57.5900,57.8200,46.0211,13757000
2018-02-01,57.6000,57.9000,57.4300,57.5700,45.8221,14094500
2018-02-02,57.2900,57.4400,56.4300,56.4700,44.9466,15569100
2018-02-05,56.2300,56.5700,54.3900,54.4200,43.3149,39487500
2018-02-06,53.5300,55.1300,53.2400,55.0200,43.7925,38881700
2018-02-07,54.9000,55.8000,54.7200,54.7800,43.6015,17526900
2018-02-08,54.9100,55.0200,53.5800,53.6000,42.6623,32928400
2018-02-09,54.0100,54.1000,52.6600,53.7100,42.7498,34912000
2018-02-12,54.0200,54.5200,53.8900,54.2600,43.1876,21013600
2018-02-13,54.0600,54.6500,54.0500,54.5100,43.3866,11994500
2018-02-14,54.2200,54.6600,53.9400,54.4800,43.3627,20370500
2018-02-15,54.6800,55.3800,54.4500,55.3800,44.0790,14788900
2018-02-16,55.4000,55.8400,55.1000,55.6000,44.2541,11591600
2018-02-20,55.0000,55.0000,54.2800,54.3400,43.2513,16069800
2018-02-21,54.4200,54.5800,53.6700,53.6900,42.7339,15207400
2018-02-22,53.8000,54.2300,53.7300,53.8300,42.8453,10239200
2018-02-23,53.9400,54.3600,53.7500,54.3500,43.2592,10321100
2018-02-26,54.4400,54.7300,54.2900,54.6900,43.5298,10100400
2018-02-27,54.7200,54.8500,53.9600,53.9700,42.9567,9832600
2018-02-28,54.2900,54.3200,53.4100,53.4100,42.5110,13726400
2018-03-01,53.2800,53.7900,52.8200,53.2900,42.4155,27808600
2018-03-02,53.0900,53.8300,52.9700,53.7400,42.7737,25965400
2018-03-05,53.4500,54.2700,53.4500,54.2100,43.1478,18859700
2018-03-06,54.2300,54.3000,53.8200,54.2500,43.1796,20784300
2018-03-07,53.7400,53.9700,53.4700,53.7600,42.7896,12592900
2018-03-08,53.7900,54.2700,53.7000,54.2500,43.1796,10725100
2018-03-09,54.4000,54.6100,54.2000,54.6000,43.4582,11486800
2018-03-12,54.6200,54.9100,54.4000,54.5000,43.3786,10915700
2018-03-13,54.6700,54.7700,54.3700,54.4600,43.3468,12406100
2018-03-14,54.5900,54.6000,53.8000,53.9100,42.9090,13519000
2018-03-15,53.8400,54.0800,53.3800,53.5300,42.6065,9280100
2018-03-16,53.2300,53.5600,53.2000,53.2500,42.6217,9629100
2018-03-19,53.2100,53.3100,52.5400,52.7300,42.2055,10714700
2018-03-20,52.8100,53.0200,52.4100,52.5800,42.0855,9888200
2018-03-21,52.2900,52.5000,51.8200,51.9300,41.5652,17028500
2018-03-22,51.7800,52.1900,51.4600,51.5000,41.2210,15584100
2018-03-23,51.6800,51.8900,50.8100,50.8600,40.7088,15936400
2018-03-26,51.2400,51.6400,51.0800,51.5900,41.2931,12374700
2018-03-27,51.6800,52.1000,51.3300,51.5600,41.2691,17326800
2018-03-28,51.7300,52.5300,51.7100,52.2700,41.8373,32397500
2018-03-29,52.4800,52.9500,52.4800,52.6300,42.1255,13272800
2018-04-02,52.4700,52.5700,51.1100,51.3400,41.0930,28604800
2018-04-03,51.5700,52.1500,51.4100,52.0200,41.6372,24860600
2018-04-04,51.6900,53.0200,51.6300,52.8300,42.2856,28012500
2018-04-05,52.9200,53.1700,52.6400,52.9600,42.3896,18235800
2018-04-06,52.8000,53.2300,52.1600,52.4200,41.9574,13113400
2018-04-09,52.5800,52.9200,52.2400,52.3900,41.9334,14686700
2018-04-10,52.6900,52.7800,52.2300,52.5100,42.0294,13041900
2018-04-11,52.3600,52.6800,52.3000,52.4100,41.9494,9025200
2018-04-12,52.6300,52.7900,52.3000,52.3300,41.8854,9843700
2018-04-13,52.5500,52.6900,52.3300,52.5900,42.0935,8836700
2018-04-16,52.7300,53.4600,52.6600,53.1600,42.5497,7804700
2018-04-17,53.3000,53.4100,52.9900,53.2800,42.6458,8131300
2018-04-18,53.2400,53.3600,52.7800,52.8800,42.3256,14496600
2018-04-19,52.1600,52.2000,51.0800,51.3500,41.1010,23643100
2018-04-20,51.2300,51.4000,50.3400,50.4900,40.4126,19102700
2018-04-23,50.5300,50.5800,50.2000,50.4300,40.3646,12344900
2018-04-24,50.5200,50.5800,49.7600,50.1100,40.1085,18771500
2018-04-25,50.0900,50.4100,49.8900,50.2000,40.1805,19012500
2018-04-26,50.3100,50.7000,50.1500,50.5000,40.4206,11009900
2018-04-27,50.3900,50.9400,50.3400,50.7700,40.6367,11096100
2018-04-30,50.8600,51.0900,50.3600,50.4500,40.3806,13892700
2018-05-01,50.2600,50.2900,49.6600,50.0100,40.0284,10927100
2018-05-02,49.8700,49.9200,48.9200,49.0300,39.2440,18818900
2018-05-03,49.1500,49.2600,48.7600,48.9800,39.2040,16634400
2018-05-04,48.9400,49.9400,48.8900,49.6900,39.7723,13132400
2018-05-07,49.8000,49.8900,49.2700,49.3800,39.5242,9665300
2018-05-08,49.2700,49.3200,48.9600,49.1800,39.3641,8290800
2018-05-09,49.0900,49.3700,48.9900,49.2500,39.4201,9228200
2018-05-10,49.4800,49.7900,49.4100,49.5400,39.6522,10242700
2018-05-11,49.6300,49.8800,49.3900,49.5400,39.6522,10065200
2018-05-14,49.6100,49.7000,49.4400,49.5200,39.6362,6708100
2018-05-15,49.2800,49.4600,49.0600,49.3300,39.4841,22686900
2018-05-16,49.4800,49.8000,49.4100,49.6800,39.7643,12151300
2018-05-17,49.8300,49.9700,49.6800,49.8500,39.9004,19572900
2018-05-18,49.7300,49.8100,49.3500,49.5400,39.6522,15664700
2018-05-21,49.7300,49.9200,49.6000,49.7500,39.8203,7928400
2018-05-22,49.8400,50.0900,49.5700,49.6600,39.7483,9383800
2018-05-23,49.5500,49.8900,49.4800,49.8400,39.8924,18136200
2018-05-24,49.8400,49.9300,49.5500,49.8000,39.8603,9843800
2018-05-25,49.8100,50.2000,49.7400,49.8800,39.9244,12913500
2018-05-29,49.7000,49.9900,49.5500,49.7700,39.8363,14959300
2018-05-30,49.9600,50.5600,49.8000,50.4700,40.3966,17628100
2018-05-31,50.3800,50.4300,49.4700,49.6600,39.7483,18603000
2018-06-01,49.8000,49.8900,49.5300,49.6600,39.7483,10944600
2018-06-04,49.7600,50.1300,49.7600,50.0700,40.0765,11665200
2018-06-05,50.1100,50.1400,49.6800,49.8400,39.8924,8980900
2018-06-06,49.8600,49.9000,49.5500,49.9000,39.9404,12071000
2018-06-07,49.7700,50.4700,49.7000,50.2100,40.1885,16618500
2018-06-08,50.2300,50.8600,50.2300,50.8300,40.6848,17081500
2018-06-11,50.8700,51.3500,50.8700,51.2500,41.0209,13199600
2018-06-12,51.2800,51.3800,51.0100,51.3500,41.1010,11362200
2018-06-13,51.3400,51.4200,51.0300,51.1900,40.9729,15696000
2018-06-14,51.2500,51.3200,51.0600,51.2800,41.0449,9751300
2018-06-15,50.8400,51.5700,50.7400,51.5400,41.5725,17217800
2018-06-18,51.3700,51.3900,50.5600,50.7900,40.9675,21627300
2018-06-19,50.6000,51.1500,50.5700,51.0600,41.1853,12639200
2018-06-20,51.2100,51.2200,50.8900,51.1100,41.2256,9562500
2018-06-21,51.1800,51.3800,51.0700,51.2100,41.3063,13272700
2018-06-22,51.3300,51.7200,51.3200,51.6300,41.6451,9938300
2018-06-25,51.5100,51.9700,51.5000,51.8900,41.8548,22124200
2018-06-26,51.9000,52.0000,51.4300,51.6700,41.6773,14047300
2018-06-27,51.6000,52.0400,51.3500,51.5600,41.5886,19862400
2018-06-28,51.4400,51.6800,51.3600,51.5600,41.5886,13177400
2018-06-29,51.5900,51.8100,51.3000,51.5300,41.5644,13018300
2018-07-02,51.3000,51.5300,50.9000,51.2300,41.3224,13255500
2018-07-03,51.4300,51.6200,51.2700,51.3500,41.4192,7736300
2018-07-05,51.5700,52.0900,51.4700,52.0600,41.9919,11699800
2018-07-06,52.1200,52.4300,52.0000,52.2200,42.1210,12335100
2018-07-09,52.2600,52.3400,51.9600,52.0200,41.9596,15117900
2018-07-10,52.1500,52.6700,52.0400,52.6400,42.4597,15280300
2018-07-11,52.5800,52.6300,52.2900,52.4700,42.3226,11484600
2018-07-12,52.6200,52.7100,52.2300,52.4000,42.2662,11002300
2018-07-13,52.4300,52.8000,52.4100,52.7400,42.5404,14053500
2018-07-16,52.7000,52.7300,52.3400,52.4900,42.3387,10347400
2018-07-17,52.4600,53.0000,52.4600,52.9400,42.7017,14759300
2018-07-18,52.8800,52.9300,52.4700,52.5100,42.3549,10474200
2018-07-19,52.1700,52.7700,52.0700,52.5400,42.3791,15092800
2018-07-20,52.4400,52.8900,52.3500,52.8600,42.6372,17895700
2018-07-23,52.7600,52.8900,52.3700,52.5300,42.3710,13337200
2018-07-24,52.4100,52.7300,52.3200,52.6300,42.4517,15987700
2018-07-25,52.7000,53.0700,52.5900,53.0300,42.7743,15258400
2018-07-26,53.2400,53.7600,53.1700,53.3100,43.0002,15129400
2018-07-27,53.2800,53.6400,53.1900,53.3800,43.0566,13414400
2018-07-30,53.2400,53.4500,53.0000,53.3200,43.0082,12143900
2018-07-31,53.4900,53.7600,53.1800,53.5700,43.2099,17898400
2018-08-01,53.4100,53.5000,53.0300,53.1200,42.8469,14917600
2018-08-02,53.0300,53.7300,53.0000,53.6600,43.2825,15902900
2018-08-03,53.7900,54.5500,53.7500,54.2900,43.7906,20418500
2018-08-06,54.3200,54.5100,54.2200,54.3400,43.8310,13412100
2018-08-07,54.2900,54.3600,53.8200,54.0100,43.5648,13766100
2018-08-08,53.9800,54.0200,53.5800,53.6000,43.2341,12591800
2018-08-09,53.6100,53.7000,53.3700,53.4400,43.1050,8047000
2018-08-10,53.2800,53.4600,53.1300,53.2400,42.9437,13459200
2018-08-13,53.3300,53.4400,53.0000,53.2400,42.9437,8696600
2018-08-14,53.3100,53.6600,53.2800,53.6100,43.2421,8882500
2018-08-15,53.4500,53.8700,53.1500,53.8300,43.4196,15592600
2018-08-16,54.3800,54.7600,54.3000,54.6000,44.0407,15526100
2018-08-17,54.5500,55.0800,54.4400,55.0200,44.3794,13037600
2018-08-20,55.0900,55.3100,54.9300,54.9900,44.3553,10189600
2018-08-21,54.9700,55.0500,54.3900,54.6000,44.0407,13806200
2018-08-22,54.5500,54.6600,54.1900,54.2600,43.7664,13573900
2018-08-23,54.1000,54.2600,53.9700,54.1300,43.6616,10714300
2018-08-24,54.1000,54.2100,53.9000,54.0600,43.6051,9570500
2018-08-27,54.1500,54.3200,53.8800,54.0900,43.6293,10631600
2018-08-28,54.0800,54.2400,53.8300,53.9100,43.4841,12621500
2018-08-29,53.9900,54.0700,53.8500,53.9700,43.5325,8681000
2018-08-30,53.8900,54.0700,53.6900,53.8000,43.3954,11092500
2018-08-31,53.8000,53.9700,53.5600,53.7800,43.3793,10472900
2018-09-04,53.7100,53.9400,53.5600,53.7100,43.3228,9571100
2018-09-05,53.5500,54.3300,53.4900,54.3300,43.8229,14723800
2018-09-06,54.3100,54.5100,54.1300,54.4800,43.9439,12333800
2018-09-07,54.3100,54.4100,53.9900,54.3700,43.8552,9247300
2018-09-10,54.5000,54.8800,54.5000,54.5600,44.0084,8361600
2018-09-11,54.4900,54.5500,54.2400,54.3600,43.8471,8121600
2018-09-12,54.3600,55.1100,54.3300,54.9900,44.3553,15220000
2018-09-13,55.0100,55.0300,54.6000,54.9100,44.2907,9746500
2018-09-14,54.8600,54.8700,54.4800,54.7600,44.1697,8925200
2018-09-17,54.7200,54.9800,54.6000,54.9600,44.3311,10279600
2018-09-18,54.9100,54.9300,54.5100,54.7300,44.1455,15638500
2018-09-19,54.6800,54.9100,54.5500,54.6300,44.0649,7791600
2018-09-20,54.7800,55.3300,54.7800,55.3200,44.6214,11817800
2018-09-21,55.0200,55.1100,54.9100,55.0200,44.6929,10307900
2018-09-24,54.8300,54.9500,54.1400,54.1800,44.0106,10648700
2018-09-25,54.3400,54.4600,53.8300,53.8600,43.7507,8348300
2018-09-26,54.0200,54.3300,53.8500,53.9200,43.7994,10369900
2018-09-27,53.7400,54.2000,53.5900,53.8500,43.7425,8892800
2018-09-28,53.7900,54.0000,53.7400,53.9300,43.8075,9249700
2018-10-01,54.0100,54.0900,53.8300,53.8900,43.7750,8725500
2018-10-02,53.8600,54.3200,53.7300,54.2000,44.0268,9592400
2018-10-03,54.3200,54.3800,53.5500,53.6200,43.5557,15192700
2018-10-04,53.4700,53.5700,53.0900,53.4900,43.4501,19964000
2018-10-05,53.3800,53.6500,53.3600,53.4400,43.4095,13903100
2018-10-08,53.3900,54.2500,53.3900,54.1800,44.0106,14908300
2018-10-09,54.2000,54.3200,53.9300,54.0600,43.9131,13477200
2018-10-10,53.8800,54.2900,53.3200,53.4100,43.3851,26121600
2018-10-11,53.2600,53.5400,51.9200,52.0900,42.3129,44523200
2018-10-12,52.3100,52.5600,51.9200,52.3800,42.5484,26263000
2018-10-15,52.2300,53.0800,52.2300,52.7000,42.8084,15892000
2018-10-16,52.8300,53.3700,52.6400,53.2900,43.2876,15468600
2018-10-17,53.2400,53.6600,53.0500,53.5400,43.4907,15837800
2018-10-18,53.6000,54.0800,53.3000,53.4700,43.4339,19370300
2018-10-19,54.0800,54.8500,54.0800,54.6900,44.4249,28312300
2018-10-22,54.7900,54.8600,54.1300,54.2800,44.0918,16645700
2018-10-23,53.9600,54.6600,53.6500,54.5200,44.2868,30466600
2018-10-24,54.5600,55.5200,54.4000,54.7500,44.4736,36761900
2018-10-25,54.6200,55.0800,54.1500,54.8800,44.5792,30018200
2018-10-26,54.5000,54.6500,53.5900,53.8300,43.7263,39310600
2018-10-29,54.2000,54.8300,53.9500,54.4500,44.2299,31687500
2018-10-30,54.8200,55.5800,54.6800,55.5300,45.1072,33148100
2018-10-31,55.5200,55.5200,54.5700,55.0100,44.6848,30135100
2018-11-01,55.1300,55.5700,54.8500,55.4000,45.0016,22589800
2018-11-02,55.4000,55.4700,54.6300,55.1100,44.7660,28704100
2018-11-05,55.2000,55.9500,55.1200,55.8000,45.3265,19972200
2018-11-06,55.7900,56.1600,55.6000,56.1400,45.6027,15626500
2018-11-07,56.3700,56.4800,55.8700,56.4600,45.8626,15067100
2018-11-08,56.1800,56.5800,56.1700,56.4900,45.8870,12890200
2018-11-09,56.4700,57.0000,56.4700,56.8200,46.1551,18510900
2018-11-12,56.6600,56.9800,56.4100,56.5200,45.9114,15950700
2018-11-13,56.5500,56.7600,56.1200,56.3900,45.8058,23146500
2018-11-14,56.4900,56.4900,55.7400,56.0100,45.4971,17577600
2018-11-15,55.8200,55.9200,55.3900,55.9200,45.4240,25604700
2018-11-16,55.8900,56.2800,55.6900,56.0600,45.5377,15212800
2018-11-19,56.0800,56.3900,55.7400,55.9700,45.4646,16727200
2018-11-20,55.8000,56.0800,54.8900,55.0400,44.7092,33023200
2018-11-21,55.0100,55.1400,54.4800,54.6000,44.3518,16604400
2018-11-23,54.5500,55.0300,54.4200,54.7900,44.5061,8700800
2018-11-26,54.8700,55.1400,54.5900,54.8600,44.5629,13125400
2018-11-27,54.7700,55.3700,54.7400,55.3500,44.9610,15954400
2018-11-28,55.2600,55.8200,55.0900,55.8100,45.3346,21973700
2018-11-29,55.7200,56.0700,55.6500,55.9000,45.4077,13285000
2018-11-30,55.8900,56.4000,55.7500,56.2600,45.7002,16551900
2018-12-03,56.4600,56.4600,55.7300,56.3100,45.7408,20855900
2018-12-04,56.4100,56.6200,55.3300,55.3600,44.9691,27634900
2018-12-06,55.1800,55.4400,54.2500,55.4200,45.0178,32514000
2018-12-07,55.3700,55.5700,54.4800,54.7200,44.4492,23139500
2018-12-10,55.0300,55.0300,53.8800,54.7200,44.4492,44469000
2018-12-11,55.1000,55.5700,54.8700,55.1700,44.8148,25677400
2018-12-12,55.5100,55.6800,55.0700,55.1000,44.7579,18735200
2018-12-13,55.1700,55.6200,55.1000,55.4400,45.0341,16987800
2018-12-14,55.0900,55.1600,54.3700,54.5000,44.2705,20262700
2018-12-17,54.3700,54.5000,52.9200,53.2400,43.2470,27324100
2018-12-18,53.3800,53.4900,52.3100,52.6100,42.7353,27349700
2018-12-19,52.8600,53.2800,51.8600,52.1000,42.3210,46289600
2018-12-20,51.8700,51.8900,50.6800,51.1700,41.5655,43415000
2018-12-21,50.7200,51.8300,50.1800,50.1800,41.1344,38484500
2018-12-24,50.0500,50.2200,48.6900,48.7300,39.9458,23086800
2018-12-26,48.8300,50.0900,48.3300,50.0900,41.0606,26670600
2018-12-27,49.7800,50.6100,49.0400,50.5700,41.4541,35926900
2018-12-28,50.9400,51.1500,50.3700,50.5700,41.4541,24436600
2018-12-31,50.7000,50.8200,50.3100,50.7800,41.6262,14959600
2019-01-02,50.2400,50.6400,49.9500,50.4800,41.3803,20459000
2019-01-03,50.3900,50.9100,50.1100,50.1900,41.1426,22074800
2019-01-04,50.5200,51.2600,50.4100,51.2600,42.0197,19003300
2019-01-07,51.1300,51.5300,50.7300,51.1900,41.9623,15143300
2019-01-08,51.4900,51.7900,51.2400,51.6600,42.3476,28273800
2019-01-09,51.6500,51.7000,51.0600,51.1800,41.9541,15684500
2019-01-10,51.0800,51.5700,50.9400,51.4800,42.2000,32431700
2019-01-11,51.5900,51.6600,51.3500,51.6300,42.3230,11732400
2019-01-14,51.5000,51.6100,51.3000,51.3800,42.1181,7811500
2019-01-15,51.3700,51.9400,51.3400,51.8900,42.5361,11447700
2019-01-16,51.8700,51.8700,51.4200,51.6100,42.3066,13484700
2019-01-17,51.5300,51.9400,51.4700,51.8300,42.4869,10196400
2019-01-18,52.1300,52.6100,52.0700,52.4500,42.9952,11957600
2019-01-22,52.3100,52.4100,51.5500,51.9700,42.6017,20877700
2019-01-23,52.3700,52.7400,52.1200,52.5900,43.1099,23804700
2019-01-24,52.3100,52.3200,51.5900,51.9400,42.5771,17727200
2019-01-25,52.1000,52.3100,51.6600,51.7300,42.4050,12920300
2019-01-28,51.6200,51.9700,51.4500,51.9500,42.5853,10996700
2019-01-29,52.0500,52.1800,51.8400,52.0700,42.6837,11500400
2019-01-30,52.1200,52.5400,52.0000,52.4200,42.9706,13934600
2019-01-31,52.4300,53.5300,52.3100,53.3900,43.7657,17886500
2019-02-01,53.5500,53.5500,53.0000,53.2200,43.6264,14423400
2019-02-04,53.2100,53.5600,53.1100,53.5600,43.9051,13367500
2019-02-05,53.6000,53.7100,53.4200,53.5700,43.9133,11296100
2019-02-06,53.4200,53.6700,53.4200,53.5800,43.9215,19006100
2019-02-07,53.3500,53.5800,53.1700,53.5400,43.8887,14519000
2019-02-08,53.4300,53.7900,53.2300,53.7900,44.0936,11100100
2019-02-11,53.8400,53.9800,53.6900,53.9300,44.2084,6876200
2019-02-12,54.0400,54.5100,53.9600,54.3500,44.5527,11694100
2019-02-13,54.4500,54.6200,54.3300,54.4500,44.6346,10809600
2019-02-14,53.8800,54.0800,53.5500,53.8400,44.1346,11388500
2019-02-15,54.1000,54.4500,53.8400,54.3500,44.5527,12635400
2019-02-19,54.4800,54.8400,54.3600,54.6300,44.7822,19831700
2019-02-20,54.5800,54.7300,54.3600,54.5300,44.7002,14478600
2019-02-21,54.4400,54.8100,54.2800,54.6900,44.8314,11711800
2019-02-22,54.1800,54.4300,54.0400,54.4300,44.6183,24758700
2019-02-25,54.5400,54.7000,54.0600,54.1300,44.3723,15162600
2019-02-26,54.1600,54.3900,54.0400,54.1600,44.3969,15114400
2019-02-27,54.0400,54.1600,53.8600,54.0800,44.3313,10811600
2019-02-28,54.2100,54.5500,54.0800,54.3400,44.5445,8469400
2019-03-01,54.5000,54.5200,53.8500,54.2400,44.4625,10812200
2019-03-04,54.3400,54.4400,53.7300,54.1500,44.3887,10113600
2019-03-05,54.1400,54.2900,54.0100,54.1100,44.3559,10132400
2019-03-06,54.1000,54.2500,53.8000,54.0300,44.2904,12001100
2019-03-07,53.9400,54.0300,53.5700,53.6800,44.0034,14336100
2019-03-08,53.7300,53.9700,53.4500,53.7100,44.0280,11909300
2019-03-11,53.8000,54.4500,53.8000,54.4100,44.6019,10519200
2019-03-12,54.4200,54.6200,54.3000,54.4300,44.6183,10841800
2019-03-13,54.4700,54.9500,54.4300,54.7400,44.8724,11135300
2019-03-14,54.7600,54.8500,54.6000,54.6900,44.8314,8449600
2019-03-15,54.5800,54.8500,54.4700,54.7000,45.0852,21846900
2019-03-18,54.7100,54.8900,54.6400,54.7800,45.1512,8103700
2019-03-19,54.9000,55.0200,54.5400,54.7400,45.1182,13359400
2019-03-20,54.7100,54.8200,54.3300,54.5100,44.9286,19832700
2019-03-21,54.4100,55.2300,54.4100,55.1500,45.4561,12699200
2019-03-22,55.0700,55.4400,55.0000,55.0800,45.3985,21007300
2019-03-25,54.9800,55.3300,54.8500,55.1900,45.4891,12538000
2019-03-26,55.3800,55.8600,55.3400,55.6600,45.8765,12808700
2019-03-27,55.6600,55.8200,55.1900,55.4700,45.7199,12740400
2019-03-28,55.6000,55.8900,55.5800,55.7400,45.9424,11920900
2019-03-29,55.8400,56.1700,55.6900,56.1100,46.2474,13888800
2019-04-01,56.2200,56.2300,55.8300,55.9200,46.0908,13799400
2019-04-02,55.7500,55.7500,55.4600,55.4600,45.7116,13964800
2019-04-03,55.3600,55.4800,55.0500,55.1900,45.4891,18616500
2019-04-04,55.2300,55.4900,55.1800,55.4000,45.6622,10671300
2019-04-05,55.4800,55.6100,55.3300,55.5900,45.8188,9045200
2019-04-08,55.5600,55.8300,55.4900,55.8200,46.0084,6136900
2019-04-09,55.6900,55.7800,55.5100,55.7500,45.9507,12062300
2019-04-10,55.8000,55.9800,55.7500,55.9100,46.0826,7060800
2019-04-11,56.0000,56.1300,55.8200,56.0200,46.1732,6444900
2019-04-12,56.0600,56.2400,55.8900,56.2000,46.3216,7635700
2019-04-15,56.1800,56.5800,56.1700,56.5300,46.5936,6505000
2019-04-16,56.6300,56.7300,56.3200,56.5400,46.6018,9345100
2019-04-17,56.8400,56.9100,56.5600,56.8200,46.8326,12720200
2019-04-18,57.0500,57.1500,56.6200,56.8700,46.8738,10622200
2019-04-22,56.8600,57.2000,56.7500,56.8900,46.8903,12432100
2019-04-23,56.8600,56.9300,56.6000,56.7100,46.7419,20408400
2019-04-24,56.7400,57.0400,56.7000,56.8300,46.8409,8221900
2019-04-25,56.5200,56.5700,56.2700,56.4700,46.5441,9992100
2019-04-26,56.5300,56.9900,56.5000,56.9800,46.9645,8405700
2019-04-29,56.9500,57.0800,56.8700,57.0500,47.0222,7210800
2019-04-30,57.0800,57.7700,57.0200,57.7100,47.5662,15965900
2019-05-01,57.7800,57.8200,57.0000,57.0000,46.9810,11992700
2019-05-02,56.9500,57.2100,56.6900,56.9800,46.9645,13925900
2019-05-03,57.2500,57.5400,57.1600,57.4100,47.3189,13801300
2019-05-06,56.9900,57.4200,56.9200,57.3200,47.2447,10100300
2019-05-07,57.0600,57.1700,56.4500,56.7500,46.7749,20115500
2019-05-08,56.7100,57.0600,56.4600,56.7400,46.7667,11940200
2019-05-09,56.5000,56.7800,56.1900,56.6200,46.6678,23531600
2019-05-10,56.4800,57.3900,56.2400,57.3100,47.2365,14029600
2019-05-13,56.7200,56.9100,56.5600,56.7700,46.7914,13081800
2019-05-14,56.9300,57.4300,56.8400,57.0400,47.0139,16497800
2019-05-15,56.9600,57.6100,56.8500,57.4900,47.3848,9681800
2019-05-16,57.7900,58.2700,57.6300,57.9400,47.7557,12859800
2019-05-17,57.6200,58.0800,57.6100,57.7500,47.5991,15458700
2019-05-20,57.6200,57.9400,57.5700,57.6100,47.4837,9496800
2019-05-21,57.8200,57.8400,57.4000,57.4900,47.3848,8124100
2019-05-22,57.5100,57.8800,57.3900,57.7500,47.5991,11102000
2019-05-23,57.5300,57.7500,57.4100,57.7300,47.5827,17398000
2019-05-24,57.8300,57.8800,57.3500,57.5200,47.4096,9530800
2019-05-28,57.5300,57.6700,56.5400,56.5800,46.6348,14043000
2019-05-29,56.3600,56.3700,55.8800,56.1700,46.2969,11455100
2019-05-30,56.2800,56.5300,56.1500,56.4100,46.4947,9770200
2019-05-31,55.9700,56.0500,55.5200,55.6100,45.8353,13450800
2019-06-03,55.6900,56.4200,55.6800,56.3100,46.4122,17060600
2019-06-04,56.6600,56.8300,56.4800,56.8200,46.8326,16546800
2019-06-05,57.0800,57.5800,56.8600,57.4700,47.3684,15069700
2019-06-06,57.5900,58.1900,57.4900,58.0700,47.8629,20769600
2019-06-07,58.2700,58.8600,58.2700,58.6300,48.3245,18860800
2019-06-10,58.7100,58.7800,58.4700,58.6500,48.3409,15341800
2019-06-11,58.8200,58.9900,58.6900,58.8400,48.4976,18109700
2019-06-12,58.9500,59.2700,58.8400,58.9300,48.5717,10921200
2019-06-13,59.0700,59.2400,58.7200,59.0600,48.6789,11564400
2019-06-14,59.0300,59.2500,58.9700,59.0900,48.7036,9726100
2019-06-17,59.1100,59.1700,58.6500,58.9200,48.5635,8796600
2019-06-18,59.2500,59.2900,58.5200,58.6000,48.2997,18120600
2019-06-19,58.5600,58.9600,58.2700,58.8400,48.4976,13457200
2019-06-20,59.0900,59.4300,58.9600,59.3600,48.9261,13566200
2019-06-21,58.8400,59.0100,58.6300,58.7200,48.7675,15416200
2019-06-24,58.8100,59.1000,58.7700,58.8700,48.8921,17796300
2019-06-25,58.8800,58.9600,58.6700,58.8400,48.8672,11861700
2019-06-26,58.5700,58.5700,57.9800,58.0000,48.1696,11672600
2019-06-27,58.0800,58.1600,57.7800,58.1100,48.2609,11524900
2019-06-28,58.3900,58.4600,57.9500,58.0700,48.2277,12409300
2019-07-01,58.3700,58.5600,58.0800,58.4200,48.5184,12628100
2019-07-02,58.4400,58.9300,58.4000,58.9300,48.9419,11913500
2019-07-03,59.0100,59.7200,58.9600,59.6600,49.5482,11995800
2019-07-05,59.3100,59.4400,58.8700,59.4000,49.3323,11008200
2019-07-08,59.4000,59.5900,59.3100,59.4800,49.3987,9257100
2019-07-09,59.3600,59.4600,58.9100,59.1300,49.1080,12499500
2019-07-10,59.3400,59.6600,59.2900,59.5100,49.4236,16804800
2019-07-11,59.6300,59.7100,59.3400,59.6600,49.5482,12575300
2019-07-12,59.6400,59.9700,59.6400,59.8300,49.6894,8732000
2019-07-15,59.9300,60.0700,59.7700,59.9700,49.8057,7212600
2019-07-16,59.9800,60.2300,59.7800,59.9900,49.8223,13579000
2019-07-17,59.9900,60.0800,59.7800,59.9200,49.7641,9049900
2019-07-18,59.9900,60.5000,59.7800,60.3200,50.0963,9444300
2019-07-19,60.4700,60.5600,59.9000,59.9400,49.7807,7460400
2019-07-22,60.0500,60.0500,59.5300,59.5900,49.4901,7135100
2019-07-23,60.1300,60.2400,59.8300,60.0200,49.8472,10058100
2019-07-24,59.9300,59.9800,59.5500,59.6200,49.5150,7975900
2019-07-25,59.5000,59.8000,59.3600,59.7000,49.5814,9469200
2019-07-26,59.8000,60.3900,59.6300,60.3700,50.1379,14727900
2019-07-29,60.3700,60.6100,60.3300,60.4800,50.2292,6121300
2019-07-30,60.7200,61.0200,60.5200,60.6600,50.3787,14123800
2019-07-31,60.4700,60.5600,58.8500,59.4300,49.3572,16826700
2019-08-01,59.6000,60.3000,59.1800,59.2200,49.1828,30148200
2019-08-02,59.1300,59.5900,59.0000,59.2300,49.1911,24368700
2019-08-05,58.8500,59.1000,57.3700,57.6900,47.9121,26364800
2019-08-06,57.8900,58.4800,57.6700,58.2100,48.3440,20126400
2019-08-07,57.9600,59.1100,57.3500,58.8900,48.9087,17550800
2019-08-08,58.8500,59.7100,58.5700,59.6500,49.5399,24011300
2019-08-09,59.6200,59.7700,58.9000,59.3200,49.2658,10590200
2019-08-12,59.1600,59.3500,58.7200,58.9200,48.9336,11774000
2019-08-13,58.8800,59.8600,58.7800,59.5900,49.4901,13199500
2019-08-14,59.0600,59.5400,58.6100,58.6500,48.7094,17281300
2019-08-15,59.2900,59.7400,59.0000,59.5300,49.4402,14431100
2019-08-16,59.7900,60.4500,59.7900,60.2100,50.0050,18294300
2019-08-19,60.6900,60.9300,60.5600,60.8100,50.5033,13180800
2019-08-20,60.7800,60.8500,60.1000,60.1500,49.9552,8959300
2019-08-21,60.5500,60.6000,60.1600,60.3100,50.0880,8735900
2019-08-22,60.3600,60.7600,60.2000,60.6300,50.3538,7127600
2019-08-23,60.4600,60.7100,59.2800,59.6200,49.5150,25296100
2019-08-26,60.0200,60.4100,59.7800,60.3600,50.1296,13629800
2019-08-27,60.6100,60.7700,60.0000,60.1900,49.9884,13389300
2019-08-28,60.1700,60.7700,60.0600,60.7700,50.4701,12435500
2019-08-29,61.1300,61.1400,60.4300,60.8000,50.4950,9657600
2019-08-30,61.0000,61.1500,60.5300,60.7200,50.4285,8567000
2019-09-03,60.4600,61.0800,60.3500,61.0700,50.7192,15551600
2019-09-04,61.3200,61.6200,61.0800,61.6200,51.1760,12200500
2019-09-05,61.7800,61.9200,61.1500,61.2400,50.8604,15719800
2019-09-06,61.4000,61.5400,61.2500,61.4400,51.0265,13904200
2019-09-09,61.4100,61.4700,61.1300,61.3000,50.9102,27082400
2019-09-10,61.0300,61.0300,60.5900,60.9200,50.5946,31985000
2019-09-11,60.9000,61.1900,60.5800,61.1400,50.7773,17422200
2019-09-12,61.5000,61.6900,61.2700,61.3900,50.9850,18296200
2019-09-13,61.1100,61.4600,60.9100,61.0400,50.6943,17830400
2019-09-16,60.7500,60.8100,60.3200,60.4500,50.2043,16741200
2019-09-17,60.4200,61.1100,60.4200,60.7800,50.4784,11681500
2019-09-18,60.8400,60.9500,60.3600,60.8800,50.5614,10968900
2019-09-19,60.8300,60.9800,60.7500,60.8700,50.5531,10664100
2019-09-20,60.6400,60.7800,60.3200,60.3200,50.3927,13951100
2019-09-23,60.3700,60.8100,60.3200,60.5600,50.5932,8767800
2019-09-24,60.8000,61.2100,60.5900,60.8100,50.8021,17305900
2019-09-25,61.0700,61.1500,60.6700,60.8500,50.8355,17626600
2019-09-26,60.9200,61.3700,60.8900,61.1900,51.1195,15527300
2019-09-27,61.3400,61.3600,60.7600,61.1200,51.0611,14293900
2019-09-30,61.1600,61.6900,61.1600,61.4200,51.3117,11078800
2019-10-01,61.4500,61.6200,61.0100,61.2600,51.1780,16827400
2019-10-02,60.9600,61.0200,59.8000,60.0300,50.1504,18668200
2019-10-03,60.3300,60.6600,59.7900,60.4500,50.5013,20998100
2019-10-04,60.5500,61.4100,60.4900,61.4000,51.2950,11938600
2019-10-07,61.2600,61.3400,60.8400,60.9000,50.8773,9378900
2019-10-08,60.7200,60.8900,60.3100,60.3200,50.3927,14924100
2019-10-09,60.6200,60.9300,60.4900,60.7800,50.7770,8504600
2019-10-10,60.6500,61.0800,60.4800,60.9000,50.8773,8648000
2019-10-11,61.1300,61.2100,60.7200,60.8400,50.8271,18172100
2019-10-14,60.9200,60.9800,60.5100,60.5400,50.5765,7569500
2019-10-15,60.6900,60.7300,60.1900,60.2800,50.3593,12217700
2019-10-16,60.3300,60.4100,60.1300,60.3400,50.4094,10397700
2019-10-17,60.5400,60.7900,60.4500,60.6200,50.6433,13209800
2019-10-18,60.5100,60.9700,60.5100,60.7400,50.7436,9301200
2019-10-21,60.7500,60.9700,60.6700,60.9400,50.9107,9924100
2019-10-22,61.3800,61.4200,60.9300,60.9600,50.9274,12492500
2019-10-23,60.9300,61.2800,60.9100,61.2400,51.1613,7499400
2019-10-24,61.3600,61.5500,61.1200,61.4500,51.3367,9089300
2019-10-25,61.3900,61.4000,61.0400,61.0900,51.0360,7518600
2019-10-28,61.0900,61.3100,60.8300,60.9700,50.9357,11154200
2019-10-29,60.8600,61.2600,60.7500,60.9700,50.9357,10072400
2019-10-30,61.0200,61.3600,60.8500,61.2500,51.1697,7216400
2019-10-31,61.2700,61.4900,60.7700,61.1600,51.0945,12628100
2019-11-01,61.2700,61.3800,61.0200,61.1500,51.0861,10232000
2019-11-04,61.2200,61.2500,60.3700,60.5600,50.5932,17081600
2019-11-05,60.4800,60.8900,60.2900,60.7600,50.7603,17192200
2019-11-06,60.8600,61.1600,60.6900,61.0100,50.9692,8284500
2019-11-07,61.0800,61.0900,60.6900,60.8000,50.7937,9437800
2019-11-08,60.7700,60.9500,60.5600,60.7600,50.7603,7574200
2019-11-11,60.7900,60.8900,60.5700,60.6700,50.6851,5632200
2019-11-12,60.7600,60.8700,60.5900,60.8700,50.8522,7085100
2019-11-13,60.9600,61.4500,60.8800,61.3300,51.2365,9500900
2019-11-14,61.6000,61.6200,61.0600,61.3100,51.2198,8442100
2019-11-15,61.4000,61.4600,61.1100,61.3300,51.2365,7221400
2019-11-18,61.2700,61.9900,61.2700,61.6500,51.5038,8615500
2019-11-19,61.7400,61.8400,61.4400,61.5700,51.4370,8560900
2019-11-20,61.5700,61.8600,61.4400,61.7100,51.5539,11935900
2019-11-21,61.6000,61.7500,61.2600,61.4000,51.2950,7611100
2019-11-22,61.4500,61.4900,61.0600,61.3000,51.2114,5517100
2019-11-25,61.4200,61.5300,61.0700,61.3700,51.2699,10396500
2019-11-26,61.4500,61.9300,61.3400,61.8700,51.6876,7354800
2019-11-27,61.9800,62.0900,61.8100,62.0200,51.8129,5483300
2019-11-29,62.0400,62.1400,61.8800,62.0000,51.7962,3008500
2019-12-02,61.8800,62.1700,61.5900,62.1400,51.9132,17920100
2019-12-03,62.0200,62.0900,61.6200,62.0400,51.8296,20537000
2019-12-04,61.9700,62.4900,61.9000,62.4500,52.1722,17369100
2019-12-05,62.4700,62.4800,62.0600,62.4300,52.1554,13445200
2019-12-06,62.5600,62.9100,62.5200,62.6700,52.3559,10746700
2019-12-09,62.6300,62.8800,62.6200,62.7200,52.3977,6643000
2019-12-10,62.7200,62.7900,62.4600,62.5200,52.2306,7194300
2019-12-11,62.6600,62.7600,62.4300,62.6100,52.3058,6201700
2019-12-12,62.6200,63.0200,62.4300,62.5600,52.2641,11843600
2019-12-13,62.4000,62.8800,62.2900,62.7800,52.4478,10158300
2019-12-16,62.9600,63.1500,62.8800,63.0000,52.6316,10004600
2019-12-17,62.9200,63.0400,62.8200,62.9000,52.5481,8005500
2019-12-18,63.0100,63.2200,62.7000,62.8000,52.4646,5464100
2019-12-19,62.8900,63.2800,62.8800,63.1400,52.7486,9068100
2019-12-20,62.8200,63.3600,62.7800,63.1000,53.1470,15270600
2019-12-23,63.2200,63.2200,62.8100,62.8300,52.9196,6006500
2019-12-24,62.9000,62.9900,62.8100,62.9100,52.9870,1700100
2019-12-26,62.9800,63.0900,62.8000,62.9700,53.0375,8638600
2019-12-27,63.1000,63.2700,63.0400,63.2500,53.2733,10314100
2019-12-30,63.1400,63.2400,62.8300,62.9200,52.9954,6238600
2019-12-31,62.7900,63.0200,62.6600,62.9800,53.0459,4985400
2020-01-02,63.1000,63.1000,62.3100,62.4800,52.6248,14460700
2020-01-03,62.2500,62.6500,62.0900,62.3800,52.5406,26388900
2020-01-06,62.2900,62.5900,62.1800,62.5100,52.6501,22541700
2020-01-07,62.3200,62.3800,61.9800,62.0300,52.2458,15607600
2020-01-08,62.0800,62.5200,61.9600,62.2600,52.4395,11451400
2020-01-09,62.4500,62.7100,62.3000,62.7000,52.8101,6854500
2020-01-10,62.7600,62.8500,62.5800,62.6600,52.7764,7410800
2020-01-13,62.6800,63.0800,62.6500,63.0700,53.1217,9625700
2020-01-14,62.9900,63.1200,62.9100,63.0900,53.1386,7512300
2020-01-15,63.0400,63.6700,63.0100,63.5400,53.5176,12454300
2020-01-16,63.6200,63.7600,63.5500,63.7100,53.6608,8048600
2020-01-17,63.7000,63.9600,63.6200,63.8200,53.7534,14902700
2020-01-21,63.7300,64.0700,63.5100,64.0400,53.9387,11300300
2020-01-22,64.0600,64.2400,64.0400,64.0900,53.9808,8046500
2020-01-23,63.8800,64.2000,63.6400,64.0300,53.9303,14563100
2020-01-24,64.0800,64.1600,63.3900,63.5900,53.5597,11935100
2020-01-27,63.0500,63.6900,63.0100,63.3900,53.3913,8748400
2020-01-28,63.4300,63.6600,63.3700,63.4700,53.4586,7899500
2020-01-29,63.5200,63.5700,63.1500,63.1500,53.1891,8300800
2020-01-30,63.1800,63.9500,63.1400,63.9000,53.8208,13824800
2020-01-31,63.9300,64.2100,63.0000,63.1800,53.2144,15280000
2020-02-03,63.4100,63.6500,63.1300,63.1800,53.2144,21797600
2020-02-04,63.6800,63.9900,63.4300,63.5600,53.5344,14290900
2020-02-05,63.7700,64.1000,63.6900,64.0700,53.9640,20911400
2020-02-06,64.1400,64.5200,64.0100,64.1800,54.0566,9628500
2020-02-07,64.1800,64.3900,63.9900,64.2600,54.1240,14849000
2020-02-10,64.2900,64.6500,64.2700,64.5300,54.3514,7394100
2020-02-11,64.6300,64.6300,64.2400,64.2900,54.1493,8375700
2020-02-12,64.3700,64.3900,64.1300,64.2600,54.1240,8479000
2020-02-13,64.1200,64.7500,64.0300,64.6400,54.4441,7950900
2020-02-14,64.7100,64.8100,64.5800,64.7900,54.5704,5421200
2020-02-18,64.7000,64.8400,64.4300,64.5600,54.3767,6902300
2020-02-19,64.5700,64.7400,64.4600,64.4900,54.3177,4971300
2020-02-20,64.3800,64.5900,63.9400,64.5400,54.3599,13397700
2020-02-21,64.3600,64.7900,64.3400,64.6500,54.4525,10027800
2020-02-24,63.7700,64.2600,63.0900,63.1600,53.1975,19892700
2020-02-25,63.2000,63.5100,61.8100,62.0200,52.2374,25721400
2020-02-26,62.2100,62.7800,61.6400,61.6700,51.9426,26066400
2020-02-27,61.1200,61.6700,59.1500,59.1600,49.8285,39092300
2020-02-28,57.8100,58.0000,56.0400,57.9900,48.8430,50978800
2020-03-02,58.1100,61.1400,58.1100,61.0900,51.4540,27103100
2020-03-03,61.1800,62.2000,59.8200,60.2600,50.7550,35237500
2020-03-04,61.1100,63.2500,61.0300,63.2200,53.2481,26214300
2020-03-05,61.8300,62.8600,61.4000,62.0300,52.2458,16556300
2020-03-06,60.3900,61.8900,59.9400,61.5400,51.8331,24800200
2020-03-09,58.1400,60.5000,58.0000,58.8600,49.5758,19126300
2020-03-10,60.1000,60.6500,57.8900,60.5500,50.9992,28174800
2020-03-11,59.0500,59.3600,56.8700,57.5800,48.4977,17759800
2020-03-12,53.8900,56.7100,51.9100,52.1700,43.9410,26713800
2020-03-13,54.7700,56.6300,52.7600,56.6100,47.6807,24835800
2020-03-16,51.3500,55.5700,50.7800,52.7700,44.4464,27436800
2020-03-17,53.7900,57.4500,53.6700,57.2200,48.1945,32318100
2020-03-18,54.7500,57.0000,53.3000,55.7500,46.9563,35524900
2020-03-19,55.1600,55.4400,53.3900,53.8900,45.3897,26807900
2020-03-20,54.0400,54.0600,49.9600,50.4000,42.4502,26903700
2020-03-23,50.0100,50.6000,47.6600,48.6300,41.1940,31822200
2020-03-24,50.7500,51.4000,49.8000,51.1100,43.2948,28041800
2020-03-25,51.0000,52.6100,50.0800,50.9700,43.1762,25526400
2020-03-26,51.5900,54.1200,51.3800,53.7600,45.5396,25754100
2020-03-27,52.5900,54.9900,52.5000,53.5100,45.3278,26004700
2020-03-30,54.0300,55.7600,54.0300,55.6000,47.0982,15892600
2020-03-31,55.4000,55.6700,54.3400,54.4700,46.1410,15203200
2020-04-01,52.9900,54.3800,52.8600,53.5500,45.3617,11979800
2020-04-02,52.8100,55.2300,52.6800,54.9200,46.5222,14748100
2020-04-03,54.7000,55.5200,54.4700,55.3500,46.8864,15374100
2020-04-06,56.7300,57.8100,55.9200,57.4100,48.6314,14835200
2020-04-07,58.3000,58.7600,56.7400,56.7500,48.0723,22985400
2020-04-08,57.1700,57.9100,56.5300,57.5900,48.7839,13877400
2020-04-09,57.7500,59.0200,57.6100,58.1300,49.2413,20376000
2020-04-13,57.9400,58.2400,57.1400,57.7000,48.8771,10679500
2020-04-14,58.6900,60.2200,58.4600,60.1500,50.9525,17745300
2020-04-15,59.3500,59.7200,58.7600,59.2000,50.1477,12553400
2020-04-16,59.5100,59.8100,58.7500,59.5900,50.4781,14486100
2020-04-17,60.3200,60.7000,59.5100,60.5000,51.2489,12083100
2020-04-20,59.9000,60.3200,59.2600,59.3100,50.2409,9263900
2020-04-21,58.4700,58.8100,57.8400,58.0500,49.1736,13021900
2020-04-22,58.7500,58.9400,58.1400,58.6100,49.6479,15086800
2020-04-23,58.4700,58.8500,57.9900,58.0900,49.2074,21074200
2020-04-24,58.4300,58.9000,58.2300,58.7100,49.7327,9638300
2020-04-27,59.0700,59.1500,58.6500,58.8800,49.8766,11024000
2020-04-28,59.5600,59.6400,58.9600,59.2100,50.1562,13608800
2020-04-29,59.5100,59.5100,58.4000,58.9600,49.9444,16038500
2020-04-30,58.7900,58.8200,57.9200,58.2600,49.3515,16397100
2020-05-01,57.9400,58.4300,57.3800,57.6200,48.8093,13023600
2020-05-04,57.5100,57.7200,57.0200,57.5900,48.7839,11314200
2020-05-05,57.8200,58.2600,57.5700,57.6400,48.8263,9705200
2020-05-06,57.7400,57.9000,56.9600,57.0100,48.2926,10700100
2020-05-07,57.4500,57.5300,56.7300,56.8500,48.1571,11203600
2020-05-08,57.4200,58.2400,57.3900,58.1200,49.2329,13405000
2020-05-11,57.8600,58.4900,57.8000,58.0400,49.1651,8807200
2020-05-12,58.2300,58.5500,57.5500,57.5500,48.7500,20587300
2020-05-13,57.5000,57.8200,56.6900,57.0300,48.3095,12186800
2020-05-14,56.7500,57.0400,55.9900,56.8900,48.1909,11793500
2020-05-15,56.8800,57.5600,56.6800,57.3900,48.6145,20847900
2020-05-18,58.3000,58.6000,57.8800,58.3000,49.3853,15213600
2020-05-19,58.3800,58.4100,57.2300,57.2300,48.4790,15313100
2020-05-20,57.7100,57.9400,57.3600,57.9100,49.0550,8519600
2020-05-21,57.8200,57.8300,57.1500,57.2700,48.5128,13913900
2020-05-22,57.2900,57.5200,57.1600,57.4700,48.6823,7216300
2020-05-26,58.2800,58.3800,57.6700,57.7800,48.9449,10487200
2020-05-27,58.2400,58.7000,57.9100,58.6500,49.6818,10937800
2020-05-28,59.1000,59.5000,58.8500,59.1700,50.1223,10184300
2020-05-29,58.9900,59.4200,58.4600,59.2300,50.1731,12890900
2020-06-01,59.2600,59.8600,59.2300,59.6400,50.5204,9101400
2020-06-02,59.7400,59.8300,59.3400,59.8000,50.6560,9837900
2020-06-03,60.0600,60.1600,59.8600,59.8800,50.7237,10155300
2020-06-04,59.7600,60.0700,59.2700,59.5900,50.4781,8973800
2020-06-05,60.0300,60.7300,59.8600,60.4200,51.1812,11502200
2020-06-08,60.4300,61.1000,60.2200,61.0700,51.7318,13094200
2020-06-09,60.8400,60.9300,60.2000,60.5700,51.3082,13735400
2020-06-10,60.7100,60.8800,60.2800,60.4000,51.1642,9877800
2020-06-11,59.7500,60.1200,58.0400,58.1100,49.2244,14738500
2020-06-12,58.9100,58.9200,57.6200,58.1200,49.2329,17837500
2020-06-15,57.5800,58.8700,57.1900,58.7900,49.8004,11366700
2020-06-16,59.9500,60.0200,58.9400,59.7100,50.5797,10840300
2020-06-17,59.8200,60.0700,59.4400,59.6200,50.5035,8388400
2020-06-18,59.3500,59.9900,59.2700,59.9300,50.7661,6022600
2020-06-19,60.4800,60.6700,59.5300,59.6200,50.5035,10777200
2020-06-22,59.1000,59.2200,58.7800,58.9900,50.3592,9039600
2020-06-23,59.3800,59.5900,58.8400,58.9000,50.2824,7951000
2020-06-24,58.6000,58.6000,57.7000,57.9100,49.4372,14343200
2020-06-25,57.8800,58.3900,57.5200,58.3200,49.7873,12128900
2020-06-26,58.3000,58.4600,57.0800,57.1300,48.7714,14476500
2020-06-29,57.5000,58.3200,57.4500,58.2100,49.6934,9654200
2020-06-30,58.2200,58.8600,58.1300,58.6400,50.0604,7379800
2020-07-01,58.7500,59.0600,58.6600,58.6900,50.1031,7261600
2020-07-02,59.1800,59.5700,58.8700,58.9900,50.3592,6857200
2020-07-06,59.4400,59.5800,58.9500,59.2800,50.6068,10091300
2020-07-07,58.9600,60.1500,58.9200,59.8200,51.0678,8161000
2020-07-08,59.9500,59.9900,59.4200,59.6700,50.9397,9328000
2020-07-09,59.5900,59.7500,58.8600,59.2000,50.5385,7672500
2020-07-10,59.2700,60.4100,59.2600,60.2900,51.4690,14142800
2020-07-13,60.5800,61.0000,59.9700,60.2000,51.3922,10906200
2020-07-14,60.0300,61.2300,59.9100,61.0800,52.1434,14270100
2020-07-15,61.3900,61.8600,60.9400,61.1300,52.1861,14952700
2020-07-16,61.1000,61.3800,60.9800,61.2600,52.2971,7770200
2020-07-17,61.5400,61.6900,61.3300,61.5900,52.5788,6321700
2020-07-20,61.4600,61.4900,60.7800,60.9700,52.0495,6818600
2020-07-21,61.4000,62.1600,61.3300,61.5000,52.5020,7847300
2020-07-22,61.6900,62.0800,61.0600,61.9900,52.9203,7022700
2020-07-23,62.2000,62.4600,62.0000,62.2100,53.1081,9468000
2020-07-24,62.3100,62.8300,61.8300,62.1300,53.0398,6809200
2020-07-27,62.0700,62.4500,61.9400,62.4400,53.3045,6801900
2020-07-28,62.4200,62.9800,62.3900,62.6700,53.5008,6699300
2020-07-29,62.6500,62.9600,62.4900,62.7600,53.5776,7486400
2020-07-30,62.6100,62.9800,62.3200,62.7600,53.5776,10901300
2020-07-31,62.5100,62.7100,61.9200,62.7000,53.5264,10277200
2020-08-03,62.7300,62.7600,62.2200,62.5300,53.3813,8614400
2020-08-04,62.4400,63.3300,62.3300,63.3100,54.0472,7417400
2020-08-05,63.4100,63.5400,63.0000,63.1800,53.9362,7143600
2020-08-06,63.0300,63.2900,62.9200,63.1700,53.9277,11983700
2020-08-07,63.0700,63.5700,63.0000,63.5100,54.2179,9175700
2020-08-10,63.5800,63.9700,63.4400,63.8400,54.4996,4345600
2020-08-11,64.1400,64.3000,63.2200,63.4000,54.1240,8633500
2020-08-12,63.6600,64.5000,63.6600,64.2200,54.8240,8021600
2020-08-13,64.0800,64.3600,63.9900,64.1700,54.7813,5857100
2020-08-14,64.1000,64.3700,63.9200,64.1600,54.7728,3776300
2020-08-17,64.3100,64.7300,64.1900,64.5200,55.0801,5172900
2020-08-18,64.6200,64.9600,64.3300,64.7800,55.3021,4927300
2020-08-19,64.6900,64.7800,64.1600,64.2700,54.8667,5871600
2020-08-20,63.9000,64.2200,63.7900,64.1400,54.7557,10178600
2020-08-21,64.0600,64.3900,63.8700,64.3000,54.8923,5713900
2020-08-24,64.4100,64.8500,64.2100,64.8500,55.3619,6978500
2020-08-25,65.0000,65.0500,64.4300,64.7100,55.2423,4517100
2020-08-26,64.5800,64.8800,64.2800,64.7900,55.3106,5375300
2020-08-27,64.9100,65.5000,64.9000,65.1900,55.6521,8711200
2020-08-28,65.5000,65.8100,64.8800,65.7700,56.1473,6868200
2020-08-31,65.5300,65.7700,65.3200,65.5800,55.9851,7661200
2020-09-01,65.5700,65.6800,65.1300,65.6500,56.0448,9723000
2020-09-02,65.9500,67.1100,65.8500,66.8400,57.0607,11174600
2020-09-03,67.0000,67.6100,65.2100,65.6900,56.0789,26304400
2020-09-04,65.8800,66.1500,64.7300,65.5400,55.9509,15604800
2020-09-08,65.3800,65.5100,63.8900,64.1600,54.7728,16316600
2020-09-09,64.5300,65.7200,64.4100,65.0900,55.5667,12848500
2020-09-10,65.0900,65.2700,64.1500,64.2900,54.8838,11060600
2020-09-11,64.4900,64.9600,64.1900,64.6500,55.1911,10212500
2020-09-14,64.9700,65.3700,64.7800,65.0700,55.5497,6397000
2020-09-15,65.2300,65.4600,64.8900,64.9800,55.4728,5672900
2020-09-16,65.2600,65.4300,64.6300,64.6900,55.2253,7270700
2020-09-17,64.1500,64.6200,63.8200,64.2800,54.8753,10108700
2020-09-18,64.3800,64.4700,63.2500,63.6900,54.3716,9988900
2020-09-21,62.8800,63.0700,62.1100,62.8300,53.9568,11326200
2020-09-22,62.8700,63.5100,62.8100,63.2000,54.2745,7148600
2020-09-23,63.4000,63.5600,62.1800,62.2500,53.4587,7015900
2020-09-24,62.2500,63.0400,61.8300,62.7100,53.8537,9141700
2020-09-25,62.3900,63.1100,62.2500,63.0400,54.1371,7432100
2020-09-28,63.5600,64.1100,63.5300,63.7500,54.7469,6077600
2020-09-29,63.7800,63.9300,63.2100,63.3300,54.3862,8150400
2020-09-30,63.5900,64.5000,63.5600,64.1000,55.0474,8284100
2020-10-01,64.4700,64.6100,63.9100,64.4600,55.3566,9262900
2020-10-02,63.8200,64.3900,63.6100,64.1000,55.0474,7463000
2020-10-05,64.2500,64.6100,64.1500,64.5300,55.4167,4501200
2020-10-06,64.6800,64.9300,63.9200,64.1100,55.0560,6552800
2020-10-07,64.4800,65.0700,64.3500,64.8000,55.6486,8073100
2020-10-08,65.0900,65.2900,64.8200,65.2300,56.0178,6659000
2020-10-09,65.4900,66.0300,65.4100,65.7400,56.4558,7894700
2020-10-12,66.0200,66.8500,65.9800,66.5000,57.1085,8685600
2020-10-13,66.3000,66.6500,66.1400,66.4500,57.0655,7505700
2020-10-14,66.4400,66.7100,65.8400,66.1100,56.7736,6566200
2020-10-15,65.6300,66.3300,65.5700,66.1500,56.8079,6650000
2020-10-16,66.3500,66.7100,66.1500,66.1700,56.8251,6701200
2020-10-19,66.1700,66.4500,65.1300,65.3100,56.0865,7733900
2020-10-20,65.9500,66.0800,65.1100,65.2400,56.0264,7660200
2020-10-21,65.1700,65.6700,65.1400,65.3000,56.0780,7013900
2020-10-22,65.3100,65.4900,64.9600,65.2700,56.0522,7779700
2020-10-23,65.5000,65.6500,65.1900,65.3900,56.1552,5094100
2020-10-26,64.8900,65.0200,63.9800,64.5500,55.4339,9352300
2020-10-27,64.5900,64.9400,64.3500,64.3800,55.2879,5331400
2020-10-28,63.4600,63.7900,62.4300,62.5000,53.6734,10980600
2020-10-29,62.3400,63.1000,61.7200,62.4800,53.6562,8942700
2020-10-30,62.2400,62.5400,61.4900,62.2600,53.4673,10093200
2020-11-02,63.1500,63.5400,62.7600,63.2500,54.3175,10935100
2020-11-03,63.8900,64.8800,63.8100,64.2900,55.2106,20578800
2020-11-04,64.6500,65.4100,64.2400,64.3200,55.2364,25605800
2020-11-05,65.0700,65.4000,64.6100,64.7900,55.6400,13919500
2020-11-06,64.8900,65.4200,64.8100,65.0900,55.8976,12703600
2020-11-09,66.6400,67.2800,64.8500,64.9400,55.7688,15142600
2020-11-10,64.9300,66.4000,64.8800,66.2200,56.8680,15134300
2020-11-11,66.6000,67.0800,66.1500,66.7900,57.3575,10382100
2020-11-12,66.6100,66.7900,66.0500,66.6100,57.2030,8945500
2020-11-13,66.8600,67.6200,66.6600,67.5300,57.9930,6167300
2020-11-16,68.1500,68.1800,67.6300,68.1500,58.5255,12955900
2020-11-17,67.6400,68.0700,67.4700,67.6700,58.1133,8147900
2020-11-18,67.7700,68.0100,66.7300,66.7400,57.3146,7607700
2020-11-19,66.5600,67.0200,66.4000,66.9200,57.4692,8830200
2020-11-20,66.8200,67.1100,66.4400,66.5000,57.1085,4663400
2020-11-23,66.6200,66.7200,66.1100,66.5200,57.1256,5825300
2020-11-24,66.9200,67.2000,66.7700,66.9700,57.5121,6064900
2020-11-25,66.9400,67.2000,66.8400,66.9300,57.4778,5245400
2020-11-27,67.1000,67.1000,66.7200,66.9200,57.4692,3228600
2020-11-30,66.7500,66.9800,66.2300,66.9100,57.4606,11581900
2020-12-01,67.2100,67.5700,67.0800,67.5000,57.9673,12126200
2020-12-02,67.2700,67.5900,66.7200,66.9400,57.4864,11392100
2020-12-03,66.7700,67.2300,66.7600,67.1100,57.6323,10951400
2020-12-04,67.1700,67.6400,67.0900,67.6300,58.0789,11055800
2020-12-07,67.5000,67.6100,67.0500,67.3700,57.8556,9466300
2020-12-08,67.1300,67.8800,66.9900,67.7400,58.1734,7090900
2020-12-09,67.8400,67.8700,67.2900,67.4700,57.9415,10420100
2020-12-10,67.4500,67.6200,67.0000,67.1700,57.6838,5723400
2020-12-11,66.9100,67.5100,66.8900,67.3200,57.8127,5000800
2020-12-14,67.6500,67.9100,67.0400,67.0600,57.5894,6663200
2020-12-15,67.3500,67.5500,67.1400,67.2200,57.7268,6121300
2020-12-16,67.2700,67.6700,67.1100,67.3500,57.8384,10505500
2020-12-17,67.5900,67.8600,67.5700,67.7800,58.2077,4673300
2020-12-18,67.8800,68.0800,67.4100,67.9300,58.3365,6980500
2020-12-21,66.6200,66.7700,65.9400,66.6400,57.7079,8255600
2020-12-22,66.6100,66.6100,66.0600,66.1700,57.3008,9107900
2020-12-23,66.3700,66.6500,66.2400,66.3900,57.4914,4302600
2020-12-24,66.4400,66.7600,66.2800,66.7200,57.7771,1954900
2020-12-28,66.9700,67.4500,66.9000,67.2500,58.2361,6315400
2020-12-29,67.4200,67.6100,66.8800,67.0500,58.0629,4993600
2020-12-30,67.1300,67.2100,66.9000,66.9800,58.0023,7359900
2020-12-31,67.0500,67.5500,66.7200,67.4500,58.4093,6062200
2021-01-04,67.4200,67.4400,65.9200,66.7200,57.7771,12992600
2021-01-05,66.6200,66.8600,66.1000,66.7200,57.7771,10871900
2021-01-06,66.5900,67.1000,66.4800,66.7700,57.8204,14206600
2021-01-07,66.8200,66.9800,66.3000,66.5700,57.6472,13963500
2021-01-08,66.6200,66.9600,66.2500,66.9000,57.9330,17960800
2021-01-11,66.5300,66.9700,66.2200,66.3300,57.4394,9648700
2021-01-12,66.3300,66.4800,65.8300,66.1100,57.2489,11089500
2021-01-13,66.0400,66.4600,66.0100,66.2100,57.3355,8337500
2021-01-14,66.2700,66.3000,65.7800,65.8600,57.0324,11549000
2021-01-15,65.6200,65.9200,65.3600,65.6300,56.8332,13260300
2021-01-19,65.8500,65.9800,65.2900,65.3400,56.5821,8130800
2021-01-20,65.3200,65.6200,64.8800,65.4600,56.6860,10700600
2021-01-21,65.3600,65.4100,65.1300,65.2400,56.4955,8461200
2021-01-22,65.1900,65.4700,64.9200,65.0700,56.3483,8329300
2021-01-25,64.8700,65.9400,64.8400,65.7200,56.9112,17486100
2021-01-26,65.8000,66.4400,65.5000,66.3100,57.4221,9304200
2021-01-27,65.9400,66.8300,65.0300,65.1900,56.4522,17826800
2021-01-28,65.3200,66.1700,65.1300,65.4400,56.6687,19925900
2021-01-29,65.1900,65.2100,64.0600,64.0900,55.4996,19374700
2021-02-01,64.3600,64.5000,63.9400,64.1500,55.5516,13283300
2021-02-02,64.4000,65.1000,64.2100,64.5800,55.9240,13278400
2021-02-03,64.4300,64.8300,64.2500,64.6800,56.0106,9542000
2021-02-04,64.7400,65.1700,64.6000,65.1500,56.4176,7292400
2021-02-05,65.5500,65.9600,65.5200,65.7600,56.9458,8889300
2021-02-08,65.9700,66.1600,65.5800,66.0100,57.1623,9412200
2021-02-09,66.0200,66.1900,65.7700,65.9500,57.1103,12345400
2021-02-10,66.2600,66.4100,65.7300,65.8800,57.0497,6957200
2021-02-11,65.9500,65.9700,65.4900,65.5900,56.7986,7478500
2021-02-12,65.5300,65.7700,65.3600,65.6900,56.8852,7131800
2021-02-16,65.8100,65.8600,65.3400,65.5700,56.7813,9246600
2021-02-17,65.3200,65.9400,65.2400,65.8100,56.9891,8871000
2021-02-18,65.2200,65.9400,65.1700,65.7700,56.9544,7464900
2021-02-19,65.8200,65.8300,64.8800,64.9400,56.2357,10246100
2021-02-22,64.7700,65.1700,64.6400,65.0000,56.2877,8649600
2021-02-23,65.2100,65.6400,64.8600,65.0900,56.3656,12743400
2021-02-24,64.9200,65.2600,64.7300,65.0500,56.3310,9103700
2021-02-25,64.9500,65.3200,64.2000,64.3400,55.7161,17558500
2021-02-26,64.4700,64.4700,63.2800,63.3000,54.8155,17718400
2021-03-01,63.7500,64.4600,63.7300,63.9400,55.3697,11263900
2021-03-02,63.8700,64.3200,63.8000,63.8300,55.2745,12942700
2021-03-03,63.6600,64.0300,63.4900,63.5300,55.0147,13450900
2021-03-04,63.6600,64.4300,62.9900,63.3000,54.8155,25968700
2021-03-05,63.5700,64.8900,63.3300,64.7000,56.0279,21719300
2021-03-08,64.7200,65.6700,64.6100,64.9800,56.2704,18947000
2021-03-09,65.2000,65.5100,64.8700,64.9200,56.2184,17259600
2021-03-10,64.9700,66.0600,64.7600,65.7700,56.9544,15827600
2021-03-11,65.8400,66.0400,65.5400,65.6100,56.8159,12386500
2021-03-12,65.8500,66.2400,65.8000,66.1500,57.2835,10518200
2021-03-15,66.3900,66.5000,66.0400,66.4400,57.5346,8383700
2021-03-16,66.3600,66.7300,66.3600,66.5200,57.6039,13550200
2021-03-17,66.5500,66.8200,66.1900,66.4200,57.5173,12254200
2021-03-18,66.2500,66.5200,65.8300,66.1500,57.2835,14497600
2021-03-19,66.2200,66.5600,66.0600,66.3800,57.4827,20807100
2021-03-22,65.9100,66.7600,65.8600,66.7200,58.0895,14499400
2021-03-23,66.7100,67.3100,66.5300,67.0000,58.3333,13216300
2021-03-24,66.8400,67.1700,66.5800,66.7400,58.1069,15831000
2021-03-25,66.8300,67.4700,66.5000,67.3900,58.6729,14764000
2021-03-26,67.4700,68.6200,67.2800,68.5800,59.7089,15098600
2021-03-29,68.3800,69.3300,68.3500,69.2700,60.3097,11857300
2021-03-30,69.1400,69.2100,68.4000,68.5300,59.6654,14042700
2021-03-31,68.5000,68.7800,68.1600,68.3100,59.4739,18241100
2021-04-01,68.0400,68.3300,67.5300,67.9800,59.1866,21191800
2021-04-05,68.2700,69.2200,68.1500,68.8500,59.9440,20093000
2021-04-06,68.7300,69.4000,68.6800,69.1400,60.1965,19302100
2021-04-07,69.2600,69.3500,68.8800,68.9700,60.0485,20763900
2021-04-08,68.9400,69.1800,68.8600,69.0400,60.1094,10244700
2021-04-09,69.0500,69.2100,68.5000,68.9200,60.0049,7020400
2021-04-12,69.0100,69.3000,68.9200,69.2900,60.3271,10117800
2021-04-13,68.9900,69.1800,68.8300,68.9200,60.0049,11982600
2021-04-14,68.8800,68.9600,68.5700,68.8600,59.9527,12087500
2021-04-15,69.0200,69.5200,69.0200,69.4100,60.4316,7714900
2021-04-16,69.7000,69.9500,69.4300,69.8100,60.7798,7810000
2021-04-19,69.8200,69.9600,69.3200,69.5400,60.5447,10867400
2021-04-20,69.0500,70.1400,68.9500,69.9200,60.8756,13168800
2021-04-21,70.0000,70.4700,70.0000,70.2700,61.1803,10794900
2021-04-22,70.1500,70.1900,69.6000,69.7500,60.7276,10762900
2021-04-23,69.6100,69.7900,69.2900,69.5700,60.5709,9133800
2021-04-26,69.5300,69.5300,68.6900,68.7900,59.8918,8750100
2021-04-27,68.7500,68.8900,68.4400,68.7400,59.8482,10078900
2021-04-28,69.0200,69.1800,68.7100,68.7900,59.8918,7925300
2021-04-29,68.7600,69.6300,68.7600,69.5200,60.5273,9202600
2021-04-30,69.5200,69.6100,69.2400,69.5800,60.5796,10784800
2021-05-03,69.7300,70.4100,69.6600,70.1500,61.0758,12671500
2021-05-04,70.0000,70.2700,69.5700,69.7900,60.7624,11147300
2021-05-05,69.7700,69.8700,69.5000,69.7400,60.7189,8726200
2021-05-06,69.8700,70.6600,69.8700,70.6400,61.5025,10192000
2021-05-07,70.5300,70.8600,70.3600,70.6400,61.5025,9841800
2021-05-10,70.9400,71.6400,70.8800,71.1800,61.9726,10558400
2021-05-11,71.2100,71.3600,70.2400,70.5600,61.4328,14385700
2021-05-12,70.4000,70.4800,69.6100,69.6200,60.6144,13223100
2021-05-13,69.6100,70.9200,69.5300,70.6000,61.4677,18490900
2021-05-14,70.8700,71.3300,70.8300,70.9100,61.7375,9672600
2021-05-17,70.9500,71.2600,70.6600,70.8100,61.6505,10705800
2021-05-18,70.8900,71.1700,70.5500,70.5900,61.4589,11168900
2021-05-19,70.2500,70.4600,69.8600,70.3600,61.2587,13709500
2021-05-20,70.3700,71.2600,70.3300,71.0100,61.8246,11336300
2021-05-21,71.1900,71.4800,70.8900,71.0200,61.8333,7779600
2021-05-24,71.1100,71.4800,70.9700,71.2300,62.0161,6535900
2021-05-25,71.2800,71.3100,70.8200,71.2500,62.0336,8271800
2021-05-26,71.2900,71.3600,70.9700,71.1000,61.9030,10622500
2021-05-27,71.2200,71.4500,70.5900,70.6600,61.5199,12693900
2021-05-28,70.7700,71.1100,70.7600,70.8100,61.6505,8476400
2021-06-01,71.0800,71.2600,70.3300,70.5700,61.4415,8893800
2021-06-02,70.6700,70.9600,70.5000,70.8300,61.6679,6411300
2021-06-03,70.6200,71.3300,70.6200,71.2700,62.0510,9410000
2021-06-04,71.4800,71.6900,71.2900,71.5200,62.2686,6078200
2021-06-07,71.5300,71.6200,71.0800,71.4000,62.1642,7306900
2021-06-08,71.4200,71.5100,70.7900,70.8000,61.6418,8545200
2021-06-09,70.6700,71.0200,70.4400,70.4600,61.3457,8273800
2021-06-10,70.5900,71.0800,70.5600,70.9000,61.7288,8213000
2021-06-11,71.0400,71.0700,70.6000,70.9400,61.7637,6232300
2021-06-14,70.8800,70.9200,70.4700,70.9000,61.7288,10449400
2021-06-15,70.9600,71.1200,70.6600,70.7300,61.5808,5151600
2021-06-16,70.7500,70.8300,69.7700,69.7900,60.7624,10507100
2021-06-17,69.8000,70.1900,69.6100,70.0400,60.9801,9239700
2021-06-18,69.5600,69.6500,68.7800,68.8000,59.9005,16882500
2021-06-21,68.7600,69.2100,68.7200,69.1400,60.5875,14278400
2021-06-22,69.1500,69.5300,69.0400,69.2400,60.6751,8351000
2021-06-23,69.1800,69.1900,68.8100,68.8100,60.2983,7072900
2021-06-24,68.8300,69.2300,68.7700,69.1500,60.5963,6343700
2021-06-25,69.1900,69.7600,69.0700,69.6800,61.0607,9241300
2021-06-28,69.7300,69.9300,69.5800,69.7400,61.1133,7570600
2021-06-29,69.7800,69.9000,69.3200,69.4300,60.8416,13155400
2021-06-30,69.5800,70.0600,69.5500,69.9700,61.3148,8815100
2021-07-01,70.0000,70.1700,69.6500,69.7600,61.1308,11633100
2021-07-02,69.9200,70.1400,69.8300,69.9300,61.2798,20733300
2021-07-06,69.7700,69.8000,69.3100,69.6400,61.0257,7595700
2021-07-07,69.6200,70.2800,69.6100,70.0100,61.3499,7880500
2021-07-08,69.6800,70.0600,69.4800,69.7500,61.1221,9212900
2021-07-09,70.0200,70.2800,69.8800,70.1500,61.4726,6286900
2021-07-12,70.0300,70.1400,69.7700,70.0400,61.3762,7384200
2021-07-13,70.0200,70.4500,69.8800,70.0200,61.3587,12057600
2021-07-14,70.1100,70.7400,70.0100,70.6400,61.9020,7616100
2021-07-15,70.5300,70.9400,70.3300,70.9300,62.1561,8662500
2021-07-16,71.0500,71.3100,70.9500,71.0400,62.2525,8634300
2021-07-19,70.8000,71.2700,70.2000,70.8300,62.0685,20734400
2021-07-20,70.8200,71.5400,70.6600,70.8500,62.0860,20404900
2021-07-21,71.1800,71.2400,70.6500,70.6700,61.9282,9366300
2021-07-22,70.4900,70.7400,70.1000,70.5500,61.8231,9632100
2021-07-23,70.5700,71.4900,70.4700,71.4000,62.5679,9732400
2021-07-26,71.2900,71.6300,71.1100,71.5200,62.6731,5952200
2021-07-27,71.5000,71.9800,71.2700,71.6700,62.8045,14720700
2021-07-28,71.5000,71.5900,70.8900,71.0400,62.2525,9114100
2021-07-29,71.3000,71.5900,71.2300,71.3900,62.5592,8811100
2021-07-30,71.5000,71.8800,71.4000,71.5100,62.6643,10403700
2021-08-02,71.5100,71.5800,71.1300,71.2100,62.4015,12049800
2021-08-03,71.2300,71.6600,71.0600,71.5300,62.6819,8647700
2021-08-04,71.2800,71.4600,70.5500,70.6000,61.8669,8886500
2021-08-05,70.9700,71.0900,70.7700,70.9400,62.1648,7063000
2021-08-06,71.1000,71.2300,70.8100,70.9400,62.1648,13492100
2021-08-09,71.1700,71.3200,71.0100,71.2000,62.3927,9054900
2021-08-10,71.3400,71.7400,71.2200,71.7100,62.8396,11291700
2021-08-11,71.8900,72.2400,71.8300,71.9500,63.0499,14992700
2021-08-12,71.9900,72.0400,71.7800,71.9100,63.0149,6432100
2021-08-13,72.0000,72.5800,71.8900,72.5100,63.5406,8808500
2021-08-16,72.5100,72.9500,72.3800,72.9300,63.9087,7903100
2021-08-17,72.8000,73.2500,72.6300,72.9700,63.9437,15666000
2021-08-18,72.8300,72.9400,72.0100,72.0600,63.1463,10669200
2021-08-19,71.7400,72.7900,71.7000,72.6400,63.6546,13035600
2021-08-20,72.6300,73.0500,72.3600,72.7600,63.7597,10454500
2021-08-23,72.7700,72.9000,72.5000,72.5300,63.5582,8794500
2021-08-24,72.4900,72.5100,71.8800,71.9800,63.0762,8494200
2021-08-25,71.9300,72.0300,71.6100,71.8600,62.9710,8007400
2021-08-26,71.7600,71.8100,71.2900,71.5300,62.6819,13078000
2021-08-27,71.6000,71.9100,71.3600,71.7800,62.9009,9126200
2021-08-30,71.8000,72.1700,71.7300,72.1000,63.1814,5645800
2021-08-31,72.1600,72.3400,71.9800,72.2600,63.3215,8037000
2021-09-01,72.3200,72.7100,72.1900,72.6400,63.6546,8399100
2021-09-02,72.7900,73.0400,72.6600,72.9200,63.8999,6623300
2021-09-03,72.7000,72.9400,72.4900,72.8300,63.8211,6010700
2021-09-07,72.7100,72.7100,71.9400,71.9900,63.0850,9206300
2021-09-08,71.9000,72.6900,71.8600,72.6100,63.6283,10662900
2021-09-09,72.5400,72.5600,72.1200,72.1900,63.2602,7741500
2021-09-10,72.3300,72.3600,71.7400,71.8800,62.9886,10269900
2021-09-13,72.1600,72.6800,71.8900,72.0600,63.1463,13798000
2021-09-14,72.2400,72.2900,71.6100,71.7300,62.8571,9145500
2021-09-15,71.7300,72.1100,71.5600,71.9900,63.0850,8824700
2021-09-16,71.9000,72.1200,71.1500,71.7500,62.8746,9789900
2021-09-17,71.5600,71.8200,71.3500,71.3600,62.5329,13150000
2021-09-20,70.4300,70.8400,69.6700,70.2100,61.9086,17880700
2021-09-21,70.4100,70.9700,70.0000,70.1300,61.8381,11140400
2021-09-22,70.5900,70.7700,70.1900,70.3300,62.0144,10025900
2021-09-23,70.4300,70.9100,70.3600,70.5900,62.2437,8440500
2021-09-24,70.4900,70.9300,70.4900,70.6200,62.2701,6717300
2021-09-27,70.5100,70.8400,70.2400,70.3000,61.9880,8467100
2021-09-28,70.1100,70.1900,69.2200,69.4700,61.2561,14982900
2021-09-29,69.6100,70.4600,69.4600,70.1000,61.8116,13329500
2021-09-30,70.2700,70.3300,68.8100,68.8400,60.7006,16259900
2021-10-01,69.0500,69.3500,68.3700,69.0200,60.8593,15889200
2021-10-04,69.0000,69.4900,68.3200,68.8000,60.6653,20351600
2021-10-05,68.9700,69.4600,68.8200,69.1500,60.9739,16186100
2021-10-06,68.7900,69.8900,68.7100,69.8200,61.5647,14909900
2021-10-07,70.1700,70.7500,70.0800,70.1300,61.8381,8396800
2021-10-08,70.1800,70.3400,69.9200,70.0500,61.7675,7285700
2021-10-11,70.1600,70.4100,69.9700,70.0300,61.7499,8218300
2021-10-12,70.0900,70.6000,69.9100,70.0600,61.7763,12401200
2021-10-13,70.1300,70.3800,69.5800,70.1900,61.8910,9548300
2021-10-14,70.4500,71.0900,70.4000,70.9800,62.5876,9975100
2021-10-15,71.2200,71.2500,70.6100,70.8100,62.4377,11575200
2021-10-18,70.5000,70.7200,70.0200,70.3900,62.0673,10043300
2021-10-19,70.2700,70.4300,69.9300,70.4200,62.0938,10203100
2021-10-20,70.4900,71.0700,70.4300,70.8300,62.4553,8829700
2021-10-21,70.9300,70.9900,70.6600,70.7400,62.3759,7976400
2021-10-22,70.8800,71.4000,70.8200,71.2900,62.8609,9575700
2021-10-25,71.2400,71.4000,70.7400,71.2400,62.8168,6844600
2021-10-26,71.2500,71.6700,71.2000,71.4900,63.0373,8805500
2021-10-27,71.8600,71.9100,71.0400,71.0700,62.6669,10334900
2021-10-28,71.0900,71.3500,70.9700,71.3200,62.8873,8614800
2021-10-29,71.1400,71.5300,71.0700,71.2500,62.8256,8105300
2021-11-01,71.4000,71.5200,71.1100,71.3600,62.9226,7033700
2021-11-02,71.4000,72.0000,71.1900,71.8400,63.3459,9942700
2021-11-03,71.8500,72.5100,71.8000,72.5100,63.9366,10471100
2021-11-04,72.2500,72.6400,72.0600,72.5800,63.9984,11701700
2021-11-05,72.8600,73.1200,72.7200,73.0000,64.3687,9929100
2021-11-08,73.0300,73.0800,72.0800,72.4200,63.8573,12813600
2021-11-09,72.4400,72.7400,72.2000,72.6700,64.0777,13527600
2021-11-10,72.7400,73.0800,72.6100,72.8900,64.2717,11350400
2021-11-11,72.9400,72.9800,72.6700,72.8400,64.2276,6319100
2021-11-12,72.9900,73.1800,72.7200,72.8400,64.2276,7469800
2021-11-15,72.9700,73.2700,72.8300,73.1900,64.5363,6381300
2021-11-16,73.1400,73.3800,72.7000,72.7300,64.1307,6562200
2021-11-17,72.6600,72.8000,72.4400,72.5700,63.9896,10444900
2021-11-18,72.3800,72.4800,71.9600,72.3100,63.7603,11269500
2021-11-19,72.4700,72.4900,72.0100,72.0500,63.5310,11924000
2021-11-22,72.1400,73.1200,72.0600,72.6200,64.0337,13425400
2021-11-23,72.6300,73.2200,72.5100,73.1000,64.4569,13405700
2021-11-24,73.0000,73.1100,72.5500,72.8800,64.2629,9556400
2021-11-26,72.3900,72.7200,71.7000,71.9600,63.4517,11715600
2021-11-29,72.0400,72.4200,71.6800,72.1400,63.6104,13646600
2021-11-30,71.6900,71.7500,70.1400,70.2900,61.9792,23715100
2021-12-01,70.7700,71.3600,69.9200,69.9500,61.6793,22897400
2021-12-02,70.1900,71.1400,70.1900,70.6900,62.3319,18704000
2021-12-03,71.0800,71.6800,70.8700,71.5700,63.1078,22867600
2021-12-06,72.0800,73.1000,72.0700,72.8300,64.2188,18524400
2021-12-07,72.9500,73.3500,72.8100,72.9900,64.3599,13169300
2021-12-08,72.8700,73.1900,72.1400,72.7600,64.1571,14489800
2021-12-09,72.7500,73.2200,72.4400,72.9600,64.3335,8613900
2021-12-10,73.3900,74.2400,73.2600,74.1900,65.4180,10890000
2021-12-13,74.1700,75.3900,74.0600,75.1600,66.2733,16518100
2021-12-14,75.0100,75.3300,74.7200,75.2100,66.3174,16048300
2021-12-15,75.2200,76.0600,75.1900,75.9700,66.9876,21277000
2021-12-16,75.9100,76.7800,75.9000,76.5100,67.4637,14499000
2021-12-17,76.2400,76.6200,75.1600,75.2000,66.3086,23809700
2021-12-20,74.1200,74.7500,74.0300,74.7100,66.3281,14116700
2021-12-21,74.7100,74.7600,74.1700,74.6100,66.2393,11872100
2021-12-22,74.5800,75.1100,74.2900,75.0800,66.6566,7650200
2021-12-23,75.2600,75.5100,75.1400,75.2500,66.8075,8089000
2021-12-27,75.3000,76.0500,75.3000,76.0500,67.5178,7343200
2021-12-28,75.9600,76.5600,75.9600,76.4800,67.8996,7285200
2021-12-29,76.5600,77.0200,76.4300,76.8300,68.2103,7891600
2021-12-30,77.0200,77.1000,76.5400,76.5900,67.9972,6802800
2021-12-31,76.5400,77.2300,76.5000,77.1100,68.4589,11289000
2022-01-03,76.6600,77.1400,76.0200,77.1000,68.4500,22320300
2022-01-04,77.0800,77.8600,77.0500,77.6200,68.9117,23066000
2022-01-05,77.5200,78.1800,77.4900,77.5500,68.8495,29748500
2022-01-06,77.5000,77.9800,77.2300,77.3400,68.6631,25023900
2022-01-07,77.2200,77.7200,77.0100,77.4200,68.7341,12650300
2022-01-10,77.3000,77.4600,76.5600,76.8100,68.1925,18578300
2022-01-11,76.7300,76.7900,75.8800,76.7200,68.1126,19571600
2022-01-12,76.6700,76.8100,76.3900,76.7500,68.1393,11155200
2022-01-13,76.8300,77.0500,76.5800,76.8900,68.2635,14287300
2022-01-14,76.7000,77.1300,76.3500,77.0300,68.3878,21391700
2022-01-18,76.4600,76.4800,75.6800,75.9200,67.4024,16683800
2022-01-19,76.0600,76.9300,76.0400,76.4000,67.8285,18518500
2022-01-20,76.3300,76.9800,75.8300,75.9000,67.3846,15677800
2022-01-21,76.2800,76.9300,75.8400,75.9600,67.4379,25270600
2022-01-24,75.6600,76.1600,74.1100,75.7100,67.2159,35518900
2022-01-25,75.0500,75.3100,73.9700,74.8700,66.4702,28638500
2022-01-26,74.6400,75.3100,73.8600,74.3000,65.9641,33222000
2022-01-27,74.8900,75.9800,74.5100,74.8000,66.4081,23816500
2022-01-28,74.4100,75.7200,73.7600,75.6800,67.1893,25111500
2022-01-31,75.2200,76.0400,75.0500,75.9700,67.4468,15453000
2022-02-01,75.9700,76.1400,75.1200,75.9000,67.3846,15620900
2022-02-02,75.9800,76.9300,75.9100,76.8100,68.1925,13630400
2022-02-03,76.4600,77.2100,76.3500,76.8300,68.2103,14414700
2022-02-04,76.3100,76.6700,75.4600,75.8900,67.3758,17939500
2022-02-07,76.1900,76.4000,75.5900,76.0300,67.5001,10949400
2022-02-08,76.2100,76.5300,75.9100,76.3200,67.7575,11472900
2022-02-09,76.6900,76.8600,76.2100,76.3400,67.7753,14899300
2022-02-10,75.9200,76.2700,75.2500,75.5200,67.0472,19828500
2022-02-11,75.7400,76.0200,75.0300,75.2500,66.8075,18498300
2022-02-14,75.2500,75.5300,74.0400,75.0400,66.6211,23550800
2022-02-15,75.4900,75.9700,74.8200,75.1700,66.7365,12300400
2022-02-16,75.1300,75.5800,74.5800,75.3100,66.8608,13507700
2022-02-17,75.1200,76.1000,74.9000,75.8900,67.3758,12873300
2022-02-18,75.8300,76.3200,75.5800,76.0300,67.5001,16470100
2022-02-22,76.0900,76.1500,74.9600,75.4400,66.9762,21545800
2022-02-23,75.6900,75.7300,74.7300,74.8300,66.4347,15134300
2022-02-24,73.8400,74.0000,72.1900,73.5400,65.2894,30125500
2022-02-25,73.9700,76.0200,73.9400,75.9100,67.3935,21141600
2022-02-28,74.7800,75.2100,74.0900,74.9000,66.4968,20975100
2022-03-01,74.7000,75.3100,74.0600,74.4600,66.1062,18750300
2022-03-02,74.4800,75.5900,74.3800,75.2500,66.8075,18935000
2022-03-03,75.5800,76.3100,75.5200,75.8600,67.3491,19576500
2022-03-04,75.0000,76.0300,74.7100,75.8700,67.3580,22078900
2022-03-07,75.4600,75.7900,74.4000,74.4900,66.1328,20057300
2022-03-08,74.5700,74.7600,72.4300,72.4800,64.3483,29710400
2022-03-09,73.6100,73.6300,72.6600,72.9700,64.7833,18254000
2022-03-10,72.4500,72.7300,71.6000,72.2800,64.1708,21892400
2022-03-11,72.5400,72.9400,71.3400,71.4400,63.4250,14276500
2022-03-14,71.8900,72.5400,71.4300,71.8200,63.7623,18438900
2022-03-15,72.4700,73.5200,72.3000,73.4300,65.1917,17078100
2022-03-16,73.6100,73.8900,72.4600,73.5100,65.2628,18783200
2022-03-17,73.4600,74.1500,73.2900,74.0200,65.7156,14484600
2022-03-18,74.0900,74.2600,73.5300,74.1900,65.8665,20278600
2022-03-21,74.0400,74.6100,73.5400,73.9500,65.9512,17659100
2022-03-22,74.5000,74.6500,73.8700,74.5000,66.4417,11667300
2022-03-23,74.5900,74.7800,73.8300,73.9000,65.9066,14027800
2022-03-24,74.2000,74.4500,73.9500,74.4200,66.3704,9458800
2022-03-25,74.6000,75.1900,74.5300,75.0400,66.9233,12508400
2022-03-28,75.0700,75.3500,74.6300,75.3500,67.1998,11602600
2022-03-29,75.9400,76.1600,75.3400,76.0200,67.7973,16595100
2022-03-30,75.7200,76.0800,75.4000,76.0700,67.8419,13367500
2022-03-31,75.9800,76.3500,75.7600,75.8900,67.6813,12388500
2022-04-01,76.0300,76.7400,75.7400,76.6500,68.3592,12644000
2022-04-04,76.5200,76.5200,75.5400,76.4100,68.1451,9618400
2022-04-05,76.0600,77.2700,76.0600,76.4800,68.2076,12717200
2022-04-06,76.4800,77.5500,76.1500,77.4500,69.0726,23849600
2022-04-07,77.7100,78.5600,77.4900,78.3900,69.9109,18311500
2022-04-08,78.6000,78.9600,78.2500,78.7200,70.2053,13879400
2022-04-11,78.8600,79.1200,78.2500,78.4000,69.9199,18229900
2022-04-12,78.4100,78.9600,78.1400,78.4200,69.9377,19804800
2022-04-13,78.3600,78.9700,78.3500,78.8600,70.3301,11715500
2022-04-14,78.9900,79.3900,78.7900,78.8400,70.3123,12195600
2022-04-18,78.6600,78.9500,77.9700,78.1900,69.7326,11426700
2022-04-19,78.2200,79.4900,78.1500,79.3800,70.7939,12814100
2022-04-20,79.8200,80.7500,79.7700,80.5700,71.8551,21659600
2022-04-21,80.7300,81.3400,80.4400,80.5000,71.7927,18501800
2022-04-22,80.6900,80.7900,79.1700,79.2400,70.6690,19747900
2022-04-25,79.4900,79.8300,78.1800,79.5900,70.9811,30868200
2022-04-26,79.4700,79.8500,78.3400,78.3600,69.8842,26864500
2022-04-27,78.5300,79.4700,78.3200,78.6500,70.1428,29441700
2022-04-28,78.7600,79.9000,78.3500,79.8100,71.1773,22128500
2022-04-29,79.4100,79.5300,77.5400,77.6400,69.2421,27802900
2022-05-02,78.1800,78.2900,75.4900,76.6200,68.3324,55145100
2022-05-03,76.4900,77.1200,75.9000,76.4000,68.1362,47646900
2022-05-04,76.4300,78.2300,76.2000,78.1200,69.6701,37161600
2022-05-05,77.7000,77.8800,76.0700,76.6400,68.3502,32186100
2022-05-06,76.3600,77.1100,75.9700,76.7200,68.4216,34046900
2022-05-09,76.1300,77.3700,75.7700,76.6900,68.3948,33323800
2022-05-10,77.0800,77.3300,75.8500,76.1600,67.9222,32510900
2022-05-11,76.2500,77.1100,75.7700,75.8300,67.6278,30110100
2022-05-12,75.9800,76.3600,75.0000,75.8100,67.6100,29049700
2022-05-13,76.1900,77.0100,75.7300,76.9500,68.6267,15405300
2022-05-16,76.9000,77.6500,76.5700,77.3000,68.9388,14613700
2022-05-17,77.0300,77.2300,75.9900,76.7700,68.4662,20637000
2022-05-18,75.9300,75.9600,71.6000,71.8300,64.0605,40188900
2022-05-19,71.4300,71.4500,70.0800,70.5500,62.9190,38772000
2022-05-20,70.9500,70.9700,69.5800,70.7000,63.0527,26185000
2022-05-23,71.4800,72.4200,71.2700,72.1600,64.3548,17710900
2022-05-24,71.9900,73.4500,71.8700,73.3400,65.4072,23272400
2022-05-25,73.2000,73.5700,72.7400,73.3600,65.4250,16647300
2022-05-26,73.7000,74.5200,73.5800,74.1400,66.1207,16580500
2022-05-27,74.2500,75.0000,74.1200,75.0000,66.8876,16921300
2022-05-31,74.6000,74.9600,73.6900,74.4700,66.4150,19212200
2022-06-01,74.5700,74.6300,73.0100,73.5000,65.5499,17552000
2022-06-02,73.6700,74.5700,72.4600,74.5700,66.5041,17618500
2022-06-03,74.2600,74.5500,73.6300,73.8200,65.8353,9750300
2022-06-06,74.3300,74.5600,73.6000,73.8500,65.8620,10924200
2022-06-07,72.8900,74.3400,72.8900,74.2400,66.2098,9070200
2022-06-08,73.8200,73.9900,73.2800,73.3300,65.3983,7896600
2022-06-09,73.2600,73.9700,72.2100,72.2300,64.4173,9442200
2022-06-10,71.3400,72.4900,70.9700,71.9200,64.1408,17720500
2022-06-13,70.8500,71.3400,70.0800,70.3700,62.7584,22813000
2022-06-14,70.3500,70.6700,69.0400,69.5400,62.0182,19864600
2022-06-15,70.0300,70.5900,68.8300,69.6100,62.0806,20069400
2022-06-16,68.6600,69.6100,68.2200,69.0800,61.6080,19017100
2022-06-17,69.2000,69.5800,68.5200,68.8300,61.3850,24825300
2022-06-21,69.1300,70.3300,68.8000,70.1400,63.0230,16147200
2022-06-22,69.7900,70.5700,69.5200,70.0900,62.9781,15207200
2022-06-23,70.5700,71.5200,70.5000,71.4500,64.2001,16570700
2022-06-24,72.0800,72.8800,71.8200,72.8500,65.4580,13437000
2022-06-27,72.9200,73.0400,72.4400,72.6500,65.2783,10936500
2022-06-28,72.8600,73.3200,71.6200,71.6800,64.4067,11004000
2022-06-29,71.9600,72.4300,71.7900,72.1300,64.8111,9230600
2022-06-30,71.7600,72.5000,71.3300,72.1800,64.8560,12670700
2022-07-01,72.2000,73.2700,72.0800,73.2200,65.7905,11664100
2022-07-05,72.7300,72.9800,71.5800,72.7500,65.3682,12828700
2022-07-06,73.0200,73.4700,72.7300,72.9600,65.5569,11768100
2022-07-07,72.9000,73.1500,72.6000,73.0300,65.6198,8476300
2022-07-08,73.0600,73.4800,72.6700,72.9000,65.5030,10732500
2022-07-11,72.8100,73.3000,72.5500,72.8000,65.4131,7172500
2022-07-12,72.9000,73.5500,72.3300,72.5900,65.2244,11032200
2022-07-13,72.1700,73.2900,71.9900,72.6400,65.2694,13851600
2022-07-14,71.7100,72.8100,71.6900,72.7000,65.3233,10801700
2022-07-15,73.1800,73.4100,72.6500,72.9400,65.5389,9300100
2022-07-18,73.0700,73.1900,72.1000,72.2300,64.9010,8473600
2022-07-19,72.8300,73.1300,72.6300,72.9900,65.5838,8729100
2022-07-20,73.0700,73.1400,72.1200,72.5000,65.1436,10232000
2022-07-21,72.3600,72.8900,72.1500,72.7200,65.3412,11944800
2022-07-22,72.8800,73.4100,72.7700,73.2000,65.7725,9369800
2022-07-25,73.2900,73.7300,73.1400,73.5600,66.0960,8157500
2022-07-26,72.8900,73.5000,72.6500,73.3900,65.9432,9764200
2022-07-27,73.2500,74.1000,72.6900,73.8900,66.3925,10995600
2022-07-28,73.9400,75.2200,73.8100,75.0700,67.4528,9372000
2022-07-29,74.2100,74.6100,74.0100,74.4900,66.9316,13198900
2022-08-01,74.3900,75.6600,74.3600,75.4200,67.7673,13150400
2022-08-02,75.3700,75.5100,74.7100,74.8200,67.2282,10632700
2022-08-03,74.8400,75.4600,74.5300,75.3100,67.6684,12808400
2022-08-04,75.1400,75.3500,74.5100,74.8100,67.2191,11983600
2022-08-05,74.4400,74.6900,73.9400,74.6400,67.0664,7125700
2022-08-08,74.9300,75.1600,74.4200,74.6000,67.0305,6966100
2022-08-09,74.7100,74.8200,74.3500,74.4900,66.9316,8086200
2022-08-10,75.2000,75.2700,74.7800,75.0400,67.4258,11262300
2022-08-11,75.3600,75.6000,74.6900,74.8600,67.2641,8959500
2022-08-12,75.0900,75.5100,74.8000,75.5100,67.8481,11094400
2022-08-15,75.4700,76.3400,75.3500,76.2600,68.5220,10207200
2022-08-16,76.5400,77.4000,76.4800,77.1200,69.2948,12312600
2022-08-17,76.8000,77.2000,76.7100,76.9000,69.0971,9667600
2022-08-18,76.7800,77.2700,76.6900,77.1600,69.3307,5777700
2022-08-19,76.9200,77.2800,76.7700,76.9100,69.1061,6456500
2022-08-22,76.6800,76.7000,76.0000,76.1300,68.4052,7113700
2022-08-23,75.8500,75.9100,75.4700,75.8000,68.1087,10183400
2022-08-24,75.9300,76.1500,75.6700,75.9900,68.2794,8061900
2022-08-25,76.0200,76.3400,75.6600,76.3400,68.5939,6105000
2022-08-26,76.3800,76.4700,74.3600,74.4500,66.8957,11212500
2022-08-29,74.0100,74.7500,73.8200,74.3300,66.7879,13214300
2022-08-30,74.4700,74.4700,73.3700,73.5600,66.0960,10316700
2022-08-31,73.7900,73.9200,73.1100,73.1100,65.6917,10397800
2022-09-01,72.8600,73.6800,72.5800,73.5200,66.0601,15968200
2022-09-02,74.0800,74.3700,72.3300,72.5600,65.1975,15846700
2022-09-06,72.6000,73.1800,72.0500,72.1500,64.8291,21871800
2022-09-07,72.3800,73.5400,72.3200,73.4500,65.9972,19632300
2022-09-08,73.0900,73.5400,72.4000,73.2600,65.8264,14843900
2022-09-09,73.4500,74.4700,73.1800,73.9800,66.4734,18139000
2022-09-12,74.0400,74.5200,73.9400,74.2700,66.7339,8680000
2022-09-13,73.6500,73.7500,71.5900,71.7900,64.5056,12940800
2022-09-14,72.0100,72.1000,71.3400,71.7600,64.4786,12291500
2022-09-15,71.7200,71.7900,70.9700,71.1600,63.9395,11234700
2022-09-16,70.9100,71.4100,70.9000,71.3300,64.0923,13452600
2022-09-19,70.6000,71.3900,70.6000,71.3400,64.5182,9370400
2022-09-20,70.8700,71.1100,70.4000,70.9500,64.1655,9169900
2022-09-21,71.3800,72.0800,70.6400,70.6800,63.9214,14189700
2022-09-22,70.7400,71.0600,70.4500,70.5800,63.8309,10428400
2022-09-23,70.1900,70.1900,68.6600,69.3800,62.7457,15909500
2022-09-26,69.2300,70.0300,69.1000,69.4300,62.7909,11638000
2022-09-27,69.7700,70.1500,68.1000,68.2300,61.7056,17159300
2022-09-28,68.5400,69.3900,67.9400,69.0500,62.4472,14259200
2022-09-29,68.8900,69.0300,67.4900,67.9100,61.4162,13508200
2022-09-30,68.0800,68.1900,66.6800,66.7300,60.3491,13427400
2022-10-03,67.2100,68.0500,66.8400,67.8800,61.3891,12703300
2022-10-04,68.2900,69.2700,68.2800,68.9100,62.3206,13366400
2022-10-05,68.5500,68.8800,67.7900,68.5100,61.9589,10596100
2022-10-06,68.4900,68.6100,67.3600,67.5100,61.0545,10607000
2022-10-07,67.3800,67.4600,66.2400,66.5000,60.1411,13741600
2022-10-10,66.6200,67.0200,66.1800,66.7400,60.3581,11799000
2022-10-11,66.7800,67.9000,66.6700,67.2900,60.8555,10783400
2022-10-12,67.9500,68.4200,67.6400,67.6500,61.1811,10963200
2022-10-13,67.0000,69.0300,66.6900,68.7700,62.1940,18475600
2022-10-14,69.1800,69.2600,67.4200,67.5300,61.0726,11611200
2022-10-17,68.2400,68.6000,68.1000,68.2600,61.7328,9105200
2022-10-18,69.2800,69.6200,68.7400,69.1500,62.5376,11000700
2022-10-19,69.2500,69.6200,68.5500,68.8300,62.2482,8985300
2022-10-20,68.8600,69.0200,67.8100,67.8700,61.3801,10023200
2022-10-21,67.8300,69.0800,67.6100,68.9100,62.3206,9613300
2022-10-24,69.4000,70.2900,69.2500,70.1500,63.4420,11076000
2022-10-25,70.3100,71.1600,69.9100,71.0700,64.2741,10619600
2022-10-26,71.2300,72.0500,71.0100,71.5400,64.6991,9483700
2022-10-27,71.6100,72.0700,71.4900,71.6000,64.7534,9988200
2022-10-28,71.7300,73.3000,71.7000,73.1700,66.1732,9545400
2022-10-31,72.9600,73.1900,72.5500,72.7400,65.7844,9201000
2022-11-01,72.9200,73.2700,72.2500,72.5100,65.5764,9535200
2022-11-02,72.3600,73.0800,71.2100,71.2500,64.4368,16291600
2022-11-03,70.6500,71.3300,70.4900,71.0100,64.2198,10624500
2022-11-04,71.8600,72.2500,70.9100,71.8500,64.9795,11938600
2022-11-07,72.0000,72.6200,71.8600,72.4900,65.5583,7133600
2022-11-08,72.7100,73.1500,71.9500,72.7000,65.7482,9091700
2022-11-09,72.5200,72.9700,71.8500,71.9100,65.0337,9465200
2022-11-10,73.4500,73.7900,72.3800,73.6000,66.5621,19286100
2022-11-11,73.8000,73.8800,72.3700,73.5200,66.4898,14289300
2022-11-14,73.4500,74.1100,72.9000,72.9400,65.9652,14803000
2022-11-15,73.8600,74.1000,72.9500,73.5500,66.5169,15064200
2022-11-16,73.6500,74.2800,73.6100,73.9100,66.8425,9748600
2022-11-17,73.2600,73.9300,73.2600,73.8900,66.8244,7827000
2022-11-18,74.4900,74.7700,74.1800,74.6800,67.5389,9070800
2022-11-21,74.8200,75.5000,74.6700,75.3900,68.1810,8054900
2022-11-22,75.9500,76.0100,75.6600,75.9400,68.6784,6307100
2022-11-23,76.0000,76.3500,75.9000,76.2000,68.9135,6286400
2022-11-25,76.3000,76.3100,76.1000,76.2500,68.9587,2978000
2022-11-28,75.9700,76.3800,75.8500,75.9600,68.6964,8698300
2022-11-29,75.7600,75.9200,75.2800,75.6700,68.4342,7755100
2022-11-30,75.6200,77.2100,75.2200,77.1900,69.8088,11704200
2022-12-01,77.0500,77.1400,76.5200,76.8400,69.4923,10215700
2022-12-02,76.2800,77.2900,76.1900,77.1900,69.8088,6087200
2022-12-05,76.3600,76.4500,76.0000,76.2200,68.9316,8632900
2022-12-06,76.3000,76.5900,75.3800,75.7500,68.5065,8136300
2022-12-07,75.8900,76.2300,75.7500,76.0700,68.7959,7298700
2022-12-08,75.9500,76.4900,75.8500,76.4800,69.1668,7803400
2022-12-09,76.1100,76.4400,75.8800,75.8900,68.6331,9761700
2022-12-12,76.0300,76.7000,75.7900,76.6900,69.3567,6996800
2022-12-13,77.4500,77.6200,76.1000,76.5800,69.2572,11349000
2022-12-14,76.7000,77.2700,76.0800,76.5300,69.2120,13820200
2022-12-15,75.8900,76.0400,74.6700,75.2300,68.0363,11281000
2022-12-16,74.8400,75.1000,74.2100,74.8600,67.7017,14561500
2022-12-19,74.3100,74.9400,73.8400,74.2800,67.6588,8093900
2022-12-20,74.1500,74.5100,73.8100,74.2200,67.6042,7368900
2022-12-21,74.5800,75.2500,74.5300,74.9600,68.2782,7953100
2022-12-22,74.6900,74.8300,73.9600,74.7900,68.1234,6888300
2022-12-23,74.8300,75.2300,74.5800,75.1800,68.4786,4874700
2022-12-27,75.2800,75.6900,75.1200,75.5400,68.8065,4839700
2022-12-28,75.7600,75.8600,74.6000,74.6000,67.9503,5028900
2022-12-29,74.9000,75.1900,74.7800,74.9200,68.2418,5574800
2022-12-30,74.7700,74.8300,74.0100,74.5500,67.9048,6249900
2023-01-03,74.5900,74.6200,73.5200,74.2700,67.6497,14433300
2023-01-04,74.4800,75.0200,74.0900,74.5600,67.9139,12197300
2023-01-05,74.4200,74.4900,73.6600,73.8100,67.2307,9848200
2023-01-06,74.7600,76.0800,74.7000,75.7800,69.0251,9982400
2023-01-09,75.7300,76.2500,75.0400,75.0400,68.3511,11081800
2023-01-10,75.1300,75.2500,74.6900,74.9400,68.2600,8427900
2023-01-11,75.1900,75.4100,74.3200,74.9800,68.2964,9848300
2023-01-12,75.1400,75.1500,74.2100,74.3900,67.7590,9841300
2023-01-13,74.1900,74.7600,74.1400,74.7400,68.0778,9274200
2023-01-17,74.8600,75.4200,74.6800,74.7900,68.1234,9006800
2023-01-18,74.6100,74.6600,72.6400,72.7500,66.2652,16069900
2023-01-19,72.4600,72.7900,72.0400,72.0600,65.6367,12421500
2023-01-20,72.1100,72.6500,71.6000,72.6200,66.1468,12349600
2023-01-23,72.7600,73.2200,72.5500,72.8500,66.3563,12000200
2023-01-24,72.8300,73.3500,72.4000,73.1500,66.6296,13465600
2023-01-25,72.7100,73.3300,72.3500,73.3300,66.7935,11606800
2023-01-26,73.2500,73.3100,72.8300,73.0700,66.5567,8081500
2023-01-27,73.0200,73.1900,72.5100,72.8600,66.3654,10341700
2023-01-30,72.7100,73.5000,72.7100,72.9500,66.4474,10463100
2023-01-31,73.0900,73.7500,72.8700,73.7400,67.1670,8002700
2023-02-01,73.6800,74.6600,73.3600,74.3300,67.7044,15447600
2023-02-02,73.8300,74.1700,73.3600,73.6900,67.1214,12238800
2023-02-03,73.9100,73.9300,72.8600,73.4000,66.8573,12874800
2023-02-06,73.2800,73.6300,73.2300,73.4900,66.9393,7208900
2023-02-07,72.9600,73.3200,72.4500,73.1800,66.6569,9268200
2023-02-08,72.7800,72.9100,72.4900,72.6200,66.1468,8933500
2023-02-09,73.0000,73.2600,72.2100,72.3000,65.8553,8341500
2023-02-10,72.3000,73.0300,72.1500,72.9700,66.4656,8197200
2023-02-13,73.1900,73.8300,73.1500,73.8000,67.2216,7440500
2023-02-14,73.7500,73.7800,72.8800,73.1300,66.6113,9344700
2023-02-15,72.9800,73.2900,72.6800,73.2700,66.7388,9006000
2023-02-16,72.6200,73.1800,72.3100,72.7400,66.2561,8355100
2023-02-17,72.5300,73.7100,72.5300,73.6800,67.1123,11116000
2023-02-21,73.3800,73.7900,73.0100,73.4000,66.8573,8974700
2023-02-22,73.5000,74.0100,73.1100,73.2900,66.7571,8851000
2023-02-23,73.3600,73.5600,72.7500,73.2000,66.6751,12700000
2023-02-24,72.6600,72.8300,72.2700,72.7100,66.2288,11340600
2023-02-27,73.0600,73.2600,72.4700,72.6300,66.1559,10162300
2023-02-28,72.3300,72.4600,72.0000,72.0300,65.6094,9757300
2023-03-01,71.8100,71.8900,70.9300,71.5000,65.1266,10475000
2023-03-02,71.5100,72.6200,71.4400,72.4800,66.0193,9876000
2023-03-03,72.4800,72.6100,71.8700,72.5400,66.0739,12384300
2023-03-06,72.3400,72.8400,72.3100,72.7300,66.2470,8356000
2023-03-07,72.7400,72.9800,71.8900,72.0100,65.5912,10059400
2023-03-08,71.9400,72.2100,71.6900,72.1300,65.7005,11170800
2023-03-09,72.4100,72.5300,71.2500,71.4600,65.0902,15612700
2023-03-10,71.6000,71.8800,70.8500,71.1100,64.7714,19026300
2023-03-13,71.0400,72.5800,71.0000,71.4700,65.0993,29831400
2023-03-14,71.6800,72.1600,71.4300,72.1200,65.6914,19139200
2023-03-15,71.6500,72.6800,71.4900,72.5900,66.1195,21438000
2023-03-16,72.5400,72.7100,72.1300,72.6400,66.1650,15712500
2023-03-17,72.5400,72.6600,71.7900,72.1100,65.6823,13283900
2023-03-20,72.0400,72.8300,72.0100,72.7600,66.5929,14130900
2023-03-21,72.8700,73.0300,72.1900,72.7000,66.5380,12499700
2023-03-22,72.8300,73.1400,72.0200,72.0300,65.9248,11942200
2023-03-23,72.2200,72.4800,71.4800,71.7500,65.6685,12160300
2023-03-24,71.9400,73.0400,71.8600,72.9700,66.7851,12352500
2023-03-27,73.2200,73.6900,73.2100,73.3600,67.1421,10865500
2023-03-28,73.4700,73.8900,73.3900,73.4900,67.2611,11593400
2023-03-29,73.9000,73.9800,73.7100,73.9000,67.6363,9483400
2023-03-30,74.0900,74.3000,73.8800,74.1100,67.8285,10737800
2023-03-31,74.4900,74.7400,74.3600,74.7100,68.3777,10338700
2023-04-03,74.7600,75.2600,74.4800,75.1000,68.7346,9607700
2023-04-04,75.0700,75.3900,74.7900,74.9500,68.5973,7272900
2023-04-05,75.1600,75.6300,75.1600,75.3000,68.9176,12409900
2023-04-06,75.2300,75.4900,74.9100,75.3600,68.9726,8616800
2023-04-10,75.1000,75.3800,74.6400,75.3600,68.9726,9423400
2023-04-11,75.5000,75.7900,75.4400,75.5800,69.1739,12944300
2023-04-12,75.5700,75.8200,75.1400,75.2400,68.8627,10386400
2023-04-13,75.2700,75.7000,74.9200,75.6600,69.2471,12919000
2023-04-14,75.4600,75.7900,74.9700,75.1800,68.8078,8789700
2023-04-17,75.3300,75.6700,75.2400,75.6600,69.2471,9683400
2023-04-18,75.6500,75.9600,75.4100,75.8900,69.4576,7233100
2023-04-19,75.9800,76.0600,75.6100,75.8400,69.4119,6283600
2023-04-20,75.5700,76.2600,75.5300,76.0200,69.5766,7329500
2023-04-21,76.5300,76.9700,76.4100,76.5700,70.0800,10431000
2023-04-24,76.5700,76.9300,76.5700,76.8800,70.3637,8723100
2023-04-25,76.8600,77.3700,76.6900,76.7800,70.2722,12179700
2023-04-26,76.4200,76.7200,76.1400,76.1800,69.7231,8778800
2023-04-27,76.2200,77.1100,76.1700,77.0300,70.5010,11287800
2023-04-28,77.2300,77.5800,77.0400,77.4400,70.8762,9757600
2023-05-01,77.3100,77.8200,77.2900,77.5000,70.9312,10860800
2023-05-02,77.4300,77.4700,76.5100,77.2900,70.7390,19136000
2023-05-03,77.0600,77.3800,76.6400,76.6600,70.1624,11656600
2023-05-04,76.7400,76.8600,76.2200,76.4700,69.9885,11682600
2023-05-05,76.5900,77.2400,76.5000,77.1800,70.6383,10479400
2023-05-08,76.9100,77.0500,76.6900,76.9500,70.4278,8069200
2023-05-09,76.9600,76.9600,76.5700,76.7100,70.2081,6939500
2023-05-10,76.7300,77.0600,76.0600,76.5900,70.0983,12259100
2023-05-11,76.5700,76.8700,76.1500,76.8200,70.3088,11790600
2023-05-12,76.9000,77.1500,76.7400,77.1200,70.5834,7012000
2023-05-15,77.2400,77.3400,76.5900,76.9300,70.4095,8652200
2023-05-16,76.8200,76.8200,76.1700,76.2800,69.8146,11310700
2023-05-17,76.4800,76.4900,75.7700,76.2400,69.7780,10891300
2023-05-18,75.9600,76.0600,75.4100,75.8700,69.4393,10765300
2023-05-19,76.0300,76.1200,75.5800,75.9200,69.4851,10457600
2023-05-22,75.7200,75.8500,74.7300,74.7700,68.4326,14575700
2023-05-23,74.5700,74.6300,74.1200,74.2200,67.9292,13700400
2023-05-24,74.2500,74.3000,73.6800,73.7400,67.4899,11901800
2023-05-25,73.0900,73.4400,72.6300,73.1800,66.9773,17725000
2023-05-26,73.1100,73.5500,72.8600,73.4300,67.2061,15531000
2023-05-30,73.0000,73.1800,72.3500,72.5900,66.4373,22766900
2023-05-31,72.6800,73.0700,72.3100,72.6700,66.5105,22328600
2023-06-01,72.6500,72.7300,72.2400,72.6100,66.4557,13836100
2023-06-02,72.6400,73.6600,72.6200,73.6100,67.3709,14719800
2023-06-05,73.5000,74.0300,73.2100,73.3400,67.1238,9629600
2023-06-06,73.4100,73.5500,72.5500,72.9700,66.7851,10796900
2023-06-07,72.5000,72.9300,72.2800,72.7300,66.5655,13595100
2023-06-08,72.8100,73.2500,72.6400,73.2300,67.0231,8881300
2023-06-09,72.9800,73.3400,72.8300,73.1100,66.9133,8756200
2023-06-12,73.2000,73.2700,72.7200,73.0900,66.8950,11357600
2023-06-13,72.9900,73.5000,72.8900,73.3900,67.1695,8401800
2023-06-14,73.7300,74.0900,73.5100,73.8400,67.5814,13849900
2023-06-15,74.1000,74.7600,73.9600,74.5800,68.2587,16251200
2023-06-16,74.8100,75.0500,74.6000,74.6700,68.3410,12672900
2023-06-20,74.0500,74.2800,73.5600,73.5800,67.8212,9731800
2023-06-21,73.5400,74.0800,73.2600,73.8400,68.0608,13633500
2023-06-22,74.2200,74.3800,73.9800,74.2700,68.4572,17247600
2023-06-23,74.3900,74.3900,73.7400,73.7800,68.0055,9706900
2023-06-26,73.7800,73.9100,73.2600,73.8800,68.0977,8955400
2023-06-27,73.6800,74.1700,73.6600,74.1000,68.3005,8965400
2023-06-28,73.7600,73.8100,73.2000,73.6000,67.8396,12800400
2023-06-29,73.2400,73.6500,73.0000,73.5300,67.7751,10018000
2023-06-30,73.7000,74.2800,73.6400,74.1700,68.3650,14266200
2023-07-03,74.0600,74.7500,73.8600,74.7500,68.8996,12817100
2023-07-05,74.4400,74.6900,74.3500,74.6200,68.7798,17579200
2023-07-06,74.2800,74.4700,74.0500,74.4300,68.6047,14881300
2023-07-07,74.2500,74.2500,73.4100,73.4600,67.7106,16405400
2023-07-10,73.5700,74.1600,73.3500,73.4400,67.6921,11953600
2023-07-11,73.5000,73.6600,73.1100,73.5500,67.7935,9812500
2023-07-12,73.6800,73.9200,73.5600,73.7200,67.9502,12680900
2023-07-13,73.8500,74.1600,73.5500,74.0300,68.2360,10581500
2023-07-14,74.0500,74.4100,73.8300,74.2800,68.4664,12475600
2023-07-17,74.0000,74.3100,73.7900,74.0600,68.2636,9496300
2023-07-18,73.9900,74.6100,73.7500,73.9800,68.1899,10124100
2023-07-19,74.2200,74.8100,74.1700,74.7300,68.8812,14718700
2023-07-20,74.8000,75.4700,74.6400,75.3700,69.4711,16106300
2023-07-21,75.4900,75.8400,75.4000,75.6300,69.7107,13836800
2023-07-24,75.6100,76.0300,75.5400,75.9200,69.9780,10692500
2023-07-25,75.8300,75.9200,75.5100,75.9000,69.9596,8576600
2023-07-26,75.7000,76.2100,75.5800,75.9900,70.0426,10506500
2023-07-27,76.1300,76.3100,75.3200,75.3200,69.4250,10008500
2023-07-28,75.9800,76.4000,75.7800,76.1000,70.1440,9672400
2023-07-31,76.0000,76.2300,75.4600,75.7500,69.8214,10057100
2023-08-01,75.6500,75.9700,75.2800,75.3400,69.4434,9376700
2023-08-02,75.0400,76.0800,75.0400,75.6100,69.6923,11509700
2023-08-03,75.5700,75.7600,75.3600,75.4000,69.4987,8774900
2023-08-04,75.5000,75.6800,74.5800,74.6500,68.8074,10022800
2023-08-07,74.7900,75.3400,74.7700,75.2600,69.3697,8875600
2023-08-08,75.2100,75.2900,74.5200,74.7200,68.8720,11413600
2023-08-09,74.7600,75.2200,74.6400,74.8300,68.9734,11912200
2023-08-10,75.0700,75.5300,74.5800,74.6800,68.8351,10357700
2023-08-11,74.7100,74.9900,74.5300,74.8000,68.9457,7472500
2023-08-14,74.9000,75.1000,74.3000,74.4300,68.6047,11483800
2023-08-15,74.2200,74.3400,73.6000,73.6300,67.8673,13257500
2023-08-16,73.9300,74.1400,73.3700,73.4600,67.7106,14814900
2023-08-17,73.4800,73.6700,72.6400,72.7500,67.0561,11798000
2023-08-18,72.6300,73.1700,72.5600,73.0200,67.3050,12334500
2023-08-21,72.8300,72.9700,72.2200,72.5300,66.8534,12005400
2023-08-22,72.3000,72.3800,72.0200,72.1200,66.4755,11496100
2023-08-23,72.3700,72.6000,72.2500,72.6000,66.9179,10796800
2023-08-24,72.3500,73.0000,72.0000,72.0200,66.3833,13797500
2023-08-25,72.3200,72.6000,71.9700,72.4200,66.7520,13088500
2023-08-28,72.6600,72.8800,72.5000,72.7500,67.0561,6914800
2023-08-29,72.7900,73.0500,72.3800,73.0100,67.2958,9502800
2023-08-30,73.1000,73.3600,72.9300,73.1300,67.4064,9679300
2023-08-31,72.8600,73.1200,72.7500,72.7600,67.0654,7731300
2023-09-01,73.0000,73.0400,71.9000,72.1400,66.4939,8346400
2023-09-05,72.0100,72.2800,71.5200,71.5200,65.9224,8634200
2023-09-06,71.4400,71.6000,71.2100,71.4400,65.8487,9050100
2023-09-07,71.5700,71.8700,71.3200,71.6100,66.0054,10149000
2023-09-08,71.6400,71.7100,71.4200,71.7000,66.0883,8323000
2023-09-11,71.8000,72.3800,71.8000,72.3200,66.6598,8450700
2023-09-12,72.3600,72.3800,71.6400,71.7000,66.0883,13300200
2023-09-13,71.8200,72.1000,71.6700,71.9200,66.2911,7863700
2023-09-14,72.1200,72.7000,72.0900,72.6500,66.9640,9356000
2023-09-15,72.5000,72.7600,71.9900,72.0500,66.4109,10891600
2023-09-18,71.8000,71.8300,71.2400,71.5400,66.3877,6841200
2023-09-19,71.4200,71.5000,71.0100,71.3700,66.2300,7733500
2023-09-20,71.5700,71.9200,71.2300,71.4400,66.2949,10841700
2023-09-21,71.3800,71.4600,70.5100,70.5200,65.4412,11869900
2023-09-22,70.5400,70.7200,70.1000,70.1400,65.0886,12243000
2023-09-25,69.9200,70.0700,69.5700,69.8900,64.8566,9137600
2023-09-26,69.5900,69.7900,69.3000,69.3700,64.3740,11541000
2023-09-27,69.2700,69.4900,68.4400,68.8000,63.8451,14182700
2023-09-28,68.9000,69.1900,68.7200,69.0100,64.0399,12094400
2023-09-29,69.2300,69.3400,68.4400,68.8100,63.8543,11797500
2023-10-02,68.6500,68.7400,67.8900,68.3400,63.4182,12642500
2023-10-03,68.1400,68.4900,67.8000,67.8500,62.9635,15396200
2023-10-04,68.0200,68.4400,67.6300,68.3900,63.4646,15125900
2023-10-05,68.2600,68.3400,67.0100,67.0400,62.2118,15757300
2023-10-06,66.7500,66.9000,65.1800,66.6700,61.8685,28723400
2023-10-09,66.4200,66.7600,65.9500,66.7300,61.9241,15662900
2023-10-10,67.2800,67.7400,67.0700,67.4100,62.5552,18809600
2023-10-11,67.7100,67.8300,66.6500,66.9500,62.1283,18293200
2023-10-12,67.1500,67.1800,65.9900,66.2200,61.4509,15185000
2023-10-13,66.3400,66.9000,66.2200,66.8000,61.9891,15641000
2023-10-16,67.1900,67.7000,66.9100,67.4900,62.6294,16172800
2023-10-17,67.2200,67.9100,67.2200,67.7800,62.8985,13192200
2023-10-18,68.0600,68.5500,67.9200,68.0300,63.1305,16617700
2023-10-19,67.9800,68.2500,67.5100,67.5300,62.6665,18237000
2023-10-20,67.6800,67.9800,67.2700,67.2700,62.4253,14730500
2023-10-23,67.1900,67.6300,66.9500,67.1400,62.3046,13777300
2023-10-24,67.2400,67.8300,67.2200,67.7100,62.8336,12055600
2023-10-25,67.6000,68.2400,67.4200,67.9400,63.0470,11351100
2023-10-26,67.9700,68.2200,67.4800,67.5000,62.6387,13662200
2023-10-27,67.3800,67.6500,66.3800,66.5800,61.7850,17587700
2023-10-30,66.8300,67.7400,66.8300,67.6200,62.7500,12224000
2023-10-31,67.6800,67.9300,67.3400,67.8600,62.9728,8586400
2023-11-01,67.9100,68.0500,67.4100,67.7900,62.9078,18709400
2023-11-02,68.0300,68.7700,67.7700,68.6700,63.7244,21175900
2023-11-03,69.0700,69.3400,68.7500,68.7500,63.7987,17201100
2023-11-06,68.7700,69.1600,68.7200,68.8600,63.9007,14663200
2023-11-07,68.8800,69.3200,68.8000,69.0300,64.0585,12567700
2023-11-08,69.1600,69.2600,68.5700,68.7600,63.8079,10481700
2023-11-09,68.8400,68.9000,68.3200,68.4800,63.5481,10336900
2023-11-10,68.6400,69.0300,68.2700,68.9600,63.9935,9266200
2023-11-13,68.9000,69.3800,68.8400,69.1800,64.1977,8540800
2023-11-14,69.5300,70.1200,69.5000,69.8900,64.8566,13606200
2023-11-15,70.4000,70.5900,70.2200,70.4500,65.3762,10618900
2023-11-16,69.7200,70.0200,69.4400,69.5800,64.5689,16536300
2023-11-17,69.6700,69.7200,69.2400,69.4900,64.4854,10761100
2023-11-20,69.2000,69.5600,69.1500,69.4400,64.4390,11651300
2023-11-21,69.4300,69.7000,69.1300,69.6500,64.6338,11681400
2023-11-22,69.8000,70.1900,69.8000,70.1500,65.0978,8862100
2023-11-24,70.1600,70.4700,70.1600,70.4100,65.3391,4500800
2023-11-27,70.3400,70.4700,70.1700,70.2100,65.1535,11746800
2023-11-28,70.1900,70.7100,70.1800,70.5300,65.4505,8562300
2023-11-29,70.6000,70.6000,69.8700,69.9600,64.9215,9873800
2023-11-30,70.0300,70.7000,69.5700,70.6600,65.5711,11803600
2023-12-01,70.6100,70.9800,70.4000,70.9500,65.8402,13490300
2023-12-04,70.5600,71.2800,70.5600,71.0400,65.9237,11386300
2023-12-05,70.9300,71.1000,70.3900,70.4800,65.4041,11565900
2023-12-06,70.3200,70.4700,70.0100,70.3000,65.2370,11008700
2023-12-07,70.5000,70.8300,70.2500,70.6000,65.5154,8460000
2023-12-08,70.4700,70.5300,70.0100,70.1100,65.0607,8191300
2023-12-11,70.5000,70.8100,70.3900,70.7800,65.6825,16192800
2023-12-12,70.9300,71.0100,70.6100,71.0100,65.8959,8764500
2023-12-13,71.0000,72.3200,70.8200,72.3000,67.0930,14052700
2023-12-14,72.3600,72.4700,71.1900,71.2400,66.1093,16056700
2023-12-15,71.1400,71.4400,70.9600,71.2400,66.1093,17434600
2023-12-18,71.0100,71.7000,70.8600,71.4400,66.7975,11816000
2023-12-19,71.3100,71.6600,71.2800,71.5800,66.9284,8283200
2023-12-20,71.1100,71.2700,70.1900,70.1900,65.6287,16705400
2023-12-21,70.5700,70.7500,70.1200,70.6800,66.0869,10971900
2023-12-22,70.8600,71.3500,70.7900,71.2200,66.5918,7831800
2023-12-26,71.0700,71.7000,71.0700,71.5200,66.8723,6915800
2023-12-27,71.5400,71.8500,71.4400,71.8500,67.1809,7566700
2023-12-28,71.7500,71.9700,71.6500,71.8800,67.2089,6466000
2023-12-29,71.7800,72.0700,71.7100,72.0300,67.3492,10412700
2024-01-02,71.7700,72.9600,71.7700,72.8400,68.1065,12912000
2024-01-03,72.9700,73.0900,72.1600,72.2700,67.5736,13979700
2024-01-04,72.2200,72.6600,72.0200,72.1700,67.4801,10865000
2024-01-05,72.2100,72.4800,71.5900,72.0100,67.3305,12802800
2024-01-08,72.0200,72.5700,71.9800,72.5400,67.8260,9409000
2024-01-09,72.2700,72.7300,72.0100,72.7300,68.0037,7838600
2024-01-10,72.6700,73.0000,72.3600,72.5800,67.8634,11113300
2024-01-11,72.5000,72.6100,72.0800,72.5700,67.8541,9507800
2024-01-12,72.8200,72.9800,72.5500,72.8000,68.0691,7712800
2024-01-16,72.8100,72.8500,72.1100,72.4000,67.6951,11566900
2024-01-17,72.2300,72.6000,72.0800,72.3500,67.6484,9641400
2024-01-18,72.1700,72.3100,71.7100,72.2600,67.5642,10548800
2024-01-19,72.3200,72.3400,71.6800,72.0500,67.3679,11309600
2024-01-22,71.7400,72.0000,71.5600,71.7000,67.0406,15078600
2024-01-23,72.0800,72.5900,72.0600,72.4800,67.7699,13859600
2024-01-24,72.4200,72.4600,71.5700,71.5900,66.9377,12290500
2024-01-25,71.8900,72.2800,71.5900,72.2800,67.5829,12160900
2024-01-26,72.4200,72.7400,72.4200,72.6300,67.9102,7432800
2024-01-29,72.8300,73.0800,72.5700,73.0500,68.3029,9321900
2024-01-30,72.9400,73.5000,72.6800,73.4600,68.6862,11058900
2024-01-31,73.4400,73.6500,72.8300,72.9200,68.1813,17220600
2024-02-01,72.9500,74.4100,72.7200,74.4100,69.5745,20588700
2024-02-02,74.1900,74.4800,73.8100,74.1700,69.3501,23158000
2024-02-05,74.1900,74.2400,73.6900,73.7100,68.9200,14564700
2024-02-06,73.7100,73.9200,73.4700,73.8800,69.0789,11224200
2024-02-07,74.1900,74.2300,73.7400,73.8100,69.0135,7544100
2024-02-08,73.6900,74.0800,73.4700,73.7900,68.9948,16287600
2024-02-09,73.6000,73.6000,73.0000,73.1100,68.3590,20698800
2024-02-12,73.1900,73.6400,72.8000,73.6300,68.8452,13422900
2024-02-13,73.5800,73.7900,72.4000,72.8400,68.1065,21640600
2024-02-14,72.7800,72.8200,72.3600,72.7000,67.9756,15191300
2024-02-15,72.9900,73.2700,72.9100,73.1700,68.4151,14235700
2024-02-16,73.1000,73.6200,72.7900,73.2800,68.5179,15568300
2024-02-20,73.8000,74.4700,73.6800,74.0500,69.2379,15388700
2024-02-21,74.1900,74.4400,73.9700,74.3200,69.4903,13776600
2024-02-22,73.9900,74.6300,73.6900,74.5500,69.7054,11744900
2024-02-23,74.5900,75.1600,74.4600,74.7800,69.9204,12548300
2024-02-26,74.8000,74.8200,74.3700,74.4800,69.6399,11806000
2024-02-27,74.4100,74.5300,74.2800,74.4900,69.6493,8294300
2024-02-28,74.4400,74.6400,74.2500,74.5700,69.7241,6768700
2024-02-29,74.8000,74.9100,74.3100,74.4500,69.6119,14083400
2024-03-01,74.2500,74.5400,73.9400,74.4600,69.6213,15512500
2024-03-04,74.1700,74.5800,74.1500,74.5200,69.6774,15912700
2024-03-05,74.8400,75.2200,74.5500,74.7000,69.8456,15708400
2024-03-06,75.0500,75.4600,74.9800,75.3300,70.4347,11816200
2024-03-07,75.6400,75.8300,75.4600,75.7600,70.8368,9174900
2024-03-08,75.2500,75.3900,74.8900,75.1600,70.2758,13301600
2024-03-11,75.3300,75.6800,75.1100,75.5700,70.6591,9316500
2024-03-12,75.7400,76.1900,75.6400,75.9600,71.0238,10454900
2024-03-13,75.9500,76.2000,75.8300,76.1500,71.2014,9739500
2024-03-14,76.1000,76.2800,75.3100,75.5600,70.6498,14086100
2024-03-15,75.2000,75.6100,75.0800,75.5300,70.6217,14248300
2024-03-18,74.8900,75.6800,74.8900,75.4600,71.0757,10229000
2024-03-19,75.5600,75.7800,75.5200,75.7400,71.3395,10245900
2024-03-20,75.8500,76.0000,75.5700,75.9700,71.5561,10986100
2024-03-21,76.0100,76.2700,75.6900,76.0100,71.5938,8936100
2024-03-22,76.0100,76.1300,75.6200,75.6400,71.2453,10942300
2024-03-25,75.6400,75.8200,75.2700,75.4300,71.0475,11003700
2024-03-26,75.5200,75.6900,75.4100,75.4700,71.0851,7964400
2024-03-27,75.8500,76.2600,75.8500,76.2600,71.8292,9848100
2024-03-28,76.4900,76.6100,76.2600,76.3600,71.9234,9172700
2024-04-01,76.3500,76.4600,75.7500,75.7500,71.3489,13205200
2024-04-02,75.7500,75.8600,75.2400,75.3600,70.9815,16269200
2024-04-03,75.3300,75.3300,74.4100,74.5300,70.1997,16094700
2024-04-04,74.8600,74.9900,74.1100,74.2100,69.8983,18289500
2024-04-05,74.1500,74.5600,73.9900,74.3300,70.0114,11148900
2024-04-08,74.2000,74.4900,74.1500,74.2200,69.9078,10040700
2024-04-09,74.4400,74.6000,74.0200,74.5800,70.2468,12629600
2024-04-10,74.0000,74.4300,73.7700,74.3100,69.9925,15018400
2024-04-11,74.6700,74.6900,73.9000,74.1300,69.8230,10551900
2024-04-12,73.8300,74.0200,73.3000,73.3800,69.1166,14605900
2024-04-15,73.8300,74.0200,72.9700,73.0800,68.8340,12119600
2024-04-16,73.2300,73.3300,72.9300,73.1100,68.8623,12737600
2024-04-17,73.5400,73.6400,73.0300,73.3800,69.1166,12731500
2024-04-18,73.6200,73.8900,73.4700,73.7200,69.4368,11964200
2024-04-19,73.6900,74.4800,73.5600,74.4400,70.1150,15843100
2024-04-22,74.5900,75.3500,74.2600,75.1500,70.7837,12181600
2024-04-23,75.2700,75.4300,75.0200,75.3600,70.9815,12821100
2024-04-24,74.8400,76.0200,74.4900,75.9300,71.5184,15011000
2024-04-25,76.0900,76.4700,75.4700,75.7500,71.3489,14352600
2024-04-26,75.4800,76.0000,75.4300,75.5900,71.1982,13488200
2024-04-29,75.6100,75.8600,75.3800,75.8300,71.4242,9244000
2024-04-30,75.7500,75.7700,75.3200,75.5000,71.1134,12517400
2024-05-01,75.2800,75.5700,74.7100,75.0200,70.6613,24867400
2024-05-02,75.2700,75.9200,74.9800,75.6500,71.2547,22820400
2024-05-03,75.6800,76.0300,75.2500,75.8800,71.4713,18088200
2024-05-06,76.0500,76.1400,75.4300,75.9200,71.5090,12508400
2024-05-07,76.2400,76.7900,76.2400,76.7500,72.2908,14641800
2024-05-08,76.7400,76.8900,76.4200,76.5200,72.0741,12686000
2024-05-09,76.5900,77.1800,76.5400,77.1800,72.6958,12851900
2024-05-10,77.1700,77.7100,77.1000,77.6200,73.1102,10774900
2024-05-13,77.7700,78.0000,77.2700,77.4000,72.9030,11755400
2024-05-14,77.4700,77.6000,76.8700,77.2500,72.7617,10117600
2024-05-15,77.0500,77.4200,77.0500,77.3000,72.8088,18143000
2024-05-16,78.0000,78.6100,77.8300,78.4000,73.8449,17360400
2024-05-17,78.3100,78.3800,78.0100,78.2100,73.6659,11265700
2024-05-20,78.1900,78.1900,77.5800,77.6700,73.1573,9226400
2024-05-21,77.8800,78.1600,77.7200,78.1300,73.5906,6595200
2024-05-22,77.6000,78.0800,77.4600,77.8200,73.2986,9395100
2024-05-23,77.5800,77.7100,76.8600,76.9000,72.4320,10751300
2024-05-24,77.1700,77.4000,77.0600,77.1000,72.6204,6943200
2024-05-28,76.8500,77.0600,76.2200,76.5000,72.0553,8840700
2024-05-29,76.0900,76.3600,75.9200,75.9500,71.5372,10402400
2024-05-30,76.1700,76.3600,75.9700,76.1500,71.7256,7404400
2024-05-31,76.0800,77.3800,75.7300,77.3400,72.8465,11873900
2024-06-03,77.0900,77.6800,76.8600,77.3100,72.8182,12223400
2024-06-04,77.3200,78.1100,77.1900,77.9800,73.4493,9097500
2024-06-05,77.8800,77.9900,77.1900,77.8100,73.2892,9095100
2024-06-06,77.7600,78.3300,77.6000,78.0500,73.5152,9759400
2024-06-07,78.0300,78.2500,77.5800,77.6600,73.1479,7490500
2024-06-10,77.7800,77.8000,77.1000,77.6000,73.0914,10033800
2024-06-11,77.4900,77.5600,76.9200,77.5600,73.0537,8583700
2024-06-12,77.7100,77.7500,76.5200,76.7100,72.2531,14172800
2024-06-13,76.6800,76.8800,76.3600,76.8100,72.3473,8723500
2024-06-14,76.5900,76.9500,76.3900,76.9500,72.4791,7246400
2024-06-17,76.6600,77.8200,76.5000,77.6800,73.1667,8762000
2024-06-18,77.5600,77.8800,77.4500,77.7800,73.2609,6567100
2024-06-20,77.6400,78.0100,77.4100,77.6100,73.1008,9316300
2024-06-21,77.7700,78.1700,77.6100,77.6700,73.1573,11594000
2024-06-24,77.2700,78.0100,77.1100,77.9100,73.9374,9722600
2024-06-25,77.6200,77.7300,77.1100,77.4100,73.4629,10705700
2024-06-26,76.8700,77.4400,76.7100,77.2500,73.3110,8405200
2024-06-27,77.2300,77.3000,76.6000,76.9200,72.9979,4592300
2024-06-28,76.9100,77.0000,76.3800,76.5800,72.6752,8396900
2024-07-01,76.9800,77.2700,75.9800,76.0400,72.1628,9275300
2024-07-02,76.1300,76.5800,75.8900,76.5700,72.6657,8233400
2024-07-03,76.4400,76.7100,76.2400,76.4400,72.5423,5600600
2024-07-05,76.4400,77.4300,76.3300,77.3800,73.4344,7202900
2024-07-08,77.4400,77.5300,77.0500,77.2600,73.3205,4486800
2024-07-09,77.2600,77.4300,77.0300,77.0600,73.1307,5635700
2024-07-10,77.2000,77.4300,77.0100,77.4000,73.4534,7249100
2024-07-11,77.2900,77.4300,76.8900,77.1100,73.1782,11414600
2024-07-12,77.5200,77.8600,77.1900,77.4500,73.5009,10028200
2024-07-15,77.4000,77.6000,76.9400,77.0000,73.0738,8481200
2024-07-16,77.0300,77.7500,76.9200,77.7400,73.7761,7987300
2024-07-17,77.8600,78.8900,77.8400,78.7400,74.7251,18297900
2024-07-18,78.4500,79.1500,78.3400,78.3500,74.3550,14877200
2024-07-19,78.5500,78.6500,77.9700,78.0900,74.1082,11816500
2024-07-22,78.2700,78.3300,77.7700,78.1400,74.1557,9408200
2024-07-23,78.2200,78.3600,77.7900,77.8600,73.8900,6937900
2024-07-24,77.5800,77.9300,77.2800,77.7900,73.8235,10620400
2024-07-25,78.0600,78.8800,77.7000,77.7000,73.7381,15686200
2024-07-26,78.0100,78.5800,77.8200,78.4900,74.4878,10271900
2024-07-29,78.3400,78.6900,77.9400,78.5200,74.5163,9115000
2024-07-30,77.5800,78.1200,77.2400,77.9900,74.0133,11818400
2024-07-31,77.9900,78.3400,77.5100,77.8500,73.8805,10474100
2024-08-01,78.0000,78.7400,77.7600,78.5700,74.5637,16535000
2024-08-02,79.1700,79.7500,77.8000,79.2600,75.2186,24086900
2024-08-05,79.1200,79.3500,77.4400,77.7000,73.7381,29057400
2024-08-06,78.0800,79.0900,77.9900,78.2400,74.2506,15801400
2024-08-07,78.5700,79.4000,78.2700,78.3200,74.3265,14182300
2024-08-08,78.1000,79.1600,78.0200,79.0300,75.0003,13889800
2024-08-09,78.8700,79.2900,78.5300,79.1500,75.1142,10319800
2024-08-12,79.1100,79.1700,78.5500,78.7500,74.7346,9735300
2024-08-13,78.7500,79.1300,78.3500,79.1100,75.0762,7513900
2024-08-14,79.0500,79.7100,78.9200,79.4700,75.4179,7264000
2024-08-15,80.5900,80.8100,80.0500,80.2900,76.1960,7745200
2024-08-16,80.2100,80.5800,80.0800,80.5100,76.4048,6976700
2024-08-19,80.6000,80.9700,80.5700,80.7800,76.6611,7330000
2024-08-20,80.7600,81.1800,80.6300,81.1800,77.0407,6931200
2024-08-21,81.8600,82.2900,81.5000,81.7300,77.5626,7960700
2024-08-22,81.9500,81.9500,81.2600,81.6100,77.4487,7632600
2024-08-23,81.7500,81.8600,81.3300,81.8400,77.6670,6505100
2024-08-26,81.9300,82.5900,81.9200,82.4200,78.2174,7270700
2024-08-27,82.5400,82.7700,82.3100,82.6200,78.4072,5674600
2024-08-28,82.6400,82.7500,81.9600,82.2700,78.0751,6666800
2024-08-29,82.1700,82.1700,81.6900,81.8600,77.6860,6343700
2024-08-30,82.0200,82.5800,81.8000,82.5100,78.3028,8884800
2024-09-03,82.5300,83.3700,82.4300,83.0900,78.8533,15503700
2024-09-04,82.9400,83.5400,82.8600,83.4800,79.2234,19276700
2024-09-05,83.5000,83.6300,82.7400,83.1600,78.9197,12775800
2024-09-06,83.1500,83.5100,82.8900,82.9900,78.7584,12616500
2024-09-09,83.0000,83.7900,82.8600,83.6300,79.3657,10061000
2024-09-10,83.5100,84.0000,83.3900,83.6100,79.3468,14002500
2024-09-11,83.3100,83.3700,82.0800,82.8300,78.6065,14556400
2024-09-12,82.8500,83.4300,82.5700,83.3400,79.0905,8659100
2024-09-13,83.4000,84.0000,83.2200,83.9300,79.6504,5953700
2024-09-16,84.1500,84.5300,83.8700,84.2600,79.9636,7794600
2024-09-17,83.9700,84.2100,83.3600,83.4600,79.2044,8404900
2024-09-18,83.4000,83.8600,82.8000,83.1400,78.9007,12935600
2024-09-19,83.3600,83.3700,82.5200,82.6500,78.4357,14934200
2024-09-20,82.5700,83.1100,82.4300,83.0500,78.8153,12719100
2024-09-23,82.4400,83.3600,82.3800,83.0900,79.2723,11985900
2024-09-24,82.9800,83.2800,82.6900,82.8900,79.0815,8985100
2024-09-25,83.1800,83.2600,82.5600,82.6800,78.8811,6100900
2024-09-26,82.5300,83.2500,82.5300,82.8700,79.0624,8565600
2024-09-27,82.9800,83.5000,82.8800,83.0200,79.2055,6432600
2024-09-30,83.3200,83.4800,82.6800,83.0000,79.1864,8468900
2024-10-01,83.0300,83.1400,82.4700,82.7200,78.9193,15725800
2024-10-02,82.5000,82.5100,81.8600,82.0200,78.2515,10788300
2024-10-03,81.6900,81.8100,81.0600,81.2000,77.4691,11507900
2024-10-04,81.0700,81.5700,80.9500,81.4700,77.7267,12463000
2024-10-07,81.5000,81.5000,80.5600,80.6600,76.9539,9270800
2024-10-08,80.6900,81.1600,80.4700,81.0600,77.3356,8218300
2024-10-09,81.1300,81.6700,81.0000,81.5500,77.8031,9276300
2024-10-10,81.5300,81.7000,80.9900,81.1900,77.4596,9122600
2024-10-11,81.4700,81.7200,81.1100,81.6400,77.8889,8741500
2024-10-14,81.6000,82.0100,81.4700,81.9700,78.2038,6263000
2024-10-15,82.0800,83.1900,82.0800,82.4900,78.6999,11287700
2024-10-16,82.2100,82.5400,82.0200,82.4300,78.6426,7720300
2024-10-17,82.5400,82.6500,81.8400,82.0600,78.2896,7716400
2024-10-18,81.8800,82.2700,81.6400,82.2400,78.4613,8314200
2024-10-21,82.2100,82.3900,81.4700,81.5500,77.8031,8704600
2024-10-22,81.4300,82.1100,81.3500,82.0100,78.2419,8912400
2024-10-23,81.6000,81.9700,81.4400,81.8500,78.0893,6926500
2024-10-24,81.8300,82.0000,81.5000,81.7400,77.9843,6211500
2024-10-25,81.7400,81.8700,80.9900,81.0600,77.3356,6546900
2024-10-28,81.3800,81.5600,81.1700,81.2100,77.4787,5714200
2024-10-29,80.8300,81.0400,80.3600,80.4100,76.7155,9459900
2024-10-30,80.3000,80.5400,80.0500,80.2800,76.5914,8504800
2024-10-31,80.0800,80.5900,79.9600,80.1200,76.4388,10905300
2024-11-01,80.3800,80.4400,80.0500,80.1500,76.4674,7916100
2024-11-04,80.2700,80.6100,80.1500,80.3700,76.6773,6958900
2024-11-05,80.1700,80.8800,80.0200,80.8800,77.1638,5304800
2024-11-06,81.0900,81.2100,79.3600,79.5600,75.9045,18487700
2024-11-07,79.7300,80.3100,79.6700,79.8500,76.1812,17598100
2024-11-08,79.8600,81.0200,79.8500,80.8200,77.1066,11530300
2024-11-11,80.7100,81.4500,80.4800,80.5400,76.8395,9273800
2024-11-12,80.8400,80.9500,80.4900,80.6300,76.9253,13518000
2024-11-13,80.6400,80.9500,80.4000,80.8700,77.1543,6781600
2024-11-14,80.6700,81.1400,80.6100,80.6700,76.9635,7572200
2024-11-15,80.6000,80.6600,79.9200,79.9600,76.2861,11359100
2024-11-18,80.1400,80.6700,80.0500,80.5200,76.8204,8747600
2024-11-19,80.7300,80.8900,80.1400,80.6300,76.9253,8020800
2024-11-20,79.9000,80.2200,79.5300,80.2200,76.5342,7687200
2024-11-21,80.3100,81.1800,80.0900,81.0900,77.3642,8185800
2024-11-22,81.5400,81.9100,81.4400,81.8400,78.0797,7703800
2024-11-25,82.3800,82.6300,82.0400,82.2900,78.5091,8243100
2024-11-26,82.2400,82.7100,82.1400,82.6300,78.8334,6973600
2024-11-27,83.0000,83.2400,82.6500,82.8000,78.9956,7067800
2024-11-29,82.7800,83.3000,82.6700,83.2200,79.3963,4982600
2024-12-02,83.1400,83.2200,82.5200,83.1200,79.3009,10750100
2024-12-03,83.0500,83.1100,82.5400,82.6900,78.8907,11053200
2024-12-04,82.4700,82.5800,82.0500,82.4600,78.6712,10100900
2024-12-05,82.5500,82.9500,82.3300,82.7900,78.9861,12639000
2024-12-06,82.8100,83.2900,82.3800,82.3800,78.5949,7180600
2024-12-09,82.5000,82.8800,82.0300,82.2500,78.4709,11614000
2024-12-10,82.1900,82.8400,81.8600,82.6400,78.8430,8497200
2024-12-11,82.7700,83.1100,81.9700,82.0100,78.2419,9046100
2024-12-12,82.5300,82.6200,82.1200,82.2500,78.4709,5410800
2024-12-13,82.0900,82.5200,81.6300,82.0400,78.2705,8154300
2024-12-16,82.0700,82.4800,81.5900,81.6100,77.8603,6495000
2024-12-17,81.4400,81.8900,81.3300,81.4700,77.7267,8535900
2024-12-18,81.1600,81.4300,80.2100,80.2300,76.5437,17223000
2024-12-19,80.1600,80.5600,79.6600,79.6600,75.9999,15778400
2024-12-20,79.6200,80.4000,79.3500,79.9400,76.2670,11035400
2024-12-23,79.0500,79.2300,78.1600,78.9200,75.8652,11469000
2024-12-24,78.8500,79.4900,78.7400,79.4400,76.3651,3932600
2024-12-26,79.2900,79.7400,79.2200,79.6900,76.6054,4253700
2024-12-27,79.3200,79.7200,79.0100,79.3000,76.2305,6601700
2024-12-30,78.9600,79.0100,78.1200,78.3700,75.3365,7249300
2024-12-31,78.5300,78.8600,78.1600,78.6100,75.5672,6125500
2025-01-02,78.7800,79.1400,78.1100,78.3700,75.3365,9321800
2025-01-03,78.5200,78.7000,78.0500,78.3300,75.2980,6991300
2025-01-06,78.4200,78.4400,77.4200,77.5100,74.5098,9275700
2025-01-07,77.7100,78.1600,77.1300,77.2400,74.2502,11112800
2025-01-08,77.1600,77.4600,76.6700,77.3800,74.3848,9277400
2025-01-10,76.8900,77.3300,76.2400,76.3400,73.3851,13943200
2025-01-13,76.4000,76.6600,76.0600,76.4700,73.5101,9490900
2025-01-14,76.5600,76.6500,76.1300,76.4900,73.5293,7763700
2025-01-15,76.9100,77.1500,76.1100,76.2300,73.2793,11426800
2025-01-16,76.0800,76.8800,75.8100,76.8000,73.8273,11223400
2025-01-17,76.9400,77.4000,76.8500,77.2400,74.2502,10524800
2025-01-21,77.3900,77.9000,77.3100,77.6000,74.5963,8849500
2025-01-22,77.9500,77.9500,77.1500,77.2200,74.2310,8357500
2025-01-23,77.1100,77.5300,76.8000,77.5000,74.5002,7562500
2025-01-24,77.4700,77.9300,77.4300,77.9000,74.8847,6685300
2025-01-27,78.6900,80.1600,78.6800,80.0100,76.9130,17519900
2025-01-28,79.7600,80.1000,78.6000,78.7600,75.7114,11664900
2025-01-29,78.8800,79.3000,78.8100,78.9500,75.8940,10195100
2025-01-30,79.3400,79.9000,79.1800,79.7300,76.6439,8192000
2025-01-31,79.0300,79.5700,78.9300,78.9800,75.9229,10269000
2025-02-03,78.4100,79.4500,78.2300,79.2900,76.2209,13340800
2025-02-04,79.0200,79.1000,78.3000,78.6200,75.5768,9307500
2025-02-05,78.6100,79.1300,78.1900,79.1100,76.0479,8847800
2025-02-06,80.1500,80.1700,79.2200,79.4700,76.3939,9846300
2025-02-07,79.4900,79.6800,79.1200,79.3500,76.2786,8104000
2025-02-10,79.5600,79.8500,79.0600,79.8400,76.7496,7949600
2025-02-11,79.9600,80.6300,79.6700,80.6100,77.4898,9157100
2025-02-12,79.9200,80.6500,79.8700,80.5500,77.4321,10564000
2025-02-13,80.7600,81.4900,80.5400,81.4200,78.2684,10132300
2025-02-14,81.3800,81.4300,80.5900,80.6100,77.4898,10470300
2025-02-18,80.3500,80.9200,79.9000,80.9000,77.7686,10432400
2025-02-19,81.0900,81.5800,80.8900,81.5500,78.3934,6450800
2025-02-20,80.5600,81.2300,80.4300,81.2300,78.0858,14264000
2025-02-21,81.2300,82.2500,80.9800,82.1800,78.9990,18203300
2025-02-24,81.8500,82.8100,81.8100,82.4300,79.2394,14114200
2025-02-25,82.6900,83.8800,82.6900,83.6000,80.3641,18198000
2025-02-26,83.2800,83.3600,81.8500,82.0000,78.8260,19969500
2025-02-27,81.6400,82.4300,81.6200,81.9900,78.8164,16613700
2025-02-28,82.6900,83.1300,82.1400,83.0800,79.8642,15163900
2025-03-03,82.6800,83.8200,82.6800,83.5200,80.2872,18918900
2025-03-04,83.3600,84.1400,82.0500,82.1000,78.9221,21845600
2025-03-05,81.9400,82.7500,81.8100,82.4400,79.2490,13772700
2025-03-06,82.1300,82.8000,81.9400,82.5900,79.3932,13729400
2025-03-07,82.0600,83.4300,82.0400,82.8600,79.6527,19631100
2025-03-10,82.9900,84.3500,82.3600,82.6800,79.4797,27412700
2025-03-11,82.5100,82.5800,81.4100,81.4700,78.3165,27913700
2025-03-12,80.6800,80.9800,79.6200,79.7000,76.6150,22000500
2025-03-13,79.8000,80.1200,79.1800,79.3300,76.2593,18077400
2025-03-14,79.1500,79.5800,78.8800,79.5100,76.4324,10251300
2025-03-17,79.6500,80.9100,79.5800,80.6700,77.5475,12470000
2025-03-18,80.6100,80.7100,79.7000,79.7500,76.6631,9461100
2025-03-19,79.5700,79.8300,79.1400,79.7500,76.6631,12042700
2025-03-20,79.6300,79.9200,79.2400,79.3600,76.2882,10954500
2025-03-21,79.3000,79.5300,78.9900,79.3300,76.2593,11926200
2025-03-24,79.0300,79.4800,78.9600,79.4000,76.7309,9586600
2025-03-25,79.2600,79.3600,78.4300,78.6800,76.0351,12703200
2025-03-26,78.8500,80.0800,78.8500,79.9000,77.2141,11491900
2025-03-27,80.1300,80.9700,80.0700,80.8100,78.0935,9253000
2025-03-28,80.9200,81.1000,80.1100,80.4100,77.7070,12493200
2025-03-31,80.5300,81.9200,80.5300,81.6700,78.9246,14299100
2025-04-01,81.8600,82.0100,81.3200,81.7900,79.0406,11201000
2025-04-02,81.8300,82.0600,81.1800,81.5500,78.8087,9219000
2025-04-03,81.7500,82.8200,81.3500,82.0200,79.2629,20746100
2025-04-04,81.5800,82.0400,78.4600,78.4600,75.8225,35619500
2025-04-07,76.6000,79.3800,76.1600,77.5500,74.9431,45133500
2025-04-08,78.7100,78.9700,75.6100,76.3500,73.7835,26842500
2025-04-09,75.9700,79.9400,75.8300,79.3100,76.6440,39358900
2025-04-10,79.3000,80.1500,77.9700,79.3500,76.6826,25968000
2025-04-11,79.6500,80.8600,78.9100,80.3500,77.6490,19009500
2025-04-14,80.6900,82.0500,80.3300,81.7200,78.9730,12388100
2025-04-15,81.8400,81.9400,80.9800,81.0300,78.3061,8920200
2025-04-16,81.3700,81.4900,79.8200,80.1600,77.4654,13657300
2025-04-17,80.5100,82.2600,80.3900,81.8700,79.1179,13663600
2025-04-21,81.9400,82.0300,80.2000,81.0900,78.3641,13804400
2025-04-22,81.4000,82.7100,81.2600,82.2400,79.4755,11258800
2025-04-23,82.3800,82.7100,81.1300,81.7700,79.0213,17717300
2025-04-24,81.2200,81.3300,80.6800,81.0500,78.3255,12480700
2025-04-25,81.2000,81.4400,80.0000,80.8400,78.1225,14378000
2025-04-28,80.9100,81.2200,80.1400,80.5700,77.8616,12088900
2025-04-29,80.2300,81.3000,79.7900,81.2400,78.5091,10065700
2025-04-30,81.6900,82.1500,80.6700,81.8300,79.0793,10565800
2025-05-01,81.2900,81.5500,80.8300,81.1200,78.3931,13203000
2025-05-02,81.5800,81.8600,81.2100,81.5600,78.8183,14859700
2025-05-05,81.5800,81.6800,81.0000,81.4900,78.7507,10236300
2025-05-06,81.3300,81.6300,80.9700,81.3500,78.6154,10506300
2025-05-07,81.4300,81.8500,81.1600,81.4800,78.7410,10474900
2025-05-08,81.5700,81.9500,81.0700,81.3800,78.6444,11018500
2025-05-09,81.0300,81.3400,80.8200,80.9100,78.1902,9231500
2025-05-12,80.9700,81.2300,80.3300,81.0300,78.3061,18914800
2025-05-13,80.7600,80.8800,79.6500,79.9400,77.2528,13148500
2025-05-14,79.8000,79.9100,79.3600,79.5100,76.8372,10352000
2025-05-15,79.5800,81.1900,79.2600,81.1400,78.4125,13370000
2025-05-16,81.2200,82.0700,81.1000,82.0700,79.3112,11973300
2025-05-19,81.8500,82.3700,81.6100,82.3100,79.5431,13601400
2025-05-20,82.2700,82.8400,82.2700,82.6000,79.8234,12719300
2025-05-21,82.2000,82.3300,81.5100,81.6400,78.8956,10989100
2025-05-22,81.5700,81.7400,80.9700,81.3000,78.5671,11871600
2025-05-23,81.2600,81.7700,80.7600,81.6000,78.8570,10693100
2025-05-27,81.9000,82.3900,81.7200,82.3400,79.5721,14433600
2025-05-28,82.3100,82.5800,81.6900,81.7800,79.0309,9963800
2025-05-29,81.8100,82.1600,81.4000,82.1100,79.3498,13321300
2025-05-30,81.9700,83.1900,81.9700,82.8300,80.0456,17778900
2025-06-02,82.5900,82.8900,82.0600,82.8800,80.0940,15827900
2025-06-03,82.7400,82.9300,82.2200,82.8000,80.0166,13265600
2025-06-04,82.8200,82.8400,82.1500,82.2200,79.4561,10804100
2025-06-05,82.0500,82.1600,81.2100,81.4300,78.6927,16474500
2025-06-06,81.8100,81.9500,81.4300,81.6900,78.9440,10948900
2025-06-09,81.5600,81.8300,81.1900,81.5800,78.8377,13027300
2025-06-10,81.5900,81.9500,81.4500,81.7600,79.0116,12364900
2025-06-11,81.7100,81.7100,81.2100,81.4800,78.7410,11204000
2025-06-12,81.4500,81.9800,81.0900,81.9600,79.2049,10709900
2025-06-13,81.7100,82.1600,80.7700,80.9600,78.2385,15635100
2025-06-16,81.1600,81.8500,80.9700,81.2200,78.4898,12728200
2025-06-17,80.9900,81.1200,80.5000,80.5300,77.8230,15059900
2025-06-18,80.7500,80.8400,80.3800,80.4300,77.7263,11117700
2025-06-20,80.7200,81.2400,80.6100,81.0200,78.2965,16771500
2025-06-23,80.5300,81.4700,80.4700,81.4000,79.2033,17771400
2025-06-24,81.3900,81.4800,80.9700,81.3300,79.1352,12580900
2025-06-25,81.1600,81.1600,80.1300,80.2400,78.0746,12880400
2025-06-26,80.3200,80.6400,79.9700,80.1700,78.0065,13783200
2025-06-27,80.2500,80.8000,80.1700,80.5500,78.3763,15135300
2025-06-30,80.5100,81.1200,80.3900,80.9700,78.7849,12080000
2025-07-01,81.0600,82.4800,81.0600,81.9800,79.7677,23302100
2025-07-02,81.9200,82.2700,81.5400,82.2200,80.0012,16429100
2025-07-03,82.2700,82.3300,81.7800,82.1800,79.9623,10898400
2025-07-07,82.1000,82.1600,81.6800,82.1100,79.8942,14365100
2025-07-08,81.7900,81.9100,81.2800,81.3500,79.1547,15712800
2025-07-09,81.4600,81.5500,80.3700,80.8200,78.6390,22179000
2025-07-10,80.8600,81.4200,80.5700,81.1100,78.9212,16687900
2025-07-11,80.7900,81.0100,80.4000,80.8100,78.6292,16936700
2025-07-14,80.8300,80.9300,80.2800,80.8800,78.6973,13694000
2025-07-15,80.7000,80.8500,80.0600,80.0700,77.9092,17681600
2025-07-16,80.1100,80.4200,79.6800,80.3500,78.1817,15633600
2025-07-17,80.6600,81.1600,80.4700,81.1100,78.9212,17079000
2025-07-18,81.1500,81.4900,80.7900,80.8900,78.7071,12755000
2025-07-21,80.9600,81.3200,80.7900,80.8800,78.6973,13430900
2025-07-22,80.4800,81.7600,80.4200,81.6200,79.4174,20413700
2025-07-23,81.6500,81.8600,81.3900,81.6500,79.4466,13808900
2025-07-24,81.7200,81.8100,81.2900,81.3600,79.1644,11462600
2025-07-25,81.3100,81.5200,81.0400,81.5000,79.3006,9284900
2025-07-28,81.0700,81.2000,80.5500,80.6600,78.4833,12113200
2025-07-29,80.8000,81.4300,80.3700,81.1900,78.9990,18872900
2025-07-30,81.2300,81.4900,80.2500,80.4700,78.2984,16485500
2025-07-31,79.9000,80.5600,79.6500,79.7800,77.6270,18339700
2025-08-01,80.2200,80.6600,80.0500,80.1600,77.9968,28529200
2025-08-04,80.0600,80.6900,80.0600,80.5500,78.3763,14441900
2025-08-05,80.5100,80.9100,80.3500,80.4700,78.2984,15062900
2025-08-06,80.7000,81.8900,80.5000,81.6200,79.4174,16043200
2025-08-07,81.7600,82.3600,81.4900,82.2400,80.0207,15984100
2025-08-08,82.3100,82.7900,82.2800,82.4800,80.2542,14135200
2025-08-11,82.5200,82.6300,81.9100,82.4100,80.1861,12970500
2025-08-12,82.5200,82.7000,82.2600,82.6300,80.4001,16449500
2025-08-13,82.1900,82.8000,81.9300,82.6300,80.4001,17683900
2025-08-14,82.3500,82.4000,81.8300,81.8900,79.6801,12826500
2025-08-15,82.0300,82.2700,81.6500,82.0200,79.8066,12217700
2025-08-18,82.0600,82.2900,81.8600,81.9100,79.6996,11892100
2025-08-19,82.0700,82.8800,82.0500,82.7500,80.5169,13215600
2025-08-20,82.7200,83.9000,82.6400,83.2200,80.9742,24835800
2025-08-21,82.6500,82.6900,82.1800,82.4700,80.2445,18125200
2025-08-22,82.7200,83.2600,82.2600,82.4700,80.2445,16491500
2025-08-25,82.0900,82.2300,80.9800,81.0600,78.8725,20490600
2025-08-26,80.9500,81.0000,80.3800,80.5300,78.3568,17724000
2025-08-27,80.4400,80.8000,80.3500,80.7700,78.5903,11764700
2025-08-28,80.8200,80.8700,80.0200,80.2600,78.0941,14505000
2025-08-29,80.4400,80.8400,80.2800,80.7800,78.6001,15675800
2025-09-02,80.9200,81.2000,80.3300,80.6500,78.4736,16662400
2025-09-03,80.2500,80.6300,79.9100,80.5900,78.4152,14723100
2025-09-04,80.7500,81.0500,80.4400,80.6400,78.4638,12717400
2025-09-05,80.6200,81.2800,80.4200,80.8700,78.6876,20657300
2025-09-08,80.7800,80.7900,80.0400,80.5700,78.3957,18019800
2025-09-09,80.4100,80.8500,80.3200,80.7300,78.5514,13459600
2025-09-10,80.3900,80.5400,79.5400,79.9400,77.7827,19041800
2025-09-11,80.1500,80.8200,80.0300,80.5900,78.4152,16717500
2025-09-12,80.4500,80.6400,80.1100,80.3200,78.1525,10261000
2025-09-15,80.2900,80.4800,79.3600,79.4000,77.2573,14871900
2025-09-16,79.5300,79.9400,79.3500,79.7600,77.6076,16171000
2025-09-17,79.8800,80.7400,79.8800,80.2400,78.0746,14408700
2025-09-18,79.7100,80.0200,79.5300,79.5400,77.3935,21046100
2025-09-19,79.7300,79.7500,79.3100,79.3800,77.2378,13348900
2025-09-22,78.5400,78.6000,77.9100,77.9600,76.3767,11993700
2025-09-23,78.0300,78.3800,77.7300,78.3500,76.7588,9703700
2025-09-24,78.3300,78.8300,78.2000,78.5200,76.9253,10634100
2025-09-25,78.8600,78.9300,77.7700,77.7700,76.1905,12046100
2025-09-26,77.6900,78.0100,77.4900,77.9600,76.3767,11547800
2025-09-29,78.0900,78.1300,77.5800,78.1100,76.5236,11490300
2025-09-30,78.0100,78.5400,77.9500,78.3700,76.7784,12306100
2025-10-01,78.2700,78.4900,77.8000,78.2500,76.6608,10125300
2025-10-02,77.9100,78.2000,77.7500,77.9400,76.3571,8422100
2025-10-03,77.9100,78.3500,77.8100,78.0300,76.4453,8426600
2025-10-06,77.8600,77.9200,77.3800,77.4600,75.8868,10740000
2025-10-07,77.5600,78.3000,77.1600,78.1800,76.5922,12084200
2025-10-08,78.1200,78.1300,77.6600,77.7900,76.2101,9503000
2025-10-09,78.0400,78.1600,77.6900,78.0400,76.4551,9315600
2025-10-10,78.3000,78.7700,78.1000,78.1000,76.5138,20763500
2025-10-13,77.7300,78.1300,77.4400,77.8400,76.2591,12692100
2025-10-14,77.9200,79.1300,77.7900,79.0900,77.4837,12884100
2025-10-15,79.0800,79.7200,78.9600,79.2300,77.6209,9111200
2025-10-16,79.4300,79.7500,78.4800,78.6800,77.0821,13600000
2025-10-17,79.0600,79.7800,79.0200,79.7300,78.1107,13983900
2025-10-20,79.9000,80.0100,79.5300,79.6600,78.0422,13002500
2025-10-21,79.8000,79.8500,79.0700,79.2900,77.6797,17471400
2025-10-22,79.4100,80.2500,78.9900,79.7400,78.1205,13294700
2025-10-23,79.8300,79.8600,79.0100,79.3500,77.7385,10809500
2025-10-24,79.8800,79.9000,79.0600,79.0900,77.4837,12735500
2025-10-27,79.3000,79.3300,78.8700,79.2200,77.6111,13984700
2025-10-28,78.9100,79.0000,78.4100,78.4300,76.8372,8927500
2025-10-29,77.8900,77.9000,76.4900,76.5800,75.0247,19894100
2025-10-30,76.6100,76.9500,76.4700,76.5000,74.9463,17364800
2025-10-31,76.1900,76.4900,75.8100,76.2800,74.7308,14658200
2025-11-03,76.1200,76.1800,75.4600,75.6800,74.1430,16185500
2025-11-04,76.0000,76.2000,75.5500,75.9900,74.4467,18147000
2025-11-05,75.9000,76.2100,75.5100,75.9400,74.3977,15782900
2025-11-06,75.7000,75.9300,75.1600,75.6000,74.0646,15452200
2025-11-07,76.1300,76.8500,75.8800,76.7100,75.1521,16959500
2025-11-10,76.4800,76.6100,75.9300,76.4300,74.8778,16805900
2025-11-11,76.6700,77.5400,76.6100,77.4300,75.8575,19801200
2025-11-12,77.4900,77.7300,77.3000,77.3200,75.7497,10978200
2025-11-13,77.3300,77.7900,77.1200,77.3200,75.7497,15370800
2025-11-14,77.3500,77.6100,76.7900,77.2600,75.6909,13138200
2025-11-17,77.2800,77.6000,76.7200,76.7700,75.2109,13887100
2025-11-18,76.9800,77.3800,76.6400,77.1000,75.5341,16840000
2025-11-19,76.9400,77.0700,76.2300,76.5100,74.9561,15122100
2025-11-20,76.7500,77.3800,76.7000,77.0600,75.4950,21590200
2025-11-21,77.3600,78.4000,77.2100,77.9000,76.3179,22216000
2025-11-24,77.8000,77.9300,76.9000,77.0000,75.4362,17869400
2025-11-25,77.2000,78.0900,77.2000,78.0600,76.4747,18586300
2025-11-26,78.0600,79.1100,78.0600,78.9100,77.3074,13275100
2025-11-28,78.8000,79.3900,78.8000,79.3700,77.7581,8914300
2025-12-01,79.2600,79.5300,79.0400,79.2900,77.6797,16939900
2025-12-02,79.0500,79.0500,78.1700,78.7700,77.1702,20551000
2025-12-03,78.9300,79.5500,78.7400,78.8300,77.2290,16832900
2025-12-04,78.6900,78.9100,78.0100,78.4500,76.8567,14269500
2025-12-05,78.4000,78.9900,78.2300,78.4600,76.8665,13343200
2025-12-08,78.3100,78.3200,77.6800,77.8100,76.2297,14602000
2025-12-09,77.9800,78.2200,77.6500,77.9900,76.4061,14040200
2025-12-10,78.1900,78.3800,77.9300,78.2200,76.6314,13945300
2025-12-11,78.4100,79.0700,78.4000,78.8000,77.1996,13753800
2025-12-12,78.9300,79.4600,78.8000,79.4200,77.8070,14506900
2025-12-15,79.6300,79.9100,79.3200,79.6400,78.0226,14499400
2025-12-16,79.7900,79.9700,79.1000,79.2800,77.6699,13055300
2025-12-17,79.3900,79.8800,79.3500,79.6500,78.0324,14268400
2025-12-18,79.3300,79.8200,79.1400,79.1900,77.5817,12117100
2025-12-19,79.1200,79.1600,78.7600,78.7800,77.1800,13142000
2025-12-22,77.9700,78.2000,77.7300,77.8800,76.9104,10983600
2025-12-23,77.8100,77.8200,77.3800,77.5100,76.5450,7638500
2025-12-24,77.5500,78.1900,77.5500,78.1200,77.1475,4697100
2025-12-26,78.0400,78.4100,77.9700,78.2300,77.2561,8761300
2025-12-29,78.1700,78.4800,78.1700,78.2800,77.3055,9242300
2025-12-30,78.1000,78.3300,78.0400,78.1500,77.1771,5610900
2025-12-31,77.9900,78.1200,77.6700,77.6800,76.7129,5872000
2026-01-02,77.7100,77.9700,77.3000,77.6900,76.7228,15968600
2026-01-05,77.5600,77.5700,76.7600,77.3500,76.3870,23429400
2026-01-06,77.3400,77.6900,77.1400,77.4700,76.5055,17108100
2026-01-07,77.5600,77.6900,76.6000,76.6200,75.6661,18977200
2026-01-08,76.6100,78.7300,76.5100,78.4400,77.4635,26260100
2026-01-09,78.4300,79.3400,78.3700,79.2500,78.2634,18234000
2026-01-12,79.5300,80.2700,79.2600,80.1800,79.1818,26411200
2026-01-13,80.2100,81.1900,80.2100,81.1100,80.1002,26284200
2026-01-14,81.0800,82.3500,81.0500,82.2300,81.2063,32494200
2026-01-15,82.1000,82.5100,81.8500,82.3700,81.3445,29123700
2026-01-16,82.1500,82.2800,81.7200,82.1100,81.0878,23754200
2026-01-20,81.9500,82.5600,81.4500,82.3600,81.3347,19889000
2026-01-21,82.1700,82.5700,81.6600,82.4400,81.4137,23029100
2026-01-22,82.3400,82.5700,82.0500,82.2700,81.2458,15777300
2026-01-23,82.3800,82.9400,82.3100,82.9100,81.8778,20185600
2026-01-26,83.0500,83.3300,82.6400,82.7800,81.7494,13188000
2026-01-27,82.7600,83.2400,82.4500,83.1600,82.1247,13532200
2026-01-28,83.0000,83.4000,81.9500,82.3200,81.2952,16303200
2026-01-29,82.3600,82.8500,82.0100,82.1300,81.1075,18799300
2026-01-30,82.1800,83.5100,82.0300,83.5100,82.4704,18174800
2026-02-02,83.7600,84.6600,83.2900,84.5000,83.4480,26041700
2026-02-03,84.1200,86.3400,84.0600,85.8700,84.8010,33052500
2026-02-04,86.3200,87.3500,86.2200,86.9900,85.9070,33748100
2026-02-05,87.5800,87.6400,86.4700,86.9200,85.8379,38772900
2026-02-06,86.8500,88.0900,86.7000,87.9400,86.8452,29568600
2026-02-09,87.9100,88.2200,86.8800,87.4300,86.3415,21853900
2026-02-10,87.3300,87.8300,86.8200,87.1500,86.0650,20908100
2026-02-11,86.9900,88.7100,86.7300,88.4000,87.2995,25588300
2026-02-12,88.4900,90.0600,88.4900,89.2100,88.0994,35282800
2026-02-13,89.0500,90.0000,88.6200,89.5100,88.3957,25649700
2026-02-17,89.6300,90.1400,87.6500,88.2000,87.1020,29819300
2026-02-18,87.9300,88.5200,87.6200,88.0400,86.9439,20422200
2026-02-19,88.0000,88.7000,87.3700,87.6700,86.5786,18447200
2026-02-20,87.6700,87.9500,87.1800,87.8900,86.7958,17909400
2026-02-23,87.6800,89.1700,87.6800,88.9700,87.8624,22070900
2026-02-24,88.9600,89.7800,88.7600,89.7400,88.6228,20364000
2026-02-25,89.3400,89.4600,88.3200,89.0100,87.9019,15215600
2026-02-26,89.2600,89.6400,88.5900,88.8600,87.7537,15925900
2026-02-27,88.9800,90.0600,88.9600,90.0100,88.8894,17314200
2026-03-02,89.4400,89.7900,88.6900,88.7100,87.6056,27606700
2026-03-03,88.3500,88.5100,87.1600,87.7400,86.6477,36852400
2026-03-04,87.8100,87.9600,86.9300,87.1600,86.0749,22736400
2026-03-05,86.3400,86.4400,85.0600,85.4100,84.3467,33738500
2026-03-06,84.9200,85.8500,84.6200,85.7800,84.7121,25859700
2026-03-09,85.2700,86.1600,84.8000,85.9700,84.8997,20729100
2026-03-10,85.6900,86.4900,85.1600,85.7200,84.6528,18864900
2026-03-11,85.5500,85.6100,84.2100,84.5900,83.5369,18432200
2026-03-12,83.9200,84.9700,83.6900,84.2500,83.2011,17861800
2026-03-13,84.7100,85.1100,84.5600,84.7400,83.6850,13103600
2026-03-16,85.2100,85.4600,84.8200,84.9800,83.9221,12882500
2026-03-17,85.4000,85.6800,84.6400,84.7000,83.6455,12224900
2026-03-18,84.0100,84.0300,82.6000,82.6400,81.6112,19412700
2026-03-19,82.6200,83.0000,81.8300,81.9700,80.9495,18581300
2026-03-20,82.1100,82.3100,81.0600,81.2900,80.2780,20895800
2026-03-23,81.7800,81.8300,80.9800,81.1800,80.6206,21027400
2026-03-24,80.8000,82.0300,80.6300,81.1100,80.5511,14830000
2026-03-25,81.4300,81.6300,80.5100,81.5100,80.9483,17648200
2026-03-26,81.4800,82.2300,81.0700,81.1400,80.5809,14148400
2026-03-27,81.2700,82.3200,80.9900,81.7800,81.2165,25942100
2026-03-30,81.9100,82.6100,81.6300,81.8800,81.3158,15855700
2026-03-31,82.0000,82.2700,81.1500,81.9800,81.4151,19522700
2026-04-01,81.7200,81.8700,80.9200,81.4600,80.8987,29643400
2026-04-02,81.7100,81.9800,81.1600,81.8900,81.3257,20709800
2026-04-06,81.8600,82.6900,81.6100,82.6600,82.0904,9796700
2026-04-07,82.4600,82.5400,81.1000,81.2600,80.7001,13331200
2026-04-08,81.2500,82.8000,80.9700,82.7800,82.2096,12645900
2026-04-09,82.2400,83.6400,82.0600,83.4500,82.8750,11716200
2026-04-10,83.3800,83.4100,82.1400,82.3700,81.8024,12097000
2026-04-13,82.1400,82.2700,81.0700,81.5500,80.9881,9981200
2026-04-14,81.0600,81.7500,80.7100,81.4700,80.9086,11577400
2026-04-15,81.2300,81.3200,80.4600,81.0600,80.5014,10893700
2026-04-16,80.9900,81.8000,80.8700,81.4300,80.8689,13279000
2026-04-17,81.3200,82.5400,81.1500,82.4600,81.8918,12251700
2026-04-20,82.5500,82.9500,82.0800,82.3900,81.8223,9430800
2026-04-21,82.3400,82.4500,81.7400,81.8400,81.2761,8710400
2026-04-22,82.0900,82.5100,81.8500,82.1100,81.5442,9138500
2026-04-23,82.3600,83.6600,82.3600,83.4800,82.9048,12354400
2026-04-24,83.7600,83.8600,82.9500,83.2300,82.6565,10852700
2026-04-27,83.1000,83.3400,82.2700,82.3400,81.7726,11125800
2026-04-28,83.6000,83.6500,82.6200,83.0800,82.5075,10170400
2026-04-29,82.7600,83.2400,82.4700,82.9200,82.3486,12096900
2026-04-30,83.2900,84.4400,83.1800,84.3100,83.7290,15360200
2026-05-01,84.7200,85.0600,83.7400,84.1700,83.5900,13320000
2026-05-04,83.5400,84.3500,83.1400,83.5400,82.9643,12599100
2026-05-05,83.4800,84.4600,83.2700,84.0600,83.4808,10891500
2026-05-06,84.3400,84.5100,83.8400,84.2400,83.6595,11529800
2026-05-07,83.9300,84.3000,83.1500,83.9800,83.4013,10116900
2026-05-08,84.5300,84.8000,84.1600,84.1800,83.5999,10323400
2026-05-11,84.0800,84.2900,82.8300,83.3700,82.7955,11062700
2026-05-12,83.7100,85.0200,83.2100,84.4400,83.8581,16105000
2026-05-13,84.2000,85.2600,84.1400,84.7200,84.1362,10463200
2026-05-14,84.9500,85.2600,84.7900,84.9800,84.3944,6627600
2026-05-15,85.5300,85.5900,84.5100,84.6400,84.0568,12229600
2026-05-18,84.7500,85.9400,84.6800,85.9000,85.3081,11634800
2026-05-19,85.8200,86.7000,85.1600,86.0900,85.4968,12233000
2026-05-20,85.5800,86.0700,84.8100,85.5200,84.9307,14035000
2026-05-21,84.5600,84.7700,83.4400,84.6600,84.0766,13185200
2026-05-22,84.7200,85.1200,84.4400,84.8000,84.2157,7889900
2026-05-26,84.7900,84.8900,83.5300,83.6300,83.0537,9475800
2026-05-27,84.0200,85.1600,83.9000,84.5800,83.9972,12224200
2026-05-28,84.8600,84.9500,84.3700,84.4300,83.8482,6414300
2026-05-29,83.9700,84.1000,82.8500,82.9100,82.3387,13011100
2026-06-01,82.5100,82.6400,81.6800,82.0300,81.4648,20246700
2026-06-02,81.9200,82.2900,81.4800,81.8300,81.2661,15723400
2026-06-03,81.7900,82.7200,81.6500,82.1600,81.5939,14750300
2026-06-04,83.3400,83.6100,81.8400,82.0400,81.4747,12184700
2026-06-05,82.5900,84.3900,82.4400,83.4400,82.8650,17021500
2026-06-08,82.9700,83.4900,82.9300,83.0700,82.4976,9544500
2026-06-09,83.1800,84.5900,83.0400,84.1000,83.5205,12440600
2026-06-10,84.7600,85.6200,84.4000,85.4900,84.9009,13134100
2026-06-11,85.6800,85.9600,85.2000,85.2700,84.6824,18013600
2026-06-12,85.4600,85.8600,85.1200,85.8200,85.2286,9363000
2026-06-15,85.4700,85.7700,85.1300,85.4800,84.8910,10980200
2026-06-16,85.7900,86.3500,85.0900,85.5900,85.0002,9364100
2026-06-17,85.1900,85.3900,83.3600,83.6800,83.1034,18015200
2026-06-18,83.8400,83.8900,83.1300,83.3000,82.7260,10446700
2026-06-22,82.6600,83.1400,82.1500,82.1800,82.1800,11243600
2026-06-23,83.6200,83.8400,83.0300,83.7200,83.7200,14963300
2026-06-24,84.0400,84.8100,83.8200,84.4400,84.4400,11294900
2026-06-25,83.9500,84.9900,83.7000,83.9400,83.9400,12076100
2026-06-26,84.6500,85.2200,84.4500,84.7100,84.7100,11372100
2026-06-29,84.9100,85.0800,84.0500,84.3700,84.3700,10163800
2026-06-30,83.9900,84.0900,82.9500,83.0700,83.0700,12752500
2026-07-01,83.1000,83.3300,82.7700,83.3000,83.3000,12210100
2026-07-02,83.7500,85.1400,83.7500,84.9900,84.9900,16704700
2026-07-06,84.8000,85.1000,83.3200,84.1000,84.1000,13176600
2026-07-07,85.5200,85.9600,84.4500,84.8600,84.8600,13234800
2026-07-08,85.1700,85.3000,84.3500,84.3900,84.3900,10998500
2026-07-09,83.5500,83.8400,83.1100,83.2000,83.2000,11322100
2026-07-10,83.2400,84.1900,83.1700,84.1200,84.1200,8305400
2026-07-13,84.5500,85.5400,84.3800,84.5900,84.5900,8118700
2026-07-14,84.5100,84.7400,83.3500,83.4200,83.4200,7871000
2026-07-15,83.1000,84.2200,82.9700,83.4700,83.4700,7387500
2026-07-16,84.1400,85.8200,84.0400,85.8100,85.8100,12146500
2026-07-17,86.7900,87.4300,84.7600,85.1900,85.1900,15692300
2026-07-20,85.1400,85.4000,84.5600,84.8600,84.8600,8570800
2026-07-21,84.4300,84.6000,83.9200,84.0600,84.0600,7388000
2026-07-22,84.5800,85.0200,84.0700,84.3800,84.3800,6545700
2026-07-23,83.2000,83.6900,82.8100,83.2100,83.2100,10350900
2026-07-24,83.3700,84.2800,83.1600,84.1300,84.1300,9634500
2026-07-27,84.4200,85.7700,84.3800,85.3600,85.3600,12238200
2026-07-28,87.0700,88.7800,86.9300,87.0600,87.0600,22246300
2026-07-29,86.3400,87.8800,86.3400,87.3600,87.3600,14859700
2026-07-30,86.0000,86.0900,84.9900,85.4700,85.4700,16600400
2026-07-31,84.8500,85.4300,84.3300,85.0500,85.0500,11382900
2026-08-03,85.9200,86.3400,84.6300,84.8600,84.8600,12592500
2026-08-04,84.2900,85.4300,83.8600,85.3700,85.3700,13262100
2026-08-05,85.7400,85.8800,84.7900,85.3300,85.3300,7739100
2026-08-06,86.3100,86.4100,84.6900,85.1100,85.1100,8275700
2026-08-07,84.5000,85.2100,84.2500,85.1200,85.1200,5690700
2026-08-10,84.6600,85.0500,84.3300,84.9500,84.9500,6917500
2026-08-11,84.6200,84.9800,84.3500,84.6900,84.6900,7358300
2026-08-12,84.0900,85.1300,84.0100,85.0800,85.0800,6448300
2026-08-13,85.6100,86.2000,85.5100,86.0000,86.0000,10352900
2026-08-14,86.0000,86.3000,85.8200,86.0900,86.0900,6970200
2026-08-17,85.3600,85.6100,84.5900,84.6800,84.6800,10513400
2026-08-18,85.7600,86.1900,85.1300,85.5800,85.5800,10663000
2026-08-19,85.7200,87.1900,85.7200,86.5400,86.5400,11244000
2026-08-20,85.2000,86.0000,85.0000,85.3200,85.3200,11495300
2026-08-21,85.6000,86.0100,85.2800,85.9900,85.9900,11194000
2026-08-24,86.4500,87.4700,86.4500,87.4500,87.4500,9105200
2026-08-25,86.8600,87.0100,86.2500,86.5200,86.5200,7022700
2026-08-26,86.6200,86.6900,86.2500,86.2700,86.2700,7315400
2026-08-27,85.3100,85.8600,85.0700,85.0800,85.0800,8492100
2026-08-31,85.3500,85.3500,84.9000,84.9800,84.9800,7012600
