date,open,high,low,close,adj_close,volume
1998-12-22,24.8125,25.0625,24.8125,25.0312,16.7162,5700
1998-12-23,25.1875,25.5938,25.1875,25.5938,17.0918,18100
1998-12-24,25.6250,25.7500,25.5156,25.7500,17.1961,4900
1998-12-28,25.6719,25.7500,25.3750,25.3750,16.9457,15500
1998-12-29,25.3750,25.9375,25.3750,25.9375,17.3214,5300
1998-12-30,26.0000,26.0312,25.7188,25.7188,17.1753,17300
1998-12-31,25.8125,26.0000,25.7500,26.0000,17.3631,6600
1999-01-04,26.2500,26.3750,25.7812,25.9375,17.3214,249200
1999-01-05,26.0000,26.3438,26.0000,26.3438,17.5926,4400
1999-01-06,26.5312,26.7812,26.4688,26.7812,17.8848,38500
1999-01-07,26.5312,26.6875,26.3438,26.6562,17.8013,15900
1999-01-08,26.7188,26.9844,26.7188,26.9844,18.0205,24400
1999-01-11,26.9688,27.2500,26.8125,27.0469,18.0622,7700
1999-01-12,27.1250,27.2500,26.9062,26.9375,17.9892,270700
1999-01-13,25.7812,26.8750,25.7812,26.6875,17.8222,7100
1999-01-14,26.7812,26.8594,26.3750,26.4688,17.6761,12200
1999-01-15,26.5625,26.9062,26.5625,26.8281,17.9161,7700
1999-01-19,27.2812,27.6562,27.1250,27.5938,18.4274,22700
1999-01-20,27.7500,28.1250,27.5938,27.7500,18.5318,25800
1999-01-21,27.6875,27.6875,26.7188,26.7812,17.8848,23200
1999-01-22,26.5938,26.8750,26.4062,26.6719,17.8118,67100
1999-01-25,26.6875,26.9062,26.6875,26.8906,17.9579,495300
1999-01-26,26.9375,27.0312,26.6719,27.0156,18.0413,187400
1999-01-27,27.0938,27.0938,26.7500,26.7500,17.8639,6800
1999-01-28,27.0000,27.3438,27.0000,27.2500,18.1978,25800
1999-01-29,27.2812,27.2812,26.9062,27.2500,18.1978,13800
1999-02-01,27.3750,27.4688,27.1562,27.4062,18.3022,34000
1999-02-02,26.9688,27.0469,26.6250,27.0000,18.0309,141700
1999-02-03,26.9375,27.5156,26.9375,27.5156,18.3752,38900
1999-02-04,27.3438,27.4375,27.1250,27.3125,18.2396,7400
1999-02-05,27.3125,27.3125,26.8125,27.0000,18.0309,16900
1999-02-08,27.1250,27.1250,26.8750,26.9844,18.0205,6500
1999-02-09,27.0625,27.0938,26.5000,26.5000,17.6970,220800
1999-02-10,26.3125,26.5625,26.1875,26.5625,17.7387,17800
1999-02-11,26.4688,27.2812,26.3750,27.2812,18.2187,5300
1999-02-12,27.1250,27.1250,26.7188,26.8750,17.9474,8400
1999-02-16,27.0000,27.3125,27.0000,27.1250,18.1144,18500
1999-02-17,27.0625,27.2500,26.8125,26.8438,17.9266,12900
1999-02-18,26.9375,27.2031,26.7656,27.1875,18.1561,11500
1999-02-19,27.1875,27.3750,27.1875,27.2656,18.2083,13900
1999-02-22,27.3750,27.8594,27.3125,27.8438,18.5944,17800
1999-02-23,27.9062,27.9062,27.5000,27.7969,18.5631,15000
1999-02-24,27.8750,27.9844,27.4688,27.4688,18.3439,28000
1999-02-25,27.3438,27.3438,26.8750,27.2031,18.1665,98900
1999-02-26,27.3125,27.3594,26.8906,27.2812,18.2187,10800
1999-03-01,27.2188,27.2500,26.9062,27.2344,18.1874,8800
1999-03-02,27.4062,27.6406,27.0469,27.2188,18.1770,11500
1999-03-03,27.3125,27.3125,27.0000,27.0469,18.0622,13100
1999-03-04,27.4375,27.5312,27.2344,27.5312,18.3857,10400
1999-03-05,27.9375,28.2188,27.8438,28.1562,18.8031,25400
1999-03-08,28.0938,28.1875,27.9375,28.1875,18.8239,62700
1999-03-09,27.8438,28.2500,27.8125,27.9688,18.6778,12200
1999-03-10,27.9375,28.2188,27.7812,28.2188,18.8448,10700
1999-03-11,28.2188,28.5625,28.2188,28.4062,18.9700,23600
1999-03-12,28.5312,28.6562,28.2500,28.2500,18.8657,24600
1999-03-15,28.4375,28.5469,28.2188,28.3438,18.9283,144800
1999-03-16,28.4375,28.4375,28.2344,28.2812,18.8865,9100
1999-03-17,28.1875,28.3594,28.0156,28.1250,18.7822,2700
1999-03-18,27.9688,28.5156,27.9688,28.5156,19.0430,9500
1999-03-19,28.5312,28.6562,28.2812,28.3906,18.9596,6900
1999-03-22,28.3125,28.5938,28.2812,28.3125,18.9074,40900
1999-03-23,28.2500,28.2500,27.4375,27.5312,18.3857,15400
1999-03-24,27.4688,27.6562,27.3438,27.6562,18.4691,12800
1999-03-25,27.9062,28.1250,27.7500,28.1250,18.7822,9700
1999-03-26,27.9219,28.0312,27.8438,27.9062,18.6361,6600
1999-03-29,27.9375,28.3281,27.9375,28.2500,18.8657,8100
1999-03-30,28.2188,28.3594,28.0938,28.1562,18.8031,37300
1999-03-31,28.2500,28.2500,28.0000,28.0000,18.6987,6300
1999-04-01,28.0000,28.0781,27.6562,28.0000,18.6987,22500
1999-04-05,28.4375,28.7500,28.4375,28.6250,19.1161,12400
1999-04-06,28.7500,28.8750,28.5625,28.6562,19.1369,14500
1999-04-07,28.8438,29.3438,28.8438,29.2031,19.5022,15700
1999-04-08,29.1250,29.5000,29.0938,29.5000,19.7004,29600
1999-04-09,29.5000,29.5938,29.2812,29.5938,19.7630,6600
1999-04-12,29.2812,30.3438,29.2812,30.3438,20.2639,87300
1999-04-13,30.4375,30.4688,30.0312,30.0312,20.0552,23600
1999-04-14,30.2500,30.3125,29.7500,29.7500,19.8674,96900
1999-04-15,29.8125,29.8125,28.7812,29.0000,19.3665,17800
1999-04-16,29.0000,29.0000,28.5312,28.7188,19.1787,10400
1999-04-19,28.9375,29.0938,27.8750,27.9375,18.6570,32700
1999-04-20,28.1250,28.4688,27.9062,28.4688,19.0117,15700
1999-04-21,28.4062,29.1250,28.4062,29.1250,19.4500,16000
1999-04-22,29.2500,29.8438,29.2500,29.7188,19.8465,20200
1999-04-23,29.9062,30.3906,29.9062,30.3906,20.2952,9800
1999-04-26,30.5312,30.5312,30.1875,30.3438,20.2639,36200
1999-04-27,30.5781,30.5938,30.0938,30.3750,20.2848,13900
1999-04-28,30.2500,30.2500,29.5625,29.5625,19.7422,25500
1999-04-29,29.6250,29.8125,29.0312,29.2188,19.5126,9800
1999-04-30,29.4375,29.5938,29.0000,29.0000,19.3665,5800
1999-05-03,29.3438,29.5938,29.2500,29.5625,19.7422,13000
1999-05-04,29.6875,29.6875,29.0000,29.0000,19.3665,23000
1999-05-05,29.0938,29.3125,28.8125,29.2500,19.5335,17100
1999-05-06,29.3750,29.5938,29.3125,29.3750,19.6169,17500
1999-05-07,29.6250,29.6250,29.1875,29.2812,19.5543,8000
1999-05-10,29.3125,29.5625,29.1562,29.2188,19.5126,27300
1999-05-11,29.5625,29.7500,29.5000,29.6875,19.8256,51000
1999-05-12,29.4688,30.0625,29.4062,29.9688,20.0135,8100
1999-05-13,30.0938,30.0938,29.7500,29.7812,19.8882,9600
1999-05-14,29.1250,29.3125,29.1250,29.2500,19.5335,4600
1999-05-17,28.9062,29.0625,28.6875,29.0625,19.4083,5800
1999-05-18,28.9375,29.2188,28.7500,28.7500,19.1996,8500
1999-05-19,28.9688,29.1875,28.9062,29.0938,19.4291,12100
1999-05-20,29.2500,29.6250,29.2500,29.4844,19.6900,15300
1999-05-21,29.3750,29.3750,29.0625,29.1562,19.4709,8400
1999-05-24,29.2188,29.2500,28.4688,28.4688,19.0117,14000
1999-05-25,28.5000,28.7500,28.1875,28.1875,18.8239,7200
1999-05-26,28.3750,28.3750,27.9688,28.2188,18.8448,9300
1999-05-27,28.1094,28.1094,27.7344,27.9062,18.6361,6600
1999-05-28,28.0000,28.1250,27.9531,28.1094,18.7717,6000
1999-06-01,27.9688,28.1875,27.8438,28.1875,18.8239,4400
1999-06-02,28.3438,28.3438,27.7812,28.0938,18.7613,9200
1999-06-03,28.2812,28.4375,28.2812,28.3125,18.9074,4900
1999-06-04,28.8750,29.0312,28.8125,29.0000,19.3665,1200
1999-06-07,28.7500,28.7500,28.5312,28.7500,19.1996,4200
1999-06-08,28.6250,28.7656,28.5156,28.5156,19.0430,6400
1999-06-09,28.5312,28.7500,28.4844,28.5312,19.0535,3000
1999-06-10,28.2188,28.2969,27.9375,28.2969,18.8970,13300
1999-06-11,28.4375,28.4688,27.9688,27.9688,18.6778,2500
1999-06-14,28.2500,28.2500,28.0625,28.1250,18.7822,12700
1999-06-15,28.3125,28.6875,28.3125,28.4375,18.9909,3600
1999-06-16,28.9375,29.0000,28.9062,29.0000,19.3665,13500
1999-06-17,29.0625,29.2656,28.9688,29.1406,19.4604,12300
1999-06-18,29.0000,29.1562,28.9375,29.0000,19.3665,6200
1999-06-21,29.0938,29.0938,28.8438,28.8594,19.2726,14100
1999-06-22,29.0938,29.0938,28.8125,28.8125,19.2413,3900
1999-06-23,28.7031,28.8750,28.4688,28.8750,19.2830,7900
1999-06-24,28.5625,28.6562,28.2031,28.3438,18.9283,14100
1999-06-25,28.6250,28.6250,28.3750,28.3750,18.9491,3000
1999-06-28,28.4375,28.6875,28.4062,28.6875,19.1578,3000
1999-06-29,28.7500,29.0312,28.6562,28.9688,19.3456,2100
1999-06-30,29.0312,29.4688,28.7500,29.3438,19.5961,22500
1999-07-01,29.2188,29.5000,29.1250,29.4375,19.6587,3900
1999-07-02,29.5312,29.5312,29.2188,29.4375,19.6587,17700
1999-07-06,29.1250,29.4062,29.1250,29.3750,19.6169,7100
1999-07-07,29.3750,29.5625,29.3438,29.5625,19.7422,3200
1999-07-08,29.3750,29.5781,29.3125,29.5000,19.7004,9600
1999-07-09,29.4062,29.6250,29.4062,29.6250,19.7839,17000
1999-07-12,29.6875,29.7812,29.5000,29.6875,19.8256,4700
1999-07-13,29.6250,29.7500,29.5625,29.6250,19.7839,5300
1999-07-14,29.7500,29.7500,29.4375,29.6875,19.8256,19700
1999-07-15,29.9062,29.9062,29.6562,29.8281,19.9195,12700
1999-07-16,29.8438,29.9375,29.6562,29.8438,19.9300,4900
1999-07-19,30.0312,30.0312,29.6875,29.7188,19.8465,7000
1999-07-20,29.6250,29.7812,29.5312,29.5938,19.7630,18900
1999-07-21,29.4375,29.6562,29.3750,29.5312,19.7213,16200
1999-07-22,29.3750,29.5000,29.0312,29.0625,19.4083,12100
1999-07-23,29.0000,29.1875,28.7500,28.8125,19.2413,27300
1999-07-26,28.5625,28.9688,28.5625,28.8438,19.2622,17400
1999-07-27,29.2812,29.4688,29.0312,29.3750,19.6169,16300
1999-07-28,29.2812,29.3438,29.0938,29.1562,19.4709,7400
1999-07-29,28.8438,28.8750,28.5625,28.6562,19.1369,10500
1999-07-30,28.6875,28.8438,28.4688,28.4688,19.0117,2800
1999-08-02,28.5000,28.6562,28.2500,28.2812,18.8865,87600
1999-08-03,28.3125,28.3125,27.9219,28.1562,18.8031,5500
1999-08-04,28.0938,28.1562,27.7500,27.7500,18.5318,86400
1999-08-05,27.7500,27.7500,27.1875,27.6719,18.4796,31900
1999-08-06,27.4062,27.5312,27.2500,27.3750,18.2813,11700
1999-08-09,27.3750,27.5000,27.3125,27.4062,18.3022,6200
1999-08-10,27.1562,27.1562,26.6875,26.8594,17.9370,6000
1999-08-11,26.7969,27.1250,26.7969,27.1250,18.1144,11700
1999-08-12,27.1875,27.3125,27.0312,27.1250,18.1144,10000
1999-08-13,27.5000,27.6875,27.4688,27.5938,18.4274,8000
1999-08-16,27.6250,27.8438,27.5625,27.5938,18.4274,18400
1999-08-17,27.8750,28.0312,27.7344,27.9375,18.6570,15100
1999-08-18,28.0625,28.2656,27.9219,28.1250,18.7822,7900
1999-08-19,27.7500,28.0000,27.7031,28.0000,18.6987,4900
1999-08-20,28.0625,28.1250,27.9375,27.9375,18.6570,2700
1999-08-23,28.2188,28.2500,28.0781,28.2031,18.8344,8700
1999-08-24,28.1250,28.1250,27.6250,27.8125,18.5735,14300
1999-08-25,27.6562,28.3750,27.6406,28.3750,18.9491,22100
1999-08-26,28.1875,28.3438,28.0312,28.1562,18.8031,6000
1999-08-27,28.1875,28.1875,27.8281,27.9531,18.6674,6500
1999-08-30,27.9219,27.9219,27.2812,27.2812,18.2187,18000
1999-08-31,27.1875,27.3281,26.8750,27.1875,18.1561,18100
1999-09-01,27.0625,27.3438,27.0312,27.2188,18.1770,3800
1999-09-02,26.9375,27.1094,26.9062,26.9375,17.9892,8600
1999-09-03,27.5781,27.8906,27.5625,27.7969,18.5631,6200
1999-09-07,28.0469,28.2188,28.0469,28.1250,18.7822,11500
1999-09-08,28.0000,28.2500,28.0000,28.0000,18.6987,14300
1999-09-09,27.9688,28.0469,26.7500,27.8125,18.5735,6900
1999-09-10,27.9531,28.0625,27.7969,27.9688,18.6778,11300
1999-09-13,27.9375,27.9844,27.7656,27.9219,18.6465,5500
1999-09-14,27.7344,27.8594,27.6406,27.6406,18.4587,6100
1999-09-15,27.8125,27.8438,27.3125,27.3750,18.2813,7300
1999-09-16,27.2188,27.3906,27.0625,27.3906,18.2918,7000
1999-09-17,27.5156,28.1719,27.5156,28.1719,18.8135,9800
1999-09-20,28.3125,28.3125,27.3125,27.8281,18.5839,7600
1999-09-21,27.5938,28.4219,27.2656,27.3281,18.2500,9600
1999-09-22,27.3594,27.4375,27.0938,27.2656,18.2083,4800
1999-09-23,27.3281,27.4844,26.9688,26.9688,18.0100,4000
1999-09-24,27.0156,27.0156,26.5312,26.5469,17.7283,5500
1999-09-27,26.8750,26.8750,26.7031,26.7500,17.8639,5200
1999-09-28,26.6250,26.7344,26.2188,26.5000,17.6970,20000
1999-09-29,26.6562,26.8438,26.5781,26.5781,17.7492,3900
1999-09-30,26.6250,26.9062,26.4688,26.8125,17.9057,9600
1999-10-01,26.7656,26.8594,26.3594,26.7188,17.8431,9900
1999-10-04,26.7500,27.1250,26.7500,27.1250,18.1144,6400
1999-10-05,27.0000,27.0938,26.7656,26.7656,17.8744,9200
1999-10-06,26.8125,27.4375,26.8125,27.4375,18.3231,21700
1999-10-07,27.3906,27.5156,27.1562,27.1875,18.1561,12600
1999-10-08,27.0781,27.4844,27.0781,27.4844,18.3544,4300
1999-10-11,27.3125,27.5625,27.3125,27.4062,18.3022,3600
1999-10-12,27.1875,27.2500,26.9375,26.9375,17.9892,4300
1999-10-13,26.8906,26.9375,26.3438,26.3438,17.5926,12900
1999-10-14,26.1719,26.4062,26.0938,26.2500,17.5300,5200
1999-10-15,25.8125,26.0000,25.6250,25.7969,17.2274,7100
1999-10-18,25.5469,25.7500,25.3281,25.6719,17.1440,3900
1999-10-19,26.0469,26.1562,25.6875,25.6875,17.1544,6300
1999-10-20,26.1562,26.3750,25.9531,26.3125,17.5718,46400
1999-10-21,26.1719,26.3594,26.0938,26.3594,17.6031,4200
1999-10-22,26.5000,26.7188,26.5000,26.6875,17.8222,25900
1999-10-25,26.6250,26.6875,26.4375,26.6875,17.8222,24600
1999-10-26,26.7500,26.8125,26.5000,26.5000,17.6970,30800
1999-10-27,26.5469,26.5781,26.2188,26.5000,17.6970,33200
1999-10-28,26.9531,27.6562,26.9531,27.6406,18.4587,8000
1999-10-29,28.1875,28.5000,28.1094,28.1719,18.8135,39400
1999-11-01,28.2969,28.2969,28.1250,28.1875,18.8239,22400
1999-11-02,28.2812,28.3281,27.7969,27.8281,18.5839,19900
1999-11-03,28.0312,28.0312,27.7344,27.9531,18.6674,7400
1999-11-04,28.1250,28.3750,28.1250,28.2656,18.8761,8800
1999-11-05,28.6562,28.6562,28.1406,28.1406,18.7926,23600
1999-11-08,28.0000,28.2500,28.0000,28.1875,18.8239,16600
1999-11-09,28.3125,28.3281,27.9375,28.0000,18.6987,10000
1999-11-10,27.6719,28.1875,27.6719,28.1719,18.8135,21300
1999-11-11,28.4219,28.5938,28.3438,28.5000,19.0326,8000
1999-11-12,28.8906,29.1250,28.5312,29.0625,19.4083,33500
1999-11-15,29.0000,29.3438,29.0000,29.1875,19.4917,15700
1999-11-16,29.2500,29.6094,29.2500,29.5625,19.7422,17700
1999-11-17,29.5000,29.5000,29.2500,29.2656,19.5439,3300
1999-11-18,29.2812,29.6562,29.2812,29.4531,19.6691,8200
1999-11-19,29.4688,29.4688,29.2656,29.3125,19.5752,8700
1999-11-22,29.0000,29.0938,28.8750,29.0000,19.3665,15700
1999-11-23,28.9062,28.9062,28.4688,28.5156,19.0430,7000
1999-11-24,28.4375,28.9219,28.4375,28.9219,19.3143,21400
1999-11-26,28.8125,28.8125,28.6875,28.6875,19.1578,9400
1999-11-29,28.5156,28.7188,28.5156,28.5156,19.0430,31700
1999-11-30,28.5625,28.8125,28.4062,28.5000,19.0326,7500
1999-12-01,28.4688,28.5938,28.3750,28.4375,18.9909,40700
1999-12-02,28.5000,28.6875,28.5000,28.6875,19.1578,20800
1999-12-03,28.9375,29.6562,28.9375,29.2500,19.5335,24600
1999-12-06,29.3594,29.4375,29.2500,29.4219,19.6482,40700
1999-12-07,29.4375,29.5625,29.3438,29.3438,19.5961,11500
1999-12-08,29.4062,29.7344,29.4062,29.6250,19.7839,38900
1999-12-09,29.8281,30.1250,29.8281,30.0781,20.0865,12100
1999-12-10,30.2500,30.2500,29.7656,29.8906,19.9613,18800
1999-12-13,29.6875,29.9531,29.6875,29.6875,19.8256,10700
1999-12-14,29.5312,29.8281,29.5312,29.7500,19.8674,16000
1999-12-15,29.5625,29.9062,29.4531,29.5000,19.7004,8400
1999-12-16,29.6250,29.7344,29.3750,29.7344,19.8569,9500
1999-12-17,29.9688,30.2500,29.8125,30.2500,20.2013,485300
1999-12-20,30.1562,30.4062,29.9688,29.9688,20.1306,301300
1999-12-21,29.8125,30.0625,29.7188,29.7812,20.0046,558700
1999-12-22,29.8594,30.0000,29.7812,29.8125,20.0256,153500
1999-12-23,30.0000,30.5312,30.0000,30.4375,20.4455,445400
1999-12-27,30.7500,30.7500,30.4375,30.4375,20.4455,500800
1999-12-28,30.4062,30.6719,30.4062,30.5000,20.4874,112800
1999-12-29,30.3125,30.4844,30.3125,30.4844,20.4769,27900
1999-12-30,30.4062,30.7500,30.4062,30.5938,20.5504,7300
1999-12-31,30.5938,30.8906,30.5938,30.8906,20.7498,7200
2000-01-03,31.0000,31.0000,30.0625,30.2969,20.3510,246700
2000-01-04,30.1875,30.2031,29.5312,29.6094,19.8892,35300
2000-01-05,29.7812,29.7812,29.2188,29.3438,19.7108,137600
2000-01-06,29.3125,29.5625,29.1562,29.4375,19.7737,50000
2000-01-07,29.4688,29.7969,29.3594,29.7969,20.0151,22100
2000-01-10,32.2500,32.9375,31.6250,32.8438,22.0618,31800
2000-01-11,32.5312,32.5312,31.9531,31.9688,21.4740,17900
2000-01-12,32.2188,32.2188,31.3125,31.4375,21.1172,12400
2000-01-13,31.7188,32.4375,31.5938,32.3750,21.7469,600000
2000-01-14,32.5938,32.5938,31.9062,32.0938,21.5580,23600
2000-01-18,31.8750,31.8750,31.4688,31.5000,21.1592,417300
2000-01-19,31.5938,32.2500,31.5000,32.2500,21.6629,10400
2000-01-20,32.4062,32.5000,31.8750,32.0000,21.4950,64200
2000-01-21,31.8750,32.0469,31.6875,31.9375,21.4530,37300
2000-01-24,32.0312,32.1875,30.9844,30.9844,20.8128,72100
2000-01-25,31.2500,31.4375,31.0000,31.2031,20.9597,24400
2000-01-26,31.1875,31.2969,31.0000,31.0625,20.8653,10500
2000-01-27,31.2031,31.3906,30.8750,30.8750,20.7393,10700
2000-01-28,30.9375,31.0312,30.2500,30.2500,20.3195,18100
2000-01-31,30.3750,30.3750,29.8594,30.1094,20.2250,27500
2000-02-01,30.2188,30.5312,30.1562,30.5000,20.4874,161600
2000-02-02,30.7188,31.2500,30.7188,31.2500,20.9912,7700
2000-02-03,31.2031,31.6094,31.0156,31.5312,21.1801,31500
2000-02-04,31.7344,31.8125,31.4375,31.6406,21.2536,11300
2000-02-07,31.6250,31.6250,30.9844,31.1250,20.9073,36400
2000-02-08,31.1875,31.5312,31.1875,31.4688,21.1382,265000
2000-02-09,31.4375,31.4375,30.7656,30.9062,20.7603,19000
2000-02-10,30.8750,31.0625,30.6250,30.6406,20.5819,5000
2000-02-11,30.6406,30.8750,30.5781,30.6562,20.5924,9200
2000-02-14,30.3125,30.4688,29.9062,30.0938,20.2146,14900
2000-02-15,30.0312,30.0312,29.6250,29.8594,20.0571,23100
2000-02-16,29.6250,29.7500,29.0000,29.0156,19.4904,35000
2000-02-17,29.1562,29.2969,28.8750,29.0000,19.4799,15300
2000-02-18,28.9375,28.9844,28.2031,28.2031,18.9446,109900
2000-02-22,28.4531,28.4531,27.8438,28.0000,18.8081,35300
2000-02-23,27.9375,28.6250,27.9375,28.4375,19.1020,17500
2000-02-24,28.4688,28.5938,27.7500,28.2188,18.9551,172800
2000-02-25,28.1562,28.1875,27.0000,27.3438,18.3673,21200
2000-02-28,27.4688,27.8281,27.2812,27.8281,18.6927,103600
2000-02-29,27.9375,28.3594,27.8281,28.1406,18.9026,15500
2000-03-01,28.2656,28.5312,28.0312,28.3750,19.0600,26700
2000-03-02,28.3438,28.4375,28.1562,28.2500,18.9761,47600
2000-03-03,28.4688,28.7031,28.3438,28.6406,19.2385,372700
2000-03-06,28.4531,28.6094,28.0781,28.0781,18.8606,316300
2000-03-07,28.0938,28.2500,27.5000,27.5625,18.5143,635200
2000-03-08,27.3125,27.6875,27.3125,27.4219,18.4198,184000
2000-03-09,27.4688,28.1562,27.3750,28.0625,18.8501,15400
2000-03-10,28.0000,28.2031,27.8125,27.8281,18.6927,165300
2000-03-13,27.2188,27.8438,27.2188,27.6250,18.5562,64200
2000-03-14,27.8125,28.0938,27.7031,27.7031,18.6087,36200
2000-03-15,27.8438,28.0625,27.5625,27.8438,18.7032,42200
2000-03-16,28.1250,29.2812,28.1250,29.2812,19.6688,168500
2000-03-17,29.1562,29.5938,29.0625,29.3125,19.6898,62000
2000-03-20,29.8125,30.0000,29.7031,29.8750,20.0676,8200
2000-03-21,30.0000,30.1250,29.7188,30.0625,20.1936,18100
2000-03-22,30.3125,31.0469,30.3125,30.8281,20.7078,29900
2000-03-23,30.6250,31.1562,30.6250,30.9531,20.7918,24900
2000-03-24,31.0000,31.3594,31.0000,31.2188,20.9702,9200
2000-03-27,31.0469,31.3594,31.0000,31.0000,20.8233,14400
2000-03-28,31.0000,31.1719,30.8750,31.0312,20.8443,13700
2000-03-29,30.7812,30.8281,30.4062,30.5625,20.5294,6800
2000-03-30,30.5000,30.6250,29.9844,30.1250,20.2355,14000
2000-03-31,30.3438,30.6719,30.0625,30.6719,20.6029,14400
2000-04-03,30.9219,30.9219,30.6562,30.6562,20.5924,11200
2000-04-04,30.8281,31.1250,29.4375,30.3125,20.3615,7600
2000-04-05,30.0000,30.3438,29.9219,30.1094,20.2250,7100
2000-04-06,30.2812,30.8438,30.2812,30.6875,20.6134,29000
2000-04-07,30.8125,30.9062,30.5469,30.7656,20.6659,6000
2000-04-10,30.8125,30.8594,30.5625,30.5625,20.5294,16000
2000-04-11,30.5000,30.8281,30.4844,30.8281,20.7078,10100
2000-04-12,30.8750,30.9375,30.2656,30.2656,20.3300,13100
2000-04-13,30.0156,30.0625,29.3750,29.5000,19.8157,17500
2000-04-14,28.4688,28.5938,27.7188,27.7188,18.6192,9800
2000-04-17,27.7812,28.0625,27.1406,27.9531,18.7766,16900
2000-04-18,27.8906,28.7188,27.8906,28.7188,19.2909,50900
2000-04-19,29.1875,29.5000,29.0938,29.4688,19.7947,7200
2000-04-20,29.4688,29.5938,29.2500,29.5938,19.8787,4000
2000-04-24,29.0000,29.3125,28.8750,29.1719,19.5953,18000
2000-04-25,29.3125,29.9062,29.3125,29.9062,20.0886,3600
2000-04-26,30.0000,30.4688,30.0000,30.2188,20.2985,15500
2000-04-27,29.6250,30.1875,29.6250,30.0312,20.1726,5200
2000-04-28,30.5781,30.5781,30.1875,30.3125,20.3615,4900
2000-05-01,30.4062,30.5625,30.2812,30.4062,20.4245,3500
2000-05-02,29.9375,29.9375,29.6406,29.7969,20.0151,3800
2000-05-03,29.3125,29.4062,28.6875,28.9688,19.4589,10600
2000-05-04,28.8750,29.0625,28.7656,28.8750,19.3959,18600
2000-05-05,28.7812,29.0312,28.7812,28.8438,19.3749,4700
2000-05-08,28.6719,28.9062,28.5781,28.9062,19.4169,5800
2000-05-09,28.9375,28.9375,28.6562,28.7031,19.2804,6200
2000-05-10,28.9375,29.0938,28.4688,28.6562,19.2489,9100
2000-05-11,28.6562,28.7500,28.5625,28.6250,19.2280,3800
2000-05-12,28.8750,29.2188,28.8438,29.1250,19.5638,5100
2000-05-15,29.0000,29.6250,29.0000,29.6094,19.8892,8000
2000-05-16,29.8438,30.1562,29.8438,30.0000,20.1516,11200
2000-05-17,29.6562,29.9062,29.5938,29.6562,19.9207,6600
2000-05-18,29.8125,29.8125,29.5625,29.6250,19.8997,2200
2000-05-19,29.1562,29.1562,28.8125,28.8438,19.3749,5500
2000-05-22,28.8125,28.8125,28.3750,28.5156,19.1545,47300
2000-05-23,28.5625,28.6562,28.2812,28.2812,18.9970,6600
2000-05-24,28.8125,28.8125,28.0781,28.4688,19.1230,7800
2000-05-25,28.5000,28.6875,28.2500,28.2500,18.9761,112100
2000-05-26,28.5000,28.5000,27.9688,28.0312,18.8291,139600
2000-05-30,28.2812,29.2500,28.2812,29.1875,19.6058,52200
2000-05-31,29.2500,29.5000,29.1250,29.5000,19.8157,41100
2000-06-01,29.5625,29.6562,29.2500,29.3125,19.6898,19300
2000-06-02,29.8438,30.2500,29.8125,30.0312,20.1726,26900
2000-06-05,30.1562,30.2031,29.8750,29.9375,20.1096,8100
2000-06-06,29.8750,29.9688,29.5938,29.6875,19.9417,22800
2000-06-07,29.5938,29.8125,29.4062,29.6094,19.8892,9400
2000-06-08,29.7500,29.7500,29.3750,29.3750,19.7318,9500
2000-06-09,29.5938,29.9688,29.5938,29.8125,20.0256,14300
2000-06-12,29.7500,29.7500,29.3750,29.5312,19.8367,17200
2000-06-13,29.2812,29.4062,29.1250,29.1250,19.5638,4100
2000-06-14,29.6875,29.8438,29.4688,29.6250,19.8997,10100
2000-06-15,30.0000,30.4688,30.0000,30.4688,20.4664,57000
2000-06-16,30.3125,30.5000,30.0625,30.1250,20.2355,1318500
2000-06-19,30.3125,30.4062,30.1562,30.3125,20.3615,21100
2000-06-20,30.0625,30.3750,29.9375,30.2656,20.3300,5300
2000-06-21,30.0312,30.2500,30.0000,30.1250,20.2355,134600
2000-06-22,30.0000,30.2188,30.0000,30.0625,20.1936,25200
2000-06-23,30.0625,30.0625,29.3125,29.5000,19.8157,2900
2000-06-26,29.5000,29.5000,29.1250,29.2188,19.6268,6600
2000-06-27,29.1562,29.3750,29.0625,29.1562,19.5848,59200
2000-06-28,29.3438,29.4844,29.0312,29.0312,19.5008,42100
2000-06-29,29.0000,29.4688,28.9062,29.4688,19.7947,31900
2000-06-30,29.3750,29.5625,29.3281,29.5625,19.8577,16600
2000-07-03,29.2500,29.5000,29.2500,29.5000,19.8157,2400
2000-07-05,29.5625,29.7812,29.4062,29.6875,19.9417,83100
2000-07-06,29.7188,29.8438,29.4062,29.6250,19.8997,12400
2000-07-07,29.5000,29.9062,29.5000,29.8750,20.0676,14400
2000-07-10,29.8438,29.8438,29.4062,29.6250,19.8997,23200
2000-07-11,29.2812,29.5000,29.2188,29.2969,19.6793,6400
2000-07-12,29.7344,30.0000,29.5625,29.8438,20.0466,98400
2000-07-13,29.6562,30.0625,29.6562,29.9375,20.1096,5600
2000-07-14,30.1562,30.4062,29.9688,30.4062,20.4245,4000
2000-07-17,30.4375,30.4375,30.0000,30.0312,20.1726,26200
2000-07-18,29.7812,29.9062,29.5469,29.5625,19.8577,56600
2000-07-19,29.6875,29.9688,29.6250,29.7500,19.9836,7600
2000-07-20,29.9062,30.2812,29.9062,30.2188,20.2985,2000
2000-07-21,30.0938,30.0938,29.4375,29.4688,19.7947,6500
2000-07-24,29.5000,29.5000,29.1562,29.1875,19.6058,61200
2000-07-25,29.4375,29.4375,29.0938,29.2031,19.6163,42500
2000-07-26,29.2500,29.2812,28.9688,28.9688,19.4589,26900
2000-07-27,29.1250,29.3438,29.0781,29.1562,19.5848,2000
2000-07-28,29.2188,29.2188,28.6250,28.8438,19.3749,7800
2000-07-31,29.0000,29.1250,28.9375,29.1250,19.5638,33800
2000-08-01,29.0312,29.5938,29.0312,29.3750,19.7318,6200
2000-08-02,29.3125,29.6250,29.3125,29.5000,19.8157,9500
2000-08-03,29.4375,29.6562,29.2812,29.6562,19.9207,18400
2000-08-04,30.1562,30.5000,30.0312,30.2656,20.3300,57300
2000-08-07,30.2812,30.3438,30.0312,30.0312,20.1726,3500
2000-08-08,30.2812,30.3125,30.0312,30.1250,20.2355,4000
2000-08-09,29.9688,30.0625,29.8438,29.8438,20.0466,7900
2000-08-10,29.7812,29.9062,29.6562,29.9062,20.0886,28700
2000-08-11,29.8750,30.3438,29.8750,30.0938,20.2146,10400
2000-08-14,30.3438,30.4375,30.1562,30.4375,20.4455,3400
2000-08-15,30.2812,30.6562,30.0625,30.2812,20.3405,32800
2000-08-16,30.4062,30.4062,29.7812,29.8438,20.0466,3700
2000-08-17,29.9062,30.2188,29.9062,30.1250,20.2355,60400
2000-08-18,30.0312,30.1250,29.9531,30.1250,20.2355,2100
2000-08-21,30.1250,30.3125,30.1250,30.2188,20.2985,3800
2000-08-22,29.9688,29.9688,29.8125,29.8438,20.0466,3800
2000-08-23,29.7812,30.0469,29.7188,29.8750,20.0676,41100
2000-08-24,30.0000,30.0000,29.7500,29.7969,20.0151,2100
2000-08-25,30.0000,30.2969,30.0000,30.2969,20.3510,5300
2000-08-28,30.2188,30.2188,29.9531,30.0000,20.1516,13100
2000-08-29,30.1406,30.3438,30.0469,30.1406,20.2460,23800
2000-08-30,30.1406,30.4531,30.1406,30.3438,20.3825,9500
2000-08-31,30.2500,30.4375,30.1250,30.1562,20.2565,3700
2000-09-01,30.0312,30.2812,30.0312,30.1250,20.2355,68400
2000-09-05,30.0000,30.0000,29.2656,29.5312,19.8367,436100
2000-09-06,29.5312,29.7812,29.4062,29.4062,19.7527,36400
2000-09-07,29.5938,29.5938,29.1250,29.1719,19.5953,37500
2000-09-08,29.3125,29.4688,29.1875,29.1875,19.6058,956100
2000-09-11,29.1562,29.5000,29.0625,29.2969,19.6793,536300
2000-09-12,29.4062,29.5312,29.1250,29.2812,19.6688,561400
2000-09-13,29.3125,29.5938,29.1406,29.5938,19.8787,14300
2000-09-14,29.6719,29.6719,29.2812,29.2812,19.6688,43100
2000-09-15,29.5156,29.5156,29.1562,29.1562,19.5848,21900
2000-09-18,29.3750,29.5000,28.9688,29.1094,19.5533,50300
2000-09-19,28.9688,29.0312,28.7656,28.9219,19.4274,13000
2000-09-20,28.6719,28.6719,28.1250,28.3594,19.0495,14700
2000-09-21,28.4062,28.6250,28.1406,28.6250,19.2280,12100
2000-09-22,28.3438,28.3750,28.0000,28.3750,19.0600,4800
2000-09-25,28.6562,28.9375,28.6562,28.7969,19.3434,7100
2000-09-26,28.9688,28.9688,28.6875,28.7969,19.3434,5400
2000-09-27,28.6250,28.6875,28.3125,28.3125,19.0180,7200
2000-09-28,28.5625,29.1406,28.5000,29.1406,19.5743,56300
2000-09-29,29.0312,29.0625,28.8750,29.0625,19.5218,2600
2000-10-02,29.2500,29.4375,29.2188,29.4375,19.7737,4000
2000-10-03,29.6250,29.8125,29.4375,29.5469,19.8472,15900
2000-10-04,29.6250,29.7812,29.4062,29.7812,20.0046,1700
2000-10-05,29.9375,30.4688,29.8750,30.0469,20.1831,19900
2000-10-06,30.1250,30.1250,29.3438,29.3438,19.7108,3700
2000-10-09,29.2812,29.2812,29.0781,29.1562,19.5848,9400
2000-10-10,29.1562,29.5781,29.1562,29.1875,19.6058,2000
2000-10-11,28.9062,29.0469,28.4375,28.4531,19.1125,29100
2000-10-12,28.5938,28.5938,27.3750,27.5000,18.4723,7900
2000-10-13,27.2500,28.3281,27.0938,28.0156,18.8186,5700
2000-10-16,27.8438,27.9375,27.6562,27.7500,18.6402,6400
2000-10-17,27.6562,27.8438,26.1250,26.3750,17.7166,13500
2000-10-18,25.3750,27.0000,25.1875,26.8125,18.0105,8700
2000-10-19,27.0625,27.1875,26.8438,27.1250,18.2204,8100
2000-10-20,27.3906,28.2812,27.3906,27.6875,18.5982,11400
2000-10-23,27.9375,28.1875,27.8438,28.0938,18.8711,4000
2000-10-24,28.3125,28.8125,28.0625,28.1562,18.9131,103300
2000-10-25,28.2500,28.2656,27.6562,27.6562,18.5772,5800
2000-10-26,28.0625,28.1875,27.6406,28.0469,18.8396,4800
2000-10-27,27.9375,28.2969,27.9375,28.2969,19.0076,3000
2000-10-30,28.5625,28.8438,28.2500,28.8438,19.3749,3700
2000-10-31,29.0312,29.5000,28.6875,29.5000,19.8157,22700
2000-11-01,29.5469,29.7031,29.3438,29.7031,19.9522,5900
2000-11-02,29.6250,29.9688,29.6250,29.9688,20.1306,16200
2000-11-03,30.0000,30.0781,29.8438,29.8594,20.0571,5400
2000-11-06,29.8125,30.1875,29.8125,30.0625,20.1936,9100
2000-11-07,29.9688,30.1875,29.8438,30.1875,20.2775,29100
2000-11-08,30.2500,30.3750,29.9375,29.9375,20.1096,14800
2000-11-09,29.1562,29.1562,28.1562,28.5625,19.1860,14700
2000-11-10,28.3750,28.6719,28.3750,28.4531,19.1125,11200
2000-11-13,27.8750,28.0000,27.5312,27.8438,18.7032,21200
2000-11-14,28.1875,28.5625,28.1562,28.5156,19.1545,8600
2000-11-15,28.6250,28.7500,28.3594,28.6562,19.2489,4000
2000-11-16,28.6562,28.6719,28.3125,28.3125,19.0180,3700
2000-11-17,28.2500,28.6406,27.9688,28.1250,18.8921,11500
2000-11-20,27.9688,28.0938,27.7188,27.9688,18.7871,3500
2000-11-21,27.0625,27.3125,27.0000,27.3125,18.3463,8200
2000-11-22,27.1250,27.1406,26.9375,27.0469,18.1679,3500
2000-11-24,26.7188,27.1875,26.7188,27.1719,18.2519,9400
2000-11-27,27.5938,27.5938,27.3125,27.3438,18.3673,5000
2000-11-28,27.3750,27.5938,27.0000,27.0000,18.1364,19800
2000-11-29,27.0625,27.2188,26.8438,27.0625,18.1784,120200
2000-11-30,26.7500,27.0000,26.3750,26.8125,18.0105,6100
2000-12-01,26.8750,27.3438,26.8750,27.0000,18.1364,7400
2000-12-04,26.9375,27.1250,26.9062,27.0156,18.1469,25500
2000-12-05,27.0938,27.8438,27.0938,27.7188,18.6192,14600
2000-12-06,28.1250,28.2188,27.9062,28.0156,18.8186,10700
2000-12-07,27.8125,27.8125,27.5000,27.5469,18.5038,5000
2000-12-08,28.1250,28.3750,27.9375,28.1406,18.9026,45300
2000-12-11,28.0938,28.5000,27.9062,28.4375,19.1020,6600
2000-12-12,28.1250,28.5625,28.1250,28.5000,19.1440,7600
2000-12-13,28.6562,28.8125,28.5312,28.6562,19.2489,7200
2000-12-14,28.4062,28.5938,28.1875,28.4062,19.0810,9300
2000-12-15,27.7188,28.0156,27.4688,27.6875,18.5982,10300
2000-12-18,27.9219,28.0000,27.3125,27.5312,18.4966,12800
2000-12-19,27.6875,28.0938,27.5625,27.5625,18.5176,29600
2000-12-20,26.6250,26.9062,26.1562,26.3125,17.6778,94400
2000-12-21,26.2188,26.5312,25.9688,26.5000,17.8038,25800
2000-12-22,26.7188,27.0312,26.6250,26.9531,18.1082,10200
2000-12-26,27.1562,27.2812,26.7188,27.0000,18.1397,16500
2000-12-27,26.7500,27.0938,26.7500,27.0938,18.2027,14400
2000-12-28,26.8750,27.5625,26.8750,27.5625,18.5176,10400
2000-12-29,27.4062,27.6562,27.2500,27.2500,18.3077,34100
2001-01-02,27.0000,27.2812,26.1406,26.1406,17.5623,9400
2001-01-03,26.5312,28.6250,26.5312,28.2031,18.9480,177400
2001-01-04,28.4375,29.1250,28.3125,29.0312,19.5044,44300
2001-01-05,28.4062,28.5312,28.1250,28.2500,18.9795,43300
2001-01-08,28.1875,28.1875,27.3906,27.8438,18.7066,9500
2001-01-09,28.0000,28.2500,27.8906,28.1875,18.9375,12600
2001-01-10,28.0938,28.5938,28.0938,28.4062,19.0845,8300
2001-01-11,29.1250,29.3438,28.8438,29.0469,19.5149,36500
2001-01-12,29.2969,29.5312,29.0625,29.4375,19.7773,39900
2001-01-16,29.3125,29.7500,29.1250,29.7500,19.9872,50600
2001-01-17,30.0938,30.2500,29.7500,29.9688,20.1342,47900
2001-01-18,29.7500,29.9062,29.6250,29.8750,20.0712,10100
2001-01-19,29.6875,29.6875,29.1406,29.1406,19.5779,19200
2001-01-22,28.7812,29.1250,28.7812,28.9375,19.4414,11000
2001-01-23,29.1250,29.6094,29.0000,29.6094,19.8928,13000
2001-01-24,29.3906,29.6875,29.1875,29.3281,19.7038,24700
2001-01-25,29.2500,29.4062,29.0156,29.2812,19.6723,7700
2001-01-26,29.0312,29.0312,28.5312,28.9844,19.4729,221300
2001-01-29,29.1100,29.4900,28.9100,29.4600,19.7924,34900
2001-01-30,29.4000,29.6800,29.0400,29.4000,19.7521,229800
2001-01-31,29.3000,29.5200,29.2200,29.2200,19.6312,20200
2001-02-01,29.5000,29.6400,29.3000,29.6100,19.8932,22400
2001-02-02,29.6500,29.6500,29.0600,29.2600,19.6581,123200
2001-02-05,29.2300,29.4600,29.1800,29.2400,19.6446,15100
2001-02-06,29.4800,29.5700,29.2700,29.2700,19.6648,21100
2001-02-07,29.4800,29.8500,29.4600,29.5500,19.8529,19100
2001-02-08,29.7500,29.8500,29.5300,29.7300,19.9738,510300
2001-02-09,29.4600,29.4600,29.0800,29.2500,19.6513,10600
2001-02-12,29.2000,29.6400,29.2000,29.4900,19.8126,14600
2001-02-13,29.6000,29.8500,29.5200,29.5200,19.8327,17600
2001-02-14,29.5000,29.5000,28.8900,29.2000,19.6177,5600
2001-02-15,29.4200,29.4600,29.2500,29.3200,19.6984,17100
2001-02-16,29.4200,29.4200,29.1300,29.1900,19.6110,8500
2001-02-20,29.4200,29.4700,29.1000,29.1600,19.5909,13700
2001-02-21,29.3000,29.3800,29.0000,29.0100,19.4901,12700
2001-02-22,28.9800,29.0100,28.4600,28.4600,19.1206,36900
2001-02-23,28.4000,28.4000,27.7900,28.3800,19.0668,62400
2001-02-26,28.5000,28.7500,28.3400,28.5300,19.1676,8000
2001-02-27,28.7000,29.1300,28.5000,29.0400,19.5103,9200
2001-02-28,29.0000,29.0000,28.6400,28.6600,19.2549,8000
2001-03-01,28.5300,28.6600,28.4800,28.5600,19.1878,16900
2001-03-02,28.3500,28.7700,28.2600,28.6100,19.2214,5600
2001-03-05,28.7500,28.7500,28.4500,28.4500,19.1139,4600
2001-03-06,28.5400,28.7400,28.4900,28.5500,19.1810,5200
2001-03-07,28.8000,28.8000,28.5400,28.6800,19.2684,5000
2001-03-08,28.5500,28.8400,28.5500,28.8400,19.3759,18200
2001-03-09,28.6100,28.6300,28.2800,28.5900,19.2079,27300
2001-03-12,27.8400,27.8600,27.0600,27.1600,18.2472,23300
2001-03-13,27.1800,27.2100,26.6600,27.1700,18.2539,56800
2001-03-14,26.4000,27.0200,26.3000,26.6500,17.9045,51000
2001-03-15,26.9000,27.4400,26.7600,27.4400,18.4353,14400
2001-03-16,27.4500,27.4500,26.9200,27.0700,18.1900,10200
2001-03-19,26.9000,27.0800,26.8300,27.0700,18.1900,15100
2001-03-20,27.1800,27.4000,26.5000,26.5000,17.8070,10200
2001-03-21,26.4000,26.4000,25.6900,25.8000,17.3366,44700
2001-03-22,25.6300,25.7000,24.5500,25.2300,16.9536,45600
2001-03-23,25.4600,25.8000,25.2100,25.8000,17.3366,18600
2001-03-26,26.0000,26.4300,26.0000,26.2500,17.6390,8700
2001-03-27,26.5900,27.0300,26.5900,27.0300,18.1632,7800
2001-03-28,26.3000,26.6500,26.3000,26.4700,17.7869,2400
2001-03-29,26.4700,27.0200,26.4700,26.8000,18.0086,13500
2001-03-30,26.8400,27.0000,26.7000,26.8200,18.0221,14700
2001-04-02,26.9500,27.2500,26.4900,26.4900,17.8003,3000
2001-04-03,26.2500,26.2500,25.7000,25.9000,17.4039,29400
2001-04-04,25.9500,26.0600,25.7400,26.0600,17.5114,7500
2001-04-05,26.3000,26.8300,26.3000,26.7100,17.9481,5000
2001-04-06,26.5500,26.8400,26.4400,26.5900,17.8675,12900
2001-04-09,26.8000,27.0000,26.7400,26.9200,18.0892,4700
2001-04-10,27.0800,27.5400,27.0300,27.4500,18.4454,12700
2001-04-11,27.4800,27.4800,26.9100,27.1200,18.2236,8400
2001-04-12,27.0500,27.2700,26.8700,27.1000,18.2102,8100
2001-04-16,27.3800,27.5100,27.2000,27.2900,18.3379,4300
2001-04-17,27.5300,27.7600,27.3400,27.7600,18.6537,4400
2001-04-18,27.8600,29.1000,27.8600,28.8700,19.3996,12900
2001-04-19,28.8200,29.0100,28.6200,28.9000,19.4197,7300
2001-04-20,28.9700,28.9800,28.6400,28.9800,19.4735,14700
2001-04-23,28.8800,28.8800,28.3100,28.3100,19.0233,13000
2001-04-24,28.3200,28.6300,28.2700,28.3900,19.0770,8007800
2001-04-25,28.1400,28.7200,28.1400,28.7200,19.2988,14700
2001-04-26,28.7600,29.1800,28.6000,29.0800,19.5407,33300
2001-04-27,28.8200,28.8700,28.5200,28.8000,19.3525,10600
2001-04-30,28.9800,29.2600,28.7000,28.8000,19.3525,20000
2001-05-01,28.8900,29.3200,28.7500,29.2500,19.6549,18600
2001-05-02,29.1100,29.3400,28.9700,29.3400,19.7154,19000
2001-05-03,28.9600,28.9600,28.6000,28.7700,19.3324,14000
2001-05-04,28.5400,28.9400,28.4400,28.8600,19.3929,11300
2001-05-07,28.8000,29.0500,28.7400,28.9300,19.4399,15900
2001-05-08,28.8600,28.8600,28.4200,28.4500,19.1173,7800
2001-05-09,28.3900,28.6900,28.3300,28.6300,19.2383,8200
2001-05-10,28.8100,28.9900,28.7600,28.8200,19.3660,8300
2001-05-11,29.0000,29.0400,28.7800,28.9600,19.4600,14100
2001-05-14,29.0600,29.0600,28.7400,28.8300,19.3727,22600
2001-05-15,28.7500,29.1200,28.7000,28.9600,19.4600,69600
2001-05-16,28.9600,29.8300,28.9200,29.7600,19.9976,17300
2001-05-17,29.8500,30.2100,29.8500,30.0200,20.1723,19600
2001-05-18,30.0800,30.1000,29.7300,30.1000,20.2261,9400
2001-05-21,30.1600,30.6800,30.0700,30.5600,20.5352,68500
2001-05-22,30.5000,30.8100,30.5000,30.6000,20.5621,8900
2001-05-23,30.5000,30.5000,30.0600,30.0900,20.2194,8800
2001-05-24,30.2000,30.4600,30.1400,30.4600,20.4680,10600
2001-05-25,30.3100,30.3100,30.0800,30.2400,20.3202,17000
2001-05-29,30.0000,30.1600,29.9000,30.0100,20.1656,5300
2001-05-30,30.0500,30.1000,29.6500,29.9100,20.0984,18100
2001-05-31,29.7200,29.9000,29.5800,29.9000,20.0917,5000
2001-06-01,29.8000,29.8500,29.5000,29.8100,20.0312,15600
2001-06-04,29.8600,29.9400,29.6300,29.8500,20.0581,6800
2001-06-05,29.9200,30.1300,29.8500,30.1300,20.2462,93200
2001-06-06,30.1800,30.1800,29.8300,29.8900,20.0850,9800
2001-06-07,29.9100,30.0800,29.8000,30.0600,20.1992,4300
2001-06-08,30.0500,30.0500,29.6600,29.9000,20.0917,7500
2001-06-11,29.8500,29.9000,29.5700,29.7500,19.9909,12500
2001-06-12,29.4500,29.8500,29.2600,29.6800,19.9439,7700
2001-06-13,29.6800,29.8800,29.5000,29.5400,19.8498,9300
2001-06-14,29.3200,29.4000,28.9900,28.9900,19.4802,3400
2001-06-15,28.7000,29.0000,28.4500,28.9000,19.4278,56100
2001-06-18,28.9000,28.9000,28.4600,28.4600,19.1320,10900
2001-06-19,28.6000,28.8400,28.5100,28.5400,19.1858,8100
2001-06-20,28.5000,29.2000,28.5000,29.1600,19.6026,4600
2001-06-21,29.1600,29.5500,29.1600,29.4900,19.8244,7400
2001-06-22,29.3000,29.3600,29.0100,29.1100,19.5689,6800
2001-06-25,29.0400,29.1800,28.9700,29.1800,19.6160,5100
2001-06-26,29.0000,29.0000,28.7300,28.7300,19.3135,31600
2001-06-27,28.7300,29.2200,28.7300,29.2000,19.6295,33600
2001-06-28,29.3300,29.6700,29.2600,29.4200,19.7773,12400
2001-06-29,29.2000,29.7700,29.2000,29.5500,19.8647,19600
2001-07-02,29.5500,29.8600,29.3900,29.7600,20.0059,5600
2001-07-03,29.7200,29.7600,29.5800,29.7600,20.0059,3500
2001-07-05,29.6600,29.6800,29.4100,29.4100,19.7706,13200
2001-07-06,29.3000,29.3000,28.7000,28.8600,19.4009,20100
2001-07-09,28.7400,28.9300,28.7000,28.7000,19.2933,6100
2001-07-10,28.9400,28.9400,28.5200,28.7000,19.2933,28800
2001-07-11,28.4500,28.7000,28.3400,28.6800,19.2799,14500
2001-07-12,28.6300,28.9600,28.6300,28.9600,19.4681,3300
2001-07-13,28.9200,29.1600,28.7300,29.1600,19.6026,13400
2001-07-16,29.1600,29.1700,28.8400,29.0200,19.5084,18700
2001-07-17,28.9200,29.2800,28.9200,29.2200,19.6429,9500
2001-07-18,29.0300,29.1600,28.7200,28.9300,19.4479,4900
2001-07-19,29.1000,29.1900,28.5800,28.7600,19.3337,17100
2001-07-20,28.8500,28.9700,28.7300,28.8300,19.3807,10800
2001-07-23,28.7000,28.8300,28.2700,28.2700,19.0043,11400
2001-07-24,28.4000,28.4000,27.8900,28.1400,18.9169,21300
2001-07-25,27.9800,28.5100,27.9800,28.3000,19.0244,10900
2001-07-26,28.9000,29.1300,28.7000,29.1300,19.5824,12300
2001-07-27,29.0000,29.1800,28.9500,29.1700,19.6093,8600
2001-07-30,29.1200,29.1900,28.9500,29.1700,19.6093,12500
2001-07-31,29.1500,29.3000,28.9600,28.9600,19.4681,11900
2001-08-01,28.8500,29.1800,28.8500,28.9300,19.4479,20700
2001-08-02,29.1000,29.3000,29.0200,29.2300,19.6496,13300
2001-08-03,29.0600,29.0600,28.8500,28.9900,19.4883,3100
2001-08-06,29.0300,29.0300,28.8000,28.8000,19.3606,4200
2001-08-07,28.9000,29.0100,28.8300,28.8800,19.4143,18500
2001-08-08,28.7400,29.0900,28.5000,28.6800,19.2799,5500
2001-08-09,28.4000,28.6000,28.3000,28.5500,19.1925,21400
2001-08-10,28.5500,28.8500,28.2900,28.6000,19.2261,23800
2001-08-13,28.6300,28.8400,28.6300,28.8200,19.3740,8000
2001-08-14,28.7600,28.7900,28.4500,28.4500,19.1253,4500
2001-08-15,28.5500,28.5500,28.0500,28.0600,18.8631,19600
2001-08-16,27.9500,28.2000,27.8800,28.2000,18.9572,5300
2001-08-17,27.8500,28.0700,27.8100,27.8900,18.7488,11800
2001-08-20,27.9500,28.2000,27.9400,28.1000,18.8900,18800
2001-08-21,28.2500,28.5000,28.1900,28.2600,18.9975,16400
2001-08-22,28.2000,28.3800,28.0300,28.1500,18.9236,81300
2001-08-23,28.2500,28.3700,28.2000,28.3000,19.0244,41400
2001-08-24,28.4700,28.8900,28.3600,28.8100,19.3673,10800
2001-08-27,28.7500,28.8000,28.4500,28.4500,19.1253,11500
2001-08-28,28.4000,28.4800,28.0500,28.0500,18.8564,18600
2001-08-29,28.2000,28.2500,27.8000,27.8000,18.6883,28700
2001-08-30,27.9300,27.9300,27.1600,27.2300,18.3051,22500
2001-08-31,27.2000,27.5700,27.2000,27.4900,18.4799,181100
2001-09-04,27.4500,28.0100,27.3700,27.3700,18.3992,132700
2001-09-05,27.3800,27.4500,27.1000,27.3900,18.4127,22800
2001-09-06,27.1000,27.1000,26.5900,26.5900,17.8749,20200
2001-09-07,26.3500,26.4400,25.8000,26.0700,17.5253,25800
2001-09-10,25.7000,26.2100,25.6400,25.7300,17.2968,24000
2001-09-17,24.0000,24.5000,23.2800,23.5800,15.8514,35000
2001-09-18,23.4500,23.5800,23.0000,23.1500,15.5624,20000
2001-09-19,23.0500,23.3600,22.1600,22.7700,15.3069,39600
2001-09-20,22.7500,22.7500,21.7500,21.9000,14.7221,17800
2001-09-21,21.0000,22.1000,21.0000,21.9600,14.7685,43600
2001-09-24,22.6000,22.7500,22.5100,22.6400,15.2258,1752100
2001-09-25,22.7200,22.8000,22.3200,22.4800,15.1182,39400
2001-09-26,22.8000,22.9900,22.5000,22.6900,15.2594,32500
2001-09-27,22.7500,23.0500,22.5100,23.0400,15.4948,7400
2001-09-28,23.4300,23.5000,23.2700,23.5000,15.8042,17900
2001-10-01,23.5000,23.5000,23.0600,23.0600,15.5083,13100
2001-10-02,23.1600,23.5100,23.1600,23.3600,15.7100,22500
2001-10-03,23.2500,24.3100,23.2500,24.2300,16.2951,149100
2001-10-04,24.3000,24.4500,24.1000,24.1600,16.2480,31300
2001-10-05,24.1000,24.1600,23.7200,23.9000,16.0732,10200
2001-10-08,23.7100,23.8300,23.5300,23.7200,15.9521,34600
2001-10-09,23.4000,23.5200,23.3000,23.5000,15.8042,48700
2001-10-10,23.2500,24.0100,23.2500,24.0100,16.1472,900
2001-10-11,24.4000,24.7800,24.4000,24.5800,16.5305,33600
2001-10-12,24.5000,24.5200,23.9000,24.3600,16.3825,19400
2001-10-15,24.2000,24.4500,24.1000,24.4500,16.4431,7800
2001-10-16,24.5000,24.8500,24.4500,24.6900,16.6045,29000
2001-10-17,24.7000,24.8500,23.9500,23.9500,16.1068,45100
2001-10-18,23.7500,23.7500,23.5000,23.5700,15.8513,13700
2001-10-19,23.4000,23.6500,23.3600,23.4900,15.7974,24100
2001-10-22,23.5500,24.1500,23.5500,24.1500,16.2413,13200
2001-10-23,24.3300,24.6500,24.1600,24.3000,16.3422,32000
2001-10-24,24.3500,24.3500,23.9000,23.9100,16.0799,15200
2001-10-25,23.5500,24.2000,23.5500,24.0500,16.1741,6800
2001-10-26,24.0000,24.4500,24.0000,24.2600,16.3153,8300
2001-10-29,24.0200,24.1300,23.6400,23.6400,15.8983,17600
2001-10-30,23.5000,23.5600,23.2600,23.3100,15.6764,5200
2001-10-31,23.5000,23.7500,23.4500,23.6200,15.8849,11200
2001-11-01,23.4700,23.9500,23.4700,23.9500,16.1068,5300
2001-11-02,24.0000,24.3000,24.0000,24.0800,16.1942,569000
2001-11-05,24.4000,24.7000,24.3000,24.4500,16.4431,27200
2001-11-06,24.6000,24.7500,24.3500,24.7500,16.6448,35100
2001-11-07,24.6700,24.7300,24.5000,24.6100,16.5507,5600
2001-11-08,24.8000,25.0000,24.6300,24.8200,16.6919,18400
2001-11-09,24.5000,24.8300,24.5000,24.6700,16.5910,19200
2001-11-12,24.3000,24.7900,24.1500,24.7300,16.6314,32300
2001-11-13,25.0000,25.5600,25.0000,25.4500,17.1156,17100
2001-11-14,26.1000,26.1000,25.7000,25.7500,17.3173,11400
2001-11-15,26.0000,26.3500,25.8500,26.0500,17.5191,115100
2001-11-16,26.4000,26.4000,25.9000,26.0500,17.5191,25200
2001-11-19,26.4500,26.6700,26.3000,26.5000,17.8217,77800
2001-11-20,26.5500,26.7300,26.3700,26.5000,17.8217,10100
2001-11-21,26.3000,26.3000,26.0000,26.2400,17.6469,12700
2001-11-23,26.1500,26.5000,26.1500,26.3500,17.7208,59300
2001-11-26,26.6000,26.7500,26.5000,26.6900,17.9495,34600
2001-11-27,26.6500,26.8000,26.4000,26.6000,17.8890,87100
2001-11-28,26.2800,26.4500,26.1000,26.1900,17.6132,38600
2001-11-29,26.1500,26.2500,25.9000,26.2500,17.6536,21800
2001-11-30,26.2500,26.6000,26.2000,26.3600,17.7276,25200
2001-12-03,26.2000,26.5500,26.1400,26.3800,17.7410,7200
2001-12-04,26.3000,26.7200,26.3000,26.7200,17.9697,17700
2001-12-05,26.9600,27.8000,26.9600,27.6500,18.5951,33900
2001-12-06,27.6500,28.0300,27.5500,27.7500,18.6624,31000
2001-12-07,27.7000,27.9000,27.4600,27.5900,18.5548,11100
2001-12-10,27.5000,27.5400,26.8500,26.9600,18.1311,30200
2001-12-11,26.9900,27.4000,26.9500,27.1500,18.2589,29000
2001-12-12,27.0500,27.2000,26.8500,27.0300,18.1781,34000
2001-12-13,26.6500,26.8700,26.4500,26.4500,17.7881,22800
2001-12-14,26.4500,26.6800,26.2500,26.4000,17.7545,62200
2001-12-17,26.5500,26.7000,26.4000,26.6500,17.9226,10000
2001-12-18,26.7500,27.0500,26.7500,27.0400,18.1849,66400
2001-12-19,26.7000,27.0900,26.7000,26.9000,18.0907,16000
2001-12-20,26.6500,26.8500,26.5700,26.5700,17.8688,21300
2001-12-21,26.5500,26.6500,26.3500,26.4800,17.8398,80900
2001-12-24,26.5100,26.8000,26.5100,26.6000,17.9207,4200
2001-12-26,26.7500,27.0000,26.7200,26.8000,18.0554,30400
2001-12-27,26.7500,27.1200,26.7500,27.1000,18.2575,375200
2001-12-28,27.1100,27.4900,27.1100,27.3700,18.4394,28600
2001-12-31,27.3000,27.5000,26.9500,26.9500,18.1565,27100
2002-01-02,27.2000,27.2000,26.8000,27.1800,18.3114,182900
2002-01-03,27.2000,27.3000,27.0500,27.3000,18.3923,9300
2002-01-04,27.6400,27.8000,27.4300,27.6200,18.6079,51000
2002-01-07,28.0500,28.1000,27.6500,27.6500,18.6281,25600
2002-01-08,27.4400,27.9500,27.4400,27.8000,18.7291,33200
2002-01-09,27.7000,28.0900,27.6200,27.6500,18.6281,20100
2002-01-10,27.6500,27.7900,27.4500,27.7300,18.6820,10000
2002-01-11,27.6000,27.7500,27.5500,27.5500,18.5607,5300
2002-01-14,27.4000,27.6000,27.3100,27.3500,18.4260,77400
2002-01-15,27.6000,27.7300,27.4100,27.6900,18.6550,14900
2002-01-16,27.4500,27.5700,27.0000,27.0100,18.1969,86000
2002-01-17,27.2000,27.2000,26.8000,27.1800,18.3114,58800
2002-01-18,26.9500,27.2000,26.9000,26.9700,18.1699,20600
2002-01-22,27.0000,27.0900,26.6800,26.9000,18.1228,1036000
2002-01-23,26.9500,26.9500,26.5100,26.8000,18.0554,908500
2002-01-24,26.8000,27.1500,26.8000,27.0200,18.2036,60900
2002-01-25,26.9500,27.2000,26.8500,27.0500,18.2238,28900
2002-01-28,26.9500,27.1000,26.8800,27.1000,18.2575,47700
2002-01-29,26.9500,27.0500,26.4000,26.5900,17.9139,32700
2002-01-30,26.3500,26.5500,25.8500,26.4800,17.8398,34800
2002-01-31,26.7500,26.8500,26.6000,26.7500,18.0217,56900
2002-02-01,27.0500,27.0500,26.7000,26.7000,17.9880,24200
2002-02-04,26.5800,26.5800,26.0500,26.1900,17.6444,35100
2002-02-05,26.1000,26.4400,26.1000,26.3300,17.7388,70600
2002-02-06,26.4500,26.4900,26.1900,26.1900,17.6444,13800
2002-02-07,26.4000,26.9500,26.4000,26.7000,17.9880,50600
2002-02-08,26.8000,27.2500,26.7700,27.2500,18.3586,20800
2002-02-11,27.2500,27.5400,27.2500,27.5000,18.5270,121200
2002-02-12,27.4000,27.5400,27.1600,27.2500,18.3586,34700
2002-02-13,27.5500,27.9500,27.4000,27.7000,18.6618,209800
2002-02-14,27.8500,28.0000,27.7000,27.7800,18.7156,33500
2002-02-15,27.8000,27.8000,27.3500,27.3500,18.4260,19900
2002-02-19,27.2500,27.4000,26.9000,26.9000,18.1228,58900
2002-02-20,27.0500,27.5500,27.0000,27.5500,18.5607,22200
2002-02-21,27.4800,27.7500,27.3500,27.3500,18.4260,15300
2002-02-22,27.3500,27.6400,27.2600,27.6000,18.5944,16800
2002-02-25,27.8000,28.0900,27.6000,28.0800,18.9178,27200
2002-02-26,28.0100,28.2000,27.8000,28.0000,18.8639,23300
2002-02-27,28.0000,28.1300,27.7100,27.9000,18.7965,24000
2002-02-28,27.9000,28.1900,27.8000,27.9800,18.8504,21100
2002-03-01,28.0500,28.5100,27.9100,28.5100,19.2075,130200
2002-03-04,28.6000,28.8000,28.4000,28.8000,19.4028,140400
2002-03-05,28.8500,29.1400,28.7600,28.7600,19.3759,108100
2002-03-06,28.9500,29.3000,28.8900,29.1600,19.6454,107200
2002-03-07,29.1800,29.2400,28.7600,28.9400,19.4972,44800
2002-03-08,29.3000,29.3700,29.0100,29.2400,19.6993,46700
2002-03-11,29.2000,29.2500,29.0000,29.1000,19.6049,37600
2002-03-12,28.9000,29.1400,28.8900,29.0000,19.5376,39900
2002-03-13,29.0000,29.1000,28.8500,28.9000,19.4702,31700
2002-03-14,28.9500,29.2000,28.9500,29.1000,19.6049,14300
2002-03-15,29.3400,29.7300,29.2000,29.6200,19.9642,70700
2002-03-18,29.8500,30.0000,29.6500,29.8800,20.1394,41200
2002-03-19,30.1000,30.1000,29.8000,29.8500,20.1192,82700
2002-03-20,29.7500,30.0900,29.7500,29.8600,20.1259,24200
2002-03-21,29.9000,29.9000,29.4500,29.6700,19.9979,73800
2002-03-22,29.5500,29.7000,29.3500,29.5100,19.8900,63800
2002-03-25,29.5500,29.6500,29.0700,29.0700,19.5935,45400
2002-03-26,29.2000,29.5000,28.8600,28.9000,19.4789,76900
2002-03-27,28.8500,29.3900,28.8500,29.3300,19.7687,13900
2002-03-28,29.2000,29.6400,29.2000,29.5900,19.9440,20400
2002-04-01,29.1000,29.4600,28.9000,29.3200,19.7620,24700
2002-04-02,29.3000,29.3000,29.0600,29.1500,19.6474,41000
2002-04-03,29.2500,29.2500,28.7000,28.7700,19.3913,22800
2002-04-04,28.8500,29.1900,28.8500,29.1800,19.6676,27400
2002-04-05,29.4000,29.6000,29.2300,29.5300,19.9035,14800
2002-04-08,29.2500,29.6600,29.2500,29.6500,19.9844,52900
2002-04-09,29.7500,29.9000,29.6300,29.6900,20.0114,90100
2002-04-10,29.7800,30.0400,29.6500,29.9600,20.1934,313200
2002-04-11,29.8500,29.9800,29.4600,29.4600,19.8563,174000
2002-04-12,29.7000,29.7300,29.5000,29.5600,19.9238,27100
2002-04-15,29.6900,29.6900,29.4500,29.5400,19.9103,76300
2002-04-16,29.7000,29.7800,29.5700,29.7400,20.0451,55000
2002-04-17,29.8000,29.8800,29.7400,29.8100,20.0922,164400
2002-04-18,30.1000,30.1900,29.6600,30.1200,20.3012,192400
2002-04-19,30.1000,30.4300,30.1000,30.3600,20.4630,44600
2002-04-22,30.4500,30.4500,30.1800,30.2200,20.3686,39900
2002-04-23,30.2000,30.2700,30.0000,30.0000,20.2203,22800
2002-04-24,30.2900,30.5100,30.1800,30.2000,20.3551,34200
2002-04-25,30.1000,30.4100,30.1000,30.2900,20.4158,20400
2002-04-26,30.2600,30.2900,29.7500,29.8000,20.0855,42100
2002-04-29,29.6200,29.7000,29.0000,29.1200,19.6272,702900
2002-04-30,29.0500,29.4600,28.9500,29.4100,19.8227,80800
2002-05-01,29.5000,30.0400,29.3400,29.9400,20.1799,253600
2002-05-02,29.9500,30.1000,29.7500,29.8400,20.1125,136400
2002-05-03,29.8300,29.8300,29.4000,29.6500,19.9844,43600
2002-05-06,29.6000,29.7100,29.0900,29.0900,19.6070,140000
2002-05-07,29.3000,29.4200,29.0700,29.1500,19.6474,66200
2002-05-08,29.3600,29.8200,29.3000,29.8000,20.0855,206000
2002-05-09,29.7000,29.7000,29.4500,29.4600,19.8563,24400
2002-05-10,29.6000,29.6000,29.0000,29.0700,19.5935,27500
2002-05-13,29.2000,29.4400,29.0700,29.4100,19.8227,43600
2002-05-14,29.7200,29.9400,29.5100,29.9400,20.1799,35300
2002-05-15,29.9100,30.5000,29.9100,30.2000,20.3551,125800
2002-05-16,30.3800,30.4000,30.1900,30.2800,20.4090,20000
2002-05-17,30.3500,30.4200,30.1500,30.2700,20.4023,38800
2002-05-20,30.0100,30.1200,29.8100,30.0000,20.2203,34800
2002-05-21,30.1500,30.1600,29.6400,29.7400,20.0451,47000
2002-05-22,29.6000,29.7100,29.3300,29.5600,19.9238,51100
2002-05-23,29.7800,29.8300,29.4700,29.8300,20.1057,15500
2002-05-24,29.7500,29.9000,29.7100,29.7100,20.0249,44700
2002-05-28,29.9000,29.9000,29.4700,29.6800,20.0046,13100
2002-05-29,29.6800,29.8000,29.5400,29.6600,19.9911,15800
2002-05-30,29.5200,29.7800,29.3800,29.6000,19.9507,41300
2002-05-31,29.5600,29.9400,29.5600,29.8200,20.0990,15400
2002-06-03,29.9500,29.9700,29.3100,29.3100,19.7552,23500
2002-06-04,29.3100,29.4200,29.0700,29.2400,19.7081,31400
2002-06-05,29.2000,29.5500,29.2000,29.4900,19.8766,48300
2002-06-06,29.4300,29.4800,29.0200,29.0900,19.6070,236400
2002-06-07,28.8500,29.3600,28.8000,29.3000,19.7485,29000
2002-06-10,29.2000,29.5600,29.2000,29.3600,19.7889,35700
2002-06-11,29.5500,29.7400,29.1400,29.1400,19.6407,52000
2002-06-12,28.9000,28.9000,28.0000,28.5400,19.2363,85400
2002-06-13,28.3700,28.4000,28.0200,28.0200,18.8858,83100
2002-06-14,27.7400,27.9900,27.1800,27.8100,18.7442,104000
2002-06-17,28.2500,28.5900,28.2500,28.5900,19.2700,101600
2002-06-18,28.5500,28.8400,28.5500,28.7200,19.3576,19700
2002-06-19,28.6000,28.8900,28.6000,28.6200,19.2902,31300
2002-06-20,28.7000,28.7000,27.8600,27.8600,18.7779,16100
2002-06-21,27.5500,27.6100,27.2700,27.2700,18.3849,164200
2002-06-24,27.4000,27.7900,26.7600,27.4800,18.5265,544900
2002-06-25,27.7000,27.8700,27.0500,27.0500,18.2366,309000
2002-06-26,26.6500,27.5000,26.5500,27.5000,18.5399,52700
2002-06-27,27.7000,28.2000,27.4300,28.2000,19.0119,103100
2002-06-28,28.1000,28.3300,27.5500,27.6800,18.6613,20200
2002-07-01,27.5000,27.5000,26.4600,26.5200,17.8792,200500
2002-07-02,26.5600,26.5600,25.6900,25.9200,17.4747,114300
2002-07-03,25.7000,25.9600,25.5200,25.9600,17.5017,23100
2002-07-05,26.2500,26.8500,26.2500,26.8300,18.0882,9700
2002-07-08,26.6000,26.8100,26.4400,26.5000,17.8658,154000
2002-07-09,26.5500,26.5500,25.2300,25.2900,17.0500,32200
2002-07-10,25.0000,25.0800,23.9600,24.1200,16.2612,92700
2002-07-11,23.5300,24.5800,23.3700,24.5800,16.5713,174100
2002-07-12,24.4000,24.9400,24.0900,24.9000,16.7871,66200
2002-07-15,24.4000,24.4500,23.6000,24.4500,16.4837,38200
2002-07-16,24.3500,24.7200,24.2600,24.2800,16.3691,39300
2002-07-17,24.8000,24.8300,24.4700,24.8100,16.7264,40100
2002-07-18,24.5000,24.5000,23.6400,23.6400,15.9376,32700
2002-07-19,22.9000,23.0700,22.5400,22.6700,15.2837,47600
2002-07-22,22.7500,23.1000,22.2900,22.4800,15.1556,32600
2002-07-23,22.1500,22.5600,21.9500,22.0600,14.8724,41000
2002-07-24,21.7500,23.5200,21.6500,23.4900,15.8365,36400
2002-07-25,23.6000,24.4400,23.5000,24.2900,16.3758,106000
2002-07-26,24.2800,24.8300,24.1500,24.8300,16.7399,35700
2002-07-29,25.3700,25.9400,25.2400,25.9400,17.4882,117100
2002-07-30,25.7000,26.4500,25.5500,26.1300,17.6163,81400
2002-07-31,25.8500,26.8800,25.7700,26.8800,18.1220,53100
2002-08-01,26.7000,26.7600,26.0000,26.1300,17.6163,37400
2002-08-02,26.0500,26.4900,25.6200,25.9200,17.4747,100700
2002-08-05,25.8500,25.9200,24.8100,24.8100,16.7264,71900
2002-08-06,25.4000,25.8600,25.2400,25.4200,17.1377,64600
2002-08-07,26.0000,26.3400,25.6800,26.2700,17.7107,72800
2002-08-08,26.5000,27.3000,26.5000,27.2500,18.3714,156000
2002-08-09,26.9500,27.4200,26.8000,27.2100,18.3444,52700
2002-08-12,26.9200,27.3300,26.8000,27.2500,18.3714,24900
2002-08-13,27.0000,27.1700,26.6000,26.6000,17.9332,44200
2002-08-14,26.2500,27.3600,25.9800,27.2700,18.3849,41600
2002-08-15,27.4500,27.7400,27.2300,27.4600,18.5130,191900
2002-08-16,27.3000,27.4500,27.0900,27.2400,18.3646,34200
2002-08-19,27.2500,27.6200,27.1800,27.6200,18.6208,54600
2002-08-20,27.4500,27.5000,27.2400,27.2700,18.3849,45900
2002-08-21,27.5500,27.7700,27.2300,27.7300,18.6950,64300
2002-08-22,27.6500,28.6200,27.6500,28.6000,19.2816,41900
2002-08-23,28.4500,28.4500,27.8600,27.8600,18.7826,57000
2002-08-26,28.1500,28.1900,27.7300,28.1700,18.9917,25500
2002-08-27,28.2800,28.2800,27.2600,27.3700,18.4523,36000
2002-08-28,27.3300,27.4400,27.0200,27.1500,18.3040,67400
2002-08-29,26.8000,27.4000,26.8000,27.2200,18.3512,23100
2002-08-30,26.8700,27.5100,26.8700,27.1400,18.2972,41600
2002-09-03,26.8000,26.9200,26.0100,26.0100,17.5354,55000
2002-09-04,26.2000,26.8600,26.1000,26.8100,18.0748,87400
2002-09-05,26.3000,26.7900,26.1700,26.5000,17.8658,31900
2002-09-06,26.6000,26.7000,26.4700,26.5000,17.8658,17700
2002-09-09,26.2500,26.8700,26.2500,26.8000,18.0680,29300
2002-09-10,26.6700,27.0000,26.6700,26.9000,18.1354,22300
2002-09-11,27.5500,27.5500,26.9000,26.9500,18.1691,13900
2002-09-12,26.7500,26.7500,26.3400,26.4400,17.8253,35200
2002-09-13,26.2300,26.6400,26.1600,26.6400,17.9601,23400
2002-09-16,25.1200,26.7500,25.1200,26.6400,17.9601,86200
2002-09-17,27.0700,27.0700,26.1600,26.2400,17.6905,19400
2002-09-18,26.1000,26.3900,25.9100,26.3900,17.7916,45300
2002-09-19,25.8500,26.0600,25.4600,25.5000,17.1916,105200
2002-09-20,25.5500,25.6500,25.3500,25.6200,17.3262,23300
2002-09-23,25.1700,25.4300,25.0500,25.3200,17.1233,23300
2002-09-24,25.0000,25.4500,25.0000,25.3000,17.1098,57100
2002-09-25,25.6000,26.0500,25.4000,26.0200,17.5967,87400
2002-09-26,26.2500,26.5200,26.1000,26.4800,17.9078,359300
2002-09-27,26.1000,26.3400,25.4500,25.5000,17.2450,171300
2002-09-30,25.0100,25.6000,25.0100,25.3800,17.1639,545800
2002-10-01,25.6600,26.1800,25.4800,26.1700,17.6981,42100
2002-10-02,26.4500,26.5800,25.0000,26.1900,17.7116,145600
2002-10-03,26.1000,26.5500,25.8600,26.0900,17.6440,427000
2002-10-04,26.1000,26.1000,25.2700,25.2700,17.0895,92400
2002-10-07,25.4800,25.8200,25.2000,25.2100,17.0489,159000
2002-10-08,25.6000,26.1300,25.4800,25.9500,17.5493,81700
2002-10-09,25.5000,25.8800,25.4800,25.6800,17.3667,125400
2002-10-10,25.8500,26.0400,25.4100,26.0000,17.5832,544700
2002-10-11,26.3000,26.6700,26.1000,26.3100,17.7928,142700
2002-10-14,26.6000,27.0700,26.6000,27.0000,18.2594,102600
2002-10-15,27.5000,27.5600,27.2700,27.4800,18.5840,202100
2002-10-16,27.5500,27.9000,27.3200,27.5600,18.6381,267100
2002-10-17,28.1000,28.1400,27.6500,27.9000,18.8681,830600
2002-10-18,27.8000,28.0800,27.7300,27.9100,18.8748,218500
2002-10-21,27.7000,28.0800,27.4500,28.0000,18.9357,77200
2002-10-22,27.8000,27.8000,27.2400,27.4800,18.5840,655500
2002-10-23,27.2500,27.3300,26.8000,27.3000,18.4623,182600
2002-10-24,27.4000,27.4000,26.7300,26.8500,18.1580,104100
2002-10-25,26.7400,27.5300,26.7400,27.3400,18.4894,180100
2002-10-28,27.6500,27.6500,27.0800,27.2200,18.4082,159600
2002-10-29,27.1000,27.2000,26.5800,26.8800,18.1783,234700
2002-10-30,26.9100,27.2400,26.8800,27.0600,18.3000,86100
2002-10-31,27.3500,27.3500,26.6200,26.8600,18.1647,155300
2002-11-01,26.6000,27.2500,26.6000,27.1300,18.3473,41200
2002-11-04,27.3000,27.7400,27.1700,27.1700,18.3744,110600
2002-11-05,27.2000,27.6100,27.1600,27.5100,18.6043,49000
2002-11-06,27.9000,28.2200,27.7000,28.0700,18.9830,216300
2002-11-07,28.0700,28.1700,27.7500,27.9500,18.9019,172300
2002-11-08,27.7000,27.9200,27.5700,27.7700,18.7802,46600
2002-11-11,27.7400,27.7500,27.2600,27.3900,18.5232,42000
2002-11-12,27.3900,27.5800,27.2400,27.4100,18.5367,68900
2002-11-13,27.4900,27.6700,26.8000,27.0900,18.3203,58000
2002-11-14,27.3900,27.5900,27.3100,27.5200,18.6111,30600
2002-11-15,27.5500,27.8100,27.5000,27.7800,18.7869,43300
2002-11-18,27.9500,27.9700,27.6300,27.6300,18.6855,57100
2002-11-19,27.5100,27.9100,27.5100,27.6000,18.6652,36600
2002-11-20,27.4000,27.9000,27.4000,27.8500,18.8343,35300
2002-11-21,28.2000,28.2000,27.9000,28.0000,18.9357,92700
2002-11-22,28.1000,28.1000,27.7800,27.8000,18.8004,228500
2002-11-25,27.7000,27.8300,27.4600,27.7200,18.7463,57000
2002-11-26,27.5000,27.5700,27.1700,27.2800,18.4488,903700
2002-11-27,27.6500,27.8500,27.6100,27.8000,18.8004,52900
2002-11-29,27.7800,27.8500,27.6000,27.6900,18.7261,27200
2002-12-02,27.8500,27.8500,27.2100,27.4400,18.5570,58900
2002-12-03,27.1500,27.3700,26.9000,27.2600,18.4353,135600
2002-12-04,27.1000,27.5600,27.0800,27.5100,18.6043,74500
2002-12-05,27.6400,27.6400,27.2200,27.3500,18.4961,47900
2002-12-06,27.0000,27.4700,27.0000,27.4700,18.5773,34200
2002-12-09,27.4000,27.7800,27.3500,27.3500,18.4961,53200
2002-12-10,27.5000,27.5000,27.2100,27.4500,18.5637,45100
2002-12-11,27.3000,27.5200,27.2000,27.4100,18.5367,137400
2002-12-12,27.3500,27.3800,27.0500,27.1300,18.3473,83400
2002-12-13,26.8000,27.1800,25.8000,26.9800,18.2459,57600
2002-12-16,26.9000,27.2500,26.8100,27.2500,18.4285,39900
2002-12-17,27.1500,27.1500,26.8400,26.8900,18.1850,48000
2002-12-18,26.8600,26.8700,26.6600,26.8100,18.1309,31700
2002-12-19,26.7300,26.9500,26.5000,26.5500,17.9551,49000
2002-12-20,26.7500,26.7500,26.5000,26.6800,18.1105,424800
2002-12-23,26.7800,26.9800,26.7400,26.8500,18.2259,60000
2002-12-24,26.9500,27.1400,26.9500,27.0000,18.3278,67500
2002-12-26,27.0000,27.0000,26.4500,26.5400,18.0155,76000
2002-12-27,26.5000,26.5300,26.1100,26.1900,17.7779,42800
2002-12-30,26.2000,26.5400,26.1300,26.4300,17.9408,88600
2002-12-31,26.3900,26.6400,26.1900,26.5500,18.0223,93700
2003-01-02,26.7500,27.3200,26.7000,27.2700,18.5110,102000
2003-01-03,27.3000,27.6100,27.3000,27.5500,18.7011,71100
2003-01-06,27.6400,27.9000,27.5500,27.8500,18.9048,55500
2003-01-07,27.8000,27.8400,27.3900,27.4500,18.6332,136200
2003-01-08,27.3200,27.5500,27.1100,27.2400,18.4907,63100
2003-01-09,27.3000,27.6500,27.2300,27.5200,18.6807,623400
2003-01-10,27.4000,27.5800,27.3300,27.5100,18.6740,544300
2003-01-13,27.6700,27.6700,27.3700,27.5300,18.6875,61400
2003-01-14,27.3100,27.5500,27.3100,27.5100,18.6740,26400
2003-01-15,27.5000,27.5000,27.1000,27.2000,18.4635,154300
2003-01-16,27.0000,27.4300,26.9500,27.1200,18.4092,85000
2003-01-17,26.9700,27.2400,26.9700,27.1000,18.3956,56400
2003-01-21,27.1000,27.2000,26.8000,26.9000,18.2599,103000
2003-01-22,26.8500,27.0800,26.8300,26.8300,18.2124,173100
2003-01-23,26.9000,26.9600,26.7200,26.9100,18.2667,138200
2003-01-24,26.8300,26.8300,26.1400,26.3200,17.8662,165500
2003-01-27,25.9500,25.9500,25.5200,25.7400,17.4725,69500
2003-01-28,25.7500,26.1900,25.6500,26.1800,17.7711,39200
2003-01-29,26.1000,26.5300,25.8700,26.4300,17.9408,35300
2003-01-30,26.4500,26.4500,25.9200,25.9400,17.6082,72300
2003-01-31,26.0000,26.4600,25.8700,26.4600,17.9612,19900
2003-02-03,26.5500,26.6300,26.3200,26.3500,17.8865,189200
2003-02-04,26.0000,26.0400,25.7200,26.0400,17.6761,50600
2003-02-05,26.1000,26.4500,25.8500,25.8500,17.5471,147400
2003-02-06,25.8500,25.9200,25.6100,25.8000,17.5132,104200
2003-02-07,26.0500,26.0500,25.5200,25.7500,17.4793,398900
2003-02-10,25.6000,25.9700,25.5400,25.9400,17.6082,20500
2003-02-11,25.9000,26.1800,25.6400,25.6400,17.4046,28400
2003-02-12,25.6500,25.6700,25.2000,25.3500,17.2077,43600
2003-02-13,25.0800,25.2600,24.6600,25.0500,17.0041,100500
2003-02-14,25.1500,25.4000,24.9400,25.3200,17.1874,136600
2003-02-18,25.7500,26.0000,25.7500,25.9400,17.6082,99300
2003-02-19,25.9900,25.9900,25.6500,25.8200,17.5268,110400
2003-02-20,25.8500,25.9500,25.5000,25.5300,17.3299,20200
2003-02-21,25.5000,25.9900,25.3100,25.7900,17.5064,60800
2003-02-24,25.8000,25.8000,25.3500,25.4500,17.2756,31400
2003-02-25,25.1000,25.6200,24.9100,25.6200,17.3910,27400
2003-02-26,25.5800,25.9600,25.4400,25.4800,17.2960,27400
2003-02-27,25.5500,26.0000,25.5500,25.8000,17.5132,9900
2003-02-28,25.8000,26.0700,25.8000,25.8700,17.5607,35200
2003-03-03,26.0000,26.3200,25.6800,25.7400,17.4725,416900
2003-03-04,25.8200,25.8200,25.4600,25.4600,17.2824,23300
2003-03-05,25.4500,25.8800,25.4000,25.7000,17.4453,143200
2003-03-06,25.5500,25.8100,25.5500,25.7500,17.4793,83300
2003-03-07,25.4000,26.0700,25.4000,26.0000,17.6490,49300
2003-03-10,25.8500,25.8700,25.4800,25.5600,17.3503,161000
2003-03-11,25.4000,25.4500,25.1500,25.2200,17.1195,34600
2003-03-12,25.1500,25.3000,24.8800,25.3000,17.1738,59700
2003-03-13,25.6000,25.6600,25.1900,25.6600,17.4182,27400
2003-03-14,25.7700,25.7700,25.3500,25.4500,17.2756,408900
2003-03-17,25.2000,26.2800,25.2000,26.1700,17.7644,315000
2003-03-18,26.2000,26.4700,26.2000,26.4500,17.9544,68800
2003-03-19,26.5500,26.8900,26.3500,26.7500,18.1581,39400
2003-03-20,26.7500,26.8200,26.3800,26.7200,18.1377,106100
2003-03-21,26.9000,27.4200,26.8400,27.3400,18.6087,50900
2003-03-24,26.9000,26.9400,26.5000,26.5700,18.0846,56400
2003-03-25,26.5800,27.2400,26.5700,27.1000,18.4453,68300
2003-03-26,27.0500,27.0800,26.8700,26.8900,18.3024,193000
2003-03-27,26.6000,27.1100,26.5500,26.9900,18.3705,93400
2003-03-28,26.8300,27.1600,26.8300,27.0300,18.3977,235800
2003-03-31,26.7000,27.0200,26.5600,26.7200,18.1867,203500
2003-04-01,26.8800,27.0900,26.7000,27.0900,18.4385,197100
2003-04-02,27.5000,27.6000,27.4100,27.4900,18.7108,27000
2003-04-03,27.5500,27.5700,27.3000,27.4200,18.6631,466700
2003-04-04,27.6000,27.6200,27.4000,27.5300,18.7380,114600
2003-04-07,28.0000,28.0400,27.2200,27.2900,18.5747,70100
2003-04-08,27.2300,27.4000,27.1300,27.3200,18.5951,64000
2003-04-09,27.2000,27.5600,26.9000,26.9600,18.3501,185200
2003-04-10,26.8900,26.9400,26.6500,26.9100,18.3160,33300
2003-04-11,26.9800,27.2300,26.7000,26.7800,18.2275,47600
2003-04-14,26.8500,27.2200,26.8500,27.2200,18.5270,26900
2003-04-15,27.2000,27.2500,26.9400,27.0500,18.4113,400200
2003-04-16,27.2000,27.2000,26.3500,26.4100,17.9757,166100
2003-04-17,26.6000,26.7400,26.4400,26.6700,18.1527,24000
2003-04-21,26.7000,27.0400,26.6400,26.7400,18.2003,59000
2003-04-22,26.5500,27.3100,26.5500,27.1900,18.5066,183900
2003-04-23,27.6000,27.6000,27.3000,27.4200,18.6631,66300
2003-04-24,27.4000,27.7500,27.3100,27.5900,18.7789,35300
2003-04-25,27.6200,27.7000,27.1500,27.2100,18.5202,233100
2003-04-28,27.1000,27.5700,27.1000,27.4300,18.6700,156500
2003-04-29,27.4300,27.7300,27.4100,27.6000,18.7857,52500
2003-04-30,27.5100,27.8000,27.4000,27.6000,18.7857,34100
2003-05-01,27.6800,27.8800,27.3000,27.6800,18.8401,50800
2003-05-02,27.7000,28.1900,27.6500,28.1000,19.1260,38500
2003-05-05,28.2000,28.3700,28.0000,28.1400,19.1532,152200
2003-05-06,28.2000,28.2800,27.9800,28.1900,19.1873,107100
2003-05-07,28.0000,28.2200,27.9200,27.9500,19.0239,57900
2003-05-08,27.7000,28.0700,27.7000,27.8500,18.9558,37100
2003-05-09,28.0000,28.1900,27.8700,28.1600,19.1668,21700
2003-05-12,28.1800,28.5400,28.0500,28.4400,19.3574,226900
2003-05-13,28.3800,28.6800,28.2000,28.5000,19.3983,112900
2003-05-14,28.6500,28.6600,28.3300,28.4500,19.3642,44800
2003-05-15,28.6000,28.7400,28.5000,28.7200,19.5480,104500
2003-05-16,28.7200,28.8200,28.5000,28.6500,19.5003,138200
2003-05-19,28.4000,28.4000,27.5100,27.6800,18.8401,134800
2003-05-20,27.8000,27.8000,27.0400,27.3400,18.6087,298900
2003-05-21,27.2000,27.5600,27.1800,27.5400,18.7448,44100
2003-05-22,27.5100,27.9600,27.5100,27.8500,18.9558,374700
2003-05-23,27.8500,27.8700,27.5000,27.7400,18.8810,44500
2003-05-27,27.6000,28.1400,27.5200,28.1400,19.1532,138300
2003-05-28,28.1500,28.2300,27.9000,28.0900,19.1192,92800
2003-05-29,28.2200,28.3400,27.7500,27.8600,18.9626,81400
2003-05-30,27.9500,28.1800,27.9000,28.1700,19.1736,221600
2003-06-02,28.4000,28.4100,27.9400,27.9500,19.0239,241600
2003-06-03,27.9300,28.2900,27.9300,28.1700,19.1736,130500
2003-06-04,28.4000,28.7100,28.1500,28.6600,19.5071,87100
2003-06-05,28.4600,28.9300,28.3600,28.9300,19.6909,149000
2003-06-06,29.1000,29.7600,29.0400,29.1900,19.8679,269000
2003-06-09,29.1500,29.1900,28.7600,28.8900,19.6637,520300
2003-06-10,29.0200,29.1100,28.8200,29.1100,19.8134,112600
2003-06-11,29.2000,29.5200,29.1500,29.4400,20.0381,73800
2003-06-12,29.8000,29.8000,29.3800,29.5000,20.0789,65600
2003-06-13,29.6300,29.6300,29.1700,29.3200,19.9564,44400
2003-06-16,29.2500,30.2600,29.2500,30.2100,20.5621,81400
2003-06-17,30.8000,31.1100,30.3000,30.8100,20.9705,227800
2003-06-18,30.8100,31.0000,30.5700,30.7300,20.9161,130900
2003-06-19,30.7300,30.8000,29.9600,30.0700,20.4669,411500
2003-06-20,30.2000,30.3300,30.0000,30.2000,20.6143,83600
2003-06-23,30.1000,30.1000,29.4800,29.7000,20.2730,46300
2003-06-24,29.7000,29.9200,29.5800,29.7200,20.2866,120200
2003-06-25,29.8000,29.9500,29.4000,29.5600,20.1774,38600
2003-06-26,29.4000,29.9900,29.4000,29.9800,20.4641,49000
2003-06-27,30.0000,30.0000,29.4100,29.5200,20.1501,57200
2003-06-30,29.6500,29.6500,29.1700,29.3300,20.0204,114500
2003-07-01,29.1000,29.5000,28.8100,29.4900,20.1296,89200
2003-07-02,29.5000,29.7700,29.4700,29.7700,20.3208,29000
2003-07-03,29.7000,29.7100,29.5100,29.5900,20.1979,53800
2003-07-07,29.7000,29.9000,29.6900,29.8000,20.3413,69200
2003-07-08,29.6000,29.8900,29.6000,29.8100,20.3481,127200
2003-07-09,29.5500,29.8800,29.5500,29.6300,20.2252,213300
2003-07-10,29.6200,29.6200,29.2000,29.3100,20.0068,62600
2003-07-11,29.5500,29.6600,29.3500,29.6500,20.2389,88500
2003-07-14,30.1000,30.1000,29.5900,29.6200,20.2184,88100
2003-07-15,30.0500,30.0500,29.5100,29.5100,20.1433,226500
2003-07-16,29.5200,29.5300,29.2000,29.3400,20.0273,63000
2003-07-17,29.4000,29.4800,29.1000,29.1500,19.8976,29600
2003-07-18,29.2000,29.4200,29.1000,29.4200,20.0819,18000
2003-07-21,29.3500,29.3500,28.8000,28.9600,19.7679,57400
2003-07-22,29.0500,29.0500,28.6300,28.9100,19.7337,120700
2003-07-23,29.1000,29.1700,28.6700,29.1200,19.8771,36700
2003-07-24,29.1300,29.3400,28.8900,28.8900,19.7201,28400
2003-07-25,28.9000,29.1200,28.6200,29.1200,19.8771,81100
2003-07-28,29.2500,29.2500,28.9500,29.0500,19.8293,114100
2003-07-29,29.0000,29.1900,28.7200,28.9200,19.7406,295000
2003-07-30,28.9500,29.1500,28.9500,29.0400,19.8225,34800
2003-07-31,29.2200,29.3700,28.8900,28.8900,19.7201,59400
2003-08-01,28.7500,28.7500,28.3900,28.4500,19.4198,69900
2003-08-04,28.3800,28.6500,28.1000,28.5000,19.4539,616300
2003-08-05,28.6000,28.6600,28.0300,28.0300,19.1331,46800
2003-08-06,28.0100,28.2000,27.8600,28.0100,19.1194,129400
2003-08-07,28.0400,28.5500,28.0200,28.4600,19.4266,51600
2003-08-08,28.6800,28.7000,28.4400,28.5700,19.5017,79900
2003-08-11,28.3500,28.7000,28.3500,28.5100,19.4607,100700
2003-08-12,28.5500,28.5900,28.3700,28.5900,19.5153,42200
2003-08-13,28.7000,28.7000,28.0500,28.1800,19.2355,91700
2003-08-14,28.3000,28.3000,27.9300,28.1600,19.2218,60200
2003-08-15,28.2900,28.3000,28.1000,28.1000,19.1808,16100
2003-08-18,28.2000,28.3600,28.1500,28.2900,19.3105,80400
2003-08-19,28.3000,28.3200,27.9700,28.1400,19.2081,62900
2003-08-20,28.0000,28.1300,27.9600,28.0600,19.1535,33200
2003-08-21,28.1300,28.1500,27.8000,27.9000,19.0443,79100
2003-08-22,27.9800,27.9800,27.4500,27.4800,18.7576,75200
2003-08-25,27.5000,27.7000,27.5000,27.6800,18.8942,675600
2003-08-26,27.6500,27.7900,27.4100,27.7000,18.9078,63600
2003-08-27,27.7000,27.7200,27.5700,27.7200,18.9215,131100
2003-08-28,27.5500,27.7500,27.5100,27.7400,18.9351,91500
2003-08-29,27.6000,27.8800,27.6000,27.8200,18.9897,78300
2003-09-02,27.8200,28.3000,27.8200,28.2400,19.2764,139400
2003-09-03,28.3300,28.3300,28.1000,28.1300,19.2013,182300
2003-09-04,28.2000,28.2200,27.9100,28.2000,19.2491,214500
2003-09-05,28.2000,28.3300,28.0500,28.1300,19.2013,131300
2003-09-08,28.3300,28.7300,28.2400,28.6300,19.5426,260800
2003-09-09,28.7500,28.8000,28.5300,28.7200,19.6041,250300
2003-09-10,28.6800,28.9900,28.6800,28.7600,19.6314,264200
2003-09-11,28.9500,29.0300,28.8100,28.9200,19.7406,164700
2003-09-12,28.8600,28.9800,28.6700,28.9800,19.7815,146700
2003-09-15,29.0000,29.0500,28.7100,28.9000,19.7269,204400
2003-09-16,28.9000,29.0800,28.8600,29.0800,19.8498,145500
2003-09-17,29.1500,29.1500,28.9500,29.0100,19.8020,70800
2003-09-18,29.1500,29.2600,29.0100,29.1100,19.8703,89900
2003-09-19,29.0000,29.0200,28.6800,28.7900,19.7101,108800
2003-09-22,28.6000,28.6200,28.2700,28.4000,19.4431,166500
2003-09-23,28.4600,28.6700,28.4200,28.6400,19.6074,84500
2003-09-24,28.6500,28.6500,28.0700,28.1300,19.2582,124700
2003-09-25,28.0400,28.1900,27.8500,27.9400,19.1281,102300
2003-09-26,27.9000,27.9000,27.6700,27.8100,19.0391,64000
2003-09-29,27.8600,27.9900,27.6600,27.9400,19.1281,120000
2003-09-30,27.8700,28.0200,27.7000,27.8100,19.0391,199900
2003-10-01,28.0000,28.3600,27.9200,28.3100,19.3814,124000
2003-10-02,28.3800,28.5600,28.2800,28.5000,19.5115,79400
2003-10-03,28.8500,28.8500,28.3000,28.3700,19.4225,230400
2003-10-06,28.4000,28.4000,28.1900,28.2600,19.3472,85400
2003-10-07,28.0800,28.2500,28.0200,28.2400,19.3335,268000
2003-10-08,28.2000,28.2400,28.0400,28.0900,19.2308,50900
2003-10-09,28.3700,28.4000,28.0500,28.1300,19.2582,170000
2003-10-10,28.1800,28.1900,28.0300,28.0600,19.2103,66200
2003-10-13,28.1500,28.3000,28.0500,28.1400,19.2651,84200
2003-10-14,28.2100,28.2500,28.0000,28.1800,19.2924,177600
2003-10-15,28.3500,28.3600,28.0000,28.1200,19.2514,58700
2003-10-16,28.0000,28.3000,28.0000,28.2700,19.3541,93600
2003-10-17,28.2000,28.3000,27.9100,27.9500,19.1350,54600
2003-10-20,28.0400,28.1100,27.8400,28.0900,19.2308,67600
2003-10-21,28.1300,28.4600,28.1000,28.3500,19.4088,189800
2003-10-22,28.1500,28.1500,27.4400,27.5900,18.8885,275300
2003-10-23,27.4500,27.9200,27.4500,27.8700,19.0802,273600
2003-10-24,27.8000,27.9700,27.5900,27.9500,19.1350,378100
2003-10-27,28.0300,28.0800,27.8400,27.8800,19.0871,63400
2003-10-28,27.9000,28.1600,27.8200,28.1000,19.2377,73100
2003-10-29,28.0500,28.0900,27.8400,28.0200,19.1829,80900
2003-10-30,28.1500,28.1500,27.6400,27.7600,19.0049,134600
2003-10-31,27.8000,28.1200,27.8000,28.0000,19.1692,302600
2003-11-03,28.1500,28.1500,27.9200,27.9200,19.1145,127400
2003-11-04,27.8400,27.8700,27.6500,27.7400,18.9912,86100
2003-11-05,27.6000,27.9700,27.6000,27.7100,18.9707,68200
2003-11-06,27.8500,27.9300,27.5600,27.8500,19.0665,42900
2003-11-07,27.9400,27.9600,27.5700,27.6000,18.8954,98400
2003-11-10,27.5900,27.6000,27.3500,27.3900,18.7516,113500
2003-11-11,27.4500,27.5500,27.3100,27.4500,18.7927,64500
2003-11-12,27.6800,28.0000,27.5200,27.9600,19.1418,235300
2003-11-13,28.2500,28.8300,28.2000,28.6100,19.5868,163200
2003-11-14,28.9500,29.2500,28.9100,29.0300,19.8744,1251500
2003-11-17,28.8500,28.9600,28.6700,28.9400,19.8128,188300
2003-11-18,29.0000,29.1200,28.7500,28.7700,19.6964,128200
2003-11-19,28.9000,29.1200,28.7700,29.0700,19.9018,87400
2003-11-20,28.9500,29.0200,28.6000,28.6900,19.6416,125500
2003-11-21,28.7000,28.7000,28.2500,28.3400,19.4020,571000
2003-11-24,28.5000,28.8200,28.5000,28.8000,19.7169,88300
2003-11-25,28.8000,28.8000,28.5000,28.6600,19.6211,535800
2003-11-26,28.7500,28.7500,28.3100,28.6600,19.6211,138300
2003-11-28,28.6800,28.6800,28.5500,28.6000,19.5800,39700
2003-12-01,28.8500,29.0900,28.7200,29.0600,19.8949,183000
2003-12-02,28.9700,29.1800,28.9700,29.0800,19.9086,517100
2003-12-03,29.3000,29.3900,29.1000,29.1500,19.9565,273400
2003-12-04,29.2000,29.2300,28.9700,29.2000,19.9908,109600
2003-12-05,29.1400,29.1500,28.9000,28.9800,19.8401,88900
2003-12-08,29.0000,29.2200,28.9100,29.2000,19.9908,184400
2003-12-09,29.2700,29.3000,29.0100,29.0800,19.9086,302800
2003-12-10,28.9000,29.0900,28.7900,28.8800,19.7717,96800
2003-12-11,28.9000,29.3600,28.9000,29.2400,20.0181,159900
2003-12-12,29.3900,29.3900,29.1500,29.3300,20.0798,99300
2003-12-15,29.4700,29.5500,29.2000,29.2800,20.0455,108100
2003-12-16,28.8000,29.4000,28.8000,29.3900,20.1208,109500
2003-12-17,29.4500,29.4500,29.2500,29.4500,20.1619,87900
2003-12-18,29.5200,29.6700,29.3700,29.6700,20.3125,616600
2003-12-19,29.7000,29.7000,29.3600,29.5200,20.2802,392000
2003-12-22,29.6000,29.6500,29.3800,29.5100,20.2734,230000
2003-12-23,29.5000,29.5800,29.4700,29.5300,20.2871,128400
2003-12-24,29.5500,29.7000,29.5000,29.6200,20.3489,59400
2003-12-26,29.6800,29.7300,29.6300,29.7000,20.4039,35200
2003-12-29,29.8500,30.0000,29.7600,29.9400,20.5688,121800
2003-12-30,30.0700,30.0800,29.9600,30.0200,20.6237,157500
2003-12-31,30.1000,30.1800,30.0000,30.1500,20.7130,221400
2004-01-02,30.2000,30.4400,30.1200,30.2200,20.7611,628700
2004-01-05,30.4000,30.5000,30.1400,30.3600,20.8573,191500
2004-01-06,30.4700,30.4800,30.3100,30.4500,20.9191,289300
2004-01-07,30.4500,30.6400,30.3100,30.6400,21.0497,262300
2004-01-08,30.7000,30.7000,30.3200,30.5100,20.9604,214300
2004-01-09,30.4800,30.4900,30.2000,30.3200,20.8298,153400
2004-01-12,30.4000,30.4000,30.1400,30.2700,20.7955,109900
2004-01-13,30.3800,30.3900,30.0500,30.1400,20.7062,342500
2004-01-14,30.1000,30.3500,30.0500,30.3100,20.8230,395500
2004-01-15,30.5000,30.5000,30.1000,30.3900,20.8779,139800
2004-01-16,30.3000,30.4800,30.3000,30.4600,20.9260,186600
2004-01-20,30.6000,30.6500,30.3600,30.3600,20.8573,380200
2004-01-21,30.6000,30.8900,30.3600,30.8700,21.2077,222100
2004-01-22,31.0000,31.0600,30.8500,30.9300,21.2489,216100
2004-01-23,31.1000,31.1000,30.6600,30.7800,21.1458,178900
2004-01-26,30.8500,31.2600,30.8000,31.1700,21.4138,667100
2004-01-27,31.3000,31.3000,30.9300,30.9700,21.2764,161400
2004-01-28,31.1000,31.1000,30.6300,30.7000,21.0909,144800
2004-01-29,30.8500,31.1600,30.5500,31.1500,21.4000,130600
2004-01-30,31.2000,31.2000,30.7800,30.9800,21.2833,122700
2004-02-02,31.0500,31.5000,30.9400,31.3800,21.5581,239100
2004-02-03,31.2200,31.6000,31.2200,31.5800,21.6955,251000
2004-02-04,31.4600,31.8300,31.4500,31.6800,21.7642,437900
2004-02-05,31.7500,31.7500,31.3200,31.5200,21.6542,237200
2004-02-06,31.5300,31.7600,31.3800,31.7600,21.8191,388000
2004-02-09,31.7300,31.7300,31.4200,31.4500,21.6061,2212500
2004-02-10,31.5500,31.6500,31.4100,31.5900,21.7023,186500
2004-02-11,31.6300,31.9500,31.4500,31.8800,21.9016,203300
2004-02-12,31.9800,31.9800,31.6000,31.6800,21.7642,603900
2004-02-13,31.8500,31.8500,31.5000,31.5400,21.6680,297600
2004-02-17,31.6500,31.8200,31.6200,31.7400,21.8054,250900
2004-02-18,31.8500,31.8500,31.5000,31.6000,21.7092,173000
2004-02-19,31.7800,31.7800,31.4800,31.4900,21.6336,115500
2004-02-20,31.6000,31.6000,31.2100,31.3200,21.5168,492200
2004-02-23,31.4500,31.4500,31.1200,31.2600,21.4756,331700
2004-02-24,31.3000,31.4700,31.1500,31.4000,21.5718,228900
2004-02-25,31.4500,31.4600,31.2500,31.4400,21.5993,87800
2004-02-26,31.4400,31.4500,31.2000,31.4000,21.5718,144900
2004-02-27,31.4000,31.4800,31.2800,31.3100,21.5100,84700
2004-03-01,31.3700,31.4900,31.1500,31.4000,21.5718,183800
2004-03-02,31.4000,31.4400,31.1700,31.2000,21.4344,161100
2004-03-03,31.2000,31.4100,31.0300,31.3300,21.5237,148600
2004-03-04,31.3800,31.5000,31.3300,31.4700,21.6199,158000
2004-03-05,31.4700,31.7300,31.3700,31.6300,21.7298,310300
2004-03-08,31.8000,31.8000,31.5000,31.6000,21.7092,225700
2004-03-09,31.7000,31.7000,31.1200,31.2400,21.4619,242200
2004-03-10,31.3500,31.3500,30.6500,30.7600,21.1321,215600
2004-03-11,30.6000,30.6300,30.1000,30.1700,20.7268,185400
2004-03-12,30.3000,30.3300,30.0500,30.2500,20.7817,293500
2004-03-15,30.3000,30.3000,29.9100,29.9800,20.5963,143900
2004-03-16,30.2500,30.2700,29.9200,30.1900,20.7405,144400
2004-03-17,30.2700,30.2700,30.0100,30.1600,20.7199,323600
2004-03-18,30.1000,30.2000,29.8200,30.1300,20.6993,75800
2004-03-19,30.1000,30.1000,29.5500,29.5800,20.3722,175100
2004-03-22,29.5000,29.5900,29.1000,29.2100,20.1173,150000
2004-03-23,29.4500,29.5800,29.2200,29.3100,20.1862,252000
2004-03-24,29.4000,29.4000,29.0400,29.1500,20.0760,93200
2004-03-25,29.5500,29.5500,29.0800,29.3100,20.1862,325900
2004-03-26,29.4000,29.5900,29.2800,29.4300,20.2689,93100
2004-03-29,29.5500,29.9300,29.5000,29.8300,20.5443,440500
2004-03-30,29.9300,29.9300,29.5800,29.7600,20.4961,459100
2004-03-31,29.8800,30.0200,29.7100,29.9300,20.6132,266300
2004-04-01,30.0000,30.2500,30.0000,30.1400,20.7578,144000
2004-04-02,30.4100,30.5900,30.3400,30.5000,21.0058,542900
2004-04-05,30.7000,30.8500,30.5100,30.8500,21.2468,108200
2004-04-06,30.8500,30.8500,30.5600,30.7500,21.1780,175500
2004-04-07,30.7000,30.7100,30.5300,30.6100,21.0815,65600
2004-04-08,30.8000,30.8000,30.2600,30.4000,20.9369,105300
2004-04-12,30.4500,30.6500,30.3400,30.6500,21.1091,382200
2004-04-13,30.6500,30.8200,30.3500,30.3800,20.9231,189800
2004-04-14,30.3800,30.7200,30.2000,30.6900,21.1366,215200
2004-04-15,30.8000,31.3000,30.7500,31.2500,21.5223,142300
2004-04-16,31.2500,31.5200,31.2100,31.4800,21.6807,1974700
2004-04-19,31.5200,31.5200,31.2600,31.3500,21.5912,886400
2004-04-20,31.6000,31.6000,30.8300,30.8300,21.2331,122100
2004-04-21,30.8500,31.3600,30.8400,31.1900,21.4810,149800
2004-04-22,31.1900,31.5000,31.0400,31.4400,21.6532,788700
2004-04-23,31.5000,31.5000,31.2100,31.3500,21.5912,127500
2004-04-26,31.6000,31.6000,31.1400,31.1800,21.4741,233400
2004-04-27,31.4500,31.5600,31.2500,31.3000,21.5568,177000
2004-04-28,31.3500,31.3500,30.9100,31.0200,21.3639,81100
2004-04-29,31.0500,31.0800,30.6500,30.8300,21.2331,264400
2004-04-30,30.9500,31.0900,30.8000,30.8600,21.2537,163100
2004-05-03,31.0000,31.2600,30.8200,31.2600,21.5292,276200
2004-05-04,31.3500,31.3600,31.0000,31.2100,21.4948,253900
2004-05-05,31.2500,31.4600,31.1400,31.3900,21.6187,443300
2004-05-06,31.3700,31.4400,31.1000,31.2700,21.5361,182200
2004-05-07,31.2500,31.4300,31.0600,31.0600,21.3915,372800
2004-05-10,30.7500,31.0400,30.4600,30.6600,21.1160,375500
2004-05-11,30.7500,30.7500,30.5400,30.6900,21.1366,178700
2004-05-12,30.7000,30.8400,30.2700,30.8000,21.2124,465300
2004-05-13,30.7500,30.8800,30.6200,30.7600,21.1849,219500
2004-05-14,30.8000,31.0100,30.5100,30.7000,21.1435,107600
2004-05-17,30.6500,30.7700,30.4100,30.6100,21.0815,2092100
2004-05-18,30.6100,30.7400,30.5100,30.6000,21.0747,302400
2004-05-19,30.7500,30.7600,30.3000,30.3000,20.8680,1147700
2004-05-20,30.4000,30.4000,30.0300,30.1000,20.7303,79700
2004-05-21,30.3000,30.3000,30.0500,30.1600,20.7716,73100
2004-05-24,30.2500,30.3000,29.9200,30.0100,20.6683,183600
2004-05-25,30.0000,30.4300,29.8700,30.3000,20.8680,346900
2004-05-26,30.3000,30.5300,30.3000,30.4600,20.9782,518600
2004-05-27,30.6000,30.8300,30.4900,30.7700,21.1917,443000
2004-05-28,30.8500,30.8500,30.6400,30.7600,21.1849,228200
2004-06-01,30.7600,30.9400,30.6800,30.9200,21.2950,472600
2004-06-02,31.1000,31.1800,30.9300,31.1100,21.4259,139800
2004-06-03,31.1000,31.2500,30.9900,31.0300,21.3708,119600
2004-06-04,31.3000,31.3000,31.0400,31.0900,21.4121,352800
2004-06-07,31.4000,31.4000,31.1400,31.4000,21.6256,245300
2004-06-08,31.3000,31.4400,31.2600,31.4400,21.6532,238100
2004-06-09,31.4400,31.4400,31.0700,31.0700,21.3984,108300
2004-06-10,31.2000,31.2000,31.0300,31.0800,21.4052,124700
2004-06-14,30.9900,31.0200,30.8000,30.8600,21.2537,131300
2004-06-15,31.0500,31.0500,30.8100,30.9000,21.2813,175400
2004-06-16,31.0000,31.0200,30.8300,30.9100,21.2882,821900
2004-06-17,30.9100,30.9600,30.7400,30.9600,21.3226,267900
2004-06-18,30.8500,30.9600,30.8100,30.8600,21.3129,117000
2004-06-21,30.8100,30.8500,30.6200,30.6500,21.1679,105200
2004-06-22,30.6500,30.6500,30.3400,30.5200,21.0781,129800
2004-06-23,30.6000,30.7500,30.4400,30.7000,21.2024,174000
2004-06-24,30.7000,30.7900,30.6400,30.7100,21.2093,519000
2004-06-25,30.5000,30.6500,30.3800,30.4400,21.0229,304200
2004-06-28,30.5500,30.5700,30.1700,30.2900,20.9193,391700
2004-06-29,30.3100,30.5900,30.2900,30.4500,21.0298,681300
2004-06-30,30.5000,30.6300,30.3800,30.5600,21.1057,176800
2004-07-01,30.6000,30.6200,29.9100,30.1300,20.8088,1131500
2004-07-02,30.2500,30.2500,30.0200,30.1100,20.7949,138300
2004-07-06,30.1200,30.1200,29.7900,29.8900,20.6430,666500
2004-07-07,29.9000,29.9300,29.7200,29.8200,20.5947,277900
2004-07-08,29.7000,30.1300,29.7000,29.7500,20.5463,276000
2004-07-09,30.0000,30.0000,29.6400,29.6800,20.4980,135300
2004-07-12,29.6500,29.6800,29.4300,29.5500,20.4082,175300
2004-07-13,29.6000,29.8200,29.6000,29.7900,20.5739,518900
2004-07-14,29.7000,30.1300,29.7000,29.9000,20.6499,122600
2004-07-15,29.9500,30.0100,29.5700,29.5700,20.4220,226700
2004-07-16,29.6200,29.6700,29.2600,29.3100,20.2424,97800
2004-07-19,29.5000,29.5000,29.0200,29.1700,20.1458,128500
2004-07-20,29.1700,29.3000,29.0900,29.2900,20.2286,329000
2004-07-21,29.6000,29.6000,28.9600,28.9600,20.0007,137900
2004-07-22,28.8400,29.2000,28.7600,29.1000,20.0974,454300
2004-07-23,29.0500,29.0500,28.7300,28.9200,19.9731,66600
2004-07-26,28.9400,28.9400,28.4100,28.6300,19.7728,419800
2004-07-27,28.7000,28.8600,28.4600,28.7500,19.8557,163500
2004-07-28,28.6800,28.7800,28.2600,28.6800,19.8074,126800
2004-07-29,28.7500,28.9400,28.5400,28.8100,19.8971,216100
2004-07-30,28.8500,28.9700,28.7600,28.9200,19.9731,314600
2004-08-02,28.9200,29.0200,28.8400,28.8900,19.9524,254700
2004-08-03,28.8500,29.0500,28.7500,28.8600,19.9317,169700
2004-08-04,28.8800,28.9100,28.6200,28.8000,19.8902,344600
2004-08-05,28.9000,28.9000,28.2300,28.2700,19.5242,441200
2004-08-06,28.0100,28.0100,27.7900,27.8800,19.2548,582500
2004-08-09,27.8500,27.9400,27.7500,27.7500,19.1651,512300
2004-08-10,27.9000,28.1600,27.8000,28.1600,19.4482,77900
2004-08-11,28.1000,28.7000,28.0000,28.6300,19.7728,1819900
2004-08-12,28.6300,28.7300,28.4700,28.4700,19.6623,511600
2004-08-13,28.5500,28.6000,28.1900,28.2500,19.5104,1089000
2004-08-16,28.3500,28.7000,28.3100,28.6300,19.7728,643400
2004-08-17,28.6100,28.8000,28.5600,28.6700,19.8004,142000
2004-08-18,28.5500,29.0800,28.5500,29.0500,20.0629,709100
2004-08-19,29.1000,29.1000,28.8200,28.9500,19.9938,842600
2004-08-20,28.9400,29.2300,28.9000,29.1900,20.1596,129100
2004-08-23,29.1000,29.3100,29.0800,29.1300,20.1181,133100
2004-08-24,29.1300,29.2800,29.0800,29.1500,20.1319,443000
2004-08-25,29.2500,29.4300,29.1100,29.4300,20.3253,149800
2004-08-26,29.4300,29.4400,29.2800,29.3900,20.2977,664600
2004-08-27,29.3000,29.6100,29.3000,29.6000,20.4427,372700
2004-08-30,29.5500,29.5500,29.2000,29.2300,20.1872,110100
2004-08-31,29.2500,29.3900,29.1800,29.3900,20.2977,598000
2004-09-01,29.4500,29.5200,29.3000,29.5100,20.3806,462400
2004-09-02,29.5500,29.8700,29.4500,29.8100,20.5878,278400
2004-09-03,29.6500,29.9900,29.6500,29.7500,20.5463,1711100
2004-09-07,30.0000,30.3800,29.7900,29.9500,20.6844,188400
2004-09-08,30.0500,30.0500,29.8300,29.8800,20.6361,401100
2004-09-09,29.9500,29.9500,29.7300,29.7600,20.5532,506500
2004-09-10,29.7500,29.7500,29.4600,29.7200,20.5256,160700
2004-09-13,29.7600,29.8400,29.6500,29.7500,20.5463,3257800
2004-09-14,29.8000,30.0600,29.8000,29.9800,20.7052,178100
2004-09-15,29.9800,29.9800,29.8300,29.8600,20.6223,169000
2004-09-16,29.9000,29.9300,29.7900,29.8500,20.6154,58700
2004-09-17,29.9000,29.9000,29.7500,29.8500,20.6770,948100
2004-09-20,29.8000,29.8000,29.4300,29.5200,20.4484,160200
2004-09-21,29.5500,29.7800,29.4700,29.6700,20.5524,203600
2004-09-22,29.6500,29.6500,29.2200,29.3000,20.2961,2548800
2004-09-23,29.4000,29.4000,29.0900,29.0900,20.1506,187800
2004-09-24,28.8500,29.3000,28.8500,29.1700,20.2060,531000
2004-09-27,29.1700,29.2000,28.9900,29.0000,20.0882,402100
2004-09-28,29.2000,29.3800,28.8500,29.2200,20.2406,673400
2004-09-29,29.3000,29.3600,29.1900,29.3500,20.3307,668100
2004-09-30,29.0000,29.0000,28.6500,28.7900,19.9428,1650500
2004-10-01,28.7900,29.1100,28.7900,29.0600,20.1298,644200
2004-10-04,29.0600,29.3300,29.0600,29.1900,20.2198,227300
2004-10-05,29.2900,29.2900,29.0400,29.1000,20.1575,210100
2004-10-06,29.1600,30.0000,28.8600,29.0700,20.1367,403800
2004-10-07,29.0900,29.1000,28.3000,28.4100,19.6795,549100
2004-10-08,28.2900,28.4500,28.0000,28.0200,19.4094,315700
2004-10-11,28.0200,28.2500,28.0100,28.2100,19.5410,220500
2004-10-12,28.0100,28.2300,27.9500,28.1600,19.5064,221900
2004-10-13,28.1600,28.2800,27.7700,27.8600,19.2986,1533800
2004-10-14,27.8500,28.0600,27.6600,27.6700,19.1670,170800
2004-10-15,27.6500,27.7400,27.4300,27.7100,19.1947,229300
2004-10-18,27.6500,28.0000,27.6200,27.9700,19.3748,518500
2004-10-19,28.0500,28.0500,27.4600,27.5100,19.0561,474800
2004-10-20,27.5500,27.5500,27.2100,27.5000,19.0492,268600
2004-10-21,27.5000,27.5000,27.0700,27.2400,18.8691,316000
2004-10-22,27.3200,27.3500,26.9800,27.0400,18.7306,402300
2004-10-25,27.1500,27.1500,26.7000,26.8900,18.6266,203700
2004-10-26,26.9500,27.4000,26.9500,27.4000,18.9799,463500
2004-10-27,27.5000,28.2200,27.4500,28.1200,19.4787,480600
2004-10-28,28.2000,28.2100,28.0000,28.0700,19.4440,263800
2004-10-29,28.2000,28.2100,27.9200,28.1500,19.4995,303700
2004-11-01,28.1000,28.1000,27.7700,27.8900,19.3194,1321300
2004-11-02,27.8500,28.2200,27.5200,27.6800,19.1739,1214700
2004-11-03,29.4000,30.2800,28.3800,28.5000,19.7419,1322700
2004-11-04,28.6000,28.6000,28.0100,28.5600,19.7835,1230700
2004-11-05,28.7000,28.8300,28.5800,28.7300,19.9012,707400
2004-11-08,28.6800,28.7200,28.5300,28.7200,19.8943,379100
2004-11-09,28.7500,28.8800,28.6500,28.7300,19.9012,410000
2004-11-10,28.8000,28.8400,28.5000,28.6500,19.8458,301000
2004-11-11,28.8000,28.9300,28.6800,28.8000,19.9497,242400
2004-11-12,28.8200,28.9000,28.5700,28.8400,19.9774,354400
2004-11-15,28.7700,29.1100,28.7600,28.9900,20.0813,445200
2004-11-16,29.0500,29.0500,28.8000,28.8500,19.9843,747600
2004-11-17,28.9200,29.0400,28.7500,28.8400,19.9774,562600
2004-11-18,28.7900,28.8700,28.6900,28.7600,19.9220,238300
2004-11-19,28.6300,28.6900,28.3800,28.4100,19.6795,839300
2004-11-22,28.5000,28.5400,28.2500,28.4600,19.7142,292900
2004-11-23,28.5000,28.5000,28.2600,28.3700,19.6518,162900
2004-11-24,28.5000,28.5800,28.3300,28.4400,19.7003,302400
2004-11-26,28.5500,28.7300,28.4600,28.6100,19.8181,3009300
2004-11-29,28.7000,28.7600,28.5100,28.6000,19.8112,809000
2004-11-30,28.5500,28.7700,28.5400,28.7000,19.8804,340200
2004-12-01,28.7000,29.1900,28.7000,29.1800,20.2129,669100
2004-12-02,29.2500,29.5000,29.1000,29.4600,20.4069,487500
2004-12-03,29.4600,29.5900,29.2000,29.2600,20.2683,771200
2004-12-06,29.2600,29.3200,28.9700,29.2000,20.2268,370900
2004-12-07,29.4500,29.4500,28.8700,28.9000,20.0190,300200
2004-12-08,28.9500,29.3700,28.9400,29.3200,20.3099,372600
2004-12-09,29.4000,29.6000,29.0600,29.5100,20.4415,1360000
2004-12-10,29.6500,29.6500,29.4000,29.4900,20.4277,1367700
2004-12-13,29.6000,29.6500,29.4100,29.6300,20.5246,661900
2004-12-14,29.7500,29.9100,29.5900,29.8900,20.7047,479500
2004-12-15,29.9000,29.9900,29.6900,29.9800,20.7671,604900
2004-12-16,30.0700,30.4400,30.0100,30.4000,21.0580,623500
2004-12-17,29.5000,29.8000,29.1800,29.7000,20.6363,1019000
2004-12-20,29.7700,29.8000,29.3100,29.3400,20.3861,2002900
2004-12-21,29.3400,29.6300,29.3400,29.6200,20.5807,3683200
2004-12-22,29.6500,29.8600,29.6000,29.8400,20.7335,912000
2004-12-23,29.6500,30.0800,29.6500,29.9600,20.8169,642900
2004-12-27,30.1000,30.1200,29.9000,29.9200,20.7891,563100
2004-12-28,30.0500,30.2400,30.0000,30.2300,21.0045,413000
2004-12-29,30.3000,30.3000,30.1700,30.2900,21.0462,300100
2004-12-30,30.4000,30.4000,30.2400,30.3100,21.0601,268000
2004-12-31,30.3500,30.3500,30.1800,30.1900,20.9767,236300
2005-01-03,30.4500,30.4500,29.8200,29.8400,20.7335,606200
2005-01-04,29.9800,30.0500,29.4700,29.6000,20.5668,454300
2005-01-05,29.5800,29.7400,29.5400,29.5500,20.5320,448300
2005-01-06,29.7000,29.8800,29.5500,29.7700,20.6849,1247500
2005-01-07,29.8500,29.9000,29.7100,29.7500,20.6710,173600
2005-01-10,29.8500,30.0500,29.7400,30.0100,20.8517,456100
2005-01-11,29.8000,29.9400,29.7400,29.8000,20.7057,570800
2005-01-12,29.9500,30.0400,29.7600,30.0000,20.8447,318000
2005-01-13,30.0000,30.0400,29.5100,29.5500,20.5320,247500
2005-01-14,29.6500,29.7300,29.5000,29.6700,20.6154,275800
2005-01-18,29.7000,29.9100,29.5800,29.9100,20.7822,255500
2005-01-19,30.0000,30.0000,29.7100,29.7200,20.6502,549300
2005-01-20,29.6500,29.8100,29.5400,29.5700,20.5459,509700
2005-01-21,29.7000,29.7000,29.3700,29.3700,20.4070,350300
2005-01-24,29.5000,29.5000,29.1200,29.1200,20.2333,341200
2005-01-25,29.4000,29.5100,29.2800,29.3200,20.3722,174900
2005-01-26,29.4100,29.6400,29.4000,29.5000,20.4973,498200
2005-01-27,29.6000,29.6000,29.3500,29.4400,20.4556,741800
2005-01-28,29.5000,29.5400,29.0900,29.2000,20.2889,506200
2005-01-31,29.3400,29.4000,29.1100,29.2500,20.3236,690500
2005-02-01,29.3500,29.5300,29.2500,29.5300,20.5181,806900
2005-02-02,29.4000,29.6800,29.4000,29.6500,20.6015,327600
2005-02-03,29.7000,29.7000,29.4700,29.5600,20.5390,407700
2005-02-04,29.6000,29.8500,29.4900,29.8300,20.7266,369100
2005-02-07,29.6000,29.9400,29.6000,29.8500,20.7405,671100
2005-02-08,29.8300,29.9800,29.8300,29.9200,20.7891,434800
2005-02-09,29.9500,30.0600,29.5900,29.6000,20.5668,485000
2005-02-10,29.7000,29.7500,29.5100,29.6500,20.6015,314000
2005-02-11,29.6700,30.1300,29.6700,29.9500,20.8100,281600
2005-02-14,30.0000,30.0200,29.8600,29.9700,20.8239,415000
2005-02-15,30.0500,30.1000,29.8900,29.9600,20.8169,214100
2005-02-16,30.0000,30.0000,29.7600,29.9200,20.7891,211300
2005-02-17,29.8800,29.9900,29.7900,29.8800,20.7613,198500
2005-02-18,29.9900,30.3800,29.8100,30.3300,21.0740,947900
2005-02-22,30.4000,30.4100,29.9100,29.9700,20.8239,3282500
2005-02-23,30.1000,30.2200,29.9700,30.1100,20.9211,482400
2005-02-24,30.2200,30.3800,29.9200,30.3400,21.0809,410100
2005-02-25,30.3000,30.6300,30.3000,30.5900,21.2547,448200
2005-02-28,30.7000,30.7000,30.0200,30.1300,20.9350,779800
2005-03-01,30.3000,30.4400,30.2900,30.3700,21.1018,390800
2005-03-02,30.4000,30.6200,30.2600,30.4000,21.1226,758500
2005-03-03,30.6000,30.6200,30.2800,30.3700,21.1018,312900
2005-03-04,30.5200,30.6700,30.5000,30.6500,21.2963,333800
2005-03-07,30.6000,30.8800,30.6000,30.7200,21.3450,438600
2005-03-08,30.8000,30.8000,30.4800,30.5200,21.2060,731200
2005-03-09,30.6300,30.6300,30.2800,30.3300,21.0740,386000
2005-03-10,30.5000,30.5500,30.3400,30.4400,21.1504,577600
2005-03-11,30.5500,30.5500,30.1000,30.2000,20.9837,428700
2005-03-14,30.2500,30.2700,30.0000,30.2500,21.0184,1195700
2005-03-15,30.3200,30.3400,29.8800,29.9000,20.7752,688100
2005-03-16,29.8300,29.9100,29.5600,29.6100,20.5737,1745900
2005-03-17,29.7200,29.7500,29.5200,29.7100,20.6432,196200
2005-03-18,29.5800,29.7400,29.4000,29.5800,20.6230,1285200
2005-03-21,29.6600,29.6800,29.3300,29.4600,20.5393,667400
2005-03-22,29.6500,29.7100,29.4100,29.4700,20.5463,233000
2005-03-23,29.4700,29.8500,29.4700,29.7900,20.7694,274800
2005-03-24,29.9500,30.0200,29.7700,29.8000,20.7764,612300
2005-03-28,29.9500,29.9500,29.7800,29.7800,20.7624,243500
2005-03-29,29.8000,29.9000,29.6600,29.6800,20.6927,525700
2005-03-30,29.7200,30.1500,29.7200,30.1500,21.0204,304700
2005-03-31,30.1500,30.1500,29.8200,29.8600,20.8182,898600
2005-04-01,30.0400,30.1000,29.5400,29.6000,20.6369,344700
2005-04-04,29.7500,29.9000,29.6000,29.7500,20.7415,215800
2005-04-05,30.0300,30.3600,30.0200,30.3500,21.1598,456500
2005-04-06,30.4100,30.5800,30.3500,30.3700,21.1738,1220800
2005-04-07,30.3500,30.6900,30.1600,30.6800,21.3899,1007500
2005-04-08,30.6500,30.7100,30.4000,30.4600,21.2365,552900
2005-04-11,30.6000,30.6000,30.4000,30.4300,21.2156,417200
2005-04-12,30.3400,30.6500,30.1500,30.6300,21.3550,373100
2005-04-13,30.6800,30.9000,30.5000,30.7700,21.4527,420600
2005-04-14,30.8500,30.8500,30.5900,30.6500,21.3690,1148000
2005-04-15,30.7500,31.1000,30.7500,30.8000,21.4736,4044300
2005-04-18,31.4000,31.4000,30.3700,30.5900,21.3272,1153800
2005-04-19,30.6400,30.7300,30.3700,30.5700,21.3132,926900
2005-04-20,30.6500,30.6500,30.1200,30.1900,21.0483,433100
2005-04-21,30.5500,30.6300,30.3300,30.6000,21.3341,429400
2005-04-22,30.7300,30.7300,30.3500,30.4900,21.2574,795200
2005-04-25,30.6000,30.7000,30.4300,30.5600,21.3062,344500
2005-04-26,30.6000,30.6800,30.3700,30.3700,21.1738,345200
2005-04-27,30.3300,30.6700,30.1900,30.6000,21.3341,339100
2005-04-28,30.4300,30.6500,30.4000,30.4500,21.2295,347100
2005-04-29,30.5800,30.9000,30.4100,30.9000,21.5433,429800
2005-05-02,31.0500,31.0500,30.8700,31.0300,21.6339,502700
2005-05-03,31.0500,31.1500,30.8800,31.0100,21.6200,2936300
2005-05-04,31.1500,31.3300,31.0000,31.3200,21.8361,532500
2005-05-05,31.4000,31.4000,31.1800,31.3100,21.8291,637000
2005-05-06,31.5500,31.5500,31.1700,31.1700,21.7315,1699700
2005-05-09,31.2600,31.4200,31.0900,31.4000,21.8919,1036100
2005-05-10,31.4500,31.4500,31.1400,31.2000,21.7524,550000
2005-05-11,31.1500,31.3700,31.0200,31.3300,21.8431,573500
2005-05-12,31.4000,31.5000,31.2200,31.2900,21.8152,716500
2005-05-13,31.2800,31.3500,30.8500,31.0800,21.6688,1828500
2005-05-16,31.2000,31.4500,31.1500,31.4500,21.9267,653500
2005-05-17,31.4500,31.4600,31.1400,31.4300,21.9128,1428900
2005-05-18,31.5600,31.6300,31.4200,31.5000,21.9616,628700
2005-05-19,31.5500,31.6000,31.3200,31.4900,21.9546,490300
2005-05-20,30.5700,31.5500,30.5700,31.4700,21.9407,311400
2005-05-23,31.4600,31.6300,31.3600,31.5300,21.9825,508600
2005-05-24,31.6000,31.6500,31.5000,31.5700,22.0104,540200
2005-05-25,31.6000,31.6000,31.2500,31.3700,21.8710,748700
2005-05-26,31.4000,31.5500,31.4000,31.4900,21.9546,821000
2005-05-27,31.6500,31.6500,31.3400,31.3900,21.8849,791100
2005-05-31,31.5000,31.5000,31.2200,31.2900,21.8152,1182500
2005-06-01,31.3400,31.4700,31.2000,31.3700,21.8710,591900
2005-06-02,31.3500,31.4500,31.2500,31.3700,21.8710,408900
2005-06-03,31.4000,31.4000,31.1900,31.2600,21.7943,1874900
2005-06-06,31.2400,31.3600,31.1800,31.2700,21.8013,537100
2005-06-07,31.3600,31.5500,31.2500,31.2800,21.8082,453800
2005-06-08,31.3700,31.3700,31.0100,31.0600,21.6548,494900
2005-06-09,31.0700,31.2900,31.0200,31.1900,21.7455,373200
2005-06-10,31.1500,31.2800,31.0100,31.1200,21.6967,966000
2005-06-13,31.2000,31.3700,31.0400,31.2500,21.7873,363300
2005-06-14,31.3500,31.6000,31.2500,31.5200,21.9755,1039800
2005-06-15,31.6500,31.6500,31.2600,31.4000,21.8919,685800
2005-06-16,31.5500,31.6100,31.4500,31.6000,22.0313,979500
2005-06-17,31.4000,31.7700,31.4000,31.6600,22.1404,536300
2005-06-20,31.7500,31.7500,31.5000,31.6200,22.1124,484500
2005-06-21,31.7000,31.7000,31.5100,31.5700,22.0775,400800
2005-06-22,31.5000,31.6600,31.4300,31.4600,22.0005,507300
2005-06-23,31.5000,31.5300,31.2400,31.2500,21.8537,561800
2005-06-24,31.3500,31.3500,31.1000,31.1000,21.7488,358200
2005-06-27,31.1000,31.1100,30.9000,30.9700,21.6579,869400
2005-06-28,31.2000,31.2900,31.0900,31.2800,21.8747,529200
2005-06-29,31.4000,31.4000,31.2000,31.2400,21.8467,403100
2005-06-30,31.2700,31.3000,30.9700,31.0300,21.6998,625900
2005-07-01,31.1000,31.1000,30.8700,30.9900,21.6719,483900
2005-07-05,30.8800,31.1900,30.8500,31.1000,21.7488,443900
2005-07-06,30.9900,31.1500,30.8500,30.9000,21.6089,1084000
2005-07-07,30.6000,30.9300,30.6000,30.8900,21.6019,387400
2005-07-08,30.9600,31.3400,30.8500,31.2600,21.8607,667900
2005-07-11,31.3500,31.4500,31.1900,31.3600,21.9306,545800
2005-07-12,31.4000,31.4200,31.2300,31.3400,21.9166,583600
2005-07-13,31.3100,31.3500,31.0900,31.1700,21.7977,728300
2005-07-14,31.3500,31.4500,31.2500,31.3600,21.9306,1118500
2005-07-15,31.4000,31.5500,31.3600,31.5100,22.0355,454500
2005-07-18,31.5500,31.5500,31.3000,31.3200,21.9026,626500
2005-07-19,31.4500,31.4700,31.2200,31.3300,21.9096,322600
2005-07-20,31.5000,31.8100,31.5000,31.7800,22.2243,1247900
2005-07-21,31.7500,31.7800,31.3700,31.4400,21.9866,709000
2005-07-22,31.5000,31.5000,31.2900,31.4000,21.9586,838100
2005-07-25,31.5000,31.5000,31.2000,31.2100,21.8257,506400
2005-07-26,31.4000,31.4700,31.2200,31.3600,21.9306,431400
2005-07-27,31.5000,31.6900,31.3900,31.6500,22.1334,424100
2005-07-28,31.7000,32.0000,31.6900,31.9500,22.3432,1833600
2005-07-29,32.0000,32.0000,31.7300,31.7300,22.1894,958000
2005-08-01,31.9500,32.0400,31.8200,31.8900,22.3013,1020700
2005-08-02,31.9700,32.0700,31.8500,32.0100,22.3852,725300
2005-08-03,31.9500,32.0900,31.9000,32.0900,22.4411,723600
2005-08-04,32.0100,32.0600,31.7700,31.7700,22.2173,694700
2005-08-05,31.7400,31.7400,31.5200,31.5500,22.0635,597400
2005-08-08,31.6500,31.6700,31.3600,31.4300,21.9796,416500
2005-08-09,31.5000,31.7900,31.5000,31.7900,22.2313,394400
2005-08-10,31.8100,32.0400,31.6900,31.7400,22.1964,1930400
2005-08-11,31.7500,31.9900,31.7200,31.9300,22.3292,432600
2005-08-12,31.9000,31.9100,31.6500,31.7500,22.2034,204700
2005-08-15,31.7100,31.8500,31.6300,31.7700,22.2173,521500
2005-08-16,31.8300,31.8500,31.5400,31.5500,22.0635,431800
2005-08-17,31.5500,31.7500,31.5100,31.6100,22.1054,403500
2005-08-18,31.6200,31.7700,31.5300,31.6200,22.1124,375700
2005-08-19,31.8500,31.8500,31.3900,31.4000,21.9586,1864600
2005-08-22,31.4100,31.5600,31.2600,31.4000,21.9586,1283000
2005-08-23,31.3900,31.3900,31.1600,31.2000,21.8187,2321400
2005-08-24,31.3000,31.4400,31.0900,31.1000,21.7488,1617800
2005-08-25,31.1500,31.2500,31.1100,31.1400,21.7768,966900
2005-08-26,31.2000,31.2000,30.9900,31.0300,21.6998,718300
2005-08-29,30.9900,31.3700,30.7500,31.3400,21.9166,1147400
2005-08-30,31.2500,31.3300,31.1100,31.3000,21.8887,394700
2005-08-31,31.2800,31.6500,31.1900,31.6200,22.1124,691500
2005-09-01,31.7000,32.0000,31.5600,31.6300,22.1194,485300
2005-09-02,31.7300,31.7800,31.5800,31.6100,22.1054,817000
2005-09-06,31.6100,32.1300,31.6100,32.1100,22.4551,641900
2005-09-07,32.2000,32.4000,32.1800,32.3200,22.6020,1813800
2005-09-08,32.3400,32.4500,32.1500,32.3000,22.5880,1928900
2005-09-09,32.3500,32.4900,32.2800,32.4100,22.6649,665000
2005-09-12,32.5000,32.5200,32.2700,32.3000,22.5880,566500
2005-09-13,32.3000,32.3000,31.9100,31.9600,22.3502,776400
2005-09-14,32.0000,32.1000,31.8400,31.8700,22.2873,1536900
2005-09-15,31.8500,32.0400,31.8200,31.8500,22.2733,650600
2005-09-16,31.9000,32.0200,31.7600,32.0000,22.4458,509400
2005-09-19,31.9500,31.9900,31.6800,31.7700,22.2845,688400
2005-09-20,31.7700,31.8700,31.4700,31.5300,22.1162,613200
2005-09-21,31.3400,31.5900,31.3400,31.3800,22.0109,1017400
2005-09-22,31.4600,31.5500,31.2600,31.4500,22.0601,1725700
2005-09-23,31.2500,31.6200,31.2400,31.4700,22.0741,1253300
2005-09-26,31.6600,31.6600,31.2300,31.4200,22.0390,463300
2005-09-27,31.4200,31.4400,31.2000,31.2400,21.9128,472200
2005-09-28,31.3500,31.4200,31.1600,31.2600,21.9268,470500
2005-09-29,31.1200,31.3700,31.0100,31.3300,21.9759,700100
2005-09-30,31.3500,31.3800,31.2300,31.3500,21.9899,957000
2005-10-03,31.4500,31.4900,31.2500,31.3800,22.0109,1464100
2005-10-04,30.4300,31.7900,30.4300,31.5100,22.1021,618700
2005-10-05,31.5100,31.5200,30.9900,30.9900,21.7374,1116100
2005-10-06,31.0000,31.1100,30.5400,30.7800,21.5901,2054400
2005-10-07,30.9500,30.9500,30.7300,30.7500,21.5690,450900
2005-10-10,30.8000,30.8800,30.5700,30.7100,21.5410,1276300
2005-10-11,30.7500,30.9000,30.4100,30.4500,21.3586,712400
2005-10-12,30.4000,30.8000,30.4000,30.5200,21.4077,1276500
2005-10-13,30.4800,30.7800,30.4400,30.6700,21.5129,1285300
2005-10-14,30.7500,30.9300,29.8600,30.8100,21.6111,1362300
2005-10-17,30.7500,30.8500,30.6500,30.8000,21.6041,895500
2005-10-18,30.8500,30.9300,30.7300,30.7600,21.5761,1029900
2005-10-19,30.6200,31.1100,30.6000,31.0600,21.7865,1051800
2005-10-20,31.1500,31.1500,30.3500,30.4200,21.3376,1750100
2005-10-21,30.7000,30.7000,30.1500,30.2300,21.2043,1361700
2005-10-24,30.2000,30.4800,30.1800,30.4800,21.3797,937700
2005-10-25,30.5000,30.5000,30.0600,30.2900,21.2464,1216500
2005-10-26,30.2100,30.3100,29.9100,29.9100,20.9798,1346900
2005-10-27,29.9800,30.0200,29.7800,29.8000,20.9027,2871100
2005-10-28,29.8500,30.2600,29.8500,30.2500,21.2183,1076600
2005-10-31,30.4500,30.5200,30.3100,30.3900,21.3165,1238900
2005-11-01,30.4500,30.4500,30.2000,30.3000,21.2534,1293600
2005-11-02,30.1800,30.3600,30.1400,30.3000,21.2534,1188900
2005-11-03,29.5000,30.7000,29.5000,30.4900,21.3867,1788800
2005-11-04,30.4800,30.6800,30.4800,30.6500,21.4989,507900
2005-11-07,30.8000,30.8000,30.5300,30.7100,21.5410,508900
2005-11-08,30.6500,30.7100,30.6100,30.6400,21.4919,576000
2005-11-09,30.6700,30.7600,30.5400,30.6700,21.5129,328100
2005-11-10,30.6900,31.0900,30.6800,31.0700,21.7935,1473800
2005-11-11,31.0900,31.1300,30.8600,31.0800,21.8005,1651500
2005-11-14,31.1300,31.1300,30.8100,30.8700,21.6532,296900
2005-11-15,30.8700,31.2000,30.8700,31.0300,21.7654,451600
2005-11-16,31.1200,31.1500,30.8900,30.9700,21.7234,328200
2005-11-17,31.0500,31.1700,30.9300,31.1300,21.8356,397200
2005-11-18,31.3000,31.3200,31.1300,31.2600,21.9268,1958400
2005-11-21,31.3500,31.3500,31.1400,31.3200,21.9689,514500
2005-11-22,31.3000,31.3500,31.0600,31.1400,21.8426,684600
2005-11-23,31.2000,31.2600,31.0900,31.2200,21.8987,718500
2005-11-25,31.2300,31.3000,31.2000,31.2600,21.9268,115200
2005-11-28,31.2900,31.2900,30.8900,30.9300,21.6953,861200
2005-11-29,31.0700,31.1600,30.9400,30.9600,21.7164,490500
2005-11-30,30.9800,31.0600,30.7600,30.7600,21.5761,542000
2005-12-01,31.0000,31.1200,30.9300,31.0700,21.7935,488200
2005-12-02,31.0000,31.2000,30.9200,31.1800,21.8707,585700
2005-12-05,31.1800,31.2500,31.1000,31.2400,21.9128,2846000
2005-12-06,31.2800,31.4000,31.1500,31.1800,21.8707,719200
2005-12-07,31.1500,31.1600,30.9600,31.0500,21.7795,887300
2005-12-08,31.0200,31.3000,31.0200,31.1600,21.8566,338800
2005-12-09,31.1600,31.2800,31.1200,31.2000,21.8847,492600
2005-12-12,31.3000,31.3400,30.9500,31.2100,21.8917,753200
2005-12-13,31.1600,31.6000,31.1600,31.5500,22.1302,1674000
2005-12-14,31.6300,31.8100,31.5600,31.6400,22.1933,3037800
2005-12-15,31.8600,31.8600,31.6500,31.7300,22.2565,569300
2005-12-16,31.8200,31.8500,31.7000,31.7000,22.3085,501300
2005-12-19,31.9600,32.3000,31.9500,31.9800,22.5056,985000
2005-12-20,32.0600,32.0800,31.9000,31.9400,22.4774,408200
2005-12-21,32.3800,32.3800,31.9800,32.0400,22.5478,469200
2005-12-22,32.2100,32.3100,32.0500,32.2500,22.6956,625600
2005-12-23,32.3600,32.3700,32.2300,32.2900,22.7237,741800
2005-12-27,32.5000,32.5000,32.0100,32.0300,22.5408,432600
2005-12-28,32.1600,32.2100,32.0200,32.0300,22.5408,323300
2005-12-29,32.1900,32.1900,31.9000,31.9200,22.4633,462300
2005-12-30,31.8500,31.8500,31.6700,31.7200,22.3226,417500
2006-01-03,31.7800,32.1900,31.6700,32.1100,22.5971,1230000
2006-01-04,32.1300,32.4600,32.1300,32.4300,22.8223,2160600
2006-01-05,32.7700,32.7700,32.2900,32.3500,22.7660,1261100
2006-01-06,32.4800,32.6300,32.3900,32.5600,22.9137,774900
2006-01-09,32.6600,32.7400,32.5600,32.7100,23.0193,622700
2006-01-10,32.9500,32.9500,32.4800,32.5900,22.9349,823300
2006-01-11,32.4900,32.6400,32.4400,32.5100,22.8786,1015600
2006-01-12,32.4100,32.5600,32.4100,32.4800,22.8574,547900
2006-01-13,33.1100,33.1100,32.2900,32.4600,22.8434,878500
2006-01-17,32.2300,32.4000,32.2300,32.3700,22.7800,1063700
2006-01-18,32.4000,32.4900,32.3200,32.4200,22.8152,1213900
2006-01-19,32.6100,32.7100,32.3100,32.5900,22.9349,2798500
2006-01-20,32.6000,32.6000,31.9600,31.9700,22.4985,3070600
2006-01-23,32.0200,32.0400,31.8100,31.9500,22.4845,1085000
2006-01-24,31.8800,31.9600,31.7300,31.8000,22.3789,1173700
2006-01-25,31.9000,31.9700,31.6400,31.7600,22.3508,1425200
2006-01-26,31.8400,32.0400,31.8300,31.9200,22.4633,1221300
2006-01-27,31.9600,32.3400,31.9600,32.2900,22.7237,1228700
2006-01-30,32.3900,32.4900,32.1100,32.1400,22.6182,977700
2006-01-31,31.6100,32.2100,31.6100,32.1300,22.6111,2370400
2006-02-01,32.2900,32.4300,32.2100,32.3300,22.7519,1472700
2006-02-02,32.4400,32.4400,31.9900,32.0700,22.5689,900500
2006-02-03,32.0200,32.1700,31.8600,32.0100,22.5267,823400
2006-02-06,31.8900,31.9000,31.6200,31.7200,22.3226,924800
2006-02-07,31.7500,31.8700,31.6000,31.6700,22.2874,1328600
2006-02-08,31.6300,32.0800,31.5100,32.0800,22.5760,1537800
2006-02-09,32.0800,32.3500,32.0800,32.1100,22.5971,1491900
2006-02-10,31.9200,32.0500,31.7700,32.0400,22.5478,812200
2006-02-13,32.0200,32.0300,31.8400,32.0000,22.5196,644600
2006-02-14,32.6600,32.6600,32.0500,32.3100,22.7378,900300
2006-02-15,32.3100,32.5400,32.2600,32.5000,22.8715,974500
2006-02-16,32.5100,32.7300,32.4200,32.7100,23.0193,1161200
2006-02-17,32.5300,32.7200,32.5200,32.6900,23.0052,756200
2006-02-21,32.7400,32.8100,32.4500,32.5200,22.8856,692800
2006-02-22,32.4700,32.8400,32.4700,32.8000,23.0826,641800
2006-02-23,32.7200,32.8000,32.5800,32.6800,22.9982,790800
2006-02-24,32.6600,32.7600,32.5600,32.6800,22.9982,665900
2006-02-27,32.7000,33.0300,32.7000,32.9300,23.1741,1548200
2006-02-28,32.8000,32.8000,32.4100,32.5000,22.8715,912700
2006-03-01,32.4600,32.5700,32.3100,32.5300,22.8926,1319700
2006-03-02,32.5000,32.5300,32.3600,32.4700,22.8504,757400
2006-03-03,32.3700,32.6600,32.3300,32.3600,22.7730,795500
2006-03-06,32.3600,32.3800,32.1000,32.1900,22.6534,954100
2006-03-07,32.1000,32.3600,32.1000,32.2000,22.6604,1244300
2006-03-08,32.1300,32.5300,32.1300,32.4200,22.8152,490900
2006-03-09,32.5000,32.5100,32.2800,32.3100,22.7378,381500
2006-03-10,32.3900,32.4900,32.3100,32.4300,22.8223,626700
2006-03-13,32.6300,32.6300,32.3500,32.4100,22.8082,761900
2006-03-14,32.4100,32.6500,32.3600,32.6400,22.9700,868500
2006-03-15,32.7100,32.7800,32.5600,32.7500,23.0475,729000
2006-03-16,32.7500,32.8200,32.6800,32.7500,23.0475,815000
2006-03-17,32.7500,32.7900,32.6600,32.7200,23.1018,395200
2006-03-20,32.7700,32.8500,32.6500,32.7800,23.1442,745800
2006-03-21,32.7300,32.8200,32.4600,32.5800,23.0030,1330400
2006-03-22,32.6200,32.9200,32.6100,32.9100,23.2360,559600
2006-03-23,32.8000,32.8000,32.5600,32.7300,23.1089,1707700
2006-03-24,32.6000,32.7900,32.6000,32.6800,23.0736,465500
2006-03-27,32.5900,32.6100,32.3900,32.4300,22.8971,778800
2006-03-28,32.2400,32.3800,32.1000,32.1300,22.6853,1013700
2006-03-29,32.3300,32.3300,32.1300,32.2200,22.7488,503300
2006-03-30,32.1400,32.4000,32.0700,32.1600,22.7064,690200
2006-03-31,32.1200,32.2300,31.9500,31.9800,22.5793,895800
2006-04-03,32.1000,32.1900,31.9500,31.9600,22.5652,2382100
2006-04-04,32.0500,32.0800,31.8400,32.0000,22.5935,2518900
2006-04-05,31.8700,32.0400,31.8500,31.9000,22.5229,1908800
2006-04-06,31.8700,31.8700,31.5100,31.6600,22.3534,2216300
2006-04-07,31.7400,31.7900,31.2500,31.2800,22.0851,1833100
2006-04-10,31.3000,31.3000,31.0200,31.2200,22.0428,1887700
2006-04-11,31.2300,31.2300,30.7300,30.8800,21.8027,2293300
2006-04-12,30.9000,31.0900,30.8600,31.0900,21.9510,4217500
2006-04-13,30.9200,31.0700,30.8900,31.0200,21.9015,1763700
2006-04-17,31.0300,31.0300,30.7300,30.8400,21.7745,1521400
2006-04-18,30.9800,31.1500,30.8800,31.1300,21.9792,7651600
2006-04-19,31.1100,31.1100,30.8300,30.9500,21.8521,1405900
2006-04-20,31.0100,31.2700,30.9500,31.2300,22.0498,3495900
2006-04-21,31.4100,31.4100,31.0300,31.1600,22.0004,1167900
2006-04-24,30.6800,31.1000,30.6800,31.0400,21.9157,1619700
2006-04-25,31.0100,31.0400,30.7500,30.8500,21.7815,2743900
2006-04-26,30.8200,31.0000,30.7400,30.8500,21.7815,2192300
2006-04-27,30.7500,30.8500,30.5800,30.6800,21.6615,4469800
2006-04-28,30.6800,31.0000,30.6800,30.9900,21.8804,2495700
2006-05-01,30.9300,31.0300,30.7100,30.7200,21.6897,1018600
2006-05-02,30.7600,30.8300,30.6400,30.7200,21.6897,791300
2006-05-03,30.5600,30.6500,30.3600,30.3800,21.4497,2203100
2006-05-04,31.3000,31.3000,30.3800,30.4800,21.5203,1475800
2006-05-05,30.6300,30.8300,30.5400,30.7800,21.7321,1190000
2006-05-08,30.7100,30.8200,30.7000,30.7700,21.7250,3090900
2006-05-09,30.6900,30.7600,30.5100,30.5500,21.5697,3177400
2006-05-10,30.5100,30.6600,30.5000,30.5200,21.5485,2280700
2006-05-11,30.5500,30.6500,30.4000,30.4600,21.5062,1620600
2006-05-12,30.3800,30.5600,30.3600,30.3900,21.4567,1406100
2006-05-15,30.4600,30.8200,30.4000,30.8200,21.7603,2248900
2006-05-16,30.8000,31.0000,30.7800,30.9000,21.8168,1808200
2006-05-17,30.7900,31.0100,30.5600,30.5800,21.5909,3359700
2006-05-18,30.6300,30.6400,30.4300,30.4500,21.4991,1288500
2006-05-19,30.4900,30.4900,30.1300,30.2800,21.3791,1091100
2006-05-22,30.1600,30.4200,30.1400,30.1500,21.2873,873300
2006-05-23,30.2500,30.2800,30.0100,30.0100,21.1884,2276200
2006-05-24,30.0600,30.1900,29.7900,30.1000,21.2520,1705700
2006-05-25,30.3100,30.4200,30.1800,30.3800,21.4497,531000
2006-05-26,30.4900,30.6100,30.3900,30.5500,21.5697,1935800
2006-05-30,30.3400,30.4200,30.0900,30.1500,21.2873,1443900
2006-05-31,30.1900,30.3600,30.1400,30.3400,21.4214,1171000
2006-06-01,30.4700,30.7800,30.4000,30.7700,21.7250,876200
2006-06-02,30.9100,30.9300,30.7100,30.8900,21.8098,969700
2006-06-05,30.7500,30.7900,30.3900,30.4100,21.4709,878200
2006-06-06,30.4700,30.6000,30.3000,30.4600,21.5062,3027300
2006-06-07,30.5500,30.8700,30.4800,30.6000,21.6050,1461000
2006-06-08,30.6300,30.7400,30.3000,30.6500,21.6403,2199300
2006-06-09,30.5100,30.6700,30.4300,30.4300,21.4850,791500
2006-06-12,30.4400,30.5400,30.1200,30.1200,21.2661,763800
2006-06-13,30.1500,30.3700,30.0200,30.0400,21.2096,1069400
2006-06-14,29.9400,30.1600,29.9400,30.0900,21.2449,1023000
2006-06-15,30.1300,30.5900,30.0800,30.4600,21.5062,975500
2006-06-16,30.3200,30.4800,30.2600,30.3100,21.4785,803100
2006-06-19,30.3500,30.4100,29.9900,30.0800,21.3155,957800
2006-06-20,30.1200,30.1200,29.9300,29.9700,21.2376,474100
2006-06-21,29.9500,30.2500,29.9500,30.1200,21.3439,465900
2006-06-22,30.1600,30.1600,29.8600,29.9500,21.2234,372300
2006-06-23,29.8700,30.1200,29.8000,29.9800,21.2447,1943300
2006-06-26,29.9700,30.0000,29.7800,29.8700,21.1667,754100
2006-06-27,29.7700,29.8700,29.4900,29.5600,20.9470,673500
2006-06-28,29.6400,29.7300,29.4300,29.5600,20.9470,481600
2006-06-29,29.8100,30.1100,29.7300,30.0700,21.3084,632400
2006-06-30,30.1000,30.4000,30.0900,30.2400,21.4289,1312400
2006-07-03,30.2300,30.3600,30.2100,30.3000,21.4714,313800
2006-07-05,30.2500,30.2900,30.1600,30.2700,21.4502,1093000
2006-07-06,30.1900,30.5100,30.1900,30.3800,21.5281,937700
2006-07-07,30.3000,30.5300,30.3000,30.4100,21.5494,699600
2006-07-10,30.5300,30.6400,30.4600,30.5200,21.6273,1642100
2006-07-11,30.5700,30.6500,30.4500,30.5900,21.6769,1552700
2006-07-12,30.6400,30.7000,30.4200,30.4800,21.5990,677400
2006-07-13,30.3100,30.4000,30.1000,30.1600,21.3722,788700
2006-07-14,30.1600,30.2700,29.8500,29.9700,21.2376,1319700
2006-07-17,29.9300,30.2200,29.9300,30.0900,21.3226,432600
2006-07-18,30.0700,30.2100,29.8600,30.0900,21.3226,689000
2006-07-19,30.1900,30.9100,30.1900,30.8000,21.8257,1708900
2006-07-20,30.9100,31.0400,30.8300,30.8300,21.8470,1092700
2006-07-21,30.8700,31.0300,30.8000,30.9700,21.9462,644200
2006-07-24,31.1500,31.6300,31.1500,31.5700,22.3714,1857600
2006-07-25,31.4200,31.9300,31.4200,31.8400,22.5627,2366200
2006-07-26,31.9000,32.0400,31.7300,31.9900,22.6690,1877800
2006-07-27,31.8300,31.8500,31.6200,31.8300,22.5556,1919500
2006-07-28,31.9000,32.1000,31.8200,32.0000,22.6761,1817000
2006-07-31,32.0200,32.0200,31.8300,31.8900,22.5982,462400
2006-08-01,31.8800,31.9600,31.7200,31.8900,22.5982,3115000
2006-08-02,32.1000,32.2700,32.0300,32.0900,22.7399,633700
2006-08-03,31.8500,32.0400,31.7400,31.8100,22.5415,2033400
2006-08-04,31.9500,31.9900,31.7600,31.8200,22.5486,899700
2006-08-07,31.7600,31.8400,31.6800,31.7200,22.4777,630800
2006-08-08,31.7600,31.8700,31.6400,31.7100,22.4706,1020700
2006-08-09,31.9300,32.0500,31.7200,31.7400,22.4919,739700
2006-08-10,31.5400,31.8000,31.5400,31.7100,22.4706,680000
2006-08-11,31.6400,31.6800,31.4500,31.5600,22.3643,456200
2006-08-14,31.6800,31.8800,31.6000,31.6300,22.4139,408700
2006-08-15,31.8700,31.9400,31.7700,31.9000,22.6052,651400
2006-08-16,32.0000,32.1800,31.9900,32.1800,22.8037,1290600
2006-08-17,32.1500,32.3600,32.1500,32.2600,22.8603,998300
2006-08-18,32.2000,32.3200,32.1200,32.3100,22.8958,484900
2006-08-21,32.2800,32.3000,32.1500,32.2000,22.8178,468900
2006-08-22,32.1200,32.3400,32.0800,32.3000,22.8887,376200
2006-08-23,32.3300,32.3300,32.2100,32.2800,22.8745,422000
2006-08-24,32.4600,32.5600,32.4100,32.5000,23.0304,701200
2006-08-25,32.4500,32.5800,32.3800,32.5200,23.0446,394300
2006-08-28,32.5500,32.8600,32.5100,32.7300,23.1934,335000
2006-08-29,32.7700,32.9000,32.7300,32.8800,23.2997,845800
2006-08-30,32.9400,32.9700,32.8600,32.9000,23.3139,685700
2006-08-31,32.9000,32.9100,32.7500,32.8000,23.2430,375900
2006-09-01,32.8000,33.0100,32.8000,32.9700,23.3635,2468600
2006-09-05,32.9500,33.0000,32.8200,32.8200,23.2572,805700
2006-09-06,32.8400,32.8400,32.6200,32.7000,23.1721,1378000
2006-09-07,32.5600,32.6300,32.4300,32.4600,23.0021,1418700
2006-09-08,32.5400,32.7500,32.4800,32.7200,23.1863,468700
2006-09-11,32.7200,32.9400,32.6000,32.9300,23.3351,1016900
2006-09-12,33.0300,33.3300,33.0100,33.3100,23.6044,1090100
2006-09-13,33.3300,33.3400,33.1600,33.2400,23.5548,905700
2006-09-14,33.1500,33.2300,33.0700,33.2000,23.5264,557400
2006-09-15,33.2500,33.2900,33.1400,33.1400,23.5641,1960100
2006-09-18,33.1400,33.2200,33.0700,33.1300,23.5570,1559700
2006-09-19,33.1400,33.1900,33.0100,33.1800,23.5926,693900
2006-09-20,33.2000,33.4300,33.1800,33.3100,23.6850,716900
2006-09-21,33.3300,33.3300,33.0500,33.1000,23.5357,572800
2006-09-22,33.0000,33.0700,32.8300,32.8900,23.3864,1020700
2006-09-25,33.0000,33.0900,32.8100,33.0200,23.4788,795700
2006-09-26,33.0200,33.0700,32.9300,33.0500,23.5001,774200
2006-09-27,33.0900,33.1400,32.8900,33.1400,23.5641,1074300
2006-09-28,33.1400,33.1400,32.9800,33.0800,23.5215,463800
2006-09-29,33.2700,33.2700,33.0600,33.1900,23.5997,575800
2006-10-02,33.0800,33.2000,32.9700,33.0000,23.4646,423200
2006-10-03,32.9800,33.2100,32.9400,33.1000,23.5357,1416100
2006-10-04,33.0600,33.3900,33.0200,33.3900,23.7419,1627800
2006-10-05,33.2800,33.3900,33.2100,33.3900,23.7419,1045000
2006-10-06,33.4800,33.4800,33.1600,33.2600,23.6495,1331700
2006-10-09,33.2500,33.2600,33.0900,33.1900,23.5997,806800
2006-10-10,33.2400,33.2400,32.8900,33.0500,23.5001,1355100
2006-10-11,32.9500,33.1100,32.8800,33.0400,23.4930,736700
2006-10-12,33.0400,33.2700,33.0300,33.2400,23.6352,890600
2006-10-13,33.1400,33.1600,33.0100,33.1300,23.5570,3143600
2006-10-16,33.0400,33.2000,33.0000,33.1800,23.5926,969700
2006-10-17,33.2000,33.3100,33.0600,33.2700,23.6566,1388400
2006-10-18,33.3900,33.6500,33.3600,33.6300,23.9125,755700
2006-10-19,33.6100,33.7800,33.6000,33.6000,23.8912,1428000
2006-10-20,33.6200,33.8600,33.5500,33.8600,24.0761,1987400
2006-10-23,33.7500,33.9500,33.6600,33.9500,24.1401,772700
2006-10-24,33.8400,33.8400,33.6500,33.8400,24.0619,689200
2006-10-25,33.8500,33.8500,33.5200,33.6400,23.9197,1141500
2006-10-26,33.7200,33.7800,33.5100,33.7700,24.0121,2016300
2006-10-27,33.6600,33.7100,33.5500,33.6300,23.9125,829900
2006-10-30,33.5000,33.6100,33.4300,33.4400,23.7775,1657400
2006-10-31,33.4500,33.5100,33.2200,33.3000,23.6779,1331500
2006-11-01,33.2500,33.5700,33.0200,33.0600,23.5073,1867200
2006-11-02,32.9600,33.2800,32.9600,33.2400,23.6352,1797800
2006-11-03,33.3000,33.3700,33.0400,33.0700,23.5144,735000
2006-11-06,33.2000,33.5300,33.0600,33.4700,23.7988,896900
2006-11-07,33.4300,33.8300,33.4300,33.7300,23.9837,957800
2006-11-08,33.3200,33.3200,33.0700,33.2200,23.6210,2985100
2006-11-09,33.0700,33.1900,32.2800,32.4400,23.0664,4776400
2006-11-10,32.3700,32.5400,32.2600,32.4900,23.1020,1914500
2006-11-13,32.3200,32.7000,32.3200,32.5500,23.1446,1603300
2006-11-14,32.4100,32.8500,32.3800,32.8200,23.3366,2427800
2006-11-15,32.7700,33.1200,32.7200,32.9800,23.4504,1415900
2006-11-16,32.9700,33.1900,32.9700,33.1200,23.5499,801400
2006-11-17,33.0300,33.2300,33.0300,33.2200,23.6210,1078200
2006-11-20,33.2200,33.2900,33.0700,33.1400,23.5641,1454500
2006-11-21,33.2200,33.2200,33.0200,33.0900,23.5286,1509900
2006-11-22,33.0600,33.1900,33.0200,33.1600,23.5784,1215000
2006-11-24,33.0100,33.0800,32.9800,33.0200,23.4788,118700
2006-11-27,32.9400,32.9800,32.6900,32.8000,23.3224,1512900
2006-11-28,32.7400,32.9500,32.7400,32.8700,23.3722,1389200
2006-11-29,32.9300,33.1200,32.9100,33.1000,23.5357,1137700
2006-11-30,33.1500,33.3600,33.1300,33.2600,23.6495,1195400
2006-12-01,33.3000,33.3600,33.0300,33.2300,23.6281,833400
2006-12-04,32.8900,33.1400,32.8900,33.0700,23.5144,1611400
2006-12-05,33.1300,33.2500,33.0300,33.2000,23.6068,1009100
2006-12-06,33.1700,33.2800,33.0200,33.2500,23.6423,1639600
2006-12-07,33.2600,33.4300,33.1600,33.1800,23.5926,605000
2006-12-08,33.1500,33.3200,33.0200,33.2400,23.6352,827600
2006-12-11,33.3000,33.3600,33.1900,33.3100,23.6850,348900
2006-12-12,33.3200,33.3200,33.1500,33.3200,23.6921,1067500
2006-12-13,33.3000,33.4400,33.2200,33.2500,23.6423,720200
2006-12-14,33.4200,33.5900,33.3100,33.4200,23.7632,1075700
2006-12-15,33.3000,33.4800,33.2700,33.4100,23.8396,709400
2006-12-18,33.4800,33.5700,33.4000,33.4800,23.8895,1903800
2006-12-19,33.4000,33.7000,33.4000,33.6500,24.0108,1605100
2006-12-20,33.7900,33.7900,33.6000,33.6700,24.0251,1349000
2006-12-21,33.6200,33.7400,33.5200,33.5800,23.9609,498800
2006-12-22,33.6400,33.6400,33.3500,33.4400,23.8610,275000
2006-12-26,33.4000,33.4700,33.3400,33.4600,23.8753,432700
2006-12-27,33.5700,33.6500,33.5600,33.6200,23.9894,817800
2006-12-28,33.6200,33.6900,33.5100,33.5800,23.9609,281600
2006-12-29,33.4400,33.6400,33.3300,33.4900,23.8967,315900
2007-01-03,33.7000,33.8400,33.3400,33.5000,23.9038,1806100
2007-01-04,33.7000,33.9900,33.5400,33.8800,24.1749,1701900
2007-01-05,33.9100,33.9100,33.6100,33.6900,24.0394,1529200
2007-01-08,33.7500,33.8000,33.5200,33.7300,24.0679,1609900
2007-01-09,33.9200,33.9200,33.6500,33.6900,24.0394,934800
2007-01-10,33.6900,33.8100,33.5300,33.7500,24.0822,526300
2007-01-11,33.7300,34.1200,33.7000,34.1200,24.3462,2622600
2007-01-12,34.1500,34.3300,34.0800,34.2800,24.4604,1281100
2007-01-16,34.3600,34.3800,34.2200,34.3600,24.5175,651000
2007-01-17,34.3700,34.6800,34.3100,34.5600,24.6602,2826700
2007-01-18,34.6200,34.7500,34.5200,34.6600,24.7315,2561300
2007-01-19,34.6500,34.7900,34.6200,34.6700,24.7386,1521400
2007-01-22,34.7300,34.9200,34.4000,34.4600,24.5888,5078500
2007-01-23,34.4000,34.4800,34.1900,34.2800,24.4604,2029300
2007-01-24,34.3500,34.5800,34.2600,34.5400,24.6459,3488200
2007-01-25,34.5500,34.5500,34.3700,34.4200,24.5603,3214300
2007-01-26,34.2500,34.3500,34.0600,34.2300,24.4247,2505600
2007-01-29,34.2500,34.3000,34.1300,34.1800,24.3890,1967500
2007-01-30,34.3400,34.3800,34.2300,34.3500,24.5103,1187600
2007-01-31,34.3800,34.5700,34.2900,34.5100,24.6245,1685900
2007-02-01,34.6500,34.8300,34.6100,34.8000,24.8314,2628200
2007-02-02,34.8700,34.9000,34.6600,34.7300,24.7815,1197600
2007-02-05,34.7300,34.7800,34.5800,34.7200,24.7743,3132600
2007-02-06,34.7300,34.7400,34.5300,34.6200,24.7030,2216100
2007-02-07,34.6300,34.7200,34.5700,34.6700,24.7386,1572700
2007-02-08,34.6900,34.7200,34.6000,34.6400,24.7172,1345800
2007-02-09,34.7300,34.7300,34.4500,34.5400,24.6459,2625700
2007-02-12,34.5000,34.5200,34.3500,34.3900,24.5389,1421000
2007-02-13,34.4000,34.5400,34.4000,34.5300,24.6388,1295000
2007-02-14,34.5100,34.7400,34.5100,34.7100,24.7672,2023400
2007-02-15,34.7500,34.8900,34.6800,34.8700,24.8814,1134100
2007-02-16,34.6500,34.7700,34.6500,34.7300,24.7815,1294300
2007-02-20,34.6600,34.8000,34.6600,34.7500,24.7957,739000
2007-02-21,34.6600,34.6800,34.5500,34.5900,24.6816,975800
2007-02-22,34.6400,34.6500,34.4400,34.5400,24.6459,1374700
2007-02-23,34.5100,34.5100,34.3000,34.3900,24.5389,898000
2007-02-26,34.4700,34.5600,34.4000,34.5300,24.6388,1881500
2007-02-27,34.2700,34.3400,33.1600,33.4800,23.8895,3057900
2007-02-28,33.5500,33.9800,33.5500,33.7100,24.0536,2330100
2007-03-01,33.4300,33.7200,33.1100,33.5600,23.9466,2406700
2007-03-02,33.5000,33.6700,33.2600,33.2600,23.7325,2559100
2007-03-05,33.1000,33.4500,32.9800,33.0900,23.6112,1744400
2007-03-06,33.2900,33.5400,33.0000,33.4400,23.8610,2897500
2007-03-07,33.3500,33.6000,33.2900,33.4500,23.8681,1175800
2007-03-08,33.5800,33.9600,33.5000,33.5600,23.9466,1161000
2007-03-09,33.7500,33.8000,33.5400,33.6300,23.9966,1147300
2007-03-12,33.6700,33.7300,33.4800,33.6300,23.9966,2392700
2007-03-13,33.5500,33.6500,33.0800,33.0800,23.6041,3381500
2007-03-14,33.1900,33.2700,32.8900,33.2100,23.6969,3423800
2007-03-15,33.1700,33.3000,33.1100,33.2900,23.7540,1382000
2007-03-16,33.2600,33.2700,33.0400,33.2000,23.7783,859200
2007-03-19,33.2300,33.4600,33.1500,33.4600,23.9645,782500
2007-03-20,33.3200,33.6500,33.3200,33.6300,24.0863,2089000
2007-03-21,33.6000,34.0300,33.4800,33.9700,24.3298,1889100
2007-03-22,34.0100,34.1000,33.9000,34.0900,24.4157,1667000
2007-03-23,34.0000,34.3300,33.4000,33.9200,24.2940,1487400
2007-03-26,34.0200,34.0200,33.7300,33.9700,24.3298,961500
2007-03-27,33.9000,33.9000,33.6700,33.7300,24.1579,2922100
2007-03-28,33.7000,33.7500,33.5000,33.5000,23.9932,2763600
2007-03-29,33.5900,33.7000,33.4600,33.6600,24.1078,2708200
2007-03-30,33.6500,33.8700,33.3600,33.6500,24.1006,3073900
2007-04-02,33.8000,33.8900,33.7200,33.8300,24.2295,1188800
2007-04-03,34.0000,34.2700,33.9300,34.1800,24.4802,982500
2007-04-04,34.2000,34.4000,34.1000,34.3800,24.6234,922600
2007-04-05,34.3600,34.6500,34.3600,34.6200,24.7953,1102400
2007-04-09,34.6200,34.6400,34.5200,34.6300,24.8025,1307700
2007-04-10,34.5500,34.6900,34.5000,34.6800,24.8383,1422400
2007-04-11,34.6500,34.6700,34.4300,34.5300,24.7309,2447600
2007-04-12,34.4800,34.9700,34.3700,34.9200,25.0102,1072500
2007-04-13,35.1800,35.4500,35.1600,35.4300,25.3755,2666700
2007-04-16,35.5300,35.7700,35.4900,35.7700,25.6190,3204800
2007-04-17,35.9400,36.0000,35.8700,35.8800,25.6978,2849000
2007-04-18,35.8400,35.8800,35.5900,35.8700,25.6906,2173900
2007-04-19,35.7800,36.0900,35.7000,36.0200,25.7980,3099400
2007-04-20,36.1500,36.2300,36.0400,36.1600,25.8983,2496700
2007-04-23,36.2700,36.2800,36.1000,36.2000,25.9270,1399900
2007-04-24,36.2300,36.2900,36.0600,36.2000,25.9270,1031200
2007-04-25,36.2300,36.3800,35.7500,36.3100,26.0057,1995200
2007-04-26,36.3300,36.5100,36.2900,36.3500,26.0344,1129400
2007-04-27,36.3200,36.3400,36.1600,36.2300,25.9484,842800
2007-04-30,36.3300,36.3300,36.1000,36.1100,25.8625,1364500
2007-05-01,36.0600,36.2400,36.0300,36.1900,25.9198,2680900
2007-05-02,36.3200,36.4600,36.2000,36.4200,26.0845,1347900
2007-05-03,36.4200,36.5500,36.3600,36.5000,26.1418,1301300
2007-05-04,37.0400,37.0500,36.4500,36.7000,26.2851,942300
2007-05-07,36.7400,36.7800,36.7000,36.7800,26.3424,2263000
2007-05-08,36.7200,36.7200,36.5400,36.6400,26.2421,1927400
2007-05-09,36.7000,36.8100,36.6100,36.7600,26.3280,1841100
2007-05-10,36.6600,36.6600,36.0300,36.1100,25.8625,1367400
2007-05-11,36.0100,36.3000,35.9600,36.2500,25.9628,1189300
2007-05-14,36.2700,36.4800,36.2100,36.2100,25.9341,1162600
2007-05-15,36.1500,36.4300,36.1500,36.1700,25.9055,2288300
2007-05-16,36.4400,36.6200,36.3400,36.5800,26.1991,3063800
2007-05-17,36.4900,36.4900,36.3500,36.4400,26.0988,1415400
2007-05-18,36.5200,36.6400,36.4100,36.5900,26.2063,693700
2007-05-21,36.6200,36.7100,36.5800,36.6700,26.2636,1768700
2007-05-22,36.8000,36.8100,36.5200,36.6500,26.2492,1101400
2007-05-23,36.8000,36.9400,36.6900,36.7800,26.3424,1724500
2007-05-24,36.6800,36.8700,36.6000,36.6400,26.2421,1955900
2007-05-25,36.5800,36.7400,36.5500,36.6200,26.2278,997900
2007-05-29,36.6500,36.7000,36.5300,36.6400,26.2421,1565600
2007-05-30,36.6100,36.6500,36.3600,36.6500,26.2492,3190000
2007-05-31,36.7100,36.8000,36.6200,36.7300,26.3066,1386600
2007-06-01,36.7400,36.8200,36.6400,36.7700,26.3352,3572300
2007-06-04,36.6000,36.7700,36.6000,36.7000,26.2851,1749200
2007-06-05,36.5900,36.6500,36.4300,36.6100,26.2206,1685300
2007-06-06,36.5400,36.5400,36.2000,36.2700,25.9771,3136400
2007-06-07,35.9400,36.2000,35.6500,35.7300,25.5903,3280800
2007-06-08,35.3900,35.9100,35.3900,35.8500,25.6763,1995600
2007-06-11,35.7700,36.0400,35.7700,35.8600,25.6834,1267400
2007-06-12,35.7500,35.9000,35.5700,35.6000,25.4972,2087200
2007-06-13,35.9300,35.9300,35.5300,35.8900,25.7049,2145000
2007-06-14,36.0200,36.0600,35.5100,35.9900,25.7765,1747400
2007-06-15,36.1000,36.1500,35.9500,36.0700,25.9731,1221500
2007-06-18,36.0100,36.0300,35.8000,35.8600,25.8219,984400
2007-06-19,35.9100,35.9900,35.8300,35.8600,25.8219,1632000
2007-06-20,36.0600,36.0600,35.3600,35.4100,25.4979,1913600
2007-06-21,35.3600,35.5100,35.1600,35.5100,25.5699,1597900
2007-06-22,35.2900,35.3800,34.8800,34.9700,25.1810,3168700
2007-06-25,34.9700,35.2600,34.7900,34.9100,25.1378,2120600
2007-06-26,35.0800,35.3300,35.0100,35.0900,25.2675,1172800
2007-06-27,35.0000,35.3800,34.9300,35.3800,25.4763,5263600
2007-06-28,35.3200,35.5400,35.3100,35.4100,25.4979,1713800
2007-06-29,35.3600,35.4600,34.9600,35.3100,25.4259,1731500
2007-07-02,35.4200,35.7000,34.8000,35.5100,25.5699,1264200
2007-07-03,35.6500,35.6500,35.5400,35.5700,25.6131,671800
2007-07-05,35.4800,35.6200,35.3800,35.5600,25.6059,3255600
2007-07-06,35.4900,35.6400,35.4300,35.6400,25.6635,977800
2007-07-09,35.6500,35.6700,35.4400,35.5300,25.5843,1264800
2007-07-10,35.3900,35.5100,35.1500,35.2300,25.3683,1916700
2007-07-11,35.1900,35.4500,35.1800,35.3500,25.4547,1717900
2007-07-12,35.3900,36.0300,35.3900,36.0100,25.9299,863600
2007-07-13,35.9400,36.0400,35.8200,35.9200,25.8651,1806700
2007-07-16,35.8800,36.0000,35.8800,35.9600,25.8939,1388300
2007-07-17,35.8000,35.9300,35.7700,35.8500,25.8147,1450300
2007-07-18,35.7600,35.7600,35.4900,35.7500,25.7427,2247200
2007-07-19,35.6700,35.7000,35.4200,35.5600,25.6059,1332600
2007-07-20,35.4400,35.5000,35.1100,35.2300,25.3683,2122400
2007-07-23,35.5400,35.7200,35.4200,35.5000,25.5627,1916100
2007-07-24,35.3900,35.5400,35.0500,35.1400,25.3034,2853300
2007-07-25,35.3600,35.9900,34.9400,35.1200,25.2891,2130400
2007-07-26,34.8900,34.9400,34.2600,34.4000,24.7706,3470400
2007-07-27,34.2700,34.6100,33.5800,33.5800,24.1801,3411600
2007-07-30,33.6800,34.0100,33.6000,34.0000,24.4826,2987900
2007-07-31,34.4700,34.5000,33.6200,33.6300,24.2161,2694200
2007-08-01,33.5700,34.0000,33.4800,33.8600,24.3818,4001600
2007-08-02,33.8800,34.3000,33.8800,34.1500,24.5906,2384900
2007-08-03,34.1700,34.3100,33.6700,33.6800,24.2521,4094700
2007-08-06,33.8400,34.4900,33.8400,34.3400,24.7274,3419300
2007-08-07,34.2900,34.7900,34.2700,34.5000,24.8426,1435200
2007-08-08,34.6000,34.9000,34.4500,34.9000,25.1306,2436400
2007-08-09,34.5000,34.7600,34.0500,34.0800,24.5402,2228400
2007-08-10,33.8800,34.1200,33.6200,33.9000,24.4106,2373300
2007-08-13,34.1200,34.3600,34.0000,34.0000,24.4826,2071000
2007-08-14,34.1900,34.2000,33.6900,33.7200,24.2810,1358700
2007-08-15,33.7000,34.1400,33.5600,33.6400,24.2233,2001100
2007-08-16,33.2800,33.7200,32.9400,33.6500,24.2305,3455600
2007-08-17,34.4000,34.4000,33.3900,33.7300,24.2881,1859200
2007-08-20,33.9200,34.0300,33.6800,33.8900,24.4034,1554900
2007-08-21,33.7900,34.0500,33.7300,33.9800,24.4682,1559200
2007-08-22,34.0900,34.2000,33.9700,34.1500,24.5906,2742800
2007-08-23,34.2300,34.4400,34.1400,34.3700,24.7490,6065200
2007-08-24,34.3000,34.5800,34.2200,34.5800,24.9002,4721600
2007-08-27,34.4600,34.5500,34.3400,34.3400,24.7274,741500
2007-08-28,34.3400,34.3600,33.8800,33.9900,24.4754,1447900
2007-08-29,34.0000,34.3400,33.8600,34.2400,24.6554,1300100
2007-08-30,34.1400,34.4400,34.1400,34.2400,24.6554,1152300
2007-08-31,34.4900,34.6600,34.3400,34.4000,24.7706,1085200
2007-09-04,34.5100,34.8200,34.4900,34.7000,24.9866,896400
2007-09-05,34.6300,34.6900,34.4400,34.6300,24.9362,868200
2007-09-06,34.6100,34.8600,34.5400,34.7400,25.0154,2101200
2007-09-07,34.4300,34.7000,34.2200,34.3700,24.7490,2286100
2007-09-10,34.4000,34.5300,34.1900,34.4000,24.7706,1057700
2007-09-11,34.4900,34.7200,34.3700,34.6600,24.9578,864300
2007-09-12,34.6700,34.9400,34.6400,34.8100,25.0658,1213100
2007-09-13,35.0700,35.1400,34.8900,34.8900,25.1234,889500
2007-09-14,35.0000,35.0000,34.7100,34.7900,25.0514,1140200
2007-09-17,34.7100,34.8000,34.4700,34.6800,24.9722,2763000
2007-09-18,34.6700,35.3100,34.6500,35.3000,25.4187,2328700
2007-09-19,35.4400,35.6700,35.3500,35.4400,25.5195,1623600
2007-09-20,35.4800,35.6300,35.3300,35.4000,25.4907,1046300
2007-09-21,35.4400,35.5200,35.4000,35.4500,25.6157,1371400
2007-09-24,35.3200,35.4600,35.2700,35.3800,25.5651,1385100
2007-09-25,35.3200,35.4300,35.2100,35.2600,25.4784,1824300
2007-09-26,35.3700,35.5900,35.3300,35.4600,25.6229,751700
2007-09-27,35.6600,35.6600,35.4700,35.6000,25.7241,822600
2007-09-28,35.5300,35.6100,35.2800,35.3500,25.5434,1069200
2007-10-01,35.5000,35.8900,35.4800,35.8900,25.9336,8322000
2007-10-02,35.9000,35.9800,35.5600,35.6900,25.7891,2193700
2007-10-03,35.7200,35.8300,35.5400,35.8300,25.8903,1216700
2007-10-04,35.8200,36.0400,35.7900,35.7900,25.8614,1037800
2007-10-05,36.0100,36.2500,35.9600,36.2500,26.1937,1831200
2007-10-08,36.1600,36.2100,35.9800,36.0000,26.0131,783600
2007-10-09,36.1800,36.3000,36.0500,36.3000,26.2299,473500
2007-10-10,36.3000,36.3600,36.1900,36.3600,26.2732,1435100
2007-10-11,36.3800,36.3900,35.9700,36.0500,26.0492,4141900
2007-10-12,36.1200,36.2500,36.0000,36.2500,26.1937,1450300
2007-10-15,36.2000,36.3900,35.7000,35.8600,25.9119,2198300
2007-10-16,35.8000,35.8300,35.5300,35.5900,25.7168,3103000
2007-10-17,35.9500,35.9500,35.3700,35.6200,25.7385,2439900
2007-10-18,35.2300,35.8600,35.2300,35.6300,25.7458,1320500
2007-10-19,35.6100,35.6500,35.1800,35.2000,25.4350,1611200
2007-10-22,34.9500,35.2000,34.8200,35.2000,25.4350,1972000
2007-10-23,35.2300,35.6100,35.1900,35.6100,25.7313,2164500
2007-10-24,35.4800,35.4900,34.9700,35.3500,25.5434,3290700
2007-10-25,35.0900,35.6200,35.0900,35.5600,25.6952,2067400
2007-10-26,34.7600,35.7400,34.7600,35.6800,25.7819,920400
2007-10-29,35.7600,35.8600,35.6800,35.8300,25.8903,839400
2007-10-30,35.7100,35.8800,35.6900,35.7900,25.8614,1220700
2007-10-31,34.9000,36.1000,34.9000,36.0100,26.0203,1654600
2007-11-01,36.0100,36.0800,35.4400,35.5100,25.6590,2415500
2007-11-02,35.4000,35.6200,35.2200,35.4100,25.5868,2411100
2007-11-05,35.4100,35.7300,35.1600,35.3900,25.5723,2653000
2007-11-06,35.3400,35.5800,35.0300,35.5800,25.7096,1337400
2007-11-07,35.8700,35.8700,34.7700,34.7700,25.1243,2126000
2007-11-08,34.1900,35.1100,34.1900,35.0000,25.2905,3631800
2007-11-09,34.1400,35.3500,34.1400,34.9100,25.2255,3258800
2007-11-12,34.0300,35.4200,34.0300,35.0000,25.2905,2366000
2007-11-13,34.9600,35.5800,34.9600,35.4600,25.6229,3230200
2007-11-14,35.4900,35.7600,35.3300,35.6000,25.7241,2512500
2007-11-15,35.2200,35.7500,35.2200,35.3800,25.5651,2426000
2007-11-16,35.5000,35.6300,35.3000,35.5400,25.6807,2116400
2007-11-19,35.6000,35.6000,35.2100,35.3400,25.5362,1725100
2007-11-20,35.6700,35.6700,35.0600,35.4100,25.5868,3843100
2007-11-21,34.9700,35.2300,34.6200,34.6200,25.0159,2262600
2007-11-23,34.6800,35.2800,34.6800,35.1800,25.4206,1331200
2007-11-26,35.5000,35.5000,34.8900,34.9100,25.2255,2070800
2007-11-27,35.4100,35.7000,34.7000,35.3600,25.5506,2117100
2007-11-28,35.8700,36.3700,35.6100,36.2000,26.1576,1808900
2007-11-29,35.7700,36.4300,35.5600,36.4200,26.3166,5502200
2007-11-30,36.5000,36.5800,36.3400,36.4700,26.3527,2469400
2007-12-03,36.8300,36.8300,36.1700,36.2400,26.1865,1649900
2007-12-04,35.7300,36.3800,35.6600,36.2300,26.1793,1344500
2007-12-05,36.5800,36.6000,36.3000,36.5200,26.3889,1904000
2007-12-06,36.2700,36.8000,36.2700,36.7700,26.5695,2719100
2007-12-07,36.7000,36.8200,36.6300,36.7500,26.5550,3442900
2007-12-10,36.6500,36.8200,36.5700,36.8200,26.6056,1115800
2007-12-11,36.5500,36.8000,36.0100,36.2500,26.1937,2243700
2007-12-12,37.8900,37.8900,35.9600,36.2700,26.2082,2767900
2007-12-13,35.8300,36.2500,35.8000,36.2500,26.1937,2107400
2007-12-14,35.6700,36.0900,35.6700,35.7000,25.7963,1130600
2007-12-17,35.5900,35.8300,35.3200,35.3200,25.5217,1637800
2007-12-18,35.9900,35.9900,35.4100,35.5900,25.7168,2168500
2007-12-19,35.3600,35.7800,35.3600,35.5700,25.7024,1663100
2007-12-20,35.4900,35.7800,35.4900,35.7800,25.8541,2094600
2007-12-21,35.9900,35.9900,35.7300,35.8700,26.0137,2064100
2007-12-24,35.7600,36.0100,35.7600,35.9900,26.1007,510300
2007-12-26,36.0700,36.0700,35.7700,35.9500,26.0717,1037000
2007-12-27,35.9800,35.9900,35.5300,35.5800,25.8034,989100
2007-12-28,35.8300,35.8300,35.4300,35.4400,25.7019,1060400
2007-12-31,35.8600,35.8600,35.2000,35.3100,25.6076,1497300
2008-01-02,35.6300,35.6300,34.7100,34.9400,25.3392,6611300
2008-01-03,35.2800,35.3000,35.0300,35.1500,25.4915,2544400
2008-01-04,34.8900,35.1600,34.7600,34.7900,25.2304,3270600
2008-01-07,34.8200,35.5800,34.8200,35.4800,25.7308,5457900
2008-01-08,35.6600,36.3900,35.5700,35.7700,25.9412,6231200
2008-01-09,36.0200,36.4300,35.8900,36.4100,26.4053,8322400
2008-01-10,36.3300,36.5600,36.1400,36.3600,26.3690,5622300
2008-01-11,36.2800,36.6100,36.1800,36.4700,26.4488,3496000
2008-01-14,36.4100,36.4900,36.1400,36.1900,26.2458,4276500
2008-01-15,36.0800,36.0900,35.6800,35.7800,25.9484,5242500
2008-01-16,35.5300,36.2800,35.5300,35.8700,26.0137,4217300
2008-01-17,36.0200,36.3700,35.1500,35.1800,25.5133,6972100
2008-01-18,35.3200,35.3200,34.4700,34.6700,25.1434,7714900
2008-01-22,34.2000,34.5000,30.3600,33.4100,24.2296,9251300
2008-01-23,32.7700,33.6500,32.4600,33.6500,24.4037,10737900
2008-01-24,33.7800,33.7800,33.2500,33.5200,24.3094,5734500
2008-01-25,33.9700,33.9700,32.5400,32.9900,23.9251,6073700
2008-01-28,33.2100,33.4100,32.8700,33.4100,24.2296,5296800
2008-01-29,33.6100,33.6100,33.3900,33.5000,24.2949,2397000
2008-01-30,33.5400,33.6200,33.1100,33.1100,24.0121,3951900
2008-01-31,32.8100,33.7000,32.8100,33.7000,24.4400,3974400
2008-02-01,33.3700,33.8900,33.3700,33.8600,24.5560,3571200
2008-02-04,33.7500,34.1000,33.7500,33.9800,24.6430,2793100
2008-02-05,33.7300,33.8700,33.2900,33.3600,24.1934,4460100
2008-02-06,33.6300,33.7000,33.3400,33.4500,24.2587,3089400
2008-02-07,33.3400,33.5200,33.1200,33.3200,24.1644,2785800
2008-02-08,33.1900,33.2900,32.9200,33.1100,24.0121,2769100
2008-02-11,32.8900,33.0600,32.7600,33.0100,23.9395,2631300
2008-02-12,33.4000,33.5500,33.1500,33.4900,24.2877,2420200
2008-02-13,33.5300,33.7100,33.3500,33.4400,24.2514,2114100
2008-02-14,33.5000,33.6700,33.1600,33.3000,24.1499,2708800
2008-02-15,33.0100,33.3600,33.0000,33.3300,24.1716,2760000
2008-02-19,33.3300,33.7700,33.3300,33.7500,24.4762,2804400
2008-02-20,33.2600,33.6500,33.1400,33.6500,24.4037,3062100
2008-02-21,34.1400,34.1500,33.0200,33.3000,24.1499,2438900
2008-02-22,33.3000,33.3700,32.6900,33.3700,24.2006,2672900
2008-02-25,33.2700,33.8000,33.2600,33.8000,24.5125,2575300
2008-02-26,33.7300,33.9200,33.4900,33.5000,24.2949,3024600
2008-02-27,33.5600,33.7500,33.4700,33.6500,24.4037,3035900
2008-02-28,33.4000,33.4000,33.1700,33.2600,24.1208,4668900
2008-02-29,33.0500,33.0700,32.6300,32.8000,23.7873,4110900
2008-03-03,32.6500,32.8200,32.6000,32.7900,23.7800,2418900
2008-03-04,32.5100,32.8500,32.5000,32.8300,23.8090,3206800
2008-03-05,32.7600,33.0000,32.4500,32.7700,23.7655,3494300
2008-03-06,32.8100,32.8100,32.0400,32.1100,23.2869,2623500
2008-03-07,32.1000,32.1000,31.6200,31.7400,23.0185,3988500
2008-03-10,31.6600,31.8000,30.7900,31.0000,22.4819,2871400
2008-03-11,30.9000,31.6200,30.6600,31.3000,22.6994,3730100
2008-03-12,31.1900,31.4500,31.1200,31.3000,22.6994,3182700
2008-03-13,30.9300,31.5200,30.6200,31.2600,22.6704,4518600
2008-03-14,31.3200,31.7800,30.4600,30.6800,22.2498,5051900
2008-03-17,30.0800,30.8600,30.0000,30.6400,22.2208,4885600
2008-03-18,31.0900,31.7800,30.7700,31.6000,22.9170,6180700
2008-03-19,31.4100,31.9100,30.5100,31.1900,22.6197,7359700
2008-03-20,31.5100,31.5100,30.9500,31.0900,22.6481,2022000
2008-03-24,31.4300,31.7000,31.2300,31.5000,22.9467,2458700
2008-03-25,31.4900,31.7000,31.3800,31.5600,22.9904,3434700
2008-03-26,31.4100,31.4300,31.2500,31.2500,22.7646,2507200
2008-03-27,31.4400,31.5600,31.1200,31.4100,22.8812,5658200
2008-03-28,31.6700,31.6700,31.1400,31.3300,22.8229,2423900
2008-03-31,30.7900,31.1700,30.6200,31.1700,22.7063,3496900
2008-04-01,31.3000,31.7200,31.0700,31.6700,23.0706,3015200
2008-04-02,31.7600,31.7700,31.4100,31.4500,22.9103,1405800
2008-04-03,31.4700,31.5300,31.3100,31.3500,22.8375,1900000
2008-04-04,31.2800,31.8900,31.2800,31.6000,23.0196,2810500
2008-04-07,31.9900,32.0500,31.7900,31.9600,23.2818,3393600
2008-04-08,31.9000,31.9200,31.7500,31.8500,23.2017,1641700
2008-04-09,31.8400,31.8800,31.5500,31.7000,23.0924,1668500
2008-04-10,31.6800,32.0700,31.6200,31.9500,23.2745,1917500
2008-04-11,31.8800,31.9300,31.4500,31.5300,22.9686,3177600
2008-04-14,31.4900,31.5600,31.3100,31.3900,22.8666,1089700
2008-04-15,31.4700,31.5300,31.2500,31.3600,22.8447,2110500
2008-04-16,31.4500,31.5600,31.2900,31.5300,22.9686,2732400
2008-04-17,31.4300,31.4800,31.2100,31.3300,22.8229,1482000
2008-04-18,31.7500,31.8000,31.5300,31.6300,23.0414,2283000
2008-04-21,31.5200,31.6500,31.4600,31.5300,22.9686,3293800
2008-04-22,31.3700,31.3700,31.0200,31.2000,22.7282,2659900
2008-04-23,31.2600,31.5000,31.1800,31.3000,22.8010,901700
2008-04-24,31.4800,31.6600,31.2000,31.4000,22.8739,1694100
2008-04-25,31.6600,31.8700,31.5900,31.8100,23.1726,3163700
2008-04-28,31.9200,32.0500,31.8200,32.0000,23.3110,3835300
2008-04-29,31.8000,31.8000,31.5300,31.6500,23.0560,1089900
2008-04-30,31.8000,31.8600,31.4500,31.4800,22.9322,1833000
2008-05-01,31.3600,32.0600,31.3600,32.0400,23.3401,1809000
2008-05-02,32.1400,32.1900,32.0000,32.0500,23.3474,2250300
2008-05-05,32.0500,32.0600,31.8700,31.9600,23.2818,886200
2008-05-06,31.7900,32.0000,31.6700,31.9000,23.2381,1703400
2008-05-07,31.8800,32.0200,31.4700,31.6200,23.0342,2283900
2008-05-08,31.6000,31.7500,31.5000,31.5000,22.9467,2157500
2008-05-09,31.5000,31.5000,31.2600,31.4700,22.9249,1469200
2008-05-12,31.5900,31.7100,31.4500,31.7100,23.0997,1082200
2008-05-13,31.7200,31.7400,31.4100,31.4100,22.8812,1293100
2008-05-14,31.4800,31.7600,31.4800,31.6700,23.0706,1528800
2008-05-15,31.5500,31.6300,31.4000,31.5800,23.0050,1213200
2008-05-16,31.6100,31.7000,31.4700,31.7000,23.0924,1381600
2008-05-19,31.5800,31.9000,31.5400,31.9000,23.2381,2174900
2008-05-20,31.6700,31.9700,31.6500,31.8100,23.1726,1653400
2008-05-21,31.9100,32.0200,31.5000,31.5300,22.9686,2029200
2008-05-22,31.5000,31.8900,31.4600,31.8700,23.2163,995300
2008-05-23,31.5900,31.6700,31.3500,31.3500,22.8375,1328900
2008-05-27,31.3300,31.6700,31.3300,31.4800,22.9322,1597700
2008-05-28,31.5100,31.7100,31.4000,31.4500,22.9103,1394000
2008-05-29,31.4200,32.2500,31.4200,32.1300,23.4057,2288500
2008-05-30,32.1200,32.2000,31.9900,32.0800,23.3692,1456800
2008-06-02,32.0400,32.1200,31.5900,31.7000,23.0924,1672100
2008-06-03,31.8200,32.0400,31.7100,31.9100,23.2454,2668600
2008-06-04,31.8800,32.0900,31.7700,31.9200,23.2527,2460900
2008-06-05,31.9500,32.2600,31.8700,32.2000,23.4567,1914400
2008-06-06,31.9300,31.9700,31.3000,31.4200,22.8885,2634700
2008-06-09,31.4100,31.5500,31.0900,31.2500,22.7646,3173100
2008-06-10,31.0500,31.2400,30.9300,30.9500,22.5461,1943000
2008-06-11,31.0200,31.0200,30.5700,30.6400,22.3202,2322200
2008-06-12,30.7500,30.9300,30.0100,30.3800,22.1308,3137100
2008-06-13,30.8500,31.3000,30.7500,30.8600,22.4805,1882700
2008-06-16,31.0200,31.1200,30.7200,30.9600,22.5534,1597400
2008-06-17,31.2500,31.2500,30.8000,30.8800,22.4951,1496300
2008-06-18,30.8200,30.9200,30.4900,30.5300,22.2401,2382300
2008-06-19,30.2500,30.8800,30.2500,30.5700,22.2693,1779800
2008-06-20,30.4600,30.4900,29.9200,30.0000,21.9560,2037900
2008-06-23,30.2200,30.3700,30.2100,30.2200,22.1170,1359200
2008-06-24,30.2400,30.4800,30.0600,30.3300,22.1975,1782800
2008-06-25,30.3700,30.8700,30.3400,30.6700,22.4464,2678900
2008-06-26,30.3700,30.5100,29.9000,30.0500,21.9926,2324700
2008-06-27,30.1100,30.4400,30.0700,30.2500,22.1390,2161800
2008-06-30,30.0800,30.9700,30.0800,30.5800,22.3805,2441700
2008-07-01,30.1900,30.6900,30.1900,30.5800,22.3805,10508300
2008-07-02,30.8100,30.8900,30.3700,30.3700,22.2268,2258900
2008-07-03,30.5300,30.6900,30.4200,30.5000,22.3219,2497700
2008-07-07,30.4900,30.6800,30.1400,30.3000,22.1756,3817000
2008-07-08,30.2900,31.2800,30.2900,31.1000,22.7611,4317200
2008-07-09,31.2900,31.7300,31.1000,31.2500,22.8708,6234200
2008-07-10,31.3700,31.4400,30.9700,31.4200,22.9953,5928500
2008-07-11,31.0900,31.1900,30.7400,30.8200,22.5561,4324100
2008-07-14,30.9300,31.5000,30.7400,31.0300,22.7098,3422000
2008-07-15,30.8000,31.4400,30.7400,31.1800,22.8196,5179000
2008-07-16,31.5000,31.6500,31.2600,31.4000,22.9806,8097800
2008-07-17,31.6500,31.8100,31.2600,31.7100,23.2075,3847500
2008-07-18,31.7900,31.9900,31.4300,31.7000,23.2002,2858800
2008-07-21,31.7000,31.7100,31.0900,31.1400,22.7904,4387800
2008-07-22,31.0600,31.6000,30.9900,31.5700,23.1051,3187400
2008-07-23,31.6300,31.9900,31.6300,31.7100,23.2075,3801600
2008-07-24,31.6500,32.0600,31.6500,31.6800,23.1856,5173600
2008-07-25,31.7200,32.0400,31.7200,31.8700,23.3246,5849800
2008-07-28,32.3400,32.3400,31.6100,31.6100,23.1343,2641000
2008-07-29,31.8400,32.0100,31.7700,31.9300,23.3685,3637900
2008-07-30,31.9400,32.0900,31.5500,31.9200,23.3612,5642900
2008-07-31,31.9300,32.3200,31.8300,31.9500,23.3832,4035000
2008-08-01,32.0700,32.1100,31.5700,31.7100,23.2075,4288200
2008-08-04,31.8800,32.2500,31.6200,31.9800,23.4051,3127000
2008-08-05,32.4000,33.0700,32.0700,33.0200,24.1663,3273800
2008-08-06,32.7700,33.1500,32.4400,33.1500,24.2614,9167000
2008-08-07,32.7600,33.0600,32.5000,32.7500,23.9687,3833600
2008-08-08,32.6600,33.3500,32.6400,33.3200,24.3858,6504700
2008-08-11,33.4700,33.5000,33.1400,33.3500,24.4078,2849600
2008-08-12,33.2800,33.4800,33.2200,33.2800,24.3565,3521100
2008-08-13,33.1800,33.3700,33.0100,33.3000,24.3712,5973800
2008-08-14,33.0800,33.5700,32.8900,33.2800,24.3565,3494100
2008-08-15,33.2100,33.7000,33.2100,33.6100,24.5981,3045500
2008-08-18,33.7400,33.7400,33.1500,33.3300,24.3932,2169700
2008-08-19,33.1600,33.3100,32.8800,33.1800,24.2834,7032300
2008-08-20,33.0800,33.1100,32.7000,32.9700,24.1297,4168500
2008-08-21,32.7300,33.0900,32.5400,32.7600,23.9760,2710300
2008-08-22,33.0400,33.3700,32.8900,33.3100,24.3785,3494500
2008-08-25,33.0600,33.1800,32.6300,32.7700,23.9833,2075000
2008-08-26,32.7600,32.9600,32.5900,32.7300,23.9540,1344500
2008-08-27,32.7600,32.8100,32.5200,32.7800,23.9906,2616300
2008-08-28,32.8300,33.0100,32.8000,32.9700,24.1297,1667100
2008-08-29,32.9700,33.0600,32.6100,32.6100,23.8662,2408300
2008-09-02,32.9000,33.3100,32.5500,32.5500,23.8223,5185200
2008-09-03,32.6500,32.7900,32.4600,32.7400,23.9613,3009000
2008-09-04,32.5100,32.5800,31.8700,32.0200,23.4344,11658100
2008-09-05,31.6600,32.0600,31.5000,31.8500,23.3100,5803200
2008-09-08,32.3900,32.4700,32.0000,32.3800,23.6979,7640400
2008-09-09,32.5100,32.6400,31.8400,32.1000,23.4929,3408600
2008-09-10,32.0200,32.1000,31.8400,31.9700,23.3978,5239000
2008-09-11,31.5000,32.3700,31.5000,32.1000,23.4929,3970400
2008-09-12,32.2100,32.4000,32.0000,32.4000,23.7125,3869100
2008-09-15,31.8000,32.1600,31.5000,31.5000,23.0538,6297700
2008-09-16,31.2300,32.0300,31.0200,31.4500,23.0172,7324900
2008-09-17,31.0100,31.5400,30.4100,30.9500,22.6513,6844100
2008-09-18,30.6700,31.3900,30.3500,31.3500,22.9440,14902300
2008-09-19,32.7400,33.0800,31.0600,31.5500,23.1955,4821000
2008-09-22,31.2600,31.9200,30.4600,30.8000,22.6441,4334300
2008-09-23,30.7300,30.9100,30.0700,30.0700,22.1074,3316600
2008-09-24,30.3400,30.6700,30.2300,30.3500,22.3132,4029600
2008-09-25,30.3800,31.2800,30.3800,30.9000,22.7176,9256200
2008-09-26,30.7500,31.2200,30.5300,30.8400,22.6735,5521100
2008-09-29,30.4600,31.0600,29.0000,30.1500,22.1662,8689400
2008-09-30,30.2700,30.4500,29.7800,30.0500,22.0927,3309800
2008-10-01,30.1000,30.4800,30.1000,30.2500,22.2397,6053600
2008-10-02,30.2500,30.5900,29.9300,30.3000,22.2765,6353400
2008-10-03,30.6000,30.6000,29.6500,29.6500,21.7986,6814400
2008-10-06,29.4000,29.8800,27.4100,28.5400,20.9825,8545000
2008-10-07,28.7200,28.7800,27.3900,27.8500,20.4752,5060200
2008-10-08,27.0300,27.8200,26.5500,27.3500,20.1076,9958100
2008-10-09,27.6400,27.6400,25.0000,25.2500,18.5637,10773200
2008-10-10,24.1000,25.5400,22.8900,24.1400,17.7477,15960800
2008-10-13,25.6800,27.8300,25.2200,27.0500,19.8871,7756200
2008-10-14,28.4500,28.5600,26.8400,27.6000,20.2914,12535900
2008-10-15,27.3700,27.3700,24.9000,24.9000,18.3064,8958600
2008-10-16,25.6300,26.7000,24.3900,26.2000,19.2622,11304400
2008-10-17,25.6200,27.5100,25.6200,26.1000,19.1887,7743000
2008-10-20,26.4500,27.4800,26.4200,27.1500,19.9606,8094200
2008-10-21,27.1000,27.7100,27.0100,27.0700,19.9018,4888900
2008-10-22,26.7500,26.7500,25.3700,26.4000,19.4092,10562300
2008-10-23,25.8100,26.5900,24.9500,25.7900,18.9607,7834800
2008-10-24,24.2300,26.0200,24.2300,25.7000,18.8946,10636200
2008-10-27,25.2100,25.7500,24.1200,24.6000,18.0859,5929000
2008-10-28,25.4300,27.5000,24.5800,26.1500,19.2254,7073300
2008-10-29,26.3000,26.8500,25.6400,25.9700,19.0931,7502500
2008-10-30,26.2800,26.8600,25.9900,26.5800,19.5416,4827900
2008-10-31,26.6300,27.2100,26.4200,26.6000,19.5563,6100100
2008-11-03,26.6700,27.1300,26.6700,26.8000,19.7033,3951600
2008-11-04,27.4000,27.5700,27.0700,27.1500,19.9606,3884000
2008-11-05,27.1100,27.4200,26.4400,26.7500,19.6665,5999500
2008-11-06,26.5000,26.6300,25.5600,26.1000,19.1887,8637100
2008-11-07,26.0600,26.5900,25.8000,26.4300,19.4313,5676300
2008-11-10,27.1200,27.1200,26.0500,26.2400,19.2916,4835800
2008-11-11,26.2200,26.3300,25.6000,25.7700,18.9460,10628000
2008-11-12,25.4200,25.7300,24.9700,25.2000,18.5270,4237700
2008-11-13,25.0200,26.5500,24.5300,26.5500,19.5195,7599700
2008-11-14,25.8800,26.7100,25.5400,25.5400,18.7769,5996900
2008-11-17,25.0800,25.8300,25.0100,25.1000,18.4535,6151400
2008-11-18,24.9100,25.4500,24.4100,25.2700,18.5784,5928200
2008-11-19,25.4100,25.6100,24.1000,24.2500,17.8285,6997800
2008-11-20,23.9800,24.3900,22.3600,23.5600,17.3212,12781400
2008-11-21,23.2700,23.6700,21.9900,23.5900,17.3433,9508400
2008-11-24,23.7000,24.6700,23.6100,24.0600,17.6888,6284000
2008-11-25,24.6900,24.8400,24.0200,24.2200,17.8065,6164700
2008-11-26,23.7600,24.7200,23.7600,24.6000,18.0859,6608700
2008-11-28,24.7400,25.1400,24.5400,24.9200,18.3211,1595100
2008-12-01,24.8000,24.8000,23.4400,23.6400,17.3801,5771700
2008-12-02,23.9100,24.2900,23.5800,24.2500,17.8285,7442500
2008-12-03,23.9600,25.0300,23.7700,24.8300,18.2549,10260400
2008-12-04,24.5400,24.9600,24.1100,24.3600,17.9094,8388100
2008-12-05,23.8800,25.3400,23.7400,25.1900,18.5196,8018200
2008-12-08,25.9400,25.9400,25.1300,25.3900,18.6667,9152900
2008-12-09,25.2600,25.4600,24.7400,24.9900,18.3726,8474900
2008-12-10,25.2100,25.2900,24.7600,24.9200,18.3211,7121300
2008-12-11,24.7200,25.6300,24.7200,25.0700,18.4314,9030800
2008-12-12,24.7300,25.1900,24.4500,25.1200,18.4682,6547800
2008-12-15,25.5300,25.5300,24.8300,25.0700,18.4314,4292500
2008-12-16,26.0600,26.1800,25.1400,26.0600,19.1592,7632100
2008-12-17,25.7400,26.2000,25.6400,25.9000,19.0416,8981200
2008-12-18,25.9400,26.5100,25.7800,26.0900,19.1813,6011900
2008-12-19,26.2600,26.4800,25.9400,26.0900,19.2982,8949500
2008-12-22,26.2000,26.2100,25.5000,25.9100,19.1650,5075900
2008-12-23,26.0300,26.3200,25.7500,25.9200,19.1724,3210200
2008-12-24,25.8400,25.9500,25.7200,25.8300,19.1059,876900
2008-12-26,25.9100,25.9900,25.7400,25.8500,19.1206,1040500
2008-12-29,25.9200,25.9600,25.4200,25.8100,19.0911,1559400
2008-12-30,25.9200,26.3900,25.9000,26.3100,19.4609,2865700
2008-12-31,26.4800,26.7100,26.3700,26.5500,19.6384,2383000
2009-01-02,26.5600,27.2300,26.3900,27.0900,20.0378,3589100
2009-01-05,27.1200,27.1200,26.6600,26.9600,19.9417,3880700
2009-01-06,27.0100,27.0800,26.3000,26.5200,19.6162,5726300
2009-01-07,26.0700,26.5000,26.0700,26.2800,19.4387,3947300
2009-01-08,26.1500,26.4300,25.9900,26.4300,19.5497,5521700
2009-01-09,26.4400,26.5000,26.0000,26.1500,19.3425,3906400
2009-01-12,26.2400,26.2500,25.6800,25.8100,19.0911,4811700
2009-01-13,25.8100,26.1800,25.7400,26.0300,19.2538,5286200
2009-01-14,25.6000,25.8700,25.4200,25.6600,18.9801,3907600
2009-01-15,25.7200,25.9300,25.1400,25.8400,19.1132,7710700
2009-01-16,26.1300,26.2800,25.7200,26.0600,19.2760,4456600
2009-01-20,26.0100,26.3100,25.4100,25.4300,18.8100,8967000
2009-01-21,25.7700,26.0600,25.2800,25.9700,19.2094,6294300
2009-01-22,25.8200,26.2200,25.6000,26.0800,19.2908,4778900
2009-01-23,25.8800,26.1800,25.6100,26.0800,19.2908,4563300
2009-01-26,26.1700,26.3100,25.8000,25.9400,19.1872,6881000
2009-01-27,26.2000,26.7000,26.1500,26.4800,19.5866,5819200
2009-01-28,26.7700,27.0700,26.6100,26.8900,19.8899,8140600
2009-01-29,26.5400,26.8200,26.3900,26.5100,19.6088,3911100
2009-01-30,26.5700,26.6100,26.1100,26.2300,19.4017,5236200
2009-02-02,26.0000,26.6900,25.9700,26.4000,19.5275,5822100
2009-02-03,26.5500,27.2900,26.4400,27.0800,20.0305,6915500
2009-02-04,27.3300,27.4800,26.8300,26.9600,19.9417,4998200
2009-02-05,26.6900,27.2500,26.6900,27.1900,20.1118,4569900
2009-02-06,27.1900,27.5500,27.0500,27.4100,20.2745,4571800
2009-02-09,27.4200,27.4400,27.0400,27.3300,20.2154,3548500
2009-02-10,27.1700,27.2200,26.3600,26.4200,19.5423,6174100
2009-02-11,26.5000,26.7900,26.4900,26.7500,19.7863,4152600
2009-02-12,26.4600,27.0600,26.2900,27.0600,20.0156,6363500
2009-02-13,27.0700,27.0700,26.6500,26.6500,19.7124,4067600
2009-02-17,26.4400,26.5600,26.0500,26.1900,19.3721,5869300
2009-02-18,26.2200,26.3300,25.9800,26.1800,19.3647,5876100
2009-02-19,26.4900,26.5000,26.1200,26.1300,19.3277,3896800
2009-02-20,25.6900,26.1300,25.6600,25.8600,19.1280,6713200
2009-02-23,25.7900,26.0700,25.2200,25.3500,18.7508,8094100
2009-02-24,25.5100,25.8000,25.3200,25.7200,19.0245,4738900
2009-02-25,25.6100,25.6300,25.0800,25.2000,18.6399,7642000
2009-02-26,25.5000,25.5000,23.9300,23.9400,17.7079,7675700
2009-02-27,23.5200,23.8300,22.9300,22.9800,16.9978,9912200
2009-03-02,23.6600,23.6600,21.9700,21.9900,16.2655,11638500
2009-03-03,22.1900,22.4800,21.7800,21.9400,16.2285,7500900
2009-03-04,22.7600,22.8300,22.0100,22.5700,16.6945,5910800
2009-03-05,22.4500,22.6900,21.7000,21.9700,16.2507,6274200
2009-03-06,22.0100,22.2900,21.6300,22.2900,16.4874,8982500
2009-03-09,22.0100,22.3200,21.7000,21.8800,16.1841,7060200
2009-03-10,22.0600,22.7100,22.0500,22.6700,16.7685,7928700
2009-03-11,22.9200,23.0300,22.2300,22.2600,16.4652,10766500
2009-03-12,22.1500,23.4200,22.1500,23.3500,17.2715,8992100
2009-03-13,23.5500,24.2800,23.4800,24.1300,17.8484,11528600
2009-03-16,24.3500,24.4600,23.8700,23.8700,17.6561,6934800
2009-03-17,23.8200,24.2900,23.6900,24.2400,17.9298,4510800
2009-03-18,24.0200,24.7400,24.0200,24.2800,17.9594,6840200
2009-03-19,24.5700,24.5700,23.4700,23.6900,17.5229,9299700
2009-03-20,23.6600,23.9000,23.4600,23.5500,17.5274,4831700
2009-03-23,23.9800,24.5000,23.7400,24.4100,18.1675,5069900
2009-03-24,24.2500,24.5100,23.9800,24.0900,17.9293,6040800
2009-03-25,24.0900,24.5300,23.8200,24.2500,18.0484,4271700
2009-03-26,24.4600,24.6200,24.1400,24.5200,18.2493,6769600
2009-03-27,24.4100,24.6200,24.2600,24.2600,18.0558,4769800
2009-03-30,24.0100,24.2200,23.8100,24.1200,17.9516,5020300
2009-03-31,24.4400,24.6800,24.2000,24.2100,18.0186,8359200
2009-04-01,23.9200,24.3400,23.6400,24.2000,18.0112,6837200
2009-04-02,24.7000,24.7000,24.2100,24.3000,18.0856,10706500
2009-04-03,24.5000,24.5400,23.7500,23.9000,17.7879,6395700
2009-04-06,23.7000,24.2800,23.7000,24.1300,17.9591,4378400
2009-04-07,23.8600,24.1300,23.6500,23.8600,17.7581,8460600
2009-04-08,24.0300,24.1700,23.8600,24.0200,17.8772,3328800
2009-04-09,24.4900,24.4900,24.0700,24.1300,17.9591,3903800
2009-04-13,24.1000,24.4400,24.1000,24.3200,18.1005,4172700
2009-04-14,24.4500,24.4800,24.1800,24.2100,18.0186,2812000
2009-04-15,24.2000,24.4500,24.0000,24.3500,18.1228,3259800
2009-04-16,24.3800,24.6300,24.1600,24.4600,18.2047,3834100
2009-04-17,24.5000,24.8500,24.4600,24.7400,18.4131,4678600
2009-04-20,24.3400,24.7300,24.1500,24.2600,18.0558,7361300
2009-04-21,24.1200,24.3700,23.8600,24.0300,17.8847,6848900
2009-04-22,23.6400,24.0100,23.6400,23.7700,17.6911,5203200
2009-04-23,23.8000,23.8100,23.2900,23.7900,17.7060,3337300
2009-04-24,23.7200,23.9800,23.6500,23.7600,17.6837,3625500
2009-04-27,24.0100,24.1900,23.8700,24.0200,17.8772,4275900
2009-04-28,24.0500,24.3600,23.9500,24.1100,17.9442,3778100
2009-04-29,24.1200,24.4000,23.9500,24.2000,18.0112,6880800
2009-04-30,24.2000,24.5200,24.0100,24.1800,17.9963,6006000
2009-05-01,24.1400,24.2400,23.9200,24.1400,17.9665,4935300
2009-05-04,24.1700,24.6300,24.1700,24.5400,18.2642,3309000
2009-05-05,24.5400,24.8300,24.4800,24.8200,18.4726,5663300
2009-05-06,25.0000,25.0000,24.4500,24.6700,18.3610,6639300
2009-05-07,24.8300,25.3800,24.6700,25.1700,18.7331,8924300
2009-05-08,25.5200,25.6700,25.2800,25.5900,19.0457,5632400
2009-05-11,25.3900,25.4000,25.1300,25.1500,18.7182,4615500
2009-05-12,25.3600,25.6700,25.0900,25.5600,19.0234,5275500
2009-05-13,25.2600,25.8200,25.2600,25.5000,18.9787,6741300
2009-05-14,25.7200,25.7500,25.4500,25.5300,19.0011,4525000
2009-05-15,25.6000,25.6000,25.1700,25.3300,18.8522,5882700
2009-05-18,25.4100,25.5800,25.1400,25.5800,19.0383,4691900
2009-05-19,25.5000,25.5800,25.3100,25.3900,18.8969,6561300
2009-05-20,25.4200,25.7900,25.4200,25.4900,18.9713,8416100
2009-05-21,25.3500,25.4900,24.9900,25.2600,18.8001,4996800
2009-05-22,25.2800,25.4000,25.0700,25.2900,18.8224,3655700
2009-05-26,25.1900,25.6600,24.8900,25.5200,18.9936,4412900
2009-05-27,25.5500,25.6000,25.2200,25.2600,18.8001,4591100
2009-05-28,25.2100,25.5900,25.1400,25.3900,18.8969,5720000
2009-05-29,25.3600,25.8400,25.2900,25.8300,19.2243,6549200
2009-06-01,26.0200,26.1000,25.8000,26.0000,19.3508,7529000
2009-06-02,25.9400,26.3300,25.8200,26.1600,19.4699,6533300
2009-06-03,25.9900,26.1400,25.8800,26.1000,19.4253,5920700
2009-06-04,26.1200,26.1600,25.6400,25.7400,19.1573,20046600
2009-06-05,25.5600,25.9900,25.4300,25.7900,19.1946,9662400
2009-06-08,25.6600,25.7000,25.2400,25.5100,18.9862,6260100
2009-06-09,25.6400,25.6400,25.3100,25.3800,18.8894,5337700
2009-06-10,25.6200,25.6600,25.1000,25.2700,18.8075,6176800
2009-06-11,25.2400,25.7900,25.2200,25.5400,19.0085,6493300
2009-06-12,25.5400,25.8800,25.4000,25.6300,19.0755,17595700
2009-06-15,25.3600,25.5600,24.8400,24.8400,18.4875,15870500
2009-06-16,24.8800,25.3000,24.8600,24.9400,18.5619,6354500
2009-06-17,24.9800,25.6500,24.9800,25.5100,18.9862,7463300
2009-06-18,25.5600,26.1600,25.4900,26.0000,19.3508,10436700
2009-06-19,26.2400,26.3900,25.9700,26.0800,19.5079,10601600
2009-06-22,25.9000,25.9000,25.5400,25.6100,19.1564,6224400
2009-06-23,25.7800,25.7900,25.4600,25.5300,19.0965,6001600
2009-06-24,25.7100,25.8100,25.4900,25.6600,19.1938,4161500
2009-06-25,25.7300,26.5200,25.5700,26.3700,19.7249,8134500
2009-06-26,26.4000,26.4800,26.1000,26.3700,19.7249,4967700
2009-06-29,26.3200,26.5600,26.0900,26.5300,19.8445,4266200
2009-06-30,26.4700,26.5500,26.1100,26.3100,19.6800,5414000
2009-07-01,26.4600,26.4600,26.2400,26.3800,19.7323,5535800
2009-07-02,26.1000,26.2500,25.7500,25.7500,19.2611,4989900
2009-07-06,25.5900,25.9800,25.5400,25.9500,19.4107,5551600
2009-07-07,26.0100,26.1900,25.8400,25.8500,19.3359,7325600
2009-07-08,26.0800,26.2600,25.9800,26.0900,19.5154,5312000
2009-07-09,26.2000,26.2000,25.6500,25.7600,19.2686,5232600
2009-07-10,25.7000,25.9000,25.5800,25.6400,19.1788,3640100
2009-07-13,25.7800,26.1400,25.5800,26.0900,19.5154,4616500
2009-07-14,25.9600,26.2900,25.9600,26.2100,19.6052,4204700
2009-07-15,26.3700,26.4400,26.0300,26.4400,19.7772,5320700
2009-07-16,26.4500,26.7000,26.3600,26.6100,19.9044,5610000
2009-07-17,26.6900,26.6900,26.4000,26.5300,19.8445,5462300
2009-07-20,26.6000,26.6500,26.3300,26.5900,19.8894,3615000
2009-07-21,26.8200,27.0300,26.7000,26.9800,20.1811,5665700
2009-07-22,26.9900,27.1100,26.7700,26.8800,20.1063,7369700
2009-07-23,26.9500,27.5700,26.8200,27.4200,20.5103,6627500
2009-07-24,27.5200,27.9400,27.3500,27.9000,20.8693,4141500
2009-07-27,27.9000,28.0500,27.6800,27.8800,20.8543,4662000
2009-07-28,27.8900,28.1300,27.8300,28.0700,20.9965,5460100
2009-07-29,27.8600,28.1600,27.8600,28.0500,20.9815,4113100
2009-07-30,28.4900,28.5300,28.0600,28.0900,21.0114,5080500
2009-07-31,28.0000,28.3200,27.8700,27.8700,20.8469,5961600
2009-08-03,28.0200,28.2000,27.7700,28.0400,20.9740,8179700
2009-08-04,27.9300,28.1100,27.9000,28.1100,21.0264,4449900
2009-08-05,28.1600,28.1600,27.6700,27.7100,20.7272,4502100
2009-08-06,27.7100,27.8600,27.3800,27.5100,20.5776,7178800
2009-08-07,27.6300,27.9000,27.5800,27.6300,20.6673,5144100
2009-08-10,27.6800,27.9000,27.5300,27.8500,20.8319,4903700
2009-08-11,27.9200,28.0000,27.7400,27.8100,20.8020,4956200
2009-08-12,27.8900,28.1200,27.6600,27.9600,20.9142,5316800
2009-08-13,28.0400,28.0600,27.6200,27.9300,20.8917,7561800
2009-08-14,27.9900,28.0600,27.5900,27.9300,20.8917,5772400
2009-08-17,27.5800,27.9900,27.5800,27.8200,20.8095,7543000
2009-08-18,27.9900,27.9900,27.6400,27.8000,20.7945,4171500
2009-08-19,27.7700,28.2000,27.6400,28.1900,21.0862,5693200
2009-08-20,28.2100,28.4200,28.1000,28.3900,21.2358,4320800
2009-08-21,28.5100,28.8500,28.4400,28.6800,21.4527,4980200
2009-08-24,28.8500,28.8900,28.6300,28.8800,21.6023,6183900
2009-08-25,28.8500,29.0700,28.8100,28.8800,21.6023,4663200
2009-08-26,28.8100,29.0800,28.7500,28.8900,21.6098,6038200
2009-08-27,28.8900,28.9800,28.5900,28.8800,21.6023,4339700
2009-08-28,28.9700,29.0300,28.4700,28.6700,21.4453,5794400
2009-08-31,28.5000,28.7700,28.3800,28.6200,21.4079,5478100
2009-09-01,28.6200,28.7300,28.1000,28.1600,21.0638,7560600
2009-09-02,28.1600,28.3500,28.0600,28.2200,21.1087,5343700
2009-09-03,28.3300,28.3300,27.9600,28.0900,21.0114,4183200
2009-09-04,28.2300,28.5400,28.1700,28.4900,21.3106,6434900
2009-09-08,28.6000,28.6100,28.2300,28.3600,21.2134,6484500
2009-09-09,28.4000,28.7600,28.3600,28.6900,21.4602,4642600
2009-09-10,28.7300,28.9100,28.5800,28.9100,21.6248,4851400
2009-09-11,28.9000,28.9900,28.7900,28.9200,21.6323,5386300
2009-09-14,28.6900,29.0600,28.6900,29.0300,21.7146,3940200
2009-09-15,29.0300,29.0900,28.7700,28.7700,21.5201,5793600
2009-09-16,28.8300,29.0300,28.7100,29.0300,21.7146,5151700
2009-09-17,28.8600,29.0700,28.8600,29.0100,21.6996,5022300
2009-09-18,29.0000,29.0100,28.7600,28.7600,21.6072,6988100
2009-09-21,28.6700,29.0900,28.6700,29.0400,21.8175,4603100
2009-09-22,29.1000,29.1600,28.7900,28.9500,21.7499,3830700
2009-09-23,28.9100,29.0000,28.5400,28.5400,21.4419,4194000
2009-09-24,28.6900,28.7100,28.4000,28.5100,21.4194,5084000
2009-09-25,28.4400,28.6800,28.4000,28.5300,21.4344,3526200
2009-09-28,28.6400,29.0700,28.5800,28.8400,21.6673,4043700
2009-09-29,28.8700,29.0500,28.7500,28.8800,21.6973,6430200
2009-09-30,28.9700,28.9700,28.4500,28.6700,21.5396,7156000
2009-10-01,28.6900,28.6900,28.2400,28.2600,21.2315,7927000
2009-10-02,28.0700,28.2900,28.0600,28.1500,21.1489,5993000
2009-10-05,28.1200,28.3900,27.9900,28.3300,21.2841,4785600
2009-10-06,28.4000,28.6300,28.1900,28.5600,21.4569,7127800
2009-10-07,28.5300,28.6300,28.4200,28.5800,21.4719,4128500
2009-10-08,28.7400,28.8200,28.5600,28.6100,21.4945,4539400
2009-10-09,28.6000,28.9100,28.5800,28.8800,21.6973,5196500
2009-10-12,28.8400,29.0800,28.8400,29.0200,21.8025,3940100
2009-10-13,28.9300,28.9300,28.6800,28.7400,21.5922,4488800
2009-10-14,28.9700,29.2100,28.7600,29.1800,21.9227,10170200
2009-10-15,29.1300,29.3200,29.0600,29.2600,21.9828,6474200
2009-10-16,29.1700,29.3000,29.0500,29.2400,21.9678,5617300
2009-10-19,29.2600,29.5500,29.1700,29.4900,22.1556,5105500
2009-10-20,29.5500,29.5500,29.1400,29.2100,21.9452,4748900
2009-10-21,29.2000,29.2600,28.8100,28.8300,21.6598,9425100
2009-10-22,28.7700,29.1400,28.5900,29.0100,21.7950,5381800
2009-10-23,29.1100,29.1100,28.6100,28.7100,21.5696,6078400
2009-10-26,28.8000,28.9700,28.3400,28.4000,21.3367,7268000
2009-10-27,28.4800,28.7000,28.3700,28.5200,21.4269,8489700
2009-10-28,28.4800,28.5900,28.2000,28.2300,21.2090,9471600
2009-10-29,28.2800,28.5100,28.1800,28.4800,21.3968,5806700
2009-10-30,28.3900,28.5900,28.0300,28.0700,21.0888,6955000
2009-11-02,28.0800,28.4100,28.0400,28.1900,21.1790,6993400
2009-11-03,28.1000,28.2700,28.0300,28.2000,21.1865,4974100
2009-11-04,28.2500,28.9100,28.2500,28.5600,21.4569,8205300
2009-11-05,28.7800,29.1000,28.7400,29.0300,21.8100,6651700
2009-11-06,28.9700,29.1900,28.8500,29.1600,21.9077,5297600
2009-11-09,29.3300,29.6800,29.1900,29.6500,22.2758,4541800
2009-11-10,29.6000,29.8800,29.5600,29.8500,22.4261,3583400
2009-11-11,29.9600,30.0200,29.6800,29.8900,22.4561,5100100
2009-11-12,29.7800,30.0000,29.6500,29.7200,22.3284,3450400
2009-11-13,29.6900,29.9600,29.6700,29.7800,22.3735,3706900
2009-11-16,29.9600,30.2800,29.7700,30.0800,22.5989,3769100
2009-11-17,30.1200,30.2100,29.9900,30.1600,22.6590,8409100
2009-11-18,30.2600,30.3600,30.0100,30.3300,22.7867,4641000
2009-11-19,30.2500,30.2500,29.8600,30.1800,22.6740,8943200
2009-11-20,30.1300,30.4200,30.0400,30.3900,22.8318,4254800
2009-11-23,30.5700,30.8700,30.5300,30.6700,23.0421,4316900
2009-11-24,30.7500,31.0000,30.6000,30.9100,23.2225,6797100
2009-11-25,30.9800,31.1000,30.8500,31.1000,23.3652,6534300
2009-11-27,30.6400,30.9400,30.3500,30.7900,23.1323,3394300
2009-11-30,30.8300,30.8300,30.5700,30.6800,23.0497,5203100
2009-12-01,30.7600,31.2200,30.7600,31.2200,23.4554,5944900
2009-12-02,31.1700,31.2900,31.0000,31.1500,23.4028,4983300
2009-12-03,31.2400,31.3200,30.9300,31.0000,23.2901,7722800
2009-12-04,31.2000,31.4000,30.8600,30.9800,23.2750,6784300
2009-12-07,30.9800,31.2900,30.9100,30.9400,23.2450,4296700
2009-12-08,30.8100,30.9500,30.6500,30.7000,23.0647,5625400
2009-12-09,30.7400,30.9600,30.6500,30.9600,23.2600,6328300
2009-12-10,31.0700,31.3500,31.0400,31.2800,23.5004,6752500
2009-12-11,31.2800,31.4200,31.2300,31.2800,23.5004,5955100
2009-12-14,31.5100,31.6500,31.4000,31.5700,23.7183,4646500
2009-12-15,31.5700,31.5800,31.3900,31.5800,23.7258,4171700
2009-12-16,31.6800,31.7600,31.4200,31.4200,23.6056,6069700
2009-12-17,31.1500,31.4100,30.9600,31.1300,23.3877,16428000
2009-12-18,31.0200,31.1500,30.8800,31.1300,23.5169,10356100
2009-12-21,30.9400,31.6200,30.9300,31.4200,23.7360,9174900
2009-12-22,31.3900,31.6400,31.3900,31.5600,23.8418,3957200
2009-12-23,31.6500,31.6500,31.4400,31.4600,23.7662,3457400
2009-12-24,31.5000,31.5200,31.3600,31.4600,23.7662,2198500
2009-12-28,31.5900,31.6400,31.4400,31.6200,23.8871,6543900
2009-12-29,31.6400,31.7600,31.5400,31.5800,23.8569,10151100
2009-12-30,31.4800,31.6000,31.4000,31.4900,23.7889,3637000
2009-12-31,31.5100,31.5300,31.0700,31.0700,23.4716,3511000
2010-01-04,31.4700,31.6200,31.2700,31.6100,23.8795,5580900
2010-01-05,31.5600,31.6700,31.3000,31.3000,23.6453,5428600
2010-01-06,31.3000,31.6200,31.3000,31.6200,23.8871,4883600
2010-01-07,31.5000,31.7300,31.4300,31.7300,23.9702,6114600
2010-01-08,31.7900,31.8100,31.5600,31.7800,24.0080,4284800
2010-01-11,31.9500,32.0000,31.8200,31.9600,24.1439,4177700
2010-01-12,31.8200,31.9100,31.6100,31.7300,23.9702,5791400
2010-01-13,31.8100,32.2500,31.8000,32.1500,24.2875,8056100
2010-01-14,32.2100,32.4500,32.0900,32.4400,24.5066,7801400
2010-01-15,32.3200,32.5000,32.0300,32.2200,24.3404,9691800
2010-01-19,32.3300,33.0100,32.3300,33.0000,24.9296,17749900
2010-01-20,33.1100,33.1600,32.4700,32.7200,24.7181,16706200
2010-01-21,32.7100,32.8700,31.9800,32.0100,24.1817,15057200
2010-01-22,31.9100,32.2200,31.6000,31.6600,23.9173,13221000
2010-01-25,31.9800,31.9800,31.6300,31.6600,23.9173,7485600
2010-01-26,31.5400,31.6400,31.3100,31.4800,23.7813,9292600
2010-01-27,31.3700,31.7500,31.3300,31.7000,23.9475,13238800
2010-01-28,31.8000,31.8400,31.4100,31.5000,23.7964,12890200
2010-01-29,31.6000,31.6900,31.2800,31.2800,23.6302,11902000
2010-02-01,31.3300,31.5500,31.2000,31.4600,23.7662,6463000
2010-02-02,31.5500,32.1200,31.3800,32.1100,24.2573,9894100
2010-02-03,32.0000,32.0300,31.5800,31.6800,23.9324,5967400
2010-02-04,31.4200,31.5300,30.8600,30.8800,23.3281,10027700
2010-02-05,30.7900,30.9800,30.2700,30.8300,23.2903,14325900
2010-02-08,30.8500,30.9500,30.5900,30.6800,23.1770,6971500
2010-02-09,31.0700,31.2000,30.6800,30.9200,23.3583,8632900
2010-02-10,30.9500,30.9500,30.4900,30.7300,23.2147,7047300
2010-02-11,30.5300,31.0400,30.4900,30.9400,23.3734,4335600
2010-02-12,30.7100,30.9300,30.5000,30.8700,23.3205,6966800
2010-02-16,31.1800,31.1800,30.8200,31.1400,23.5245,5786100
2010-02-17,31.2500,31.5400,31.2000,31.3800,23.7058,10161600
2010-02-18,31.3900,31.5500,31.3100,31.5300,23.8191,5326600
2010-02-19,31.4300,31.6000,31.3500,31.5300,23.8191,4369300
2010-02-22,31.6400,31.6400,31.2400,31.4400,23.7511,6989700
2010-02-23,31.3500,31.4700,31.0800,31.1400,23.5245,4313800
2010-02-24,31.2300,31.4300,31.1200,31.3700,23.6982,4352100
2010-02-25,31.1500,31.3900,31.0000,31.3900,23.7133,5437900
2010-02-26,31.4400,31.5700,31.3200,31.4000,23.7209,8794500
2010-03-01,31.4000,31.8100,31.4000,31.7000,23.9475,6249900
2010-03-02,31.7500,31.9400,31.7100,31.8100,24.0306,5321100
2010-03-03,31.9600,31.9600,31.6300,31.6800,23.9324,5066800
2010-03-04,31.7200,31.7400,31.4600,31.5800,23.8569,10135600
2010-03-05,31.6500,32.0200,31.6100,32.0200,24.1893,5832200
2010-03-08,32.0300,32.0300,31.8200,31.8300,24.0457,4370700
2010-03-09,31.7300,31.8900,31.6900,31.8100,24.0306,4838900
2010-03-10,31.8300,31.9400,31.7800,31.8300,24.0457,4063400
2010-03-11,31.8200,32.0800,31.6500,32.0800,24.2346,6033900
2010-03-12,32.1300,32.1300,31.7600,31.8400,24.0533,4899700
2010-03-15,31.8400,32.0500,31.7800,32.0500,24.2119,5500100
2010-03-16,32.0500,32.1600,31.9300,32.1400,24.2799,5494000
2010-03-17,32.1200,32.2300,32.0000,32.1500,24.2875,11159700
2010-03-18,32.1500,32.4600,32.0700,32.3700,24.4537,7125700
2010-03-19,32.2500,32.4500,32.1300,32.2500,24.4446,8386700
2010-03-22,32.3000,32.6900,32.3000,32.4600,24.6037,7909200
2010-03-23,32.4200,32.6200,32.3500,32.6200,24.7250,5713500
2010-03-24,32.5600,32.6000,32.2700,32.2700,24.4597,6315000
2010-03-25,32.5100,32.5100,32.1100,32.1400,24.3612,5120600
2010-03-26,32.2200,32.2200,31.8400,31.9000,24.1793,6811000
2010-03-29,31.9900,32.2400,31.9800,32.2400,24.4370,4818700
2010-03-30,32.2400,32.2800,32.1100,32.2400,24.4370,3440100
2010-03-31,32.1900,32.2800,31.9900,32.1300,24.3536,4834400
2010-04-01,32.3000,32.3700,32.1300,32.3100,24.4900,5602900
2010-04-05,32.3400,32.4200,32.1700,32.2200,24.4218,4655600
2010-04-06,32.1300,32.2600,32.1200,32.2000,24.4067,3978900
2010-04-07,32.2000,32.2000,31.9100,32.0600,24.3006,4733200
2010-04-08,31.9600,32.0200,31.8300,31.9400,24.2096,4561700
2010-04-09,31.9900,32.1200,31.9400,32.0800,24.3157,4155000
2010-04-12,32.0400,32.1800,31.9800,31.9900,24.2475,4513500
2010-04-13,31.9300,32.0900,31.8400,32.0200,24.2702,7279200
2010-04-14,32.0400,32.0400,31.7900,31.9100,24.1869,6331200
2010-04-15,31.9300,31.9500,31.7300,31.8200,24.1186,5119600
2010-04-16,31.7800,31.8700,31.4800,31.6300,23.9746,8928300
2010-04-19,31.6300,31.9200,31.5200,31.8900,24.1717,11270000
2010-04-20,32.0000,32.0500,31.8500,31.9600,24.2248,5741100
2010-04-21,31.9800,31.9800,31.2800,31.4000,23.8003,13931400
2010-04-22,31.2400,31.2500,30.8400,31.0400,23.5274,4291800
2010-04-23,31.0400,31.3800,30.8400,31.3500,23.7624,10974900
2010-04-26,31.4000,31.4800,30.9900,31.0200,23.5123,7321500
2010-04-27,30.9500,31.1800,30.6100,30.6600,23.2394,10692000
2010-04-28,30.8800,30.9900,30.6000,30.8600,23.3910,10333300
2010-04-29,31.0200,31.4700,31.0200,31.2800,23.7093,10236400
2010-04-30,31.3700,31.4300,30.8800,30.8800,23.4062,12506600
2010-05-03,30.8800,31.1600,30.8600,31.0300,23.5198,5629700
2010-05-04,30.8900,31.1400,30.7200,30.8500,23.3834,14483400
2010-05-05,30.4900,31.0100,30.4000,30.9500,23.4592,9627700
2010-05-06,30.8500,30.9400,28.5300,30.1200,22.8301,21647700
2010-05-07,30.1400,30.1400,29.3400,29.7200,22.5269,18182100
2010-05-10,30.2400,30.8300,30.2400,30.5200,23.1333,13168100
2010-05-11,30.3100,30.7600,30.2400,30.4600,23.0878,8829300
2010-05-12,30.7200,30.7300,30.4200,30.7100,23.2773,6115800
2010-05-13,30.6000,30.7000,30.3800,30.3800,23.0272,6872600
2010-05-14,30.2100,30.3500,29.7300,29.9700,22.7164,13544100
2010-05-17,30.0400,30.0900,29.5200,29.9700,22.7164,11950000
2010-05-18,30.1700,30.2200,29.7000,29.7300,22.5345,11648200
2010-05-19,29.5400,29.9100,29.4800,29.6600,22.4814,12608800
2010-05-20,29.2500,29.4000,28.7200,28.7300,21.7765,15946600
2010-05-21,28.4200,28.8800,28.2500,28.8000,21.8296,16465100
2010-05-24,28.6800,29.0400,28.5200,28.7300,21.7765,10310900
2010-05-25,28.1400,28.6100,27.9700,28.6100,21.6856,16411700
2010-05-26,28.7800,28.9000,28.4000,28.4300,21.5491,12620400
2010-05-27,28.6700,29.0100,28.6700,29.0100,21.9887,9438500
2010-05-28,29.0000,29.1600,28.7700,28.8700,21.8826,13301500
2010-06-01,28.7600,29.0100,28.5000,28.5500,21.6401,11633700
2010-06-02,28.8000,29.2000,28.5600,29.1700,22.1100,10510200
2010-06-03,29.1700,29.4300,29.1300,29.3400,22.2389,8442500
2010-06-04,28.8900,28.9700,28.3800,28.4800,21.5870,11034700
2010-06-07,28.5200,28.8000,28.4400,28.4400,21.5567,9478700
2010-06-08,28.4500,28.5500,28.1600,28.5100,21.6098,10571000
2010-06-09,28.5500,28.7100,28.2800,28.3800,21.5112,8428600
2010-06-10,28.6500,28.9900,28.6500,28.9200,21.9205,6967900
2010-06-11,28.8400,29.2100,28.8300,29.1600,22.1024,7042100
2010-06-14,29.2500,29.4800,29.2000,29.2100,22.1403,6416400
2010-06-15,29.3500,29.7300,29.3400,29.7100,22.5193,4921200
2010-06-16,29.6200,29.8600,29.5500,29.8200,22.6027,5576900
2010-06-17,29.8700,29.8700,29.5600,29.8600,22.6330,5710800
2010-06-18,29.7600,29.7600,29.4900,29.5500,22.5119,6962900
2010-06-21,29.8600,29.9300,29.3500,29.5000,22.4738,7458600
2010-06-22,29.5300,29.7400,29.1700,29.2100,22.2529,7226400
2010-06-23,29.2300,29.2800,28.9400,29.0900,22.1614,6431100
2010-06-24,28.9600,29.1300,28.8400,28.8800,22.0015,10192000
2010-06-25,28.8800,29.1600,28.7800,29.0100,22.1005,8439200
2010-06-28,29.0300,29.2000,28.7800,28.9600,22.0624,6556200
2010-06-29,28.6600,28.7200,28.2700,28.4300,21.6587,15076600
2010-06-30,28.2900,28.5600,28.1400,28.2000,21.4834,9503400
2010-07-01,28.1500,28.1500,27.4900,27.9600,21.3006,23346200
2010-07-02,28.0100,28.2200,27.8700,28.0300,21.3539,10103400
2010-07-06,28.2200,28.3900,27.9400,28.1700,21.4606,11667300
2010-07-07,28.2000,28.7500,28.0600,28.7200,21.8796,8794500
2010-07-08,28.8200,29.0300,28.7600,28.9600,22.0624,7165200
2010-07-09,29.0200,29.0400,28.8800,29.0300,22.1157,4261600
2010-07-12,28.9700,29.0800,28.8700,28.9800,22.0776,5026200
2010-07-13,29.1500,29.3800,29.1500,29.2000,22.2452,5439300
2010-07-14,29.1100,29.2600,28.9600,29.2000,22.2452,5958300
2010-07-15,29.1900,29.3600,29.0100,29.2900,22.3138,4594500
2010-07-16,29.1500,29.3300,28.6400,28.6800,21.8491,9790100
2010-07-19,28.8000,28.9200,28.6800,28.8100,21.9481,5391900
2010-07-20,28.4800,28.7400,28.3200,28.7300,21.8872,8178400
2010-07-21,28.7200,28.8100,28.2000,28.2600,21.5291,14343400
2010-07-22,28.5400,28.7300,28.3300,28.4400,21.6663,10500800
2010-07-23,28.4300,28.5000,28.1700,28.4300,21.6587,8858800
2010-07-26,28.5500,28.8900,28.4600,28.8400,21.9710,10261500
2010-07-27,28.9000,28.9700,28.7400,28.8700,21.9939,6225700
2010-07-28,28.8200,28.9100,28.4300,28.4800,21.6967,9662900
2010-07-29,28.6400,28.8300,28.3200,28.4600,21.6815,10540100
2010-07-30,28.2000,28.6900,28.0900,28.5700,21.7653,7539400
2010-08-02,28.8800,29.1300,28.8700,29.1100,22.1767,11733200
2010-08-03,29.1500,29.4600,29.1500,29.3500,22.3595,10266000
2010-08-04,29.3700,29.6800,29.3200,29.6400,22.5805,9458100
2010-08-05,29.5400,29.6500,29.4200,29.6500,22.5881,4285100
2010-08-06,29.3600,29.7400,29.2800,29.7100,22.6338,8894200
2010-08-09,29.9000,29.9000,29.6400,29.7900,22.6947,4061700
2010-08-10,29.5800,29.9800,29.4600,29.8600,22.7481,8692600
2010-08-11,29.4500,29.4900,29.0500,29.0900,22.1614,13216600
2010-08-12,28.8600,29.2900,28.7900,29.2100,22.2529,9553700
2010-08-13,29.0200,29.2100,28.9700,29.1000,22.1691,4340300
2010-08-16,28.9300,29.0300,28.7300,28.9500,22.0548,4641300
2010-08-17,29.1200,29.4600,29.0400,29.3500,22.3595,7183200
2010-08-18,29.3000,29.5300,29.1200,29.3100,22.3291,4410100
2010-08-19,29.1500,29.2000,28.6800,28.7700,21.9177,8736200
2010-08-20,28.7300,28.7600,28.4900,28.6700,21.8415,5606200
2010-08-23,28.8500,29.0700,28.7700,28.8000,21.9405,6570800
2010-08-24,28.4900,28.5000,28.0900,28.1800,21.4682,12112600
2010-08-25,28.0600,28.5800,28.0200,28.4600,21.6815,10713000
2010-08-26,28.6100,28.6100,28.1700,28.2800,21.5444,6566000
2010-08-27,28.3600,28.5800,28.0000,28.5700,21.7653,7200700
2010-08-30,28.5700,28.6000,28.2100,28.2100,21.4911,5835000
2010-08-31,28.1700,28.3200,28.0400,28.1000,21.4072,8756200
2010-09-01,28.3700,28.8000,28.3700,28.7500,21.9024,10345200
2010-09-02,28.8000,28.9500,28.7200,28.9000,22.0167,6003300
2010-09-03,29.0000,29.1900,28.9900,29.1700,22.2224,6604700
2010-09-07,29.1400,29.1400,28.9400,29.0000,22.0929,3954000
2010-09-08,28.9600,29.2500,28.9500,29.1600,22.2148,6850700
2010-09-09,29.3700,29.5600,29.3400,29.4700,22.4509,6305700
2010-09-10,29.4700,29.8000,29.4700,29.7700,22.6795,5453100
2010-09-13,29.9300,29.9800,29.6900,29.8400,22.7328,5947100
2010-09-14,29.7400,30.0600,29.7100,29.9400,22.8090,8386700
2010-09-15,29.8700,30.2300,29.8300,30.2200,23.0223,4894200
2010-09-16,30.0500,30.1500,29.9500,30.1000,22.9309,4913900
2010-09-17,30.0500,30.1400,29.8800,29.9400,22.9263,6038900
2010-09-20,30.0700,30.4000,29.9700,30.3400,23.2326,5467800
2010-09-21,30.3400,30.5200,30.2300,30.3600,23.2479,7579700
2010-09-22,30.3300,30.5400,30.2900,30.4100,23.2862,5875600
2010-09-23,30.2200,30.4600,30.1900,30.2500,23.1637,8156800
2010-09-24,30.4900,30.6800,30.4500,30.6600,23.4776,5571100
2010-09-27,30.6600,30.6600,30.4100,30.4300,23.3015,4840600
2010-09-28,30.5000,30.7400,30.3000,30.6800,23.4929,5634600
2010-09-29,30.5700,30.6900,30.4600,30.5700,23.4087,7966300
2010-09-30,30.6800,30.8800,30.3800,30.4900,23.3475,8680300
2010-10-01,30.7100,30.7500,30.3300,30.4900,23.3475,8791700
2010-10-04,30.4700,30.5400,30.1100,30.1900,23.1177,6193600
2010-10-05,30.6000,30.8000,30.4400,30.7500,23.5466,6786200
2010-10-06,30.6800,30.7900,30.5300,30.6300,23.4547,5800000
2010-10-07,30.7500,30.8400,30.6000,30.6900,23.5006,6052000
2010-10-08,30.7100,30.8500,30.6400,30.7700,23.5619,3678600
2010-10-11,30.7500,30.8400,30.6800,30.7900,23.5772,2452400
2010-10-12,30.7300,30.9400,30.6000,30.8600,23.6308,3194600
2010-10-13,30.9900,31.1800,30.9100,31.0800,23.7992,3323600
2010-10-14,31.0400,31.1800,30.8800,31.0200,23.7533,5111500
2010-10-15,31.0900,31.2400,30.9500,31.1500,23.8528,5880600
2010-10-18,31.1900,31.4500,31.1400,31.4400,24.0749,7161000
2010-10-19,31.1900,31.1900,30.7000,30.8500,23.6231,8833000
2010-10-20,30.9200,31.2800,30.8400,31.1400,23.8452,5489400
2010-10-21,31.2700,31.3700,30.9900,31.2200,23.9065,5983600
2010-10-22,31.3200,31.3200,31.1500,31.2300,23.9141,4671900
2010-10-25,31.4000,31.6400,31.3700,31.4000,24.0443,6532600
2010-10-26,31.3300,31.3300,31.1600,31.3100,23.9754,4005800
2010-10-27,31.1900,31.2500,30.9300,31.1200,23.8299,5489900
2010-10-28,31.3000,31.4100,31.1300,31.3000,23.9677,5007000
2010-10-29,31.2200,31.2700,31.0500,31.1700,23.8682,6751200
2010-11-01,31.3400,31.5000,31.0100,31.1700,23.8682,6943700
2010-11-02,31.4200,31.5000,31.3900,31.4700,24.0979,5303500
2010-11-03,31.5700,31.5700,31.1700,31.4900,24.1132,8271300
2010-11-04,31.7200,31.7300,31.5500,31.6400,24.2281,7898400
2010-11-05,31.7100,31.7100,31.3300,31.4500,24.0826,10241400
2010-11-08,31.4100,31.5500,31.3000,31.3700,24.0213,7745100
2010-11-09,31.4600,31.4600,31.1700,31.2400,23.9218,7484100
2010-11-10,31.2800,31.2800,30.9300,31.2300,23.9141,6532400
2010-11-11,31.0800,31.3400,31.0000,31.3200,23.9830,5827800
2010-11-12,31.1300,31.1800,30.8900,30.9300,23.6844,6763900
2010-11-15,31.0400,31.1100,30.8900,30.9400,23.6920,4181900
2010-11-16,30.7400,30.8400,30.4000,30.4900,23.3475,12265400
2010-11-17,30.5400,30.6600,30.4800,30.5400,23.3857,5810200
2010-11-18,30.7200,31.0400,30.6300,30.9700,23.7150,5721600
2010-11-19,30.9400,31.0200,30.8200,31.0000,23.7380,5078100
2010-11-22,30.9600,31.0400,30.7100,31.0100,23.7457,7405200
2010-11-23,30.6900,30.7500,30.5500,30.5600,23.4011,9030600
2010-11-24,30.6800,30.8700,30.6800,30.8500,23.6231,5591000
2010-11-26,30.6900,30.7300,30.5400,30.5800,23.4164,2863600
2010-11-29,30.4000,30.6100,30.1400,30.5500,23.3934,7439200
2010-11-30,30.2200,30.4600,30.1800,30.2700,23.1790,8214800
2010-12-01,30.6100,30.9000,30.6100,30.8500,23.6231,8571300
2010-12-02,30.9000,31.0900,30.8400,31.0900,23.8069,5519300
2010-12-03,30.9600,31.1100,30.9400,31.0900,23.8069,7769400
2010-12-06,30.9800,31.0200,30.8600,30.8900,23.6538,5092200
2010-12-07,31.1100,31.1300,30.8700,30.9100,23.6691,6938200
2010-12-08,30.9500,30.9900,30.7900,30.9400,23.6920,5222000
2010-12-09,31.0400,31.0400,30.8900,30.9900,23.7303,3670300
2010-12-10,31.0400,31.3200,31.0400,31.2900,23.9601,5730100
2010-12-13,31.3600,31.4900,31.3000,31.3400,23.9983,9561500
2010-12-14,31.4500,31.7400,31.4400,31.6600,24.2434,5587600
2010-12-15,31.5400,31.7700,31.5300,31.5600,24.1668,5816700
2010-12-16,31.5700,31.7900,31.4400,31.7800,24.3353,5071800
2010-12-17,31.6200,31.6700,31.4400,31.6700,24.3768,6012600
2010-12-20,31.7400,31.7600,31.5300,31.6600,24.3691,3241800
2010-12-21,31.6900,31.7100,31.5800,31.5800,24.3076,2946300
2010-12-22,31.5700,31.6700,31.5400,31.6700,24.3768,2646000
2010-12-23,31.6100,31.7000,31.6100,31.6500,24.3614,2874100
2010-12-27,31.6000,31.6200,31.4900,31.5900,24.3153,835200
2010-12-28,31.5800,31.6600,31.5200,31.6100,24.3306,1652600
2010-12-29,31.6500,31.6900,31.5900,31.6200,24.3383,1990500
2010-12-30,31.5800,31.6000,31.4900,31.5100,24.2537,3877200
2010-12-31,31.5400,31.5700,31.4300,31.5000,24.2460,3908500
2011-01-03,31.6700,31.9900,31.6600,31.7900,24.4692,6877800
2011-01-04,31.8500,31.9200,31.7200,31.8900,24.5462,4161000
2011-01-05,31.7700,32.0200,31.7700,31.9600,24.6000,7962800
2011-01-06,32.0100,32.1100,31.9700,32.0900,24.7001,4966800
2011-01-07,32.1200,32.1200,31.8900,32.0700,24.6847,6199000
2011-01-10,31.9200,32.0500,31.8800,31.9800,24.6154,4481000
2011-01-11,32.0600,32.1900,32.0100,32.1400,24.7386,3356200
2011-01-12,32.2800,32.3600,32.1800,32.3100,24.8694,2886100
2011-01-13,32.2200,32.2200,32.0500,32.1400,24.7386,7414600
2011-01-14,32.0800,32.1800,32.0600,32.1800,24.7694,3907500
2011-01-18,32.1900,32.3100,32.1700,32.3000,24.8617,8160100
2011-01-19,32.3300,32.3300,31.9600,32.0800,24.6924,9936400
2011-01-20,32.0700,32.2200,31.9500,32.1600,24.7540,8811800
2011-01-21,32.2600,32.3300,32.1500,32.1900,24.7771,8079700
2011-01-24,32.1800,32.2700,32.1200,32.1500,24.7463,3711500
2011-01-25,32.0400,32.2400,32.0300,32.1500,24.7463,8002500
2011-01-26,32.1800,32.2200,32.0800,32.1100,24.7155,7671800
2011-01-27,32.1500,32.2500,32.0500,32.1900,24.7771,6871900
2011-01-28,32.2100,32.2500,31.5800,31.6100,24.3306,11096100
2011-01-31,31.7700,31.7700,31.5600,31.6800,24.3845,9021600
2011-02-01,31.8100,32.2900,31.8100,32.2500,24.8233,13051200
2011-02-02,32.1500,32.1800,32.0400,32.1400,24.7386,4627700
2011-02-03,32.0300,32.2500,31.7900,32.1800,24.7694,6316300
2011-02-04,32.2500,32.3400,32.0600,32.3300,24.8848,4380100
2011-02-07,32.3200,32.3800,32.2500,32.2800,24.8464,9145200
2011-02-08,32.2500,32.3900,32.2500,32.3700,24.9156,5160100
2011-02-09,32.2800,32.3700,32.2000,32.3000,24.8617,4933400
2011-02-10,32.1900,32.3600,32.1800,32.3100,24.8694,4383300
2011-02-11,32.1700,32.4600,32.1400,32.3800,24.9233,4341900
2011-02-14,32.4400,32.4900,32.3100,32.4900,25.0080,9054900
2011-02-15,32.3700,32.4500,32.2900,32.4200,24.9541,5502400
2011-02-16,32.5000,32.7100,32.4700,32.5900,25.0850,4256200
2011-02-17,32.5100,32.7600,32.4500,32.7300,25.1927,8772000
2011-02-18,32.7100,32.8500,32.6500,32.8100,25.2543,4583200
2011-02-22,32.4800,32.6300,32.2300,32.3100,24.8694,12072400
2011-02-23,32.2200,32.3200,31.9900,32.0000,24.6308,9817600
2011-02-24,31.9400,32.1800,31.8700,32.1100,24.7155,9063800
2011-02-25,32.2100,32.3700,32.1400,32.3100,24.8694,6129200
2011-02-28,32.4300,32.7100,32.3100,32.6700,25.1465,15415100
2011-03-01,32.7700,32.8100,32.4000,32.4100,24.9464,10264400
2011-03-02,32.3600,32.5700,32.3100,32.5100,25.0234,11750700
2011-03-03,32.7100,33.2000,32.7100,33.1800,25.5391,11733900
2011-03-04,33.1600,33.2300,32.9000,33.1300,25.5006,8793600
2011-03-07,33.2100,33.2100,32.6800,32.8800,25.3082,8359500
2011-03-08,32.9000,33.1600,32.7800,33.0600,25.4467,5795000
2011-03-09,33.0500,33.2000,32.9400,33.1100,25.4852,8000200
2011-03-10,32.8500,32.9200,32.5600,32.5900,25.0850,12703000
2011-03-11,32.5900,32.7900,32.4700,32.7000,25.1696,8004000
2011-03-14,32.5500,32.7500,32.4000,32.5400,25.0465,7608100
2011-03-15,31.9900,32.3200,31.8400,32.1600,24.7540,12855500
2011-03-16,32.1100,32.1200,31.4400,31.6000,24.3229,20826500
2011-03-17,31.9200,32.0600,31.8100,31.9700,24.6077,10301600
2011-03-18,32.1600,32.2200,31.8900,31.9700,24.7199,16696000
2011-03-21,32.2100,32.5000,32.1700,32.2400,24.9286,8783300
2011-03-22,32.3500,32.4100,32.2000,32.2200,24.9132,6413300
2011-03-23,32.1600,32.2700,31.9500,32.2000,24.8977,7349200
2011-03-24,32.3200,32.6300,32.2000,32.5800,25.1915,10593600
2011-03-25,32.5800,32.8100,32.5700,32.6700,25.2611,5281100
2011-03-28,32.6800,32.7400,32.6500,32.6600,25.2534,3925300
2011-03-29,32.6300,32.8600,32.5900,32.8500,25.4003,4031500
2011-03-30,33.0100,33.2600,33.0100,33.0900,25.5859,5202600
2011-03-31,33.0700,33.2300,33.0200,33.1100,25.6013,3280600
2011-04-01,33.2300,33.3500,33.1700,33.2800,25.7328,3929600
2011-04-04,33.3900,33.5400,33.3900,33.4800,25.8874,4286700
2011-04-05,33.3500,33.4300,33.2900,33.3300,25.7715,4311300
2011-04-06,33.4300,33.5100,33.3600,33.4000,25.8256,3954000
2011-04-07,33.3200,33.4700,33.2300,33.3400,25.7792,7031500
2011-04-08,33.4000,33.5000,33.2300,33.3200,25.7637,6907600
2011-04-11,33.4200,33.5900,33.4200,33.5100,25.9106,8928500
2011-04-12,33.3700,33.6000,33.3700,33.4700,25.8797,6200400
2011-04-13,33.4600,33.5700,33.3700,33.4400,25.8565,4442000
2011-04-14,33.4200,33.6800,33.2900,33.6200,25.9957,8316200
2011-04-15,33.7900,34.0100,33.7500,33.9200,26.2276,9761800
2011-04-18,33.7000,33.7000,33.3500,33.5400,25.9338,7603400
2011-04-19,33.6000,33.8400,33.5400,33.8200,26.1503,5456100
2011-04-20,34.1800,34.2800,34.0700,34.1500,26.4055,7116900
2011-04-21,34.3600,34.4500,34.1300,34.2500,26.4828,4828600
2011-04-25,34.1400,34.3200,34.1100,34.2900,26.5137,6363700
2011-04-26,34.3400,34.7400,34.3400,34.6900,26.8230,5800000
2011-04-27,34.6500,35.1400,34.6300,35.0800,27.1246,8745300
2011-04-28,35.0800,35.2800,35.0500,35.2600,27.2637,5219400
2011-04-29,35.3300,35.3500,35.1900,35.2400,27.2483,11660100
2011-05-02,35.4800,35.6700,35.4300,35.6000,27.5266,14846400
2011-05-03,35.5200,35.6000,35.3300,35.5100,27.4571,11291300
2011-05-04,35.4600,35.5400,35.2900,35.4800,27.4339,9434600
2011-05-05,35.4200,35.5500,35.1500,35.2500,27.2560,11700000
2011-05-06,35.5100,35.6700,35.3600,35.5000,27.4493,7405100
2011-05-09,35.3200,35.7400,35.3200,35.7000,27.6040,9030400
2011-05-10,35.8500,35.9300,35.6400,35.9200,27.7741,7764600
2011-05-11,35.9600,36.0500,35.6700,35.8600,27.7277,13491000
2011-05-12,35.7300,36.2000,35.6300,36.1900,27.9829,7867600
2011-05-13,36.2500,36.3400,35.8900,36.0800,27.8978,10091200
2011-05-16,36.0000,36.2800,35.9300,36.1400,27.9442,7557200
2011-05-17,35.9700,36.1600,35.8900,36.1400,27.9442,7397600
2011-05-18,36.1400,36.4500,36.0800,36.4200,28.1607,5666800
2011-05-19,36.5700,36.5700,36.1700,36.3400,28.0988,17052500
2011-05-20,36.3600,36.3600,35.9300,36.0400,27.8669,11701300
2011-05-23,35.6600,35.7400,35.5100,35.6700,27.5808,27910000
2011-05-24,35.6600,35.7200,35.5300,35.5700,27.5035,10177500
2011-05-25,35.4100,35.7100,35.4100,35.6200,27.5421,7239400
2011-05-26,35.5400,35.7100,35.3300,35.6700,27.5808,6576400
2011-05-27,35.6700,35.7200,35.5200,35.6900,27.5962,7043300
2011-05-31,35.9500,36.1200,35.8100,36.1100,27.9210,10185900
2011-06-01,35.9900,36.0800,35.5800,35.6100,27.5344,12042500
2011-06-02,35.6200,35.6200,35.3900,35.5300,27.4725,7603400
2011-06-03,35.1300,35.3900,35.1300,35.1900,27.2096,12026700
2011-06-06,35.0900,35.1800,34.9300,34.9800,27.0473,6513500
2011-06-07,35.2300,35.3500,35.0300,35.0500,27.1014,8211900
2011-06-08,35.0100,35.1500,34.9400,35.0900,27.1323,6631100
2011-06-09,35.1700,35.6300,35.1100,35.4600,27.4184,6971000
2011-06-10,35.3200,35.3200,34.7800,34.8100,26.9158,17102600
2011-06-13,34.7900,35.1300,34.7900,34.9800,27.0473,10150700
2011-06-14,35.2500,35.4200,35.1500,35.2800,27.2792,8585800
2011-06-15,35.1300,35.2400,34.7200,34.8000,26.9081,15194100
2011-06-16,34.8100,34.9600,34.6300,34.8600,26.9545,10648300
2011-06-17,34.9800,35.0700,34.6600,34.7700,27.0166,16765100
2011-06-20,34.7000,35.1600,34.6500,35.1200,27.2886,8445200
2011-06-21,35.2600,35.4200,35.1600,35.3400,27.4595,12641600
2011-06-22,35.2900,35.3700,35.1100,35.1300,27.2964,7622800
2011-06-23,35.0000,35.1300,34.6300,35.0900,27.2653,19458700
2011-06-24,35.0800,35.0800,34.6200,34.6800,26.9467,11042000
2011-06-27,34.7500,34.9500,34.5400,34.8600,27.0866,6268200
2011-06-28,34.9300,35.4400,34.8900,35.3500,27.4673,9300200
2011-06-29,35.5400,35.5400,35.3200,35.4200,27.5217,6541700
2011-06-30,35.5700,35.6300,35.4500,35.5300,27.6072,11835800
2011-07-01,35.5300,35.9800,35.5100,35.9600,27.9413,10374800
2011-07-05,35.9900,35.9900,35.7400,35.8600,27.8636,6410500
2011-07-06,35.8000,36.0100,35.8000,35.9600,27.9413,6899800
2011-07-07,36.1200,36.1200,35.8000,35.9400,27.9257,7400100
2011-07-08,35.7000,35.8200,35.5700,35.7800,27.8014,6741200
2011-07-11,35.4700,35.5400,35.2000,35.2900,27.4207,11117200
2011-07-12,35.2700,35.6400,35.1700,35.2900,27.4207,5988800
2011-07-13,35.4700,35.7700,35.3300,35.4300,27.5294,8597100
2011-07-14,35.5000,35.6200,35.2800,35.3700,27.4828,9443600
2011-07-15,35.4200,35.4300,35.0100,35.1900,27.3430,9994600
2011-07-18,35.0700,35.1000,34.6700,34.9300,27.1409,8569400
2011-07-19,35.0000,35.3100,34.9200,35.2400,27.3818,9930600
2011-07-20,35.2900,35.3100,34.9900,35.1200,27.2886,6808400
2011-07-21,35.4700,35.7900,35.3600,35.6500,27.7004,14621500
2011-07-22,35.6300,35.6600,35.4400,35.5900,27.6538,7642700
2011-07-25,35.2800,35.4600,35.1800,35.2200,27.3663,6821100
2011-07-26,35.1900,35.2100,34.9000,34.9400,27.1487,8696700
2011-07-27,34.7800,34.8000,34.2900,34.3300,26.6747,13037300
2011-07-28,34.3100,34.6800,34.2500,34.3000,26.6514,13788400
2011-07-29,34.0100,34.3600,33.7900,34.1200,26.5116,18230600
2011-08-01,34.4500,34.4500,33.1900,33.5400,26.0609,27608500
2011-08-02,33.3100,33.4400,32.7900,32.8200,25.5015,23052100
2011-08-03,32.8200,32.8800,32.2000,32.8800,25.5481,23351200
2011-08-04,32.4200,32.5600,31.5700,31.5700,24.5302,26524200
2011-08-05,31.8100,32.2800,31.0400,31.8100,24.7167,34270900
2011-08-08,31.1800,31.5400,30.1700,30.1800,23.4502,35749300
2011-08-09,30.5600,31.3700,29.6400,31.2800,24.3049,33607200
2011-08-10,30.9000,31.1200,29.9100,29.9600,23.2792,31686400
2011-08-11,30.0700,31.7300,30.0200,31.3300,24.3437,23576700
2011-08-12,31.5600,31.9300,31.3200,31.6400,24.5846,14175900
2011-08-15,31.9300,32.2400,31.7100,32.1700,24.9964,22841300
2011-08-16,31.9900,32.3600,31.7900,32.1400,24.9731,16553800
2011-08-17,32.2300,32.5400,31.8900,32.1700,24.9964,12656600
2011-08-18,31.5300,31.6000,30.8400,31.1100,24.1728,14270400
2011-08-19,30.8200,31.4900,30.7700,31.0300,24.1106,18010300
2011-08-22,31.5200,31.5900,30.9700,31.0100,24.0951,11770100
2011-08-23,31.1300,32.0500,31.0600,32.0200,24.8798,12479500
2011-08-24,31.9000,32.4000,31.8500,32.3900,25.1673,11758600
2011-08-25,32.3100,32.4300,31.7300,31.8400,24.7400,15550800
2011-08-26,31.6600,32.3500,31.0500,32.2400,25.0508,12478900
2011-08-29,32.6000,33.0900,32.5600,33.0600,25.6879,11473900
2011-08-30,33.0100,33.3700,32.7100,33.1700,25.7734,11804700
2011-08-31,33.3400,33.6300,33.1300,33.4000,25.9521,10386100
2011-09-01,33.3900,33.7500,33.1100,33.1800,25.7812,9625000
2011-09-02,32.6600,32.9500,32.3800,32.4500,25.2140,11320900
2011-09-06,31.7000,32.5700,31.6400,32.5300,25.2761,44453200
2011-09-07,32.9200,33.3200,32.7800,33.3100,25.8822,10855700
2011-09-08,33.0900,33.4300,32.8900,32.9500,25.6025,9130800
2011-09-09,32.5900,32.6300,31.8200,31.9700,24.8410,16098500
2011-09-12,31.5800,32.1100,31.4900,32.0800,24.9265,13393200
2011-09-13,32.1600,32.4800,31.9900,32.4100,25.1829,11253500
2011-09-14,32.5200,33.0800,32.0600,32.7200,25.4238,14000300
2011-09-15,32.9600,33.0400,32.5000,33.0200,25.6569,12105200
2011-09-16,32.9500,33.1100,32.7000,33.0200,25.7951,11861400
2011-09-19,32.5300,32.8300,32.4400,32.7100,25.5530,11646000
2011-09-20,32.8300,33.3500,32.6500,33.0100,25.7873,10829700
2011-09-21,33.0300,33.0800,32.1000,32.1200,25.0920,14044800
2011-09-22,31.3200,31.6400,31.0900,31.4700,24.5843,26670000
2011-09-23,31.2800,31.6800,31.1700,31.4800,24.5921,17981500
2011-09-26,31.7400,32.0400,31.3700,32.0000,24.9983,13336900
2011-09-27,32.5100,32.8800,32.3400,32.4900,25.3811,14319000
2011-09-28,32.6100,32.6500,31.8800,31.9300,24.9436,15072000
2011-09-29,32.3400,32.5700,31.6700,32.1400,25.1077,12782900
2011-09-30,31.8000,32.3400,31.7200,31.7300,24.7874,10356100
2011-10-03,31.4900,31.9300,30.7000,30.7200,23.9984,48032100
2011-10-04,30.4500,31.0800,30.1100,31.0500,24.2562,20949700
2011-10-05,31.0800,31.5700,30.9800,31.5500,24.6468,16962400
2011-10-06,31.5300,31.9300,31.3900,31.9300,24.9436,9795500
2011-10-07,31.9800,32.1400,31.8000,31.9000,24.9202,10780900
2011-10-10,32.2300,32.6800,32.2300,32.6300,25.4905,6615000
2011-10-11,32.5100,32.6400,32.4200,32.5800,25.4514,5107500
2011-10-12,32.7000,32.9200,32.5800,32.6000,25.4670,8411100
2011-10-13,32.5200,32.6800,32.3100,32.5700,25.4436,5970000
2011-10-14,32.9500,32.9500,32.6900,32.8800,25.6858,6229400
2011-10-17,32.7600,32.8000,32.2600,32.3100,25.2405,6750800
2011-10-18,32.2000,32.8000,31.9900,32.5500,25.4280,9932600
2011-10-19,32.7500,32.8800,32.3500,32.4900,25.3811,6233500
2011-10-20,32.4200,32.6400,32.0900,32.4600,25.3577,6920500
2011-10-21,32.8000,33.1600,32.8000,33.1100,25.8654,6784700
2011-10-24,33.2100,33.6200,33.1100,33.6100,26.2560,36228400
2011-10-25,33.4800,33.5200,32.8400,32.9300,25.7248,8333400
2011-10-26,33.2300,33.4900,32.9500,33.3700,26.0686,8655700
2011-10-27,34.0000,34.2700,33.7100,34.1800,26.7013,16385700
2011-10-28,33.9800,34.3100,33.9800,34.2100,26.7248,10215300
2011-10-31,33.9600,34.0600,33.5500,33.5600,26.2170,12897900
2011-11-01,32.9300,33.3100,32.8200,32.9200,25.7170,13507200
2011-11-02,33.2700,33.3100,32.9300,33.1400,25.8889,6063500
2011-11-03,33.4200,33.5600,33.1600,33.5000,26.1701,7748400
2011-11-04,33.2600,33.3600,32.9500,33.1900,25.9279,5672500
2011-11-07,33.2100,33.6300,33.0700,33.5800,26.2326,5520200
2011-11-08,33.7400,34.0200,33.4800,33.9900,26.5529,4987600
2011-11-09,33.4100,33.5100,32.8800,33.0100,25.7873,13047000
2011-11-10,33.3300,33.6400,33.1500,33.4800,26.1545,6093300
2011-11-11,33.7700,34.1700,33.7700,34.0700,26.6154,7084000
2011-11-14,33.8500,33.9900,33.6900,33.8400,26.4357,4100200
2011-11-15,33.8200,34.0200,33.6200,33.9200,26.4982,5627500
2011-11-16,33.5500,33.8100,33.2500,33.2700,25.9904,10464700
2011-11-17,33.2200,33.2500,32.6400,32.9200,25.7170,10134200
2011-11-18,33.0100,33.0500,32.8100,32.8500,25.6623,6194700
2011-11-21,32.3900,32.4700,32.1000,32.2200,25.1702,7436600
2011-11-22,32.2100,32.4500,32.1200,32.3000,25.2327,5160500
2011-11-23,32.0800,32.0800,31.7900,31.8300,24.8655,6472400
2011-11-25,31.7400,31.9600,31.6800,31.7100,24.7718,2497600
2011-11-28,32.2500,32.6200,32.2500,32.5600,25.4358,7381200
2011-11-29,32.6300,32.9000,32.5900,32.7000,25.5452,4789900
2011-11-30,33.4000,33.9200,33.3700,33.8800,26.4670,13397100
2011-12-01,33.8000,34.1200,33.8000,33.9300,26.5060,5970200
2011-12-02,34.1200,34.1600,33.4300,33.5100,26.1779,15173400
2011-12-05,33.8600,33.9900,33.4000,33.5700,26.2248,43739100
2011-12-06,33.6300,33.9200,33.5700,33.7100,26.3342,5064200
2011-12-07,33.6600,34.1200,33.5300,33.9600,26.5295,6479800
2011-12-08,33.8000,33.8700,33.2600,33.3300,26.0373,7784600
2011-12-09,33.4900,33.8900,33.4300,33.8200,26.4201,5605900
2011-12-12,33.5900,33.6700,33.2700,33.4200,26.1076,5421500
2011-12-13,33.6200,33.8100,33.2600,33.3600,26.0607,5022800
2011-12-14,33.3200,33.5000,33.2500,33.3400,26.0451,5186800
2011-12-15,33.5500,33.8000,33.5300,33.7100,26.3342,6535300
2011-12-16,33.7500,33.7500,33.4000,33.4100,26.2462,5777300
2011-12-19,33.5600,33.8000,33.3100,33.4100,26.2462,4601700
2011-12-20,33.7900,34.1600,33.7400,34.1100,26.7961,5208900
2011-12-21,34.2000,34.3800,34.0600,34.3300,26.9689,5196900
2011-12-22,34.4700,34.5900,34.3100,34.5800,27.1653,3699900
2011-12-23,34.6600,34.8400,34.5800,34.8000,27.3381,2240300
2011-12-27,34.7300,34.9600,34.7300,34.8800,27.4010,2224100
2011-12-28,34.8800,34.8800,34.4300,34.5000,27.1024,5908200
2011-12-29,34.4700,34.8100,34.4700,34.7500,27.2989,4775400
2011-12-30,34.6500,34.8700,34.6300,34.6900,27.2517,2711600
2012-01-03,35.1000,35.2600,35.0300,35.1400,27.6052,18864300
2012-01-04,35.1100,35.1300,34.8500,34.9700,27.4717,6174000
2012-01-05,34.7800,35.1100,34.7100,35.0700,27.5502,5939700
2012-01-06,35.1200,35.2100,34.9600,35.1300,27.5974,6762500
2012-01-09,35.2000,35.2200,34.9100,35.1900,27.6445,10695300
2012-01-10,35.4300,35.5300,35.4000,35.4500,27.8487,7122300
2012-01-11,35.4100,35.5400,35.2900,35.4800,27.8723,3501000
2012-01-12,35.5600,35.6200,35.3300,35.5900,27.9587,3404900
2012-01-13,35.3600,35.4600,35.1500,35.4300,27.8330,4826800
2012-01-17,35.7100,35.8700,35.6100,35.6500,28.0059,5792900
2012-01-18,35.6400,35.8600,35.5700,35.8500,28.1630,6940400
2012-01-19,35.7600,35.8900,35.6600,35.8500,28.1630,4447600
2012-01-20,35.9000,35.9600,35.7200,35.8500,28.1630,7768900
2012-01-23,35.8600,35.9200,35.5900,35.6900,28.0373,5658200
2012-01-24,35.5900,35.8200,35.5900,35.7000,28.0452,4382200
2012-01-25,35.5600,36.0200,35.4800,35.9600,28.2494,6827200
2012-01-26,36.1000,36.1000,35.6800,35.8000,28.1237,5074500
2012-01-27,35.6600,35.9400,35.6600,35.8200,28.1394,3500700
2012-01-30,35.6000,35.7900,35.4500,35.7700,28.1001,5297700
2012-01-31,35.9000,36.1300,35.7100,35.8000,28.1237,7538700
2012-02-01,35.9100,36.3200,35.9100,36.1500,28.3987,13009200
2012-02-02,36.1900,36.1900,35.8000,36.0100,28.2887,5953400
2012-02-03,36.2200,36.2700,36.0900,36.2200,28.4537,8292500
2012-02-06,36.0600,36.1500,35.9100,36.0200,28.2965,4095400
2012-02-07,35.9800,36.1900,35.8600,36.1500,28.3987,3442200
2012-02-08,36.1600,36.1900,35.9500,36.1500,28.3987,4758300
2012-02-09,36.1300,36.1500,35.8600,35.9600,28.2494,6164500
2012-02-10,35.7500,35.8500,35.6200,35.8100,28.1316,3648100
2012-02-13,35.9800,36.1700,35.9700,36.0800,28.3437,5493800
2012-02-14,36.0900,36.2500,36.0000,36.2300,28.4615,4253200
2012-02-15,36.2600,36.3200,36.0500,36.1600,28.4065,5725300
2012-02-16,36.1000,36.4000,36.0400,36.3600,28.5636,5059900
2012-02-17,36.3400,36.3600,36.1700,36.2400,28.4694,4531300
2012-02-21,36.3000,36.3400,35.9200,35.9800,28.2651,7076000
2012-02-22,35.9500,36.0900,35.8500,35.9800,28.2651,4212300
2012-02-23,36.0000,36.0700,35.9300,36.0100,28.2887,3551600
2012-02-24,36.1100,36.2400,36.0400,36.1900,28.4301,7647200
2012-02-27,36.0100,36.3400,35.9200,36.2600,28.4851,9274100
2012-02-28,36.2200,36.4600,36.1800,36.4000,28.5951,4370300
2012-02-29,36.3800,36.4800,36.1800,36.1800,28.4222,6353900
2012-03-01,36.2100,36.4200,36.1800,36.3700,28.5715,6010100
2012-03-02,36.4400,36.4400,36.2200,36.3100,28.5243,3602700
2012-03-05,36.2700,36.4200,36.1800,36.2300,28.4615,3395800
2012-03-06,36.0300,36.1200,35.6800,35.7600,28.0923,4316000
2012-03-07,35.8400,35.9600,35.7200,35.9200,28.2180,4343200
2012-03-08,36.1100,36.4100,36.1100,36.3200,28.5322,4186400
2012-03-09,36.3700,36.6000,36.3500,36.4700,28.6500,4698200
2012-03-12,36.4000,36.5400,36.3900,36.4700,28.6500,2426600
2012-03-13,36.6600,37.0100,36.5800,36.9900,29.0585,7159400
2012-03-14,36.9000,37.0600,36.9000,36.9800,29.0507,6217000
2012-03-15,36.9900,37.1000,36.8900,37.0400,29.0978,3819900
2012-03-16,36.9500,36.9900,36.8000,36.8500,29.0947,4000200
2012-03-19,36.7900,36.9000,36.7200,36.8400,29.0868,4130800
2012-03-20,36.6200,36.7700,36.6100,36.6500,28.9368,2980600
2012-03-21,36.6900,36.7200,36.5700,36.6300,28.9210,3717900
2012-03-22,36.4800,36.5900,36.4000,36.5100,28.8262,4888200
2012-03-23,36.5900,36.6600,36.4600,36.6200,28.9131,2760400
2012-03-26,36.8600,37.2600,36.8100,37.2600,29.4184,9504600
2012-03-27,37.2800,37.4800,37.2800,37.3300,29.4736,5334600
2012-03-28,37.3600,37.4900,37.0700,37.2500,29.4105,8930400
2012-03-29,37.0900,37.3700,37.0400,37.3300,29.4736,8620700
2012-03-30,37.4700,37.6600,37.4100,37.6100,29.6947,7242900
2012-04-02,37.6100,37.8400,37.4800,37.7400,29.7974,10149200
2012-04-03,37.7800,38.0000,37.5500,37.7200,29.7816,8863100
2012-04-04,37.5700,37.6300,37.4300,37.5200,29.6237,7096900
2012-04-05,37.4000,37.5500,37.3200,37.5100,29.6158,3536300
2012-04-09,37.1900,37.2200,37.0200,37.0400,29.2447,3188600
2012-04-10,37.0200,37.1100,36.6000,36.6200,28.9131,6500200
2012-04-11,36.9300,36.9600,36.7200,36.7500,29.0157,3793600
2012-04-12,36.7900,36.9900,36.7700,36.9500,29.1736,4721900
2012-04-13,36.8900,36.8900,36.5800,36.5800,28.8815,4560700
2012-04-16,36.7600,36.7600,36.4800,36.5900,28.8894,7243300
2012-04-17,36.7800,37.1600,36.7000,37.1300,29.3157,4194700
2012-04-18,37.0600,37.1400,36.9900,37.0300,29.2368,4080300
2012-04-19,37.2100,37.3900,36.9500,37.0900,29.2842,9542800
2012-04-20,37.2100,37.4800,37.1500,37.2900,29.4421,5714600
2012-04-23,36.9000,37.0500,36.8900,37.0000,29.2131,4906800
2012-04-24,37.0300,37.2100,36.9500,37.1300,29.3157,2971200
2012-04-25,37.3200,37.5800,37.2900,37.5200,29.6237,6216400
2012-04-26,37.3500,37.5600,37.2200,37.5100,29.6158,5472700
2012-04-27,37.5800,37.7000,37.4200,37.5300,29.6316,3979400
2012-04-30,37.5100,37.6300,37.4100,37.5100,29.6158,4775100
2012-05-01,37.4400,37.7400,37.2600,37.6500,29.7263,5532400
2012-05-02,37.5000,37.6100,37.4700,37.5800,29.6710,2863300
2012-05-03,37.6200,37.6200,37.3800,37.4400,29.5605,3297100
2012-05-04,37.2900,37.3200,36.9300,36.9500,29.1736,4886400
2012-05-07,36.7300,37.1500,36.7300,37.0300,29.2368,5690200
2012-05-08,36.8200,37.1200,36.6600,37.0400,29.2447,3984500
2012-05-09,36.8300,37.0200,36.5800,36.7900,29.0473,8694500
2012-05-10,36.9700,37.2000,36.9700,37.0500,29.2526,3400000
2012-05-11,36.9800,37.3000,36.9700,37.0100,29.2210,3514200
2012-05-14,36.8000,37.0400,36.6300,36.8900,29.1262,8433800
2012-05-15,36.8000,36.9400,36.5800,36.6700,28.9525,5206200
2012-05-16,36.7600,36.9000,36.6800,36.7300,28.9999,6770700
2012-05-17,36.8000,36.8100,36.3500,36.3900,28.7315,5766800
2012-05-18,36.4900,36.5000,35.9600,36.0700,28.4788,6830700
2012-05-21,36.1100,36.4500,36.0900,36.4200,28.7552,7835900
2012-05-22,36.4500,36.6600,36.2200,36.3200,28.6762,5614400
2012-05-23,36.2300,36.3400,35.8100,36.1600,28.5499,6769800
2012-05-24,36.2600,36.5100,36.1600,36.5100,28.8262,6592400
2012-05-25,36.4200,36.6200,36.3100,36.4200,28.7552,3065800
2012-05-29,36.6200,36.7400,36.4200,36.5400,28.8499,9650100
2012-05-30,36.4100,36.4300,36.2200,36.3300,28.6841,3818200
2012-05-31,36.3300,36.4100,35.9500,36.1500,28.5420,4766300
2012-06-01,35.8000,35.9000,35.4700,35.5100,28.0367,10556700
2012-06-04,35.5200,35.6700,35.3800,35.5900,28.0998,5566800
2012-06-05,35.4800,35.8800,35.4500,35.7900,28.2578,7621900
2012-06-06,35.9300,36.3500,35.8700,36.3500,28.6999,8536400
2012-06-07,36.5900,36.6000,36.2900,36.3700,28.7157,7312700
2012-06-08,36.2600,36.6300,36.2600,36.5900,28.8894,5226300
2012-06-11,36.7000,36.7700,36.2500,36.2700,28.6367,7851500
2012-06-12,36.3400,36.6100,36.1400,36.6100,28.9052,8854000
2012-06-13,36.6000,36.9000,36.4700,36.5700,28.8736,15159000
2012-06-14,36.6500,37.2200,36.5800,37.1200,29.3078,14048400
2012-06-15,37.0000,37.1500,36.9700,37.0600,29.4182,7422700
2012-06-18,37.0500,37.3100,37.0200,37.3100,29.6166,7202300
2012-06-19,37.3800,37.7500,37.3800,37.6500,29.8865,6074500
2012-06-20,37.5900,37.7300,37.3000,37.5500,29.8071,5874100
2012-06-21,37.4700,37.6400,36.9800,37.0300,29.3944,5341100
2012-06-22,37.2100,37.4900,37.1300,37.4200,29.7039,4764100
2012-06-25,36.8800,37.1200,36.8800,36.9600,29.3388,8618200
2012-06-26,37.0300,37.1900,36.9400,37.0700,29.4261,6401600
2012-06-27,37.1800,37.6000,37.1200,37.4700,29.7436,8066400
2012-06-28,37.3500,37.4100,36.9200,37.3000,29.6087,12607300
2012-06-29,37.6200,38.0300,37.6200,38.0100,30.1723,9551200
2012-07-02,38.1400,38.1500,37.8500,38.1300,30.2675,6582600
2012-07-03,38.1200,38.2200,37.9700,38.1200,30.2596,3697200
2012-07-05,38.0300,38.0600,37.8400,37.8800,30.0691,3692500
2012-07-06,37.7300,37.7800,37.4700,37.6300,29.8706,5904300
2012-07-09,37.4600,37.8900,37.4600,37.8300,30.0294,6279600
2012-07-10,38.0500,38.0500,37.5300,37.6500,29.8865,5669500
2012-07-11,37.6200,37.6900,37.4200,37.6200,29.8627,6572000
2012-07-12,37.5800,37.8300,37.3900,37.7100,29.9341,3999600
2012-07-13,37.7200,38.1900,37.7000,38.1300,30.2675,5157800
2012-07-16,38.0900,38.2400,38.0000,38.2000,30.3231,3850600
2012-07-17,38.2900,38.7700,38.1200,38.6900,30.7121,6453900
2012-07-18,38.5500,38.8400,38.4400,38.7500,30.7597,5748700
2012-07-19,38.8300,38.8400,38.5200,38.7500,30.7597,4801800
2012-07-20,38.6100,38.7000,38.1900,38.2500,30.3628,4197500
2012-07-23,37.8700,37.9000,37.5900,37.8000,30.0056,4674000
2012-07-24,37.7700,37.8100,37.1800,37.3800,29.6722,4431100
2012-07-25,37.4400,37.6200,37.2100,37.5600,29.8151,5069100
2012-07-26,37.9500,38.1000,37.7700,37.9200,30.1009,8521200
2012-07-27,38.1500,38.9000,38.1300,38.8300,30.8232,6373100
2012-07-30,38.7400,38.8200,38.5700,38.6300,30.6645,5215400
2012-07-31,38.6000,38.7600,38.3800,38.3900,30.4739,5167100
2012-08-01,38.6100,38.7000,38.3400,38.4100,30.4898,6243900
2012-08-02,38.1200,38.3000,37.7800,38.0400,30.1961,5332100
2012-08-03,38.4600,38.7200,38.4000,38.4900,30.5533,4462600
2012-08-06,38.6200,38.6300,38.4600,38.5000,30.5612,3532300
2012-08-07,38.4300,38.5300,38.3700,38.4100,30.4898,4235700
2012-08-08,38.4900,38.6100,38.3800,38.5500,30.6009,3203500
2012-08-09,38.5200,38.6600,38.4500,38.5300,30.5851,3110300
2012-08-10,38.5100,38.7200,38.4400,38.6900,30.7121,3949100
2012-08-13,38.5600,38.6300,38.4100,38.5900,30.6327,2251000
2012-08-14,38.7600,38.7700,38.6100,38.6900,30.7121,2448700
2012-08-15,38.7000,38.8800,38.6300,38.7800,30.7835,2294600
2012-08-16,38.7800,38.7800,38.5400,38.6800,30.7041,4592800
2012-08-17,38.7200,38.7200,38.3600,38.4800,30.5454,6007800
2012-08-20,38.4800,38.6100,38.4300,38.5600,30.6089,4566500
2012-08-21,38.5700,38.7500,38.4200,38.4300,30.5057,5663500
2012-08-22,38.3900,38.5400,38.3500,38.4600,30.5295,2509800
2012-08-23,38.4300,38.5100,38.3300,38.4100,30.4898,2565300
2012-08-24,38.4500,38.8400,38.4100,38.7400,30.7518,5991200
2012-08-27,38.7700,38.9400,38.6500,38.7800,30.7835,3611000
2012-08-28,38.6500,38.8500,38.6000,38.7200,30.7359,3558900
2012-08-29,38.7000,38.9900,38.6900,38.8500,30.8391,2849200
2012-08-30,38.6600,38.8100,38.5500,38.7200,30.7359,3808000
2012-08-31,38.8600,39.0500,38.6700,38.8400,30.8311,4666300
2012-09-04,38.8000,39.0200,38.6200,38.9200,30.8946,6334400
2012-09-05,38.9900,39.0800,38.8200,38.9300,30.9026,2779800
2012-09-06,39.1000,39.5600,39.1000,39.5500,31.3947,5035600
2012-09-07,39.6300,39.6500,39.4200,39.5300,31.3789,3980900
2012-09-10,39.5400,39.5700,39.3900,39.3900,31.2677,2781300
2012-09-11,39.4000,39.5200,39.3700,39.4100,31.2836,2392000
2012-09-12,39.4200,39.5400,39.3600,39.4300,31.2995,2864200
2012-09-13,39.4400,39.9100,39.2900,39.8300,31.6170,6849400
2012-09-14,39.8300,39.8900,39.5500,39.6700,31.4900,11318700
2012-09-17,39.5700,39.9000,39.5700,39.9000,31.6726,2602500
2012-09-18,39.8400,40.0800,39.8100,40.0300,31.7758,3210600
2012-09-19,40.0300,40.2100,39.9900,40.0700,31.8075,4891100
2012-09-20,40.0400,40.2400,39.9300,40.2400,31.9425,4835600
2012-09-21,40.1400,40.3200,40.0800,40.1900,32.0613,8167400
2012-09-24,40.1400,40.3800,40.0900,40.3000,32.1491,6990000
2012-09-25,40.4200,40.6800,40.2600,40.2700,32.1252,4965300
2012-09-26,40.3600,40.4500,40.0400,40.0600,31.9576,6669000
2012-09-27,40.1200,40.4000,40.0900,40.2900,32.1411,3146100
2012-09-28,40.2200,40.2300,39.9500,40.1200,32.0055,4719600
2012-10-01,40.2400,40.6100,40.2200,40.3600,32.1969,5344500
2012-10-02,40.5000,40.6500,40.3400,40.5400,32.3405,6266600
2012-10-03,40.5900,40.9100,40.5500,40.8800,32.6118,5786000
2012-10-04,40.9400,41.2700,40.9100,41.1300,32.8112,6372200
2012-10-05,41.2700,41.3400,41.0700,41.1700,32.8431,4033500
2012-10-08,41.1500,41.1900,40.9400,41.1400,32.8192,3126100
2012-10-09,40.9200,40.9900,40.6100,40.6400,32.4203,6128200
2012-10-10,40.6600,40.6600,40.2100,40.3400,32.1810,6180400
2012-10-11,40.5200,40.6400,40.3600,40.3700,32.2049,3791900
2012-10-12,40.5400,40.6300,40.2900,40.3100,32.1571,3508400
2012-10-15,40.4100,40.9200,40.4000,40.8900,32.6197,12298100
2012-10-16,41.0200,41.3300,41.0100,41.3300,32.9708,5658200
2012-10-17,41.4000,41.4000,41.1700,41.3300,32.9708,5398000
2012-10-18,41.0800,41.3600,41.0100,41.3400,32.9787,4289300
2012-10-19,41.2400,41.3300,40.5300,40.6000,32.3884,6218500
2012-10-22,40.6000,40.6800,40.3900,40.6300,32.4123,4485800
2012-10-23,40.3200,40.3200,39.8500,40.0900,31.9815,5915600
2012-10-24,40.3300,40.3800,40.1100,40.1600,32.0374,5884400
2012-10-25,40.4100,40.5800,40.2900,40.4800,32.2927,4746300
2012-10-26,40.4300,40.5200,40.1400,40.3200,32.1650,3641200
2012-10-31,40.5200,40.5800,39.8500,40.0300,31.9337,8629900
2012-11-01,39.9900,40.4800,39.9900,40.3600,32.1969,4900600
2012-11-02,40.4200,40.5500,40.0900,40.1400,32.0214,7033000
2012-11-05,40.0900,40.2500,39.9000,40.1600,32.0374,4693900
2012-11-06,40.1300,40.4500,39.9500,40.2000,32.0693,7549200
2012-11-07,39.9600,39.9700,39.1600,39.5300,31.5348,11973000
2012-11-08,39.5100,39.5500,39.0500,39.0600,31.1599,8889000
2012-11-09,38.9800,39.4300,38.9000,39.1700,31.2476,7340700
2012-11-12,39.4600,39.5400,39.2900,39.3700,31.4072,3573800
2012-11-13,39.2100,39.6500,39.1900,39.2200,31.2875,5221700
2012-11-14,39.2500,39.3800,38.6500,38.7500,30.9126,6858800
2012-11-15,38.7200,38.8000,38.4800,38.6400,30.8248,8624600
2012-11-16,38.6600,39.0400,38.5800,38.9300,31.0562,9847100
2012-11-19,39.3000,39.3600,39.1700,39.3400,31.3832,7423800
2012-11-20,39.3300,39.5700,39.2400,39.5600,31.5587,4895700
2012-11-21,39.4600,39.6700,39.4600,39.5300,31.5348,5205700
2012-11-23,39.7600,40.0300,39.6500,40.0200,31.9257,2853400
2012-11-26,39.8300,39.8600,39.6400,39.8400,31.7821,4703900
2012-11-27,39.6700,39.8900,39.5800,39.6000,31.5907,5396700
2012-11-28,39.4800,39.9400,39.2900,39.9100,31.8380,7531100
2012-11-29,40.1600,40.2700,40.0100,40.1900,32.0613,8403400
2012-11-30,40.2300,40.3200,40.0700,40.2400,32.1012,4229000
2012-12-03,40.3400,40.5000,40.0900,40.1500,32.0294,9937000
2012-12-04,40.1500,40.3700,40.1400,40.2400,32.1012,4080400
2012-12-05,40.3200,40.5400,40.0800,40.3700,32.2049,6294400
2012-12-06,40.3500,40.4400,40.2600,40.3500,32.1890,2943900
2012-12-07,40.5000,40.5100,40.1600,40.4800,32.2927,4619000
2012-12-10,40.3800,40.7200,40.3200,40.6500,32.4283,5240900
2012-12-11,40.8400,41.1800,40.7100,41.0800,32.7713,3891200
2012-12-12,41.1500,41.3000,40.9500,41.0200,32.7234,6757600
2012-12-13,40.9800,41.0500,40.5900,40.6700,32.4442,5929200
2012-12-14,40.5500,40.6800,40.4600,40.5100,32.3166,5246300
2012-12-17,40.6400,40.8400,40.5400,40.8300,32.5719,5549100
2012-12-18,40.9800,41.2100,40.7400,41.1500,32.8272,8472500
2012-12-19,41.1700,41.1700,40.6800,40.7100,32.4762,6996900
2012-12-20,40.6400,40.7800,40.5600,40.7700,32.5240,4718700
2012-12-21,40.1900,40.3700,40.0600,40.2100,32.2505,5572500
2012-12-24,40.0500,40.1800,39.9700,40.0500,32.1222,3332700
2012-12-26,40.1000,40.1200,39.7600,39.9100,32.0099,4404200
2012-12-27,39.9500,40.0500,39.4900,39.8500,31.9618,5483700
2012-12-28,39.7200,39.8400,39.4300,39.4600,31.6490,5801000
2012-12-31,39.3900,39.9500,39.2400,39.8800,31.9858,11873100
2013-01-02,40.6800,40.7000,40.3800,40.6700,32.6195,9533500
2013-01-03,40.7000,40.7300,40.5100,40.7200,32.6596,5279600
2013-01-04,40.8500,40.9800,40.8000,40.9000,32.8039,4645900
2013-01-07,40.8200,41.0800,40.7800,41.0300,32.9082,4133100
2013-01-08,41.0200,41.2000,41.0100,41.0400,32.9162,5787300
2013-01-09,41.1600,41.4900,41.1400,41.4900,33.2771,5665200
2013-01-10,41.6500,41.8300,41.4500,41.7800,33.5097,5518800
2013-01-11,41.8200,41.8800,41.6500,41.7700,33.5017,3854100
2013-01-14,41.7500,41.8800,41.6400,41.8100,33.5338,4643600
2013-01-15,41.6500,41.8000,41.6200,41.7600,33.4937,5747600
2013-01-16,41.7200,41.8000,41.6100,41.6700,33.4215,3812000
2013-01-17,41.9000,42.1600,41.7900,42.0400,33.7183,4360900
2013-01-18,42.0600,42.1900,41.9100,42.1800,33.8306,6024400
2013-01-22,42.1100,42.3100,41.9700,42.3000,33.9268,7608900
2013-01-23,42.3500,42.4300,42.1400,42.2500,33.8867,5544800
2013-01-24,42.4400,42.6600,42.3500,42.5200,34.1033,8999800
2013-01-25,42.5600,42.8700,42.5100,42.8500,34.3679,4046200
2013-01-28,42.9200,42.9600,42.6800,42.7000,34.2476,5686600
2013-01-29,42.7500,43.2300,42.7300,43.1600,34.6166,7230200
2013-01-30,43.2000,43.2900,42.9800,43.0300,34.5123,5346400
2013-01-31,42.9500,43.0600,42.8900,42.9100,34.4161,6007300
2013-02-01,43.0900,43.3300,42.9500,43.2500,34.6887,5623600
2013-02-04,43.0500,43.0800,42.7400,42.7700,34.3038,7593400
2013-02-05,42.9800,43.3200,42.9800,43.2400,34.6807,8056200
2013-02-06,43.2900,43.3200,43.1000,43.2300,34.6727,3968900
2013-02-07,43.2700,43.2800,42.8400,43.0700,34.5444,6529300
2013-02-08,43.1800,43.3900,43.0900,43.3900,34.8010,4192600
2013-02-11,43.3900,43.3900,43.2100,43.3000,34.7289,2447900
2013-02-12,43.2600,43.3800,43.2200,43.2500,34.6887,5133300
2013-02-13,43.3100,43.3300,43.0900,43.2200,34.6647,4843300
2013-02-14,43.1700,43.3900,43.0900,43.3100,34.7369,5172500
2013-02-15,43.3300,43.4500,43.2400,43.4100,34.8171,8230000
2013-02-19,43.3000,43.6900,43.3000,43.6800,35.0336,7245100
2013-02-20,43.6500,43.7400,43.3800,43.4000,34.8091,6739600
2013-02-21,43.3200,43.3300,43.0400,43.2000,34.6487,7447200
2013-02-22,43.3400,43.4300,43.1700,43.3900,34.8010,6168100
2013-02-25,43.6100,43.7300,42.8800,42.9100,34.4161,6078700
2013-02-26,43.0900,43.1300,42.7100,43.0200,34.5043,6548800
2013-02-27,43.0700,43.6300,42.8800,43.4900,34.8812,6849900
2013-02-28,43.5000,43.7900,43.4300,43.4500,34.8492,4358800
2013-03-01,43.3600,43.7900,43.2200,43.7800,35.1138,7491500
2013-03-04,43.7000,44.0300,43.6100,44.0200,35.3063,4903500
2013-03-05,44.1800,44.4800,44.1400,44.4000,35.6111,6582600
2013-03-06,44.5300,44.6000,44.4000,44.4900,35.6833,5068400
2013-03-07,44.5900,44.6600,44.4100,44.4600,35.6592,4437200
2013-03-08,44.6100,44.6700,44.3400,44.5400,35.7234,4029300
2013-03-11,44.5700,44.7700,44.4300,44.7700,35.9079,6748700
2013-03-12,44.8300,45.0000,44.8200,44.9700,36.0683,4612400
2013-03-13,44.9600,45.0200,44.7800,44.9800,36.0763,4098300
2013-03-14,45.0600,45.1000,44.8800,45.0200,36.1084,3777700
2013-03-15,44.7100,44.8400,44.5600,44.7300,36.0311,5778400
2013-03-18,44.4100,44.6800,44.2600,44.4400,35.7975,4042100
2013-03-19,44.5100,44.6100,44.2200,44.4700,35.8216,7023300
2013-03-20,44.6300,44.9400,44.6300,44.8400,36.1197,4387000
2013-03-21,44.7600,44.8400,44.5000,44.5900,35.9183,4420000
2013-03-22,44.7400,44.9300,44.6900,44.9300,36.1922,6881400
2013-03-25,45.0400,45.1000,44.6000,44.8000,36.0875,6813400
2013-03-26,44.8800,45.3500,44.8800,45.3200,36.5063,4855800
2013-03-27,45.2100,45.5800,45.0700,45.5500,36.6916,5264700
2013-03-28,45.6800,46.0400,45.5600,45.9500,37.0138,7415700
2013-04-01,45.9800,46.1100,45.8300,46.0700,37.1105,6364600
2013-04-02,46.4000,46.7900,46.3900,46.7400,37.6502,8849300
2013-04-03,46.8200,46.8700,46.3700,46.4600,37.4246,8472800
2013-04-04,46.5300,46.9300,46.4800,46.6700,37.5938,9794600
2013-04-05,46.2700,46.4200,46.1400,46.4100,37.3843,9969300
2013-04-08,46.4200,46.4500,46.0200,46.4500,37.4165,7700600
2013-04-09,46.5900,46.8200,46.4800,46.6000,37.5374,5937500
2013-04-10,46.8200,47.4300,46.7800,47.3800,38.1657,9062100
2013-04-11,47.5100,48.0100,47.5000,47.8400,38.5362,7660400
2013-04-12,47.7200,47.9900,47.6600,47.9300,38.6087,5624200
2013-04-15,47.9100,48.0000,47.0200,47.0600,37.9079,10745300
2013-04-16,47.4300,47.7500,47.2200,47.7400,38.4557,8771800
2013-04-17,47.4500,47.6600,47.1400,47.5200,38.2785,16487600
2013-04-18,47.4700,47.5100,46.7700,46.9400,37.8113,10353400
2013-04-19,47.0000,47.6400,47.0000,47.6000,38.3429,12796700
2013-04-22,47.8000,47.9600,47.5400,47.8900,38.5765,4716400
2013-04-23,48.0400,48.3800,47.6800,48.1900,38.8182,10824200
2013-04-24,48.1200,48.1300,47.3200,47.3600,38.1496,12635900
2013-04-25,47.6200,47.6800,47.3000,47.5500,38.3026,10833800
2013-04-26,47.3900,47.6500,47.2700,47.5400,38.2946,6174900
2013-04-29,47.5800,47.8600,47.5800,47.6900,38.4154,3950000
2013-04-30,47.5600,47.5600,47.0900,47.3300,38.1254,8217900
2013-05-01,46.9300,47.2800,46.8000,46.8300,37.7227,9250700
2013-05-02,47.1900,47.4500,47.0800,47.3500,38.1415,9803300
2013-05-03,47.7800,47.9100,47.5900,47.6700,38.3993,6232600
2013-05-06,47.6800,47.7100,47.3500,47.3600,38.1496,10919000
2013-05-07,47.3800,47.5600,47.3200,47.5100,38.2704,9847400
2013-05-08,47.4700,47.7900,47.4700,47.6500,38.3832,20766200
2013-05-09,47.5900,47.9100,47.5500,47.7100,38.4315,7140300
2013-05-10,47.7700,48.2300,47.7100,48.1800,38.8101,6045100
2013-05-13,48.1300,48.5900,48.0700,48.5800,39.1323,9155900
2013-05-14,48.6000,49.1100,48.6000,49.0700,39.5270,6580500
2013-05-15,49.0500,49.6100,49.0200,49.3300,39.7365,11796400
2013-05-16,49.2300,49.3100,48.7800,48.8200,39.3256,7954100
2013-05-17,48.8800,49.1400,48.7000,49.1000,39.5512,9246700
2013-05-20,49.1300,49.1700,48.7200,48.7600,39.2773,8967600
2013-05-21,48.8900,49.3600,48.7900,49.2900,39.7042,8319100
2013-05-22,49.5600,50.4000,49.0600,49.2900,39.7042,20132000
2013-05-23,48.8800,49.4300,48.7300,49.2700,39.6881,6668500
2013-05-24,49.0800,49.2000,48.7400,49.1200,39.5673,5906800
2013-05-28,49.5200,50.0600,49.4200,49.6200,39.9701,9923800
2013-05-29,49.3500,49.3500,48.5800,48.8400,39.3418,15882100
2013-05-30,48.9000,49.3600,48.8500,49.1900,39.6237,9719600
2013-05-31,48.9700,49.2000,48.1000,48.1100,38.7537,13329700
2013-06-03,48.3800,48.4400,47.9400,48.3700,38.9632,12698200
2013-06-04,48.3700,48.5800,47.8000,48.0700,38.7215,13141400
2013-06-05,48.0000,48.3100,47.2800,47.3700,38.1576,12852100
2013-06-06,47.3600,48.0600,47.1600,48.0600,38.7134,16861800
2013-06-07,48.3000,48.7600,48.2900,48.5000,39.0679,7663500
2013-06-10,48.7200,48.7700,48.4100,48.5700,39.1243,5663700
2013-06-11,48.1900,48.6700,47.9900,48.3700,38.9632,9941700
2013-06-12,48.5900,48.8100,47.8800,47.8800,38.5685,8582800
2013-06-13,47.7600,48.6800,47.5200,48.6200,39.1645,6904900
2013-06-14,48.4900,48.8400,48.4400,48.5400,39.1001,7314000
2013-06-17,48.7500,49.0300,48.4100,48.6500,39.1887,8437400
2013-06-18,48.6300,49.1000,48.6300,49.0600,39.5190,7399700
2013-06-19,49.0600,49.1300,48.2700,48.2800,38.8907,22305700
2013-06-20,48.0100,48.0100,46.9000,47.0400,37.8918,28952100
2013-06-21,47.2400,47.5900,46.8900,47.2900,38.2656,15980600
2013-06-24,46.8800,47.2900,46.4500,46.8900,37.9420,19003300
2013-06-25,47.2900,47.3200,46.8100,47.1300,38.1362,5688300
2013-06-26,47.4400,47.9900,47.4000,47.8100,38.6864,7600000
2013-06-27,48.1200,48.2600,47.9100,47.9800,38.8240,5338200
2013-06-28,47.9400,48.1600,47.5600,47.6100,38.5246,8770700
2013-07-01,47.7500,48.2600,47.1800,47.7400,38.6298,25892000
2013-07-02,47.7100,47.9200,47.5000,47.6400,38.5489,5127400
2013-07-03,47.4600,47.7300,47.2300,47.5700,38.4922,3926100
2013-07-05,47.8900,48.2300,47.7500,48.2200,39.0182,4384400
2013-07-08,48.4700,48.6300,48.3600,48.4900,39.2367,6630200
2013-07-09,48.6800,48.7500,48.4200,48.6300,39.3499,5581000
2013-07-10,48.5700,49.1100,48.5700,48.9500,39.6089,5040000
2013-07-11,49.4500,49.6400,49.3500,49.5800,40.1186,7471900
2013-07-12,49.5900,49.8900,49.4600,49.8800,40.3614,5578200
2013-07-15,50.0000,50.0000,49.7100,49.9300,40.4019,4266200
2013-07-16,49.9800,50.0500,49.5200,49.6400,40.1672,7064100
2013-07-17,49.7700,50.0200,49.7000,49.7700,40.2724,4668600
2013-07-18,49.8800,50.0900,49.8500,49.9100,40.3857,6544700
2013-07-19,49.8200,50.6000,49.7200,50.5700,40.9197,6559600
2013-07-22,50.5500,50.9200,50.4800,50.8200,41.1220,6172800
2013-07-23,50.9000,50.9200,50.5400,50.6400,40.9764,5310900
2013-07-24,50.7900,50.8600,50.4100,50.5600,40.9116,3790100
2013-07-25,50.5400,50.8200,50.2000,50.8100,41.1139,3869100
2013-07-26,50.7200,51.1500,50.4600,51.1400,41.3810,4832700
2013-07-29,51.0800,51.2100,50.8400,50.9900,41.2596,6497400
2013-07-30,51.3800,51.4800,50.8000,51.0000,41.2677,5698800
2013-07-31,51.1000,51.4400,50.9800,51.0200,41.2839,6477200
2013-08-01,51.3400,51.5000,51.2000,51.3400,41.5428,8762400
2013-08-02,51.1400,51.3600,51.1300,51.3600,41.5590,3817700
2013-08-05,51.3200,51.4600,51.1900,51.2900,41.5023,3479800
2013-08-06,51.2100,51.3700,50.8700,51.0500,41.3081,4280200
2013-08-07,50.9500,51.1800,50.7500,51.0900,41.3405,3955200
2013-08-08,51.2700,51.3300,50.9100,51.0900,41.3405,3629500
2013-08-09,50.9600,51.2300,50.7300,50.9100,41.1948,3902400
2013-08-12,50.8700,50.8700,50.5500,50.7000,41.0249,3841800
2013-08-13,50.9000,51.0100,50.4400,50.8900,41.1787,4430100
2013-08-14,50.7400,51.0200,50.4600,50.4900,40.8550,5878500
2013-08-15,50.0300,50.1800,49.6300,49.6400,40.1672,6461300
2013-08-16,49.5200,49.6200,49.3400,49.4100,39.9811,10277800
2013-08-19,49.3800,49.7500,49.2700,49.5000,40.0539,8096300
2013-08-20,49.5300,49.8400,49.4800,49.6400,40.1672,5029400
2013-08-21,49.5500,49.8000,49.2300,49.3400,39.9244,6178400
2013-08-22,49.5200,49.7400,49.4100,49.6600,40.1834,2768500
2013-08-23,49.6700,49.8500,49.4800,49.7900,40.2886,2366700
2013-08-26,49.8800,50.1700,49.7900,49.8600,40.3452,3936700
2013-08-27,49.4500,49.5100,48.9500,49.0500,39.6898,6653400
2013-08-28,49.0600,49.4400,48.8200,49.2600,39.8597,6008600
2013-08-29,49.1700,49.7300,49.0100,49.4100,39.9811,4042600
2013-08-30,49.4800,49.4800,49.0700,49.2200,39.8274,4127300
2013-09-03,49.7200,49.8700,49.3100,49.5400,40.0863,6062900
2013-09-04,49.5000,50.1600,49.5000,50.1100,40.5475,4049700
2013-09-05,50.2100,50.2400,50.0000,50.1800,40.6041,4288000
2013-09-06,50.3200,50.5000,49.6000,50.2000,40.6203,5636300
2013-09-09,50.2900,50.5200,50.1400,50.5100,40.8712,4286700
2013-09-10,50.7400,50.8800,50.5600,50.8300,41.1301,6500100
2013-09-11,50.9500,51.2100,50.8100,51.1700,41.4052,6753900
2013-09-12,51.1000,51.3000,51.0500,51.0900,41.3405,3098400
2013-09-13,51.1900,51.2800,51.0300,51.2100,41.4376,3668600
2013-09-16,51.6600,51.8400,51.5200,51.6700,41.8098,6845800
2013-09-17,51.7100,51.7100,51.4900,51.7000,41.8341,3654000
2013-09-18,51.7000,52.1200,51.3700,52.0200,42.0930,6868600
2013-09-19,52.1900,52.1900,51.7500,51.8500,41.9555,6104100
2013-09-20,51.7900,51.8800,51.5200,51.5400,41.8766,8986300
2013-09-23,51.4800,51.4800,51.0000,51.1800,41.5842,4773800
2013-09-24,51.2200,51.2400,50.9000,50.9200,41.3729,5956800
2013-09-25,51.0000,51.0200,50.5200,50.5200,41.0479,5207500
2013-09-26,50.5000,50.8800,50.5000,50.7000,41.1942,4319300
2013-09-27,50.4200,50.7900,50.3700,50.7000,41.1942,3937100
2013-09-30,50.3400,50.7400,50.2700,50.5900,41.1048,8585300
2013-10-01,50.6300,51.2600,50.5600,51.2300,41.6248,11685100
2013-10-02,50.8900,51.1300,50.7800,51.1100,41.5273,6404800
2013-10-03,51.0500,51.0700,50.4500,50.6600,41.1617,7228300
2013-10-04,50.7400,51.2600,50.6300,51.2200,41.6167,4503400
2013-10-07,50.8700,50.9800,50.6500,50.6500,41.1535,3971800
2013-10-08,50.7600,50.9500,49.8900,49.9200,40.5604,7360000
2013-10-09,50.0200,50.1300,49.5800,49.8300,40.4873,11388100
2013-10-10,50.2600,51.0200,50.2600,50.9900,41.4298,7330100
2013-10-11,50.9500,51.3000,50.9400,51.2300,41.6248,4694600
2013-10-14,50.9800,51.6000,50.8500,51.6000,41.9254,8858200
2013-10-15,51.5400,51.7000,51.2400,51.2700,41.6573,8043100
2013-10-16,51.5200,52.3400,51.5200,52.3200,42.5104,7239000
2013-10-17,52.0400,52.8100,52.0400,52.7600,42.8679,6823400
2013-10-18,52.8200,52.8500,52.2800,52.5500,42.6973,7646000
2013-10-21,52.6000,52.6100,52.1400,52.2800,42.4779,4103300
2013-10-22,52.4300,52.8900,52.3700,52.7700,42.8760,5053300
2013-10-23,52.6400,52.8000,52.4200,52.6700,42.7948,5140800
2013-10-24,52.8700,52.9700,52.6300,52.6700,42.7948,3725600
2013-10-25,52.7400,52.7600,52.4700,52.7400,42.8517,3855900
2013-10-28,52.7500,53.0300,52.6600,52.9200,42.9979,8983400
2013-10-29,53.0800,53.2800,52.9200,53.2700,43.2823,7262900
2013-10-30,53.4600,53.5000,52.8200,52.9800,43.0467,8240300
2013-10-31,52.9700,53.1800,52.7000,52.7700,42.8760,5904000
2013-11-01,52.8900,53.1800,52.7400,53.1200,43.1604,10779200
2013-11-04,53.1700,53.3200,52.9900,53.1600,43.1929,3156100
2013-11-05,53.0000,53.1000,52.7400,52.9800,43.0467,4248100
2013-11-06,53.1800,53.3000,52.8000,52.8600,42.9492,4731100
2013-11-07,53.0700,53.2200,52.3600,52.3900,42.5673,6050900
2013-11-08,52.3900,53.2000,52.3900,53.1600,43.1929,6663800
2013-11-11,53.1000,53.3800,53.1000,53.2900,43.2985,5095700
2013-11-12,53.2000,53.3000,53.0200,53.2600,43.2742,3064100
2013-11-13,53.0400,53.5600,52.9100,53.5600,43.5179,5214800
2013-11-14,53.7000,54.0700,53.6800,54.0100,43.8835,6201800
2013-11-15,54.0300,54.3200,53.9200,54.3200,44.1354,4004400
2013-11-18,54.3700,54.5200,53.9600,54.0800,43.9404,3796600
2013-11-19,53.9200,54.2200,53.7800,54.1400,43.9892,4515100
2013-11-20,54.1900,54.5500,54.0800,54.3000,44.1192,4744000
2013-11-21,54.4800,54.6900,54.3800,54.5200,44.2979,4590300
2013-11-22,54.7900,55.2500,54.7300,55.2500,44.8911,5924700
2013-11-25,55.5400,55.7100,55.3800,55.4700,45.0698,5270100
2013-11-26,55.4800,55.6200,55.2700,55.3100,44.9398,5035300
2013-11-27,55.3900,55.5700,55.1800,55.2900,44.9236,4449500
2013-11-29,55.4000,55.4700,55.1400,55.2600,44.8992,2837700
2013-12-02,55.2400,55.4100,55.1000,55.2800,44.9154,4724400
2013-12-03,55.1800,55.1800,54.6800,54.8000,44.5254,4402300
2013-12-04,54.5700,54.9800,54.1700,54.6100,44.3710,3474900
2013-12-05,54.5400,54.8100,54.3800,54.5100,44.2898,3612800
2013-12-06,54.9700,55.2400,54.8200,55.2200,44.8667,4846500
2013-12-09,55.4300,55.4900,55.2600,55.3300,44.9561,3896200
2013-12-10,55.3100,55.3100,54.8700,55.1100,44.7773,3545500
2013-12-11,55.1200,55.1200,54.0900,54.1600,44.0054,9989200
2013-12-12,54.1400,54.1900,53.7500,53.7700,43.6886,5645400
2013-12-13,53.9300,54.0400,53.5800,53.8100,43.7210,4319500
2013-12-16,54.0100,54.3800,53.8100,53.9100,43.8023,6211600
2013-12-17,53.9300,54.0200,53.4000,53.6500,43.5910,5132600
2013-12-18,53.8000,55.0000,53.5000,54.9800,44.6717,10210000
2013-12-19,54.8500,54.9000,54.5500,54.8600,44.5742,6691000
2013-12-20,54.7900,55.0700,54.6900,54.9100,44.7985,6813200
2013-12-23,55.2000,55.2100,54.9700,55.1200,44.9699,3849400
2013-12-24,55.1300,55.1500,54.9400,55.0200,44.8883,3291900
2013-12-26,55.0400,55.4300,55.0400,55.4300,45.2228,2592600
2013-12-27,55.5900,55.5900,55.2800,55.3800,45.1820,2668100
2013-12-30,55.3800,55.4700,55.1000,55.4700,45.2554,2374200
2013-12-31,55.5200,55.5600,55.2300,55.4400,45.2309,6008000
2014-01-02,55.3100,55.4200,55.0000,55.1300,44.9780,8771800
2014-01-03,55.2200,55.5000,55.1500,55.2600,45.0841,3642500
2014-01-06,55.4300,55.6100,54.9500,55.0300,44.8964,9123500
2014-01-07,55.2800,55.7900,55.2800,55.6100,45.3696,5714000
2014-01-08,55.7000,56.1800,55.5500,56.1000,45.7694,7793300
2014-01-09,56.1800,56.5600,56.0500,56.5200,46.1121,6204700
2014-01-10,56.6600,56.7500,56.2100,56.7400,46.2915,7734300
2014-01-13,56.8600,57.0700,56.1600,56.2800,45.9162,12815600
2014-01-14,56.3700,57.0800,56.3100,56.9900,46.4955,6943500
2014-01-15,57.1100,57.1100,56.7900,56.9400,46.4547,10054100
2014-01-16,56.9200,57.1800,56.8500,57.0800,46.5689,5489900
2014-01-17,57.0800,57.2400,56.8600,57.0200,46.5200,6907500
2014-01-21,57.3100,57.4500,56.9100,57.3500,46.7892,5697400
2014-01-22,57.3900,57.5000,57.2100,57.4000,46.8300,5391300
2014-01-23,57.1700,57.3500,56.6300,57.0000,46.5037,7052900
2014-01-24,56.6600,56.7700,55.6600,55.6600,45.4104,13101900
2014-01-27,55.6400,55.7600,55.0300,55.2100,45.0433,13825900
2014-01-28,55.5600,56.1800,55.5300,55.9500,45.6470,8806300
2014-01-29,55.5700,56.0000,55.2500,55.4400,45.2309,12281200
2014-01-30,55.9900,56.5800,55.9600,56.4500,46.0549,10714100
2014-01-31,55.8700,56.2900,55.6900,55.9600,45.6552,10821300
2014-02-03,56.1000,56.2600,54.7600,54.8600,44.7577,15808800
2014-02-04,55.1700,55.4700,55.0000,55.4000,45.1983,10080000
2014-02-05,55.3700,55.4700,54.6500,55.0900,44.9454,16384200
2014-02-06,55.2200,55.4700,55.1400,55.4000,45.1983,7842200
2014-02-07,55.4800,56.3700,55.3300,56.3500,45.9734,11497100
2014-02-10,56.4600,56.8400,56.2400,56.8200,46.3568,7902800
2014-02-11,56.8600,57.6400,56.7300,57.5900,46.9850,10380300
2014-02-12,57.7700,57.9100,57.4200,57.5900,46.9850,6535800
2014-02-13,57.2800,58.0300,57.1800,58.0000,47.3195,8256400
2014-02-14,57.9500,58.3000,57.8300,58.2100,47.4908,8379800
2014-02-18,58.4700,58.8700,58.3500,58.7500,47.9314,10874200
2014-02-19,58.7300,58.9400,58.3100,58.3900,47.6377,10732700
2014-02-20,58.4700,59.0100,58.2700,58.9200,48.0701,9852300
2014-02-21,58.9800,59.2200,58.7400,58.8100,47.9804,5196300
2014-02-24,59.0100,59.5900,58.9200,59.2500,48.3393,6464300
2014-02-25,59.1600,59.4300,58.9300,59.1000,48.2170,6858600
2014-02-26,59.2700,59.4700,58.9600,59.1000,48.2170,7449000
2014-02-27,59.1000,59.4400,58.9400,59.4400,48.4944,5980100
2014-02-28,59.4900,60.0100,58.9300,59.4400,48.4944,10341200
2014-03-03,58.6600,59.2400,58.6100,59.0000,48.1354,8919900
2014-03-04,59.5400,60.2000,59.5400,60.1200,49.0491,9658900
2014-03-05,60.2100,60.2400,59.8800,59.9700,48.9268,10740200
2014-03-06,60.2900,60.5000,59.4700,59.6000,48.6249,14206800
2014-03-07,59.9200,60.0000,59.0700,59.4500,48.5025,12630300
2014-03-10,59.4500,59.7300,59.1500,59.7000,48.7065,7775900
2014-03-11,59.7000,60.0000,59.4500,59.5800,48.6086,6031700
2014-03-12,59.2900,59.6400,59.1100,59.5700,48.6004,8822700
2014-03-13,59.7600,59.7900,58.6400,58.7600,47.9396,12551400
2014-03-14,58.6700,58.9000,58.4100,58.4400,47.6785,8006100
2014-03-17,58.8000,59.2600,58.7000,59.0100,48.1435,6430200
2014-03-18,59.1300,59.7600,59.0700,59.6400,48.6575,6147200
2014-03-19,59.7100,60.0400,59.0800,59.4600,48.5107,8404800
2014-03-20,59.4600,59.5300,59.1400,59.4600,48.5107,4895400
2014-03-21,59.5100,59.7200,58.0700,58.1800,47.6306,19504500
2014-03-24,58.3800,58.4500,57.1100,57.5300,47.0985,20490000
2014-03-25,57.7200,58.4300,57.4400,58.0400,47.5160,14646400
2014-03-26,58.3100,58.7600,58.0100,58.0600,47.5323,13638300
2014-03-27,58.0900,58.2400,57.4300,57.9300,47.4259,12961000
2014-03-28,58.1100,58.6500,57.5200,57.7100,47.2458,13128800
2014-03-31,58.1900,58.5400,58.0000,58.4900,47.8844,9508100
2014-04-01,58.6600,59.1300,58.4600,58.8600,48.1873,10114900
2014-04-02,59.0000,59.1600,58.8100,59.1200,48.4002,8999300
2014-04-03,59.2300,59.2700,58.6000,58.9900,48.2937,9609100
2014-04-04,59.3100,59.4900,57.9800,58.0100,47.4914,20115400
2014-04-07,57.7100,58.3600,57.1600,57.4300,47.0166,15263300
2014-04-08,57.4800,57.5100,56.6100,56.9600,46.6318,15165000
2014-04-09,57.0900,58.1900,57.0500,58.1800,47.6306,14438600
2014-04-10,58.1600,58.2500,56.1100,56.2400,46.0424,17622500
2014-04-11,55.9900,56.6900,55.5600,55.7100,45.6085,14710100
2014-04-14,56.0900,56.3400,55.3900,56.0200,45.8623,11085300
2014-04-15,56.2400,56.7400,55.4200,56.6200,46.3535,17424500
2014-04-16,57.1100,57.2100,56.5400,56.9000,46.5827,29585700
2014-04-17,56.9200,57.1800,56.5900,56.8900,46.5745,8656900
2014-04-21,57.0000,57.5900,56.8900,57.5700,47.1312,5545000
2014-04-22,57.9800,58.5100,57.9000,58.2000,47.6470,8980300
2014-04-23,58.3000,58.3300,57.7100,57.9100,47.4096,8668900
2014-04-24,58.2100,58.2100,57.2800,57.8200,47.3359,8012600
2014-04-25,57.7800,57.8000,57.2400,57.3900,46.9838,6368600
2014-04-28,57.8700,58.1300,56.9800,57.7300,47.2622,9735200
2014-04-29,57.8300,58.1200,57.6800,58.0700,47.5405,8955800
2014-04-30,57.9700,58.2100,57.7700,58.1200,47.5815,11115200
2014-05-01,58.1600,58.5700,57.7900,58.2500,47.6879,6857500
2014-05-02,58.2300,58.3400,57.6300,57.7500,47.2786,6126300
2014-05-05,57.5500,58.1500,57.2100,58.1300,47.5896,7218700
2014-05-06,58.0700,58.0700,57.5900,57.6200,47.1721,6117700
2014-05-07,57.7000,57.7900,57.0300,57.7800,47.3031,9058100
2014-05-08,57.8100,58.1200,57.3100,57.4700,47.0493,7710000
2014-05-09,57.5300,57.8800,57.1100,57.8200,47.3359,7298600
2014-05-12,58.0500,58.4500,57.9500,58.4100,47.8189,5244500
2014-05-13,58.5600,58.7100,58.4200,58.5000,47.8926,3230400
2014-05-14,58.4700,58.7200,58.3000,58.5400,47.9253,3746700
2014-05-15,58.3300,58.3900,57.6800,57.9500,47.4423,6469400
2014-05-16,58.0200,58.2000,57.7100,58.1500,47.6061,8913400
2014-05-19,58.1500,58.5500,58.0000,58.5100,47.9007,4386100
2014-05-20,58.5100,58.5500,57.9700,58.1400,47.5978,4611800
2014-05-21,58.3400,58.6800,58.2200,58.6300,47.9990,3921500
2014-05-22,58.6500,59.1700,58.4600,58.9800,48.2855,3526100
2014-05-23,59.0000,59.1200,58.8100,59.0100,48.3101,2796300
2014-05-27,59.3300,59.3800,59.0100,59.3300,48.5721,3246500
2014-05-28,59.3000,59.4500,59.1600,59.1600,48.4329,4401700
2014-05-29,59.3100,59.6300,59.3100,59.6300,48.8177,2682200
2014-05-30,59.5100,59.8200,59.5000,59.7900,48.9487,7778100
2014-06-02,59.7400,59.9400,59.4200,59.8700,49.0142,4880300
2014-06-03,59.7300,60.0200,59.6100,59.9800,49.1042,3054500
2014-06-04,59.9300,60.1500,59.7800,60.1500,49.2434,3599800
2014-06-05,60.2200,60.4100,59.7900,60.2200,49.3007,3929800
2014-06-06,60.2700,60.4000,60.0400,60.1600,49.2516,3950900
2014-06-09,60.1100,60.1600,59.7300,59.8500,48.9978,5533400
2014-06-10,59.8600,60.0500,59.4600,60.0500,49.1615,6921400
2014-06-11,59.8000,60.0700,59.7700,59.9800,49.1042,5901200
2014-06-12,59.8500,59.9700,59.5400,59.6800,48.8586,4305300
2014-06-13,59.7300,59.7800,59.4700,59.6300,48.8177,2950700
2014-06-16,59.9000,60.2000,59.5500,59.7500,48.9159,9021700
2014-06-17,59.7700,59.8700,59.5400,59.7200,48.8914,3728200
2014-06-18,59.6600,60.2100,59.5800,60.2000,49.2843,5374200
2014-06-19,60.1700,60.4000,60.1300,60.4000,49.4481,4313800
2014-06-20,60.3600,60.6900,60.3000,60.6800,49.8639,4426700
2014-06-23,60.7200,60.7700,60.4000,60.4500,49.6749,3406700
2014-06-24,60.6500,60.9700,60.4200,60.4900,49.7077,4868300
2014-06-25,60.4600,61.1900,60.4200,61.1500,50.2501,20099100
2014-06-26,61.3000,61.3400,60.7200,61.2300,50.3158,11236400
2014-06-27,61.0500,61.2200,60.8600,61.0700,50.1844,4840900
2014-06-30,61.1100,61.2500,60.7600,60.8300,49.9871,6434500
2014-07-01,61.0700,61.7200,61.0000,61.6000,50.6199,8145300
2014-07-02,61.5800,62.0700,61.4900,62.0700,51.0061,4036600
2014-07-03,62.2000,62.3400,61.9300,62.3200,51.2115,2468600
2014-07-07,62.0700,62.3300,61.8000,61.8500,50.8253,3900300
2014-07-08,61.7500,61.7800,61.0600,61.2700,50.3487,7145400
2014-07-09,61.4400,61.5900,61.1100,61.5300,50.5623,5879900
2014-07-10,61.0400,61.6200,60.8100,61.4900,50.5295,4726600
2014-07-11,61.5800,61.6800,61.2400,61.6200,50.6363,3779600
2014-07-14,61.9800,61.9800,61.6700,61.8200,50.8007,4078700
2014-07-15,61.8600,61.9000,61.1500,61.2900,50.3651,5498900
2014-07-16,61.4900,61.5300,60.8200,61.0900,50.2008,5279000
2014-07-17,60.8500,61.3600,60.3500,60.4200,49.6502,7321900
2014-07-18,60.6400,61.5200,60.5000,61.4100,50.4637,8938700
2014-07-21,61.2300,61.2600,60.9500,61.1600,50.2583,3731900
2014-07-22,61.4700,61.8600,61.4400,61.6900,50.6938,5640400
2014-07-23,62.1500,62.2800,61.9000,62.1900,51.1047,7264400
2014-07-24,62.3300,62.4000,62.0000,62.0600,50.9979,6107400
2014-07-25,61.9300,61.9500,61.5200,61.8300,50.8089,4129300
2014-07-28,61.8500,62.0500,61.5600,61.8900,50.8582,7004900
2014-07-29,62.0800,62.1700,61.8200,61.9400,50.8993,5321800
2014-07-30,62.2500,62.4800,61.8700,62.1900,51.1047,7752700
2014-07-31,61.6300,61.7600,60.9100,60.9100,50.0529,8415200
2014-08-01,60.7700,61.2700,60.5000,60.9600,50.0940,16923800
2014-08-04,61.0900,61.3400,60.6700,61.2200,50.3076,9208900
2014-08-05,60.9600,61.1600,60.4300,60.6300,49.8228,10309500
2014-08-06,60.3700,60.8500,60.1500,60.6000,49.7981,9568000
2014-08-07,60.7300,60.8000,59.7100,59.8200,49.1572,10947000
2014-08-08,59.9000,60.5700,59.7000,60.5300,49.7406,5472600
2014-08-11,60.7700,60.9500,60.4700,60.5000,49.7159,4700600
2014-08-12,60.4400,60.6000,60.2800,60.4500,49.6749,2878500
2014-08-13,60.6900,61.2400,60.6700,61.1800,50.2747,4751900
2014-08-14,61.2900,61.9000,61.1000,61.9000,50.8664,4797400
2014-08-15,62.2000,62.2700,61.3900,61.9600,50.9157,7777600
2014-08-18,62.2700,62.5300,62.1900,62.4400,51.3101,7448800
2014-08-19,62.5300,62.8900,62.3100,62.8500,51.6471,3874500
2014-08-20,62.7300,62.9500,62.5600,62.8400,51.6388,4513800
2014-08-21,62.9300,63.1200,62.8700,62.9300,51.7128,3125900
2014-08-22,63.0300,63.1700,62.8400,62.9900,51.7621,3248900
2014-08-25,63.3700,63.6000,63.2100,63.4700,52.1566,4863000
2014-08-26,63.5600,63.7400,63.4300,63.7000,52.3456,3601300
2014-08-27,63.8500,63.8800,63.5600,63.6500,52.3045,4151700
2014-08-28,63.4700,63.7700,63.4000,63.6300,52.2880,3466000
2014-08-29,63.7300,63.9200,63.5700,63.8600,52.4770,4139100
2014-09-02,63.9900,64.0500,63.6600,63.8300,52.4524,5076800
2014-09-03,64.2300,64.4100,63.9700,64.1200,52.6907,5421900
2014-09-04,64.2600,64.4200,63.6700,63.8000,52.4277,6231400
2014-09-05,63.8200,64.1800,63.1500,64.1700,52.7318,6349400
2014-09-08,64.0500,64.3000,63.9300,64.1800,52.7400,7204800
2014-09-09,64.2700,64.2900,63.8500,64.0100,52.6003,6667300
2014-09-10,64.1000,64.5400,63.9700,64.4600,52.9701,7039600
2014-09-11,64.2100,64.3700,63.9600,64.2800,52.8222,6360300
2014-09-12,64.2500,64.2800,63.6300,63.8100,52.4360,7340200
2014-09-15,63.8100,63.8800,63.4200,63.6400,52.2962,6082500
2014-09-16,63.5500,64.5600,63.4700,64.5100,53.0112,6907900
2014-09-17,64.4700,64.8100,64.0900,64.5600,53.0523,6704300
2014-09-18,64.7700,65.0700,64.6500,65.0400,53.4467,5460700
2014-09-19,65.1600,65.3100,64.7900,64.8800,53.5053,6833500
2014-09-22,64.7400,64.8000,64.2800,64.5300,53.2166,4005700
2014-09-23,63.9300,64.4300,63.8300,64.1500,52.9032,7833900
2014-09-24,64.3100,65.2700,64.2900,65.2700,53.8269,8120900
2014-09-25,65.1900,65.2100,64.2000,64.2000,52.9445,11661500
2014-09-26,64.5000,64.5000,63.8500,64.4000,53.1094,6513000
2014-09-29,63.8600,64.4800,63.8100,64.2600,52.9940,10284100
2014-09-30,64.3900,64.5100,63.8600,63.9100,52.7053,7580800
2014-10-01,64.1000,64.1000,63.0300,63.2400,52.1528,11141700
2014-10-02,63.2400,63.3900,62.5700,63.1100,52.0456,7225200
2014-10-03,63.6400,64.4900,63.6000,64.4100,53.1177,11383100
2014-10-06,64.6900,64.9100,63.8500,64.1100,52.8703,8287500
2014-10-07,63.9800,64.0100,63.0900,63.0900,52.0291,11281800
2014-10-08,63.2200,64.7500,63.0600,64.7000,53.3568,11412300
2014-10-09,64.6000,64.6700,63.3200,63.3600,52.2517,15686000
2014-10-10,63.2900,64.0600,62.9700,62.9700,51.9301,15606800
2014-10-13,63.0000,63.0300,61.4100,61.4800,50.7013,17937500
2014-10-14,61.8500,62.0600,60.6000,61.0200,50.3220,19321000
2014-10-15,60.3300,60.7900,59.2100,60.5200,49.9096,32120100
2014-10-16,59.7000,60.9200,59.4500,60.2100,49.6540,30185000
2014-10-17,60.7900,61.5600,60.6500,61.1700,50.4457,15704700
2014-10-20,60.9700,61.9600,60.9700,61.9100,51.0559,9848900
2014-10-21,62.4300,63.5900,62.3700,63.5500,52.4084,14961400
2014-10-22,63.5700,63.7300,63.0500,63.2300,52.1445,13813800
2014-10-23,63.7300,64.6600,63.7300,64.3100,53.0352,11165000
2014-10-24,64.4900,65.2400,64.3500,65.2100,53.7774,9703500
2014-10-27,65.2200,65.3500,64.9900,65.2800,53.8351,9110800
2014-10-28,65.8000,65.8000,65.1800,65.7600,54.2310,8770600
2014-10-29,65.7400,65.9700,65.3500,65.7900,54.2557,10162400
2014-10-30,65.6900,67.0400,65.6300,67.0000,55.2536,11630600
2014-10-31,67.8600,67.9900,67.0500,67.2700,55.4762,11388000
2014-11-03,67.3700,67.4600,66.8700,67.3500,55.5422,8680700
2014-11-04,67.3300,67.5400,66.9500,67.3600,55.5504,5716000
2014-11-05,67.9700,67.9900,67.1300,67.2900,55.4927,6592100
2014-11-06,67.3800,67.8500,67.3800,67.7000,55.8309,7962400
2014-11-07,67.7000,67.7600,66.8200,67.0300,55.2783,13895600
2014-11-10,67.1800,67.7400,66.9200,67.7100,55.8391,5455300
2014-11-11,67.8600,68.2100,67.6900,67.9600,56.0453,9777500
2014-11-12,67.7000,67.9700,67.5900,67.8600,55.9628,3879900
2014-11-13,67.9600,68.2000,67.4900,67.8100,55.9216,5216600
2014-11-14,67.7900,67.7900,66.9800,67.2500,55.4598,6331800
2014-11-17,67.1100,67.7600,67.1100,67.5800,55.7319,8587200
2014-11-18,67.6300,68.7200,67.5700,68.6700,56.6308,8240100
2014-11-19,68.5900,68.6300,68.1100,68.2900,56.3174,6253600
2014-11-20,67.9900,68.2700,67.7800,68.0000,56.0782,9041600
2014-11-21,68.6800,68.8200,68.1300,68.3200,56.3421,8098700
2014-11-24,68.5900,68.6800,68.4500,68.6700,56.6308,5020100
2014-11-25,68.8100,68.9700,68.4900,68.7600,56.7050,5510200
2014-11-26,68.9900,69.2100,68.7200,69.1800,57.0514,5325900
2014-11-28,69.2500,69.9900,69.2500,69.6100,57.4060,4395500
2014-12-01,69.3600,69.9400,69.2700,69.4400,57.2658,8537400
2014-12-02,69.6900,70.3100,69.6900,70.2100,57.9008,7444800
2014-12-03,70.3700,70.4300,70.0500,70.3200,57.9915,6577000
2014-12-04,70.2000,70.6100,69.9600,70.2300,57.9173,4235400
2014-12-05,70.2800,70.8500,70.2100,70.7900,58.3791,8325100
2014-12-08,70.7000,71.4300,70.7000,71.0400,58.5853,5942800
2014-12-09,70.2200,70.8100,69.8100,70.7400,58.3379,9776300
2014-12-10,70.6900,70.7300,69.6000,69.6500,57.4390,9011200
2014-12-11,69.9100,70.6700,69.6900,69.8500,57.6039,7383300
2014-12-12,69.4600,69.8600,68.7200,68.7800,56.7215,10438600
2014-12-15,69.1900,69.2100,67.9100,68.1500,56.2020,17776200
2014-12-16,67.8600,69.0200,67.3200,67.3600,55.5504,14735600
2014-12-17,67.4400,68.7900,67.3100,68.6200,56.5896,17776200
2014-12-18,69.4300,70.5100,69.2800,70.5000,58.1400,16048100
2014-12-19,70.5000,70.9300,70.0200,70.4100,58.2807,17822000
2014-12-22,70.0000,70.1200,69.3900,69.7400,57.7261,9896600
2014-12-23,69.9000,69.9500,67.7800,68.1400,56.4017,22190400
2014-12-24,68.1900,69.0300,68.1300,68.6400,56.8156,4519100
2014-12-26,68.9100,69.3200,68.8700,69.1300,57.2212,4242800
2014-12-29,69.0600,69.4700,68.9800,69.3700,57.4198,5225900
2014-12-30,69.2600,69.4200,68.9900,69.0700,57.1715,4965100
2014-12-31,69.2700,69.6600,68.3700,68.3800,56.6004,7863600
2015-01-02,68.7100,69.3500,68.3500,68.6300,56.8073,7516800
2015-01-05,68.3200,68.8800,68.1500,68.2800,56.5176,10784800
2015-01-06,68.5100,69.0900,67.6300,68.0500,56.3272,13344500
2015-01-07,68.5100,69.6700,68.3600,69.6500,57.6516,14146400
2015-01-08,70.3400,70.9200,70.2200,70.8400,58.6366,22138400
2015-01-09,70.9000,70.9800,69.9700,70.2100,58.1151,9724300
2015-01-12,70.7500,71.0000,70.0500,70.2400,58.1399,11972100
2015-01-13,70.9000,71.2900,69.3400,69.9300,57.8834,14219800
2015-01-14,69.2600,70.0000,69.0700,69.8200,57.7923,12548000
2015-01-15,70.0800,70.2100,69.0300,69.0700,57.1715,16382800
2015-01-16,68.9600,70.5000,68.9400,70.3700,58.2476,13759300
2015-01-20,70.4800,70.6600,69.5500,70.3700,58.2476,10387200
2015-01-21,70.3000,70.7800,69.9500,70.5100,58.3634,8391000
2015-01-22,70.8200,71.3600,69.8400,71.3500,59.0587,11497400
2015-01-23,71.2500,71.3200,70.9100,70.9400,58.7194,6815600
2015-01-26,71.0100,71.3500,70.5800,71.3100,59.0256,7871700
2015-01-27,70.6700,71.3000,70.5000,70.8000,58.6035,10040100
2015-01-28,70.9300,71.1900,69.6700,69.7800,57.7592,11005400
2015-01-29,69.7800,70.4300,69.2200,70.3700,58.2476,12120000
2015-01-30,70.0700,70.5300,69.1700,69.2700,57.3370,13886500
2015-02-02,69.4000,69.6900,68.4400,69.6600,57.6599,18042300
2015-02-03,70.0000,70.1600,69.0700,70.1300,58.0489,17432800
2015-02-04,69.2900,69.6300,68.8700,69.2500,57.3205,15184800
2015-02-05,69.6900,70.4800,69.6900,70.4200,58.2889,10801400
2015-02-06,70.4200,70.7100,69.5900,69.7800,57.7592,11886100
2015-02-09,69.4600,69.6600,68.8000,68.9600,57.0804,8139000
2015-02-10,69.5200,70.1900,69.3600,70.1200,58.0406,8629000
2015-02-11,70.1800,70.5700,69.7900,70.1900,58.0986,8088100
2015-02-12,70.5200,70.6400,69.8500,70.4400,58.3055,10124100
2015-02-13,70.4900,70.7800,70.1700,70.7200,58.5372,8592300
2015-02-17,70.7900,71.2600,70.7200,71.2300,58.9594,8381700
2015-02-18,71.2200,71.3500,70.8700,71.3100,59.0256,7780900
2015-02-19,71.2300,71.5500,71.1100,71.4300,59.1250,5383600
2015-02-20,71.3300,72.2100,71.2000,72.1800,59.7458,8213700
2015-02-23,72.2900,72.7400,72.1600,72.5100,60.0189,8577500
2015-02-24,72.6100,72.6500,72.1500,72.4200,59.9444,8052200
2015-02-25,72.3600,72.6100,72.1000,72.3900,59.9196,9629700
2015-02-26,72.3900,72.6200,72.0500,72.5900,60.0852,4424900
2015-02-27,72.5600,72.6500,72.2000,72.2400,59.7954,6745300
2015-03-02,72.4700,72.9100,72.3400,72.8900,60.3335,6769900
2015-03-03,72.8500,72.8600,71.8700,72.2300,59.7871,10144000
2015-03-04,72.0200,72.6800,71.6000,72.5800,60.0769,9153500
2015-03-05,72.6700,73.1700,72.5800,72.8400,60.2921,6252100
2015-03-06,72.5000,72.6600,71.3200,71.4100,59.1084,12314900
2015-03-09,71.6300,71.9200,71.2200,71.8500,59.4726,10306300
2015-03-10,71.2200,71.5400,71.0000,71.0500,58.8104,12323900
2015-03-11,71.4300,71.5100,70.9600,71.0100,58.7773,7525100
2015-03-12,71.3400,71.9500,71.2700,71.9500,59.5554,7574200
2015-03-13,71.8500,72.2800,71.3300,71.8100,59.4395,6480400
2015-03-16,72.4300,73.4100,72.1700,73.4000,60.7556,13635100
2015-03-17,73.1400,73.3400,72.7400,73.1900,60.5817,10142500
2015-03-18,73.0300,74.4500,72.7500,74.1400,61.3681,12886900
2015-03-19,74.1400,74.6700,74.0100,74.5700,61.7240,9403900
2015-03-20,75.4000,76.0100,74.4800,74.9000,62.1706,9544300
2015-03-23,74.6700,75.0900,74.4000,74.6900,61.9963,4667800
2015-03-24,74.7800,74.9800,74.0300,74.0400,61.4568,8467700
2015-03-25,74.2500,74.6200,72.6700,72.6900,60.3362,15039100
2015-03-26,72.2800,73.1200,71.9200,72.5200,60.1951,18253800
2015-03-27,72.7200,73.3200,72.6000,73.0400,60.6267,8841600
2015-03-30,73.6300,73.8900,73.5400,73.7800,61.2409,8008200
2015-03-31,73.4900,74.1700,72.5000,72.5000,60.1785,8442900
2015-04-01,72.5300,72.8100,71.3100,71.7700,59.5725,21829300
2015-04-02,71.8400,72.3200,71.6400,71.9900,59.7552,7560100
2015-04-06,71.5900,72.4900,71.5000,72.1000,59.8465,5746200
2015-04-07,72.2800,72.8100,72.2100,72.2700,59.9875,5599300
2015-04-08,72.4300,73.2000,72.3400,72.8800,60.4939,12577100
2015-04-09,72.9000,73.5500,72.8000,73.4300,60.9504,8181400
2015-04-10,73.5000,74.1600,73.2100,74.0600,61.4734,5084300
2015-04-13,74.1100,74.4400,73.6300,73.6600,61.1414,6814800
2015-04-14,73.7400,73.8600,73.1800,73.7800,61.2409,5878700
2015-04-15,74.1900,74.3300,73.8300,73.9700,61.3987,6254600
2015-04-16,74.0500,74.2300,73.8200,73.9300,61.3655,4439500
2015-04-17,73.4600,73.6500,72.8200,73.2900,60.8342,12115400
2015-04-20,73.6600,73.9400,73.5500,73.7400,61.2078,6659500
2015-04-21,74.1100,74.4500,74.0800,74.2300,61.6145,6577200
2015-04-22,74.4000,74.5100,73.9700,74.3500,61.7141,6078200
2015-04-23,74.2400,74.8200,73.8900,74.6300,61.9465,10532500
2015-04-24,74.4800,74.7300,74.0700,74.3900,61.7473,10397200
2015-04-27,74.5700,74.6400,72.9400,73.0400,60.6267,17847700
2015-04-28,73.2500,73.5300,72.2000,73.4000,60.9255,15798400
2015-04-29,72.8900,73.4100,72.2500,72.7300,60.3694,13661300
2015-04-30,72.4200,72.7800,71.3300,71.7100,59.5228,14554400
2015-05-01,72.2000,72.7200,72.1900,72.6800,60.3279,11508300
2015-05-04,72.9600,73.4300,72.7900,73.1400,60.7097,8561700
2015-05-05,72.9900,73.0000,72.1500,72.2200,59.9461,11373800
2015-05-06,72.4100,72.4500,71.4200,71.9400,59.7137,10152200
2015-05-07,71.8400,72.5300,71.7300,72.2800,59.9959,9019700
2015-05-08,73.0200,73.6500,72.9600,73.4500,60.9670,11222400
2015-05-11,73.7100,73.8400,73.4200,73.4900,61.0003,7980700
2015-05-12,72.9600,73.3200,72.6800,73.0200,60.6101,7019800
2015-05-13,73.2600,73.6400,72.9700,73.1000,60.6765,6005800
2015-05-14,73.4900,74.1400,73.1900,74.1100,61.5149,6894400
2015-05-15,74.2400,74.3500,74.0300,74.2600,61.6394,3872300
2015-05-18,74.2100,74.7900,74.1700,74.7000,62.0046,6792200
2015-05-19,74.8000,75.2400,74.6100,75.0500,62.2951,5869200
2015-05-20,75.1800,75.4700,74.8500,75.1500,62.3781,10577000
2015-05-21,75.1300,75.2400,74.8800,75.1600,62.3864,4537900
2015-05-22,75.0300,75.3400,74.9200,74.9800,62.2370,4612300
2015-05-26,74.7500,74.8300,74.0700,74.2200,61.6062,9533800
2015-05-27,74.4800,75.1600,74.2800,75.0800,62.3200,13043700
2015-05-28,75.0700,75.3400,74.7700,75.1300,62.3615,5766400
2015-05-29,75.0100,75.6200,74.7100,74.9400,62.2038,9839200
2015-06-01,75.3700,75.5300,74.7400,75.2400,62.4528,7466700
2015-06-02,75.0000,75.0900,74.4600,74.7500,62.0461,5722400
2015-06-03,75.0000,75.0700,74.6800,74.8900,62.1623,5357600
2015-06-04,74.6100,74.9100,74.1100,74.3700,61.7307,6479500
2015-06-05,74.2700,74.3900,73.7400,74.3400,61.7058,7772200
2015-06-08,74.3600,74.5200,73.9700,73.9700,61.3987,6736600
2015-06-09,74.2100,74.2100,73.6600,73.9500,61.3821,8297500
2015-06-10,74.1200,74.9500,73.9800,74.8600,62.1374,7728800
2015-06-11,75.4400,75.4900,74.9700,75.3700,62.5607,4912000
2015-06-12,75.0000,75.1100,74.3400,74.4400,61.7888,6330600
2015-06-15,73.9700,74.6800,73.5900,74.5300,61.8635,7150200
2015-06-16,74.4900,74.9400,74.3300,74.9000,62.1706,6041400
2015-06-17,74.9900,75.1600,74.5000,74.9700,62.2287,5132100
2015-06-18,75.1100,76.2800,75.0800,76.0300,63.1086,9511200
2015-06-19,75.8400,76.0100,75.6600,75.7100,63.0594,10327400
2015-06-22,76.2700,76.6600,76.2100,76.3000,63.5509,6635000
2015-06-23,76.4100,76.6500,76.1800,76.4500,63.6757,4631600
2015-06-24,76.3500,76.4200,75.6800,75.6800,63.0344,7294400
2015-06-25,75.9100,76.4600,75.7100,76.1000,63.3843,9232500
2015-06-26,76.2100,76.5000,75.7200,75.9900,63.2926,6147500
2015-06-29,75.3300,75.7200,74.0900,74.1300,61.7434,13675900
2015-06-30,74.9300,74.9500,74.1500,74.3900,61.9600,8722200
2015-07-01,75.1600,75.2600,74.7500,75.1900,62.6263,7756500
2015-07-02,75.3600,75.4100,74.6900,74.8400,62.3348,5678800
2015-07-06,74.1400,75.2800,74.1400,74.8100,62.3098,9352600
2015-07-07,74.9100,75.1700,73.8900,75.1700,62.6096,10653300
2015-07-08,74.5700,74.8000,73.8600,73.8800,61.5352,13074900
2015-07-09,74.6800,74.8700,74.2400,74.2800,61.8684,6654600
2015-07-10,75.2100,75.3700,74.7800,75.2800,62.7013,8059500
2015-07-13,75.8200,76.0800,75.6100,75.9200,63.2343,7815100
2015-07-14,75.9600,76.7800,75.7900,76.6800,63.8673,5831800
2015-07-15,76.9200,77.2600,76.5600,76.7800,63.9506,6994900
2015-07-16,77.0600,77.2500,76.8400,77.1400,64.2505,5109200
2015-07-17,77.0500,77.0700,76.6600,76.9700,64.1089,3877900
2015-07-20,77.0700,77.4000,76.9900,77.2200,64.3171,3874800
2015-07-21,77.1900,77.3900,76.5300,76.8800,64.0339,8140200
2015-07-22,76.6700,77.1200,76.5500,77.0500,64.1755,5765400
2015-07-23,77.1900,77.3500,76.6300,76.7700,63.9423,5677400
2015-07-24,76.0000,76.0500,74.7100,74.8500,62.3431,13229700
2015-07-27,74.6700,74.9300,74.3900,74.7800,62.2848,11037000
2015-07-28,75.2000,76.1500,74.8200,76.1300,63.4092,11445100
2015-07-29,76.4600,76.6100,75.9400,76.2600,63.5176,9367000
2015-07-30,76.1900,76.3300,75.5600,76.1500,63.4259,5381100
2015-07-31,76.4400,76.9300,76.3900,76.5900,63.7923,7910300
2015-08-03,76.6700,76.9000,76.0100,76.5300,63.7424,8447800
2015-08-04,76.9100,76.9500,76.2500,76.4900,63.7091,10778700
2015-08-05,76.9600,77.2600,76.8300,77.1300,64.2421,5391200
2015-08-06,77.2000,77.2700,75.3800,75.4500,62.8429,13360200
2015-08-07,75.4300,75.5700,74.5300,75.3200,62.7346,10863600
2015-08-10,75.5700,76.2600,75.5700,75.9300,63.2427,7951100
2015-08-11,75.4100,75.6900,74.9100,75.2900,62.7096,7914900
2015-08-12,74.7200,75.4200,73.9000,75.3400,62.7512,9665900
2015-08-13,75.4000,75.6800,74.9900,75.1700,62.6096,6329300
2015-08-14,74.9600,75.4200,74.8000,75.3800,62.7846,5504000
2015-08-17,75.1300,76.1600,74.8300,76.1400,63.4175,5796000
2015-08-18,76.0600,76.4400,75.9100,76.0300,63.3259,5465900
2015-08-19,75.6200,76.2400,75.1800,75.7200,63.0678,10070300
2015-08-20,75.1600,75.4500,73.9600,73.9600,61.6018,12992900
2015-08-21,73.2200,73.8500,71.6900,71.7000,59.7194,24008300
2015-08-24,67.3900,71.0700,56.6300,68.6500,57.1791,33675700
2015-08-25,70.8000,71.3400,67.8600,67.9600,56.6044,17883700
2015-08-26,69.8400,70.9000,68.1700,70.8300,58.9949,26115600
2015-08-27,71.7500,72.3100,70.6900,72.2100,60.1442,18689700
2015-08-28,71.8500,72.2400,71.2300,71.8000,59.8027,10045600
2015-08-31,71.4800,72.1000,70.3100,70.4900,58.7116,15143100
2015-09-01,68.6400,69.7600,68.3200,68.6400,57.1708,21723600
2015-09-02,69.7800,70.0500,68.9100,70.0500,58.3452,12491700
2015-09-03,70.4500,70.8400,69.3900,69.5500,57.9287,14080100
2015-09-04,68.4900,69.2700,68.1800,68.6800,57.2041,16587900
2015-09-08,69.9400,70.7000,69.5200,70.6000,58.8033,11697400
2015-09-09,71.4200,71.4700,69.3300,69.5100,57.8954,12424000
2015-09-10,69.5400,70.7100,69.3200,70.1800,58.4535,17313700
2015-09-11,69.8900,70.6600,69.6900,70.6300,58.8283,7633000
2015-09-14,70.6500,70.7800,70.0900,70.4100,58.6450,6232200
2015-09-15,70.7600,71.5900,70.5000,71.4200,59.4862,8414600
2015-09-16,71.4500,71.7500,70.9100,71.6200,59.6528,12003400
2015-09-17,71.5500,73.2600,71.5500,72.2700,60.1942,19149000
2015-09-18,71.0200,71.6700,70.8100,70.9100,59.2755,23716000
2015-09-21,71.4000,71.5700,69.5000,69.9700,58.4898,23860100
2015-09-22,69.0100,69.6600,68.7600,69.5400,58.1303,29234000
2015-09-23,69.6000,70.1200,69.1100,69.4700,58.0718,9578700
2015-09-24,68.9000,69.1700,67.9900,68.7600,57.4783,20064500
2015-09-25,69.3100,69.5200,66.3500,66.8800,55.9067,30973700
2015-09-28,66.4600,66.6000,63.7300,64.2900,53.7417,66470200
2015-09-29,64.4600,65.9800,64.0800,64.8800,54.2349,31776000
2015-09-30,65.8400,66.4200,65.3800,66.2300,55.3634,26565600
2015-10-01,66.3900,66.9500,65.7500,66.9000,55.9235,19853100
2015-10-02,66.0300,68.3000,65.7200,68.2900,57.0854,23741800
2015-10-05,68.8800,69.0200,67.8000,68.4700,57.2359,18389800
2015-10-06,68.2500,68.4500,65.9100,66.8600,55.8900,30431600
2015-10-07,67.3500,68.2600,66.5300,67.9300,56.7845,27466100
2015-10-08,67.5400,68.3500,66.8700,68.1300,56.9517,23182700
2015-10-09,68.2400,68.7300,67.9400,68.4400,57.2108,13890000
2015-10-12,68.1400,68.8400,68.0500,68.6200,57.3613,11074500
2015-10-13,68.3100,69.1900,67.6900,67.7600,56.6424,17273300
2015-10-14,68.1200,68.6800,67.4400,67.6300,56.5337,21786200
2015-10-15,67.2600,69.1400,67.1900,69.1400,57.7960,22133300
2015-10-16,69.3300,69.8600,69.1600,69.7600,58.3142,17657000
2015-10-19,69.5300,70.2000,69.1500,70.0100,58.5232,15694700
2015-10-20,69.7900,70.0100,68.6100,68.9100,57.6037,14802000
2015-10-21,69.3000,69.5700,67.1600,68.2900,57.0854,36068300
2015-10-22,68.3900,68.5000,67.0300,67.8800,56.7427,35524500
2015-10-23,68.5800,69.6900,68.3000,69.3300,57.9548,26524200
2015-10-26,69.1600,70.0700,68.9300,69.6000,58.1805,17831900
2015-10-27,69.7900,70.8800,69.7800,70.8800,59.2504,25160900
2015-10-28,70.7700,71.5100,70.1400,71.4700,59.7437,18158000
2015-10-29,71.8800,73.0000,71.4900,71.7900,60.0112,22780700
2015-10-30,72.0100,72.2100,71.3400,71.3400,59.6350,12427200
2015-11-02,71.7500,72.9100,71.3400,72.8600,60.9056,18646600
2015-11-03,72.6700,72.8300,72.0900,72.6000,60.6883,10428700
2015-11-04,72.8600,72.8800,71.8400,72.2800,60.4207,11533000
2015-11-05,72.3300,72.3500,71.3700,72.0500,60.2285,9172000
2015-11-06,71.6100,71.8200,70.9200,71.7500,59.9777,12661100
2015-11-09,71.6200,71.6200,70.7900,71.2000,59.5179,15625000
2015-11-10,71.2200,71.8400,71.0800,71.6800,59.9192,9737400
2015-11-11,71.9500,71.9500,70.9600,70.9700,59.3257,10580900
2015-11-12,70.7800,70.8900,69.7400,69.7400,58.2975,10870800
2015-11-13,69.6000,70.2800,69.4800,69.5700,58.1554,18196800
2015-11-16,69.4200,70.4400,69.4100,70.4400,58.8827,12959800
2015-11-17,70.5800,71.2100,70.2200,70.7400,59.1334,7882300
2015-11-18,70.7800,72.2000,70.7800,72.1200,60.2870,12816300
2015-11-19,71.6600,71.7500,70.8500,70.9100,59.2755,11128000
2015-11-20,71.2800,71.8700,71.2800,71.5200,59.7854,9224500
2015-11-23,71.3800,71.7800,71.1300,71.3400,59.6350,10362700
2015-11-24,70.9000,71.6300,70.8600,71.5600,59.8189,7174700
2015-11-25,71.7500,72.0500,71.6000,71.9500,60.1449,4594400
2015-11-27,72.1400,72.2200,71.9000,72.0900,60.2619,2658000
2015-11-30,72.2000,72.2100,71.1100,71.1100,59.4427,8846100
2015-12-01,71.4800,72.3700,71.3200,72.3100,60.4458,10659200
2015-12-02,72.3900,72.6100,71.5900,71.7000,59.9359,9875100
2015-12-03,71.7600,71.8500,69.8200,70.1300,58.6235,13191400
2015-12-04,70.4400,71.8900,70.2700,71.7800,60.0028,14929800
2015-12-07,71.6300,72.0000,71.0100,71.3800,59.6684,8511000
2015-12-08,70.8400,71.7400,70.8400,71.5400,59.8022,7483600
2015-12-09,71.2100,71.9000,70.5400,70.8200,59.2003,17593600
2015-12-10,70.8200,71.8400,70.7500,71.3500,59.6434,9778500
2015-12-11,70.5900,70.8800,70.2100,70.3000,58.7656,15178300
2015-12-14,70.5700,70.8500,69.6700,70.7600,59.1502,21091500
2015-12-15,71.5300,72.0200,71.3000,71.6800,59.9192,14006300
2015-12-16,72.2800,72.7200,71.2700,72.6100,60.6966,15273700
2015-12-17,72.8100,72.8100,71.7700,71.8300,60.0446,11469100
2015-12-18,71.3400,71.4300,70.4800,70.4900,59.1741,15159800
2015-12-21,70.9100,71.1300,70.5500,71.1300,59.7113,6707200
2015-12-22,71.3800,71.7100,70.9700,71.6100,60.1143,7495800
2015-12-23,72.0600,72.5400,71.9900,72.3800,60.7606,8091000
2015-12-24,72.1400,72.6800,72.1100,72.4500,60.8194,2568300
2015-12-28,72.2400,72.3000,71.9100,72.1100,60.5340,6534700
2015-12-29,72.5900,73.1600,72.4400,72.9900,61.2727,7243100
2015-12-30,72.9100,73.1000,72.6100,72.6800,61.0125,8496500
2015-12-31,72.4200,72.7500,72.0300,72.0300,60.4668,6591700
2016-01-04,70.7700,71.0000,70.0100,70.7300,59.3755,19666300
2016-01-05,70.9300,71.3800,70.7600,71.0700,59.6610,14540000
2016-01-06,70.0600,70.9800,70.0000,70.4900,59.1741,14651700
2016-01-07,69.1300,70.0100,68.8700,69.0600,57.9736,17850400
2016-01-08,69.4700,69.6500,67.9000,68.0200,57.1006,17022800
2016-01-11,68.3200,68.3500,66.2600,67.2100,56.4206,28563800
2016-01-12,67.7500,68.4600,66.9600,68.0700,57.1426,13727000
2016-01-13,68.2000,68.5200,65.9800,66.0500,55.4468,16202500
2016-01-14,66.2200,68.2600,65.8100,67.8200,56.9327,23342300
2016-01-15,66.1000,67.1800,65.9200,66.8700,56.1352,17882300
2016-01-19,67.6000,67.8500,66.1300,66.8600,56.1268,13495200
2016-01-20,65.6800,67.6400,64.8600,66.9900,56.2359,24665600
2016-01-21,67.1600,67.5000,66.1600,66.7900,56.0680,17102800
2016-01-22,67.7300,68.0300,67.4100,67.8500,56.9578,11343800
2016-01-25,67.6500,68.1000,67.1300,67.2200,56.4290,10131900
2016-01-26,67.2600,67.8600,66.7400,67.7300,56.8571,12449700
2016-01-27,67.6100,68.3200,66.4900,66.9600,56.2107,15924700
2016-01-28,67.2800,67.3200,65.0500,65.4000,54.9012,26127300
2016-01-29,65.2600,66.5000,65.0700,66.4700,55.7994,17578200
2016-02-01,66.0200,66.9100,65.6700,66.5700,55.8833,16705700
2016-02-02,66.1000,66.2800,65.4100,65.6100,55.0774,12968700
2016-02-03,65.8000,66.1100,64.5700,66.0400,55.4384,19453100
2016-02-04,65.8400,66.4200,65.0900,65.6800,55.1362,18958100
2016-02-05,65.3200,65.5000,64.0700,64.4000,54.0617,16744000
2016-02-08,63.6800,63.9500,62.7600,63.5200,53.3230,24652800
2016-02-09,62.7500,64.6300,62.6800,63.9900,53.7175,20741700
2016-02-10,64.4100,65.5600,64.3600,64.5600,54.1960,14728500
2016-02-11,63.4000,64.0300,63.0400,63.5200,53.3230,22801100
2016-02-12,63.8700,64.4000,63.3300,64.3700,54.0365,10316000
2016-02-16,65.0600,65.6100,64.8400,65.5800,55.0523,17303000
2016-02-17,66.0900,66.4900,65.5900,66.4100,55.7490,12140000
2016-02-18,66.4900,66.7600,65.8400,66.0000,55.4048,9722100
2016-02-19,65.6800,66.1200,65.5200,65.9300,55.3461,8875100
2016-02-22,66.4700,66.8800,66.3600,66.8700,56.1352,7515700
2016-02-23,66.6900,67.0400,66.3000,66.3700,55.7155,8211900
2016-02-24,65.9900,66.6800,65.2900,66.5900,55.9001,11118600
2016-02-25,66.8900,67.4600,66.5600,67.4200,56.5969,9496400
2016-02-26,67.7300,68.0000,67.2400,67.3000,56.4962,10365700
2016-02-29,67.1000,67.2700,66.2000,66.2300,55.5979,11091700
2016-03-01,66.6000,67.6700,66.1600,67.6500,56.7900,14549100
2016-03-02,67.4900,67.7800,67.3500,67.7600,56.8823,10923700
2016-03-03,67.5900,67.6500,66.9500,67.5700,56.7228,10815000
2016-03-04,67.5700,67.8400,67.1000,67.4100,56.5885,9855700
2016-03-07,66.9700,68.1800,66.9600,67.9500,57.0418,11082400
2016-03-08,67.5500,67.7700,67.0300,67.1200,56.3451,8204200
2016-03-09,67.3000,67.5300,66.7800,67.2400,56.4458,13032500
2016-03-10,67.5700,68.0300,66.7600,67.2800,56.4794,11287700
2016-03-11,67.7100,68.6000,67.6600,68.5900,57.5791,10618300
2016-03-14,68.3400,68.5700,68.1300,68.3000,57.3356,6140900
2016-03-15,67.8500,67.9900,67.0400,67.2400,56.4458,15226500
2016-03-16,67.1100,67.4700,66.5500,67.0800,56.3115,16881300
2016-03-17,67.0200,67.0300,65.6600,66.3000,55.6567,20920400
2016-03-18,66.1800,67.0800,66.0600,66.8400,56.3113,19524800
2016-03-21,66.9000,67.3700,66.7900,67.2300,56.6399,12183600
2016-03-22,67.0100,68.1100,67.0100,67.9000,57.2043,13200200
2016-03-23,67.8500,67.9700,67.3600,67.4200,56.7999,9105100
2016-03-24,67.1200,67.6400,66.8700,67.3900,56.7747,8492800
2016-03-28,67.5700,67.6400,67.1000,67.2000,56.6146,7156300
2016-03-29,67.0800,68.0400,66.8500,67.9800,57.2717,10455600
2016-03-30,68.3200,68.5000,67.8700,67.9900,57.2801,7607700
2016-03-31,67.8900,68.2900,67.7500,67.7800,57.1032,8602700
2016-04-01,67.5000,68.8000,67.3700,68.5500,57.7519,9120200
2016-04-04,68.7100,69.6200,68.7000,69.3700,58.4428,17381200
2016-04-05,68.5600,68.8800,68.3100,68.4700,57.6845,16555000
2016-04-06,68.4900,70.3400,68.4900,70.3100,59.2347,24546600
2016-04-07,69.8100,70.2800,69.1800,69.5400,58.5860,19216700
2016-04-08,69.9700,70.0000,68.9400,69.3500,58.4259,12883800
2016-04-11,69.3200,69.5200,68.6700,68.8200,57.9794,8695500
2016-04-12,68.8100,69.5300,68.8000,69.3800,58.4512,13510500
2016-04-13,69.7000,70.0700,69.3300,70.0300,58.9988,9706200
2016-04-14,70.0100,70.3000,69.8100,70.0700,59.0325,6655200
2016-04-15,70.2400,70.2400,69.5500,70.0200,58.9904,7945300
2016-04-18,69.8200,70.7500,69.7100,70.6700,59.5380,11505400
2016-04-19,70.7900,71.3000,70.5300,70.9200,59.7486,6655000
2016-04-20,70.9400,71.6400,70.8800,71.3000,60.0688,10763400
2016-04-21,71.3400,71.8800,71.2500,71.7200,60.4226,12463100
2016-04-22,71.7600,72.1100,71.4400,71.8700,60.5490,12052800
2016-04-25,71.6000,71.8200,71.3600,71.5900,60.3130,8937500
2016-04-26,71.7300,71.7300,71.1100,71.3200,60.0856,7433500
2016-04-27,71.3700,71.5400,70.9400,71.2400,60.0182,9121200
2016-04-28,70.8300,71.5900,70.5100,70.9000,59.7318,19512000
2016-04-29,70.2600,70.4000,69.3700,69.7900,58.7966,13577900
2016-05-02,69.9200,70.2200,69.6300,70.1900,59.1336,9074800
2016-05-03,69.9400,70.4000,69.7000,69.9700,58.9483,9436800
2016-05-04,69.5300,69.6500,69.1100,69.3000,58.3838,11802000
2016-05-05,69.3100,69.6900,69.1600,69.5900,58.6281,10145200
2016-05-06,69.3400,69.5400,68.6100,69.1800,58.2827,14164300
2016-05-09,69.1800,70.1900,69.1500,69.9700,58.9483,13606600
2016-05-10,70.2500,70.5700,70.0600,70.5600,59.4453,11073000
2016-05-11,70.4500,70.6300,69.7000,69.7100,58.7292,8452500
2016-05-12,69.8600,70.0700,68.9000,69.3000,58.3838,11322900
2016-05-13,69.2200,69.6700,69.0800,69.1400,58.2490,11947300
2016-05-16,69.1500,70.2300,69.1200,70.0800,59.0409,8338100
2016-05-17,69.9500,70.1300,69.1000,69.3500,58.4259,14920000
2016-05-18,69.2400,69.9900,69.1700,69.6400,58.6702,11515200
2016-05-19,69.2400,69.5600,68.6100,69.0500,58.1732,8765700
2016-05-20,69.3100,69.9300,69.2800,69.6900,58.7124,7925700
2016-05-23,69.5900,69.7200,69.3500,69.4100,58.4764,5061400
2016-05-24,69.7600,70.5200,69.6700,70.4100,59.3190,11936400
2016-05-25,70.6000,70.9900,70.5900,70.8500,59.6896,8949200
2016-05-26,70.8800,71.0000,70.6300,70.8600,59.6981,5257700
2016-05-27,70.8100,71.3400,70.8100,71.1800,59.9677,9641300
2016-05-31,71.4000,71.5200,71.0400,71.3500,60.1109,7669800
2016-06-01,71.1300,71.7700,71.0700,71.6100,60.3299,9301700
2016-06-02,71.5500,72.5300,71.4600,72.5300,61.1050,12473100
2016-06-03,72.3100,72.5500,71.7100,72.2900,60.9028,13896000
2016-06-06,72.3000,72.8100,72.1200,72.6800,61.2314,9117600
2016-06-07,72.3800,72.4500,72.0500,72.2300,60.8523,6439100
2016-06-08,72.1700,72.6100,72.0100,72.4800,61.0629,4621300
2016-06-09,72.3200,72.8300,72.1500,72.3600,60.9618,9608500
2016-06-10,71.9400,71.9800,71.4500,71.7800,60.4731,10270900
2016-06-13,71.5200,72.0600,71.1900,71.2100,59.9929,8538400
2016-06-14,71.0400,71.3500,70.7400,71.3200,60.0856,8000500
2016-06-15,71.5100,71.6600,70.7700,70.8300,59.6728,7861100
2016-06-16,70.6200,71.2000,70.2700,71.0800,59.8834,9341200
2016-06-17,70.9000,70.9300,69.8000,70.0600,59.2617,10799100
2016-06-20,70.6600,71.0000,70.4100,70.5000,59.6339,7983700
2016-06-21,70.7400,70.8100,70.1000,70.2600,59.4309,7014900
2016-06-22,70.2600,71.2500,70.2000,70.4600,59.6000,11207600
2016-06-23,71.0800,71.3900,70.7500,71.3800,60.3782,7626900
2016-06-24,69.3500,70.4000,69.0500,69.3100,58.6273,22576500
2016-06-27,68.8400,69.0800,68.0900,68.3800,57.8406,18241500
2016-06-28,68.8600,69.7700,68.8500,69.7100,58.9656,13652400
2016-06-29,70.2000,71.2400,70.2000,71.0400,60.0907,8968400
2016-06-30,71.1800,71.7500,70.8300,71.7100,60.6574,9535200
2016-07-01,71.8700,72.3300,71.6400,72.1600,61.0380,6793100
2016-07-05,71.7300,72.3800,71.7300,72.0900,60.9788,8359800
2016-07-06,71.9800,73.0500,71.9000,72.9000,61.6640,18791500
2016-07-07,73.3400,73.3500,72.4600,72.7900,61.5709,8022400
2016-07-08,73.1500,73.7100,72.7600,73.6900,62.3322,11013200
2016-07-11,73.9100,74.1000,73.4200,73.4900,62.1630,7375100
2016-07-12,73.6500,73.9600,73.5900,73.8500,62.4676,10237200
2016-07-13,74.0800,74.1800,73.7500,73.8200,62.4422,6401900
2016-07-14,74.3100,74.6600,73.8700,74.1400,62.7129,4813200
2016-07-15,74.4200,74.6300,73.9900,74.0800,62.6621,7131300
2016-07-18,74.1000,74.2500,73.8400,74.1100,62.6875,3954300
2016-07-19,74.2000,74.3800,73.7300,73.9500,62.5521,6634700
2016-07-20,74.2900,74.7500,74.1900,74.6200,63.1189,6855000
2016-07-21,74.6200,74.9900,74.5500,74.8400,63.3049,9230800
2016-07-22,74.8300,75.0800,74.6100,74.9900,63.4318,5446500
2016-07-25,75.0100,75.0700,74.4500,74.9100,63.3641,5868400
2016-07-26,74.6200,74.8900,74.4800,74.7800,63.2542,6904200
2016-07-27,74.6300,75.2400,74.4900,75.1200,63.5418,7983100
2016-07-28,75.0000,75.2400,74.6800,75.0500,63.4826,5470100
2016-07-29,74.9100,75.3400,74.7300,75.2000,63.6095,4889200
2016-08-01,75.2700,76.0000,75.2700,75.6800,64.0155,9255100
2016-08-02,75.7400,75.7400,74.9300,75.3900,63.7702,12149300
2016-08-03,75.3400,75.3900,75.0300,75.1800,63.5926,9761200
2016-08-04,75.2300,75.3500,74.9700,75.0700,63.4995,8415500
2016-08-05,75.4000,75.4000,74.8300,75.2500,63.6518,8244400
2016-08-08,75.1900,75.1900,74.3500,74.6100,63.1104,6655500
2016-08-09,75.0100,75.0500,74.5800,74.7900,63.2627,11261100
2016-08-10,74.7600,74.7600,74.3400,74.5400,63.0512,7031600
2016-08-11,74.7400,75.0500,74.6000,74.9700,63.4149,6599800
2016-08-12,74.8300,74.8600,74.5100,74.7800,63.2542,6211900
2016-08-15,74.7800,75.0800,74.7800,74.9100,63.3641,4122500
2016-08-16,74.8000,74.8100,74.2400,74.2400,62.7974,6042300
2016-08-17,74.0800,74.4500,73.9300,74.3900,62.9243,7296300
2016-08-18,74.3800,74.5800,74.1900,74.4200,62.9497,4180100
2016-08-19,74.2700,74.4100,74.0400,74.3600,62.8989,4323500
2016-08-22,74.3900,74.7900,74.3100,74.5100,63.0258,4090200
2016-08-23,74.7700,75.0000,74.5400,74.5800,63.0850,8557900
2016-08-24,74.5500,74.7100,73.2300,73.4100,62.0953,8670400
2016-08-25,73.2100,73.5100,72.4700,72.7900,61.5709,8766500
2016-08-26,72.8700,73.4500,72.6300,73.0700,61.8078,9974300
2016-08-29,73.1000,73.4100,72.9200,73.2300,61.9431,7372100
2016-08-30,73.3200,73.3200,72.8000,72.9800,61.7316,5497900
2016-08-31,72.8800,72.9700,72.4800,72.7600,61.5455,4756800
2016-09-01,72.7600,72.8500,72.2400,72.5700,61.3848,9501400
2016-09-02,72.7200,72.8700,72.4500,72.6500,61.4525,8052300
2016-09-06,72.7700,73.0700,72.6600,72.9100,61.6724,8735800
2016-09-07,72.8500,73.1700,72.7000,72.9100,61.6724,7561600
2016-09-08,72.6800,73.0300,72.6100,72.9700,61.7232,4822200
2016-09-09,72.5600,72.5600,71.4900,71.5100,60.4882,14135500
2016-09-12,71.1100,72.7600,71.0900,72.5700,61.3848,13023400
2016-09-13,72.1200,72.1200,71.2200,71.6000,60.5643,12194200
2016-09-14,71.5700,72.0700,71.3100,71.6000,60.5643,13108500
2016-09-15,71.4700,72.5400,71.3000,72.3400,61.1903,9613600
2016-09-16,71.9900,72.2100,71.8300,72.1100,61.2319,8691000
2016-09-19,72.2900,72.4400,71.7600,71.8500,61.0111,9919700
2016-09-20,72.1600,72.3400,72.0400,72.0700,61.1979,5286600
2016-09-21,72.3100,72.9300,71.8700,72.7900,61.8093,8485900
2016-09-22,73.0900,73.4700,73.0500,73.3400,62.2763,6501900
2016-09-23,73.2300,73.4100,73.1000,73.1100,62.0810,5420400
2016-09-26,72.8400,72.9000,72.0900,72.2600,61.3593,5534100
2016-09-27,72.1700,72.7800,72.0100,72.7700,61.7923,7839000
2016-09-28,72.8400,72.8500,72.2800,72.6600,61.6989,6522600
2016-09-29,72.5700,72.6600,71.1700,71.3800,60.6120,8857900
2016-09-30,71.5300,72.3100,71.4900,72.1100,61.2319,7453500
2016-10-03,71.7900,72.0500,71.4900,72.0500,61.1809,9187900
2016-10-04,71.9700,72.2700,71.5500,71.9100,61.0621,10594600
2016-10-05,72.1000,72.3500,71.9900,72.1900,61.2998,12842100
2016-10-06,71.9500,72.0200,71.4900,71.9200,61.0705,9308900
2016-10-07,71.8500,72.2100,71.4500,71.8700,61.0281,9920400
2016-10-10,72.0000,72.4200,72.0000,72.2000,61.3083,11039500
2016-10-11,71.8500,71.8500,70.0800,70.3900,59.7714,12499700
2016-10-12,70.4300,70.7100,69.9900,70.0600,59.4911,11746400
2016-10-13,69.6500,70.3500,69.4200,70.0900,59.5166,13623100
2016-10-14,70.2500,70.4400,69.6000,69.6200,59.1175,8382400
2016-10-17,69.5100,69.6500,69.2400,69.3900,58.9222,8463000
2016-10-18,70.0300,70.3700,69.8600,70.2200,59.6270,5495800
2016-10-19,70.3100,70.3700,69.9400,69.9600,59.4062,5296700
2016-10-20,70.0500,70.5100,69.9200,70.2900,59.6865,6876000
2016-10-21,69.9300,69.9300,69.5300,69.7100,59.1939,5511600
2016-10-24,70.0200,70.0900,69.5800,69.5800,59.0836,7384700
2016-10-25,69.5000,69.7100,69.2900,69.3800,58.9137,7922100
2016-10-26,69.2700,69.3800,68.6800,68.9600,58.5571,8073700
2016-10-27,69.4900,69.7600,69.1000,69.2800,58.8288,6974700
2016-10-28,68.4500,68.6400,67.4800,67.7800,57.5551,18469300
2016-10-31,67.7600,67.7700,67.3300,67.3600,57.1984,12689000
2016-11-01,67.4000,67.5900,66.4800,67.0000,56.8928,14908700
2016-11-02,66.8700,67.3900,66.6500,66.6500,56.5956,17942900
2016-11-03,66.8700,67.1500,65.9600,66.0200,56.0606,22074200
2016-11-04,66.2000,67.0300,66.1300,66.4800,56.4512,21382600
2016-11-07,67.2000,68.3600,67.1600,68.1800,57.8947,17367800
2016-11-08,67.7400,68.8300,67.6500,68.3700,58.0561,15943900
2016-11-09,68.3700,71.5700,68.3700,70.7800,60.1025,49750100
2016-11-10,71.9400,72.0800,71.0600,71.5600,60.7649,28378900
2016-11-11,71.3600,71.3600,70.1800,70.4900,59.8563,15866100
2016-11-14,70.8000,70.8800,70.1300,70.2700,59.6694,17406200
2016-11-15,70.5400,70.5400,69.8200,70.4700,59.8393,10371600
2016-11-16,70.2900,70.6300,70.0800,70.1700,59.5845,7585000
2016-11-17,70.1900,70.4700,70.0200,70.4500,59.8223,12856200
2016-11-18,70.5100,70.7000,69.6600,69.7000,59.1854,12185000
2016-11-21,69.8500,70.0200,69.7700,69.9500,59.3978,6791800
2016-11-22,69.9200,69.9200,68.4700,68.9400,58.5401,14522100
2016-11-23,67.7900,69.2200,67.7900,69.2100,58.7694,13676000
2016-11-25,69.4100,69.5400,69.2100,69.4800,58.9986,4009300
2016-11-28,69.3500,69.3600,68.8500,68.9600,58.5571,6507200
2016-11-29,69.1200,69.6100,69.1100,69.4100,58.9392,7093900
2016-11-30,69.4600,69.4800,68.7200,68.7500,58.3787,8640700
2016-12-01,68.8300,69.0000,68.0500,68.2500,57.9542,11360700
2016-12-02,68.3700,68.6800,68.1400,68.4100,58.0901,7964500
2016-12-05,68.6900,68.7900,68.0700,68.2900,57.9882,5832100
2016-12-06,68.4900,68.5000,68.0900,68.4800,58.1495,5490800
2016-12-07,67.9400,67.9400,66.9700,67.8900,57.6485,12758900
2016-12-08,67.6800,68.0900,67.2900,68.0200,57.7589,7586600
2016-12-09,68.2600,68.9800,68.2600,68.8500,58.4637,12100200
2016-12-12,68.8500,69.2800,68.7200,69.1800,58.7439,15018100
2016-12-13,69.4300,69.8400,69.2300,69.7400,59.2194,11041400
2016-12-14,69.7300,70.1000,69.1400,69.3800,58.9137,11682200
2016-12-15,69.6600,69.9000,69.4100,69.8300,59.2958,8210100
2016-12-16,69.6800,69.8700,69.3800,69.5800,59.3428,8257100
2016-12-19,69.6300,69.9400,69.2000,69.2900,59.0954,9318300
2016-12-20,69.3200,69.4800,69.0800,69.2400,59.0527,4885000
2016-12-21,69.2800,69.3100,68.7300,68.8500,58.7201,5432300
2016-12-22,68.7600,68.9600,68.4800,68.9400,58.7969,4458400
2016-12-23,68.9600,69.5000,68.9600,69.4600,59.2404,4188700
2016-12-27,69.5500,70.0000,69.5300,69.6000,59.3598,5141200
2016-12-28,69.6700,69.7500,69.0600,69.0700,58.9078,4558800
2016-12-29,69.1100,69.4100,69.0800,69.1900,59.0101,5539200
2016-12-30,69.2000,69.2700,68.7200,68.9400,58.7969,6649000
2017-01-03,69.3100,69.8600,69.2200,69.8400,59.5645,11792900
2017-01-04,69.9500,70.5800,69.9500,70.3900,60.0336,9174500
2017-01-05,70.3300,70.7700,70.2700,70.7500,60.3406,5979300
2017-01-06,70.7700,71.1500,70.5200,70.9500,60.5112,5769300
2017-01-09,70.9500,71.3700,70.8200,71.2500,60.7670,5751900
2017-01-10,71.3700,71.9100,71.2100,71.5000,60.9803,10320500
2017-01-11,71.5900,71.8400,70.0500,70.7800,60.3662,23742000
2017-01-12,70.4300,70.8900,70.2600,70.8500,60.4259,9358900
2017-01-13,70.9100,71.1600,70.7500,70.9200,60.4856,5279000
2017-01-17,70.4800,70.6800,69.9800,70.5600,60.1785,6038200
2017-01-18,70.7000,70.8600,70.3300,70.4700,60.1018,6174200
2017-01-19,70.4500,70.6100,69.9100,70.0200,59.7180,6470700
2017-01-20,70.0200,70.3700,69.7800,69.8400,59.5645,7006900
2017-01-23,69.7500,69.9400,69.2900,69.5500,59.3171,10003700
2017-01-24,69.4800,69.5300,68.7500,69.0700,58.9078,8703500
2017-01-25,69.1300,69.7500,69.0900,69.7200,59.4621,6553800
2017-01-26,69.5700,69.6900,69.1700,69.1800,59.0016,6612500
2017-01-27,69.3400,69.8000,69.3200,69.7500,59.4877,7264900
2017-01-30,69.5800,69.7200,69.1200,69.4100,59.1978,7281900
2017-01-31,69.0400,70.5200,68.9900,70.5200,60.1444,14342500
2017-02-01,70.5200,71.1300,70.3800,71.1300,60.6647,19490500
2017-02-02,70.7800,71.1500,70.5600,71.1100,60.6476,14539400
2017-02-03,71.3400,71.4900,71.0000,71.4200,60.9120,15104800
2017-02-06,71.2900,71.5000,71.1500,71.5000,60.9803,11561600
2017-02-07,71.5500,71.8300,71.3300,71.5700,61.0400,11278000
2017-02-08,71.1900,71.5400,70.9900,71.4600,60.9461,6812900
2017-02-09,71.4500,71.9300,71.3900,71.7200,61.1679,7869200
2017-02-10,71.8300,72.0200,71.6600,71.8600,61.2873,4440300
2017-02-13,71.9300,72.3400,71.9300,72.3000,61.6626,6465200
2017-02-14,72.2200,72.8700,72.1700,72.8700,62.1487,10403000
2017-02-15,72.7100,73.8000,72.6400,73.6600,62.8225,10091700
2017-02-16,73.6800,73.7500,73.0600,73.5600,62.7372,11332600
2017-02-17,73.2800,73.7000,73.2800,73.6600,62.8225,12118400
2017-02-21,73.6500,74.2300,73.6500,73.9900,63.1039,10651800
2017-02-22,73.9000,74.1400,73.8200,73.8800,63.0101,6634300
2017-02-23,73.9600,74.5500,73.8700,74.4200,63.4706,8685600
2017-02-24,74.3000,74.8200,74.2700,74.7800,63.7777,9103000
2017-02-27,74.8300,75.1800,74.6700,75.1400,64.0847,8178200
2017-02-28,74.9300,75.2300,74.7700,74.9900,63.9568,10258600
2017-03-01,75.4400,75.9300,75.2200,75.7400,64.5964,15196600
2017-03-02,75.6200,75.8900,75.4900,75.5000,64.3917,7889300
2017-03-03,75.3900,75.8600,75.3600,75.8000,64.6476,6635300
2017-03-06,75.6900,75.7500,75.2400,75.5100,64.4003,5886900
2017-03-07,74.8900,75.3600,74.7400,74.9800,63.9482,12330600
2017-03-08,74.9700,75.5400,74.9200,75.2800,64.2041,8130000
2017-03-09,75.2700,75.7900,75.2200,75.6900,64.5538,8451400
2017-03-10,76.0100,76.0900,75.7000,75.9800,64.8011,10455800
2017-03-13,76.0500,76.0500,75.6200,75.9200,64.7499,6898500
2017-03-14,75.7100,75.9600,75.5600,75.6400,64.5111,7296300
2017-03-15,75.7500,76.7500,75.7500,76.5900,65.3214,11044900
2017-03-16,76.4000,76.4000,75.5600,75.8500,64.6902,12129400
2017-03-17,75.3900,75.5300,75.1200,75.1600,64.3342,10401000
2017-03-20,75.1800,75.2900,74.9000,75.0500,64.2400,4728300
2017-03-21,75.1300,75.3900,72.3300,74.4600,63.7350,16650400
2017-03-22,74.5700,74.6700,74.1100,74.4800,63.7521,9954300
2017-03-23,74.3900,74.7700,74.1100,74.2500,63.5553,13250500
2017-03-24,74.2900,74.6200,73.9800,74.2900,63.5895,9229500
2017-03-27,73.7600,74.6200,73.6200,74.4900,63.7607,6946300
2017-03-28,74.3400,74.6400,74.1100,74.5400,63.8035,7392300
2017-03-29,74.5700,74.7400,74.3900,74.5600,63.8206,4357800
2017-03-30,74.4700,74.7200,74.2700,74.5700,63.8291,7137400
2017-03-31,74.3900,74.5600,74.2800,74.3600,63.6494,5895400
2017-04-03,74.4400,74.7900,74.1300,74.4200,63.7007,12354800
2017-04-04,74.4000,74.4800,74.1700,74.3800,63.6665,5228600
2017-04-05,74.4800,74.9200,74.1000,74.1500,63.4696,6470100
2017-04-06,74.1700,74.4200,73.9500,74.2800,63.5809,5253300
2017-04-07,74.3300,74.6000,74.1300,74.4100,63.6922,5638200
2017-04-10,74.3900,74.6400,74.2000,74.2700,63.5723,4530000
2017-04-11,74.1500,74.3400,73.7600,74.1700,63.4867,5472600
2017-04-12,74.0900,74.2900,73.8700,74.1700,63.4867,3782200
2017-04-13,74.0800,74.3300,73.9800,73.9800,63.3241,6671100
2017-04-17,73.8900,74.2700,73.8300,74.2500,63.5553,6149900
2017-04-18,73.8400,73.8400,73.1600,73.4400,62.8619,7519500
2017-04-19,73.6800,73.8700,73.5300,73.6600,63.0502,5023100
2017-04-20,73.8100,74.2700,73.4700,74.1200,63.4440,7307300
2017-04-21,73.9900,74.0600,73.5100,73.6800,63.0673,6763000
2017-04-24,74.3900,74.5900,74.3100,74.4100,63.6922,5450000
2017-04-25,74.7100,74.9400,74.5000,74.7300,63.9661,9035700
2017-04-26,75.0000,75.4400,74.9400,75.1400,64.3170,6240400
2017-04-27,75.1600,75.6500,75.0100,75.3000,64.4540,6962800
2017-04-28,75.3600,75.5400,75.2400,75.5000,64.6252,5781100
2017-05-01,75.6300,75.8200,75.5000,75.6700,64.7707,7182000
2017-05-02,75.7400,75.9000,75.3000,75.8800,64.9504,5243800
2017-05-03,75.6500,75.7100,75.3400,75.5100,64.6338,8094100
2017-05-04,75.7700,76.0100,75.6600,76.0100,65.0617,4275400
2017-05-05,76.1800,76.2000,75.6600,75.9700,65.0275,5720100
2017-05-08,75.9100,75.9700,75.3900,75.5000,64.6252,6558500
2017-05-09,75.5400,75.7300,75.4500,75.5900,64.7022,3830200
2017-05-10,75.4700,75.4800,75.0600,75.3700,64.5139,4314900
2017-05-11,75.2500,75.4400,75.0300,75.4100,64.5482,6791600
2017-05-12,75.3800,75.4900,75.2300,75.2800,64.4369,2638000
2017-05-15,75.3200,75.8100,75.2500,75.7700,64.8563,7320800
2017-05-16,75.6900,75.7600,75.2700,75.4800,64.6081,5471700
2017-05-17,74.8700,75.0800,74.4900,74.4900,63.7607,11434000
2017-05-18,74.4500,75.2500,74.4500,74.8200,64.0431,10690500
2017-05-19,74.9500,75.2700,74.8500,75.0300,64.2229,9209800
2017-05-22,74.9600,75.3200,74.8000,75.2300,64.3941,4999100
2017-05-23,75.3300,75.6400,75.2700,75.4800,64.6081,4216100
2017-05-24,75.5200,75.7300,75.3400,75.6700,64.7707,5186400
2017-05-25,75.8400,76.1800,75.6600,76.0300,65.0789,4479400
2017-05-26,75.9700,76.1900,75.8100,75.8900,64.9590,4507400
2017-05-30,75.6500,75.9700,75.6500,75.7800,64.8648,4651200
2017-05-31,75.9300,76.2500,75.8600,76.0800,65.1216,5884400
2017-06-01,76.2100,76.9800,76.1300,76.9200,65.8406,9149900
2017-06-02,77.1400,77.5200,77.0700,77.4200,66.2686,4833000
2017-06-05,77.4200,77.5000,77.0200,77.2000,66.0803,5558900
2017-06-06,77.0500,77.2900,76.8800,77.0100,65.9177,4316500
2017-06-07,77.1100,77.3000,76.9700,77.2200,66.0974,4415700
2017-06-08,77.1700,77.3600,76.8000,77.0000,65.9092,6304400
2017-06-09,77.1000,77.7600,77.0000,77.5200,66.3543,13419000
2017-06-12,77.4600,77.7400,77.0500,77.4200,66.2686,7700600
2017-06-13,77.4900,77.6800,77.3100,77.5800,66.4056,5592500
2017-06-14,77.7100,78.1700,77.6800,77.9500,66.7223,6782300
2017-06-15,77.6500,77.9300,77.4400,77.8700,66.6538,8186000
2017-06-16,77.6600,77.8500,77.2800,77.6900,66.7638,14165200
2017-06-19,77.8000,78.5700,77.7600,78.5000,67.4599,8294400
2017-06-20,78.4900,79.1900,78.4600,78.7600,67.6834,7697200
2017-06-21,78.9200,79.7900,78.8700,79.7600,68.5427,9481200
2017-06-22,79.8900,81.0800,79.8600,80.5900,69.2560,12341100
2017-06-23,80.4900,80.6400,80.1700,80.4700,69.1528,8779600
2017-06-26,80.7000,80.7000,80.2700,80.3900,69.0841,7434400
2017-06-27,80.3900,80.4900,79.6400,79.6600,68.4568,8428000
2017-06-28,79.9200,80.2800,79.8800,80.0800,68.8177,8674200
2017-06-29,79.9900,80.0600,78.8600,79.3500,68.1904,8445800
2017-06-30,79.6600,79.6600,79.2400,79.2400,68.0958,7817400
2017-07-03,79.5100,79.7500,79.3700,79.3800,68.2161,5904200
2017-07-05,79.4900,79.9500,79.2100,79.8500,68.6200,8955500
2017-07-06,79.5100,79.6600,78.7100,78.8200,67.7349,6367700
2017-07-07,79.1000,79.3100,78.9000,79.2200,68.0786,4371400
2017-07-10,79.2500,79.2800,78.8700,79.0700,67.9498,3580000
2017-07-11,79.0200,79.1900,78.5800,78.9800,67.8724,4117500
2017-07-12,79.3700,79.7800,79.3500,79.5200,68.3364,8808200
2017-07-13,79.5900,79.8400,79.0500,79.5900,68.3966,9437700
2017-07-14,79.7600,80.3000,79.6000,80.1300,68.8607,5750000
2017-07-17,80.2300,80.2900,79.8200,79.8400,68.6115,5743700
2017-07-18,79.7400,79.9800,79.3600,79.9000,68.6630,8042700
2017-07-19,80.2400,80.5500,80.2400,80.5500,69.2216,8177900
2017-07-20,80.7400,81.2100,80.6100,81.0800,69.6770,8276800
2017-07-21,80.9100,81.1100,80.8500,80.9900,69.5997,4043600
2017-07-24,80.9200,81.0400,80.6100,80.9600,69.5739,4476800
2017-07-25,81.1500,81.2100,80.2600,80.3800,69.0755,8486000
2017-07-26,80.2000,80.2800,79.8900,80.1100,68.8435,4964100
2017-07-27,80.1900,80.1900,79.2300,79.5600,68.3708,12536800
2017-07-28,79.5900,80.0600,79.2500,79.9600,68.7146,6426100
2017-07-31,80.0600,80.2200,79.8800,79.8900,68.6544,5516800
2017-08-01,80.1800,80.1800,79.6100,79.7100,68.4997,8678800
2017-08-02,79.7000,79.7000,79.2500,79.5300,68.3450,7718500
2017-08-03,79.5700,79.8200,79.3100,79.6600,68.4568,8003600
2017-08-04,80.0300,80.0300,79.3800,79.4800,68.3021,3930100
2017-08-07,79.4000,79.6600,79.3300,79.6500,68.4482,4583300
2017-08-08,79.5500,79.6900,79.1200,79.2800,68.1302,4423300
2017-08-09,79.0900,79.4500,78.9500,79.3700,68.2075,4886500
2017-08-10,79.1300,79.2000,78.3700,78.3800,67.3568,7054700
2017-08-11,78.4200,78.9900,78.4200,78.6000,67.5458,8318600
2017-08-14,78.9400,79.2600,78.9400,79.1300,68.0013,3955800
2017-08-15,79.2300,79.3900,79.1100,79.1300,68.0013,4653800
2017-08-16,79.2600,79.5000,79.1700,79.3500,68.1904,3756900
2017-08-17,79.1000,79.4400,78.3300,78.3600,67.3396,7133400
2017-08-18,78.0700,78.5300,77.9500,78.0000,67.0302,8434600
2017-08-21,77.9300,78.4500,77.8200,78.3500,67.3310,10269000
2017-08-22,78.3700,79.3900,78.3200,79.3000,68.1474,5455500
2017-08-23,79.0300,79.0500,78.6700,78.7000,67.6318,5662500
2017-08-24,78.7800,79.0400,78.6300,78.9300,67.8294,5502800
2017-08-25,79.1000,79.4000,78.8900,78.9500,67.8466,5476500
2017-08-28,79.1700,79.5000,79.1500,79.3700,68.2075,7432800
2017-08-29,79.0400,79.6000,78.9700,79.5200,68.3364,4243500
2017-08-30,79.4300,80.1300,79.4100,79.9300,68.6888,3667900
2017-08-31,80.1300,81.3700,80.1300,81.2900,69.8575,6987200
2017-09-01,81.4100,81.5800,80.9200,81.2300,69.8060,6471600
2017-09-05,80.8900,81.3700,80.5100,80.8800,69.5052,8076900
2017-09-06,81.1600,81.3500,80.8000,81.2700,69.8403,8791000
2017-09-07,81.2600,82.3500,81.2400,82.1700,70.6138,7251000
2017-09-08,82.0500,82.6800,81.9100,82.5400,70.9317,4302600
2017-09-11,82.9100,83.2000,82.7300,83.1800,71.4817,6286200
2017-09-12,83.2000,83.3700,83.0400,83.3600,71.6364,6984800
2017-09-13,83.2600,83.4100,82.8900,83.0500,71.3700,5873800
2017-09-14,82.8200,83.2900,82.7200,83.1600,71.4645,6373800
2017-09-15,83.0600,83.0600,82.5000,82.5900,71.2360,7091300
2017-09-18,82.6800,82.9000,82.4400,82.5700,71.2187,7783100
2017-09-19,82.6100,82.7100,81.8300,81.9200,70.6581,7329200
2017-09-20,81.9500,82.0900,81.4100,82.0000,70.7271,5101800
2017-09-21,81.9500,82.0400,81.5400,81.5800,70.3648,4527900
2017-09-22,81.4700,81.6900,81.1600,81.5800,70.3648,6473300
2017-09-25,81.4700,81.8400,81.2200,81.3400,70.1578,12439300
2017-09-26,81.5700,81.8000,81.1800,81.2100,70.0457,4579400
2017-09-27,81.4200,81.4200,80.8300,81.1800,70.0198,5384700
2017-09-28,81.1100,81.5200,80.9900,81.2500,70.0802,4229000
2017-09-29,81.2600,81.7700,81.0600,81.7300,70.4942,6902700
2017-10-02,81.9700,82.5700,81.8800,82.5600,71.2101,8764900
2017-10-03,82.6800,82.8000,82.2200,82.5400,71.1928,5141700
2017-10-04,82.6600,82.9700,82.5800,82.9400,71.5378,3291100
2017-10-05,82.9400,83.0100,82.6200,83.0000,71.5896,7709600
2017-10-06,82.8500,83.2100,82.7600,82.8900,71.4947,4035900
2017-10-09,82.8800,82.9000,82.2400,82.3700,71.0462,4558800
2017-10-10,82.4000,82.5600,82.1100,82.5600,71.2101,4037700
2017-10-11,82.5100,82.8100,82.4900,82.7200,71.3481,4031600
2017-10-12,82.6900,82.8200,82.5300,82.6300,71.2704,4731600
2017-10-13,82.3600,82.5300,82.2200,82.4200,71.0893,5909600
2017-10-16,82.3600,82.6800,81.9100,82.0600,70.7788,10219700
2017-10-17,82.2300,83.3800,82.2300,83.1600,71.7276,8437800
2017-10-18,83.3700,83.7300,83.1800,83.2800,71.8311,6938700
2017-10-19,83.1800,83.8100,83.0600,83.7900,72.2710,6410400
2017-10-20,83.8200,83.9500,83.5900,83.8800,72.3486,6343800
2017-10-23,83.9900,84.3100,83.6300,83.6700,72.1675,7159600
2017-10-24,83.6800,83.6900,82.6300,83.1100,71.6845,7145500
2017-10-25,83.0300,83.2300,82.6700,82.9900,71.5810,6819100
2017-10-26,82.4000,82.6400,81.6600,82.1600,70.8651,13466900
2017-10-27,81.8700,82.2300,81.8300,82.1400,70.8478,6122000
2017-10-30,81.8700,81.9200,81.0800,81.2600,70.0888,5884000
2017-10-31,81.2100,81.4600,80.9700,81.1100,69.9594,6548600
2017-11-01,81.2500,81.6500,81.0900,81.3100,70.1319,7427800
2017-11-02,81.4600,81.4800,80.7600,80.9400,69.8128,10200300
2017-11-03,80.8500,81.6600,80.8500,81.6100,70.3907,6862700
2017-11-06,81.4800,81.5700,81.3000,81.3600,70.1750,4853200
2017-11-07,81.5000,81.6500,81.2400,81.5300,70.3217,4439800
2017-11-08,81.4400,81.8100,81.3400,81.7200,70.4855,6186200
2017-11-09,81.5200,81.8100,81.2300,81.7300,70.4942,7086400
2017-11-10,81.5300,81.5300,80.6900,81.2000,70.0370,4826300
2017-11-13,80.9300,81.4400,80.7000,81.2800,70.1060,4704000
2017-11-14,81.0100,81.1000,80.5800,80.9500,69.8214,7430100
2017-11-15,80.6500,80.9700,80.4400,80.7200,69.6231,4952300
2017-11-16,80.8400,81.6600,80.8400,81.5600,70.3475,4780500
2017-11-17,81.1900,81.5000,81.1100,81.2400,70.0716,6129800
2017-11-20,81.2300,81.3000,80.7700,80.9000,69.7783,4898500
2017-11-21,81.3400,81.8000,81.3100,81.6100,70.3907,7974500
2017-11-22,81.6100,81.9200,81.4500,81.5800,70.3648,4853100
2017-11-24,81.6900,81.8000,81.5100,81.7700,70.5287,1650600
2017-11-27,81.7700,81.9800,81.7000,81.8400,70.5891,4241400
2017-11-28,82.0400,82.5100,81.8200,82.4400,71.1066,8290400
2017-11-29,82.5100,83.1500,82.5100,82.8500,71.4602,8144600
2017-11-30,83.1100,83.7200,82.8600,83.4700,71.9950,10639600
2017-12-01,83.4300,83.6500,82.1700,83.3000,71.8484,15315400
2017-12-04,83.7800,83.8000,82.2800,82.2800,70.9686,9770300
2017-12-05,82.3300,82.7400,82.0700,82.1400,70.8478,13240800
2017-12-06,82.1900,82.4600,81.7100,82.0700,70.7874,8533000
2017-12-07,82.0200,82.2500,81.7700,82.0900,70.8047,3979200
2017-12-08,82.3300,83.0200,82.2700,83.0100,71.5982,8444100
2017-12-11,83.0800,83.4100,82.9500,83.3600,71.9001,6588600
2017-12-12,83.3900,83.8200,83.3900,83.6900,72.1847,6068600
2017-12-13,83.6800,84.2200,83.6500,83.9800,72.4349,8459800
2017-12-14,84.0500,84.1600,83.0500,83.1300,71.7017,6772100
2017-12-15,83.1100,83.7400,83.1100,83.7100,72.4906,8012200
2017-12-18,83.9800,84.2000,83.6900,83.7400,72.5166,5655400
2017-12-19,83.8700,84.1600,83.6000,83.6400,72.4300,4777100
2017-12-20,83.8200,83.9500,83.3600,83.3700,72.1962,4686700
2017-12-21,83.6300,83.6800,83.1200,83.1800,72.0316,4304200
2017-12-22,83.0600,83.1600,82.7100,82.9100,71.7979,7023600
2017-12-26,82.8400,83.0400,82.7500,82.9300,71.8152,2504100
2017-12-27,82.9900,83.2900,82.9800,83.0700,71.9364,4053300
2017-12-28,83.2200,83.3400,82.9300,83.1900,72.0403,5380600
2017-12-29,83.3300,83.4600,82.5900,82.6800,71.5987,4877200
2018-01-02,82.9900,83.6500,82.8700,83.6100,72.4040,6708900
2018-01-03,83.6000,84.4700,83.3600,84.4100,73.0968,7606500
2018-01-04,84.6800,84.8400,84.3200,84.5300,73.2007,7762500
2018-01-05,84.8000,85.3300,84.6400,85.2500,73.8242,7579300
2018-01-08,85.1500,85.2600,84.5100,84.9400,73.5558,5167300
2018-01-09,85.2000,86.1200,85.1200,85.9400,74.4217,6962900
2018-01-10,85.6500,85.8100,85.1500,85.7900,74.2918,10835800
2018-01-11,85.9400,86.1800,85.7000,86.1600,74.6123,4247800
2018-01-12,86.3200,86.9200,86.2500,86.8200,75.1838,5391700
2018-01-16,87.3600,87.9500,87.1100,87.2500,75.5561,8920000
2018-01-17,87.6500,88.2800,87.4300,88.0900,76.2836,7214600
2018-01-18,88.1000,88.2000,87.6000,88.1100,76.3009,7954800
2018-01-19,88.4500,88.4700,88.0000,88.4400,76.5867,4802400
2018-01-22,88.4100,89.0700,88.2500,89.0200,77.0889,11152500
2018-01-23,89.0100,89.1800,88.5100,88.5900,76.7166,7637600
2018-01-24,89.0300,89.1800,88.5400,88.8500,76.9417,8291100
2018-01-25,89.2800,89.7000,88.9400,89.6100,77.5998,6339300
2018-01-26,90.0200,91.5600,90.0000,91.5400,79.2712,9784400
2018-01-29,91.3000,91.7900,91.2800,91.2900,79.0547,12643800
2018-01-30,89.4900,90.1100,89.2200,89.3700,77.3920,14270600
2018-01-31,89.8300,90.0900,87.7900,88.1000,76.2922,15858400
2018-02-01,87.7600,88.5300,87.5400,88.1300,76.3182,12848700
2018-02-02,87.4100,88.1800,86.8700,86.8900,75.2444,10539200
2018-02-05,86.4600,86.9900,82.3700,83.0400,71.9104,34979800
2018-02-06,81.4400,84.3200,81.4000,83.9600,72.7071,33313400
2018-02-07,83.7200,85.0400,83.4300,83.8600,72.6205,17338000
2018-02-08,83.8400,84.1100,80.8800,80.9500,70.1005,20252500
2018-02-09,81.6900,82.8000,79.5600,82.1000,71.0964,35535700
2018-02-12,82.6300,83.5100,81.8900,82.8700,71.7632,13389200
2018-02-13,82.3900,83.1200,81.8800,82.9300,71.8152,8415200
2018-02-14,82.4000,84.0200,82.3200,83.8700,72.6292,10110800
2018-02-15,84.4400,84.8300,83.5900,84.8000,73.4345,9519100
2018-02-16,84.3800,86.0100,84.3800,85.4100,73.9628,9323000
2018-02-20,85.0000,85.2800,84.2300,84.4700,73.1488,8872100
2018-02-21,84.4600,85.5900,84.1100,84.1200,72.8457,9417400
2018-02-22,84.3900,84.9900,83.7900,83.9900,72.7331,6316100
2018-02-23,84.4900,85.3600,84.1200,85.3300,73.8935,5498500
2018-02-26,85.4800,86.5100,85.4800,86.4100,74.8287,6266100
2018-02-27,86.4100,86.7000,85.5100,85.5100,74.0494,7460700
2018-02-28,85.7900,85.9000,84.1200,84.1400,72.8630,6279000
2018-03-01,83.9900,84.4200,82.1700,82.8000,71.7026,12720300
2018-03-02,82.3500,83.8200,82.3400,83.6400,72.4300,11206000
2018-03-05,83.2600,84.6500,83.0800,84.4000,73.0882,11028800
2018-03-06,84.5900,84.7300,83.8600,84.2800,72.9842,9573300
2018-03-07,83.5600,84.8000,83.5300,84.7100,73.3566,6868200
2018-03-08,84.9400,85.3500,84.8000,85.2800,73.8502,6403000
2018-03-09,85.8000,86.5400,85.4800,86.5100,74.9153,8253100
2018-03-12,86.5400,86.6700,86.0400,86.1400,74.5950,5760200
2018-03-13,86.4700,86.8500,86.0600,86.2500,74.6902,6400700
2018-03-14,86.5500,86.7500,85.5500,85.8300,74.3265,9416400
2018-03-15,86.1300,86.3800,85.5800,85.6900,74.2053,5883100
2018-03-16,85.3800,85.8500,85.3800,85.3900,74.2053,7067700
2018-03-19,85.2300,85.3400,83.3300,84.0100,73.0060,7190200
2018-03-20,84.2000,84.4300,83.6500,84.1300,73.1103,5534400
2018-03-21,84.2700,84.7300,83.7000,83.7700,72.7974,5498700
2018-03-22,82.9600,83.0200,81.2200,81.3600,70.7031,14648500
2018-03-23,81.4400,81.6100,79.6100,79.6700,69.2345,11049000
2018-03-26,80.5700,81.4300,79.6500,81.3200,70.6684,9183500
2018-03-27,81.6100,81.8500,79.9000,80.3600,69.8341,10948400
2018-03-28,80.5900,81.5700,80.4800,80.7900,70.2078,10146800
2018-03-29,81.2200,81.9900,80.6700,81.4000,70.7379,6914900
2018-04-02,81.0600,81.4800,78.7400,79.5500,69.1302,11364900
2018-04-03,79.9800,80.9100,79.4900,80.7600,70.1817,8590700
2018-04-04,79.7900,82.1400,79.7900,81.9100,71.1811,9085800
2018-04-05,82.2000,82.2700,81.5400,81.8500,71.1289,8031300
2018-04-06,81.1700,81.5700,79.1600,79.8800,69.4170,12171800
2018-04-09,80.3100,81.7900,80.0800,80.6700,70.1035,6952600
2018-04-10,81.4700,82.3500,81.1900,82.0300,71.2853,8097800
2018-04-11,81.4200,81.9100,81.2500,81.3600,70.7031,6205800
2018-04-12,81.8000,82.3000,81.7400,81.9100,71.1811,5096900
2018-04-13,82.3000,82.3700,81.4300,81.8700,71.1463,7837000
2018-04-16,82.4700,82.8200,82.2800,82.5200,71.7112,7217200
2018-04-17,83.1500,83.3400,82.7200,83.1600,72.2673,6500900
2018-04-18,83.3700,83.5200,82.8300,83.2300,72.3282,4704500
2018-04-19,83.0800,83.1600,82.2300,82.5300,71.7199,5833600
2018-04-20,82.6000,82.7200,81.8200,82.0900,71.3375,5250500
2018-04-23,82.3100,82.6700,82.1000,82.4100,71.6156,9257300
2018-04-24,82.6700,82.7300,81.1700,81.7900,71.0768,8904800
2018-04-25,81.6900,82.2000,81.1200,82.1600,71.3983,8068800
2018-04-26,82.4000,83.5200,82.4000,83.2000,72.3021,9463300
2018-04-27,83.1400,83.6700,82.9600,83.5400,72.5975,6663300
2018-04-30,83.9000,83.9500,82.2500,82.2600,71.4852,7241000
2018-05-01,82.1600,82.4500,81.5300,82.2200,71.4505,8498000
2018-05-02,81.7900,81.8500,80.9100,81.0900,70.4685,11594300
2018-05-03,80.7200,80.7300,79.3100,80.3600,69.8341,13524100
2018-05-04,80.1200,81.2700,79.8100,81.0000,70.3903,7889500
2018-05-07,81.2600,81.5800,80.6700,80.8800,70.2860,5886700
2018-05-08,80.6800,80.7500,79.7900,80.2700,69.7559,9522300
2018-05-09,80.4200,81.0800,79.9800,80.7300,70.1556,11340200
2018-05-10,81.0700,82.1700,81.0300,81.8100,71.0942,7845500
2018-05-11,81.8800,83.1900,81.7300,83.0300,72.1544,10434000
2018-05-14,83.1800,83.9300,83.0100,83.5800,72.6323,11837600
2018-05-15,83.0300,83.1300,82.2300,82.5000,71.6938,8806800
2018-05-16,82.4600,83.2500,82.4500,82.9600,72.0935,7013600
2018-05-17,82.8800,83.1300,82.5200,82.9900,72.1196,6610400
2018-05-18,83.0500,83.3700,82.7700,83.2000,72.3021,5838900
2018-05-21,83.5900,83.7500,83.1600,83.2800,72.3716,6406500
2018-05-22,83.4500,83.5500,82.9900,83.1200,72.2326,5770200
2018-05-23,82.7700,83.4200,82.6700,83.3900,72.4672,8360500
2018-05-24,83.3400,83.4800,82.6900,83.0600,72.1804,7166500
2018-05-25,83.0900,83.4600,82.8000,82.9400,72.0762,6853300
2018-05-29,82.4000,82.5500,81.5700,82.0900,71.3375,18236800
2018-05-30,82.6500,83.5100,82.5600,83.3200,72.4064,13167700
2018-05-31,83.1600,83.2300,82.3800,82.4100,71.6156,11543500
2018-06-01,82.7400,83.3900,82.6500,83.3600,72.4411,8037800
2018-06-04,83.4600,83.7900,83.1900,83.6700,72.7105,7230800
2018-06-05,83.7000,83.8800,83.1000,83.5000,72.5628,5444400
2018-06-06,83.7900,84.5300,83.4500,84.4400,73.3797,7218900
2018-06-07,84.6900,84.7700,84.1400,84.5500,73.4753,7405600
2018-06-08,84.5200,85.1000,84.3800,85.0400,73.9011,6247100
2018-06-11,85.0500,85.6100,84.8500,85.2000,74.0401,7074400
2018-06-12,85.2900,85.2900,84.7700,85.1500,73.9967,6829200
2018-06-13,85.3000,85.7200,85.0600,85.1700,74.0141,10379200
2018-06-14,85.3400,85.6600,85.1000,85.6100,74.3964,9379800
2018-06-15,85.1900,85.5000,84.8000,85.4600,74.5412,9349300
2018-06-18,84.9400,84.9400,84.2900,84.6400,73.8260,7342600
2018-06-19,84.0600,84.8900,83.9300,84.8600,74.0179,6431700
2018-06-20,84.9700,85.2400,84.7900,85.0400,74.1749,5900800
2018-06-21,84.9600,84.9700,84.3500,84.5500,73.7475,7423400
2018-06-22,84.8600,85.2600,84.6400,84.9300,74.0789,9829800
2018-06-25,84.6100,84.9400,83.5100,84.1500,73.3986,9925100
2018-06-26,84.2200,84.2800,83.7800,83.8900,73.1718,5560100
2018-06-27,83.8900,84.3200,83.1200,83.1800,72.5525,7420500
2018-06-28,82.8700,83.5000,82.2900,83.2900,72.6485,9026900
2018-06-29,83.5500,84.2000,83.4000,83.4600,72.7968,6479300
2018-07-02,83.0000,83.7700,82.7200,83.7200,73.0235,9364700
2018-07-03,84.0200,84.3100,83.7000,83.9200,73.1980,3023100
2018-07-05,84.3100,84.8800,84.1100,84.7900,73.9568,7458600
2018-07-06,85.2000,86.1600,85.1000,86.0100,75.0210,9822500
2018-07-09,86.3500,86.8100,86.3200,86.6400,75.5705,7874400
2018-07-10,86.8100,87.0100,86.5800,86.9700,75.8583,6122900
2018-07-11,86.5000,86.5900,86.2200,86.2800,75.2565,6434500
2018-07-12,86.7100,87.3000,86.6600,87.2400,76.0938,4461600
2018-07-13,87.0500,87.5900,87.0000,87.4000,76.2334,6048700
2018-07-16,87.4700,87.4700,86.7500,86.8700,75.7711,5388500
2018-07-17,86.8400,87.4800,86.8000,87.3500,76.1897,5849300
2018-07-18,87.3700,87.4400,87.1100,87.4200,76.2508,7575700
2018-07-19,87.2100,87.3900,86.5500,86.9300,75.8234,5204000
2018-07-20,86.6900,86.8900,86.5100,86.7600,75.6751,4822600
2018-07-23,86.7100,87.0500,86.6100,86.9400,75.8321,3824600
2018-07-24,87.4000,87.8800,87.3400,87.7300,76.5212,6467100
2018-07-25,87.6800,88.8700,87.5900,88.8500,77.4981,9285900
2018-07-26,88.7000,88.9100,88.4100,88.6000,77.2800,5763000
2018-07-27,88.6400,88.6400,87.6400,87.9600,76.7218,5742900
2018-07-30,87.8900,88.1800,87.7500,88.0100,76.7654,5531200
2018-07-31,88.3300,89.0500,88.2000,88.9300,77.5679,6719100
2018-08-01,88.8800,89.2800,88.8800,88.9500,77.5853,5733000
2018-08-02,88.5700,89.4700,88.5300,89.2800,77.8731,5666200
2018-08-03,89.3500,89.8800,89.2300,89.8100,78.3354,5884800
2018-08-06,89.7600,90.1700,89.4400,89.9700,78.4750,4751100
2018-08-07,89.9800,90.2800,89.8600,89.9800,78.4837,5170300
2018-08-08,89.9900,90.2500,89.7900,90.1200,78.6058,5020400
2018-08-09,90.1300,90.3800,89.9300,90.0200,78.5186,5680300
2018-08-10,89.6900,90.1600,89.3200,89.6300,78.1784,5389500
2018-08-13,89.7300,90.0900,89.4300,89.6600,78.2046,6563900
2018-08-14,89.7900,90.2400,89.7000,90.0800,78.5710,5497700
2018-08-15,89.8000,90.0400,89.3600,89.9300,78.4401,6840600
2018-08-16,90.1900,90.9300,90.0800,90.8100,79.2077,6916700
2018-08-17,90.7400,91.3700,90.5300,91.0900,79.4519,5455300
2018-08-20,91.3000,91.5600,91.2500,91.3900,79.7136,8144900
2018-08-21,91.6200,91.6600,91.2000,91.3900,79.7136,6395900
2018-08-22,91.1800,91.6800,91.0700,91.4800,79.7921,3954300
2018-08-23,91.4300,91.6700,91.2300,91.4500,79.7659,6058300
2018-08-24,91.6600,91.8900,91.4900,91.8900,80.1497,4028900
2018-08-27,92.2200,92.2900,91.8300,92.2200,80.4376,4671300
2018-08-28,92.3600,92.3900,92.0700,92.2700,80.4812,4954100
2018-08-29,92.2900,92.9700,92.1900,92.8700,81.0045,5338500
2018-08-30,92.8000,93.1100,92.6000,92.8000,80.9434,5266100
2018-08-31,92.5800,92.8600,92.4000,92.7800,80.9260,5808100
2018-09-04,92.7000,92.7600,91.8200,92.0400,80.2805,6875500
2018-09-05,91.9700,92.4100,91.8000,92.4100,80.6033,10218900
2018-09-06,92.4000,92.6000,91.8500,92.4100,80.6033,5940300
2018-09-07,92.1900,92.6400,92.0500,92.5500,80.7254,5591100
2018-09-10,92.7800,92.9500,92.2200,92.3100,80.5160,4234000
2018-09-11,92.1500,92.4100,91.8400,92.2300,80.4463,5683900
2018-09-12,92.2900,92.8600,92.1100,92.6900,80.8475,11056600
2018-09-13,93.0900,93.8400,93.0000,93.8400,81.8505,10603800
2018-09-14,93.9200,93.9200,93.3600,93.5300,81.5802,5929000
2018-09-17,93.5300,93.5400,93.0800,93.1900,81.2836,5543000
2018-09-18,93.1900,93.9700,93.0500,93.7300,81.7546,5422900
2018-09-19,93.6700,93.8700,93.5000,93.6000,81.6412,4186600
2018-09-20,93.8700,94.5700,93.8100,94.5100,82.4349,5083000
2018-09-21,94.3900,94.4800,94.0700,94.2700,82.5461,8579100
2018-09-24,94.2100,94.6500,94.0800,94.4600,82.7125,5392600
2018-09-25,94.5900,94.7300,94.0700,94.1700,82.4586,5215900
2018-09-26,94.3500,95.1200,94.1800,94.3800,82.6425,10880500
2018-09-27,94.5100,95.1200,94.4000,94.8600,83.0628,7168800
2018-09-28,94.6700,95.2100,94.6300,95.1500,83.3167,5995800
2018-10-01,95.5100,96.0600,95.3400,95.6200,83.7283,7307100
2018-10-02,95.6200,95.7000,95.3300,95.5100,83.6319,5572700
2018-10-03,95.8300,96.0000,95.1800,95.3300,83.4743,6367500
2018-10-04,95.2600,95.3000,93.9100,94.4000,82.6600,10976400
2018-10-05,94.4800,94.9700,93.7000,94.2900,82.5637,12291000
2018-10-08,94.1700,94.5200,93.4600,94.2500,82.5286,11924000
2018-10-09,94.0000,94.7400,93.7100,94.4100,82.6687,7463900
2018-10-10,94.4000,94.5100,92.1200,92.1800,80.7161,22549300
2018-10-11,91.9300,92.1400,89.0400,89.6900,78.5357,46581800
2018-10-12,90.7700,91.4100,90.0200,91.0700,79.7441,20797300
2018-10-15,90.9200,91.3200,90.3700,90.4400,79.1925,13909700
2018-10-16,91.1400,93.0800,91.1300,92.9200,81.3640,13505900
2018-10-17,92.8600,93.6400,92.3900,93.4100,81.7931,14232300
2018-10-18,93.3600,93.3700,91.6100,92.3500,80.8649,14455600
2018-10-19,92.5100,92.8300,91.3900,91.5100,80.1294,11318600
2018-10-22,91.5000,91.6700,90.3400,90.7600,79.4727,8288300
2018-10-23,89.6000,90.7100,88.8800,90.2700,79.0436,15424500
2018-10-24,90.2300,90.7500,87.1800,87.2900,76.4342,17431900
2018-10-25,87.2800,89.0300,86.2700,88.4200,77.4237,15725100
2018-10-26,87.6000,88.2200,86.3500,87.4200,76.5481,25507900
2018-10-29,88.4300,89.0800,86.4100,87.6400,76.7407,14024300
2018-10-30,87.6500,88.7200,87.2000,88.5800,77.5638,15432000
2018-10-31,89.2900,89.6500,88.6300,88.7000,77.6689,13460700
2018-11-01,89.0000,89.9700,88.9700,89.8200,78.6496,9668500
2018-11-02,90.6900,90.8400,88.6700,89.2600,78.1592,12953000
2018-11-05,89.3800,90.4500,89.3800,90.0500,78.8510,7783500
2018-11-06,89.9300,90.6100,89.8000,90.5100,79.2538,7980500
2018-11-07,91.3500,93.2500,91.2900,93.1700,81.5830,13310600
2018-11-08,93.0000,93.5600,92.8700,93.2200,81.6267,7345600
2018-11-09,93.1100,93.2600,92.5000,92.9500,81.3903,8486500
2018-11-12,92.8100,92.9500,91.4800,91.6900,80.2870,8423200
2018-11-13,92.0000,92.3700,90.7800,91.0500,79.7266,14227000
2018-11-14,91.6100,91.6200,89.8900,90.3200,79.0874,11664000
2018-11-15,89.6800,91.2300,88.8300,91.1200,79.7879,15563900
2018-11-16,90.9600,92.4800,90.9100,92.0400,80.5935,11323200
2018-11-19,92.1300,92.1900,90.4700,90.8700,79.5690,8821000
2018-11-20,90.3000,90.9700,89.8100,90.0200,78.8247,11604300
2018-11-21,90.3100,90.3200,89.4900,89.5100,78.3781,9345100
2018-11-23,89.0300,90.1800,88.9800,89.6400,78.4920,3939500
2018-11-26,90.3600,90.7500,89.9800,90.5100,79.2538,7141200
2018-11-27,90.2100,91.4500,89.8800,91.4500,80.0769,9262000
2018-11-28,91.7200,93.6800,91.7000,93.6500,82.0033,11870400
2018-11-29,93.4300,94.5100,93.3000,93.9600,82.2747,8796000
2018-11-30,93.9000,95.8700,93.8000,95.8700,83.9472,15875900
2018-12-03,95.8100,95.8100,94.8600,95.4100,83.5444,12158200
2018-12-04,95.3900,95.9200,93.1100,93.2800,81.6793,15011300
2018-12-06,92.1200,92.9300,90.1400,92.9300,81.3728,18492900
2018-12-07,92.6700,92.8000,90.1100,90.5600,79.2976,14930800
2018-12-10,90.6100,91.2500,88.6500,90.9100,79.6040,15372000
2018-12-11,91.6700,92.2800,90.5400,91.1900,79.8492,13632300
2018-12-12,92.2000,93.1700,91.9100,91.9700,80.5322,12581000
2018-12-13,92.2200,92.7300,91.4400,92.0600,80.6110,11567100
2018-12-14,91.1600,91.2400,88.6900,88.9600,77.8965,19422700
2018-12-17,88.0400,88.7800,86.5900,87.1900,76.3467,22089500
2018-12-18,87.9400,88.1000,85.6000,86.4300,75.6812,24712500
2018-12-19,86.6000,87.6400,84.5300,85.3000,74.6917,23075600
2018-12-20,84.9100,85.2600,83.5000,84.1000,73.6410,25321600
2018-12-21,83.8500,85.2700,82.5100,82.6800,72.7262,28909200
2018-12-24,82.1300,82.4400,80.6500,80.7000,70.9845,14235500
2018-12-26,81.0000,84.3000,80.6100,84.2200,74.0807,20575100
2018-12-27,83.2300,85.2000,82.1000,85.1500,74.8988,14045700
2018-12-28,85.7000,86.4400,84.9000,85.2500,74.9868,15770600
2018-12-31,85.7300,86.5900,85.6700,86.5100,76.0950,10163100
2019-01-02,85.1800,85.8300,84.2700,85.2000,74.9428,14179900
2019-01-03,85.3200,85.5000,83.2500,83.4700,73.4211,17668000
2019-01-04,84.4500,86.4300,84.4100,85.9600,75.6112,16262600
2019-01-07,85.9900,87.1000,85.7300,86.2900,75.9015,12387200
2019-01-08,86.9800,87.2500,86.0000,86.9600,76.4909,13371000
2019-01-09,87.3400,87.8600,87.0900,87.3500,76.8339,11259700
2019-01-10,86.9600,87.5800,86.5200,87.5200,76.9835,10396800
2019-01-11,87.1100,87.8400,86.9500,87.8100,77.2385,7187900
2019-01-14,87.2800,87.3200,86.8300,86.8400,76.3853,5449000
2019-01-15,86.9600,88.4200,86.9400,88.4000,77.7575,10540600
2019-01-16,88.5200,88.9000,88.1800,88.2400,77.6168,8288900
2019-01-17,88.0000,89.3900,87.9300,89.0200,78.3029,8731600
2019-01-18,89.6800,90.1300,89.0100,90.0800,79.2353,13367500
2019-01-22,89.4500,89.6200,88.8400,89.4600,78.6899,12244500
2019-01-23,89.6300,90.0500,88.5900,89.5600,78.7779,7722800
2019-01-24,89.4700,89.5500,88.3900,88.8100,78.1182,11307000
2019-01-25,89.2500,89.2500,88.6600,88.9200,78.2149,7241900
2019-01-28,88.3100,88.4000,87.4900,87.9100,77.3265,7113800
2019-01-29,87.9100,88.4100,87.6600,88.3400,77.7047,11099200
2019-01-30,88.6700,89.8000,88.4500,89.5500,78.7691,11706500
2019-01-31,89.4500,90.8800,89.3600,90.6700,79.7542,13409900
2019-02-01,90.7800,90.9600,90.1300,90.7500,79.8246,9386500
2019-02-04,90.7600,90.7600,89.7200,90.4900,79.5959,9308600
2019-02-05,90.6400,91.1500,90.3400,90.3600,79.4816,8921400
2019-02-06,90.2000,90.8100,90.0900,90.7700,79.8422,6135900
2019-02-07,90.1800,90.3300,89.2900,89.7700,78.9626,9511700
2019-02-08,89.4200,89.9500,89.2900,89.9400,79.1121,7284200
2019-02-11,90.1400,90.2000,89.5800,89.8300,79.0154,5017400
2019-02-12,90.2200,91.1100,90.0600,91.0600,80.0973,9093200
2019-02-13,91.2400,91.5300,90.8500,91.2600,80.2732,6435600
2019-02-14,91.0300,91.8800,90.9000,91.4700,80.4579,6938600
2019-02-15,92.1600,92.9000,91.4700,92.8500,81.6718,8234200
2019-02-19,92.6000,92.9900,92.5900,92.6300,81.4783,6284100
2019-02-20,92.4000,92.6400,92.0600,92.5200,81.3815,6959900
2019-02-21,92.1900,92.2500,91.3000,91.7100,80.6690,8368500
2019-02-22,91.8900,92.6300,91.7800,92.5500,81.4079,6488100
2019-02-25,93.0200,93.2400,92.6100,92.6800,81.5222,7652600
2019-02-26,92.4700,92.7200,92.2400,92.3500,81.2320,7288000
2019-02-27,92.0400,92.3600,91.6100,91.9200,80.8538,9827600
2019-02-28,91.7500,92.2500,91.5500,91.6500,80.6162,9464100
2019-03-01,92.2200,93.0800,92.1400,92.9500,81.7598,10795200
2019-03-04,93.2800,93.4500,91.0600,91.6900,80.6514,15208400
2019-03-05,91.7300,91.9700,91.1700,91.6400,80.6075,13591700
2019-03-06,91.6500,91.7700,90.0500,90.3000,79.4288,11662400
2019-03-07,90.1700,90.3600,89.2800,89.5900,78.8043,14430700
2019-03-08,89.1100,89.4500,88.6300,89.4000,78.6371,11531200
2019-03-11,89.6400,90.5000,89.3800,90.4200,79.5343,9694300
2019-03-12,90.6500,91.2900,90.5200,91.0800,80.1149,8981600
2019-03-13,91.3500,92.3100,91.2900,92.0600,80.9769,10098300
2019-03-14,92.0300,92.1500,91.5800,91.9100,80.8449,9283800
2019-03-15,91.7300,92.1400,91.4100,91.9900,81.2166,10219400
2019-03-18,92.0800,92.1700,91.5200,91.8500,81.0931,7183500
2019-03-19,92.1700,92.8400,91.8400,92.5800,81.7375,11308700
2019-03-20,92.4700,92.5800,91.5800,91.9400,81.1725,11123700
2019-03-21,91.1700,92.4400,91.0400,92.3000,81.4903,7398200
2019-03-22,91.9000,92.2400,90.6000,90.6200,80.0071,12162600
2019-03-25,90.7800,90.8600,89.9200,90.5700,79.9630,9893300
2019-03-26,91.1000,91.7700,90.5500,91.1900,80.5103,8107200
2019-03-27,91.0800,91.2900,89.8000,90.4300,79.8393,10817400
2019-03-28,90.7000,90.9100,90.1900,90.6600,80.0424,6726800
2019-03-29,91.2000,91.8300,91.0000,91.7500,81.0047,10120900
2019-04-01,92.3100,92.4500,91.6800,91.8900,81.1283,9082000
2019-04-02,91.9100,92.0500,91.5100,91.6800,80.9429,7002200
2019-04-03,92.0900,92.1400,91.2900,91.5600,80.8370,7398700
2019-04-04,91.6400,91.7500,90.8400,91.3700,80.6693,9212400
2019-04-05,91.5900,92.1600,91.5300,92.0000,81.2255,6262000
2019-04-08,91.9300,92.0700,91.3300,91.9800,81.2078,5961200
2019-04-09,91.6600,91.9400,91.4100,91.7400,80.9959,7207600
2019-04-10,91.8500,92.0200,91.6100,91.7700,81.0224,5433400
2019-04-11,91.9700,92.0200,90.2400,90.6400,80.0248,8534200
2019-04-12,90.9900,91.0200,89.6600,89.8100,79.2920,11659000
2019-04-15,89.9200,90.2400,89.7500,90.1700,79.6098,7921900
2019-04-16,90.9200,91.0300,88.1700,88.3200,77.9765,14857100
2019-04-17,88.6200,88.6400,85.3300,85.7800,75.7339,34381800
2019-04-18,86.0400,86.4500,84.6500,85.9200,75.8575,35300900
2019-04-22,85.7800,86.4700,85.5100,85.9700,75.9017,18717700
2019-04-23,85.9400,87.7900,85.7900,87.3300,77.1024,30503400
2019-04-24,87.3600,87.5400,86.8400,87.2300,77.0141,14612800
2019-04-25,87.0400,88.3900,86.6800,88.1300,77.8087,16166400
2019-04-26,88.2500,89.0400,88.0600,89.0100,78.5857,11321700
2019-04-29,89.0400,89.2000,88.4700,88.8500,78.4444,13264400
2019-04-30,89.1100,89.4300,88.4800,89.2600,78.8064,11750900
2019-05-01,89.3800,89.7300,88.6000,89.1000,78.6651,25596400
2019-05-02,89.0100,89.5700,88.5000,89.4800,79.0006,18927500
2019-05-03,89.7300,90.1900,89.5800,90.1600,79.6010,13624000
2019-05-06,88.8500,90.8500,88.7000,90.6200,80.0071,25168300
2019-05-07,89.9200,90.3600,88.3600,88.8800,78.4709,18011600
2019-05-08,88.8400,89.4800,88.3400,89.0700,78.6386,13783300
2019-05-09,88.2800,89.1700,87.8600,88.8800,78.4709,15692300
2019-05-10,88.5900,89.1400,87.0100,88.9100,78.4974,17771800
2019-05-13,87.4000,88.8600,86.9000,87.2400,77.0230,17436000
2019-05-14,87.6400,88.2900,87.4700,87.6800,77.4114,13147000
2019-05-15,87.2200,88.2400,86.8300,87.9400,77.6409,10587700
2019-05-16,88.1300,89.3900,88.0700,88.6300,78.2501,15124000
2019-05-17,87.9000,89.1400,87.9000,88.4400,78.0824,13354100
2019-05-20,88.0600,88.6800,87.7500,88.4000,78.0471,10757400
2019-05-21,88.9000,89.6100,88.8400,89.2300,78.7799,11690600
2019-05-22,88.9700,89.9400,88.8900,89.7400,79.2301,9021800
2019-05-23,89.2900,89.4300,88.6800,89.4300,78.9565,13545300
2019-05-24,89.7400,90.1000,89.3400,89.5600,79.0713,9986400
2019-05-28,89.6400,90.1800,88.2700,88.2800,77.9411,20796000
2019-05-29,87.8500,87.8600,86.8200,87.4300,77.1907,16302700
2019-05-30,87.6000,88.0500,87.5100,87.9100,77.6145,12457600
2019-05-31,87.3400,87.6900,86.7700,87.2800,77.0582,10712900
2019-06-03,87.3600,88.2400,87.3100,87.4900,77.2437,19371000
2019-06-04,88.2200,89.0900,88.1100,88.9400,78.5238,15837200
2019-06-05,89.5900,89.8200,88.9700,89.6100,79.1154,24291700
2019-06-06,89.7500,90.4300,89.5400,90.0700,79.5215,18840900
2019-06-07,90.3600,91.2300,90.3300,91.0100,80.3514,9302700
2019-06-10,91.2900,91.5800,90.9500,91.2800,80.5898,8552800
2019-06-11,91.7300,91.9600,90.9000,91.1300,80.4574,8317900
2019-06-12,91.1500,91.6000,91.0600,91.5700,80.8458,5799200
2019-06-13,91.7300,91.7300,91.1000,91.4600,80.7487,9031800
2019-06-14,91.5000,91.7700,91.1800,91.2500,80.5633,5056300
2019-06-17,91.3400,91.7200,91.2100,91.6600,80.9253,4861500
2019-06-18,92.1200,92.7600,91.9400,92.4400,81.6139,7979600
2019-06-19,92.4600,93.4800,92.4000,93.2700,82.3467,6988100
2019-06-20,94.0400,94.3300,93.1400,93.6800,82.7087,9241200
2019-06-21,93.1900,93.9100,92.6600,93.7300,83.1059,9026100
2019-06-24,93.6100,93.6700,93.0700,93.2400,82.6715,6493600
2019-06-25,93.3100,93.7400,92.7700,92.8600,82.3345,14930600
2019-06-26,92.9900,93.0000,91.5000,91.6900,81.2972,10498400
2019-06-27,92.0100,92.5100,91.8300,92.3300,81.8646,7416200
2019-06-28,92.3700,92.7200,91.8400,92.6400,82.1395,9390600
2019-07-01,93.3700,93.4100,92.7200,93.1000,82.5473,7797200
2019-07-02,93.1800,93.6000,92.6500,93.6000,82.9907,7952500
2019-07-03,93.8100,94.4200,93.8000,94.4000,83.7000,4066000
2019-07-05,94.0000,94.2300,93.5400,93.7500,83.1237,5934300
2019-07-08,93.3900,93.4200,92.6200,93.0500,82.5030,15202000
2019-07-09,92.7100,93.2400,92.7000,93.1400,82.5828,5537300
2019-07-10,93.3500,93.7100,93.0700,93.4600,82.8665,5347300
2019-07-11,94.1100,94.1500,92.8500,93.4800,82.8843,13691700
2019-07-12,93.1700,93.1900,91.8000,92.4400,81.9622,11508200
2019-07-15,92.4900,92.8600,92.1800,92.6400,82.1395,5811100
2019-07-16,92.5700,92.7000,92.1200,92.1800,81.7316,9092300
2019-07-17,92.3700,92.6800,92.1900,92.2000,81.7494,9566700
2019-07-18,92.1900,92.8700,91.7400,92.7200,82.2104,6559500
2019-07-19,92.9300,92.9700,91.6800,91.7600,81.3592,8105900
2019-07-22,91.8600,91.9200,91.4900,91.5700,81.1908,5192500
2019-07-23,91.7000,92.2800,91.3200,92.1400,81.6962,6688600
2019-07-24,92.0000,92.2000,91.1700,92.1900,81.7405,5430400
2019-07-25,91.9400,92.2900,91.5400,91.7400,81.3415,6618700
2019-07-26,92.0600,92.2400,91.7200,92.0700,81.6341,3812400
2019-07-29,92.1200,92.5200,91.9700,92.4500,81.9710,5887500
2019-07-30,91.7400,92.0900,91.3600,92.0500,81.6164,7959200
2019-07-31,91.9500,92.3300,90.5800,91.1400,80.8095,8557400
2019-08-01,91.1500,92.2400,90.7100,91.2600,80.9159,16422500
2019-08-02,91.1300,91.4100,90.4600,91.0500,80.7297,15956600
2019-08-05,90.0200,90.3800,88.1900,88.9100,78.8323,17626200
2019-08-06,89.3600,90.0800,88.8700,90.0600,79.8519,10135900
2019-08-07,89.3300,90.3400,88.2000,90.0900,79.8785,12452500
2019-08-08,90.3700,91.3800,90.2500,91.2900,80.9425,12034800
2019-08-09,91.1300,91.9800,90.6100,91.4000,81.0400,7253100
2019-08-12,91.0600,91.4000,90.1600,90.5100,80.2509,7097100
2019-08-13,90.4800,92.1700,90.4000,91.6900,81.2972,12232500
2019-08-14,90.7500,90.9700,89.0900,89.1400,79.0362,16426100
2019-08-15,89.5200,89.7900,88.8700,89.4500,79.3111,12315200
2019-08-16,90.0600,90.7900,90.0000,90.5500,80.2864,10239300
2019-08-19,91.2600,91.6500,91.1100,91.4200,81.0578,6427200
2019-08-20,91.4500,91.6400,90.5700,90.6400,80.3662,4708800
2019-08-21,91.2700,91.5300,91.0400,91.3100,80.9602,5687100
2019-08-22,91.4800,91.6900,90.5000,90.8600,80.5612,6486900
2019-08-23,90.7000,91.0400,88.3200,88.7600,78.6993,9822700
2019-08-26,89.4700,89.7600,89.1000,89.6900,79.5239,8913900
2019-08-27,90.2400,90.5500,89.1000,89.1600,79.0539,8252000
2019-08-28,88.8500,90.0000,88.7200,89.8100,79.6303,5691500
2019-08-29,90.4900,90.7500,89.9100,90.4900,80.2332,4360300
2019-08-30,90.9100,91.0900,90.2100,90.6000,80.3307,4784100
2019-09-03,90.0700,90.5000,89.7500,90.0700,79.8608,6437800
2019-09-04,90.6600,90.7100,89.7100,90.1300,79.9140,9318700
2019-09-05,90.9000,91.2200,90.4200,91.0200,80.7031,7897400
2019-09-06,91.2100,91.5300,91.0800,91.2700,80.9248,13166400
2019-09-09,91.3500,91.3800,90.1000,90.4300,80.1800,10675900
2019-09-10,89.9700,90.7000,89.0200,90.6900,80.4105,8770700
2019-09-11,90.8400,91.6200,90.6200,91.5900,81.2085,8124300
2019-09-12,92.0000,92.3800,91.5100,91.5600,81.1819,9344700
2019-09-13,91.6700,92.2500,91.3200,91.5100,81.1376,6351000
2019-09-16,91.0100,91.5400,90.9000,91.3100,80.9602,6668100
2019-09-17,91.2600,91.7000,91.1300,91.4500,81.0844,3932900
2019-09-18,91.4500,91.5600,90.7900,91.4400,81.0755,5369800
2019-09-19,91.5500,92.2800,91.3800,91.8700,81.4568,5058600
2019-09-20,91.7000,92.4300,91.6900,92.0000,81.9109,8935700
2019-09-23,91.7300,92.0600,91.4800,91.5100,81.4746,4232900
2019-09-24,91.8500,91.9100,90.3500,90.6700,80.7267,10542600
2019-09-25,90.6800,90.7600,90.1000,90.2300,80.3349,7956800
2019-09-26,90.5300,90.5600,89.0400,89.7300,79.8898,10004500
2019-09-27,90.0300,90.1600,89.0000,89.3300,79.5336,10017300
2019-09-30,89.4500,90.6800,89.3900,90.1300,80.2459,8031600
2019-10-01,90.3700,90.5700,89.0700,89.2500,79.4624,13413900
2019-10-02,88.9700,89.1500,87.5600,87.9500,78.3050,13385000
2019-10-03,87.8300,88.7700,87.2000,88.7400,79.0083,11958800
2019-10-04,89.0000,90.1800,88.9500,90.1300,80.2459,9146600
2019-10-07,89.7600,90.4200,89.6300,89.8300,79.9788,8247200
2019-10-08,89.0800,89.1200,88.1000,88.1200,78.4563,10649300
2019-10-09,88.6600,89.0200,88.3600,88.7600,79.0262,7350200
2019-10-10,88.5000,89.5100,88.4200,89.2000,79.4179,8232300
2019-10-11,90.0500,91.0000,89.9000,89.9400,80.0767,10773200
2019-10-14,89.8800,90.3400,89.7600,89.9000,80.0411,4915600
2019-10-15,90.8900,91.8600,90.8300,91.5400,81.5013,12607900
2019-10-16,91.4700,91.8900,91.2700,91.4200,81.3944,7851500
2019-10-17,91.7200,92.3600,91.6800,92.1000,81.9999,7536100
2019-10-18,91.8400,92.2400,91.3500,91.7600,81.6972,6784700
2019-10-21,92.1400,92.2800,91.4800,91.6600,81.6081,4948400
2019-10-22,92.3600,92.9500,91.8200,91.8600,81.7862,8702400
2019-10-23,92.0200,92.7000,91.8300,92.4300,82.2937,5525000
2019-10-24,92.5900,92.6900,91.6300,91.9600,81.8752,6892300
2019-10-25,91.7200,92.3100,91.4800,92.0600,81.9642,5536900
2019-10-28,92.3000,93.2000,92.2200,93.0100,82.8101,6937900
2019-10-29,93.2300,94.4800,93.0000,94.3300,83.9853,13768400
2019-10-30,94.3600,94.9000,93.9900,94.8600,84.4572,10179700
2019-10-31,94.6800,94.8100,94.1400,94.7500,84.3592,9675200
2019-11-01,95.2600,95.6700,94.8500,94.8700,84.4661,14670800
2019-11-04,95.3100,95.3600,94.5400,94.5800,84.2079,9878200
2019-11-05,94.7200,94.7300,93.7000,93.9100,83.6114,13273800
2019-11-06,94.0000,94.4100,93.7100,94.2300,83.8963,13130200
2019-11-07,94.5900,94.7400,94.1600,94.4400,84.0833,7827900
2019-11-08,94.3800,95.1500,94.2700,95.1300,84.6976,7756900
2019-11-11,94.7700,94.9700,94.4800,94.7400,84.3504,6092500
2019-11-12,94.8900,95.6500,94.7600,95.3100,84.8579,13801500
2019-11-13,95.0500,95.6500,94.9000,95.4200,84.9558,6507700
2019-11-14,95.4000,95.5700,94.8500,95.4300,84.9647,6498800
2019-11-15,95.7600,97.6300,95.6700,97.4600,86.7720,11337700
2019-11-18,97.3700,97.9300,97.0100,97.1300,86.4783,11251400
2019-11-19,97.4700,97.9300,97.2200,97.7900,87.0659,10025800
2019-11-20,97.6300,97.9700,97.0800,97.6600,86.9501,12305600
2019-11-21,97.7200,97.9800,97.0500,97.9100,87.1727,9122400
2019-11-22,98.0800,98.4000,97.8700,98.2600,87.4843,6141800
2019-11-25,98.6600,99.4300,98.5100,99.4100,88.5082,11726500
2019-11-26,99.4000,99.5600,99.0000,99.3300,88.4370,11073300
2019-11-27,99.4700,99.9900,99.3800,99.8400,88.8911,6333200
2019-11-29,99.5800,99.8100,99.2900,99.4900,88.5794,2392000
2019-12-02,99.6900,99.7200,98.7300,99.0500,88.1877,6682200
2019-12-03,98.3000,98.9100,98.0300,98.8300,87.9918,7709700
2019-12-04,99.2300,99.8800,99.1300,99.7500,88.8109,6237600
2019-12-05,99.8100,99.9000,98.9100,99.7500,88.8109,7390400
2019-12-06,100.2700,100.7500,100.2000,100.4100,89.3986,5658500
2019-12-09,100.4500,100.4700,99.7100,99.7100,88.7753,5148900
2019-12-10,99.6900,100.0200,99.3000,99.9300,88.9712,6027900
2019-12-11,100.0100,100.2700,99.8200,100.0200,89.0513,6064300
2019-12-12,100.0700,101.2800,100.0200,100.9500,89.8793,9769100
2019-12-13,100.8500,101.4700,100.4700,100.8800,89.8170,6433200
2019-12-16,101.4700,102.3400,101.4700,101.9700,90.7875,7730300
2019-12-17,102.1000,102.2500,101.7200,101.8600,90.6895,4643600
2019-12-18,101.9000,102.2000,101.7900,102.0000,90.8142,5202900
2019-12-19,102.2100,102.5100,102.0500,102.4000,91.1703,6637200
2019-12-20,102.2800,102.9300,102.2800,102.7000,91.8158,8586500
2019-12-23,102.9400,103.2200,102.6800,103.1100,92.1823,4770900
2019-12-24,103.1100,103.2400,102.7300,102.9800,92.0661,2071800
2019-12-26,103.1100,103.2300,102.5800,102.9100,92.0035,2910100
2019-12-27,103.1300,103.1400,102.7100,102.9400,92.0304,3605000
2019-12-30,102.2700,102.4900,101.5100,101.6600,91.4779,5665100
2019-12-31,101.4400,101.9500,101.2700,101.8600,91.6578,4746700
2020-01-02,102.1700,102.2900,101.4000,102.1300,91.9008,6277400
2020-01-03,100.9500,101.8200,100.4500,101.2400,91.0999,8247500
2020-01-06,100.7800,101.9000,100.7500,101.8700,91.6668,6441800
2020-01-07,101.5900,101.7600,101.1000,101.6700,91.4869,6335300
2020-01-08,101.7200,102.7900,101.6800,102.3300,92.0807,7494700
2020-01-09,102.6400,103.0500,102.4200,102.7700,92.4767,6660600
2020-01-10,103.1600,103.3300,102.6200,102.8000,92.5037,9300300
2020-01-13,102.9700,102.9900,102.0900,102.4400,92.1798,7621700
2020-01-14,102.1300,103.0800,101.9500,103.0600,92.7376,7294900
2020-01-15,103.1800,104.2200,103.1000,103.9500,93.5385,7521800
2020-01-16,104.3800,104.5600,103.9700,104.4900,94.0244,5479900
2020-01-17,104.2300,104.6500,104.2300,104.4900,94.0244,6533400
2020-01-21,104.2500,104.8400,104.2100,104.6000,94.1234,6644800
2020-01-22,104.8300,105.0800,104.5900,104.7300,94.2404,9431500
2020-01-23,104.5500,104.7000,103.4800,104.2000,93.7635,8522600
2020-01-24,104.3200,104.3700,102.2000,102.4600,92.1977,15962700
2020-01-27,101.2200,102.0700,101.0800,101.6800,91.4958,11762300
2020-01-28,101.9800,102.5800,101.7000,102.1800,91.9458,8079900
2020-01-29,102.2800,102.6400,101.8800,101.9000,91.6938,6435700
2020-01-30,101.1500,101.2200,100.2900,101.1600,91.0279,10989400
2020-01-31,100.7600,100.8400,98.8100,99.1400,89.2103,14476700
2020-02-03,99.8300,100.7600,99.8300,100.0400,90.0201,11850600
2020-02-04,101.2900,102.2100,101.2700,101.8000,91.6038,9575100
2020-02-05,102.2800,104.1200,102.2700,103.7600,93.3675,14131000
2020-02-06,104.2400,104.2400,103.4000,103.8500,93.4485,6166500
2020-02-07,103.8600,103.9500,102.8800,103.0400,92.7196,6057200
2020-02-10,102.6600,103.5900,102.5800,103.5900,93.2146,4010100
2020-02-11,103.9500,104.3000,103.7400,104.2100,93.7725,10277100
2020-02-12,104.6000,104.8400,103.9200,104.3400,93.8894,4705700
2020-02-13,103.9600,104.2800,103.6400,103.8500,93.4485,4778500
2020-02-14,103.9600,104.0000,103.4200,103.9300,93.5205,5114200
2020-02-18,103.9300,104.0600,103.2200,103.5600,93.1876,8409300
2020-02-19,103.8300,104.1900,103.7300,104.0400,93.6195,6427900
2020-02-20,103.8000,103.9000,102.4300,103.3700,93.0166,8080900
2020-02-21,102.9700,103.5300,102.6100,103.4300,93.0706,6510800
2020-02-24,100.9300,101.6100,99.6900,100.1700,90.1371,16284500
2020-02-25,100.5300,100.7500,96.7900,97.1300,87.4016,20301600
2020-02-26,97.6700,98.8200,96.9100,97.1200,87.3926,13721600
2020-02-27,96.0700,97.3400,93.8000,93.8200,84.4231,22047900
2020-02-28,91.3500,92.6600,89.9800,92.6100,83.3343,27750600
2020-03-02,92.6400,97.1000,92.3200,96.9500,87.2396,22359400
2020-03-03,97.1900,98.8900,93.2700,94.5400,85.0710,33385500
2020-03-04,97.3800,100.1500,97.1800,99.9900,89.9751,26418700
2020-03-05,97.8500,99.1900,96.5600,97.6700,87.8875,17873000
2020-03-06,94.9900,97.5000,94.6000,97.1500,87.4196,17917700
2020-03-09,91.3900,94.2800,90.0100,92.1000,82.8754,21968500
2020-03-10,94.7600,95.4200,90.9400,95.2600,85.7189,26473200
2020-03-11,93.0100,93.6700,90.4500,91.6200,82.4434,23217900
2020-03-12,86.0100,89.7300,82.9000,84.7800,76.2885,20652200
2020-03-13,88.7200,90.9000,84.1600,90.6600,81.5796,29162800
2020-03-16,82.5200,87.0500,80.6700,81.7200,73.5350,21474800
2020-03-17,83.4100,87.5500,82.3500,86.8500,78.1512,27899700
2020-03-18,82.4000,85.3000,79.9200,83.9700,75.5597,28931000
2020-03-19,83.0300,84.2600,81.3300,82.2500,74.0119,27121100
2020-03-20,82.9600,83.8100,78.6400,79.0900,71.1684,22004900
2020-03-23,78.2000,78.3100,73.5400,74.6200,67.4720,33633000
2020-03-24,78.1500,80.5300,77.5700,80.3700,72.6713,16775800
2020-03-25,79.8400,84.0900,78.8700,81.4400,73.6388,16851800
2020-03-26,82.1700,87.3100,82.0100,86.8500,78.5305,18822500
2020-03-27,84.3400,87.2300,84.2800,84.9900,76.8487,13043200
2020-03-30,86.5200,89.1400,86.5100,88.9700,80.4474,13766700
2020-03-31,89.0500,89.5300,87.6400,88.5800,80.0948,13584900
2020-04-01,85.6200,86.3900,84.3900,85.2100,77.0476,15255200
2020-04-02,84.7800,87.7700,83.9300,87.5700,79.1815,13588000
2020-04-03,87.2900,88.1200,85.8000,86.7800,78.4672,12934200
2020-04-06,89.5400,91.8500,89.1400,91.3300,82.5814,13472900
2020-04-07,93.6500,93.8200,90.4900,90.5800,81.9032,16699200
2020-04-08,91.3600,94.8600,90.2200,94.3100,85.2759,32624300
2020-04-09,95.1700,95.3500,93.9700,94.8300,85.7461,12982500
2020-04-13,94.4900,94.8200,92.6600,94.0000,84.9956,9606600
2020-04-14,95.8400,97.4700,95.5200,97.1200,87.8167,12830800
2020-04-15,95.8300,97.1900,95.2900,96.6200,87.3646,11019000
2020-04-16,97.3400,98.9800,97.0300,98.7300,89.2725,11331600
2020-04-17,101.1300,101.1300,99.3900,100.7800,91.1261,11504400
2020-04-20,99.8200,101.4100,99.7100,99.9800,90.4027,10558100
2020-04-21,98.2700,98.8300,96.6200,96.9400,87.6540,9291400
2020-04-22,98.3500,99.0300,97.7400,98.4200,88.9922,11994100
2020-04-23,98.9400,100.4900,98.7400,98.9600,89.4805,16013300
2020-04-24,99.5600,100.4900,98.9400,100.2900,90.6831,7853300
2020-04-27,100.9900,102.0100,100.8300,101.5800,91.8495,8022100
2020-04-28,102.2600,102.2600,99.4100,99.5300,89.9959,11517500
2020-04-29,101.0600,101.0600,99.5400,100.1900,90.5927,9939900
2020-04-30,99.7600,100.3800,99.2100,99.7300,90.1767,12768900
2020-05-01,98.5900,98.7700,96.9500,97.8300,88.4587,10102000
2020-05-04,97.5300,98.0000,96.8900,97.7800,88.4135,8991300
2020-05-05,98.6400,100.6200,98.3900,99.9000,90.3304,11498300
2020-05-06,100.4200,100.4900,98.8600,98.9100,89.4353,9493200
2020-05-07,99.9200,99.9300,98.7800,98.9000,89.4262,9453900
2020-05-08,99.9600,100.0000,99.1100,99.4100,89.8874,10374500
2020-05-11,99.0000,101.3800,99.0000,101.1200,91.4336,15115100
2020-05-12,101.7100,101.8000,99.5700,99.5800,90.0411,18471000
2020-05-13,99.4500,100.2200,97.7100,98.5000,89.0646,12667200
2020-05-14,97.5900,99.6300,97.5700,99.5800,90.0411,12021400
2020-05-15,99.3000,100.5100,99.0700,100.4200,90.8006,15170200
2020-05-18,102.3000,102.7700,101.1900,101.2500,91.5511,10557300
2020-05-19,100.9300,101.4500,100.0200,100.0300,90.4480,10561400
2020-05-20,100.7900,101.1700,99.9200,100.1500,90.5565,10058000
2020-05-21,99.8700,99.9300,98.8300,99.4100,89.8874,12259500
2020-05-22,99.4200,99.7000,98.9000,99.6200,90.0772,10233200
2020-05-26,101.1900,101.2800,99.2800,99.4400,89.9145,10828800
2020-05-27,99.5800,100.4700,98.0700,100.4700,90.8458,15551900
2020-05-28,101.2900,102.8000,101.2600,101.7800,92.0304,11707700
2020-05-29,102.2200,103.2300,100.6900,103.0100,93.1425,19055300
2020-06-01,102.3600,102.4800,101.3500,101.9900,92.2202,8436200
2020-06-02,102.0300,102.6300,101.4200,102.5800,92.7537,13162300
2020-06-03,102.8800,102.9800,101.9500,102.3800,92.5729,10020900
2020-06-04,101.7600,102.4700,100.9200,101.5700,91.8405,10848300
2020-06-05,102.2100,104.0400,101.6800,103.2100,93.3234,14579500
2020-06-08,102.8000,103.9600,102.5500,103.9200,93.9653,8191300
2020-06-09,103.7100,104.2200,102.7200,102.8400,92.9888,10371100
2020-06-10,103.1800,103.5200,102.2300,102.6800,92.8441,10519700
2020-06-11,101.7900,101.9800,96.6300,96.9700,87.6811,39561900
2020-06-12,99.0000,99.3200,95.9200,97.6000,88.2507,19397200
2020-06-15,96.1400,98.3800,95.4200,97.8200,88.4497,14521800
2020-06-16,100.1200,100.8700,98.5800,100.2300,90.6288,13272800
2020-06-17,100.7300,100.9100,99.7800,100.1300,90.5384,9086200
2020-06-18,99.5600,100.0200,99.1600,99.7900,90.2310,7115200
2020-06-19,100.9300,101.3400,99.7100,100.7500,91.0990,12177000
2020-06-22,99.9100,100.0800,98.9100,99.9400,90.7494,6889200
2020-06-23,100.6300,101.2300,100.1800,100.3700,91.1399,5369900
2020-06-24,99.6200,99.8200,97.0400,97.7500,88.7608,15739700
2020-06-25,97.6600,98.8300,96.8400,98.7100,89.6325,10506300
2020-06-26,98.5300,98.7800,97.0400,97.5100,88.5429,16631400
2020-06-29,98.2800,98.5700,97.5200,98.3900,89.3420,7490200
2020-06-30,98.4200,100.6000,98.1300,100.0700,90.8675,9183000
2020-07-01,100.5400,101.2600,99.9100,100.8400,91.5666,10932800
2020-07-02,101.7300,102.1800,101.3800,101.6000,92.2568,6502400
2020-07-06,102.7700,103.2200,102.1400,102.6300,93.1920,6374400
2020-07-07,101.8800,102.9700,101.6000,101.7400,92.3839,5913200
2020-07-08,102.0900,102.4000,101.0700,101.7500,92.3930,5624900
2020-07-09,101.6400,102.0200,99.6800,100.9500,91.6665,10521700
2020-07-10,101.0300,101.1300,99.9700,100.7100,91.4486,10502700
2020-07-13,101.2900,103.1500,101.0200,101.2800,91.9662,10167200
2020-07-14,101.0400,103.4600,100.8500,103.2900,93.7913,10889900
2020-07-15,104.0500,104.9300,103.8300,104.6300,95.0081,9606900
2020-07-16,104.5300,104.5400,103.7200,104.4600,94.8537,6412200
2020-07-17,105.0100,106.2500,104.8600,105.8900,96.1523,7548600
2020-07-20,106.1300,106.4900,105.5200,105.8700,96.1341,6776300
2020-07-21,106.2300,106.6300,105.5800,105.8000,96.0705,7458600
2020-07-22,106.2800,106.9300,105.7300,106.7500,96.9332,5648400
2020-07-23,107.0900,107.5300,105.9200,106.2700,96.4973,6970100
2020-07-24,106.1000,106.1600,104.4300,105.1000,95.4349,6241000
2020-07-27,105.0600,106.1600,104.7300,105.8900,96.1523,5934200
2020-07-28,105.9400,106.4700,105.5700,105.7700,96.0433,6239400
2020-07-29,106.0100,107.3100,105.9400,106.8800,97.0512,5449800
2020-07-30,105.8500,106.3200,105.0000,106.1400,96.3793,5349200
2020-07-31,105.8100,106.1000,104.1500,105.5300,95.8253,6920400
2020-08-03,106.1900,106.9700,106.0000,106.6200,96.8151,8811800
2020-08-04,106.3800,106.6300,105.4900,106.1500,96.3883,6092900
2020-08-05,106.7300,106.8300,106.3700,106.6400,96.8333,4406600
2020-08-06,106.5100,106.9600,105.3000,106.0700,96.3157,5369700
2020-08-07,105.9600,106.4300,105.6600,106.4100,96.6244,4274000
2020-08-10,106.4300,106.5200,105.7700,106.0500,96.2975,4640200
2020-08-11,106.6400,106.7400,105.1300,105.3800,95.6892,8115900
2020-08-12,105.9500,107.4900,105.9100,107.1500,97.2964,8205500
2020-08-13,107.0200,107.1200,106.2900,107.0100,97.1692,5323300
2020-08-14,106.8100,107.2800,106.3900,106.8000,96.9786,3826200
2020-08-17,106.9900,107.8400,106.9400,107.4300,97.5506,4610200
2020-08-18,107.6500,107.8300,106.8400,107.4000,97.5234,4220500
2020-08-19,107.5000,107.8000,106.8200,107.0500,97.2056,6308100
2020-08-20,106.5800,106.9500,106.4300,106.7100,96.8968,4938300
2020-08-21,106.5400,106.9600,105.9900,106.8200,96.9967,6466700
2020-08-24,107.3300,107.3700,105.6800,106.3300,96.5518,6363200
2020-08-25,106.8700,107.0900,106.4600,107.0500,97.2056,5096500
2020-08-26,106.8300,107.0400,105.7700,106.9200,97.0875,6995300
2020-08-27,107.1000,108.2600,106.3400,107.7600,97.8503,7775200
2020-08-28,108.0600,108.0600,107.2000,108.0000,98.0682,5159600
2020-08-31,107.7700,108.7800,107.6800,108.2600,98.3043,6721100
2020-09-01,108.1200,108.2900,106.6400,107.2900,97.4235,10999300
2020-09-02,107.3900,109.7300,106.9400,109.4400,99.3758,8495800
2020-09-03,109.5800,109.7400,105.7000,106.4600,96.6698,13337300
2020-09-04,106.8300,107.0200,104.4100,105.7000,95.9797,14715500
2020-09-08,105.5300,105.5700,103.6700,103.9600,94.3997,9660200
2020-09-09,104.7400,106.6700,104.7200,105.8000,96.0705,8200800
2020-09-10,106.1000,106.1000,103.9000,104.1800,94.5995,9186200
2020-09-11,104.6700,105.0900,103.7900,104.5900,94.9718,8764300
2020-09-14,105.4400,106.6600,105.2300,106.0900,96.3339,5846900
2020-09-15,106.6400,107.0800,105.9600,106.2300,96.4610,5580500
2020-09-16,106.8000,107.0100,105.9300,106.0500,96.2975,7193300
2020-09-17,105.0700,106.0600,104.7300,105.7000,95.9797,7597300
2020-09-18,105.8300,106.2200,104.5600,105.5400,95.8344,8649300
2020-09-21,103.7200,103.7200,101.7400,103.1800,94.0640,8783000
2020-09-22,103.0100,103.2800,102.0300,102.9600,93.8634,7833300
2020-09-23,103.3900,103.4300,101.8000,101.9000,92.8971,7681900
2020-09-24,101.5400,101.9000,100.7700,101.3900,92.4322,8434600
2020-09-25,101.0400,103.3000,100.9300,103.0200,93.9181,6769000
2020-09-28,104.0100,104.7600,103.7500,103.9500,94.7660,6511100
2020-09-29,104.1300,104.6600,103.4100,103.8200,94.6475,5402700
2020-09-30,104.1400,106.3300,104.1200,105.4800,96.1608,7565500
2020-10-01,105.9700,106.4000,104.6700,105.1200,95.8326,9113200
2020-10-02,104.1200,105.2100,103.7100,104.1600,94.9574,8628700
2020-10-05,104.9100,106.4100,104.8800,106.3000,96.9084,6661200
2020-10-06,106.6000,106.6600,104.7900,104.8900,95.6229,7747200
2020-10-07,105.6300,107.2000,105.6100,106.8700,97.4280,7873100
2020-10-08,107.4900,107.7400,107.1600,107.3900,97.9021,5942700
2020-10-09,107.9900,108.6800,107.7100,108.3600,98.7864,5636300
2020-10-12,108.8500,109.5300,108.4900,109.1000,99.4610,5065000
2020-10-13,108.4500,109.0200,107.9900,108.2700,98.7043,6773600
2020-10-14,108.2300,108.6800,107.3000,107.6400,98.1300,5999900
2020-10-15,106.3100,107.0600,106.1300,106.8600,97.4189,6197700
2020-10-16,107.2100,108.7200,107.1700,107.9200,98.3852,7462100
2020-10-19,108.2000,108.5300,105.8500,106.2100,96.8263,8308500
2020-10-20,106.5900,107.2300,106.1700,106.3500,96.9540,7421100
2020-10-21,106.3400,106.6400,105.5700,105.8200,96.4708,5474300
2020-10-22,105.9700,107.6100,105.9600,107.4200,97.9294,6127100
2020-10-23,107.9600,108.6000,107.2100,107.8200,98.2941,5697900
2020-10-26,106.9500,107.0800,105.6000,106.6200,97.2001,8135500
2020-10-27,106.2300,106.7600,105.8300,105.8900,96.5346,6893100
2020-10-28,104.1400,104.7700,102.4000,102.5300,93.4714,11431700
2020-10-29,102.4600,102.9100,101.0600,101.6900,92.7057,15974200
2020-10-30,101.5600,102.1600,100.3100,101.6600,92.6783,10741700
2020-11-02,103.1600,103.7300,102.4100,103.4900,94.3466,10287300
2020-11-03,104.7600,106.1400,104.6800,105.0000,95.7232,9812900
2020-11-04,107.9900,111.4200,107.7800,109.6600,99.9715,25531500
2020-11-05,111.1700,111.2500,109.6800,109.8800,100.1721,12864800
2020-11-06,110.0000,110.6700,109.2100,109.9200,100.2085,12311200
2020-11-09,113.9200,114.4100,110.8100,110.9500,101.1475,20443000
2020-11-10,111.4600,111.6700,110.0700,111.2700,101.4392,12526500
2020-11-11,112.1600,112.1600,110.5900,111.1300,101.3116,9935400
2020-11-12,110.9200,111.3600,109.9800,110.7200,100.9379,7856300
2020-11-13,111.2700,112.5500,111.0700,112.1200,102.2142,6576100
2020-11-16,113.0100,113.1900,111.3700,111.9300,102.0409,7586000
2020-11-17,111.3600,111.6100,110.6700,111.2000,101.3754,8898100
2020-11-18,111.4400,111.4800,109.1000,109.1300,99.4883,9849900
2020-11-19,109.1300,109.2200,108.2400,109.0500,99.4154,10410900
2020-11-20,108.8000,109.3100,108.4200,108.8000,99.1875,7674500
2020-11-23,109.3400,109.4000,107.8400,108.5200,98.9322,7747700
2020-11-24,109.0500,109.5800,108.4700,108.8400,99.2240,9615900
2020-11-25,108.9700,109.0500,107.9900,108.4400,98.8593,11671800
2020-11-27,108.8800,109.5200,108.5300,109.4400,99.7710,4443900
2020-11-30,109.4800,109.8400,108.9000,109.7400,100.0444,12723400
2020-12-01,110.8000,111.8700,110.4700,110.6600,100.8832,12682400
2020-12-02,110.7400,111.6800,110.6700,111.4900,101.6398,8552400
2020-12-03,111.4500,111.7900,110.8700,111.3500,101.5122,9795700
2020-12-04,111.3900,112.5600,111.2500,112.5400,102.5971,7859600
2020-12-07,112.4200,112.5200,111.4400,111.8500,101.9680,5803200
2020-12-08,111.5800,112.7900,111.5400,112.7000,102.7429,7953200
2020-12-09,113.1500,113.1600,111.8100,112.3100,102.3874,7386400
2020-12-10,112.2900,112.7400,111.8900,112.1200,102.2142,5411000
2020-12-11,111.6600,111.9300,110.9100,111.6800,101.8130,5222400
2020-12-14,112.5300,113.0900,110.7700,110.8400,101.0472,8469300
2020-12-15,111.6100,112.2800,111.0200,112.0400,102.1413,5007500
2020-12-16,111.9400,112.3400,111.2300,111.7100,101.8404,5355400
2020-12-17,111.8900,112.9800,111.8800,112.9100,102.9344,4263700
2020-12-18,113.0200,113.2700,111.7900,113.0000,103.0164,7876700
2020-12-21,110.8700,111.5100,109.3700,111.4100,101.9857,6129600
2020-12-22,111.2100,111.4700,110.4400,111.0700,101.6744,13104100
2020-12-23,111.4600,111.9700,111.0700,111.1500,101.7477,3920700
2020-12-24,111.2000,111.6800,111.0500,111.4700,102.0406,1674700
2020-12-28,112.0500,112.3000,111.4500,111.7500,102.2969,4390100
2020-12-29,112.2700,112.7900,111.9000,112.2800,102.7821,5053300
2020-12-30,112.5100,112.8900,112.1400,112.2600,102.7637,3563700
2020-12-31,112.2700,113.6200,111.9000,113.4400,103.8440,5581200
2021-01-04,113.8800,113.9000,111.1100,112.9500,103.3954,12911800
2021-01-05,112.7500,114.1600,112.2700,113.7700,104.1460,11081900
2021-01-06,112.1800,115.6300,112.1800,115.3300,105.5741,17833700
2021-01-07,115.4800,117.0000,115.3000,116.8300,106.9472,12407100
2021-01-08,117.0400,117.9100,116.2800,117.3900,107.4598,9350600
2021-01-11,117.4200,118.1300,117.2700,117.9400,107.9633,6428200
2021-01-12,117.7100,117.8400,116.1300,116.6600,106.7916,9225500
2021-01-13,116.6000,117.3800,116.1700,116.9800,107.0845,5259600
2021-01-14,117.1700,117.6100,116.4700,116.6100,106.7458,5792300
2021-01-15,116.2900,117.2400,115.8300,116.9700,107.0753,10335200
2021-01-19,117.9000,118.2300,117.2300,117.8500,107.8809,6194500
2021-01-20,118.0500,118.6900,117.3400,118.5000,108.4759,6872000
2021-01-21,118.3500,118.4700,117.5400,117.9400,107.9633,5796200
2021-01-22,117.5900,118.2500,117.4400,117.5900,107.6429,4796400
2021-01-25,117.6600,118.4300,117.4200,118.3600,108.3477,6962000
2021-01-26,118.7000,118.9900,117.8600,117.9200,107.9450,5504000
2021-01-27,116.6200,116.6200,114.0500,114.3400,104.6678,13096900
2021-01-28,115.3100,117.4700,115.0900,116.0100,106.1965,12626100
2021-01-29,115.8400,116.6600,114.1000,115.0300,105.2994,10462400
2021-02-01,115.9700,116.3500,115.2900,115.4700,105.7022,10105300
2021-02-02,116.3800,116.9500,115.7700,115.8000,106.0043,11515700
2021-02-03,115.8000,115.8600,114.6200,114.9800,105.2537,11280300
2021-02-04,114.9800,115.9300,114.7300,115.4600,105.6931,8451500
2021-02-05,116.2500,116.4300,115.3900,115.6700,105.8853,5557000
2021-02-08,116.0800,116.2400,115.4700,115.8100,106.0135,6956700
2021-02-09,115.8000,116.0900,115.6900,115.9800,106.1691,4730300
2021-02-10,116.8200,116.8500,115.7800,116.1900,106.3613,5406400
2021-02-11,116.6000,116.7000,115.8600,116.4100,106.5627,4684000
2021-02-12,116.1800,117.4100,116.0300,117.2800,107.3591,6345300
2021-02-16,117.4300,117.5400,115.7400,116.1200,106.2972,9531900
2021-02-17,115.7400,116.6000,115.6100,116.5400,106.6817,5022200
2021-02-18,115.9700,116.2800,115.3300,115.8100,106.0135,7756600
2021-02-19,115.9000,115.9900,114.3100,114.4100,104.7319,9390800
2021-02-22,113.8600,114.4900,113.1200,114.1400,104.4847,7213300
2021-02-23,114.0600,114.7600,113.4200,113.9500,104.3108,8731500
2021-02-24,114.0800,115.3600,113.7200,114.7400,105.0340,9842000
2021-02-25,114.5800,115.0400,113.0100,113.5900,103.9813,14494800
2021-02-26,113.9900,113.9900,112.3200,112.6100,103.0842,14687000
2021-03-01,113.5300,114.6100,113.5000,114.0800,104.4298,7361800
2021-03-02,114.3200,114.5900,113.6400,113.7500,104.1277,8456100
2021-03-03,113.3300,113.4500,112.0500,112.3100,102.8095,14946600
2021-03-04,112.0600,112.8000,109.9300,110.8000,101.4273,23441700
2021-03-05,111.4500,113.3800,110.5500,113.0200,103.4595,15645200
2021-03-08,113.1100,114.5300,112.6000,112.7400,103.2032,12691800
2021-03-09,113.5700,115.2000,113.3500,113.4000,103.8073,11022300
2021-03-10,114.1500,114.8000,113.6200,113.6600,104.0453,11641100
2021-03-11,114.0500,114.9800,113.8900,114.3500,104.6770,6549400
2021-03-12,114.1100,114.7600,113.9300,114.6000,104.9058,7452400
2021-03-15,114.3900,115.4200,114.2600,115.3900,105.6290,7119100
2021-03-16,115.5100,115.7200,114.9000,115.3200,105.5649,8618600
2021-03-17,114.8200,115.4700,114.2100,114.9000,105.1804,7524900
2021-03-18,114.3700,115.6000,114.3200,114.6600,104.9607,8553300
2021-03-19,114.7800,115.7500,114.2000,115.0700,105.3361,12595800
2021-03-22,114.6000,115.7500,114.0300,115.6700,106.2528,6156800
2021-03-23,115.5300,115.7200,114.2100,114.5000,105.1780,9170500
2021-03-24,114.5600,115.2500,114.3400,114.3700,105.0586,12647000
2021-03-25,114.5400,115.0700,113.3500,114.8500,105.4996,11505300
2021-03-26,115.1400,117.1700,114.8300,117.0200,107.4929,8286500
2021-03-29,116.5500,117.9700,116.5100,117.5700,107.9981,8958900
2021-03-30,117.2500,117.2500,116.2400,116.5100,107.0244,6865700
2021-03-31,116.7600,117.4500,116.5600,116.7400,107.2357,8504100
2021-04-01,116.9300,117.0400,116.0200,116.3900,106.9142,6676400
2021-04-05,116.9800,117.5600,116.7900,117.2000,107.6582,7190900
2021-04-06,117.3500,117.6900,116.5800,116.7500,107.2449,5206700
2021-04-07,116.6800,117.0800,116.1900,116.4900,107.0060,5753200
2021-04-08,116.8300,117.1800,116.5100,116.6700,107.1714,4292400
2021-04-09,116.7400,118.0200,116.6700,117.9500,108.3472,5919100
2021-04-12,117.7800,118.3100,117.6500,118.0700,108.4574,8279500
2021-04-13,117.7000,118.8900,117.5900,118.5600,108.9075,6519600
2021-04-14,118.4200,119.0300,118.3400,118.5500,108.8983,6226600
2021-04-15,119.0200,120.9300,119.0200,120.5800,110.7631,8438300
2021-04-16,121.2000,121.6200,120.7800,121.4800,111.5898,7447400
2021-04-19,121.2500,121.5400,120.8900,121.5100,111.6174,7094300
2021-04-20,120.9500,122.2900,120.9500,121.9800,112.0491,8063900
2021-04-21,122.3600,123.4900,122.3000,123.4200,113.3718,9635900
2021-04-22,123.3200,123.6000,122.4000,122.8700,112.8666,10030800
2021-04-23,122.8100,123.9600,122.5500,123.6800,113.6107,4974500
2021-04-26,123.6100,123.6200,123.0300,123.2600,113.2249,6907100
2021-04-27,122.9500,122.9700,122.3500,122.5500,112.5727,7034700
2021-04-28,122.3500,122.4900,121.9600,122.1800,112.2328,6788100
2021-04-29,122.3100,122.3400,121.0300,121.6900,111.7827,8148900
2021-04-30,121.2100,121.9200,121.1100,121.3300,111.4520,7153400
2021-05-03,121.9900,122.8400,121.8200,122.7100,112.7196,13179100
2021-05-04,122.5300,122.9300,122.0000,122.8400,112.8391,16186300
2021-05-05,123.0100,123.4400,122.8100,123.0600,113.0411,16713700
2021-05-06,122.3600,123.2300,121.7300,123.2200,113.1881,16115000
2021-05-07,123.5100,124.7200,123.4600,124.0700,113.9689,7576700
2021-05-10,124.5200,125.1900,124.1800,124.2300,114.1159,8846700
2021-05-11,123.5800,124.1000,122.6100,122.8900,112.8850,11357800
2021-05-12,122.2300,122.8400,121.6100,121.7300,111.8194,10946500
2021-05-13,121.9500,123.3900,121.7600,122.8300,112.8299,11228000
2021-05-14,123.5400,123.8600,123.1400,123.4500,113.3994,6590400
2021-05-17,123.3100,123.8800,123.1400,123.2200,113.1881,5997700
2021-05-18,123.1800,123.9700,122.7700,123.2600,113.2249,9202000
2021-05-19,122.4600,123.1300,121.5900,123.0500,113.0320,10063000
2021-05-20,123.0100,124.8700,123.0100,124.3400,114.2169,7522700
2021-05-21,124.7500,125.6600,124.2600,124.3600,114.2353,8423300
2021-05-24,125.0000,125.2500,124.4300,124.4800,114.3456,4958800
2021-05-25,124.6600,124.6700,123.9700,124.1100,114.0057,6798500
2021-05-26,124.0800,124.1200,122.8600,123.3900,113.3443,6848800
2021-05-27,123.6500,123.7500,123.0500,123.1200,113.0963,8102900
2021-05-28,123.5900,124.6200,123.5200,123.6000,113.5372,10059900
2021-06-01,123.7500,123.7900,121.4700,121.5700,111.6724,13368300
2021-06-02,121.6800,121.9900,121.0400,121.3300,111.4520,13245100
2021-06-03,120.8800,122.0200,120.6100,121.7000,111.7919,13244400
2021-06-04,122.3400,122.7000,121.9500,122.0900,112.1501,11228900
2021-06-07,122.3900,123.6100,122.1800,122.5300,112.5543,13978500
2021-06-08,122.8300,122.9000,121.2100,122.1500,112.2053,10799500
2021-06-09,122.4600,123.5400,122.4600,123.3300,113.2892,7965600
2021-06-10,123.6300,125.5800,123.5800,125.4400,115.2274,9350900
2021-06-11,125.2500,125.3100,123.9200,124.5500,114.4099,6958100
2021-06-14,124.4800,124.6800,123.7800,124.6600,114.5109,5156000
2021-06-15,124.7900,124.9800,124.1700,124.7000,114.5476,5409100
2021-06-16,124.8300,125.4600,123.8700,124.2200,114.1067,11653200
2021-06-17,124.0000,125.5000,123.9800,125.1700,114.9794,6527000
2021-06-18,124.2400,124.4100,123.5700,123.7400,113.6658,11152600
2021-06-21,123.6500,124.9700,123.2000,124.7400,115.0315,6655400
2021-06-22,124.8200,125.1800,124.4000,125.0100,115.2805,7194000
2021-06-23,124.8400,125.1300,124.4400,124.4900,114.8010,6506600
2021-06-24,125.2200,126.0100,124.9900,125.1300,115.3912,7029200
2021-06-25,125.0800,126.0800,125.0100,125.7000,115.9168,8344200
2021-06-28,125.8300,126.0500,125.4100,125.8900,116.0920,4631400
2021-06-29,125.9000,126.4200,125.7400,126.0300,116.2211,6165500
2021-06-30,125.9000,126.2100,125.4700,125.9500,116.1474,8542700
2021-07-01,126.0400,127.1600,125.9900,127.0700,117.1802,12021000
2021-07-02,127.2300,128.4100,127.0100,128.2900,118.3052,12327900
2021-07-06,127.9100,128.1800,127.2600,128.1700,118.1946,11413100
2021-07-07,128.1800,128.9800,127.7100,128.9800,118.9415,18435700
2021-07-08,127.7800,128.3700,127.1100,128.2700,118.2868,8386600
2021-07-09,128.7300,129.1000,128.4200,128.7100,118.6926,5224200
2021-07-12,128.7100,129.6000,128.6100,128.9600,118.9231,9097900
2021-07-13,128.8000,129.2600,128.5300,128.8400,118.8124,9698800
2021-07-14,129.1300,129.2400,128.4900,128.7200,118.7018,7487000
2021-07-15,128.0300,128.5900,127.4800,128.2700,118.2868,8750600
2021-07-16,128.6000,129.0900,128.1800,128.6200,118.6096,6511000
2021-07-19,127.7800,128.3900,126.2300,127.2700,117.3646,19460400
2021-07-20,127.6800,129.5500,127.6800,128.8200,118.7940,15053700
2021-07-21,129.3400,129.3800,127.6400,129.0300,118.9877,8295700
2021-07-22,129.1400,129.9800,128.7900,129.9800,119.8637,9261100
2021-07-23,130.5300,131.6100,130.3700,131.4800,121.2469,8303800
2021-07-26,131.1100,131.4900,130.2000,130.6300,120.4631,6626500
2021-07-27,130.4500,131.2400,130.1000,131.2400,121.0257,9551600
2021-07-28,131.0500,132.0900,130.7200,131.7100,121.4591,7432600
2021-07-29,132.1400,132.2300,131.6400,132.0300,121.7542,5662700
2021-07-30,131.8100,132.6400,131.6300,132.1500,121.8648,6634400
2021-08-02,132.6700,132.8500,131.9400,132.3300,122.0308,8366300
2021-08-03,132.3900,134.2100,132.3000,134.1700,123.7276,7701700
2021-08-04,133.6500,134.4700,133.4300,133.6000,123.2019,8322100
2021-08-05,133.5000,133.5200,132.0400,133.0500,122.6948,8240900
2021-08-06,132.9900,133.1100,132.0900,132.9400,122.5933,6923700
2021-08-09,133.1300,133.7000,133.0300,133.4500,123.0636,9852500
2021-08-10,133.5200,133.7900,132.6300,133.1400,122.7778,5832600
2021-08-11,133.3500,133.5600,131.7100,131.8200,121.5605,14512500
2021-08-12,131.9500,132.9700,131.8600,132.8600,122.5196,8220300
2021-08-13,133.1900,133.7200,133.0300,133.6900,123.2850,7922900
2021-08-16,133.6900,135.2300,133.2300,135.2100,124.6867,8404200
2021-08-17,134.8500,136.8100,134.7800,136.8100,126.1621,13874500
2021-08-18,136.6300,136.7800,134.6500,134.7300,124.2440,12427700
2021-08-19,133.8400,136.0400,133.8000,135.3400,124.8065,11669200
2021-08-20,135.4700,136.5200,135.0000,136.1100,125.5166,7252700
2021-08-23,136.8800,136.9800,136.1200,136.1600,125.5627,8471300
2021-08-24,136.1600,136.1800,135.2900,135.6800,125.1200,6548100
2021-08-25,135.5500,135.6200,134.7500,135.3100,124.7789,6918500
2021-08-26,135.3900,135.6900,134.5200,134.7800,124.2901,5972100
2021-08-27,135.0800,135.4500,134.4100,134.6300,124.1518,8679200
2021-08-30,134.5100,135.8800,134.5000,135.3900,124.8526,6417200
2021-08-31,135.4200,136.0500,134.7300,135.2100,124.6867,9299100
2021-09-01,135.3200,135.4400,133.9700,135.2500,124.7235,10571100
2021-09-02,135.7500,136.7200,135.6000,136.7000,126.0607,6847800
2021-09-03,136.5600,137.0400,135.9100,136.8500,126.1990,5632800
2021-09-07,136.3400,136.5600,135.1600,136.0500,125.4613,8739100
2021-09-08,135.7800,136.2100,135.4200,135.9900,125.4059,6986200
2021-09-09,135.8000,136.1100,134.3400,134.4200,123.9581,8905600
2021-09-10,134.9000,135.0200,133.1200,133.1900,122.8239,10561600
2021-09-13,133.8900,133.9700,131.7000,132.3700,122.0677,11676700
2021-09-14,132.9900,133.3000,132.1200,132.3500,122.0492,10436300
2021-09-15,132.1800,133.8300,131.9800,133.2100,122.8423,10299900
2021-09-16,133.3800,133.6300,131.9600,132.8700,122.5288,10525700
2021-09-17,132.7600,133.1100,132.1300,133.0000,122.6487,13541400
2021-09-20,131.0300,132.3200,130.0100,131.1500,121.3688,17245000
2021-09-21,131.7500,132.7000,131.3300,131.3500,121.5539,11741800
2021-09-22,131.7400,132.2300,130.9400,131.5700,121.7575,11964100
2021-09-23,131.8700,133.2900,131.7700,132.5200,122.6366,10366500
2021-09-24,132.3000,132.7900,131.7000,131.9800,122.1369,6962600
2021-09-27,131.6000,131.7600,129.8200,130.1000,120.3971,11631400
2021-09-28,129.2700,129.2700,127.4300,127.8700,118.3334,17433400
2021-09-29,128.4400,129.4800,128.1800,128.8800,119.2681,11171400
2021-09-30,129.3100,130.1200,127.1900,127.3000,117.8059,21653100
2021-10-01,127.4700,127.9300,125.2800,127.3300,117.8337,23188900
2021-10-04,126.8100,127.4600,124.7600,125.3900,116.0384,27580700
2021-10-05,125.9000,127.4200,125.7300,126.1400,116.7324,19151800
2021-10-06,125.4400,126.0200,124.5000,125.9100,116.5196,21322100
2021-10-07,126.7800,128.4000,126.5400,127.5800,118.0650,15806400
2021-10-08,127.7600,128.0000,126.6800,126.9400,117.4728,9552300
2021-10-11,126.8300,127.5000,125.9100,125.9500,116.5566,7843400
2021-10-12,126.3500,126.4800,125.0300,125.3400,115.9921,13007200
2021-10-13,125.5500,126.1100,124.7700,125.5400,116.1772,10609000
2021-10-14,126.8400,127.8400,126.8400,127.3400,117.8429,8857900
2021-10-15,128.0000,128.5500,127.7300,127.9700,118.4260,8976100
2021-10-18,127.4100,127.5400,126.5500,127.1000,117.6209,11660700
2021-10-19,127.7900,129.1000,127.7900,128.7700,119.1663,9487000
2021-10-20,129.5400,130.8000,129.4200,130.6100,120.8691,13665700
2021-10-21,130.8800,131.2200,129.9300,131.1400,121.3595,8267500
2021-10-22,131.0200,131.7200,130.8200,131.6700,121.8500,8009700
2021-10-25,131.7300,131.9700,130.7100,131.8300,121.9981,10629700
2021-10-26,132.1300,132.8600,131.4100,132.4800,122.5996,9271600
2021-10-27,132.6900,132.8300,131.3900,131.4300,121.6279,11851400
2021-10-28,131.6700,133.0400,131.6700,132.5300,122.6459,9282500
2021-10-29,132.3600,133.9900,131.8500,133.8200,123.8397,15415100
2021-11-01,133.9400,134.4900,133.1500,133.6600,123.6916,14356700
2021-11-02,134.1800,135.1700,133.0100,134.5000,124.4690,20851500
2021-11-03,134.2400,135.3400,133.7400,135.2900,125.2000,14610000
2021-11-04,134.9800,135.1900,133.4300,134.3600,124.3394,15818500
2021-11-05,133.1500,133.7000,131.9000,132.8600,122.9513,14867300
2021-11-08,133.1000,133.8200,132.5800,133.6500,123.6823,8948800
2021-11-09,133.6900,133.8100,132.9000,133.1600,123.2289,7287000
2021-11-10,133.1200,134.0800,133.1000,133.5400,123.5805,8445400
2021-11-11,133.5200,133.6100,132.8300,133.1500,123.2197,8597300
2021-11-12,134.0000,134.1200,133.0700,133.8100,123.8304,8317600
2021-11-15,134.1200,134.1900,132.8500,132.9800,123.0623,6268900
2021-11-16,132.9500,134.2600,132.7200,133.5400,123.5805,6150900
2021-11-17,133.6900,134.2500,133.1100,133.7300,123.7564,8229000
2021-11-18,133.8700,134.1200,133.3200,133.7800,123.8027,9029300
2021-11-19,134.1800,134.6300,132.8500,132.9700,123.0531,10166100
2021-11-22,133.1600,133.6200,132.2000,132.3700,122.4978,11146200
2021-11-23,131.7500,132.6500,131.3500,132.5100,122.6274,12075200
2021-11-24,132.2600,132.7000,131.8000,132.4600,122.5811,6760800
2021-11-26,132.9400,133.7200,131.5100,131.9700,122.1277,11896900
2021-11-29,132.6900,133.2200,132.1900,132.3300,122.4608,17137100
2021-11-30,131.5700,132.1700,129.5400,129.7300,120.0547,19467000
2021-12-01,130.3500,132.0900,129.4800,129.5000,119.8419,22241400
2021-12-02,129.4600,130.6600,128.8400,130.1300,120.4249,17531100
2021-12-03,131.0400,131.5400,129.2900,130.3700,120.6469,22111900
2021-12-06,130.7100,131.6800,130.5100,131.1100,121.3318,15230900
2021-12-07,132.0000,133.1200,131.8200,132.8000,122.8957,11974700
2021-12-08,133.1800,133.8900,132.5100,133.8000,123.8212,15144700
2021-12-09,133.6700,134.5500,133.5700,134.1100,124.1080,9095800
2021-12-10,133.7600,134.8600,133.7000,134.5800,124.5430,8554300
2021-12-13,134.5800,136.2300,134.5800,135.8500,125.7183,12201800
2021-12-14,135.2200,136.0100,134.6300,135.3000,125.2093,11070800
2021-12-15,135.5900,138.1400,135.4700,138.0700,127.7727,14996300
2021-12-16,138.0600,139.5900,137.8100,138.8900,128.5315,19227500
2021-12-17,138.1900,139.0400,137.3800,137.9200,127.6339,21504200
2021-12-20,137.1100,137.5300,135.3800,136.5600,126.8610,16185700
2021-12-21,136.9500,137.1900,135.6800,137.1300,127.3905,10773400
2021-12-22,137.0600,138.8100,136.8200,138.7300,128.8769,7246000
2021-12-23,139.0900,139.7500,138.6800,139.3000,129.4064,7743800
2021-12-27,139.8000,140.7700,139.6500,140.7700,130.7720,6968900
2021-12-28,140.9000,141.1500,140.0300,140.4000,130.4283,6065900
2021-12-29,140.2600,141.4900,140.1600,141.2000,131.1714,7103600
2021-12-30,141.4600,141.9800,141.3100,141.4900,131.4408,7931700
2021-12-31,141.3200,141.8600,140.8400,140.8900,130.8834,7882800
2022-01-03,140.2900,140.5500,138.2400,139.4400,129.5364,15122300
2022-01-04,139.1300,139.2900,137.0100,137.6000,127.8271,14304500
2022-01-05,137.9000,138.7300,136.5700,136.6200,126.9167,15370700
2022-01-06,135.7700,136.6000,134.8000,135.0400,125.4489,15182000
2022-01-07,134.7200,134.9700,134.0700,134.3500,124.8079,9619400
2022-01-10,133.7600,135.8100,133.4400,135.7300,126.0899,15589900
2022-01-11,135.9300,136.8300,135.0000,136.8100,127.0932,12168300
2022-01-12,136.0300,136.6300,135.8300,136.4200,126.7309,10831800
2022-01-13,136.1800,136.3500,134.0600,134.3000,124.7615,13804900
2022-01-14,133.9400,134.2100,132.6900,134.0700,124.5478,14341800
2022-01-18,132.7500,132.9600,131.8500,132.1900,122.8013,16471400
2022-01-19,132.4400,133.4800,131.5200,131.6500,122.2997,14639600
2022-01-20,131.9700,133.3200,130.7100,130.7900,121.5008,15127800
2022-01-21,131.1900,131.6000,129.2600,129.4700,120.2746,25804800
2022-01-24,128.3000,129.2600,124.9200,129.0400,119.8751,37938000
2022-01-25,127.3300,129.3100,126.2700,128.2100,119.1040,19326800
2022-01-26,128.4200,129.5800,126.5400,127.5400,118.4816,29557400
2022-01-27,128.1600,129.8400,127.4500,127.8700,118.7882,18483600
2022-01-28,127.7600,130.5300,126.8600,130.4800,121.2128,20906800
2022-01-31,130.2400,131.4700,129.9800,131.2300,121.9095,19044400
2022-02-01,131.7000,131.8200,130.5300,131.5800,122.2347,14674800
2022-02-02,131.4900,133.6700,131.2200,133.3500,123.8790,13595200
2022-02-03,133.1700,133.2800,132.5300,132.7800,123.3494,13805600
2022-02-04,131.5700,133.2300,131.3300,132.3000,122.9035,12004100
2022-02-07,132.3500,132.8100,131.7000,132.0700,122.6899,9229200
2022-02-08,131.3700,133.3800,131.0700,133.1500,123.6932,11071600
2022-02-09,133.7900,134.4600,133.6500,134.1800,124.6500,10811000
2022-02-10,132.6300,133.7900,131.5600,132.0800,122.6992,14393300
2022-02-11,131.9000,132.9000,130.0900,130.2500,120.9991,13072300
2022-02-14,129.9800,130.2300,127.9500,128.9200,119.7636,14386900
2022-02-15,130.0400,130.8800,129.7100,130.3700,121.1106,8969900
2022-02-16,129.7000,130.9400,129.3400,130.5700,121.2964,8779200
2022-02-17,130.0400,130.1100,128.2800,128.4700,119.3456,11906800
2022-02-18,128.3500,129.0400,127.0800,127.5100,118.4537,13505600
2022-02-22,127.0600,128.2300,126.3400,127.1900,118.1565,13682100
2022-02-23,127.8400,128.2800,126.4300,126.5500,117.5619,12022800
2022-02-24,124.2900,127.3200,124.0600,127.0600,118.0357,23220000
2022-02-25,127.6300,131.2700,127.4900,130.9500,121.6494,17012300
2022-02-28,128.8500,130.1100,128.4500,129.9600,120.7297,17987700
2022-03-01,129.2800,130.3400,128.2400,129.2400,120.0609,14064200
2022-03-02,129.8100,131.9000,129.6400,131.1900,121.8724,12395600
2022-03-03,131.7700,132.6300,130.7400,131.8600,122.4948,11172600
2022-03-04,130.5300,132.6400,130.1400,132.5200,123.1079,12160400
2022-03-07,131.6900,131.9400,129.6200,130.2100,120.9620,15704000
2022-03-08,129.3500,130.3100,127.4700,127.5500,118.4909,21794600
2022-03-09,129.6300,130.6300,128.6700,129.9600,120.7297,15576500
2022-03-10,128.3900,130.1900,128.2500,129.9100,120.6833,10708800
2022-03-11,130.2600,131.0200,128.8100,128.9400,119.7822,9869100
2022-03-14,129.9800,131.7200,129.4700,129.8500,120.6276,14373200
2022-03-15,130.9000,132.5800,130.6800,132.4400,123.0336,14374100
2022-03-16,133.1100,134.0500,131.7500,134.0300,124.5107,13840400
2022-03-17,133.6400,136.2100,133.4600,136.1500,126.4801,10973100
2022-03-18,136.0700,137.1600,135.6600,136.9900,127.2604,11364200
2022-03-21,136.5000,137.6700,135.8200,136.4600,127.1635,11473100
2022-03-22,136.6000,136.7900,135.9900,136.4900,127.1915,8892100
2022-03-23,135.8400,136.0900,134.0000,134.0400,124.9084,10013400
2022-03-24,134.5400,135.6400,134.2500,135.6400,126.3994,7189200
2022-03-25,136.1000,136.5000,135.2300,136.2700,126.9865,7040100
2022-03-28,136.5000,137.3000,136.0100,137.2600,127.9090,8467000
2022-03-29,138.4000,138.9500,137.2500,138.0700,128.6638,12327700
2022-03-30,138.0900,138.8900,137.6400,138.3400,128.9154,10752900
2022-03-31,138.0500,138.8100,136.7500,136.9900,127.6574,15843000
2022-04-01,137.3700,138.1200,136.4500,138.0700,128.6638,20785700
2022-04-04,137.7600,138.0000,136.6000,136.9200,127.5922,16769500
2022-04-05,136.5700,138.8400,136.5000,137.2100,127.8624,15025100
2022-04-06,136.8600,139.6300,136.7700,139.3000,129.8100,23197800
2022-04-07,138.8000,142.3400,138.8000,141.9800,132.3074,18160200
2022-04-08,141.9900,143.4200,141.7800,142.8300,133.0996,19102700
2022-04-11,142.4200,143.0000,139.7800,139.9900,130.4530,16570700
2022-04-12,139.6400,140.4600,138.0300,138.6300,129.1857,14085400
2022-04-13,138.6200,139.4500,137.9000,139.3100,129.8194,15496400
2022-04-14,139.4400,140.1500,138.5400,138.6400,129.1950,10993400
2022-04-18,138.5000,138.8200,136.5300,137.1100,127.7692,10125000
2022-04-19,137.4700,138.9100,137.4200,138.4200,128.9900,11733100
2022-04-20,138.8000,140.8200,138.6400,140.2800,130.7233,13674800
2022-04-21,140.6700,140.8300,138.4200,138.7300,129.2789,11409700
2022-04-22,137.4800,137.5200,133.5300,133.6700,124.5636,17525300
2022-04-25,133.2800,134.8600,131.7800,134.5700,125.4023,16501900
2022-04-26,133.7600,134.4800,132.0100,132.2000,123.1938,20087700
2022-04-27,132.1800,133.2500,131.2600,131.9100,122.9235,16726700
2022-04-28,132.8400,134.1700,131.6100,133.7300,124.6195,15510700
2022-04-29,132.4300,133.1200,130.0900,130.2900,121.4138,17430200
2022-05-02,130.1800,130.9100,127.3800,129.4800,120.6590,23615100
2022-05-03,129.8800,131.1400,129.4300,129.8900,121.0411,13585300
2022-05-04,129.6800,133.2500,128.5900,132.7700,123.7249,19053500
2022-05-05,132.1200,132.2600,128.8500,130.1900,121.3207,16119800
2022-05-06,128.9300,130.1400,128.2700,129.7800,120.9386,21742300
2022-05-09,128.3300,128.3600,125.9300,126.4200,117.8075,17289800
2022-05-10,127.7400,128.2200,125.7000,126.8700,118.2268,21850200
2022-05-11,126.2400,129.0900,125.8800,126.0300,117.4441,19987300
2022-05-12,125.5700,127.3300,125.2800,127.2500,118.5810,17497100
2022-05-13,128.0900,129.0000,127.5300,128.6000,119.8390,9841500
2022-05-16,128.4500,130.4300,128.4200,129.5500,120.7243,8839800
2022-05-17,130.9000,131.3900,129.9300,131.3300,122.3830,9058700
2022-05-18,130.4400,130.7600,127.5300,127.9400,119.2240,10005000
2022-05-19,126.9200,129.0000,126.4600,128.2200,119.4849,9672800
2022-05-20,129.0800,130.0600,127.3300,129.7800,120.9386,12833700
2022-05-23,130.6500,131.4300,130.3800,130.9200,122.0009,9196500
2022-05-24,130.5400,131.5300,129.7000,131.3100,122.3644,9031300
2022-05-25,131.2200,132.1300,130.0400,131.2700,122.3271,8532400
2022-05-26,131.6000,132.3300,131.2200,131.8300,122.8489,9090100
2022-05-27,132.0600,134.0500,131.5100,134.0200,124.8898,13696000
2022-05-31,132.8400,133.0800,131.1600,132.2300,123.2217,11740800
2022-06-01,132.7100,132.7300,129.2900,130.3300,121.4511,9259900
2022-06-02,130.5000,131.3900,128.1700,131.3600,122.4109,9575400
2022-06-03,130.4500,131.0300,129.6500,129.8200,120.9759,5852600
2022-06-06,130.7500,131.0200,129.4900,129.8400,120.9945,7729000
2022-06-07,129.8400,131.6600,129.3700,131.5300,122.5694,7219100
2022-06-08,131.1600,131.6400,130.1200,130.4900,121.6002,5372000
2022-06-09,130.0500,130.4900,127.5100,127.5400,118.8512,7772900
2022-06-10,126.0300,126.6600,125.0000,125.4900,116.9409,11289000
2022-06-13,123.0100,123.7600,121.1800,121.6900,113.3997,14886200
2022-06-14,121.5500,121.8600,119.6700,120.5300,112.3188,9299500
2022-06-15,121.1900,123.0300,119.8900,121.7500,113.4556,10301600
2022-06-16,119.5200,120.0400,118.7500,119.9600,111.7876,9383300
2022-06-17,120.0000,121.7900,119.8500,119.8900,111.7224,13724900
2022-06-21,121.0600,123.1500,120.6600,122.6000,114.7300,7987200
2022-06-22,121.8200,125.6700,121.7600,124.3000,116.3209,10188900
2022-06-23,124.8800,127.1900,124.8800,127.0900,118.9318,11943300
2022-06-24,128.0200,129.2200,127.1600,129.2000,120.9064,10448100
2022-06-27,129.2000,130.2300,128.7900,129.6800,121.3556,8963600
2022-06-28,129.9400,130.5900,127.1800,127.4200,119.2406,7518700
2022-06-29,127.5900,129.1700,127.3900,128.5300,120.2794,9157700
2022-06-30,127.8600,128.9700,126.8900,128.2400,120.0080,10697600
2022-07-01,128.2900,129.8500,126.8600,129.6800,121.3556,9366600
2022-07-05,128.4300,128.9600,126.1700,128.9300,120.6537,9987000
2022-07-06,129.1100,130.4700,128.8800,129.8000,121.4679,9033300
2022-07-07,129.6100,130.5200,129.5400,130.3500,121.9826,6805500
2022-07-08,129.9800,132.0400,129.8500,130.7400,122.3475,6505800
2022-07-11,130.0100,131.1400,129.8700,130.4100,122.0387,7027300
2022-07-12,130.0000,130.8800,128.1700,128.7500,120.4853,9280400
2022-07-13,127.6600,128.5300,127.1700,127.5000,119.3155,9296500
2022-07-14,126.0400,127.3200,125.2300,127.1300,118.9693,7784800
2022-07-15,129.0200,130.2600,128.4500,130.2000,121.8422,9684800
2022-07-18,130.3300,130.4500,127.0200,127.4500,119.2687,7047700
2022-07-19,128.8100,129.8400,128.2500,129.6200,121.2994,6585700
2022-07-20,129.4400,129.6100,127.8200,128.3400,120.1016,7599500
2022-07-21,128.7200,130.3700,128.3900,130.3700,122.0013,9507700
2022-07-22,130.6700,130.9200,129.0400,129.8300,121.4959,8657100
2022-07-25,129.9300,130.7500,129.8100,130.5100,122.1323,5489000
2022-07-26,130.8800,131.9900,130.5300,131.1800,122.7593,7482400
2022-07-27,131.1000,132.5900,130.4900,132.0000,123.5266,7680700
2022-07-28,132.1700,133.8100,129.9200,132.8400,124.3127,11052600
2022-07-29,132.1700,132.6400,131.4700,132.4000,123.9010,8309500
2022-08-01,131.6600,132.3800,131.1200,131.4200,122.9839,7665400
2022-08-02,131.7400,132.8000,130.8800,130.9500,122.5440,7935100
2022-08-03,131.6600,132.6700,131.3000,132.1500,123.6670,6825700
2022-08-04,132.4600,132.4900,131.2900,131.5000,123.0587,5493000
2022-08-05,130.6800,131.5100,130.3700,131.4500,123.0120,8883400
2022-08-08,131.7000,132.6300,131.0900,131.7600,123.3020,7075100
2022-08-09,131.9300,132.5600,131.0500,131.3600,122.9277,5802500
2022-08-10,132.7600,132.8900,132.0200,132.7900,124.2659,6736300
2022-08-11,132.3900,133.6900,131.6500,131.9300,123.4611,8471400
2022-08-12,132.2500,133.6800,132.0300,133.6200,125.0427,7515500
2022-08-15,133.5500,134.4700,133.0700,134.2900,125.6696,7486100
2022-08-16,134.0000,134.3800,133.4100,133.9300,125.3327,7138400
2022-08-17,133.1500,133.9200,132.9500,133.1500,124.6028,7251800
2022-08-18,133.1100,133.3800,131.8500,132.5600,124.0507,7053600
2022-08-19,132.5600,133.5600,132.3700,132.9200,124.3876,5946500
2022-08-22,132.1000,132.5200,130.7400,131.1800,122.7593,6420400
2022-08-23,130.6000,130.7400,128.9900,129.3500,121.0468,7501900
2022-08-24,129.4800,130.0100,129.0400,129.5100,121.1965,6719500
2022-08-25,130.0600,130.9800,129.1500,130.9400,122.5347,5636600
2022-08-26,130.9800,130.9900,127.1900,127.2900,119.1190,9044500
2022-08-29,126.5200,127.1900,125.7400,126.4000,118.2861,6727700
2022-08-30,126.8500,126.8500,125.2500,125.5600,117.5000,7910500
2022-08-31,125.9700,126.7600,124.7400,124.7600,116.7514,8954500
2022-09-01,124.5600,126.8700,124.3900,126.8100,118.6698,11212400
2022-09-02,127.5400,127.6600,124.4500,124.9900,116.9666,9730300
2022-09-06,125.4800,126.6800,124.7600,125.1100,117.0789,9663400
2022-09-07,125.0800,127.3600,124.6800,127.1500,118.9880,9038300
2022-09-08,126.6800,129.4000,126.4200,129.3600,121.0561,9394800
2022-09-09,129.6800,130.8500,129.4400,130.5000,122.1229,8880400
2022-09-12,131.0000,132.0500,130.6500,131.3700,122.9371,7982400
2022-09-13,129.2800,129.5700,126.6900,127.0300,118.8757,11928500
2022-09-14,127.4500,128.2000,126.2600,127.1000,118.9412,8080100
2022-09-15,127.6500,129.0300,127.5200,127.8100,119.6056,8624200
2022-09-16,127.4100,127.7300,126.4700,127.4500,119.2687,10810100
2022-09-19,126.1400,126.2900,124.4600,126.2600,118.6261,9430100
2022-09-20,125.4100,125.6000,124.0100,124.7800,117.2356,9010600
2022-09-21,125.2800,126.1100,122.6800,122.7100,115.2907,11642400
2022-09-22,122.5200,124.2000,122.0000,123.3600,115.9014,9505600
2022-09-23,122.7000,122.9500,121.2000,122.7300,115.3095,16611100
2022-09-26,122.0000,122.5900,121.0200,121.5600,114.2103,10450600
2022-09-27,122.4100,123.2000,120.7000,121.1900,113.8626,13239900
2022-09-28,122.8900,124.4600,122.1000,123.8400,116.3524,16360000
2022-09-29,123.4700,123.7700,121.9700,122.8000,115.3753,10791700
2022-09-30,122.8100,123.6600,120.9700,121.1100,113.7875,12389800
2022-10-03,121.9900,124.0700,121.6200,123.6000,116.1269,9326800
2022-10-04,124.6300,126.5200,124.3400,126.4700,118.8234,13717900
2022-10-05,125.6600,127.5500,125.1900,126.8900,119.2180,9913400
2022-10-06,126.4200,126.8100,124.9400,125.2700,117.6959,9399300
2022-10-07,124.3200,124.5400,121.9200,122.6200,115.2062,10068700
2022-10-10,122.9100,123.0800,121.3800,121.8500,114.4827,8377800
2022-10-11,121.6000,123.8000,121.2900,122.5000,115.0934,10792900
2022-10-12,122.8900,123.6200,121.8700,121.9000,114.5297,9292800
2022-10-13,120.1500,125.3300,119.9500,124.7400,117.1980,14063600
2022-10-14,125.4700,126.4000,123.5200,123.9000,116.4088,11442300
2022-10-17,124.6900,126.1400,124.5400,125.8900,118.2784,8420400
2022-10-18,127.7600,127.8000,125.9700,126.5900,118.9361,10016700
2022-10-19,126.2000,126.2100,123.7300,124.8200,117.2731,7676200
2022-10-20,124.6000,125.5100,123.6000,123.7600,116.2772,7196600
2022-10-21,123.6700,126.8800,123.0100,126.5400,118.8891,8433100
2022-10-24,127.6000,129.3700,127.6000,128.9800,121.1816,7411300
2022-10-25,128.5900,130.1100,128.5200,129.9600,122.1024,7174200
2022-10-26,130.3600,132.6200,130.3200,131.4000,123.4553,8277100
2022-10-27,131.7000,131.7200,130.5100,130.7100,122.8070,6496800
2022-10-28,130.9100,132.9600,130.5000,132.8600,124.8270,6267100
2022-10-31,132.1700,133.2700,131.8700,132.7500,124.7237,7852800
2022-11-01,132.9100,133.5700,131.4100,132.8300,124.7989,8033300
2022-11-02,132.5200,134.0300,130.5000,130.5700,122.6755,10228700
2022-11-03,129.6200,130.7400,128.7000,130.0200,122.1588,7916600
2022-11-04,131.0000,131.2800,128.9700,130.8100,122.9010,8082200
2022-11-07,131.0200,132.5600,130.5300,132.2100,124.2163,6054400
2022-11-08,132.2400,133.8900,131.3300,132.8700,124.8364,8930700
2022-11-09,132.6600,133.5500,131.2800,131.4400,123.4929,8963500
2022-11-10,134.4700,135.0500,132.6600,134.7800,126.6310,12416800
2022-11-11,134.6100,134.6300,131.4000,133.1300,125.0807,10487200
2022-11-14,133.5300,134.8400,133.2000,133.2500,125.1934,10552600
2022-11-15,134.1000,134.6600,131.9700,133.0800,125.0337,8184100
2022-11-16,133.4100,134.3100,132.7900,133.0200,124.9774,6122200
2022-11-17,131.9700,133.5000,131.8600,132.9600,124.9210,6498700
2022-11-18,134.0900,134.8000,133.6500,134.5700,126.4336,6720700
2022-11-21,134.2900,135.2100,134.1400,134.6300,126.4900,7995200
2022-11-22,134.9500,135.9000,134.9300,135.8000,127.5893,5931100
2022-11-23,135.8200,136.5400,135.4800,136.3400,128.0966,5340600
2022-11-25,136.5000,137.2600,136.4800,137.1500,128.8577,3256000
2022-11-28,136.7300,137.5400,135.8500,136.1200,127.8899,5026800
2022-11-29,135.8300,136.0500,135.0500,135.7800,127.5705,5439600
2022-11-30,135.9800,139.1100,135.2600,139.0200,130.6146,9377400
2022-12-01,139.8200,140.1600,138.6700,139.4200,130.9904,15140200
2022-12-02,138.0200,139.9700,138.0200,139.7800,131.3286,7779800
2022-12-05,138.8800,139.2000,137.9700,138.4400,130.0697,6921500
2022-12-06,138.1800,138.6200,136.7100,137.3900,129.0832,8171500
2022-12-07,137.3900,138.9200,137.3500,138.5200,130.1448,7427000
2022-12-08,138.7600,139.9300,138.4900,139.7700,131.3192,6765000
2022-12-09,139.5800,140.0000,137.9400,137.9800,129.6375,6203000
2022-12-12,138.0700,139.4500,138.0700,139.4500,131.0186,5669700
2022-12-13,141.3500,141.7700,138.9100,139.8800,131.4226,9886500
2022-12-14,139.8200,141.2800,138.9200,140.1000,131.6293,10882200
2022-12-15,138.8500,139.2000,137.0400,137.5300,129.2147,8746700
2022-12-16,136.4900,136.5800,134.7800,135.5300,127.3356,10843900
2022-12-19,134.9300,135.1800,133.8600,134.4700,126.8601,6801600
2022-12-20,134.5200,134.9600,133.7100,134.4400,126.8318,4815500
2022-12-21,135.2600,136.6300,134.8400,136.2100,128.5017,5937500
2022-12-22,135.4500,136.0600,134.2600,136.0200,128.3224,5483300
2022-12-23,135.8900,136.2300,135.1000,136.1000,128.3979,3766900
2022-12-27,136.3600,136.4700,135.2100,135.7500,128.0677,7050500
2022-12-28,136.2000,136.8600,134.8200,134.8700,127.2375,5054200
2022-12-29,135.7100,137.0400,135.4000,136.3400,128.6243,6297300
2022-12-30,135.8800,136.0200,134.4700,135.8500,128.1620,6369500
2023-01-03,135.9600,136.3300,134.4300,135.4600,127.7941,7239200
2023-01-04,136.2200,136.5700,134.9400,135.8200,128.1338,8469800
2023-01-05,134.9200,135.2500,133.9000,134.4300,126.8224,6714200
2023-01-06,135.3300,136.0400,133.6100,135.6700,127.9922,7175700
2023-01-09,135.8100,135.8500,133.2200,133.4000,125.8507,7719500
2023-01-10,133.3500,134.7300,133.1500,134.5200,126.9073,7675200
2023-01-11,134.6100,135.3000,133.9900,135.2800,127.6243,7307200
2023-01-12,134.9900,135.4100,133.5400,134.8500,127.2186,7580500
2023-01-13,134.1100,135.8600,134.0500,135.4500,127.7847,6334100
2023-01-17,135.3800,135.6100,134.6400,134.8200,127.1903,6664100
2023-01-18,134.8200,135.1700,132.7900,132.9200,125.3978,10629100
2023-01-19,132.5300,133.7700,132.2600,133.2400,125.6997,9902300
2023-01-20,133.5400,134.0100,132.5200,133.9100,126.3318,5962200
2023-01-23,133.9900,135.1200,133.6900,134.3700,126.7658,7211000
2023-01-24,133.7000,134.4800,132.6200,133.4800,125.9262,5754800
2023-01-25,132.5900,133.5500,132.2100,133.5200,125.9639,5999000
2023-01-26,133.8300,133.9500,132.7300,133.7700,126.1998,6861100
2023-01-27,133.5700,133.7100,132.6900,132.8600,125.3412,5854600
2023-01-30,132.6100,133.4400,131.4600,131.6600,124.2091,7055400
2023-01-31,131.9600,133.3800,131.8300,133.3600,125.8130,6290600
2023-02-01,133.3600,134.8100,132.3600,133.9900,126.4073,11843000
2023-02-02,133.0100,133.2600,132.1300,133.0800,125.5488,11274600
2023-02-03,133.1700,133.6000,132.2500,132.6900,125.1809,10046800
2023-02-06,132.5000,132.7800,131.7700,131.9500,124.4827,7328300
2023-02-07,131.4900,133.1900,131.0300,132.8000,125.2846,7551000
2023-02-08,132.3200,133.1500,132.2100,132.4100,124.9167,5614100
2023-02-09,132.7400,133.2500,131.0400,131.2500,123.8223,8085700
2023-02-10,131.4300,132.6300,131.2500,132.4900,124.9922,6198600
2023-02-13,132.5100,133.6000,132.5100,133.5900,126.0299,6300300
2023-02-14,133.7700,134.0100,132.1300,132.8000,125.2846,6905900
2023-02-15,132.2800,132.4600,131.6900,132.1400,124.6620,6491900
2023-02-16,130.9300,131.9900,130.5400,130.8200,123.4167,8008000
2023-02-17,130.2000,132.2300,130.0800,131.9900,124.5205,10798800
2023-02-21,131.0300,131.5700,130.0900,130.2800,122.9072,9066200
2023-02-22,130.4200,130.7300,129.5700,129.8400,122.4921,7318900
2023-02-23,129.8100,130.8500,129.2400,130.1900,122.8223,9955500
2023-02-24,129.0900,129.3400,128.1300,128.5100,121.2374,9008000
2023-02-27,129.2100,129.5700,127.8300,128.1200,120.8695,6463900
2023-02-28,127.8300,127.9100,127.0600,127.1700,119.9732,10282800
2023-03-01,126.5600,127.2400,126.4100,126.9600,119.7751,11101000
2023-03-02,126.3900,128.1000,126.3900,127.7400,120.5110,10203100
2023-03-03,128.3300,129.2200,127.6900,129.1700,121.8601,10048000
2023-03-06,129.2600,129.7000,128.8100,129.1100,121.8034,8153400
2023-03-07,129.3700,129.5200,126.8100,127.0300,119.8412,9604400
2023-03-08,126.7700,127.1600,125.8400,126.3500,119.1996,10793200
2023-03-09,126.8400,127.0500,124.5600,125.0700,117.9921,13270300
2023-03-10,124.8600,125.9000,123.6700,124.1500,117.1242,20483200
2023-03-13,123.7500,127.0200,123.6000,125.3100,118.2185,21294200
2023-03-14,126.1600,126.8200,125.1700,126.4300,119.2751,14582900
2023-03-15,125.0700,126.5000,124.8400,126.3200,119.1714,17244600
2023-03-16,125.3700,127.5600,125.0200,127.5000,120.2846,16011400
2023-03-17,127.3900,127.4900,125.4600,125.8600,118.7374,15071400
2023-03-20,125.5800,127.1500,125.5800,126.9600,120.2423,10592100
2023-03-21,127.4500,127.8800,126.6800,127.7300,120.9715,8816300
2023-03-22,127.8000,128.2700,125.7800,125.8000,119.1437,10480000
2023-03-23,126.3200,127.0800,124.8400,125.5600,118.9164,10092300
2023-03-24,125.4400,127.4200,124.9700,127.3000,120.5643,8163700
2023-03-27,128.2000,128.7800,127.6700,127.8200,121.0568,9455400
2023-03-28,127.6900,128.1500,126.7400,127.0500,120.3275,8037400
2023-03-29,127.6800,127.8400,126.8500,127.4000,120.6590,8183100
2023-03-30,128.0900,128.1300,127.2800,128.0900,121.3125,6820400
2023-03-31,128.5200,129.5300,128.4500,129.4600,122.6100,9202500
2023-04-03,129.5600,131.0600,129.2000,130.9100,123.9833,8937300
2023-04-04,131.0500,131.6900,130.6900,130.9300,124.0022,9052600
2023-04-05,131.6600,133.4200,131.5100,133.1900,126.1426,12325800
2023-04-06,133.7100,134.1100,133.0700,133.5200,126.4552,8276300
2023-04-10,133.1600,133.5000,132.4600,133.4300,126.3700,8024300
2023-04-11,133.7400,134.3700,133.6600,133.8800,126.7961,8887500
2023-04-12,134.4000,134.9000,133.6800,133.9200,126.8340,8988600
2023-04-13,134.4900,135.8100,134.2000,135.6600,128.4820,9373500
2023-04-14,135.3500,135.6400,134.0700,134.5700,127.4496,6632100
2023-04-17,134.6100,134.7600,133.7600,134.4600,127.3455,7187000
2023-04-18,134.7300,134.7300,133.3600,133.5400,126.4742,7194200
2023-04-19,133.5800,134.1500,133.1700,133.9500,126.8624,7048100
2023-04-20,133.3100,133.6000,132.7700,133.4000,126.3415,6672000
2023-04-21,134.1300,134.7500,133.7100,134.3000,127.1939,6535900
2023-04-24,134.4400,135.0900,134.1000,135.0500,127.9042,6299800
2023-04-25,134.8500,135.2600,133.4200,133.6100,126.5404,7752000
2023-04-26,132.4300,132.5200,130.9200,131.7100,124.7410,10128800
2023-04-27,131.7700,132.5900,130.6200,132.4000,125.3945,10008900
2023-04-28,132.2400,133.9100,132.0300,133.5300,126.4647,7917300
2023-05-01,133.7200,134.7600,133.4600,134.2200,127.1181,6793900
2023-05-02,134.0000,134.8500,132.6800,133.6400,126.5689,14365800
2023-05-03,134.2600,134.9000,133.2700,133.4600,126.3984,8961500
2023-05-04,132.9000,132.9800,131.8400,132.4000,125.3945,9625300
2023-05-05,133.2700,134.0500,132.8300,133.5900,126.5215,7650300
2023-05-08,133.3900,133.4300,132.6800,133.3000,126.2468,5305700
2023-05-09,132.7900,133.4200,132.3700,132.4100,125.4039,6452700
2023-05-10,132.7900,133.1100,132.0000,132.7800,125.7543,6556600
2023-05-11,132.5000,132.5800,131.5400,132.3700,125.3660,8764800
2023-05-12,132.5700,132.8500,131.6000,132.1900,125.1956,6626800
2023-05-15,132.2100,132.3000,131.3900,131.9600,124.9777,5725600
2023-05-16,131.6800,131.7300,130.8300,130.8600,123.9360,7106000
2023-05-17,131.0800,131.1900,129.5600,131.0200,124.0875,15512700
2023-05-18,130.7400,130.9100,129.6900,130.7000,123.7844,12196900
2023-05-19,131.0000,132.1900,130.9400,131.3100,124.3621,9277000
2023-05-22,131.5000,132.3600,131.1300,131.4400,124.4853,12856100
2023-05-23,130.9100,131.1000,129.7100,130.0000,123.1214,8723100
2023-05-24,129.7500,129.7800,128.8100,129.1100,122.2785,7952900
2023-05-25,128.4900,128.6600,126.9100,127.7900,121.0284,13737000
2023-05-26,127.6700,128.8700,127.2900,127.5300,120.7821,8794900
2023-05-30,126.8900,127.8700,126.4200,126.7400,120.0339,12114500
2023-05-31,126.3900,128.0500,126.0500,127.8300,121.0663,15099100
2023-06-01,127.9500,128.9200,126.9600,128.6700,121.8618,9751900
2023-06-02,129.0800,130.5500,128.7800,130.3200,123.4245,10293000
2023-06-05,130.6100,131.3800,130.4500,130.7900,123.8696,7880200
2023-06-06,131.3200,131.3600,129.1300,129.7000,122.8373,9413500
2023-06-07,129.5900,129.7700,129.0000,129.1900,122.3543,7519600
2023-06-08,129.2100,130.2000,128.7800,130.0200,123.1404,6583100
2023-06-09,130.0500,130.8700,129.3400,130.4200,123.5192,10446100
2023-06-12,130.3500,130.9200,129.8400,130.8900,123.9644,7321100
2023-06-13,130.6000,131.7500,130.4700,131.5500,124.5894,8362700
2023-06-14,130.8800,130.9900,129.7000,130.2000,123.3109,12401600
2023-06-15,130.2100,132.4000,130.1900,132.2200,125.2240,10598600
2023-06-16,132.5600,133.2500,132.0700,132.2100,125.2145,10535000
2023-06-20,130.4100,132.1000,130.3900,131.5200,125.0738,8585100
2023-06-21,131.2000,131.9900,130.5900,131.5400,125.0928,9444800
2023-06-22,131.7400,132.6300,131.5700,132.4400,125.9487,8036400
2023-06-23,132.2600,132.5400,131.6400,132.0000,125.5302,8096500
2023-06-26,131.6700,131.8800,129.9800,131.2500,124.8170,7092800
2023-06-27,131.2500,131.3900,130.0400,130.9500,124.5317,8578200
2023-06-28,130.9200,130.9500,130.1100,130.5300,124.1323,10897800
2023-06-29,130.2300,131.4600,130.0100,131.3800,124.9406,7843300
2023-06-30,131.9100,133.0400,131.8300,132.7300,126.2245,8260900
2023-07-03,132.3500,132.3500,131.0800,131.6400,125.1879,5240300
2023-07-05,131.3600,131.8500,131.0600,131.5700,125.1213,7942100
2023-07-06,130.6900,131.0100,130.1900,130.5200,124.1228,8213100
2023-07-07,129.8000,130.2600,128.9300,129.0000,122.6773,8749700
2023-07-10,129.0100,130.1800,129.0000,130.0200,123.6473,7476500
2023-07-11,129.8400,130.4700,129.4800,130.0500,123.6758,7278300
2023-07-12,130.3800,130.5000,129.4900,129.7000,123.3430,11900400
2023-07-13,130.0300,130.3600,129.6200,129.7500,123.3905,7526200
2023-07-14,130.7300,132.1200,130.5900,131.7000,125.2449,13298600
2023-07-17,131.3500,131.6300,130.6100,131.1000,124.6744,7905000
2023-07-18,131.1500,132.5700,130.9100,132.0700,125.5968,8130300
2023-07-19,132.7200,133.5100,132.4500,132.6800,126.1769,12484000
2023-07-20,133.5700,135.4300,133.4700,134.8800,128.2691,12650200
2023-07-21,135.0100,136.6600,134.7800,136.2400,129.5624,11308900
2023-07-24,136.2400,136.8500,135.8200,135.9400,129.2771,12034000
2023-07-25,135.0300,136.4300,134.8500,135.8800,129.2201,7802900
2023-07-26,135.2300,136.2300,134.8800,135.7900,129.1344,8205300
2023-07-27,135.9900,136.4800,134.7600,134.7900,128.1835,8800800
2023-07-28,135.2000,135.4200,134.4200,135.1900,128.5639,6897600
2023-07-31,134.9500,135.0000,133.6500,134.1500,127.5749,9735900
2023-08-01,133.8400,134.3300,133.1200,133.4500,126.9092,10555300
2023-08-02,133.4800,134.3900,133.1800,133.5400,126.9947,13873000
2023-08-03,133.1000,133.2700,132.6100,132.8700,126.3576,11863400
2023-08-04,132.9100,133.7300,132.0700,132.4000,125.9106,12631200
2023-08-07,132.8000,134.0600,132.7300,133.9300,127.3656,8165600
2023-08-08,134.7800,135.1300,134.0400,134.9600,128.3452,12601200
2023-08-09,134.8400,135.6500,134.7500,134.9200,128.3071,9833600
2023-08-10,135.2500,136.5300,134.6900,134.8300,128.2215,9541700
2023-08-11,134.7900,135.8300,134.4700,135.6700,129.0204,7674400
2023-08-14,135.6900,136.5100,135.5700,136.0800,129.4103,8723300
2023-08-15,135.7400,136.1400,135.4300,135.5800,128.9348,9118500
2023-08-16,135.3600,135.8000,134.5200,134.5500,127.9553,9462400
2023-08-17,134.0700,134.5400,133.4200,133.4800,126.9377,11163800
2023-08-18,133.2200,133.8800,133.1000,133.5300,126.9852,9463000
2023-08-21,133.4800,133.8300,133.0600,133.6700,127.1184,6872400
2023-08-22,133.4700,133.7900,133.1300,133.2000,126.6714,6939400
2023-08-23,134.0000,134.3000,133.2100,133.6000,127.0518,7276800
2023-08-24,133.3400,134.3900,132.4400,132.4400,125.9487,10241700
2023-08-25,132.8700,133.8800,132.4200,133.4100,126.8711,8509100
2023-08-28,133.8800,134.3100,133.2300,133.7200,127.1659,6768400
2023-08-29,133.9000,134.9200,133.7200,134.9200,128.3071,10737000
2023-08-30,135.2500,135.6600,134.7000,134.8200,128.2120,7892700
2023-08-31,134.8400,134.9100,133.1800,133.2100,126.6809,7540200
2023-09-01,134.2400,134.2400,133.2200,133.5700,127.0233,10183900
2023-09-05,133.6400,133.7400,132.1900,132.1900,125.7109,11042600
2023-09-06,132.0300,132.1600,130.8300,131.4700,125.0262,12840000
2023-09-07,131.8700,132.6300,131.7700,132.0600,125.5873,11055700
2023-09-08,131.7800,132.4600,131.7500,132.0600,125.5873,8716900
2023-09-11,132.0000,133.2300,131.9800,132.9700,126.4527,7179000
2023-09-12,132.5700,133.1500,131.8500,132.8000,126.2910,6941700
2023-09-13,132.4800,133.3500,132.4400,132.8200,126.3101,6430300
2023-09-14,133.5700,133.6500,132.8400,133.2400,126.7095,6433300
2023-09-15,132.9200,133.5500,132.1000,132.1900,125.7109,9611900
2023-09-18,131.8600,131.9900,130.9500,131.4500,125.5199,6559400
2023-09-19,131.2300,131.8400,130.6800,131.5600,125.6250,6252400
2023-09-20,132.1400,132.5100,131.5500,131.5700,125.6345,6350700
2023-09-21,131.3200,131.5400,130.3600,130.4200,124.5364,7979500
2023-09-22,130.2500,130.9200,130.0000,130.1500,124.2786,7790300
2023-09-25,130.0200,130.9000,129.6600,130.8600,124.9566,6826300
2023-09-26,130.2600,130.6800,129.6500,129.7500,123.8966,8200700
2023-09-27,129.9900,130.1200,128.1500,129.1000,123.2760,9888600
2023-09-28,129.3200,130.0900,129.3200,129.7200,123.8680,9129000
2023-09-29,130.0000,130.1200,128.5400,128.7400,122.9322,12692700
2023-10-02,128.3300,128.6000,127.0600,128.5600,122.7603,16035100
2023-10-03,127.9300,128.2000,126.8800,127.4200,121.6718,11971100
2023-10-04,127.5300,128.1400,126.9300,127.9600,122.1874,10064300
2023-10-05,128.2500,128.8900,127.5200,128.6600,122.8558,9609700
2023-10-06,128.3000,130.4200,128.2300,130.0100,124.1449,10692400
2023-10-09,129.6500,130.5800,129.1300,130.4600,124.5746,8047600
2023-10-10,130.4200,131.6700,129.9700,131.0800,125.1667,8154900
2023-10-11,131.2400,131.4500,129.9200,130.5000,124.6128,9591800
2023-10-12,130.6000,130.8500,129.2800,129.3800,123.5433,10927700
2023-10-13,129.8600,130.9400,129.4600,130.1900,124.3168,11383800
2023-10-16,130.7100,131.9200,130.6000,131.1700,125.2526,10545000
2023-10-17,130.5400,131.7100,130.4400,130.9900,125.0807,9149900
2023-10-18,131.1700,131.5400,129.6200,129.8500,123.9921,10085700
2023-10-19,129.6800,129.8200,127.7700,128.5700,122.7699,15492500
2023-10-20,128.3100,128.9800,128.0400,128.0600,122.2829,12296800
2023-10-23,127.9700,128.4000,127.1400,127.2600,121.5190,12344200
2023-10-24,126.8500,128.0500,126.8500,127.6500,121.8914,9375900
2023-10-25,127.0700,127.4600,125.5700,126.5100,120.8028,11427000
2023-10-26,125.4700,126.4100,125.1600,125.2600,119.6092,14699100
2023-10-27,124.9100,125.0700,122.5900,123.1400,117.5848,13566100
2023-10-30,123.7800,124.2100,122.8900,123.8300,118.2437,15224500
2023-10-31,124.2700,124.7000,123.5500,124.5400,118.9217,13917400
2023-11-01,124.3900,125.4100,124.1700,124.8000,119.1699,13802600
2023-11-02,125.2800,126.8900,124.9500,126.7800,121.0606,11894000
2023-11-03,127.6500,128.2000,127.2000,127.4100,121.6622,11635600
2023-11-06,127.9500,128.4600,127.4300,128.2600,122.4738,8425100
2023-11-07,128.2100,128.6600,127.8700,128.3500,122.5598,8241900
2023-11-08,128.8900,128.8900,127.3900,128.1700,122.3879,10021100
2023-11-09,128.0500,128.2000,125.4000,125.5200,119.8574,13905500
2023-11-10,126.0000,126.4500,124.6000,126.2700,120.5736,10401300
2023-11-13,126.4000,127.2500,125.6700,127.0000,121.2707,11373800
2023-11-14,127.7300,128.7100,127.4100,127.8600,122.0919,11216900
2023-11-15,127.9500,128.4700,127.6400,127.9600,122.1874,9262700
2023-11-16,128.3400,128.7800,127.8500,128.5100,122.7126,7665900
2023-11-17,128.7800,128.9900,127.8600,128.2500,122.4643,6766100
2023-11-20,127.7500,129.3100,127.6600,129.0300,123.2091,6910000
2023-11-21,129.4700,130.0700,129.3100,129.8100,123.9539,8373000
2023-11-22,130.2400,130.7400,130.0700,130.4300,124.5460,6737700
2023-11-24,130.6900,131.1600,130.6800,131.1300,125.2144,3708800
2023-11-27,130.8500,131.2900,130.0700,130.3100,124.4314,10530200
2023-11-28,130.0800,130.3700,129.5500,129.6400,123.7916,6261300
2023-11-29,129.5000,130.3800,129.4400,129.6800,123.8298,6979000
2023-11-30,129.7800,131.3900,129.3300,131.3100,125.3863,7743100
2023-12-01,131.1300,131.9700,131.0300,131.8300,125.8828,9370900
2023-12-04,131.4800,132.3300,131.4400,132.0800,126.1215,6943900
2023-12-05,131.8100,132.1200,131.0900,131.9100,125.9592,6581000
2023-12-06,132.2000,132.4500,131.7500,132.0100,126.0547,6210400
2023-12-07,132.0300,132.3500,131.2500,131.8500,125.9019,6396700
2023-12-08,131.9400,132.3800,131.2800,132.0700,126.1120,6007600
2023-12-11,132.7800,133.1900,132.1300,132.9400,126.9428,9016800
2023-12-12,133.1300,133.7000,132.5000,133.5100,127.4870,6779000
2023-12-13,132.9400,136.0100,132.7600,135.9700,129.8361,9074300
2023-12-14,136.4300,136.5100,134.8000,135.3100,129.2058,10098700
2023-12-15,134.6800,134.9400,133.6600,134.1600,128.1077,8296600
2023-12-18,134.0600,134.2000,133.4300,133.7800,128.3168,5944300
2023-12-19,133.9500,134.7500,133.7400,134.6800,129.1800,6358200
2023-12-20,134.6000,134.6800,132.7200,132.7300,127.3097,7299000
2023-12-21,133.5300,134.4500,133.2200,134.3500,128.8635,5606800
2023-12-22,134.6800,135.4400,134.4800,135.0200,129.5061,5355100
2023-12-26,134.9100,135.6800,134.7400,135.3200,129.7939,3688600
2023-12-27,135.1700,135.9800,135.1400,135.8900,130.3406,5444100
2023-12-28,136.0000,136.7000,135.9800,136.2400,130.6763,5800200
2023-12-29,136.2400,136.6200,135.8200,136.3800,130.8106,5590000
2024-01-02,136.0400,139.0500,135.9700,138.7800,133.1126,11785900
2024-01-03,139.2400,139.5300,138.3800,138.5500,132.8920,9585000
2024-01-04,138.9800,140.0000,138.7400,139.2400,133.5538,11649200
2024-01-05,138.9200,139.7000,138.5300,139.1200,133.4387,9437700
2024-01-08,139.1600,140.3800,138.5900,140.3500,134.6185,7999400
2024-01-09,140.2000,141.5600,139.8700,140.3300,134.5993,9201300
2024-01-10,140.4100,141.1400,139.8800,140.9700,135.2132,9773300
2024-01-11,140.7900,141.0300,140.0000,140.8700,135.1172,7182300
2024-01-12,140.4800,141.1600,140.0500,140.5200,134.7816,8026400
2024-01-16,140.1700,140.3600,139.4600,139.6800,133.9758,7426900
2024-01-17,139.4500,140.0900,139.0100,139.4000,133.7073,8337200
2024-01-18,138.2000,139.5100,137.5200,139.3800,133.6881,8929300
2024-01-19,139.4600,139.8200,138.6900,139.4600,133.7648,8842000
2024-01-22,139.5800,140.4400,139.2300,140.0700,134.3499,7831400
2024-01-23,139.8900,140.0600,138.9700,139.9700,134.2540,6407400
2024-01-24,140.3400,140.6800,138.6700,138.6900,133.0262,9104900
2024-01-25,138.2000,138.5100,137.2100,138.4800,132.8249,10050200
2024-01-26,139.4400,139.5600,138.9200,139.2700,133.5826,5759100
2024-01-29,139.4000,140.2600,139.3100,140.2500,134.5226,6229600
2024-01-30,140.4800,140.8200,139.8100,140.5700,134.8295,5940300
2024-01-31,141.6400,141.7500,140.3500,140.3800,134.6472,10223100
2024-02-01,140.5500,142.2000,139.8700,142.2000,136.3929,8503600
2024-02-02,142.1500,142.6500,141.2700,141.9900,136.1915,10629200
2024-02-05,142.5000,143.3100,141.7800,142.4300,136.6135,9631700
2024-02-06,143.5400,144.0900,142.8200,143.9800,138.1003,10159000
2024-02-07,144.3400,145.0300,144.0700,144.3700,138.4743,7884600
2024-02-08,144.2300,144.2300,143.4700,144.1200,138.2345,6672400
2024-02-09,144.0600,144.2900,143.5400,144.0100,138.1290,7447800
2024-02-12,143.8200,144.2400,143.1400,144.2000,138.3113,6645500
2024-02-13,143.4700,144.4700,142.1500,142.8600,137.0260,11170000
2024-02-14,143.3500,144.1500,143.0700,144.1000,138.2154,9701100
2024-02-15,144.2000,145.4300,143.9900,145.1500,139.2224,9294800
2024-02-16,145.3400,146.6000,144.8200,145.6200,139.6733,8424100
2024-02-20,145.7300,146.1900,144.7600,145.1300,139.2033,9120400
2024-02-21,144.6600,145.4900,144.2400,145.4500,139.5102,7213500
2024-02-22,145.6400,147.4300,145.3300,147.1600,141.1504,9130000
2024-02-23,147.6600,148.2700,147.3400,147.8600,141.8218,9194600
2024-02-26,147.7700,148.1100,146.9700,147.1000,141.0928,7248300
2024-02-27,146.3800,147.1900,146.0400,146.7400,140.7476,7374000
2024-02-28,146.1200,146.2800,145.3200,146.0100,140.0473,8038800
2024-02-29,146.0000,146.2400,144.7200,144.8200,138.9059,9435600
2024-03-01,145.1500,146.4400,144.5100,146.3400,140.3639,8741400
2024-03-04,145.9200,146.6800,145.7700,146.1200,140.1528,10657800
2024-03-05,146.1700,146.4100,144.5500,145.0300,139.1074,9743400
2024-03-06,145.3000,146.5600,145.3000,146.0200,140.0569,8085300
2024-03-07,146.3800,147.0500,146.1800,146.7000,140.7092,6438300
2024-03-08,146.5600,147.2500,146.1700,146.4300,140.4502,7802500
2024-03-11,146.1000,146.6100,145.2900,146.3500,140.3735,7723800
2024-03-12,146.4500,147.3900,145.9600,147.0300,141.0257,7143700
2024-03-13,147.5900,147.7000,145.8900,146.4600,140.4790,7874200
2024-03-14,146.5500,146.6600,145.1300,145.9400,139.9802,9605700
2024-03-15,145.0200,145.6600,144.8500,145.3600,139.4239,10570500
2024-03-18,145.4300,145.5700,144.7200,144.8200,139.4075,6407000
2024-03-19,144.9400,145.8700,144.5200,145.7800,140.3316,5240200
2024-03-20,145.4300,145.5000,144.6400,145.4500,140.0140,8268200
2024-03-21,145.7500,146.1700,145.3400,145.6400,140.1969,8865300
2024-03-22,145.8500,146.2200,145.2600,145.4400,140.0044,5537200
2024-03-25,145.7100,145.8600,145.0100,145.2400,139.8118,5253000
2024-03-26,145.5300,145.9400,145.1400,145.7700,140.3220,6942400
2024-03-27,147.0100,147.7100,146.6200,147.7100,142.1895,8797400
2024-03-28,147.9200,148.2300,147.6800,147.7300,142.2088,8090200
2024-04-01,147.6400,147.7300,145.9400,146.4700,140.9958,7378300
2024-04-02,144.4900,144.6500,143.4400,144.1900,138.8011,10776400
2024-04-03,144.4400,145.0900,143.6900,144.0300,138.6470,8453400
2024-04-04,144.9300,145.0200,141.8700,141.9500,136.6448,12685700
2024-04-05,141.7300,143.6900,141.6100,143.2200,137.8673,9073100
2024-04-08,143.1100,143.1100,142.5400,142.7600,137.4245,9128200
2024-04-09,143.0700,143.3500,142.2800,143.2700,137.9155,10534400
2024-04-10,141.8400,142.2400,141.1000,141.5900,136.2983,13052700
2024-04-11,142.0200,142.0500,140.6000,141.0100,135.7399,8153900
2024-04-12,140.2800,140.2900,138.4600,138.9100,133.7184,13799400
2024-04-15,140.1200,140.6300,138.4100,138.6300,133.4489,10383600
2024-04-16,139.8300,139.8300,138.5900,138.6800,133.4970,10170500
2024-04-17,139.4900,139.6200,138.2200,138.4400,133.2660,8480100
2024-04-18,138.5300,139.2500,138.2100,138.4300,133.2563,8105800
2024-04-19,139.1500,139.3400,138.4500,138.9500,133.7569,9668400
2024-04-22,139.3800,140.5900,138.9300,139.4800,134.2671,8531300
2024-04-23,140.8200,141.5600,140.1800,141.3000,136.0191,8615500
2024-04-24,140.9900,141.1500,140.2200,140.8600,135.5955,7378600
2024-04-25,140.7700,141.0000,139.2000,139.9200,134.6907,9693300
2024-04-26,139.4000,140.3300,139.3000,139.9600,134.7292,6013800
2024-04-29,140.1300,140.8300,139.7300,140.4300,135.1816,6388600
2024-04-30,140.9000,141.2000,140.2300,140.3300,135.0853,9677700
2024-05-01,139.7100,141.8400,139.5500,140.5800,135.3260,10710200
2024-05-02,141.3400,141.4400,139.7200,140.4800,135.2297,8425500
2024-05-03,141.0900,141.2300,140.1000,140.8300,135.5667,8539300
2024-05-06,140.9500,141.4400,140.6400,141.4000,136.1154,5605100
2024-05-07,141.7200,142.7000,141.7000,142.5700,137.2416,7720600
2024-05-08,142.8600,142.8800,141.9000,142.0800,136.7699,5461100
2024-05-09,142.2500,143.3800,142.2300,143.3000,137.9443,6821800
2024-05-10,143.4900,144.0900,143.3900,143.5900,138.2235,6324900
2024-05-13,143.8800,144.0100,143.1900,143.4500,138.0887,5351500
2024-05-14,143.6500,144.1300,143.1100,144.0600,138.6759,6198700
2024-05-15,144.7000,146.3600,144.6400,146.2000,140.7360,8433700
2024-05-16,145.8900,146.4400,145.6200,146.0300,140.5723,6740800
2024-05-17,146.0000,146.3400,145.4400,146.3100,140.8418,7071600
2024-05-20,146.1600,146.3600,145.6900,146.0000,140.5434,3890000
2024-05-21,146.2600,146.8800,145.8800,146.2500,140.7841,4048900
2024-05-22,145.8600,146.9500,145.7700,146.5100,141.0343,6831200
2024-05-23,146.2700,146.2800,144.8100,144.9100,139.4942,5155900
2024-05-24,145.1000,145.3300,144.3300,144.4200,139.0224,3949500
2024-05-28,144.1000,144.1000,142.0700,142.6700,137.3379,8375100
2024-05-29,141.4500,141.7300,140.9500,141.5600,136.2694,6838200
2024-05-30,140.9900,142.1400,140.6800,141.6300,136.3367,7395500
2024-05-31,142.0800,143.7800,141.9100,143.7000,138.3294,7945900
2024-06-03,143.6000,145.1400,143.3500,144.7100,139.3016,10303300
2024-06-04,144.5800,145.5300,144.0400,145.1300,139.7059,6964200
2024-06-05,145.3000,145.9500,144.4900,145.7900,140.3413,5373400
2024-06-06,145.6800,146.5800,145.1800,146.2700,140.8033,5425800
2024-06-07,146.1300,147.1600,145.9600,146.4300,140.9574,5222300
2024-06-10,146.2000,147.0100,145.6700,146.9700,141.4772,5396700
2024-06-11,146.8600,146.8600,145.7300,146.3600,140.8900,5194000
2024-06-12,146.9900,147.0400,145.6700,146.0500,140.5916,6522700
2024-06-13,145.5100,146.1700,144.5800,145.9300,140.4760,4720600
2024-06-14,145.6300,145.9200,145.0300,145.8800,140.4279,4109600
2024-06-17,145.2600,145.9600,144.9600,145.7300,140.2835,4542800
2024-06-18,145.8900,146.4000,145.6000,145.9200,140.4664,4872600
2024-06-20,145.4700,146.5900,145.2700,146.4000,140.9285,6653600
2024-06-21,146.5900,147.1200,146.2400,146.8100,141.3231,8535400
2024-06-24,146.8300,147.6100,146.4500,147.0900,142.1475,6446100
2024-06-25,147.2600,147.4700,146.2800,146.6300,141.7029,5171600
2024-06-26,146.3700,146.6300,145.7700,146.1100,141.2004,4572700
2024-06-27,146.2200,146.2800,145.0300,145.8700,140.9685,4637900
2024-06-28,146.4100,147.0200,145.1000,145.7500,140.8525,7656800
2024-07-01,146.0400,147.4900,144.6500,144.9300,140.0601,6562000
2024-07-02,144.4100,144.6200,143.5900,144.4000,139.5479,7536100
2024-07-03,144.6600,144.6700,142.7300,143.3000,138.4848,7654000
2024-07-05,143.6100,144.4900,142.8800,144.4100,139.5576,4846900
2024-07-08,144.5700,144.9700,143.8800,144.2500,139.4029,4001500
2024-07-09,144.5600,145.0300,143.7000,144.9500,140.0794,8336700
2024-07-10,145.1100,146.3400,144.7900,146.3200,141.4034,5342300
2024-07-11,146.3300,147.7400,146.1500,147.3500,142.3987,7690700
2024-07-12,147.8500,148.8900,147.7400,148.2700,143.2879,6614600
2024-07-15,148.8400,148.9800,147.5300,147.7500,142.7853,5804100
2024-07-16,148.6400,149.8900,148.3100,149.8600,144.8244,7602500
2024-07-17,148.8300,151.3300,148.6400,150.5400,145.4816,10395500
2024-07-18,149.5800,150.5600,146.8600,147.1200,142.1765,11033400
2024-07-19,147.8600,148.5800,147.2800,147.8700,142.9013,5985700
2024-07-22,148.6200,148.9900,147.8800,148.7200,143.7227,5190200
2024-07-23,149.3300,149.4200,148.4700,148.6300,143.6358,3553300
2024-07-24,148.7100,150.0600,148.2100,149.8700,144.8341,6870400
2024-07-25,149.4200,151.5300,148.9600,149.1200,144.1093,11472800
2024-07-26,149.1000,150.9300,149.0100,149.9600,144.9211,6028800
2024-07-29,149.9800,150.5600,149.2600,150.0500,145.0081,8227200
2024-07-30,150.0500,151.1100,149.1100,150.1800,145.1337,7269400
2024-07-31,150.1200,150.6600,149.0500,149.6300,144.6021,8417800
2024-08-01,150.4000,151.3300,149.4900,151.1600,146.0807,10357700
2024-08-02,151.3900,151.7700,148.6200,150.8600,145.7908,15742100
2024-08-05,148.5000,148.7900,146.1900,146.8300,141.8962,17575600
2024-08-06,147.4200,149.3800,146.9500,147.5100,142.5534,13335600
2024-08-07,147.4100,148.1200,145.5400,146.0100,141.1038,11485000
2024-08-08,148.2900,149.3700,147.6200,149.2400,144.2253,11479100
2024-08-09,149.5000,150.3600,149.1800,149.9800,144.9404,8550400
2024-08-12,150.3400,150.3400,148.9800,149.4100,144.3895,5044300
2024-08-13,150.0000,151.3700,149.8300,151.2200,146.1387,4815700
2024-08-14,151.0300,151.9800,150.6700,151.7600,146.6606,4837300
2024-08-15,152.4600,152.9500,151.7500,152.7100,147.5787,5886800
2024-08-16,152.6600,153.1200,152.2300,152.8700,147.7333,4562500
2024-08-19,152.8800,153.9400,152.7900,153.8000,148.6320,4729600
2024-08-20,154.2100,155.2100,154.0500,154.4200,149.2312,4878300
2024-08-21,154.7400,155.0800,154.1400,154.6800,149.4824,5530100
2024-08-22,155.2000,155.3500,153.9900,154.7800,149.5791,4951800
2024-08-23,155.1900,155.5600,154.6400,155.4500,150.2266,4069400
2024-08-26,155.6000,156.0800,155.2200,155.3700,150.1493,4433600
2024-08-27,155.5200,156.0400,155.0600,155.6100,150.3812,3785400
2024-08-28,155.5100,156.4400,155.0600,155.7900,150.5552,5150100
2024-08-29,156.4100,156.8300,155.4600,156.1200,150.8741,4339200
2024-08-30,156.2300,157.2800,155.5500,157.2000,151.9177,7020600
2024-09-03,156.8800,157.8400,156.4700,156.9000,151.6279,7674900
2024-09-04,156.6900,159.6400,155.8600,156.6300,151.3669,8235500
2024-09-05,156.4600,156.5500,153.7300,154.4800,149.2892,7245600
2024-09-06,155.0200,155.6600,153.6300,153.9500,148.7770,7651800
2024-09-09,154.3400,155.5200,153.7500,155.0300,149.8207,6169200
2024-09-10,155.2400,155.8500,154.6600,155.7400,150.5069,7337200
2024-09-11,155.1800,155.4600,152.8500,155.2800,150.0623,6636500
2024-09-12,155.2400,155.9800,153.7900,155.8400,150.6035,4838100
2024-09-13,155.9100,156.6400,155.7000,156.1600,150.9127,4358500
2024-09-16,156.9800,157.5900,156.6700,157.2400,151.9564,4711900
2024-09-17,157.0500,157.0900,155.0700,155.6200,150.3909,6280000
2024-09-18,155.4900,156.9800,154.7600,155.3600,150.1396,7148900
2024-09-19,156.7600,156.7600,155.5100,155.9200,150.6808,6717400
2024-09-20,155.4100,155.9800,154.9000,155.2800,150.0623,8541600
2024-09-23,155.1900,155.2100,154.1200,154.4000,149.7684,6416400
2024-09-24,154.3300,154.3900,153.3600,154.0900,149.4677,5341600
2024-09-25,154.5600,154.7800,152.5300,152.5900,148.0127,5940100
2024-09-26,152.4900,153.2900,152.2300,153.1000,148.5074,6172900
2024-09-27,153.3000,154.2000,153.0100,153.0200,148.4298,7312500
2024-09-30,152.8100,154.0600,152.5800,154.0200,149.3998,7233800
2024-10-01,154.1400,154.3500,152.6300,153.2100,148.6141,10560200
2024-10-02,153.0200,153.3800,151.8700,152.9000,148.3134,7158400
2024-10-03,152.5200,152.6600,151.2400,151.5200,146.9748,5551000
2024-10-04,151.7500,152.0200,150.8800,151.6400,147.0912,6590100
2024-10-07,151.6500,152.1100,150.6900,150.9700,146.4413,5922800
2024-10-08,151.3700,152.0300,151.2400,151.7900,147.2367,4726600
2024-10-09,151.9300,153.4600,151.5700,153.3400,148.7402,7840000
2024-10-10,153.3400,153.4600,152.4000,152.7700,148.1873,4385500
2024-10-11,153.2500,154.0700,153.0300,153.8900,149.2737,9354000
2024-10-14,154.0600,155.0100,153.5300,154.7400,150.0982,4819800
2024-10-15,152.6700,154.5900,152.5100,152.8500,148.2649,9088600
2024-10-16,152.6500,153.6100,152.2400,153.2800,148.6820,4510200
2024-10-17,152.7700,153.0200,152.2900,152.3900,147.8187,5430000
2024-10-18,152.5000,153.5000,152.0600,153.1300,148.5365,9823900
2024-10-21,152.7300,153.1400,151.1800,151.3300,146.7905,4825900
2024-10-22,150.5300,151.3900,150.4000,151.1100,146.5771,5166900
2024-10-23,150.7000,150.9300,149.6000,150.4000,145.8884,4910200
2024-10-24,150.4000,151.0100,149.3700,149.4100,144.9281,5066300
2024-10-25,149.9200,150.0000,148.4200,148.5900,144.1327,5314500
2024-10-28,149.0100,149.4900,148.6200,148.8100,144.3461,4923500
2024-10-29,148.7100,149.3200,148.3300,148.4000,143.9483,7342600
2024-10-30,146.1400,148.1700,145.6200,148.1200,143.6768,9211800
2024-10-31,147.2400,147.9300,146.8400,146.8700,142.4643,6701100
2024-11-01,147.4400,148.4700,147.4300,147.7400,143.3082,6896900
2024-11-04,147.3800,148.0900,146.4800,146.7700,142.3672,5985900
2024-11-05,146.4800,147.8900,145.9400,147.8500,143.4149,5035300
2024-11-06,150.6700,150.9100,147.3500,148.0400,143.5992,10685600
2024-11-07,148.9300,149.2900,148.2100,149.1100,144.6371,9381600
2024-11-08,149.3100,150.9500,149.1400,150.1800,145.6750,8701100
2024-11-11,149.8500,150.6000,149.0800,149.3000,144.8214,6071900
2024-11-12,149.0600,149.3100,147.1900,147.2200,142.8038,7022300
2024-11-13,147.1600,147.6000,146.6800,146.8300,142.4255,5981200
2024-11-14,146.5800,146.5900,144.3600,144.5200,140.1848,7936700
2024-11-15,143.7200,143.8500,141.5700,141.8400,137.5852,14246100
2024-11-18,141.4700,142.0900,141.3100,141.9400,137.6822,7933100
2024-11-19,140.6500,141.6100,140.2600,141.2100,136.9741,6205800
2024-11-20,141.5100,143.0800,141.2800,142.8800,138.5940,9328800
2024-11-21,142.8800,144.2300,142.1400,144.0300,139.7095,7969600
2024-11-22,144.3300,145.0200,143.9400,144.1600,139.8356,6330300
2024-11-25,144.8100,145.8500,144.7900,145.3900,141.0287,6834300
2024-11-26,145.8300,146.3300,144.6900,146.1700,141.7852,6018400
2024-11-27,146.3100,147.7600,146.3100,146.9500,142.5419,5952800
2024-11-29,146.9400,147.7900,146.7100,147.4100,142.9881,3521200
2024-12-02,147.3200,147.3800,146.3900,147.1500,142.7358,6220800
2024-12-03,147.1400,147.4300,146.7400,146.8200,142.4158,4236200
2024-12-04,147.0800,147.5800,146.3600,146.7400,142.3382,5597400
2024-12-05,146.0900,146.2500,144.8300,145.1000,140.7474,8948700
2024-12-06,145.2900,145.4600,144.1000,144.2800,139.9520,6545200
2024-12-09,144.4200,145.0900,143.9200,144.7000,140.3593,6258600
2024-12-10,144.9900,145.1000,143.6200,144.1000,139.7773,7200500
2024-12-11,143.5200,143.6400,142.1000,142.1400,137.8761,6895000
2024-12-12,142.1700,142.5400,140.9100,141.0100,136.7800,5994200
2024-12-13,140.8300,141.4500,140.1300,140.9900,136.7607,7599400
2024-12-16,140.8800,141.6500,139.2000,139.3100,135.1310,9476600
2024-12-17,138.7000,140.2400,138.6000,139.2100,135.0341,10280100
2024-12-18,139.1200,140.0400,137.2300,137.3200,133.2007,14448100
2024-12-19,137.0600,137.8000,135.9500,136.2800,132.1919,11929300
2024-12-20,137.4900,139.2900,137.0500,138.0000,133.8603,12098400
2024-12-23,137.6000,138.9500,136.9900,138.7500,135.1972,8050500
2024-12-24,138.6300,139.3200,138.0400,139.3200,135.7526,3139300
2024-12-26,138.8300,139.7200,138.6800,139.6000,136.0255,4720300
2024-12-27,138.8300,139.8100,138.3600,138.9500,135.3921,5948000
2024-12-30,138.1500,138.1500,136.7300,137.2400,133.7259,6890300
2024-12-31,137.5800,138.1200,136.7900,137.5700,134.0474,6626900
2025-01-02,138.2600,138.7700,137.1200,137.6100,134.0864,8973000
2025-01-03,137.8900,139.3500,137.7400,138.9600,135.4018,8288700
2025-01-06,138.9000,140.0400,138.5600,139.0200,135.4603,8653300
2025-01-07,139.3600,140.9300,139.3600,139.7100,136.1326,12639700
2025-01-08,139.9700,140.6400,138.6900,140.4300,136.8342,7827400
2025-01-10,139.9500,140.9500,139.3500,139.6400,136.0644,10343700
2025-01-13,139.7900,141.8200,139.6700,141.4600,137.8378,9422200
2025-01-14,141.2700,141.2700,138.8800,140.0000,136.4152,10277800
2025-01-15,140.3900,141.2400,139.7700,140.5700,136.9706,11388400
2025-01-16,140.1300,141.3400,139.5800,141.1300,137.5163,8512100
2025-01-17,140.9400,141.4000,140.1800,140.1800,136.5906,7668100
2025-01-21,140.9200,142.5100,140.9000,142.5000,138.8512,7257800
2025-01-22,141.8000,142.6300,141.1300,142.1800,138.5394,8189900
2025-01-23,142.5700,144.1000,141.8700,144.0800,140.3907,8032900
2025-01-24,143.4400,144.6100,143.2700,144.3100,140.6148,8127900
2025-01-27,145.1000,147.5800,144.9700,147.5500,143.7719,12311300
2025-01-28,147.5400,147.7400,146.4800,146.5200,142.7683,9686400
2025-01-29,146.0900,146.5800,145.3000,145.6600,141.9303,8159100
2025-01-30,146.2500,147.7500,146.2400,147.3400,143.5673,7705200
2025-01-31,147.5800,148.5900,146.8200,146.8700,143.1093,9211800
2025-02-03,145.9800,148.1600,145.9400,147.4400,143.6647,13001500
2025-02-04,145.8200,147.2000,145.5900,147.0400,143.2749,11762000
2025-02-05,147.4000,148.7200,147.1000,148.4500,144.6488,10042300
2025-02-06,148.1500,148.4600,146.9000,147.1200,143.3529,12422100
2025-02-07,147.3300,147.9200,146.3200,146.4300,142.6806,11199700
2025-02-10,146.6000,146.6500,145.4600,146.3000,142.5539,7374300
2025-02-11,145.8800,146.3200,145.4400,146.0300,142.2908,6634900
2025-02-12,145.6800,146.6100,145.3700,145.8200,142.0862,7572200
2025-02-13,146.1100,146.7100,145.1600,146.3900,142.6416,6293100
2025-02-14,146.5000,146.7000,144.8000,144.8000,141.0923,5299200
2025-02-18,143.9200,144.8900,143.8400,144.5200,140.8195,11366800
2025-02-19,144.5300,146.4400,144.5000,146.4000,142.6513,6295900
2025-02-20,146.1900,147.3000,146.1000,147.2200,143.4503,6264800
2025-02-21,145.4800,147.1400,145.3400,146.4300,142.6806,8647000
2025-02-24,146.5900,148.2200,146.2700,147.6200,143.8401,7559400
2025-02-25,147.9000,149.0900,147.4100,148.8900,145.0776,11981300
2025-02-26,148.3100,148.9500,147.3500,147.8200,144.0350,6566800
2025-02-27,147.5500,148.9100,147.1600,147.2200,143.4503,7377000
2025-02-28,147.4600,149.1600,146.4900,148.9300,145.1165,8453700
2025-03-03,149.0200,150.3200,148.9600,149.5800,145.7499,9459300
2025-03-04,149.7900,150.0700,147.9700,148.1900,144.3955,10804700
2025-03-05,147.5200,149.9100,147.2400,149.6800,145.8474,7597700
2025-03-06,149.0000,149.4800,147.9300,149.2700,145.4479,7122200
2025-03-07,148.6600,150.2800,148.4500,149.2800,145.4576,8532400
2025-03-10,148.1200,149.9100,147.3400,147.6700,143.8888,13577800
2025-03-11,147.6800,147.8900,145.2900,146.0600,142.3200,9411600
2025-03-12,145.7300,145.9900,144.1200,144.6000,140.8974,7141100
2025-03-13,144.6600,145.0700,143.4900,143.8300,140.1471,8041600
2025-03-14,143.9300,145.1500,143.4100,144.9300,141.2190,6761200
2025-03-17,144.7200,147.1100,144.7200,146.7700,143.0119,6017300
2025-03-18,146.8200,147.0600,146.0400,146.8400,143.0800,5528000
2025-03-19,146.9500,147.3100,145.9000,146.9200,143.1580,6156200
2025-03-20,146.9400,147.6400,146.5100,147.0100,143.2457,8033800
2025-03-21,146.5800,146.8600,145.7300,146.6000,142.8462,7635300
2025-03-24,146.4200,147.3900,146.1100,147.1500,143.9369,6500600
2025-03-25,147.5000,147.5900,144.3500,145.2700,142.0979,6502000
2025-03-26,145.3800,145.9700,144.3900,144.7400,141.5795,8758600
2025-03-27,144.5200,145.4200,144.4600,144.9700,141.8045,6264300
2025-03-28,144.8500,145.2400,144.4500,144.5200,141.3643,6210500
2025-03-31,143.7900,146.6200,143.4800,146.0100,142.8218,8085600
2025-04-01,145.4800,145.4800,142.9000,143.3400,140.2101,9906100
2025-04-02,142.7700,144.4000,142.1900,144.3000,141.1491,6392700
2025-04-03,143.7600,145.1900,143.0500,143.1300,140.0046,10990600
2025-04-04,141.1400,141.7100,135.2300,135.2800,132.3260,21341100
2025-04-07,131.7100,137.3700,129.6600,134.4700,131.5338,29940300
2025-04-08,139.4300,139.4400,131.2800,132.9800,130.0763,20860400
2025-04-09,130.1300,139.2400,129.6800,138.7600,135.7300,39444700
2025-04-10,137.7000,137.7400,131.3300,134.8900,131.9446,21957400
2025-04-11,135.1500,137.7600,133.6500,136.8700,133.8813,10755600
2025-04-14,138.2100,139.0400,136.9600,138.5400,135.5149,7437200
2025-04-15,139.0000,139.0400,137.2900,137.6900,134.6834,6239000
2025-04-16,138.1200,138.6200,135.6400,136.2900,133.3140,8150700
2025-04-17,135.3400,136.5700,135.1000,135.4900,132.5315,9662800
2025-04-21,135.1900,135.3600,131.5600,132.5700,129.6752,6456000
2025-04-22,133.6400,135.2800,133.1400,135.0600,132.1109,8012500
2025-04-23,136.5400,137.9300,135.1300,135.7300,132.7662,9503200
2025-04-24,135.9500,137.5400,135.1200,137.3900,134.3900,5433000
2025-04-25,137.5900,138.2000,135.8800,138.0500,135.0356,6438400
2025-04-28,138.2400,139.0400,137.4000,138.6000,135.5736,5803300
2025-04-29,138.4200,139.9700,137.7300,139.2800,136.2387,7811900
2025-04-30,139.5500,140.7900,138.2600,140.4700,137.4027,6827800
2025-05-01,138.8100,139.1100,136.4700,136.6400,133.6564,10363200
2025-05-02,138.7900,139.0100,137.5500,138.5300,135.5051,9777000
2025-05-05,138.2500,138.6800,137.5800,138.1400,135.1236,5479700
2025-05-06,137.1300,137.1900,133.9700,134.3300,131.3968,11625900
2025-05-07,134.7500,135.7500,134.4000,135.3600,132.4043,6417500
2025-05-08,134.4100,135.3300,133.6900,134.1400,131.2110,10558100
2025-05-09,134.3100,134.7700,132.6200,132.6800,129.7828,7555200
2025-05-12,132.8800,136.1300,132.6400,135.9600,132.9912,15211100
2025-05-13,133.9400,133.9400,131.8300,131.8700,128.9905,17817000
2025-05-14,132.2800,132.5500,128.6800,128.7700,125.9582,19579500
2025-05-15,128.4700,130.5400,127.3500,130.4600,127.6113,18792700
2025-05-16,130.7000,133.1400,130.3100,133.0900,130.1839,12901800
2025-05-19,133.0200,134.4400,132.6500,134.3700,131.4359,11645200
2025-05-20,134.4000,135.0900,134.1900,134.7000,131.7587,11644500
2025-05-21,133.5600,134.1400,131.5200,131.5800,128.7068,16635900
2025-05-22,130.6300,131.2400,129.9800,130.5500,127.6993,12722600
2025-05-23,129.9300,130.6000,129.5500,130.3400,127.4939,9127100
2025-05-27,131.4300,132.3900,131.1600,132.1600,129.2742,12304000
2025-05-28,132.1100,132.5800,131.1300,131.4800,128.6090,11087500
2025-05-29,131.6800,132.7600,131.2900,132.3600,129.4698,10670300
2025-05-30,132.0700,133.3400,130.8800,132.6400,129.7437,11651300
2025-06-02,132.3000,132.7800,131.1100,132.7200,129.8220,11845000
2025-06-03,132.3700,133.5200,131.7300,133.0300,130.1252,14304300
2025-06-04,133.4300,134.3300,133.2900,133.2900,130.3795,9986100
2025-06-05,133.6200,133.9100,132.5700,133.1100,130.2034,13705000
2025-06-06,133.8100,134.8400,133.7900,134.3800,131.4457,9153500
2025-06-09,134.3500,134.8100,133.3900,134.1500,131.2207,9976600
2025-06-10,134.2700,136.0900,134.2500,135.6800,132.7173,11488000
2025-06-11,135.7100,136.5700,135.3400,135.7500,132.7858,13644000
2025-06-12,135.7600,136.8400,135.4900,136.8100,133.8226,9809500
2025-06-13,136.0600,137.3300,135.6800,136.1300,133.1575,13722800
2025-06-16,136.4200,136.8300,135.0800,135.7100,132.7467,14171000
2025-06-17,135.1000,135.4100,133.2900,133.4700,130.5556,13506000
2025-06-18,133.4800,134.1200,132.4900,133.2400,130.3306,12185300
2025-06-20,133.7000,133.8000,132.4100,132.6000,129.7046,13744900
2025-06-23,132.0600,132.7400,130.9800,132.1600,129.8913,14181600
2025-06-24,132.5100,134.0800,132.0000,133.7800,131.4835,11272900
2025-06-25,133.5200,134.2900,132.7700,133.9000,131.6014,11996400
2025-06-26,134.1800,135.1600,133.7500,134.2200,131.9160,13177700
2025-06-27,134.3200,135.1300,133.7000,133.9300,131.6309,13818500
2025-06-30,133.9000,134.9500,133.8000,134.7900,132.4762,12407700
2025-07-01,134.5800,137.7600,134.4600,136.7100,134.3632,21204300
2025-07-02,136.0300,136.2900,135.2400,135.3600,133.0364,13720400
2025-07-03,135.5500,135.9000,135.1700,135.5000,133.1740,7282700
2025-07-07,135.4500,135.4500,133.6500,134.3600,132.0536,14052300
2025-07-08,134.2600,136.2200,134.0100,134.9700,132.6531,19485900
2025-07-09,135.2500,135.9200,134.4200,135.4900,133.1641,13963900
2025-07-10,135.5100,137.6300,135.0000,136.3200,133.9799,17668300
2025-07-11,135.8800,135.8800,134.3500,135.1900,132.8693,14246600
2025-07-14,134.6500,135.3100,134.4000,135.0300,132.7121,11095400
2025-07-15,135.2300,135.4700,132.4700,132.6000,130.3238,17095600
2025-07-16,133.1400,134.4200,133.0000,134.2500,131.9454,14142100
2025-07-17,133.2900,133.6800,132.2800,132.7200,130.4417,15740900
2025-07-18,133.0700,133.2400,131.6600,131.8400,129.5768,13245500
2025-07-21,131.9100,132.3200,131.0300,131.0900,128.8397,9468700
2025-07-22,131.3100,133.8100,131.3100,133.5300,131.2378,16681900
2025-07-23,135.2600,136.3200,134.8000,136.2700,133.9308,16624000
2025-07-24,136.1300,136.9300,135.5400,135.7600,133.4295,11054800
2025-07-25,136.2500,136.7000,135.7400,136.4800,134.1371,9539900
2025-07-28,136.1400,136.3900,134.9300,135.2900,132.9676,9780300
2025-07-29,133.9000,135.1000,132.9400,134.4300,132.1223,14967600
2025-07-30,134.8800,135.1900,133.6400,134.1900,131.8865,11634600
2025-07-31,133.0200,133.7900,129.9800,130.4300,128.1910,26441600
2025-08-01,130.7000,131.4000,129.8600,131.1300,128.8790,20736200
2025-08-04,131.3900,133.0700,131.3600,133.0100,130.7267,11331000
2025-08-05,132.4500,132.9500,132.0400,132.5000,130.2255,14319200
2025-08-06,131.9400,132.0500,130.3500,130.5100,128.2696,14342800
2025-08-07,129.7700,130.2400,127.9600,129.0100,126.7954,24421900
2025-08-08,129.2300,130.4400,129.2300,130.1600,127.9256,13747100
2025-08-11,130.2900,131.3200,130.1400,130.2900,128.0534,14474000
2025-08-12,130.3400,131.2300,130.1300,131.1900,128.9380,17219500
2025-08-13,131.8200,133.3700,131.6500,133.2900,131.0019,15069900
2025-08-14,133.0600,134.1000,132.4100,133.9600,131.6604,15464000
2025-08-15,135.4800,136.6000,135.1800,136.2100,133.8718,13929600
2025-08-18,136.5300,137.1900,135.8200,135.8900,133.5573,12572000
2025-08-19,135.8700,137.2200,135.7800,136.7600,134.4124,13578200
2025-08-20,137.0100,138.2100,137.0100,137.5000,135.1396,14607000
2025-08-21,137.2100,138.4600,136.9400,137.0400,134.6875,13218900
2025-08-22,137.8000,139.0200,137.8000,138.1700,135.7982,11898600
2025-08-25,138.1400,138.2600,136.1000,136.2000,133.8620,10681000
2025-08-26,136.5900,137.1700,136.3400,137.0500,134.6974,11397500
2025-08-27,136.9900,137.7100,136.7300,136.9700,134.6187,8321700
2025-08-28,136.8300,136.8500,135.7600,136.4300,134.0880,9165700
2025-08-29,136.5400,137.4700,136.3700,137.4300,135.0708,9655700
2025-09-02,136.8900,137.7400,136.4600,137.5600,135.1986,13325300
2025-09-03,137.1100,137.7600,136.2400,136.9100,134.5598,12586000
2025-09-04,136.8000,137.4700,136.0800,137.4300,135.0708,11778600
2025-09-05,137.2800,138.3800,137.0500,137.9000,135.5328,14664000
2025-09-08,137.4600,137.8700,136.3700,137.8500,135.4836,15753300
2025-09-09,138.0600,138.9700,137.7200,138.5900,136.2109,12249600
2025-09-10,138.5100,138.5100,136.8100,137.3300,134.9726,13588300
2025-09-11,138.0400,140.0000,137.8900,139.7200,137.3215,16470800
2025-09-12,139.2300,139.8100,138.1000,138.1100,135.7392,11345400
2025-09-15,138.2600,138.5400,136.6600,136.9300,134.5794,11233800
2025-09-16,136.6600,137.3900,136.5400,136.9300,134.5794,12443800
2025-09-17,137.1300,138.2900,136.8400,137.2000,134.8448,12501500
2025-09-18,137.2000,137.9400,136.8900,137.4700,135.1102,11472900
2025-09-19,137.8200,137.9000,137.1800,137.2900,134.9332,11280900
2025-09-22,136.1900,137.2600,135.8900,136.6300,134.8987,9732700
2025-09-23,136.2600,137.3500,136.1500,136.9400,135.2048,9903000
2025-09-24,136.8200,137.0600,136.1600,136.3900,134.6617,7471600
2025-09-25,136.1300,136.1800,133.7300,134.1300,132.4304,14099700
2025-09-26,135.1500,135.6200,134.6400,135.5000,133.7830,10071000
2025-09-29,135.6800,135.9700,134.7400,135.9000,134.1779,7735700
2025-09-30,135.7600,139.5000,135.6700,139.1700,137.4065,19313500
2025-10-01,139.8000,143.7300,139.6000,143.4700,141.6520,23657900
2025-10-02,142.1500,143.5700,142.1500,143.1900,141.3756,15176200
2025-10-03,143.5700,146.1400,143.5600,144.8200,142.9849,15829200
2025-10-06,144.9000,145.0600,143.9700,144.1200,142.2938,12879900
2025-10-07,144.1200,144.6600,143.2800,144.2300,142.4024,12478700
2025-10-08,144.6000,144.9700,144.0200,144.5100,142.6788,8925800
2025-10-09,144.7800,145.2500,143.9600,144.1900,142.3629,7657000
2025-10-10,144.6100,144.7400,141.9400,142.1100,140.3092,13350100
2025-10-13,141.7300,142.9400,141.6300,141.9500,140.1513,8257500
2025-10-14,141.6000,142.8600,141.0500,142.3400,140.5363,10044700
2025-10-15,142.0200,143.2500,141.3600,142.5600,140.7536,7260600
2025-10-16,142.8500,143.6400,141.9600,142.3200,140.5166,11194100
2025-10-17,141.5800,143.4200,141.3900,143.2700,141.4546,8160300
2025-10-20,143.7200,144.9900,143.5600,144.7900,142.9553,8435900
2025-10-21,145.0500,145.6300,144.3400,145.1300,143.2910,9031800
2025-10-22,146.2100,146.7300,145.5400,145.9600,144.1105,12705300
2025-10-23,145.5200,146.5100,145.3700,146.0400,144.1895,7924900
2025-10-24,146.2900,146.7600,145.8800,146.0300,144.1796,7007400
2025-10-27,146.0900,146.4500,145.2200,146.3700,144.5153,6466700
2025-10-28,146.4100,146.5400,145.1900,145.4500,143.6069,8652700
2025-10-29,145.2200,145.4500,143.5700,143.9800,142.1556,12425600
2025-10-30,143.9600,145.4500,143.7700,144.3000,142.4715,10756100
2025-10-31,143.0200,144.4900,142.7000,144.2500,142.4221,10581100
2025-11-03,144.0700,144.5600,142.8300,144.4500,142.6196,12279300
2025-11-04,143.7700,145.4900,143.4900,145.1000,143.2614,14182200
2025-11-05,144.6300,146.2600,144.3800,145.6600,143.8143,13154600
2025-11-06,145.1400,146.1100,144.9400,145.9400,144.0907,14395800
2025-11-07,145.8400,146.1500,144.7200,146.1400,144.2882,14522900
2025-11-10,145.7900,147.4300,145.7200,147.2800,145.4137,12305900
2025-11-11,147.6000,150.8200,147.6000,150.6800,148.7707,12659500
2025-11-12,150.9900,153.1600,150.7200,152.8200,150.8835,17847500
2025-11-13,152.0400,154.5200,151.8600,152.7400,150.8046,21807600
2025-11-14,152.2200,152.9200,151.1900,151.8300,149.9061,15468900
2025-11-17,151.3400,153.3200,151.1400,151.7000,149.7777,17516500
2025-11-18,151.7500,153.1300,151.1500,152.5900,150.6565,24494200
2025-11-19,152.4800,152.9300,151.5700,152.3300,150.3998,17352600
2025-11-20,152.4900,153.3400,151.1200,151.4200,149.5013,25278500
2025-11-21,151.7900,155.7100,151.7100,154.6100,152.6509,25526100
2025-11-24,155.1400,156.1600,154.4800,155.2600,153.2926,17928400
2025-11-25,155.7700,158.8900,155.7700,158.7700,156.7581,17298600
2025-11-26,158.4200,158.9500,158.1600,158.4200,156.4126,12398900
2025-11-28,158.2000,158.2500,157.1600,157.6500,155.6523,8559700
2025-12-01,157.0400,157.8600,155.1800,155.2900,153.3222,17321200
2025-12-02,155.2500,155.4700,154.1400,154.3600,152.4040,16150300
2025-12-03,154.6700,155.7800,154.6600,155.0800,153.1149,12724800
2025-12-04,155.0000,155.0300,153.3700,153.9000,151.9499,13674600
2025-12-05,154.4500,154.6300,152.9600,153.2600,151.3179,8868700
2025-12-08,153.3500,153.4200,151.2000,151.4300,149.5112,10996000
2025-12-09,152.0000,152.6800,149.8500,149.9600,148.0598,11543300
2025-12-10,150.3800,152.1800,149.8700,152.1400,150.2122,15534800
2025-12-11,152.7600,154.3000,152.2600,153.5800,151.6339,14703000
2025-12-12,153.7500,154.5600,153.4100,154.0600,152.1078,13175500
2025-12-15,154.4700,156.3100,154.4400,156.1000,154.1220,14681800
2025-12-16,156.0400,156.1200,153.0900,154.0700,152.1177,12491300
2025-12-17,154.2300,154.7800,153.6700,153.7900,151.8412,9093300
2025-12-18,153.7500,155.1800,153.6800,153.9100,151.9597,8876400
2025-12-19,153.9200,155.7700,153.9200,154.9400,152.9767,8571500
2025-12-22,154.1500,155.3700,153.8000,155.3000,153.9851,7063700
2025-12-23,154.6900,155.6600,154.6400,154.9900,153.6777,7465800
2025-12-24,155.1700,155.9400,155.1500,155.8000,154.4808,3085700
2025-12-26,155.6900,156.1200,155.3500,156.0500,154.7287,4439100
2025-12-29,156.0700,156.4900,155.6800,155.8100,154.4907,6357300
2025-12-30,155.6600,155.9800,155.2000,155.6800,154.3618,4355000
2025-12-31,155.6000,155.8400,154.7700,154.8000,153.4893,4199500
2026-01-02,154.8700,155.5700,153.5800,155.5100,154.1933,10998000
2026-01-05,154.5900,155.3900,152.9700,155.0400,153.7273,17756200
2026-01-06,155.1400,158.3300,155.1400,158.0900,156.7514,17783800
2026-01-07,158.5400,160.5900,158.5400,159.6600,158.3082,14505700
2026-01-08,159.1500,160.5000,157.6100,158.1200,156.7812,17611000
2026-01-09,158.3300,158.9300,157.2600,157.3100,155.9781,12352000
2026-01-12,157.3300,157.5000,156.0100,157.3800,156.0475,12250100
2026-01-13,157.6500,157.6700,155.7400,156.7400,155.4129,11756500
2026-01-14,156.6100,157.9900,156.4800,157.8600,156.5234,13516800
2026-01-15,157.3100,157.4500,155.3700,156.9600,155.6310,15303400
2026-01-16,156.6400,156.9700,155.7100,155.7400,154.4213,11950300
2026-01-20,154.0000,155.9200,153.2300,155.4000,154.0842,12775200
2026-01-21,155.2000,158.5100,155.1500,158.2600,156.9200,16393900
2026-01-22,157.6500,159.2300,157.5000,158.2900,156.9498,10881400
2026-01-23,157.8000,158.3800,156.6600,157.4800,156.1466,10191300
2026-01-26,157.3700,158.3300,156.9000,158.1000,156.7614,6810400
2026-01-27,155.8000,157.0900,155.1400,155.4500,154.1338,12697500
2026-01-28,154.3000,155.1500,153.4700,154.3100,153.0034,11426600
2026-01-29,154.2500,154.6700,153.5000,153.8200,152.5176,12167300
2026-01-30,154.1200,154.9300,153.2900,154.7400,153.4298,11863900
2026-02-02,154.5800,156.0100,154.4000,155.6900,154.3718,11005300
2026-02-03,154.7800,157.1200,153.8500,154.1000,152.7952,21141900
2026-02-04,154.8100,156.7800,154.2300,156.0300,154.7089,22951600
2026-02-05,155.4600,156.9700,154.6800,154.8400,153.5289,21421600
2026-02-06,156.0400,157.8000,155.9100,157.7100,156.3747,13616200
2026-02-09,157.5700,158.1500,156.0300,156.3200,154.9964,11823000
2026-02-10,156.6600,157.1600,155.2400,155.3300,154.0148,11103400
2026-02-11,155.1800,156.3800,154.3800,156.2500,154.9270,11738400
2026-02-12,156.2100,157.4200,155.4800,156.0000,154.6791,19409100
2026-02-13,156.5200,158.8000,156.5200,157.6700,156.3350,16647900
2026-02-17,158.0300,158.9100,157.1300,157.3700,156.0375,14881100
2026-02-18,157.2000,157.8000,156.4800,157.6700,156.3350,11886300
2026-02-19,157.2000,157.7200,156.1900,157.2600,155.9285,11226900
2026-02-20,157.0000,157.2500,155.8700,156.8200,155.4922,13368500
2026-02-23,157.1300,158.6800,157.1300,158.5400,157.1976,17053500
2026-02-24,158.0100,158.5000,157.3100,157.8700,156.5333,12887100
2026-02-25,157.8700,159.2300,157.6200,157.8300,156.4937,11011500
2026-02-26,158.0700,158.1700,156.0900,157.4200,156.0871,15344400
2026-02-27,156.7400,160.2400,156.7100,160.2000,158.8436,14250100
2026-03-02,159.1900,159.8400,157.9900,158.5300,157.1877,18641400
2026-03-03,156.6600,157.3900,155.0000,156.7400,155.4129,21432600
2026-03-04,156.7400,157.5800,155.6700,157.0500,155.7203,12745700
2026-03-05,155.1300,155.7000,152.7200,153.9100,152.6068,20476400
2026-03-06,152.7800,152.9900,150.9500,152.7000,151.4071,18174000
2026-03-09,151.7800,154.5500,151.1300,154.2600,152.9539,18675700
2026-03-10,154.4100,154.5400,153.0100,153.1500,151.8533,17247500
2026-03-11,152.8400,153.1600,151.9400,152.8500,151.5558,12503800
2026-03-12,151.9500,152.4900,150.0300,150.1600,148.8886,15670500
2026-03-13,151.0400,152.3000,149.6700,149.7900,148.5217,15129300
2026-03-16,150.7500,151.7300,150.3800,151.0100,149.7314,10896600
2026-03-17,151.2200,151.8500,149.5400,149.6400,148.3730,11938600
2026-03-18,148.7200,149.0500,147.0100,147.1400,145.8941,15565400
2026-03-19,147.1400,148.0900,146.3000,146.6100,145.3687,16913000
2026-03-20,146.4800,147.0200,144.6600,145.3300,144.0995,16582200
2026-03-23,146.5600,146.7700,144.6000,144.7700,144.1343,21815400
2026-03-24,143.9500,145.3000,143.3800,144.7900,144.1542,24230900
2026-03-25,145.6900,146.6900,145.3500,146.2400,145.5979,17743300
2026-03-26,145.7500,146.9100,145.6300,145.7400,145.1001,13321000
2026-03-27,145.7200,145.8000,143.0700,143.2600,142.6310,12932200
2026-03-30,144.3000,144.6300,143.4300,143.8200,143.1885,14799700
2026-03-31,144.8100,146.7500,144.6000,146.6100,145.9662,17866000
2026-04-01,147.2200,148.7600,146.9500,147.7300,147.0813,16899200
2026-04-02,146.9300,148.3600,146.2700,146.8100,146.1654,11087900
2026-04-06,146.2800,147.1400,145.7600,146.2800,145.6377,7272600
2026-04-07,146.9100,146.9100,144.8800,146.5700,145.9264,10263400
2026-04-08,148.2000,149.7000,147.5000,149.6700,149.0128,8130700
2026-04-09,148.8300,150.2200,148.3000,149.3300,148.6743,6406400
2026-04-10,149.7800,149.8400,147.1100,147.3100,146.6632,6217800
2026-04-13,146.8800,148.0500,146.2400,147.9700,147.3203,6182800
2026-04-14,147.3800,149.6000,147.2400,148.8300,148.1765,7722300
2026-04-15,148.8600,149.2100,146.8900,147.7700,147.1212,6669200
2026-04-16,147.1900,148.2000,146.2900,146.6100,145.9662,9072300
2026-04-17,147.3700,149.1200,147.3600,148.8000,148.1466,8338100
2026-04-20,148.4500,148.7400,147.1500,147.4200,146.7727,6325700
2026-04-21,148.2900,148.5600,145.8800,145.9200,145.2793,8735300
2026-04-22,146.5100,147.5800,146.0100,146.3800,145.7373,8316900
2026-04-23,146.2000,146.7700,145.1600,146.2400,145.5979,7612000
2026-04-24,145.2400,145.5300,143.6800,144.1800,143.5469,7969700
2026-04-27,143.6800,145.2100,143.4200,143.4600,142.8301,6571900
2026-04-28,144.5700,144.8600,143.2800,143.8400,143.2084,8612400
2026-04-29,142.2600,143.2500,141.9700,142.8400,142.2128,11885500
2026-04-30,143.6800,146.2900,143.6600,145.9900,145.3490,12587800
2026-05-01,146.2900,146.6100,145.1500,145.1600,144.5226,8865800
2026-05-04,144.5600,145.2100,144.3200,144.7300,144.0945,10885900
2026-05-05,145.2800,145.6600,144.4200,145.3000,144.6620,7174900
2026-05-06,145.3600,146.1500,144.9000,145.4000,144.7616,10613500
2026-05-07,145.1800,145.8400,144.2700,144.7200,144.0845,7608000
2026-05-08,144.5900,145.0700,143.1800,143.4900,142.8600,10165400
2026-05-11,143.7500,145.0200,142.6700,143.0400,142.4119,9255700
2026-05-12,143.8100,146.6400,143.1900,145.8500,145.2096,11897200
2026-05-13,145.3200,146.9800,145.1300,146.7100,146.0658,15841800
2026-05-14,146.8500,147.4000,145.9400,146.6300,145.9862,7763800
2026-05-15,146.7600,147.1600,144.8900,145.1000,144.4629,9039900
2026-05-18,144.5000,145.7900,144.1200,145.7200,145.0802,7949200
2026-05-19,145.6200,148.0700,144.8500,147.3200,146.6731,12388200
2026-05-20,147.5400,148.0200,146.2900,147.1300,146.4840,10527900
2026-05-21,146.9000,148.3000,145.8400,148.1500,147.4995,7157000
2026-05-22,149.0900,150.3200,149.0000,149.8900,149.2318,6915200
2026-05-26,149.9500,150.3000,148.4400,148.5100,147.8579,6590400
2026-05-27,148.6900,150.2000,148.2800,148.7900,148.1367,10062500
2026-05-28,149.1500,151.3500,149.1100,150.8800,150.2175,10397400
2026-05-29,150.8500,151.0400,149.1000,149.4700,148.8137,13195800
2026-06-01,148.5200,148.8800,147.2600,147.8400,147.1908,12582900
2026-06-02,146.7500,147.2700,145.3100,146.4000,145.7572,12024300
2026-06-03,146.1600,148.0500,146.0700,147.5500,146.9021,9836000
2026-06-04,150.3800,152.5400,150.2900,152.0800,151.4122,14051800
2026-06-05,153.3800,154.7000,152.9200,153.0100,152.3382,20723000
2026-06-08,153.2400,154.4700,152.4100,152.6500,151.9797,10639500
2026-06-09,153.4800,154.9800,153.1800,154.5700,153.8913,13125500
2026-06-10,154.9600,155.1300,152.8200,152.8500,152.1789,11712200
2026-06-11,153.4600,155.1600,152.8600,154.0900,153.4134,10548800
2026-06-12,154.9700,155.1600,153.3700,153.8100,153.1346,9111000
2026-06-15,153.7100,153.8800,151.7700,152.8900,152.2187,9525300
2026-06-16,153.6000,153.7200,151.7200,152.9400,152.2685,8630000
2026-06-17,152.0500,152.5700,149.9700,150.7100,150.0482,10991400
2026-06-18,151.2700,151.2700,148.7900,149.4000,148.7440,10879300
2026-06-22,149.3300,150.6200,149.0600,150.0600,150.0600,11706100
2026-06-23,151.4900,152.4300,151.0000,152.1800,152.1800,9479900
2026-06-24,153.1300,154.6700,152.4600,153.3500,153.3500,10070100
2026-06-25,153.9500,157.2100,153.5900,155.6300,155.6300,9419200
2026-06-26,156.3200,160.6400,156.1800,160.3400,160.3400,16563800
2026-06-29,160.7000,161.0900,159.8800,160.7400,160.7400,12935000
2026-06-30,161.0100,161.2500,157.9600,158.6600,158.6600,11559400
2026-07-01,159.6100,159.9600,158.5000,159.5400,159.5400,10123700
2026-07-02,160.6700,163.8500,160.3800,163.7400,163.7400,14719400
2026-07-06,163.2000,163.4500,160.2500,161.9600,161.9600,16123400
2026-07-07,164.7500,165.6100,163.8800,164.4400,164.4400,12143500
2026-07-08,163.4200,163.9900,162.2600,162.3000,162.3000,9287900
2026-07-09,161.8000,163.4200,161.3600,162.1700,162.1700,9576400
2026-07-10,162.4800,162.6600,160.2400,160.8400,160.8400,9497100
2026-07-13,160.9700,162.2400,160.3200,161.4100,161.4100,6873000
2026-07-14,159.7800,160.0800,157.7800,158.2900,158.2900,11523000
2026-07-15,157.3800,159.3500,157.2500,158.2900,158.2900,10885300
2026-07-16,160.3500,162.6400,159.9400,161.8000,161.8000,11819000
2026-07-17,161.8100,164.0000,160.8800,161.0900,161.0900,9166500
2026-07-20,161.0000,161.4900,159.1800,159.2500,159.2500,6635300
2026-07-21,157.5300,160.3700,157.2300,160.2500,160.2500,6594900
2026-07-22,160.9700,160.9700,158.9500,159.4300,159.4300,5599500
2026-07-23,159.9000,161.6100,159.3200,161.4400,161.4400,6448200
2026-07-24,162.4700,163.2500,161.5800,162.5700,162.5700,7647900
2026-07-27,163.0100,164.5700,162.3500,163.4000,163.4000,8056000
2026-07-28,165.9900,168.5300,165.7500,167.2600,167.2600,12774800
2026-07-29,167.1500,168.1600,165.7700,166.2400,166.2400,11656900
2026-07-30,163.2500,163.9500,161.8600,163.5200,163.5200,12475200
2026-07-31,162.3100,163.2300,160.7300,162.5500,162.5500,9604900
2026-08-03,163.6300,164.7300,161.3500,162.2400,162.2400,10986300
2026-08-04,162.0000,162.4900,160.9700,162.1000,162.1000,15129600
2026-08-05,163.6400,165.3500,162.6200,164.1600,164.1600,15216000
2026-08-06,166.1400,167.0200,163.0300,164.4500,164.4500,9435100
2026-08-07,163.9200,165.7700,162.9200,165.6800,165.6800,7971800
2026-08-10,165.6800,168.5000,165.5500,168.4400,168.4400,6995900
2026-08-11,168.2800,169.6600,167.6400,168.0100,168.0100,6680900
2026-08-12,166.4200,168.8800,165.7600,168.4400,168.4400,7138300
2026-08-13,169.4900,169.7100,167.8400,168.3800,168.3800,6730100
2026-08-14,167.6600,167.7700,166.4500,167.3700,167.3700,5023800
2026-08-17,166.4500,167.8700,165.8600,167.0500,167.0500,7225500
2026-08-18,168.6700,170.3000,168.4500,169.7300,169.7300,7529600
2026-08-19,172.4700,176.6000,172.2900,175.6800,175.6800,16538900
2026-08-20,174.1900,175.1900,172.3400,172.3900,172.3900,9673400
2026-08-21,171.9100,175.6000,171.7900,174.6200,174.6200,10166900
2026-08-24,174.4100,174.9200,173.3300,174.7000,174.7000,5930800
2026-08-25,174.4500,175.8200,174.0400,175.2900,175.2900,5434000
2026-08-26,174.3300,174.8400,173.4500,173.5400,173.5400,5617400
2026-08-27,171.9500,173.1100,171.4300,171.5800,171.5800,7110400
2026-08-28,171.4300,171.7100,170.5900,171.1600,171.1600,4911700
2026-08-31,170.2500,170.9800,169.2000,170.5400,170.5400,7312600
